,patch,start_vert,end_vert,start_horiz,end_horiz,Patch_Area,VegetationIndex,VI_Thresh,VI_Area,Pure_GaborArea,Pure_GaborThresh,LocalHistEq_GaborArea,LocalHistEq_GaborThresh
0,patch_0_18,0,256,4608,4864,65536,MSAVI,-0.19140625,40545,,,,
0,patch_0_18,0,256,4608,4864,65536,NDVI,-0.99609375,24991,12273,0.015551245699154115,14314,0.02845935978878314
0,patch_0_19,0,256,4864,5120,65536,MSAVI,-0.05078125,40590,,,,
0,patch_0_19,0,256,4864,5120,65536,NDVI,-0.99609375,24946,13480,0.018480404669076356,14210,0.0282026421930347
0,patch_0_20,0,256,5120,5376,65536,MSAVI,0.01953125,46848,,,,
0,patch_0_20,0,256,5120,5376,65536,NDVI,-0.40234375,18680,14802,0.025589458919087316,65536,0.0389899063503828
0,patch_0_21,0,256,5376,5632,65536,MSAVI,-0.23828125,39792,,,,
0,patch_0_21,0,256,5376,5632,65536,NDVI,-0.69140625,25744,7038,0.012733796481510976,8669,0.02353814652621214
0,patch_0_22,0,256,5632,5888,65536,MSAVI,-0.27734375,37541,,,,
0,patch_0_22,0,256,5632,5888,65536,NDVI,-0.99609375,27995,7383,0.007697122080466981,12113,0.019481627626381948
0,patch_0_23,0,256,5888,6144,65536,MSAVI,-0.22265625,41239,,,,
0,patch_0_23,0,256,5888,6144,65536,NDVI,-0.76171875,21362,4934,0.01297042362223122,7348,0.02603044753475267
0,patch_0_24,0,256,6144,6400,65536,MSAVI,-0.19921875,40224,,,,
0,patch_0_24,0,256,6144,6400,65536,NDVI,-0.66796875,25203,8305,0.013615053900524421,9719,0.02561965067243785
0,patch_0_25,0,256,6400,6656,65505,MSAVI,-0.09765625,33953,,,,
0,patch_0_25,0,256,6400,6656,65505,NDVI,-0.51953125,31582,20012,0.011206141395681074,65536,0.020206879593585803
0,patch_0_32,0,256,8192,8448,65536,MSAVI,0.0,65536,,,,
0,patch_0_32,0,256,8192,8448,65536,NDVI,0.0,0,0,0.0,0,0.009808042386020944
0,patch_1_1,256,512,256,512,65536,MSAVI,0.00390625,36785,,,,
0,patch_1_1,256,512,256,512,65536,NDVI,-0.99609375,28751,16983,0.011858851421690214,19014,0.022486436575854418
0,patch_1_2,256,512,512,768,65536,MSAVI,0.10546875,31388,,,,
0,patch_1_2,256,512,512,768,65536,NDVI,-0.99609375,34148,15915,0.0028387958888396736,24914,0.016761539065195286
0,patch_1_3,256,512,768,1024,65536,MSAVI,-0.01171875,32990,,,,
0,patch_1_3,256,512,768,1024,65536,NDVI,-0.99609375,32546,23554,0.011845098858650024,24657,0.019877561010200495
0,patch_1_4,256,512,1024,1280,65536,MSAVI,0.01171875,40925,,,,
0,patch_1_4,256,512,1024,1280,65536,NDVI,-0.99609375,24611,18576,0.019664453291715248,65536,0.032665646440036084
0,patch_1_5,256,512,1280,1536,65536,MSAVI,-0.11328125,37175,,,,
0,patch_1_5,256,512,1280,1536,65536,NDVI,-0.99609375,28361,20329,0.013848414660986158,21728,0.026135650096331287
0,patch_1_6,256,512,1536,1792,65536,MSAVI,-0.16796875,39323,,,,
0,patch_1_6,256,512,1536,1792,65536,NDVI,-0.99609375,26213,16590,0.01763273899689291,17063,0.02423498861223833
0,patch_1_7,256,512,1792,2048,65536,MSAVI,-0.04296875,32019,,,,
0,patch_1_7,256,512,1792,2048,65536,NDVI,-0.99609375,33517,27865,0.02015102719889536,65536,0.021374467693006577
0,patch_1_8,256,512,2048,2304,65536,MSAVI,0.13671875,27656,,,,
0,patch_1_8,256,512,2048,2304,65536,NDVI,-0.99609375,37880,1048,-0.005307971320896512,65536,0.012775400392857211
0,patch_1_9,256,512,2304,2560,65536,MSAVI,0.04296875,29622,,,,
0,patch_1_9,256,512,2304,2560,65536,NDVI,-0.99609375,35914,32719,0.015725734961899773,65536,0.020095543117692655
0,patch_1_10,256,512,2560,2816,65536,MSAVI,-0.07421875,36535,,,,
0,patch_1_10,256,512,2560,2816,65536,NDVI,-0.99609375,29001,21219,0.015618944098755083,65536,0.02710190085625952
0,patch_1_11,256,512,2816,3072,65536,MSAVI,-0.04296875,43768,,,,
0,patch_1_11,256,512,2816,3072,65536,NDVI,-0.99609375,21768,17289,0.026453282276612977,65536,0.03596997916806796
0,patch_1_12,256,512,3072,3328,65536,MSAVI,0.03515625,45798,,,,
0,patch_1_12,256,512,3072,3328,65536,NDVI,-0.37890625,19737,16382,0.026689361199029968,65536,0.03527280249368572
0,patch_1_13,256,512,3328,3584,65536,MSAVI,-0.20703125,57349,,,,
0,patch_1_13,256,512,3328,3584,65536,NDVI,-0.99609375,8187,6374,0.03318123239026172,65536,0.044133147823196384
0,patch_1_14,256,512,3584,3840,65536,MSAVI,-0.00390625,42893,,,,
0,patch_1_14,256,512,3584,3840,65536,NDVI,-0.99609375,22643,11566,0.02023123468102285,11906,0.031058155099849855
0,patch_1_15,256,512,3840,4096,65536,MSAVI,-0.00390625,46700,,,,
0,patch_1_15,256,512,3840,4096,65536,NDVI,-0.44140625,18835,11818,0.025361129966236712,65536,0.033425362652699825
0,patch_1_16,256,512,4096,4352,65536,MSAVI,-0.07421875,45050,,,,
0,patch_1_16,256,512,4096,4352,65536,NDVI,-0.41796875,20485,14993,0.02248302700531725,14537,0.034581203924460874
0,patch_1_17,256,512,4352,4608,65536,MSAVI,-0.19921875,39030,,,,
0,patch_1_17,256,512,4352,4608,65536,NDVI,-0.99609375,26506,7706,0.010423505771614869,10409,0.021565631743311997
0,patch_1_18,256,512,4608,4864,65536,MSAVI,-0.18359375,40529,,,,
0,patch_1_18,256,512,4608,4864,65536,NDVI,-0.99609375,25007,8910,0.013351751503864445,11218,0.024101667924070924
0,patch_1_19,256,512,4864,5120,65536,MSAVI,0.16796875,47589,,,,
0,patch_1_19,256,512,4864,5120,65536,NDVI,-0.99609375,17947,16327,0.021760122969279427,65536,0.029666203397562457
0,patch_1_20,256,512,5120,5376,65536,MSAVI,-0.01171875,39811,,,,
0,patch_1_20,256,512,5120,5376,65536,NDVI,-0.66015625,25725,13457,0.01509531194998108,14403,0.02412750303086844
0,patch_1_21,256,512,5376,5632,65536,MSAVI,0.01953125,41746,,,,
0,patch_1_21,256,512,5376,5632,65536,NDVI,-0.66015625,23789,7637,0.015422922187837501,8456,0.026716545946851328
0,patch_1_22,256,512,5632,5888,65536,MSAVI,-0.15234375,44795,,,,
0,patch_1_22,256,512,5632,5888,65536,NDVI,-0.58984375,20711,9321,0.019951720473343898,9951,0.03418364040026994
0,patch_1_23,256,512,5888,6144,65536,MSAVI,-0.24609375,45810,,,,
0,patch_1_23,256,512,5888,6144,65536,NDVI,-0.62890625,19553,8428,0.02334515971310877,8407,0.030247276666887313
0,patch_1_24,256,512,6144,6400,65536,MSAVI,-0.19140625,40878,,,,
0,patch_1_24,256,512,6144,6400,65536,NDVI,-0.64453125,24633,10834,0.017684665220836365,10992,0.026632870175751167
0,patch_1_25,256,512,6400,6656,65536,MSAVI,0.03515625,32174,,,,
0,patch_1_25,256,512,6400,6656,65536,NDVI,-0.99609375,33362,18468,0.006388140579064117,22951,0.020122371268814332
0,patch_1_26,256,512,6656,6912,65536,MSAVI,-0.15234375,39288,,,,
0,patch_1_26,256,512,6656,6912,65536,NDVI,-0.45703125,26204,24640,0.01927618021205009,24533,0.03154524748567941
0,patch_1_27,256,512,6912,7168,65536,MSAVI,0.13671875,37664,,,,
0,patch_1_27,256,512,6912,7168,65536,NDVI,-0.99609375,27872,10424,0.011618453474221357,13964,0.0241715856567995
0,patch_1_28,256,512,7168,7424,65536,MSAVI,0.11328125,34737,,,,
0,patch_1_28,256,512,7168,7424,65536,NDVI,-0.99609375,30799,12988,0.009976737876627145,14636,0.02131993027108614
0,patch_1_29,256,512,7424,7680,65536,MSAVI,-0.01171875,30585,,,,
0,patch_1_29,256,512,7424,7680,65536,NDVI,-0.99609375,34951,15132,0.003490597304872181,23583,0.015402770455536674
0,patch_1_30,256,512,7680,7936,65536,MSAVI,-0.13671875,33135,,,,
0,patch_1_30,256,512,7680,7936,65536,NDVI,-0.99609375,32401,16228,0.006151343601796561,19131,0.01691195742241977
0,patch_2_1,512,768,256,512,65536,MSAVI,0.02734375,47359,,,,
0,patch_2_1,512,768,256,512,65536,NDVI,-0.99609375,18177,12511,0.024151448758978525,65536,0.035161505812092764
0,patch_2_2,512,768,512,768,65536,MSAVI,0.01953125,36398,,,,
0,patch_2_2,512,768,512,768,65536,NDVI,-0.53515625,29137,21215,0.014533359940538865,22593,0.026028130066682975
0,patch_2_3,512,768,768,1024,65536,MSAVI,0.12890625,32217,,,,
0,patch_2_3,512,768,768,1024,65536,NDVI,-0.99609375,33319,24807,0.009365601525694073,27022,0.020400270508943552
0,patch_2_4,512,768,1024,1280,65536,MSAVI,-0.01171875,38307,,,,
0,patch_2_4,512,768,1024,1280,65536,NDVI,-0.99609375,27229,19040,0.015394133829687517,20425,0.028073508547739517
0,patch_2_5,512,768,1280,1536,65536,MSAVI,-0.04296875,37014,,,,
0,patch_2_5,512,768,1280,1536,65536,NDVI,-0.99609375,28522,19338,0.012006950349969264,65536,0.023448466140972152
0,patch_2_6,512,768,1536,1792,65536,MSAVI,-0.09765625,33827,,,,
0,patch_2_6,512,768,1536,1792,65536,NDVI,-0.99609375,31709,24463,0.013651223880561808,65536,0.023048624703885773
0,patch_2_7,512,768,1792,2048,65536,MSAVI,-0.09765625,37096,,,,
0,patch_2_7,512,768,1792,2048,65536,NDVI,-0.99609375,28440,20266,0.017989878647073854,65536,0.02128818376476621
0,patch_2_8,512,768,2048,2304,65536,MSAVI,0.08984375,40077,,,,
0,patch_2_8,512,768,2048,2304,65536,NDVI,-0.99609375,25459,21589,0.018220406582564255,65536,0.028639515052955422
0,patch_2_9,512,768,2304,2560,65536,MSAVI,-0.00390625,32240,,,,
0,patch_2_9,512,768,2304,2560,65536,NDVI,-0.99609375,33296,20078,0.005992900008039315,65536,0.016932243308940026
0,patch_2_10,512,768,2560,2816,65536,MSAVI,-0.05078125,39841,,,,
0,patch_2_10,512,768,2560,2816,65536,NDVI,-0.99609375,25695,19793,0.018575959192158348,65536,0.027084441633943246
0,patch_2_11,512,768,2816,3072,65536,MSAVI,0.00390625,34878,,,,
0,patch_2_11,512,768,2816,3072,65536,NDVI,-0.99609375,30658,25262,0.019546006827464366,65536,0.023376001742564517
0,patch_2_12,512,768,3072,3328,65536,MSAVI,0.01171875,35050,,,,
0,patch_2_12,512,768,3072,3328,65536,NDVI,-0.99609375,30486,26743,0.019370890652572997,26148,0.0251553071818639
0,patch_2_13,512,768,3328,3584,65536,MSAVI,-0.17578125,43148,,,,
0,patch_2_13,512,768,3328,3584,65536,NDVI,-0.99609375,22388,18251,0.025200704242395178,65536,0.03456972584006818
0,patch_2_14,512,768,3584,3840,65536,MSAVI,-0.19140625,44664,,,,
0,patch_2_14,512,768,3584,3840,65536,NDVI,-0.99609375,20872,13786,0.020957804146354175,14355,0.03445724779801268
0,patch_2_15,512,768,3840,4096,65536,MSAVI,0.00390625,48730,,,,
0,patch_2_15,512,768,3840,4096,65536,NDVI,-0.42578125,16806,12649,0.02512238214456526,65536,0.03772920432115842
0,patch_2_16,512,768,4096,4352,65536,MSAVI,-0.16015625,43403,,,,
0,patch_2_16,512,768,4096,4352,65536,NDVI,-0.66796875,22115,6754,0.016441542957126187,7321,0.02741385757432499
0,patch_2_17,512,768,4352,4608,65536,MSAVI,-0.10546875,38880,,,,
0,patch_2_17,512,768,4352,4608,65536,NDVI,-0.99609375,26656,18321,0.017190367071995116,65536,0.026419058507279186
0,patch_2_18,512,768,4608,4864,65536,MSAVI,-0.05078125,41732,,,,
0,patch_2_18,512,768,4608,4864,65536,NDVI,-0.99609375,23804,16885,0.020810056102958843,65536,0.032725666515955654
0,patch_2_19,512,768,4864,5120,65536,MSAVI,-0.10546875,39901,,,,
0,patch_2_19,512,768,4864,5120,65536,NDVI,-0.57421875,25633,11359,0.01317068476608059,12408,0.025543932427983224
0,patch_2_20,512,768,5120,5376,65536,MSAVI,0.17578125,45108,,,,
0,patch_2_20,512,768,5120,5376,65536,NDVI,-0.37890625,20426,14122,0.021149979117016562,65536,0.032245939819662894
0,patch_2_21,512,768,5376,5632,65536,MSAVI,-0.12109375,40026,,,,
0,patch_2_21,512,768,5376,5632,65536,NDVI,-0.62890625,25506,10614,0.013273523815166124,12283,0.02737240710569344
0,patch_2_22,512,768,5632,5888,65536,MSAVI,-0.28515625,42254,,,,
0,patch_2_22,512,768,5632,5888,65536,NDVI,-0.70703125,23267,7307,0.01509752117423463,8140,0.02619725254660557
0,patch_2_23,512,768,5888,6144,65536,MSAVI,-0.24609375,45869,,,,
0,patch_2_23,512,768,5888,6144,65536,NDVI,-0.68359375,19652,4948,0.01944430294304604,5116,0.02993192396081923
0,patch_2_24,512,768,6144,6400,65536,MSAVI,-0.25390625,41373,,,,
0,patch_2_24,512,768,6144,6400,65536,NDVI,-0.58984375,24161,12557,0.02144757920782478,65536,0.030666256383756613
0,patch_2_25,512,768,6400,6656,65536,MSAVI,0.09765625,35876,,,,
0,patch_2_25,512,768,6400,6656,65536,NDVI,-0.99609375,29660,25005,0.01347586360467909,65536,0.024989075196139937
0,patch_2_26,512,768,6656,6912,65536,MSAVI,-0.26171875,38449,,,,
0,patch_2_26,512,768,6656,6912,65536,NDVI,-0.48046875,26989,26298,0.022348226440304417,65536,0.03216586983029654
0,patch_2_27,512,768,6912,7168,65536,MSAVI,-0.08203125,41293,,,,
0,patch_2_27,512,768,6912,7168,65536,NDVI,-0.56640625,24233,13019,0.01599768414883003,13968,0.02522249276196392
0,patch_2_28,512,768,7168,7424,65536,MSAVI,0.05078125,33510,,,,
0,patch_2_28,512,768,7168,7424,65536,NDVI,-0.44140625,32026,26591,0.015709372696759316,65536,0.024255301470213236
0,patch_2_29,512,768,7424,7680,65536,MSAVI,-0.12890625,41003,,,,
0,patch_2_29,512,768,7424,7680,65536,NDVI,-0.51953125,24521,10883,0.015056984638604484,10860,0.02482680627368755
0,patch_2_30,512,768,7680,7936,65536,MSAVI,-0.17578125,40234,,,,
0,patch_2_30,512,768,7680,7936,65536,NDVI,-0.51953125,25259,13063,0.013233372778066563,13307,0.022509549279006336
0,patch_2_31,512,768,7936,8192,65536,MSAVI,0.05078125,34077,,,,
0,patch_2_31,512,768,7936,8192,65536,NDVI,-0.99609375,31459,20008,0.010647815682598719,65536,0.020216234660472843
0,patch_3_1,768,1024,256,512,65536,MSAVI,-0.01953125,50127,,,,
0,patch_3_1,768,1024,256,512,65536,NDVI,-0.99609375,15409,14098,0.026871479521145936,65536,0.03381047411498456
0,patch_3_2,768,1024,512,768,65536,MSAVI,-0.14453125,37302,,,,
0,patch_3_2,768,1024,512,768,65536,NDVI,-0.99609375,28234,18115,0.015475857622715555,19511,0.024919383733217115
0,patch_3_3,768,1024,768,1024,65536,MSAVI,-0.01953125,33906,,,,
0,patch_3_3,768,1024,768,1024,65536,NDVI,-0.99609375,31630,21434,0.009481563486724368,24567,0.021831770540035794
0,patch_3_4,768,1024,1024,1280,65536,MSAVI,-0.12890625,37378,,,,
0,patch_3_4,768,1024,1024,1280,65536,NDVI,-0.99609375,28158,12697,0.010336392921113755,14954,0.02253435640107529
0,patch_3_5,768,1024,1280,1536,65536,MSAVI,-0.11328125,38686,,,,
0,patch_3_5,768,1024,1280,1536,65536,NDVI,-0.99609375,26850,11833,0.010669605070111068,14142,0.024416349653771846
0,patch_3_6,768,1024,1536,1792,65536,MSAVI,-0.05859375,32727,,,,
0,patch_3_6,768,1024,1536,1792,65536,NDVI,-0.99609375,32809,21530,0.008774185632277123,24153,0.0205587470661292
0,patch_3_7,768,1024,1792,2048,65536,MSAVI,0.11328125,32845,,,,
0,patch_3_7,768,1024,1792,2048,65536,NDVI,-0.99609375,32691,24049,0.015106066209557789,65536,0.02089408363434847
0,patch_3_8,768,1024,2048,2304,65536,MSAVI,-0.23828125,43405,,,,
0,patch_3_8,768,1024,2048,2304,65536,NDVI,-0.99609375,22131,11484,0.0184953697370136,11401,0.026809919493481715
0,patch_3_9,768,1024,2304,2560,65536,MSAVI,-0.06640625,38923,,,,
0,patch_3_9,768,1024,2304,2560,65536,NDVI,-0.99609375,26613,24323,0.018121094656095016,65536,0.02776172913929298
0,patch_3_10,768,1024,2560,2816,65536,MSAVI,-0.00390625,49943,,,,
0,patch_3_10,768,1024,2560,2816,65536,NDVI,-0.36328125,15593,12159,0.02756673423100861,65536,0.041406989633869795
0,patch_3_11,768,1024,2816,3072,65536,MSAVI,-0.07421875,45849,,,,
0,patch_3_11,768,1024,2816,3072,65536,NDVI,-0.99609375,19687,15691,0.025439525372379493,65536,0.03651036513313416
0,patch_3_12,768,1024,3072,3328,65536,MSAVI,-0.03515625,38497,,,,
0,patch_3_12,768,1024,3072,3328,65536,NDVI,-0.99609375,27039,20475,0.018553590977250664,20322,0.02898289078582908
0,patch_3_13,768,1024,3328,3584,65536,MSAVI,-0.26953125,41157,,,,
0,patch_3_13,768,1024,3328,3584,65536,NDVI,-0.99609375,24379,16676,0.021937040759767823,17441,0.03193912279336586
0,patch_3_14,768,1024,3584,3840,65536,MSAVI,-0.21484375,45723,,,,
0,patch_3_14,768,1024,3584,3840,65536,NDVI,-0.58984375,19809,10835,0.021235410910447214,10898,0.03265673756468118
0,patch_3_15,768,1024,3840,4096,65536,MSAVI,-0.12109375,46022,,,,
0,patch_3_15,768,1024,3840,4096,65536,NDVI,-0.41796875,19507,14248,0.020998374028642644,13497,0.03438133577027824
0,patch_3_16,768,1024,4096,4352,65536,MSAVI,-0.23046875,41228,,,,
0,patch_3_16,768,1024,4096,4352,65536,NDVI,-0.64453125,24140,5113,0.01312873702532985,6626,0.024563981130119483
0,patch_3_17,768,1024,4352,4608,65536,MSAVI,-0.01953125,38637,,,,
0,patch_3_17,768,1024,4352,4608,65536,NDVI,-0.26953125,26897,25127,0.017161059783389623,65536,0.0314033843991888
0,patch_3_18,768,1024,4608,4864,65536,MSAVI,-0.01171875,37936,,,,
0,patch_3_18,768,1024,4608,4864,65536,NDVI,-0.99609375,27600,18950,0.013927635834409383,20240,0.02555759975755237
0,patch_3_19,768,1024,4864,5120,65536,MSAVI,-0.24609375,38536,,,,
0,patch_3_19,768,1024,4864,5120,65536,NDVI,-0.99609375,27000,15427,0.014822282467649883,65536,0.02403136172705389
0,patch_3_20,768,1024,5120,5376,65536,MSAVI,-0.05859375,39765,,,,
0,patch_3_20,768,1024,5120,5376,65536,NDVI,-0.99609375,25771,12694,0.013837689809435644,13435,0.023337789660234032
0,patch_3_21,768,1024,5376,5632,65536,MSAVI,-0.19921875,40887,,,,
0,patch_3_21,768,1024,5376,5632,65536,NDVI,-0.99609375,24649,15848,0.01588158463056813,16342,0.030458322796104803
0,patch_3_22,768,1024,5632,5888,65536,MSAVI,-0.21484375,50112,,,,
0,patch_3_22,768,1024,5632,5888,65536,NDVI,-0.55078125,15389,8184,0.025929569926331594,65536,0.03710784806691059
0,patch_3_23,768,1024,5888,6144,65536,MSAVI,0.01953125,33682,,,,
0,patch_3_23,768,1024,5888,6144,65536,NDVI,-0.23046875,31841,29569,0.016842252371790156,65536,0.022468269276181896
0,patch_3_24,768,1024,6144,6400,65536,MSAVI,0.05078125,29998,,,,
0,patch_3_24,768,1024,6144,6400,65536,NDVI,-0.99609375,35538,32961,0.01416795047861337,65536,0.019440001752946495
0,patch_3_25,768,1024,6400,6656,65536,MSAVI,-0.06640625,23789,,,,
0,patch_3_25,768,1024,6400,6656,65536,NDVI,-0.99609375,41747,0,-0.02123315211247742,65536,0.01971365252115234
0,patch_3_26,768,1024,6656,6912,65536,MSAVI,-0.05078125,36492,,,,
0,patch_3_26,768,1024,6656,6912,65536,NDVI,-0.99609375,29044,25481,0.020812458742861556,25341,0.033008043083630395
0,patch_3_27,768,1024,6912,7168,65536,MSAVI,-0.03515625,35417,,,,
0,patch_3_27,768,1024,6912,7168,65536,NDVI,-0.99609375,30119,21184,0.013802728871233114,22191,0.025227715490758224
0,patch_3_28,768,1024,7168,7424,65536,MSAVI,0.03515625,33222,,,,
0,patch_3_28,768,1024,7168,7424,65536,NDVI,-0.99609375,32314,20191,0.00793463583389259,65536,0.02113907502677881
0,patch_3_29,768,1024,7424,7680,65536,MSAVI,-0.07421875,41224,,,,
0,patch_3_29,768,1024,7424,7680,65536,NDVI,-0.47265625,24277,14482,0.018070768456773578,14142,0.027006760825918713
0,patch_3_30,768,1024,7680,7936,65536,MSAVI,-0.02734375,37325,,,,
0,patch_3_30,768,1024,7680,7936,65536,NDVI,-0.47265625,28208,19602,0.017083916681476838,20520,0.02508987221568132
0,patch_3_31,768,1024,7936,8192,65536,MSAVI,0.07421875,35285,,,,
0,patch_3_31,768,1024,7936,8192,65536,NDVI,-0.99609375,30251,21451,0.015668612777660074,65536,0.021779103104507064
0,patch_3_32,768,1024,8192,8448,65536,MSAVI,-0.11328125,31840,,,,
0,patch_3_32,768,1024,8192,8448,65536,NDVI,-0.99609375,33696,24645,0.011718326474457252,65313,0.01522790118045278
0,patch_4_1,1024,1280,256,512,65536,MSAVI,-0.32421875,37394,,,,
0,patch_4_1,1024,1280,256,512,65536,NDVI,-0.66796875,28141,6591,0.009641129979297045,65536,0.017617741767570333
0,patch_4_2,1024,1280,512,768,65536,MSAVI,-0.13671875,37539,,,,
0,patch_4_2,1024,1280,512,768,65536,NDVI,-0.99609375,27997,18153,0.013478312195472228,18783,0.021620618386785778
0,patch_4_3,1024,1280,768,1024,65536,MSAVI,-0.16015625,39178,,,,
0,patch_4_3,1024,1280,768,1024,65536,NDVI,-0.99609375,26358,17211,0.016311030379707298,19077,0.02367118663022122
0,patch_4_4,1024,1280,1024,1280,65536,MSAVI,0.04296875,46439,,,,
0,patch_4_4,1024,1280,1024,1280,65536,NDVI,-0.99609375,19097,14221,0.026635123904355087,65536,0.0323879798769503
0,patch_4_5,1024,1280,1280,1536,65536,MSAVI,-0.18359375,36164,,,,
0,patch_4_5,1024,1280,1280,1536,65536,NDVI,-0.99609375,29372,14452,0.00799458232396677,19244,0.022465474406070274
0,patch_4_6,1024,1280,1536,1792,65536,MSAVI,-0.08203125,38326,,,,
0,patch_4_6,1024,1280,1536,1792,65536,NDVI,-0.99609375,27210,20621,0.018064172564854097,20988,0.027720242901766806
0,patch_4_7,1024,1280,1792,2048,65536,MSAVI,-0.01953125,36002,,,,
0,patch_4_7,1024,1280,1792,2048,65536,NDVI,-0.99609375,29534,22212,0.020746562655438547,20769,0.021675607641466782
0,patch_4_8,1024,1280,2048,2304,65536,MSAVI,-0.16015625,42585,,,,
0,patch_4_8,1024,1280,2048,2304,65536,NDVI,-0.99609375,22951,7002,0.014877465461868397,8153,0.025910730804669296
0,patch_4_9,1024,1280,2304,2560,65536,MSAVI,-0.26953125,39239,,,,
0,patch_4_9,1024,1280,2304,2560,65536,NDVI,-0.99609375,26297,5388,0.011127545268378489,6155,0.020306731626099944
0,patch_4_10,1024,1280,2560,2816,65536,MSAVI,-0.08984375,40938,,,,
0,patch_4_10,1024,1280,2560,2816,65536,NDVI,-0.99609375,24598,17770,0.020027522257504954,65536,0.029122540880677755
0,patch_4_11,1024,1280,2816,3072,65536,MSAVI,0.02734375,35051,,,,
0,patch_4_11,1024,1280,2816,3072,65536,NDVI,-0.99609375,30485,25865,0.01734965747679075,25409,0.02354312686896337
0,patch_4_12,1024,1280,3072,3328,65536,MSAVI,-0.02734375,36567,,,,
0,patch_4_12,1024,1280,3072,3328,65536,NDVI,-0.99609375,28969,19428,0.014438457419620798,65536,0.020675784053397372
0,patch_4_13,1024,1280,3328,3584,65536,MSAVI,-0.04296875,34594,,,,
0,patch_4_13,1024,1280,3328,3584,65536,NDVI,-0.99609375,30942,17274,0.008436170090895728,22288,0.0224245646135684
0,patch_4_14,1024,1280,3584,3840,65536,MSAVI,-0.01171875,39124,,,,
0,patch_4_14,1024,1280,3584,3840,65536,NDVI,-0.99609375,26412,24100,0.021833992209520384,65536,0.03453346650663208
0,patch_4_15,1024,1280,3840,4096,65536,MSAVI,-0.17578125,40512,,,,
0,patch_4_15,1024,1280,3840,4096,65536,NDVI,-0.99609375,25024,12685,0.017249235706427307,65536,0.025593221753904744
0,patch_4_16,1024,1280,4096,4352,65536,MSAVI,-0.30078125,39306,,,,
0,patch_4_16,1024,1280,4096,4352,65536,NDVI,-0.64453125,26226,5821,0.010353598055311164,7628,0.020336462000300537
0,patch_4_17,1024,1280,4352,4608,65536,MSAVI,-0.08203125,31913,,,,
0,patch_4_17,1024,1280,4352,4608,65536,NDVI,-0.99609375,33623,29927,0.01776379023664859,65536,0.023824797836424105
0,patch_4_18,1024,1280,4608,4864,65536,MSAVI,-0.10546875,37597,,,,
0,patch_4_18,1024,1280,4608,4864,65536,NDVI,-0.99609375,27939,15549,0.014102315279886327,65536,0.020934356449791636
0,patch_4_19,1024,1280,4864,5120,65536,MSAVI,-0.05859375,38671,,,,
0,patch_4_19,1024,1280,4864,5120,65536,NDVI,-0.99609375,26865,18535,0.01724846381985462,65536,0.024562277416769668
0,patch_4_20,1024,1280,5120,5376,65536,MSAVI,-0.00390625,34668,,,,
0,patch_4_20,1024,1280,5120,5376,65536,NDVI,-0.99609375,30868,25430,0.01616607654477345,65536,0.023181784221173507
0,patch_4_21,1024,1280,5376,5632,65536,MSAVI,-0.08984375,34256,,,,
0,patch_4_21,1024,1280,5376,5632,65536,NDVI,-0.99609375,31280,11791,0.006116528937876273,16595,0.01782805191980058
0,patch_4_22,1024,1280,5632,5888,65536,MSAVI,-0.24609375,41022,,,,
0,patch_4_22,1024,1280,5632,5888,65536,NDVI,-0.99609375,24514,15162,0.018995080945449938,65536,0.031378588449899464
0,patch_4_23,1024,1280,5888,6144,65536,MSAVI,-0.09765625,36604,,,,
0,patch_4_23,1024,1280,5888,6144,65536,NDVI,-0.99609375,28932,20933,0.01582332532856756,65536,0.023673278733669534
0,patch_4_24,1024,1280,6144,6400,65536,MSAVI,0.18359375,30858,,,,
0,patch_4_24,1024,1280,6144,6400,65536,NDVI,-0.99609375,34678,0,-0.013056669947718244,65536,0.020078495557326742
0,patch_4_25,1024,1280,6400,6656,65536,MSAVI,-0.10546875,40313,,,,
0,patch_4_25,1024,1280,6400,6656,65536,NDVI,-0.99609375,25223,23559,0.021577392227043496,65536,0.0327741240193932
0,patch_4_26,1024,1280,6656,6912,65536,MSAVI,-0.02734375,35218,,,,
0,patch_4_26,1024,1280,6656,6912,65536,NDVI,-0.99609375,30318,11175,0.0066277037155454965,17565,0.02169468731959187
0,patch_4_27,1024,1280,6912,7168,65536,MSAVI,-0.12890625,35101,,,,
0,patch_4_27,1024,1280,6912,7168,65536,NDVI,-0.99609375,30435,15351,0.0077280469548118985,19230,0.021332543422641737
0,patch_4_28,1024,1280,7168,7424,65536,MSAVI,-0.07421875,37937,,,,
0,patch_4_28,1024,1280,7168,7424,65536,NDVI,-0.99609375,27599,14568,0.01469855899592766,15273,0.02289199899065747
0,patch_4_29,1024,1280,7424,7680,65536,MSAVI,-0.25390625,43687,,,,
0,patch_4_29,1024,1280,7424,7680,65536,NDVI,-0.62890625,21831,8276,0.020007663776541423,8361,0.029161596294796616
0,patch_4_30,1024,1280,7680,7936,65536,MSAVI,-0.04296875,30268,,,,
0,patch_4_30,1024,1280,7680,7936,65536,NDVI,-0.37890625,35259,34641,0.0146359350821995,65536,0.024997826702555848
0,patch_4_31,1024,1280,7936,8192,65536,MSAVI,-0.10546875,29691,,,,
0,patch_4_31,1024,1280,7936,8192,65536,NDVI,-0.99609375,35845,9208,0.0006352670546463796,19138,0.012825579004410309
0,patch_4_32,1024,1280,8192,8448,65536,MSAVI,-0.01953125,30968,,,,
0,patch_4_32,1024,1280,8192,8448,65536,NDVI,-0.99609375,34568,26740,0.013605990749516197,65536,0.020143142165323008
0,patch_5_1,1280,1536,256,512,65536,MSAVI,-0.08203125,39814,,,,
0,patch_5_1,1280,1536,256,512,65536,NDVI,-0.99609375,25722,17710,0.019515997095794324,18710,0.028164369602736827
0,patch_5_2,1280,1536,512,768,65536,MSAVI,-0.06640625,44273,,,,
0,patch_5_2,1280,1536,512,768,65536,NDVI,-0.99609375,21263,18239,0.027753564409683545,65536,0.031246370733466033
0,patch_5_3,1280,1536,768,1024,65536,MSAVI,-0.08203125,36607,,,,
0,patch_5_3,1280,1536,768,1024,65536,NDVI,-0.99609375,28929,16057,0.013856453999145993,65536,0.019721275468826904
0,patch_5_4,1280,1536,1024,1280,65536,MSAVI,-0.09765625,33694,,,,
0,patch_5_4,1280,1536,1024,1280,65536,NDVI,-0.99609375,31842,20904,0.009188076720016605,24218,0.018082409622172835
0,patch_5_5,1280,1536,1280,1536,65536,MSAVI,-0.01953125,46805,,,,
0,patch_5_5,1280,1536,1280,1536,65536,NDVI,-0.29296875,18728,16145,0.021389692414378964,65536,0.030939917206457557
0,patch_5_6,1280,1536,1536,1792,65536,MSAVI,-0.28515625,43362,,,,
0,patch_5_6,1280,1536,1536,1792,65536,NDVI,-0.99609375,22174,10504,0.019784466832962325,11462,0.030829998499237427
0,patch_5_7,1280,1536,1792,2048,65536,MSAVI,-0.21484375,51657,,,,
0,patch_5_7,1280,1536,1792,2048,65536,NDVI,-0.99609375,13879,5056,0.02906829285502513,5273,0.038411982224346664
0,patch_5_8,1280,1536,2048,2304,65536,MSAVI,0.05859375,43477,,,,
0,patch_5_8,1280,1536,2048,2304,65536,NDVI,-0.99609375,22059,19522,0.021894203479373778,65536,0.03162824035213549
0,patch_5_9,1280,1536,2304,2560,65536,MSAVI,-0.23828125,38959,,,,
0,patch_5_9,1280,1536,2304,2560,65536,NDVI,-0.99609375,26577,13198,0.012862437543180658,14850,0.02443758100916682
0,patch_5_10,1280,1536,2560,2816,65536,MSAVI,-0.08203125,35737,,,,
0,patch_5_10,1280,1536,2560,2816,65536,NDVI,-0.99609375,29799,23974,0.01669115644240443,24296,0.02636551930541875
0,patch_5_11,1280,1536,2816,3072,65536,MSAVI,-0.10546875,41979,,,,
0,patch_5_11,1280,1536,2816,3072,65536,NDVI,-0.99609375,23557,17766,0.02184204880602056,65536,0.030415920733385005
0,patch_5_12,1280,1536,3072,3328,65536,MSAVI,-0.03515625,36098,,,,
0,patch_5_12,1280,1536,3072,3328,65536,NDVI,-0.99609375,29438,16499,0.009455764753536752,19415,0.019894292887186832
0,patch_5_13,1280,1536,3328,3584,65536,MSAVI,0.05078125,34493,,,,
0,patch_5_13,1280,1536,3328,3584,65536,NDVI,-0.99609375,31043,15763,0.006073972955997084,20126,0.01801800367776174
0,patch_5_14,1280,1536,3584,3840,65536,MSAVI,-0.14453125,35689,,,,
0,patch_5_14,1280,1536,3584,3840,65536,NDVI,-0.99609375,29847,25169,0.014497255662625497,26519,0.027092380618491063
0,patch_5_15,1280,1536,3840,4096,65536,MSAVI,-0.18359375,41484,,,,
0,patch_5_15,1280,1536,3840,4096,65536,NDVI,-0.99609375,24052,3122,0.012195503567665467,4078,0.020399560914513587
0,patch_5_16,1280,1536,4096,4352,65536,MSAVI,-0.14453125,40654,,,,
0,patch_5_16,1280,1536,4096,4352,65536,NDVI,-0.64453125,24844,4666,0.011797316390234777,6466,0.02319242820383091
0,patch_5_17,1280,1536,4352,4608,65536,MSAVI,-0.19921875,38684,,,,
0,patch_5_17,1280,1536,4352,4608,65536,NDVI,-0.57421875,26845,14334,0.015122835670358381,15331,0.025620178257202003
0,patch_5_18,1280,1536,4608,4864,65536,MSAVI,0.02734375,29251,,,,
0,patch_5_18,1280,1536,4608,4864,65536,NDVI,-0.99609375,36285,29763,0.01057260552019304,65536,0.01654126700809247
0,patch_5_19,1280,1536,4864,5120,65536,MSAVI,0.19140625,24847,,,,
0,patch_5_19,1280,1536,4864,5120,65536,NDVI,-0.99609375,40689,60,-0.010552190118195415,65536,0.012456980577164517
0,patch_5_20,1280,1536,5120,5376,65536,MSAVI,-0.07421875,29934,,,,
0,patch_5_20,1280,1536,5120,5376,65536,NDVI,-0.99609375,35602,31689,0.013647474580093341,65536,0.020571416661063907
0,patch_5_21,1280,1536,5376,5632,65536,MSAVI,-0.08203125,40280,,,,
0,patch_5_21,1280,1536,5376,5632,65536,NDVI,-0.99609375,25256,13351,0.01588535640281613,65536,0.023608561412094914
0,patch_5_22,1280,1536,5632,5888,65536,MSAVI,0.01171875,39624,,,,
0,patch_5_22,1280,1536,5632,5888,65536,NDVI,-0.99609375,25912,16755,0.01584889504012303,16114,0.02452895813756542
0,patch_5_23,1280,1536,5888,6144,65536,MSAVI,-0.11328125,38229,,,,
0,patch_5_23,1280,1536,5888,6144,65536,NDVI,-0.99609375,27307,10525,0.009645145643529973,12649,0.018908946366490598
0,patch_5_24,1280,1536,6144,6400,65536,MSAVI,0.15234375,31468,,,,
0,patch_5_24,1280,1536,6144,6400,65536,NDVI,-0.99609375,34068,31586,0.01961918766043695,65536,0.022076376210903387
0,patch_5_25,1280,1536,6400,6656,65536,MSAVI,-0.23828125,41559,,,,
0,patch_5_25,1280,1536,6400,6656,65536,NDVI,-0.46484375,23977,23124,0.02030509284065364,22890,0.036809295824541455
0,patch_5_26,1280,1536,6656,6912,65536,MSAVI,-0.16015625,35122,,,,
0,patch_5_26,1280,1536,6656,6912,65536,NDVI,-0.99609375,30414,13256,0.007624869465196818,16246,0.021129550421698146
0,patch_5_27,1280,1536,6912,7168,65536,MSAVI,-0.10546875,36830,,,,
0,patch_5_27,1280,1536,6912,7168,65536,NDVI,-0.99609375,28706,11179,0.008256492445214522,14661,0.02041436454054371
0,patch_5_28,1280,1536,7168,7424,65536,MSAVI,-0.17578125,44184,,,,
0,patch_5_28,1280,1536,7168,7424,65536,NDVI,-0.44140625,21348,14082,0.023244818946815307,65536,0.0321018357377392
0,patch_5_29,1280,1536,7424,7680,65536,MSAVI,-0.10546875,35617,,,,
0,patch_5_29,1280,1536,7424,7680,65536,NDVI,-0.47265625,29911,16742,0.010024688043618252,17805,0.020195481274992183
0,patch_5_30,1280,1536,7680,7936,65536,MSAVI,-0.05078125,37675,,,,
0,patch_5_30,1280,1536,7680,7936,65536,NDVI,-0.47265625,27846,18089,0.01596761925946648,18071,0.025935938901106625
0,patch_5_31,1280,1536,7936,8192,65536,MSAVI,-0.04296875,35245,,,,
0,patch_5_31,1280,1536,7936,8192,65536,NDVI,-0.99609375,30291,21496,0.01449007595777807,65536,0.02476337295083131
0,patch_5_32,1280,1536,8192,8448,65536,MSAVI,0.14453125,31369,,,,
0,patch_5_32,1280,1536,8192,8448,65536,NDVI,-0.99609375,34167,31027,0.017106907338181696,65536,0.021777692984773667
0,patch_6_1,1536,1792,256,512,65536,MSAVI,-0.12109375,37904,,,,
0,patch_6_1,1536,1792,256,512,65536,NDVI,-0.99609375,27632,15764,0.010544851291633045,19690,0.02087090292743496
0,patch_6_2,1536,1792,512,768,65536,MSAVI,-0.07421875,40198,,,,
0,patch_6_2,1536,1792,512,768,65536,NDVI,-0.30859375,25338,21470,0.026938914026119032,65536,0.027350643308489325
0,patch_6_3,1536,1792,768,1024,65536,MSAVI,-0.05859375,33264,,,,
0,patch_6_3,1536,1792,768,1024,65536,NDVI,-0.99609375,32272,28193,0.014005876405057321,65536,0.021034360181390294
0,patch_6_4,1536,1792,1024,1280,65536,MSAVI,-0.08203125,33464,,,,
0,patch_6_4,1536,1792,1024,1280,65536,NDVI,-0.99609375,32072,17518,0.008290977401579441,65536,0.018068673648656858
0,patch_6_5,1536,1792,1280,1536,65536,MSAVI,-0.15234375,37340,,,,
0,patch_6_5,1536,1792,1280,1536,65536,NDVI,-0.99609375,28196,19566,0.01669517075334058,65536,0.026549751438450703
0,patch_6_6,1536,1792,1536,1792,65536,MSAVI,-0.09765625,39115,,,,
0,patch_6_6,1536,1792,1536,1792,65536,NDVI,-0.99609375,26421,18789,0.016671233311798844,20350,0.027433879791506133
0,patch_6_7,1536,1792,1792,2048,65536,MSAVI,-0.05078125,44266,,,,
0,patch_6_7,1536,1792,1792,2048,65536,NDVI,-0.99609375,21270,11927,0.024297536818388088,65536,0.03388080719960335
0,patch_6_8,1536,1792,2048,2304,65536,MSAVI,-0.08984375,48553,,,,
0,patch_6_8,1536,1792,2048,2304,65536,NDVI,-0.99609375,16983,12736,0.02511065576051806,12863,0.03955986026273084
0,patch_6_9,1536,1792,2304,2560,65536,MSAVI,-0.11328125,38408,,,,
0,patch_6_9,1536,1792,2304,2560,65536,NDVI,-0.99609375,27128,15205,0.015627526307306322,17460,0.025469061241732233
0,patch_6_10,1536,1792,2560,2816,65536,MSAVI,0.01953125,29704,,,,
0,patch_6_10,1536,1792,2560,2816,65536,NDVI,-0.99609375,35832,57,-0.01576803235989209,65536,0.02001412405126987
0,patch_6_11,1536,1792,2816,3072,65536,MSAVI,-0.21484375,38639,,,,
0,patch_6_11,1536,1792,2816,3072,65536,NDVI,-0.99609375,26897,14094,0.018588430216110133,13744,0.02119132140345853
0,patch_6_12,1536,1792,3072,3328,65536,MSAVI,-0.05078125,42932,,,,
0,patch_6_12,1536,1792,3072,3328,65536,NDVI,-0.99609375,22604,15153,0.02129578296494755,65536,0.030764984746794927
0,patch_6_13,1536,1792,3328,3584,65536,MSAVI,-0.22265625,38356,,,,
0,patch_6_13,1536,1792,3328,3584,65536,NDVI,-0.99609375,27180,9790,0.011950870443768594,10881,0.02191657482273726
0,patch_6_14,1536,1792,3584,3840,65536,MSAVI,-0.08203125,38498,,,,
0,patch_6_14,1536,1792,3584,3840,65536,NDVI,-0.99609375,27038,15397,0.016640301854259826,15466,0.024745904058247115
0,patch_6_15,1536,1792,3840,4096,65536,MSAVI,-0.17578125,38241,,,,
0,patch_6_15,1536,1792,3840,4096,65536,NDVI,-0.99609375,27295,10308,0.014103844130042231,65536,0.019311006540879444
0,patch_6_16,1536,1792,4096,4352,65536,MSAVI,-0.08203125,38108,,,,
0,patch_6_16,1536,1792,4096,4352,65536,NDVI,-0.49609375,27426,19339,0.01651337629447512,65536,0.022488442191780894
0,patch_6_17,1536,1792,4352,4608,65536,MSAVI,-0.22265625,38743,,,,
0,patch_6_17,1536,1792,4352,4608,65536,NDVI,-0.55078125,26791,9159,0.012336552238088092,10071,0.02197922369390168
0,patch_6_18,1536,1792,4608,4864,65536,MSAVI,-0.26171875,46626,,,,
0,patch_6_18,1536,1792,4608,4864,65536,NDVI,-0.99609375,18910,7134,0.02145197903413046,65536,0.0315929157423204
0,patch_6_19,1536,1792,4864,5120,65536,MSAVI,0.12109375,29185,,,,
0,patch_6_19,1536,1792,4864,5120,65536,NDVI,-0.99609375,36351,186,-0.008609024218703784,65536,0.01529794266392645
0,patch_6_20,1536,1792,5120,5376,65536,MSAVI,0.02734375,29261,,,,
0,patch_6_20,1536,1792,5120,5376,65536,NDVI,-0.99609375,36275,26760,0.010937632223636112,65536,0.015137316027734354
0,patch_6_21,1536,1792,5376,5632,65536,MSAVI,-0.11328125,36459,,,,
0,patch_6_21,1536,1792,5376,5632,65536,NDVI,-0.99609375,29077,13397,0.010201829635668333,14357,0.018662897983872134
0,patch_6_22,1536,1792,5632,5888,65536,MSAVI,-0.21484375,39114,,,,
0,patch_6_22,1536,1792,5632,5888,65536,NDVI,-0.99609375,26422,11339,0.012686009145306418,12636,0.021511695304816503
0,patch_6_23,1536,1792,5888,6144,65536,MSAVI,-0.07421875,39599,,,,
0,patch_6_23,1536,1792,5888,6144,65536,NDVI,-0.99609375,25937,15516,0.017163732226912462,65536,0.02398199433287565
0,patch_6_24,1536,1792,6144,6400,65536,MSAVI,-0.08203125,31708,,,,
0,patch_6_24,1536,1792,6144,6400,65536,NDVI,-0.99609375,33828,29500,0.01559527758554155,65536,0.021912604759229348
0,patch_6_25,1536,1792,6400,6656,65536,MSAVI,-0.26171875,38785,,,,
0,patch_6_25,1536,1792,6400,6656,65536,NDVI,-0.45703125,26749,25744,0.018534159297705577,26440,0.035338868113297006
0,patch_6_26,1536,1792,6656,6912,65536,MSAVI,-0.11328125,33154,,,,
0,patch_6_26,1536,1792,6656,6912,65536,NDVI,-0.99609375,32382,11590,0.003894151338073054,18293,0.016270283249939316
0,patch_6_27,1536,1792,6912,7168,65536,MSAVI,-0.21484375,33823,,,,
0,patch_6_27,1536,1792,6912,7168,65536,NDVI,-0.99609375,31713,19464,0.009291884900830993,65536,0.019320829639774495
0,patch_6_28,1536,1792,7168,7424,65536,MSAVI,-0.23046875,41411,,,,
0,patch_6_28,1536,1792,7168,7424,65536,NDVI,-0.50390625,24124,11913,0.018728831759224934,65536,0.025575216642694992
0,patch_6_29,1536,1792,7424,7680,65536,MSAVI,-0.05078125,34001,,,,
0,patch_6_29,1536,1792,7424,7680,65536,NDVI,-0.42578125,31531,20181,0.009615741573526779,20741,0.018382437068986707
0,patch_6_30,1536,1792,7680,7936,65536,MSAVI,-0.07421875,34418,,,,
0,patch_6_30,1536,1792,7680,7936,65536,NDVI,-0.99609375,31118,17983,0.01063624336055799,65536,0.018438788510352078
0,patch_6_31,1536,1792,7936,8192,65536,MSAVI,0.01953125,37595,,,,
0,patch_6_31,1536,1792,7936,8192,65536,NDVI,-0.99609375,27941,24949,0.016906315259496096,65536,0.027372169117168388
0,patch_6_32,1536,1792,8192,8448,65536,MSAVI,0.16015625,27250,,,,
0,patch_6_32,1536,1792,8192,8448,65536,NDVI,-0.99609375,38286,0,-0.0116323406737835,65338,0.016408983967055785
0,patch_7_1,1792,2048,256,512,65536,MSAVI,-0.17578125,39175,,,,
0,patch_7_1,1792,2048,256,512,65536,NDVI,-0.99609375,26361,17160,0.013850912289489287,18700,0.024009528404556807
0,patch_7_2,1792,2048,512,768,65536,MSAVI,-0.13671875,39975,,,,
0,patch_7_2,1792,2048,512,768,65536,NDVI,-0.99609375,25561,14508,0.01739939263455241,65536,0.025484265436681336
0,patch_7_3,1792,2048,768,1024,65536,MSAVI,-0.06640625,45183,,,,
0,patch_7_3,1792,2048,768,1024,65536,NDVI,-0.99609375,20353,14673,0.024547928419519402,65536,0.030588305737443006
0,patch_7_4,1792,2048,1024,1280,65536,MSAVI,-0.10546875,32675,,,,
0,patch_7_4,1792,2048,1024,1280,65536,NDVI,-0.99609375,32861,11611,0.005222503568753423,16304,0.013950047648316422
0,patch_7_5,1792,2048,1280,1536,65536,MSAVI,-0.26171875,41976,,,,
0,patch_7_5,1792,2048,1280,1536,65536,NDVI,-0.99609375,23560,9353,0.016850685963281736,10355,0.025718169898205828
0,patch_7_6,1792,2048,1536,1792,65536,MSAVI,-0.15234375,40997,,,,
0,patch_7_6,1792,2048,1536,1792,65536,NDVI,-0.99609375,24539,16150,0.017888351701590893,65536,0.027146565820247076
0,patch_7_7,1792,2048,1792,2048,65536,MSAVI,0.00390625,38129,,,,
0,patch_7_7,1792,2048,1792,2048,65536,NDVI,-0.99609375,27407,22935,0.025438788906413087,65536,0.030785032252056754
0,patch_7_8,1792,2048,2048,2304,65536,MSAVI,-0.30078125,37112,,,,
0,patch_7_8,1792,2048,2048,2304,65536,NDVI,-0.99609375,28424,20533,0.014949548006166408,22226,0.026923020930338326
0,patch_7_9,1792,2048,2304,2560,65536,MSAVI,-0.11328125,36662,,,,
0,patch_7_9,1792,2048,2304,2560,65536,NDVI,-0.99609375,28874,13993,0.008866880139230773,17701,0.02259360594427004
0,patch_7_10,1792,2048,2560,2816,65536,MSAVI,0.05078125,30146,,,,
0,patch_7_10,1792,2048,2560,2816,65536,NDVI,-0.99609375,35390,29225,0.011697248590090276,65536,0.019401034568237385
0,patch_7_11,1792,2048,2816,3072,65536,MSAVI,-0.01171875,30738,,,,
0,patch_7_11,1792,2048,2816,3072,65536,NDVI,-0.99609375,34798,0,-0.017741969122342674,32259,0.02466410911430264
0,patch_7_12,1792,2048,3072,3328,65536,MSAVI,0.01953125,47949,,,,
0,patch_7_12,1792,2048,3072,3328,65536,NDVI,-0.99609375,17587,14776,0.02443635853015863,14652,0.03507301203082658
0,patch_7_13,1792,2048,3328,3584,65536,MSAVI,-0.05859375,34054,,,,
0,patch_7_13,1792,2048,3328,3584,65536,NDVI,-0.99609375,31482,23502,0.012283284937620514,24605,0.021167616863082883
0,patch_7_14,1792,2048,3584,3840,65536,MSAVI,-0.20703125,37114,,,,
0,patch_7_14,1792,2048,3584,3840,65536,NDVI,-0.99609375,28422,18171,0.012428995991301442,18725,0.02218286128949362
0,patch_7_15,1792,2048,3840,4096,65536,MSAVI,-0.12109375,40855,,,,
0,patch_7_15,1792,2048,3840,4096,65536,NDVI,-0.99609375,24681,13989,0.020800309210338055,65536,0.028753752805444344
0,patch_7_16,1792,2048,4096,4352,65536,MSAVI,-0.23828125,33582,,,,
0,patch_7_16,1792,2048,4096,4352,65536,NDVI,-0.99609375,31954,16513,0.0067889890933500036,19923,0.016784777445845445
0,patch_7_17,1792,2048,4352,4608,65536,MSAVI,-0.00390625,38336,,,,
0,patch_7_17,1792,2048,4352,4608,65536,NDVI,-0.99609375,27200,15802,0.011008448760417358,16364,0.022543886618041326
0,patch_7_18,1792,2048,4608,4864,65536,MSAVI,-0.17578125,35563,,,,
0,patch_7_18,1792,2048,4608,4864,65536,NDVI,-0.59765625,29972,10841,0.009126442068344398,65536,0.019707208802888815
0,patch_7_19,1792,2048,4864,5120,65536,MSAVI,-0.08203125,36665,,,,
0,patch_7_19,1792,2048,4864,5120,65536,NDVI,-0.99609375,28871,21074,0.016692083823712303,65536,0.02291756209018425
0,patch_7_20,1792,2048,5120,5376,65536,MSAVI,-0.02734375,34289,,,,
0,patch_7_20,1792,2048,5120,5376,65536,NDVI,-0.99609375,31247,18249,0.01098415659119259,65536,0.01792891183231754
0,patch_7_21,1792,2048,5376,5632,65536,MSAVI,-0.03515625,38538,,,,
0,patch_7_21,1792,2048,5376,5632,65536,NDVI,-0.99609375,26998,14545,0.011049443749671178,15438,0.024300000796699056
0,patch_7_22,1792,2048,5632,5888,65536,MSAVI,-0.19921875,39762,,,,
0,patch_7_22,1792,2048,5632,5888,65536,NDVI,-0.46484375,25773,11189,0.01223924015277833,11987,0.023480061312020822
0,patch_7_23,1792,2048,5888,6144,65536,MSAVI,-0.10546875,39509,,,,
0,patch_7_23,1792,2048,5888,6144,65536,NDVI,-0.99609375,26027,19930,0.017464783902478714,65536,0.029487255183830635
0,patch_7_24,1792,2048,6144,6400,65536,MSAVI,-0.16796875,39443,,,,
0,patch_7_24,1792,2048,6144,6400,65536,NDVI,-0.99609375,26093,25650,0.020370123813117175,65536,0.03294006395541563
0,patch_7_25,1792,2048,6400,6656,65536,MSAVI,-0.17578125,31864,,,,
0,patch_7_25,1792,2048,6400,6656,65536,NDVI,-0.39453125,33672,24714,0.011173370303181454,27007,0.02398028777287703
0,patch_7_26,1792,2048,6656,6912,65536,MSAVI,0.01953125,29221,,,,
0,patch_7_26,1792,2048,6656,6912,65536,NDVI,-0.99609375,36315,4806,-0.0006256894134319957,22781,0.012243908057009839
0,patch_7_27,1792,2048,6912,7168,65536,MSAVI,-0.00390625,33077,,,,
0,patch_7_27,1792,2048,6912,7168,65536,NDVI,-0.99609375,32459,20465,0.01079473797683328,65507,0.015808293549579966
0,patch_7_28,1792,2048,7168,7424,65536,MSAVI,-0.08203125,41671,,,,
0,patch_7_28,1792,2048,7168,7424,65536,NDVI,-0.99609375,23865,13617,0.019196148345911018,14222,0.02972896474036152
0,patch_7_29,1792,2048,7424,7680,65536,MSAVI,-0.05859375,37662,,,,
0,patch_7_29,1792,2048,7424,7680,65536,NDVI,-0.37109375,27872,20530,0.018639627080278665,65536,0.023239578470223926
0,patch_7_30,1792,2048,7680,7936,65536,MSAVI,0.02734375,29053,,,,
0,patch_7_30,1792,2048,7680,7936,65536,NDVI,-0.99609375,36483,1884,-0.003496978809936102,26479,0.014180850635400838
0,patch_7_31,1792,2048,7936,8192,65536,MSAVI,-0.05078125,32639,,,,
0,patch_7_31,1792,2048,7936,8192,65536,NDVI,-0.99609375,32897,22043,0.010204531699388578,65458,0.021399862420522858
0,patch_7_32,1792,2048,8192,8448,65536,MSAVI,0.23046875,24200,,,,
0,patch_7_32,1792,2048,8192,8448,65536,NDVI,-0.99609375,41336,207,-0.008793574852408809,64883,0.007164318733405728
0,patch_8_0,2048,2304,0,256,65359,MSAVI,-0.01953125,42510,,,,
0,patch_8_0,2048,2304,0,256,65359,NDVI,-0.99609375,23026,18142,0.021884761119228574,65536,0.030975693116397696
0,patch_8_1,2048,2304,256,512,65536,MSAVI,-0.08984375,38857,,,,
0,patch_8_1,2048,2304,256,512,65536,NDVI,-0.99609375,26679,17899,0.015396896285312628,19770,0.02487109192257206
0,patch_8_2,2048,2304,512,768,65536,MSAVI,-0.12109375,41741,,,,
0,patch_8_2,2048,2304,512,768,65536,NDVI,-0.99609375,23795,15419,0.020567693988419455,65536,0.028325466397664728
0,patch_8_3,2048,2304,768,1024,65536,MSAVI,-0.02734375,39220,,,,
0,patch_8_3,2048,2304,768,1024,65536,NDVI,-0.99609375,26316,17485,0.01765172691364006,18492,0.024579903182417123
0,patch_8_4,2048,2304,1024,1280,65536,MSAVI,-0.19140625,41219,,,,
0,patch_8_4,2048,2304,1024,1280,65536,NDVI,-0.99609375,24317,14349,0.017281357514304124,15213,0.026230136767761092
0,patch_8_5,2048,2304,1280,1536,65536,MSAVI,0.03515625,42625,,,,
0,patch_8_5,2048,2304,1280,1536,65536,NDVI,-0.99609375,22911,19601,0.023533056045873343,65536,0.029912466497480028
0,patch_8_6,2048,2304,1536,1792,65536,MSAVI,-0.17578125,35848,,,,
0,patch_8_6,2048,2304,1536,1792,65536,NDVI,-0.99609375,29688,18431,0.010913638424651928,23046,0.025507690429834418
0,patch_8_7,2048,2304,1792,2048,65536,MSAVI,-0.06640625,34981,,,,
0,patch_8_7,2048,2304,1792,2048,65536,NDVI,-0.99609375,30555,18734,0.009700056494023238,25499,0.02309872274611724
0,patch_8_8,2048,2304,2048,2304,65536,MSAVI,0.06640625,37483,,,,
0,patch_8_8,2048,2304,2048,2304,65536,NDVI,-0.99609375,28053,23627,0.01896874888104562,65536,0.026591733506687476
0,patch_8_9,2048,2304,2304,2560,65536,MSAVI,-0.20703125,41940,,,,
0,patch_8_9,2048,2304,2304,2560,65536,NDVI,-0.47265625,23589,12625,0.018930557592699557,12943,0.030305447910043748
0,patch_8_10,2048,2304,2560,2816,65536,MSAVI,-0.07421875,36832,,,,
0,patch_8_10,2048,2304,2560,2816,65536,NDVI,-0.99609375,28704,20572,0.012167096875275049,23108,0.023622139106263346
0,patch_8_11,2048,2304,2816,3072,65536,MSAVI,-0.08203125,38958,,,,
0,patch_8_11,2048,2304,2816,3072,65536,NDVI,-0.99609375,26578,20443,0.019316808039475233,65536,0.02805260195309167
0,patch_8_12,2048,2304,3072,3328,65536,MSAVI,-0.13671875,39376,,,,
0,patch_8_12,2048,2304,3072,3328,65536,NDVI,-0.99609375,26160,20410,0.016982906934856018,20653,0.027178631195863806
0,patch_8_13,2048,2304,3328,3584,65536,MSAVI,-0.08203125,38335,,,,
0,patch_8_13,2048,2304,3328,3584,65536,NDVI,-0.37890625,27201,20578,0.018339657705723822,65536,0.02690565158042388
0,patch_8_14,2048,2304,3584,3840,65536,MSAVI,-0.14453125,36816,,,,
0,patch_8_14,2048,2304,3584,3840,65536,NDVI,-0.99609375,28720,22523,0.01186102562808554,23415,0.025014616378229604
0,patch_8_15,2048,2304,3840,4096,65536,MSAVI,-0.18359375,41583,,,,
0,patch_8_15,2048,2304,3840,4096,65536,NDVI,-0.99609375,23953,15844,0.01962857025296215,16503,0.027992348200439304
0,patch_8_16,2048,2304,4096,4352,65536,MSAVI,-0.12890625,40296,,,,
0,patch_8_16,2048,2304,4096,4352,65536,NDVI,-0.99609375,25240,14564,0.015668155312521415,15200,0.026018017843577268
0,patch_8_17,2048,2304,4352,4608,65536,MSAVI,-0.18359375,34474,,,,
0,patch_8_17,2048,2304,4352,4608,65536,NDVI,-0.99609375,31062,22279,0.011551107232365215,22303,0.02030142919903416
0,patch_8_18,2048,2304,4608,4864,65536,MSAVI,-0.23046875,39161,,,,
0,patch_8_18,2048,2304,4608,4864,65536,NDVI,-0.99609375,26375,15893,0.012910605963150482,16763,0.024259069725531657
0,patch_8_19,2048,2304,4864,5120,65536,MSAVI,-0.09765625,34315,,,,
0,patch_8_19,2048,2304,4864,5120,65536,NDVI,-0.99609375,31221,15569,0.006903495065338508,20873,0.01927922946968086
0,patch_8_20,2048,2304,5120,5376,65536,MSAVI,-0.07421875,38795,,,,
0,patch_8_20,2048,2304,5120,5376,65536,NDVI,-0.99609375,26741,18521,0.0189056414459694,17148,0.027086504405674866
0,patch_8_21,2048,2304,5376,5632,65536,MSAVI,-0.21484375,41200,,,,
0,patch_8_21,2048,2304,5376,5632,65536,NDVI,-0.99609375,24336,11973,0.016119203888252484,65536,0.025922854362877112
0,patch_8_22,2048,2304,5632,5888,65536,MSAVI,-0.19921875,46753,,,,
0,patch_8_22,2048,2304,5632,5888,65536,NDVI,-0.99609375,18783,12362,0.02182377699922043,65536,0.03247331615018459
0,patch_8_23,2048,2304,5888,6144,65536,MSAVI,0.01953125,39547,,,,
0,patch_8_23,2048,2304,5888,6144,65536,NDVI,-0.99609375,25989,19729,0.018949043939811644,65536,0.02912600948525476
0,patch_8_24,2048,2304,6144,6400,65536,MSAVI,-0.12109375,47830,,,,
0,patch_8_24,2048,2304,6144,6400,65536,NDVI,-0.99609375,17706,16653,0.023090873720339064,16746,0.036519037596624754
0,patch_8_25,2048,2304,6400,6656,65536,MSAVI,0.14453125,18568,,,,
0,patch_8_25,2048,2304,6400,6656,65536,NDVI,-0.99609375,46968,0,-0.014254985633858935,64503,0.007113862191422238
0,patch_8_26,2048,2304,6656,6912,65536,MSAVI,0.15234375,30426,,,,
0,patch_8_26,2048,2304,6656,6912,65536,NDVI,-0.99609375,35110,126,-0.007656473871262781,65494,0.013142711343598568
0,patch_8_27,2048,2304,6912,7168,65536,MSAVI,-0.20703125,33666,,,,
0,patch_8_27,2048,2304,6912,7168,65536,NDVI,-0.99609375,31870,18114,0.00789164482485434,19729,0.018492967254511217
0,patch_8_28,2048,2304,7168,7424,65536,MSAVI,-0.04296875,33932,,,,
0,patch_8_28,2048,2304,7168,7424,65536,NDVI,-0.99609375,31604,23063,0.012168238360491246,21976,0.02059869690749544
0,patch_8_29,2048,2304,7424,7680,65536,MSAVI,-0.00390625,30827,,,,
0,patch_8_29,2048,2304,7424,7680,65536,NDVI,-0.99609375,34709,20197,0.006474052576059097,65536,0.013332989611685109
0,patch_8_30,2048,2304,7680,7936,65536,MSAVI,-0.21484375,45578,,,,
0,patch_8_30,2048,2304,7680,7936,65536,NDVI,-0.99609375,19958,13354,0.024771335414917384,65536,0.03393191552221317
0,patch_8_31,2048,2304,7936,8192,65536,MSAVI,-0.23046875,35945,,,,
0,patch_8_31,2048,2304,7936,8192,65536,NDVI,-0.99609375,29591,20774,0.016723577396383943,65536,0.024302982326122408
0,patch_8_32,2048,2304,8192,8448,65536,MSAVI,0.27734375,27658,,,,
0,patch_8_32,2048,2304,8192,8448,65536,NDVI,-0.99609375,37878,0,-0.00949150529195704,65507,0.0157480964973839
0,patch_9_0,2304,2560,0,256,65536,MSAVI,-0.15234375,38714,,,,
0,patch_9_0,2304,2560,0,256,65536,NDVI,-0.63671875,26802,11220,0.012033926932961639,12797,0.025443906087727758
0,patch_9_1,2304,2560,256,512,65536,MSAVI,-0.12109375,35024,,,,
0,patch_9_1,2304,2560,256,512,65536,NDVI,-0.99609375,30512,18821,0.009154339027572081,22611,0.022102664948082523
0,patch_9_2,2304,2560,512,768,65536,MSAVI,-0.10546875,35985,,,,
0,patch_9_2,2304,2560,512,768,65536,NDVI,-0.99609375,29551,17033,0.010965494385739766,65536,0.021787166870397168
0,patch_9_3,2304,2560,768,1024,65536,MSAVI,0.03515625,39494,,,,
0,patch_9_3,2304,2560,768,1024,65536,NDVI,-0.99609375,26042,21688,0.023108643244029878,21143,0.02779264091461678
0,patch_9_4,2304,2560,1024,1280,65536,MSAVI,-0.13671875,46172,,,,
0,patch_9_4,2304,2560,1024,1280,65536,NDVI,-0.99609375,19364,15745,0.02585683931486743,65536,0.033385821274276
0,patch_9_5,2304,2560,1280,1536,65536,MSAVI,-0.05078125,34889,,,,
0,patch_9_5,2304,2560,1280,1536,65536,NDVI,-0.99609375,30647,23777,0.010818821613731877,65536,0.021794470493555762
0,patch_9_6,2304,2560,1536,1792,65536,MSAVI,-0.06640625,41285,,,,
0,patch_9_6,2304,2560,1536,1792,65536,NDVI,-0.99609375,24251,21094,0.02456140988064759,65536,0.0330071326205548
0,patch_9_7,2304,2560,1792,2048,65536,MSAVI,-0.13671875,34813,,,,
0,patch_9_7,2304,2560,1792,2048,65536,NDVI,-0.99609375,30723,20383,0.014124730970888538,21902,0.01973318701467272
0,patch_9_8,2304,2560,2048,2304,65536,MSAVI,-0.10546875,35917,,,,
0,patch_9_8,2304,2560,2048,2304,65536,NDVI,-0.99609375,29619,19095,0.013062882799623143,20604,0.02225842089185895
0,patch_9_9,2304,2560,2304,2560,65536,MSAVI,-0.01171875,38307,,,,
0,patch_9_9,2304,2560,2304,2560,65536,NDVI,-0.99609375,27229,17527,0.021804722453836772,65536,0.02591264621582015
0,patch_9_10,2304,2560,2560,2816,65536,MSAVI,-0.01953125,39940,,,,
0,patch_9_10,2304,2560,2560,2816,65536,NDVI,-0.99609375,25596,13708,0.016945204790725282,15213,0.02803558237063805
0,patch_9_11,2304,2560,2816,3072,65536,MSAVI,-0.13671875,38510,,,,
0,patch_9_11,2304,2560,2816,3072,65536,NDVI,-0.99609375,27026,16394,0.01586956355597438,17063,0.02328290851749623
0,patch_9_12,2304,2560,3072,3328,65536,MSAVI,-0.06640625,31609,,,,
0,patch_9_12,2304,2560,3072,3328,65536,NDVI,-0.99609375,33927,18482,0.005612232811772977,65536,0.014994196685542471
0,patch_9_13,2304,2560,3328,3584,65536,MSAVI,-0.09765625,31410,,,,
0,patch_9_13,2304,2560,3328,3584,65536,NDVI,-0.99609375,34126,19895,0.007701650541503943,65536,0.014521300624796396
0,patch_9_14,2304,2560,3584,3840,65536,MSAVI,-0.06640625,31059,,,,
0,patch_9_14,2304,2560,3584,3840,65536,NDVI,-0.99609375,34477,11415,0.002603612893407839,65536,0.011409035697156567
0,patch_9_15,2304,2560,3840,4096,65536,MSAVI,-0.14453125,36290,,,,
0,patch_9_15,2304,2560,3840,4096,65536,NDVI,-0.99609375,29246,17007,0.013923383452829688,17113,0.02042569550232151
0,patch_9_16,2304,2560,4096,4352,65536,MSAVI,-0.12109375,33397,,,,
0,patch_9_16,2304,2560,4096,4352,65536,NDVI,-0.99609375,32139,23209,0.012776184292274895,24010,0.020578710790997795
0,patch_9_17,2304,2560,4352,4608,65536,MSAVI,0.02734375,33602,,,,
0,patch_9_17,2304,2560,4352,4608,65536,NDVI,-0.99609375,31934,26719,0.017220253154959786,65536,0.02052706126197934
0,patch_9_18,2304,2560,4608,4864,65536,MSAVI,-0.09765625,36242,,,,
0,patch_9_18,2304,2560,4608,4864,65536,NDVI,-0.99609375,29294,13238,0.008210848531488471,16848,0.022529686050649228
0,patch_9_19,2304,2560,4864,5120,65536,MSAVI,-0.10546875,40612,,,,
0,patch_9_19,2304,2560,4864,5120,65536,NDVI,-0.99609375,24924,16415,0.01900954930698226,65536,0.027490114818139483
0,patch_9_20,2304,2560,5120,5376,65536,MSAVI,-0.23046875,46398,,,,
0,patch_9_20,2304,2560,5120,5376,65536,NDVI,-0.99609375,19138,12200,0.027539413464445703,65536,0.03584928833890583
0,patch_9_21,2304,2560,5376,5632,65536,MSAVI,-0.19140625,49201,,,,
0,patch_9_21,2304,2560,5376,5632,65536,NDVI,-0.56640625,16333,9613,0.02170515371687154,9845,0.039770276539030536
0,patch_9_22,2304,2560,5632,5888,65536,MSAVI,-0.09765625,50781,,,,
0,patch_9_22,2304,2560,5632,5888,65536,NDVI,-0.42578125,14745,6573,0.020306435932151076,6372,0.036368384881845184
0,patch_9_23,2304,2560,5888,6144,65536,MSAVI,-0.08203125,36115,,,,
0,patch_9_23,2304,2560,5888,6144,65536,NDVI,-0.37109375,29412,22473,0.011943664338111837,65536,0.02551134071937569
0,patch_9_24,2304,2560,6144,6400,65536,MSAVI,-0.09765625,47678,,,,
0,patch_9_24,2304,2560,6144,6400,65536,NDVI,-0.99609375,17858,14293,0.023821780262143682,65536,0.03939872996416116
0,patch_9_25,2304,2560,6400,6656,65536,MSAVI,0.03515625,26774,,,,
0,patch_9_25,2304,2560,6400,6656,65536,NDVI,-0.99609375,38762,0,-0.01764920014118905,65536,0.02070896608046724
0,patch_9_26,2304,2560,6656,6912,65536,MSAVI,0.15234375,40263,,,,
0,patch_9_26,2304,2560,6656,6912,65536,NDVI,-0.99609375,25273,21080,0.021122536464143554,65536,0.02619735190325756
0,patch_9_27,2304,2560,6912,7168,65536,MSAVI,-0.00390625,31099,,,,
0,patch_9_27,2304,2560,6912,7168,65536,NDVI,-0.99609375,34437,23421,0.00704050316433813,26367,0.015435697815360888
0,patch_9_28,2304,2560,7168,7424,65536,MSAVI,-0.02734375,31346,,,,
0,patch_9_28,2304,2560,7168,7424,65536,NDVI,-0.99609375,34190,24760,0.014401098359156567,65536,0.01752608497449601
0,patch_9_29,2304,2560,7424,7680,65536,MSAVI,0.14453125,28352,,,,
0,patch_9_29,2304,2560,7424,7680,65536,NDVI,-0.99609375,37184,0,-0.008508220706950967,65423,0.014048976836174204
0,patch_9_30,2304,2560,7680,7936,65536,MSAVI,0.04296875,28149,,,,
0,patch_9_30,2304,2560,7680,7936,65536,NDVI,-0.99609375,37387,0,-0.011514650326534662,65536,0.016802088816956523
0,patch_9_31,2304,2560,7936,8192,65536,MSAVI,0.07421875,30024,,,,
0,patch_9_31,2304,2560,7936,8192,65536,NDVI,-0.99609375,35512,30832,0.013938276983562536,65285,0.016734752556284566
0,patch_9_32,2304,2560,8192,8448,65536,MSAVI,0.26953125,25689,,,,
0,patch_9_32,2304,2560,8192,8448,65536,NDVI,-0.99609375,39847,147,-0.007376754418204484,64385,0.007576711232605837
0,patch_10_0,2560,2816,0,256,65536,MSAVI,-0.03515625,36677,,,,
0,patch_10_0,2560,2816,0,256,65536,NDVI,-0.59765625,28854,12593,0.010266534583487405,13971,0.022660305676325876
0,patch_10_1,2560,2816,256,512,65536,MSAVI,-0.16796875,39486,,,,
0,patch_10_1,2560,2816,256,512,65536,NDVI,-0.51953125,26020,13960,0.01286990568677944,14270,0.02383686588840986
0,patch_10_2,2560,2816,512,768,65536,MSAVI,-0.19140625,42080,,,,
0,patch_10_2,2560,2816,512,768,65536,NDVI,-0.57421875,23332,13216,0.019473290793047562,13847,0.03154872386328056
0,patch_10_3,2560,2816,768,1024,65536,MSAVI,-0.19140625,45898,,,,
0,patch_10_3,2560,2816,768,1024,65536,NDVI,-0.99609375,19638,9346,0.02147988465767725,9746,0.032699440330355906
0,patch_10_4,2560,2816,1024,1280,65536,MSAVI,-0.06640625,33956,,,,
0,patch_10_4,2560,2816,1024,1280,65536,NDVI,-0.99609375,31580,22569,0.012735988265764955,65536,0.02229063252640323
0,patch_10_5,2560,2816,1280,1536,65536,MSAVI,-0.19140625,37563,,,,
0,patch_10_5,2560,2816,1280,1536,65536,NDVI,-0.99609375,27973,16657,0.012821142688909729,65536,0.02283284771530178
0,patch_10_6,2560,2816,1536,1792,65536,MSAVI,-0.16015625,38445,,,,
0,patch_10_6,2560,2816,1536,1792,65536,NDVI,-0.99609375,27091,13867,0.01185466746726975,65536,0.024302060423026323
0,patch_10_7,2560,2816,1792,2048,65536,MSAVI,0.05859375,41089,,,,
0,patch_10_7,2560,2816,1792,2048,65536,NDVI,-0.26953125,24447,21107,0.019871567742825114,65536,0.02726915830906615
0,patch_10_8,2560,2816,2048,2304,65536,MSAVI,-0.12890625,43331,,,,
0,patch_10_8,2560,2816,2048,2304,65536,NDVI,-0.99609375,22205,15137,0.021429975396890316,15481,0.03348986950902194
0,patch_10_9,2560,2816,2304,2560,65536,MSAVI,-0.12109375,35369,,,,
0,patch_10_9,2560,2816,2304,2560,65536,NDVI,-0.99609375,30167,12316,0.008173757921346364,17267,0.018565224365271082
0,patch_10_10,2560,2816,2560,2816,65536,MSAVI,-0.24609375,37982,,,,
0,patch_10_10,2560,2816,2560,2816,65536,NDVI,-0.99609375,27554,10549,0.010552581323643395,13992,0.02198712396787053
0,patch_10_11,2560,2816,2816,3072,65536,MSAVI,-0.09765625,38989,,,,
0,patch_10_11,2560,2816,2816,3072,65536,NDVI,-0.99609375,26547,17848,0.016832032837306374,65536,0.02417376681598113
0,patch_10_12,2560,2816,3072,3328,65536,MSAVI,-0.31640625,39841,,,,
0,patch_10_12,2560,2816,3072,3328,65536,NDVI,-0.99609375,25695,9565,0.013644529891754326,11967,0.02320729189913162
0,patch_10_13,2560,2816,3328,3584,65536,MSAVI,-0.17578125,34650,,,,
0,patch_10_13,2560,2816,3328,3584,65536,NDVI,-0.99609375,30886,14513,0.0070548090730065405,20121,0.018506469768358513
0,patch_10_14,2560,2816,3584,3840,65536,MSAVI,0.00390625,33291,,,,
0,patch_10_14,2560,2816,3584,3840,65536,NDVI,-0.99609375,32245,19612,0.00828429246674367,21432,0.01744772716203133
0,patch_10_15,2560,2816,3840,4096,65536,MSAVI,0.09765625,26336,,,,
0,patch_10_15,2560,2816,3840,4096,65536,NDVI,-0.99609375,39200,381,-0.007696292392370546,65536,0.0118003572833702
0,patch_10_16,2560,2816,4096,4352,65536,MSAVI,0.06640625,24318,,,,
0,patch_10_16,2560,2816,4096,4352,65536,NDVI,-0.99609375,41218,0,-0.014418817114252316,65281,0.013772294721088735
0,patch_10_17,2560,2816,4352,4608,65536,MSAVI,-0.02734375,30654,,,,
0,patch_10_17,2560,2816,4352,4608,65536,NDVI,-0.99609375,34882,31728,0.018433125761040448,65536,0.02059828935308311
0,patch_10_18,2560,2816,4608,4864,65536,MSAVI,-0.08203125,34614,,,,
0,patch_10_18,2560,2816,4608,4864,65536,NDVI,-0.99609375,30922,21653,0.012141572011095697,65536,0.022457881195970697
0,patch_10_19,2560,2816,4864,5120,65536,MSAVI,-0.05859375,34020,,,,
0,patch_10_19,2560,2816,4864,5120,65536,NDVI,-0.99609375,31516,19317,0.012451545611258413,65536,0.021665642031727772
0,patch_10_20,2560,2816,5120,5376,65536,MSAVI,0.00390625,31009,,,,
0,patch_10_20,2560,2816,5120,5376,65536,NDVI,-0.99609375,34527,25240,0.011356825236761,65536,0.018247548122341806
0,patch_10_21,2560,2816,5376,5632,65536,MSAVI,-0.17578125,51226,,,,
0,patch_10_21,2560,2816,5376,5632,65536,NDVI,-0.99609375,14310,9461,0.023527602307458123,9334,0.04357540437392343
0,patch_10_22,2560,2816,5632,5888,65536,MSAVI,-0.30078125,46422,,,,
0,patch_10_22,2560,2816,5632,5888,65536,NDVI,-0.57421875,19112,10433,0.02028179085785943,10408,0.03543116686136977
0,patch_10_23,2560,2816,5888,6144,65536,MSAVI,-0.27734375,50655,,,,
0,patch_10_23,2560,2816,5888,6144,65536,NDVI,-0.99609375,14881,7141,0.021492218036702454,7180,0.0380851391957675
0,patch_10_24,2560,2816,6144,6400,65536,MSAVI,-0.36328125,49575,,,,
0,patch_10_24,2560,2816,6144,6400,65536,NDVI,-0.99609375,15961,6016,0.026626418714502664,6031,0.037435560263908874
0,patch_10_25,2560,2816,6400,6656,65536,MSAVI,-0.10546875,50516,,,,
0,patch_10_25,2560,2816,6400,6656,65536,NDVI,-0.99609375,15020,9184,0.023368853578994236,8924,0.03920637783649811
0,patch_10_26,2560,2816,6656,6912,65536,MSAVI,-0.07421875,38345,,,,
0,patch_10_26,2560,2816,6656,6912,65536,NDVI,-0.99609375,27191,20217,0.017568945080324513,65536,0.029918615094718132
0,patch_10_27,2560,2816,6912,7168,65536,MSAVI,0.08984375,34882,,,,
0,patch_10_27,2560,2816,6912,7168,65536,NDVI,-0.99609375,30654,27161,0.015521972894032274,65536,0.027281872939349472
0,patch_10_28,2560,2816,7168,7424,65536,MSAVI,-0.03515625,38161,,,,
0,patch_10_28,2560,2816,7168,7424,65536,NDVI,-0.99609375,27375,22049,0.018552872384002578,65536,0.028083990831621247
0,patch_10_29,2560,2816,7424,7680,65536,MSAVI,-0.08203125,33701,,,,
0,patch_10_29,2560,2816,7424,7680,65536,NDVI,-0.99609375,31835,18860,0.009008145779965365,19829,0.017187312945141864
0,patch_10_30,2560,2816,7680,7936,65536,MSAVI,-0.00390625,26960,,,,
0,patch_10_30,2560,2816,7680,7936,65536,NDVI,-0.99609375,38576,0,-0.007945383264687772,65478,0.016689837689987497
0,patch_10_31,2560,2816,7936,8192,65536,MSAVI,0.09765625,24910,,,,
0,patch_10_31,2560,2816,7936,8192,65536,NDVI,-0.99609375,40626,0,-0.00909924928405094,64750,0.01171643319487048
0,patch_10_32,2560,2816,8192,8448,65536,MSAVI,0.17578125,25336,,,,
0,patch_10_32,2560,2816,8192,8448,65536,NDVI,-0.99609375,40200,231,-0.005303862440184069,63716,0.008596297352999688
0,patch_11_0,2816,3072,0,256,65536,MSAVI,0.07421875,42788,,,,
0,patch_11_0,2816,3072,0,256,65536,NDVI,-0.99609375,22748,18495,0.02224992263130672,65536,0.032874096898819816
0,patch_11_1,2816,3072,256,512,65536,MSAVI,-0.10546875,48292,,,,
0,patch_11_1,2816,3072,256,512,65536,NDVI,-0.99609375,17244,10508,0.0243643393755536,65536,0.03961549297065309
0,patch_11_2,2816,3072,512,768,65536,MSAVI,-0.17578125,36931,,,,
0,patch_11_2,2816,3072,512,768,65536,NDVI,-0.99609375,28605,12333,0.011173606539461936,13907,0.02384516517482621
0,patch_11_3,2816,3072,768,1024,65536,MSAVI,-0.14453125,37742,,,,
0,patch_11_3,2816,3072,768,1024,65536,NDVI,-0.99609375,27794,18958,0.013816481868344138,21283,0.025081413171441802
0,patch_11_4,2816,3072,1024,1280,65536,MSAVI,-0.12890625,34494,,,,
0,patch_11_4,2816,3072,1024,1280,65536,NDVI,-0.99609375,31042,22852,0.01441582037147425,65536,0.023773173181977053
0,patch_11_5,2816,3072,1280,1536,65536,MSAVI,-0.04296875,34487,,,,
0,patch_11_5,2816,3072,1280,1536,65536,NDVI,-0.99609375,31049,15812,0.005962620616762143,22081,0.020086979891575735
0,patch_11_6,2816,3072,1536,1792,65536,MSAVI,-0.05078125,36794,,,,
0,patch_11_6,2816,3072,1536,1792,65536,NDVI,-0.99609375,28742,18135,0.014266043573703494,65536,0.023507408567907256
0,patch_11_7,2816,3072,1792,2048,65536,MSAVI,-0.21484375,47023,,,,
0,patch_11_7,2816,3072,1792,2048,65536,NDVI,-0.99609375,18513,10023,0.024033889213793694,65536,0.03466534485383224
0,patch_11_8,2816,3072,2048,2304,65536,MSAVI,-0.16015625,39891,,,,
0,patch_11_8,2816,3072,2048,2304,65536,NDVI,-0.54296875,25640,16529,0.015434735778959499,17543,0.028683300139951323
0,patch_11_9,2816,3072,2304,2560,65536,MSAVI,-0.10546875,39034,,,,
0,patch_11_9,2816,3072,2304,2560,65536,NDVI,-0.99609375,26502,17671,0.01752883039499603,17602,0.025581332090795217
0,patch_11_10,2816,3072,2560,2816,65536,MSAVI,-0.16796875,36242,,,,
0,patch_11_10,2816,3072,2560,2816,65536,NDVI,-0.99609375,29294,11860,0.011711473154790805,13501,0.019241481781565484
0,patch_11_11,2816,3072,2816,3072,65536,MSAVI,-0.23828125,40938,,,,
0,patch_11_11,2816,3072,2816,3072,65536,NDVI,-0.99609375,24598,9166,0.014742955200970409,11419,0.02427332206352681
0,patch_11_12,2816,3072,3072,3328,65536,MSAVI,-0.09765625,36565,,,,
0,patch_11_12,2816,3072,3072,3328,65536,NDVI,-0.99609375,28971,10107,0.008213605970769866,14933,0.018478759970605663
0,patch_11_13,2816,3072,3328,3584,65536,MSAVI,-0.16796875,38203,,,,
0,patch_11_13,2816,3072,3328,3584,65536,NDVI,-0.99609375,27333,10383,0.010484673164627575,13570,0.02070939153695034
0,patch_11_14,2816,3072,3584,3840,65536,MSAVI,-0.11328125,27864,,,,
0,patch_11_14,2816,3072,3584,3840,65536,NDVI,-0.99609375,37672,2182,-0.0047321166492322875,28937,0.013696354627936586
0,patch_11_15,2816,3072,3840,4096,65536,MSAVI,-0.02734375,33815,,,,
0,patch_11_15,2816,3072,3840,4096,65536,NDVI,-0.99609375,31721,23904,0.01529409660451253,65536,0.015571636923870813
0,patch_11_16,2816,3072,4096,4352,65536,MSAVI,-0.01171875,33838,,,,
0,patch_11_16,2816,3072,4096,4352,65536,NDVI,-0.99609375,31698,23869,0.012300871997053056,24838,0.020804968466672846
0,patch_11_17,2816,3072,4352,4608,65536,MSAVI,-0.06640625,32157,,,,
0,patch_11_17,2816,3072,4352,4608,65536,NDVI,-0.99609375,33379,22868,0.009703859850397428,65536,0.017549560548875687
0,patch_11_18,2816,3072,4608,4864,65536,MSAVI,0.01171875,30718,,,,
0,patch_11_18,2816,3072,4608,4864,65536,NDVI,-0.99609375,34818,20332,0.006703811677684315,65536,0.014929663059167209
0,patch_11_19,2816,3072,4864,5120,65536,MSAVI,0.01171875,32718,,,,
0,patch_11_19,2816,3072,4864,5120,65536,NDVI,-0.99609375,32818,15101,0.00511385651852421,20658,0.016514150217860457
0,patch_11_20,2816,3072,5120,5376,65536,MSAVI,-0.06640625,30788,,,,
0,patch_11_20,2816,3072,5120,5376,65536,NDVI,-0.99609375,34748,29663,0.01614535416169964,65536,0.020785139857380314
0,patch_11_21,2816,3072,5376,5632,65536,MSAVI,-0.31640625,44009,,,,
0,patch_11_21,2816,3072,5376,5632,65536,NDVI,-0.99609375,21527,14459,0.022078539384627074,15006,0.03881644818062635
0,patch_11_22,2816,3072,5632,5888,65536,MSAVI,-0.30078125,41736,,,,
0,patch_11_22,2816,3072,5632,5888,65536,NDVI,-0.54296875,23794,14005,0.0202627117524405,13928,0.030666629738666046
0,patch_11_23,2816,3072,5888,6144,65536,MSAVI,-0.11328125,54042,,,,
0,patch_11_23,2816,3072,5888,6144,65536,NDVI,-0.99609375,11494,5971,0.029712257007873832,5984,0.04647246161647217
0,patch_11_24,2816,3072,6144,6400,65536,MSAVI,-0.19140625,49358,,,,
0,patch_11_24,2816,3072,6144,6400,65536,NDVI,-0.99609375,16178,3887,0.02344763893075441,4465,0.03507530126205566
0,patch_11_25,2816,3072,6400,6656,65536,MSAVI,-0.33203125,50120,,,,
0,patch_11_25,2816,3072,6400,6656,65536,NDVI,-0.99609375,15416,4740,0.024053623401420907,4662,0.036204452495034095
0,patch_11_26,2816,3072,6656,6912,65536,MSAVI,-0.30078125,43282,,,,
0,patch_11_26,2816,3072,6656,6912,65536,NDVI,-0.54296875,22253,10809,0.01940961169979409,11054,0.03220973943394442
0,patch_11_27,2816,3072,6912,7168,65536,MSAVI,-0.17578125,43640,,,,
0,patch_11_27,2816,3072,6912,7168,65536,NDVI,-0.99609375,21896,14197,0.018146019640366134,14135,0.031275199344756366
0,patch_11_28,2816,3072,7168,7424,65536,MSAVI,0.01171875,33529,,,,
0,patch_11_28,2816,3072,7168,7424,65536,NDVI,-0.99609375,32007,24226,0.01449003581333326,65487,0.019831214439778283
0,patch_11_29,2816,3072,7424,7680,65536,MSAVI,-0.15234375,37704,,,,
0,patch_11_29,2816,3072,7424,7680,65536,NDVI,-0.99609375,27832,20875,0.015318625326064872,20685,0.026005065433361646
0,patch_11_30,2816,3072,7680,7936,65536,MSAVI,-0.08203125,40287,,,,
0,patch_11_30,2816,3072,7680,7936,65536,NDVI,-0.99609375,25249,16456,0.016985359852025067,16809,0.029123224847844492
0,patch_11_31,2816,3072,7936,8192,65536,MSAVI,-0.28515625,38436,,,,
0,patch_11_31,2816,3072,7936,8192,65536,NDVI,-0.44140625,27100,15426,0.010992556840327891,15506,0.02117376065311763
0,patch_11_32,2816,3072,8192,8448,65536,MSAVI,-0.01171875,30378,,,,
0,patch_11_32,2816,3072,8192,8448,65536,NDVI,-0.99609375,35158,27914,0.012882210293435906,65476,0.01675001181586111
0,patch_12_0,3072,3328,0,256,65536,MSAVI,-0.03515625,43616,,,,
0,patch_12_0,3072,3328,0,256,65536,NDVI,-0.99609375,21920,14423,0.01947393632787056,65536,0.032584519156705294
0,patch_12_1,3072,3328,256,512,65536,MSAVI,-0.07421875,44693,,,,
0,patch_12_1,3072,3328,256,512,65536,NDVI,-0.99609375,20843,10860,0.02159733990252713,65536,0.032596465113507056
0,patch_12_2,3072,3328,512,768,65536,MSAVI,-0.14453125,34932,,,,
0,patch_12_2,3072,3328,512,768,65536,NDVI,-0.99609375,30604,19847,0.009376913015489624,23112,0.02473033333773869
0,patch_12_3,3072,3328,768,1024,65536,MSAVI,-0.09765625,36148,,,,
0,patch_12_3,3072,3328,768,1024,65536,NDVI,-0.99609375,29388,17666,0.013091641253119346,65536,0.02303154375833863
0,patch_12_4,3072,3328,1024,1280,65536,MSAVI,0.00390625,36090,,,,
0,patch_12_4,3072,3328,1024,1280,65536,NDVI,-0.99609375,29446,14153,0.007899076118028939,16683,0.019926268938415315
0,patch_12_5,3072,3328,1280,1536,65536,MSAVI,-0.08203125,37134,,,,
0,patch_12_5,3072,3328,1280,1536,65536,NDVI,-0.99609375,28402,17748,0.016316234199773835,17491,0.02081783030898174
0,patch_12_6,3072,3328,1536,1792,65536,MSAVI,-0.12109375,32762,,,,
0,patch_12_6,3072,3328,1536,1792,65536,NDVI,-0.99609375,32774,20668,0.008093406805515485,65536,0.019533637131354753
0,patch_12_7,3072,3328,1792,2048,65536,MSAVI,-0.05078125,36436,,,,
0,patch_12_7,3072,3328,1792,2048,65536,NDVI,-0.99609375,29100,20497,0.015994587557956685,65536,0.023829305360519748
0,patch_12_8,3072,3328,2048,2304,65536,MSAVI,-0.17578125,39686,,,,
0,patch_12_8,3072,3328,2048,2304,65536,NDVI,-0.51953125,25848,17814,0.016103475034510928,18939,0.028600037610389095
0,patch_12_9,3072,3328,2304,2560,65536,MSAVI,-0.16796875,35914,,,,
0,patch_12_9,3072,3328,2304,2560,65536,NDVI,-0.48046875,29592,14651,0.009566099296701963,17632,0.01991019852766554
0,patch_12_10,3072,3328,2560,2816,65536,MSAVI,-0.21484375,36599,,,,
0,patch_12_10,3072,3328,2560,2816,65536,NDVI,-0.44140625,28937,18290,0.010980010983214522,19392,0.020959924007511094
0,patch_12_11,3072,3328,2816,3072,65536,MSAVI,-0.25390625,41078,,,,
0,patch_12_11,3072,3328,2816,3072,65536,NDVI,-0.99609375,24458,12818,0.0163526476916747,14442,0.026865253344959705
0,patch_12_12,3072,3328,3072,3328,65536,MSAVI,-0.14453125,40255,,,,
0,patch_12_12,3072,3328,3072,3328,65536,NDVI,-0.55859375,25275,12654,0.01677241786357063,14204,0.027787244468572975
0,patch_12_13,3072,3328,3328,3584,65536,MSAVI,-0.19140625,37496,,,,
0,patch_12_13,3072,3328,3328,3584,65536,NDVI,-0.99609375,28040,16625,0.016164217464626054,16564,0.024059490112504522
0,patch_12_14,3072,3328,3584,3840,65536,MSAVI,0.01171875,32463,,,,
0,patch_12_14,3072,3328,3584,3840,65536,NDVI,-0.30859375,33072,26420,0.01093424461048692,65536,0.020154490626258598
0,patch_12_15,3072,3328,3840,4096,65536,MSAVI,-0.05078125,35726,,,,
0,patch_12_15,3072,3328,3840,4096,65536,NDVI,-0.99609375,29810,24458,0.020536323337249168,65536,0.02321387065368488
0,patch_12_16,3072,3328,4096,4352,65536,MSAVI,0.01171875,32586,,,,
0,patch_12_16,3072,3328,4096,4352,65536,NDVI,-0.99609375,32950,22263,0.008240931173727997,65536,0.018903488500688376
0,patch_12_17,3072,3328,4352,4608,65536,MSAVI,-0.05859375,35010,,,,
0,patch_12_17,3072,3328,4352,4608,65536,NDVI,-0.99609375,30526,18511,0.008911609973845644,20980,0.02405821481996412
0,patch_12_18,3072,3328,4608,4864,65536,MSAVI,-0.16015625,37321,,,,
0,patch_12_18,3072,3328,4608,4864,65536,NDVI,-0.99609375,28215,13415,0.012088439622438718,14819,0.023034092473761092
0,patch_12_19,3072,3328,4864,5120,65536,MSAVI,-0.17578125,37004,,,,
0,patch_12_19,3072,3328,4864,5120,65536,NDVI,-0.99609375,28532,21439,0.01948874998038591,21626,0.02900328484456932
0,patch_12_20,3072,3328,5120,5376,65536,MSAVI,-0.17578125,38357,,,,
0,patch_12_20,3072,3328,5120,5376,65536,NDVI,-0.99609375,27179,22084,0.02299294946670312,65536,0.03205313831568399
0,patch_12_21,3072,3328,5376,5632,65536,MSAVI,-0.28515625,46510,,,,
0,patch_12_21,3072,3328,5376,5632,65536,NDVI,-0.99609375,19026,8054,0.02468711053938094,8156,0.0359222058735949
0,patch_12_22,3072,3328,5632,5888,65536,MSAVI,-0.19921875,52949,,,,
0,patch_12_22,3072,3328,5632,5888,65536,NDVI,-0.53515625,12586,4350,0.023730005405942625,4265,0.038275364842930704
0,patch_12_23,3072,3328,5888,6144,65536,MSAVI,-0.30078125,50205,,,,
0,patch_12_23,3072,3328,5888,6144,65536,NDVI,-0.99609375,15331,8359,0.026820170425536485,8479,0.04218129487189545
0,patch_12_24,3072,3328,6144,6400,65536,MSAVI,-0.37890625,43686,,,,
0,patch_12_24,3072,3328,6144,6400,65536,NDVI,-0.99609375,21850,2780,0.01610625046906955,3289,0.02540434111678397
0,patch_12_25,3072,3328,6400,6656,65536,MSAVI,-0.16015625,38656,,,,
0,patch_12_25,3072,3328,6400,6656,65536,NDVI,-0.99609375,26880,8270,0.0118497132927744,9862,0.021735467702126948
0,patch_12_26,3072,3328,6656,6912,65536,MSAVI,-0.19921875,44009,,,,
0,patch_12_26,3072,3328,6656,6912,65536,NDVI,-0.99609375,21527,11701,0.021506469263114572,12154,0.03393007408336371
0,patch_12_27,3072,3328,6912,7168,65536,MSAVI,-0.28515625,46988,,,,
0,patch_12_27,3072,3328,6912,7168,65536,NDVI,-0.99609375,18548,6494,0.02162787291255347,7211,0.03519481811016087
0,patch_12_28,3072,3328,7168,7424,65536,MSAVI,-0.16796875,33365,,,,
0,patch_12_28,3072,3328,7168,7424,65536,NDVI,-0.99609375,32171,24216,0.015320793909659042,24812,0.024401016228816935
0,patch_12_29,3072,3328,7424,7680,65536,MSAVI,-0.08984375,32610,,,,
0,patch_12_29,3072,3328,7424,7680,65536,NDVI,-0.99609375,32926,22373,0.007730107473940859,24556,0.02000487740078727
0,patch_12_30,3072,3328,7680,7936,65536,MSAVI,-0.24609375,40293,,,,
0,patch_12_30,3072,3328,7680,7936,65536,NDVI,-0.99609375,25243,10851,0.01372305037044226,12363,0.02673762418634701
0,patch_12_31,3072,3328,7936,8192,65536,MSAVI,-0.26171875,46409,,,,
0,patch_12_31,3072,3328,7936,8192,65536,NDVI,-0.99609375,19127,8483,0.01893082673018094,8514,0.03075627837274797
0,patch_12_32,3072,3328,8192,8448,65536,MSAVI,-0.17578125,40607,,,,
0,patch_12_32,3072,3328,8192,8448,65536,NDVI,-0.99609375,24929,14280,0.014200223685019983,13953,0.023691480591163605
0,patch_13_0,3328,3584,0,256,65536,MSAVI,-0.00390625,44371,,,,
0,patch_13_0,3328,3584,0,256,65536,NDVI,-0.99609375,21165,13346,0.02461224590823541,65536,0.03541638451160345
0,patch_13_1,3328,3584,256,512,65536,MSAVI,0.03515625,44127,,,,
0,patch_13_1,3328,3584,256,512,65536,NDVI,-0.99609375,21409,16746,0.023615980535552,65536,0.035499053223070065
0,patch_13_2,3328,3584,512,768,65536,MSAVI,-0.22265625,36490,,,,
0,patch_13_2,3328,3584,512,768,65536,NDVI,-0.99609375,29046,20398,0.011876476758590215,22235,0.024230771824587133
0,patch_13_3,3328,3584,768,1024,65536,MSAVI,-0.16015625,46177,,,,
0,patch_13_3,3328,3584,768,1024,65536,NDVI,-0.99609375,19359,9761,0.024230276737760473,65536,0.034891201628171276
0,patch_13_4,3328,3584,1024,1280,65536,MSAVI,-0.01953125,36098,,,,
0,patch_13_4,3328,3584,1024,1280,65536,NDVI,-0.99609375,29438,20708,0.012020511064572997,21586,0.021238717557693382
0,patch_13_5,3328,3584,1280,1536,65536,MSAVI,-0.09765625,36970,,,,
0,patch_13_5,3328,3584,1280,1536,65536,NDVI,-0.99609375,28566,14498,0.010589832726765128,65536,0.0194419528964756
0,patch_13_6,3328,3584,1536,1792,65536,MSAVI,-0.05859375,32729,,,,
0,patch_13_6,3328,3584,1536,1792,65536,NDVI,-0.99609375,32807,15568,0.004236654954149446,65536,0.014664246115062923
0,patch_13_7,3328,3584,1792,2048,65536,MSAVI,-0.11328125,39567,,,,
0,patch_13_7,3328,3584,1792,2048,65536,NDVI,-0.99609375,25969,18640,0.017805490076164943,65536,0.02615068384861341
0,patch_13_8,3328,3584,2048,2304,65536,MSAVI,-0.12109375,45522,,,,
0,patch_13_8,3328,3584,2048,2304,65536,NDVI,-0.43359375,20014,16340,0.023690460741751546,65536,0.03500302142396275
0,patch_13_9,3328,3584,2304,2560,65536,MSAVI,-0.12890625,41899,,,,
0,patch_13_9,3328,3584,2304,2560,65536,NDVI,-0.47265625,23605,15768,0.0187131129332382,16367,0.028907538204742678
0,patch_13_10,3328,3584,2560,2816,65536,MSAVI,-0.01953125,42544,,,,
0,patch_13_10,3328,3584,2560,2816,65536,NDVI,-0.34765625,22990,19105,0.019340693911923806,65536,0.030466195009031943
0,patch_13_11,3328,3584,2816,3072,65536,MSAVI,-0.19921875,38444,,,,
0,patch_13_11,3328,3584,2816,3072,65536,NDVI,-0.99609375,27092,11974,0.01151847484665812,15829,0.02265714923343906
0,patch_13_12,3328,3584,3072,3328,65536,MSAVI,-0.07421875,41821,,,,
0,patch_13_12,3328,3584,3072,3328,65536,NDVI,-0.99609375,23715,5429,0.014662843365060296,6674,0.02336244461883688
0,patch_13_13,3328,3584,3328,3584,65536,MSAVI,-0.11328125,40270,,,,
0,patch_13_13,3328,3584,3328,3584,65536,NDVI,-0.99609375,25266,15289,0.014962225790467146,14715,0.024698545360536478
0,patch_13_14,3328,3584,3584,3840,65536,MSAVI,-0.02734375,31386,,,,
0,patch_13_14,3328,3584,3584,3840,65536,NDVI,-0.99609375,34150,20312,0.005413483626404703,23785,0.014966920997244948
0,patch_13_15,3328,3584,3840,4096,65536,MSAVI,-0.10546875,46746,,,,
0,patch_13_15,3328,3584,3840,4096,65536,NDVI,-0.99609375,18790,11758,0.024100628683802652,65536,0.03281209365496918
0,patch_13_16,3328,3584,4096,4352,65536,MSAVI,-0.15234375,33078,,,,
0,patch_13_16,3328,3584,4096,4352,65536,NDVI,-0.99609375,32458,18372,0.008362331546401355,22641,0.018523006170901024
0,patch_13_17,3328,3584,4352,4608,65536,MSAVI,-0.19921875,42678,,,,
0,patch_13_17,3328,3584,4352,4608,65536,NDVI,-0.99609375,22858,13097,0.019455808173954106,12487,0.029246612389598053
0,patch_13_18,3328,3584,4608,4864,65536,MSAVI,-0.17578125,39108,,,,
0,patch_13_18,3328,3584,4608,4864,65536,NDVI,-0.99609375,26428,17633,0.019430126674790688,18370,0.03108124218202929
0,patch_13_19,3328,3584,4864,5120,65536,MSAVI,-0.24609375,45666,,,,
0,patch_13_19,3328,3584,4864,5120,65536,NDVI,-0.99609375,19870,12264,0.02448626931202416,11686,0.03368865005323035
0,patch_13_20,3328,3584,5120,5376,65536,MSAVI,-0.02734375,45478,,,,
0,patch_13_20,3328,3584,5120,5376,65536,NDVI,-0.99609375,20058,15996,0.02495014888770021,65536,0.03356239947987957
0,patch_13_21,3328,3584,5376,5632,65536,MSAVI,-0.01171875,39335,,,,
0,patch_13_21,3328,3584,5376,5632,65536,NDVI,-0.99609375,26201,19312,0.018961699669866633,19210,0.029663652930765783
0,patch_13_22,3328,3584,5632,5888,65536,MSAVI,-0.20703125,56030,,,,
0,patch_13_22,3328,3584,5632,5888,65536,NDVI,-0.99609375,9506,4840,0.025702183647988236,4861,0.04371399053869801
0,patch_13_23,3328,3584,5888,6144,65536,MSAVI,-0.32421875,49799,,,,
0,patch_13_23,3328,3584,5888,6144,65536,NDVI,-0.99609375,15737,7962,0.024713417399137697,7993,0.04102969567946299
0,patch_13_24,3328,3584,6144,6400,65536,MSAVI,-0.19921875,41376,,,,
0,patch_13_24,3328,3584,6144,6400,65536,NDVI,-0.99609375,24160,9592,0.014215937265274786,9951,0.022402195338265873
0,patch_13_25,3328,3584,6400,6656,65536,MSAVI,-0.16015625,42228,,,,
0,patch_13_25,3328,3584,6400,6656,65536,NDVI,-0.99609375,23308,12107,0.01979210647155598,65536,0.02726767444909231
0,patch_13_26,3328,3584,6656,6912,65536,MSAVI,-0.37109375,41824,,,,
0,patch_13_26,3328,3584,6656,6912,65536,NDVI,-0.99609375,23712,10738,0.016480992895727326,11380,0.027013058832845216
0,patch_13_27,3328,3584,6912,7168,65536,MSAVI,-0.19140625,40521,,,,
0,patch_13_27,3328,3584,6912,7168,65536,NDVI,-0.99609375,25015,15131,0.018123623742041267,16370,0.02894317027132537
0,patch_13_28,3328,3584,7168,7424,65536,MSAVI,-0.15234375,42094,,,,
0,patch_13_28,3328,3584,7168,7424,65536,NDVI,-0.99609375,23442,16713,0.01909770284235593,15995,0.03047264186519455
0,patch_13_29,3328,3584,7424,7680,65536,MSAVI,-0.23046875,37339,,,,
0,patch_13_29,3328,3584,7424,7680,65536,NDVI,-0.99609375,28197,19571,0.0158464359716389,20412,0.02521312238809595
0,patch_13_30,3328,3584,7680,7936,65536,MSAVI,-0.27734375,40889,,,,
0,patch_13_30,3328,3584,7680,7936,65536,NDVI,-0.49609375,24646,11442,0.014905104577629474,11560,0.024165506101189255
0,patch_13_31,3328,3584,7936,8192,65536,MSAVI,-0.21484375,39144,,,,
0,patch_13_31,3328,3584,7936,8192,65536,NDVI,-0.99609375,26392,9910,0.011275905574274658,11443,0.021078343986638298
0,patch_13_32,3328,3584,8192,8448,65536,MSAVI,-0.00390625,34119,,,,
0,patch_13_32,3328,3584,8192,8448,65536,NDVI,-0.99609375,31417,20947,0.011618777500720295,65536,0.018221572877702763
0,patch_14_0,3584,3840,0,256,65536,MSAVI,0.06640625,43934,,,,
0,patch_14_0,3584,3840,0,256,65536,NDVI,-0.99609375,21602,12742,0.02070636469372407,65536,0.03306592880870321
0,patch_14_1,3584,3840,256,512,65536,MSAVI,-0.18359375,37766,,,,
0,patch_14_1,3584,3840,256,512,65536,NDVI,-0.99609375,27770,14908,0.012114198000306067,16688,0.022604815293039204
0,patch_14_2,3584,3840,512,768,65536,MSAVI,-0.19921875,42482,,,,
0,patch_14_2,3584,3840,512,768,65536,NDVI,-0.99609375,23054,11667,0.019639547684818195,65536,0.029179221500075986
0,patch_14_3,3584,3840,768,1024,65536,MSAVI,-0.08984375,47308,,,,
0,patch_14_3,3584,3840,768,1024,65536,NDVI,-0.99609375,18228,11657,0.026610301716923357,65536,0.03424828027423235
0,patch_14_4,3584,3840,1024,1280,65536,MSAVI,-0.19921875,37862,,,,
0,patch_14_4,3584,3840,1024,1280,65536,NDVI,-0.99609375,27674,11658,0.009977497690808773,14805,0.01999333403836412
0,patch_14_5,3584,3840,1280,1536,65536,MSAVI,-0.02734375,35925,,,,
0,patch_14_5,3584,3840,1280,1536,65536,NDVI,-0.99609375,29611,22749,0.013851331544957268,65536,0.01953998260821152
0,patch_14_6,3584,3840,1536,1792,65536,MSAVI,-0.22265625,38586,,,,
0,patch_14_6,3584,3840,1536,1792,65536,NDVI,-0.99609375,26950,12777,0.013109397117399738,65536,0.023564577446288953
0,patch_14_7,3584,3840,1792,2048,65536,MSAVI,-0.15234375,37078,,,,
0,patch_14_7,3584,3840,1792,2048,65536,NDVI,-0.99609375,28458,10911,0.010767794428526711,14805,0.021037431060518197
0,patch_14_8,3584,3840,2048,2304,65536,MSAVI,-0.27734375,39537,,,,
0,patch_14_8,3584,3840,2048,2304,65536,NDVI,-0.99609375,25999,14583,0.016277751686788494,15445,0.027531331243535212
0,patch_14_9,3584,3840,2304,2560,65536,MSAVI,-0.08984375,41270,,,,
0,patch_14_9,3584,3840,2304,2560,65536,NDVI,-0.99609375,24266,17450,0.017989700893811786,18017,0.02966754100193575
0,patch_14_10,3584,3840,2560,2816,65536,MSAVI,-0.14453125,37655,,,,
0,patch_14_10,3584,3840,2560,2816,65536,NDVI,-0.99609375,27881,11759,0.011819059417905398,15057,0.021757313595504563
0,patch_14_11,3584,3840,2816,3072,65536,MSAVI,-0.01171875,36774,,,,
0,patch_14_11,3584,3840,2816,3072,65536,NDVI,-0.99609375,28762,14529,0.011859141679261137,18262,0.02244608308346674
0,patch_14_12,3584,3840,3072,3328,65536,MSAVI,-0.04296875,40943,,,,
0,patch_14_12,3584,3840,3072,3328,65536,NDVI,-0.51953125,24592,11683,0.014662849314698134,12713,0.02359827809154863
0,patch_14_13,3584,3840,3328,3584,65536,MSAVI,-0.09765625,40844,,,,
0,patch_14_13,3584,3840,3328,3584,65536,NDVI,-0.99609375,24692,12136,0.016562437477761177,13500,0.027850714579813918
0,patch_14_14,3584,3840,3584,3840,65536,MSAVI,0.02734375,35599,,,,
0,patch_14_14,3584,3840,3584,3840,65536,NDVI,-0.35546875,29936,22859,0.014047643875144941,22905,0.02278784072517881
0,patch_14_15,3584,3840,3840,4096,65536,MSAVI,-0.11328125,43851,,,,
0,patch_14_15,3584,3840,3840,4096,65536,NDVI,-0.42578125,21684,12955,0.02434676813548363,65536,0.029235726551780084
0,patch_14_16,3584,3840,4096,4352,65536,MSAVI,-0.11328125,38535,,,,
0,patch_14_16,3584,3840,4096,4352,65536,NDVI,-0.42578125,26997,17293,0.016263725142680416,17611,0.025523927565032606
0,patch_14_17,3584,3840,4352,4608,65536,MSAVI,-0.20703125,48134,,,,
0,patch_14_17,3584,3840,4352,4608,65536,NDVI,-0.99609375,17402,8034,0.020956160532797766,8025,0.03644496633775557
0,patch_14_18,3584,3840,4608,4864,65536,MSAVI,-0.15234375,34456,,,,
0,patch_14_18,3584,3840,4608,4864,65536,NDVI,-0.99609375,31080,23673,0.016002138937384322,65536,0.023784455933744758
0,patch_14_19,3584,3840,4864,5120,65536,MSAVI,-0.34765625,43777,,,,
0,patch_14_19,3584,3840,4864,5120,65536,NDVI,-0.99609375,21759,6054,0.018286727201731273,6510,0.028360890383387655
0,patch_14_20,3584,3840,5120,5376,65536,MSAVI,-0.18359375,51451,,,,
0,patch_14_20,3584,3840,5120,5376,65536,NDVI,-0.44921875,14083,6946,0.0255217666623873,6893,0.03927081281210951
0,patch_14_21,3584,3840,5376,5632,65536,MSAVI,0.00390625,39454,,,,
0,patch_14_21,3584,3840,5376,5632,65536,NDVI,-0.99609375,26082,22639,0.01823659281679728,65536,0.02944045014330468
0,patch_14_22,3584,3840,5632,5888,65536,MSAVI,-0.18359375,52274,,,,
0,patch_14_22,3584,3840,5632,5888,65536,NDVI,-0.37890625,13259,11917,0.022671129289441525,65536,0.041360790037162976
0,patch_14_23,3584,3840,5888,6144,65536,MSAVI,-0.23828125,46482,,,,
0,patch_14_23,3584,3840,5888,6144,65536,NDVI,-0.99609375,19054,9088,0.02034225326028552,9967,0.03539257654179909
0,patch_14_24,3584,3840,6144,6400,65536,MSAVI,-0.05859375,34087,,,,
0,patch_14_24,3584,3840,6144,6400,65536,NDVI,-0.99609375,31449,24869,0.015976397442755766,65536,0.024152164259253928
0,patch_14_25,3584,3840,6400,6656,65536,MSAVI,-0.05078125,35073,,,,
0,patch_14_25,3584,3840,6400,6656,65536,NDVI,-0.99609375,30463,21581,0.013236155176590575,21736,0.02182140701404925
0,patch_14_26,3584,3840,6656,6912,65536,MSAVI,-0.19140625,36304,,,,
0,patch_14_26,3584,3840,6656,6912,65536,NDVI,-0.99609375,29232,17758,0.011593019387478504,18830,0.020586084594837822
0,patch_14_27,3584,3840,6912,7168,65536,MSAVI,-0.26953125,40686,,,,
0,patch_14_27,3584,3840,6912,7168,65536,NDVI,-0.99609375,24850,11708,0.015609982073258227,12428,0.025049796858509304
0,patch_14_28,3584,3840,7168,7424,65536,MSAVI,-0.30078125,43345,,,,
0,patch_14_28,3584,3840,7168,7424,65536,NDVI,-0.99609375,22191,8246,0.017474519303589897,8891,0.030095856180212377
0,patch_14_29,3584,3840,7424,7680,65536,MSAVI,-0.19921875,43274,,,,
0,patch_14_29,3584,3840,7424,7680,65536,NDVI,-0.49609375,22261,13548,0.019344418062920435,13624,0.03158058140201797
0,patch_14_30,3584,3840,7680,7936,65536,MSAVI,-0.17578125,34716,,,,
0,patch_14_30,3584,3840,7680,7936,65536,NDVI,-0.99609375,30820,12066,0.006941914947135225,16710,0.018247196200297577
0,patch_14_31,3584,3840,7936,8192,65536,MSAVI,-0.10546875,35403,,,,
0,patch_14_31,3584,3840,7936,8192,65536,NDVI,-0.99609375,30133,13235,0.007526218079674171,15119,0.018743702728175993
0,patch_14_32,3584,3840,8192,8448,65536,MSAVI,-0.14453125,29933,,,,
0,patch_14_32,3584,3840,8192,8448,65536,NDVI,-0.99609375,35603,14611,0.004106946249003915,65410,0.013394877413902023
0,patch_15_0,3840,4096,0,256,65536,MSAVI,-0.00390625,42910,,,,
0,patch_15_0,3840,4096,0,256,65536,NDVI,-0.99609375,22626,12252,0.014039597570883328,13037,0.02997652388601013
0,patch_15_1,3840,4096,256,512,65536,MSAVI,-0.19140625,42422,,,,
0,patch_15_1,3840,4096,256,512,65536,NDVI,-0.99609375,23114,7238,0.013011584084626701,8451,0.027091375469319917
0,patch_15_2,3840,4096,512,768,65536,MSAVI,-0.16015625,39585,,,,
0,patch_15_2,3840,4096,512,768,65536,NDVI,-0.99609375,25951,9464,0.010555018228547777,12292,0.024986275219869708
0,patch_15_3,3840,4096,768,1024,65536,MSAVI,-0.12890625,38919,,,,
0,patch_15_3,3840,4096,768,1024,65536,NDVI,-0.99609375,26617,23310,0.023631171496163894,65536,0.027562774096151627
0,patch_15_4,3840,4096,1024,1280,65536,MSAVI,-0.08984375,35676,,,,
0,patch_15_4,3840,4096,1024,1280,65536,NDVI,-0.99609375,29860,13967,0.008837134588832146,17343,0.019175935694087376
0,patch_15_5,3840,4096,1280,1536,65536,MSAVI,-0.18359375,35314,,,,
0,patch_15_5,3840,4096,1280,1536,65536,NDVI,-0.99609375,30222,14750,0.007717187012420482,18319,0.019208873004900734
0,patch_15_6,3840,4096,1536,1792,65536,MSAVI,-0.08203125,36839,,,,
0,patch_15_6,3840,4096,1536,1792,65536,NDVI,-0.99609375,28697,12701,0.008344973121393512,16848,0.022090017859834415
0,patch_15_7,3840,4096,1792,2048,65536,MSAVI,-0.15234375,41921,,,,
0,patch_15_7,3840,4096,1792,2048,65536,NDVI,-0.44140625,23614,10126,0.016453940224631994,10990,0.0253002084718294
0,patch_15_8,3840,4096,2048,2304,65536,MSAVI,-0.02734375,33545,,,,
0,patch_15_8,3840,4096,2048,2304,65536,NDVI,-0.99609375,31991,22495,0.011123284052189986,22819,0.018770046599633355
0,patch_15_9,3840,4096,2304,2560,65536,MSAVI,-0.07421875,39796,,,,
0,patch_15_9,3840,4096,2304,2560,65536,NDVI,-0.99609375,25740,14843,0.01672182974306169,16590,0.028330968487737862
0,patch_15_10,3840,4096,2560,2816,65536,MSAVI,0.01171875,40533,,,,
0,patch_15_10,3840,4096,2560,2816,65536,NDVI,-0.99609375,25003,18750,0.023075070887144028,65536,0.03139552159896633
0,patch_15_11,3840,4096,2816,3072,65536,MSAVI,0.00390625,40518,,,,
0,patch_15_11,3840,4096,2816,3072,65536,NDVI,-0.42578125,25013,15399,0.019959856971486264,65536,0.02714474752006335
0,patch_15_12,3840,4096,3072,3328,65536,MSAVI,-0.12109375,40647,,,,
0,patch_15_12,3840,4096,3072,3328,65536,NDVI,-0.48828125,24888,15264,0.01768625555146773,65536,0.02523314720173625
0,patch_15_13,3840,4096,3328,3584,65536,MSAVI,-0.09765625,41081,,,,
0,patch_15_13,3840,4096,3328,3584,65536,NDVI,-0.99609375,24455,7750,0.0145380034493688,8564,0.023108138265109268
0,patch_15_14,3840,4096,3584,3840,65536,MSAVI,-0.06640625,36252,,,,
0,patch_15_14,3840,4096,3584,3840,65536,NDVI,-0.99609375,29284,14889,0.008813157486452533,18450,0.019371307124620457
0,patch_15_15,3840,4096,3840,4096,65536,MSAVI,-0.01953125,34693,,,,
0,patch_15_15,3840,4096,3840,4096,65536,NDVI,-0.99609375,30843,21523,0.015513535773995349,65536,0.019740191753516767
0,patch_15_16,3840,4096,4096,4352,65536,MSAVI,-0.12109375,35099,,,,
0,patch_15_16,3840,4096,4096,4352,65536,NDVI,-0.99609375,30437,23250,0.017442726290701677,65536,0.022529047672982
0,patch_15_17,3840,4096,4352,4608,65536,MSAVI,-0.11328125,39131,,,,
0,patch_15_17,3840,4096,4352,4608,65536,NDVI,-0.99609375,26405,20357,0.021919687895404633,65536,0.028905380567709832
0,patch_15_18,3840,4096,4608,4864,65536,MSAVI,-0.26953125,39770,,,,
0,patch_15_18,3840,4096,4608,4864,65536,NDVI,-0.99609375,25766,16519,0.017663930728308908,16660,0.026424166601129118
0,patch_15_19,3840,4096,4864,5120,65536,MSAVI,-0.14453125,32198,,,,
0,patch_15_19,3840,4096,4864,5120,65536,NDVI,-0.99609375,33338,25553,0.01286562413106676,65536,0.020120895728624938
0,patch_15_20,3840,4096,5120,5376,65536,MSAVI,-0.24609375,41868,,,,
0,patch_15_20,3840,4096,5120,5376,65536,NDVI,-0.51171875,23666,16646,0.02304357819044471,16691,0.030927779746498102
0,patch_15_21,3840,4096,5376,5632,65536,MSAVI,-0.12109375,42447,,,,
0,patch_15_21,3840,4096,5376,5632,65536,NDVI,-0.99609375,23089,17443,0.01642712661492489,17117,0.031293101818724745
0,patch_15_22,3840,4096,5632,5888,65536,MSAVI,-0.31640625,38489,,,,
0,patch_15_22,3840,4096,5632,5888,65536,NDVI,-0.46484375,27046,26727,0.018688804412326412,26488,0.0372742802056823
0,patch_15_23,3840,4096,5888,6144,65536,MSAVI,-0.13671875,38220,,,,
0,patch_15_23,3840,4096,5888,6144,65536,NDVI,-0.99609375,27316,19577,0.014138876960373109,20361,0.025452074691005577
0,patch_15_24,3840,4096,6144,6400,65536,MSAVI,-0.16015625,38310,,,,
0,patch_15_24,3840,4096,6144,6400,65536,NDVI,-0.99609375,27226,15790,0.014918989779466069,16237,0.02429188312342423
0,patch_15_25,3840,4096,6400,6656,65536,MSAVI,-0.08203125,33136,,,,
0,patch_15_25,3840,4096,6400,6656,65536,NDVI,-0.99609375,32400,18220,0.007088750807932323,23566,0.01937138289881743
0,patch_15_26,3840,4096,6656,6912,65536,MSAVI,-0.10546875,41068,,,,
0,patch_15_26,3840,4096,6656,6912,65536,NDVI,-0.99609375,24468,14167,0.01794245261657408,65536,0.028310335686356436
0,patch_15_27,3840,4096,6912,7168,65536,MSAVI,-0.19140625,46822,,,,
0,patch_15_27,3840,4096,6912,7168,65536,NDVI,-0.99609375,18714,15121,0.021526301683230498,14763,0.0350704325727168
0,patch_15_28,3840,4096,7168,7424,65536,MSAVI,-0.30078125,42161,,,,
0,patch_15_28,3840,4096,7168,7424,65536,NDVI,-0.99609375,23375,9322,0.01666470184690806,10412,0.026598055088921296
0,patch_15_29,3840,4096,7424,7680,65536,MSAVI,-0.03515625,31390,,,,
0,patch_15_29,3840,4096,7424,7680,65536,NDVI,-0.99609375,34146,28526,0.013169028601538998,65536,0.021707856790756624
0,patch_15_30,3840,4096,7680,7936,65536,MSAVI,-0.23828125,33125,,,,
0,patch_15_30,3840,4096,7680,7936,65536,NDVI,-0.99609375,32411,17546,0.006993411685348505,22007,0.019845131120635462
0,patch_15_31,3840,4096,7936,8192,65536,MSAVI,-0.19921875,36297,,,,
0,patch_15_31,3840,4096,7936,8192,65536,NDVI,-0.45703125,29233,14147,0.008462054152882759,15549,0.0187955797068452
0,patch_15_32,3840,4096,8192,8448,65536,MSAVI,0.01171875,27613,,,,
0,patch_15_32,3840,4096,8192,8448,65536,NDVI,-0.99609375,37923,0,-0.008071663038240855,65381,0.014906459661279098
0,patch_16_0,4096,4352,0,256,65536,MSAVI,-0.19921875,40833,,,,
0,patch_16_0,4096,4352,0,256,65536,NDVI,-0.99609375,24703,14818,0.015785767216101407,15134,0.029182741054199712
0,patch_16_1,4096,4352,256,512,65536,MSAVI,-0.16796875,40267,,,,
0,patch_16_1,4096,4352,256,512,65536,NDVI,-0.58984375,25267,10556,0.012700392696492702,11381,0.02367351502501988
0,patch_16_2,4096,4352,512,768,65536,MSAVI,-0.22265625,40566,,,,
0,patch_16_2,4096,4352,512,768,65536,NDVI,-0.67578125,24938,5982,0.013237288925601831,7786,0.02518422986086813
0,patch_16_3,4096,4352,768,1024,65536,MSAVI,-0.05078125,49735,,,,
0,patch_16_3,4096,4352,768,1024,65536,NDVI,-0.99609375,15801,12924,0.027377014697823374,65536,0.03710891555300022
0,patch_16_4,4096,4352,1024,1280,65536,MSAVI,-0.17578125,37618,,,,
0,patch_16_4,4096,4352,1024,1280,65536,NDVI,-0.54296875,27916,16236,0.011897722207582478,65536,0.023117622083141998
0,patch_16_5,4096,4352,1280,1536,65536,MSAVI,-0.05078125,33497,,,,
0,patch_16_5,4096,4352,1280,1536,65536,NDVI,-0.99609375,32039,18051,0.0065189888405015745,22388,0.02055330578504372
0,patch_16_6,4096,4352,1536,1792,65536,MSAVI,-0.11328125,41934,,,,
0,patch_16_6,4096,4352,1536,1792,65536,NDVI,-0.99609375,23602,11687,0.017098348124954102,65536,0.026888589980815336
0,patch_16_7,4096,4352,1792,2048,65536,MSAVI,-0.15234375,37367,,,,
0,patch_16_7,4096,4352,1792,2048,65536,NDVI,-0.47265625,28164,14356,0.011283599167386707,15903,0.020712129545998798
0,patch_16_8,4096,4352,2048,2304,65536,MSAVI,-0.01953125,37192,,,,
0,patch_16_8,4096,4352,2048,2304,65536,NDVI,-0.99609375,28344,14832,0.012016538122816223,17606,0.021598634357517077
0,patch_16_9,4096,4352,2304,2560,65536,MSAVI,0.14453125,36840,,,,
0,patch_16_9,4096,4352,2304,2560,65536,NDVI,-0.99609375,28696,23594,0.017705859644641483,65536,0.024505234901829043
0,patch_16_10,4096,4352,2560,2816,65536,MSAVI,0.01171875,34090,,,,
0,patch_16_10,4096,4352,2560,2816,65536,NDVI,-0.99609375,31446,27719,0.017537455203095756,65536,0.02529021120822858
0,patch_16_11,4096,4352,2816,3072,65536,MSAVI,-0.05078125,38266,,,,
0,patch_16_11,4096,4352,2816,3072,65536,NDVI,-0.99609375,27270,14048,0.012586938840292897,15760,0.02198643989878013
0,patch_16_12,4096,4352,3072,3328,65536,MSAVI,0.05859375,38581,,,,
0,patch_16_12,4096,4352,3072,3328,65536,NDVI,-0.43359375,26944,19099,0.020920656792649497,65536,0.025197784680023122
0,patch_16_13,4096,4352,3328,3584,65536,MSAVI,-0.04296875,40684,,,,
0,patch_16_13,4096,4352,3328,3584,65536,NDVI,-0.99609375,24852,19759,0.017696816494949835,65536,0.027027793397494115
0,patch_16_14,4096,4352,3584,3840,65536,MSAVI,-0.12109375,39536,,,,
0,patch_16_14,4096,4352,3584,3840,65536,NDVI,-0.99609375,26000,10820,0.015231981608198289,11918,0.02518430611984801
0,patch_16_15,4096,4352,3840,4096,65536,MSAVI,-0.11328125,36970,,,,
0,patch_16_15,4096,4352,3840,4096,65536,NDVI,-0.99609375,28566,18080,0.01467189203012638,65536,0.02175496957192974
0,patch_16_16,4096,4352,4096,4352,65536,MSAVI,0.00390625,36757,,,,
0,patch_16_16,4096,4352,4096,4352,65536,NDVI,-0.99609375,28779,19424,0.017113405141872248,65536,0.02110713184464824
0,patch_16_17,4096,4352,4352,4608,65536,MSAVI,0.03515625,34175,,,,
0,patch_16_17,4096,4352,4352,4608,65536,NDVI,-0.99609375,31361,12726,0.005681648402320119,18192,0.01581398466754666
0,patch_16_18,4096,4352,4608,4864,65536,MSAVI,-0.13671875,41166,,,,
0,patch_16_18,4096,4352,4608,4864,65536,NDVI,-0.99609375,24370,13729,0.018550172219464645,65536,0.025565902298039594
0,patch_16_19,4096,4352,4864,5120,65536,MSAVI,-0.12890625,33592,,,,
0,patch_16_19,4096,4352,4864,5120,65536,NDVI,-0.99609375,31944,20449,0.010601875433116942,23560,0.0197226142795697
0,patch_16_20,4096,4352,5120,5376,65536,MSAVI,0.00390625,44962,,,,
0,patch_16_20,4096,4352,5120,5376,65536,NDVI,-0.99609375,20574,14659,0.023137322391468262,65536,0.029259658663999155
0,patch_16_21,4096,4352,5376,5632,65536,MSAVI,-0.19921875,47345,,,,
0,patch_16_21,4096,4352,5376,5632,65536,NDVI,-0.99609375,18191,15534,0.022471299691934746,65536,0.03601739369700119
0,patch_16_22,4096,4352,5632,5888,65536,MSAVI,-0.26171875,38809,,,,
0,patch_16_22,4096,4352,5632,5888,65536,NDVI,-0.99609375,26727,19352,0.01743453860903331,20858,0.03201977911996581
0,patch_16_23,4096,4352,5888,6144,65536,MSAVI,-0.22265625,36667,,,,
0,patch_16_23,4096,4352,5888,6144,65536,NDVI,-0.99609375,28869,16277,0.011307827487218258,17316,0.021084481687207945
0,patch_16_24,4096,4352,6144,6400,65536,MSAVI,-0.06640625,31352,,,,
0,patch_16_24,4096,4352,6144,6400,65536,NDVI,-0.99609375,34184,9319,0.0006481695140607979,21388,0.013968309832582099
0,patch_16_25,4096,4352,6400,6656,65536,MSAVI,-0.05859375,32400,,,,
0,patch_16_25,4096,4352,6400,6656,65536,NDVI,-0.99609375,33136,11412,0.0038333567909071276,19193,0.014562011839482136
0,patch_16_26,4096,4352,6656,6912,65536,MSAVI,-0.09765625,33086,,,,
0,patch_16_26,4096,4352,6656,6912,65536,NDVI,-0.99609375,32450,21197,0.010769557521594558,22507,0.01977480906225687
0,patch_16_27,4096,4352,6912,7168,65536,MSAVI,-0.15234375,38537,,,,
0,patch_16_27,4096,4352,6912,7168,65536,NDVI,-0.99609375,26999,19756,0.01891708802542051,20216,0.028727123509242863
0,patch_16_28,4096,4352,7168,7424,65536,MSAVI,-0.10546875,41593,,,,
0,patch_16_28,4096,4352,7168,7424,65536,NDVI,-0.99609375,23943,15396,0.0222697190205354,65536,0.03151709808767289
0,patch_16_29,4096,4352,7424,7680,65536,MSAVI,-0.07421875,26088,,,,
0,patch_16_29,4096,4352,7424,7680,65536,NDVI,-0.99609375,39448,0,-0.012855860535482287,65536,0.017814811037396655
0,patch_16_30,4096,4352,7680,7936,65536,MSAVI,-0.20703125,41224,,,,
0,patch_16_30,4096,4352,7680,7936,65536,NDVI,-0.99609375,24312,19556,0.0179438899143384,65536,0.029546355868258045
0,patch_16_31,4096,4352,7936,8192,65536,MSAVI,-0.00390625,39492,,,,
0,patch_16_31,4096,4352,7936,8192,65536,NDVI,-0.37109375,26043,18553,0.016064558075466348,65536,0.026212506709285016
0,patch_16_32,4096,4352,8192,8448,65536,MSAVI,-0.04296875,35383,,,,
0,patch_16_32,4096,4352,8192,8448,65536,NDVI,-0.99609375,30153,24430,0.015517636833011522,65536,0.02075261278817281
0,patch_17_0,4352,4608,0,256,65536,MSAVI,-0.12109375,37249,,,,
0,patch_17_0,4352,4608,0,256,65536,NDVI,-0.99609375,28287,12098,0.008442356794422817,14182,0.020827407227914124
0,patch_17_1,4352,4608,256,512,65536,MSAVI,-0.10546875,38746,,,,
0,patch_17_1,4352,4608,256,512,65536,NDVI,-0.51953125,26789,15648,0.012787427767065776,16130,0.024373862731616652
0,patch_17_2,4352,4608,512,768,65536,MSAVI,-0.23828125,43157,,,,
0,patch_17_2,4352,4608,512,768,65536,NDVI,-0.68359375,22310,8345,0.015871850268133522,8690,0.028970082682536397
0,patch_17_3,4352,4608,768,1024,65536,MSAVI,-0.20703125,47713,,,,
0,patch_17_3,4352,4608,768,1024,65536,NDVI,-0.54296875,17821,8901,0.022825664204175852,8963,0.03324124117775426
0,patch_17_4,4352,4608,1024,1280,65536,MSAVI,-0.12109375,38410,,,,
0,patch_17_4,4352,4608,1024,1280,65536,NDVI,-0.56640625,27125,13409,0.012774849239796646,15953,0.023973733595300556
0,patch_17_5,4352,4608,1280,1536,65536,MSAVI,-0.13671875,35197,,,,
0,patch_17_5,4352,4608,1280,1536,65536,NDVI,-0.40234375,30338,19690,0.009120022587282353,22213,0.021908923789939777
0,patch_17_6,4352,4608,1536,1792,65536,MSAVI,-0.17578125,36523,,,,
0,patch_17_6,4352,4608,1536,1792,65536,NDVI,-0.99609375,29013,20574,0.01602145164109753,22116,0.024774948307348638
0,patch_17_7,4352,4608,1792,2048,65536,MSAVI,0.01171875,39153,,,,
0,patch_17_7,4352,4608,1792,2048,65536,NDVI,-0.99609375,26383,24047,0.02086286758864052,65536,0.029218656552857797
0,patch_17_8,4352,4608,2048,2304,65536,MSAVI,-0.06640625,38237,,,,
0,patch_17_8,4352,4608,2048,2304,65536,NDVI,-0.99609375,27299,23486,0.016799031398925357,65536,0.024927691866037965
0,patch_17_9,4352,4608,2304,2560,65536,MSAVI,-0.10546875,41167,,,,
0,patch_17_9,4352,4608,2304,2560,65536,NDVI,-0.37109375,24362,16705,0.016977636991535344,65536,0.024603733730510086
0,patch_17_10,4352,4608,2560,2816,65536,MSAVI,-0.12109375,42898,,,,
0,patch_17_10,4352,4608,2560,2816,65536,NDVI,-0.41015625,22638,16183,0.020871736453201103,65536,0.02817294491036826
0,patch_17_11,4352,4608,2816,3072,65536,MSAVI,-0.02734375,39683,,,,
0,patch_17_11,4352,4608,2816,3072,65536,NDVI,-0.99609375,25853,19880,0.019374148727543228,65536,0.02650640580035235
0,patch_17_12,4352,4608,3072,3328,65536,MSAVI,-0.18359375,38364,,,,
0,patch_17_12,4352,4608,3072,3328,65536,NDVI,-0.49609375,27171,16586,0.01729816450027788,65536,0.022747762572297853
0,patch_17_13,4352,4608,3328,3584,65536,MSAVI,-0.07421875,38108,,,,
0,patch_17_13,4352,4608,3328,3584,65536,NDVI,-0.99609375,27428,23784,0.019859971689533698,65536,0.029161699105427208
0,patch_17_14,4352,4608,3584,3840,65536,MSAVI,-0.19921875,40620,,,,
0,patch_17_14,4352,4608,3584,3840,65536,NDVI,-0.99609375,24916,9257,0.015037608456250587,11188,0.02499294207569719
0,patch_17_15,4352,4608,3840,4096,65536,MSAVI,-0.29296875,45178,,,,
0,patch_17_15,4352,4608,3840,4096,65536,NDVI,-0.99609375,20358,6084,0.01928953864730526,6858,0.028728870351447555
0,patch_17_16,4352,4608,4096,4352,65536,MSAVI,-0.17578125,36303,,,,
0,patch_17_16,4352,4608,4096,4352,65536,NDVI,-0.99609375,29233,20473,0.014766080659019326,21008,0.02449824728827457
0,patch_17_17,4352,4608,4352,4608,65536,MSAVI,-0.18359375,36759,,,,
0,patch_17_17,4352,4608,4352,4608,65536,NDVI,-0.99609375,28777,23978,0.015663303324562228,25757,0.029805143697211406
0,patch_17_18,4352,4608,4608,4864,65536,MSAVI,-0.26953125,41139,,,,
0,patch_17_18,4352,4608,4608,4864,65536,NDVI,-0.99609375,24397,12630,0.01633622208235702,12455,0.02636940345839134
0,patch_17_19,4352,4608,4864,5120,65536,MSAVI,-0.07421875,38433,,,,
0,patch_17_19,4352,4608,4864,5120,65536,NDVI,-0.99609375,27103,14734,0.01628850717108997,65536,0.023422145516363735
0,patch_17_20,4352,4608,5120,5376,65536,MSAVI,-0.13671875,36931,,,,
0,patch_17_20,4352,4608,5120,5376,65536,NDVI,-0.99609375,28605,18526,0.016342367907873037,18156,0.025397747993720993
0,patch_17_21,4352,4608,5376,5632,65536,MSAVI,-0.31640625,51632,,,,
0,patch_17_21,4352,4608,5376,5632,65536,NDVI,-0.99609375,13904,9330,0.026750167144951445,9750,0.044088526789485744
0,patch_17_22,4352,4608,5632,5888,65536,MSAVI,-0.16796875,35765,,,,
0,patch_17_22,4352,4608,5632,5888,65536,NDVI,-0.99609375,29771,18918,0.011869566680185253,20219,0.0237457698886826
0,patch_17_23,4352,4608,5888,6144,65536,MSAVI,-0.08984375,46757,,,,
0,patch_17_23,4352,4608,5888,6144,65536,NDVI,-0.99609375,18779,14706,0.02134860794351924,65536,0.03409838119297712
0,patch_17_24,4352,4608,6144,6400,65536,MSAVI,-0.12890625,36259,,,,
0,patch_17_24,4352,4608,6144,6400,65536,NDVI,-0.99609375,29277,16162,0.012404210758397677,65536,0.01941904225384003
0,patch_17_25,4352,4608,6400,6656,65536,MSAVI,-0.08984375,35828,,,,
0,patch_17_25,4352,4608,6400,6656,65536,NDVI,-0.99609375,29708,18038,0.011669837556097684,65536,0.019653511616198244
0,patch_17_26,4352,4608,6656,6912,65536,MSAVI,-0.19140625,38534,,,,
0,patch_17_26,4352,4608,6656,6912,65536,NDVI,-0.99609375,27002,20782,0.019859628016325293,65536,0.02717174270493189
0,patch_17_27,4352,4608,6912,7168,65536,MSAVI,-0.04296875,38444,,,,
0,patch_17_27,4352,4608,6912,7168,65536,NDVI,-0.99609375,27092,17657,0.01729661501197871,65425,0.0228446387085339
0,patch_17_28,4352,4608,7168,7424,65536,MSAVI,-0.08984375,36137,,,,
0,patch_17_28,4352,4608,7168,7424,65536,NDVI,-0.99609375,29399,23679,0.01897637564828182,23186,0.025067640499530586
0,patch_17_29,4352,4608,7424,7680,65536,MSAVI,-0.07421875,24471,,,,
0,patch_17_29,4352,4608,7424,7680,65536,NDVI,-0.99609375,41065,106,-0.010839730068629927,65480,0.016421896098554378
0,patch_17_30,4352,4608,7680,7936,65536,MSAVI,-0.21484375,41684,,,,
0,patch_17_30,4352,4608,7680,7936,65536,NDVI,-0.99609375,23852,13848,0.018195677088607712,14410,0.029791476929210914
0,patch_17_31,4352,4608,7936,8192,65536,MSAVI,-0.24609375,43031,,,,
0,patch_17_31,4352,4608,7936,8192,65536,NDVI,-0.99609375,22505,12948,0.02147316819222736,14015,0.03430320967863537
0,patch_17_32,4352,4608,8192,8448,65536,MSAVI,-0.00390625,39373,,,,
0,patch_17_32,4352,4608,8192,8448,65536,NDVI,-0.99609375,26163,15588,0.016327474742264703,65536,0.02983479816561918
0,patch_18_0,4608,4864,0,256,65536,MSAVI,-0.06640625,38120,,,,
0,patch_18_0,4608,4864,0,256,65536,NDVI,-0.99609375,27416,11946,0.010900211258709935,13237,0.021514414535352938
0,patch_18_1,4608,4864,256,512,65536,MSAVI,-0.26953125,42645,,,,
0,patch_18_1,4608,4864,256,512,65536,NDVI,-0.57421875,22891,6738,0.013871239539668942,8267,0.028426769099143406
0,patch_18_2,4608,4864,512,768,65536,MSAVI,-0.19921875,44503,,,,
0,patch_18_2,4608,4864,512,768,65536,NDVI,-0.58984375,21010,8052,0.0169632180414767,9032,0.030178783124300085
0,patch_18_3,4608,4864,768,1024,65536,MSAVI,-0.20703125,42797,,,,
0,patch_18_3,4608,4864,768,1024,65536,NDVI,-0.55078125,22736,7220,0.016121825909419463,8955,0.027445995039406146
0,patch_18_4,4608,4864,1024,1280,65536,MSAVI,-0.17578125,40896,,,,
0,patch_18_4,4608,4864,1024,1280,65536,NDVI,-0.99609375,24640,17526,0.017941002347522467,17032,0.0293126794623364
0,patch_18_5,4608,4864,1280,1536,65536,MSAVI,-0.13671875,35304,,,,
0,patch_18_5,4608,4864,1280,1536,65536,NDVI,-0.99609375,30232,20102,0.010642840772159934,21764,0.023584630438606674
0,patch_18_6,4608,4864,1536,1792,65536,MSAVI,-0.16015625,40857,,,,
0,patch_18_6,4608,4864,1536,1792,65536,NDVI,-0.99609375,24679,12666,0.016851050210865484,13793,0.025406221172465465
0,patch_18_7,4608,4864,1792,2048,65536,MSAVI,-0.09765625,44561,,,,
0,patch_18_7,4608,4864,1792,2048,65536,NDVI,-0.99609375,20975,16876,0.024934813294405833,65536,0.0340033192399703
0,patch_18_8,4608,4864,2048,2304,65536,MSAVI,-0.23046875,45537,,,,
0,patch_18_8,4608,4864,2048,2304,65536,NDVI,-0.50390625,19999,8700,0.020684971992997972,65536,0.030586107876530766
0,patch_18_9,4608,4864,2304,2560,65536,MSAVI,-0.19921875,42206,,,,
0,patch_18_9,4608,4864,2304,2560,65536,NDVI,-0.48828125,23318,12476,0.017243208883991876,13496,0.027927825672654533
0,patch_18_10,4608,4864,2560,2816,65536,MSAVI,-0.12890625,32337,,,,
0,patch_18_10,4608,4864,2560,2816,65536,NDVI,-0.99609375,33199,21487,0.006623892216253299,25049,0.017395908271552046
0,patch_18_11,4608,4864,2816,3072,65536,MSAVI,0.05078125,29539,,,,
0,patch_18_11,4608,4864,2816,3072,65536,NDVI,-0.99609375,35997,0,-0.015312231257787218,65536,0.018272573596491204
0,patch_18_12,4608,4864,3072,3328,65536,MSAVI,0.16015625,38528,,,,
0,patch_18_12,4608,4864,3072,3328,65536,NDVI,-0.99609375,27008,21498,0.015867623590210905,20996,0.026463258058899708
0,patch_18_13,4608,4864,3328,3584,65536,MSAVI,-0.13671875,34720,,,,
0,patch_18_13,4608,4864,3328,3584,65536,NDVI,-0.99609375,30816,19422,0.010236053923324287,21979,0.021129449772557346
0,patch_18_14,4608,4864,3584,3840,65536,MSAVI,-0.20703125,45145,,,,
0,patch_18_14,4608,4864,3584,3840,65536,NDVI,-0.99609375,20391,18059,0.025771227293556742,65536,0.027889609210161426
0,patch_18_15,4608,4864,3840,4096,65536,MSAVI,-0.06640625,44873,,,,
0,patch_18_15,4608,4864,3840,4096,65536,NDVI,-0.99609375,20663,19129,0.023388420345819186,65536,0.03233586734093197
0,patch_18_16,4608,4864,4096,4352,65536,MSAVI,-0.23046875,37780,,,,
0,patch_18_16,4608,4864,4096,4352,65536,NDVI,-0.99609375,27756,13173,0.010894122533912143,15077,0.02006608650378522
0,patch_18_17,4608,4864,4352,4608,65536,MSAVI,-0.19921875,36244,,,,
0,patch_18_17,4608,4864,4352,4608,65536,NDVI,-0.99609375,29292,17980,0.009266167397544378,20151,0.020110033177873327
0,patch_18_18,4608,4864,4608,4864,65536,MSAVI,-0.06640625,43265,,,,
0,patch_18_18,4608,4864,4608,4864,65536,NDVI,-0.99609375,22271,16509,0.01927759097836533,65536,0.02700254013590564
0,patch_18_19,4608,4864,4864,5120,65536,MSAVI,-0.26953125,36646,,,,
0,patch_18_19,4608,4864,4864,5120,65536,NDVI,-0.99609375,28890,11960,0.009830927283529911,14190,0.020863840656846266
0,patch_18_20,4608,4864,5120,5376,65536,MSAVI,-0.15234375,42963,,,,
0,patch_18_20,4608,4864,5120,5376,65536,NDVI,-0.99609375,22573,15805,0.02305966417471339,65536,0.03506972556891816
0,patch_18_21,4608,4864,5376,5632,65536,MSAVI,-0.13671875,45353,,,,
0,patch_18_21,4608,4864,5376,5632,65536,NDVI,-0.99609375,20183,17148,0.019442871311738427,65536,0.031895066913145115
0,patch_18_22,4608,4864,5632,5888,65536,MSAVI,-0.00390625,35697,,,,
0,patch_18_22,4608,4864,5632,5888,65536,NDVI,-0.99609375,29839,12234,0.007929782589867373,15792,0.01925476970060791
0,patch_18_23,4608,4864,5888,6144,65536,MSAVI,0.00390625,40892,,,,
0,patch_18_23,4608,4864,5888,6144,65536,NDVI,-0.99609375,24644,16572,0.017447485370234467,65536,0.025777661070718744
0,patch_18_24,4608,4864,6144,6400,65536,MSAVI,-0.12890625,39123,,,,
0,patch_18_24,4608,4864,6144,6400,65536,NDVI,-0.99609375,26413,12549,0.013461973720986717,14765,0.024431695254311214
0,patch_18_25,4608,4864,6400,6656,65536,MSAVI,-0.04296875,34800,,,,
0,patch_18_25,4608,4864,6400,6656,65536,NDVI,-0.99609375,30736,20536,0.010264977929212632,65536,0.020338911308376117
0,patch_18_26,4608,4864,6656,6912,65536,MSAVI,-0.17578125,32913,,,,
0,patch_18_26,4608,4864,6656,6912,65536,NDVI,-0.99609375,32623,11227,0.0035524745190968487,17810,0.014856879683889546
0,patch_18_27,4608,4864,6912,7168,65536,MSAVI,-0.20703125,40552,,,,
0,patch_18_27,4608,4864,6912,7168,65536,NDVI,-0.99609375,24984,13018,0.01565455221539805,13365,0.02508547111311704
0,patch_18_28,4608,4864,7168,7424,65536,MSAVI,-0.23046875,40865,,,,
0,patch_18_28,4608,4864,7168,7424,65536,NDVI,-0.99609375,24671,15222,0.016621313359558798,15554,0.027406886090675986
0,patch_18_29,4608,4864,7424,7680,65536,MSAVI,-0.20703125,40013,,,,
0,patch_18_29,4608,4864,7424,7680,65536,NDVI,-0.99609375,25523,15608,0.01708754326555896,15491,0.026602550402083786
0,patch_18_30,4608,4864,7680,7936,65536,MSAVI,-0.23828125,40831,,,,
0,patch_18_30,4608,4864,7680,7936,65536,NDVI,-0.99609375,24705,5731,0.011237445589027631,8581,0.024078185849662204
0,patch_18_31,4608,4864,7936,8192,65536,MSAVI,-0.04296875,36887,,,,
0,patch_18_31,4608,4864,7936,8192,65536,NDVI,-0.99609375,28649,19303,0.017348262220187094,65536,0.024960223968850392
0,patch_18_32,4608,4864,8192,8448,65536,MSAVI,-0.11328125,36501,,,,
0,patch_18_32,4608,4864,8192,8448,65536,NDVI,-0.99609375,29035,17902,0.012940030114153511,65536,0.024397768063487202
0,patch_19_0,4864,5120,0,256,65536,MSAVI,-0.31640625,46230,,,,
0,patch_19_0,4864,5120,0,256,65536,NDVI,-0.99609375,19306,4597,0.015779113694391417,4994,0.031075987423636847
0,patch_19_1,4864,5120,256,512,65536,MSAVI,-0.20703125,45454,,,,
0,patch_19_1,4864,5120,256,512,65536,NDVI,-0.99609375,20082,4967,0.017244661440742035,5286,0.02917142891612573
0,patch_19_2,4864,5120,512,768,65536,MSAVI,-0.23046875,43938,,,,
0,patch_19_2,4864,5120,512,768,65536,NDVI,-0.54296875,21598,5520,0.016791984385898975,5738,0.028668024809398146
0,patch_19_3,4864,5120,768,1024,65536,MSAVI,-0.29296875,40772,,,,
0,patch_19_3,4864,5120,768,1024,65536,NDVI,-0.58984375,24764,10051,0.014583723971935955,10926,0.023823243972899533
0,patch_19_4,4864,5120,1024,1280,65536,MSAVI,-0.27734375,43079,,,,
0,patch_19_4,4864,5120,1024,1280,65536,NDVI,-0.99609375,22457,5639,0.017187190201373825,6563,0.02556191228899221
0,patch_19_5,4864,5120,1280,1536,65536,MSAVI,-0.02734375,35235,,,,
0,patch_19_5,4864,5120,1280,1536,65536,NDVI,-0.99609375,30301,25632,0.017444238620917804,65536,0.024836247284538204
0,patch_19_6,4864,5120,1536,1792,65536,MSAVI,-0.13671875,37222,,,,
0,patch_19_6,4864,5120,1536,1792,65536,NDVI,-0.99609375,28314,24414,0.017056065361356315,24503,0.028420316923262634
0,patch_19_7,4864,5120,1792,2048,65536,MSAVI,-0.23046875,45716,,,,
0,patch_19_7,4864,5120,1792,2048,65536,NDVI,-0.51171875,19819,10471,0.02148472424998879,65536,0.026380570017982996
0,patch_19_8,4864,5120,2048,2304,65536,MSAVI,-0.19140625,39466,,,,
0,patch_19_8,4864,5120,2048,2304,65536,NDVI,-0.44921875,26069,12959,0.014624939607301976,14004,0.02350330805831083
0,patch_19_9,4864,5120,2304,2560,65536,MSAVI,-0.30078125,41749,,,,
0,patch_19_9,4864,5120,2304,2560,65536,NDVI,-0.99609375,23787,13246,0.017852348117209704,13791,0.028046108860632524
0,patch_19_10,4864,5120,2560,2816,65536,MSAVI,-0.05078125,34166,,,,
0,patch_19_10,4864,5120,2560,2816,65536,NDVI,-0.99609375,31370,23153,0.013096741639659445,23236,0.020658013025896566
0,patch_19_11,4864,5120,2816,3072,65536,MSAVI,-0.01171875,42571,,,,
0,patch_19_11,4864,5120,2816,3072,65536,NDVI,-0.99609375,22965,17962,0.019403954552382918,65536,0.027764594924994085
0,patch_19_12,4864,5120,3072,3328,65536,MSAVI,0.07421875,35019,,,,
0,patch_19_12,4864,5120,3072,3328,65536,NDVI,-0.99609375,30517,27320,0.015789599135004134,65536,0.024408118443270344
0,patch_19_13,4864,5120,3328,3584,65536,MSAVI,-0.12109375,37506,,,,
0,patch_19_13,4864,5120,3328,3584,65536,NDVI,-0.99609375,28030,21025,0.017077205193310727,65536,0.026606596561459944
0,patch_19_14,4864,5120,3584,3840,65536,MSAVI,0.00390625,30492,,,,
0,patch_19_14,4864,5120,3584,3840,65536,NDVI,-0.99609375,35044,29855,0.01303486420782557,65536,0.019630890294853737
0,patch_19_15,4864,5120,3840,4096,65536,MSAVI,-0.20703125,38929,,,,
0,patch_19_15,4864,5120,3840,4096,65536,NDVI,-0.99609375,26607,15152,0.015968164478024835,16009,0.025843478446835683
0,patch_19_16,4864,5120,4096,4352,65536,MSAVI,-0.16796875,41988,,,,
0,patch_19_16,4864,5120,4096,4352,65536,NDVI,-0.99609375,23548,14152,0.02084785985511664,65536,0.02656741857515682
0,patch_19_17,4864,5120,4352,4608,65536,MSAVI,0.04296875,34894,,,,
0,patch_19_17,4864,5120,4352,4608,65536,NDVI,-0.99609375,30642,22290,0.011925643330989125,65536,0.0217464959073424
0,patch_19_18,4864,5120,4608,4864,65536,MSAVI,-0.07421875,38792,,,,
0,patch_19_18,4864,5120,4608,4864,65536,NDVI,-0.99609375,26744,21134,0.019469556459623907,65536,0.03123309866401458
0,patch_19_19,4864,5120,4864,5120,65536,MSAVI,-0.26953125,37214,,,,
0,patch_19_19,4864,5120,4864,5120,65536,NDVI,-0.99609375,28322,12681,0.011680500425117785,15095,0.02277578120951218
0,patch_19_20,4864,5120,5120,5376,65536,MSAVI,-0.23046875,50627,,,,
0,patch_19_20,4864,5120,5120,5376,65536,NDVI,-0.51171875,14909,10087,0.02683605422563015,9706,0.0441302125992204
0,patch_19_21,4864,5120,5376,5632,65536,MSAVI,-0.12109375,40439,,,,
0,patch_19_21,4864,5120,5376,5632,65536,NDVI,-0.99609375,25097,14431,0.01547572470654067,14972,0.027916397589244635
0,patch_19_22,4864,5120,5632,5888,65536,MSAVI,-0.16796875,34448,,,,
0,patch_19_22,4864,5120,5632,5888,65536,NDVI,-0.99609375,31088,16236,0.006503891888783531,19821,0.01895768675498785
0,patch_19_23,4864,5120,5888,6144,65536,MSAVI,-0.18359375,35858,,,,
0,patch_19_23,4864,5120,5888,6144,65536,NDVI,-0.99609375,29678,12342,0.00894140681155145,17305,0.019769915420792428
0,patch_19_24,4864,5120,6144,6400,65536,MSAVI,-0.03515625,37707,,,,
0,patch_19_24,4864,5120,6144,6400,65536,NDVI,-0.99609375,27829,19600,0.018761939991059434,65536,0.02591164030816903
0,patch_19_25,4864,5120,6400,6656,65536,MSAVI,-0.12890625,39977,,,,
0,patch_19_25,4864,5120,6400,6656,65536,NDVI,-0.99609375,25559,19333,0.01942086245135813,65536,0.02711909077165109
0,patch_19_26,4864,5120,6656,6912,65536,MSAVI,-0.01953125,37060,,,,
0,patch_19_26,4864,5120,6656,6912,65536,NDVI,-0.99609375,28476,21845,0.01932627434864835,65536,0.028159189279613306
0,patch_19_27,4864,5120,6912,7168,65536,MSAVI,-0.03515625,34913,,,,
0,patch_19_27,4864,5120,6912,7168,65536,NDVI,-0.99609375,30623,25512,0.01562185099944638,25185,0.024729846200055805
0,patch_19_28,4864,5120,7168,7424,65536,MSAVI,-0.01171875,37385,,,,
0,patch_19_28,4864,5120,7168,7424,65536,NDVI,-0.99609375,28151,20403,0.016763247088275646,65435,0.02715616712862365
0,patch_19_29,4864,5120,7424,7680,65536,MSAVI,-0.17578125,36861,,,,
0,patch_19_29,4864,5120,7424,7680,65536,NDVI,-0.99609375,28675,19803,0.013678357607759678,21448,0.02517671455109305
0,patch_19_30,4864,5120,7680,7936,65536,MSAVI,-0.17578125,43871,,,,
0,patch_19_30,4864,5120,7680,7936,65536,NDVI,-0.99609375,21665,11885,0.018458563621925703,12487,0.03232405099905383
0,patch_19_31,4864,5120,7936,8192,65536,MSAVI,-0.19921875,43873,,,,
0,patch_19_31,4864,5120,7936,8192,65536,NDVI,-0.99609375,21663,10559,0.02068249738287832,10747,0.032198132036278776
0,patch_19_32,4864,5120,8192,8448,65536,MSAVI,-0.05078125,36784,,,,
0,patch_19_32,4864,5120,8192,8448,65536,NDVI,-0.99609375,28752,20373,0.00961672041639483,19476,0.021938472705823914
0,patch_20_0,5120,5376,0,256,65536,MSAVI,-0.19921875,46641,,,,
0,patch_20_0,5120,5376,0,256,65536,NDVI,-0.99609375,18895,2447,0.020145368205673808,2954,0.032583676899371555
0,patch_20_1,5120,5376,256,512,65536,MSAVI,-0.23828125,45485,,,,
0,patch_20_1,5120,5376,256,512,65536,NDVI,-0.55859375,20050,4879,0.01688537719105654,5403,0.031930792329835894
0,patch_20_2,5120,5376,512,768,65536,MSAVI,-0.23046875,49842,,,,
0,patch_20_2,5120,5376,512,768,65536,NDVI,-0.99609375,15694,1568,0.022287062957779435,1882,0.03330606190486968
0,patch_20_3,5120,5376,768,1024,65536,MSAVI,-0.23046875,48736,,,,
0,patch_20_3,5120,5376,768,1024,65536,NDVI,-0.99609375,16800,4609,0.02361770884299598,5071,0.034135733607009194
0,patch_20_4,5120,5376,1024,1280,65536,MSAVI,-0.18359375,41056,,,,
0,patch_20_4,5120,5376,1024,1280,65536,NDVI,-0.51171875,24480,10389,0.014512520960875616,11121,0.025378809583897127
0,patch_20_5,5120,5376,1280,1536,65536,MSAVI,-0.15234375,38234,,,,
0,patch_20_5,5120,5376,1280,1536,65536,NDVI,-0.99609375,27302,14580,0.012623620278327446,16289,0.02447217247123612
0,patch_20_6,5120,5376,1536,1792,65536,MSAVI,-0.18359375,40657,,,,
0,patch_20_6,5120,5376,1536,1792,65536,NDVI,-0.99609375,24879,14102,0.015010981275474747,15670,0.029440850414616804
0,patch_20_7,5120,5376,1792,2048,65536,MSAVI,-0.12890625,41927,,,,
0,patch_20_7,5120,5376,1792,2048,65536,NDVI,-0.99609375,23609,18587,0.023113546344075933,65536,0.030559470205278688
0,patch_20_8,5120,5376,2048,2304,65536,MSAVI,-0.10546875,43245,,,,
0,patch_20_8,5120,5376,2048,2304,65536,NDVI,-0.99609375,22291,12836,0.020482637101161355,12916,0.028262346024335333
0,patch_20_9,5120,5376,2304,2560,65536,MSAVI,-0.20703125,40653,,,,
0,patch_20_9,5120,5376,2304,2560,65536,NDVI,-0.99609375,24883,15492,0.01880433706169493,65536,0.02537767159734397
0,patch_20_10,5120,5376,2560,2816,65536,MSAVI,0.01171875,39939,,,,
0,patch_20_10,5120,5376,2560,2816,65536,NDVI,-0.99609375,25597,19856,0.02177537709966583,65536,0.027931006819092358
0,patch_20_11,5120,5376,2816,3072,65536,MSAVI,-0.19140625,41984,,,,
0,patch_20_11,5120,5376,2816,3072,65536,NDVI,-0.99609375,23552,18089,0.020631795477378076,65536,0.02878864249567556
0,patch_20_12,5120,5376,3072,3328,65536,MSAVI,-0.21484375,38881,,,,
0,patch_20_12,5120,5376,3072,3328,65536,NDVI,-0.99609375,26655,14290,0.017878090160301008,14809,0.02384689719970079
0,patch_20_13,5120,5376,3328,3584,65536,MSAVI,-0.00390625,45502,,,,
0,patch_20_13,5120,5376,3328,3584,65536,NDVI,-0.99609375,20034,14056,0.018683820521091812,65536,0.03160124428252717
0,patch_20_14,5120,5376,3584,3840,65536,MSAVI,-0.11328125,39679,,,,
0,patch_20_14,5120,5376,3584,3840,65536,NDVI,-0.99609375,25857,18922,0.01963711759424608,65536,0.028150240547546668
0,patch_20_15,5120,5376,3840,4096,65536,MSAVI,-0.08984375,44667,,,,
0,patch_20_15,5120,5376,3840,4096,65536,NDVI,-0.99609375,20869,11850,0.02434009929734722,65536,0.03171297261720277
0,patch_20_16,5120,5376,4096,4352,65536,MSAVI,-0.08984375,39128,,,,
0,patch_20_16,5120,5376,4096,4352,65536,NDVI,-0.99609375,26408,16421,0.016024662036951687,18363,0.026865932252709446
0,patch_20_17,5120,5376,4352,4608,65536,MSAVI,-0.12890625,35849,,,,
0,patch_20_17,5120,5376,4352,4608,65536,NDVI,-0.99609375,29687,16837,0.01200412552863861,17549,0.021300715365101502
0,patch_20_18,5120,5376,4608,4864,65536,MSAVI,-0.06640625,42488,,,,
0,patch_20_18,5120,5376,4608,4864,65536,NDVI,-0.99609375,23048,19037,0.021514610814754156,65536,0.03412063061206777
0,patch_20_19,5120,5376,4864,5120,65536,MSAVI,-0.05078125,34974,,,,
0,patch_20_19,5120,5376,4864,5120,65536,NDVI,-0.99609375,30562,22272,0.017191098723593243,65536,0.02180028028302164
0,patch_20_20,5120,5376,5120,5376,65536,MSAVI,-0.17578125,45774,,,,
0,patch_20_20,5120,5376,5120,5376,65536,NDVI,-0.99609375,19762,18173,0.024130175411766708,18684,0.040880417780688544
0,patch_20_21,5120,5376,5376,5632,65536,MSAVI,-0.15234375,40695,,,,
0,patch_20_21,5120,5376,5376,5632,65536,NDVI,-0.99609375,24841,15096,0.015089098605679946,15336,0.027901157992973102
0,patch_20_22,5120,5376,5632,5888,65536,MSAVI,-0.03515625,38306,,,,
0,patch_20_22,5120,5376,5632,5888,65536,NDVI,-0.99609375,27230,19753,0.01873159123162882,65536,0.02576149330396127
0,patch_20_23,5120,5376,5888,6144,65536,MSAVI,-0.22265625,40145,,,,
0,patch_20_23,5120,5376,5888,6144,65536,NDVI,-0.99609375,25391,15686,0.01629835438076302,16326,0.027916430537640563
0,patch_20_24,5120,5376,6144,6400,65536,MSAVI,-0.05859375,38223,,,,
0,patch_20_24,5120,5376,6144,6400,65536,NDVI,-0.99609375,27313,13923,0.013746236816995855,15245,0.02162493609740207
0,patch_20_25,5120,5376,6400,6656,65536,MSAVI,-0.08203125,38173,,,,
0,patch_20_25,5120,5376,6400,6656,65536,NDVI,-0.99609375,27363,18511,0.017146050030759225,65536,0.02600838270847511
0,patch_20_26,5120,5376,6656,6912,65536,MSAVI,-0.16015625,38251,,,,
0,patch_20_26,5120,5376,6656,6912,65536,NDVI,-0.99609375,27285,20008,0.018732589953466106,20666,0.030410869350694425
0,patch_20_27,5120,5376,6912,7168,65536,MSAVI,-0.05859375,38840,,,,
0,patch_20_27,5120,5376,6912,7168,65536,NDVI,-0.99609375,26696,21407,0.01482736294105294,65536,0.03099487311718946
0,patch_20_28,5120,5376,7168,7424,65536,MSAVI,-0.03515625,34757,,,,
0,patch_20_28,5120,5376,7168,7424,65536,NDVI,-0.99609375,30779,25818,0.01714221859420105,26024,0.0262726096548635
0,patch_20_29,5120,5376,7424,7680,65536,MSAVI,-0.08984375,43535,,,,
0,patch_20_29,5120,5376,7424,7680,65536,NDVI,-0.99609375,22001,16928,0.02317200245735447,65536,0.03605440304149768
0,patch_20_30,5120,5376,7680,7936,65536,MSAVI,-0.20703125,48077,,,,
0,patch_20_30,5120,5376,7680,7936,65536,NDVI,-0.99609375,17459,11976,0.025104287082936258,11687,0.0374467074831398
0,patch_20_31,5120,5376,7936,8192,65536,MSAVI,-0.20703125,39831,,,,
0,patch_20_31,5120,5376,7936,8192,65536,NDVI,-0.99609375,25705,15595,0.01546680319234428,15764,0.02789325074308735
0,patch_20_32,5120,5376,8192,8448,65536,MSAVI,-0.01953125,32761,,,,
0,patch_20_32,5120,5376,8192,8448,65536,NDVI,-0.99609375,32775,22481,0.008431948550362639,23404,0.020046431322265856
0,patch_21_0,5376,5632,0,256,65536,MSAVI,-0.13671875,41637,,,,
0,patch_21_0,5376,5632,0,256,65536,NDVI,-0.99609375,23899,7439,0.011717668712150811,8958,0.023739463626392482
0,patch_21_1,5376,5632,256,512,65536,MSAVI,-0.26171875,47853,,,,
0,patch_21_1,5376,5632,256,512,65536,NDVI,-0.59765625,17678,6352,0.020279356037705004,6642,0.034199490667216254
0,patch_21_2,5376,5632,512,768,65536,MSAVI,-0.13671875,50228,,,,
0,patch_21_2,5376,5632,512,768,65536,NDVI,-0.58984375,15306,3708,0.024758547938053085,3888,0.036569905432545985
0,patch_21_3,5376,5632,768,1024,65536,MSAVI,-0.20703125,47345,,,,
0,patch_21_3,5376,5632,768,1024,65536,NDVI,-0.99609375,18191,6040,0.020550835086443897,6554,0.03038358365582422
0,patch_21_4,5376,5632,1024,1280,65536,MSAVI,-0.35546875,48831,,,,
0,patch_21_4,5376,5632,1024,1280,65536,NDVI,-0.62109375,16705,5785,0.024965100040320265,5909,0.0365488527365902
0,patch_21_5,5376,5632,1280,1536,65536,MSAVI,-0.27734375,41098,,,,
0,patch_21_5,5376,5632,1280,1536,65536,NDVI,-0.51171875,24436,13011,0.0164141657624894,13792,0.027222075932807593
0,patch_21_6,5376,5632,1536,1792,65536,MSAVI,-0.21484375,35757,,,,
0,patch_21_6,5376,5632,1536,1792,65536,NDVI,-0.51171875,29779,16525,0.01086239087171477,17905,0.022842860280926858
0,patch_21_7,5376,5632,1792,2048,65536,MSAVI,-0.19140625,36718,,,,
0,patch_21_7,5376,5632,1792,2048,65536,NDVI,-0.99609375,28818,18452,0.015251852947530953,65536,0.021543861204701087
0,patch_21_8,5376,5632,2048,2304,65536,MSAVI,-0.16796875,37262,,,,
0,patch_21_8,5376,5632,2048,2304,65536,NDVI,-0.99609375,28274,18240,0.013067632241967858,18773,0.020749646448813247
0,patch_21_9,5376,5632,2304,2560,65536,MSAVI,-0.10546875,31606,,,,
0,patch_21_9,5376,5632,2304,2560,65536,NDVI,-0.99609375,33930,23838,0.010264549462106351,65536,0.016431167800597113
0,patch_21_10,5376,5632,2560,2816,65536,MSAVI,-0.14453125,37569,,,,
0,patch_21_10,5376,5632,2560,2816,65536,NDVI,-0.99609375,27967,13816,0.00965528314317357,18473,0.02329431692533812
0,patch_21_11,5376,5632,2816,3072,65536,MSAVI,-0.16015625,42733,,,,
0,patch_21_11,5376,5632,2816,3072,65536,NDVI,-0.99609375,22803,10811,0.021310811305531488,65536,0.02989383238832563
0,patch_21_12,5376,5632,3072,3328,65536,MSAVI,-0.08984375,36969,,,,
0,patch_21_12,5376,5632,3072,3328,65536,NDVI,-0.99609375,28567,12781,0.010229606399258531,14932,0.0187865854454706
0,patch_21_13,5376,5632,3328,3584,65536,MSAVI,-0.26171875,43659,,,,
0,patch_21_13,5376,5632,3328,3584,65536,NDVI,-0.50390625,21875,10575,0.01504275817292916,10662,0.027958222552064066
0,patch_21_14,5376,5632,3584,3840,65536,MSAVI,-0.20703125,40728,,,,
0,patch_21_14,5376,5632,3584,3840,65536,NDVI,-0.52734375,24808,14504,0.016405241001235873,13841,0.026160319870448923
0,patch_21_15,5376,5632,3840,4096,65536,MSAVI,-0.26171875,38157,,,,
0,patch_21_15,5376,5632,3840,4096,65536,NDVI,-0.99609375,27379,11788,0.009814708346021092,15370,0.02111181109050253
0,patch_21_16,5376,5632,4096,4352,65536,MSAVI,-0.13671875,32338,,,,
0,patch_21_16,5376,5632,4096,4352,65536,NDVI,-0.99609375,33198,15494,0.004492296448190131,22944,0.01550595624963591
0,patch_21_17,5376,5632,4352,4608,65536,MSAVI,-0.16015625,35948,,,,
0,patch_21_17,5376,5632,4352,4608,65536,NDVI,-0.99609375,29588,14900,0.01162115772062186,65536,0.019624697626497878
0,patch_21_18,5376,5632,4608,4864,65536,MSAVI,-0.11328125,43094,,,,
0,patch_21_18,5376,5632,4608,4864,65536,NDVI,-0.99609375,22442,16518,0.026134529145927524,65536,0.035886927220258685
0,patch_21_19,5376,5632,4864,5120,65536,MSAVI,-0.16015625,37665,,,,
0,patch_21_19,5376,5632,4864,5120,65536,NDVI,-0.99609375,27871,19453,0.017993456278850156,19514,0.02893127471402457
0,patch_21_20,5376,5632,5120,5376,65536,MSAVI,-0.18359375,43845,,,,
0,patch_21_20,5376,5632,5120,5376,65536,NDVI,-0.99609375,21691,17066,0.02208099851240762,17066,0.03811026364169323
0,patch_21_21,5376,5632,5376,5632,65536,MSAVI,-0.25390625,35957,,,,
0,patch_21_21,5376,5632,5376,5632,65536,NDVI,-0.99609375,29579,20753,0.012599617849831546,23494,0.026630404483489356
0,patch_21_22,5376,5632,5632,5888,65536,MSAVI,-0.17578125,36424,,,,
0,patch_21_22,5376,5632,5632,5888,65536,NDVI,-0.99609375,29112,21878,0.016105186257844753,21986,0.02612125299698695
0,patch_21_23,5376,5632,5888,6144,65536,MSAVI,-0.25390625,35204,,,,
0,patch_21_23,5376,5632,5888,6144,65536,NDVI,-0.99609375,30332,20061,0.010271113370391938,21730,0.023059193543485845
0,patch_21_24,5376,5632,6144,6400,65536,MSAVI,-0.05859375,32189,,,,
0,patch_21_24,5376,5632,6144,6400,65536,NDVI,-0.99609375,33347,24197,0.013682461413563163,24020,0.016784956212071628
0,patch_21_25,5376,5632,6400,6656,65536,MSAVI,-0.11328125,39435,,,,
0,patch_21_25,5376,5632,6400,6656,65536,NDVI,-0.99609375,26101,14891,0.01483038305562824,15850,0.026331162886913173
0,patch_21_26,5376,5632,6656,6912,65536,MSAVI,-0.15234375,41290,,,,
0,patch_21_26,5376,5632,6656,6912,65536,NDVI,-0.55859375,24246,11193,0.01653276528380483,11831,0.028373858019128367
0,patch_21_27,5376,5632,6912,7168,65536,MSAVI,-0.14453125,36761,,,,
0,patch_21_27,5376,5632,6912,7168,65536,NDVI,-0.99609375,28775,18001,0.01403905745137006,19161,0.026317817769612867
0,patch_21_28,5376,5632,7168,7424,65536,MSAVI,-0.24609375,40118,,,,
0,patch_21_28,5376,5632,7168,7424,65536,NDVI,-0.99609375,25418,18014,0.02000038801981381,65536,0.029745595853247903
0,patch_21_29,5376,5632,7424,7680,65536,MSAVI,-0.10546875,36348,,,,
0,patch_21_29,5376,5632,7424,7680,65536,NDVI,-0.99609375,29188,25304,0.018305529202016946,65536,0.02632555030203723
0,patch_21_30,5376,5632,7680,7936,65536,MSAVI,-0.14453125,39062,,,,
0,patch_21_30,5376,5632,7680,7936,65536,NDVI,-0.99609375,26474,23445,0.01756338868621772,23602,0.03059131530261805
0,patch_21_31,5376,5632,7936,8192,65536,MSAVI,0.01953125,33286,,,,
0,patch_21_31,5376,5632,7936,8192,65536,NDVI,-0.99609375,32250,25091,0.008262356750903997,24572,0.022380115794087413
0,patch_21_32,5376,5632,8192,8448,65536,MSAVI,0.05078125,28195,,,,
0,patch_21_32,5376,5632,8192,8448,65536,NDVI,-0.99609375,37341,0,-0.010535609481438626,65441,0.017521635104718658
0,patch_22_0,5632,5888,0,256,65536,MSAVI,-0.12109375,42562,,,,
0,patch_22_0,5632,5888,0,256,65536,NDVI,-0.52734375,22973,8085,0.013033148520513918,8372,0.026149890353153793
0,patch_22_1,5632,5888,256,512,65536,MSAVI,-0.35546875,41218,,,,
0,patch_22_1,5632,5888,256,512,65536,NDVI,-0.62890625,24316,9687,0.01355212488072341,11422,0.027965545538622127
0,patch_22_2,5632,5888,512,768,65536,MSAVI,-0.36328125,47309,,,,
0,patch_22_2,5632,5888,512,768,65536,NDVI,-0.69140625,18225,3141,0.019824684259067887,3443,0.030939329798461396
0,patch_22_3,5632,5888,768,1024,65536,MSAVI,-0.24609375,51443,,,,
0,patch_22_3,5632,5888,768,1024,65536,NDVI,-0.99609375,14093,3210,0.024317012501628765,3043,0.03595268189413747
0,patch_22_4,5632,5888,1024,1280,65536,MSAVI,-0.23046875,50293,,,,
0,patch_22_4,5632,5888,1024,1280,65536,NDVI,-0.43359375,15242,5462,0.022917969338747596,5544,0.03408800723788666
0,patch_22_5,5632,5888,1280,1536,65536,MSAVI,-0.23046875,42004,,,,
0,patch_22_5,5632,5888,1280,1536,65536,NDVI,-0.45703125,23530,14556,0.01759215099419839,14943,0.03065079112774119
0,patch_22_6,5632,5888,1536,1792,65536,MSAVI,-0.00390625,30498,,,,
0,patch_22_6,5632,5888,1536,1792,65536,NDVI,-0.99609375,35038,31851,0.016651795229812583,65536,0.020262263478767112
0,patch_22_7,5632,5888,1792,2048,65536,MSAVI,0.01953125,34984,,,,
0,patch_22_7,5632,5888,1792,2048,65536,NDVI,-0.99609375,30552,25316,0.015963664370833297,65536,0.022017342981225124
0,patch_22_8,5632,5888,2048,2304,65536,MSAVI,-0.12109375,37876,,,,
0,patch_22_8,5632,5888,2048,2304,65536,NDVI,-0.99609375,27660,12879,0.011408422609680446,15652,0.022430734523900625
0,patch_22_9,5632,5888,2304,2560,65536,MSAVI,-0.06640625,39625,,,,
0,patch_22_9,5632,5888,2304,2560,65536,NDVI,-0.99609375,25911,20217,0.01687526465896634,65536,0.02710789623116161
0,patch_22_10,5632,5888,2560,2816,65536,MSAVI,0.01171875,23447,,,,
0,patch_22_10,5632,5888,2560,2816,65536,NDVI,-0.99609375,42089,0,-0.015110019512876008,65536,0.019320278873157598
0,patch_22_11,5632,5888,2816,3072,65536,MSAVI,-0.01171875,42104,,,,
0,patch_22_11,5632,5888,2816,3072,65536,NDVI,-0.99609375,23432,16833,0.025950137742132645,65536,0.03216665378518624
0,patch_22_12,5632,5888,3072,3328,65536,MSAVI,-0.08984375,35432,,,,
0,patch_22_12,5632,5888,3072,3328,65536,NDVI,-0.99609375,30104,8356,0.005527085662991427,14980,0.01702778587339504
0,patch_22_13,5632,5888,3328,3584,65536,MSAVI,-0.28515625,42218,,,,
0,patch_22_13,5632,5888,3328,3584,65536,NDVI,-0.99609375,23318,9042,0.013534638426384,9932,0.02568622240392454
0,patch_22_14,5632,5888,3584,3840,65536,MSAVI,-0.19921875,40500,,,,
0,patch_22_14,5632,5888,3584,3840,65536,NDVI,-0.99609375,25036,15935,0.015769151302525902,15837,0.02865161450306622
0,patch_22_15,5632,5888,3840,4096,65536,MSAVI,-0.16015625,37330,,,,
0,patch_22_15,5632,5888,3840,4096,65536,NDVI,-0.99609375,28206,11027,0.012732454891698913,65536,0.020187784248761248
0,patch_22_16,5632,5888,4096,4352,65536,MSAVI,-0.19921875,37856,,,,
0,patch_22_16,5632,5888,4096,4352,65536,NDVI,-0.99609375,27680,11897,0.01418584105383211,11924,0.019309652052627496
0,patch_22_17,5632,5888,4352,4608,65536,MSAVI,-0.11328125,38109,,,,
0,patch_22_17,5632,5888,4352,4608,65536,NDVI,-0.99609375,27427,23806,0.019545905294687027,65536,0.0249825856394498
0,patch_22_18,5632,5888,4608,4864,65536,MSAVI,-0.23046875,37986,,,,
0,patch_22_18,5632,5888,4608,4864,65536,NDVI,-0.99609375,27550,16285,0.01590030322664264,18196,0.030548248111332332
0,patch_22_19,5632,5888,4864,5120,65536,MSAVI,-0.14453125,41885,,,,
0,patch_22_19,5632,5888,4864,5120,65536,NDVI,-0.99609375,23651,20601,0.024680323997681317,65536,0.03504160316022725
0,patch_22_20,5632,5888,5120,5376,65536,MSAVI,-0.04296875,37016,,,,
0,patch_22_20,5632,5888,5120,5376,65536,NDVI,-0.99609375,28520,21165,0.01761052170480852,65536,0.024710703788230093
0,patch_22_21,5632,5888,5376,5632,65536,MSAVI,-0.07421875,35663,,,,
0,patch_22_21,5632,5888,5376,5632,65536,NDVI,-0.99609375,29873,24905,0.020671346245160108,65536,0.02458881935520571
0,patch_22_22,5632,5888,5632,5888,65536,MSAVI,-0.19140625,34785,,,,
0,patch_22_22,5632,5888,5632,5888,65536,NDVI,-0.99609375,30751,19737,0.012392348320271904,23642,0.0241662969327284
0,patch_22_23,5632,5888,5888,6144,65536,MSAVI,-0.23046875,35415,,,,
0,patch_22_23,5632,5888,5888,6144,65536,NDVI,-0.99609375,30121,16115,0.007841602601075623,19600,0.01980555290975486
0,patch_22_24,5632,5888,6144,6400,65536,MSAVI,-0.24609375,41156,,,,
0,patch_22_24,5632,5888,6144,6400,65536,NDVI,-0.99609375,24380,13132,0.018035181559818828,13952,0.027177157653939632
0,patch_22_25,5632,5888,6400,6656,65536,MSAVI,-0.26953125,39151,,,,
0,patch_22_25,5632,5888,6400,6656,65536,NDVI,-0.99609375,26385,11861,0.013157580786300957,12813,0.025011258328428182
0,patch_22_26,5632,5888,6656,6912,65536,MSAVI,-0.29296875,39591,,,,
0,patch_22_26,5632,5888,6656,6912,65536,NDVI,-0.99609375,25945,16217,0.015510328812065252,16500,0.028295888398613467
0,patch_22_27,5632,5888,6912,7168,65536,MSAVI,0.01953125,37775,,,,
0,patch_22_27,5632,5888,6912,7168,65536,NDVI,-0.99609375,27761,23792,0.0214251115005996,65536,0.028603185137602016
0,patch_22_28,5632,5888,7168,7424,65536,MSAVI,-0.23828125,52474,,,,
0,patch_22_28,5632,5888,7168,7424,65536,NDVI,-0.99609375,13062,5147,0.028898942507515527,5195,0.039933005430401625
0,patch_22_29,5632,5888,7424,7680,65536,MSAVI,-0.23828125,43487,,,,
0,patch_22_29,5632,5888,7424,7680,65536,NDVI,-0.47265625,22048,13819,0.017622745628384978,13690,0.02968196195565881
0,patch_22_30,5632,5888,7680,7936,65536,MSAVI,-0.18359375,32105,,,,
0,patch_22_30,5632,5888,7680,7936,65536,NDVI,-0.99609375,33431,25403,0.011251565278844397,65536,0.020968660795576993
0,patch_22_31,5632,5888,7936,8192,65536,MSAVI,-0.00390625,27881,,,,
0,patch_22_31,5632,5888,7936,8192,65536,NDVI,-0.99609375,37655,393,-0.005387389122525621,26519,0.01432279002576245
0,patch_22_32,5632,5888,8192,8448,65536,MSAVI,-0.03515625,29148,,,,
0,patch_22_32,5632,5888,8192,8448,65536,NDVI,-0.99609375,36388,0,-0.006738263360585257,27530,0.017623392545173477
0,patch_23_0,5888,6144,0,256,65536,MSAVI,-0.07421875,37571,,,,
0,patch_23_0,5888,6144,0,256,65536,NDVI,-0.99609375,27965,9471,0.006452171246491528,13427,0.020549156088006948
0,patch_23_1,5888,6144,256,512,65536,MSAVI,-0.14453125,36788,,,,
0,patch_23_1,5888,6144,256,512,65536,NDVI,-0.51171875,28747,13074,0.0065248748109079935,15563,0.019994256843034686
0,patch_23_2,5888,6144,512,768,65536,MSAVI,-0.26953125,45574,,,,
0,patch_23_2,5888,6144,512,768,65536,NDVI,-0.99609375,19962,4132,0.017086588986308507,4982,0.02940156196265739
0,patch_23_3,5888,6144,768,1024,65536,MSAVI,-0.30859375,45238,,,,
0,patch_23_3,5888,6144,768,1024,65536,NDVI,-0.99609375,20298,7466,0.019746361665257506,8124,0.032563162421022945
0,patch_23_4,5888,6144,1024,1280,65536,MSAVI,-0.24609375,49104,,,,
0,patch_23_4,5888,6144,1024,1280,65536,NDVI,-0.99609375,16432,5717,0.024468270355576194,5711,0.034677742259993344
0,patch_23_5,5888,6144,1280,1536,65536,MSAVI,-0.25390625,44969,,,,
0,patch_23_5,5888,6144,1280,1536,65536,NDVI,-0.99609375,20567,8554,0.01990296689139516,8885,0.03315905661266083
0,patch_23_6,5888,6144,1536,1792,65536,MSAVI,-0.15234375,40801,,,,
0,patch_23_6,5888,6144,1536,1792,65536,NDVI,-0.99609375,24735,9098,0.012783592179571146,10696,0.024846224862283356
0,patch_23_7,5888,6144,1792,2048,65536,MSAVI,-0.22265625,39486,,,,
0,patch_23_7,5888,6144,1792,2048,65536,NDVI,-0.99609375,26050,15238,0.014909759814497978,16218,0.0247192480368853
0,patch_23_8,5888,6144,2048,2304,65536,MSAVI,-0.17578125,37990,,,,
0,patch_23_8,5888,6144,2048,2304,65536,NDVI,-0.41796875,27546,23952,0.017689669922126325,24288,0.03079360422510513
0,patch_23_9,5888,6144,2304,2560,65536,MSAVI,-0.20703125,41504,,,,
0,patch_23_9,5888,6144,2304,2560,65536,NDVI,-0.41796875,24028,21069,0.02036596992030687,65536,0.03414471480636974
0,patch_23_10,5888,6144,2560,2816,65536,MSAVI,-0.08203125,41112,,,,
0,patch_23_10,5888,6144,2560,2816,65536,NDVI,-0.99609375,24424,21588,0.020506759423811777,65536,0.03434292245723755
0,patch_23_11,5888,6144,2816,3072,65536,MSAVI,-0.12109375,43663,,,,
0,patch_23_11,5888,6144,2816,3072,65536,NDVI,-0.99609375,21873,15125,0.021336448231947663,14760,0.031303986257015914
0,patch_23_12,5888,6144,3072,3328,65536,MSAVI,-0.00390625,35103,,,,
0,patch_23_12,5888,6144,3072,3328,65536,NDVI,-0.99609375,30433,21213,0.0128146397840284,20612,0.020495541839121806
0,patch_23_13,5888,6144,3328,3584,65536,MSAVI,-0.19140625,45311,,,,
0,patch_23_13,5888,6144,3328,3584,65536,NDVI,-0.46484375,20219,11207,0.021691791119071102,65536,0.03500623265221353
0,patch_23_14,5888,6144,3584,3840,65536,MSAVI,-0.23828125,35037,,,,
0,patch_23_14,5888,6144,3584,3840,65536,NDVI,-0.46484375,30498,21177,0.012010379648326519,65536,0.022521660854842945
0,patch_23_15,5888,6144,3840,4096,65536,MSAVI,-0.01171875,37176,,,,
0,patch_23_15,5888,6144,3840,4096,65536,NDVI,-0.99609375,28360,18623,0.011918264674667514,19964,0.02159562163501505
0,patch_23_16,5888,6144,4096,4352,65536,MSAVI,-0.12109375,34614,,,,
0,patch_23_16,5888,6144,4096,4352,65536,NDVI,-0.99609375,30922,10890,0.00590072195475444,15253,0.016461629005390582
0,patch_23_17,5888,6144,4352,4608,65536,MSAVI,-0.03515625,40165,,,,
0,patch_23_17,5888,6144,4352,4608,65536,NDVI,-0.51953125,25368,12840,0.01965827509084346,65536,0.02480962849843163
0,patch_23_18,5888,6144,4608,4864,65536,MSAVI,-0.08984375,28010,,,,
0,patch_23_18,5888,6144,4608,4864,65536,NDVI,-0.99609375,37526,28260,0.007910886840758496,31737,0.019777573883684924
0,patch_23_19,5888,6144,4864,5120,65536,MSAVI,-0.18359375,50143,,,,
0,patch_23_19,5888,6144,4864,5120,65536,NDVI,-0.99609375,15393,8663,0.028197707971916258,8442,0.04321965174181319
0,patch_23_20,5888,6144,5120,5376,65536,MSAVI,-0.03515625,36840,,,,
0,patch_23_20,5888,6144,5120,5376,65536,NDVI,-0.99609375,28696,20919,0.01676762529742494,65536,0.025585779453348195
0,patch_23_21,5888,6144,5376,5632,65536,MSAVI,-0.12890625,38550,,,,
0,patch_23_21,5888,6144,5376,5632,65536,NDVI,-0.99609375,26986,15538,0.01701489161354114,65536,0.0252163530241295
0,patch_23_22,5888,6144,5632,5888,65536,MSAVI,-0.19921875,34265,,,,
0,patch_23_22,5888,6144,5632,5888,65536,NDVI,-0.99609375,31271,16875,0.010013808206028887,65536,0.021245212653618922
0,patch_23_23,5888,6144,5888,6144,65536,MSAVI,-0.11328125,42853,,,,
0,patch_23_23,5888,6144,5888,6144,65536,NDVI,-0.99609375,22683,14064,0.019517819120386068,13914,0.028421201896471016
0,patch_23_24,5888,6144,6144,6400,65536,MSAVI,-0.11328125,47467,,,,
0,patch_23_24,5888,6144,6144,6400,65536,NDVI,-0.99609375,18069,14321,0.02178720007058127,65536,0.0332996529295943
0,patch_23_25,5888,6144,6400,6656,65536,MSAVI,-0.33203125,42385,,,,
0,patch_23_25,5888,6144,6400,6656,65536,NDVI,-0.99609375,23151,14246,0.021837672538017786,14867,0.03328480956936988
0,patch_23_26,5888,6144,6656,6912,65536,MSAVI,-0.35546875,43322,,,,
0,patch_23_26,5888,6144,6656,6912,65536,NDVI,-0.58984375,22211,9936,0.01756692530276449,10770,0.02898182967869417
0,patch_23_27,5888,6144,6912,7168,65536,MSAVI,-0.10546875,35452,,,,
0,patch_23_27,5888,6144,6912,7168,65536,NDVI,-0.99609375,30084,23098,0.013770003123286717,23106,0.02467129203050142
0,patch_23_28,5888,6144,7168,7424,65536,MSAVI,-0.16015625,33224,,,,
0,patch_23_28,5888,6144,7168,7424,65536,NDVI,-0.99609375,32312,26259,0.013478741388632143,65536,0.024220036291504293
0,patch_23_29,5888,6144,7424,7680,65536,MSAVI,-0.14453125,34686,,,,
0,patch_23_29,5888,6144,7424,7680,65536,NDVI,-0.99609375,30850,25101,0.01448837604401318,65536,0.022275933462111486
0,patch_23_30,5888,6144,7680,7936,65536,MSAVI,-0.10546875,44551,,,,
0,patch_23_30,5888,6144,7680,7936,65536,NDVI,-0.99609375,20985,13982,0.0187589521253161,14093,0.03191431482972415
0,patch_23_31,5888,6144,7936,8192,65536,MSAVI,-0.17578125,41334,,,,
0,patch_23_31,5888,6144,7936,8192,65536,NDVI,-0.99609375,24202,12091,0.015791699032995835,13789,0.027294172251314863
0,patch_23_32,5888,6144,8192,8448,65536,MSAVI,-0.10546875,41123,,,,
0,patch_23_32,5888,6144,8192,8448,65536,NDVI,-0.50390625,24413,16250,0.013331220290317677,15668,0.026202199532323722
0,patch_24_0,6144,6400,0,256,65536,MSAVI,-0.08203125,32646,,,,
0,patch_24_0,6144,6400,0,256,65536,NDVI,-0.99609375,32890,9881,0.0045805297038549325,17097,0.016430862702503046
0,patch_24_1,6144,6400,256,512,65536,MSAVI,-0.14453125,37099,,,,
0,patch_24_1,6144,6400,256,512,65536,NDVI,-0.99609375,28437,8403,0.007473392917255378,11786,0.021823717610758464
0,patch_24_2,6144,6400,512,768,65536,MSAVI,-0.26171875,39458,,,,
0,patch_24_2,6144,6400,512,768,65536,NDVI,-0.99609375,26078,16108,0.015534832476099908,16236,0.026223041028067107
0,patch_24_3,6144,6400,768,1024,65536,MSAVI,-0.22265625,40884,,,,
0,patch_24_3,6144,6400,768,1024,65536,NDVI,-0.99609375,24652,12492,0.014959008586322695,13546,0.026524095199131653
0,patch_24_4,6144,6400,1024,1280,65536,MSAVI,-0.30078125,43704,,,,
0,patch_24_4,6144,6400,1024,1280,65536,NDVI,-0.99609375,21832,10738,0.021520555527779123,11388,0.029645933560620286
0,patch_24_5,6144,6400,1280,1536,65536,MSAVI,-0.27734375,35964,,,,
0,patch_24_5,6144,6400,1280,1536,65536,NDVI,-0.48828125,29572,17335,0.00950692376235275,19058,0.02197194465608407
0,patch_24_6,6144,6400,1536,1792,65536,MSAVI,-0.22265625,40020,,,,
0,patch_24_6,6144,6400,1536,1792,65536,NDVI,-0.99609375,25516,14895,0.01530226202458064,16100,0.027144101957390837
0,patch_24_7,6144,6400,1792,2048,65536,MSAVI,-0.19921875,41394,,,,
0,patch_24_7,6144,6400,1792,2048,65536,NDVI,-0.39453125,24048,16530,0.023616731374368316,15457,0.028541869680558413
0,patch_24_8,6144,6400,2048,2304,65536,MSAVI,-0.15234375,44909,,,,
0,patch_24_8,6144,6400,2048,2304,65536,NDVI,-0.99609375,20627,13856,0.02163288210326747,13490,0.033284684979269286
0,patch_24_9,6144,6400,2304,2560,65536,MSAVI,-0.27734375,38440,,,,
0,patch_24_9,6144,6400,2304,2560,65536,NDVI,-0.99609375,27096,6948,0.010846719612227385,9159,0.022077400710993372
0,patch_24_10,6144,6400,2560,2816,65536,MSAVI,-0.29296875,37883,,,,
0,patch_24_10,6144,6400,2560,2816,65536,NDVI,-0.63671875,27652,12068,0.012551257630415064,13981,0.022812583913054157
0,patch_24_11,6144,6400,2816,3072,65536,MSAVI,-0.07421875,35696,,,,
0,patch_24_11,6144,6400,2816,3072,65536,NDVI,-0.99609375,29840,15641,0.009123529081495843,20102,0.020258086944086734
0,patch_24_12,6144,6400,3072,3328,65536,MSAVI,-0.16015625,41515,,,,
0,patch_24_12,6144,6400,3072,3328,65536,NDVI,-0.99609375,24021,13763,0.01865598494320242,14310,0.02744971963918552
0,patch_24_13,6144,6400,3328,3584,65536,MSAVI,-0.12890625,38702,,,,
0,patch_24_13,6144,6400,3328,3584,65536,NDVI,-0.48046875,26831,18104,0.014229619292148152,19033,0.03003751528067919
0,patch_24_14,6144,6400,3584,3840,65536,MSAVI,-0.10546875,36173,,,,
0,patch_24_14,6144,6400,3584,3840,65536,NDVI,-0.42578125,29363,21613,0.01467764621729073,22890,0.023815898181581058
0,patch_24_15,6144,6400,3840,4096,65536,MSAVI,-0.13671875,36489,,,,
0,patch_24_15,6144,6400,3840,4096,65536,NDVI,-0.99609375,29047,17398,0.013425562102838282,65536,0.020131098829906102
0,patch_24_16,6144,6400,4096,4352,65536,MSAVI,-0.15234375,38626,,,,
0,patch_24_16,6144,6400,4096,4352,65536,NDVI,-0.99609375,26910,11308,0.011698435123036796,14616,0.02336270193191342
0,patch_24_17,6144,6400,4352,4608,65536,MSAVI,-0.05078125,37322,,,,
0,patch_24_17,6144,6400,4352,4608,65536,NDVI,-0.99609375,28214,22368,0.018959246440453825,65536,0.02559041590366498
0,patch_24_18,6144,6400,4608,4864,65536,MSAVI,-0.14453125,31790,,,,
0,patch_24_18,6144,6400,4608,4864,65536,NDVI,-0.99609375,33746,22243,0.009965022848589772,27053,0.023897856816593205
0,patch_24_19,6144,6400,4864,5120,65536,MSAVI,-0.21484375,42502,,,,
0,patch_24_19,6144,6400,4864,5120,65536,NDVI,-0.99609375,23034,18962,0.023551760909968744,19940,0.03709254141799126
0,patch_24_20,6144,6400,5120,5376,65536,MSAVI,-0.12890625,42433,,,,
0,patch_24_20,6144,6400,5120,5376,65536,NDVI,-0.99609375,23103,19978,0.02215345822296942,65536,0.033154968836740545
0,patch_24_21,6144,6400,5376,5632,65536,MSAVI,-0.16015625,36916,,,,
0,patch_24_21,6144,6400,5376,5632,65536,NDVI,-0.99609375,28620,14669,0.010934828286198073,16365,0.02154187879808772
0,patch_24_22,6144,6400,5632,5888,65536,MSAVI,-0.28515625,39748,,,,
0,patch_24_22,6144,6400,5632,5888,65536,NDVI,-0.99609375,25788,14244,0.016627076565958937,14391,0.02450158592173851
0,patch_24_23,6144,6400,5888,6144,65536,MSAVI,-0.16015625,37517,,,,
0,patch_24_23,6144,6400,5888,6144,65536,NDVI,-0.99609375,28019,13007,0.010520154051765013,14040,0.020041642759423495
0,patch_24_24,6144,6400,6144,6400,65536,MSAVI,-0.09765625,37575,,,,
0,patch_24_24,6144,6400,6144,6400,65536,NDVI,-0.99609375,27961,21959,0.01773914189374705,21612,0.026389244948046398
0,patch_24_25,6144,6400,6400,6656,65536,MSAVI,-0.28515625,42802,,,,
0,patch_24_25,6144,6400,6400,6656,65536,NDVI,-0.48828125,22732,14131,0.019025597621288082,13938,0.02949987176583921
0,patch_24_26,6144,6400,6656,6912,65536,MSAVI,-0.21484375,41521,,,,
0,patch_24_26,6144,6400,6656,6912,65536,NDVI,-0.99609375,24015,10717,0.016265534012339142,10804,0.02585217232917489
0,patch_24_27,6144,6400,6912,7168,65536,MSAVI,-0.11328125,45408,,,,
0,patch_24_27,6144,6400,6912,7168,65536,NDVI,-0.99609375,20128,14879,0.023297316294063244,65536,0.035317323378299875
0,patch_24_28,6144,6400,7168,7424,65536,MSAVI,-0.24609375,46443,,,,
0,patch_24_28,6144,6400,7168,7424,65536,NDVI,-0.99609375,19093,13846,0.026723384973169187,65536,0.03939306340109322
0,patch_24_29,6144,6400,7424,7680,65536,MSAVI,-0.16796875,37051,,,,
0,patch_24_29,6144,6400,7424,7680,65536,NDVI,-0.99609375,28485,9530,0.008038607538272444,14967,0.021164680107215117
0,patch_24_30,6144,6400,7680,7936,65536,MSAVI,-0.26171875,42202,,,,
0,patch_24_30,6144,6400,7680,7936,65536,NDVI,-0.99609375,23334,9569,0.015839561415031456,10164,0.026598577079311986
0,patch_24_31,6144,6400,7936,8192,65536,MSAVI,-0.28515625,39771,,,,
0,patch_24_31,6144,6400,7936,8192,65536,NDVI,-0.99609375,25765,9117,0.013567911602152705,11035,0.025620054712985424
0,patch_24_32,6144,6400,8192,8448,65536,MSAVI,-0.28515625,43788,,,,
0,patch_24_32,6144,6400,8192,8448,65536,NDVI,-0.99609375,21748,12633,0.018457477616374396,12425,0.03164292314048972
0,patch_25_0,6400,6656,0,256,65536,MSAVI,-0.12109375,32351,,,,
0,patch_25_0,6400,6656,0,256,65536,NDVI,-0.99609375,33185,9003,0.003753472260979593,14230,0.014773477704107585
0,patch_25_1,6400,6656,256,512,65536,MSAVI,-0.16796875,33786,,,,
0,patch_25_1,6400,6656,256,512,65536,NDVI,-0.99609375,31750,6104,0.004056348149040642,10936,0.014348847233267903
0,patch_25_2,6400,6656,512,768,65536,MSAVI,-0.14453125,34316,,,,
0,patch_25_2,6400,6656,512,768,65536,NDVI,-0.99609375,31220,6765,0.003812174101275337,13584,0.015269597667183082
0,patch_25_3,6400,6656,768,1024,65536,MSAVI,-0.22265625,35537,,,,
0,patch_25_3,6400,6656,768,1024,65536,NDVI,-0.99609375,29999,15430,0.008066633770055537,18923,0.01906990752594767
0,patch_25_4,6400,6656,1024,1280,65536,MSAVI,-0.08203125,38319,,,,
0,patch_25_4,6400,6656,1024,1280,65536,NDVI,-0.99609375,27217,10266,0.009523060056053842,12741,0.022076361747953605
0,patch_25_5,6400,6656,1280,1536,65536,MSAVI,-0.25390625,37964,,,,
0,patch_25_5,6400,6656,1280,1536,65536,NDVI,-0.99609375,27572,10612,0.00930913552481255,13786,0.020387375272149844
0,patch_25_6,6400,6656,1536,1792,65536,MSAVI,-0.20703125,39441,,,,
0,patch_25_6,6400,6656,1536,1792,65536,NDVI,-0.42578125,26094,18134,0.01820126926663114,17812,0.02824807954409919
0,patch_25_7,6400,6656,1792,2048,65536,MSAVI,-0.11328125,44322,,,,
0,patch_25_7,6400,6656,1792,2048,65536,NDVI,-0.39453125,21214,12527,0.021392593007768648,11797,0.029049720140507246
0,patch_25_8,6400,6656,2048,2304,65536,MSAVI,-0.33203125,44421,,,,
0,patch_25_8,6400,6656,2048,2304,65536,NDVI,-0.48046875,21115,12140,0.01989866249579557,12548,0.03142048744549522
0,patch_25_9,6400,6656,2304,2560,65536,MSAVI,-0.16796875,40037,,,,
0,patch_25_9,6400,6656,2304,2560,65536,NDVI,-0.99609375,25499,17201,0.016708295125683267,17826,0.030058518744806695
0,patch_25_10,6400,6656,2560,2816,65536,MSAVI,-0.21484375,45151,,,,
0,patch_25_10,6400,6656,2560,2816,65536,NDVI,-0.99609375,20385,8013,0.020831079338299377,7732,0.027957624814660853
0,patch_25_11,6400,6656,2816,3072,65536,MSAVI,-0.05859375,37602,,,,
0,patch_25_11,6400,6656,2816,3072,65536,NDVI,-0.99609375,27934,22779,0.016823067000977632,65536,0.026284508646460952
0,patch_25_12,6400,6656,3072,3328,65536,MSAVI,-0.23046875,38878,,,,
0,patch_25_12,6400,6656,3072,3328,65536,NDVI,-0.60546875,26658,17209,0.0171815327293543,18135,0.026586772886158155
0,patch_25_13,6400,6656,3328,3584,65536,MSAVI,-0.27734375,46374,,,,
0,patch_25_13,6400,6656,3328,3584,65536,NDVI,-0.60546875,19158,10132,0.019851226097178765,10426,0.03394181376838304
0,patch_25_14,6400,6656,3584,3840,65536,MSAVI,-0.25390625,41315,,,,
0,patch_25_14,6400,6656,3584,3840,65536,NDVI,-0.66796875,24210,12960,0.015258993903352225,13501,0.02885820730234062
0,patch_25_15,6400,6656,3840,4096,65536,MSAVI,-0.12890625,37411,,,,
0,patch_25_15,6400,6656,3840,4096,65536,NDVI,-0.99609375,28125,14683,0.014373858856934596,15695,0.02263262500397334
0,patch_25_16,6400,6656,4096,4352,65536,MSAVI,-0.08984375,42701,,,,
0,patch_25_16,6400,6656,4096,4352,65536,NDVI,-0.99609375,22835,15975,0.021714283917441818,15758,0.03376080507152518
0,patch_25_17,6400,6656,4352,4608,65536,MSAVI,-0.06640625,39638,,,,
0,patch_25_17,6400,6656,4352,4608,65536,NDVI,-0.37890625,25895,20561,0.01777958072582604,65536,0.027862896229822243
0,patch_25_18,6400,6656,4608,4864,65536,MSAVI,-0.23046875,42593,,,,
0,patch_25_18,6400,6656,4608,4864,65536,NDVI,-0.47265625,22939,21348,0.023720247363441846,65536,0.03816123858403342
0,patch_25_19,6400,6656,4864,5120,65536,MSAVI,-0.28515625,34004,,,,
0,patch_25_19,6400,6656,4864,5120,65536,NDVI,-0.99609375,31532,18657,0.010598288882611925,23224,0.02381571553295528
0,patch_25_20,6400,6656,5120,5376,65536,MSAVI,-0.07421875,41441,,,,
0,patch_25_20,6400,6656,5120,5376,65536,NDVI,-0.99609375,24095,12823,0.017377180274007364,65536,0.02522108414044874
0,patch_25_21,6400,6656,5376,5632,65536,MSAVI,0.01953125,36976,,,,
0,patch_25_21,6400,6656,5376,5632,65536,NDVI,-0.99609375,28560,21534,0.017460841811783506,65536,0.023682933281693963
0,patch_25_22,6400,6656,5632,5888,65536,MSAVI,-0.18359375,37592,,,,
0,patch_25_22,6400,6656,5632,5888,65536,NDVI,-0.99609375,27944,13516,0.011058532523325726,15577,0.02409911057996611
0,patch_25_23,6400,6656,5888,6144,65536,MSAVI,-0.15234375,32185,,,,
0,patch_25_23,6400,6656,5888,6144,65536,NDVI,-0.99609375,33351,17178,0.004799070507506276,21114,0.016293765985494063
0,patch_25_24,6400,6656,6144,6400,65536,MSAVI,-0.19140625,38052,,,,
0,patch_25_24,6400,6656,6144,6400,65536,NDVI,-0.99609375,27484,17112,0.017612776816143802,65536,0.022570810713354095
0,patch_25_25,6400,6656,6400,6656,65536,MSAVI,-0.23828125,34818,,,,
0,patch_25_25,6400,6656,6400,6656,65536,NDVI,-0.99609375,30718,18680,0.011631578895775388,20780,0.022374022828639373
0,patch_25_26,6400,6656,6656,6912,65536,MSAVI,-0.26953125,38496,,,,
0,patch_25_26,6400,6656,6656,6912,65536,NDVI,-0.99609375,27040,18777,0.016281681778251955,19821,0.027420537846894466
0,patch_25_27,6400,6656,6912,7168,65536,MSAVI,-0.09765625,44902,,,,
0,patch_25_27,6400,6656,6912,7168,65536,NDVI,-0.99609375,20634,17419,0.022794412157030777,16975,0.03515210444123881
0,patch_25_28,6400,6656,7168,7424,65536,MSAVI,-0.12890625,40024,,,,
0,patch_25_28,6400,6656,7168,7424,65536,NDVI,-0.99609375,25512,20669,0.02203385549504848,19343,0.028527984023171193
0,patch_25_29,6400,6656,7424,7680,65536,MSAVI,-0.12109375,40472,,,,
0,patch_25_29,6400,6656,7424,7680,65536,NDVI,-0.99609375,25064,13147,0.013909812605133673,14642,0.025489353834901612
0,patch_25_30,6400,6656,7680,7936,65536,MSAVI,-0.01171875,44698,,,,
0,patch_25_30,6400,6656,7680,7936,65536,NDVI,-0.99609375,20838,18966,0.019826442060804875,65536,0.03245747762986159
0,patch_25_31,6400,6656,7936,8192,65536,MSAVI,-0.10546875,36666,,,,
0,patch_25_31,6400,6656,7936,8192,65536,NDVI,-0.99609375,28870,18079,0.01391081198654262,65536,0.023120709900881414
0,patch_25_32,6400,6656,8192,8448,65536,MSAVI,-0.16796875,38989,,,,
0,patch_25_32,6400,6656,8192,8448,65536,NDVI,-0.99609375,26547,15664,0.015229578337421112,15407,0.026766040387001866
0,patch_26_0,6656,6912,0,256,65536,MSAVI,-0.16796875,36961,,,,
0,patch_26_0,6656,6912,0,256,65536,NDVI,-0.99609375,28575,5316,0.006619098388490188,7629,0.01855690087276335
0,patch_26_1,6656,6912,256,512,65536,MSAVI,-0.14453125,40264,,,,
0,patch_26_1,6656,6912,256,512,65536,NDVI,-0.99609375,25272,11632,0.014369207749036772,12500,0.023286996461361065
0,patch_26_2,6656,6912,512,768,65536,MSAVI,-0.13671875,37334,,,,
0,patch_26_2,6656,6912,512,768,65536,NDVI,-0.99609375,28202,13412,0.010339857732923619,14674,0.019283458766194167
0,patch_26_3,6656,6912,768,1024,65536,MSAVI,-0.05078125,37158,,,,
0,patch_26_3,6656,6912,768,1024,65536,NDVI,-0.99609375,28378,7451,0.006712248611412883,10755,0.01506454389940065
0,patch_26_4,6656,6912,1024,1280,65536,MSAVI,0.00390625,32756,,,,
0,patch_26_4,6656,6912,1024,1280,65536,NDVI,-0.99609375,32780,14411,0.004134779484026213,18487,0.012459785507818427
0,patch_26_5,6656,6912,1280,1536,65536,MSAVI,-0.20703125,34271,,,,
0,patch_26_5,6656,6912,1280,1536,65536,NDVI,-0.51171875,31263,15865,0.006190626351236683,18329,0.01614089577892719
0,patch_26_6,6656,6912,1536,1792,65536,MSAVI,-0.16796875,37201,,,,
0,patch_26_6,6656,6912,1536,1792,65536,NDVI,-0.47265625,28329,14343,0.011602969477059633,15535,0.02212879813075097
0,patch_26_7,6656,6912,1792,2048,65536,MSAVI,-0.12109375,42399,,,,
0,patch_26_7,6656,6912,1792,2048,65536,NDVI,-0.51953125,23136,10312,0.017250069615523264,10527,0.028130566780884547
0,patch_26_8,6656,6912,2048,2304,65536,MSAVI,-0.33984375,47188,,,,
0,patch_26_8,6656,6912,2048,2304,65536,NDVI,-0.99609375,18348,9903,0.02165559974664312,9571,0.03467856721820112
0,patch_26_9,6656,6912,2304,2560,65536,MSAVI,-0.29296875,46301,,,,
0,patch_26_9,6656,6912,2304,2560,65536,NDVI,-0.99609375,19235,11592,0.019577871666215108,12068,0.03530977042781838
0,patch_26_10,6656,6912,2560,2816,65536,MSAVI,-0.24609375,46213,,,,
0,patch_26_10,6656,6912,2560,2816,65536,NDVI,-0.56640625,19319,8655,0.018643196675750026,9351,0.034125529294339985
0,patch_26_11,6656,6912,2816,3072,65536,MSAVI,-0.33984375,42631,,,,
0,patch_26_11,6656,6912,2816,3072,65536,NDVI,-0.67578125,20316,5831,0.017059749754472803,6543,0.02457026343146776
0,patch_26_12,6656,6912,3072,3328,65536,MSAVI,-0.23046875,42146,,,,
0,patch_26_12,6656,6912,3072,3328,65536,NDVI,-0.65234375,23390,8475,0.01555563841893609,8646,0.023107007750532538
0,patch_26_13,6656,6912,3328,3584,65536,MSAVI,-0.29296875,42129,,,,
0,patch_26_13,6656,6912,3328,3584,65536,NDVI,-0.67578125,23363,5734,0.013849972994586512,6925,0.026118033003920793
0,patch_26_14,6656,6912,3584,3840,65536,MSAVI,-0.30859375,51559,,,,
0,patch_26_14,6656,6912,3584,3840,65536,NDVI,-0.60546875,13850,7157,0.021954544139360363,6936,0.03759020770407878
0,patch_26_15,6656,6912,3840,4096,65536,MSAVI,-0.19921875,39795,,,,
0,patch_26_15,6656,6912,3840,4096,65536,NDVI,-0.65234375,25737,10320,0.01433511839995584,12642,0.02299554297759432
0,patch_26_16,6656,6912,4096,4352,65536,MSAVI,-0.08984375,35975,,,,
0,patch_26_16,6656,6912,4096,4352,65536,NDVI,-0.99609375,29561,24843,0.017020036842391534,23955,0.02497484875986536
0,patch_26_17,6656,6912,4352,4608,65536,MSAVI,-0.09765625,39088,,,,
0,patch_26_17,6656,6912,4352,4608,65536,NDVI,-0.99609375,26448,17899,0.017016794295759294,65536,0.02674111294922238
0,patch_26_18,6656,6912,4608,4864,65536,MSAVI,-0.21484375,47816,,,,
0,patch_26_18,6656,6912,4608,4864,65536,NDVI,-0.33203125,17717,15411,0.024406729929879148,65536,0.03520557754462886
0,patch_26_19,6656,6912,4864,5120,65536,MSAVI,-0.16015625,36680,,,,
0,patch_26_19,6656,6912,4864,5120,65536,NDVI,-0.99609375,28856,19985,0.015391308121809166,65536,0.022850331066938345
0,patch_26_20,6656,6912,5120,5376,65536,MSAVI,-0.22265625,37305,,,,
0,patch_26_20,6656,6912,5120,5376,65536,NDVI,-0.99609375,28231,12128,0.010202708627765941,14076,0.02022013926830546
0,patch_26_21,6656,6912,5376,5632,65536,MSAVI,-0.19140625,42365,,,,
0,patch_26_21,6656,6912,5376,5632,65536,NDVI,-0.99609375,23171,14987,0.019867992734811782,15122,0.02984309014836775
0,patch_26_22,6656,6912,5632,5888,65536,MSAVI,-0.01171875,34273,,,,
0,patch_26_22,6656,6912,5632,5888,65536,NDVI,-0.99609375,31263,27893,0.015956982240200673,27042,0.024838764603796692
0,patch_26_23,6656,6912,5888,6144,65536,MSAVI,-0.01171875,35083,,,,
0,patch_26_23,6656,6912,5888,6144,65536,NDVI,-0.99609375,30453,23157,0.01129971498040426,65536,0.022461715938662058
0,patch_26_24,6656,6912,6144,6400,65536,MSAVI,-0.05078125,36365,,,,
0,patch_26_24,6656,6912,6144,6400,65536,NDVI,-0.99609375,29171,15945,0.009645111805255846,17395,0.019788574176892837
0,patch_26_25,6656,6912,6400,6656,65536,MSAVI,-0.10546875,35417,,,,
0,patch_26_25,6656,6912,6400,6656,65536,NDVI,-0.99609375,30119,17356,0.012580517260011345,16764,0.018436217309161923
0,patch_26_26,6656,6912,6656,6912,65536,MSAVI,-0.18359375,36015,,,,
0,patch_26_26,6656,6912,6656,6912,65536,NDVI,-0.99609375,29521,15641,0.009293875056962636,18891,0.021801623518995727
0,patch_26_27,6656,6912,6912,7168,65536,MSAVI,-0.03515625,32643,,,,
0,patch_26_27,6656,6912,6912,7168,65536,NDVI,-0.99609375,32893,16556,0.0051921535488778925,22312,0.016661321894001907
0,patch_26_28,6656,6912,7168,7424,65536,MSAVI,-0.09765625,37134,,,,
0,patch_26_28,6656,6912,7168,7424,65536,NDVI,-0.99609375,28402,15800,0.01105288561151603,20000,0.024644401419945616
0,patch_26_29,6656,6912,7424,7680,65536,MSAVI,-0.16015625,40698,,,,
0,patch_26_29,6656,6912,7424,7680,65536,NDVI,-0.99609375,24838,13906,0.017194493491778012,15434,0.028864816739785776
0,patch_26_30,6656,6912,7680,7936,65536,MSAVI,-0.18359375,41067,,,,
0,patch_26_30,6656,6912,7680,7936,65536,NDVI,-0.99609375,24469,13556,0.01576710699611346,14332,0.026691016252183175
0,patch_26_31,6656,6912,7936,8192,65536,MSAVI,-0.22265625,41883,,,,
0,patch_26_31,6656,6912,7936,8192,65536,NDVI,-0.99609375,23653,14961,0.017052602252507584,16104,0.030611861996956646
0,patch_26_32,6656,6912,8192,8448,65536,MSAVI,-0.15234375,37452,,,,
0,patch_26_32,6656,6912,8192,8448,65536,NDVI,-0.99609375,28084,17854,0.01315571369682346,18938,0.02697849736838731
0,patch_27_0,6912,7168,0,256,65536,MSAVI,0.01953125,42657,,,,
0,patch_27_0,6912,7168,0,256,65536,NDVI,-0.99609375,22879,17900,0.017351294487310792,65536,0.027340889599551388
0,patch_27_1,6912,7168,256,512,65536,MSAVI,-0.20703125,43651,,,,
0,patch_27_1,6912,7168,256,512,65536,NDVI,-0.99609375,21885,9943,0.017197187733961616,10402,0.02839364861664742
0,patch_27_2,6912,7168,512,768,65536,MSAVI,-0.15234375,41362,,,,
0,patch_27_2,6912,7168,512,768,65536,NDVI,-0.99609375,24174,8255,0.012795505914128827,10278,0.025517712196004377
0,patch_27_3,6912,7168,768,1024,65536,MSAVI,-0.30078125,36201,,,,
0,patch_27_3,6912,7168,768,1024,65536,NDVI,-0.99609375,29335,9390,0.007780950962170602,12051,0.015548113382815504
0,patch_27_4,6912,7168,1024,1280,65536,MSAVI,-0.18359375,38185,,,,
0,patch_27_4,6912,7168,1024,1280,65536,NDVI,-0.99609375,27351,5274,0.008517743157406832,7751,0.017507263491558428
0,patch_27_5,6912,7168,1280,1536,65536,MSAVI,-0.26953125,38903,,,,
0,patch_27_5,6912,7168,1280,1536,65536,NDVI,-0.99609375,26633,7684,0.008536644562501111,9958,0.020028357132146873
0,patch_27_6,6912,7168,1536,1792,65536,MSAVI,-0.24609375,39128,,,,
0,patch_27_6,6912,7168,1536,1792,65536,NDVI,-0.52734375,26407,8920,0.009281263397840994,11635,0.020555596298712786
0,patch_27_7,6912,7168,1792,2048,65536,MSAVI,-0.38671875,43579,,,,
0,patch_27_7,6912,7168,1792,2048,65536,NDVI,-0.99609375,21957,6885,0.016826326770119526,7431,0.025335856280912034
0,patch_27_8,6912,7168,2048,2304,65536,MSAVI,-0.26171875,41033,,,,
0,patch_27_8,6912,7168,2048,2304,65536,NDVI,-0.99609375,24503,13242,0.01589245655281815,14242,0.025770102038463
0,patch_27_9,6912,7168,2304,2560,65536,MSAVI,-0.25390625,37300,,,,
0,patch_27_9,6912,7168,2304,2560,65536,NDVI,-0.51953125,28235,17596,0.01080947588306691,18184,0.024836477211026248
0,patch_27_10,6912,7168,2560,2816,65536,MSAVI,-0.24609375,48823,,,,
0,patch_27_10,6912,7168,2560,2816,65536,NDVI,-0.59765625,16610,8747,0.025708940190237672,8638,0.037054402011522936
0,patch_27_11,6912,7168,2816,3072,65536,MSAVI,-0.33203125,50063,,,,
0,patch_27_11,6912,7168,2816,3072,65536,NDVI,-0.63671875,15411,4539,0.02446858239692591,4459,0.03508397797524537
0,patch_27_12,6912,7168,3072,3328,65536,MSAVI,-0.26171875,47318,,,,
0,patch_27_12,6912,7168,3072,3328,65536,NDVI,-0.51953125,18149,12263,0.023986258684480177,12408,0.03809340891737126
0,patch_27_13,6912,7168,3328,3584,65536,MSAVI,-0.30078125,46495,,,,
0,patch_27_13,6912,7168,3328,3584,65536,NDVI,-0.52734375,18941,8953,0.01842875463454617,8585,0.03302611874400352
0,patch_27_14,6912,7168,3584,3840,65536,MSAVI,-0.26171875,44178,,,,
0,patch_27_14,6912,7168,3584,3840,65536,NDVI,-0.49609375,21234,14737,0.016416799337043375,14438,0.030390874990945338
0,patch_27_15,6912,7168,3840,4096,65536,MSAVI,-0.21484375,42103,,,,
0,patch_27_15,6912,7168,3840,4096,65536,NDVI,-0.58984375,23432,13367,0.020984497641325428,65536,0.03104820410434167
0,patch_27_16,6912,7168,4096,4352,65536,MSAVI,-0.08984375,30475,,,,
0,patch_27_16,6912,7168,4096,4352,65536,NDVI,-0.99609375,35061,32040,0.015194625427795705,65536,0.01827533780925958
0,patch_27_17,6912,7168,4352,4608,65536,MSAVI,-0.25390625,38616,,,,
0,patch_27_17,6912,7168,4352,4608,65536,NDVI,-0.99609375,26920,25198,0.015838321760683435,65536,0.030198708440929173
0,patch_27_18,6912,7168,4608,4864,65536,MSAVI,-0.33984375,43433,,,,
0,patch_27_18,6912,7168,4608,4864,65536,NDVI,-0.51171875,22103,13579,0.019908303930306723,13726,0.03379357788093948
0,patch_27_19,6912,7168,4864,5120,65536,MSAVI,-0.05078125,34459,,,,
0,patch_27_19,6912,7168,4864,5120,65536,NDVI,-0.99609375,31077,19461,0.01188610937151273,65536,0.02156597515545952
0,patch_27_20,6912,7168,5120,5376,65536,MSAVI,-0.07421875,35810,,,,
0,patch_27_20,6912,7168,5120,5376,65536,NDVI,-0.99609375,29726,21823,0.016102714978339233,65536,0.022386307806346012
0,patch_27_21,6912,7168,5376,5632,65536,MSAVI,-0.23828125,47411,,,,
0,patch_27_21,6912,7168,5376,5632,65536,NDVI,-0.99609375,18125,8804,0.026258072651359668,8779,0.03264594005783722
0,patch_27_22,6912,7168,5632,5888,65536,MSAVI,-0.08984375,37802,,,,
0,patch_27_22,6912,7168,5632,5888,65536,NDVI,-0.99609375,27734,23249,0.01672290166895611,22807,0.02601154277209322
0,patch_27_23,6912,7168,5888,6144,65536,MSAVI,0.02734375,31651,,,,
0,patch_27_23,6912,7168,5888,6144,65536,NDVI,-0.99609375,33885,22390,0.005800821521767599,26640,0.018190361968125568
0,patch_27_24,6912,7168,6144,6400,65536,MSAVI,-0.15234375,38376,,,,
0,patch_27_24,6912,7168,6144,6400,65536,NDVI,-0.99609375,27160,14207,0.013516743122813576,15996,0.021291582299606537
0,patch_27_25,6912,7168,6400,6656,65536,MSAVI,-0.16015625,34581,,,,
0,patch_27_25,6912,7168,6400,6656,65536,NDVI,-0.99609375,30955,20499,0.011980027378248492,21403,0.020117108801671862
0,patch_27_26,6912,7168,6656,6912,65536,MSAVI,-0.13671875,33745,,,,
0,patch_27_26,6912,7168,6656,6912,65536,NDVI,-0.99609375,31791,19866,0.009956717067125129,21725,0.021366405445350428
0,patch_27_27,6912,7168,6912,7168,65536,MSAVI,-0.10546875,38995,,,,
0,patch_27_27,6912,7168,6912,7168,65536,NDVI,-0.99609375,26541,19016,0.015002055626251884,19589,0.025433781709162218
0,patch_27_28,6912,7168,7168,7424,65536,MSAVI,-0.12109375,45994,,,,
0,patch_27_28,6912,7168,7168,7424,65536,NDVI,-0.99609375,19542,15595,0.02096161670797267,15011,0.03387815047029033
0,patch_27_29,6912,7168,7424,7680,65536,MSAVI,-0.22265625,40925,,,,
0,patch_27_29,6912,7168,7424,7680,65536,NDVI,-0.99609375,24611,16921,0.020273578572443662,16954,0.03197630895482442
0,patch_27_30,6912,7168,7680,7936,65536,MSAVI,-0.03515625,37128,,,,
0,patch_27_30,6912,7168,7680,7936,65536,NDVI,-0.99609375,28408,20431,0.013094626661023165,21144,0.025357434067783957
0,patch_27_31,6912,7168,7936,8192,65536,MSAVI,-0.13671875,39296,,,,
0,patch_27_31,6912,7168,7936,8192,65536,NDVI,-0.99609375,26240,18014,0.016905408131229982,18447,0.02907150245070969
0,patch_27_32,6912,7168,8192,8448,65536,MSAVI,-0.11328125,45041,,,,
0,patch_27_32,6912,7168,8192,8448,65536,NDVI,-0.99609375,20495,16911,0.019311792687896706,65536,0.029459519605695678
0,patch_28_0,7168,7424,0,256,65536,MSAVI,-0.16015625,36427,,,,
0,patch_28_0,7168,7424,0,256,65536,NDVI,-0.99609375,29109,9138,0.004603755850276711,12980,0.017369840527583363
0,patch_28_1,7168,7424,256,512,65536,MSAVI,-0.14453125,37205,,,,
0,patch_28_1,7168,7424,256,512,65536,NDVI,-0.99609375,28331,8012,0.005755691709260921,11357,0.018845809087574522
0,patch_28_2,7168,7424,512,768,65536,MSAVI,-0.17578125,44061,,,,
0,patch_28_2,7168,7424,512,768,65536,NDVI,-0.99609375,21475,6459,0.01632252392813313,7370,0.02728136838721748
0,patch_28_3,7168,7424,768,1024,65536,MSAVI,-0.23828125,37697,,,,
0,patch_28_3,7168,7424,768,1024,65536,NDVI,-0.99609375,27839,8216,0.012310116119002859,10949,0.022147712252360563
0,patch_28_4,7168,7424,1024,1280,65536,MSAVI,0.03515625,49316,,,,
0,patch_28_4,7168,7424,1024,1280,65536,NDVI,-0.99609375,16220,6947,0.018926258090989218,7037,0.03244660685288703
0,patch_28_5,7168,7424,1280,1536,65536,MSAVI,-0.23046875,37635,,,,
0,patch_28_5,7168,7424,1280,1536,65536,NDVI,-0.50390625,27901,6291,0.005835359936222653,10172,0.01595795363102287
0,patch_28_6,7168,7424,1536,1792,65536,MSAVI,-0.19140625,36604,,,,
0,patch_28_6,7168,7424,1536,1792,65536,NDVI,-0.55078125,28929,10297,0.006096215969542532,14583,0.017576786761565516
0,patch_28_7,7168,7424,1792,2048,65536,MSAVI,-0.28515625,37817,,,,
0,patch_28_7,7168,7424,1792,2048,65536,NDVI,-0.99609375,27719,8130,0.010034415496277357,9732,0.01996925120316534
0,patch_28_8,7168,7424,2048,2304,65536,MSAVI,-0.16015625,35001,,,,
0,patch_28_8,7168,7424,2048,2304,65536,NDVI,-0.99609375,30535,13042,0.006601546528166746,18555,0.017250381574373197
0,patch_28_9,7168,7424,2304,2560,65536,MSAVI,-0.33203125,27666,,,,
0,patch_28_9,7168,7424,2304,2560,65536,NDVI,-0.99609375,37870,11776,0.00015599528997324585,27882,0.014442888766795253
0,patch_28_10,7168,7424,2560,2816,65536,MSAVI,-0.27734375,40701,,,,
0,patch_28_10,7168,7424,2560,2816,65536,NDVI,-0.63671875,24833,10693,0.014492810312560722,11679,0.02682289074005198
0,patch_28_11,7168,7424,2816,3072,65536,MSAVI,-0.30859375,48970,,,,
0,patch_28_11,7168,7424,2816,3072,65536,NDVI,-0.54296875,16552,5511,0.022961035888979756,5814,0.0350099251142548
0,patch_28_12,7168,7424,3072,3328,65536,MSAVI,-0.17578125,52784,,,,
0,patch_28_12,7168,7424,3072,3328,65536,NDVI,-0.48828125,12750,7118,0.026337486955655035,7230,0.0411366182208025
0,patch_28_13,7168,7424,3328,3584,65536,MSAVI,-0.28515625,48334,,,,
0,patch_28_13,7168,7424,3328,3584,65536,NDVI,-0.55859375,17187,6590,0.02072504857868626,6377,0.033401497673213515
0,patch_28_14,7168,7424,3584,3840,65536,MSAVI,-0.41015625,48439,,,,
0,patch_28_14,7168,7424,3584,3840,65536,NDVI,-0.64453125,17053,6497,0.022699214701025067,6376,0.036517511509083694
0,patch_28_15,7168,7424,3840,4096,65536,MSAVI,-0.23046875,44424,,,,
0,patch_28_15,7168,7424,3840,4096,65536,NDVI,-0.58984375,21096,14213,0.020300841699672084,14176,0.03409302277792464
0,patch_28_16,7168,7424,4096,4352,65536,MSAVI,-0.11328125,36696,,,,
0,patch_28_16,7168,7424,4096,4352,65536,NDVI,-0.99609375,28840,23209,0.0163893459092099,22167,0.025346030012392773
0,patch_28_17,7168,7424,4352,4608,65536,MSAVI,-0.17578125,50183,,,,
0,patch_28_17,7168,7424,4352,4608,65536,NDVI,-0.99609375,15353,13506,0.023870323528039236,65536,0.03900157290968018
0,patch_28_18,7168,7424,4608,4864,65536,MSAVI,-0.05078125,38849,,,,
0,patch_28_18,7168,7424,4608,4864,65536,NDVI,-0.99609375,26687,13711,0.012840641250550747,14879,0.02397511833091126
0,patch_28_19,7168,7424,4864,5120,65536,MSAVI,-0.08203125,30815,,,,
0,patch_28_19,7168,7424,4864,5120,65536,NDVI,-0.99609375,34721,26742,0.010739718018149977,27006,0.01908037070652338
0,patch_28_20,7168,7424,5120,5376,65536,MSAVI,-0.05859375,34528,,,,
0,patch_28_20,7168,7424,5120,5376,65536,NDVI,-0.99609375,31008,18933,0.008376530464641305,22289,0.019261294053621703
0,patch_28_21,7168,7424,5376,5632,65536,MSAVI,-0.01953125,28487,,,,
0,patch_28_21,7168,7424,5376,5632,65536,NDVI,-0.99609375,37049,3597,-0.005656895120605576,27909,0.013983548482845248
0,patch_28_22,7168,7424,5632,5888,65536,MSAVI,-0.12109375,35202,,,,
0,patch_28_22,7168,7424,5632,5888,65536,NDVI,-0.99609375,30334,19549,0.011519864139997851,20904,0.022337490273061006
0,patch_28_23,7168,7424,5888,6144,65536,MSAVI,-0.18359375,39195,,,,
0,patch_28_23,7168,7424,5888,6144,65536,NDVI,-0.99609375,26341,8794,0.011297115364774873,9156,0.01990712825194943
0,patch_28_24,7168,7424,6144,6400,65536,MSAVI,-0.23046875,43171,,,,
0,patch_28_24,7168,7424,6144,6400,65536,NDVI,-0.99609375,22365,13882,0.02098895555611896,65536,0.028569120758792366
0,patch_28_25,7168,7424,6400,6656,65536,MSAVI,-0.13671875,31549,,,,
0,patch_28_25,7168,7424,6400,6656,65536,NDVI,-0.99609375,33987,21381,0.006304321614982622,26953,0.02139561479343499
0,patch_28_26,7168,7424,6656,6912,65536,MSAVI,-0.19140625,43855,,,,
0,patch_28_26,7168,7424,6656,6912,65536,NDVI,-0.99609375,21681,17018,0.020719708262505132,17452,0.03462865823463296
0,patch_28_27,7168,7424,6912,7168,65536,MSAVI,-0.23828125,35794,,,,
0,patch_28_27,7168,7424,6912,7168,65536,NDVI,-0.99609375,29742,13767,0.007835548011575585,19013,0.0224046572547571
0,patch_28_28,7168,7424,7168,7424,65536,MSAVI,-0.29296875,46015,,,,
0,patch_28_28,7168,7424,7168,7424,65536,NDVI,-0.99609375,19521,7915,0.022292116941261625,8579,0.03192290750283888
0,patch_28_29,7168,7424,7424,7680,65536,MSAVI,-0.12109375,47419,,,,
0,patch_28_29,7168,7424,7424,7680,65536,NDVI,-0.34765625,18116,15278,0.024748013648536932,65536,0.03478163557452088
0,patch_28_30,7168,7424,7680,7936,65536,MSAVI,-0.12890625,37014,,,,
0,patch_28_30,7168,7424,7680,7936,65536,NDVI,-0.99609375,28522,18448,0.011572098630214286,19745,0.025635169170171085
0,patch_28_31,7168,7424,7936,8192,65536,MSAVI,-0.21484375,43583,,,,
0,patch_28_31,7168,7424,7936,8192,65536,NDVI,-0.99609375,21953,10216,0.018220531638591983,65536,0.03165569094923912
0,patch_28_32,7168,7424,8192,8448,65536,MSAVI,-0.10546875,50706,,,,
0,patch_28_32,7168,7424,8192,8448,65536,NDVI,-0.99609375,14830,10221,0.017706580649896567,65536,0.038319172010843394
0,patch_29_0,7424,7680,0,256,65536,MSAVI,-0.09765625,34382,,,,
0,patch_29_0,7424,7680,0,256,65536,NDVI,-0.99609375,31154,5118,0.004267801968630899,9259,0.014084411679512743
0,patch_29_1,7424,7680,256,512,65536,MSAVI,-0.21484375,43764,,,,
0,patch_29_1,7424,7680,256,512,65536,NDVI,-0.99609375,21772,13867,0.02098845804343845,65536,0.031595999525764945
0,patch_29_2,7424,7680,512,768,65536,MSAVI,-0.23828125,42442,,,,
0,patch_29_2,7424,7680,512,768,65536,NDVI,-0.57421875,23094,3716,0.015276395610051244,4064,0.022878345581713977
0,patch_29_3,7424,7680,768,1024,65536,MSAVI,-0.11328125,39548,,,,
0,patch_29_3,7424,7680,768,1024,65536,NDVI,-0.99609375,25988,9121,0.011358729335959092,10842,0.023442566764054235
0,patch_29_4,7424,7680,1024,1280,65536,MSAVI,-0.25390625,36602,,,,
0,patch_29_4,7424,7680,1024,1280,65536,NDVI,-0.99609375,28934,8412,0.008092330819428964,13590,0.018857896481960595
0,patch_29_5,7424,7680,1280,1536,65536,MSAVI,-0.21484375,39198,,,,
0,patch_29_5,7424,7680,1280,1536,65536,NDVI,-0.99609375,26338,10458,0.01085857272907681,13641,0.021398169508595216
0,patch_29_6,7424,7680,1536,1792,65536,MSAVI,-0.24609375,35527,,,,
0,patch_29_6,7424,7680,1536,1792,65536,NDVI,-0.99609375,30009,9869,0.005089481577729954,15695,0.018414675318447232
0,patch_29_7,7424,7680,1792,2048,65536,MSAVI,-0.11328125,39970,,,,
0,patch_29_7,7424,7680,1792,2048,65536,NDVI,-0.99609375,25566,3693,0.00836749312771029,5944,0.016056227688661773
0,patch_29_8,7424,7680,2048,2304,65536,MSAVI,-0.19921875,31602,,,,
0,patch_29_8,7424,7680,2048,2304,65536,NDVI,-0.99609375,33934,9222,0.0028755216525700733,17650,0.013537919603806986
0,patch_29_9,7424,7680,2304,2560,65536,MSAVI,-0.10546875,35737,,,,
0,patch_29_9,7424,7680,2304,2560,65536,NDVI,-0.54296875,29772,14802,0.008844208738847822,17387,0.020916348033958865
0,patch_29_10,7424,7680,2560,2816,65536,MSAVI,-0.18359375,37376,,,,
0,patch_29_10,7424,7680,2560,2816,65536,NDVI,-0.50390625,28159,11227,0.00894931959782494,14123,0.02020162116713692
0,patch_29_11,7424,7680,2816,3072,65536,MSAVI,-0.33203125,47239,,,,
0,patch_29_11,7424,7680,2816,3072,65536,NDVI,-0.99609375,18297,5950,0.019738445196186075,6286,0.03345677365407318
0,patch_29_12,7424,7680,3072,3328,65536,MSAVI,-0.23828125,48156,,,,
0,patch_29_12,7424,7680,3072,3328,65536,NDVI,-0.99609375,17380,6377,0.023785162617689565,6575,0.03589435227700927
0,patch_29_13,7424,7680,3328,3584,65536,MSAVI,-0.26953125,43831,,,,
0,patch_29_13,7424,7680,3328,3584,65536,NDVI,-0.48828125,21704,8957,0.017006297962671238,9378,0.0282334229028528
0,patch_29_14,7424,7680,3584,3840,65536,MSAVI,-0.26953125,41528,,,,
0,patch_29_14,7424,7680,3584,3840,65536,NDVI,-0.99609375,24008,9610,0.014664665899107268,10563,0.029182326523818497
0,patch_29_15,7424,7680,3840,4096,65536,MSAVI,-0.20703125,39584,,,,
0,patch_29_15,7424,7680,3840,4096,65536,NDVI,-0.51953125,25942,16163,0.013749707579210138,16376,0.024738897450098468
0,patch_29_16,7424,7680,4096,4352,65536,MSAVI,-0.13671875,43303,,,,
0,patch_29_16,7424,7680,4096,4352,65536,NDVI,-0.99609375,22233,17241,0.022266108105574056,16781,0.03491117686200734
0,patch_29_17,7424,7680,4352,4608,65536,MSAVI,-0.16015625,40216,,,,
0,patch_29_17,7424,7680,4352,4608,65536,NDVI,-0.99609375,25320,23328,0.02021337764754018,65536,0.03090978262086666
0,patch_29_18,7424,7680,4608,4864,65536,MSAVI,-0.13671875,34926,,,,
0,patch_29_18,7424,7680,4608,4864,65536,NDVI,-0.99609375,30610,17907,0.009065066499104268,65487,0.022400098534092527
0,patch_29_19,7424,7680,4864,5120,65536,MSAVI,-0.15234375,36753,,,,
0,patch_29_19,7424,7680,4864,5120,65536,NDVI,-0.99609375,28783,21290,0.015535286825364938,65536,0.02238558499227694
0,patch_29_20,7424,7680,5120,5376,65536,MSAVI,0.02734375,31854,,,,
0,patch_29_20,7424,7680,5120,5376,65536,NDVI,-0.99609375,33682,8190,0.001748338129251778,16837,0.011535769184152778
0,patch_29_21,7424,7680,5376,5632,65536,MSAVI,-0.10546875,34334,,,,
0,patch_29_21,7424,7680,5376,5632,65536,NDVI,-0.99609375,31202,20442,0.008577136226090368,23173,0.021820179059365646
0,patch_29_22,7424,7680,5632,5888,65536,MSAVI,-0.26953125,40650,,,,
0,patch_29_22,7424,7680,5632,5888,65536,NDVI,-0.99609375,24886,16112,0.018817667010384842,15992,0.02842679983388871
0,patch_29_23,7424,7680,5888,6144,65536,MSAVI,-0.23046875,41163,,,,
0,patch_29_23,7424,7680,5888,6144,65536,NDVI,-0.99609375,24373,10371,0.01587993614000753,65491,0.02466627041066055
0,patch_29_24,7424,7680,6144,6400,65536,MSAVI,-0.19921875,39021,,,,
0,patch_29_24,7424,7680,6144,6400,65536,NDVI,-0.99609375,26515,7827,0.011345918394043794,65536,0.01806825816238611
0,patch_29_25,7424,7680,6400,6656,65536,MSAVI,-0.23046875,41431,,,,
0,patch_29_25,7424,7680,6400,6656,65536,NDVI,-0.99609375,24105,12409,0.014998334078538886,12562,0.02737757856336806
0,patch_29_26,7424,7680,6656,6912,65536,MSAVI,-0.28515625,43087,,,,
0,patch_29_26,7424,7680,6656,6912,65536,NDVI,-0.60546875,22449,13182,0.021677210484791,13049,0.0334053907471506
0,patch_29_27,7424,7680,6912,7168,65536,MSAVI,-0.25390625,41820,,,,
0,patch_29_27,7424,7680,6912,7168,65536,NDVI,-0.51171875,23696,19851,0.02232208375371826,19323,0.031325614586685036
0,patch_29_28,7424,7680,7168,7424,65536,MSAVI,-0.12109375,41983,,,,
0,patch_29_28,7424,7680,7168,7424,65536,NDVI,-0.99609375,23553,16875,0.01832147380563791,16539,0.031631994437252176
0,patch_29_29,7424,7680,7424,7680,65536,MSAVI,-0.16796875,50035,,,,
0,patch_29_29,7424,7680,7424,7680,65536,NDVI,-0.99609375,15501,10327,0.02417233033411012,10308,0.03986807185802521
0,patch_29_30,7424,7680,7680,7936,65536,MSAVI,-0.30859375,39305,,,,
0,patch_29_30,7424,7680,7680,7936,65536,NDVI,-0.99609375,26231,14525,0.015179538352989713,16412,0.028666327309034678
0,patch_29_31,7424,7680,7936,8192,65536,MSAVI,-0.16015625,42265,,,,
0,patch_29_31,7424,7680,7936,8192,65536,NDVI,-0.99609375,23271,16010,0.017745330387752778,15878,0.03141433962390966
0,patch_29_32,7424,7680,8192,8448,65536,MSAVI,-0.27734375,32730,,,,
0,patch_29_32,7424,7680,8192,8448,65536,NDVI,-0.99609375,32806,17401,0.00748829241459309,22408,0.021421575888160987
0,patch_30_0,7680,7936,0,256,65536,MSAVI,0.02734375,36093,,,,
0,patch_30_0,7680,7936,0,256,65536,NDVI,-0.99609375,29443,8404,0.007578222882371657,65536,0.017832618361784597
0,patch_30_1,7680,7936,256,512,65536,MSAVI,-0.16015625,41862,,,,
0,patch_30_1,7680,7936,256,512,65536,NDVI,-0.99609375,23674,10761,0.015543316009220334,65536,0.02728197947687902
0,patch_30_2,7680,7936,512,768,65536,MSAVI,-0.35546875,42508,,,,
0,patch_30_2,7680,7936,512,768,65536,NDVI,-0.99609375,23028,7324,0.014627672453646226,8687,0.028505427123508953
0,patch_30_3,7680,7936,768,1024,65536,MSAVI,-0.18359375,42105,,,,
0,patch_30_3,7680,7936,768,1024,65536,NDVI,-0.99609375,23431,9471,0.017176737992707497,9605,0.025394149741266275
0,patch_30_4,7680,7936,1024,1280,65536,MSAVI,-0.19921875,38105,,,,
0,patch_30_4,7680,7936,1024,1280,65536,NDVI,-0.99609375,27431,10763,0.010969752495836593,12725,0.02018419335201621
0,patch_30_5,7680,7936,1280,1536,65536,MSAVI,-0.15234375,38035,,,,
0,patch_30_5,7680,7936,1280,1536,65536,NDVI,-0.99609375,27501,9551,0.009488779487555166,11775,0.019065742872374447
0,patch_30_6,7680,7936,1536,1792,65536,MSAVI,-0.16015625,34890,,,,
0,patch_30_6,7680,7936,1536,1792,65536,NDVI,-0.99609375,30646,9096,0.006564696155196129,14165,0.017296227179809137
0,patch_30_7,7680,7936,1792,2048,65536,MSAVI,-0.16796875,35967,,,,
0,patch_30_7,7680,7936,1792,2048,65536,NDVI,-0.99609375,29569,10909,0.006247100096658076,15618,0.016542413594623412
0,patch_30_8,7680,7936,2048,2304,65536,MSAVI,-0.19140625,36350,,,,
0,patch_30_8,7680,7936,2048,2304,65536,NDVI,-0.99609375,29186,6071,0.00689620712012505,10477,0.016475163470926646
0,patch_30_9,7680,7936,2304,2560,65536,MSAVI,-0.05859375,41903,,,,
0,patch_30_9,7680,7936,2304,2560,65536,NDVI,-0.48828125,23632,10563,0.01272752246138574,11040,0.02602895571922298
0,patch_30_10,7680,7936,2560,2816,65536,MSAVI,-0.18359375,39600,,,,
0,patch_30_10,7680,7936,2560,2816,65536,NDVI,-0.99609375,25936,13474,0.010984524490028208,14887,0.024670331343918522
0,patch_30_11,7680,7936,2816,3072,65536,MSAVI,-0.19921875,40956,,,,
0,patch_30_11,7680,7936,2816,3072,65536,NDVI,-0.99609375,24580,8208,0.012188685520675188,10513,0.024830107273195484
0,patch_30_12,7680,7936,3072,3328,65536,MSAVI,-0.19140625,42341,,,,
0,patch_30_12,7680,7936,3072,3328,65536,NDVI,-0.49609375,23195,12305,0.016780499882451894,13454,0.02861734190688564
0,patch_30_13,7680,7936,3328,3584,65536,MSAVI,-0.33984375,47482,,,,
0,patch_30_13,7680,7936,3328,3584,65536,NDVI,-0.62109375,18049,8361,0.021033720741169937,8474,0.03482634928926598
0,patch_30_14,7680,7936,3584,3840,65536,MSAVI,-0.32421875,46174,,,,
0,patch_30_14,7680,7936,3584,3840,65536,NDVI,-0.57421875,19306,10451,0.022272460375191747,10438,0.03352617261448579
0,patch_30_15,7680,7936,3840,4096,65536,MSAVI,-0.28515625,36821,,,,
0,patch_30_15,7680,7936,3840,4096,65536,NDVI,-0.51953125,28707,19842,0.014486208814637067,19794,0.021645017809038047
0,patch_30_16,7680,7936,4096,4352,65536,MSAVI,-0.31640625,53769,,,,
0,patch_30_16,7680,7936,4096,4352,65536,NDVI,-0.99609375,11767,5539,0.031429199963258506,5662,0.04696939847978154
0,patch_30_17,7680,7936,4352,4608,65536,MSAVI,-0.12109375,44843,,,,
0,patch_30_17,7680,7936,4352,4608,65536,NDVI,-0.99609375,20693,14208,0.02278257446974441,14073,0.03768285945914149
0,patch_30_18,7680,7936,4608,4864,65536,MSAVI,-0.19921875,37527,,,,
0,patch_30_18,7680,7936,4608,4864,65536,NDVI,-0.99609375,28009,20897,0.016016160414318067,19923,0.02964789416964944
0,patch_30_19,7680,7936,4864,5120,65536,MSAVI,-0.16015625,39745,,,,
0,patch_30_19,7680,7936,4864,5120,65536,NDVI,-0.99609375,25791,14559,0.0171863419941701,15184,0.02573379401846307
0,patch_30_20,7680,7936,5120,5376,65536,MSAVI,-0.16015625,35895,,,,
0,patch_30_20,7680,7936,5120,5376,65536,NDVI,-0.99609375,29641,25013,0.01700874565340657,65536,0.02464928295491839
0,patch_30_21,7680,7936,5376,5632,65536,MSAVI,-0.12109375,42163,,,,
0,patch_30_21,7680,7936,5376,5632,65536,NDVI,-0.99609375,23373,17301,0.018472998823904047,17670,0.0300823382425926
0,patch_30_22,7680,7936,5632,5888,65536,MSAVI,-0.19140625,38331,,,,
0,patch_30_22,7680,7936,5632,5888,65536,NDVI,-0.99609375,27205,21423,0.01753690858188564,21788,0.027801307080406318
0,patch_30_23,7680,7936,5888,6144,65536,MSAVI,-0.11328125,40239,,,,
0,patch_30_23,7680,7936,5888,6144,65536,NDVI,-0.99609375,25297,17827,0.01863871616499417,65536,0.029382932274711143
0,patch_30_24,7680,7936,6144,6400,65536,MSAVI,-0.23046875,43193,,,,
0,patch_30_24,7680,7936,6144,6400,65536,NDVI,-0.99609375,22343,16378,0.02011776402601896,65536,0.028504765277165556
0,patch_30_25,7680,7936,6400,6656,65536,MSAVI,-0.26171875,40639,,,,
0,patch_30_25,7680,7936,6400,6656,65536,NDVI,-0.99609375,24897,15380,0.015250307896236048,16047,0.026674508907260502
0,patch_30_26,7680,7936,6656,6912,65536,MSAVI,-0.25390625,42043,,,,
0,patch_30_26,7680,7936,6656,6912,65536,NDVI,-0.99609375,23493,15285,0.020291940126514363,16129,0.03184034404870342
0,patch_30_27,7680,7936,6912,7168,65536,MSAVI,-0.19921875,44353,,,,
0,patch_30_27,7680,7936,6912,7168,65536,NDVI,-0.99609375,21183,12275,0.02282587138514268,11965,0.036111812061956905
0,patch_30_28,7680,7936,7168,7424,65536,MSAVI,-0.20703125,35634,,,,
0,patch_30_28,7680,7936,7168,7424,65536,NDVI,-0.99609375,29902,20133,0.012669673978224189,21417,0.023693496483523674
0,patch_30_29,7680,7936,7424,7680,65536,MSAVI,-0.26953125,40392,,,,
0,patch_30_29,7680,7936,7424,7680,65536,NDVI,-0.99609375,25144,12435,0.017870543683785323,14205,0.029999305223348927
0,patch_30_30,7680,7936,7680,7936,65536,MSAVI,-0.11328125,38568,,,,
0,patch_30_30,7680,7936,7680,7936,65536,NDVI,-0.99609375,26968,19820,0.018681804193086127,20383,0.030393624848586126
0,patch_30_31,7680,7936,7936,8192,65536,MSAVI,-0.06640625,34644,,,,
0,patch_30_31,7680,7936,7936,8192,65536,NDVI,-0.99609375,30892,25981,0.017655102459734548,65536,0.027345908619042264
0,patch_30_32,7680,7936,8192,8448,65536,MSAVI,-0.02734375,34399,,,,
0,patch_30_32,7680,7936,8192,8448,65536,NDVI,-0.99609375,31137,21820,0.012328031184937457,21658,0.02457629716332821
0,patch_31_1,7936,8192,256,512,65536,MSAVI,-0.21484375,37233,,,,
0,patch_31_1,7936,8192,256,512,65536,NDVI,-0.99609375,28303,17549,0.014430930917480836,65536,0.0235534283062028
0,patch_31_2,7936,8192,512,768,65536,MSAVI,-0.19921875,36809,,,,
0,patch_31_2,7936,8192,512,768,65536,NDVI,-0.99609375,28727,15986,0.011288770835598955,16479,0.02132458177484753
0,patch_31_3,7936,8192,768,1024,65536,MSAVI,-0.22265625,47182,,,,
0,patch_31_3,7936,8192,768,1024,65536,NDVI,-0.42578125,18351,10590,0.023374622659246766,65536,0.031836053729463826
0,patch_31_4,7936,8192,1024,1280,65536,MSAVI,-0.18359375,38027,,,,
0,patch_31_4,7936,8192,1024,1280,65536,NDVI,-0.99609375,27509,10001,0.008609141759500033,12944,0.021858118120720943
0,patch_31_5,7936,8192,1280,1536,65536,MSAVI,-0.23828125,36414,,,,
0,patch_31_5,7936,8192,1280,1536,65536,NDVI,-0.99609375,29122,7867,0.006572214135923751,12267,0.015719129783357544
0,patch_31_6,7936,8192,1536,1792,65536,MSAVI,-0.26171875,38594,,,,
0,patch_31_6,7936,8192,1536,1792,65536,NDVI,-0.99609375,26942,8962,0.00899256889152747,11710,0.019680561223372056
0,patch_31_7,7936,8192,1792,2048,65536,MSAVI,-0.22265625,37895,,,,
0,patch_31_7,7936,8192,1792,2048,65536,NDVI,-0.99609375,27641,4565,0.008019490294897347,7572,0.017496000786127675
0,patch_31_8,7936,8192,2048,2304,65536,MSAVI,-0.26953125,37353,,,,
0,patch_31_8,7936,8192,2048,2304,65536,NDVI,-0.99609375,28183,5811,0.008100047790744636,9288,0.0179567313823219
0,patch_31_9,7936,8192,2304,2560,65536,MSAVI,-0.14453125,38580,,,,
0,patch_31_9,7936,8192,2304,2560,65536,NDVI,-0.99609375,26956,11732,0.011035322857455843,13200,0.02152883797900379
0,patch_31_10,7936,8192,2560,2816,65536,MSAVI,-0.16796875,39243,,,,
0,patch_31_10,7936,8192,2560,2816,65536,NDVI,-0.99609375,26293,5723,0.010341594927187517,8159,0.021514423424989215
0,patch_31_11,7936,8192,2816,3072,65536,MSAVI,-0.23046875,38416,,,,
0,patch_31_11,7936,8192,2816,3072,65536,NDVI,-0.99609375,27120,11229,0.010940372742709564,14240,0.022152734221180165
0,patch_31_12,7936,8192,3072,3328,65536,MSAVI,-0.08203125,39799,,,,
0,patch_31_12,7936,8192,3072,3328,65536,NDVI,-0.99609375,25737,16001,0.013951952745772572,16810,0.02530657407383219
0,patch_31_13,7936,8192,3328,3584,65536,MSAVI,-0.27734375,45493,,,,
0,patch_31_13,7936,8192,3328,3584,65536,NDVI,-0.55859375,20036,8982,0.020651836056980538,8985,0.03237734405118603
0,patch_31_14,7936,8192,3584,3840,65536,MSAVI,-0.22265625,38442,,,,
0,patch_31_14,7936,8192,3584,3840,65536,NDVI,-0.48828125,27083,15848,0.01371942122019687,16774,0.02654872337758324
0,patch_31_15,7936,8192,3840,4096,65536,MSAVI,-0.11328125,46090,,,,
0,patch_31_15,7936,8192,3840,4096,65536,NDVI,-0.99609375,19446,10751,0.021856174752050858,10206,0.033546034591747875
0,patch_31_16,7936,8192,4096,4352,65536,MSAVI,-0.18359375,53738,,,,
0,patch_31_16,7936,8192,4096,4352,65536,NDVI,-0.99609375,11798,6140,0.029125473539922453,6256,0.042454115467288445
0,patch_31_17,7936,8192,4352,4608,65536,MSAVI,-0.29296875,44147,,,,
0,patch_31_17,7936,8192,4352,4608,65536,NDVI,-0.99609375,21389,4965,0.017635748490548123,6204,0.028220912665806563
0,patch_31_18,7936,8192,4608,4864,65536,MSAVI,-0.25390625,38103,,,,
0,patch_31_18,7936,8192,4608,4864,65536,NDVI,-0.99609375,27433,17650,0.015507397820296684,65536,0.02914211902189484
0,patch_31_19,7936,8192,4864,5120,65536,MSAVI,0.00390625,34024,,,,
0,patch_31_19,7936,8192,4864,5120,65536,NDVI,-0.99609375,31512,23317,0.01852616321944353,65536,0.021240188306818397
0,patch_31_20,7936,8192,5120,5376,65536,MSAVI,-0.25390625,38063,,,,
0,patch_31_20,7936,8192,5120,5376,65536,NDVI,-0.99609375,27473,20335,0.01813097128492626,20895,0.029239835022535243
0,patch_31_21,7936,8192,5376,5632,65536,MSAVI,-0.12890625,43205,,,,
0,patch_31_21,7936,8192,5376,5632,65536,NDVI,-0.99609375,22331,10197,0.017400517342658517,65536,0.02865652275941094
0,patch_31_22,7936,8192,5632,5888,65536,MSAVI,-0.23046875,42820,,,,
0,patch_31_22,7936,8192,5632,5888,65536,NDVI,-0.99609375,22716,12464,0.019002386949838385,13931,0.03227323066073451
0,patch_31_23,7936,8192,5888,6144,65536,MSAVI,-0.20703125,38275,,,,
0,patch_31_23,7936,8192,5888,6144,65536,NDVI,-0.99609375,27261,15720,0.016327399505679185,16336,0.026560534979362033
0,patch_31_24,7936,8192,6144,6400,65536,MSAVI,-0.12109375,39338,,,,
0,patch_31_24,7936,8192,6144,6400,65536,NDVI,-0.99609375,26198,23191,0.021221819795231106,65536,0.027826113691042348
0,patch_31_25,7936,8192,6400,6656,65536,MSAVI,-0.22265625,38464,,,,
0,patch_31_25,7936,8192,6400,6656,65536,NDVI,-0.99609375,27072,19823,0.015978317186955707,65536,0.025962865778362126
0,patch_31_26,7936,8192,6656,6912,65536,MSAVI,-0.22265625,41139,,,,
0,patch_31_26,7936,8192,6656,6912,65536,NDVI,-0.99609375,24397,18100,0.016824654856617785,65536,0.030423158519981897
0,patch_31_27,7936,8192,6912,7168,65536,MSAVI,-0.17578125,49446,,,,
0,patch_31_27,7936,8192,6912,7168,65536,NDVI,-0.99609375,16090,8852,0.0232363660438233,65536,0.03696422214061773
0,patch_31_28,7936,8192,7168,7424,65536,MSAVI,-0.16015625,36676,,,,
0,patch_31_28,7936,8192,7168,7424,65536,NDVI,-0.99609375,28860,15470,0.012424787711333485,17416,0.02219246637208855
0,patch_31_29,7936,8192,7424,7680,65536,MSAVI,-0.23046875,49353,,,,
0,patch_31_29,7936,8192,7424,7680,65536,NDVI,-0.99609375,16183,10164,0.025729443667150118,65536,0.03962143872230775
0,patch_31_30,7936,8192,7680,7936,65536,MSAVI,-0.28515625,46252,,,,
0,patch_31_30,7936,8192,7680,7936,65536,NDVI,-0.99609375,19284,10251,0.02308214343687473,10309,0.035243708300508714
0,patch_31_31,7936,8192,7936,8192,65536,MSAVI,0.00390625,43318,,,,
0,patch_31_31,7936,8192,7936,8192,65536,NDVI,-0.51171875,22215,12141,0.02159914147257659,65536,0.03358854940732689
0,patch_31_32,7936,8192,8192,8448,65536,MSAVI,0.22265625,35217,,,,
0,patch_31_32,7936,8192,8192,8448,65536,NDVI,-0.99609375,30319,22818,0.01518244313463514,65536,0.02475822345127729
0,patch_32_1,8192,8448,256,512,65536,MSAVI,-0.19140625,35560,,,,
0,patch_32_1,8192,8448,256,512,65536,NDVI,-0.99609375,29976,6478,0.00533229082433169,9976,0.016185666701091478
0,patch_32_2,8192,8448,512,768,65536,MSAVI,-0.21484375,38559,,,,
0,patch_32_2,8192,8448,512,768,65536,NDVI,-0.99609375,26977,8631,0.010021509248567873,10889,0.0216765001655998
0,patch_32_3,8192,8448,768,1024,65536,MSAVI,-0.18359375,38235,,,,
0,patch_32_3,8192,8448,768,1024,65536,NDVI,-0.99609375,27301,11094,0.012714278558558889,11268,0.01974433935662298
0,patch_32_4,8192,8448,1024,1280,65536,MSAVI,-0.19921875,40707,,,,
0,patch_32_4,8192,8448,1024,1280,65536,NDVI,-0.99609375,24829,10299,0.011656688647353572,11832,0.023095283048888304
0,patch_32_5,8192,8448,1280,1536,65536,MSAVI,-0.30859375,39389,,,,
0,patch_32_5,8192,8448,1280,1536,65536,NDVI,-0.54296875,26143,6513,0.009405016439356303,7688,0.02008579974946667
0,patch_32_6,8192,8448,1536,1792,65536,MSAVI,-0.22265625,40401,,,,
0,patch_32_6,8192,8448,1536,1792,65536,NDVI,-0.99609375,25135,6417,0.011234817466331468,9166,0.022365338385526817
0,patch_32_7,8192,8448,1792,2048,65536,MSAVI,-0.27734375,40076,,,,
0,patch_32_7,8192,8448,1792,2048,65536,NDVI,-0.99609375,25460,9489,0.014558570080226263,65536,0.023209256723789234
0,patch_32_8,8192,8448,2048,2304,65536,MSAVI,-0.16015625,37582,,,,
0,patch_32_8,8192,8448,2048,2304,65536,NDVI,-0.99609375,27954,10542,0.010414555324330249,13294,0.02117600915829379
0,patch_32_9,8192,8448,2304,2560,65536,MSAVI,-0.20703125,38287,,,,
0,patch_32_9,8192,8448,2304,2560,65536,NDVI,-0.99609375,27249,6769,0.008863038408334606,10736,0.021660207168091666
0,patch_32_10,8192,8448,2560,2816,65536,MSAVI,-0.15234375,37793,,,,
0,patch_32_10,8192,8448,2560,2816,65536,NDVI,-0.99609375,27743,16304,0.011289214913737244,17920,0.025360108424124006
0,patch_32_11,8192,8448,2816,3072,65536,MSAVI,-0.20703125,36625,,,,
0,patch_32_11,8192,8448,2816,3072,65536,NDVI,-0.99609375,28911,12011,0.009962607376595836,12841,0.018721335438243558
0,patch_32_12,8192,8448,3072,3328,65536,MSAVI,-0.21484375,39758,,,,
0,patch_32_12,8192,8448,3072,3328,65536,NDVI,-0.99609375,25778,12008,0.01237843675486025,12477,0.024292908815369635
0,patch_32_13,8192,8448,3328,3584,65536,MSAVI,-0.16015625,46225,,,,
0,patch_32_13,8192,8448,3328,3584,65536,NDVI,-0.51953125,19310,8527,0.01934314797538357,8662,0.030749573308919503
0,patch_32_14,8192,8448,3584,3840,65536,MSAVI,-0.08203125,38376,,,,
0,patch_32_14,8192,8448,3584,3840,65536,NDVI,-0.44921875,27159,15165,0.014085774852812677,15076,0.02302210241409111
0,patch_32_15,8192,8448,3840,4096,65536,MSAVI,-0.09765625,54970,,,,
0,patch_32_15,8192,8448,3840,4096,65536,NDVI,-0.58203125,10566,6209,0.02801051813676282,6175,0.04441404340973176
0,patch_32_16,8192,8448,4096,4352,65536,MSAVI,-0.18359375,46578,,,,
0,patch_32_16,8192,8448,4096,4352,65536,NDVI,-0.99609375,18958,8906,0.02188141500514207,8734,0.03187676257428007
0,patch_32_17,8192,8448,4352,4608,65536,MSAVI,-0.30859375,47103,,,,
0,patch_32_17,8192,8448,4352,4608,65536,NDVI,-0.99609375,18433,5886,0.022916776501154604,7172,0.03568412798935297
0,patch_32_18,8192,8448,4608,4864,65536,MSAVI,-0.14453125,40432,,,,
0,patch_32_18,8192,8448,4608,4864,65536,NDVI,-0.99609375,25104,14013,0.01476576495387047,14433,0.02659091990317264
0,patch_32_19,8192,8448,4864,5120,65536,MSAVI,-0.16796875,37920,,,,
0,patch_32_19,8192,8448,4864,5120,65536,NDVI,-0.99609375,27616,13491,0.011598185387750912,15160,0.021704700414357847
0,patch_32_20,8192,8448,5120,5376,65536,MSAVI,-0.26953125,47676,,,,
0,patch_32_20,8192,8448,5120,5376,65536,NDVI,-0.52734375,17849,9022,0.022628241722987177,65536,0.03339563021344086
0,patch_32_21,8192,8448,5376,5632,65536,MSAVI,-0.13671875,40872,,,,
0,patch_32_21,8192,8448,5376,5632,65536,NDVI,-0.99609375,24664,12468,0.01352731866640254,14519,0.0282416633979074
0,patch_32_22,8192,8448,5632,5888,65536,MSAVI,-0.14453125,41234,,,,
0,patch_32_22,8192,8448,5632,5888,65536,NDVI,-0.99609375,24302,14841,0.018219630747953575,15651,0.030595372293208994
0,patch_32_23,8192,8448,5888,6144,65536,MSAVI,-0.18359375,40012,,,,
0,patch_32_23,8192,8448,5888,6144,65536,NDVI,-0.99609375,25524,14693,0.0171110757813612,15200,0.02959500869594317
0,patch_32_24,8192,8448,6144,6400,65536,MSAVI,-0.08984375,38793,,,,
0,patch_32_24,8192,8448,6144,6400,65536,NDVI,-0.99609375,26743,20067,0.021955769620398552,19307,0.02869842094116906
0,patch_32_25,8192,8448,6400,6656,65536,MSAVI,-0.05078125,41635,,,,
0,patch_32_25,8192,8448,6400,6656,65536,NDVI,-0.99609375,23901,15357,0.017416161614346115,15421,0.028237744043061952
0,patch_32_26,8192,8448,6656,6912,65536,MSAVI,-0.12890625,35851,,,,
0,patch_32_26,8192,8448,6656,6912,65536,NDVI,-0.99609375,29685,23336,0.011795187800244994,65536,0.022511361054758344
0,patch_32_27,8192,8448,6912,7168,65536,MSAVI,-0.05078125,43622,,,,
0,patch_32_27,8192,8448,6912,7168,65536,NDVI,-0.99609375,21914,15277,0.018435056065259345,65536,0.0275690466261381
0,patch_32_28,8192,8448,7168,7424,65536,MSAVI,-0.18359375,41668,,,,
0,patch_32_28,8192,8448,7168,7424,65536,NDVI,-0.99609375,23868,13707,0.01751636708740313,13690,0.02895139224883217
0,patch_32_29,8192,8448,7424,7680,65536,MSAVI,-0.13671875,55573,,,,
0,patch_32_29,8192,8448,7424,7680,65536,NDVI,-0.33984375,9962,7954,0.02252244361456239,65536,0.04369321747256488
0,patch_32_30,8192,8448,7680,7936,65536,MSAVI,-0.12109375,45222,,,,
0,patch_32_30,8192,8448,7680,7936,65536,NDVI,-0.99609375,20314,12093,0.01993230539489252,11780,0.03377884946388196
0,patch_32_31,8192,8448,7936,8192,65536,MSAVI,-0.14453125,43057,,,,
0,patch_32_31,8192,8448,7936,8192,65536,NDVI,-0.41796875,22461,16451,0.01918111337801197,65536,0.031687583991466955
0,patch_32_32,8192,8448,8192,8448,65536,MSAVI,-0.16796875,38620,,,,
0,patch_32_32,8192,8448,8192,8448,65536,NDVI,-0.69921875,26863,10203,0.01172151709352641,11498,0.0243808142745901
0,patch_33_1,8448,8704,256,512,65536,MSAVI,-0.05078125,39673,,,,
0,patch_33_1,8448,8704,256,512,65536,NDVI,-0.99609375,25863,15903,0.013942941137924242,65536,0.022012936127491778
0,patch_33_2,8448,8704,512,768,65536,MSAVI,-0.12109375,33759,,,,
0,patch_33_2,8448,8704,512,768,65536,NDVI,-0.50390625,31776,9654,0.00421856837673823,13824,0.015032293095492033
0,patch_33_3,8448,8704,768,1024,65536,MSAVI,-0.24609375,34627,,,,
0,patch_33_3,8448,8704,768,1024,65536,NDVI,-0.99609375,30909,10635,0.00592170437725642,16250,0.01800120591076848
0,patch_33_4,8448,8704,1024,1280,65536,MSAVI,-0.25390625,38448,,,,
0,patch_33_4,8448,8704,1024,1280,65536,NDVI,-0.99609375,27088,9199,0.008095492930570145,13377,0.018149280858985484
0,patch_33_5,8448,8704,1280,1536,65536,MSAVI,-0.12109375,37841,,,,
0,patch_33_5,8448,8704,1280,1536,65536,NDVI,-0.44921875,27692,10370,0.008561229632989165,13385,0.019287376388641086
0,patch_33_6,8448,8704,1536,1792,65536,MSAVI,-0.26953125,39496,,,,
0,patch_33_6,8448,8704,1536,1792,65536,NDVI,-0.99609375,26040,4195,0.010740509911145252,6263,0.02063360846997017
0,patch_33_7,8448,8704,1792,2048,65536,MSAVI,-0.23828125,41283,,,,
0,patch_33_7,8448,8704,1792,2048,65536,NDVI,-0.99609375,24253,10684,0.01600089309573942,65443,0.022764894400889663
0,patch_33_8,8448,8704,2048,2304,65536,MSAVI,-0.20703125,34123,,,,
0,patch_33_8,8448,8704,2048,2304,65536,NDVI,-0.99609375,31413,8940,0.005341421250118855,13283,0.01580309946253916
0,patch_33_9,8448,8704,2304,2560,65536,MSAVI,-0.16796875,34646,,,,
0,patch_33_9,8448,8704,2304,2560,65536,NDVI,-0.99609375,30890,12145,0.005385905826564466,17280,0.01792671597650536
0,patch_33_10,8448,8704,2560,2816,65536,MSAVI,-0.05859375,36804,,,,
0,patch_33_10,8448,8704,2560,2816,65536,NDVI,-0.99609375,28732,10261,0.007395912825265569,12908,0.02018399451071276
0,patch_33_11,8448,8704,2816,3072,65536,MSAVI,-0.23828125,37696,,,,
0,patch_33_11,8448,8704,2816,3072,65536,NDVI,-0.99609375,27840,5136,0.007693520864491488,8823,0.01882549472038675
0,patch_33_12,8448,8704,3072,3328,65536,MSAVI,-0.11328125,42871,,,,
0,patch_33_12,8448,8704,3072,3328,65536,NDVI,-0.41796875,22655,16656,0.019826569537578373,15954,0.03263337041373987
0,patch_33_13,8448,8704,3328,3584,65536,MSAVI,-0.08984375,36262,,,,
0,patch_33_13,8448,8704,3328,3584,65536,NDVI,-0.48046875,29274,16499,0.009387180535336173,18399,0.02184057450260199
0,patch_33_14,8448,8704,3584,3840,65536,MSAVI,-0.20703125,36142,,,,
0,patch_33_14,8448,8704,3584,3840,65536,NDVI,-0.53515625,29325,17819,0.012191547375189252,18705,0.025597162250147076
0,patch_33_15,8448,8704,3840,4096,65536,MSAVI,-0.30859375,50357,,,,
0,patch_33_15,8448,8704,3840,4096,65536,NDVI,-0.99609375,15179,9728,0.02602822456634668,9604,0.04131488259533689
0,patch_33_16,8448,8704,4096,4352,65536,MSAVI,-0.05078125,43158,,,,
0,patch_33_16,8448,8704,4096,4352,65536,NDVI,-0.99609375,22378,7833,0.014361406925083656,8736,0.026800906630797205
0,patch_33_17,8448,8704,4352,4608,65536,MSAVI,-0.34765625,47063,,,,
0,patch_33_17,8448,8704,4352,4608,65536,NDVI,-0.99609375,18473,4353,0.01855039672213081,5017,0.031022853823695407
0,patch_33_18,8448,8704,4608,4864,65536,MSAVI,-0.17578125,41215,,,,
0,patch_33_18,8448,8704,4608,4864,65536,NDVI,-0.47265625,24315,13971,0.014049703835079502,14560,0.027260374886049155
0,patch_33_19,8448,8704,4864,5120,65536,MSAVI,-0.19140625,41949,,,,
0,patch_33_19,8448,8704,4864,5120,65536,NDVI,-0.58203125,23586,14546,0.020925808969527518,14679,0.03118376331917988
0,patch_33_20,8448,8704,5120,5376,65536,MSAVI,-0.24609375,38331,,,,
0,patch_33_20,8448,8704,5120,5376,65536,NDVI,-0.62109375,27204,12771,0.01297480627722053,14584,0.022719370645270714
0,patch_33_21,8448,8704,5376,5632,65536,MSAVI,-0.12890625,37122,,,,
0,patch_33_21,8448,8704,5376,5632,65536,NDVI,-0.57421875,28412,13248,0.009739986283347615,16949,0.02386699097757597
0,patch_33_22,8448,8704,5632,5888,65536,MSAVI,-0.19921875,43890,,,,
0,patch_33_22,8448,8704,5632,5888,65536,NDVI,-0.99609375,21646,11541,0.018128466568161875,11402,0.03251458197785581
0,patch_33_23,8448,8704,5888,6144,65536,MSAVI,-0.19140625,42079,,,,
0,patch_33_23,8448,8704,5888,6144,65536,NDVI,-0.99609375,23457,9315,0.01743156696876849,10041,0.029311191968221406
0,patch_33_24,8448,8704,6144,6400,65536,MSAVI,-0.21484375,41924,,,,
0,patch_33_24,8448,8704,6144,6400,65536,NDVI,-0.99609375,23612,13438,0.022315922140641375,13776,0.029219110182149566
0,patch_33_25,8448,8704,6400,6656,65536,MSAVI,-0.01953125,40932,,,,
0,patch_33_25,8448,8704,6400,6656,65536,NDVI,-0.99609375,24604,19823,0.01897085273318544,65536,0.027875300352880383
0,patch_33_26,8448,8704,6656,6912,65536,MSAVI,-0.13671875,35314,,,,
0,patch_33_26,8448,8704,6656,6912,65536,NDVI,-0.99609375,30222,21924,0.011123196226534848,65536,0.02345398664051096
0,patch_33_27,8448,8704,6912,7168,65536,MSAVI,-0.05078125,48288,,,,
0,patch_33_27,8448,8704,6912,7168,65536,NDVI,-0.99609375,17248,13105,0.02108990689306696,65536,0.0336276759363843
0,patch_33_28,8448,8704,7168,7424,65536,MSAVI,-0.12890625,40932,,,,
0,patch_33_28,8448,8704,7168,7424,65536,NDVI,-0.99609375,24604,18779,0.01671809530692335,65536,0.025954175820837644
0,patch_33_29,8448,8704,7424,7680,65536,MSAVI,-0.12890625,48761,,,,
0,patch_33_29,8448,8704,7424,7680,65536,NDVI,-0.99609375,16775,12191,0.025057183854834242,65536,0.03632537564680288
0,patch_33_30,8448,8704,7680,7936,65536,MSAVI,-0.19921875,45691,,,,
0,patch_33_30,8448,8704,7680,7936,65536,NDVI,-0.99609375,19845,7574,0.020576844672335712,7563,0.032227092295751075
0,patch_33_31,8448,8704,7936,8192,65536,MSAVI,-0.11328125,36945,,,,
0,patch_33_31,8448,8704,7936,8192,65536,NDVI,-0.44921875,28588,19533,0.013657766574921543,65536,0.023462253071820732
0,patch_33_32,8448,8704,8192,8448,65536,MSAVI,-0.30078125,46162,,,,
0,patch_33_32,8448,8704,8192,8448,65536,NDVI,-0.59765625,19374,8512,0.020785483887189884,8167,0.033102924494609026
0,patch_34_1,8704,8960,256,512,65536,MSAVI,-0.05859375,42882,,,,
0,patch_34_1,8704,8960,256,512,65536,NDVI,-0.99609375,22654,12255,0.014287585974123718,12662,0.02896676465332404
0,patch_34_2,8704,8960,512,768,65536,MSAVI,-0.08203125,36191,,,,
0,patch_34_2,8704,8960,512,768,65536,NDVI,-0.99609375,29345,13141,0.008237210240906692,15866,0.01904543092244057
0,patch_34_3,8704,8960,768,1024,65536,MSAVI,-0.23046875,36959,,,,
0,patch_34_3,8704,8960,768,1024,65536,NDVI,-0.99609375,28577,8172,0.008636503615912214,10883,0.018905658323479207
0,patch_34_4,8704,8960,1024,1280,65536,MSAVI,-0.26171875,37928,,,,
0,patch_34_4,8704,8960,1024,1280,65536,NDVI,-0.99609375,27608,6387,0.009962938453109527,8579,0.01809436652305285
0,patch_34_5,8704,8960,1280,1536,65536,MSAVI,-0.23046875,36302,,,,
0,patch_34_5,8704,8960,1280,1536,65536,NDVI,-0.99609375,29234,12817,0.007992794266659622,15070,0.017444853694588203
0,patch_34_6,8704,8960,1536,1792,65536,MSAVI,-0.20703125,33704,,,,
0,patch_34_6,8704,8960,1536,1792,65536,NDVI,-0.99609375,31832,10007,0.004524365692332194,16317,0.015207903276279189
0,patch_34_7,8704,8960,1792,2048,65536,MSAVI,-0.06640625,36558,,,,
0,patch_34_7,8704,8960,1792,2048,65536,NDVI,-0.99609375,28978,4183,0.006855976444192974,6535,0.016432860513506425
0,patch_34_8,8704,8960,2048,2304,65536,MSAVI,-0.10546875,37047,,,,
0,patch_34_8,8704,8960,2048,2304,65536,NDVI,-0.99609375,28489,7328,0.007269086761399368,9562,0.017217770149308947
0,patch_34_9,8704,8960,2304,2560,65536,MSAVI,0.13671875,36806,,,,
0,patch_34_9,8704,8960,2304,2560,65536,NDVI,-0.99609375,28730,7966,0.005968644091455852,11481,0.015561630241026053
0,patch_34_10,8704,8960,2560,2816,65536,MSAVI,-0.20703125,35358,,,,
0,patch_34_10,8704,8960,2560,2816,65536,NDVI,-0.99609375,30178,14612,0.007065263487343473,17764,0.018152276475483453
0,patch_34_11,8704,8960,2816,3072,65536,MSAVI,-0.12890625,38532,,,,
0,patch_34_11,8704,8960,2816,3072,65536,NDVI,-0.99609375,27004,4909,0.007685411161768282,7090,0.016191918124204757
0,patch_34_12,8704,8960,3072,3328,65536,MSAVI,-0.19921875,37698,,,,
0,patch_34_12,8704,8960,3072,3328,65536,NDVI,-0.99609375,27838,7787,0.009610065111209362,9514,0.019234231052046302
0,patch_34_13,8704,8960,3328,3584,65536,MSAVI,-0.09765625,34982,,,,
0,patch_34_13,8704,8960,3328,3584,65536,NDVI,-0.41015625,30552,15919,0.008655182088079777,16947,0.016792712112464053
0,patch_34_14,8704,8960,3584,3840,65536,MSAVI,-0.32421875,46463,,,,
0,patch_34_14,8704,8960,3584,3840,65536,NDVI,-0.57421875,19060,14441,0.023798996807096365,14943,0.039644448654964776
0,patch_34_15,8704,8960,3840,4096,65536,MSAVI,-0.19921875,41526,,,,
0,patch_34_15,8704,8960,3840,4096,65536,NDVI,-0.99609375,24010,7889,0.014936433286041911,8946,0.024813706095876492
0,patch_34_16,8704,8960,4096,4352,65536,MSAVI,-0.09765625,45077,,,,
0,patch_34_16,8704,8960,4096,4352,65536,NDVI,-0.99609375,20459,6926,0.020517205962244045,7384,0.028947473119862815
0,patch_34_17,8704,8960,4352,4608,65536,MSAVI,-0.33203125,46323,,,,
0,patch_34_17,8704,8960,4352,4608,65536,NDVI,-0.66796875,19189,4768,0.019116544474770347,5908,0.03232150058432348
0,patch_34_18,8704,8960,4608,4864,65536,MSAVI,-0.30078125,50401,,,,
0,patch_34_18,8704,8960,4608,4864,65536,NDVI,-0.57421875,14880,4522,0.022066076937376375,4519,0.03428295606139872
0,patch_34_19,8704,8960,4864,5120,65536,MSAVI,-0.30859375,43890,,,,
0,patch_34_19,8704,8960,4864,5120,65536,NDVI,-0.99609375,21646,12056,0.021502416061838003,12479,0.0318739618954923
0,patch_34_20,8704,8960,5120,5376,65536,MSAVI,-0.05078125,37181,,,,
0,patch_34_20,8704,8960,5120,5376,65536,NDVI,-0.37109375,28344,24295,0.018560213970189116,65536,0.027078135156230726
0,patch_34_21,8704,8960,5376,5632,65536,MSAVI,-0.32421875,41387,,,,
0,patch_34_21,8704,8960,5376,5632,65536,NDVI,-0.62890625,24135,12189,0.018221100664709042,12699,0.029951959849221027
0,patch_34_22,8704,8960,5632,5888,65536,MSAVI,-0.22265625,41819,,,,
0,patch_34_22,8704,8960,5632,5888,65536,NDVI,-0.55078125,23702,15049,0.018751730025986416,14742,0.0316160736049764
0,patch_34_23,8704,8960,5888,6144,65536,MSAVI,-0.14453125,45455,,,,
0,patch_34_23,8704,8960,5888,6144,65536,NDVI,-0.99609375,20081,17710,0.020533835203439252,18000,0.03968168903261482
0,patch_34_24,8704,8960,6144,6400,65536,MSAVI,-0.15234375,39540,,,,
0,patch_34_24,8704,8960,6144,6400,65536,NDVI,-0.99609375,25996,10470,0.014005235037884964,13182,0.025582926105812698
0,patch_34_25,8704,8960,6400,6656,65536,MSAVI,-0.06640625,32773,,,,
0,patch_34_25,8704,8960,6400,6656,65536,NDVI,-0.99609375,32763,22373,0.009421165537857698,24640,0.02080295302106161
0,patch_34_26,8704,8960,6656,6912,65536,MSAVI,-0.16015625,42963,,,,
0,patch_34_26,8704,8960,6656,6912,65536,NDVI,-0.99609375,22573,15275,0.018770948443038643,15223,0.03059547674038232
0,patch_34_27,8704,8960,6912,7168,65536,MSAVI,-0.20703125,42626,,,,
0,patch_34_27,8704,8960,6912,7168,65536,NDVI,-0.99609375,22910,15180,0.016344246065174844,15086,0.0276056386745743
0,patch_34_28,8704,8960,7168,7424,65536,MSAVI,-0.13671875,44294,,,,
0,patch_34_28,8704,8960,7168,7424,65536,NDVI,-0.99609375,21242,12951,0.015643065061278577,13018,0.028931289864881415
0,patch_34_29,8704,8960,7424,7680,65536,MSAVI,-0.40234375,45352,,,,
0,patch_34_29,8704,8960,7424,7680,65536,NDVI,-0.99609375,20184,8148,0.021129027520100624,8122,0.030358629672877585
0,patch_34_30,8704,8960,7680,7936,65536,MSAVI,-0.00390625,39805,,,,
0,patch_34_30,8704,8960,7680,7936,65536,NDVI,-0.99609375,25731,16864,0.017159089046701284,65536,0.024755858159627914
0,patch_34_31,8704,8960,7936,8192,65536,MSAVI,-0.12890625,43815,,,,
0,patch_34_31,8704,8960,7936,8192,65536,NDVI,-0.99609375,21721,15630,0.021242873322361744,65536,0.03327088769032713
0,patch_34_32,8704,8960,8192,8448,65536,MSAVI,-0.23828125,41957,,,,
0,patch_34_32,8704,8960,8192,8448,65536,NDVI,-0.99609375,23579,9649,0.01502129020062934,10531,0.026330750529734243
0,patch_35_1,8960,9216,256,512,65536,MSAVI,-0.16015625,41938,,,,
0,patch_35_1,8960,9216,256,512,65536,NDVI,-0.99609375,23598,10352,0.014611634812929208,10979,0.024791418645218888
0,patch_35_2,8960,9216,512,768,65536,MSAVI,-0.27734375,32320,,,,
0,patch_35_2,8960,9216,512,768,65536,NDVI,-0.99609375,33216,8102,0.003246663859959892,13150,0.012695438225204414
0,patch_35_3,8960,9216,768,1024,65536,MSAVI,-0.26171875,34824,,,,
0,patch_35_3,8960,9216,768,1024,65536,NDVI,-0.99609375,30712,9615,0.005915791734236689,11597,0.014176728654018117
0,patch_35_4,8960,9216,1024,1280,65536,MSAVI,-0.31640625,38681,,,,
0,patch_35_4,8960,9216,1024,1280,65536,NDVI,-0.99609375,26855,8306,0.011418753538805962,9056,0.0200266870390787
0,patch_35_5,8960,9216,1280,1536,65536,MSAVI,-0.20703125,35129,,,,
0,patch_35_5,8960,9216,1280,1536,65536,NDVI,-0.99609375,30407,9801,0.005579740373055267,13907,0.016418588290233377
0,patch_35_6,8960,9216,1536,1792,65536,MSAVI,-0.12890625,39828,,,,
0,patch_35_6,8960,9216,1536,1792,65536,NDVI,-0.99609375,25708,14227,0.012471321996270587,14395,0.02239340709072274
0,patch_35_7,8960,9216,1792,2048,65536,MSAVI,-0.23046875,35889,,,,
0,patch_35_7,8960,9216,1792,2048,65536,NDVI,-0.99609375,29647,7778,0.007557694967114809,9752,0.01614898564588141
0,patch_35_8,8960,9216,2048,2304,65536,MSAVI,-0.18359375,38858,,,,
0,patch_35_8,8960,9216,2048,2304,65536,NDVI,-0.99609375,26678,10698,0.012466830819398991,11185,0.021258064485460082
0,patch_35_9,8960,9216,2304,2560,65536,MSAVI,-0.21484375,37008,,,,
0,patch_35_9,8960,9216,2304,2560,65536,NDVI,-0.99609375,28528,12501,0.007609457580196516,14366,0.01822319117123891
0,patch_35_10,8960,9216,2560,2816,65536,MSAVI,-0.09765625,36158,,,,
0,patch_35_10,8960,9216,2560,2816,65536,NDVI,-0.99609375,29378,5142,0.006130669649959647,8981,0.014608002069005505
0,patch_35_11,8960,9216,2816,3072,65536,MSAVI,-0.19140625,38637,,,,
0,patch_35_11,8960,9216,2816,3072,65536,NDVI,-0.99609375,26899,15855,0.015269616700123903,15553,0.020890558877187715
0,patch_35_12,8960,9216,3072,3328,65536,MSAVI,-0.16015625,38180,,,,
0,patch_35_12,8960,9216,3072,3328,65536,NDVI,-0.99609375,27356,16014,0.01441128261714801,16360,0.02229827851818625
0,patch_35_13,8960,9216,3328,3584,65536,MSAVI,-0.10546875,34974,,,,
0,patch_35_13,8960,9216,3328,3584,65536,NDVI,-0.99609375,30562,16983,0.009151837464939847,65536,0.017192934787638503
0,patch_35_14,8960,9216,3584,3840,65536,MSAVI,-0.31640625,51587,,,,
0,patch_35_14,8960,9216,3584,3840,65536,NDVI,-0.61328125,13949,9112,0.027253847153962715,9518,0.04359107822345781
0,patch_35_15,8960,9216,3840,4096,65536,MSAVI,-0.13671875,50594,,,,
0,patch_35_15,8960,9216,3840,4096,65536,NDVI,-0.99609375,14942,9396,0.020874209635655144,9144,0.03826791487411124
0,patch_35_16,8960,9216,4096,4352,65536,MSAVI,-0.24609375,47483,,,,
0,patch_35_16,8960,9216,4096,4352,65536,NDVI,-0.69921875,18042,4451,0.024209516104832227,4432,0.028645119601029723
0,patch_35_17,8960,9216,4352,4608,65536,MSAVI,-0.26953125,46942,,,,
0,patch_35_17,8960,9216,4352,4608,65536,NDVI,-0.70703125,18592,4258,0.021014840893907483,4299,0.030319917884618575
0,patch_35_18,8960,9216,4608,4864,65536,MSAVI,-0.38671875,46773,,,,
0,patch_35_18,8960,9216,4608,4864,65536,NDVI,-0.66796875,18752,7029,0.019860317010871806,7136,0.03133535090285264
0,patch_35_19,8960,9216,4864,5120,65536,MSAVI,-0.22265625,51829,,,,
0,patch_35_19,8960,9216,4864,5120,65536,NDVI,-0.55078125,13672,7493,0.027858884997586278,65536,0.04053163917786695
0,patch_35_20,8960,9216,5120,5376,65536,MSAVI,-0.19140625,40940,,,,
0,patch_35_20,8960,9216,5120,5376,65536,NDVI,-0.57421875,24594,15555,0.018451645130888053,16669,0.02986095611881301
0,patch_35_21,8960,9216,5376,5632,65536,MSAVI,-0.32421875,38124,,,,
0,patch_35_21,8960,9216,5376,5632,65536,NDVI,-0.56640625,27363,15228,0.0136353910795637,16086,0.02803041103495038
0,patch_35_22,8960,9216,5632,5888,65536,MSAVI,-0.12109375,41819,,,,
0,patch_35_22,8960,9216,5632,5888,65536,NDVI,-0.99609375,23717,11480,0.01592890411387103,12347,0.030875041879800724
0,patch_35_23,8960,9216,5888,6144,65536,MSAVI,-0.33984375,44697,,,,
0,patch_35_23,8960,9216,5888,6144,65536,NDVI,-0.64453125,20838,10736,0.01999997547623758,10647,0.03403509930954468
0,patch_35_24,8960,9216,6144,6400,65536,MSAVI,-0.26171875,42685,,,,
0,patch_35_24,8960,9216,6144,6400,65536,NDVI,-0.99609375,22851,11956,0.019928912897393625,12884,0.02963708375822896
0,patch_35_25,8960,9216,6400,6656,65536,MSAVI,-0.19140625,47705,,,,
0,patch_35_25,8960,9216,6400,6656,65536,NDVI,-0.44140625,17830,11120,0.021775600126693703,10743,0.034065945904720146
0,patch_35_26,8960,9216,6656,6912,65536,MSAVI,-0.28515625,48693,,,,
0,patch_35_26,8960,9216,6656,6912,65536,NDVI,-0.99609375,16843,8166,0.023333421675392332,65536,0.03549723050476486
0,patch_35_27,8960,9216,6912,7168,65536,MSAVI,-0.27734375,43371,,,,
0,patch_35_27,8960,9216,6912,7168,65536,NDVI,-0.99609375,22165,7750,0.015657204811415262,8802,0.02510556329302438
0,patch_35_28,8960,9216,7168,7424,65536,MSAVI,-0.37890625,43170,,,,
0,patch_35_28,8960,9216,7168,7424,65536,NDVI,-0.99609375,22366,6394,0.016892732141440256,6779,0.02505907159045237
0,patch_35_29,8960,9216,7424,7680,65536,MSAVI,-0.36328125,42075,,,,
0,patch_35_29,8960,9216,7424,7680,65536,NDVI,-0.99609375,23461,12071,0.018688831773829545,12162,0.02885004064094629
0,patch_35_30,8960,9216,7680,7936,65536,MSAVI,-0.12890625,41619,,,,
0,patch_35_30,8960,9216,7680,7936,65536,NDVI,-0.99609375,23917,18536,0.021438638179360814,65536,0.029932501392670757
0,patch_35_31,8960,9216,7936,8192,65536,MSAVI,-0.21484375,39821,,,,
0,patch_35_31,8960,9216,7936,8192,65536,NDVI,-0.99609375,25715,19113,0.017630673749010242,19314,0.02887089698076184
0,patch_35_32,8960,9216,8192,8448,65536,MSAVI,-0.09765625,40802,,,,
0,patch_35_32,8960,9216,8192,8448,65536,NDVI,-0.99609375,24734,10442,0.016535873124127118,65536,0.027138595670481602
0,patch_36_1,9216,9472,256,512,65536,MSAVI,-0.12109375,43094,,,,
0,patch_36_1,9216,9472,256,512,65536,NDVI,-0.99609375,22442,12877,0.01319174467425581,12531,0.026397498954833343
0,patch_36_2,9216,9472,512,768,65536,MSAVI,-0.23046875,35298,,,,
0,patch_36_2,9216,9472,512,768,65536,NDVI,-0.99609375,30238,10964,0.0057488070318319345,14081,0.014772744086944262
0,patch_36_3,9216,9472,768,1024,65536,MSAVI,-0.18359375,42895,,,,
0,patch_36_3,9216,9472,768,1024,65536,NDVI,-0.99609375,22641,19156,0.022346350267159504,65536,0.03087864424472056
0,patch_36_4,9216,9472,1024,1280,65536,MSAVI,-0.19921875,35123,,,,
0,patch_36_4,9216,9472,1024,1280,65536,NDVI,-0.99609375,30413,22280,0.009823564319902209,65536,0.02104009086352629
0,patch_36_5,9216,9472,1280,1536,65536,MSAVI,-0.25390625,33178,,,,
0,patch_36_5,9216,9472,1280,1536,65536,NDVI,-0.99609375,32358,12433,0.00543089091775921,65536,0.013776476469125026
0,patch_36_6,9216,9472,1536,1792,65536,MSAVI,-0.26171875,34498,,,,
0,patch_36_6,9216,9472,1536,1792,65536,NDVI,-0.99609375,31038,10989,0.005428103136758622,14355,0.015356794683279162
0,patch_36_7,9216,9472,1792,2048,65536,MSAVI,-0.22265625,34505,,,,
0,patch_36_7,9216,9472,1792,2048,65536,NDVI,-0.99609375,31031,9790,0.005434389217841104,14188,0.01554605540152329
0,patch_36_8,9216,9472,2048,2304,65536,MSAVI,-0.31640625,37460,,,,
0,patch_36_8,9216,9472,2048,2304,65536,NDVI,-0.99609375,28076,11054,0.010809343284355302,12660,0.021059284679539075
0,patch_36_9,9216,9472,2304,2560,65536,MSAVI,-0.17578125,39113,,,,
0,patch_36_9,9216,9472,2304,2560,65536,NDVI,-0.99609375,26423,6905,0.010518403296724696,9193,0.020940191178659556
0,patch_36_10,9216,9472,2560,2816,65536,MSAVI,-0.13671875,36741,,,,
0,patch_36_10,9216,9472,2560,2816,65536,NDVI,-0.99609375,28795,5033,0.0076739867618310365,8446,0.017657448506347262
0,patch_36_11,9216,9472,2816,3072,65536,MSAVI,-0.12109375,36930,,,,
0,patch_36_11,9216,9472,2816,3072,65536,NDVI,-0.99609375,28606,10268,0.008939685916549256,12844,0.01992927044317308
0,patch_36_12,9216,9472,3072,3328,65536,MSAVI,-0.14453125,36019,,,,
0,patch_36_12,9216,9472,3072,3328,65536,NDVI,-0.99609375,29517,16478,0.011878267689669625,65536,0.017923931280383193
0,patch_36_13,9216,9472,3328,3584,65536,MSAVI,-0.20703125,33728,,,,
0,patch_36_13,9216,9472,3328,3584,65536,NDVI,-0.49609375,31806,24635,0.013877403154072224,65536,0.027330966750851532
0,patch_36_14,9216,9472,3584,3840,65536,MSAVI,-0.26953125,50395,,,,
0,patch_36_14,9216,9472,3584,3840,65536,NDVI,-0.99609375,15141,5945,0.026321393741873478,5534,0.04148386289018591
0,patch_36_15,9216,9472,3840,4096,65536,MSAVI,-0.17578125,47113,,,,
0,patch_36_15,9216,9472,3840,4096,65536,NDVI,-0.46484375,18416,10503,0.021479739261964143,10263,0.03227098201603387
0,patch_36_16,9216,9472,4096,4352,65536,MSAVI,-0.20703125,44999,,,,
0,patch_36_16,9216,9472,4096,4352,65536,NDVI,-0.69140625,20518,4118,0.017414099710474612,4909,0.027287723022206223
0,patch_36_17,9216,9472,4352,4608,65536,MSAVI,-0.29296875,44208,,,,
0,patch_36_17,9216,9472,4352,4608,65536,NDVI,-0.71484375,21313,5545,0.01866824676604334,6338,0.027230194206362496
0,patch_36_18,9216,9472,4608,4864,65536,MSAVI,-0.23046875,49061,,,,
0,patch_36_18,9216,9472,4608,4864,65536,NDVI,-0.54296875,16473,8905,0.021381521420206315,8532,0.03576172685423712
0,patch_36_19,9216,9472,4864,5120,65536,MSAVI,-0.34765625,48633,,,,
0,patch_36_19,9216,9472,4864,5120,65536,NDVI,-0.68359375,16893,6562,0.025573311999458975,6361,0.03396751977867085
0,patch_36_20,9216,9472,5120,5376,65536,MSAVI,-0.25390625,49357,,,,
0,patch_36_20,9216,9472,5120,5376,65536,NDVI,-0.49609375,16139,7666,0.021883210850182036,7282,0.03484703954466695
0,patch_36_21,9216,9472,5376,5632,65536,MSAVI,-0.23046875,48334,,,,
0,patch_36_21,9216,9472,5376,5632,65536,NDVI,-0.51953125,17057,9843,0.02312132886914678,9529,0.03563726682724955
0,patch_36_22,9216,9472,5632,5888,65536,MSAVI,-0.24609375,45266,,,,
0,patch_36_22,9216,9472,5632,5888,65536,NDVI,-0.58984375,20184,13265,0.020021428516627623,13453,0.034904007557824385
0,patch_36_23,9216,9472,5888,6144,65536,MSAVI,-0.18359375,39098,,,,
0,patch_36_23,9216,9472,5888,6144,65536,NDVI,-0.67578125,26306,12439,0.014032951461719484,13860,0.025054700442519312
0,patch_36_24,9216,9472,6144,6400,65536,MSAVI,-0.22265625,43634,,,,
0,patch_36_24,9216,9472,6144,6400,65536,NDVI,-0.62890625,21900,10102,0.02053712536324731,11067,0.029483289312135674
0,patch_36_25,9216,9472,6400,6656,65536,MSAVI,-0.19921875,43574,,,,
0,patch_36_25,9216,9472,6400,6656,65536,NDVI,-0.99609375,21962,9886,0.019452230757144084,11112,0.03317796737451059
0,patch_36_26,9216,9472,6656,6912,65536,MSAVI,-0.29296875,44245,,,,
0,patch_36_26,9216,9472,6656,6912,65536,NDVI,-0.99609375,21291,13097,0.02268970912536486,13524,0.0351035181099254
0,patch_36_27,9216,9472,6912,7168,65536,MSAVI,-0.29296875,50029,,,,
0,patch_36_27,9216,9472,6912,7168,65536,NDVI,-0.99609375,15507,6803,0.02497091592165812,6614,0.03726954567463783
0,patch_36_28,9216,9472,7168,7424,65536,MSAVI,-0.33984375,43436,,,,
0,patch_36_28,9216,9472,7168,7424,65536,NDVI,-0.99609375,22100,5700,0.015146610147136433,7069,0.025395074782561755
0,patch_36_29,9216,9472,7424,7680,65536,MSAVI,-0.18359375,41460,,,,
0,patch_36_29,9216,9472,7424,7680,65536,NDVI,-0.99609375,24076,8728,0.010841638395393677,9427,0.021817696647275203
0,patch_36_30,9216,9472,7680,7936,65536,MSAVI,-0.23046875,50164,,,,
0,patch_36_30,9216,9472,7680,7936,65536,NDVI,-0.99609375,15372,10089,0.022463600379952695,9927,0.03623449199416745
0,patch_36_31,9216,9472,7936,8192,65536,MSAVI,-0.22265625,45598,,,,
0,patch_36_31,9216,9472,7936,8192,65536,NDVI,-0.99609375,19938,14087,0.023282125417548594,65536,0.03578214795903356
0,patch_36_32,9216,9472,8192,8448,65536,MSAVI,-0.18359375,43620,,,,
0,patch_36_32,9216,9472,8192,8448,65536,NDVI,-0.55859375,21915,12930,0.020016649434841965,12909,0.03265361443238707
0,patch_37_1,9472,9728,256,512,65536,MSAVI,-0.13671875,43865,,,,
0,patch_37_1,9472,9728,256,512,65536,NDVI,-0.99609375,21671,11888,0.016929956321995607,11464,0.02802061276103046
0,patch_37_2,9472,9728,512,768,65536,MSAVI,-0.32421875,39472,,,,
0,patch_37_2,9472,9728,512,768,65536,NDVI,-0.99609375,26064,13457,0.014316118814401813,14528,0.02397789853355789
0,patch_37_3,9472,9728,768,1024,65536,MSAVI,-0.23828125,40556,,,,
0,patch_37_3,9472,9728,768,1024,65536,NDVI,-0.99609375,24980,16159,0.0185615699511949,15923,0.02619191101246418
0,patch_37_4,9472,9728,1024,1280,65536,MSAVI,-0.08203125,38964,,,,
0,patch_37_4,9472,9728,1024,1280,65536,NDVI,-0.99609375,26572,16464,0.012917770314542928,65536,0.02085443470312265
0,patch_37_5,9472,9728,1280,1536,65536,MSAVI,-0.28515625,34718,,,,
0,patch_37_5,9472,9728,1280,1536,65536,NDVI,-0.99609375,30818,14984,0.00859159524701869,15829,0.017008308282730006
0,patch_37_6,9472,9728,1536,1792,65536,MSAVI,0.01953125,35575,,,,
0,patch_37_6,9472,9728,1536,1792,65536,NDVI,-0.99609375,29961,12338,0.008703774288739016,15130,0.018034853064248207
0,patch_37_7,9472,9728,1792,2048,65536,MSAVI,-0.26171875,36117,,,,
0,patch_37_7,9472,9728,1792,2048,65536,NDVI,-0.99609375,29419,3401,0.004729828576226974,6904,0.014503630393748551
0,patch_37_8,9472,9728,2048,2304,65536,MSAVI,-0.21484375,35818,,,,
0,patch_37_8,9472,9728,2048,2304,65536,NDVI,-0.99609375,29718,5854,0.006990907345081482,9685,0.01529535827559339
0,patch_37_9,9472,9728,2304,2560,65536,MSAVI,-0.27734375,37508,,,,
0,patch_37_9,9472,9728,2304,2560,65536,NDVI,-0.99609375,28028,4412,0.008585839208718068,6520,0.01649887988828111
0,patch_37_10,9472,9728,2560,2816,65536,MSAVI,-0.16796875,36970,,,,
0,patch_37_10,9472,9728,2560,2816,65536,NDVI,-0.99609375,28566,10657,0.010461708795197186,12654,0.018638474533221427
0,patch_37_11,9472,9728,2816,3072,65536,MSAVI,-0.15234375,37002,,,,
0,patch_37_11,9472,9728,2816,3072,65536,NDVI,-0.99609375,28534,10453,0.009986503189523613,11750,0.018726242238685742
0,patch_37_12,9472,9728,3072,3328,65536,MSAVI,-0.09765625,33546,,,,
0,patch_37_12,9472,9728,3072,3328,65536,NDVI,-0.41796875,31990,23707,0.012445992302207096,22071,0.015952888412308713
0,patch_37_13,9472,9728,3328,3584,65536,MSAVI,-0.23828125,39683,,,,
0,patch_37_13,9472,9728,3328,3584,65536,NDVI,-0.51953125,25832,0,-0.021143601812073268,65536,0.0368795447885788
0,patch_37_14,9472,9728,3584,3840,65536,MSAVI,-0.22265625,44240,,,,
0,patch_37_14,9472,9728,3584,3840,65536,NDVI,-0.99609375,21296,5713,0.018053340089547884,6301,0.027854236319582087
0,patch_37_15,9472,9728,3840,4096,65536,MSAVI,-0.25390625,44893,,,,
0,patch_37_15,9472,9728,3840,4096,65536,NDVI,-0.71484375,20639,6769,0.01757997382928604,6751,0.030166090574695215
0,patch_37_16,9472,9728,4096,4352,65536,MSAVI,-0.26171875,45871,,,,
0,patch_37_16,9472,9728,4096,4352,65536,NDVI,-0.60546875,17289,8481,0.023001009602703737,8083,0.03282714241388096
0,patch_37_17,9472,9728,4352,4608,65536,MSAVI,-0.21484375,44969,,,,
0,patch_37_17,9472,9728,4352,4608,65536,NDVI,-0.69921875,20565,3651,0.018070679245429155,3697,0.026341067579166738
0,patch_37_18,9472,9728,4608,4864,65536,MSAVI,-0.30078125,53282,,,,
0,patch_37_18,9472,9728,4608,4864,65536,NDVI,-0.51953125,12232,6439,0.02573685466233834,6384,0.04498078479639547
0,patch_37_19,9472,9728,4864,5120,65536,MSAVI,-0.26171875,47647,,,,
0,patch_37_19,9472,9728,4864,5120,65536,NDVI,-0.61328125,17879,8773,0.020579985764475867,8474,0.034199610370008404
0,patch_37_20,9472,9728,5120,5376,65536,MSAVI,-0.25390625,41319,,,,
0,patch_37_20,9472,9728,5120,5376,65536,NDVI,-0.69921875,24170,3778,0.01318997727175493,6828,0.02293354235903569
0,patch_37_21,9472,9728,5376,5632,65536,MSAVI,-0.23046875,39780,,,,
0,patch_37_21,9472,9728,5376,5632,65536,NDVI,-0.73828125,25192,6471,0.011684788530664514,8184,0.020900113087363587
0,patch_37_22,9472,9728,5632,5888,65536,MSAVI,-0.17578125,41433,,,,
0,patch_37_22,9472,9728,5632,5888,65536,NDVI,-0.41796875,24101,19332,0.016358607531035116,65536,0.030314070023160083
0,patch_37_23,9472,9728,5888,6144,65536,MSAVI,-0.01171875,39865,,,,
0,patch_37_23,9472,9728,5888,6144,65536,NDVI,-0.99609375,25671,19025,0.014372420155316118,65536,0.02625903200159377
0,patch_37_24,9472,9728,6144,6400,65536,MSAVI,-0.07421875,35606,,,,
0,patch_37_24,9472,9728,6144,6400,65536,NDVI,-0.99609375,29930,25789,0.015227025979621736,65536,0.024479377406891045
0,patch_37_25,9472,9728,6400,6656,65536,MSAVI,-0.23046875,44233,,,,
0,patch_37_25,9472,9728,6400,6656,65536,NDVI,-0.54296875,21300,13762,0.02171778950258882,65536,0.030948509697579202
0,patch_37_26,9472,9728,6656,6912,65536,MSAVI,-0.17578125,42278,,,,
0,patch_37_26,9472,9728,6656,6912,65536,NDVI,-0.99609375,23258,14905,0.020347933349116443,15675,0.035538004497655123
0,patch_37_27,9472,9728,6912,7168,65536,MSAVI,-0.12890625,39913,,,,
0,patch_37_27,9472,9728,6912,7168,65536,NDVI,-0.99609375,25623,16600,0.015761171315221992,65536,0.02503146344238344
0,patch_37_28,9472,9728,7168,7424,65536,MSAVI,-0.12109375,38584,,,,
0,patch_37_28,9472,9728,7168,7424,65536,NDVI,-0.99609375,26952,16951,0.012761595314076987,17042,0.02390757204361929
0,patch_37_29,9472,9728,7424,7680,65536,MSAVI,-0.17578125,40607,,,,
0,patch_37_29,9472,9728,7424,7680,65536,NDVI,-0.99609375,24929,9685,0.013708234744849598,65536,0.02294400243580111
0,patch_37_30,9472,9728,7680,7936,65536,MSAVI,-0.35546875,42778,,,,
0,patch_37_30,9472,9728,7680,7936,65536,NDVI,-0.62890625,22754,5900,0.01480958718870476,6668,0.024617171398849502
0,patch_37_31,9472,9728,7936,8192,65536,MSAVI,-0.28515625,45316,,,,
0,patch_37_31,9472,9728,7936,8192,65536,NDVI,-0.99609375,20220,5543,0.019094226234097372,6022,0.029376055443467136
0,patch_37_32,9472,9728,8192,8448,65536,MSAVI,-0.24609375,44641,,,,
0,patch_37_32,9472,9728,8192,8448,65536,NDVI,-0.99609375,20895,14822,0.021840881070115697,14407,0.03228510514937652
0,patch_38_1,9728,9984,256,512,65536,MSAVI,-0.09765625,37911,,,,
0,patch_38_1,9728,9984,256,512,65536,NDVI,-0.99609375,27625,9445,0.008769720008028475,10270,0.018795254327087396
0,patch_38_2,9728,9984,512,768,65536,MSAVI,-0.17578125,39898,,,,
0,patch_38_2,9728,9984,512,768,65536,NDVI,-0.99609375,25638,5439,0.010414542188048909,7140,0.018582051672910743
0,patch_38_3,9728,9984,768,1024,65536,MSAVI,-0.07421875,42173,,,,
0,patch_38_3,9728,9984,768,1024,65536,NDVI,-0.99609375,23363,18617,0.021740431788939335,65536,0.0289888249234955
0,patch_38_4,9728,9984,1024,1280,65536,MSAVI,-0.05078125,36511,,,,
0,patch_38_4,9728,9984,1024,1280,65536,NDVI,-0.99609375,29025,14360,0.011122826108367123,16501,0.020104133090289994
0,patch_38_5,9728,9984,1280,1536,65536,MSAVI,-0.23828125,36715,,,,
0,patch_38_5,9728,9984,1280,1536,65536,NDVI,-0.99609375,28821,10846,0.008725712485835632,13605,0.01937794992515851
0,patch_38_6,9728,9984,1536,1792,65536,MSAVI,-0.00390625,33609,,,,
0,patch_38_6,9728,9984,1536,1792,65536,NDVI,-0.99609375,31927,9816,0.003813824357043666,15039,0.0141105035748815
0,patch_38_7,9728,9984,1792,2048,65536,MSAVI,0.10546875,39640,,,,
0,patch_38_7,9728,9984,1792,2048,65536,NDVI,-0.99609375,25896,15877,0.015123143344641793,15965,0.022352358203385658
0,patch_38_8,9728,9984,2048,2304,65536,MSAVI,-0.29296875,36165,,,,
0,patch_38_8,9728,9984,2048,2304,65536,NDVI,-0.99609375,29371,10406,0.008483719483891317,11656,0.015477344072640842
0,patch_38_9,9728,9984,2304,2560,65536,MSAVI,-0.28515625,35523,,,,
0,patch_38_9,9728,9984,2304,2560,65536,NDVI,-0.99609375,30013,8443,0.007245640264196704,11466,0.017546618692541927
0,patch_38_10,9728,9984,2560,2816,65536,MSAVI,-0.01171875,36574,,,,
0,patch_38_10,9728,9984,2560,2816,65536,NDVI,-0.99609375,28962,6476,0.00636527111721652,10280,0.017489473829241015
0,patch_38_11,9728,9984,2816,3072,65536,MSAVI,-0.23828125,40879,,,,
0,patch_38_11,9728,9984,2816,3072,65536,NDVI,-0.99609375,24657,14223,0.01431657976919623,13851,0.022492906483415648
0,patch_38_12,9728,9984,3072,3328,65536,MSAVI,-0.12109375,37451,,,,
0,patch_38_12,9728,9984,3072,3328,65536,NDVI,-0.40234375,28085,21186,0.015436432680658307,65536,0.023632326537050274
0,patch_38_13,9728,9984,3328,3584,65536,MSAVI,-0.31640625,41747,,,,
0,patch_38_13,9728,9984,3328,3584,65536,NDVI,-0.53515625,23786,20079,0.02069998264996821,20636,0.034879631829322494
0,patch_38_14,9728,9984,3584,3840,65536,MSAVI,-0.10546875,43207,,,,
0,patch_38_14,9728,9984,3584,3840,65536,NDVI,-0.99609375,22329,14420,0.01889974308644321,14096,0.030528264056993548
0,patch_38_15,9728,9984,3840,4096,65536,MSAVI,-0.21484375,42103,,,,
0,patch_38_15,9728,9984,3840,4096,65536,NDVI,-0.64453125,23431,5615,0.014464834636751883,6728,0.023220463655408058
0,patch_38_16,9728,9984,4096,4352,65536,MSAVI,-0.16796875,46709,,,,
0,patch_38_16,9728,9984,4096,4352,65536,NDVI,-0.66796875,17045,3285,0.021578398270270915,3564,0.030480177319106294
0,patch_38_17,9728,9984,4352,4608,65536,MSAVI,-0.38671875,47768,,,,
0,patch_38_17,9728,9984,4352,4608,65536,NDVI,-0.67578125,17753,4018,0.02212445994471532,4372,0.033475888116136276
0,patch_38_18,9728,9984,4608,4864,65536,MSAVI,-0.38671875,44151,,,,
0,patch_38_18,9728,9984,4608,4864,65536,NDVI,-0.76171875,20901,5165,0.01754812054840954,5673,0.028366680678287515
0,patch_38_19,9728,9984,4864,5120,65536,MSAVI,-0.16015625,39974,,,,
0,patch_38_19,9728,9984,4864,5120,65536,NDVI,-0.44140625,25346,15557,0.01774013122347247,65536,0.023353139533972667
0,patch_38_20,9728,9984,5120,5376,65536,MSAVI,-0.32421875,47547,,,,
0,patch_38_20,9728,9984,5120,5376,65536,NDVI,-0.68359375,17505,6011,0.021214054549689457,5838,0.03204836704491815
0,patch_38_21,9728,9984,5376,5632,65536,MSAVI,-0.33203125,41678,,,,
0,patch_38_21,9728,9984,5376,5632,65536,NDVI,-0.70703125,23452,9705,0.015977159597923632,10623,0.024136563614501838
0,patch_38_22,9728,9984,5632,5888,65536,MSAVI,-0.23828125,41566,,,,
0,patch_38_22,9728,9984,5632,5888,65536,NDVI,-0.56640625,23965,14409,0.01740234032641204,14790,0.02847147352741436
0,patch_38_23,9728,9984,5888,6144,65536,MSAVI,-0.12890625,40683,,,,
0,patch_38_23,9728,9984,5888,6144,65536,NDVI,-0.99609375,24853,19182,0.016741415509337013,18775,0.03235168725203991
0,patch_38_24,9728,9984,6144,6400,65536,MSAVI,-0.29296875,53087,,,,
0,patch_38_24,9728,9984,6144,6400,65536,NDVI,-0.99609375,12449,8555,0.028837721724948764,8513,0.0404058112070321
0,patch_38_25,9728,9984,6400,6656,65536,MSAVI,-0.16796875,48801,,,,
0,patch_38_25,9728,9984,6400,6656,65536,NDVI,-0.99609375,16735,10391,0.021767610757472147,10404,0.0350402348243645
0,patch_38_26,9728,9984,6656,6912,65536,MSAVI,-0.25390625,40851,,,,
0,patch_38_26,9728,9984,6656,6912,65536,NDVI,-0.62109375,24684,15169,0.0182950633664605,17015,0.034414061101297994
0,patch_38_27,9728,9984,6912,7168,65536,MSAVI,-0.19921875,39073,,,,
0,patch_38_27,9728,9984,6912,7168,65536,NDVI,-0.49609375,26463,18730,0.016295036450499095,65536,0.02993983608174286
0,patch_38_28,9728,9984,7168,7424,65536,MSAVI,-0.05078125,39418,,,,
0,patch_38_28,9728,9984,7168,7424,65536,NDVI,-0.99609375,26118,22906,0.01913163291515392,65536,0.030142659824764245
0,patch_38_29,9728,9984,7424,7680,65536,MSAVI,-0.10546875,34459,,,,
0,patch_38_29,9728,9984,7424,7680,65536,NDVI,-0.99609375,31077,23441,0.013243060045529581,65536,0.02425577646175281
0,patch_38_30,9728,9984,7680,7936,65536,MSAVI,-0.22265625,47280,,,,
0,patch_38_30,9728,9984,7680,7936,65536,NDVI,-0.49609375,18245,10375,0.021385344021729508,10290,0.03448570440324361
0,patch_38_31,9728,9984,7936,8192,65536,MSAVI,-0.25390625,48054,,,,
0,patch_38_31,9728,9984,7936,8192,65536,NDVI,-0.50390625,17408,9994,0.02058947581720405,9678,0.03267477995661941
0,patch_38_32,9728,9984,8192,8448,65536,MSAVI,-0.15234375,47570,,,,
0,patch_38_32,9728,9984,8192,8448,65536,NDVI,-0.33203125,17955,15867,0.01879208829280274,15453,0.03387764452540015
0,patch_39_2,9984,10240,512,768,65536,MSAVI,-0.19921875,36704,,,,
0,patch_39_2,9984,10240,512,768,65536,NDVI,-0.99609375,28832,5067,0.006307361189428012,9338,0.01563779271405158
0,patch_39_3,9984,10240,768,1024,65536,MSAVI,-0.30078125,39423,,,,
0,patch_39_3,9984,10240,768,1024,65536,NDVI,-0.99609375,26113,4914,0.010898386448571273,6674,0.021273939071845438
0,patch_39_4,9984,10240,1024,1280,65536,MSAVI,-0.17578125,36511,,,,
0,patch_39_4,9984,10240,1024,1280,65536,NDVI,-0.99609375,29025,16350,0.009816509081291544,17192,0.01985111948790305
0,patch_39_5,9984,10240,1280,1536,65536,MSAVI,-0.08984375,34427,,,,
0,patch_39_5,9984,10240,1280,1536,65536,NDVI,-0.44140625,31107,12655,0.005638460434039108,15108,0.015810837545358808
0,patch_39_6,9984,10240,1536,1792,65536,MSAVI,-0.24609375,36189,,,,
0,patch_39_6,9984,10240,1536,1792,65536,NDVI,-0.53515625,29346,8743,0.007109344206985779,10600,0.016266078534718648
0,patch_39_7,9984,10240,1792,2048,65536,MSAVI,-0.19921875,38948,,,,
0,patch_39_7,9984,10240,1792,2048,65536,NDVI,-0.99609375,26588,9463,0.012488218794931408,9331,0.02095027336661373
0,patch_39_8,9984,10240,2048,2304,65536,MSAVI,-0.23046875,32649,,,,
0,patch_39_8,9984,10240,2048,2304,65536,NDVI,-0.99609375,32887,9062,0.003184166130487706,16268,0.013663426229549913
0,patch_39_9,9984,10240,2304,2560,65536,MSAVI,-0.20703125,38416,,,,
0,patch_39_9,9984,10240,2304,2560,65536,NDVI,-0.99609375,27120,13446,0.013103916735272253,65536,0.021150377362161604
0,patch_39_10,9984,10240,2560,2816,65536,MSAVI,-0.24609375,37147,,,,
0,patch_39_10,9984,10240,2560,2816,65536,NDVI,-0.99609375,28389,8079,0.008123946031675142,10506,0.018673787218849325
0,patch_39_11,9984,10240,2816,3072,65536,MSAVI,-0.16796875,37543,,,,
0,patch_39_11,9984,10240,2816,3072,65536,NDVI,-0.47265625,27993,11519,0.008867559143970596,12857,0.0188096760754706
0,patch_39_12,9984,10240,3072,3328,65536,MSAVI,-0.08203125,34140,,,,
0,patch_39_12,9984,10240,3072,3328,65536,NDVI,-0.99609375,31396,25705,0.01666482174579778,65536,0.025415712098627502
0,patch_39_13,9984,10240,3328,3584,65536,MSAVI,-0.20703125,38075,,,,
0,patch_39_13,9984,10240,3328,3584,65536,NDVI,-0.99609375,27461,24469,0.017398167047972188,26050,0.037371666017151
0,patch_39_14,9984,10240,3584,3840,65536,MSAVI,-0.17578125,41189,,,,
0,patch_39_14,9984,10240,3584,3840,65536,NDVI,-0.99609375,24347,6335,0.011374120276158514,7440,0.02409964123621844
0,patch_39_15,9984,10240,3840,4096,65536,MSAVI,-0.12109375,38919,,,,
0,patch_39_15,9984,10240,3840,4096,65536,NDVI,-0.99609375,26617,9666,0.009570494418650197,11232,0.020303490414506742
0,patch_39_16,9984,10240,4096,4352,65536,MSAVI,-0.21484375,41663,,,,
0,patch_39_16,9984,10240,4096,4352,65536,NDVI,-0.48828125,23853,16232,0.019050590334281456,16094,0.029624212022792695
0,patch_39_17,9984,10240,4352,4608,65536,MSAVI,-0.30078125,52810,,,,
0,patch_39_17,9984,10240,4352,4608,65536,NDVI,-0.57421875,12719,6820,0.02816456803845384,6675,0.04360152926929181
0,patch_39_18,9984,10240,4608,4864,65536,MSAVI,-0.20703125,47132,,,,
0,patch_39_18,9984,10240,4608,4864,65536,NDVI,-0.55859375,18400,6315,0.018584221588123825,6758,0.032702076523925566
0,patch_39_19,9984,10240,4864,5120,65536,MSAVI,-0.10546875,34835,,,,
0,patch_39_19,9984,10240,4864,5120,65536,NDVI,-0.37890625,30491,21462,0.018517627438408166,65536,0.02162053381337281
0,patch_39_20,9984,10240,5120,5376,65536,MSAVI,-0.21484375,51450,,,,
0,patch_39_20,9984,10240,5120,5376,65536,NDVI,-0.53515625,14078,7814,0.02283870817560149,7360,0.037021773672942154
0,patch_39_21,9984,10240,5376,5632,65536,MSAVI,-0.23828125,44035,,,,
0,patch_39_21,9984,10240,5376,5632,65536,NDVI,-0.66796875,21462,10050,0.015832651329782912,10797,0.02755186862456732
0,patch_39_22,9984,10240,5632,5888,65536,MSAVI,-0.01171875,43255,,,,
0,patch_39_22,9984,10240,5632,5888,65536,NDVI,-0.56640625,22275,13126,0.01797519003467221,13336,0.032645819225543826
0,patch_39_23,9984,10240,5888,6144,65536,MSAVI,-0.22265625,45780,,,,
0,patch_39_23,9984,10240,5888,6144,65536,NDVI,-0.57421875,19753,10638,0.02335953949865023,11112,0.03454544941106674
0,patch_39_24,9984,10240,6144,6400,65536,MSAVI,-0.29296875,45192,,,,
0,patch_39_24,9984,10240,6144,6400,65536,NDVI,-0.51953125,20340,14321,0.023780235100015132,65536,0.03460195776242431
0,patch_39_25,9984,10240,6400,6656,65536,MSAVI,-0.15234375,42730,,,,
0,patch_39_25,9984,10240,6400,6656,65536,NDVI,-0.99609375,22806,18217,0.018074729846307855,65536,0.03139666652577758
0,patch_39_26,9984,10240,6656,6912,65536,MSAVI,-0.37890625,46677,,,,
0,patch_39_26,9984,10240,6656,6912,65536,NDVI,-0.64453125,18854,11510,0.0225474963176219,11480,0.03520083660560355
0,patch_39_27,9984,10240,6912,7168,65536,MSAVI,-0.12109375,49196,,,,
0,patch_39_27,9984,10240,6912,7168,65536,NDVI,-0.40234375,16334,12678,0.025936024028050175,65536,0.0373081988229963
0,patch_39_28,9984,10240,7168,7424,65536,MSAVI,-0.26171875,48524,,,,
0,patch_39_28,9984,10240,7168,7424,65536,NDVI,-0.99609375,17012,8274,0.027947396305179728,65536,0.03725647406962171
0,patch_39_29,9984,10240,7424,7680,65536,MSAVI,-0.00390625,35389,,,,
0,patch_39_29,9984,10240,7424,7680,65536,NDVI,-0.99609375,30147,24659,0.017423811709975173,65536,0.022629636175281964
0,patch_39_30,9984,10240,7680,7936,65536,MSAVI,-0.15234375,36117,,,,
0,patch_39_30,9984,10240,7680,7936,65536,NDVI,-0.99609375,29419,19235,0.011079360425565857,19781,0.023152832351114594
0,patch_39_31,9984,10240,7936,8192,65536,MSAVI,-0.03515625,42355,,,,
0,patch_39_31,9984,10240,7936,8192,65536,NDVI,-0.35546875,23179,19486,0.018167732936524114,65536,0.02960057864009502
0,patch_39_32,9984,10240,8192,8448,65536,MSAVI,-0.30078125,43909,,,,
0,patch_39_32,9984,10240,8192,8448,65536,NDVI,-0.61328125,21621,8889,0.017639924272436533,65536,0.028228352659838724
0,patch_40_0,10240,10496,0,256,65536,MSAVI,0.0,65536,,,,
0,patch_40_0,10240,10496,0,256,65536,NDVI,0.0,0,0,0.0,0,0.009808042386020944
0,patch_40_2,10240,10496,512,768,65536,MSAVI,-0.23046875,38279,,,,
0,patch_40_2,10240,10496,512,768,65536,NDVI,-0.99609375,27257,16186,0.012863841956983951,65487,0.018719130111514104
0,patch_40_3,10240,10496,768,1024,65536,MSAVI,-0.12109375,35492,,,,
0,patch_40_3,10240,10496,768,1024,65536,NDVI,-0.99609375,30044,15675,0.010568964514790238,15089,0.016972814700436267
0,patch_40_4,10240,10496,1024,1280,65536,MSAVI,-0.20703125,35204,,,,
0,patch_40_4,10240,10496,1024,1280,65536,NDVI,-0.99609375,30332,10662,0.007252014885876262,14345,0.016670021372824584
0,patch_40_5,10240,10496,1280,1536,65536,MSAVI,-0.13671875,41203,,,,
0,patch_40_5,10240,10496,1280,1536,65536,NDVI,-0.99609375,24333,14159,0.014714523834798598,65536,0.023844305928254483
0,patch_40_6,10240,10496,1536,1792,65536,MSAVI,-0.05078125,37078,,,,
0,patch_40_6,10240,10496,1536,1792,65536,NDVI,-0.99609375,28458,16065,0.01054759788043362,65440,0.021507924139330475
0,patch_40_7,10240,10496,1792,2048,65536,MSAVI,-0.06640625,39884,,,,
0,patch_40_7,10240,10496,1792,2048,65536,NDVI,-0.99609375,25652,14239,0.014429938380701918,13014,0.02151815410398525
0,patch_40_8,10240,10496,2048,2304,65536,MSAVI,-0.26953125,43532,,,,
0,patch_40_8,10240,10496,2048,2304,65536,NDVI,-0.99609375,22004,9369,0.020188452743549953,65536,0.025186586178957943
0,patch_40_9,10240,10496,2304,2560,65536,MSAVI,-0.03515625,45110,,,,
0,patch_40_9,10240,10496,2304,2560,65536,NDVI,-0.99609375,20426,13025,0.017019446016569517,12626,0.027473505567210232
0,patch_40_10,10240,10496,2560,2816,65536,MSAVI,-0.16015625,42189,,,,
0,patch_40_10,10240,10496,2560,2816,65536,NDVI,-0.99609375,23347,7434,0.011295832976787767,7242,0.021391754207690322
0,patch_40_11,10240,10496,2816,3072,65536,MSAVI,-0.34765625,31725,,,,
0,patch_40_11,10240,10496,2816,3072,65536,NDVI,-0.57421875,33810,17816,0.005417416020989607,23250,0.01814982859986361
0,patch_40_12,10240,10496,3072,3328,65536,MSAVI,-0.19140625,34630,,,,
0,patch_40_12,10240,10496,3072,3328,65536,NDVI,-0.99609375,30906,27177,0.018329483280976472,65536,0.030935315477138875
0,patch_40_13,10240,10496,3328,3584,65536,MSAVI,-0.12890625,34066,,,,
0,patch_40_13,10240,10496,3328,3584,65536,NDVI,-0.99609375,31470,11912,0.008358570574401675,16467,0.020938415274336708
0,patch_40_14,10240,10496,3584,3840,65536,MSAVI,-0.19140625,35883,,,,
0,patch_40_14,10240,10496,3584,3840,65536,NDVI,-0.99609375,29653,15954,0.010526987203623439,17190,0.018805481484452324
0,patch_40_15,10240,10496,3840,4096,65536,MSAVI,-0.16796875,35697,,,,
0,patch_40_15,10240,10496,3840,4096,65536,NDVI,-0.99609375,29839,5347,0.005726910286754067,9530,0.014891155200133593
0,patch_40_16,10240,10496,4096,4352,65536,MSAVI,-0.19921875,37747,,,,
0,patch_40_16,10240,10496,4096,4352,65536,NDVI,-0.99609375,27789,7872,0.006885239181621705,10350,0.016758090705219525
0,patch_40_17,10240,10496,4352,4608,65536,MSAVI,-0.26953125,42474,,,,
0,patch_40_17,10240,10496,4352,4608,65536,NDVI,-0.54296875,23049,8346,0.01381244942863713,9434,0.030616834702355322
0,patch_40_18,10240,10496,4608,4864,65536,MSAVI,-0.26171875,45860,,,,
0,patch_40_18,10240,10496,4608,4864,65536,NDVI,-0.57421875,19668,8370,0.01855514819741133,8885,0.0333322891115837
0,patch_40_19,10240,10496,4864,5120,65536,MSAVI,-0.15234375,39698,,,,
0,patch_40_19,10240,10496,4864,5120,65536,NDVI,-0.47265625,25823,9297,0.010837846891640412,9866,0.02261843118605597
0,patch_40_20,10240,10496,5120,5376,65536,MSAVI,-0.43359375,48017,,,,
0,patch_40_20,10240,10496,5120,5376,65536,NDVI,-0.64453125,17519,6363,0.02294842313481879,6510,0.0336326188167293
0,patch_40_21,10240,10496,5376,5632,65536,MSAVI,-0.26171875,48103,,,,
0,patch_40_21,10240,10496,5376,5632,65536,NDVI,-0.46484375,17433,10272,0.020262423427189105,10301,0.035189298575375394
0,patch_40_22,10240,10496,5632,5888,65536,MSAVI,-0.23828125,49751,,,,
0,patch_40_22,10240,10496,5632,5888,65536,NDVI,-0.48828125,15755,8931,0.02292025646753941,8915,0.03870389557079579
0,patch_40_23,10240,10496,5888,6144,65536,MSAVI,-0.24609375,43229,,,,
0,patch_40_23,10240,10496,5888,6144,65536,NDVI,-0.67578125,22206,5452,0.01569818918152545,5903,0.027184780504996037
0,patch_40_24,10240,10496,6144,6400,65536,MSAVI,-0.05859375,46981,,,,
0,patch_40_24,10240,10496,6144,6400,65536,NDVI,-0.26953125,18544,17053,0.02515484237940245,65536,0.03195155587393422
0,patch_40_25,10240,10496,6400,6656,65536,MSAVI,-0.16796875,44160,,,,
0,patch_40_25,10240,10496,6400,6656,65536,NDVI,-0.99609375,21376,14400,0.019045940970152525,14295,0.033132958546320895
0,patch_40_26,10240,10496,6656,6912,65536,MSAVI,-0.35546875,43263,,,,
0,patch_40_26,10240,10496,6656,6912,65536,NDVI,-0.99609375,22273,5618,0.016184348412106503,6646,0.02723391930840477
0,patch_40_27,10240,10496,6912,7168,65536,MSAVI,-0.16796875,42785,,,,
0,patch_40_27,10240,10496,6912,7168,65536,NDVI,-0.41796875,22743,18106,0.025792032886583507,65536,0.03599617572582153
0,patch_40_28,10240,10496,7168,7424,65536,MSAVI,-0.20703125,44254,,,,
0,patch_40_28,10240,10496,7168,7424,65536,NDVI,-0.99609375,21282,13144,0.023616038923618646,13508,0.03544411521028179
0,patch_40_29,10240,10496,7424,7680,65536,MSAVI,-0.18359375,38428,,,,
0,patch_40_29,10240,10496,7424,7680,65536,NDVI,-0.99609375,27108,23349,0.019363113083353395,65536,0.02871074121337891
0,patch_40_30,10240,10496,7680,7936,65536,MSAVI,-0.11328125,26100,,,,
0,patch_40_30,10240,10496,7680,7936,65536,NDVI,-0.99609375,39436,0,-0.013436246836950494,65536,0.019762347363714183
0,patch_40_31,10240,10496,7936,8192,65536,MSAVI,-0.16796875,40521,,,,
0,patch_40_31,10240,10496,7936,8192,65536,NDVI,-0.99609375,25015,20366,0.02003389247716189,65536,0.028239748770409134
0,patch_40_32,10240,10496,8192,8448,65536,MSAVI,-0.05859375,40672,,,,
0,patch_40_32,10240,10496,8192,8448,65536,NDVI,-0.99609375,24864,21941,0.0203009160362866,65536,0.033071069929627106
0,patch_41_0,10496,10752,0,256,65536,MSAVI,0.0,65536,,,,
0,patch_41_0,10496,10752,0,256,65536,NDVI,0.0,0,0,0.0,0,0.009808042386020944
0,patch_41_2,10496,10752,512,768,65536,MSAVI,-0.09765625,33170,,,,
0,patch_41_2,10496,10752,512,768,65536,NDVI,-0.99609375,32366,22683,0.012208581597292836,65478,0.01661852547719392
0,patch_41_3,10496,10752,768,1024,65536,MSAVI,-0.12109375,32935,,,,
0,patch_41_3,10496,10752,768,1024,65536,NDVI,-0.99609375,32601,29600,0.011998776989270377,65507,0.020960542404930532
0,patch_41_4,10496,10752,1024,1280,65536,MSAVI,-0.12890625,41630,,,,
0,patch_41_4,10496,10752,1024,1280,65536,NDVI,-0.28515625,23898,16332,0.020023595155290744,15345,0.026145964019491597
0,patch_41_5,10496,10752,1280,1536,65536,MSAVI,-0.05859375,36978,,,,
0,patch_41_5,10496,10752,1280,1536,65536,NDVI,-0.50390625,28556,11515,0.010461828565684672,13029,0.01920384016651208
0,patch_41_6,10496,10752,1536,1792,65536,MSAVI,-0.12890625,38154,,,,
0,patch_41_6,10496,10752,1536,1792,65536,NDVI,-0.99609375,27382,18221,0.01020231272991766,18753,0.021498318504463987
0,patch_41_7,10496,10752,1792,2048,65536,MSAVI,-0.23046875,40261,,,,
0,patch_41_7,10496,10752,1792,2048,65536,NDVI,-0.99609375,25275,14990,0.015280918359277293,15568,0.025851348233865673
0,patch_41_8,10496,10752,2048,2304,65536,MSAVI,-0.21484375,41365,,,,
0,patch_41_8,10496,10752,2048,2304,65536,NDVI,-0.99609375,24171,11643,0.015858513191449083,11490,0.022526847138268274
0,patch_41_9,10496,10752,2304,2560,65536,MSAVI,-0.13671875,41077,,,,
0,patch_41_9,10496,10752,2304,2560,65536,NDVI,-0.99609375,24459,10172,0.010754751885983807,11376,0.021588482313300378
0,patch_41_10,10496,10752,2560,2816,65536,MSAVI,-0.18359375,38899,,,,
0,patch_41_10,10496,10752,2560,2816,65536,NDVI,-0.99609375,26637,6167,0.00841542692749421,7446,0.01839686660098014
0,patch_41_11,10496,10752,2816,3072,65536,MSAVI,-0.16796875,33085,,,,
0,patch_41_11,10496,10752,2816,3072,65536,NDVI,-0.54296875,32450,20767,0.009097953586639715,21220,0.01692734631492876
0,patch_41_12,10496,10752,3072,3328,65536,MSAVI,-0.23828125,35088,,,,
0,patch_41_12,10496,10752,3072,3328,65536,NDVI,-0.99609375,30448,27621,0.019686364099751566,65536,0.027961224347267305
0,patch_41_13,10496,10752,3328,3584,65536,MSAVI,0.09765625,35763,,,,
0,patch_41_13,10496,10752,3328,3584,65536,NDVI,-0.99609375,29773,4584,0.004306384854924614,11318,0.015596673630163232
0,patch_41_14,10496,10752,3584,3840,65536,MSAVI,0.05078125,34422,,,,
0,patch_41_14,10496,10752,3584,3840,65536,NDVI,-0.99609375,31114,15560,0.00702463375350397,18744,0.017980190625291326
0,patch_41_15,10496,10752,3840,4096,65536,MSAVI,-0.26953125,36107,,,,
0,patch_41_15,10496,10752,3840,4096,65536,NDVI,-0.99609375,29429,7489,0.008394519891390423,9498,0.015327032221461645
0,patch_41_16,10496,10752,4096,4352,65536,MSAVI,-0.14453125,45075,,,,
0,patch_41_16,10496,10752,4096,4352,65536,NDVI,-0.99609375,20461,8938,0.015139180442119038,8732,0.025276274249326214
0,patch_41_17,10496,10752,4352,4608,65536,MSAVI,-0.17578125,41207,,,,
0,patch_41_17,10496,10752,4352,4608,65536,NDVI,-0.47265625,24320,9565,0.00875467237937437,10341,0.022969096490545265
0,patch_41_18,10496,10752,4608,4864,65536,MSAVI,-0.15234375,38197,,,,
0,patch_41_18,10496,10752,4608,4864,65536,NDVI,-0.50390625,27335,6848,0.006795136023670767,11107,0.020045447022394053
0,patch_41_19,10496,10752,4864,5120,65536,MSAVI,-0.01171875,39452,,,,
0,patch_41_19,10496,10752,4864,5120,65536,NDVI,-0.99609375,26084,5003,0.007318981944225589,8945,0.018354924168324488
0,patch_41_20,10496,10752,5120,5376,65536,MSAVI,-0.20703125,46411,,,,
0,patch_41_20,10496,10752,5120,5376,65536,NDVI,-0.45703125,19121,10361,0.019833555626282792,10758,0.03333713434017099
0,patch_41_21,10496,10752,5376,5632,65536,MSAVI,-0.33984375,48381,,,,
0,patch_41_21,10496,10752,5376,5632,65536,NDVI,-0.70703125,17151,5537,0.02364526672080189,5676,0.03583656816008246
0,patch_41_22,10496,10752,5632,5888,65536,MSAVI,-0.23046875,51114,,,,
0,patch_41_22,10496,10752,5632,5888,65536,NDVI,-0.42578125,14415,9629,0.02467276395650586,65536,0.03967236363727855
0,patch_41_23,10496,10752,5888,6144,65536,MSAVI,-0.19921875,44683,,,,
0,patch_41_23,10496,10752,5888,6144,65536,NDVI,-0.55859375,20845,12408,0.01777897493561173,12357,0.03175313248919642
0,patch_41_24,10496,10752,6144,6400,65536,MSAVI,-0.09765625,31030,,,,
0,patch_41_24,10496,10752,6144,6400,65536,NDVI,-0.99609375,34506,27507,0.013960336789553676,65536,0.01921897047099716
0,patch_41_25,10496,10752,6400,6656,65536,MSAVI,-0.07421875,46192,,,,
0,patch_41_25,10496,10752,6400,6656,65536,NDVI,-0.99609375,19344,15489,0.024683655284558917,65536,0.036856307672385735
0,patch_41_26,10496,10752,6656,6912,65536,MSAVI,-0.19140625,48930,,,,
0,patch_41_26,10496,10752,6656,6912,65536,NDVI,-0.99609375,16606,11361,0.02306577915546501,11017,0.03851095918274572
0,patch_41_27,10496,10752,6912,7168,65536,MSAVI,-0.29296875,45986,,,,
0,patch_41_27,10496,10752,6912,7168,65536,NDVI,-0.99609375,19550,12516,0.02709242022027364,65536,0.03751834079054403
0,patch_41_28,10496,10752,7168,7424,65536,MSAVI,-0.17578125,42047,,,,
0,patch_41_28,10496,10752,7168,7424,65536,NDVI,-0.41796875,23485,17274,0.023494190412106722,65536,0.03323255822700538
0,patch_41_29,10496,10752,7424,7680,65536,MSAVI,-0.16015625,39486,,,,
0,patch_41_29,10496,10752,7424,7680,65536,NDVI,-0.99609375,26050,19857,0.015912725227371388,19543,0.026616918317929228
0,patch_41_30,10496,10752,7680,7936,65536,MSAVI,-0.04296875,26580,,,,
0,patch_41_30,10496,10752,7680,7936,65536,NDVI,-0.99609375,38956,517,-0.005999933805605234,65427,0.014632003091972295
0,patch_41_31,10496,10752,7936,8192,65536,MSAVI,-0.02734375,36224,,,,
0,patch_41_31,10496,10752,7936,8192,65536,NDVI,-0.34765625,29311,22252,0.014546829202544687,65536,0.020495403886078234
0,patch_41_32,10496,10752,8192,8448,65536,MSAVI,0.07421875,37894,,,,
0,patch_41_32,10496,10752,8192,8448,65536,NDVI,-0.99609375,27642,22051,0.015684110803609222,65487,0.026873141046048654
0,patch_42_0,10752,11008,0,256,65536,MSAVI,0.0,65536,,,,
0,patch_42_0,10752,11008,0,256,65536,NDVI,0.0,0,0,0.0,0,0.009808042386020944
0,patch_42_2,10752,11008,512,768,65536,MSAVI,-0.07421875,32745,,,,
0,patch_42_2,10752,11008,512,768,65536,NDVI,-0.99609375,32791,25476,0.012995719057922253,65414,0.016967150791444507
0,patch_42_3,10752,11008,768,1024,65536,MSAVI,0.00390625,29508,,,,
0,patch_42_3,10752,11008,768,1024,65536,NDVI,-0.99609375,36028,0,-0.011160011477753848,65402,0.018756033242042863
0,patch_42_4,10752,11008,1024,1280,65536,MSAVI,-0.05859375,30826,,,,
0,patch_42_4,10752,11008,1024,1280,65536,NDVI,-0.99609375,34710,15734,0.002854852605568531,24972,0.015492434188394688
0,patch_42_5,10752,11008,1280,1536,65536,MSAVI,0.08984375,30763,,,,
0,patch_42_5,10752,11008,1280,1536,65536,NDVI,-0.99609375,34773,28239,0.007713350084552831,65536,0.016680767647817174
0,patch_42_6,10752,11008,1536,1792,65536,MSAVI,0.10546875,25960,,,,
0,patch_42_6,10752,11008,1536,1792,65536,NDVI,-0.99609375,39576,3463,-0.0036911886191642734,33408,0.012047209909336692
0,patch_42_7,10752,11008,1792,2048,65536,MSAVI,-0.05078125,30956,,,,
0,patch_42_7,10752,11008,1792,2048,65536,NDVI,-0.99609375,34580,28065,0.010514580178576816,65355,0.018096521114724068
0,patch_42_8,10752,11008,2048,2304,65536,MSAVI,-0.05078125,38470,,,,
0,patch_42_8,10752,11008,2048,2304,65536,NDVI,-0.99609375,27066,20962,0.013611942131100466,65391,0.023252758619382086
0,patch_42_9,10752,11008,2304,2560,65536,MSAVI,0.16015625,33600,,,,
0,patch_42_9,10752,11008,2304,2560,65536,NDVI,-0.99609375,31936,21172,0.0076819658916686545,23528,0.01874715367334917
0,patch_42_10,10752,11008,2560,2816,65536,MSAVI,-0.18359375,32507,,,,
0,patch_42_10,10752,11008,2560,2816,65536,NDVI,-0.31640625,33022,29479,0.018162582470870048,65536,0.01892635135324222
0,patch_42_11,10752,11008,2816,3072,65536,MSAVI,-0.08984375,34372,,,,
0,patch_42_11,10752,11008,2816,3072,65536,NDVI,-0.44921875,31161,18774,0.013049065642074129,65492,0.018255319051381225
0,patch_42_12,10752,11008,3072,3328,65536,MSAVI,-0.23046875,28146,,,,
0,patch_42_12,10752,11008,3072,3328,65536,NDVI,-0.99609375,37390,0,-0.02296031759108616,65478,0.021699091055383785
0,patch_42_13,10752,11008,3328,3584,65536,MSAVI,-0.04296875,37274,,,,
0,patch_42_13,10752,11008,3328,3584,65536,NDVI,-0.99609375,28262,8338,0.005370197002559543,10762,0.01599631797012324
0,patch_42_14,10752,11008,3584,3840,65536,MSAVI,-0.27734375,40665,,,,
0,patch_42_14,10752,11008,3584,3840,65536,NDVI,-0.99609375,24871,9120,0.011920582012974426,10325,0.02313995263147578
0,patch_42_15,10752,11008,3840,4096,65536,MSAVI,0.01953125,36932,,,,
0,patch_42_15,10752,11008,3840,4096,65536,NDVI,-0.99609375,28604,14526,0.010969230343762806,14702,0.018677847148893256
0,patch_42_16,10752,11008,4096,4352,65536,MSAVI,-0.11328125,36596,,,,
0,patch_42_16,10752,11008,4096,4352,65536,NDVI,-0.99609375,28940,12258,0.007816797914944218,14148,0.016856155889069635
0,patch_42_17,10752,11008,4352,4608,65536,MSAVI,-0.12109375,37021,,,,
0,patch_42_17,10752,11008,4352,4608,65536,NDVI,-0.99609375,28515,14108,0.01082436048289491,16805,0.023211573498415322
0,patch_42_18,10752,11008,4608,4864,65536,MSAVI,-0.14453125,37340,,,,
0,patch_42_18,10752,11008,4608,4864,65536,NDVI,-0.99609375,28196,12633,0.008144215815458294,16033,0.020243051832778386
0,patch_42_19,10752,11008,4864,5120,65536,MSAVI,-0.23046875,38512,,,,
0,patch_42_19,10752,11008,4864,5120,65536,NDVI,-0.46484375,27013,13044,0.010593428755748549,13713,0.021676702544856097
0,patch_42_20,10752,11008,5120,5376,65536,MSAVI,-0.13671875,36819,,,,
0,patch_42_20,10752,11008,5120,5376,65536,NDVI,-0.99609375,28717,12075,0.008083250713525114,14026,0.01912859434261785
0,patch_42_21,10752,11008,5376,5632,65536,MSAVI,-0.07421875,34757,,,,
0,patch_42_21,10752,11008,5376,5632,65536,NDVI,-0.99609375,30779,22533,0.014694898448342791,65536,0.022047332818698556
0,patch_42_22,10752,11008,5632,5888,65536,MSAVI,-0.16796875,48216,,,,
0,patch_42_22,10752,11008,5632,5888,65536,NDVI,-0.44140625,17284,13232,0.020566936984589043,65536,0.03335979178030027
0,patch_42_23,10752,11008,5888,6144,65536,MSAVI,-0.22265625,41710,,,,
0,patch_42_23,10752,11008,5888,6144,65536,NDVI,-0.61328125,23825,10229,0.01766448578210887,10609,0.02804833496415532
0,patch_42_24,10752,11008,6144,6400,65536,MSAVI,0.08203125,36454,,,,
0,patch_42_24,10752,11008,6144,6400,65536,NDVI,-0.99609375,29082,24944,0.019449621481809093,65536,0.02847495774600317
0,patch_42_25,10752,11008,6400,6656,65536,MSAVI,-0.05859375,39846,,,,
0,patch_42_25,10752,11008,6400,6656,65536,NDVI,-0.99609375,25690,23075,0.020470470802498836,65536,0.029978759937559468
0,patch_42_26,10752,11008,6656,6912,65536,MSAVI,-0.05859375,35196,,,,
0,patch_42_26,10752,11008,6656,6912,65536,NDVI,-0.99609375,30340,26495,0.01696502209565809,65536,0.028370165467210162
0,patch_42_27,10752,11008,6912,7168,65536,MSAVI,-0.25390625,43856,,,,
0,patch_42_27,10752,11008,6912,7168,65536,NDVI,-0.63671875,21670,11226,0.022581507593755254,10940,0.03014794341969812
0,patch_42_28,10752,11008,7168,7424,65536,MSAVI,-0.12890625,35475,,,,
0,patch_42_28,10752,11008,7168,7424,65536,NDVI,-0.33203125,30053,26948,0.015303990787690513,65536,0.026256363771890445
0,patch_42_29,10752,11008,7424,7680,65536,MSAVI,-0.19921875,42247,,,,
0,patch_42_29,10752,11008,7424,7680,65536,NDVI,-0.99609375,23289,17391,0.018522780382427287,17529,0.03088633111839123
0,patch_42_30,10752,11008,7680,7936,65536,MSAVI,-0.23046875,43823,,,,
0,patch_42_30,10752,11008,7680,7936,65536,NDVI,-0.40234375,21709,15361,0.01977235547614191,14841,0.03240276161375372
0,patch_42_31,10752,11008,7936,8192,65536,MSAVI,0.00390625,28651,,,,
0,patch_42_31,10752,11008,7936,8192,65536,NDVI,-0.99609375,36885,30296,0.014791679442793582,64999,0.014123835597486034
0,patch_42_32,10752,11008,8192,8448,65536,MSAVI,-0.11328125,46418,,,,
0,patch_42_32,10752,11008,8192,8448,65536,NDVI,-0.49609375,19117,10490,0.01931355439448454,10748,0.03351885610637831
0,patch_43_0,11008,11264,0,256,65536,MSAVI,0.0,65536,,,,
0,patch_43_0,11008,11264,0,256,65536,NDVI,0.0,0,0,0.0,0,0.009808042386020944
0,patch_43_3,11008,11264,768,1024,65536,MSAVI,-0.02734375,43030,,,,
0,patch_43_3,11008,11264,768,1024,65536,NDVI,-0.30078125,22506,19452,0.016285640419334696,19096,0.027842140799879345
0,patch_43_4,11008,11264,1024,1280,65536,MSAVI,-0.05859375,36575,,,,
0,patch_43_4,11008,11264,1024,1280,65536,NDVI,-0.99609375,28961,20685,0.01194176811257304,65536,0.020625577097508396
0,patch_43_5,11008,11264,1280,1536,65536,MSAVI,0.00390625,32978,,,,
0,patch_43_5,11008,11264,1280,1536,65536,NDVI,-0.33203125,32557,18172,0.0055876302429531954,22725,0.0176470666121413
0,patch_43_6,11008,11264,1536,1792,65536,MSAVI,0.06640625,34618,,,,
0,patch_43_6,11008,11264,1536,1792,65536,NDVI,-0.99609375,30918,22155,0.007602972624028925,65536,0.02055351571720712
0,patch_43_7,11008,11264,1792,2048,65536,MSAVI,0.09765625,26937,,,,
0,patch_43_7,11008,11264,1792,2048,65536,NDVI,-0.99609375,38599,211,-0.006269528972446828,65536,0.012966749926917986
0,patch_43_8,11008,11264,2048,2304,65536,MSAVI,0.09765625,32400,,,,
0,patch_43_8,11008,11264,2048,2304,65536,NDVI,-0.99609375,33136,23580,0.010020514308299908,25760,0.017800492742877316
0,patch_43_9,11008,11264,2304,2560,65536,MSAVI,-0.01953125,36450,,,,
0,patch_43_9,11008,11264,2304,2560,65536,NDVI,-0.99609375,29086,20070,0.00979514912772049,20584,0.019147760802848107
0,patch_43_10,11008,11264,2560,2816,65536,MSAVI,-0.08984375,32555,,,,
0,patch_43_10,11008,11264,2560,2816,65536,NDVI,-0.41796875,32970,24871,0.013532901567071182,24032,0.019976479830602606
0,patch_43_11,11008,11264,2816,3072,65536,MSAVI,-0.16796875,34706,,,,
0,patch_43_11,11008,11264,2816,3072,65536,NDVI,-0.41015625,30826,24241,0.014692302688654402,23961,0.025550461160567445
0,patch_43_12,11008,11264,3072,3328,65536,MSAVI,0.04296875,17148,,,,
0,patch_43_12,11008,11264,3072,3328,65536,NDVI,-0.42578125,48348,0,-0.02320871178934565,65043,0.013535628930707061
0,patch_43_13,11008,11264,3328,3584,65536,MSAVI,-0.05078125,39405,,,,
0,patch_43_13,11008,11264,3328,3584,65536,NDVI,-0.99609375,26131,14288,0.008664752557676611,14689,0.019459661738697814
0,patch_43_14,11008,11264,3584,3840,65536,MSAVI,-0.09765625,36467,,,,
0,patch_43_14,11008,11264,3584,3840,65536,NDVI,-0.99609375,29069,9331,0.006968671820392555,12705,0.016383892945911943
0,patch_43_15,11008,11264,3840,4096,65536,MSAVI,-0.05859375,37496,,,,
0,patch_43_15,11008,11264,3840,4096,65536,NDVI,-0.99609375,28040,15231,0.007553625663019425,15757,0.01855648732289633
0,patch_43_16,11008,11264,4096,4352,65536,MSAVI,-0.08203125,35551,,,,
0,patch_43_16,11008,11264,4096,4352,65536,NDVI,-0.99609375,29985,13524,0.00596570148788006,17453,0.01655381448541876
0,patch_43_17,11008,11264,4352,4608,65536,MSAVI,0.00390625,27748,,,,
0,patch_43_17,11008,11264,4352,4608,65536,NDVI,-0.99609375,37788,6893,-0.00017536160094856756,19119,0.008651076959121679
0,patch_43_18,11008,11264,4608,4864,65536,MSAVI,-0.06640625,33198,,,,
0,patch_43_18,11008,11264,4608,4864,65536,NDVI,-0.99609375,32338,9557,0.003211680577785092,15190,0.011921108731125812
0,patch_43_19,11008,11264,4864,5120,65536,MSAVI,-0.21484375,35665,,,,
0,patch_43_19,11008,11264,4864,5120,65536,NDVI,-0.48046875,29871,9584,0.006527667780576077,15426,0.019897967292631408
0,patch_43_20,11008,11264,5120,5376,65536,MSAVI,-0.33203125,41984,,,,
0,patch_43_20,11008,11264,5120,5376,65536,NDVI,-0.50390625,23548,11531,0.01718246433994315,12183,0.027496260797836403
0,patch_43_21,11008,11264,5376,5632,65536,MSAVI,0.03515625,39663,,,,
0,patch_43_21,11008,11264,5376,5632,65536,NDVI,-0.44140625,25873,16827,0.015411444709980779,16755,0.026740332814957857
0,patch_43_22,11008,11264,5632,5888,65536,MSAVI,0.05859375,34051,,,,
0,patch_43_22,11008,11264,5632,5888,65536,NDVI,-0.99609375,31485,27980,0.010817611652248024,65536,0.024478045765583573
0,patch_43_23,11008,11264,5888,6144,65536,MSAVI,0.03515625,44856,,,,
0,patch_43_23,11008,11264,5888,6144,65536,NDVI,-0.99609375,20680,17231,0.01738277485348426,65536,0.03313625926357203
0,patch_43_24,11008,11264,6144,6400,65536,MSAVI,0.05859375,44917,,,,
0,patch_43_24,11008,11264,6144,6400,65536,NDVI,-0.99609375,20619,15757,0.021053968163980155,65536,0.031101051035233696
0,patch_43_25,11008,11264,6400,6656,65536,MSAVI,-0.07421875,47219,,,,
0,patch_43_25,11008,11264,6400,6656,65536,NDVI,-0.99609375,18317,13294,0.022713744388242016,65536,0.03414663442063895
0,patch_43_26,11008,11264,6656,6912,65536,MSAVI,-0.21484375,47265,,,,
0,patch_43_26,11008,11264,6656,6912,65536,NDVI,-0.99609375,18271,11498,0.022832923152319426,10986,0.03480116547353013
0,patch_43_27,11008,11264,6912,7168,65536,MSAVI,-0.12109375,45842,,,,
0,patch_43_27,11008,11264,6912,7168,65536,NDVI,-0.99609375,19694,14015,0.022417206680304474,13620,0.03674980463293426
0,patch_43_28,11008,11264,7168,7424,65536,MSAVI,-0.01953125,48900,,,,
0,patch_43_28,11008,11264,7168,7424,65536,NDVI,-0.99609375,16636,14523,0.021643975755133188,65536,0.03229498515551013
0,patch_43_29,11008,11264,7424,7680,65536,MSAVI,-0.15234375,47764,,,,
0,patch_43_29,11008,11264,7424,7680,65536,NDVI,-0.99609375,17772,12669,0.024877955107556013,65536,0.03767981199167594
0,patch_43_30,11008,11264,7680,7936,65536,MSAVI,-0.20703125,41639,,,,
0,patch_43_30,11008,11264,7680,7936,65536,NDVI,-0.99609375,23897,13950,0.019575864131209236,14143,0.03119414936282061
0,patch_43_31,11008,11264,7936,8192,65536,MSAVI,-0.18359375,43749,,,,
0,patch_43_31,11008,11264,7936,8192,65536,NDVI,-0.99609375,21787,14242,0.019658290143032428,65536,0.029511590191001608
0,patch_43_32,11008,11264,8192,8448,65536,MSAVI,-0.07421875,44521,,,,
0,patch_43_32,11008,11264,8192,8448,65536,NDVI,-0.39453125,21015,15121,0.020787729852389913,65536,0.0329177756036273
0,patch_44_0,11264,11520,0,256,65536,MSAVI,0.0,65536,,,,
0,patch_44_0,11264,11520,0,256,65536,NDVI,0.0,0,0,0.0,0,0.009808042386020944
0,patch_44_1,11264,11520,256,512,65536,MSAVI,0.0,65536,,,,
0,patch_44_1,11264,11520,256,512,65536,NDVI,0.0,0,0,0.0,0,0.009808042386020944
0,patch_44_4,11264,11520,1024,1280,65536,MSAVI,-0.00390625,46985,,,,
0,patch_44_4,11264,11520,1024,1280,65536,NDVI,-0.33984375,18519,15233,0.02208357458583443,65536,0.029376471262801157
0,patch_44_5,11264,11520,1280,1536,65536,MSAVI,0.01953125,41694,,,,
0,patch_44_5,11264,11520,1280,1536,65536,NDVI,-0.42578125,23839,18338,0.0192256147123903,17939,0.028834572736227665
0,patch_44_6,11264,11520,1536,1792,65536,MSAVI,-0.18359375,30985,,,,
0,patch_44_6,11264,11520,1536,1792,65536,NDVI,-0.40234375,34540,28034,0.01448878998226251,26339,0.016758756835432626
0,patch_44_7,11264,11520,1792,2048,65536,MSAVI,0.15234375,35399,,,,
0,patch_44_7,11264,11520,1792,2048,65536,NDVI,-0.99609375,30137,19156,0.009359990443067512,65536,0.01859856908526966
0,patch_44_8,11264,11520,2048,2304,65536,MSAVI,0.10546875,33726,,,,
0,patch_44_8,11264,11520,2048,2304,65536,NDVI,-0.99609375,31810,23511,0.009960026021054502,65435,0.018136436960125263
0,patch_44_9,11264,11520,2304,2560,65536,MSAVI,0.19140625,34290,,,,
0,patch_44_9,11264,11520,2304,2560,65536,NDVI,-0.99609375,31246,17635,0.005400135593579283,22186,0.019401741101171877
0,patch_44_10,11264,11520,2560,2816,65536,MSAVI,0.07421875,35030,,,,
0,patch_44_10,11264,11520,2560,2816,65536,NDVI,-0.99609375,30506,13551,0.004861053416871972,19112,0.018000420804629824
0,patch_44_11,11264,11520,2816,3072,65536,MSAVI,-0.07421875,33060,,,,
0,patch_44_11,11264,11520,2816,3072,65536,NDVI,-0.38671875,32425,32367,0.01983040221963403,65536,0.02677706007580885
0,patch_44_12,11264,11520,3072,3328,65536,MSAVI,0.30859375,26291,,,,
0,patch_44_12,11264,11520,3072,3328,65536,NDVI,-0.99609375,39245,426,-0.005848325650373354,64989,0.011427025237431138
0,patch_44_13,11264,11520,3328,3584,65536,MSAVI,0.01171875,30775,,,,
0,patch_44_13,11264,11520,3328,3584,65536,NDVI,-0.56640625,34749,19503,0.005182149771366287,22774,0.01476609062850967
0,patch_44_14,11264,11520,3584,3840,65536,MSAVI,-0.19140625,33925,,,,
0,patch_44_14,11264,11520,3584,3840,65536,NDVI,-0.55078125,31593,16777,0.0067368322365191635,22241,0.019275168524519826
0,patch_44_15,11264,11520,3840,4096,65536,MSAVI,0.05078125,30034,,,,
0,patch_44_15,11264,11520,3840,4096,65536,NDVI,-0.37890625,35501,15272,0.0030063150979036113,65382,0.014168111213617135
0,patch_44_16,11264,11520,4096,4352,65536,MSAVI,0.12109375,36944,,,,
0,patch_44_16,11264,11520,4096,4352,65536,NDVI,-0.99609375,28592,11911,0.007481769314386835,14701,0.016587391118650402
0,patch_44_17,11264,11520,4352,4608,65536,MSAVI,0.01953125,33293,,,,
0,patch_44_17,11264,11520,4352,4608,65536,NDVI,-0.99609375,32243,8172,0.0025723934000838333,17533,0.012455845528767079
0,patch_44_18,11264,11520,4608,4864,65536,MSAVI,-0.05859375,39482,,,,
0,patch_44_18,11264,11520,4608,4864,65536,NDVI,-0.99609375,26054,8350,0.00898658698653916,10734,0.018990647417994527
0,patch_44_19,11264,11520,4864,5120,65536,MSAVI,-0.28515625,31893,,,,
0,patch_44_19,11264,11520,4864,5120,65536,NDVI,-0.99609375,33643,7333,0.0018784179830651643,16609,0.013837742173954476
0,patch_44_20,11264,11520,5120,5376,65536,MSAVI,-0.21484375,37059,,,,
0,patch_44_20,11264,11520,5120,5376,65536,NDVI,-0.99609375,28477,14851,0.009568450514102322,16145,0.019315349249301422
0,patch_44_21,11264,11520,5376,5632,65536,MSAVI,0.17578125,34345,,,,
0,patch_44_21,11264,11520,5376,5632,65536,NDVI,-0.99609375,31191,25182,0.014822734303004625,25639,0.026484113886005772
0,patch_44_22,11264,11520,5632,5888,65536,MSAVI,-0.01953125,40344,,,,
0,patch_44_22,11264,11520,5632,5888,65536,NDVI,-0.48828125,25190,17524,0.018533748662837718,65536,0.03185280747816374
0,patch_44_23,11264,11520,5888,6144,65536,MSAVI,-0.10546875,44833,,,,
0,patch_44_23,11264,11520,5888,6144,65536,NDVI,-0.99609375,20703,16146,0.02195396484276259,65536,0.03244038692525622
0,patch_44_24,11264,11520,6144,6400,65536,MSAVI,-0.01171875,47485,,,,
0,patch_44_24,11264,11520,6144,6400,65536,NDVI,-0.99609375,18051,12813,0.02144370057343592,65536,0.03333683809892099
0,patch_44_25,11264,11520,6400,6656,65536,MSAVI,-0.07421875,46564,,,,
0,patch_44_25,11264,11520,6400,6656,65536,NDVI,-0.99609375,18972,14006,0.021897115093401157,65536,0.03600280353291602
0,patch_44_26,11264,11520,6656,6912,65536,MSAVI,0.07421875,41472,,,,
0,patch_44_26,11264,11520,6656,6912,65536,NDVI,-0.24609375,24063,22776,0.02098079343141611,65536,0.029188677004435754
0,patch_44_27,11264,11520,6912,7168,65536,MSAVI,-0.08203125,41085,,,,
0,patch_44_27,11264,11520,6912,7168,65536,NDVI,-0.73828125,24443,3422,0.013078612413389173,5329,0.021917986759655672
0,patch_44_28,11264,11520,7168,7424,65536,MSAVI,-0.20703125,58880,,,,
0,patch_44_28,11264,11520,7168,7424,65536,NDVI,-0.47265625,6641,4784,0.029988673493883164,4589,0.045907033583920925
0,patch_44_29,11264,11520,7424,7680,65536,MSAVI,-0.12890625,38890,,,,
0,patch_44_29,11264,11520,7424,7680,65536,NDVI,-0.99609375,26646,15713,0.01921942142017473,15493,0.02718377421279014
0,patch_44_30,11264,11520,7680,7936,65536,MSAVI,-0.16015625,40992,,,,
0,patch_44_30,11264,11520,7680,7936,65536,NDVI,-0.99609375,24544,17997,0.018237988453201584,18634,0.030849094137830935
