,patch,start_vert,end_vert,start_horiz,end_horiz,Patch_Area,VegetationIndex,VI_Thresh,VI_Area,Pure_GaborArea,Pure_GaborThresh,LocalHistEq_GaborArea,LocalHistEq_GaborThresh
0,patch_0_0,0,256,0,256,65536,MSAVI,0.0,65536,,,,
0,patch_0_0,0,256,0,256,65536,NDVI,0.0,0,0,0.0,0,0.009808042386020944
0,patch_0_1,0,256,256,512,65536,MSAVI,0.0,65536,,,,
0,patch_0_1,0,256,256,512,65536,NDVI,0.0,0,0,0.0,0,0.009808042386020944
0,patch_0_2,0,256,512,768,65536,MSAVI,0.0,65536,,,,
0,patch_0_2,0,256,512,768,65536,NDVI,0.0,0,0,0.0,0,0.009808042386020944
0,patch_0_3,0,256,768,1024,65536,MSAVI,0.0,65536,,,,
0,patch_0_3,0,256,768,1024,65536,NDVI,0.0,0,0,0.0,0,0.009808042386020944
0,patch_0_4,0,256,1024,1280,65536,MSAVI,0.0,65536,,,,
0,patch_0_4,0,256,1024,1280,65536,NDVI,0.0,0,0,0.0,0,0.009808042386020944
0,patch_0_5,0,256,1280,1536,65536,MSAVI,0.0,65536,,,,
0,patch_0_5,0,256,1280,1536,65536,NDVI,0.0,0,0,0.0,0,0.009808042386020944
0,patch_0_6,0,256,1536,1792,65536,MSAVI,0.0,65536,,,,
0,patch_0_6,0,256,1536,1792,65536,NDVI,0.0,0,0,0.0,0,0.009808042386020944
0,patch_0_7,0,256,1792,2048,65536,MSAVI,0.0,65536,,,,
0,patch_0_7,0,256,1792,2048,65536,NDVI,0.0,0,0,0.0,0,0.009808042386020944
0,patch_0_8,0,256,2048,2304,65536,MSAVI,0.0,65536,,,,
0,patch_0_8,0,256,2048,2304,65536,NDVI,0.0,0,0,0.0,0,0.009808042386020944
0,patch_0_19,0,256,4864,5120,65536,MSAVI,0.0,65536,,,,
0,patch_0_19,0,256,4864,5120,65536,NDVI,0.0,0,0,0.0,0,0.009808042386020944
0,patch_0_20,0,256,5120,5376,65536,MSAVI,0.0,65536,,,,
0,patch_0_20,0,256,5120,5376,65536,NDVI,0.0,0,0,0.0,0,0.009808042386020944
0,patch_0_21,0,256,5376,5632,65536,MSAVI,0.0,65536,,,,
0,patch_0_21,0,256,5376,5632,65536,NDVI,0.0,0,0,0.0,0,0.009808042386020944
0,patch_0_22,0,256,5632,5888,65536,MSAVI,0.0,65536,,,,
0,patch_0_22,0,256,5632,5888,65536,NDVI,0.0,0,0,0.0,0,0.009808042386020944
0,patch_0_23,0,256,5888,6144,65536,MSAVI,0.0,65536,,,,
0,patch_0_23,0,256,5888,6144,65536,NDVI,0.0,0,0,0.0,0,0.009808042386020944
0,patch_0_24,0,256,6144,6400,65536,MSAVI,0.0,65536,,,,
0,patch_0_24,0,256,6144,6400,65536,NDVI,0.0,0,0,0.0,0,0.009808042386020944
0,patch_0_25,0,256,6400,6656,65536,MSAVI,0.0,65536,,,,
0,patch_0_25,0,256,6400,6656,65536,NDVI,0.0,0,0,0.0,0,0.009808042386020944
0,patch_0_26,0,256,6656,6912,65536,MSAVI,0.0,65536,,,,
0,patch_0_26,0,256,6656,6912,65536,NDVI,0.0,0,0,0.0,0,0.009808042386020944
0,patch_0_27,0,256,6912,7168,65536,MSAVI,0.0,65536,,,,
0,patch_0_27,0,256,6912,7168,65536,NDVI,0.0,0,0,0.0,0,0.009808042386020944
0,patch_0_28,0,256,7168,7424,65536,MSAVI,0.0,65536,,,,
0,patch_0_28,0,256,7168,7424,65536,NDVI,0.0,0,0,0.0,0,0.009808042386020944
0,patch_0_29,0,256,7424,7680,65536,MSAVI,0.0,65536,,,,
0,patch_0_29,0,256,7424,7680,65536,NDVI,0.0,0,0,0.0,0,0.009808042386020944
0,patch_0_30,0,256,7680,7936,65536,MSAVI,0.0,65536,,,,
0,patch_0_30,0,256,7680,7936,65536,NDVI,0.0,0,0,0.0,0,0.009808042386020944
0,patch_0_31,0,256,7936,8192,65536,MSAVI,0.0,65536,,,,
0,patch_0_31,0,256,7936,8192,65536,NDVI,0.0,0,0,0.0,0,0.009808042386020944
0,patch_0_32,0,256,8192,8448,65536,MSAVI,0.0,65536,,,,
0,patch_0_32,0,256,8192,8448,65536,NDVI,0.0,0,0,0.0,0,0.009808042386020944
0,patch_0_33,0,256,8448,8704,65536,MSAVI,0.0,65536,,,,
0,patch_0_33,0,256,8448,8704,65536,NDVI,0.0,0,0,0.0,0,0.009808042386020944
0,patch_1_0,256,512,0,256,65536,MSAVI,0.0,65536,,,,
0,patch_1_0,256,512,0,256,65536,NDVI,0.0,0,0,0.0,0,0.009808042386020944
0,patch_1_1,256,512,256,512,65536,MSAVI,0.0,65536,,,,
0,patch_1_1,256,512,256,512,65536,NDVI,0.0,0,0,0.0,0,0.009808042386020944
0,patch_1_2,256,512,512,768,65536,MSAVI,0.0,65536,,,,
0,patch_1_2,256,512,512,768,65536,NDVI,0.0,0,0,0.0,0,0.009808042386020944
0,patch_1_3,256,512,768,1024,65536,MSAVI,0.0,65536,,,,
0,patch_1_3,256,512,768,1024,65536,NDVI,0.0,0,0,0.0,0,0.009808042386020944
0,patch_1_4,256,512,1024,1280,65536,MSAVI,0.0,65536,,,,
0,patch_1_4,256,512,1024,1280,65536,NDVI,0.0,0,0,0.0,0,0.009808042386020944
0,patch_1_5,256,512,1280,1536,65536,MSAVI,0.0,65536,,,,
0,patch_1_5,256,512,1280,1536,65536,NDVI,0.0,0,0,0.0,0,0.009808042386020944
0,patch_1_6,256,512,1536,1792,65536,MSAVI,0.0,65536,,,,
0,patch_1_6,256,512,1536,1792,65536,NDVI,0.0,0,0,0.0,0,0.009808042386020944
0,patch_1_7,256,512,1792,2048,65536,MSAVI,0.0,65536,,,,
0,patch_1_7,256,512,1792,2048,65536,NDVI,0.0,0,0,0.0,0,0.009808042386020944
0,patch_1_10,256,512,2560,2816,65536,MSAVI,-0.13671875,34919,,,,
0,patch_1_10,256,512,2560,2816,65536,NDVI,-0.99609375,30617,6962,0.0044531483386911624,9875,0.013015237295142201
0,patch_1_11,256,512,2816,3072,65536,MSAVI,-0.01953125,34994,,,,
0,patch_1_11,256,512,2816,3072,65536,NDVI,-0.99609375,30542,9451,0.005711021755705828,13756,0.013938506053109645
0,patch_1_12,256,512,3072,3328,65536,MSAVI,-0.17578125,32344,,,,
0,patch_1_12,256,512,3072,3328,65536,NDVI,-0.99609375,33192,4809,0.0024600635856029673,13219,0.011053366402401454
0,patch_1_13,256,512,3328,3584,65536,MSAVI,-0.13671875,33018,,,,
0,patch_1_13,256,512,3328,3584,65536,NDVI,-0.99609375,32518,9702,0.0034069496955708295,17192,0.014756508331790569
0,patch_1_14,256,512,3584,3840,65536,MSAVI,-0.07421875,39399,,,,
0,patch_1_14,256,512,3584,3840,65536,NDVI,-0.99609375,26137,7136,0.012696927047415416,8072,0.017993710626171916
0,patch_1_15,256,512,3840,4096,65536,MSAVI,-0.21484375,36617,,,,
0,patch_1_15,256,512,3840,4096,65536,NDVI,-0.99609375,28919,6643,0.006622900517320146,10881,0.014976032503416614
0,patch_1_16,256,512,4096,4352,65536,MSAVI,-0.11328125,37544,,,,
0,patch_1_16,256,512,4096,4352,65536,NDVI,-0.99609375,27992,12014,0.013577678964407522,65536,0.02058449896827816
0,patch_1_17,256,512,4352,4608,65536,MSAVI,0.01171875,29787,,,,
0,patch_1_17,256,512,4352,4608,65536,NDVI,-0.99609375,35749,7319,-0.0003861013484761505,23534,0.014072408135573311
0,patch_1_22,256,512,5632,5888,65536,MSAVI,0.0,65536,,,,
0,patch_1_22,256,512,5632,5888,65536,NDVI,0.0,0,0,0.0,0,0.009808042386020944
0,patch_1_23,256,512,5888,6144,65536,MSAVI,0.0,65536,,,,
0,patch_1_23,256,512,5888,6144,65536,NDVI,0.0,0,0,0.0,0,0.009808042386020944
0,patch_1_24,256,512,6144,6400,65536,MSAVI,0.0,65536,,,,
0,patch_1_24,256,512,6144,6400,65536,NDVI,0.0,0,0,0.0,0,0.009808042386020944
0,patch_1_25,256,512,6400,6656,65536,MSAVI,0.0,65536,,,,
0,patch_1_25,256,512,6400,6656,65536,NDVI,0.0,0,0,0.0,0,0.009808042386020944
0,patch_1_26,256,512,6656,6912,65536,MSAVI,0.0,65536,,,,
0,patch_1_26,256,512,6656,6912,65536,NDVI,0.0,0,0,0.0,0,0.009808042386020944
0,patch_1_27,256,512,6912,7168,65536,MSAVI,0.0,65536,,,,
0,patch_1_27,256,512,6912,7168,65536,NDVI,0.0,0,0,0.0,0,0.009808042386020944
0,patch_1_28,256,512,7168,7424,65536,MSAVI,0.0,65536,,,,
0,patch_1_28,256,512,7168,7424,65536,NDVI,0.0,0,0,0.0,0,0.009808042386020944
0,patch_1_29,256,512,7424,7680,65536,MSAVI,0.0,65536,,,,
0,patch_1_29,256,512,7424,7680,65536,NDVI,0.0,0,0,0.0,0,0.009808042386020944
0,patch_1_30,256,512,7680,7936,65536,MSAVI,0.0,65536,,,,
0,patch_1_30,256,512,7680,7936,65536,NDVI,0.0,0,0,0.0,0,0.009808042386020944
0,patch_1_31,256,512,7936,8192,65536,MSAVI,0.0,65536,,,,
0,patch_1_31,256,512,7936,8192,65536,NDVI,0.0,0,0,0.0,0,0.009808042386020944
0,patch_1_32,256,512,8192,8448,65536,MSAVI,0.0,65536,,,,
0,patch_1_32,256,512,8192,8448,65536,NDVI,0.0,0,0,0.0,0,0.009808042386020944
0,patch_1_33,256,512,8448,8704,65536,MSAVI,0.0,65536,,,,
0,patch_1_33,256,512,8448,8704,65536,NDVI,0.0,0,0,0.0,0,0.009808042386020944
0,patch_2_0,512,768,0,256,65536,MSAVI,0.0,65536,,,,
0,patch_2_0,512,768,0,256,65536,NDVI,0.0,0,0,0.0,0,0.009808042386020944
0,patch_2_1,512,768,256,512,65536,MSAVI,0.0,65536,,,,
0,patch_2_1,512,768,256,512,65536,NDVI,0.0,0,0,0.0,0,0.009808042386020944
0,patch_2_2,512,768,512,768,65536,MSAVI,0.0,65536,,,,
0,patch_2_2,512,768,512,768,65536,NDVI,0.0,0,0,0.0,0,0.009808042386020944
0,patch_2_3,512,768,768,1024,65536,MSAVI,0.0,65536,,,,
0,patch_2_3,512,768,768,1024,65536,NDVI,0.0,0,0,0.0,0,0.009808042386020944
0,patch_2_4,512,768,1024,1280,65536,MSAVI,0.0,65536,,,,
0,patch_2_4,512,768,1024,1280,65536,NDVI,0.0,0,0,0.0,0,0.009808042386020944
0,patch_2_5,512,768,1280,1536,65536,MSAVI,0.0,65536,,,,
0,patch_2_5,512,768,1280,1536,65536,NDVI,0.0,0,0,0.0,0,0.009808042386020944
0,patch_2_6,512,768,1536,1792,65536,MSAVI,0.0,65536,,,,
0,patch_2_6,512,768,1536,1792,65536,NDVI,0.0,0,0,0.0,0,0.009808042386020944
0,patch_2_7,512,768,1792,2048,65536,MSAVI,0.0,65536,,,,
0,patch_2_7,512,768,1792,2048,65536,NDVI,0.0,0,0,0.0,0,0.009808042386020944
0,patch_2_9,512,768,2304,2560,65536,MSAVI,-0.08203125,32501,,,,
0,patch_2_9,512,768,2304,2560,65536,NDVI,-0.99609375,33035,19866,0.009273092907648453,22785,0.019744279985749513
0,patch_2_10,512,768,2560,2816,65536,MSAVI,-0.22265625,31555,,,,
0,patch_2_10,512,768,2560,2816,65536,NDVI,-0.99609375,33981,8432,0.0018592320887205332,19316,0.014585760010485116
0,patch_2_11,512,768,2816,3072,65536,MSAVI,-0.01953125,32450,,,,
0,patch_2_11,512,768,2816,3072,65536,NDVI,-0.99609375,33086,15631,0.005861217451892567,21498,0.018809891292477426
0,patch_2_12,512,768,3072,3328,65536,MSAVI,-0.08984375,32725,,,,
0,patch_2_12,512,768,3072,3328,65536,NDVI,-0.99609375,32811,11433,0.003481503784876064,18773,0.013352349918658163
0,patch_2_13,512,768,3328,3584,65536,MSAVI,-0.06640625,33900,,,,
0,patch_2_13,512,768,3328,3584,65536,NDVI,-0.99609375,31636,8380,0.005917244335568214,12889,0.012691351160170034
0,patch_2_14,512,768,3584,3840,65536,MSAVI,-0.21484375,36831,,,,
0,patch_2_14,512,768,3584,3840,65536,NDVI,-0.99609375,28705,5967,0.0073184671334130535,9607,0.016238451969708856
0,patch_2_15,512,768,3840,4096,65536,MSAVI,-0.19140625,36297,,,,
0,patch_2_15,512,768,3840,4096,65536,NDVI,-0.99609375,29239,10997,0.009761773961245154,65536,0.01604082846566271
0,patch_2_16,512,768,4096,4352,65536,MSAVI,-0.12109375,36468,,,,
0,patch_2_16,512,768,4096,4352,65536,NDVI,-0.99609375,29068,6907,0.0081599826985084,11089,0.016616342592438466
0,patch_2_17,512,768,4352,4608,65536,MSAVI,-0.12109375,34874,,,,
0,patch_2_17,512,768,4352,4608,65536,NDVI,-0.99609375,30662,11049,0.007422801648594338,13278,0.015499586730929188
0,patch_2_18,512,768,4608,4864,65536,MSAVI,-0.07421875,37529,,,,
0,patch_2_18,512,768,4608,4864,65536,NDVI,-0.99609375,28007,11075,0.012344725276769553,12761,0.01858666165476397
0,patch_2_19,512,768,4864,5120,65536,MSAVI,-0.17578125,38491,,,,
0,patch_2_19,512,768,4864,5120,65536,NDVI,-0.99609375,27045,6651,0.010636495422088,8369,0.017244058743137614
0,patch_2_20,512,768,5120,5376,65536,MSAVI,-0.04296875,37971,,,,
0,patch_2_20,512,768,5120,5376,65536,NDVI,-0.99609375,27565,11912,0.010429198229217548,65476,0.01648279475506126
0,patch_2_25,512,768,6400,6656,65536,MSAVI,0.0,65536,,,,
0,patch_2_25,512,768,6400,6656,65536,NDVI,0.0,0,0,0.0,0,0.009808042386020944
0,patch_2_26,512,768,6656,6912,65536,MSAVI,0.0,65536,,,,
0,patch_2_26,512,768,6656,6912,65536,NDVI,0.0,0,0,0.0,0,0.009808042386020944
0,patch_2_27,512,768,6912,7168,65536,MSAVI,0.0,65536,,,,
0,patch_2_27,512,768,6912,7168,65536,NDVI,0.0,0,0,0.0,0,0.009808042386020944
0,patch_2_28,512,768,7168,7424,65536,MSAVI,0.0,65536,,,,
0,patch_2_28,512,768,7168,7424,65536,NDVI,0.0,0,0,0.0,0,0.009808042386020944
0,patch_2_29,512,768,7424,7680,65536,MSAVI,0.0,65536,,,,
0,patch_2_29,512,768,7424,7680,65536,NDVI,0.0,0,0,0.0,0,0.009808042386020944
0,patch_2_30,512,768,7680,7936,65536,MSAVI,0.0,65536,,,,
0,patch_2_30,512,768,7680,7936,65536,NDVI,0.0,0,0,0.0,0,0.009808042386020944
0,patch_2_31,512,768,7936,8192,65536,MSAVI,0.0,65536,,,,
0,patch_2_31,512,768,7936,8192,65536,NDVI,0.0,0,0,0.0,0,0.009808042386020944
0,patch_2_32,512,768,8192,8448,65536,MSAVI,0.0,65536,,,,
0,patch_2_32,512,768,8192,8448,65536,NDVI,0.0,0,0,0.0,0,0.009808042386020944
0,patch_2_33,512,768,8448,8704,65536,MSAVI,0.0,65536,,,,
0,patch_2_33,512,768,8448,8704,65536,NDVI,0.0,0,0,0.0,0,0.009808042386020944
0,patch_3_0,768,1024,0,256,65536,MSAVI,0.0,65536,,,,
0,patch_3_0,768,1024,0,256,65536,NDVI,0.0,0,0,0.0,0,0.009808042386020944
0,patch_3_1,768,1024,256,512,65536,MSAVI,0.0,65536,,,,
0,patch_3_1,768,1024,256,512,65536,NDVI,0.0,0,0,0.0,0,0.009808042386020944
0,patch_3_2,768,1024,512,768,65536,MSAVI,0.0,65536,,,,
0,patch_3_2,768,1024,512,768,65536,NDVI,0.0,0,0,0.0,0,0.009808042386020944
0,patch_3_3,768,1024,768,1024,65536,MSAVI,0.0,65536,,,,
0,patch_3_3,768,1024,768,1024,65536,NDVI,0.0,0,0,0.0,0,0.009808042386020944
0,patch_3_4,768,1024,1024,1280,65536,MSAVI,0.0,65536,,,,
0,patch_3_4,768,1024,1024,1280,65536,NDVI,0.0,0,0,0.0,0,0.009808042386020944
0,patch_3_5,768,1024,1280,1536,65536,MSAVI,0.0,65536,,,,
0,patch_3_5,768,1024,1280,1536,65536,NDVI,0.0,0,0,0.0,0,0.009808042386020944
0,patch_3_6,768,1024,1536,1792,65536,MSAVI,0.0,65536,,,,
0,patch_3_6,768,1024,1536,1792,65536,NDVI,0.0,0,0,0.0,0,0.009808042386020944
0,patch_3_9,768,1024,2304,2560,65536,MSAVI,-0.08984375,34112,,,,
0,patch_3_9,768,1024,2304,2560,65536,NDVI,-0.99609375,31424,14848,0.008344696630944337,65536,0.01754092986428188
0,patch_3_10,768,1024,2560,2816,65536,MSAVI,0.01171875,36540,,,,
0,patch_3_10,768,1024,2560,2816,65536,NDVI,-0.99609375,28996,14307,0.012171599319494908,17010,0.01855978637762659
0,patch_3_11,768,1024,2816,3072,65536,MSAVI,-0.22265625,37666,,,,
0,patch_3_11,768,1024,2816,3072,65536,NDVI,-0.58984375,27869,8111,0.01055501817666854,12617,0.02004885798104486
0,patch_3_12,768,1024,3072,3328,65536,MSAVI,-0.17578125,33667,,,,
0,patch_3_12,768,1024,3072,3328,65536,NDVI,-0.52734375,31868,12718,0.005064871319175268,19900,0.01632337226336117
0,patch_3_13,768,1024,3328,3584,65536,MSAVI,0.01171875,30072,,,,
0,patch_3_13,768,1024,3328,3584,65536,NDVI,-0.99609375,35464,12989,0.002017946657286232,23338,0.014595460070271876
0,patch_3_14,768,1024,3584,3840,65536,MSAVI,-0.08984375,34999,,,,
0,patch_3_14,768,1024,3584,3840,65536,NDVI,-0.99609375,30537,7053,0.0055350830331351575,13220,0.016116519934827767
0,patch_3_15,768,1024,3840,4096,65536,MSAVI,-0.12109375,36101,,,,
0,patch_3_15,768,1024,3840,4096,65536,NDVI,-0.99609375,29435,14160,0.01478692206517214,65536,0.017995298807854415
0,patch_3_16,768,1024,4096,4352,65536,MSAVI,-0.22265625,36406,,,,
0,patch_3_16,768,1024,4096,4352,65536,NDVI,-0.99609375,29130,12152,0.008369190386395178,14935,0.018240911691892264
0,patch_3_17,768,1024,4352,4608,65536,MSAVI,-0.09765625,37610,,,,
0,patch_3_17,768,1024,4352,4608,65536,NDVI,-0.99609375,27926,9296,0.009362494845962271,12006,0.01778838695087326
0,patch_3_18,768,1024,4608,4864,65536,MSAVI,-0.19140625,38199,,,,
0,patch_3_18,768,1024,4608,4864,65536,NDVI,-0.99609375,27337,15572,0.015453108158976436,15830,0.02057163294731701
0,patch_3_19,768,1024,4864,5120,65536,MSAVI,-0.18359375,35110,,,,
0,patch_3_19,768,1024,4864,5120,65536,NDVI,-0.99609375,30426,11434,0.007207374560965929,15597,0.01813461233025296
0,patch_3_20,768,1024,5120,5376,65536,MSAVI,-0.08984375,36303,,,,
0,patch_3_20,768,1024,5120,5376,65536,NDVI,-0.48046875,29233,14249,0.011283462920977413,15540,0.018025524060680226
0,patch_3_21,768,1024,5376,5632,65536,MSAVI,-0.11328125,39268,,,,
0,patch_3_21,768,1024,5376,5632,65536,NDVI,-0.99609375,26268,4324,0.010536692554255073,5923,0.016950965540621643
0,patch_3_22,768,1024,5632,5888,65536,MSAVI,-0.12890625,38815,,,,
0,patch_3_22,768,1024,5632,5888,65536,NDVI,-0.99609375,26721,8318,0.010765871169426039,8715,0.016301150018892457
0,patch_3_23,768,1024,5888,6144,65536,MSAVI,0.03515625,31724,,,,
0,patch_3_23,768,1024,5888,6144,65536,NDVI,-0.99609375,33812,11082,0.002345405927994454,18425,0.012632936918981763
0,patch_3_28,768,1024,7168,7424,65536,MSAVI,0.0,65536,,,,
0,patch_3_28,768,1024,7168,7424,65536,NDVI,0.0,0,0,0.0,0,0.009808042386020944
0,patch_3_29,768,1024,7424,7680,65536,MSAVI,0.0,65536,,,,
0,patch_3_29,768,1024,7424,7680,65536,NDVI,0.0,0,0,0.0,0,0.009808042386020944
0,patch_3_30,768,1024,7680,7936,65536,MSAVI,0.0,65536,,,,
0,patch_3_30,768,1024,7680,7936,65536,NDVI,0.0,0,0,0.0,0,0.009808042386020944
0,patch_3_31,768,1024,7936,8192,65536,MSAVI,0.0,65536,,,,
0,patch_3_31,768,1024,7936,8192,65536,NDVI,0.0,0,0,0.0,0,0.009808042386020944
0,patch_3_32,768,1024,8192,8448,65536,MSAVI,0.0,65536,,,,
0,patch_3_32,768,1024,8192,8448,65536,NDVI,0.0,0,0,0.0,0,0.009808042386020944
0,patch_3_33,768,1024,8448,8704,65536,MSAVI,0.0,65536,,,,
0,patch_3_33,768,1024,8448,8704,65536,NDVI,0.0,0,0,0.0,0,0.009808042386020944
0,patch_4_0,1024,1280,0,256,65536,MSAVI,0.0,65536,,,,
0,patch_4_0,1024,1280,0,256,65536,NDVI,0.0,0,0,0.0,0,0.009808042386020944
0,patch_4_1,1024,1280,256,512,65536,MSAVI,0.0,65536,,,,
0,patch_4_1,1024,1280,256,512,65536,NDVI,0.0,0,0,0.0,0,0.009808042386020944
0,patch_4_2,1024,1280,512,768,65536,MSAVI,0.0,65536,,,,
0,patch_4_2,1024,1280,512,768,65536,NDVI,0.0,0,0,0.0,0,0.009808042386020944
0,patch_4_3,1024,1280,768,1024,65536,MSAVI,0.0,65536,,,,
0,patch_4_3,1024,1280,768,1024,65536,NDVI,0.0,0,0,0.0,0,0.009808042386020944
0,patch_4_4,1024,1280,1024,1280,65536,MSAVI,0.0,65536,,,,
0,patch_4_4,1024,1280,1024,1280,65536,NDVI,0.0,0,0,0.0,0,0.009808042386020944
0,patch_4_5,1024,1280,1280,1536,65536,MSAVI,0.0,65536,,,,
0,patch_4_5,1024,1280,1280,1536,65536,NDVI,0.0,0,0,0.0,0,0.009808042386020944
0,patch_4_6,1024,1280,1536,1792,65536,MSAVI,0.0,65536,,,,
0,patch_4_6,1024,1280,1536,1792,65536,NDVI,0.0,0,0,0.0,0,0.009808042386020944
0,patch_4_8,1024,1280,2048,2304,65536,MSAVI,-0.10546875,35194,,,,
0,patch_4_8,1024,1280,2048,2304,65536,NDVI,-0.99609375,30342,12132,0.007435651097550081,15118,0.01652888550938167
0,patch_4_9,1024,1280,2304,2560,65536,MSAVI,-0.16015625,39308,,,,
0,patch_4_9,1024,1280,2304,2560,65536,NDVI,-0.99609375,26228,13813,0.01725706530529844,65536,0.02210824242897999
0,patch_4_10,1024,1280,2560,2816,65536,MSAVI,-0.18359375,37384,,,,
0,patch_4_10,1024,1280,2560,2816,65536,NDVI,-0.99609375,28152,9708,0.008829594244769201,65536,0.017526947110723223
0,patch_4_11,1024,1280,2816,3072,65536,MSAVI,-0.13671875,35372,,,,
0,patch_4_11,1024,1280,2816,3072,65536,NDVI,-0.99609375,30164,6174,0.006598888844861234,10185,0.014046174382194937
0,patch_4_12,1024,1280,3072,3328,65536,MSAVI,-0.09765625,36858,,,,
0,patch_4_12,1024,1280,3072,3328,65536,NDVI,-0.99609375,28678,7361,0.007199584850265492,10823,0.0165065605999834
0,patch_4_13,1024,1280,3328,3584,65536,MSAVI,-0.15234375,37228,,,,
0,patch_4_13,1024,1280,3328,3584,65536,NDVI,-0.99609375,28308,14895,0.012282188113720352,15292,0.020500918498803616
0,patch_4_14,1024,1280,3584,3840,65536,MSAVI,-0.16015625,35846,,,,
0,patch_4_14,1024,1280,3584,3840,65536,NDVI,-0.99609375,29690,12771,0.009280909521373878,15779,0.01951980979336579
0,patch_4_15,1024,1280,3840,4096,65536,MSAVI,-0.10546875,34362,,,,
0,patch_4_15,1024,1280,3840,4096,65536,NDVI,-0.99609375,31174,11544,0.006684697877001558,16645,0.01637252864636085
0,patch_4_16,1024,1280,4096,4352,65536,MSAVI,-0.00390625,35478,,,,
0,patch_4_16,1024,1280,4096,4352,65536,NDVI,-0.99609375,30058,7194,0.006639134920944534,10962,0.014695513693736922
0,patch_4_17,1024,1280,4352,4608,65536,MSAVI,-0.15234375,38610,,,,
0,patch_4_17,1024,1280,4352,4608,65536,NDVI,-0.99609375,26926,11462,0.011830489033627045,13553,0.02072385350739664
0,patch_4_18,1024,1280,4608,4864,65536,MSAVI,-0.18359375,35968,,,,
0,patch_4_18,1024,1280,4608,4864,65536,NDVI,-0.99609375,29568,10838,0.008050403948339044,15140,0.018418409339421515
0,patch_4_19,1024,1280,4864,5120,65536,MSAVI,-0.02734375,30253,,,,
0,patch_4_19,1024,1280,4864,5120,65536,NDVI,-0.99609375,35283,9288,0.0011918371173727377,18074,0.011639726534744987
0,patch_4_20,1024,1280,5120,5376,65536,MSAVI,-0.07421875,31974,,,,
0,patch_4_20,1024,1280,5120,5376,65536,NDVI,-0.99609375,33562,9439,0.0033975164867786067,18254,0.013454388402326795
0,patch_4_21,1024,1280,5376,5632,65536,MSAVI,-0.19921875,42437,,,,
0,patch_4_21,1024,1280,5376,5632,65536,NDVI,-0.99609375,23099,9765,0.01786464160014839,9541,0.02194406157458373
0,patch_4_22,1024,1280,5632,5888,65536,MSAVI,-0.16015625,40590,,,,
0,patch_4_22,1024,1280,5632,5888,65536,NDVI,-0.99609375,24946,9382,0.013135294533998018,10259,0.020968680420082098
0,patch_4_23,1024,1280,5888,6144,65536,MSAVI,-0.08203125,34439,,,,
0,patch_4_23,1024,1280,5888,6144,65536,NDVI,-0.99609375,31097,14883,0.007820605589006033,17202,0.016122087086408943
0,patch_4_24,1024,1280,6144,6400,65536,MSAVI,-0.13671875,36310,,,,
0,patch_4_24,1024,1280,6144,6400,65536,NDVI,-0.99609375,29226,10733,0.008880968477442741,13008,0.015762736913623954
0,patch_4_25,1024,1280,6400,6656,65536,MSAVI,-0.19921875,35706,,,,
0,patch_4_25,1024,1280,6400,6656,65536,NDVI,-0.99609375,29830,12523,0.009068024530862306,13284,0.014469272231079272
0,patch_4_26,1024,1280,6656,6912,65536,MSAVI,-0.16796875,34680,,,,
0,patch_4_26,1024,1280,6656,6912,65536,NDVI,-0.99609375,30856,9106,0.0060885613617747275,13718,0.01495497472036561
0,patch_4_31,1024,1280,7936,8192,65536,MSAVI,0.0,65536,,,,
0,patch_4_31,1024,1280,7936,8192,65536,NDVI,0.0,0,0,0.0,0,0.009808042386020944
0,patch_4_32,1024,1280,8192,8448,65536,MSAVI,0.0,65536,,,,
0,patch_4_32,1024,1280,8192,8448,65536,NDVI,0.0,0,0,0.0,0,0.009808042386020944
0,patch_4_33,1024,1280,8448,8704,65536,MSAVI,0.0,65536,,,,
0,patch_4_33,1024,1280,8448,8704,65536,NDVI,0.0,0,0,0.0,0,0.009808042386020944
0,patch_5_0,1280,1536,0,256,65536,MSAVI,0.0,65536,,,,
0,patch_5_0,1280,1536,0,256,65536,NDVI,0.0,0,0,0.0,0,0.009808042386020944
0,patch_5_1,1280,1536,256,512,65536,MSAVI,0.0,65536,,,,
0,patch_5_1,1280,1536,256,512,65536,NDVI,0.0,0,0,0.0,0,0.009808042386020944
0,patch_5_2,1280,1536,512,768,65536,MSAVI,0.0,65536,,,,
0,patch_5_2,1280,1536,512,768,65536,NDVI,0.0,0,0,0.0,0,0.009808042386020944
0,patch_5_3,1280,1536,768,1024,65536,MSAVI,0.0,65536,,,,
0,patch_5_3,1280,1536,768,1024,65536,NDVI,0.0,0,0,0.0,0,0.009808042386020944
0,patch_5_4,1280,1536,1024,1280,65536,MSAVI,0.0,65536,,,,
0,patch_5_4,1280,1536,1024,1280,65536,NDVI,0.0,0,0,0.0,0,0.009808042386020944
0,patch_5_5,1280,1536,1280,1536,65536,MSAVI,0.0,65536,,,,
0,patch_5_5,1280,1536,1280,1536,65536,NDVI,0.0,0,0,0.0,0,0.009808042386020944
0,patch_5_6,1280,1536,1536,1792,65536,MSAVI,0.0,65536,,,,
0,patch_5_6,1280,1536,1536,1792,65536,NDVI,0.0,0,0,0.0,0,0.009808042386020944
0,patch_5_8,1280,1536,2048,2304,65536,MSAVI,0.00390625,33662,,,,
0,patch_5_8,1280,1536,2048,2304,65536,NDVI,-0.51953125,31871,17692,0.0069341359439546585,21726,0.01937197273686936
0,patch_5_9,1280,1536,2304,2560,65536,MSAVI,-0.08203125,36150,,,,
0,patch_5_9,1280,1536,2304,2560,65536,NDVI,-0.99609375,29386,9823,0.008023007061375959,13167,0.016477826521664157
0,patch_5_10,1280,1536,2560,2816,65536,MSAVI,-0.13671875,37299,,,,
0,patch_5_10,1280,1536,2560,2816,65536,NDVI,-0.99609375,28237,7367,0.00943758415697421,8700,0.014575408990119859
0,patch_5_11,1280,1536,2816,3072,65536,MSAVI,-0.09765625,36609,,,,
0,patch_5_11,1280,1536,2816,3072,65536,NDVI,-0.99609375,28927,10240,0.009381759023760275,11922,0.01564354117350844
0,patch_5_12,1280,1536,3072,3328,65536,MSAVI,-0.19921875,36763,,,,
0,patch_5_12,1280,1536,3072,3328,65536,NDVI,-0.99609375,28773,4141,0.0082228130031103,7996,0.015491873787803617
0,patch_5_13,1280,1536,3328,3584,65536,MSAVI,-0.07421875,34584,,,,
0,patch_5_13,1280,1536,3328,3584,65536,NDVI,-0.99609375,30952,11789,0.0051647813435877765,17486,0.015507083461039961
0,patch_5_14,1280,1536,3584,3840,65536,MSAVI,-0.23046875,36486,,,,
0,patch_5_14,1280,1536,3584,3840,65536,NDVI,-0.99609375,29050,12449,0.011743084684575578,14310,0.01953112793352793
0,patch_5_15,1280,1536,3840,4096,65536,MSAVI,-0.05078125,34353,,,,
0,patch_5_15,1280,1536,3840,4096,65536,NDVI,-0.99609375,31183,9810,0.005940856348465057,15433,0.015576201198777506
0,patch_5_16,1280,1536,4096,4352,65536,MSAVI,0.02734375,31285,,,,
0,patch_5_16,1280,1536,4096,4352,65536,NDVI,-0.99609375,34251,10874,0.003104734617892471,18296,0.013392336077267447
0,patch_5_17,1280,1536,4352,4608,65536,MSAVI,-0.19921875,30979,,,,
0,patch_5_17,1280,1536,4352,4608,65536,NDVI,-0.99609375,34557,17461,0.005280034857901766,23690,0.015910908756637032
0,patch_5_18,1280,1536,4608,4864,65536,MSAVI,-0.10546875,34563,,,,
0,patch_5_18,1280,1536,4608,4864,65536,NDVI,-0.99609375,30973,12388,0.007332114326432743,18793,0.017771647706975757
0,patch_5_19,1280,1536,4864,5120,65536,MSAVI,-0.09765625,34678,,,,
0,patch_5_19,1280,1536,4864,5120,65536,NDVI,-0.99609375,30858,11007,0.007365614179703758,13929,0.015398570071396972
0,patch_5_20,1280,1536,5120,5376,65536,MSAVI,-0.05078125,31735,,,,
0,patch_5_20,1280,1536,5120,5376,65536,NDVI,-0.99609375,33801,16613,0.005783884124427763,23601,0.019118225158563623
0,patch_5_21,1280,1536,5376,5632,65536,MSAVI,-0.06640625,32531,,,,
0,patch_5_21,1280,1536,5376,5632,65536,NDVI,-0.99609375,33005,27778,0.017623402862324,65459,0.025037026788404637
0,patch_5_22,1280,1536,5632,5888,65536,MSAVI,0.02734375,33166,,,,
0,patch_5_22,1280,1536,5632,5888,65536,NDVI,-0.99609375,32370,16347,0.009361509661798606,17257,0.01636204926797402
0,patch_5_23,1280,1536,5888,6144,65536,MSAVI,-0.11328125,41900,,,,
0,patch_5_23,1280,1536,5888,6144,65536,NDVI,-0.99609375,23636,9062,0.01543498634816659,65536,0.02271939613200455
0,patch_5_24,1280,1536,6144,6400,65536,MSAVI,-0.16796875,34737,,,,
0,patch_5_24,1280,1536,6144,6400,65536,NDVI,-0.99609375,30799,7882,0.006859235885729592,10701,0.01442117852674965
0,patch_5_25,1280,1536,6400,6656,65536,MSAVI,-0.09765625,32752,,,,
0,patch_5_25,1280,1536,6400,6656,65536,NDVI,-0.99609375,32784,14272,0.007025808177163043,19351,0.017025977786080254
0,patch_5_26,1280,1536,6656,6912,65536,MSAVI,-0.09765625,33899,,,,
0,patch_5_26,1280,1536,6656,6912,65536,NDVI,-0.99609375,31637,9719,0.005572161594576949,14566,0.012781480842930432
0,patch_5_27,1280,1536,6912,7168,65536,MSAVI,-0.03515625,36354,,,,
0,patch_5_27,1280,1536,6912,7168,65536,NDVI,-0.99609375,29182,10238,0.008034389065678813,12048,0.01530369035692436
0,patch_5_28,1280,1536,7168,7424,65536,MSAVI,-0.20703125,39696,,,,
0,patch_5_28,1280,1536,7168,7424,65536,NDVI,-0.99609375,25840,5511,0.010538233838161437,6432,0.01804306522265972
0,patch_5_29,1280,1536,7424,7680,65536,MSAVI,-0.21484375,46671,,,,
0,patch_5_29,1280,1536,7424,7680,65536,NDVI,-0.99609375,18865,7940,0.024004864898251432,65536,0.028844933424822666
0,patch_6_0,1536,1792,0,256,65536,MSAVI,0.0,65536,,,,
0,patch_6_0,1536,1792,0,256,65536,NDVI,0.0,0,0,0.0,0,0.009808042386020944
0,patch_6_1,1536,1792,256,512,65536,MSAVI,0.0,65536,,,,
0,patch_6_1,1536,1792,256,512,65536,NDVI,0.0,0,0,0.0,0,0.009808042386020944
0,patch_6_2,1536,1792,512,768,65536,MSAVI,0.0,65536,,,,
0,patch_6_2,1536,1792,512,768,65536,NDVI,0.0,0,0,0.0,0,0.009808042386020944
0,patch_6_3,1536,1792,768,1024,65536,MSAVI,0.0,65536,,,,
0,patch_6_3,1536,1792,768,1024,65536,NDVI,0.0,0,0,0.0,0,0.009808042386020944
0,patch_6_4,1536,1792,1024,1280,65536,MSAVI,0.0,65536,,,,
0,patch_6_4,1536,1792,1024,1280,65536,NDVI,0.0,0,0,0.0,0,0.009808042386020944
0,patch_6_5,1536,1792,1280,1536,65536,MSAVI,0.0,65536,,,,
0,patch_6_5,1536,1792,1280,1536,65536,NDVI,0.0,0,0,0.0,0,0.009808042386020944
0,patch_6_8,1536,1792,2048,2304,65536,MSAVI,0.01953125,34626,,,,
0,patch_6_8,1536,1792,2048,2304,65536,NDVI,-0.99609375,30910,18625,0.015369548218486781,18992,0.01947052869296667
0,patch_6_9,1536,1792,2304,2560,65536,MSAVI,-0.10546875,34505,,,,
0,patch_6_9,1536,1792,2304,2560,65536,NDVI,-0.99609375,31031,18016,0.010070635645010456,20496,0.01997405577580133
0,patch_6_10,1536,1792,2560,2816,65536,MSAVI,-0.10546875,34530,,,,
0,patch_6_10,1536,1792,2560,2816,65536,NDVI,-0.99609375,31006,16646,0.00810037546962293,20348,0.018194582374856993
0,patch_6_11,1536,1792,2816,3072,65536,MSAVI,-0.12890625,35952,,,,
0,patch_6_11,1536,1792,2816,3072,65536,NDVI,-0.99609375,29584,8032,0.008345955921204046,12391,0.01819820668176758
0,patch_6_12,1536,1792,3072,3328,65536,MSAVI,-0.16015625,36762,,,,
0,patch_6_12,1536,1792,3072,3328,65536,NDVI,-0.99609375,28774,5132,0.006704159818136574,9149,0.014525735087724617
0,patch_6_13,1536,1792,3328,3584,65536,MSAVI,-0.05078125,40984,,,,
0,patch_6_13,1536,1792,3328,3584,65536,NDVI,-0.99609375,24552,7302,0.015650515653721664,8417,0.021369512058622114
0,patch_6_14,1536,1792,3584,3840,65536,MSAVI,-0.21484375,38040,,,,
0,patch_6_14,1536,1792,3584,3840,65536,NDVI,-0.99609375,27496,11273,0.014837274934539638,12123,0.020860913871278447
0,patch_6_15,1536,1792,3840,4096,65536,MSAVI,-0.00390625,31220,,,,
0,patch_6_15,1536,1792,3840,4096,65536,NDVI,-0.99609375,34316,12084,0.0018614322233481279,22850,0.015138155124422209
0,patch_6_16,1536,1792,4096,4352,65536,MSAVI,-0.16796875,36370,,,,
0,patch_6_16,1536,1792,4096,4352,65536,NDVI,-0.99609375,29166,11299,0.00969873256886876,12979,0.01813198409266098
0,patch_6_17,1536,1792,4352,4608,65536,MSAVI,-0.17578125,37777,,,,
0,patch_6_17,1536,1792,4352,4608,65536,NDVI,-0.99609375,27759,15839,0.013155423619774204,17536,0.02120379064620409
0,patch_6_18,1536,1792,4608,4864,65536,MSAVI,0.02734375,34730,,,,
0,patch_6_18,1536,1792,4608,4864,65536,NDVI,-0.99609375,30806,9190,0.005102881273144552,13489,0.015144855656064438
0,patch_6_19,1536,1792,4864,5120,65536,MSAVI,-0.08203125,37840,,,,
0,patch_6_19,1536,1792,4864,5120,65536,NDVI,-0.99609375,27696,8502,0.011199869336377191,10436,0.01852494766543955
0,patch_6_20,1536,1792,5120,5376,65536,MSAVI,-0.16015625,37857,,,,
0,patch_6_20,1536,1792,5120,5376,65536,NDVI,-0.99609375,27679,10376,0.01162466067876955,11981,0.019831874705850433
0,patch_6_21,1536,1792,5376,5632,65536,MSAVI,-0.07421875,35328,,,,
0,patch_6_21,1536,1792,5376,5632,65536,NDVI,-0.99609375,30208,14041,0.008445341365422548,18068,0.02033465266228568
0,patch_6_22,1536,1792,5632,5888,65536,MSAVI,-0.14453125,33778,,,,
0,patch_6_22,1536,1792,5632,5888,65536,NDVI,-0.51953125,31758,7430,0.006208754043477427,12327,0.014176394695709804
0,patch_6_23,1536,1792,5888,6144,65536,MSAVI,-0.02734375,33189,,,,
0,patch_6_23,1536,1792,5888,6144,65536,NDVI,-0.99609375,32347,6750,0.004454848714954468,10650,0.012389486761355983
0,patch_6_24,1536,1792,6144,6400,65536,MSAVI,-0.14453125,36511,,,,
0,patch_6_24,1536,1792,6144,6400,65536,NDVI,-0.99609375,29025,8539,0.009484438208593293,9967,0.017089647062920155
0,patch_6_25,1536,1792,6400,6656,65536,MSAVI,-0.10546875,36192,,,,
0,patch_6_25,1536,1792,6400,6656,65536,NDVI,-0.99609375,29344,8500,0.009118136678645583,9271,0.017373890653785334
0,patch_6_26,1536,1792,6656,6912,65536,MSAVI,-0.05859375,33898,,,,
0,patch_6_26,1536,1792,6656,6912,65536,NDVI,-0.99609375,31638,8608,0.004998126704400044,11261,0.011166955782137417
0,patch_6_27,1536,1792,6912,7168,65536,MSAVI,-0.14453125,35718,,,,
0,patch_6_27,1536,1792,6912,7168,65536,NDVI,-0.99609375,29818,5761,0.005709389544316212,9672,0.015222675671024838
0,patch_6_28,1536,1792,7168,7424,65536,MSAVI,-0.19921875,38609,,,,
0,patch_6_28,1536,1792,7168,7424,65536,NDVI,-0.99609375,26927,4545,0.01024609926461223,6379,0.015843680193989823
0,patch_6_29,1536,1792,7424,7680,65536,MSAVI,-0.18359375,39476,,,,
0,patch_6_29,1536,1792,7424,7680,65536,NDVI,-0.99609375,26060,7224,0.011340570007602052,8192,0.01921471828145016
0,patch_6_30,1536,1792,7680,7936,65536,MSAVI,-0.20703125,41277,,,,
0,patch_6_30,1536,1792,7680,7936,65536,NDVI,-0.99609375,24259,7759,0.012622911276009438,8386,0.0205394800086334
0,patch_6_31,1536,1792,7936,8192,65536,MSAVI,-0.14453125,41400,,,,
0,patch_6_31,1536,1792,7936,8192,65536,NDVI,-0.99609375,24136,3356,0.01414922579311502,4847,0.02204440188109219
0,patch_6_32,1536,1792,8192,8448,65536,MSAVI,-0.22265625,39397,,,,
0,patch_6_32,1536,1792,8192,8448,65536,NDVI,-0.99609375,26139,5537,0.010901295867527139,6627,0.017914074241477146
0,patch_7_0,1792,2048,0,256,65536,MSAVI,0.0,65536,,,,
0,patch_7_0,1792,2048,0,256,65536,NDVI,0.0,0,0,0.0,0,0.009808042386020944
0,patch_7_1,1792,2048,256,512,65536,MSAVI,0.0,65536,,,,
0,patch_7_1,1792,2048,256,512,65536,NDVI,0.0,0,0,0.0,0,0.009808042386020944
0,patch_7_2,1792,2048,512,768,65536,MSAVI,0.0,65536,,,,
0,patch_7_2,1792,2048,512,768,65536,NDVI,0.0,0,0,0.0,0,0.009808042386020944
0,patch_7_3,1792,2048,768,1024,65536,MSAVI,0.0,65536,,,,
0,patch_7_3,1792,2048,768,1024,65536,NDVI,0.0,0,0,0.0,0,0.009808042386020944
0,patch_7_4,1792,2048,1024,1280,65536,MSAVI,0.0,65536,,,,
0,patch_7_4,1792,2048,1024,1280,65536,NDVI,0.0,0,0,0.0,0,0.009808042386020944
0,patch_7_5,1792,2048,1280,1536,65536,MSAVI,0.0,65536,,,,
0,patch_7_5,1792,2048,1280,1536,65536,NDVI,0.0,0,0,0.0,0,0.009808042386020944
0,patch_7_7,1792,2048,1792,2048,65536,MSAVI,-0.20703125,41718,,,,
0,patch_7_7,1792,2048,1792,2048,65536,NDVI,-0.99609375,23818,10802,0.01695963228319125,10714,0.025588945089323217
0,patch_7_8,1792,2048,2048,2304,65536,MSAVI,-0.19140625,37407,,,,
0,patch_7_8,1792,2048,2048,2304,65536,NDVI,-0.99609375,28129,8318,0.010039946337481842,9982,0.015932378864165597
0,patch_7_9,1792,2048,2304,2560,65536,MSAVI,0.07421875,38184,,,,
0,patch_7_9,1792,2048,2304,2560,65536,NDVI,-0.99609375,27352,9800,0.011230973384135784,11061,0.016640102657375228
0,patch_7_10,1792,2048,2560,2816,65536,MSAVI,0.08203125,34166,,,,
0,patch_7_10,1792,2048,2560,2816,65536,NDVI,-0.55078125,31369,9603,0.005730089949840408,13961,0.01439718956902833
0,patch_7_11,1792,2048,2816,3072,65536,MSAVI,-0.10546875,34743,,,,
0,patch_7_11,1792,2048,2816,3072,65536,NDVI,-0.99609375,30793,9250,0.0069916634807498795,12836,0.015549096489738873
0,patch_7_12,1792,2048,3072,3328,65536,MSAVI,-0.27734375,39629,,,,
0,patch_7_12,1792,2048,3072,3328,65536,NDVI,-0.99609375,25907,5883,0.010805553836347778,7353,0.0172948640762714
0,patch_7_13,1792,2048,3328,3584,65536,MSAVI,-0.34765625,41155,,,,
0,patch_7_13,1792,2048,3328,3584,65536,NDVI,-0.99609375,24381,11960,0.017858351813375084,12020,0.02253846518289343
0,patch_7_14,1792,2048,3584,3840,65536,MSAVI,-0.15234375,36642,,,,
0,patch_7_14,1792,2048,3584,3840,65536,NDVI,-0.99609375,28894,4173,0.007376026848405881,6972,0.013817577831252342
0,patch_7_15,1792,2048,3840,4096,65536,MSAVI,-0.08984375,35963,,,,
0,patch_7_15,1792,2048,3840,4096,65536,NDVI,-0.99609375,29573,4751,0.007656853316370588,7845,0.015488012619978508
0,patch_7_16,1792,2048,4096,4352,65536,MSAVI,-0.24609375,39558,,,,
0,patch_7_16,1792,2048,4096,4352,65536,NDVI,-0.99609375,25978,3100,0.01108293797139294,4711,0.01829497101131039
0,patch_7_17,1792,2048,4352,4608,65536,MSAVI,-0.10546875,36186,,,,
0,patch_7_17,1792,2048,4352,4608,65536,NDVI,-0.99609375,29350,6842,0.00692091176110779,10094,0.016132325114215612
0,patch_7_18,1792,2048,4608,4864,65536,MSAVI,-0.08984375,34107,,,,
0,patch_7_18,1792,2048,4608,4864,65536,NDVI,-0.99609375,31429,9653,0.004471832992785307,13775,0.011737509911676824
0,patch_7_19,1792,2048,4864,5120,65536,MSAVI,-0.14453125,32156,,,,
0,patch_7_19,1792,2048,4864,5120,65536,NDVI,-0.99609375,33380,6557,0.0023747418561668177,15535,0.01377264296102615
0,patch_7_20,1792,2048,5120,5376,65536,MSAVI,-0.07421875,38042,,,,
0,patch_7_20,1792,2048,5120,5376,65536,NDVI,-0.99609375,27494,9496,0.010888998182411319,12801,0.020187371066782228
0,patch_7_21,1792,2048,5376,5632,65536,MSAVI,-0.19140625,39416,,,,
0,patch_7_21,1792,2048,5376,5632,65536,NDVI,-0.99609375,26120,6235,0.011410242649198932,8187,0.01987775675538192
0,patch_7_22,1792,2048,5632,5888,65536,MSAVI,-0.07421875,33235,,,,
0,patch_7_22,1792,2048,5632,5888,65536,NDVI,-0.99609375,32301,13736,0.006330434197972495,15401,0.014503408034957088
0,patch_7_23,1792,2048,5888,6144,65536,MSAVI,-0.11328125,35715,,,,
0,patch_7_23,1792,2048,5888,6144,65536,NDVI,-0.99609375,29821,7119,0.006758344021634985,11350,0.015079879774317434
0,patch_7_24,1792,2048,6144,6400,65536,MSAVI,-0.07421875,29644,,,,
0,patch_7_24,1792,2048,6144,6400,65536,NDVI,-0.99609375,35892,13563,0.001654458062991665,26997,0.015695377225150603
0,patch_7_25,1792,2048,6400,6656,65536,MSAVI,-0.08984375,34274,,,,
0,patch_7_25,1792,2048,6400,6656,65536,NDVI,-0.99609375,31262,13188,0.006400258399771028,16307,0.016729646749480576
0,patch_7_26,1792,2048,6656,6912,65536,MSAVI,-0.12109375,32120,,,,
0,patch_7_26,1792,2048,6656,6912,65536,NDVI,-0.99609375,33416,13862,0.0053389551407956315,16321,0.012947656464812274
0,patch_7_27,1792,2048,6912,7168,65536,MSAVI,-0.05078125,34951,,,,
0,patch_7_27,1792,2048,6912,7168,65536,NDVI,-0.99609375,30585,8689,0.007674212542236991,11105,0.015093361670881128
0,patch_7_28,1792,2048,7168,7424,65536,MSAVI,-0.12109375,34624,,,,
0,patch_7_28,1792,2048,7168,7424,65536,NDVI,-0.99609375,30912,10742,0.007565462932934308,13815,0.01510443428209357
0,patch_7_29,1792,2048,7424,7680,65536,MSAVI,-0.14453125,36748,,,,
0,patch_7_29,1792,2048,7424,7680,65536,NDVI,-0.99609375,28788,8108,0.006365687134472414,12619,0.017524436225804324
0,patch_7_30,1792,2048,7680,7936,65536,MSAVI,-0.14453125,40769,,,,
0,patch_7_30,1792,2048,7680,7936,65536,NDVI,-0.99609375,24767,7544,0.013309873655368051,8418,0.022021295500960464
0,patch_7_31,1792,2048,7936,8192,65536,MSAVI,-0.13671875,39939,,,,
0,patch_7_31,1792,2048,7936,8192,65536,NDVI,-0.99609375,25597,14472,0.015868859680067335,15020,0.0259599620150692
0,patch_7_32,1792,2048,8192,8448,65536,MSAVI,-0.16015625,38205,,,,
0,patch_7_32,1792,2048,8192,8448,65536,NDVI,-0.99609375,27331,6288,0.010385868580301341,7318,0.017213840517415313
0,patch_8_0,2048,2304,0,256,65536,MSAVI,0.0,65536,,,,
0,patch_8_0,2048,2304,0,256,65536,NDVI,0.0,0,0,0.0,0,0.009808042386020944
0,patch_8_1,2048,2304,256,512,65536,MSAVI,0.0,65536,,,,
0,patch_8_1,2048,2304,256,512,65536,NDVI,0.0,0,0,0.0,0,0.009808042386020944
0,patch_8_2,2048,2304,512,768,65536,MSAVI,0.0,65536,,,,
0,patch_8_2,2048,2304,512,768,65536,NDVI,0.0,0,0,0.0,0,0.009808042386020944
0,patch_8_3,2048,2304,768,1024,65536,MSAVI,0.0,65536,,,,
0,patch_8_3,2048,2304,768,1024,65536,NDVI,0.0,0,0,0.0,0,0.009808042386020944
0,patch_8_4,2048,2304,1024,1280,65536,MSAVI,0.0,65536,,,,
0,patch_8_4,2048,2304,1024,1280,65536,NDVI,0.0,0,0,0.0,0,0.009808042386020944
0,patch_8_5,2048,2304,1280,1536,65536,MSAVI,0.0,65536,,,,
0,patch_8_5,2048,2304,1280,1536,65536,NDVI,0.0,0,0,0.0,0,0.009808042386020944
0,patch_8_7,2048,2304,1792,2048,65536,MSAVI,-0.25390625,37962,,,,
0,patch_8_7,2048,2304,1792,2048,65536,NDVI,-0.99609375,27574,7005,0.009252063430969334,9515,0.016693287480166713
0,patch_8_8,2048,2304,2048,2304,65536,MSAVI,-0.10546875,38076,,,,
0,patch_8_8,2048,2304,2048,2304,65536,NDVI,-0.99609375,27460,7989,0.010609015869279037,9701,0.019449708496039858
0,patch_8_9,2048,2304,2304,2560,65536,MSAVI,-0.16015625,38972,,,,
0,patch_8_9,2048,2304,2304,2560,65536,NDVI,-0.99609375,26564,6828,0.01047511771948903,8327,0.01855535982461723
0,patch_8_10,2048,2304,2560,2816,65536,MSAVI,-0.13671875,35717,,,,
0,patch_8_10,2048,2304,2560,2816,65536,NDVI,-0.99609375,29819,4348,0.006095020164886222,8000,0.012944225950420524
0,patch_8_11,2048,2304,2816,3072,65536,MSAVI,-0.12109375,34397,,,,
0,patch_8_11,2048,2304,2816,3072,65536,NDVI,-0.99609375,31139,4826,0.004209235892930541,10601,0.013335373159553576
0,patch_8_12,2048,2304,3072,3328,65536,MSAVI,-0.08203125,37771,,,,
0,patch_8_12,2048,2304,3072,3328,65536,NDVI,-0.99609375,27765,7802,0.010875718647664123,9534,0.017688422162082162
0,patch_8_13,2048,2304,3328,3584,65536,MSAVI,-0.18359375,40789,,,,
0,patch_8_13,2048,2304,3328,3584,65536,NDVI,-0.99609375,24747,12822,0.01951143931264289,65536,0.023997941222418773
0,patch_8_14,2048,2304,3584,3840,65536,MSAVI,-0.13671875,37640,,,,
0,patch_8_14,2048,2304,3584,3840,65536,NDVI,-0.99609375,27896,10539,0.01177846566643212,12312,0.019210364648177936
0,patch_8_15,2048,2304,3840,4096,65536,MSAVI,-0.12890625,37949,,,,
0,patch_8_15,2048,2304,3840,4096,65536,NDVI,-0.99609375,27587,12370,0.011040489290032776,13518,0.018985595408343853
0,patch_8_16,2048,2304,4096,4352,65536,MSAVI,-0.12109375,37829,,,,
0,patch_8_16,2048,2304,4096,4352,65536,NDVI,-0.99609375,27707,18833,0.016477697157271348,18863,0.02491751649529622
0,patch_8_17,2048,2304,4352,4608,65536,MSAVI,-0.13671875,33453,,,,
0,patch_8_17,2048,2304,4352,4608,65536,NDVI,-0.99609375,32083,22226,0.00885171966103937,65409,0.019407879435867276
0,patch_8_18,2048,2304,4608,4864,65536,MSAVI,-0.08203125,32102,,,,
0,patch_8_18,2048,2304,4608,4864,65536,NDVI,-0.99609375,33434,7936,0.002001472627548004,16367,0.010835561926153175
0,patch_8_19,2048,2304,4864,5120,65536,MSAVI,-0.12890625,32069,,,,
0,patch_8_19,2048,2304,4864,5120,65536,NDVI,-0.99609375,33467,10356,0.003947757145576963,65536,0.012161223268669863
0,patch_8_20,2048,2304,5120,5376,65536,MSAVI,-0.11328125,36977,,,,
0,patch_8_20,2048,2304,5120,5376,65536,NDVI,-0.99609375,28559,7532,0.008538776355167449,11806,0.015386621036329012
0,patch_8_21,2048,2304,5376,5632,65536,MSAVI,-0.12890625,37825,,,,
0,patch_8_21,2048,2304,5376,5632,65536,NDVI,-0.99609375,27711,5784,0.00905495733575487,8226,0.015526276472633993
0,patch_8_22,2048,2304,5632,5888,65536,MSAVI,-0.16015625,34380,,,,
0,patch_8_22,2048,2304,5632,5888,65536,NDVI,-0.99609375,31156,8178,0.005485302681323856,12342,0.01275265687658969
0,patch_8_23,2048,2304,5888,6144,65536,MSAVI,-0.05859375,35965,,,,
0,patch_8_23,2048,2304,5888,6144,65536,NDVI,-0.99609375,29571,10299,0.010311141365511547,13227,0.018699703371676618
0,patch_8_24,2048,2304,6144,6400,65536,MSAVI,-0.33203125,40179,,,,
0,patch_8_24,2048,2304,6144,6400,65536,NDVI,-0.99609375,25357,11706,0.015465486219735258,10815,0.020279388928187564
0,patch_8_25,2048,2304,6400,6656,65536,MSAVI,-0.09765625,31049,,,,
0,patch_8_25,2048,2304,6400,6656,65536,NDVI,-0.99609375,34487,8615,0.0022428577971819463,16503,0.01224777233221433
0,patch_8_26,2048,2304,6656,6912,65536,MSAVI,-0.02734375,30650,,,,
0,patch_8_26,2048,2304,6656,6912,65536,NDVI,-0.51171875,34885,19290,0.006485826292131999,21002,0.014611408788934188
0,patch_8_27,2048,2304,6912,7168,65536,MSAVI,0.08203125,34911,,,,
0,patch_8_27,2048,2304,6912,7168,65536,NDVI,-0.99609375,30625,7208,0.00568734808963825,10024,0.012823564658115877
0,patch_8_28,2048,2304,7168,7424,65536,MSAVI,-0.29296875,41199,,,,
0,patch_8_28,2048,2304,7168,7424,65536,NDVI,-0.99609375,24337,8654,0.014515817355088265,9490,0.02148365633724547
0,patch_8_29,2048,2304,7424,7680,65536,MSAVI,-0.12109375,32738,,,,
0,patch_8_29,2048,2304,7424,7680,65536,NDVI,-0.99609375,32798,13100,0.00363526053517757,19853,0.013759628577264926
0,patch_8_30,2048,2304,7680,7936,65536,MSAVI,-0.20703125,35973,,,,
0,patch_8_30,2048,2304,7680,7936,65536,NDVI,-0.99609375,29563,15246,0.009496604142430629,15928,0.01962566311743516
0,patch_8_31,2048,2304,7936,8192,65536,MSAVI,-0.33203125,44234,,,,
0,patch_8_31,2048,2304,7936,8192,65536,NDVI,-0.99609375,21302,11100,0.02159209613981805,65536,0.026496750252290202
0,patch_8_32,2048,2304,8192,8448,65536,MSAVI,-0.31640625,40751,,,,
0,patch_8_32,2048,2304,8192,8448,65536,NDVI,-0.99609375,24785,14953,0.017513033453406796,14113,0.023783497228480055
0,patch_8_33,2048,2304,8448,8704,65536,MSAVI,-0.07421875,37113,,,,
0,patch_8_33,2048,2304,8448,8704,65536,NDVI,-0.99609375,28423,4441,0.008331325396221195,5694,0.015935244518907682
0,patch_9_0,2304,2560,0,256,65536,MSAVI,0.0,65536,,,,
0,patch_9_0,2304,2560,0,256,65536,NDVI,0.0,0,0,0.0,0,0.009808042386020944
0,patch_9_1,2304,2560,256,512,65536,MSAVI,0.0,65536,,,,
0,patch_9_1,2304,2560,256,512,65536,NDVI,0.0,0,0,0.0,0,0.009808042386020944
0,patch_9_2,2304,2560,512,768,65536,MSAVI,0.0,65536,,,,
0,patch_9_2,2304,2560,512,768,65536,NDVI,0.0,0,0,0.0,0,0.009808042386020944
0,patch_9_3,2304,2560,768,1024,65536,MSAVI,0.0,65536,,,,
0,patch_9_3,2304,2560,768,1024,65536,NDVI,0.0,0,0,0.0,0,0.009808042386020944
0,patch_9_4,2304,2560,1024,1280,65536,MSAVI,0.0,65536,,,,
0,patch_9_4,2304,2560,1024,1280,65536,NDVI,0.0,0,0,0.0,0,0.009808042386020944
0,patch_9_7,2304,2560,1792,2048,65536,MSAVI,-0.23828125,38645,,,,
0,patch_9_7,2304,2560,1792,2048,65536,NDVI,-0.99609375,26891,6151,0.01032694070863599,8434,0.018861170464170712
0,patch_9_8,2304,2560,2048,2304,65536,MSAVI,-0.11328125,38077,,,,
0,patch_9_8,2304,2560,2048,2304,65536,NDVI,-0.99609375,27459,9327,0.011907862018995047,11289,0.0186605041781579
0,patch_9_9,2304,2560,2304,2560,65536,MSAVI,0.04296875,37396,,,,
0,patch_9_9,2304,2560,2304,2560,65536,NDVI,-0.99609375,28140,7738,0.010033057935131595,10051,0.015377190054839646
0,patch_9_10,2304,2560,2560,2816,65536,MSAVI,-0.17578125,38720,,,,
0,patch_9_10,2304,2560,2560,2816,65536,NDVI,-0.99609375,26816,8255,0.011856325218730701,10264,0.019846311410137707
0,patch_9_11,2304,2560,2816,3072,65536,MSAVI,-0.19921875,40224,,,,
0,patch_9_11,2304,2560,2816,3072,65536,NDVI,-0.99609375,25312,10132,0.0159849934038033,10484,0.022918466832967582
0,patch_9_12,2304,2560,3072,3328,65536,MSAVI,-0.15234375,39520,,,,
0,patch_9_12,2304,2560,3072,3328,65536,NDVI,-0.99609375,26016,8133,0.013047383392047363,9698,0.020566004782363784
0,patch_9_13,2304,2560,3328,3584,65536,MSAVI,-0.03515625,39979,,,,
0,patch_9_13,2304,2560,3328,3584,65536,NDVI,-0.99609375,25557,9644,0.013319686064814568,10271,0.020202760644701723
0,patch_9_14,2304,2560,3584,3840,65536,MSAVI,-0.12890625,34188,,,,
0,patch_9_14,2304,2560,3584,3840,65536,NDVI,-0.99609375,31348,3397,0.0052457091704262715,8392,0.013722023659089172
0,patch_9_15,2304,2560,3840,4096,65536,MSAVI,-0.08203125,35413,,,,
0,patch_9_15,2304,2560,3840,4096,65536,NDVI,-0.99609375,30123,3977,0.007500715823556131,8715,0.015515260477493159
0,patch_9_16,2304,2560,4096,4352,65536,MSAVI,-0.18359375,37672,,,,
0,patch_9_16,2304,2560,4096,4352,65536,NDVI,-0.99609375,27864,11987,0.0116882116769743,13705,0.021103062853272736
0,patch_9_17,2304,2560,4352,4608,65536,MSAVI,0.03515625,29929,,,,
0,patch_9_17,2304,2560,4352,4608,65536,NDVI,-0.34765625,35607,8905,0.0013245408776538375,19559,0.01214924634378775
0,patch_9_18,2304,2560,4608,4864,65536,MSAVI,-0.08203125,28289,,,,
0,patch_9_18,2304,2560,4608,4864,65536,NDVI,-0.99609375,37247,2036,-0.0020318644645194034,65446,0.010312873393757055
0,patch_9_19,2304,2560,4864,5120,65536,MSAVI,-0.14453125,30643,,,,
0,patch_9_19,2304,2560,4864,5120,65536,NDVI,-0.99609375,34893,18250,0.006231788001206037,65536,0.014818977048195958
0,patch_9_20,2304,2560,5120,5376,65536,MSAVI,0.15234375,32935,,,,
0,patch_9_20,2304,2560,5120,5376,65536,NDVI,-0.99609375,32601,18440,0.009037101519484253,18938,0.015137010469108647
0,patch_9_21,2304,2560,5376,5632,65536,MSAVI,-0.05859375,33848,,,,
0,patch_9_21,2304,2560,5376,5632,65536,NDVI,-0.99609375,31688,8427,0.006493280834291057,65536,0.014720948817435076
0,patch_9_22,2304,2560,5632,5888,65536,MSAVI,-0.01171875,37814,,,,
0,patch_9_22,2304,2560,5632,5888,65536,NDVI,-0.99609375,27722,7402,0.010990276564511153,9852,0.018055310948735276
0,patch_9_23,2304,2560,5888,6144,65536,MSAVI,0.00390625,35391,,,,
0,patch_9_23,2304,2560,5888,6144,65536,NDVI,-0.99609375,30145,12650,0.008908565704680321,14390,0.016749498895174603
0,patch_9_24,2304,2560,6144,6400,65536,MSAVI,-0.26953125,38969,,,,
0,patch_9_24,2304,2560,6144,6400,65536,NDVI,-0.99609375,26567,14106,0.01334875772809331,14875,0.021513984572174932
0,patch_9_25,2304,2560,6400,6656,65536,MSAVI,-0.08203125,33347,,,,
0,patch_9_25,2304,2560,6400,6656,65536,NDVI,-0.99609375,32189,8203,0.003512675135445245,18119,0.01473336844222492
0,patch_9_26,2304,2560,6656,6912,65536,MSAVI,-0.08984375,32181,,,,
0,patch_9_26,2304,2560,6656,6912,65536,NDVI,-0.99609375,33355,7349,0.0019152538313673695,14011,0.012169371114880284
0,patch_9_27,2304,2560,6912,7168,65536,MSAVI,-0.12890625,36645,,,,
0,patch_9_27,2304,2560,6912,7168,65536,NDVI,-0.99609375,28891,8018,0.0073653527816827935,11224,0.0161290678246723
0,patch_9_28,2304,2560,7168,7424,65536,MSAVI,-0.12109375,39788,,,,
0,patch_9_28,2304,2560,7168,7424,65536,NDVI,-0.99609375,25748,13127,0.01738651934182285,65536,0.02329536198111809
0,patch_9_29,2304,2560,7424,7680,65536,MSAVI,-0.15234375,34698,,,,
0,patch_9_29,2304,2560,7424,7680,65536,NDVI,-0.99609375,30838,15696,0.008164314299975398,65536,0.016062527270104626
0,patch_9_30,2304,2560,7680,7936,65536,MSAVI,-0.12890625,36102,,,,
0,patch_9_30,2304,2560,7680,7936,65536,NDVI,-0.99609375,29434,6257,0.00660228442309882,11662,0.01490479778859119
0,patch_9_31,2304,2560,7936,8192,65536,MSAVI,-0.16015625,51165,,,,
0,patch_9_31,2304,2560,7936,8192,65536,NDVI,-0.99609375,14371,11002,0.025196076586342986,65536,0.03241486563646523
0,patch_9_32,2304,2560,8192,8448,65536,MSAVI,-0.21484375,38264,,,,
0,patch_9_32,2304,2560,8192,8448,65536,NDVI,-0.99609375,27272,12715,0.011649561596676933,13742,0.020379730027618254
0,patch_9_33,2304,2560,8448,8704,65536,MSAVI,-0.23046875,37551,,,,
0,patch_9_33,2304,2560,8448,8704,65536,NDVI,-0.99609375,27985,3740,0.008260874447928737,4531,0.012651244310805082
0,patch_10_0,2560,2816,0,256,65536,MSAVI,0.0,65536,,,,
0,patch_10_0,2560,2816,0,256,65536,NDVI,0.0,0,0,0.0,0,0.009808042386020944
0,patch_10_1,2560,2816,256,512,65536,MSAVI,0.0,65536,,,,
0,patch_10_1,2560,2816,256,512,65536,NDVI,0.0,0,0,0.0,0,0.009808042386020944
0,patch_10_2,2560,2816,512,768,65536,MSAVI,0.0,65536,,,,
0,patch_10_2,2560,2816,512,768,65536,NDVI,0.0,0,0,0.0,0,0.009808042386020944
0,patch_10_3,2560,2816,768,1024,65536,MSAVI,0.0,65536,,,,
0,patch_10_3,2560,2816,768,1024,65536,NDVI,0.0,0,0,0.0,0,0.009808042386020944
0,patch_10_4,2560,2816,1024,1280,65536,MSAVI,0.0,65536,,,,
0,patch_10_4,2560,2816,1024,1280,65536,NDVI,0.0,0,0,0.0,0,0.009808042386020944
0,patch_10_6,2560,2816,1536,1792,65536,MSAVI,-0.17578125,38483,,,,
0,patch_10_6,2560,2816,1536,1792,65536,NDVI,-0.99609375,27053,7662,0.009794309360004583,9918,0.01817213615096888
0,patch_10_7,2560,2816,1792,2048,65536,MSAVI,-0.24609375,39477,,,,
0,patch_10_7,2560,2816,1792,2048,65536,NDVI,-0.99609375,26059,9597,0.012153419723691827,12337,0.02226977111999645
0,patch_10_8,2560,2816,2048,2304,65536,MSAVI,-0.13671875,38874,,,,
0,patch_10_8,2560,2816,2048,2304,65536,NDVI,-0.99609375,26662,9175,0.010978727167643601,11474,0.020217653423003412
0,patch_10_9,2560,2816,2304,2560,65536,MSAVI,-0.16796875,41188,,,,
0,patch_10_9,2560,2816,2304,2560,65536,NDVI,-0.99609375,24348,6552,0.01386585057341888,7230,0.020936456444646756
0,patch_10_10,2560,2816,2560,2816,65536,MSAVI,-0.09765625,36609,,,,
0,patch_10_10,2560,2816,2560,2816,65536,NDVI,-0.99609375,28927,7789,0.007820742314762236,11321,0.015523538747287374
0,patch_10_11,2560,2816,2816,3072,65536,MSAVI,-0.23046875,37404,,,,
0,patch_10_11,2560,2816,2816,3072,65536,NDVI,-0.99609375,28132,6738,0.008836012931910109,9732,0.015710525832577427
0,patch_10_12,2560,2816,3072,3328,65536,MSAVI,-0.26953125,36346,,,,
0,patch_10_12,2560,2816,3072,3328,65536,NDVI,-0.99609375,29190,9641,0.008063602522813296,13049,0.01601647119387592
0,patch_10_13,2560,2816,3328,3584,65536,MSAVI,-0.05859375,36361,,,,
0,patch_10_13,2560,2816,3328,3584,65536,NDVI,-0.99609375,29175,8632,0.007612130354951174,13554,0.01874755328853206
0,patch_10_14,2560,2816,3584,3840,65536,MSAVI,-0.07421875,33766,,,,
0,patch_10_14,2560,2816,3584,3840,65536,NDVI,-0.99609375,31770,4856,0.00348819768281336,10076,0.011875287437186688
0,patch_10_15,2560,2816,3840,4096,65536,MSAVI,-0.05859375,33804,,,,
0,patch_10_15,2560,2816,3840,4096,65536,NDVI,-0.99609375,31732,5810,0.004774254641002895,8806,0.011641766929779002
0,patch_10_16,2560,2816,4096,4352,65536,MSAVI,-0.06640625,35888,,,,
0,patch_10_16,2560,2816,4096,4352,65536,NDVI,-0.99609375,29648,9515,0.007948103996816697,10815,0.015303966218035758
0,patch_10_17,2560,2816,4352,4608,65536,MSAVI,-0.05078125,32158,,,,
0,patch_10_17,2560,2816,4352,4608,65536,NDVI,-0.99609375,33378,17746,0.008511417199255508,19234,0.016456929974121876
0,patch_10_18,2560,2816,4608,4864,65536,MSAVI,-0.05859375,26414,,,,
0,patch_10_18,2560,2816,4608,4864,65536,NDVI,-0.99609375,39122,6586,-0.0016424256311174251,25254,0.011321540368962824
0,patch_10_19,2560,2816,4864,5120,65536,MSAVI,-0.06640625,37537,,,,
0,patch_10_19,2560,2816,4864,5120,65536,NDVI,-0.99609375,27999,11590,0.01095877527251446,13490,0.020979574237918353
0,patch_10_20,2560,2816,5120,5376,65536,MSAVI,-0.01171875,34724,,,,
0,patch_10_20,2560,2816,5120,5376,65536,NDVI,-0.99609375,30812,9396,0.006439647307143165,14428,0.01553240736355177
0,patch_10_21,2560,2816,5376,5632,65536,MSAVI,-0.05859375,35572,,,,
0,patch_10_21,2560,2816,5376,5632,65536,NDVI,-0.99609375,29964,13649,0.011082985726056316,14237,0.017794892305739968
0,patch_10_22,2560,2816,5632,5888,65536,MSAVI,-0.00390625,35178,,,,
0,patch_10_22,2560,2816,5632,5888,65536,NDVI,-0.99609375,30358,19001,0.018097305589240636,65536,0.01843108871023097
0,patch_10_23,2560,2816,5888,6144,65536,MSAVI,-0.16796875,38651,,,,
0,patch_10_23,2560,2816,5888,6144,65536,NDVI,-0.99609375,26885,16720,0.017249530488087222,65536,0.022236193981427593
0,patch_10_24,2560,2816,6144,6400,65536,MSAVI,-0.14453125,33909,,,,
0,patch_10_24,2560,2816,6144,6400,65536,NDVI,-0.99609375,31627,12538,0.005578979788983002,18899,0.016913737901262743
0,patch_10_25,2560,2816,6400,6656,65536,MSAVI,-0.06640625,36076,,,,
0,patch_10_25,2560,2816,6400,6656,65536,NDVI,-0.99609375,29460,13656,0.010714193283680506,65536,0.016733689297624588
0,patch_10_26,2560,2816,6656,6912,65536,MSAVI,-0.16796875,38609,,,,
0,patch_10_26,2560,2816,6656,6912,65536,NDVI,-0.99609375,26927,7668,0.012038410798866625,8846,0.018902823095836185
0,patch_10_27,2560,2816,6912,7168,65536,MSAVI,-0.06640625,37548,,,,
0,patch_10_27,2560,2816,6912,7168,65536,NDVI,-0.99609375,27988,7240,0.010736246793808801,9165,0.017535541246144898
0,patch_10_28,2560,2816,7168,7424,65536,MSAVI,-0.06640625,36573,,,,
0,patch_10_28,2560,2816,7168,7424,65536,NDVI,-0.99609375,28963,11195,0.011133440816707307,65536,0.016883925457005206
0,patch_10_29,2560,2816,7424,7680,65536,MSAVI,-0.16796875,33960,,,,
0,patch_10_29,2560,2816,7424,7680,65536,NDVI,-0.99609375,31576,5483,0.005351147132053688,9815,0.01417824096545045
0,patch_10_30,2560,2816,7680,7936,65536,MSAVI,-0.01953125,33104,,,,
0,patch_10_30,2560,2816,7680,7936,65536,NDVI,-0.99609375,32432,9677,0.005684829940412028,14176,0.01498958302042147
0,patch_10_31,2560,2816,7936,8192,65536,MSAVI,-0.02734375,35466,,,,
0,patch_10_31,2560,2816,7936,8192,65536,NDVI,-0.99609375,30070,7673,0.0064865833985212895,12761,0.015385800761401253
0,patch_10_32,2560,2816,8192,8448,65536,MSAVI,-0.08203125,31549,,,,
0,patch_10_32,2560,2816,8192,8448,65536,NDVI,-0.99609375,33987,14558,0.004977171013063275,65318,0.016101976571632926
0,patch_10_33,2560,2816,8448,8704,65536,MSAVI,-0.18359375,31981,,,,
0,patch_10_33,2560,2816,8448,8704,65536,NDVI,-0.99609375,33555,27927,0.014326601498287253,65346,0.020830376943665796
0,patch_11_0,2816,3072,0,256,65536,MSAVI,0.0,65536,,,,
0,patch_11_0,2816,3072,0,256,65536,NDVI,0.0,0,0,0.0,0,0.009808042386020944
0,patch_11_1,2816,3072,256,512,65536,MSAVI,0.0,65536,,,,
0,patch_11_1,2816,3072,256,512,65536,NDVI,0.0,0,0,0.0,0,0.009808042386020944
0,patch_11_2,2816,3072,512,768,65536,MSAVI,0.0,65536,,,,
0,patch_11_2,2816,3072,512,768,65536,NDVI,0.0,0,0,0.0,0,0.009808042386020944
0,patch_11_3,2816,3072,768,1024,65536,MSAVI,0.0,65536,,,,
0,patch_11_3,2816,3072,768,1024,65536,NDVI,0.0,0,0,0.0,0,0.009808042386020944
0,patch_11_4,2816,3072,1024,1280,65536,MSAVI,0.0,65536,,,,
0,patch_11_4,2816,3072,1024,1280,65536,NDVI,0.0,0,0,0.0,0,0.009808042386020944
0,patch_11_6,2816,3072,1536,1792,65536,MSAVI,-0.08984375,41195,,,,
0,patch_11_6,2816,3072,1536,1792,65536,NDVI,-0.99609375,24341,4246,0.014331706821392204,5666,0.02040740242376593
0,patch_11_7,2816,3072,1792,2048,65536,MSAVI,0.02734375,37349,,,,
0,patch_11_7,2816,3072,1792,2048,65536,NDVI,-0.99609375,28187,10258,0.009703338045026197,13229,0.018554268319068368
0,patch_11_8,2816,3072,2048,2304,65536,MSAVI,-0.08984375,38530,,,,
0,patch_11_8,2816,3072,2048,2304,65536,NDVI,-0.99609375,27006,7572,0.010469385392779168,8457,0.016567001219551764
0,patch_11_9,2816,3072,2304,2560,65536,MSAVI,-0.07421875,38853,,,,
0,patch_11_9,2816,3072,2304,2560,65536,NDVI,-0.99609375,26683,5243,0.008889204984337457,8096,0.016206209083735018
0,patch_11_10,2816,3072,2560,2816,65536,MSAVI,-0.16015625,34701,,,,
0,patch_11_10,2816,3072,2560,2816,65536,NDVI,-0.99609375,30835,14829,0.00803325858212503,18090,0.018156734542655956
0,patch_11_11,2816,3072,2816,3072,65536,MSAVI,-0.15234375,37582,,,,
0,patch_11_11,2816,3072,2816,3072,65536,NDVI,-0.99609375,27954,7843,0.010923791439701819,9859,0.018028436344606352
0,patch_11_12,2816,3072,3072,3328,65536,MSAVI,-0.04296875,35511,,,,
0,patch_11_12,2816,3072,3072,3328,65536,NDVI,-0.99609375,30025,13533,0.007851336214792587,16912,0.017304076277708552
0,patch_11_13,2816,3072,3328,3584,65536,MSAVI,-0.12109375,37349,,,,
0,patch_11_13,2816,3072,3328,3584,65536,NDVI,-0.99609375,28187,16566,0.013435538604600838,18237,0.023645784116060498
0,patch_11_14,2816,3072,3584,3840,65536,MSAVI,-0.06640625,39289,,,,
0,patch_11_14,2816,3072,3584,3840,65536,NDVI,-0.99609375,26247,12954,0.013385329968836165,14614,0.022849076690479142
0,patch_11_15,2816,3072,3840,4096,65536,MSAVI,-0.23046875,36747,,,,
0,patch_11_15,2816,3072,3840,4096,65536,NDVI,-0.99609375,28789,7031,0.008554822396027367,10336,0.016435866428202023
0,patch_11_16,2816,3072,4096,4352,65536,MSAVI,-0.13671875,40458,,,,
0,patch_11_16,2816,3072,4096,4352,65536,NDVI,-0.99609375,25078,12430,0.01933749938488008,65536,0.021129521384611022
0,patch_11_17,2816,3072,4352,4608,65536,MSAVI,-0.15234375,31853,,,,
0,patch_11_17,2816,3072,4352,4608,65536,NDVI,-0.99609375,33683,6068,0.0021553832002466355,13712,0.010808580289912467
0,patch_11_18,2816,3072,4608,4864,65536,MSAVI,-0.12890625,32778,,,,
0,patch_11_18,2816,3072,4608,4864,65536,NDVI,-0.99609375,32758,12688,0.005830386234504575,15864,0.013694910670782212
0,patch_11_19,2816,3072,4864,5120,65536,MSAVI,-0.11328125,41053,,,,
0,patch_11_19,2816,3072,4864,5120,65536,NDVI,-0.99609375,24483,15991,0.020481318342508992,15472,0.024460503531500394
0,patch_11_20,2816,3072,5120,5376,65536,MSAVI,-0.10546875,33222,,,,
0,patch_11_20,2816,3072,5120,5376,65536,NDVI,-0.99609375,32314,13949,0.00580198409293016,18768,0.014718882121777938
0,patch_11_21,2816,3072,5376,5632,65536,MSAVI,-0.10546875,33228,,,,
0,patch_11_21,2816,3072,5376,5632,65536,NDVI,-0.99609375,32308,5132,0.0026633905398529556,10236,0.012755644833467916
0,patch_11_22,2816,3072,5632,5888,65536,MSAVI,-0.07421875,35841,,,,
0,patch_11_22,2816,3072,5632,5888,65536,NDVI,-0.99609375,29695,15448,0.010062997981711924,16360,0.01714942532312813
0,patch_11_23,2816,3072,5888,6144,65536,MSAVI,-0.08984375,35025,,,,
0,patch_11_23,2816,3072,5888,6144,65536,NDVI,-0.99609375,30511,20530,0.012322425932231193,65487,0.01993566228952154
0,patch_11_24,2816,3072,6144,6400,65536,MSAVI,-0.07421875,28658,,,,
0,patch_11_24,2816,3072,6144,6400,65536,NDVI,-0.99609375,36878,7156,-0.0008892927461444378,20036,0.011435861530556923
0,patch_11_25,2816,3072,6400,6656,65536,MSAVI,-0.08984375,31079,,,,
0,patch_11_25,2816,3072,6400,6656,65536,NDVI,-0.99609375,34457,8000,0.002654551930288379,17840,0.013572159616733942
0,patch_11_26,2816,3072,6656,6912,65536,MSAVI,-0.20703125,35109,,,,
0,patch_11_26,2816,3072,6656,6912,65536,NDVI,-0.99609375,30427,18780,0.01129976366070394,18602,0.017926996604989642
0,patch_11_27,2816,3072,6912,7168,65536,MSAVI,-0.09765625,37100,,,,
0,patch_11_27,2816,3072,6912,7168,65536,NDVI,-0.99609375,28436,13807,0.01268096755489831,14301,0.02089050977521334
0,patch_11_28,2816,3072,7168,7424,65536,MSAVI,-0.11328125,42400,,,,
0,patch_11_28,2816,3072,7168,7424,65536,NDVI,-0.45703125,23129,14211,0.028397476986941672,65536,0.026265708161056278
0,patch_11_29,2816,3072,7424,7680,65536,MSAVI,-0.19921875,36090,,,,
0,patch_11_29,2816,3072,7424,7680,65536,NDVI,-0.99609375,29446,5714,0.006660638030243304,7353,0.014239011048147315
0,patch_11_30,2816,3072,7680,7936,65536,MSAVI,-0.14453125,40929,,,,
0,patch_11_30,2816,3072,7680,7936,65536,NDVI,-0.99609375,24607,11041,0.017713301309666835,65429,0.023650659738451846
0,patch_11_31,2816,3072,7936,8192,65536,MSAVI,-0.23046875,38207,,,,
0,patch_11_31,2816,3072,7936,8192,65536,NDVI,-0.99609375,27329,10039,0.010113385052413132,65472,0.01681484825727464
0,patch_11_32,2816,3072,8192,8448,65536,MSAVI,-0.18359375,34335,,,,
0,patch_11_32,2816,3072,8192,8448,65536,NDVI,-0.99609375,31201,21400,0.01264953234545245,65478,0.020734775993169807
0,patch_12_0,3072,3328,0,256,65536,MSAVI,0.0,65536,,,,
0,patch_12_0,3072,3328,0,256,65536,NDVI,0.0,0,0,0.0,0,0.009808042386020944
0,patch_12_1,3072,3328,256,512,65536,MSAVI,0.0,65536,,,,
0,patch_12_1,3072,3328,256,512,65536,NDVI,0.0,0,0,0.0,0,0.009808042386020944
0,patch_12_2,3072,3328,512,768,65536,MSAVI,0.0,65536,,,,
0,patch_12_2,3072,3328,512,768,65536,NDVI,0.0,0,0,0.0,0,0.009808042386020944
0,patch_12_3,3072,3328,768,1024,65536,MSAVI,0.0,65536,,,,
0,patch_12_3,3072,3328,768,1024,65536,NDVI,0.0,0,0,0.0,0,0.009808042386020944
0,patch_12_4,3072,3328,1024,1280,65536,MSAVI,0.0,65536,,,,
0,patch_12_4,3072,3328,1024,1280,65536,NDVI,0.0,0,0,0.0,0,0.009808042386020944
0,patch_12_6,3072,3328,1536,1792,65536,MSAVI,-0.01171875,40657,,,,
0,patch_12_6,3072,3328,1536,1792,65536,NDVI,-0.99609375,24879,8205,0.012905775934263841,8432,0.020908674730770183
0,patch_12_7,3072,3328,1792,2048,65536,MSAVI,-0.03515625,40689,,,,
0,patch_12_7,3072,3328,1792,2048,65536,NDVI,-0.99609375,24847,13041,0.017219606933498388,13791,0.023563859982746765
0,patch_12_8,3072,3328,2048,2304,65536,MSAVI,-0.00390625,38251,,,,
0,patch_12_8,3072,3328,2048,2304,65536,NDVI,-0.99609375,27285,5677,0.009740955440038779,8780,0.018453235431108383
0,patch_12_9,3072,3328,2304,2560,65536,MSAVI,-0.22265625,37269,,,,
0,patch_12_9,3072,3328,2304,2560,65536,NDVI,-0.99609375,28267,2187,0.008365677772738375,4631,0.014667534941603416
0,patch_12_10,3072,3328,2560,2816,65536,MSAVI,-0.14453125,40352,,,,
0,patch_12_10,3072,3328,2560,2816,65536,NDVI,-0.99609375,25184,3899,0.012900121502455494,5777,0.018410080587167893
0,patch_12_11,3072,3328,2816,3072,65536,MSAVI,-0.14453125,41040,,,,
0,patch_12_11,3072,3328,2816,3072,65536,NDVI,-0.99609375,24496,13217,0.018591779668516717,65536,0.023644513718715315
0,patch_12_12,3072,3328,3072,3328,65536,MSAVI,-0.07421875,34766,,,,
0,patch_12_12,3072,3328,3072,3328,65536,NDVI,-0.99609375,30770,7164,0.005248830136049681,11816,0.01398881817305167
0,patch_12_13,3072,3328,3328,3584,65536,MSAVI,-0.09765625,35207,,,,
0,patch_12_13,3072,3328,3328,3584,65536,NDVI,-0.99609375,30329,10214,0.007419014347395808,13443,0.014136712212864805
0,patch_12_14,3072,3328,3584,3840,65536,MSAVI,-0.09765625,37295,,,,
0,patch_12_14,3072,3328,3584,3840,65536,NDVI,-0.99609375,28241,15255,0.011658359128614695,17966,0.022387834143345303
0,patch_12_15,3072,3328,3840,4096,65536,MSAVI,-0.08984375,36904,,,,
0,patch_12_15,3072,3328,3840,4096,65536,NDVI,-0.99609375,28632,8942,0.00859390092288942,11910,0.018536860571530867
0,patch_12_16,3072,3328,4096,4352,65536,MSAVI,-0.09765625,35667,,,,
0,patch_12_16,3072,3328,4096,4352,65536,NDVI,-0.99609375,29869,4308,0.006499668087395993,6903,0.013719781618323157
0,patch_12_17,3072,3328,4352,4608,65536,MSAVI,-0.10546875,35898,,,,
0,patch_12_17,3072,3328,4352,4608,65536,NDVI,-0.99609375,29638,6343,0.006608062384624719,8940,0.015050196376982988
0,patch_12_18,3072,3328,4608,4864,65536,MSAVI,-0.20703125,36790,,,,
0,patch_12_18,3072,3328,4608,4864,65536,NDVI,-0.99609375,28746,9605,0.010130191568965136,12098,0.01857986858843319
0,patch_12_19,3072,3328,4864,5120,65536,MSAVI,0.00390625,35876,,,,
0,patch_12_19,3072,3328,4864,5120,65536,NDVI,-0.99609375,29660,6111,0.006728958481438119,10256,0.016519283744886842
0,patch_12_20,3072,3328,5120,5376,65536,MSAVI,-0.05078125,35469,,,,
0,patch_12_20,3072,3328,5120,5376,65536,NDVI,-0.99609375,30067,4898,0.005294214433580871,10760,0.014202124059811888
0,patch_12_21,3072,3328,5376,5632,65536,MSAVI,-0.06640625,33918,,,,
0,patch_12_21,3072,3328,5376,5632,65536,NDVI,-0.99609375,31618,8958,0.0055711679171524114,15440,0.015036672965866943
0,patch_12_22,3072,3328,5632,5888,65536,MSAVI,-0.08203125,36112,,,,
0,patch_12_22,3072,3328,5632,5888,65536,NDVI,-0.99609375,29424,9147,0.007028848353494849,12103,0.014809740076285272
0,patch_12_23,3072,3328,5888,6144,65536,MSAVI,-0.19921875,37509,,,,
0,patch_12_23,3072,3328,5888,6144,65536,NDVI,-0.99609375,28027,7467,0.009374229691394509,11155,0.018671140585730717
0,patch_12_24,3072,3328,6144,6400,65536,MSAVI,-0.19140625,35884,,,,
0,patch_12_24,3072,3328,6144,6400,65536,NDVI,-0.99609375,29652,9857,0.008324119410586445,65536,0.01583951238367065
0,patch_12_25,3072,3328,6400,6656,65536,MSAVI,-0.01171875,32597,,,,
0,patch_12_25,3072,3328,6400,6656,65536,NDVI,-0.99609375,32939,6948,0.004017538793010533,11454,0.011665591656341734
0,patch_12_26,3072,3328,6656,6912,65536,MSAVI,-0.12109375,33292,,,,
0,patch_12_26,3072,3328,6656,6912,65536,NDVI,-0.99609375,32244,12784,0.007279681917550226,16903,0.01711118193652353
0,patch_12_27,3072,3328,6912,7168,65536,MSAVI,-0.16015625,33295,,,,
0,patch_12_27,3072,3328,6912,7168,65536,NDVI,-0.99609375,32241,14810,0.006405706033693101,20120,0.016239515274467514
0,patch_12_28,3072,3328,7168,7424,65536,MSAVI,-0.12890625,30893,,,,
0,patch_12_28,3072,3328,7168,7424,65536,NDVI,-0.99609375,34643,13182,0.0035757997778220613,65423,0.016038815255851407
0,patch_12_29,3072,3328,7424,7680,65536,MSAVI,-0.14453125,34659,,,,
0,patch_12_29,3072,3328,7424,7680,65536,NDVI,-0.99609375,30877,13724,0.006095058786296931,18025,0.01636589213816181
0,patch_12_30,3072,3328,7680,7936,65536,MSAVI,-0.30859375,39848,,,,
0,patch_12_30,3072,3328,7680,7936,65536,NDVI,-0.99609375,25688,12090,0.015350286516284839,13215,0.021980578579639254
0,patch_12_31,3072,3328,7936,8192,65536,MSAVI,-0.04296875,40541,,,,
0,patch_12_31,3072,3328,7936,8192,65536,NDVI,-0.99609375,24995,7601,0.014766669022526449,8593,0.021799792385694627
0,patch_12_32,3072,3328,8192,8448,65536,MSAVI,-0.23828125,36803,,,,
0,patch_12_32,3072,3328,8192,8448,65536,NDVI,-0.99609375,28733,12263,0.010288204360003994,14773,0.020154956050599415
0,patch_13_0,3328,3584,0,256,65536,MSAVI,0.0,65536,,,,
0,patch_13_0,3328,3584,0,256,65536,NDVI,0.0,0,0,0.0,0,0.009808042386020944
0,patch_13_1,3328,3584,256,512,65536,MSAVI,0.0,65536,,,,
0,patch_13_1,3328,3584,256,512,65536,NDVI,0.0,0,0,0.0,0,0.009808042386020944
0,patch_13_2,3328,3584,512,768,65536,MSAVI,0.0,65536,,,,
0,patch_13_2,3328,3584,512,768,65536,NDVI,0.0,0,0,0.0,0,0.009808042386020944
0,patch_13_3,3328,3584,768,1024,65536,MSAVI,0.0,65536,,,,
0,patch_13_3,3328,3584,768,1024,65536,NDVI,0.0,0,0,0.0,0,0.009808042386020944
0,patch_13_5,3328,3584,1280,1536,65427,MSAVI,-0.24609375,40339,,,,
0,patch_13_5,3328,3584,1280,1536,65427,NDVI,-0.99609375,25197,5545,0.01299774832486425,6515,0.019780339126587942
0,patch_13_6,3328,3584,1536,1792,65536,MSAVI,-0.11328125,35344,,,,
0,patch_13_6,3328,3584,1536,1792,65536,NDVI,-0.99609375,30192,9261,0.00668128994842776,14909,0.016216786491625862
0,patch_13_7,3328,3584,1792,2048,65536,MSAVI,-0.30078125,38966,,,,
0,patch_13_7,3328,3584,1792,2048,65536,NDVI,-0.99609375,26570,9572,0.012389913259531538,13123,0.020371792963043728
0,patch_13_8,3328,3584,2048,2304,65536,MSAVI,-0.30078125,48988,,,,
0,patch_13_8,3328,3584,2048,2304,65536,NDVI,-0.99609375,16548,5930,0.02644651305803572,5722,0.03243534174842941
0,patch_13_9,3328,3584,2304,2560,65536,MSAVI,-0.26953125,37997,,,,
0,patch_13_9,3328,3584,2304,2560,65536,NDVI,-0.99609375,27539,3423,0.008893624810682177,5330,0.014884325644077212
0,patch_13_10,3328,3584,2560,2816,65536,MSAVI,-0.27734375,41926,,,,
0,patch_13_10,3328,3584,2560,2816,65536,NDVI,-0.99609375,23610,3613,0.014292606435563654,4757,0.020577077917317194
0,patch_13_11,3328,3584,2816,3072,65536,MSAVI,-0.20703125,42085,,,,
0,patch_13_11,3328,3584,2816,3072,65536,NDVI,-0.99609375,23451,7133,0.01520493764484121,7444,0.022287746207709708
0,patch_13_12,3328,3584,3072,3328,65536,MSAVI,-0.07421875,36415,,,,
0,patch_13_12,3328,3584,3072,3328,65536,NDVI,-0.99609375,29121,5710,0.008515224638013422,7918,0.014689664710704348
0,patch_13_13,3328,3584,3328,3584,65536,MSAVI,-0.13671875,34584,,,,
0,patch_13_13,3328,3584,3328,3584,65536,NDVI,-0.99609375,30952,3447,0.004869258989664171,6692,0.012339322258525381
0,patch_13_14,3328,3584,3584,3840,65536,MSAVI,0.00390625,36373,,,,
0,patch_13_14,3328,3584,3584,3840,65536,NDVI,-0.99609375,29163,7690,0.008665034034472593,10619,0.016901633030437457
0,patch_13_15,3328,3584,3840,4096,65536,MSAVI,-0.26953125,37299,,,,
0,patch_13_15,3328,3584,3840,4096,65536,NDVI,-0.99609375,28237,3480,0.008121234824901624,5644,0.01435174666176392
0,patch_13_16,3328,3584,4096,4352,65536,MSAVI,-0.16015625,33346,,,,
0,patch_13_16,3328,3584,4096,4352,65536,NDVI,-0.99609375,32190,6955,0.004776195541431605,12853,0.01315456853662575
0,patch_13_17,3328,3584,4352,4608,65536,MSAVI,-0.04296875,35509,,,,
0,patch_13_17,3328,3584,4352,4608,65536,NDVI,-0.99609375,30027,7977,0.007564626815980774,11446,0.016834465942319576
0,patch_13_18,3328,3584,4608,4864,65536,MSAVI,-0.19140625,38772,,,,
0,patch_13_18,3328,3584,4608,4864,65536,NDVI,-0.99609375,26764,6641,0.011044055089739574,9505,0.019757042208295883
0,patch_13_19,3328,3584,4864,5120,65536,MSAVI,-0.13671875,39162,,,,
0,patch_13_19,3328,3584,4864,5120,65536,NDVI,-0.99609375,26374,5465,0.0121333221895423,7428,0.018946680381993264
0,patch_13_20,3328,3584,5120,5376,65536,MSAVI,-0.16796875,36914,,,,
0,patch_13_20,3328,3584,5120,5376,65536,NDVI,-0.99609375,28622,6508,0.008781529766298507,8519,0.01581446717035287
0,patch_13_21,3328,3584,5376,5632,65536,MSAVI,-0.16015625,40449,,,,
0,patch_13_21,3328,3584,5376,5632,65536,NDVI,-0.99609375,25087,8224,0.012617649638249226,9204,0.020074113258983173
0,patch_13_22,3328,3584,5632,5888,65536,MSAVI,-0.20703125,40459,,,,
0,patch_13_22,3328,3584,5632,5888,65536,NDVI,-0.99609375,25077,7803,0.014311632142823577,8525,0.021063414349433124
0,patch_13_23,3328,3584,5888,6144,65536,MSAVI,-0.23046875,40009,,,,
0,patch_13_23,3328,3584,5888,6144,65536,NDVI,-0.99609375,25527,7047,0.015670332548142513,8439,0.02004719990353962
0,patch_13_24,3328,3584,6144,6400,65536,MSAVI,-0.10546875,36918,,,,
0,patch_13_24,3328,3584,6144,6400,65536,NDVI,-0.99609375,28618,3862,0.006436775136183875,7369,0.015586083644101856
0,patch_13_25,3328,3584,6400,6656,65536,MSAVI,-0.05859375,37780,,,,
0,patch_13_25,3328,3584,6400,6656,65536,NDVI,-0.99609375,27756,15614,0.015709325427043702,65536,0.02220396660899243
0,patch_13_26,3328,3584,6656,6912,65536,MSAVI,-0.28515625,37925,,,,
0,patch_13_26,3328,3584,6656,6912,65536,NDVI,-0.99609375,27611,12211,0.011299192345609915,14780,0.021172722986526477
0,patch_13_27,3328,3584,6912,7168,65536,MSAVI,-0.12890625,39386,,,,
0,patch_13_27,3328,3584,6912,7168,65536,NDVI,-0.99609375,26150,13544,0.013699825514959393,15864,0.02314346227735614
0,patch_13_28,3328,3584,7168,7424,65536,MSAVI,-0.08203125,35524,,,,
0,patch_13_28,3328,3584,7168,7424,65536,NDVI,-0.99609375,30012,8799,0.008297451773790626,11949,0.017048690593201937
0,patch_13_29,3328,3584,7424,7680,65536,MSAVI,-0.20703125,40031,,,,
0,patch_13_29,3328,3584,7424,7680,65536,NDVI,-0.99609375,25505,13236,0.01432848042768034,13424,0.02291160760516739
0,patch_13_30,3328,3584,7680,7936,65536,MSAVI,-0.06640625,35180,,,,
0,patch_13_30,3328,3584,7680,7936,65536,NDVI,-0.99609375,30356,8902,0.0071249239359989225,11669,0.013878582383780758
0,patch_13_31,3328,3584,7936,8192,65536,MSAVI,-0.13671875,36920,,,,
0,patch_13_31,3328,3584,7936,8192,65536,NDVI,-0.99609375,28616,6252,0.006872535451516518,9069,0.014679892883390944
0,patch_13_32,3328,3584,8192,8448,65536,MSAVI,-0.06640625,39554,,,,
0,patch_13_32,3328,3584,8192,8448,65536,NDVI,-0.99609375,25982,16744,0.016853191879699858,65487,0.024239508043348235
0,patch_14_0,3584,3840,0,256,65536,MSAVI,0.0,65536,,,,
0,patch_14_0,3584,3840,0,256,65536,NDVI,0.0,0,0,0.0,0,0.009808042386020944
0,patch_14_1,3584,3840,256,512,65536,MSAVI,0.0,65536,,,,
0,patch_14_1,3584,3840,256,512,65536,NDVI,0.0,0,0,0.0,0,0.009808042386020944
0,patch_14_2,3584,3840,512,768,65536,MSAVI,0.0,65536,,,,
0,patch_14_2,3584,3840,512,768,65536,NDVI,0.0,0,0,0.0,0,0.009808042386020944
0,patch_14_3,3584,3840,768,1024,65536,MSAVI,0.0,65536,,,,
0,patch_14_3,3584,3840,768,1024,65536,NDVI,0.0,0,0,0.0,0,0.009808042386020944
0,patch_14_5,3584,3840,1280,1536,65536,MSAVI,-0.06640625,36451,,,,
0,patch_14_5,3584,3840,1280,1536,65536,NDVI,-0.99609375,29085,9523,0.008348522611991135,12347,0.017511754483758135
0,patch_14_6,3584,3840,1536,1792,65536,MSAVI,-0.18359375,37538,,,,
0,patch_14_6,3584,3840,1536,1792,65536,NDVI,-0.99609375,27998,7013,0.009796273596339389,10613,0.018411419913880567
0,patch_14_7,3584,3840,1792,2048,65536,MSAVI,-0.19140625,39185,,,,
0,patch_14_7,3584,3840,1792,2048,65536,NDVI,-0.99609375,26351,4081,0.009856478805668423,5986,0.016001983775429718
0,patch_14_8,3584,3840,2048,2304,65536,MSAVI,-0.17578125,38463,,,,
0,patch_14_8,3584,3840,2048,2304,65536,NDVI,-0.99609375,27073,2821,0.009099192654019345,5867,0.017071091701558405
0,patch_14_9,3584,3840,2304,2560,65536,MSAVI,-0.14453125,38518,,,,
0,patch_14_9,3584,3840,2304,2560,65536,NDVI,-0.99609375,27018,7999,0.009363059324014003,10943,0.016938658198719647
0,patch_14_10,3584,3840,2560,2816,65536,MSAVI,-0.16015625,40174,,,,
0,patch_14_10,3584,3840,2560,2816,65536,NDVI,-0.99609375,25362,2531,0.009375158621880542,3715,0.016618366710611898
0,patch_14_11,3584,3840,2816,3072,65536,MSAVI,-0.12890625,36271,,,,
0,patch_14_11,3584,3840,2816,3072,65536,NDVI,-0.99609375,29265,4400,0.007111798433415778,6107,0.013928891758429374
0,patch_14_12,3584,3840,3072,3328,65536,MSAVI,-0.08203125,33535,,,,
0,patch_14_12,3584,3840,3072,3328,65536,NDVI,-0.99609375,32001,4845,0.004556952006774917,10502,0.013906270634964413
0,patch_14_13,3584,3840,3328,3584,65536,MSAVI,-0.11328125,35928,,,,
0,patch_14_13,3584,3840,3328,3584,65536,NDVI,-0.99609375,29608,7204,0.008233236786792275,8671,0.014120474142681583
0,patch_14_14,3584,3840,3584,3840,65536,MSAVI,-0.19140625,36937,,,,
0,patch_14_14,3584,3840,3584,3840,65536,NDVI,-0.99609375,28599,7337,0.008840531459788692,65536,0.015373986309713594
0,patch_14_15,3584,3840,3840,4096,65536,MSAVI,-0.11328125,38724,,,,
0,patch_14_15,3584,3840,3840,4096,65536,NDVI,-0.99609375,26812,3768,0.010145662443415665,4615,0.01432592334516919
0,patch_14_16,3584,3840,4096,4352,65536,MSAVI,-0.10546875,34892,,,,
0,patch_14_16,3584,3840,4096,4352,65536,NDVI,-0.99609375,30644,8645,0.006869249495437407,11699,0.014839802097217109
0,patch_14_17,3584,3840,4352,4608,65536,MSAVI,-0.01171875,37346,,,,
0,patch_14_17,3584,3840,4352,4608,65536,NDVI,-0.99609375,28190,14902,0.012611502177046707,15689,0.02104486245799464
0,patch_14_18,3584,3840,4608,4864,65536,MSAVI,-0.08203125,35023,,,,
0,patch_14_18,3584,3840,4608,4864,65536,NDVI,-0.99609375,30513,7320,0.0058209298289575995,11703,0.015219973785673052
0,patch_14_19,3584,3840,4864,5120,65536,MSAVI,-0.23828125,35217,,,,
0,patch_14_19,3584,3840,4864,5120,65536,NDVI,-0.99609375,30319,4357,0.006301167477145431,8982,0.01452318964271665
0,patch_14_20,3584,3840,5120,5376,65536,MSAVI,-0.11328125,35966,,,,
0,patch_14_20,3584,3840,5120,5376,65536,NDVI,-0.99609375,29570,4896,0.007806157152015131,7309,0.013008598540151906
0,patch_14_21,3584,3840,5376,5632,65536,MSAVI,0.08203125,38253,,,,
0,patch_14_21,3584,3840,5376,5632,65536,NDVI,-0.99609375,27283,4215,0.009510999213013877,5525,0.01501366092542683
0,patch_14_22,3584,3840,5632,5888,65536,MSAVI,-0.12890625,39153,,,,
0,patch_14_22,3584,3840,5632,5888,65536,NDVI,-0.99609375,26383,7938,0.012406514900638987,9321,0.019742577243964693
0,patch_14_23,3584,3840,5888,6144,65536,MSAVI,-0.08203125,32915,,,,
0,patch_14_23,3584,3840,5888,6144,65536,NDVI,-0.99609375,32621,18121,0.007948387652948946,22372,0.01970996904972777
0,patch_14_24,3584,3840,6144,6400,65536,MSAVI,-0.16015625,37617,,,,
0,patch_14_24,3584,3840,6144,6400,65536,NDVI,-0.99609375,27919,8343,0.008220277372925383,10430,0.016410604756983527
0,patch_14_25,3584,3840,6400,6656,65536,MSAVI,-0.05859375,32616,,,,
0,patch_14_25,3584,3840,6400,6656,65536,NDVI,-0.99609375,32920,11939,0.0039751557865874,16467,0.014127960021457164
0,patch_14_26,3584,3840,6656,6912,65536,MSAVI,0.00390625,36212,,,,
0,patch_14_26,3584,3840,6656,6912,65536,NDVI,-0.99609375,29324,7883,0.006995378102118213,11017,0.014652307156682115
0,patch_14_27,3584,3840,6912,7168,65536,MSAVI,-0.01171875,30871,,,,
0,patch_14_27,3584,3840,6912,7168,65536,NDVI,-0.99609375,34665,6501,0.0012079914767548494,15765,0.01117441707471492
0,patch_14_28,3584,3840,7168,7424,65536,MSAVI,-0.12890625,32178,,,,
0,patch_14_28,3584,3840,7168,7424,65536,NDVI,-0.99609375,33358,18050,0.007281382542158585,20972,0.01504546104495283
0,patch_14_29,3584,3840,7424,7680,65536,MSAVI,-0.15234375,37469,,,,
0,patch_14_29,3584,3840,7424,7680,65536,NDVI,-0.99609375,28067,13149,0.011007512370055358,14212,0.018928519843978087
0,patch_14_30,3584,3840,7680,7936,65536,MSAVI,-0.19921875,36653,,,,
0,patch_14_30,3584,3840,7680,7936,65536,NDVI,-0.99609375,28883,13312,0.00808561305071688,16239,0.01900445076881993
0,patch_14_31,3584,3840,7936,8192,65536,MSAVI,-0.14453125,35762,,,,
0,patch_14_31,3584,3840,7936,8192,65536,NDVI,-0.99609375,29774,10097,0.007962844818442075,11611,0.01574772428122384
0,patch_14_32,3584,3840,8192,8448,65536,MSAVI,-0.12890625,39626,,,,
0,patch_14_32,3584,3840,8192,8448,65536,NDVI,-0.99609375,25910,4489,0.009776193420357529,6146,0.016380105548404106
0,patch_15_0,3840,4096,0,256,65536,MSAVI,0.0,65536,,,,
0,patch_15_0,3840,4096,0,256,65536,NDVI,0.0,0,0,0.0,0,0.009808042386020944
0,patch_15_1,3840,4096,256,512,65536,MSAVI,0.0,65536,,,,
0,patch_15_1,3840,4096,256,512,65536,NDVI,0.0,0,0,0.0,0,0.009808042386020944
0,patch_15_2,3840,4096,512,768,65536,MSAVI,0.0,65536,,,,
0,patch_15_2,3840,4096,512,768,65536,NDVI,0.0,0,0,0.0,0,0.009808042386020944
0,patch_15_3,3840,4096,768,1024,65536,MSAVI,0.0,65536,,,,
0,patch_15_3,3840,4096,768,1024,65536,NDVI,0.0,0,0,0.0,0,0.009808042386020944
0,patch_15_5,3840,4096,1280,1536,65536,MSAVI,-0.12109375,36902,,,,
0,patch_15_5,3840,4096,1280,1536,65536,NDVI,-0.99609375,28634,11651,0.012637071041789821,13010,0.01893678175879776
0,patch_15_6,3840,4096,1536,1792,65536,MSAVI,-0.19921875,38423,,,,
0,patch_15_6,3840,4096,1536,1792,65536,NDVI,-0.99609375,27113,9897,0.0094566370313455,13013,0.02110830686316495
0,patch_15_7,3840,4096,1792,2048,65536,MSAVI,0.06640625,39318,,,,
0,patch_15_7,3840,4096,1792,2048,65536,NDVI,-0.99609375,26218,7276,0.012031968829778777,9214,0.02159673135396506
0,patch_15_8,3840,4096,2048,2304,65536,MSAVI,-0.13671875,36869,,,,
0,patch_15_8,3840,4096,2048,2304,65536,NDVI,-0.99609375,28667,5711,0.008143189159406317,8139,0.016554932389861138
0,patch_15_9,3840,4096,2304,2560,65536,MSAVI,-0.11328125,38880,,,,
0,patch_15_9,3840,4096,2304,2560,65536,NDVI,-0.99609375,26656,5544,0.009961058046123752,7899,0.01914032005221422
0,patch_15_10,3840,4096,2560,2816,65536,MSAVI,-0.23828125,40211,,,,
0,patch_15_10,3840,4096,2560,2816,65536,NDVI,-0.99609375,25325,7889,0.011006074055430512,9670,0.019923894219685517
0,patch_15_11,3840,4096,2816,3072,65536,MSAVI,-0.06640625,34720,,,,
0,patch_15_11,3840,4096,2816,3072,65536,NDVI,-0.99609375,30816,2736,0.004290398456416142,7938,0.011660977083332663
0,patch_15_12,3840,4096,3072,3328,65536,MSAVI,-0.11328125,37352,,,,
0,patch_15_12,3840,4096,3072,3328,65536,NDVI,-0.99609375,28184,8916,0.008805091717828756,11826,0.017439127689572953
0,patch_15_13,3840,4096,3328,3584,65536,MSAVI,-0.09765625,34914,,,,
0,patch_15_13,3840,4096,3328,3584,65536,NDVI,-0.99609375,30622,9259,0.00562693728226335,11612,0.01498815133080908
0,patch_15_14,3840,4096,3584,3840,65536,MSAVI,-0.09765625,36168,,,,
0,patch_15_14,3840,4096,3584,3840,65536,NDVI,-0.99609375,29368,14022,0.01372470688505692,65536,0.01883137441360977
0,patch_15_15,3840,4096,3840,4096,65536,MSAVI,-0.09765625,36614,,,,
0,patch_15_15,3840,4096,3840,4096,65536,NDVI,-0.99609375,28922,4200,0.006722614614390304,9764,0.014918979231791418
0,patch_15_16,3840,4096,4096,4352,65536,MSAVI,0.01953125,31028,,,,
0,patch_15_16,3840,4096,4096,4352,65536,NDVI,-0.99609375,34508,6355,0.001655260729987229,14241,0.011098708492244369
0,patch_15_17,3840,4096,4352,4608,65536,MSAVI,-0.07421875,39669,,,,
0,patch_15_17,3840,4096,4352,4608,65536,NDVI,-0.99609375,25867,11611,0.015631685056057915,11227,0.019796837857052607
0,patch_15_18,3840,4096,4608,4864,65536,MSAVI,-0.34765625,45416,,,,
0,patch_15_18,3840,4096,4608,4864,65536,NDVI,-0.99609375,20120,6391,0.020543119738127558,6832,0.026655497051378707
0,patch_15_19,3840,4096,4864,5120,65536,MSAVI,-0.26171875,38309,,,,
0,patch_15_19,3840,4096,4864,5120,65536,NDVI,-0.99609375,27227,3578,0.009430701914791118,5467,0.015156470344487666
0,patch_15_20,3840,4096,5120,5376,65536,MSAVI,-0.26171875,46643,,,,
0,patch_15_20,3840,4096,5120,5376,65536,NDVI,-0.99609375,18893,12017,0.02550397641455536,65536,0.031119381329574647
0,patch_15_21,3840,4096,5376,5632,65536,MSAVI,-0.12109375,37624,,,,
0,patch_15_21,3840,4096,5376,5632,65536,NDVI,-0.99609375,27912,12702,0.012512868175290515,12116,0.018816190038432573
0,patch_15_22,3840,4096,5632,5888,65536,MSAVI,-0.16796875,37081,,,,
0,patch_15_22,3840,4096,5632,5888,65536,NDVI,-0.99609375,28455,10020,0.010567168289430662,11200,0.017557501842430545
0,patch_15_23,3840,4096,5888,6144,65536,MSAVI,-0.01953125,35631,,,,
0,patch_15_23,3840,4096,5888,6144,65536,NDVI,-0.99609375,29905,10193,0.00782341109852025,12641,0.015177759614722758
0,patch_15_24,3840,4096,6144,6400,65536,MSAVI,-0.10546875,31148,,,,
0,patch_15_24,3840,4096,6144,6400,65536,NDVI,-0.99609375,34388,15044,0.004994855674288257,19106,0.01583245477274786
0,patch_15_25,3840,4096,6400,6656,65536,MSAVI,-0.16796875,36087,,,,
0,patch_15_25,3840,4096,6400,6656,65536,NDVI,-0.99609375,29449,11201,0.00770912873182357,13987,0.016724586507563116
0,patch_15_26,3840,4096,6656,6912,65536,MSAVI,-0.08203125,38906,,,,
0,patch_15_26,3840,4096,6656,6912,65536,NDVI,-0.99609375,26630,13071,0.015176547177205554,65536,0.022775029751172876
0,patch_15_27,3840,4096,6912,7168,65536,MSAVI,-0.07421875,32883,,,,
0,patch_15_27,3840,4096,6912,7168,65536,NDVI,-0.99609375,32653,6617,0.003168223853741353,12731,0.013874600557987393
0,patch_15_28,3840,4096,7168,7424,65536,MSAVI,-0.12109375,36989,,,,
0,patch_15_28,3840,4096,7168,7424,65536,NDVI,-0.99609375,28547,6056,0.007433004499259682,10319,0.015293993626609687
0,patch_15_29,3840,4096,7424,7680,65536,MSAVI,-0.27734375,38429,,,,
0,patch_15_29,3840,4096,7424,7680,65536,NDVI,-0.99609375,27107,11755,0.01373907095143398,12583,0.018593173880488395
0,patch_15_30,3840,4096,7680,7936,65536,MSAVI,-0.12109375,40901,,,,
0,patch_15_30,3840,4096,7680,7936,65536,NDVI,-0.99609375,24635,16339,0.01853890216567708,15897,0.02535293118327442
0,patch_15_31,3840,4096,7936,8192,65536,MSAVI,-0.14453125,37395,,,,
0,patch_15_31,3840,4096,7936,8192,65536,NDVI,-0.99609375,28141,9466,0.009995001718268018,11850,0.019099739314866193
0,patch_15_32,3840,4096,8192,8448,65536,MSAVI,-0.12109375,35838,,,,
0,patch_15_32,3840,4096,8192,8448,65536,NDVI,-0.99609375,29698,9162,0.008674089922917641,11844,0.016129701294413157
0,patch_16_0,4096,4352,0,256,65536,MSAVI,0.0,65536,,,,
0,patch_16_0,4096,4352,0,256,65536,NDVI,0.0,0,0,0.0,0,0.009808042386020944
0,patch_16_1,4096,4352,256,512,65536,MSAVI,0.0,65536,,,,
0,patch_16_1,4096,4352,256,512,65536,NDVI,0.0,0,0,0.0,0,0.009808042386020944
0,patch_16_2,4096,4352,512,768,65536,MSAVI,0.0,65536,,,,
0,patch_16_2,4096,4352,512,768,65536,NDVI,0.0,0,0,0.0,0,0.009808042386020944
0,patch_16_5,4096,4352,1280,1536,65536,MSAVI,-0.05859375,38337,,,,
0,patch_16_5,4096,4352,1280,1536,65536,NDVI,-0.99609375,27199,9728,0.010364073072218788,11465,0.021578702545771156
0,patch_16_6,4096,4352,1536,1792,65536,MSAVI,-0.12109375,38830,,,,
0,patch_16_6,4096,4352,1536,1792,65536,NDVI,-0.99609375,26706,6331,0.010550863881562927,9767,0.01906258667895422
0,patch_16_7,4096,4352,1792,2048,65536,MSAVI,-0.15234375,39043,,,,
0,patch_16_7,4096,4352,1792,2048,65536,NDVI,-0.99609375,26493,6998,0.011494201667866327,8337,0.01747603461340863
0,patch_16_8,4096,4352,2048,2304,65536,MSAVI,-0.18359375,36992,,,,
0,patch_16_8,4096,4352,2048,2304,65536,NDVI,-0.99609375,28544,12661,0.009662579435739616,15589,0.020167476819227148
0,patch_16_9,4096,4352,2304,2560,65536,MSAVI,-0.21484375,40742,,,,
0,patch_16_9,4096,4352,2304,2560,65536,NDVI,-0.99609375,24794,6460,0.013151147994923479,7381,0.023009218796608333
0,patch_16_10,4096,4352,2560,2816,65536,MSAVI,-0.16015625,38542,,,,
0,patch_16_10,4096,4352,2560,2816,65536,NDVI,-0.99609375,26994,5335,0.01019515425932685,7342,0.018180397648053598
0,patch_16_11,4096,4352,2816,3072,65536,MSAVI,-0.16796875,34114,,,,
0,patch_16_11,4096,4352,2816,3072,65536,NDVI,-0.99609375,31422,5689,0.0050057072957693655,9079,0.012116167809239103
0,patch_16_12,4096,4352,3072,3328,65536,MSAVI,0.03515625,34423,,,,
0,patch_16_12,4096,4352,3072,3328,65536,NDVI,-0.99609375,31113,6133,0.005105236051086232,11939,0.013854474219648305
0,patch_16_13,4096,4352,3328,3584,65536,MSAVI,-0.09765625,38986,,,,
0,patch_16_13,4096,4352,3328,3584,65536,NDVI,-0.99609375,26550,12619,0.013301818280526956,13056,0.02104507883772269
0,patch_16_14,4096,4352,3584,3840,65536,MSAVI,-0.10546875,37794,,,,
0,patch_16_14,4096,4352,3584,3840,65536,NDVI,-0.99609375,27742,5442,0.008402155708056414,8894,0.01528948116464271
0,patch_16_15,4096,4352,3840,4096,65536,MSAVI,-0.09765625,35434,,,,
0,patch_16_15,4096,4352,3840,4096,65536,NDVI,-0.99609375,30102,8482,0.006865044738954995,12667,0.01593668069988713
0,patch_16_16,4096,4352,4096,4352,65536,MSAVI,-0.05078125,34324,,,,
0,patch_16_16,4096,4352,4096,4352,65536,NDVI,-0.99609375,31212,4398,0.004168369972420621,8811,0.012323259540825388
0,patch_16_17,4096,4352,4352,4608,65536,MSAVI,-0.08203125,35194,,,,
0,patch_16_17,4096,4352,4352,4608,65536,NDVI,-0.99609375,30342,5070,0.007128124822968027,8437,0.015046064271865833
0,patch_16_18,4096,4352,4608,4864,65536,MSAVI,-0.01953125,36456,,,,
0,patch_16_18,4096,4352,4608,4864,65536,NDVI,-0.99609375,29080,5851,0.007549307946251707,9127,0.017309451187659364
0,patch_16_19,4096,4352,4864,5120,65536,MSAVI,-0.30078125,39165,,,,
0,patch_16_19,4096,4352,4864,5120,65536,NDVI,-0.99609375,26371,3248,0.008930022066975352,4593,0.01677434975291134
0,patch_16_20,4096,4352,5120,5376,65536,MSAVI,-0.22265625,40438,,,,
0,patch_16_20,4096,4352,5120,5376,65536,NDVI,-0.99609375,25098,5046,0.014338781080242696,6200,0.020256176609369597
0,patch_16_21,4096,4352,5376,5632,65536,MSAVI,-0.08203125,36212,,,,
0,patch_16_21,4096,4352,5376,5632,65536,NDVI,-0.99609375,29324,7586,0.007922738341948843,11127,0.01474350869260549
0,patch_16_22,4096,4352,5632,5888,65536,MSAVI,-0.12890625,37865,,,,
0,patch_16_22,4096,4352,5632,5888,65536,NDVI,-0.99609375,27671,5147,0.008950804911031063,8797,0.018466429718375393
0,patch_16_23,4096,4352,5888,6144,65536,MSAVI,-0.17578125,36857,,,,
0,patch_16_23,4096,4352,5888,6144,65536,NDVI,-0.99609375,28679,3369,0.0077175268028122634,5729,0.013776847031238076
0,patch_16_24,4096,4352,6144,6400,65536,MSAVI,-0.12890625,36735,,,,
0,patch_16_24,4096,4352,6144,6400,65536,NDVI,-0.99609375,28801,6294,0.007216970245331189,8762,0.014009686693390033
0,patch_16_25,4096,4352,6400,6656,65536,MSAVI,-0.06640625,39005,,,,
0,patch_16_25,4096,4352,6400,6656,65536,NDVI,-0.99609375,26531,8384,0.011486461861375169,9540,0.01858926336027511
0,patch_16_26,4096,4352,6656,6912,65536,MSAVI,0.10546875,38525,,,,
0,patch_16_26,4096,4352,6656,6912,65536,NDVI,-0.99609375,27011,9047,0.010882129250578965,9937,0.017356444157127032
0,patch_16_27,4096,4352,6912,7168,65536,MSAVI,-0.12890625,34547,,,,
0,patch_16_27,4096,4352,6912,7168,65536,NDVI,-0.99609375,30989,4436,0.0042690407621290005,9944,0.013209420923311815
0,patch_16_28,4096,4352,7168,7424,65536,MSAVI,-0.07421875,35624,,,,
0,patch_16_28,4096,4352,7168,7424,65536,NDVI,-0.99609375,29912,7292,0.00669962587427253,11368,0.016006811254492576
0,patch_16_29,4096,4352,7424,7680,65536,MSAVI,-0.02734375,35827,,,,
0,patch_16_29,4096,4352,7424,7680,65536,NDVI,-0.99609375,29709,10057,0.008604996320601355,13862,0.01759866809843552
0,patch_16_30,4096,4352,7680,7936,65536,MSAVI,-0.03515625,37419,,,,
0,patch_16_30,4096,4352,7680,7936,65536,NDVI,-0.99609375,28117,6789,0.00810896635443048,9050,0.016970305864270535
0,patch_16_31,4096,4352,7936,8192,65536,MSAVI,-0.23046875,36744,,,,
0,patch_16_31,4096,4352,7936,8192,65536,NDVI,-0.99609375,28792,10668,0.009396560877505705,11969,0.018321189379788133
0,patch_17_0,4352,4608,0,256,65536,MSAVI,0.0,65536,,,,
0,patch_17_0,4352,4608,0,256,65536,NDVI,0.0,0,0,0.0,0,0.009808042386020944
0,patch_17_1,4352,4608,256,512,65536,MSAVI,0.0,65536,,,,
0,patch_17_1,4352,4608,256,512,65536,NDVI,0.0,0,0,0.0,0,0.009808042386020944
0,patch_17_2,4352,4608,512,768,65536,MSAVI,0.0,65536,,,,
0,patch_17_2,4352,4608,512,768,65536,NDVI,0.0,0,0,0.0,0,0.009808042386020944
0,patch_17_4,4352,4608,1024,1280,65536,MSAVI,-0.05859375,37573,,,,
0,patch_17_4,4352,4608,1024,1280,65536,NDVI,-0.99609375,27963,6599,0.00863263019914609,8351,0.017483755917666433
0,patch_17_5,4352,4608,1280,1536,65536,MSAVI,-0.21484375,37763,,,,
0,patch_17_5,4352,4608,1280,1536,65536,NDVI,-0.99609375,27773,6596,0.008823821842939061,8327,0.017056611028674173
0,patch_17_6,4352,4608,1536,1792,65536,MSAVI,-0.03515625,37261,,,,
0,patch_17_6,4352,4608,1536,1792,65536,NDVI,-0.99609375,28275,9007,0.011384770786677753,11944,0.01905634119863825
0,patch_17_7,4352,4608,1792,2048,65536,MSAVI,-0.18359375,36451,,,,
0,patch_17_7,4352,4608,1792,2048,65536,NDVI,-0.99609375,29085,6233,0.0075386262831772105,9455,0.01558634783806162
0,patch_17_8,4352,4608,2048,2304,65536,MSAVI,-0.18359375,36763,,,,
0,patch_17_8,4352,4608,2048,2304,65536,NDVI,-0.99609375,28773,5159,0.00881030958687637,7432,0.015449312800577208
0,patch_17_9,4352,4608,2304,2560,65536,MSAVI,-0.25390625,36046,,,,
0,patch_17_9,4352,4608,2304,2560,65536,NDVI,-0.99609375,29490,7844,0.007587989916889082,9442,0.014833990865417868
0,patch_17_10,4352,4608,2560,2816,65536,MSAVI,-0.19921875,38650,,,,
0,patch_17_10,4352,4608,2560,2816,65536,NDVI,-0.99609375,26886,6404,0.009710356142647397,9062,0.01969485705017615
0,patch_17_11,4352,4608,2816,3072,65536,MSAVI,-0.18359375,36080,,,,
0,patch_17_11,4352,4608,2816,3072,65536,NDVI,-0.99609375,29456,7680,0.00761761185172391,11620,0.01565514417225186
0,patch_17_12,4352,4608,3072,3328,65536,MSAVI,-0.18359375,39750,,,,
0,patch_17_12,4352,4608,3072,3328,65536,NDVI,-0.99609375,25786,3540,0.01192603694685787,5170,0.02073786954995649
0,patch_17_13,4352,4608,3328,3584,65536,MSAVI,-0.11328125,36929,,,,
0,patch_17_13,4352,4608,3328,3584,65536,NDVI,-0.99609375,28607,7803,0.007403667211028142,12774,0.01835698314162565
0,patch_17_14,4352,4608,3584,3840,65536,MSAVI,-0.12109375,38741,,,,
0,patch_17_14,4352,4608,3584,3840,65536,NDVI,-0.99609375,26795,7859,0.011042682094794531,9294,0.018627278519755902
0,patch_17_15,4352,4608,3840,4096,65536,MSAVI,-0.12109375,40058,,,,
0,patch_17_15,4352,4608,3840,4096,65536,NDVI,-0.99609375,25478,13839,0.014691640755598395,65536,0.023781659584716203
0,patch_17_16,4352,4608,4096,4352,65536,MSAVI,-0.13671875,36209,,,,
0,patch_17_16,4352,4608,4096,4352,65536,NDVI,-0.99609375,29327,5780,0.008285734837156056,6844,0.014961601276310715
0,patch_17_17,4352,4608,4352,4608,65536,MSAVI,-0.05859375,34750,,,,
0,patch_17_17,4352,4608,4352,4608,65536,NDVI,-0.99609375,30786,7804,0.006568356526819141,12472,0.014000862078696358
0,patch_17_18,4352,4608,4608,4864,65536,MSAVI,-0.13671875,34228,,,,
0,patch_17_18,4352,4608,4608,4864,65536,NDVI,-0.99609375,31308,11149,0.006709220790532447,14572,0.016612836031362294
0,patch_17_19,4352,4608,4864,5120,65536,MSAVI,-0.11328125,35421,,,,
0,patch_17_19,4352,4608,4864,5120,65536,NDVI,-0.99609375,30115,3220,0.004861224375079909,7750,0.012647237639781705
0,patch_17_20,4352,4608,5120,5376,65536,MSAVI,-0.19140625,38715,,,,
0,patch_17_20,4352,4608,5120,5376,65536,NDVI,-0.99609375,26821,5380,0.009168542381343459,8738,0.01816151410253311
0,patch_17_21,4352,4608,5376,5632,65536,MSAVI,-0.15234375,37273,,,,
0,patch_17_21,4352,4608,5376,5632,65536,NDVI,-0.99609375,28263,5325,0.008160155759659005,8282,0.01650105043251085
0,patch_17_22,4352,4608,5632,5888,65536,MSAVI,-0.09765625,35899,,,,
0,patch_17_22,4352,4608,5632,5888,65536,NDVI,-0.99609375,29637,5853,0.0068021222617144494,9379,0.01444985643990343
0,patch_17_23,4352,4608,5888,6144,65536,MSAVI,-0.21484375,38764,,,,
0,patch_17_23,4352,4608,5888,6144,65536,NDVI,-0.99609375,26772,5280,0.009993621574140327,7313,0.017489798432017395
0,patch_17_24,4352,4608,6144,6400,65536,MSAVI,-0.15234375,42003,,,,
0,patch_17_24,4352,4608,6144,6400,65536,NDVI,-0.99609375,23533,11553,0.016207013722177435,11949,0.02445709701985399
0,patch_17_25,4352,4608,6400,6656,65536,MSAVI,-0.09765625,36388,,,,
0,patch_17_25,4352,4608,6400,6656,65536,NDVI,-0.99609375,29148,8779,0.009044168589896637,11177,0.017031024642828463
0,patch_17_26,4352,4608,6656,6912,65536,MSAVI,-0.00390625,36823,,,,
0,patch_17_26,4352,4608,6656,6912,65536,NDVI,-0.99609375,28713,3699,0.008552710817580716,6113,0.014813712029442594
0,patch_17_27,4352,4608,6912,7168,65536,MSAVI,-0.04296875,34043,,,,
0,patch_17_27,4352,4608,6912,7168,65536,NDVI,-0.99609375,31493,10699,0.006008134388573408,13029,0.014440214718131589
0,patch_17_28,4352,4608,7168,7424,65536,MSAVI,-0.00390625,41635,,,,
0,patch_17_28,4352,4608,7168,7424,65536,NDVI,-0.99609375,23901,11464,0.02106434986033623,65507,0.026284807861061882
0,patch_17_29,4352,4608,7424,7680,65536,MSAVI,-0.09765625,36015,,,,
0,patch_17_29,4352,4608,7424,7680,65536,NDVI,-0.99609375,29521,15783,0.00924206828963875,18039,0.018847524476383715
0,patch_17_30,4352,4608,7680,7936,65536,MSAVI,-0.15234375,36461,,,,
0,patch_17_30,4352,4608,7680,7936,65536,NDVI,-0.99609375,29075,15593,0.011324604204708072,15471,0.01909898958277248
0,patch_17_31,4352,4608,7936,8192,65536,MSAVI,-0.06640625,31259,,,,
0,patch_17_31,4352,4608,7936,8192,65536,NDVI,-0.99609375,34277,13089,0.003833365356779417,65536,0.013526946259263511
0,patch_17_33,4352,4608,8448,8704,65536,MSAVI,0.0,65536,,,,
0,patch_17_33,4352,4608,8448,8704,65536,NDVI,0.0,0,0,0.0,0,0.009808042386020944
0,patch_18_0,4608,4864,0,256,65536,MSAVI,0.0,65536,,,,
0,patch_18_0,4608,4864,0,256,65536,NDVI,0.0,0,0,0.0,0,0.009808042386020944
0,patch_18_1,4608,4864,256,512,65536,MSAVI,0.0,65536,,,,
0,patch_18_1,4608,4864,256,512,65536,NDVI,0.0,0,0,0.0,0,0.009808042386020944
0,patch_18_2,4608,4864,512,768,65536,MSAVI,0.0,65536,,,,
0,patch_18_2,4608,4864,512,768,65536,NDVI,0.0,0,0,0.0,0,0.009808042386020944
0,patch_18_4,4608,4864,1024,1280,65536,MSAVI,-0.16796875,39016,,,,
0,patch_18_4,4608,4864,1024,1280,65536,NDVI,-0.99609375,26520,6986,0.01169301430298024,7970,0.01823330642088372
0,patch_18_5,4608,4864,1280,1536,65536,MSAVI,-0.20703125,38732,,,,
0,patch_18_5,4608,4864,1280,1536,65536,NDVI,-0.99609375,26804,7537,0.009706974089579656,9556,0.016863730487599232
0,patch_18_6,4608,4864,1536,1792,65536,MSAVI,-0.10546875,37482,,,,
0,patch_18_6,4608,4864,1536,1792,65536,NDVI,-0.99609375,28054,14219,0.014025721313139006,15227,0.02121340217118517
0,patch_18_7,4608,4864,1792,2048,65536,MSAVI,-0.18359375,37656,,,,
0,patch_18_7,4608,4864,1792,2048,65536,NDVI,-0.99609375,27880,4808,0.007704986577746667,9475,0.01778886553917558
0,patch_18_8,4608,4864,2048,2304,65536,MSAVI,-0.10546875,37646,,,,
0,patch_18_8,4608,4864,2048,2304,65536,NDVI,-0.99609375,27890,4768,0.00919832718040492,6649,0.016927998097587077
0,patch_18_9,4608,4864,2304,2560,65536,MSAVI,-0.16796875,36003,,,,
0,patch_18_9,4608,4864,2304,2560,65536,NDVI,-0.99609375,29533,6496,0.008591465469353327,10499,0.016249464866225888
0,patch_18_10,4608,4864,2560,2816,65536,MSAVI,0.09765625,35913,,,,
0,patch_18_10,4608,4864,2560,2816,65536,NDVI,-0.99609375,29623,6316,0.005632616299222626,10909,0.01638380628654984
0,patch_18_11,4608,4864,2816,3072,65536,MSAVI,-0.06640625,31307,,,,
0,patch_18_11,4608,4864,2816,3072,65536,NDVI,-0.99609375,34229,5861,0.002625669117278087,14204,0.012335096985346572
0,patch_18_12,4608,4864,3072,3328,65536,MSAVI,-0.16796875,36841,,,,
0,patch_18_12,4608,4864,3072,3328,65536,NDVI,-0.99609375,28695,3092,0.0077930833723298815,4623,0.014998030328669393
0,patch_18_13,4608,4864,3328,3584,65536,MSAVI,-0.17578125,36387,,,,
0,patch_18_13,4608,4864,3328,3584,65536,NDVI,-0.99609375,29149,9270,0.008013522650708704,11588,0.014997159938878152
0,patch_18_14,4608,4864,3584,3840,65536,MSAVI,-0.30859375,40792,,,,
0,patch_18_14,4608,4864,3584,3840,65536,NDVI,-0.99609375,24744,2585,0.012371095835462642,4533,0.01971572162696114
0,patch_18_15,4608,4864,3840,4096,65536,MSAVI,-0.14453125,35379,,,,
0,patch_18_15,4608,4864,3840,4096,65536,NDVI,-0.99609375,30157,4798,0.006832402299852061,7222,0.013385378665495634
0,patch_18_16,4608,4864,4096,4352,65536,MSAVI,-0.19140625,34608,,,,
0,patch_18_16,4608,4864,4096,4352,65536,NDVI,-0.99609375,30928,6844,0.0054265108313509836,11009,0.013782615837215628
0,patch_18_17,4608,4864,4352,4608,65536,MSAVI,-0.24609375,35600,,,,
0,patch_18_17,4608,4864,4352,4608,65536,NDVI,-0.99609375,29936,8908,0.006361246822590899,13556,0.015924106149219658
0,patch_18_18,4608,4864,4608,4864,65536,MSAVI,-0.06640625,37285,,,,
0,patch_18_18,4608,4864,4608,4864,65536,NDVI,-0.99609375,28251,3821,0.008855172575355286,6795,0.015578297676449054
0,patch_18_19,4608,4864,4864,5120,65536,MSAVI,0.00390625,37755,,,,
0,patch_18_19,4608,4864,4864,5120,65536,NDVI,-0.99609375,27781,5491,0.009938974394635092,7890,0.016088421648741302
0,patch_18_20,4608,4864,5120,5376,65536,MSAVI,-0.12109375,37912,,,,
0,patch_18_20,4608,4864,5120,5376,65536,NDVI,-0.99609375,27624,10852,0.01098721937518006,12060,0.019144232676505918
0,patch_18_21,4608,4864,5376,5632,65536,MSAVI,-0.23046875,39905,,,,
0,patch_18_21,4608,4864,5376,5632,65536,NDVI,-0.99609375,25631,5506,0.011760795965495924,9432,0.02123395537969644
0,patch_18_22,4608,4864,5632,5888,65536,MSAVI,-0.11328125,33272,,,,
0,patch_18_22,4608,4864,5632,5888,65536,NDVI,-0.99609375,32264,4876,0.003649510417591484,10190,0.01088294756667152
0,patch_18_23,4608,4864,5888,6144,65536,MSAVI,-0.10546875,34646,,,,
0,patch_18_23,4608,4864,5888,6144,65536,NDVI,-0.99609375,30890,4054,0.0044172652270846186,7150,0.011772767708444432
0,patch_18_24,4608,4864,6144,6400,65536,MSAVI,-0.19140625,37127,,,,
0,patch_18_24,4608,4864,6144,6400,65536,NDVI,-0.99609375,28409,7670,0.00920794686258343,10550,0.01619164309129223
0,patch_18_25,4608,4864,6400,6656,65536,MSAVI,-0.16796875,37751,,,,
0,patch_18_25,4608,4864,6400,6656,65536,NDVI,-0.99609375,27785,7364,0.010227778816834843,8932,0.017824496428389125
0,patch_18_26,4608,4864,6656,6912,65536,MSAVI,-0.08984375,36214,,,,
0,patch_18_26,4608,4864,6656,6912,65536,NDVI,-0.99609375,29322,4346,0.006562261254012769,7004,0.01356818476549651
0,patch_18_27,4608,4864,6912,7168,65536,MSAVI,-0.16796875,38387,,,,
0,patch_18_27,4608,4864,6912,7168,65536,NDVI,-0.99609375,27149,5867,0.008407072572125099,8745,0.01601981076365183
0,patch_18_28,4608,4864,7168,7424,65536,MSAVI,-0.19140625,36458,,,,
0,patch_18_28,4608,4864,7168,7424,65536,NDVI,-0.99609375,29078,8246,0.008715737065252,11452,0.016787630585261698
0,patch_18_29,4608,4864,7424,7680,65536,MSAVI,-0.13671875,36128,,,,
0,patch_18_29,4608,4864,7424,7680,65536,NDVI,-0.99609375,29408,8872,0.008544716511166103,9788,0.015573474201467541
0,patch_18_30,4608,4864,7680,7936,65536,MSAVI,-0.12109375,36072,,,,
0,patch_18_30,4608,4864,7680,7936,65536,NDVI,-0.99609375,29464,10113,0.008946986255251616,12245,0.016592509310615178
0,patch_18_31,4608,4864,7936,8192,65536,MSAVI,-0.08984375,34283,,,,
0,patch_18_31,4608,4864,7936,8192,65536,NDVI,-0.99609375,31253,10643,0.0060508795553255446,14144,0.01534210070251521
0,patch_18_33,4608,4864,8448,8704,65536,MSAVI,0.0,65536,,,,
0,patch_18_33,4608,4864,8448,8704,65536,NDVI,0.0,0,0,0.0,0,0.009808042386020944
0,patch_19_0,4864,5120,0,256,65536,MSAVI,0.0,65536,,,,
0,patch_19_0,4864,5120,0,256,65536,NDVI,0.0,0,0,0.0,0,0.009808042386020944
0,patch_19_1,4864,5120,256,512,65536,MSAVI,0.0,65536,,,,
0,patch_19_1,4864,5120,256,512,65536,NDVI,0.0,0,0,0.0,0,0.009808042386020944
0,patch_19_4,4864,5120,1024,1280,65536,MSAVI,-0.16796875,39151,,,,
0,patch_19_4,4864,5120,1024,1280,65536,NDVI,-0.99609375,26385,7765,0.01084208944372686,9284,0.02061661746641355
0,patch_19_5,4864,5120,1280,1536,65536,MSAVI,-0.22265625,39220,,,,
0,patch_19_5,4864,5120,1280,1536,65536,NDVI,-0.99609375,26316,10788,0.012595499254420175,11743,0.019518580508669336
0,patch_19_6,4864,5120,1536,1792,65536,MSAVI,-0.23828125,34338,,,,
0,patch_19_6,4864,5120,1536,1792,65536,NDVI,-0.99609375,31198,13925,0.008551023806355279,15474,0.015362230677973904
0,patch_19_7,4864,5120,1792,2048,65536,MSAVI,-0.12109375,33657,,,,
0,patch_19_7,4864,5120,1792,2048,65536,NDVI,-0.99609375,31879,4727,0.002813366162564987,11418,0.012728272090360537
0,patch_19_8,4864,5120,2048,2304,65536,MSAVI,-0.11328125,36940,,,,
0,patch_19_8,4864,5120,2048,2304,65536,NDVI,-0.99609375,28596,8701,0.007308074819185023,12703,0.018748597404356887
0,patch_19_9,4864,5120,2304,2560,65536,MSAVI,-0.03515625,34740,,,,
0,patch_19_9,4864,5120,2304,2560,65536,NDVI,-0.99609375,30796,11676,0.0075244043226257995,15973,0.017524569256764155
0,patch_19_10,4864,5120,2560,2816,65536,MSAVI,-0.03515625,33737,,,,
0,patch_19_10,4864,5120,2560,2816,65536,NDVI,-0.99609375,31799,8385,0.005290403911200642,13158,0.013737442598987681
0,patch_19_11,4864,5120,2816,3072,65536,MSAVI,-0.11328125,35417,,,,
0,patch_19_11,4864,5120,2816,3072,65536,NDVI,-0.99609375,30119,3189,0.006252559978504754,7312,0.013155754791170954
0,patch_19_12,4864,5120,3072,3328,65536,MSAVI,-0.13671875,38762,,,,
0,patch_19_12,4864,5120,3072,3328,65536,NDVI,-0.99609375,26774,3652,0.01068949086058138,5775,0.019375243565058403
0,patch_19_13,4864,5120,3328,3584,65536,MSAVI,-0.18359375,36047,,,,
0,patch_19_13,4864,5120,3328,3584,65536,NDVI,-0.99609375,29489,9066,0.007917648431045629,12753,0.01799905926260212
0,patch_19_14,4864,5120,3584,3840,65536,MSAVI,-0.18359375,38718,,,,
0,patch_19_14,4864,5120,3584,3840,65536,NDVI,-0.99609375,26818,1599,0.008191842292348206,3593,0.01568888597097881
0,patch_19_15,4864,5120,3840,4096,65536,MSAVI,-0.09765625,34957,,,,
0,patch_19_15,4864,5120,3840,4096,65536,NDVI,-0.99609375,30579,8672,0.006869425210900587,12562,0.014916501828619116
0,patch_19_16,4864,5120,4096,4352,65536,MSAVI,-0.19140625,36942,,,,
0,patch_19_16,4864,5120,4096,4352,65536,NDVI,-0.99609375,28594,5754,0.008020915654803229,9146,0.01627684344718336
0,patch_19_17,4864,5120,4352,4608,65536,MSAVI,-0.19921875,48451,,,,
0,patch_19_17,4864,5120,4352,4608,65536,NDVI,-0.99609375,17085,11073,0.026375556115494164,11130,0.033645647228248005
0,patch_19_18,4864,5120,4608,4864,65536,MSAVI,-0.12890625,36218,,,,
0,patch_19_18,4864,5120,4608,4864,65536,NDVI,-0.99609375,29318,9055,0.0070084905838670025,14753,0.015521224383179683
0,patch_19_19,4864,5120,4864,5120,65536,MSAVI,-0.08203125,36154,,,,
0,patch_19_19,4864,5120,4864,5120,65536,NDVI,-0.99609375,29382,5570,0.005465111534302958,10876,0.014812653433929318
0,patch_19_20,4864,5120,5120,5376,65536,MSAVI,-0.12890625,39884,,,,
0,patch_19_20,4864,5120,5120,5376,65536,NDVI,-0.99609375,25652,6545,0.010647186637088996,7386,0.017609277312117505
0,patch_19_21,4864,5120,5376,5632,65536,MSAVI,-0.30859375,42451,,,,
0,patch_19_21,4864,5120,5376,5632,65536,NDVI,-0.99609375,23085,6950,0.015084312748407575,6920,0.022465309600253974
0,patch_19_22,4864,5120,5632,5888,65536,MSAVI,-0.16796875,36621,,,,
0,patch_19_22,4864,5120,5632,5888,65536,NDVI,-0.99609375,28915,5377,0.00723248291016787,8613,0.015440398945110345
0,patch_19_23,4864,5120,5888,6144,65536,MSAVI,-0.15234375,35454,,,,
0,patch_19_23,4864,5120,5888,6144,65536,NDVI,-0.99609375,30082,3479,0.0061313558493488185,7324,0.014206880432952096
0,patch_19_24,4864,5120,6144,6400,65536,MSAVI,-0.19140625,38736,,,,
0,patch_19_24,4864,5120,6144,6400,65536,NDVI,-0.99609375,26800,4318,0.009998737773083355,5596,0.01581659656250295
0,patch_19_25,4864,5120,6400,6656,65536,MSAVI,-0.04296875,37627,,,,
0,patch_19_25,4864,5120,6400,6656,65536,NDVI,-0.99609375,27909,9823,0.009065040487131165,11707,0.017587456770270904
0,patch_19_26,4864,5120,6656,6912,65536,MSAVI,-0.07421875,34606,,,,
0,patch_19_26,4864,5120,6656,6912,65536,NDVI,-0.99609375,30930,4171,0.004417784093547775,7255,0.013123555672606146
0,patch_19_27,4864,5120,6912,7168,65536,MSAVI,-0.20703125,38086,,,,
0,patch_19_27,4864,5120,6912,7168,65536,NDVI,-0.99609375,27450,6979,0.010195317489461828,8491,0.015840916273358624
0,patch_19_28,4864,5120,7168,7424,65536,MSAVI,-0.20703125,39126,,,,
0,patch_19_28,4864,5120,7168,7424,65536,NDVI,-0.99609375,26410,9827,0.015131870315929358,10683,0.018882288232605904
0,patch_19_29,4864,5120,7424,7680,65536,MSAVI,-0.10546875,36787,,,,
0,patch_19_29,4864,5120,7424,7680,65536,NDVI,-0.99609375,28749,9861,0.00797824661033096,11685,0.016782334176420027
0,patch_19_30,4864,5120,7680,7936,65536,MSAVI,-0.11328125,35290,,,,
0,patch_19_30,4864,5120,7680,7936,65536,NDVI,-0.99609375,30246,7493,0.00570178344476753,10916,0.015851338325835795
0,patch_19_31,4864,5120,7936,8192,65536,MSAVI,-0.07421875,36305,,,,
0,patch_19_31,4864,5120,7936,8192,65536,NDVI,-0.99609375,29231,5869,0.007494231550045916,7823,0.013488333068627484
0,patch_19_33,4864,5120,8448,8704,65536,MSAVI,0.0,65536,,,,
0,patch_19_33,4864,5120,8448,8704,65536,NDVI,0.0,0,0,0.0,0,0.009808042386020944
0,patch_20_0,5120,5376,0,256,65536,MSAVI,0.0,65536,,,,
0,patch_20_0,5120,5376,0,256,65536,NDVI,0.0,0,0,0.0,0,0.009808042386020944
0,patch_20_1,5120,5376,256,512,65536,MSAVI,0.0,65536,,,,
0,patch_20_1,5120,5376,256,512,65536,NDVI,0.0,0,0,0.0,0,0.009808042386020944
0,patch_20_3,5120,5376,768,1024,65536,MSAVI,-0.17578125,35563,,,,
0,patch_20_3,5120,5376,768,1024,65536,NDVI,-0.99609375,29973,8277,0.007843853657038102,11662,0.015914989360230974
0,patch_20_4,5120,5376,1024,1280,65536,MSAVI,-0.12890625,36291,,,,
0,patch_20_4,5120,5376,1024,1280,65536,NDVI,-0.99609375,29245,8672,0.008079232736158085,12061,0.01666393725699883
0,patch_20_5,5120,5376,1280,1536,65536,MSAVI,-0.12109375,35934,,,,
0,patch_20_5,5120,5376,1280,1536,65536,NDVI,-0.99609375,29602,8475,0.00757103641585008,12928,0.017303189873971198
0,patch_20_6,5120,5376,1536,1792,65536,MSAVI,-0.16796875,38470,,,,
0,patch_20_6,5120,5376,1536,1792,65536,NDVI,-0.99609375,27066,7366,0.01162770435549354,8257,0.016888693495116652
0,patch_20_7,5120,5376,1792,2048,65536,MSAVI,-0.08203125,35144,,,,
0,patch_20_7,5120,5376,1792,2048,65536,NDVI,-0.99609375,30392,9068,0.006838099996417588,13212,0.015280391796274023
0,patch_20_8,5120,5376,2048,2304,65536,MSAVI,0.08203125,32583,,,,
0,patch_20_8,5120,5376,2048,2304,65536,NDVI,-0.99609375,32953,10513,0.0042813714799486285,17068,0.013783012807766282
0,patch_20_9,5120,5376,2304,2560,65536,MSAVI,-0.13671875,35991,,,,
0,patch_20_9,5120,5376,2304,2560,65536,NDVI,-0.99609375,29545,15673,0.011770798921065362,16700,0.019455295946596673
0,patch_20_10,5120,5376,2560,2816,65536,MSAVI,-0.16015625,37932,,,,
0,patch_20_10,5120,5376,2560,2816,65536,NDVI,-0.99609375,27604,4968,0.008647239570374554,6369,0.01469283145284761
0,patch_20_11,5120,5376,2816,3072,65536,MSAVI,-0.17578125,39665,,,,
0,patch_20_11,5120,5376,2816,3072,65536,NDVI,-0.99609375,25871,8567,0.013211980833249704,65536,0.020474863886039835
0,patch_20_12,5120,5376,3072,3328,65536,MSAVI,-0.03515625,39253,,,,
0,patch_20_12,5120,5376,3072,3328,65536,NDVI,-0.99609375,26283,7545,0.010495474662859078,8742,0.019223491753742383
0,patch_20_13,5120,5376,3328,3584,65536,MSAVI,-0.16015625,38669,,,,
0,patch_20_13,5120,5376,3328,3584,65536,NDVI,-0.99609375,26867,5210,0.01033530388291369,6907,0.01737840784276412
0,patch_20_14,5120,5376,3584,3840,65536,MSAVI,-0.03515625,35009,,,,
0,patch_20_14,5120,5376,3584,3840,65536,NDVI,-0.99609375,30527,7578,0.006309158909117485,9184,0.01298755417467548
0,patch_20_15,5120,5376,3840,4096,65536,MSAVI,-0.07421875,31586,,,,
0,patch_20_15,5120,5376,3840,4096,65536,NDVI,-0.99609375,33950,14795,0.005034599983691768,17729,0.014034958836219608
0,patch_20_16,5120,5376,4096,4352,65536,MSAVI,-0.23046875,37205,,,,
0,patch_20_16,5120,5376,4096,4352,65536,NDVI,-0.99609375,28331,15277,0.014095464510807981,16134,0.0208242024033041
0,patch_20_17,5120,5376,4352,4608,65536,MSAVI,-0.10546875,40008,,,,
0,patch_20_17,5120,5376,4352,4608,65536,NDVI,-0.99609375,25528,11314,0.015191152847910588,11553,0.022221964299439095
0,patch_20_18,5120,5376,4608,4864,65536,MSAVI,-0.16796875,33316,,,,
0,patch_20_18,5120,5376,4608,4864,65536,NDVI,-0.99609375,32220,9009,0.004570102236582663,13617,0.01252265540449024
0,patch_20_19,5120,5376,4864,5120,65536,MSAVI,-0.12890625,32588,,,,
0,patch_20_19,5120,5376,4864,5120,65536,NDVI,-0.99609375,32948,5588,0.0035400451567647317,12941,0.01189917006230698
0,patch_20_20,5120,5376,5120,5376,65536,MSAVI,-0.19140625,37965,,,,
0,patch_20_20,5120,5376,5120,5376,65536,NDVI,-0.99609375,27571,7224,0.009850880065448639,9149,0.01898805770779688
0,patch_20_21,5120,5376,5376,5632,65536,MSAVI,-0.16015625,38576,,,,
0,patch_20_21,5120,5376,5376,5632,65536,NDVI,-0.99609375,26960,7030,0.010583161023583684,7212,0.016403492148472615
0,patch_20_22,5120,5376,5632,5888,65536,MSAVI,-0.16796875,37081,,,,
0,patch_20_22,5120,5376,5632,5888,65536,NDVI,-0.99609375,28455,4537,0.00762259188663908,7411,0.016013316799571242
0,patch_20_23,5120,5376,5888,6144,65536,MSAVI,-0.17578125,36873,,,,
0,patch_20_23,5120,5376,5888,6144,65536,NDVI,-0.99609375,28663,12646,0.011773962525651702,14842,0.0215072389574677
0,patch_20_24,5120,5376,6144,6400,65536,MSAVI,-0.20703125,38027,,,,
0,patch_20_24,5120,5376,6144,6400,65536,NDVI,-0.99609375,27509,16399,0.01553798826892297,17165,0.021935304426668634
0,patch_20_25,5120,5376,6400,6656,65536,MSAVI,-0.01953125,34597,,,,
0,patch_20_25,5120,5376,6400,6656,65536,NDVI,-0.99609375,30939,11176,0.00668723830508175,14443,0.01671481020274937
0,patch_20_26,5120,5376,6656,6912,65536,MSAVI,-0.12890625,34154,,,,
0,patch_20_26,5120,5376,6656,6912,65536,NDVI,-0.99609375,31382,9021,0.006706181782393933,13418,0.01622689975828928
0,patch_20_27,5120,5376,6912,7168,65536,MSAVI,-0.07421875,38535,,,,
0,patch_20_27,5120,5376,6912,7168,65536,NDVI,-0.99609375,27001,7886,0.010586771051861427,10968,0.018926563015994713
0,patch_20_28,5120,5376,7168,7424,65536,MSAVI,-0.19921875,38948,,,,
0,patch_20_28,5120,5376,7168,7424,65536,NDVI,-0.99609375,26588,4818,0.009717381624243002,6671,0.017316635378903378
0,patch_20_29,5120,5376,7424,7680,65536,MSAVI,-0.25390625,36316,,,,
0,patch_20_29,5120,5376,7424,7680,65536,NDVI,-0.99609375,29220,5804,0.0070686703543533375,8209,0.014511930094577546
0,patch_20_30,5120,5376,7680,7936,65536,MSAVI,-0.05078125,36678,,,,
0,patch_20_30,5120,5376,7680,7936,65536,NDVI,-0.99609375,28858,6139,0.008350010696284549,6360,0.013857468582097215
0,patch_20_33,5120,5376,8448,8704,65536,MSAVI,0.0,65536,,,,
0,patch_20_33,5120,5376,8448,8704,65536,NDVI,0.0,0,0,0.0,0,0.009808042386020944
0,patch_21_0,5376,5632,0,256,65536,MSAVI,0.0,65536,,,,
0,patch_21_0,5376,5632,0,256,65536,NDVI,0.0,0,0,0.0,0,0.009808042386020944
0,patch_21_1,5376,5632,256,512,65536,MSAVI,0.0,65536,,,,
0,patch_21_1,5376,5632,256,512,65536,NDVI,0.0,0,0,0.0,0,0.009808042386020944
0,patch_21_3,5376,5632,768,1024,65536,MSAVI,-0.22265625,36304,,,,
0,patch_21_3,5376,5632,768,1024,65536,NDVI,-0.99609375,29232,10300,0.009566441911247003,14465,0.01867147306978964
0,patch_21_4,5376,5632,1024,1280,65536,MSAVI,-0.23828125,41771,,,,
0,patch_21_4,5376,5632,1024,1280,65536,NDVI,-0.99609375,23765,11484,0.01780178702414051,11112,0.022299402061193407
0,patch_21_5,5376,5632,1280,1536,65536,MSAVI,-0.23046875,45933,,,,
0,patch_21_5,5376,5632,1280,1536,65536,NDVI,-0.99609375,19603,13573,0.024151961996769347,65536,0.030385262509712102
0,patch_21_6,5376,5632,1536,1792,65536,MSAVI,-0.20703125,37326,,,,
0,patch_21_6,5376,5632,1536,1792,65536,NDVI,-0.99609375,28210,5553,0.008218752596588025,9411,0.01828185687727299
0,patch_21_7,5376,5632,1792,2048,65536,MSAVI,-0.10546875,33746,,,,
0,patch_21_7,5376,5632,1792,2048,65536,NDVI,-0.99609375,31790,9328,0.005160524288572332,13184,0.013783787502086003
0,patch_21_8,5376,5632,2048,2304,65536,MSAVI,-0.08203125,32781,,,,
0,patch_21_8,5376,5632,2048,2304,65536,NDVI,-0.99609375,32755,10251,0.004239360296439912,15398,0.015069028570305176
0,patch_21_9,5376,5632,2304,2560,65536,MSAVI,-0.05859375,35250,,,,
0,patch_21_9,5376,5632,2304,2560,65536,NDVI,-0.99609375,30286,14934,0.008985443915694932,17222,0.01888351152020812
0,patch_21_10,5376,5632,2560,2816,65536,MSAVI,-0.14453125,37442,,,,
0,patch_21_10,5376,5632,2560,2816,65536,NDVI,-0.99609375,28094,3320,0.00863070451150555,5703,0.01585459486406579
0,patch_21_11,5376,5632,2816,3072,65536,MSAVI,-0.19140625,39336,,,,
0,patch_21_11,5376,5632,2816,3072,65536,NDVI,-0.99609375,26200,3838,0.009778738787492094,6253,0.019393689148992088
0,patch_21_12,5376,5632,3072,3328,65536,MSAVI,-0.28515625,40396,,,,
0,patch_21_12,5376,5632,3072,3328,65536,NDVI,-0.99609375,25140,7864,0.015099103420522647,7708,0.022231364294309996
0,patch_21_13,5376,5632,3328,3584,65536,MSAVI,-0.02734375,36694,,,,
0,patch_21_13,5376,5632,3328,3584,65536,NDVI,-0.99609375,28842,4885,0.0063033098868944815,8790,0.015194443384699441
0,patch_21_14,5376,5632,3584,3840,65536,MSAVI,-0.02734375,33876,,,,
0,patch_21_14,5376,5632,3584,3840,65536,NDVI,-0.99609375,31660,5997,0.004799716493401038,10895,0.01391795878977417
0,patch_21_15,5376,5632,3840,4096,65536,MSAVI,-0.06640625,33374,,,,
0,patch_21_15,5376,5632,3840,4096,65536,NDVI,-0.99609375,32162,7051,0.004130219577826416,13394,0.014459549575765812
0,patch_21_16,5376,5632,4096,4352,65536,MSAVI,-0.19140625,34898,,,,
0,patch_21_16,5376,5632,4096,4352,65536,NDVI,-0.99609375,30638,8017,0.005985428539673779,11864,0.014378357284583587
0,patch_21_17,5376,5632,4352,4608,65536,MSAVI,-0.14453125,33221,,,,
0,patch_21_17,5376,5632,4352,4608,65536,NDVI,-0.99609375,32315,16950,0.010230108960430487,65536,0.016270038735498232
0,patch_21_18,5376,5632,4608,4864,65536,MSAVI,-0.05859375,32354,,,,
0,patch_21_18,5376,5632,4608,4864,65536,NDVI,-0.99609375,33182,9354,0.004445623030652213,14516,0.012933056401401022
0,patch_21_19,5376,5632,4864,5120,65536,MSAVI,-0.08203125,35203,,,,
0,patch_21_19,5376,5632,4864,5120,65536,NDVI,-0.99609375,30333,7236,0.007607049736629581,10103,0.01494686118327615
0,patch_21_20,5376,5632,5120,5376,65536,MSAVI,-0.12890625,41432,,,,
0,patch_21_20,5376,5632,5120,5376,65536,NDVI,-0.99609375,24104,7182,0.01605016199199727,7915,0.023512511914940637
0,patch_21_21,5376,5632,5376,5632,65536,MSAVI,-0.12890625,42091,,,,
0,patch_21_21,5376,5632,5376,5632,65536,NDVI,-0.52734375,23444,11792,0.024860432635121985,65536,0.024172090325215084
0,patch_21_22,5376,5632,5632,5888,65536,MSAVI,-0.11328125,36508,,,,
0,patch_21_22,5376,5632,5632,5888,65536,NDVI,-0.99609375,29028,2956,0.006224524879638399,5649,0.014223910795663708
0,patch_21_23,5376,5632,5888,6144,65536,MSAVI,0.09765625,37403,,,,
0,patch_21_23,5376,5632,5888,6144,65536,NDVI,-0.99609375,28133,5698,0.008642433234770777,9109,0.01823314518756955
0,patch_21_24,5376,5632,6144,6400,65536,MSAVI,-0.03515625,36093,,,,
0,patch_21_24,5376,5632,6144,6400,65536,NDVI,-0.99609375,29443,4072,0.006304016522022476,8440,0.013901631274160497
0,patch_21_25,5376,5632,6400,6656,65536,MSAVI,0.01953125,35613,,,,
0,patch_21_25,5376,5632,6400,6656,65536,NDVI,-0.99609375,29923,11414,0.006776342610606889,14660,0.01663064529341049
0,patch_21_26,5376,5632,6656,6912,65536,MSAVI,-0.06640625,31911,,,,
0,patch_21_26,5376,5632,6656,6912,65536,NDVI,-0.99609375,33625,12568,0.004185354796870017,20098,0.015364854351802515
0,patch_21_27,5376,5632,6912,7168,65536,MSAVI,-0.05078125,37157,,,,
0,patch_21_27,5376,5632,6912,7168,65536,NDVI,-0.99609375,28379,14387,0.015113622125665888,14764,0.020498896269214695
0,patch_21_28,5376,5632,7168,7424,65536,MSAVI,-0.14453125,37232,,,,
0,patch_21_28,5376,5632,7168,7424,65536,NDVI,-0.99609375,28304,13000,0.01288250031575941,12804,0.0194885106520023
0,patch_21_29,5376,5632,7424,7680,65536,MSAVI,-0.15234375,36670,,,,
0,patch_21_29,5376,5632,7424,7680,65536,NDVI,-0.99609375,28866,7776,0.008904812461484016,8406,0.015544820757839473
0,patch_21_30,5376,5632,7680,7936,65536,MSAVI,-0.17578125,35418,,,,
0,patch_21_30,5376,5632,7680,7936,65536,NDVI,-0.99609375,30118,3910,0.005477825804419426,7117,0.014253491430241183
0,patch_21_32,5376,5632,8192,8448,65536,MSAVI,0.0,65536,,,,
0,patch_21_32,5376,5632,8192,8448,65536,NDVI,0.0,0,0,0.0,0,0.009808042386020944
0,patch_21_33,5376,5632,8448,8704,65536,MSAVI,0.0,65536,,,,
0,patch_21_33,5376,5632,8448,8704,65536,NDVI,0.0,0,0,0.0,0,0.009808042386020944
0,patch_22_0,5632,5888,0,256,65536,MSAVI,0.0,65536,,,,
0,patch_22_0,5632,5888,0,256,65536,NDVI,0.0,0,0,0.0,0,0.009808042386020944
0,patch_22_3,5632,5888,768,1024,65536,MSAVI,-0.19921875,36926,,,,
0,patch_22_3,5632,5888,768,1024,65536,NDVI,-0.99609375,28610,8783,0.008693080183573593,11416,0.01814038094346826
0,patch_22_4,5632,5888,1024,1280,65536,MSAVI,-0.03515625,36336,,,,
0,patch_22_4,5632,5888,1024,1280,65536,NDVI,-0.99609375,29200,5963,0.006560961540130306,10466,0.017223531531385367
0,patch_22_5,5632,5888,1280,1536,65536,MSAVI,-0.16796875,34684,,,,
0,patch_22_5,5632,5888,1280,1536,65536,NDVI,-0.99609375,30852,9952,0.007121330555996064,12414,0.01657086732751517
0,patch_22_6,5632,5888,1536,1792,65536,MSAVI,-0.14453125,34713,,,,
0,patch_22_6,5632,5888,1536,1792,65536,NDVI,-0.99609375,30823,9823,0.005779770095530559,14483,0.014255030545694075
0,patch_22_7,5632,5888,1792,2048,65536,MSAVI,-0.05078125,33477,,,,
0,patch_22_7,5632,5888,1792,2048,65536,NDVI,-0.99609375,32059,8467,0.004510671749502232,15011,0.01560481104955444
0,patch_22_8,5632,5888,2048,2304,65536,MSAVI,0.04296875,37719,,,,
0,patch_22_8,5632,5888,2048,2304,65536,NDVI,-0.99609375,27817,11104,0.010997388634647415,13648,0.019764015451889744
0,patch_22_9,5632,5888,2304,2560,65536,MSAVI,-0.13671875,37207,,,,
0,patch_22_9,5632,5888,2304,2560,65536,NDVI,-0.99609375,28329,4742,0.007791523158090924,7569,0.01590650566414531
0,patch_22_10,5632,5888,2560,2816,65536,MSAVI,-0.19921875,36884,,,,
0,patch_22_10,5632,5888,2560,2816,65536,NDVI,-0.99609375,28652,2893,0.006972641003415991,5168,0.014843599564239363
0,patch_22_11,5632,5888,2816,3072,65536,MSAVI,-0.19921875,38668,,,,
0,patch_22_11,5632,5888,2816,3072,65536,NDVI,-0.99609375,26868,2013,0.008016921083436435,3373,0.01631591924740225
0,patch_22_12,5632,5888,3072,3328,65536,MSAVI,-0.26953125,40416,,,,
0,patch_22_12,5632,5888,3072,3328,65536,NDVI,-0.99609375,25120,4448,0.01229329629697995,6375,0.01950997530309423
0,patch_22_13,5632,5888,3328,3584,65536,MSAVI,-0.13671875,39245,,,,
0,patch_22_13,5632,5888,3328,3584,65536,NDVI,-0.99609375,26291,2855,0.009440738008776262,5421,0.01632279011490359
0,patch_22_14,5632,5888,3584,3840,65536,MSAVI,-0.14453125,36962,,,,
0,patch_22_14,5632,5888,3584,3840,65536,NDVI,-0.99609375,28574,3819,0.008426940788082982,5762,0.014696011547538274
0,patch_22_15,5632,5888,3840,4096,65536,MSAVI,-0.15234375,35780,,,,
0,patch_22_15,5632,5888,3840,4096,65536,NDVI,-0.99609375,29756,5083,0.006531742161717327,8191,0.014057441391400555
0,patch_22_16,5632,5888,4096,4352,65536,MSAVI,-0.01953125,33655,,,,
0,patch_22_16,5632,5888,4096,4352,65536,NDVI,-0.99609375,31881,7915,0.005423301401811714,11841,0.01339340839349415
0,patch_22_17,5632,5888,4352,4608,65536,MSAVI,-0.04296875,32278,,,,
0,patch_22_17,5632,5888,4352,4608,65536,NDVI,-0.99609375,33258,8004,0.0032658990656925235,15223,0.013284905030853417
0,patch_22_18,5632,5888,4608,4864,65536,MSAVI,-0.12890625,36368,,,,
0,patch_22_18,5632,5888,4608,4864,65536,NDVI,-0.99609375,29168,7615,0.007847654185048236,10113,0.016613461904806476
0,patch_22_19,5632,5888,4864,5120,65536,MSAVI,-0.17578125,41983,,,,
0,patch_22_19,5632,5888,4864,5120,65536,NDVI,-0.99609375,23553,7332,0.015235011850560615,65536,0.021869160166882368
0,patch_22_20,5632,5888,5120,5376,65536,MSAVI,-0.23046875,38658,,,,
0,patch_22_20,5632,5888,5120,5376,65536,NDVI,-0.99609375,26878,4483,0.00952492087144885,6168,0.015919683682890484
0,patch_22_21,5632,5888,5376,5632,65536,MSAVI,-0.22265625,39341,,,,
0,patch_22_21,5632,5888,5376,5632,65536,NDVI,-0.99609375,26195,3655,0.010529711954995163,5571,0.01659337298706831
0,patch_22_22,5632,5888,5632,5888,65536,MSAVI,-0.01171875,39549,,,,
0,patch_22_22,5632,5888,5632,5888,65536,NDVI,-0.99609375,25987,8363,0.011051404062807413,8999,0.018081104958996258
0,patch_22_23,5632,5888,5888,6144,65536,MSAVI,-0.12109375,39530,,,,
0,patch_22_23,5632,5888,5888,6144,65536,NDVI,-0.99609375,26006,7574,0.012699920173923046,9425,0.019578799682620274
0,patch_22_24,5632,5888,6144,6400,65536,MSAVI,-0.19140625,32861,,,,
0,patch_22_24,5632,5888,6144,6400,65536,NDVI,-0.99609375,32675,19498,0.0084229113243144,65466,0.017134167579002102
0,patch_22_25,5632,5888,6400,6656,65536,MSAVI,-0.10546875,33270,,,,
0,patch_22_25,5632,5888,6400,6656,65536,NDVI,-0.99609375,32266,14913,0.005671552771896585,17824,0.016270694995968338
0,patch_22_26,5632,5888,6656,6912,65536,MSAVI,-0.16015625,32727,,,,
0,patch_22_26,5632,5888,6656,6912,65536,NDVI,-0.99609375,32809,12034,0.004831716414831155,17635,0.015570909084088702
0,patch_22_27,5632,5888,6912,7168,65536,MSAVI,-0.14453125,30292,,,,
0,patch_22_27,5632,5888,6912,7168,65536,NDVI,-0.99609375,35244,18946,0.004438103543553201,25926,0.016676061359647526
0,patch_22_28,5632,5888,7168,7424,65536,MSAVI,-0.19921875,38597,,,,
0,patch_22_28,5632,5888,7168,7424,65536,NDVI,-0.99609375,26939,8179,0.011062546731078399,9733,0.017910754630551445
0,patch_22_29,5632,5888,7424,7680,65536,MSAVI,-0.03515625,38562,,,,
0,patch_22_29,5632,5888,7424,7680,65536,NDVI,-0.99609375,26974,5820,0.008873010683251206,6946,0.016575696835126885
0,patch_22_30,5632,5888,7680,7936,65536,MSAVI,-0.14453125,38295,,,,
0,patch_22_30,5632,5888,7680,7936,65536,NDVI,-0.99609375,27241,4927,0.008602956789816374,5663,0.014454066394842674
0,patch_22_32,5632,5888,8192,8448,65536,MSAVI,0.0,65536,,,,
0,patch_22_32,5632,5888,8192,8448,65536,NDVI,0.0,0,0,0.0,0,0.009808042386020944
0,patch_22_33,5632,5888,8448,8704,65536,MSAVI,0.0,65536,,,,
0,patch_22_33,5632,5888,8448,8704,65536,NDVI,0.0,0,0,0.0,0,0.009808042386020944
0,patch_23_0,5888,6144,0,256,65536,MSAVI,0.0,65536,,,,
0,patch_23_0,5888,6144,0,256,65536,NDVI,0.0,0,0,0.0,0,0.009808042386020944
0,patch_23_2,5888,6144,512,768,65536,MSAVI,-0.32421875,40954,,,,
0,patch_23_2,5888,6144,512,768,65536,NDVI,-0.99609375,24582,5678,0.012708581434173805,6502,0.01955045474344358
0,patch_23_3,5888,6144,768,1024,65536,MSAVI,-0.08203125,35171,,,,
0,patch_23_3,5888,6144,768,1024,65536,NDVI,-0.99609375,30365,12325,0.006183107607683591,15889,0.014654452091419606
0,patch_23_4,5888,6144,1024,1280,65536,MSAVI,-0.03515625,37438,,,,
0,patch_23_4,5888,6144,1024,1280,65536,NDVI,-0.99609375,28098,9287,0.010732643902781919,11527,0.018617461845483324
0,patch_23_5,5888,6144,1280,1536,65536,MSAVI,-0.07421875,37461,,,,
0,patch_23_5,5888,6144,1280,1536,65536,NDVI,-0.99609375,28075,9168,0.011320948526120006,11239,0.019321968364073933
0,patch_23_6,5888,6144,1536,1792,65536,MSAVI,-0.16015625,35952,,,,
0,patch_23_6,5888,6144,1536,1792,65536,NDVI,-0.99609375,29584,5871,0.0077786934856168555,7632,0.013652905554498024
0,patch_23_7,5888,6144,1792,2048,65536,MSAVI,-0.14453125,37745,,,,
0,patch_23_7,5888,6144,1792,2048,65536,NDVI,-0.99609375,27791,8267,0.009823366945363884,10710,0.016322374638907428
0,patch_23_8,5888,6144,2048,2304,65536,MSAVI,-0.16015625,36594,,,,
0,patch_23_8,5888,6144,2048,2304,65536,NDVI,-0.99609375,28942,10110,0.009099081473763648,12211,0.018706389893416803
0,patch_23_9,5888,6144,2304,2560,65536,MSAVI,-0.04296875,35746,,,,
0,patch_23_9,5888,6144,2304,2560,65536,NDVI,-0.99609375,29790,7470,0.00798219180227161,10450,0.014808276905695389
0,patch_23_10,5888,6144,2560,2816,65536,MSAVI,-0.07421875,36740,,,,
0,patch_23_10,5888,6144,2560,2816,65536,NDVI,-0.99609375,28796,4641,0.007556231244942729,6264,0.014914193787631674
0,patch_23_11,5888,6144,2816,3072,65536,MSAVI,-0.36328125,40704,,,,
0,patch_23_11,5888,6144,2816,3072,65536,NDVI,-0.99609375,24832,6441,0.014492981358118412,6679,0.020803737173952452
0,patch_23_12,5888,6144,3072,3328,65536,MSAVI,-0.13671875,38061,,,,
0,patch_23_12,5888,6144,3072,3328,65536,NDVI,-0.99609375,27475,4414,0.010277880295486208,7040,0.019682498344138544
0,patch_23_13,5888,6144,3328,3584,65536,MSAVI,-0.10546875,33464,,,,
0,patch_23_13,5888,6144,3328,3584,65536,NDVI,-0.99609375,32072,5109,0.0031775160289094356,11244,0.014141374781341087
0,patch_23_14,5888,6144,3584,3840,65536,MSAVI,-0.09765625,37023,,,,
0,patch_23_14,5888,6144,3584,3840,65536,NDVI,-0.99609375,28513,3896,0.00849380537506586,6022,0.015124298320183749
0,patch_23_15,5888,6144,3840,4096,65536,MSAVI,-0.04296875,39191,,,,
0,patch_23_15,5888,6144,3840,4096,65536,NDVI,-0.99609375,26345,9397,0.01251278873269715,10971,0.02219112449545349
0,patch_23_16,5888,6144,4096,4352,65536,MSAVI,-0.07421875,38777,,,,
0,patch_23_16,5888,6144,4096,4352,65536,NDVI,-0.99609375,26759,9912,0.012087303160518453,9747,0.01811841480533921
0,patch_23_17,5888,6144,4352,4608,65536,MSAVI,-0.16796875,35683,,,,
0,patch_23_17,5888,6144,4352,4608,65536,NDVI,-0.99609375,29853,4397,0.007327484543127191,8100,0.01315712186861459
0,patch_23_18,5888,6144,4608,4864,65536,MSAVI,-0.05078125,37863,,,,
0,patch_23_18,5888,6144,4608,4864,65536,NDVI,-0.99609375,27673,7529,0.009652506587142506,10456,0.017015780514153006
0,patch_23_19,5888,6144,4864,5120,65536,MSAVI,-0.04296875,40564,,,,
0,patch_23_19,5888,6144,4864,5120,65536,NDVI,-0.99609375,24972,3758,0.011585415782100872,5842,0.020116461534474633
0,patch_23_20,5888,6144,5120,5376,65536,MSAVI,-0.01171875,41519,,,,
0,patch_23_20,5888,6144,5120,5376,65536,NDVI,-0.99609375,24017,3492,0.012215847405454255,4428,0.019013253289273335
0,patch_23_21,5888,6144,5376,5632,65536,MSAVI,-0.18359375,37277,,,,
0,patch_23_21,5888,6144,5376,5632,65536,NDVI,-0.99609375,28259,2529,0.007841041233368345,3785,0.014728955499027335
0,patch_23_22,5888,6144,5632,5888,65536,MSAVI,-0.16796875,37524,,,,
0,patch_23_22,5888,6144,5632,5888,65536,NDVI,-0.99609375,28012,6634,0.007404260851222713,8105,0.015508793924331993
0,patch_23_23,5888,6144,5888,6144,65536,MSAVI,-0.19921875,40776,,,,
0,patch_23_23,5888,6144,5888,6144,65536,NDVI,-0.99609375,24760,3074,0.011830435822124341,4370,0.018717486420002205
0,patch_23_24,5888,6144,6144,6400,65536,MSAVI,-0.16796875,38446,,,,
0,patch_23_24,5888,6144,6144,6400,65536,NDVI,-0.99609375,27090,7921,0.00995757167290165,10549,0.018880625515692168
0,patch_23_25,5888,6144,6400,6656,65536,MSAVI,-0.09765625,31119,,,,
0,patch_23_25,5888,6144,6400,6656,65536,NDVI,-0.99609375,34417,10670,0.0032174001365274096,17660,0.01308296504238507
0,patch_23_26,5888,6144,6656,6912,65536,MSAVI,-0.16796875,38349,,,,
0,patch_23_26,5888,6144,6656,6912,65536,NDVI,-0.99609375,27187,18588,0.016281730555064766,19065,0.025361576887302728
0,patch_23_27,5888,6144,6912,7168,65536,MSAVI,-0.15234375,36046,,,,
0,patch_23_27,5888,6144,6912,7168,65536,NDVI,-0.99609375,29490,9715,0.0096183740814203,12087,0.015648644356410835
0,patch_23_28,5888,6144,7168,7424,65536,MSAVI,-0.06640625,37402,,,,
0,patch_23_28,5888,6144,7168,7424,65536,NDVI,-0.99609375,28134,12496,0.010931783076026921,12499,0.020357775235761322
0,patch_23_29,5888,6144,7424,7680,65536,MSAVI,-0.32421875,42660,,,,
0,patch_23_29,5888,6144,7424,7680,65536,NDVI,-0.99609375,22876,11308,0.01775795372589649,65536,0.02319396064411372
0,patch_23_30,5888,6144,7680,7936,65383,MSAVI,-0.14453125,40736,,,,
0,patch_23_30,5888,6144,7680,7936,65383,NDVI,-0.99609375,24800,9007,0.013759207971804577,8945,0.019196295347599118
0,patch_23_32,5888,6144,8192,8448,65536,MSAVI,0.0,65536,,,,
0,patch_23_32,5888,6144,8192,8448,65536,NDVI,0.0,0,0,0.0,0,0.009808042386020944
0,patch_23_33,5888,6144,8448,8704,65536,MSAVI,0.0,65536,,,,
0,patch_23_33,5888,6144,8448,8704,65536,NDVI,0.0,0,0,0.0,0,0.009808042386020944
0,patch_24_0,6144,6400,0,256,65536,MSAVI,0.0,65536,,,,
0,patch_24_0,6144,6400,0,256,65536,NDVI,0.0,0,0,0.0,0,0.009808042386020944
0,patch_24_2,6144,6400,512,768,65536,MSAVI,-0.05859375,38038,,,,
0,patch_24_2,6144,6400,512,768,65536,NDVI,-0.99609375,27498,10952,0.009306715468929819,11407,0.0180397073974696
0,patch_24_3,6144,6400,768,1024,65536,MSAVI,-0.09765625,37722,,,,
0,patch_24_3,6144,6400,768,1024,65536,NDVI,-0.99609375,27814,12256,0.010630249466864514,13807,0.019683771468747585
0,patch_24_4,6144,6400,1024,1280,65536,MSAVI,-0.12890625,37474,,,,
0,patch_24_4,6144,6400,1024,1280,65536,NDVI,-0.99609375,28062,7480,0.010761612138077775,9653,0.01700044465533923
0,patch_24_5,6144,6400,1280,1536,65536,MSAVI,-0.20703125,36156,,,,
0,patch_24_5,6144,6400,1280,1536,65536,NDVI,-0.99609375,29380,5596,0.006243125881190081,8404,0.013568464345841608
0,patch_24_6,6144,6400,1536,1792,65536,MSAVI,-0.14453125,34181,,,,
0,patch_24_6,6144,6400,1536,1792,65536,NDVI,-0.99609375,31355,9330,0.005986389820712243,14214,0.014966314410228276
0,patch_24_7,6144,6400,1792,2048,65536,MSAVI,-0.09765625,34128,,,,
0,patch_24_7,6144,6400,1792,2048,65536,NDVI,-0.99609375,31408,8768,0.006628040031307375,11821,0.013995864402366748
0,patch_24_8,6144,6400,2048,2304,65536,MSAVI,0.01171875,35592,,,,
0,patch_24_8,6144,6400,2048,2304,65536,NDVI,-0.99609375,29944,10440,0.007392520383679255,15780,0.017406082461495304
0,patch_24_9,6144,6400,2304,2560,65536,MSAVI,-0.15234375,35064,,,,
0,patch_24_9,6144,6400,2304,2560,65536,NDVI,-0.99609375,30472,4118,0.005223689675324494,8286,0.015650773042569177
0,patch_24_10,6144,6400,2560,2816,65536,MSAVI,-0.05859375,36975,,,,
0,patch_24_10,6144,6400,2560,2816,65536,NDVI,-0.49609375,28559,2076,0.006883241826404152,3792,0.013389365984376927
0,patch_24_11,6144,6400,2816,3072,65536,MSAVI,-0.15234375,45353,,,,
0,patch_24_11,6144,6400,2816,3072,65536,NDVI,-0.99609375,20183,16014,0.02234301263059983,65536,0.029978000213269962
0,patch_24_12,6144,6400,3072,3328,65536,MSAVI,-0.28515625,42730,,,,
0,patch_24_12,6144,6400,3072,3328,65536,NDVI,-0.99609375,22806,5758,0.016140101702263376,5780,0.022307598896572106
0,patch_24_13,6144,6400,3328,3584,65536,MSAVI,-0.09765625,37005,,,,
0,patch_24_13,6144,6400,3328,3584,65536,NDVI,-0.99609375,28531,7963,0.006560938698106922,12942,0.01822157698787677
0,patch_24_14,6144,6400,3584,3840,65536,MSAVI,-0.18359375,33710,,,,
0,patch_24_14,6144,6400,3584,3840,65536,NDVI,-0.99609375,31826,10026,0.004990653438913251,15217,0.014083438177520113
0,patch_24_15,6144,6400,3840,4096,65536,MSAVI,-0.08203125,37891,,,,
0,patch_24_15,6144,6400,3840,4096,65536,NDVI,-0.99609375,27645,8593,0.009589743759230246,11169,0.019586225554497655
0,patch_24_16,6144,6400,4096,4352,65536,MSAVI,-0.15234375,39065,,,,
0,patch_24_16,6144,6400,4096,4352,65536,NDVI,-0.99609375,26471,6549,0.010264217626392347,8310,0.01985643228512121
0,patch_24_17,6144,6400,4352,4608,65536,MSAVI,-0.19140625,35525,,,,
0,patch_24_17,6144,6400,4352,4608,65536,NDVI,-0.99609375,30011,8811,0.008200169884272149,10992,0.015784268027729614
0,patch_24_18,6144,6400,4608,4864,65536,MSAVI,-0.05859375,38179,,,,
0,patch_24_18,6144,6400,4608,4864,65536,NDVI,-0.99609375,27357,8561,0.008980887317430797,11808,0.019263191907308297
0,patch_24_19,6144,6400,4864,5120,65536,MSAVI,-0.05859375,38474,,,,
0,patch_24_19,6144,6400,4864,5120,65536,NDVI,-0.99609375,27062,13134,0.012511403788939238,14236,0.021565449172790907
0,patch_24_20,6144,6400,5120,5376,65536,MSAVI,-0.18359375,40390,,,,
0,patch_24_20,6144,6400,5120,5376,65536,NDVI,-0.99609375,25146,7158,0.015431436238666663,9337,0.022368140167402212
0,patch_24_21,6144,6400,5376,5632,65536,MSAVI,-0.08984375,37432,,,,
0,patch_24_21,6144,6400,5376,5632,65536,NDVI,-0.99609375,28104,4693,0.00844690926047953,6450,0.01572821891427964
0,patch_24_22,6144,6400,5632,5888,65536,MSAVI,-0.24609375,34976,,,,
0,patch_24_22,6144,6400,5632,5888,65536,NDVI,-0.99609375,30560,14699,0.009558887819489076,17466,0.018822225213336125
0,patch_24_23,6144,6400,5888,6144,65536,MSAVI,-0.19140625,36247,,,,
0,patch_24_23,6144,6400,5888,6144,65536,NDVI,-0.99609375,29289,11524,0.01015785018966768,13835,0.019690901592375493
0,patch_24_24,6144,6400,6144,6400,65536,MSAVI,-0.17578125,38078,,,,
0,patch_24_24,6144,6400,6144,6400,65536,NDVI,-0.99609375,27458,5295,0.009542335944984867,7465,0.016589800861936427
0,patch_24_25,6144,6400,6400,6656,65536,MSAVI,-0.06640625,34405,,,,
0,patch_24_25,6144,6400,6400,6656,65536,NDVI,-0.99609375,31131,13694,0.011197901496379142,65303,0.01703182268860079
0,patch_24_26,6144,6400,6656,6912,65536,MSAVI,-0.07421875,35873,,,,
0,patch_24_26,6144,6400,6656,6912,65536,NDVI,-0.99609375,29663,9967,0.006143081849974141,13046,0.01665726431568984
0,patch_24_27,6144,6400,6912,7168,65536,MSAVI,-0.01953125,33180,,,,
0,patch_24_27,6144,6400,6912,7168,65536,NDVI,-0.99609375,32356,17545,0.009068807533606449,19209,0.018408797929254955
0,patch_24_28,6144,6400,7168,7424,65536,MSAVI,-0.05078125,36193,,,,
0,patch_24_28,6144,6400,7168,7424,65536,NDVI,-0.99609375,29343,7864,0.008781634181935949,9303,0.015554805834534113
0,patch_24_29,6144,6400,7424,7680,65536,MSAVI,-0.09765625,35486,,,,
0,patch_24_29,6144,6400,7424,7680,65536,NDVI,-0.99609375,30050,9116,0.007882736175998842,11677,0.015887867745295714
0,patch_24_31,6144,6400,7936,8192,65536,MSAVI,0.0,65536,,,,
0,patch_24_31,6144,6400,7936,8192,65536,NDVI,0.0,0,0,0.0,0,0.009808042386020944
0,patch_24_32,6144,6400,8192,8448,65536,MSAVI,0.0,65536,,,,
0,patch_24_32,6144,6400,8192,8448,65536,NDVI,0.0,0,0,0.0,0,0.009808042386020944
0,patch_24_33,6144,6400,8448,8704,65536,MSAVI,0.0,65536,,,,
0,patch_24_33,6144,6400,8448,8704,65536,NDVI,0.0,0,0,0.0,0,0.009808042386020944
0,patch_25_0,6400,6656,0,256,65536,MSAVI,0.0,65536,,,,
0,patch_25_0,6400,6656,0,256,65536,NDVI,0.0,0,0,0.0,0,0.009808042386020944
0,patch_25_2,6400,6656,512,768,65536,MSAVI,-0.13671875,36068,,,,
0,patch_25_2,6400,6656,512,768,65536,NDVI,-0.99609375,29468,7361,0.00685312229820198,12253,0.01793614135490626
0,patch_25_3,6400,6656,768,1024,65536,MSAVI,0.01171875,36170,,,,
0,patch_25_3,6400,6656,768,1024,65536,NDVI,-0.99609375,29366,8337,0.008066595292528095,12363,0.017586908068675855
0,patch_25_4,6400,6656,1024,1280,65536,MSAVI,-0.08984375,40565,,,,
0,patch_25_4,6400,6656,1024,1280,65536,NDVI,-0.99609375,24971,5819,0.013129213858965039,7285,0.02002181431163974
0,patch_25_5,6400,6656,1280,1536,65536,MSAVI,-0.11328125,35906,,,,
0,patch_25_5,6400,6656,1280,1536,65536,NDVI,-0.99609375,29630,4619,0.006491220437809864,8364,0.014929054341799086
0,patch_25_6,6400,6656,1536,1792,65536,MSAVI,-0.15234375,35399,,,,
0,patch_25_6,6400,6656,1536,1792,65536,NDVI,-0.99609375,30137,6714,0.007766824611442957,9778,0.01554772228948928
0,patch_25_7,6400,6656,1792,2048,65536,MSAVI,-0.19921875,37537,,,,
0,patch_25_7,6400,6656,1792,2048,65536,NDVI,-0.99609375,27999,7215,0.00965992958410497,9657,0.019739414141900335
0,patch_25_8,6400,6656,2048,2304,65536,MSAVI,-0.12890625,35962,,,,
0,patch_25_8,6400,6656,2048,2304,65536,NDVI,-0.99609375,29574,4708,0.007352531024594794,7667,0.014378408481870303
0,patch_25_9,6400,6656,2304,2560,65536,MSAVI,-0.16015625,36493,,,,
0,patch_25_9,6400,6656,2304,2560,65536,NDVI,-0.99609375,29043,3380,0.006687456148640206,6182,0.013901296224394566
0,patch_25_10,6400,6656,2560,2816,65536,MSAVI,-0.12109375,36569,,,,
0,patch_25_10,6400,6656,2560,2816,65536,NDVI,-0.99609375,28967,4684,0.007125249307804324,7908,0.01519998232279432
0,patch_25_11,6400,6656,2816,3072,65536,MSAVI,-0.26953125,36984,,,,
0,patch_25_11,6400,6656,2816,3072,65536,NDVI,-0.51171875,28548,7452,0.00853138724075106,9037,0.01509443942457131
0,patch_25_12,6400,6656,3072,3328,65536,MSAVI,-0.16796875,37017,,,,
0,patch_25_12,6400,6656,3072,3328,65536,NDVI,-0.99609375,28519,6838,0.008178599616218557,9100,0.016405096259609148
0,patch_25_13,6400,6656,3328,3584,65536,MSAVI,-0.12890625,38460,,,,
0,patch_25_13,6400,6656,3328,3584,65536,NDVI,-0.99609375,27076,2754,0.0093101875976455,4624,0.016531261948855958
0,patch_25_14,6400,6656,3584,3840,65536,MSAVI,-0.04296875,32667,,,,
0,patch_25_14,6400,6656,3584,3840,65536,NDVI,-0.99609375,32869,13493,0.004758911199273186,18493,0.01649839100742695
0,patch_25_15,6400,6656,3840,4096,65536,MSAVI,-0.01953125,35374,,,,
0,patch_25_15,6400,6656,3840,4096,65536,NDVI,-0.99609375,30162,13813,0.008491889791058804,17132,0.019318378520465113
0,patch_25_16,6400,6656,4096,4352,65536,MSAVI,-0.04296875,36806,,,,
0,patch_25_16,6400,6656,4096,4352,65536,NDVI,-0.99609375,28730,10408,0.00823949411416619,14435,0.018221506868582066
0,patch_25_17,6400,6656,4352,4608,65536,MSAVI,-0.15234375,40033,,,,
0,patch_25_17,6400,6656,4352,4608,65536,NDVI,-0.99609375,25503,3748,0.012290264479351054,4994,0.017930460206878246
0,patch_25_18,6400,6656,4608,4864,65536,MSAVI,-0.08984375,39622,,,,
0,patch_25_18,6400,6656,4608,4864,65536,NDVI,-0.99609375,25914,6288,0.01139757782971601,6937,0.01800678709385367
0,patch_25_19,6400,6656,4864,5120,65536,MSAVI,-0.15234375,37501,,,,
0,patch_25_19,6400,6656,4864,5120,65536,NDVI,-0.99609375,28035,5982,0.009392412743279788,8185,0.015319838950412057
0,patch_25_20,6400,6656,5120,5376,65536,MSAVI,-0.09765625,37117,,,,
0,patch_25_20,6400,6656,5120,5376,65536,NDVI,-0.99609375,28419,5069,0.008066209919209602,8545,0.01608877793666863
0,patch_25_21,6400,6656,5376,5632,65536,MSAVI,-0.13671875,37075,,,,
0,patch_25_21,6400,6656,5376,5632,65536,NDVI,-0.99609375,28461,3836,0.008895177329684284,5280,0.014313050315779091
0,patch_25_22,6400,6656,5632,5888,65536,MSAVI,-0.13671875,37876,,,,
0,patch_25_22,6400,6656,5632,5888,65536,NDVI,-0.99609375,27660,5973,0.00998221158625287,6798,0.017496151729618825
0,patch_25_23,6400,6656,5888,6144,65536,MSAVI,-0.22265625,38456,,,,
0,patch_25_23,6400,6656,5888,6144,65536,NDVI,-0.99609375,27080,9321,0.011307055875827726,10167,0.018930257861184102
0,patch_25_24,6400,6656,6144,6400,65536,MSAVI,-0.14453125,37020,,,,
0,patch_25_24,6400,6656,6144,6400,65536,NDVI,-0.99609375,28516,9005,0.008076013618313116,11058,0.015784963980299493
0,patch_25_25,6400,6656,6400,6656,65536,MSAVI,-0.19140625,36462,,,,
0,patch_25_25,6400,6656,6400,6656,65536,NDVI,-0.99609375,29074,10618,0.009703340649858325,10921,0.017104704925369113
0,patch_25_26,6400,6656,6656,6912,65536,MSAVI,-0.01953125,40924,,,,
0,patch_25_26,6400,6656,6656,6912,65536,NDVI,-0.99609375,24612,13041,0.018308459838025898,13344,0.026056915678625447
0,patch_25_27,6400,6656,6912,7168,65536,MSAVI,-0.14453125,38710,,,,
0,patch_25_27,6400,6656,6912,7168,65536,NDVI,-0.99609375,26826,10617,0.011618803811296735,11332,0.020627657316599296
0,patch_25_28,6400,6656,7168,7424,65536,MSAVI,-0.08984375,38084,,,,
0,patch_25_28,6400,6656,7168,7424,65536,NDVI,-0.99609375,27452,5392,0.009824526780484066,7935,0.016359627980057134
0,patch_25_29,6400,6656,7424,7680,65536,MSAVI,-0.20703125,36696,,,,
0,patch_25_29,6400,6656,7424,7680,65536,NDVI,-0.99609375,28840,11380,0.01171903506131984,11223,0.0177793066231465
0,patch_25_31,6400,6656,7936,8192,65536,MSAVI,0.0,65536,,,,
0,patch_25_31,6400,6656,7936,8192,65536,NDVI,0.0,0,0,0.0,0,0.009808042386020944
0,patch_25_32,6400,6656,8192,8448,65536,MSAVI,0.0,65536,,,,
0,patch_25_32,6400,6656,8192,8448,65536,NDVI,0.0,0,0,0.0,0,0.009808042386020944
0,patch_25_33,6400,6656,8448,8704,65536,MSAVI,0.0,65536,,,,
0,patch_25_33,6400,6656,8448,8704,65536,NDVI,0.0,0,0,0.0,0,0.009808042386020944
0,patch_26_1,6656,6912,256,512,65315,MSAVI,0.01953125,35349,,,,
0,patch_26_1,6656,6912,256,512,65315,NDVI,-0.99609375,30187,8219,0.005706422265166933,15224,0.016805607179004256
0,patch_26_2,6656,6912,512,768,65536,MSAVI,-0.08984375,38330,,,,
0,patch_26_2,6656,6912,512,768,65536,NDVI,-0.99609375,27206,8845,0.009792714107115283,10917,0.01808074036771401
0,patch_26_3,6656,6912,768,1024,65536,MSAVI,-0.19921875,40436,,,,
0,patch_26_3,6656,6912,768,1024,65536,NDVI,-0.99609375,25100,16288,0.018141448115208986,17151,0.024934988432075478
0,patch_26_4,6656,6912,1024,1280,65536,MSAVI,-0.12109375,32454,,,,
0,patch_26_4,6656,6912,1024,1280,65536,NDVI,-0.99609375,33082,12647,0.005129829749714765,16575,0.013494189365895637
0,patch_26_5,6656,6912,1280,1536,65536,MSAVI,-0.10546875,33699,,,,
0,patch_26_5,6656,6912,1280,1536,65536,NDVI,-0.99609375,31837,4962,0.0036329008270899465,10085,0.013214155581743575
0,patch_26_6,6656,6912,1536,1792,65536,MSAVI,-0.05859375,33538,,,,
0,patch_26_6,6656,6912,1536,1792,65536,NDVI,-0.99609375,31998,8466,0.006709925145852752,12102,0.014878720488512798
0,patch_26_7,6656,6912,1792,2048,65536,MSAVI,-0.04296875,34632,,,,
0,patch_26_7,6656,6912,1792,2048,65536,NDVI,-0.99609375,30904,8316,0.006371296783670807,11835,0.0137303857571682
0,patch_26_8,6656,6912,2048,2304,65536,MSAVI,-0.02734375,34993,,,,
0,patch_26_8,6656,6912,2048,2304,65536,NDVI,-0.99609375,30543,8714,0.006355278557279659,13148,0.016101322018947817
0,patch_26_9,6656,6912,2304,2560,65536,MSAVI,-0.17578125,36763,,,,
0,patch_26_9,6656,6912,2304,2560,65536,NDVI,-0.99609375,28773,1860,0.006764876247703666,3624,0.012572748729135663
0,patch_26_10,6656,6912,2560,2816,65536,MSAVI,-0.08203125,39893,,,,
0,patch_26_10,6656,6912,2560,2816,65536,NDVI,-0.99609375,25643,6760,0.013408954673479051,7274,0.020030107017998428
0,patch_26_11,6656,6912,2816,3072,65536,MSAVI,-0.29296875,41165,,,,
0,patch_26_11,6656,6912,2816,3072,65536,NDVI,-0.99609375,24371,6667,0.012790514276954351,6981,0.021306314046200037
0,patch_26_12,6656,6912,3072,3328,65536,MSAVI,-0.15234375,35941,,,,
0,patch_26_12,6656,6912,3072,3328,65536,NDVI,-0.99609375,29595,2250,0.006103392776923802,6917,0.014904763383640468
0,patch_26_13,6656,6912,3328,3584,65536,MSAVI,-0.10546875,40143,,,,
0,patch_26_13,6656,6912,3328,3584,65536,NDVI,-0.99609375,25393,2613,0.008534187752014533,4057,0.016813502817087517
0,patch_26_14,6656,6912,3584,3840,65536,MSAVI,-0.11328125,36342,,,,
0,patch_26_14,6656,6912,3584,3840,65536,NDVI,-0.99609375,29194,9403,0.008067589545200982,11931,0.017621817530952127
0,patch_26_15,6656,6912,3840,4096,65536,MSAVI,-0.15234375,36448,,,,
0,patch_26_15,6656,6912,3840,4096,65536,NDVI,-0.99609375,29088,12309,0.007713608081526269,16573,0.019021089524001583
0,patch_26_16,6656,6912,4096,4352,65536,MSAVI,-0.10546875,39858,,,,
0,patch_26_16,6656,6912,4096,4352,65536,NDVI,-0.99609375,25678,8829,0.012568311197122456,10063,0.019040619930787456
0,patch_26_17,6656,6912,4352,4608,65536,MSAVI,-0.15234375,39703,,,,
0,patch_26_17,6656,6912,4352,4608,65536,NDVI,-0.99609375,25833,5765,0.011636694516870438,8018,0.02174267121547996
0,patch_26_18,6656,6912,4608,4864,65536,MSAVI,-0.19140625,38847,,,,
0,patch_26_18,6656,6912,4608,4864,65536,NDVI,-0.99609375,26689,5379,0.011112745654123554,7504,0.019670452138229516
0,patch_26_19,6656,6912,4864,5120,65536,MSAVI,-0.17578125,37840,,,,
0,patch_26_19,6656,6912,4864,5120,65536,NDVI,-0.99609375,27696,7612,0.01001793395031278,9518,0.017996252390938494
0,patch_26_20,6656,6912,5120,5376,65536,MSAVI,-0.10546875,36302,,,,
0,patch_26_20,6656,6912,5120,5376,65536,NDVI,-0.99609375,29234,3217,0.007439225681671324,5569,0.01339741073041667
0,patch_26_21,6656,6912,5376,5632,65536,MSAVI,-0.08203125,38764,,,,
0,patch_26_21,6656,6912,5376,5632,65536,NDVI,-0.99609375,26772,8004,0.010866075768156777,10152,0.020463130217410003
0,patch_26_22,6656,6912,5632,5888,65536,MSAVI,-0.23046875,40783,,,,
0,patch_26_22,6656,6912,5632,5888,65536,NDVI,-0.99609375,24753,5254,0.011550798142466526,6175,0.018503920565945214
0,patch_26_23,6656,6912,5888,6144,65536,MSAVI,-0.21484375,40264,,,,
0,patch_26_23,6656,6912,5888,6144,65536,NDVI,-0.99609375,25272,6896,0.011843128052899915,7377,0.01994715330516658
0,patch_26_24,6656,6912,6144,6400,65536,MSAVI,-0.12109375,35103,,,,
0,patch_26_24,6656,6912,6144,6400,65536,NDVI,-0.99609375,30433,6367,0.006027851388338681,9675,0.013686615667472507
0,patch_26_25,6656,6912,6400,6656,65536,MSAVI,-0.10546875,35065,,,,
0,patch_26_25,6656,6912,6400,6656,65536,NDVI,-0.99609375,30471,10785,0.008358386543629123,14381,0.01736042825320744
0,patch_26_26,6656,6912,6656,6912,65536,MSAVI,-0.02734375,38050,,,,
0,patch_26_26,6656,6912,6656,6912,65536,NDVI,-0.99609375,27486,7286,0.010370367938470654,8929,0.018730694592275887
0,patch_26_27,6656,6912,6912,7168,65536,MSAVI,-0.05859375,36374,,,,
0,patch_26_27,6656,6912,6912,7168,65536,NDVI,-0.99609375,29162,11391,0.010315322842403843,11547,0.01773243765725474
0,patch_26_28,6656,6912,7168,7424,65536,MSAVI,-0.09765625,34260,,,,
0,patch_26_28,6656,6912,7168,7424,65536,NDVI,-0.99609375,31276,8534,0.005979848441792682,12437,0.015352098338803133
0,patch_26_29,6656,6912,7424,7680,65536,MSAVI,-0.16015625,34431,,,,
0,patch_26_29,6656,6912,7424,7680,65536,NDVI,-0.99609375,31105,10547,0.006379908681301574,14017,0.016808837776087493
0,patch_26_31,6656,6912,7936,8192,65536,MSAVI,0.0,65536,,,,
0,patch_26_31,6656,6912,7936,8192,65536,NDVI,0.0,0,0,0.0,0,0.009808042386020944
0,patch_26_32,6656,6912,8192,8448,65536,MSAVI,0.0,65536,,,,
0,patch_26_32,6656,6912,8192,8448,65536,NDVI,0.0,0,0,0.0,0,0.009808042386020944
0,patch_26_33,6656,6912,8448,8704,65536,MSAVI,0.0,65536,,,,
0,patch_26_33,6656,6912,8448,8704,65536,NDVI,0.0,0,0,0.0,0,0.009808042386020944
0,patch_27_1,6912,7168,256,512,65536,MSAVI,-0.12109375,40260,,,,
0,patch_27_1,6912,7168,256,512,65536,NDVI,-0.99609375,25276,13643,0.014784387892910755,13156,0.022088882499434942
0,patch_27_2,6912,7168,512,768,65536,MSAVI,-0.12890625,38407,,,,
0,patch_27_2,6912,7168,512,768,65536,NDVI,-0.99609375,27129,7617,0.008826483480235459,10364,0.015868551478785242
0,patch_27_3,6912,7168,768,1024,65536,MSAVI,-0.02734375,37937,,,,
0,patch_27_3,6912,7168,768,1024,65536,NDVI,-0.99609375,27599,14668,0.012294295074044531,17500,0.021652947148952773
0,patch_27_4,6912,7168,1024,1280,65536,MSAVI,-0.02734375,30072,,,,
0,patch_27_4,6912,7168,1024,1280,65536,NDVI,-0.99609375,35464,7106,0.0005969659641957975,16301,0.012326055403023728
0,patch_27_5,6912,7168,1280,1536,65536,MSAVI,-0.08203125,32572,,,,
0,patch_27_5,6912,7168,1280,1536,65536,NDVI,-0.99609375,32964,7754,0.004120005943986024,13023,0.012281412089798022
0,patch_27_6,6912,7168,1536,1792,65536,MSAVI,-0.02734375,34112,,,,
0,patch_27_6,6912,7168,1536,1792,65536,NDVI,-0.99609375,31424,10547,0.005737149204219388,13591,0.016121398048357577
0,patch_27_7,6912,7168,1792,2048,65536,MSAVI,-0.14453125,33752,,,,
0,patch_27_7,6912,7168,1792,2048,65536,NDVI,-0.99609375,31784,9902,0.004303923054803815,13983,0.015256141594030798
0,patch_27_8,6912,7168,2048,2304,65536,MSAVI,-0.05859375,32800,,,,
0,patch_27_8,6912,7168,2048,2304,65536,NDVI,-0.99609375,32736,5403,0.004106994677050321,8790,0.010667523900870168
0,patch_27_9,6912,7168,2304,2560,65536,MSAVI,-0.05078125,37309,,,,
0,patch_27_9,6912,7168,2304,2560,65536,NDVI,-0.99609375,28227,3422,0.008013143278942578,5713,0.015461035192957578
0,patch_27_10,6912,7168,2560,2816,65536,MSAVI,-0.00390625,35194,,,,
0,patch_27_10,6912,7168,2560,2816,65536,NDVI,-0.99609375,30342,12571,0.007619784634977353,13973,0.014499223601333738
0,patch_27_11,6912,7168,2816,3072,65536,MSAVI,-0.01953125,36933,,,,
0,patch_27_11,6912,7168,2816,3072,65536,NDVI,-0.99609375,28603,6721,0.008032665986848583,9314,0.016894958441373065
0,patch_27_12,6912,7168,3072,3328,65536,MSAVI,-0.18359375,36665,,,,
0,patch_27_12,6912,7168,3072,3328,65536,NDVI,-0.99609375,28871,5106,0.007157230910765824,7986,0.014151586307576153
0,patch_27_13,6912,7168,3328,3584,65536,MSAVI,-0.16015625,41113,,,,
0,patch_27_13,6912,7168,3328,3584,65536,NDVI,-0.99609375,24423,10287,0.01610011457345037,11015,0.022859454309157118
0,patch_27_14,6912,7168,3584,3840,65536,MSAVI,-0.21484375,40306,,,,
0,patch_27_14,6912,7168,3584,3840,65536,NDVI,-0.99609375,25230,5467,0.010938975749707786,6367,0.017798414479337582
0,patch_27_15,6912,7168,3840,4096,65536,MSAVI,-0.13671875,35368,,,,
0,patch_27_15,6912,7168,3840,4096,65536,NDVI,-0.99609375,30168,6366,0.005352594558122967,10913,0.014490702326301425
0,patch_27_16,6912,7168,4096,4352,65536,MSAVI,-0.15234375,34426,,,,
0,patch_27_16,6912,7168,4096,4352,65536,NDVI,-0.99609375,31110,5333,0.005741025187433774,11660,0.015220321209037102
0,patch_27_17,6912,7168,4352,4608,65536,MSAVI,-0.05859375,38148,,,,
0,patch_27_17,6912,7168,4352,4608,65536,NDVI,-0.99609375,27388,5210,0.008289485541107214,9348,0.018885683609410148
0,patch_27_18,6912,7168,4608,4864,65536,MSAVI,-0.17578125,37918,,,,
0,patch_27_18,6912,7168,4608,4864,65536,NDVI,-0.99609375,27618,10196,0.011456282256218323,10376,0.016997046974297214
0,patch_27_19,6912,7168,4864,5120,65536,MSAVI,-0.11328125,34449,,,,
0,patch_27_19,6912,7168,4864,5120,65536,NDVI,-0.99609375,31087,11973,0.006628654341764906,16112,0.0172482371812763
0,patch_27_20,6912,7168,5120,5376,65536,MSAVI,-0.05078125,32747,,,,
0,patch_27_20,6912,7168,5120,5376,65536,NDVI,-0.99609375,32789,8874,0.0038344119702621027,14190,0.012201038590546026
0,patch_27_21,6912,7168,5376,5632,65536,MSAVI,-0.10546875,38761,,,,
0,patch_27_21,6912,7168,5376,5632,65536,NDVI,-0.99609375,26775,4021,0.008530427358972484,5943,0.01610636940168733
0,patch_27_22,6912,7168,5632,5888,65536,MSAVI,-0.15234375,40063,,,,
0,patch_27_22,6912,7168,5632,5888,65536,NDVI,-0.99609375,25473,4584,0.012315867445861467,6393,0.02174475926824268
0,patch_27_23,6912,7168,5888,6144,65536,MSAVI,-0.06640625,35938,,,,
0,patch_27_23,6912,7168,5888,6144,65536,NDVI,-0.99609375,29598,5569,0.00769303262896795,8723,0.01491879144711511
0,patch_27_24,6912,7168,6144,6400,65536,MSAVI,-0.19921875,36556,,,,
0,patch_27_24,6912,7168,6144,6400,65536,NDVI,-0.99609375,28980,7378,0.007366448455044444,9260,0.015483490883418688
0,patch_27_25,6912,7168,6400,6656,65536,MSAVI,-0.13671875,37750,,,,
0,patch_27_25,6912,7168,6400,6656,65536,NDVI,-0.99609375,27786,6506,0.00898911951111002,9706,0.018497064722098555
0,patch_27_26,6912,7168,6656,6912,65536,MSAVI,-0.11328125,36597,,,,
0,patch_27_26,6912,7168,6656,6912,65536,NDVI,-0.99609375,28939,13617,0.011437991042082221,14397,0.018632926453826026
0,patch_27_27,6912,7168,6912,7168,65536,MSAVI,-0.10546875,34428,,,,
0,patch_27_27,6912,7168,6912,7168,65536,NDVI,-0.99609375,31108,9123,0.006202746480811094,11838,0.015386338124309062
0,patch_27_28,6912,7168,7168,7424,65536,MSAVI,-0.13671875,37759,,,,
0,patch_27_28,6912,7168,7168,7424,65536,NDVI,-0.99609375,27777,7905,0.008972971548162512,8130,0.016348952709407533
0,patch_27_31,6912,7168,7936,8192,65536,MSAVI,0.0,65536,,,,
0,patch_27_31,6912,7168,7936,8192,65536,NDVI,0.0,0,0,0.0,0,0.009808042386020944
0,patch_27_32,6912,7168,8192,8448,65536,MSAVI,0.0,65536,,,,
0,patch_27_32,6912,7168,8192,8448,65536,NDVI,0.0,0,0,0.0,0,0.009808042386020944
0,patch_27_33,6912,7168,8448,8704,65536,MSAVI,0.0,65536,,,,
0,patch_27_33,6912,7168,8448,8704,65536,NDVI,0.0,0,0,0.0,0,0.009808042386020944
0,patch_28_1,7168,7424,256,512,65536,MSAVI,-0.20703125,34463,,,,
0,patch_28_1,7168,7424,256,512,65536,NDVI,-0.99609375,31073,4820,0.004505100473805201,10231,0.013493402438137042
0,patch_28_2,7168,7424,512,768,65536,MSAVI,-0.07421875,39325,,,,
0,patch_28_2,7168,7424,512,768,65536,NDVI,-0.99609375,26211,7092,0.012568623153656089,9104,0.019246140034866688
0,patch_28_3,7168,7424,768,1024,65536,MSAVI,-0.04296875,40721,,,,
0,patch_28_3,7168,7424,768,1024,65536,NDVI,-0.99609375,24815,9215,0.01377317864201219,10267,0.021026030172201837
0,patch_28_4,7168,7424,1024,1280,65536,MSAVI,-0.12109375,32845,,,,
0,patch_28_4,7168,7424,1024,1280,65536,NDVI,-0.99609375,32691,9626,0.0030191129718391274,14615,0.012573607368494194
0,patch_28_5,7168,7424,1280,1536,65536,MSAVI,-0.12109375,35540,,,,
0,patch_28_5,7168,7424,1280,1536,65536,NDVI,-0.99609375,29996,2573,0.006162341939653149,6087,0.012905383571632095
0,patch_28_6,7168,7424,1536,1792,65536,MSAVI,-0.18359375,34299,,,,
0,patch_28_6,7168,7424,1536,1792,65536,NDVI,-0.99609375,31237,10764,0.005636010634082006,15536,0.014524237268576407
0,patch_28_7,7168,7424,1792,2048,65536,MSAVI,0.00390625,35779,,,,
0,patch_28_7,7168,7424,1792,2048,65536,NDVI,-0.99609375,29757,8638,0.005546942956890802,13703,0.015323165408261202
0,patch_28_8,7168,7424,2048,2304,65536,MSAVI,-0.15234375,33339,,,,
0,patch_28_8,7168,7424,2048,2304,65536,NDVI,-0.99609375,32197,6318,0.0042842589181994045,12178,0.012768829242751162
0,patch_28_9,7168,7424,2304,2560,65536,MSAVI,-0.16015625,35708,,,,
0,patch_28_9,7168,7424,2304,2560,65536,NDVI,-0.99609375,29828,10378,0.007297989592530349,15051,0.017241877775611564
0,patch_28_10,7168,7424,2560,2816,65536,MSAVI,0.16015625,33622,,,,
0,patch_28_10,7168,7424,2560,2816,65536,NDVI,-0.99609375,31914,15681,0.006412519044300097,20545,0.018571703576094556
0,patch_28_11,7168,7424,2816,3072,65536,MSAVI,-0.09765625,33885,,,,
0,patch_28_11,7168,7424,2816,3072,65536,NDVI,-0.99609375,31651,12973,0.00651265337792159,65536,0.014834728213227288
0,patch_28_12,7168,7424,3072,3328,65536,MSAVI,-0.03515625,37616,,,,
0,patch_28_12,7168,7424,3072,3328,65536,NDVI,-0.99609375,27920,5705,0.009473384108664967,8187,0.016962980775172137
0,patch_28_13,7168,7424,3328,3584,65536,MSAVI,-0.16796875,41285,,,,
0,patch_28_13,7168,7424,3328,3584,65536,NDVI,-0.99609375,24251,6786,0.014635205211903951,6954,0.021306318302122956
0,patch_28_14,7168,7424,3584,3840,65536,MSAVI,-0.12109375,38622,,,,
0,patch_28_14,7168,7424,3584,3840,65536,NDVI,-0.99609375,26914,10422,0.01274320950491481,11949,0.021216959671959384
0,patch_28_15,7168,7424,3840,4096,65536,MSAVI,-0.12109375,36915,,,,
0,patch_28_15,7168,7424,3840,4096,65536,NDVI,-0.99609375,28621,13564,0.010398458769230429,16052,0.01988461770429875
0,patch_28_16,7168,7424,4096,4352,65536,MSAVI,-0.21484375,35250,,,,
0,patch_28_16,7168,7424,4096,4352,65536,NDVI,-0.99609375,30286,11665,0.007756243354826359,15196,0.016593288146659113
0,patch_28_17,7168,7424,4352,4608,65536,MSAVI,-0.17578125,38315,,,,
0,patch_28_17,7168,7424,4352,4608,65536,NDVI,-0.99609375,27221,11836,0.011015584030082848,13388,0.02087184815999296
0,patch_28_18,7168,7424,4608,4864,65536,MSAVI,-0.16796875,39761,,,,
0,patch_28_18,7168,7424,4608,4864,65536,NDVI,-0.99609375,25775,15445,0.014511700780877754,15926,0.02512077768742127
0,patch_28_19,7168,7424,4864,5120,65536,MSAVI,-0.08203125,37709,,,,
0,patch_28_19,7168,7424,4864,5120,65536,NDVI,-0.99609375,27827,6126,0.010365600733328983,10863,0.018891523307078883
0,patch_28_20,7168,7424,5120,5376,65536,MSAVI,-0.04296875,34756,,,,
0,patch_28_20,7168,7424,5120,5376,65536,NDVI,-0.99609375,30780,6252,0.005892087326507631,10762,0.013988939807795309
0,patch_28_21,7168,7424,5376,5632,65536,MSAVI,-0.20703125,38423,,,,
0,patch_28_21,7168,7424,5376,5632,65536,NDVI,-0.99609375,27113,16483,0.017153441212018256,16600,0.02407533026357092
0,patch_28_22,7168,7424,5632,5888,65536,MSAVI,-0.10546875,41197,,,,
0,patch_28_22,7168,7424,5632,5888,65536,NDVI,-0.99609375,24339,8958,0.01600364069700494,8442,0.021290156085168016
0,patch_28_23,7168,7424,5888,6144,65536,MSAVI,-0.11328125,35651,,,,
0,patch_28_23,7168,7424,5888,6144,65536,NDVI,-0.99609375,29885,10483,0.0069909721720584905,14548,0.017431526409176473
0,patch_28_24,7168,7424,6144,6400,65536,MSAVI,-0.13671875,34934,,,,
0,patch_28_24,7168,7424,6144,6400,65536,NDVI,-0.99609375,30602,8562,0.0065108562921425694,12729,0.01466910781415548
0,patch_28_25,7168,7424,6400,6656,65536,MSAVI,-0.20703125,39681,,,,
0,patch_28_25,7168,7424,6400,6656,65536,NDVI,-0.99609375,25855,11435,0.014614722170555844,11905,0.021046822656984904
0,patch_28_26,7168,7424,6656,6912,65536,MSAVI,-0.27734375,44642,,,,
0,patch_28_26,7168,7424,6656,6912,65536,NDVI,-0.99609375,20894,8362,0.01913639568142915,9096,0.027532220808234864
0,patch_28_27,7168,7424,6912,7168,65536,MSAVI,-0.23828125,43072,,,,
0,patch_28_27,7168,7424,6912,7168,65536,NDVI,-0.99609375,22464,11429,0.019189630152131015,11443,0.026512955701697066
0,patch_28_28,7168,7424,7168,7424,65536,MSAVI,-0.19921875,37697,,,,
0,patch_28_28,7168,7424,7168,7424,65536,NDVI,-0.99609375,27839,4157,0.007136843427328593,5817,0.016632348498797855
0,patch_28_30,7168,7424,7680,7936,65536,MSAVI,0.0,65536,,,,
0,patch_28_30,7168,7424,7680,7936,65536,NDVI,0.0,0,0,0.0,0,0.009808042386020944
0,patch_28_31,7168,7424,7936,8192,65536,MSAVI,0.0,65536,,,,
0,patch_28_31,7168,7424,7936,8192,65536,NDVI,0.0,0,0,0.0,0,0.009808042386020944
0,patch_28_32,7168,7424,8192,8448,65536,MSAVI,0.0,65536,,,,
0,patch_28_32,7168,7424,8192,8448,65536,NDVI,0.0,0,0,0.0,0,0.009808042386020944
0,patch_28_33,7168,7424,8448,8704,65536,MSAVI,0.0,65536,,,,
0,patch_28_33,7168,7424,8448,8704,65536,NDVI,0.0,0,0,0.0,0,0.009808042386020944
0,patch_29_1,7424,7680,256,512,65536,MSAVI,-0.09765625,36597,,,,
0,patch_29_1,7424,7680,256,512,65536,NDVI,-0.99609375,28939,7983,0.008050091511194193,10107,0.015410190807432833
0,patch_29_2,7424,7680,512,768,65536,MSAVI,-0.16015625,34667,,,,
0,patch_29_2,7424,7680,512,768,65536,NDVI,-0.99609375,30869,15511,0.008441735151302782,16815,0.016149589411723148
0,patch_29_3,7424,7680,768,1024,65536,MSAVI,-0.01953125,31456,,,,
0,patch_29_3,7424,7680,768,1024,65536,NDVI,-0.99609375,34080,8836,0.001970225169366041,18052,0.013312441585893287
0,patch_29_4,7424,7680,1024,1280,65536,MSAVI,-0.23828125,34148,,,,
0,patch_29_4,7424,7680,1024,1280,65536,NDVI,-0.99609375,31388,8919,0.005377676593092268,13020,0.013441316598529485
0,patch_29_5,7424,7680,1280,1536,65536,MSAVI,-0.06640625,35988,,,,
0,patch_29_5,7424,7680,1280,1536,65536,NDVI,-0.99609375,29548,7049,0.006968238004878238,10288,0.014475392959275607
0,patch_29_6,7424,7680,1536,1792,65536,MSAVI,-0.10546875,38771,,,,
0,patch_29_6,7424,7680,1536,1792,65536,NDVI,-0.99609375,26765,11130,0.011523781623205914,11623,0.01772934198838852
0,patch_29_7,7424,7680,1792,2048,65536,MSAVI,-0.16796875,39205,,,,
0,patch_29_7,7424,7680,1792,2048,65536,NDVI,-0.99609375,26331,6995,0.011323788134208035,8541,0.019853128745133036
0,patch_29_8,7424,7680,2048,2304,65536,MSAVI,-0.11328125,35825,,,,
0,patch_29_8,7424,7680,2048,2304,65536,NDVI,-0.99609375,29711,5842,0.006032918103262841,7989,0.01418336812392998
0,patch_29_9,7424,7680,2304,2560,65536,MSAVI,-0.15234375,35414,,,,
0,patch_29_9,7424,7680,2304,2560,65536,NDVI,-0.99609375,30122,8700,0.007484564772535396,12744,0.0175411456621353
0,patch_29_10,7424,7680,2560,2816,65536,MSAVI,0.00390625,34183,,,,
0,patch_29_10,7424,7680,2560,2816,65536,NDVI,-0.99609375,31353,15925,0.008168388400307536,19461,0.01761941272266515
0,patch_29_11,7424,7680,2816,3072,65536,MSAVI,-0.07421875,32888,,,,
0,patch_29_11,7424,7680,2816,3072,65536,NDVI,-0.99609375,32648,11992,0.004563110869732323,16610,0.014632297644126435
0,patch_29_12,7424,7680,3072,3328,65536,MSAVI,-0.09765625,35455,,,,
0,patch_29_12,7424,7680,3072,3328,65536,NDVI,-0.99609375,30081,10927,0.007539192694730856,14740,0.016658546404801466
0,patch_29_13,7424,7680,3328,3584,65536,MSAVI,-0.10546875,39704,,,,
0,patch_29_13,7424,7680,3328,3584,65536,NDVI,-0.99609375,25832,8807,0.013666651900922144,10420,0.022897159189802868
0,patch_29_14,7424,7680,3584,3840,65536,MSAVI,-0.22265625,42608,,,,
0,patch_29_14,7424,7680,3584,3840,65536,NDVI,-0.99609375,22928,12640,0.019841175208608453,65487,0.025556206639654133
0,patch_29_15,7424,7680,3840,4096,65536,MSAVI,-0.08984375,33511,,,,
0,patch_29_15,7424,7680,3840,4096,65536,NDVI,-0.47265625,32024,7144,0.004203021078212563,11381,0.013841937229156082
0,patch_29_16,7424,7680,4096,4352,65536,MSAVI,-0.12109375,34612,,,,
0,patch_29_16,7424,7680,4096,4352,65536,NDVI,-0.99609375,30924,5183,0.0032084988594673347,10854,0.013519153079878526
0,patch_29_17,7424,7680,4352,4608,65536,MSAVI,-0.10546875,38048,,,,
0,patch_29_17,7424,7680,4352,4608,65536,NDVI,-0.99609375,27488,11044,0.01292430645605877,12564,0.020571353752899924
0,patch_29_18,7424,7680,4608,4864,65536,MSAVI,0.01171875,37023,,,,
0,patch_29_18,7424,7680,4608,4864,65536,NDVI,-0.99609375,28513,9468,0.009194397691468043,12804,0.01837414493938011
0,patch_29_19,7424,7680,4864,5120,65536,MSAVI,-0.09765625,37883,,,,
0,patch_29_19,7424,7680,4864,5120,65536,NDVI,-0.99609375,27653,4124,0.008666768676001801,8114,0.01890438197865682
0,patch_29_20,7424,7680,5120,5376,65536,MSAVI,-0.06640625,36203,,,,
0,patch_29_20,7424,7680,5120,5376,65536,NDVI,-0.99609375,29333,4379,0.006954890373366399,9231,0.015480293911470822
0,patch_29_21,7424,7680,5376,5632,65536,MSAVI,-0.14453125,38263,,,,
0,patch_29_21,7424,7680,5376,5632,65536,NDVI,-0.99609375,27273,14215,0.014837027986372334,14520,0.02039862069239673
0,patch_29_22,7424,7680,5632,5888,65536,MSAVI,-0.06640625,36357,,,,
0,patch_29_22,7424,7680,5632,5888,65536,NDVI,-0.99609375,29179,12603,0.009995007990126897,14032,0.019764050776243186
0,patch_29_23,7424,7680,5888,6144,65536,MSAVI,-0.20703125,37293,,,,
0,patch_29_23,7424,7680,5888,6144,65536,NDVI,-0.99609375,28243,4520,0.008680064736426685,5501,0.015602295813355926
0,patch_29_24,7424,7680,6144,6400,65536,MSAVI,-0.08984375,34325,,,,
0,patch_29_24,7424,7680,6144,6400,65536,NDVI,-0.99609375,31211,12048,0.0074307560725315885,14335,0.016289025603954593
0,patch_29_25,7424,7680,6400,6656,65536,MSAVI,-0.12109375,38817,,,,
0,patch_29_25,7424,7680,6400,6656,65536,NDVI,-0.99609375,26719,7164,0.012219940471925733,8905,0.017363033226114155
0,patch_29_26,7424,7680,6656,6912,65536,MSAVI,-0.21484375,38071,,,,
0,patch_29_26,7424,7680,6656,6912,65536,NDVI,-0.99609375,27465,9137,0.01210606932457628,10417,0.020628049189785336
0,patch_29_27,7424,7680,6912,7168,65536,MSAVI,-0.25390625,39472,,,,
0,patch_29_27,7424,7680,6912,7168,65536,NDVI,-0.99609375,26064,7131,0.012213850441851151,8896,0.019611637042573987
0,patch_29_28,7424,7680,7168,7424,65536,MSAVI,-0.15234375,44203,,,,
0,patch_29_28,7424,7680,7168,7424,65536,NDVI,-0.99609375,21333,9956,0.020206893667367207,9748,0.027553596924667384
0,patch_29_30,7424,7680,7680,7936,65536,MSAVI,0.0,65536,,,,
0,patch_29_30,7424,7680,7680,7936,65536,NDVI,0.0,0,0,0.0,0,0.009808042386020944
0,patch_29_31,7424,7680,7936,8192,65536,MSAVI,0.0,65536,,,,
0,patch_29_31,7424,7680,7936,8192,65536,NDVI,0.0,0,0,0.0,0,0.009808042386020944
0,patch_29_32,7424,7680,8192,8448,65536,MSAVI,0.0,65536,,,,
0,patch_29_32,7424,7680,8192,8448,65536,NDVI,0.0,0,0,0.0,0,0.009808042386020944
0,patch_29_33,7424,7680,8448,8704,65536,MSAVI,0.0,65536,,,,
0,patch_29_33,7424,7680,8448,8704,65536,NDVI,0.0,0,0,0.0,0,0.009808042386020944
0,patch_30_1,7680,7936,256,512,65536,MSAVI,-0.21484375,35579,,,,
0,patch_30_1,7680,7936,256,512,65536,NDVI,-0.99609375,29957,16762,0.015319635810935206,65417,0.015794057912571796
0,patch_30_2,7680,7936,512,768,65536,MSAVI,-0.19921875,34190,,,,
0,patch_30_2,7680,7936,512,768,65536,NDVI,-0.99609375,31346,23932,0.017591549843382626,65536,0.01906937269770964
0,patch_30_3,7680,7936,768,1024,65536,MSAVI,-0.09765625,31053,,,,
0,patch_30_3,7680,7936,768,1024,65536,NDVI,-0.99609375,34483,3152,0.001399174975840578,8267,0.009160734196110965
0,patch_30_4,7680,7936,1024,1280,65536,MSAVI,-0.20703125,38620,,,,
0,patch_30_4,7680,7936,1024,1280,65536,NDVI,-0.99609375,26916,6360,0.010485278879338367,8828,0.018516209165558795
0,patch_30_5,7680,7936,1280,1536,65536,MSAVI,-0.17578125,40953,,,,
0,patch_30_5,7680,7936,1280,1536,65536,NDVI,-0.99609375,24583,5536,0.014433498996188177,7519,0.021556725574989027
0,patch_30_6,7680,7936,1536,1792,65536,MSAVI,-0.26171875,38849,,,,
0,patch_30_6,7680,7936,1536,1792,65536,NDVI,-0.99609375,26687,12528,0.014941435906444811,13738,0.019543411993859977
0,patch_30_7,7680,7936,1792,2048,65536,MSAVI,-0.14453125,34062,,,,
0,patch_30_7,7680,7936,1792,2048,65536,NDVI,-0.99609375,31474,11532,0.005707883241512085,16103,0.013616785433430811
0,patch_30_8,7680,7936,2048,2304,65536,MSAVI,-0.12890625,37417,,,,
0,patch_30_8,7680,7936,2048,2304,65536,NDVI,-0.99609375,28119,13507,0.010432533395148186,16824,0.02040669063792311
0,patch_30_9,7680,7936,2304,2560,65536,MSAVI,-0.15234375,37642,,,,
0,patch_30_9,7680,7936,2304,2560,65536,NDVI,-0.99609375,27894,15645,0.013348163830266851,17276,0.020930463122414394
0,patch_30_10,7680,7936,2560,2816,65536,MSAVI,-0.17578125,34818,,,,
0,patch_30_10,7680,7936,2560,2816,65536,NDVI,-0.99609375,30718,9129,0.006060615923133991,14228,0.017114455777051285
0,patch_30_11,7680,7936,2816,3072,65536,MSAVI,-0.01171875,34129,,,,
0,patch_30_11,7680,7936,2816,3072,65536,NDVI,-0.99609375,31407,5982,0.003990774164311456,11319,0.012149896281743872
0,patch_30_12,7680,7936,3072,3328,65536,MSAVI,-0.11328125,33760,,,,
0,patch_30_12,7680,7936,3072,3328,65536,NDVI,-0.99609375,31776,8926,0.005385264061052539,13547,0.014355067671065647
0,patch_30_13,7680,7936,3328,3584,65536,MSAVI,-0.09765625,40378,,,,
0,patch_30_13,7680,7936,3328,3584,65536,NDVI,-0.99609375,25158,2904,0.012153879265547896,5009,0.019971696543849726
0,patch_30_14,7680,7936,3584,3840,65536,MSAVI,-0.08984375,37946,,,,
0,patch_30_14,7680,7936,3584,3840,65536,NDVI,-0.99609375,27590,7431,0.010295082048318943,9370,0.01726830171491006
0,patch_30_15,7680,7936,3840,4096,65536,MSAVI,-0.07421875,35497,,,,
0,patch_30_15,7680,7936,3840,4096,65536,NDVI,-0.99609375,30039,7405,0.006610961938085552,11351,0.015080865401606969
0,patch_30_16,7680,7936,4096,4352,65536,MSAVI,-0.05078125,31086,,,,
0,patch_30_16,7680,7936,4096,4352,65536,NDVI,-0.99609375,34450,4051,0.0004307929434630847,13355,0.011140462075747315
0,patch_30_17,7680,7936,4352,4608,65536,MSAVI,-0.04296875,36862,,,,
0,patch_30_17,7680,7936,4352,4608,65536,NDVI,-0.99609375,28674,5690,0.008443524995173299,7514,0.016954549303019817
0,patch_30_18,7680,7936,4608,4864,65536,MSAVI,-0.08203125,37784,,,,
0,patch_30_18,7680,7936,4608,4864,65536,NDVI,-0.99609375,27752,3546,0.007170934877030105,6465,0.01506281296354503
0,patch_30_19,7680,7936,4864,5120,65536,MSAVI,-0.18359375,38467,,,,
0,patch_30_19,7680,7936,4864,5120,65536,NDVI,-0.99609375,27069,7327,0.009457553272885388,7914,0.015918626366724198
0,patch_30_20,7680,7936,5120,5376,65536,MSAVI,-0.13671875,37464,,,,
0,patch_30_20,7680,7936,5120,5376,65536,NDVI,-0.99609375,28072,8047,0.009883939373335815,10929,0.018416939048530784
0,patch_30_21,7680,7936,5376,5632,65536,MSAVI,-0.01953125,40173,,,,
0,patch_30_21,7680,7936,5376,5632,65536,NDVI,-0.99609375,25363,8751,0.013466191252743287,9913,0.02083120014098097
0,patch_30_22,7680,7936,5632,5888,65536,MSAVI,-0.04296875,36080,,,,
0,patch_30_22,7680,7936,5632,5888,65536,NDVI,-0.99609375,29456,5060,0.007340276983594268,8020,0.015283214192826633
0,patch_30_23,7680,7936,5888,6144,65536,MSAVI,-0.08203125,36791,,,,
0,patch_30_23,7680,7936,5888,6144,65536,NDVI,-0.99609375,28745,6345,0.007825844213598054,9075,0.015797204504760687
0,patch_30_24,7680,7936,6144,6400,65536,MSAVI,-0.09765625,35400,,,,
0,patch_30_24,7680,7936,6144,6400,65536,NDVI,-0.99609375,30136,10180,0.007357986820250184,13782,0.018246721069052008
0,patch_30_25,7680,7936,6400,6656,65536,MSAVI,-0.10546875,36636,,,,
0,patch_30_25,7680,7936,6400,6656,65536,NDVI,-0.99609375,28900,16324,0.014145332885624404,65536,0.021133823567830196
0,patch_30_26,7680,7936,6656,6912,65536,MSAVI,-0.19140625,37238,,,,
0,patch_30_26,7680,7936,6656,6912,65536,NDVI,-0.99609375,28298,6186,0.007403215619426015,8770,0.016904161243936677
0,patch_30_27,7680,7936,6912,7168,65536,MSAVI,-0.09765625,35310,,,,
0,patch_30_27,7680,7936,6912,7168,65536,NDVI,-0.99609375,30226,7881,0.0072111711962035835,11413,0.015170822010256713
0,patch_30_30,7680,7936,7680,7936,65536,MSAVI,0.0,65536,,,,
0,patch_30_30,7680,7936,7680,7936,65536,NDVI,0.0,0,0,0.0,0,0.009808042386020944
0,patch_30_31,7680,7936,7936,8192,65536,MSAVI,0.0,65536,,,,
0,patch_30_31,7680,7936,7936,8192,65536,NDVI,0.0,0,0,0.0,0,0.009808042386020944
0,patch_30_32,7680,7936,8192,8448,65536,MSAVI,0.0,65536,,,,
0,patch_30_32,7680,7936,8192,8448,65536,NDVI,0.0,0,0,0.0,0,0.009808042386020944
0,patch_30_33,7680,7936,8448,8704,65536,MSAVI,0.0,65536,,,,
0,patch_30_33,7680,7936,8448,8704,65536,NDVI,0.0,0,0,0.0,0,0.009808042386020944
0,patch_31_4,7936,8192,1024,1280,65536,MSAVI,-0.12890625,40227,,,,
0,patch_31_4,7936,8192,1024,1280,65536,NDVI,-0.99609375,25309,3631,0.010648764389763213,4745,0.018623078416148714
0,patch_31_5,7936,8192,1280,1536,65536,MSAVI,-0.07421875,37699,,,,
0,patch_31_5,7936,8192,1280,1536,65536,NDVI,-0.99609375,27837,6575,0.009295296557175273,10187,0.01855700690516182
0,patch_31_6,7936,8192,1536,1792,65536,MSAVI,-0.12109375,34030,,,,
0,patch_31_6,7936,8192,1536,1792,65536,NDVI,-0.99609375,31506,11849,0.005242723098720967,17256,0.014092943591952872
0,patch_31_7,7936,8192,1792,2048,65536,MSAVI,-0.05859375,31227,,,,
0,patch_31_7,7936,8192,1792,2048,65536,NDVI,-0.99609375,34309,9067,0.0018589075038477204,18588,0.010659307503304988
0,patch_31_8,7936,8192,2048,2304,65536,MSAVI,0.01171875,28810,,,,
0,patch_31_8,7936,8192,2048,2304,65536,NDVI,-0.99609375,36726,640,-0.008290048449419843,65536,0.0162598498979023
0,patch_31_9,7936,8192,2304,2560,65536,MSAVI,-0.23828125,40729,,,,
0,patch_31_9,7936,8192,2304,2560,65536,NDVI,-0.99609375,24807,16258,0.017879363552289168,16454,0.024685740436230952
0,patch_31_10,7936,8192,2560,2816,65536,MSAVI,-0.08203125,32334,,,,
0,patch_31_10,7936,8192,2560,2816,65536,NDVI,-0.99609375,33202,16515,0.007010339159863127,21025,0.017215105090390537
0,patch_31_11,7936,8192,2816,3072,65536,MSAVI,-0.06640625,30939,,,,
0,patch_31_11,7936,8192,2816,3072,65536,NDVI,-0.99609375,34597,12085,0.0033749433798951206,20610,0.015118196963434527
0,patch_31_12,7936,8192,3072,3328,65536,MSAVI,-0.13671875,36255,,,,
0,patch_31_12,7936,8192,3072,3328,65536,NDVI,-0.99609375,29281,10176,0.007908822299120488,12103,0.016455419981556557
0,patch_31_13,7936,8192,3328,3584,65536,MSAVI,-0.12109375,37899,,,,
0,patch_31_13,7936,8192,3328,3584,65536,NDVI,-0.99609375,27637,6915,0.009493123324285868,8786,0.01805434676154724
0,patch_31_14,7936,8192,3584,3840,65536,MSAVI,-0.02734375,32297,,,,
0,patch_31_14,7936,8192,3584,3840,65536,NDVI,-0.99609375,33239,10452,0.0037153843560475824,16502,0.014663650295439284
0,patch_31_15,7936,8192,3840,4096,65536,MSAVI,-0.16796875,38058,,,,
0,patch_31_15,7936,8192,3840,4096,65536,NDVI,-0.99609375,27478,8471,0.011770395020391317,9338,0.018210667482039117
0,patch_31_16,7936,8192,4096,4352,65536,MSAVI,-0.17578125,37229,,,,
0,patch_31_16,7936,8192,4096,4352,65536,NDVI,-0.99609375,28307,5074,0.008144838918048625,8309,0.014735966994827626
0,patch_31_17,7936,8192,4352,4608,65536,MSAVI,-0.18359375,38865,,,,
0,patch_31_17,7936,8192,4352,4608,65536,NDVI,-0.49609375,26670,6046,0.009242899422256382,8372,0.019345736749447534
0,patch_31_18,7936,8192,4608,4864,65536,MSAVI,-0.13671875,38666,,,,
0,patch_31_18,7936,8192,4608,4864,65536,NDVI,-0.99609375,26870,3359,0.008957373801494,5100,0.01695597331900292
0,patch_31_19,7936,8192,4864,5120,65536,MSAVI,-0.14453125,35960,,,,
0,patch_31_19,7936,8192,4864,5120,65536,NDVI,-0.99609375,29576,3584,0.0062029133626952115,6571,0.013521701454006413
0,patch_31_20,7936,8192,5120,5376,65536,MSAVI,-0.11328125,38082,,,,
0,patch_31_20,7936,8192,5120,5376,65536,NDVI,-0.99609375,27454,5724,0.010344649626267327,7159,0.017361789994973675
0,patch_31_21,7936,8192,5376,5632,65536,MSAVI,-0.16015625,39529,,,,
0,patch_31_21,7936,8192,5376,5632,65536,NDVI,-0.99609375,26007,4743,0.011157175096450353,7934,0.018730605215343588
0,patch_31_22,7936,8192,5632,5888,65536,MSAVI,-0.11328125,40925,,,,
0,patch_31_22,7936,8192,5632,5888,65536,NDVI,-0.99609375,24611,10854,0.01675040047294163,12021,0.026655950865352385
0,patch_31_23,7936,8192,5888,6144,65536,MSAVI,-0.09765625,35919,,,,
0,patch_31_23,7936,8192,5888,6144,65536,NDVI,-0.99609375,29617,3651,0.006717890337846949,6839,0.01520895405273176
0,patch_31_24,7936,8192,6144,6400,65536,MSAVI,-0.08984375,34364,,,,
0,patch_31_24,7936,8192,6144,6400,65536,NDVI,-0.99609375,31172,13275,0.008211958432479002,15307,0.01783893706752801
0,patch_31_25,7936,8192,6400,6656,65536,MSAVI,-0.13671875,36105,,,,
0,patch_31_25,7936,8192,6400,6656,65536,NDVI,-0.99609375,29431,17131,0.010777492169573508,17382,0.020212166946271815
0,patch_31_26,7936,8192,6656,6912,65536,MSAVI,-0.17578125,41531,,,,
0,patch_31_26,7936,8192,6656,6912,65536,NDVI,-0.99609375,24005,4182,0.013443227361816551,4242,0.018631736332879317
0,patch_31_27,7936,8192,6912,7168,65536,MSAVI,-0.19921875,42827,,,,
0,patch_31_27,7936,8192,6912,7168,65536,NDVI,-0.99609375,22709,10440,0.01906559997873991,11343,0.027606895741095372
0,patch_31_29,7936,8192,7424,7680,65536,MSAVI,0.0,65536,,,,
0,patch_31_29,7936,8192,7424,7680,65536,NDVI,0.0,0,0,0.0,0,0.009808042386020944
0,patch_31_30,7936,8192,7680,7936,65536,MSAVI,0.0,65536,,,,
0,patch_31_30,7936,8192,7680,7936,65536,NDVI,0.0,0,0,0.0,0,0.009808042386020944
0,patch_31_31,7936,8192,7936,8192,65536,MSAVI,0.0,65536,,,,
0,patch_31_31,7936,8192,7936,8192,65536,NDVI,0.0,0,0,0.0,0,0.009808042386020944
0,patch_31_32,7936,8192,8192,8448,65536,MSAVI,0.0,65536,,,,
0,patch_31_32,7936,8192,8192,8448,65536,NDVI,0.0,0,0,0.0,0,0.009808042386020944
0,patch_31_33,7936,8192,8448,8704,65536,MSAVI,0.0,65536,,,,
0,patch_31_33,7936,8192,8448,8704,65536,NDVI,0.0,0,0,0.0,0,0.009808042386020944
0,patch_32_0,8192,8448,0,256,65536,MSAVI,0.0,65536,,,,
0,patch_32_0,8192,8448,0,256,65536,NDVI,0.0,0,0,0.0,0,0.009808042386020944
0,patch_32_1,8192,8448,256,512,65536,MSAVI,0.0,65536,,,,
0,patch_32_1,8192,8448,256,512,65536,NDVI,0.0,0,0,0.0,0,0.009808042386020944
0,patch_32_2,8192,8448,512,768,65536,MSAVI,0.0,65536,,,,
0,patch_32_2,8192,8448,512,768,65536,NDVI,0.0,0,0,0.0,0,0.009808042386020944
0,patch_32_7,8192,8448,1792,2048,65512,MSAVI,-0.10546875,35642,,,,
0,patch_32_7,8192,8448,1792,2048,65512,NDVI,-0.99609375,29894,8037,0.006954584393858765,10710,0.016438715995368003
0,patch_32_8,8192,8448,2048,2304,65536,MSAVI,-0.12109375,33482,,,,
0,patch_32_8,8192,8448,2048,2304,65536,NDVI,-0.99609375,32054,11418,0.004656976253411896,16563,0.014900717346090664
0,patch_32_9,8192,8448,2304,2560,65536,MSAVI,-0.01171875,31859,,,,
0,patch_32_9,8192,8448,2304,2560,65536,NDVI,-0.99609375,33677,7569,0.001429664956151211,16628,0.010408157711764093
0,patch_32_10,8192,8448,2560,2816,65536,MSAVI,-0.01953125,31057,,,,
0,patch_32_10,8192,8448,2560,2816,65536,NDVI,-0.99609375,34479,9316,0.0019664297469346587,19524,0.012816501049671775
0,patch_32_11,8192,8448,2816,3072,65536,MSAVI,-0.00390625,31173,,,,
0,patch_32_11,8192,8448,2816,3072,65536,NDVI,-0.99609375,34363,7249,0.0018990909508475456,14800,0.01353245992892868
0,patch_32_12,8192,8448,3072,3328,65536,MSAVI,-0.02734375,33200,,,,
0,patch_32_12,8192,8448,3072,3328,65536,NDVI,-0.99609375,32336,5263,0.004634113649519975,9272,0.011739279472152087
0,patch_32_13,8192,8448,3328,3584,65536,MSAVI,-0.08984375,34869,,,,
0,patch_32_13,8192,8448,3328,3584,65536,NDVI,-0.99609375,30667,14974,0.008115946917163552,16980,0.01683049416298238
0,patch_32_14,8192,8448,3584,3840,65536,MSAVI,-0.12109375,29279,,,,
0,patch_32_14,8192,8448,3584,3840,65536,NDVI,-0.99609375,36257,10196,-9.574544818967412e-05,22959,0.011549095040759405
0,patch_32_15,8192,8448,3840,4096,65536,MSAVI,-0.10546875,34745,,,,
0,patch_32_15,8192,8448,3840,4096,65536,NDVI,-0.99609375,30791,7340,0.006410224537900522,9838,0.015090872013065887
0,patch_32_16,8192,8448,4096,4352,65536,MSAVI,-0.24609375,40619,,,,
0,patch_32_16,8192,8448,4096,4352,65536,NDVI,-0.99609375,24917,9255,0.014711710285740295,9353,0.023304470180564224
0,patch_32_17,8192,8448,4352,4608,65536,MSAVI,-0.14453125,39497,,,,
0,patch_32_17,8192,8448,4352,4608,65536,NDVI,-0.99609375,26039,4146,0.011044260778854925,5317,0.018089712467074942
0,patch_32_18,8192,8448,4608,4864,65536,MSAVI,-0.12890625,34954,,,,
0,patch_32_18,8192,8448,4608,4864,65536,NDVI,-0.99609375,30582,6509,0.0053511160000502545,8944,0.014089642354429777
0,patch_32_19,8192,8448,4864,5120,65536,MSAVI,-0.15234375,33514,,,,
0,patch_32_19,8192,8448,4864,5120,65536,NDVI,-0.99609375,32022,7165,0.0052741645348821364,12551,0.014400944644404695
0,patch_32_20,8192,8448,5120,5376,65536,MSAVI,-0.12890625,37509,,,,
0,patch_32_20,8192,8448,5120,5376,65536,NDVI,-0.99609375,28027,7808,0.009536322171516329,10423,0.016728823832415668
0,patch_32_21,8192,8448,5376,5632,65536,MSAVI,-0.26953125,43118,,,,
0,patch_32_21,8192,8448,5376,5632,65536,NDVI,-0.99609375,22418,8208,0.016972645294381833,8565,0.025359473326996035
0,patch_32_22,8192,8448,5632,5888,65536,MSAVI,-0.23046875,36009,,,,
0,patch_32_22,8192,8448,5632,5888,65536,NDVI,-0.99609375,29527,9577,0.009725471645880335,11814,0.01894112154278127
0,patch_32_23,8192,8448,5888,6144,65536,MSAVI,-0.19140625,35039,,,,
0,patch_32_23,8192,8448,5888,6144,65536,NDVI,-0.99609375,30497,11064,0.009943457813763656,12380,0.01814715996269811
0,patch_32_24,8192,8448,6144,6400,65536,MSAVI,-0.05078125,35745,,,,
0,patch_32_24,8192,8448,6144,6400,65536,NDVI,-0.99609375,29791,13353,0.010897942216709311,65536,0.016522506127615577
0,patch_32_25,8192,8448,6400,6656,65536,MSAVI,0.10546875,34269,,,,
0,patch_32_25,8192,8448,6400,6656,65536,NDVI,-0.99609375,31267,7908,0.006683814422120238,11472,0.015928404933740287
0,patch_32_26,8192,8448,6656,6912,65536,MSAVI,-0.16015625,39650,,,,
0,patch_32_26,8192,8448,6656,6912,65536,NDVI,-0.99609375,25886,5207,0.01089744941054803,6246,0.017407532438485945
0,patch_32_27,8192,8448,6912,7168,65536,MSAVI,-0.16015625,41984,,,,
0,patch_32_27,8192,8448,6912,7168,65536,NDVI,-0.99609375,23552,6059,0.014765981289625862,7590,0.021937410401041774
0,patch_32_29,8192,8448,7424,7680,65536,MSAVI,0.0,65536,,,,
0,patch_32_29,8192,8448,7424,7680,65536,NDVI,0.0,0,0,0.0,0,0.009808042386020944
0,patch_32_30,8192,8448,7680,7936,65536,MSAVI,0.0,65536,,,,
0,patch_32_30,8192,8448,7680,7936,65536,NDVI,0.0,0,0,0.0,0,0.009808042386020944
0,patch_32_31,8192,8448,7936,8192,65536,MSAVI,0.0,65536,,,,
0,patch_32_31,8192,8448,7936,8192,65536,NDVI,0.0,0,0,0.0,0,0.009808042386020944
0,patch_32_32,8192,8448,8192,8448,65536,MSAVI,0.0,65536,,,,
0,patch_32_32,8192,8448,8192,8448,65536,NDVI,0.0,0,0,0.0,0,0.009808042386020944
0,patch_32_33,8192,8448,8448,8704,65536,MSAVI,0.0,65536,,,,
0,patch_32_33,8192,8448,8448,8704,65536,NDVI,0.0,0,0,0.0,0,0.009808042386020944
0,patch_33_0,8448,8704,0,256,65536,MSAVI,0.0,65536,,,,
0,patch_33_0,8448,8704,0,256,65536,NDVI,0.0,0,0,0.0,0,0.009808042386020944
0,patch_33_1,8448,8704,256,512,65536,MSAVI,0.0,65536,,,,
0,patch_33_1,8448,8704,256,512,65536,NDVI,0.0,0,0,0.0,0,0.009808042386020944
0,patch_33_2,8448,8704,512,768,65536,MSAVI,0.0,65536,,,,
0,patch_33_2,8448,8704,512,768,65536,NDVI,0.0,0,0,0.0,0,0.009808042386020944
0,patch_33_3,8448,8704,768,1024,65536,MSAVI,0.0,65536,,,,
0,patch_33_3,8448,8704,768,1024,65536,NDVI,0.0,0,0,0.0,0,0.009808042386020944
0,patch_33_4,8448,8704,1024,1280,65536,MSAVI,0.0,65536,,,,
0,patch_33_4,8448,8704,1024,1280,65536,NDVI,0.0,0,0,0.0,0,0.009808042386020944
0,patch_33_5,8448,8704,1280,1536,65536,MSAVI,0.0,65536,,,,
0,patch_33_5,8448,8704,1280,1536,65536,NDVI,0.0,0,0,0.0,0,0.009808042386020944
0,patch_33_6,8448,8704,1536,1792,65536,MSAVI,0.0,65536,,,,
0,patch_33_6,8448,8704,1536,1792,65536,NDVI,0.0,0,0,0.0,0,0.009808042386020944
0,patch_33_11,8448,8704,2816,3072,65536,MSAVI,-0.20703125,33020,,,,
0,patch_33_11,8448,8704,2816,3072,65536,NDVI,-0.99609375,32516,10559,0.004645538238676514,16355,0.014544339126630446
0,patch_33_12,8448,8704,3072,3328,65536,MSAVI,-0.09765625,38067,,,,
0,patch_33_12,8448,8704,3072,3328,65536,NDVI,-0.99609375,27469,5574,0.010001807046796693,8020,0.01547214614297171
0,patch_33_13,8448,8704,3328,3584,65536,MSAVI,-0.01953125,31158,,,,
0,patch_33_13,8448,8704,3328,3584,65536,NDVI,-0.99609375,34378,23294,0.010850602281257865,65394,0.015089320348780078
0,patch_33_14,8448,8704,3584,3840,65536,MSAVI,-0.07421875,29476,,,,
0,patch_33_14,8448,8704,3584,3840,65536,NDVI,-0.99609375,36060,11605,0.00214700256845729,17703,0.013183297369818603
0,patch_33_15,8448,8704,3840,4096,65536,MSAVI,-0.10546875,33868,,,,
0,patch_33_15,8448,8704,3840,4096,65536,NDVI,-0.99609375,31668,9214,0.005208555052035629,13634,0.015191202502235407
0,patch_33_16,8448,8704,4096,4352,65536,MSAVI,-0.10546875,37160,,,,
0,patch_33_16,8448,8704,4096,4352,65536,NDVI,-0.99609375,28376,5591,0.007596532476213488,8293,0.01562790298942418
0,patch_33_17,8448,8704,4352,4608,65536,MSAVI,-0.06640625,38550,,,,
0,patch_33_17,8448,8704,4352,4608,65536,NDVI,-0.99609375,26986,7326,0.00854038118104905,9605,0.019191171803059126
0,patch_33_18,8448,8704,4608,4864,65536,MSAVI,-0.03515625,34350,,,,
0,patch_33_18,8448,8704,4608,4864,65536,NDVI,-0.99609375,31186,3204,0.0046332033318651905,5579,0.014140286770475213
0,patch_33_19,8448,8704,4864,5120,65536,MSAVI,-0.01171875,33467,,,,
0,patch_33_19,8448,8704,4864,5120,65536,NDVI,-0.99609375,32069,11258,0.00626747609610144,14007,0.015963897422580364
0,patch_33_20,8448,8704,5120,5376,65536,MSAVI,-0.08984375,34718,,,,
0,patch_33_20,8448,8704,5120,5376,65536,NDVI,-0.99609375,30818,8122,0.008485818784629146,10994,0.016903539534877693
0,patch_33_21,8448,8704,5376,5632,65536,MSAVI,-0.08984375,36529,,,,
0,patch_33_21,8448,8704,5376,5632,65536,NDVI,-0.99609375,29007,5492,0.0070301985496611374,8531,0.013684255223848946
0,patch_33_22,8448,8704,5632,5888,65536,MSAVI,-0.19921875,34293,,,,
0,patch_33_22,8448,8704,5632,5888,65536,NDVI,-0.99609375,31243,9159,0.006019795595279306,13460,0.015847779793202788
0,patch_33_23,8448,8704,5888,6144,65536,MSAVI,0.02734375,31831,,,,
0,patch_33_23,8448,8704,5888,6144,65536,NDVI,-0.99609375,33705,20819,0.008037867937377208,23137,0.017723170511894176
0,patch_33_24,8448,8704,6144,6400,65536,MSAVI,-0.25390625,33678,,,,
0,patch_33_24,8448,8704,6144,6400,65536,NDVI,-0.99609375,31858,8451,0.004578376594663008,12439,0.01416662676508676
0,patch_33_25,8448,8704,6400,6656,65536,MSAVI,-0.26171875,38677,,,,
0,patch_33_25,8448,8704,6400,6656,65536,NDVI,-0.99609375,26859,14594,0.01791451683394954,65478,0.023188545867548038
0,patch_33_26,8448,8704,6656,6912,65536,MSAVI,-0.16015625,38937,,,,
0,patch_33_26,8448,8704,6656,6912,65536,NDVI,-0.99609375,26599,7228,0.010191867888646941,8255,0.018752883871154064
0,patch_33_29,8448,8704,7424,7680,65536,MSAVI,0.0,65536,,,,
0,patch_33_29,8448,8704,7424,7680,65536,NDVI,0.0,0,0,0.0,0,0.009808042386020944
0,patch_33_30,8448,8704,7680,7936,65536,MSAVI,0.0,65536,,,,
0,patch_33_30,8448,8704,7680,7936,65536,NDVI,0.0,0,0,0.0,0,0.009808042386020944
0,patch_33_31,8448,8704,7936,8192,65536,MSAVI,0.0,65536,,,,
0,patch_33_31,8448,8704,7936,8192,65536,NDVI,0.0,0,0,0.0,0,0.009808042386020944
0,patch_33_32,8448,8704,8192,8448,65536,MSAVI,0.0,65536,,,,
0,patch_33_32,8448,8704,8192,8448,65536,NDVI,0.0,0,0,0.0,0,0.009808042386020944
0,patch_33_33,8448,8704,8448,8704,65536,MSAVI,0.0,65536,,,,
0,patch_33_33,8448,8704,8448,8704,65536,NDVI,0.0,0,0,0.0,0,0.009808042386020944
0,patch_34_0,8704,8960,0,256,65536,MSAVI,0.0,65536,,,,
0,patch_34_0,8704,8960,0,256,65536,NDVI,0.0,0,0,0.0,0,0.009808042386020944
0,patch_34_1,8704,8960,256,512,65536,MSAVI,0.0,65536,,,,
0,patch_34_1,8704,8960,256,512,65536,NDVI,0.0,0,0,0.0,0,0.009808042386020944
0,patch_34_2,8704,8960,512,768,65536,MSAVI,0.0,65536,,,,
0,patch_34_2,8704,8960,512,768,65536,NDVI,0.0,0,0,0.0,0,0.009808042386020944
0,patch_34_3,8704,8960,768,1024,65536,MSAVI,0.0,65536,,,,
0,patch_34_3,8704,8960,768,1024,65536,NDVI,0.0,0,0,0.0,0,0.009808042386020944
0,patch_34_4,8704,8960,1024,1280,65536,MSAVI,0.0,65536,,,,
0,patch_34_4,8704,8960,1024,1280,65536,NDVI,0.0,0,0,0.0,0,0.009808042386020944
0,patch_34_5,8704,8960,1280,1536,65536,MSAVI,0.0,65536,,,,
0,patch_34_5,8704,8960,1280,1536,65536,NDVI,0.0,0,0,0.0,0,0.009808042386020944
0,patch_34_6,8704,8960,1536,1792,65536,MSAVI,0.0,65536,,,,
0,patch_34_6,8704,8960,1536,1792,65536,NDVI,0.0,0,0,0.0,0,0.009808042386020944
0,patch_34_7,8704,8960,1792,2048,65536,MSAVI,0.0,65536,,,,
0,patch_34_7,8704,8960,1792,2048,65536,NDVI,0.0,0,0,0.0,0,0.009808042386020944
0,patch_34_8,8704,8960,2048,2304,65536,MSAVI,0.0,65536,,,,
0,patch_34_8,8704,8960,2048,2304,65536,NDVI,0.0,0,0,0.0,0,0.009808042386020944
0,patch_34_9,8704,8960,2304,2560,65536,MSAVI,0.0,65536,,,,
0,patch_34_9,8704,8960,2304,2560,65536,NDVI,0.0,0,0,0.0,0,0.009808042386020944
0,patch_34_14,8704,8960,3584,3840,65536,MSAVI,-0.07421875,34651,,,,
0,patch_34_14,8704,8960,3584,3840,65536,NDVI,-0.99609375,30885,12052,0.007054779974082437,14022,0.0151112433986334
0,patch_34_15,8704,8960,3840,4096,65536,MSAVI,-0.19140625,41423,,,,
0,patch_34_15,8704,8960,3840,4096,65536,NDVI,-0.99609375,24113,3578,0.01015741732956027,3785,0.017614862482974336
0,patch_34_16,8704,8960,4096,4352,65536,MSAVI,-0.08984375,33139,,,,
0,patch_34_16,8704,8960,4096,4352,65536,NDVI,-0.99609375,32397,4190,0.004258319958255485,7458,0.010918027897646454
0,patch_34_17,8704,8960,4352,4608,65536,MSAVI,-0.16015625,37353,,,,
0,patch_34_17,8704,8960,4352,4608,65536,NDVI,-0.99609375,28183,4632,0.009043556424173371,6509,0.01712991943647929
0,patch_34_18,8704,8960,4608,4864,65536,MSAVI,-0.16015625,36988,,,,
0,patch_34_18,8704,8960,4608,4864,65536,NDVI,-0.99609375,28548,2879,0.0065434721613474855,3458,0.013771348741066086
0,patch_34_19,8704,8960,4864,5120,65536,MSAVI,-0.05078125,35944,,,,
0,patch_34_19,8704,8960,4864,5120,65536,NDVI,-0.99609375,29592,7956,0.007699038941672481,11783,0.017433956789090183
0,patch_34_20,8704,8960,5120,5376,65536,MSAVI,-0.13671875,35442,,,,
0,patch_34_20,8704,8960,5120,5376,65536,NDVI,-0.99609375,30094,6218,0.006448094200457083,10054,0.01534350777309737
0,patch_34_21,8704,8960,5376,5632,65536,MSAVI,-0.02734375,33247,,,,
0,patch_34_21,8704,8960,5376,5632,65536,NDVI,-0.99609375,32289,6296,0.00487811845477322,10479,0.011619907658512701
0,patch_34_22,8704,8960,5632,5888,65536,MSAVI,-0.11328125,34865,,,,
0,patch_34_22,8704,8960,5632,5888,65536,NDVI,-0.99609375,30671,6693,0.007715732560231156,9345,0.015326519109820108
0,patch_34_23,8704,8960,5888,6144,65536,MSAVI,-0.23046875,36706,,,,
0,patch_34_23,8704,8960,5888,6144,65536,NDVI,-0.44921875,28830,11760,0.008734389201321316,14571,0.01933271986118487
0,patch_34_24,8704,8960,6144,6400,65536,MSAVI,-0.32421875,47025,,,,
0,patch_34_24,8704,8960,6144,6400,65536,NDVI,-0.99609375,18511,6190,0.022366808318613235,6112,0.026908301787209876
0,patch_34_25,8704,8960,6400,6656,65536,MSAVI,-0.09765625,38949,,,,
0,patch_34_25,8704,8960,6400,6656,65536,NDVI,-0.99609375,26587,12929,0.014141811055602221,65536,0.020148138960435935
0,patch_34_26,8704,8960,6656,6912,65431,MSAVI,-0.18359375,34362,,,,
0,patch_34_26,8704,8960,6656,6912,65431,NDVI,-0.99609375,31174,13149,0.008736151529562947,15425,0.017452293181048684
0,patch_34_28,8704,8960,7168,7424,65536,MSAVI,0.0,65536,,,,
0,patch_34_28,8704,8960,7168,7424,65536,NDVI,0.0,0,0,0.0,0,0.009808042386020944
0,patch_34_29,8704,8960,7424,7680,65536,MSAVI,0.0,65536,,,,
0,patch_34_29,8704,8960,7424,7680,65536,NDVI,0.0,0,0,0.0,0,0.009808042386020944
0,patch_34_30,8704,8960,7680,7936,65536,MSAVI,0.0,65536,,,,
0,patch_34_30,8704,8960,7680,7936,65536,NDVI,0.0,0,0,0.0,0,0.009808042386020944
0,patch_34_31,8704,8960,7936,8192,65536,MSAVI,0.0,65536,,,,
0,patch_34_31,8704,8960,7936,8192,65536,NDVI,0.0,0,0,0.0,0,0.009808042386020944
0,patch_34_32,8704,8960,8192,8448,65536,MSAVI,0.0,65536,,,,
0,patch_34_32,8704,8960,8192,8448,65536,NDVI,0.0,0,0,0.0,0,0.009808042386020944
0,patch_34_33,8704,8960,8448,8704,65536,MSAVI,0.0,65536,,,,
0,patch_34_33,8704,8960,8448,8704,65536,NDVI,0.0,0,0,0.0,0,0.009808042386020944
0,patch_35_0,8960,9216,0,256,65536,MSAVI,0.0,65536,,,,
0,patch_35_0,8960,9216,0,256,65536,NDVI,0.0,0,0,0.0,0,0.009808042386020944
0,patch_35_1,8960,9216,256,512,65536,MSAVI,0.0,65536,,,,
0,patch_35_1,8960,9216,256,512,65536,NDVI,0.0,0,0,0.0,0,0.009808042386020944
0,patch_35_2,8960,9216,512,768,65536,MSAVI,0.0,65536,,,,
0,patch_35_2,8960,9216,512,768,65536,NDVI,0.0,0,0,0.0,0,0.009808042386020944
0,patch_35_3,8960,9216,768,1024,65536,MSAVI,0.0,65536,,,,
0,patch_35_3,8960,9216,768,1024,65536,NDVI,0.0,0,0,0.0,0,0.009808042386020944
0,patch_35_4,8960,9216,1024,1280,65536,MSAVI,0.0,65536,,,,
0,patch_35_4,8960,9216,1024,1280,65536,NDVI,0.0,0,0,0.0,0,0.009808042386020944
0,patch_35_5,8960,9216,1280,1536,65536,MSAVI,0.0,65536,,,,
0,patch_35_5,8960,9216,1280,1536,65536,NDVI,0.0,0,0,0.0,0,0.009808042386020944
0,patch_35_6,8960,9216,1536,1792,65536,MSAVI,0.0,65536,,,,
0,patch_35_6,8960,9216,1536,1792,65536,NDVI,0.0,0,0,0.0,0,0.009808042386020944
0,patch_35_7,8960,9216,1792,2048,65536,MSAVI,0.0,65536,,,,
0,patch_35_7,8960,9216,1792,2048,65536,NDVI,0.0,0,0,0.0,0,0.009808042386020944
0,patch_35_8,8960,9216,2048,2304,65536,MSAVI,0.0,65536,,,,
0,patch_35_8,8960,9216,2048,2304,65536,NDVI,0.0,0,0,0.0,0,0.009808042386020944
0,patch_35_9,8960,9216,2304,2560,65536,MSAVI,0.0,65536,,,,
0,patch_35_9,8960,9216,2304,2560,65536,NDVI,0.0,0,0,0.0,0,0.009808042386020944
0,patch_35_10,8960,9216,2560,2816,65536,MSAVI,0.0,65536,,,,
0,patch_35_10,8960,9216,2560,2816,65536,NDVI,0.0,0,0,0.0,0,0.009808042386020944
0,patch_35_11,8960,9216,2816,3072,65536,MSAVI,0.0,65536,,,,
0,patch_35_11,8960,9216,2816,3072,65536,NDVI,0.0,0,0,0.0,0,0.009808042386020944
0,patch_35_12,8960,9216,3072,3328,65536,MSAVI,0.0,65536,,,,
0,patch_35_12,8960,9216,3072,3328,65536,NDVI,0.0,0,0,0.0,0,0.009808042386020944
0,patch_35_19,8960,9216,4864,5120,65536,MSAVI,-0.06640625,35893,,,,
0,patch_35_19,8960,9216,4864,5120,65536,NDVI,-0.99609375,29643,7869,0.0059829048141249175,10582,0.015145381054515322
0,patch_35_20,8960,9216,5120,5376,65536,MSAVI,-0.07421875,32885,,,,
0,patch_35_20,8960,9216,5120,5376,65536,NDVI,-0.99609375,32651,8016,0.005586353589075152,11520,0.014517902330194121
0,patch_35_21,8960,9216,5376,5632,65536,MSAVI,-0.02734375,31233,,,,
0,patch_35_21,8960,9216,5376,5632,65536,NDVI,-0.99609375,34303,7679,0.0025198062086422834,15377,0.012701769803247775
0,patch_35_22,8960,9216,5632,5888,65536,MSAVI,-0.12109375,31923,,,,
0,patch_35_22,8960,9216,5632,5888,65536,NDVI,-0.99609375,33613,6194,0.0035313944284125903,10814,0.010637813726471546
0,patch_35_23,8960,9216,5888,6144,65536,MSAVI,-0.08203125,36876,,,,
0,patch_35_23,8960,9216,5888,6144,65536,NDVI,-0.99609375,28660,6409,0.008702316580287639,8468,0.015251111545077578
0,patch_35_24,8960,9216,6144,6400,65536,MSAVI,-0.14453125,37042,,,,
0,patch_35_24,8960,9216,6144,6400,65536,NDVI,-0.99609375,28494,9122,0.008887298225285833,11584,0.017932616682404395
0,patch_35_25,8960,9216,6400,6656,65536,MSAVI,-0.18359375,34860,,,,
0,patch_35_25,8960,9216,6400,6656,65536,NDVI,-0.99609375,30676,8298,0.006920705850036082,9224,0.013473609851415214
0,patch_35_27,8960,9216,6912,7168,65536,MSAVI,0.0,65536,,,,
0,patch_35_27,8960,9216,6912,7168,65536,NDVI,0.0,0,0,0.0,0,0.009808042386020944
0,patch_35_28,8960,9216,7168,7424,65536,MSAVI,0.0,65536,,,,
0,patch_35_28,8960,9216,7168,7424,65536,NDVI,0.0,0,0,0.0,0,0.009808042386020944
0,patch_35_29,8960,9216,7424,7680,65536,MSAVI,0.0,65536,,,,
0,patch_35_29,8960,9216,7424,7680,65536,NDVI,0.0,0,0,0.0,0,0.009808042386020944
0,patch_35_30,8960,9216,7680,7936,65536,MSAVI,0.0,65536,,,,
0,patch_35_30,8960,9216,7680,7936,65536,NDVI,0.0,0,0,0.0,0,0.009808042386020944
0,patch_35_31,8960,9216,7936,8192,65536,MSAVI,0.0,65536,,,,
0,patch_35_31,8960,9216,7936,8192,65536,NDVI,0.0,0,0,0.0,0,0.009808042386020944
0,patch_35_32,8960,9216,8192,8448,65536,MSAVI,0.0,65536,,,,
0,patch_35_32,8960,9216,8192,8448,65536,NDVI,0.0,0,0,0.0,0,0.009808042386020944
0,patch_35_33,8960,9216,8448,8704,65536,MSAVI,0.0,65536,,,,
0,patch_35_33,8960,9216,8448,8704,65536,NDVI,0.0,0,0,0.0,0,0.009808042386020944
