,patch,start_vert,end_vert,start_horiz,end_horiz,Patch_Area,VegetationIndex,VI_Thresh,VI_Area,Pure_GaborArea,Pure_GaborThresh,LocalHistEq_GaborArea,LocalHistEq_GaborThresh
0,patch_0_0,0,256,0,256,65536,MSAVI,0.0,65536,,,,
0,patch_0_0,0,256,0,256,65536,NDVI,0.0,0,0,0.0,0,0.009808042386020944
0,patch_0_1,0,256,256,512,65536,MSAVI,0.0,65536,,,,
0,patch_0_1,0,256,256,512,65536,NDVI,0.0,0,0,0.0,0,0.009808042386020944
0,patch_0_2,0,256,512,768,65536,MSAVI,0.0,65536,,,,
0,patch_0_2,0,256,512,768,65536,NDVI,0.0,0,0,0.0,0,0.009808042386020944
0,patch_0_3,0,256,768,1024,65536,MSAVI,0.0,65536,,,,
0,patch_0_3,0,256,768,1024,65536,NDVI,0.0,0,0,0.0,0,0.009808042386020944
0,patch_0_4,0,256,1024,1280,65536,MSAVI,0.0,65536,,,,
0,patch_0_4,0,256,1024,1280,65536,NDVI,0.0,0,0,0.0,0,0.009808042386020944
0,patch_0_5,0,256,1280,1536,65536,MSAVI,0.0,65536,,,,
0,patch_0_5,0,256,1280,1536,65536,NDVI,0.0,0,0,0.0,0,0.009808042386020944
0,patch_0_6,0,256,1536,1792,65536,MSAVI,0.0,65536,,,,
0,patch_0_6,0,256,1536,1792,65536,NDVI,0.0,0,0,0.0,0,0.009808042386020944
0,patch_0_7,0,256,1792,2048,65536,MSAVI,0.0,65536,,,,
0,patch_0_7,0,256,1792,2048,65536,NDVI,0.0,0,0,0.0,0,0.009808042386020944
0,patch_0_8,0,256,2048,2304,65536,MSAVI,0.0,65536,,,,
0,patch_0_8,0,256,2048,2304,65536,NDVI,0.0,0,0,0.0,0,0.009808042386020944
0,patch_0_15,0,256,3840,4096,65536,MSAVI,0.0,65536,,,,
0,patch_0_15,0,256,3840,4096,65536,NDVI,0.0,0,0,0.0,0,0.009808042386020944
0,patch_0_16,0,256,4096,4352,65536,MSAVI,0.0,65536,,,,
0,patch_0_16,0,256,4096,4352,65536,NDVI,0.0,0,0,0.0,0,0.009808042386020944
0,patch_0_17,0,256,4352,4608,65536,MSAVI,0.0,65536,,,,
0,patch_0_17,0,256,4352,4608,65536,NDVI,0.0,0,0,0.0,0,0.009808042386020944
0,patch_0_18,0,256,4608,4864,65536,MSAVI,0.0,65536,,,,
0,patch_0_18,0,256,4608,4864,65536,NDVI,0.0,0,0,0.0,0,0.009808042386020944
0,patch_0_19,0,256,4864,5120,65536,MSAVI,0.0,65536,,,,
0,patch_0_19,0,256,4864,5120,65536,NDVI,0.0,0,0,0.0,0,0.009808042386020944
0,patch_0_20,0,256,5120,5376,65536,MSAVI,0.0,65536,,,,
0,patch_0_20,0,256,5120,5376,65536,NDVI,0.0,0,0,0.0,0,0.009808042386020944
0,patch_0_21,0,256,5376,5632,65536,MSAVI,0.0,65536,,,,
0,patch_0_21,0,256,5376,5632,65536,NDVI,0.0,0,0,0.0,0,0.009808042386020944
0,patch_0_22,0,256,5632,5888,65536,MSAVI,0.0,65536,,,,
0,patch_0_22,0,256,5632,5888,65536,NDVI,0.0,0,0,0.0,0,0.009808042386020944
0,patch_0_23,0,256,5888,6144,65536,MSAVI,0.0,65536,,,,
0,patch_0_23,0,256,5888,6144,65536,NDVI,0.0,0,0,0.0,0,0.009808042386020944
0,patch_0_24,0,256,6144,6400,65536,MSAVI,0.0,65536,,,,
0,patch_0_24,0,256,6144,6400,65536,NDVI,0.0,0,0,0.0,0,0.009808042386020944
0,patch_0_25,0,256,6400,6656,65536,MSAVI,0.0,65536,,,,
0,patch_0_25,0,256,6400,6656,65536,NDVI,0.0,0,0,0.0,0,0.009808042386020944
0,patch_0_26,0,256,6656,6912,65536,MSAVI,0.0,65536,,,,
0,patch_0_26,0,256,6656,6912,65536,NDVI,0.0,0,0,0.0,0,0.009808042386020944
0,patch_0_27,0,256,6912,7168,65536,MSAVI,0.0,65536,,,,
0,patch_0_27,0,256,6912,7168,65536,NDVI,0.0,0,0,0.0,0,0.009808042386020944
0,patch_0_28,0,256,7168,7424,65536,MSAVI,0.0,65536,,,,
0,patch_0_28,0,256,7168,7424,65536,NDVI,0.0,0,0,0.0,0,0.009808042386020944
0,patch_0_29,0,256,7424,7680,65536,MSAVI,0.0,65536,,,,
0,patch_0_29,0,256,7424,7680,65536,NDVI,0.0,0,0,0.0,0,0.009808042386020944
0,patch_0_30,0,256,7680,7936,65536,MSAVI,0.0,65536,,,,
0,patch_0_30,0,256,7680,7936,65536,NDVI,0.0,0,0,0.0,0,0.009808042386020944
0,patch_0_31,0,256,7936,8192,65536,MSAVI,0.0,65536,,,,
0,patch_0_31,0,256,7936,8192,65536,NDVI,0.0,0,0,0.0,0,0.009808042386020944
0,patch_0_32,0,256,8192,8448,65536,MSAVI,0.0,65536,,,,
0,patch_0_32,0,256,8192,8448,65536,NDVI,0.0,0,0,0.0,0,0.009808042386020944
0,patch_0_33,0,256,8448,8704,65536,MSAVI,0.0,65536,,,,
0,patch_0_33,0,256,8448,8704,65536,NDVI,0.0,0,0,0.0,0,0.009808042386020944
0,patch_0_34,0,256,8704,8960,65536,MSAVI,0.0,65536,,,,
0,patch_0_34,0,256,8704,8960,65536,NDVI,0.0,0,0,0.0,0,0.009808042386020944
0,patch_0_35,0,256,8960,9216,65536,MSAVI,0.0,65536,,,,
0,patch_0_35,0,256,8960,9216,65536,NDVI,0.0,0,0,0.0,0,0.009808042386020944
0,patch_0_36,0,256,9216,9472,65536,MSAVI,0.0,65536,,,,
0,patch_0_36,0,256,9216,9472,65536,NDVI,0.0,0,0,0.0,0,0.009808042386020944
0,patch_0_37,0,256,9472,9728,65536,MSAVI,0.0,65536,,,,
0,patch_0_37,0,256,9472,9728,65536,NDVI,0.0,0,0,0.0,0,0.009808042386020944
0,patch_1_0,256,512,0,256,65536,MSAVI,0.0,65536,,,,
0,patch_1_0,256,512,0,256,65536,NDVI,0.0,0,0,0.0,0,0.009808042386020944
0,patch_1_1,256,512,256,512,65536,MSAVI,0.0,65536,,,,
0,patch_1_1,256,512,256,512,65536,NDVI,0.0,0,0,0.0,0,0.009808042386020944
0,patch_1_2,256,512,512,768,65536,MSAVI,0.0,65536,,,,
0,patch_1_2,256,512,512,768,65536,NDVI,0.0,0,0,0.0,0,0.009808042386020944
0,patch_1_3,256,512,768,1024,65536,MSAVI,0.0,65536,,,,
0,patch_1_3,256,512,768,1024,65536,NDVI,0.0,0,0,0.0,0,0.009808042386020944
0,patch_1_4,256,512,1024,1280,65536,MSAVI,0.0,65536,,,,
0,patch_1_4,256,512,1024,1280,65536,NDVI,0.0,0,0,0.0,0,0.009808042386020944
0,patch_1_5,256,512,1280,1536,65536,MSAVI,0.0,65536,,,,
0,patch_1_5,256,512,1280,1536,65536,NDVI,0.0,0,0,0.0,0,0.009808042386020944
0,patch_1_6,256,512,1536,1792,65536,MSAVI,0.0,65536,,,,
0,patch_1_6,256,512,1536,1792,65536,NDVI,0.0,0,0,0.0,0,0.009808042386020944
0,patch_1_7,256,512,1792,2048,65536,MSAVI,0.0,65536,,,,
0,patch_1_7,256,512,1792,2048,65536,NDVI,0.0,0,0,0.0,0,0.009808042386020944
0,patch_1_10,256,512,2560,2816,65536,MSAVI,-0.08984375,34823,,,,
0,patch_1_10,256,512,2560,2816,65536,NDVI,-0.99609375,30713,9095,0.006312131601006271,13659,0.013923415490585067
0,patch_1_11,256,512,2816,3072,65536,MSAVI,-0.05859375,34535,,,,
0,patch_1_11,256,512,2816,3072,65536,NDVI,-0.99609375,31001,8199,0.005758392352766373,14532,0.017194612786774838
0,patch_1_12,256,512,3072,3328,65536,MSAVI,-0.10546875,36855,,,,
0,patch_1_12,256,512,3072,3328,65536,NDVI,-0.63671875,28673,11303,0.009217693917523223,17446,0.021272398650581337
0,patch_1_13,256,512,3328,3584,65536,MSAVI,-0.17578125,34640,,,,
0,patch_1_13,256,512,3328,3584,65536,NDVI,-0.99609375,30896,6570,0.005267154835743915,13832,0.01736599221600657
0,patch_1_18,256,512,4608,4864,65536,MSAVI,0.0,65536,,,,
0,patch_1_18,256,512,4608,4864,65536,NDVI,0.0,0,0,0.0,0,0.009808042386020944
0,patch_1_19,256,512,4864,5120,65536,MSAVI,0.0,65536,,,,
0,patch_1_19,256,512,4864,5120,65536,NDVI,0.0,0,0,0.0,0,0.009808042386020944
0,patch_1_20,256,512,5120,5376,65536,MSAVI,0.0,65536,,,,
0,patch_1_20,256,512,5120,5376,65536,NDVI,0.0,0,0,0.0,0,0.009808042386020944
0,patch_1_21,256,512,5376,5632,65536,MSAVI,0.0,65536,,,,
0,patch_1_21,256,512,5376,5632,65536,NDVI,0.0,0,0,0.0,0,0.009808042386020944
0,patch_1_22,256,512,5632,5888,65536,MSAVI,0.0,65536,,,,
0,patch_1_22,256,512,5632,5888,65536,NDVI,0.0,0,0,0.0,0,0.009808042386020944
0,patch_1_23,256,512,5888,6144,65536,MSAVI,0.0,65536,,,,
0,patch_1_23,256,512,5888,6144,65536,NDVI,0.0,0,0,0.0,0,0.009808042386020944
0,patch_1_24,256,512,6144,6400,65536,MSAVI,0.0,65536,,,,
0,patch_1_24,256,512,6144,6400,65536,NDVI,0.0,0,0,0.0,0,0.009808042386020944
0,patch_1_25,256,512,6400,6656,65536,MSAVI,0.0,65536,,,,
0,patch_1_25,256,512,6400,6656,65536,NDVI,0.0,0,0,0.0,0,0.009808042386020944
0,patch_1_26,256,512,6656,6912,65536,MSAVI,0.0,65536,,,,
0,patch_1_26,256,512,6656,6912,65536,NDVI,0.0,0,0,0.0,0,0.009808042386020944
0,patch_1_27,256,512,6912,7168,65536,MSAVI,0.0,65536,,,,
0,patch_1_27,256,512,6912,7168,65536,NDVI,0.0,0,0,0.0,0,0.009808042386020944
0,patch_1_28,256,512,7168,7424,65536,MSAVI,0.0,65536,,,,
0,patch_1_28,256,512,7168,7424,65536,NDVI,0.0,0,0,0.0,0,0.009808042386020944
0,patch_1_29,256,512,7424,7680,65536,MSAVI,0.0,65536,,,,
0,patch_1_29,256,512,7424,7680,65536,NDVI,0.0,0,0,0.0,0,0.009808042386020944
0,patch_1_30,256,512,7680,7936,65536,MSAVI,0.0,65536,,,,
0,patch_1_30,256,512,7680,7936,65536,NDVI,0.0,0,0,0.0,0,0.009808042386020944
0,patch_1_31,256,512,7936,8192,65536,MSAVI,0.0,65536,,,,
0,patch_1_31,256,512,7936,8192,65536,NDVI,0.0,0,0,0.0,0,0.009808042386020944
0,patch_1_32,256,512,8192,8448,65536,MSAVI,0.0,65536,,,,
0,patch_1_32,256,512,8192,8448,65536,NDVI,0.0,0,0,0.0,0,0.009808042386020944
0,patch_1_33,256,512,8448,8704,65536,MSAVI,0.0,65536,,,,
0,patch_1_33,256,512,8448,8704,65536,NDVI,0.0,0,0,0.0,0,0.009808042386020944
0,patch_1_34,256,512,8704,8960,65536,MSAVI,0.0,65536,,,,
0,patch_1_34,256,512,8704,8960,65536,NDVI,0.0,0,0,0.0,0,0.009808042386020944
0,patch_1_35,256,512,8960,9216,65536,MSAVI,0.0,65536,,,,
0,patch_1_35,256,512,8960,9216,65536,NDVI,0.0,0,0,0.0,0,0.009808042386020944
0,patch_1_36,256,512,9216,9472,65536,MSAVI,0.0,65536,,,,
0,patch_1_36,256,512,9216,9472,65536,NDVI,0.0,0,0,0.0,0,0.009808042386020944
0,patch_1_37,256,512,9472,9728,65536,MSAVI,0.0,65536,,,,
0,patch_1_37,256,512,9472,9728,65536,NDVI,0.0,0,0,0.0,0,0.009808042386020944
0,patch_2_0,512,768,0,256,65536,MSAVI,0.0,65536,,,,
0,patch_2_0,512,768,0,256,65536,NDVI,0.0,0,0,0.0,0,0.009808042386020944
0,patch_2_1,512,768,256,512,65536,MSAVI,0.0,65536,,,,
0,patch_2_1,512,768,256,512,65536,NDVI,0.0,0,0,0.0,0,0.009808042386020944
0,patch_2_2,512,768,512,768,65536,MSAVI,0.0,65536,,,,
0,patch_2_2,512,768,512,768,65536,NDVI,0.0,0,0,0.0,0,0.009808042386020944
0,patch_2_3,512,768,768,1024,65536,MSAVI,0.0,65536,,,,
0,patch_2_3,512,768,768,1024,65536,NDVI,0.0,0,0,0.0,0,0.009808042386020944
0,patch_2_4,512,768,1024,1280,65536,MSAVI,0.0,65536,,,,
0,patch_2_4,512,768,1024,1280,65536,NDVI,0.0,0,0,0.0,0,0.009808042386020944
0,patch_2_5,512,768,1280,1536,65536,MSAVI,0.0,65536,,,,
0,patch_2_5,512,768,1280,1536,65536,NDVI,0.0,0,0,0.0,0,0.009808042386020944
0,patch_2_6,512,768,1536,1792,65536,MSAVI,0.0,65536,,,,
0,patch_2_6,512,768,1536,1792,65536,NDVI,0.0,0,0,0.0,0,0.009808042386020944
0,patch_2_9,512,768,2304,2560,65536,MSAVI,-0.26171875,35290,,,,
0,patch_2_9,512,768,2304,2560,65536,NDVI,-0.99609375,30246,7738,0.005768357422988507,14018,0.01636225866013677
0,patch_2_10,512,768,2560,2816,65536,MSAVI,-0.03515625,36975,,,,
0,patch_2_10,512,768,2560,2816,65536,NDVI,-0.99609375,28561,10038,0.010076194652779702,15046,0.019752395812958956
0,patch_2_11,512,768,2816,3072,65536,MSAVI,-0.17578125,37999,,,,
0,patch_2_11,512,768,2816,3072,65536,NDVI,-0.99609375,27537,2626,0.008621876202983547,6443,0.01781170633672699
0,patch_2_12,512,768,3072,3328,65536,MSAVI,-0.09765625,35586,,,,
0,patch_2_12,512,768,3072,3328,65536,NDVI,-0.99609375,29950,9894,0.008359715213110963,14078,0.018592155721610826
0,patch_2_13,512,768,3328,3584,65536,MSAVI,-0.12890625,36473,,,,
0,patch_2_13,512,768,3328,3584,65536,NDVI,-0.99609375,29063,13239,0.011121149996091262,65536,0.02219564138057753
0,patch_2_14,512,768,3584,3840,65536,MSAVI,-0.33984375,38977,,,,
0,patch_2_14,512,768,3584,3840,65536,NDVI,-0.99609375,26559,8155,0.012640962506416803,11361,0.021528460036987662
0,patch_2_15,512,768,3840,4096,65536,MSAVI,-0.07421875,35631,,,,
0,patch_2_15,512,768,3840,4096,65536,NDVI,-0.99609375,29905,6696,0.007369917283750416,10761,0.01619669739726598
0,patch_2_16,512,768,4096,4352,65536,MSAVI,-0.20703125,37191,,,,
0,patch_2_16,512,768,4096,4352,65536,NDVI,-0.99609375,28345,3116,0.009064184453374702,5207,0.014310605685507738
0,patch_2_17,512,768,4352,4608,65503,MSAVI,-0.14453125,36002,,,,
0,patch_2_17,512,768,4352,4608,65503,NDVI,-0.64453125,29529,15195,0.012336791394452984,17916,0.01742706173946576
0,patch_2_22,512,768,5632,5888,65536,MSAVI,0.0,65536,,,,
0,patch_2_22,512,768,5632,5888,65536,NDVI,0.0,0,0,0.0,0,0.009808042386020944
0,patch_2_23,512,768,5888,6144,65536,MSAVI,0.0,65536,,,,
0,patch_2_23,512,768,5888,6144,65536,NDVI,0.0,0,0,0.0,0,0.009808042386020944
0,patch_2_24,512,768,6144,6400,65536,MSAVI,0.0,65536,,,,
0,patch_2_24,512,768,6144,6400,65536,NDVI,0.0,0,0,0.0,0,0.009808042386020944
0,patch_2_25,512,768,6400,6656,65536,MSAVI,0.0,65536,,,,
0,patch_2_25,512,768,6400,6656,65536,NDVI,0.0,0,0,0.0,0,0.009808042386020944
0,patch_2_26,512,768,6656,6912,65536,MSAVI,0.0,65536,,,,
0,patch_2_26,512,768,6656,6912,65536,NDVI,0.0,0,0,0.0,0,0.009808042386020944
0,patch_2_27,512,768,6912,7168,65536,MSAVI,0.0,65536,,,,
0,patch_2_27,512,768,6912,7168,65536,NDVI,0.0,0,0,0.0,0,0.009808042386020944
0,patch_2_28,512,768,7168,7424,65536,MSAVI,0.0,65536,,,,
0,patch_2_28,512,768,7168,7424,65536,NDVI,0.0,0,0,0.0,0,0.009808042386020944
0,patch_2_29,512,768,7424,7680,65536,MSAVI,0.0,65536,,,,
0,patch_2_29,512,768,7424,7680,65536,NDVI,0.0,0,0,0.0,0,0.009808042386020944
0,patch_2_30,512,768,7680,7936,65536,MSAVI,0.0,65536,,,,
0,patch_2_30,512,768,7680,7936,65536,NDVI,0.0,0,0,0.0,0,0.009808042386020944
0,patch_2_31,512,768,7936,8192,65536,MSAVI,0.0,65536,,,,
0,patch_2_31,512,768,7936,8192,65536,NDVI,0.0,0,0,0.0,0,0.009808042386020944
0,patch_2_32,512,768,8192,8448,65536,MSAVI,0.0,65536,,,,
0,patch_2_32,512,768,8192,8448,65536,NDVI,0.0,0,0,0.0,0,0.009808042386020944
0,patch_2_33,512,768,8448,8704,65536,MSAVI,0.0,65536,,,,
0,patch_2_33,512,768,8448,8704,65536,NDVI,0.0,0,0,0.0,0,0.009808042386020944
0,patch_2_34,512,768,8704,8960,65536,MSAVI,0.0,65536,,,,
0,patch_2_34,512,768,8704,8960,65536,NDVI,0.0,0,0,0.0,0,0.009808042386020944
0,patch_2_35,512,768,8960,9216,65536,MSAVI,0.0,65536,,,,
0,patch_2_35,512,768,8960,9216,65536,NDVI,0.0,0,0,0.0,0,0.009808042386020944
0,patch_2_36,512,768,9216,9472,65536,MSAVI,0.0,65536,,,,
0,patch_2_36,512,768,9216,9472,65536,NDVI,0.0,0,0,0.0,0,0.009808042386020944
0,patch_2_37,512,768,9472,9728,65536,MSAVI,0.0,65536,,,,
0,patch_2_37,512,768,9472,9728,65536,NDVI,0.0,0,0,0.0,0,0.009808042386020944
0,patch_3_0,768,1024,0,256,65536,MSAVI,0.0,65536,,,,
0,patch_3_0,768,1024,0,256,65536,NDVI,0.0,0,0,0.0,0,0.009808042386020944
0,patch_3_1,768,1024,256,512,65536,MSAVI,0.0,65536,,,,
0,patch_3_1,768,1024,256,512,65536,NDVI,0.0,0,0,0.0,0,0.009808042386020944
0,patch_3_2,768,1024,512,768,65536,MSAVI,0.0,65536,,,,
0,patch_3_2,768,1024,512,768,65536,NDVI,0.0,0,0,0.0,0,0.009808042386020944
0,patch_3_3,768,1024,768,1024,65536,MSAVI,0.0,65536,,,,
0,patch_3_3,768,1024,768,1024,65536,NDVI,0.0,0,0,0.0,0,0.009808042386020944
0,patch_3_4,768,1024,1024,1280,65536,MSAVI,0.0,65536,,,,
0,patch_3_4,768,1024,1024,1280,65536,NDVI,0.0,0,0,0.0,0,0.009808042386020944
0,patch_3_5,768,1024,1280,1536,65536,MSAVI,0.0,65536,,,,
0,patch_3_5,768,1024,1280,1536,65536,NDVI,0.0,0,0,0.0,0,0.009808042386020944
0,patch_3_6,768,1024,1536,1792,65536,MSAVI,0.0,65536,,,,
0,patch_3_6,768,1024,1536,1792,65536,NDVI,0.0,0,0,0.0,0,0.009808042386020944
0,patch_3_8,768,1024,2048,2304,65536,MSAVI,-0.17578125,37661,,,,
0,patch_3_8,768,1024,2048,2304,65536,NDVI,-0.70703125,19248,9332,0.012758204421016023,11814,0.02034915042194438
0,patch_3_9,768,1024,2304,2560,65536,MSAVI,-0.22265625,35086,,,,
0,patch_3_9,768,1024,2304,2560,65536,NDVI,-0.69921875,28487,12908,0.008017368828925925,17296,0.017468385263391478
0,patch_3_10,768,1024,2560,2816,65536,MSAVI,-0.15234375,37840,,,,
0,patch_3_10,768,1024,2560,2816,65536,NDVI,-0.67578125,18530,12820,0.011275429898334105,16794,0.022938712465716715
0,patch_3_11,768,1024,2816,3072,65536,MSAVI,-0.23828125,35115,,,,
0,patch_3_11,768,1024,2816,3072,65536,NDVI,-0.70703125,27179,15075,0.006324246590517918,20533,0.02048927375395493
0,patch_3_12,768,1024,3072,3328,65536,MSAVI,-0.11328125,37602,,,,
0,patch_3_12,768,1024,3072,3328,65536,NDVI,-0.65234375,27909,12421,0.012796280645358066,15779,0.020376352376447776
0,patch_3_13,768,1024,3328,3584,65536,MSAVI,-0.03515625,38508,,,,
0,patch_3_13,768,1024,3328,3584,65536,NDVI,-0.99609375,27028,10674,0.014509643860936339,12503,0.021660197019647387
0,patch_3_14,768,1024,3584,3840,65536,MSAVI,-0.23828125,37620,,,,
0,patch_3_14,768,1024,3584,3840,65536,NDVI,-0.99609375,27916,8593,0.009608092642165972,11092,0.0176793213971998
0,patch_3_15,768,1024,3840,4096,65536,MSAVI,-0.33984375,38114,,,,
0,patch_3_15,768,1024,3840,4096,65536,NDVI,-0.99609375,27422,6256,0.010957837971776935,9303,0.018457217806393422
0,patch_3_16,768,1024,4096,4352,65536,MSAVI,-0.25390625,37485,,,,
0,patch_3_16,768,1024,4096,4352,65536,NDVI,-0.99609375,28051,8208,0.00909233583928154,12472,0.018636845821001474
0,patch_3_17,768,1024,4352,4608,65536,MSAVI,-0.22265625,37325,,,,
0,patch_3_17,768,1024,4352,4608,65536,NDVI,-0.99609375,28211,16129,0.016244004611141005,18490,0.023201608200423496
0,patch_3_18,768,1024,4608,4864,65536,MSAVI,-0.03515625,37197,,,,
0,patch_3_18,768,1024,4608,4864,65536,NDVI,-0.99609375,28339,7688,0.011114438270552612,9931,0.016032012424925246
0,patch_3_19,768,1024,4864,5120,65536,MSAVI,-0.36328125,34053,,,,
0,patch_3_19,768,1024,4864,5120,65536,NDVI,-0.99609375,31483,6184,0.004097885826189418,11331,0.011867315322255989
0,patch_3_20,768,1024,5120,5376,65536,MSAVI,-0.10546875,33853,,,,
0,patch_3_20,768,1024,5120,5376,65536,NDVI,-0.99609375,31683,5679,0.0044921194510365026,9941,0.0116547319968818
0,patch_3_25,768,1024,6400,6656,65536,MSAVI,0.0,65536,,,,
0,patch_3_25,768,1024,6400,6656,65536,NDVI,0.0,0,0,0.0,0,0.009808042386020944
0,patch_3_26,768,1024,6656,6912,65536,MSAVI,0.0,65536,,,,
0,patch_3_26,768,1024,6656,6912,65536,NDVI,0.0,0,0,0.0,0,0.009808042386020944
0,patch_3_27,768,1024,6912,7168,65536,MSAVI,0.0,65536,,,,
0,patch_3_27,768,1024,6912,7168,65536,NDVI,0.0,0,0,0.0,0,0.009808042386020944
0,patch_3_28,768,1024,7168,7424,65536,MSAVI,0.0,65536,,,,
0,patch_3_28,768,1024,7168,7424,65536,NDVI,0.0,0,0,0.0,0,0.009808042386020944
0,patch_3_29,768,1024,7424,7680,65536,MSAVI,0.0,65536,,,,
0,patch_3_29,768,1024,7424,7680,65536,NDVI,0.0,0,0,0.0,0,0.009808042386020944
0,patch_3_30,768,1024,7680,7936,65536,MSAVI,0.0,65536,,,,
0,patch_3_30,768,1024,7680,7936,65536,NDVI,0.0,0,0,0.0,0,0.009808042386020944
0,patch_3_31,768,1024,7936,8192,65536,MSAVI,0.0,65536,,,,
0,patch_3_31,768,1024,7936,8192,65536,NDVI,0.0,0,0,0.0,0,0.009808042386020944
0,patch_3_32,768,1024,8192,8448,65536,MSAVI,0.0,65536,,,,
0,patch_3_32,768,1024,8192,8448,65536,NDVI,0.0,0,0,0.0,0,0.009808042386020944
0,patch_3_33,768,1024,8448,8704,65536,MSAVI,0.0,65536,,,,
0,patch_3_33,768,1024,8448,8704,65536,NDVI,0.0,0,0,0.0,0,0.009808042386020944
0,patch_3_34,768,1024,8704,8960,65536,MSAVI,0.0,65536,,,,
0,patch_3_34,768,1024,8704,8960,65536,NDVI,0.0,0,0,0.0,0,0.009808042386020944
0,patch_3_35,768,1024,8960,9216,65536,MSAVI,0.0,65536,,,,
0,patch_3_35,768,1024,8960,9216,65536,NDVI,0.0,0,0,0.0,0,0.009808042386020944
0,patch_3_36,768,1024,9216,9472,65536,MSAVI,0.0,65536,,,,
0,patch_3_36,768,1024,9216,9472,65536,NDVI,0.0,0,0,0.0,0,0.009808042386020944
0,patch_3_37,768,1024,9472,9728,65536,MSAVI,0.0,65536,,,,
0,patch_3_37,768,1024,9472,9728,65536,NDVI,0.0,0,0,0.0,0,0.009808042386020944
0,patch_4_0,1024,1280,0,256,65536,MSAVI,0.0,65536,,,,
0,patch_4_0,1024,1280,0,256,65536,NDVI,0.0,0,0,0.0,0,0.009808042386020944
0,patch_4_1,1024,1280,256,512,65536,MSAVI,0.0,65536,,,,
0,patch_4_1,1024,1280,256,512,65536,NDVI,0.0,0,0,0.0,0,0.009808042386020944
0,patch_4_2,1024,1280,512,768,65536,MSAVI,0.0,65536,,,,
0,patch_4_2,1024,1280,512,768,65536,NDVI,0.0,0,0,0.0,0,0.009808042386020944
0,patch_4_3,1024,1280,768,1024,65536,MSAVI,0.0,65536,,,,
0,patch_4_3,1024,1280,768,1024,65536,NDVI,0.0,0,0,0.0,0,0.009808042386020944
0,patch_4_4,1024,1280,1024,1280,65536,MSAVI,0.0,65536,,,,
0,patch_4_4,1024,1280,1024,1280,65536,NDVI,0.0,0,0,0.0,0,0.009808042386020944
0,patch_4_5,1024,1280,1280,1536,65536,MSAVI,0.0,65536,,,,
0,patch_4_5,1024,1280,1280,1536,65536,NDVI,0.0,0,0,0.0,0,0.009808042386020944
0,patch_4_6,1024,1280,1536,1792,65536,MSAVI,0.0,65536,,,,
0,patch_4_6,1024,1280,1536,1792,65536,NDVI,0.0,0,0,0.0,0,0.009808042386020944
0,patch_4_8,1024,1280,2048,2304,65536,MSAVI,-0.12890625,39135,,,,
0,patch_4_8,1024,1280,2048,2304,65536,NDVI,-0.99609375,26401,15659,0.01954833644668827,65536,0.026566457666445664
0,patch_4_9,1024,1280,2304,2560,65536,MSAVI,-0.20703125,35853,,,,
0,patch_4_9,1024,1280,2304,2560,65536,NDVI,-0.73046875,28953,11710,0.008882815153832102,16950,0.01799001871881961
0,patch_4_10,1024,1280,2560,2816,65536,MSAVI,-0.19140625,36645,,,,
0,patch_4_10,1024,1280,2560,2816,65536,NDVI,-0.69140625,15576,12989,0.010833010244355207,16713,0.019044347432211867
0,patch_4_11,1024,1280,2816,3072,65536,MSAVI,-0.09765625,36119,,,,
0,patch_4_11,1024,1280,2816,3072,65536,NDVI,-0.66015625,18854,9240,0.009160115650543643,12410,0.017531029309794194
0,patch_4_12,1024,1280,3072,3328,65536,MSAVI,-0.06640625,38527,,,,
0,patch_4_12,1024,1280,3072,3328,65536,NDVI,-0.68359375,22739,7388,0.011923852261463308,10641,0.020850125928701863
0,patch_4_13,1024,1280,3328,3584,65536,MSAVI,-0.08984375,37819,,,,
0,patch_4_13,1024,1280,3328,3584,65536,NDVI,-0.64453125,27690,17246,0.01788168506608724,65536,0.02579455210049106
0,patch_4_14,1024,1280,3584,3840,65536,MSAVI,-0.08203125,37219,,,,
0,patch_4_14,1024,1280,3584,3840,65536,NDVI,-0.99609375,28317,5596,0.00859916678717293,9556,0.016428925956107482
0,patch_4_15,1024,1280,3840,4096,65536,MSAVI,-0.16015625,35375,,,,
0,patch_4_15,1024,1280,3840,4096,65536,NDVI,-0.70703125,30158,9683,0.008116210304525195,13951,0.016848282013446597
0,patch_4_16,1024,1280,4096,4352,65536,MSAVI,-0.31640625,37465,,,,
0,patch_4_16,1024,1280,4096,4352,65536,NDVI,-0.99609375,28071,7808,0.01075509813757719,11849,0.01799252513977201
0,patch_4_17,1024,1280,4352,4608,65536,MSAVI,-0.16796875,39243,,,,
0,patch_4_17,1024,1280,4352,4608,65536,NDVI,-0.99609375,26293,11260,0.01675802132866072,12609,0.023306733822573783
0,patch_4_18,1024,1280,4608,4864,65536,MSAVI,-0.16796875,36552,,,,
0,patch_4_18,1024,1280,4608,4864,65536,NDVI,-0.99609375,28984,8828,0.010366451854501607,13107,0.019545340346317608
0,patch_4_19,1024,1280,4864,5120,65536,MSAVI,-0.19921875,38035,,,,
0,patch_4_19,1024,1280,4864,5120,65536,NDVI,-0.99609375,27501,8594,0.013807555121705672,10327,0.019589689954372408
0,patch_4_20,1024,1280,5120,5376,65536,MSAVI,-0.18359375,37081,,,,
0,patch_4_20,1024,1280,5120,5376,65536,NDVI,-0.99609375,28455,8627,0.007261086596366401,12950,0.017524552690243084
0,patch_4_21,1024,1280,5376,5632,65536,MSAVI,-0.23828125,37430,,,,
0,patch_4_21,1024,1280,5376,5632,65536,NDVI,-0.99609375,28106,8865,0.010512869026746946,11237,0.01710722219787167
0,patch_4_22,1024,1280,5632,5888,65536,MSAVI,-0.20703125,37288,,,,
0,patch_4_22,1024,1280,5632,5888,65536,NDVI,-0.99609375,28248,6851,0.010251746325986938,11320,0.019824203912939903
0,patch_4_23,1024,1280,5888,6144,65536,MSAVI,-0.19921875,36143,,,,
0,patch_4_23,1024,1280,5888,6144,65536,NDVI,-0.99609375,29393,7477,0.01003578855947071,11467,0.014920255135188965
0,patch_4_28,1024,1280,7168,7424,65536,MSAVI,0.0,65536,,,,
0,patch_4_28,1024,1280,7168,7424,65536,NDVI,0.0,0,0,0.0,0,0.009808042386020944
0,patch_4_29,1024,1280,7424,7680,65536,MSAVI,0.0,65536,,,,
0,patch_4_29,1024,1280,7424,7680,65536,NDVI,0.0,0,0,0.0,0,0.009808042386020944
0,patch_4_30,1024,1280,7680,7936,65536,MSAVI,0.0,65536,,,,
0,patch_4_30,1024,1280,7680,7936,65536,NDVI,0.0,0,0,0.0,0,0.009808042386020944
0,patch_4_31,1024,1280,7936,8192,65536,MSAVI,0.0,65536,,,,
0,patch_4_31,1024,1280,7936,8192,65536,NDVI,0.0,0,0,0.0,0,0.009808042386020944
0,patch_4_32,1024,1280,8192,8448,65536,MSAVI,0.0,65536,,,,
0,patch_4_32,1024,1280,8192,8448,65536,NDVI,0.0,0,0,0.0,0,0.009808042386020944
0,patch_4_33,1024,1280,8448,8704,65536,MSAVI,0.0,65536,,,,
0,patch_4_33,1024,1280,8448,8704,65536,NDVI,0.0,0,0,0.0,0,0.009808042386020944
0,patch_4_34,1024,1280,8704,8960,65536,MSAVI,0.0,65536,,,,
0,patch_4_34,1024,1280,8704,8960,65536,NDVI,0.0,0,0,0.0,0,0.009808042386020944
0,patch_4_35,1024,1280,8960,9216,65536,MSAVI,0.0,65536,,,,
0,patch_4_35,1024,1280,8960,9216,65536,NDVI,0.0,0,0,0.0,0,0.009808042386020944
0,patch_4_36,1024,1280,9216,9472,65536,MSAVI,0.0,65536,,,,
0,patch_4_36,1024,1280,9216,9472,65536,NDVI,0.0,0,0,0.0,0,0.009808042386020944
0,patch_4_37,1024,1280,9472,9728,65536,MSAVI,0.0,65536,,,,
0,patch_4_37,1024,1280,9472,9728,65536,NDVI,0.0,0,0,0.0,0,0.009808042386020944
0,patch_5_0,1280,1536,0,256,65536,MSAVI,0.0,65536,,,,
0,patch_5_0,1280,1536,0,256,65536,NDVI,0.0,0,0,0.0,0,0.009808042386020944
0,patch_5_1,1280,1536,256,512,65536,MSAVI,0.0,65536,,,,
0,patch_5_1,1280,1536,256,512,65536,NDVI,0.0,0,0,0.0,0,0.009808042386020944
0,patch_5_2,1280,1536,512,768,65536,MSAVI,0.0,65536,,,,
0,patch_5_2,1280,1536,512,768,65536,NDVI,0.0,0,0,0.0,0,0.009808042386020944
0,patch_5_3,1280,1536,768,1024,65536,MSAVI,0.0,65536,,,,
0,patch_5_3,1280,1536,768,1024,65536,NDVI,0.0,0,0,0.0,0,0.009808042386020944
0,patch_5_4,1280,1536,1024,1280,65536,MSAVI,0.0,65536,,,,
0,patch_5_4,1280,1536,1024,1280,65536,NDVI,0.0,0,0,0.0,0,0.009808042386020944
0,patch_5_5,1280,1536,1280,1536,65536,MSAVI,0.0,65536,,,,
0,patch_5_5,1280,1536,1280,1536,65536,NDVI,0.0,0,0,0.0,0,0.009808042386020944
0,patch_5_6,1280,1536,1536,1792,65536,MSAVI,0.0,65536,,,,
0,patch_5_6,1280,1536,1536,1792,65536,NDVI,0.0,0,0,0.0,0,0.009808042386020944
0,patch_5_8,1280,1536,2048,2304,65536,MSAVI,-0.26953125,37388,,,,
0,patch_5_8,1280,1536,2048,2304,65536,NDVI,-0.99609375,28148,5263,0.008540401043042212,9966,0.016786823983761634
0,patch_5_9,1280,1536,2304,2560,65536,MSAVI,-0.27734375,41470,,,,
0,patch_5_9,1280,1536,2304,2560,65536,NDVI,-0.99609375,24066,10908,0.02007821356390635,11611,0.02684070608148953
0,patch_5_10,1280,1536,2560,2816,65536,MSAVI,-0.15234375,34629,,,,
0,patch_5_10,1280,1536,2560,2816,65536,NDVI,-0.71484375,29948,5487,0.005100949503016011,13159,0.01646605358356626
0,patch_5_11,1280,1536,2816,3072,65536,MSAVI,-0.05078125,36578,,,,
0,patch_5_11,1280,1536,2816,3072,65536,NDVI,-0.66015625,28918,4893,0.00821631098331796,7507,0.014020419133339235
0,patch_5_12,1280,1536,3072,3328,65536,MSAVI,-0.12109375,39359,,,,
0,patch_5_12,1280,1536,3072,3328,65536,NDVI,-0.70703125,25998,4776,0.0120834031395739,6916,0.01802984153280149
0,patch_5_13,1280,1536,3328,3584,65536,MSAVI,-0.01953125,35774,,,,
0,patch_5_13,1280,1536,3328,3584,65536,NDVI,-0.67578125,29643,7605,0.005705848796577373,14022,0.015609548747554325
0,patch_5_14,1280,1536,3584,3840,65536,MSAVI,-0.04296875,35260,,,,
0,patch_5_14,1280,1536,3584,3840,65536,NDVI,-0.69140625,30226,7491,0.007011066568845509,13378,0.016127270337653266
0,patch_5_15,1280,1536,3840,4096,65536,MSAVI,-0.18359375,38414,,,,
0,patch_5_15,1280,1536,3840,4096,65536,NDVI,-0.68359375,25902,4039,0.009931454474814166,7790,0.019342580627095124
0,patch_5_16,1280,1536,4096,4352,65536,MSAVI,-0.16015625,37022,,,,
0,patch_5_16,1280,1536,4096,4352,65536,NDVI,-0.73828125,28406,4999,0.00876984417653881,9144,0.018616378536010808
0,patch_5_17,1280,1536,4352,4608,65536,MSAVI,-0.19921875,37538,,,,
0,patch_5_17,1280,1536,4352,4608,65536,NDVI,-0.71484375,26705,7166,0.010583381752408777,10764,0.017745878323064984
0,patch_5_18,1280,1536,4608,4864,65536,MSAVI,-0.10546875,36201,,,,
0,patch_5_18,1280,1536,4608,4864,65536,NDVI,-0.69140625,29305,7893,0.0076714760814505095,13718,0.016569805272728194
0,patch_5_19,1280,1536,4864,5120,65536,MSAVI,0.09765625,34435,,,,
0,patch_5_19,1280,1536,4864,5120,65536,NDVI,-0.69140625,31099,6210,0.0035463128410718053,13786,0.014101366057892
0,patch_5_20,1280,1536,5120,5376,65536,MSAVI,-0.03515625,36773,,,,
0,patch_5_20,1280,1536,5120,5376,65536,NDVI,-0.99609375,28763,7677,0.009411863302466322,11101,0.016763485115790122
0,patch_5_21,1280,1536,5376,5632,65536,MSAVI,-0.14453125,36297,,,,
0,patch_5_21,1280,1536,5376,5632,65536,NDVI,-0.99609375,29239,8570,0.010116406533405758,11574,0.016957381858974552
0,patch_5_22,1280,1536,5632,5888,65536,MSAVI,-0.18359375,39241,,,,
0,patch_5_22,1280,1536,5632,5888,65536,NDVI,-0.99609375,26295,7458,0.014224412606691161,10264,0.02254643337817172
0,patch_5_23,1280,1536,5888,6144,65536,MSAVI,-0.30078125,36085,,,,
0,patch_5_23,1280,1536,5888,6144,65536,NDVI,-0.99609375,29451,6710,0.007599366561321597,11992,0.014829977012413592
0,patch_5_24,1280,1536,6144,6400,65536,MSAVI,-0.28515625,35762,,,,
0,patch_5_24,1280,1536,6144,6400,65536,NDVI,-0.99609375,29774,8076,0.008259478806566467,12681,0.015133671393595505
0,patch_5_25,1280,1536,6400,6656,65536,MSAVI,-0.04296875,36111,,,,
0,patch_5_25,1280,1536,6400,6656,65536,NDVI,-0.99609375,29425,5773,0.008652259857416328,11200,0.01730537878976715
0,patch_5_26,1280,1536,6656,6912,65536,MSAVI,-0.12890625,38330,,,,
0,patch_5_26,1280,1536,6656,6912,65536,NDVI,-0.99609375,27206,5866,0.01033697839541542,7861,0.016070388076188213
0,patch_5_27,1280,1536,6912,7168,65534,MSAVI,-0.24609375,39770,,,,
0,patch_5_27,1280,1536,6912,7168,65534,NDVI,-0.99609375,25766,7102,0.015034566228750601,65487,0.01969605103802971
0,patch_5_32,1280,1536,8192,8448,65536,MSAVI,0.0,65536,,,,
0,patch_5_32,1280,1536,8192,8448,65536,NDVI,0.0,0,0,0.0,0,0.009808042386020944
0,patch_5_33,1280,1536,8448,8704,65536,MSAVI,0.0,65536,,,,
0,patch_5_33,1280,1536,8448,8704,65536,NDVI,0.0,0,0,0.0,0,0.009808042386020944
0,patch_5_34,1280,1536,8704,8960,65536,MSAVI,0.0,65536,,,,
0,patch_5_34,1280,1536,8704,8960,65536,NDVI,0.0,0,0,0.0,0,0.009808042386020944
0,patch_5_35,1280,1536,8960,9216,65536,MSAVI,0.0,65536,,,,
0,patch_5_35,1280,1536,8960,9216,65536,NDVI,0.0,0,0,0.0,0,0.009808042386020944
0,patch_5_36,1280,1536,9216,9472,65536,MSAVI,0.0,65536,,,,
0,patch_5_36,1280,1536,9216,9472,65536,NDVI,0.0,0,0,0.0,0,0.009808042386020944
0,patch_5_37,1280,1536,9472,9728,65536,MSAVI,0.0,65536,,,,
0,patch_5_37,1280,1536,9472,9728,65536,NDVI,0.0,0,0,0.0,0,0.009808042386020944
0,patch_6_0,1536,1792,0,256,65536,MSAVI,0.0,65536,,,,
0,patch_6_0,1536,1792,0,256,65536,NDVI,0.0,0,0,0.0,0,0.009808042386020944
0,patch_6_1,1536,1792,256,512,65536,MSAVI,0.0,65536,,,,
0,patch_6_1,1536,1792,256,512,65536,NDVI,0.0,0,0,0.0,0,0.009808042386020944
0,patch_6_2,1536,1792,512,768,65536,MSAVI,0.0,65536,,,,
0,patch_6_2,1536,1792,512,768,65536,NDVI,0.0,0,0,0.0,0,0.009808042386020944
0,patch_6_3,1536,1792,768,1024,65536,MSAVI,0.0,65536,,,,
0,patch_6_3,1536,1792,768,1024,65536,NDVI,0.0,0,0,0.0,0,0.009808042386020944
0,patch_6_4,1536,1792,1024,1280,65536,MSAVI,0.0,65536,,,,
0,patch_6_4,1536,1792,1024,1280,65536,NDVI,0.0,0,0,0.0,0,0.009808042386020944
0,patch_6_5,1536,1792,1280,1536,65536,MSAVI,0.0,65536,,,,
0,patch_6_5,1536,1792,1280,1536,65536,NDVI,0.0,0,0,0.0,0,0.009808042386020944
0,patch_6_7,1536,1792,1792,2048,65518,MSAVI,-0.17578125,36451,,,,
0,patch_6_7,1536,1792,1792,2048,65518,NDVI,-0.73046875,21378,6712,0.007386620292790108,11296,0.016586585258049902
0,patch_6_8,1536,1792,2048,2304,65536,MSAVI,-0.12890625,33956,,,,
0,patch_6_8,1536,1792,2048,2304,65536,NDVI,-0.72265625,31522,8248,0.006514919732684421,14939,0.01545076281613797
0,patch_6_9,1536,1792,2304,2560,65536,MSAVI,-0.08984375,35451,,,,
0,patch_6_9,1536,1792,2304,2560,65536,NDVI,-0.67578125,30085,9332,0.009372095364045402,15054,0.019312661657525237
0,patch_6_10,1536,1792,2560,2816,65536,MSAVI,-0.10546875,37180,,,,
0,patch_6_10,1536,1792,2560,2816,65536,NDVI,-0.69140625,28345,5998,0.00860950049445397,9339,0.016322137371902717
0,patch_6_11,1536,1792,2816,3072,65536,MSAVI,-0.08203125,36904,,,,
0,patch_6_11,1536,1792,2816,3072,65536,NDVI,-0.69921875,28626,7247,0.009692061157840631,10076,0.017845924745979874
0,patch_6_12,1536,1792,3072,3328,65536,MSAVI,-0.07421875,36108,,,,
0,patch_6_12,1536,1792,3072,3328,65536,NDVI,-0.69140625,29428,4433,0.007011317091939778,9698,0.01445955540516683
0,patch_6_13,1536,1792,3328,3584,65536,MSAVI,-0.15234375,35670,,,,
0,patch_6_13,1536,1792,3328,3584,65536,NDVI,-0.69140625,29866,6531,0.006959975845071326,11702,0.015450672439039942
0,patch_6_14,1536,1792,3584,3840,65536,MSAVI,-0.17578125,37677,,,,
0,patch_6_14,1536,1792,3584,3840,65536,NDVI,-0.99609375,27859,2736,0.0099259181745176,5591,0.017129140909185298
0,patch_6_15,1536,1792,3840,4096,65536,MSAVI,-0.10546875,35451,,,,
0,patch_6_15,1536,1792,3840,4096,65536,NDVI,-0.99609375,30085,6142,0.007173100716165226,10027,0.0137498269962463
0,patch_6_16,1536,1792,4096,4352,65536,MSAVI,0.03515625,35160,,,,
0,patch_6_16,1536,1792,4096,4352,65536,NDVI,-0.65234375,30371,13420,0.008118701593188477,18270,0.020233667335281674
0,patch_6_17,1536,1792,4352,4608,65536,MSAVI,-0.12109375,35138,,,,
0,patch_6_17,1536,1792,4352,4608,65536,NDVI,-0.69140625,30056,9621,0.007444851229854832,14035,0.014702627600157697
0,patch_6_18,1536,1792,4608,4864,65536,MSAVI,-0.08203125,35780,,,,
0,patch_6_18,1536,1792,4608,4864,65536,NDVI,-0.72265625,29311,6909,0.007328032286695124,12007,0.015133535369550144
0,patch_6_19,1536,1792,4864,5120,65536,MSAVI,-0.13671875,36330,,,,
0,patch_6_19,1536,1792,4864,5120,65536,NDVI,-0.71484375,27581,5281,0.00804462993382049,9194,0.015590952766129346
0,patch_6_20,1536,1792,5120,5376,65536,MSAVI,-0.17578125,35318,,,,
0,patch_6_20,1536,1792,5120,5376,65536,NDVI,-0.69140625,29507,8436,0.007924308910126243,14099,0.01710553320740149
0,patch_6_21,1536,1792,5376,5632,65536,MSAVI,-0.05078125,34140,,,,
0,patch_6_21,1536,1792,5376,5632,65536,NDVI,-0.66015625,31358,12974,0.006532237513127925,17878,0.017116980974571316
0,patch_6_22,1536,1792,5632,5888,65536,MSAVI,-0.22265625,40984,,,,
0,patch_6_22,1536,1792,5632,5888,65536,NDVI,-0.72265625,24546,4661,0.015002385054365602,5530,0.022610109149916013
0,patch_6_23,1536,1792,5888,6144,65536,MSAVI,-0.30078125,39732,,,,
0,patch_6_23,1536,1792,5888,6144,65536,NDVI,-0.73046875,25470,5403,0.01395790963967139,6877,0.022377008251699
0,patch_6_24,1536,1792,6144,6400,65536,MSAVI,-0.14453125,38862,,,,
0,patch_6_24,1536,1792,6144,6400,65536,NDVI,-0.67578125,26235,6460,0.011389389705091624,8763,0.01835452996652781
0,patch_6_25,1536,1792,6400,6656,65536,MSAVI,-0.23046875,38727,,,,
0,patch_6_25,1536,1792,6400,6656,65536,NDVI,-0.70703125,26803,3725,0.010858455267912542,6814,0.016667624937871384
0,patch_6_26,1536,1792,6656,6912,65536,MSAVI,-0.18359375,36388,,,,
0,patch_6_26,1536,1792,6656,6912,65536,NDVI,-0.71484375,27895,6972,0.008567775162259705,13877,0.01677003776102176
0,patch_6_27,1536,1792,6912,7168,65536,MSAVI,-0.33203125,37721,,,,
0,patch_6_27,1536,1792,6912,7168,65536,NDVI,-0.78515625,27002,6781,0.011707102103396927,10320,0.018656543272366183
0,patch_6_28,1536,1792,7168,7424,65536,MSAVI,-0.22265625,38087,,,,
0,patch_6_28,1536,1792,7168,7424,65536,NDVI,-0.99609375,27449,4775,0.010927455383526546,7836,0.01785237629017128
0,patch_6_29,1536,1792,7424,7680,65536,MSAVI,-0.12109375,43697,,,,
0,patch_6_29,1536,1792,7424,7680,65536,NDVI,-0.99609375,21839,2195,0.017197269747365906,3228,0.022649031931163494
0,patch_6_30,1536,1792,7680,7936,65536,MSAVI,-0.20703125,40590,,,,
0,patch_6_30,1536,1792,7680,7936,65536,NDVI,-0.99609375,24946,4125,0.013429480767454927,5232,0.019007506760720383
0,patch_6_35,1536,1792,8960,9216,65536,MSAVI,0.0,65536,,,,
0,patch_6_35,1536,1792,8960,9216,65536,NDVI,0.0,0,0,0.0,0,0.009808042386020944
0,patch_6_36,1536,1792,9216,9472,65536,MSAVI,0.0,65536,,,,
0,patch_6_36,1536,1792,9216,9472,65536,NDVI,0.0,0,0,0.0,0,0.009808042386020944
0,patch_6_37,1536,1792,9472,9728,65536,MSAVI,0.0,65536,,,,
0,patch_6_37,1536,1792,9472,9728,65536,NDVI,0.0,0,0,0.0,0,0.009808042386020944
0,patch_7_0,1792,2048,0,256,65536,MSAVI,0.0,65536,,,,
0,patch_7_0,1792,2048,0,256,65536,NDVI,0.0,0,0,0.0,0,0.009808042386020944
0,patch_7_1,1792,2048,256,512,65536,MSAVI,0.0,65536,,,,
0,patch_7_1,1792,2048,256,512,65536,NDVI,0.0,0,0,0.0,0,0.009808042386020944
0,patch_7_2,1792,2048,512,768,65536,MSAVI,0.0,65536,,,,
0,patch_7_2,1792,2048,512,768,65536,NDVI,0.0,0,0,0.0,0,0.009808042386020944
0,patch_7_3,1792,2048,768,1024,65536,MSAVI,0.0,65536,,,,
0,patch_7_3,1792,2048,768,1024,65536,NDVI,0.0,0,0,0.0,0,0.009808042386020944
0,patch_7_4,1792,2048,1024,1280,65536,MSAVI,0.0,65536,,,,
0,patch_7_4,1792,2048,1024,1280,65536,NDVI,0.0,0,0,0.0,0,0.009808042386020944
0,patch_7_5,1792,2048,1280,1536,65536,MSAVI,0.0,65536,,,,
0,patch_7_5,1792,2048,1280,1536,65536,NDVI,0.0,0,0,0.0,0,0.009808042386020944
0,patch_7_7,1792,2048,1792,2048,65536,MSAVI,-0.17578125,35700,,,,
0,patch_7_7,1792,2048,1792,2048,65536,NDVI,-0.63671875,29836,10480,0.008303640122245187,13851,0.016933234693600502
0,patch_7_8,1792,2048,2048,2304,65536,MSAVI,-0.25390625,36814,,,,
0,patch_7_8,1792,2048,2048,2304,65536,NDVI,-0.70703125,28673,11314,0.01265469024874083,14340,0.02068342067104903
0,patch_7_9,1792,2048,2304,2560,65536,MSAVI,-0.02734375,35548,,,,
0,patch_7_9,1792,2048,2304,2560,65536,NDVI,-0.65234375,29970,7860,0.008035459475194809,13088,0.0176615063047878
0,patch_7_10,1792,2048,2560,2816,65536,MSAVI,-0.16015625,37137,,,,
0,patch_7_10,1792,2048,2560,2816,65536,NDVI,-0.72265625,28390,6987,0.007809539335786764,11020,0.017312799243033555
0,patch_7_11,1792,2048,2816,3072,65536,MSAVI,-0.14453125,34691,,,,
0,patch_7_11,1792,2048,2816,3072,65536,NDVI,-0.73046875,30214,5378,0.005406642402412454,11575,0.014127600905311788
0,patch_7_12,1792,2048,3072,3328,65536,MSAVI,-0.26171875,37209,,,,
0,patch_7_12,1792,2048,3072,3328,65536,NDVI,-0.99609375,28327,6837,0.009872272137173593,11820,0.019553212202063686
0,patch_7_13,1792,2048,3328,3584,65536,MSAVI,-0.16796875,32905,,,,
0,patch_7_13,1792,2048,3328,3584,65536,NDVI,-0.99609375,32631,9919,0.0049749087705321104,18591,0.0162245426815866
0,patch_7_14,1792,2048,3584,3840,65536,MSAVI,-0.13671875,36327,,,,
0,patch_7_14,1792,2048,3584,3840,65536,NDVI,-0.66796875,29202,8034,0.007926563325637487,11918,0.015952333562585075
0,patch_7_15,1792,2048,3840,4096,65536,MSAVI,-0.14453125,37302,,,,
0,patch_7_15,1792,2048,3840,4096,65536,NDVI,-0.99609375,28234,5579,0.00924705628214409,8431,0.014691946397336897
0,patch_7_16,1792,2048,4096,4352,65536,MSAVI,-0.14453125,40711,,,,
0,patch_7_16,1792,2048,4096,4352,65536,NDVI,-0.99609375,24825,8356,0.018069447226508967,8911,0.024476589851394615
0,patch_7_17,1792,2048,4352,4608,65536,MSAVI,-0.19140625,38778,,,,
0,patch_7_17,1792,2048,4352,4608,65536,NDVI,-0.99609375,26758,10258,0.011416546842679787,13048,0.019922213839413477
0,patch_7_18,1792,2048,4608,4864,65536,MSAVI,-0.09765625,36615,,,,
0,patch_7_18,1792,2048,4608,4864,65536,NDVI,-0.64453125,28921,9443,0.00913786645661227,13969,0.018952933990291437
0,patch_7_19,1792,2048,4864,5120,65536,MSAVI,-0.23046875,36878,,,,
0,patch_7_19,1792,2048,4864,5120,65536,NDVI,-0.71484375,28631,8681,0.010041556912911587,13073,0.020789003861487437
0,patch_7_20,1792,2048,5120,5376,65536,MSAVI,-0.23046875,34761,,,,
0,patch_7_20,1792,2048,5120,5376,65536,NDVI,-0.75390625,30617,7311,0.006098498097408256,14365,0.015660693983832935
0,patch_7_21,1792,2048,5376,5632,65536,MSAVI,-0.15234375,35675,,,,
0,patch_7_21,1792,2048,5376,5632,65536,NDVI,-0.72265625,29766,5232,0.007961322889673828,9016,0.015520519973850538
0,patch_7_22,1792,2048,5632,5888,65536,MSAVI,-0.21484375,37327,,,,
0,patch_7_22,1792,2048,5632,5888,65536,NDVI,-0.72265625,28054,3800,0.00743183623574703,5959,0.013832959131040407
0,patch_7_23,1792,2048,5888,6144,65536,MSAVI,-0.12109375,37416,,,,
0,patch_7_23,1792,2048,5888,6144,65536,NDVI,-0.99609375,28120,3990,0.007829413927431528,7461,0.017689895680656653
0,patch_7_24,1792,2048,6144,6400,65536,MSAVI,-0.36328125,39966,,,,
0,patch_7_24,1792,2048,6144,6400,65536,NDVI,-0.99609375,25570,3344,0.010736353300250079,5613,0.020277335255892925
0,patch_7_25,1792,2048,6400,6656,65536,MSAVI,-0.37109375,39068,,,,
0,patch_7_25,1792,2048,6400,6656,65536,NDVI,-0.99609375,26468,3738,0.010591988592478119,5920,0.01752375425091751
0,patch_7_26,1792,2048,6656,6912,65536,MSAVI,-0.25390625,39243,,,,
0,patch_7_26,1792,2048,6656,6912,65536,NDVI,-0.73046875,26128,8017,0.012508647244223126,10695,0.020353900863843838
0,patch_7_27,1792,2048,6912,7168,65536,MSAVI,-0.12890625,36827,,,,
0,patch_7_27,1792,2048,6912,7168,65536,NDVI,-0.66015625,19583,9157,0.009634151604371116,11909,0.018126299920276007
0,patch_7_28,1792,2048,7168,7424,65536,MSAVI,-0.15234375,35989,,,,
0,patch_7_28,1792,2048,7168,7424,65536,NDVI,-0.71484375,24994,9071,0.008353378324645055,14342,0.018907024970223008
0,patch_7_29,1792,2048,7424,7680,65536,MSAVI,-0.23828125,40531,,,,
0,patch_7_29,1792,2048,7424,7680,65536,NDVI,-0.99609375,25005,5419,0.0147639131203402,7167,0.019546840158345097
0,patch_7_30,1792,2048,7680,7936,65536,MSAVI,-0.24609375,38700,,,,
0,patch_7_30,1792,2048,7680,7936,65536,NDVI,-0.99609375,26836,7884,0.011378279050715617,10788,0.01893165043205708
0,patch_7_31,1792,2048,7936,8192,65536,MSAVI,-0.26953125,37517,,,,
0,patch_7_31,1792,2048,7936,8192,65536,NDVI,-0.99609375,28019,6792,0.011823401368991765,7862,0.015243302478590348
0,patch_7_32,1792,2048,8192,8448,65536,MSAVI,-0.06640625,36220,,,,
0,patch_7_32,1792,2048,8192,8448,65536,NDVI,-0.99609375,29316,8501,0.008848807341569398,13065,0.017491871658156743
0,patch_7_33,1792,2048,8448,8704,65536,MSAVI,-0.27734375,37590,,,,
0,patch_7_33,1792,2048,8448,8704,65536,NDVI,-0.99609375,27946,8620,0.012067491821516008,9379,0.015629155067942657
0,patch_7_37,1792,2048,9472,9728,65536,MSAVI,0.0,65536,,,,
0,patch_7_37,1792,2048,9472,9728,65536,NDVI,0.0,0,0,0.0,0,0.009808042386020944
0,patch_8_0,2048,2304,0,256,65536,MSAVI,0.0,65536,,,,
0,patch_8_0,2048,2304,0,256,65536,NDVI,0.0,0,0,0.0,0,0.009808042386020944
0,patch_8_1,2048,2304,256,512,65536,MSAVI,0.0,65536,,,,
0,patch_8_1,2048,2304,256,512,65536,NDVI,0.0,0,0,0.0,0,0.009808042386020944
0,patch_8_2,2048,2304,512,768,65536,MSAVI,0.0,65536,,,,
0,patch_8_2,2048,2304,512,768,65536,NDVI,0.0,0,0,0.0,0,0.009808042386020944
0,patch_8_3,2048,2304,768,1024,65536,MSAVI,0.0,65536,,,,
0,patch_8_3,2048,2304,768,1024,65536,NDVI,0.0,0,0,0.0,0,0.009808042386020944
0,patch_8_4,2048,2304,1024,1280,65536,MSAVI,0.0,65536,,,,
0,patch_8_4,2048,2304,1024,1280,65536,NDVI,0.0,0,0,0.0,0,0.009808042386020944
0,patch_8_5,2048,2304,1280,1536,65536,MSAVI,0.0,65536,,,,
0,patch_8_5,2048,2304,1280,1536,65536,NDVI,0.0,0,0,0.0,0,0.009808042386020944
0,patch_8_7,2048,2304,1792,2048,65536,MSAVI,-0.22265625,40480,,,,
0,patch_8_7,2048,2304,1792,2048,65536,NDVI,-0.99609375,25056,5266,0.014824964593401935,6571,0.02252343987816549
0,patch_8_8,2048,2304,2048,2304,65536,MSAVI,-0.12109375,37684,,,,
0,patch_8_8,2048,2304,2048,2304,65536,NDVI,-0.65234375,27840,8409,0.011239776488080722,11658,0.0178133261092486
0,patch_8_9,2048,2304,2304,2560,65536,MSAVI,0.06640625,36923,,,,
0,patch_8_9,2048,2304,2304,2560,65536,NDVI,-0.69921875,27833,7628,0.009544679506877707,11219,0.017426498125525658
0,patch_8_10,2048,2304,2560,2816,65536,MSAVI,-0.09765625,36090,,,,
0,patch_8_10,2048,2304,2560,2816,65536,NDVI,-0.67578125,28896,5866,0.007895085006061148,10715,0.01677078588186459
0,patch_8_11,2048,2304,2816,3072,65536,MSAVI,-0.12109375,37661,,,,
0,patch_8_11,2048,2304,2816,3072,65536,NDVI,-0.69921875,27838,9658,0.01145676537633894,13078,0.02094207242501242
0,patch_8_12,2048,2304,3072,3328,65536,MSAVI,-0.16015625,37393,,,,
0,patch_8_12,2048,2304,3072,3328,65536,NDVI,-0.68359375,28140,14536,0.011241833839908927,18107,0.022286284728070233
0,patch_8_13,2048,2304,3328,3584,65536,MSAVI,-0.35546875,40027,,,,
0,patch_8_13,2048,2304,3328,3584,65536,NDVI,-0.74609375,25506,11691,0.0199917920519449,12827,0.02664582859043091
0,patch_8_14,2048,2304,3584,3840,65536,MSAVI,-0.12890625,35992,,,,
0,patch_8_14,2048,2304,3584,3840,65536,NDVI,-0.73046875,29496,7766,0.008954043269362721,11423,0.01532511353490712
0,patch_8_15,2048,2304,3840,4096,65536,MSAVI,-0.29296875,35334,,,,
0,patch_8_15,2048,2304,3840,4096,65536,NDVI,-0.75390625,30197,4545,0.005941645462964856,9553,0.013818216535695288
0,patch_8_16,2048,2304,4096,4352,65536,MSAVI,-0.05078125,38487,,,,
0,patch_8_16,2048,2304,4096,4352,65536,NDVI,-0.99609375,27049,6205,0.010745197091624248,8865,0.018540291150211163
0,patch_8_17,2048,2304,4352,4608,65536,MSAVI,-0.14453125,38522,,,,
0,patch_8_17,2048,2304,4352,4608,65536,NDVI,-0.99609375,27014,8122,0.011382418462738852,10315,0.018270810486190614
0,patch_8_18,2048,2304,4608,4864,65536,MSAVI,-0.17578125,34103,,,,
0,patch_8_18,2048,2304,4608,4864,65536,NDVI,-0.65234375,31433,14488,0.006043984475456093,21862,0.018088117151216554
0,patch_8_19,2048,2304,4864,5120,65536,MSAVI,-0.33984375,37870,,,,
0,patch_8_19,2048,2304,4864,5120,65536,NDVI,-0.76171875,27634,11533,0.012270424545749614,15500,0.021064021310084807
0,patch_8_20,2048,2304,5120,5376,65536,MSAVI,-0.28515625,40439,,,,
0,patch_8_20,2048,2304,5120,5376,65536,NDVI,-0.99609375,25097,7652,0.016002488477477456,9668,0.025244752314430186
0,patch_8_21,2048,2304,5376,5632,65536,MSAVI,-0.16015625,36823,,,,
0,patch_8_21,2048,2304,5376,5632,65536,NDVI,-0.99609375,28713,5025,0.007634463403557307,8999,0.015011213513130534
0,patch_8_22,2048,2304,5632,5888,65536,MSAVI,-0.20703125,36123,,,,
0,patch_8_22,2048,2304,5632,5888,65536,NDVI,-0.99609375,29413,5288,0.008103146389164595,10272,0.015904930393350225
0,patch_8_23,2048,2304,5888,6144,65536,MSAVI,-0.23828125,37007,,,,
0,patch_8_23,2048,2304,5888,6144,65536,NDVI,-0.99609375,28529,6264,0.009388419447839774,10200,0.017190134219204012
0,patch_8_24,2048,2304,6144,6400,65536,MSAVI,-0.13671875,35384,,,,
0,patch_8_24,2048,2304,6144,6400,65536,NDVI,-0.65234375,30150,9281,0.008165574423068117,14922,0.018090327659993105
0,patch_8_25,2048,2304,6400,6656,65536,MSAVI,0.10546875,36897,,,,
0,patch_8_25,2048,2304,6400,6656,65536,NDVI,-0.63671875,28616,6663,0.00851078245174669,11433,0.017270407567035878
0,patch_8_26,2048,2304,6656,6912,65536,MSAVI,-0.15234375,38518,,,,
0,patch_8_26,2048,2304,6656,6912,65536,NDVI,-0.99609375,27018,7427,0.011318862633259735,9762,0.020600272577349976
0,patch_8_27,2048,2304,6912,7168,65536,MSAVI,-0.26171875,37451,,,,
0,patch_8_27,2048,2304,6912,7168,65536,NDVI,-0.99609375,28085,11301,0.012617288916471653,15618,0.021369206069452834
0,patch_8_28,2048,2304,7168,7424,65536,MSAVI,-0.15234375,37266,,,,
0,patch_8_28,2048,2304,7168,7424,65536,NDVI,-0.69921875,28254,6799,0.009817932677207208,9188,0.01764030900664232
0,patch_8_29,2048,2304,7424,7680,65536,MSAVI,-0.26953125,43188,,,,
0,patch_8_29,2048,2304,7424,7680,65536,NDVI,-0.75390625,18142,4771,0.01868734188859969,6272,0.027236918574902097
0,patch_8_30,2048,2304,7680,7936,65536,MSAVI,-0.30859375,40794,,,,
0,patch_8_30,2048,2304,7680,7936,65536,NDVI,-0.76953125,24695,6315,0.01507574220638791,8721,0.022560915520388414
0,patch_8_31,2048,2304,7936,8192,65536,MSAVI,-0.26953125,38689,,,,
0,patch_8_31,2048,2304,7936,8192,65536,NDVI,-0.73828125,26846,5989,0.012481346372159169,7657,0.017492904687096522
0,patch_8_32,2048,2304,8192,8448,65536,MSAVI,-0.32421875,37188,,,,
0,patch_8_32,2048,2304,8192,8448,65536,NDVI,-0.99609375,28348,5825,0.009393748157706494,8498,0.016078726787236708
0,patch_8_33,2048,2304,8448,8704,65536,MSAVI,-0.19921875,35303,,,,
0,patch_8_33,2048,2304,8448,8704,65536,NDVI,-0.99609375,30233,9750,0.009144646985273147,13254,0.015557078024513171
0,patch_8_34,2048,2304,8704,8960,65536,MSAVI,-0.13671875,35988,,,,
0,patch_8_34,2048,2304,8704,8960,65536,NDVI,-0.99609375,29548,6303,0.0087648376031072,9879,0.014842686784956233
0,patch_8_35,2048,2304,8960,9216,65536,MSAVI,-0.28515625,38595,,,,
0,patch_8_35,2048,2304,8960,9216,65536,NDVI,-0.99609375,26941,7487,0.012252342722062881,8546,0.01829672735222254
0,patch_9_0,2304,2560,0,256,65536,MSAVI,0.0,65536,,,,
0,patch_9_0,2304,2560,0,256,65536,NDVI,0.0,0,0,0.0,0,0.009808042386020944
0,patch_9_1,2304,2560,256,512,65536,MSAVI,0.0,65536,,,,
0,patch_9_1,2304,2560,256,512,65536,NDVI,0.0,0,0,0.0,0,0.009808042386020944
0,patch_9_2,2304,2560,512,768,65536,MSAVI,0.0,65536,,,,
0,patch_9_2,2304,2560,512,768,65536,NDVI,0.0,0,0,0.0,0,0.009808042386020944
0,patch_9_3,2304,2560,768,1024,65536,MSAVI,0.0,65536,,,,
0,patch_9_3,2304,2560,768,1024,65536,NDVI,0.0,0,0,0.0,0,0.009808042386020944
0,patch_9_4,2304,2560,1024,1280,65536,MSAVI,0.0,65536,,,,
0,patch_9_4,2304,2560,1024,1280,65536,NDVI,0.0,0,0,0.0,0,0.009808042386020944
0,patch_9_6,2304,2560,1536,1792,65497,MSAVI,-0.16796875,37840,,,,
0,patch_9_6,2304,2560,1536,1792,65497,NDVI,-0.99609375,27696,2608,0.009507582188748753,6078,0.016989186307491577
0,patch_9_7,2304,2560,1792,2048,65536,MSAVI,-0.11328125,37819,,,,
0,patch_9_7,2304,2560,1792,2048,65536,NDVI,-0.99609375,27717,3160,0.009456084264808623,6510,0.015939094556797456
0,patch_9_8,2304,2560,2048,2304,65536,MSAVI,-0.12890625,34639,,,,
0,patch_9_8,2304,2560,2048,2304,65536,NDVI,-0.99609375,30897,8004,0.006772643844221271,11467,0.014799031905521565
0,patch_9_9,2304,2560,2304,2560,65536,MSAVI,-0.08984375,34144,,,,
0,patch_9_9,2304,2560,2304,2560,65536,NDVI,-0.99609375,31392,7025,0.006044564864540414,11858,0.012942594183833284
0,patch_9_10,2304,2560,2560,2816,65536,MSAVI,-0.10546875,35100,,,,
0,patch_9_10,2304,2560,2560,2816,65536,NDVI,-0.65234375,25713,11505,0.006843423364603141,16012,0.015876176653015772
0,patch_9_11,2304,2560,2816,3072,65536,MSAVI,-0.04296875,35664,,,,
0,patch_9_11,2304,2560,2816,3072,65536,NDVI,-0.66796875,29872,5684,0.008262253905735845,10155,0.014900391780359012
0,patch_9_12,2304,2560,3072,3328,65536,MSAVI,-0.11328125,41969,,,,
0,patch_9_12,2304,2560,3072,3328,65536,NDVI,-0.99609375,23567,11595,0.021988509528559935,11561,0.027843804264139543
0,patch_9_13,2304,2560,3328,3584,65536,MSAVI,-0.23046875,37454,,,,
0,patch_9_13,2304,2560,3328,3584,65536,NDVI,-0.99609375,28082,5194,0.010593185550015843,8159,0.018200859787582097
0,patch_9_14,2304,2560,3584,3840,65536,MSAVI,-0.16796875,39773,,,,
0,patch_9_14,2304,2560,3584,3840,65536,NDVI,-0.65234375,25763,12139,0.017788751162593514,12770,0.02293195560315081
0,patch_9_15,2304,2560,3840,4096,65536,MSAVI,-0.19921875,38716,,,,
0,patch_9_15,2304,2560,3840,4096,65536,NDVI,-0.68359375,26808,14892,0.020791905894363222,15027,0.02633283512846918
0,patch_9_16,2304,2560,4096,4352,65536,MSAVI,-0.12109375,36237,,,,
0,patch_9_16,2304,2560,4096,4352,65536,NDVI,-0.99609375,29299,19751,0.01373580492816924,21178,0.023514231259450485
0,patch_9_17,2304,2560,4352,4608,65536,MSAVI,-0.32421875,34691,,,,
0,patch_9_17,2304,2560,4352,4608,65536,NDVI,-0.69140625,30845,9682,0.006570739946859777,15490,0.01601345196169604
0,patch_9_18,2304,2560,4608,4864,65536,MSAVI,-0.21484375,35272,,,,
0,patch_9_18,2304,2560,4608,4864,65536,NDVI,-0.66015625,30260,13592,0.010814870148355887,17595,0.020310372459789144
0,patch_9_19,2304,2560,4864,5120,65536,MSAVI,-0.12109375,35705,,,,
0,patch_9_19,2304,2560,4864,5120,65536,NDVI,-0.65234375,29817,15727,0.011512254323737175,65536,0.02036520995587565
0,patch_9_20,2304,2560,5120,5376,65536,MSAVI,-0.14453125,38023,,,,
0,patch_9_20,2304,2560,5120,5376,65536,NDVI,-0.67578125,25851,13350,0.013510540663126458,15471,0.02276288474900473
0,patch_9_21,2304,2560,5376,5632,65536,MSAVI,-0.17578125,40003,,,,
0,patch_9_21,2304,2560,5376,5632,65536,NDVI,-0.66796875,25532,5272,0.013145213188799992,8672,0.02060292904881844
0,patch_9_22,2304,2560,5632,5888,65536,MSAVI,-0.26953125,37180,,,,
0,patch_9_22,2304,2560,5632,5888,65536,NDVI,-0.99609375,28356,8520,0.010360423595761975,12375,0.018772726574878468
0,patch_9_23,2304,2560,5888,6144,65536,MSAVI,-0.26953125,35823,,,,
0,patch_9_23,2304,2560,5888,6144,65536,NDVI,-0.99609375,29713,11938,0.00868842748059151,16332,0.0177204306346172
0,patch_9_24,2304,2560,6144,6400,65536,MSAVI,-0.16015625,34483,,,,
0,patch_9_24,2304,2560,6144,6400,65536,NDVI,-0.69921875,30843,13609,0.0067754076902908356,19480,0.018203604094481296
0,patch_9_25,2304,2560,6400,6656,65536,MSAVI,-0.04296875,35122,,,,
0,patch_9_25,2304,2560,6400,6656,65536,NDVI,-0.62109375,22985,5959,0.007344331505584556,10718,0.015124075688801752
0,patch_9_26,2304,2560,6656,6912,65536,MSAVI,-0.20703125,35984,,,,
0,patch_9_26,2304,2560,6656,6912,65536,NDVI,-0.70703125,28814,12359,0.008755282199988682,15935,0.018692191023234273
0,patch_9_27,2304,2560,6912,7168,65536,MSAVI,-0.09765625,38879,,,,
0,patch_9_27,2304,2560,6912,7168,65536,NDVI,-0.99609375,26657,5354,0.01205341350368519,7389,0.018024584577883113
0,patch_9_28,2304,2560,7168,7424,65536,MSAVI,0.01953125,37308,,,,
0,patch_9_28,2304,2560,7168,7424,65536,NDVI,-0.99609375,28228,4852,0.009041044677143645,8152,0.015287139187162652
0,patch_9_29,2304,2560,7424,7680,65536,MSAVI,-0.16015625,39762,,,,
0,patch_9_29,2304,2560,7424,7680,65536,NDVI,-0.65234375,25745,9772,0.013546083695136657,12169,0.021629713115068144
0,patch_9_30,2304,2560,7680,7936,65536,MSAVI,-0.22265625,37852,,,,
0,patch_9_30,2304,2560,7680,7936,65536,NDVI,-0.77734375,27681,10752,0.01141859142285337,13118,0.021434668788284345
0,patch_9_31,2304,2560,7936,8192,65536,MSAVI,-0.38671875,39437,,,,
0,patch_9_31,2304,2560,7936,8192,65536,NDVI,-0.76171875,24833,10083,0.011907692458687558,12953,0.022699908444242106
0,patch_9_32,2304,2560,8192,8448,65536,MSAVI,-0.21484375,37213,,,,
0,patch_9_32,2304,2560,8192,8448,65536,NDVI,-0.67578125,27548,6065,0.009262224772940586,11145,0.017681006122060167
0,patch_9_33,2304,2560,8448,8704,65536,MSAVI,-0.07421875,35288,,,,
0,patch_9_33,2304,2560,8448,8704,65536,NDVI,-0.99609375,30248,10288,0.009557462907655773,65457,0.01636200256966014
0,patch_9_34,2304,2560,8704,8960,65536,MSAVI,-0.19140625,34293,,,,
0,patch_9_34,2304,2560,8704,8960,65536,NDVI,-0.99609375,31243,13716,0.010706027674390661,16252,0.0173369530759116
0,patch_9_35,2304,2560,8960,9216,65536,MSAVI,-0.12109375,36126,,,,
0,patch_9_35,2304,2560,8960,9216,65536,NDVI,-0.99609375,29410,12514,0.008611456047444774,15120,0.018812210602508983
0,patch_9_36,2304,2560,9216,9472,65536,MSAVI,-0.12109375,28474,,,,
0,patch_9_36,2304,2560,9216,9472,65536,NDVI,-0.99609375,37062,1030,-0.009503404038472274,25174,0.015058119455348379
0,patch_10_0,2560,2816,0,256,65536,MSAVI,0.0,65536,,,,
0,patch_10_0,2560,2816,0,256,65536,NDVI,0.0,0,0,0.0,0,0.009808042386020944
0,patch_10_1,2560,2816,256,512,65536,MSAVI,0.0,65536,,,,
0,patch_10_1,2560,2816,256,512,65536,NDVI,0.0,0,0,0.0,0,0.009808042386020944
0,patch_10_2,2560,2816,512,768,65536,MSAVI,0.0,65536,,,,
0,patch_10_2,2560,2816,512,768,65536,NDVI,0.0,0,0,0.0,0,0.009808042386020944
0,patch_10_3,2560,2816,768,1024,65536,MSAVI,0.0,65536,,,,
0,patch_10_3,2560,2816,768,1024,65536,NDVI,0.0,0,0,0.0,0,0.009808042386020944
0,patch_10_4,2560,2816,1024,1280,65536,MSAVI,0.0,65536,,,,
0,patch_10_4,2560,2816,1024,1280,65536,NDVI,0.0,0,0,0.0,0,0.009808042386020944
0,patch_10_6,2560,2816,1536,1792,65536,MSAVI,-0.10546875,36945,,,,
0,patch_10_6,2560,2816,1536,1792,65536,NDVI,-0.99609375,28591,4426,0.008276349744347267,8055,0.017098710428463337
0,patch_10_7,2560,2816,1792,2048,65536,MSAVI,-0.17578125,37162,,,,
0,patch_10_7,2560,2816,1792,2048,65536,NDVI,-0.99609375,28374,3208,0.007419012489640997,6564,0.016429871593939077
0,patch_10_8,2560,2816,2048,2304,65536,MSAVI,-0.19921875,35774,,,,
0,patch_10_8,2560,2816,2048,2304,65536,NDVI,-0.99609375,29762,8829,0.0091157648037411,12984,0.01441273407107102
0,patch_10_9,2560,2816,2304,2560,65536,MSAVI,-0.11328125,35092,,,,
0,patch_10_9,2560,2816,2304,2560,65536,NDVI,-0.99609375,30444,7219,0.006405909910483204,11168,0.014887624848791275
0,patch_10_10,2560,2816,2560,2816,65536,MSAVI,-0.14453125,36936,,,,
0,patch_10_10,2560,2816,2560,2816,65536,NDVI,-0.99609375,28600,4632,0.009250610829084266,7972,0.01589614917978005
0,patch_10_11,2560,2816,2816,3072,65536,MSAVI,-0.21484375,37417,,,,
0,patch_10_11,2560,2816,2816,3072,65536,NDVI,-0.99609375,28119,8111,0.010536679408803346,11556,0.01784281576144911
0,patch_10_12,2560,2816,3072,3328,65536,MSAVI,-0.05859375,33383,,,,
0,patch_10_12,2560,2816,3072,3328,65536,NDVI,-0.99609375,32153,12061,0.007028262920554029,17872,0.01714102446510915
0,patch_10_13,2560,2816,3328,3584,65536,MSAVI,-0.12109375,36317,,,,
0,patch_10_13,2560,2816,3328,3584,65536,NDVI,-0.99609375,29219,6010,0.008250747197788705,10628,0.01692578760753838
0,patch_10_14,2560,2816,3584,3840,65536,MSAVI,-0.13671875,36302,,,,
0,patch_10_14,2560,2816,3584,3840,65536,NDVI,-0.69140625,28452,6602,0.007409285407575711,10857,0.015489753219270264
0,patch_10_15,2560,2816,3840,4096,65536,MSAVI,-0.08984375,36409,,,,
0,patch_10_15,2560,2816,3840,4096,65536,NDVI,-0.68359375,20792,8055,0.01006268420861342,12496,0.016441787864307222
0,patch_10_16,2560,2816,4096,4352,65536,MSAVI,-0.08203125,35275,,,,
0,patch_10_16,2560,2816,4096,4352,65536,NDVI,-0.66015625,29455,12581,0.009056881351656582,15817,0.01861688595636049
0,patch_10_17,2560,2816,4352,4608,65536,MSAVI,-0.16015625,31906,,,,
0,patch_10_17,2560,2816,4352,4608,65536,NDVI,-0.99609375,33630,11043,0.0033267505299290068,19784,0.014968902819557095
0,patch_10_18,2560,2816,4608,4864,65536,MSAVI,-0.04296875,34052,,,,
0,patch_10_18,2560,2816,4608,4864,65536,NDVI,-0.63671875,31480,8660,0.005248434808120955,17195,0.016858853081236358
0,patch_10_19,2560,2816,4864,5120,65536,MSAVI,-0.06640625,36416,,,,
0,patch_10_19,2560,2816,4864,5120,65536,NDVI,-0.99609375,29120,13402,0.014985396665292833,16839,0.02204972598246635
0,patch_10_20,2560,2816,5120,5376,65536,MSAVI,-0.12890625,36624,,,,
0,patch_10_20,2560,2816,5120,5376,65536,NDVI,-0.69921875,28911,11244,0.010545541711445616,14933,0.02179017303678049
0,patch_10_21,2560,2816,5376,5632,65536,MSAVI,-0.17578125,40174,,,,
0,patch_10_21,2560,2816,5376,5632,65536,NDVI,-0.99609375,25362,12039,0.015927200995389523,12571,0.024807079714294966
0,patch_10_22,2560,2816,5632,5888,65536,MSAVI,-0.20703125,39102,,,,
0,patch_10_22,2560,2816,5632,5888,65536,NDVI,-0.99609375,26434,17797,0.02212538099651637,17917,0.0269508257300973
0,patch_10_23,2560,2816,5888,6144,65536,MSAVI,-0.08984375,37332,,,,
0,patch_10_23,2560,2816,5888,6144,65536,NDVI,-0.99609375,28204,15735,0.014936650623790737,17465,0.023886567693854
0,patch_10_24,2560,2816,6144,6400,65536,MSAVI,-0.02734375,36443,,,,
0,patch_10_24,2560,2816,6144,6400,65536,NDVI,-0.99609375,29093,10142,0.009761538014063098,13974,0.017303566037497387
0,patch_10_25,2560,2816,6400,6656,65536,MSAVI,-0.05859375,34540,,,,
0,patch_10_25,2560,2816,6400,6656,65536,NDVI,-0.99609375,30996,7511,0.007086572478180647,15376,0.015118589861366022
0,patch_10_26,2560,2816,6656,6912,65536,MSAVI,-0.05859375,33244,,,,
0,patch_10_26,2560,2816,6656,6912,65536,NDVI,-0.66015625,32269,12513,0.004807172761272793,19708,0.017554348012660093
0,patch_10_27,2560,2816,6912,7168,65536,MSAVI,-0.14453125,35224,,,,
0,patch_10_27,2560,2816,6912,7168,65536,NDVI,-0.67578125,29751,6086,0.005552865168517412,12003,0.015412237913068394
0,patch_10_28,2560,2816,7168,7424,65536,MSAVI,-0.18359375,40499,,,,
0,patch_10_28,2560,2816,7168,7424,65536,NDVI,-0.68359375,25026,3452,0.013285186055080639,5084,0.019044013208260574
0,patch_10_29,2560,2816,7424,7680,65536,MSAVI,-0.17578125,39620,,,,
0,patch_10_29,2560,2816,7424,7680,65536,NDVI,-0.99609375,25916,6548,0.016059822184458755,8419,0.021393639674314624
0,patch_10_30,2560,2816,7680,7936,65536,MSAVI,-0.07421875,35923,,,,
0,patch_10_30,2560,2816,7680,7936,65536,NDVI,-0.99609375,29613,7162,0.007260090415665527,12212,0.01719395855017966
0,patch_10_31,2560,2816,7936,8192,65536,MSAVI,0.01171875,39034,,,,
0,patch_10_31,2560,2816,7936,8192,65536,NDVI,-0.69140625,26498,7550,0.011129639518004303,10802,0.018721579450476256
0,patch_10_32,2560,2816,8192,8448,65536,MSAVI,-0.21484375,34652,,,,
0,patch_10_32,2560,2816,8192,8448,65536,NDVI,-0.76171875,30254,9543,0.00625170507078171,14964,0.015408491712450734
0,patch_10_33,2560,2816,8448,8704,65536,MSAVI,-0.14453125,35655,,,,
0,patch_10_33,2560,2816,8448,8704,65536,NDVI,-0.70703125,24512,9660,0.007951879717965765,15877,0.01593140676919888
0,patch_10_34,2560,2816,8704,8960,65536,MSAVI,-0.29296875,41932,,,,
0,patch_10_34,2560,2816,8704,8960,65536,NDVI,-0.74609375,23597,11051,0.018935358290159715,11829,0.02585315430843141
0,patch_10_35,2560,2816,8960,9216,65536,MSAVI,-0.12109375,37223,,,,
0,patch_10_35,2560,2816,8960,9216,65536,NDVI,-0.64453125,28293,15037,0.015514561060931381,15928,0.023240010524699956
0,patch_10_36,2560,2816,9216,9472,65536,MSAVI,-0.23046875,37552,,,,
0,patch_10_36,2560,2816,9216,9472,65536,NDVI,-0.62109375,27982,11553,0.013328402201793252,13897,0.021178549942619473
0,patch_10_37,2560,2816,9472,9728,65536,MSAVI,-0.13671875,34543,,,,
0,patch_10_37,2560,2816,9472,9728,65536,NDVI,-0.65234375,30988,8609,0.00654427213380776,12397,0.013821621999837358
0,patch_11_0,2816,3072,0,256,65536,MSAVI,0.0,65536,,,,
0,patch_11_0,2816,3072,0,256,65536,NDVI,0.0,0,0,0.0,0,0.009808042386020944
0,patch_11_1,2816,3072,256,512,65536,MSAVI,0.0,65536,,,,
0,patch_11_1,2816,3072,256,512,65536,NDVI,0.0,0,0,0.0,0,0.009808042386020944
0,patch_11_2,2816,3072,512,768,65536,MSAVI,0.0,65536,,,,
0,patch_11_2,2816,3072,512,768,65536,NDVI,0.0,0,0,0.0,0,0.009808042386020944
0,patch_11_3,2816,3072,768,1024,65536,MSAVI,0.0,65536,,,,
0,patch_11_3,2816,3072,768,1024,65536,NDVI,0.0,0,0,0.0,0,0.009808042386020944
0,patch_11_4,2816,3072,1024,1280,65536,MSAVI,0.0,65536,,,,
0,patch_11_4,2816,3072,1024,1280,65536,NDVI,0.0,0,0,0.0,0,0.009808042386020944
0,patch_11_6,2816,3072,1536,1792,65536,MSAVI,-0.16015625,37760,,,,
0,patch_11_6,2816,3072,1536,1792,65536,NDVI,-0.99609375,27776,2960,0.009722141241024385,6625,0.01601972312305114
0,patch_11_7,2816,3072,1792,2048,65536,MSAVI,-0.18359375,36650,,,,
0,patch_11_7,2816,3072,1792,2048,65536,NDVI,-0.99609375,28886,7110,0.008922073405801922,11480,0.017812424125443926
0,patch_11_8,2816,3072,2048,2304,65536,MSAVI,-0.09765625,36186,,,,
0,patch_11_8,2816,3072,2048,2304,65536,NDVI,-0.99609375,29350,5401,0.009076237100004408,8892,0.01565536761031361
0,patch_11_9,2816,3072,2304,2560,65536,MSAVI,-0.04296875,33302,,,,
0,patch_11_9,2816,3072,2304,2560,65536,NDVI,-0.99609375,32234,8036,0.0029146111822864473,15244,0.010830375601753539
0,patch_11_10,2816,3072,2560,2816,65536,MSAVI,-0.07421875,35871,,,,
0,patch_11_10,2816,3072,2560,2816,65536,NDVI,-0.64453125,29660,4496,0.007334333661915354,7889,0.01384811987663781
0,patch_11_11,2816,3072,2816,3072,65536,MSAVI,-0.12890625,34247,,,,
0,patch_11_11,2816,3072,2816,3072,65536,NDVI,-0.71484375,31288,7473,0.004886035657287152,16288,0.01606106120147957
0,patch_11_12,2816,3072,3072,3328,65536,MSAVI,-0.20703125,36025,,,,
0,patch_11_12,2816,3072,3072,3328,65536,NDVI,-0.72265625,23197,11488,0.010412835324112302,15262,0.01854995381412311
0,patch_11_13,2816,3072,3328,3584,65536,MSAVI,-0.20703125,37300,,,,
0,patch_11_13,2816,3072,3328,3584,65536,NDVI,-0.73828125,27589,6856,0.010369867449030262,11187,0.01925822225400564
0,patch_11_14,2816,3072,3584,3840,65536,MSAVI,-0.08984375,35767,,,,
0,patch_11_14,2816,3072,3584,3840,65536,NDVI,-0.67578125,20925,10288,0.008680141951585979,16324,0.017395054518845876
0,patch_11_15,2816,3072,3840,4096,65536,MSAVI,-0.10546875,35911,,,,
0,patch_11_15,2816,3072,3840,4096,65536,NDVI,-0.69140625,25895,10528,0.010220737247100847,13416,0.01755484668043275
0,patch_11_16,2816,3072,4096,4352,65536,MSAVI,-0.09765625,35410,,,,
0,patch_11_16,2816,3072,4096,4352,65536,NDVI,-0.71484375,29838,8307,0.007022791289765989,13386,0.014722358670391927
0,patch_11_17,2816,3072,4352,4608,65536,MSAVI,-0.09765625,35240,,,,
0,patch_11_17,2816,3072,4352,4608,65536,NDVI,-0.66796875,30183,8902,0.007267142454040587,13826,0.015518699998059743
0,patch_11_18,2816,3072,4608,4864,65536,MSAVI,-0.18359375,37234,,,,
0,patch_11_18,2816,3072,4608,4864,65536,NDVI,-0.66796875,28297,12736,0.012505953619707688,15168,0.02102433703519832
0,patch_11_19,2816,3072,4864,5120,65536,MSAVI,-0.06640625,40659,,,,
0,patch_11_19,2816,3072,4864,5120,65536,NDVI,-0.69921875,24875,6889,0.01647833650625896,8936,0.021975818242572304
0,patch_11_20,2816,3072,5120,5376,65536,MSAVI,-0.07421875,39277,,,,
0,patch_11_20,2816,3072,5120,5376,65536,NDVI,-0.66796875,26176,14052,0.01546752219827946,16425,0.025142849419347718
0,patch_11_21,2816,3072,5376,5632,65536,MSAVI,-0.30859375,40052,,,,
0,patch_11_21,2816,3072,5376,5632,65536,NDVI,-0.74609375,25459,7006,0.01322252471201707,9127,0.019333310051734692
0,patch_11_22,2816,3072,5632,5888,65536,MSAVI,-0.21484375,41639,,,,
0,patch_11_22,2816,3072,5632,5888,65536,NDVI,-0.99609375,23897,6211,0.017201236302813144,7830,0.023023016997207657
0,patch_11_23,2816,3072,5888,6144,65536,MSAVI,-0.30859375,38328,,,,
0,patch_11_23,2816,3072,5888,6144,65536,NDVI,-0.99609375,27208,11049,0.01315896401143321,13007,0.021405466136603435
0,patch_11_24,2816,3072,6144,6400,65536,MSAVI,-0.09765625,38413,,,,
0,patch_11_24,2816,3072,6144,6400,65536,NDVI,-0.99609375,27123,10137,0.011878477408154953,12943,0.019156580213642693
0,patch_11_25,2816,3072,6400,6656,65536,MSAVI,-0.14453125,38242,,,,
0,patch_11_25,2816,3072,6400,6656,65536,NDVI,-0.99609375,27294,8060,0.0117322861422344,11696,0.019792853326028703
0,patch_11_26,2816,3072,6656,6912,65536,MSAVI,-0.26953125,41670,,,,
0,patch_11_26,2816,3072,6656,6912,65536,NDVI,-0.99609375,23866,8484,0.018877041433988218,10094,0.026375166309095116
0,patch_11_27,2816,3072,6912,7168,65536,MSAVI,-0.09765625,33692,,,,
0,patch_11_27,2816,3072,6912,7168,65536,NDVI,-0.99609375,31844,7406,0.003590257410439085,14872,0.013551216494710694
0,patch_11_28,2816,3072,7168,7424,65536,MSAVI,-0.14453125,38759,,,,
0,patch_11_28,2816,3072,7168,7424,65536,NDVI,-0.68359375,23110,4654,0.009675800390203854,7008,0.017375351361901242
0,patch_11_29,2816,3072,7424,7680,65536,MSAVI,-0.15234375,40338,,,,
0,patch_11_29,2816,3072,7424,7680,65536,NDVI,-0.69140625,24700,5756,0.014385026934721296,9357,0.022897602675791773
0,patch_11_30,2816,3072,7680,7936,65536,MSAVI,-0.21484375,36821,,,,
0,patch_11_30,2816,3072,7680,7936,65536,NDVI,-0.99609375,28715,6644,0.008906167842087476,12226,0.0201654771278571
0,patch_11_31,2816,3072,7936,8192,65536,MSAVI,0.07421875,36553,,,,
0,patch_11_31,2816,3072,7936,8192,65536,NDVI,-0.99609375,28983,12917,0.007943942694092751,15959,0.018791885262016528
0,patch_11_32,2816,3072,8192,8448,65536,MSAVI,-0.25390625,38273,,,,
0,patch_11_32,2816,3072,8192,8448,65536,NDVI,-0.99609375,27263,5057,0.010699627789456378,8749,0.019024748703555555
0,patch_11_33,2816,3072,8448,8704,65536,MSAVI,-0.15234375,34820,,,,
0,patch_11_33,2816,3072,8448,8704,65536,NDVI,-0.99609375,30716,13524,0.009128401672998082,17239,0.01764621261614116
0,patch_11_34,2816,3072,8704,8960,65536,MSAVI,0.01953125,37586,,,,
0,patch_11_34,2816,3072,8704,8960,65536,NDVI,-0.99609375,27950,9250,0.010991708211308043,11641,0.018338084452966474
0,patch_11_35,2816,3072,8960,9216,65536,MSAVI,-0.13671875,35289,,,,
0,patch_11_35,2816,3072,8960,9216,65536,NDVI,-0.99609375,30247,8099,0.006152288775391257,14215,0.016136854636561476
0,patch_11_36,2816,3072,9216,9472,65536,MSAVI,-0.21484375,37849,,,,
0,patch_11_36,2816,3072,9216,9472,65536,NDVI,-0.99609375,27687,8431,0.010895074722926806,11249,0.018847099741737955
0,patch_11_37,2816,3072,9472,9728,65536,MSAVI,-0.23828125,37534,,,,
0,patch_11_37,2816,3072,9472,9728,65536,NDVI,-0.99609375,28002,9687,0.00949080710309061,12093,0.018634621177818
0,patch_12_0,3072,3328,0,256,65536,MSAVI,0.0,65536,,,,
0,patch_12_0,3072,3328,0,256,65536,NDVI,0.0,0,0,0.0,0,0.009808042386020944
0,patch_12_1,3072,3328,256,512,65536,MSAVI,0.0,65536,,,,
0,patch_12_1,3072,3328,256,512,65536,NDVI,0.0,0,0,0.0,0,0.009808042386020944
0,patch_12_2,3072,3328,512,768,65536,MSAVI,0.0,65536,,,,
0,patch_12_2,3072,3328,512,768,65536,NDVI,0.0,0,0,0.0,0,0.009808042386020944
0,patch_12_3,3072,3328,768,1024,65536,MSAVI,0.0,65536,,,,
0,patch_12_3,3072,3328,768,1024,65536,NDVI,0.0,0,0,0.0,0,0.009808042386020944
0,patch_12_6,3072,3328,1536,1792,65536,MSAVI,-0.30078125,34993,,,,
0,patch_12_6,3072,3328,1536,1792,65536,NDVI,-0.99609375,30543,4732,0.00591629029390936,11791,0.015748179829469383
0,patch_12_7,3072,3328,1792,2048,65536,MSAVI,-0.21484375,36971,,,,
0,patch_12_7,3072,3328,1792,2048,65536,NDVI,-0.99609375,28565,4750,0.008717180128215624,7654,0.015309526060511613
0,patch_12_8,3072,3328,2048,2304,65536,MSAVI,0.01953125,37759,,,,
0,patch_12_8,3072,3328,2048,2304,65536,NDVI,-0.99609375,27777,3651,0.009173302201191752,5567,0.015196480826218245
0,patch_12_9,3072,3328,2304,2560,65536,MSAVI,0.02734375,36717,,,,
0,patch_12_9,3072,3328,2304,2560,65536,NDVI,-0.99609375,28819,5754,0.009342725404448138,8626,0.01445484379372794
0,patch_12_10,3072,3328,2560,2816,65536,MSAVI,-0.19921875,37067,,,,
0,patch_12_10,3072,3328,2560,2816,65536,NDVI,-0.99609375,28469,6030,0.008733000342078356,8830,0.016226881980945213
0,patch_12_11,3072,3328,2816,3072,65536,MSAVI,-0.26171875,33050,,,,
0,patch_12_11,3072,3328,2816,3072,65536,NDVI,-0.76171875,32483,8787,0.0038745430252277446,15741,0.015122334843265195
0,patch_12_12,3072,3328,3072,3328,65536,MSAVI,-0.12890625,35298,,,,
0,patch_12_12,3072,3328,3072,3328,65536,NDVI,-0.70703125,26627,5125,0.006161537938322109,12549,0.015343436343828842
0,patch_12_13,3072,3328,3328,3584,65536,MSAVI,-0.14453125,39191,,,,
0,patch_12_13,3072,3328,3328,3584,65536,NDVI,-0.69140625,26281,11414,0.01582838495975844,14351,0.025380015810122614
0,patch_12_14,3072,3328,3584,3840,65536,MSAVI,-0.26953125,35490,,,,
0,patch_12_14,3072,3328,3584,3840,65536,NDVI,-0.73046875,15608,8192,0.008257715517140107,11516,0.015479371771858957
0,patch_12_15,3072,3328,3840,4096,65536,MSAVI,-0.35546875,40804,,,,
0,patch_12_15,3072,3328,3840,4096,65536,NDVI,-0.74609375,20891,6381,0.017341482062234737,7452,0.023999590741740767
0,patch_12_16,3072,3328,4096,4352,65536,MSAVI,-0.06640625,37652,,,,
0,patch_12_16,3072,3328,4096,4352,65536,NDVI,-0.66015625,23431,6218,0.011603984792451782,9602,0.019462741132656475
0,patch_12_17,3072,3328,4352,4608,65536,MSAVI,-0.19140625,35034,,,,
0,patch_12_17,3072,3328,4352,4608,65536,NDVI,-0.71484375,26593,5448,0.005518628909980838,10351,0.01247211380504451
0,patch_12_18,3072,3328,4608,4864,65536,MSAVI,-0.14453125,33048,,,,
0,patch_12_18,3072,3328,4608,4864,65536,NDVI,-0.73046875,31818,9871,0.005382438941913009,16336,0.014263415597371903
0,patch_12_19,3072,3328,4864,5120,65536,MSAVI,-0.02734375,37670,,,,
0,patch_12_19,3072,3328,4864,5120,65536,NDVI,-0.62109375,27864,10184,0.011383414512262685,13326,0.020861605219164386
0,patch_12_20,3072,3328,5120,5376,65536,MSAVI,0.00390625,35884,,,,
0,patch_12_20,3072,3328,5120,5376,65536,NDVI,-0.64453125,29649,11439,0.010155833827073357,15650,0.018984357094311594
0,patch_12_21,3072,3328,5376,5632,65536,MSAVI,-0.12109375,35817,,,,
0,patch_12_21,3072,3328,5376,5632,65536,NDVI,-0.99609375,29719,8695,0.008844419835642325,14243,0.018572432075289802
0,patch_12_22,3072,3328,5632,5888,65536,MSAVI,-0.31640625,38047,,,,
0,patch_12_22,3072,3328,5632,5888,65536,NDVI,-0.99609375,27489,14539,0.018057874306447064,16336,0.023609106736506902
0,patch_12_23,3072,3328,5888,6144,65536,MSAVI,-0.06640625,34673,,,,
0,patch_12_23,3072,3328,5888,6144,65536,NDVI,-0.99609375,30863,20007,0.012588327512993533,22453,0.022906201069867654
0,patch_12_24,3072,3328,6144,6400,65536,MSAVI,-0.01171875,32483,,,,
0,patch_12_24,3072,3328,6144,6400,65536,NDVI,-0.99609375,33053,9963,0.003499384010648837,19299,0.011890795454906428
0,patch_12_25,3072,3328,6400,6656,65536,MSAVI,-0.31640625,35368,,,,
0,patch_12_25,3072,3328,6400,6656,65536,NDVI,-0.99609375,30168,6648,0.0059007766528708094,13349,0.015536834917424691
0,patch_12_26,3072,3328,6656,6912,65536,MSAVI,-0.22265625,37799,,,,
0,patch_12_26,3072,3328,6656,6912,65536,NDVI,-0.99609375,27737,11298,0.009752154766238294,14246,0.019707966432427476
0,patch_12_27,3072,3328,6912,7168,65536,MSAVI,-0.22265625,39092,,,,
0,patch_12_27,3072,3328,6912,7168,65536,NDVI,-0.99609375,26444,19450,0.02650731145011287,65536,0.028452889308013152
0,patch_12_28,3072,3328,7168,7424,65536,MSAVI,-0.17578125,39174,,,,
0,patch_12_28,3072,3328,7168,7424,65536,NDVI,-0.62109375,26361,18017,0.018886524933842352,20228,0.02750198805831955
0,patch_12_29,3072,3328,7424,7680,65536,MSAVI,-0.32421875,40333,,,,
0,patch_12_29,3072,3328,7424,7680,65536,NDVI,-0.76953125,25189,12278,0.020439943529015403,12760,0.026543752270077436
0,patch_12_30,3072,3328,7680,7936,65536,MSAVI,-0.18359375,37738,,,,
0,patch_12_30,3072,3328,7680,7936,65536,NDVI,-0.99609375,27798,8135,0.01305855232984579,10490,0.020725945241068355
0,patch_12_31,3072,3328,7936,8192,65536,MSAVI,-0.17578125,35381,,,,
0,patch_12_31,3072,3328,7936,8192,65536,NDVI,-0.66796875,30155,9121,0.0071199300491053275,15516,0.016753095881174046
0,patch_12_32,3072,3328,8192,8448,65536,MSAVI,-0.25390625,36493,,,,
0,patch_12_32,3072,3328,8192,8448,65536,NDVI,-0.99609375,29043,5435,0.007177057193891501,10808,0.017170703044102315
0,patch_12_33,3072,3328,8448,8704,65536,MSAVI,-0.10546875,37593,,,,
0,patch_12_33,3072,3328,8448,8704,65536,NDVI,-0.99609375,27943,10903,0.010642734408509158,14151,0.018919509422706565
0,patch_12_34,3072,3328,8704,8960,65536,MSAVI,-0.15234375,40059,,,,
0,patch_12_34,3072,3328,8704,8960,65536,NDVI,-0.99609375,25477,6400,0.011238893057969754,8707,0.019011570715420062
0,patch_12_35,3072,3328,8960,9216,65536,MSAVI,-0.02734375,37258,,,,
0,patch_12_35,3072,3328,8960,9216,65536,NDVI,-0.66015625,28273,6842,0.00829032092541078,9775,0.015615823049070887
0,patch_12_36,3072,3328,9216,9472,65536,MSAVI,-0.05078125,38295,,,,
0,patch_12_36,3072,3328,9216,9472,65536,NDVI,-0.99609375,27241,7943,0.01073496685133693,9240,0.018013227173042184
0,patch_12_37,3072,3328,9472,9728,65536,MSAVI,-0.16015625,37454,,,,
0,patch_12_37,3072,3328,9472,9728,65536,NDVI,-0.99609375,28082,6366,0.010604252138696008,9631,0.018183223301239976
0,patch_13_0,3328,3584,0,256,65536,MSAVI,0.0,65536,,,,
0,patch_13_0,3328,3584,0,256,65536,NDVI,0.0,0,0,0.0,0,0.009808042386020944
0,patch_13_1,3328,3584,256,512,65536,MSAVI,0.0,65536,,,,
0,patch_13_1,3328,3584,256,512,65536,NDVI,0.0,0,0,0.0,0,0.009808042386020944
0,patch_13_2,3328,3584,512,768,65536,MSAVI,0.0,65536,,,,
0,patch_13_2,3328,3584,512,768,65536,NDVI,0.0,0,0,0.0,0,0.009808042386020944
0,patch_13_3,3328,3584,768,1024,65536,MSAVI,0.0,65536,,,,
0,patch_13_3,3328,3584,768,1024,65536,NDVI,0.0,0,0,0.0,0,0.009808042386020944
0,patch_13_5,3328,3584,1280,1536,65536,MSAVI,-0.29296875,45791,,,,
0,patch_13_5,3328,3584,1280,1536,65536,NDVI,-0.99609375,19745,4943,0.022115905038733036,5419,0.030588357493765456
0,patch_13_6,3328,3584,1536,1792,65536,MSAVI,-0.01953125,38972,,,,
0,patch_13_6,3328,3584,1536,1792,65536,NDVI,-0.99609375,26564,4846,0.011851764422063898,7385,0.01691519824880433
0,patch_13_7,3328,3584,1792,2048,65536,MSAVI,-0.23828125,39411,,,,
0,patch_13_7,3328,3584,1792,2048,65536,NDVI,-0.99609375,26125,5179,0.012737596556940178,7172,0.01862972860017345
0,patch_13_8,3328,3584,2048,2304,65536,MSAVI,-0.03515625,38395,,,,
0,patch_13_8,3328,3584,2048,2304,65536,NDVI,-0.99609375,27141,2644,0.010936319238496084,3713,0.0166430330733649
0,patch_13_9,3328,3584,2304,2560,65536,MSAVI,-0.07421875,36943,,,,
0,patch_13_9,3328,3584,2304,2560,65536,NDVI,-0.99609375,28593,4829,0.007770968168572229,9471,0.015787013322728582
0,patch_13_10,3328,3584,2560,2816,65536,MSAVI,-0.08984375,37626,,,,
0,patch_13_10,3328,3584,2560,2816,65536,NDVI,-0.99609375,27910,6121,0.007852035017507614,11173,0.018399314296405872
0,patch_13_11,3328,3584,2816,3072,65536,MSAVI,-0.19921875,37158,,,,
0,patch_13_11,3328,3584,2816,3072,65536,NDVI,-0.99609375,28378,6352,0.010794261236121122,9775,0.019462307303985488
0,patch_13_12,3328,3584,3072,3328,65536,MSAVI,-0.06640625,35839,,,,
0,patch_13_12,3328,3584,3072,3328,65536,NDVI,-0.99609375,29697,8344,0.008602110787319484,12908,0.017560577714385156
0,patch_13_13,3328,3584,3328,3584,65536,MSAVI,-0.07421875,35076,,,,
0,patch_13_13,3328,3584,3328,3584,65536,NDVI,-0.99609375,30460,8586,0.007723950822535547,14701,0.02030882455442723
0,patch_13_14,3328,3584,3584,3840,65536,MSAVI,-0.04296875,32033,,,,
0,patch_13_14,3328,3584,3584,3840,65536,NDVI,-0.67578125,33027,12186,0.0014684485437281292,21869,0.013831158385009173
0,patch_13_15,3328,3584,3840,4096,65536,MSAVI,-0.02734375,34887,,,,
0,patch_13_15,3328,3584,3840,4096,65536,NDVI,-0.70703125,30629,9441,0.007494798161896327,13676,0.017399006075598716
0,patch_13_16,3328,3584,4096,4352,65536,MSAVI,-0.10546875,36013,,,,
0,patch_13_16,3328,3584,4096,4352,65536,NDVI,-0.69140625,29514,9921,0.009760150536224393,13744,0.019514535557291213
0,patch_13_17,3328,3584,4352,4608,65536,MSAVI,-0.29296875,37041,,,,
0,patch_13_17,3328,3584,4352,4608,65536,NDVI,-0.75390625,27991,7256,0.009064161301982288,10794,0.017448059001637678
0,patch_13_18,3328,3584,4608,4864,65536,MSAVI,-0.19140625,34904,,,,
0,patch_13_18,3328,3584,4608,4864,65536,NDVI,-0.74609375,29441,10108,0.007531306191372322,17178,0.017773379632513714
0,patch_13_19,3328,3584,4864,5120,65536,MSAVI,-0.03515625,34313,,,,
0,patch_13_19,3328,3584,4864,5120,65536,NDVI,-0.71484375,31207,6434,0.006704103351313967,12593,0.015007054800823816
0,patch_13_20,3328,3584,5120,5376,65536,MSAVI,-0.16015625,35887,,,,
0,patch_13_20,3328,3584,5120,5376,65536,NDVI,-0.67578125,29649,4230,0.005397494384306867,9915,0.013465688349005828
0,patch_13_21,3328,3584,5376,5632,65536,MSAVI,-0.05859375,34923,,,,
0,patch_13_21,3328,3584,5376,5632,65536,NDVI,-0.99609375,30613,5594,0.0055850903290551035,12662,0.0148990280035384
0,patch_13_22,3328,3584,5632,5888,65536,MSAVI,-0.18359375,37619,,,,
0,patch_13_22,3328,3584,5632,5888,65536,NDVI,-0.99609375,27917,8401,0.011405813048626312,13183,0.019506923466534737
0,patch_13_23,3328,3584,5888,6144,65536,MSAVI,-0.30859375,37272,,,,
0,patch_13_23,3328,3584,5888,6144,65536,NDVI,-0.73828125,28264,9950,0.010555846916620787,12880,0.01617151771244174
0,patch_13_24,3328,3584,6144,6400,65536,MSAVI,-0.07421875,35799,,,,
0,patch_13_24,3328,3584,6144,6400,65536,NDVI,-0.99609375,29737,10038,0.006661279507343382,14204,0.017167106831740664
0,patch_13_25,3328,3584,6400,6656,65536,MSAVI,-0.05859375,36930,,,,
0,patch_13_25,3328,3584,6400,6656,65536,NDVI,-0.99609375,28606,9068,0.009171863324664992,13549,0.018579550478828977
0,patch_13_26,3328,3584,6656,6912,65536,MSAVI,-0.04296875,32758,,,,
0,patch_13_26,3328,3584,6656,6912,65536,NDVI,-0.99609375,32778,13365,0.007322347798997764,20813,0.020033583397412985
0,patch_13_27,3328,3584,6912,7168,65536,MSAVI,-0.10546875,37523,,,,
0,patch_13_27,3328,3584,6912,7168,65536,NDVI,-0.99609375,28013,8686,0.01184228998158704,10616,0.018419164527361642
0,patch_13_28,3328,3584,7168,7424,65536,MSAVI,-0.18359375,36999,,,,
0,patch_13_28,3328,3584,7168,7424,65536,NDVI,-0.99609375,28537,8655,0.009533613958646714,12231,0.019811643956197472
0,patch_13_29,3328,3584,7424,7680,65536,MSAVI,-0.29296875,38802,,,,
0,patch_13_29,3328,3584,7424,7680,65536,NDVI,-0.99609375,26734,10741,0.013938862832663088,12472,0.02239465245818989
0,patch_13_30,3328,3584,7680,7936,65536,MSAVI,-0.23046875,39067,,,,
0,patch_13_30,3328,3584,7680,7936,65536,NDVI,-0.71484375,26469,14245,0.0205212904595847,14673,0.02546763085084322
0,patch_13_31,3328,3584,7936,8192,65536,MSAVI,-0.17578125,38408,,,,
0,patch_13_31,3328,3584,7936,8192,65536,NDVI,-0.99609375,27128,5526,0.0115439062158601,8701,0.018827519806910137
0,patch_13_32,3328,3584,8192,8448,65536,MSAVI,-0.09765625,36365,,,,
0,patch_13_32,3328,3584,8192,8448,65536,NDVI,-0.99609375,29171,18787,0.020741264192987524,65536,0.023457380433357405
0,patch_13_33,3328,3584,8448,8704,65536,MSAVI,-0.08203125,35304,,,,
0,patch_13_33,3328,3584,8448,8704,65536,NDVI,-0.99609375,30232,7627,0.009818866798789128,13198,0.016942772193983935
0,patch_13_34,3328,3584,8704,8960,65536,MSAVI,-0.19921875,36687,,,,
0,patch_13_34,3328,3584,8704,8960,65536,NDVI,-0.99609375,28849,7384,0.009842148466083472,12343,0.01746987686683929
0,patch_13_35,3328,3584,8960,9216,65536,MSAVI,-0.26171875,36848,,,,
0,patch_13_35,3328,3584,8960,9216,65536,NDVI,-0.99609375,28688,7537,0.010586685921774835,12296,0.01941296609330989
0,patch_13_36,3328,3584,9216,9472,65536,MSAVI,-0.19140625,36855,,,,
0,patch_13_36,3328,3584,9216,9472,65536,NDVI,-0.99609375,28681,3658,0.010320753788804149,5555,0.014844327136152136
0,patch_14_0,3584,3840,0,256,65536,MSAVI,0.0,65536,,,,
0,patch_14_0,3584,3840,0,256,65536,NDVI,0.0,0,0,0.0,0,0.009808042386020944
0,patch_14_1,3584,3840,256,512,65536,MSAVI,0.0,65536,,,,
0,patch_14_1,3584,3840,256,512,65536,NDVI,0.0,0,0,0.0,0,0.009808042386020944
0,patch_14_2,3584,3840,512,768,65536,MSAVI,0.0,65536,,,,
0,patch_14_2,3584,3840,512,768,65536,NDVI,0.0,0,0,0.0,0,0.009808042386020944
0,patch_14_3,3584,3840,768,1024,65536,MSAVI,0.0,65536,,,,
0,patch_14_3,3584,3840,768,1024,65536,NDVI,0.0,0,0,0.0,0,0.009808042386020944
0,patch_14_5,3584,3840,1280,1536,65536,MSAVI,-0.08984375,35274,,,,
0,patch_14_5,3584,3840,1280,1536,65536,NDVI,-0.99609375,30262,5240,0.005802878762219521,9779,0.015508724010454111
0,patch_14_6,3584,3840,1536,1792,65536,MSAVI,-0.16796875,37465,,,,
0,patch_14_6,3584,3840,1536,1792,65536,NDVI,-0.99609375,28071,4355,0.009733039740740412,8729,0.015801910427147292
0,patch_14_7,3584,3840,1792,2048,65536,MSAVI,-0.23828125,38444,,,,
0,patch_14_7,3584,3840,1792,2048,65536,NDVI,-0.99609375,27092,6129,0.011686836405184087,9207,0.018307207651788754
0,patch_14_8,3584,3840,2048,2304,65536,MSAVI,-0.24609375,36493,,,,
0,patch_14_8,3584,3840,2048,2304,65536,NDVI,-0.99609375,29043,3864,0.008971523016054778,6734,0.012761503846151961
0,patch_14_9,3584,3840,2304,2560,65536,MSAVI,-0.01953125,35635,,,,
0,patch_14_9,3584,3840,2304,2560,65536,NDVI,-0.99609375,29901,3378,0.005841761673867102,6709,0.011189334167387516
0,patch_14_10,3584,3840,2560,2816,65536,MSAVI,-0.22265625,37522,,,,
0,patch_14_10,3584,3840,2560,2816,65536,NDVI,-0.99609375,28014,3304,0.008644679636707703,7371,0.0171324891016226
0,patch_14_11,3584,3840,2816,3072,65536,MSAVI,0.04296875,36278,,,,
0,patch_14_11,3584,3840,2816,3072,65536,NDVI,-0.99609375,29258,4127,0.008485193787190315,7256,0.015783281089470552
0,patch_14_12,3584,3840,3072,3328,65536,MSAVI,-0.07421875,35524,,,,
0,patch_14_12,3584,3840,3072,3328,65536,NDVI,-0.99609375,30012,5131,0.007330162804427498,7775,0.012835363261620797
0,patch_14_13,3584,3840,3328,3584,65536,MSAVI,-0.07421875,37769,,,,
0,patch_14_13,3584,3840,3328,3584,65536,NDVI,-0.99609375,27767,7006,0.011685858457625264,8495,0.01769894495041191
0,patch_14_14,3584,3840,3584,3840,65536,MSAVI,-0.02734375,34142,,,,
0,patch_14_14,3584,3840,3584,3840,65536,NDVI,-0.99609375,31394,4592,0.005310753430320447,10643,0.013938130094349382
0,patch_14_15,3584,3840,3840,4096,65536,MSAVI,-0.05859375,33586,,,,
0,patch_14_15,3584,3840,3840,4096,65536,NDVI,-0.67578125,31950,8793,0.004622364763419096,15041,0.013867857519778787
0,patch_14_16,3584,3840,4096,4352,65536,MSAVI,-0.14453125,34339,,,,
0,patch_14_16,3584,3840,4096,4352,65536,NDVI,-0.69140625,26205,9552,0.005299746265462618,15341,0.016813480528188512
0,patch_14_17,3584,3840,4352,4608,65536,MSAVI,-0.17578125,36679,,,,
0,patch_14_17,3584,3840,4352,4608,65536,NDVI,-0.73046875,26385,6837,0.009383669668389244,11487,0.017322281178759863
0,patch_14_18,3584,3840,4608,4864,65536,MSAVI,-0.21484375,35170,,,,
0,patch_14_18,3584,3840,4608,4864,65536,NDVI,-0.76171875,30307,6191,0.007407955606932165,10882,0.0161902586187522
0,patch_14_19,3584,3840,4864,5120,65536,MSAVI,-0.20703125,36116,,,,
0,patch_14_19,3584,3840,4864,5120,65536,NDVI,-0.73828125,29420,4825,0.007343835139199895,8975,0.014152874878069127
0,patch_14_20,3584,3840,5120,5376,65536,MSAVI,0.05078125,36419,,,,
0,patch_14_20,3584,3840,5120,5376,65536,NDVI,-0.99609375,29117,4654,0.008762800390035214,7256,0.013989448793068765
0,patch_14_21,3584,3840,5376,5632,65536,MSAVI,-0.18359375,36384,,,,
0,patch_14_21,3584,3840,5376,5632,65536,NDVI,-0.99609375,29152,6611,0.008556066129308232,10086,0.015006492290435658
0,patch_14_22,3584,3840,5632,5888,65536,MSAVI,-0.20703125,35756,,,,
0,patch_14_22,3584,3840,5632,5888,65536,NDVI,-0.99609375,29780,8510,0.01030007702608185,13268,0.0170021578626893
0,patch_14_23,3584,3840,5888,6144,65536,MSAVI,-0.25390625,39440,,,,
0,patch_14_23,3584,3840,5888,6144,65536,NDVI,-0.74609375,26018,5882,0.012641602940273083,7968,0.01867303612988419
0,patch_14_24,3584,3840,6144,6400,65536,MSAVI,-0.16015625,37382,,,,
0,patch_14_24,3584,3840,6144,6400,65536,NDVI,-0.71484375,28106,7836,0.010989474774701219,11311,0.01856483988747254
0,patch_14_25,3584,3840,6400,6656,65536,MSAVI,-0.11328125,36227,,,,
0,patch_14_25,3584,3840,6400,6656,65536,NDVI,-0.99609375,29309,9947,0.011130817277579114,14744,0.02020806406709577
0,patch_14_26,3584,3840,6656,6912,65536,MSAVI,-0.10546875,36644,,,,
0,patch_14_26,3584,3840,6656,6912,65536,NDVI,-0.99609375,28892,8910,0.009543246218172985,12389,0.015314375243649536
0,patch_14_27,3584,3840,6912,7168,65536,MSAVI,-0.12890625,36991,,,,
0,patch_14_27,3584,3840,6912,7168,65536,NDVI,-0.99609375,28545,7286,0.009181465485000817,9839,0.016510923389431637
0,patch_14_28,3584,3840,7168,7424,65536,MSAVI,-0.21484375,36219,,,,
0,patch_14_28,3584,3840,7168,7424,65536,NDVI,-0.99609375,29317,8106,0.009881477107302666,12205,0.01636060369056122
0,patch_14_29,3584,3840,7424,7680,65536,MSAVI,-0.04296875,36612,,,,
0,patch_14_29,3584,3840,7424,7680,65536,NDVI,-0.99609375,28924,15277,0.016680220138838048,65536,0.019938049423596782
0,patch_14_30,3584,3840,7680,7936,65536,MSAVI,-0.14453125,35235,,,,
0,patch_14_30,3584,3840,7680,7936,65536,NDVI,-0.99609375,30301,11050,0.00827565372215841,15430,0.016706749626820977
0,patch_14_31,3584,3840,7936,8192,65536,MSAVI,-0.04296875,38241,,,,
0,patch_14_31,3584,3840,7936,8192,65536,NDVI,-0.99609375,27295,5413,0.009631671620480536,9377,0.018756903134357267
0,patch_14_32,3584,3840,8192,8448,65536,MSAVI,-0.15234375,40473,,,,
0,patch_14_32,3584,3840,8192,8448,65536,NDVI,-0.99609375,25063,13474,0.02029972122231069,65536,0.026397903892495606
0,patch_14_33,3584,3840,8448,8704,65536,MSAVI,-0.08984375,38928,,,,
0,patch_14_33,3584,3840,8448,8704,65536,NDVI,-0.99609375,26608,20118,0.021456391882007625,20569,0.029279707499987484
0,patch_14_34,3584,3840,8704,8960,65536,MSAVI,-0.18359375,37272,,,,
0,patch_14_34,3584,3840,8704,8960,65536,NDVI,-0.99609375,28264,12825,0.013446754341123385,15064,0.02200615173354295
0,patch_14_35,3584,3840,8960,9216,65536,MSAVI,-0.06640625,42593,,,,
0,patch_14_35,3584,3840,8960,9216,65536,NDVI,-0.64453125,22943,7625,0.01606264192590237,9015,0.02421914337645298
0,patch_14_36,3584,3840,9216,9472,65536,MSAVI,-0.26953125,41193,,,,
0,patch_14_36,3584,3840,9216,9472,65536,NDVI,-0.99609375,24343,2732,0.013873638705190594,3705,0.02066529166840933
0,patch_15_0,3840,4096,0,256,65536,MSAVI,0.0,65536,,,,
0,patch_15_0,3840,4096,0,256,65536,NDVI,0.0,0,0,0.0,0,0.009808042386020944
0,patch_15_1,3840,4096,256,512,65536,MSAVI,0.0,65536,,,,
0,patch_15_1,3840,4096,256,512,65536,NDVI,0.0,0,0,0.0,0,0.009808042386020944
0,patch_15_2,3840,4096,512,768,65536,MSAVI,0.0,65536,,,,
0,patch_15_2,3840,4096,512,768,65536,NDVI,0.0,0,0,0.0,0,0.009808042386020944
0,patch_15_5,3840,4096,1280,1536,65536,MSAVI,-0.13671875,35846,,,,
0,patch_15_5,3840,4096,1280,1536,65536,NDVI,-0.99609375,29690,6703,0.00848325409277828,10188,0.01515473737891132
0,patch_15_6,3840,4096,1536,1792,65536,MSAVI,-0.08984375,37013,,,,
0,patch_15_6,3840,4096,1536,1792,65536,NDVI,-0.99609375,28523,4034,0.00942972371584655,6848,0.014859384657629926
0,patch_15_7,3840,4096,1792,2048,65536,MSAVI,-0.16015625,38809,,,,
0,patch_15_7,3840,4096,1792,2048,65536,NDVI,-0.99609375,26727,3441,0.012187515209468341,6063,0.017502366589794732
0,patch_15_8,3840,4096,2048,2304,65536,MSAVI,-0.11328125,38886,,,,
0,patch_15_8,3840,4096,2048,2304,65536,NDVI,-0.99609375,26650,2726,0.011398394227386477,5289,0.018039489967448002
0,patch_15_9,3840,4096,2304,2560,65536,MSAVI,-0.26953125,40184,,,,
0,patch_15_9,3840,4096,2304,2560,65536,NDVI,-0.99609375,25352,3270,0.011881450389233272,4999,0.01997200122099352
0,patch_15_10,3840,4096,2560,2816,65536,MSAVI,-0.14453125,38304,,,,
0,patch_15_10,3840,4096,2560,2816,65536,NDVI,-0.99609375,27232,3274,0.009810764556870716,5756,0.01758492532242853
0,patch_15_11,3840,4096,2816,3072,65536,MSAVI,-0.10546875,35225,,,,
0,patch_15_11,3840,4096,2816,3072,65536,NDVI,-0.99609375,30311,5200,0.00585875668904387,9173,0.014520470463367269
0,patch_15_12,3840,4096,3072,3328,65536,MSAVI,-0.12109375,35540,,,,
0,patch_15_12,3840,4096,3072,3328,65536,NDVI,-0.99609375,29996,3978,0.007927950295296915,8428,0.013875696862977877
0,patch_15_13,3840,4096,3328,3584,65536,MSAVI,-0.05078125,36292,,,,
0,patch_15_13,3840,4096,3328,3584,65536,NDVI,-0.99609375,29244,12289,0.012169629568160617,15240,0.01970385006064354
0,patch_15_14,3840,4096,3584,3840,65536,MSAVI,-0.08984375,34500,,,,
0,patch_15_14,3840,4096,3584,3840,65536,NDVI,-0.99609375,31036,7306,0.006894061779573357,13875,0.01498996011037701
0,patch_15_15,3840,4096,3840,4096,65536,MSAVI,-0.17578125,37201,,,,
0,patch_15_15,3840,4096,3840,4096,65536,NDVI,-0.99609375,28335,5184,0.008303388012176532,10191,0.016860892202151062
0,patch_15_16,3840,4096,4096,4352,65536,MSAVI,-0.22265625,36358,,,,
0,patch_15_16,3840,4096,4096,4352,65536,NDVI,-0.70703125,29177,12947,0.010840917760420204,65425,0.0181646639851267
0,patch_15_17,3840,4096,4352,4608,65536,MSAVI,-0.19921875,33932,,,,
0,patch_15_17,3840,4096,4352,4608,65536,NDVI,-0.71484375,31604,12807,0.0058372273309757194,19075,0.017274698069961153
0,patch_15_18,3840,4096,4608,4864,65536,MSAVI,-0.21484375,34639,,,,
0,patch_15_18,3840,4096,4608,4864,65536,NDVI,-0.99609375,30897,7497,0.007091431204090087,13299,0.01555505126573975
0,patch_15_19,3840,4096,4864,5120,65536,MSAVI,-0.23046875,36615,,,,
0,patch_15_19,3840,4096,4864,5120,65536,NDVI,-0.99609375,28921,4197,0.007609014488359989,8340,0.01557446890252731
0,patch_15_20,3840,4096,5120,5376,65536,MSAVI,-0.19140625,34350,,,,
0,patch_15_20,3840,4096,5120,5376,65536,NDVI,-0.99609375,31186,7148,0.006132346529712535,12103,0.013074036727859006
0,patch_15_21,3840,4096,5376,5632,65536,MSAVI,-0.11328125,35419,,,,
0,patch_15_21,3840,4096,5376,5632,65536,NDVI,-0.99609375,30117,5660,0.006138557383288223,11994,0.015443121733306003
0,patch_15_22,3840,4096,5632,5888,65536,MSAVI,-0.14453125,36172,,,,
0,patch_15_22,3840,4096,5632,5888,65536,NDVI,-0.99609375,29364,5781,0.008200353643700281,11544,0.017636354419717726
0,patch_15_23,3840,4096,5888,6144,65536,MSAVI,-0.21484375,37562,,,,
0,patch_15_23,3840,4096,5888,6144,65536,NDVI,-0.99609375,27974,7963,0.010459829059665249,9266,0.0185053873311668
0,patch_15_24,3840,4096,6144,6400,65536,MSAVI,-0.10546875,35665,,,,
0,patch_15_24,3840,4096,6144,6400,65536,NDVI,-0.99609375,29871,11304,0.008612765344499562,15126,0.017657946100089278
0,patch_15_25,3840,4096,6400,6656,65536,MSAVI,-0.16796875,36697,,,,
0,patch_15_25,3840,4096,6400,6656,65536,NDVI,-0.99609375,28839,5616,0.008149886244748827,8977,0.01634455049412989
0,patch_15_26,3840,4096,6656,6912,65536,MSAVI,-0.18359375,35354,,,,
0,patch_15_26,3840,4096,6656,6912,65536,NDVI,-0.99609375,30182,7931,0.007533529136630551,11371,0.013632512708298267
0,patch_15_27,3840,4096,6912,7168,65536,MSAVI,-0.09765625,36301,,,,
0,patch_15_27,3840,4096,6912,7168,65536,NDVI,-0.99609375,29235,6135,0.007145955221190242,11710,0.015868951855070673
0,patch_15_28,3840,4096,7168,7424,65536,MSAVI,-0.26171875,36042,,,,
0,patch_15_28,3840,4096,7168,7424,65536,NDVI,-0.99609375,29494,10884,0.009841791668552091,15151,0.017168569979202186
0,patch_15_29,3840,4096,7424,7680,65536,MSAVI,-0.19140625,39362,,,,
0,patch_15_29,3840,4096,7424,7680,65536,NDVI,-0.99609375,26174,14078,0.015559901081901695,15949,0.023927103724751014
0,patch_15_30,3840,4096,7680,7936,65536,MSAVI,-0.17578125,37578,,,,
0,patch_15_30,3840,4096,7680,7936,65536,NDVI,-0.99609375,27958,8356,0.010772513661201522,12567,0.01829384219287372
0,patch_15_31,3840,4096,7936,8192,65536,MSAVI,-0.06640625,34675,,,,
0,patch_15_31,3840,4096,7936,8192,65536,NDVI,-0.63671875,30860,6010,0.005477371793299157,12104,0.013174524575377405
0,patch_15_32,3840,4096,8192,8448,65536,MSAVI,-0.23046875,35445,,,,
0,patch_15_32,3840,4096,8192,8448,65536,NDVI,-0.99609375,30091,7144,0.00714806229309764,13315,0.015334105772732753
0,patch_15_33,3840,4096,8448,8704,65536,MSAVI,-0.28515625,38067,,,,
0,patch_15_33,3840,4096,8448,8704,65536,NDVI,-0.99609375,27469,5400,0.01149656665219384,8366,0.01799273017792105
0,patch_15_34,3840,4096,8704,8960,65536,MSAVI,-0.00390625,37604,,,,
0,patch_15_34,3840,4096,8704,8960,65536,NDVI,-0.99609375,27932,7150,0.011531643634193178,9488,0.01747444500574427
0,patch_15_35,3840,4096,8960,9216,65536,MSAVI,-0.23828125,37568,,,,
0,patch_15_35,3840,4096,8960,9216,65536,NDVI,-0.99609375,27968,12071,0.012592117925146612,13959,0.02052754940593357
0,patch_15_36,3840,4096,9216,9472,65536,MSAVI,-0.22265625,37862,,,,
0,patch_15_36,3840,4096,9216,9472,65536,NDVI,-0.72265625,27669,9035,0.011216790708242191,10960,0.017871796720466127
0,patch_16_0,4096,4352,0,256,65536,MSAVI,0.0,65536,,,,
0,patch_16_0,4096,4352,0,256,65536,NDVI,0.0,0,0,0.0,0,0.009808042386020944
0,patch_16_1,4096,4352,256,512,65536,MSAVI,0.0,65536,,,,
0,patch_16_1,4096,4352,256,512,65536,NDVI,0.0,0,0,0.0,0,0.009808042386020944
0,patch_16_2,4096,4352,512,768,65536,MSAVI,0.0,65536,,,,
0,patch_16_2,4096,4352,512,768,65536,NDVI,0.0,0,0,0.0,0,0.009808042386020944
0,patch_16_4,4096,4352,1024,1280,65536,MSAVI,0.05078125,32744,,,,
0,patch_16_4,4096,4352,1024,1280,65536,NDVI,-0.99609375,32792,6688,0.0035793626013513324,14087,0.012602265905851923
0,patch_16_5,4096,4352,1280,1536,65536,MSAVI,0.09765625,35544,,,,
0,patch_16_5,4096,4352,1280,1536,65536,NDVI,-0.99609375,29992,4365,0.006980925700233703,8255,0.01612386974656163
0,patch_16_6,4096,4352,1536,1792,65536,MSAVI,-0.09765625,36487,,,,
0,patch_16_6,4096,4352,1536,1792,65536,NDVI,-0.99609375,29049,5737,0.0077008650797971145,8357,0.016341767994167145
0,patch_16_7,4096,4352,1792,2048,65536,MSAVI,-0.04296875,35974,,,,
0,patch_16_7,4096,4352,1792,2048,65536,NDVI,-0.99609375,29562,4659,0.008263391604825726,8128,0.016717039581890886
0,patch_16_8,4096,4352,2048,2304,65536,MSAVI,-0.02734375,39002,,,,
0,patch_16_8,4096,4352,2048,2304,65536,NDVI,-0.99609375,26534,5716,0.010592308745796364,7880,0.019233558559165725
0,patch_16_9,4096,4352,2304,2560,65536,MSAVI,-0.17578125,37557,,,,
0,patch_16_9,4096,4352,2304,2560,65536,NDVI,-0.99609375,27979,3381,0.010056284917796698,5554,0.0163991415301524
0,patch_16_10,4096,4352,2560,2816,65536,MSAVI,-0.12890625,36003,,,,
0,patch_16_10,4096,4352,2560,2816,65536,NDVI,-0.99609375,29533,7036,0.007325642346769634,11658,0.014520905808643625
0,patch_16_11,4096,4352,2816,3072,65536,MSAVI,-0.03515625,34835,,,,
0,patch_16_11,4096,4352,2816,3072,65536,NDVI,-0.99609375,30701,4254,0.003986177170585553,9984,0.013574123568848212
0,patch_16_12,4096,4352,3072,3328,65536,MSAVI,-0.15234375,35469,,,,
0,patch_16_12,4096,4352,3072,3328,65536,NDVI,-0.99609375,30067,5607,0.006888177944703172,10685,0.013778176540528986
0,patch_16_13,4096,4352,3328,3584,65536,MSAVI,-0.08984375,36101,,,,
0,patch_16_13,4096,4352,3328,3584,65536,NDVI,-0.99609375,29435,11187,0.008718756936386185,14789,0.020003632681824174
0,patch_16_14,4096,4352,3584,3840,65536,MSAVI,-0.08203125,35441,,,,
0,patch_16_14,4096,4352,3584,3840,65536,NDVI,-0.99609375,30095,6637,0.006423957503046723,11531,0.015782870258483767
0,patch_16_15,4096,4352,3840,4096,65536,MSAVI,-0.08203125,35513,,,,
0,patch_16_15,4096,4352,3840,4096,65536,NDVI,-0.99609375,30023,3544,0.006129947749252435,8018,0.01270569370064581
0,patch_16_16,4096,4352,4096,4352,65536,MSAVI,-0.01171875,34995,,,,
0,patch_16_16,4096,4352,4096,4352,65536,NDVI,-0.99609375,30541,7016,0.006118572221534668,11020,0.015295318422216875
0,patch_16_17,4096,4352,4352,4608,65536,MSAVI,-0.23828125,34781,,,,
0,patch_16_17,4096,4352,4352,4608,65536,NDVI,-0.99609375,30755,9696,0.007169320117318689,14598,0.015056885381343366
0,patch_16_18,4096,4352,4608,4864,65536,MSAVI,-0.14453125,35463,,,,
0,patch_16_18,4096,4352,4608,4864,65536,NDVI,-0.99609375,30073,11558,0.008081490698294697,17300,0.01812381798133722
0,patch_16_19,4096,4352,4864,5120,65536,MSAVI,-0.11328125,38126,,,,
0,patch_16_19,4096,4352,4864,5120,65536,NDVI,-0.99609375,27410,8072,0.012680334325074233,11761,0.020892785240615247
0,patch_16_20,4096,4352,5120,5376,65536,MSAVI,-0.10546875,37211,,,,
0,patch_16_20,4096,4352,5120,5376,65536,NDVI,-0.99609375,28325,5501,0.009500026932989958,9006,0.01752672781844014
0,patch_16_21,4096,4352,5376,5632,65536,MSAVI,-0.21484375,35497,,,,
0,patch_16_21,4096,4352,5376,5632,65536,NDVI,-0.75390625,29851,12252,0.006911536567828225,17244,0.019106682842809836
0,patch_16_22,4096,4352,5632,5888,65536,MSAVI,-0.14453125,37483,,,,
0,patch_16_22,4096,4352,5632,5888,65536,NDVI,-0.99609375,28053,5507,0.009392678800479726,10442,0.01816344438802933
0,patch_16_23,4096,4352,5888,6144,65536,MSAVI,-0.10546875,36250,,,,
0,patch_16_23,4096,4352,5888,6144,65536,NDVI,-0.99609375,29286,5325,0.006310365085447467,8890,0.013347745167512276
0,patch_16_24,4096,4352,6144,6400,65536,MSAVI,-0.14453125,35554,,,,
0,patch_16_24,4096,4352,6144,6400,65536,NDVI,-0.99609375,29982,9489,0.007348613341357002,14509,0.01835260998284377
0,patch_16_25,4096,4352,6400,6656,65536,MSAVI,-0.14453125,39286,,,,
0,patch_16_25,4096,4352,6400,6656,65536,NDVI,-0.99609375,26250,5884,0.01189248979481744,7619,0.018936908436438915
0,patch_16_26,4096,4352,6656,6912,65536,MSAVI,-0.07421875,36810,,,,
0,patch_16_26,4096,4352,6656,6912,65536,NDVI,-0.99609375,28726,5545,0.009529215149779086,8071,0.015562277735493707
0,patch_16_27,4096,4352,6912,7168,65536,MSAVI,-0.07421875,36739,,,,
0,patch_16_27,4096,4352,6912,7168,65536,NDVI,-0.99609375,28797,7605,0.009163126816616657,11129,0.01717931273589751
0,patch_16_28,4096,4352,7168,7424,65536,MSAVI,0.04296875,34899,,,,
0,patch_16_28,4096,4352,7168,7424,65536,NDVI,-0.99609375,30637,7625,0.007544152555262917,13562,0.015583600457537566
0,patch_16_29,4096,4352,7424,7680,65536,MSAVI,-0.09765625,37162,,,,
0,patch_16_29,4096,4352,7424,7680,65536,NDVI,-0.99609375,28374,11504,0.013124618140923805,65536,0.020511992779778776
0,patch_16_30,4096,4352,7680,7936,65536,MSAVI,-0.12890625,38014,,,,
0,patch_16_30,4096,4352,7680,7936,65536,NDVI,-0.99609375,27522,5034,0.009897385132057929,7100,0.014781799659062289
0,patch_16_31,4096,4352,7936,8192,65536,MSAVI,-0.04296875,35743,,,,
0,patch_16_31,4096,4352,7936,8192,65536,NDVI,-0.67578125,29791,6795,0.008249500404148236,11477,0.017123713336979207
0,patch_16_32,4096,4352,8192,8448,65536,MSAVI,-0.12890625,35681,,,,
0,patch_16_32,4096,4352,8192,8448,65536,NDVI,-0.69140625,29855,6390,0.006625658081523683,11662,0.01580504808862504
0,patch_16_33,4096,4352,8448,8704,65536,MSAVI,-0.18359375,36533,,,,
0,patch_16_33,4096,4352,8448,8704,65536,NDVI,-0.99609375,29003,5323,0.008989348315457502,9768,0.01658183090889989
0,patch_16_34,4096,4352,8704,8960,65536,MSAVI,-0.15234375,37380,,,,
0,patch_16_34,4096,4352,8704,8960,65536,NDVI,-0.99609375,28156,9184,0.010659445319252031,12427,0.0196710020584403
0,patch_16_35,4096,4352,8960,9216,65536,MSAVI,-0.03515625,36604,,,,
0,patch_16_35,4096,4352,8960,9216,65536,NDVI,-0.99609375,28932,11728,0.008658554816593389,15905,0.017348849785440434
0,patch_16_36,4096,4352,9216,9472,65536,MSAVI,-0.12890625,37437,,,,
0,patch_16_36,4096,4352,9216,9472,65536,NDVI,-0.99609375,28099,4584,0.008097652777427633,7401,0.015211441951141741
0,patch_17_0,4352,4608,0,256,65536,MSAVI,0.0,65536,,,,
0,patch_17_0,4352,4608,0,256,65536,NDVI,0.0,0,0,0.0,0,0.009808042386020944
0,patch_17_1,4352,4608,256,512,65536,MSAVI,0.0,65536,,,,
0,patch_17_1,4352,4608,256,512,65536,NDVI,0.0,0,0,0.0,0,0.009808042386020944
0,patch_17_2,4352,4608,512,768,65536,MSAVI,0.0,65536,,,,
0,patch_17_2,4352,4608,512,768,65536,NDVI,0.0,0,0,0.0,0,0.009808042386020944
0,patch_17_4,4352,4608,1024,1280,65536,MSAVI,0.02734375,35151,,,,
0,patch_17_4,4352,4608,1024,1280,65536,NDVI,-0.99609375,30385,7454,0.007451397581940078,12708,0.014974800798158716
0,patch_17_5,4352,4608,1280,1536,65536,MSAVI,-0.09765625,36186,,,,
0,patch_17_5,4352,4608,1280,1536,65536,NDVI,-0.99609375,29350,2935,0.006200892929588336,8409,0.0147528471281074
0,patch_17_6,4352,4608,1536,1792,65536,MSAVI,-0.08984375,35948,,,,
0,patch_17_6,4352,4608,1536,1792,65536,NDVI,-0.99609375,29588,3325,0.0073795184828943095,5797,0.013231194327994661
0,patch_17_7,4352,4608,1792,2048,65536,MSAVI,-0.05859375,35843,,,,
0,patch_17_7,4352,4608,1792,2048,65536,NDVI,-0.66796875,29693,5441,0.00825459896666364,9141,0.015242120905474693
0,patch_17_8,4352,4608,2048,2304,65536,MSAVI,-0.13671875,40470,,,,
0,patch_17_8,4352,4608,2048,2304,65536,NDVI,-0.67578125,24737,5481,0.013906510454926801,8251,0.021200652076045212
0,patch_17_9,4352,4608,2304,2560,65536,MSAVI,-0.17578125,36339,,,,
0,patch_17_9,4352,4608,2304,2560,65536,NDVI,-0.99609375,29197,4391,0.007808074355126204,9502,0.017861715257192823
0,patch_17_10,4352,4608,2560,2816,65536,MSAVI,-0.13671875,35779,,,,
0,patch_17_10,4352,4608,2560,2816,65536,NDVI,-0.99609375,29757,6184,0.008156438576059216,8691,0.01586063085641895
0,patch_17_11,4352,4608,2816,3072,65536,MSAVI,-0.16015625,37150,,,,
0,patch_17_11,4352,4608,2816,3072,65536,NDVI,-0.99609375,28386,4390,0.008260020850275218,7625,0.01760930437389102
0,patch_17_12,4352,4608,3072,3328,65536,MSAVI,0.14453125,36734,,,,
0,patch_17_12,4352,4608,3072,3328,65536,NDVI,-0.99609375,28802,5020,0.007431451454339932,10064,0.016992593468792005
0,patch_17_13,4352,4608,3328,3584,65536,MSAVI,-0.17578125,37244,,,,
0,patch_17_13,4352,4608,3328,3584,65536,NDVI,-0.99609375,28292,5773,0.009269736143750845,8630,0.0164668151500372
0,patch_17_14,4352,4608,3584,3840,65536,MSAVI,-0.14453125,40726,,,,
0,patch_17_14,4352,4608,3584,3840,65536,NDVI,-0.99609375,24810,5379,0.015232520677815498,7037,0.02311058247241332
0,patch_17_15,4352,4608,3840,4096,65536,MSAVI,-0.06640625,37458,,,,
0,patch_17_15,4352,4608,3840,4096,65536,NDVI,-0.99609375,28078,3866,0.009324943671887131,7777,0.01743782528138299
0,patch_17_16,4352,4608,4096,4352,65536,MSAVI,-0.05078125,36085,,,,
0,patch_17_16,4352,4608,4096,4352,65536,NDVI,-0.99609375,29451,7268,0.00754029232440831,12269,0.015658240863629574
0,patch_17_17,4352,4608,4352,4608,65536,MSAVI,-0.13671875,36226,,,,
0,patch_17_17,4352,4608,4352,4608,65536,NDVI,-0.99609375,29310,7268,0.007445360951451957,11566,0.017020264857253664
0,patch_17_18,4352,4608,4608,4864,65536,MSAVI,-0.09765625,37845,,,,
0,patch_17_18,4352,4608,4608,4864,65536,NDVI,-0.99609375,27691,6168,0.008938268622271844,10565,0.018213141749265915
0,patch_17_19,4352,4608,4864,5120,65536,MSAVI,-0.16015625,37571,,,,
0,patch_17_19,4352,4608,4864,5120,65536,NDVI,-0.99609375,27965,4786,0.010944776809188123,9459,0.018516184389084117
0,patch_17_20,4352,4608,5120,5376,65536,MSAVI,-0.13671875,34849,,,,
0,patch_17_20,4352,4608,5120,5376,65536,NDVI,-0.99609375,30687,4904,0.007493446562308492,11778,0.015937067367524926
0,patch_17_21,4352,4608,5376,5632,65536,MSAVI,-0.11328125,35465,,,,
0,patch_17_21,4352,4608,5376,5632,65536,NDVI,-0.99609375,30071,5961,0.008343783970295726,11446,0.015746134512944182
0,patch_17_22,4352,4608,5632,5888,65536,MSAVI,-0.17578125,38149,,,,
0,patch_17_22,4352,4608,5632,5888,65536,NDVI,-0.99609375,27387,7625,0.011394022344736465,10111,0.018018274227146136
0,patch_17_23,4352,4608,5888,6144,65536,MSAVI,-0.24609375,39399,,,,
0,patch_17_23,4352,4608,5888,6144,65536,NDVI,-0.73046875,26117,6733,0.013390835825841857,9094,0.021463080282438762
0,patch_17_24,4352,4608,6144,6400,65536,MSAVI,-0.00390625,37285,,,,
0,patch_17_24,4352,4608,6144,6400,65536,NDVI,-0.99609375,28251,9767,0.01250406698286341,14214,0.02051573958729086
0,patch_17_25,4352,4608,6400,6656,65536,MSAVI,-0.28515625,35856,,,,
0,patch_17_25,4352,4608,6400,6656,65536,NDVI,-0.99609375,29680,5738,0.008576867627950152,10774,0.015950233241288886
0,patch_17_26,4352,4608,6656,6912,65536,MSAVI,-0.15234375,37209,,,,
0,patch_17_26,4352,4608,6656,6912,65536,NDVI,-0.99609375,28327,3630,0.009776241494737575,6945,0.015527752095423314
0,patch_17_27,4352,4608,6912,7168,65536,MSAVI,-0.23046875,36968,,,,
0,patch_17_27,4352,4608,6912,7168,65536,NDVI,-0.99609375,28568,4778,0.007831619916951416,8245,0.01542908357713721
0,patch_17_28,4352,4608,7168,7424,65536,MSAVI,-0.30859375,35453,,,,
0,patch_17_28,4352,4608,7168,7424,65536,NDVI,-0.99609375,30083,4552,0.006958947224263601,9558,0.013124055783885952
0,patch_17_29,4352,4608,7424,7680,65536,MSAVI,-0.25390625,37381,,,,
0,patch_17_29,4352,4608,7424,7680,65536,NDVI,-0.99609375,28155,9049,0.00992794724605045,11105,0.018616409511396398
0,patch_17_30,4352,4608,7680,7936,65536,MSAVI,-0.25390625,38477,,,,
0,patch_17_30,4352,4608,7680,7936,65536,NDVI,-0.99609375,27059,4561,0.010007162522615715,6529,0.015955015805707434
0,patch_17_31,4352,4608,7936,8192,65536,MSAVI,-0.12109375,35607,,,,
0,patch_17_31,4352,4608,7936,8192,65536,NDVI,-0.99609375,29929,10075,0.008712044864493756,14906,0.017349693523905085
0,patch_17_32,4352,4608,8192,8448,65536,MSAVI,-0.23828125,35788,,,,
0,patch_17_32,4352,4608,8192,8448,65536,NDVI,-0.99609375,29748,6313,0.006615760860513881,12349,0.014745536377399532
0,patch_17_33,4352,4608,8448,8704,65536,MSAVI,-0.07421875,33491,,,,
0,patch_17_33,4352,4608,8448,8704,65536,NDVI,-0.66015625,32043,8673,0.0035715938585928475,15733,0.012360693238765597
0,patch_17_34,4352,4608,8704,8960,65536,MSAVI,-0.12109375,35404,,,,
0,patch_17_34,4352,4608,8704,8960,65536,NDVI,-0.99609375,30132,5126,0.007384211669055313,8747,0.012415040355254897
0,patch_17_35,4352,4608,8960,9216,65536,MSAVI,-0.08984375,35807,,,,
0,patch_17_35,4352,4608,8960,9216,65536,NDVI,-0.66796875,29728,5436,0.006098524596894028,9709,0.013404658415313547
0,patch_18_0,4608,4864,0,256,65536,MSAVI,0.0,65536,,,,
0,patch_18_0,4608,4864,0,256,65536,NDVI,0.0,0,0,0.0,0,0.009808042386020944
0,patch_18_1,4608,4864,256,512,65536,MSAVI,0.0,65536,,,,
0,patch_18_1,4608,4864,256,512,65536,NDVI,0.0,0,0,0.0,0,0.009808042386020944
0,patch_18_2,4608,4864,512,768,65536,MSAVI,0.0,65536,,,,
0,patch_18_2,4608,4864,512,768,65536,NDVI,0.0,0,0,0.0,0,0.009808042386020944
0,patch_18_4,4608,4864,1024,1280,65536,MSAVI,0.05078125,29911,,,,
0,patch_18_4,4608,4864,1024,1280,65536,NDVI,-0.73828125,35623,5895,0.00011586244211247987,16892,0.010861749895085537
0,patch_18_5,4608,4864,1280,1536,65536,MSAVI,0.43359375,34019,,,,
0,patch_18_5,4608,4864,1280,1536,65536,NDVI,-0.99609375,31517,5731,0.004493582112168021,13686,0.015639752253879147
0,patch_18_6,4608,4864,1536,1792,65536,MSAVI,-0.08984375,37572,,,,
0,patch_18_6,4608,4864,1536,1792,65536,NDVI,-0.99609375,27964,5530,0.009929983393378333,8959,0.016714307922432226
0,patch_18_7,4608,4864,1792,2048,65536,MSAVI,-0.15234375,37163,,,,
0,patch_18_7,4608,4864,1792,2048,65536,NDVI,-0.99609375,28373,1429,0.00622637955382041,3377,0.012404225830805415
0,patch_18_8,4608,4864,2048,2304,65536,MSAVI,-0.11328125,37721,,,,
0,patch_18_8,4608,4864,2048,2304,65536,NDVI,-0.99609375,27815,1642,0.009165896934137663,4105,0.015421340538253447
0,patch_18_9,4608,4864,2304,2560,65536,MSAVI,-0.10546875,35902,,,,
0,patch_18_9,4608,4864,2304,2560,65536,NDVI,-0.99609375,29634,3229,0.006522206772124922,7726,0.015194000149189035
0,patch_18_10,4608,4864,2560,2816,65536,MSAVI,-0.12890625,34758,,,,
0,patch_18_10,4608,4864,2560,2816,65536,NDVI,-0.99609375,30778,5359,0.006476245199479924,9431,0.01241160671509045
0,patch_18_11,4608,4864,2816,3072,65536,MSAVI,-0.12890625,35121,,,,
0,patch_18_11,4608,4864,2816,3072,65536,NDVI,-0.99609375,30415,5135,0.005906748254504102,9066,0.012768767879653947
0,patch_18_12,4608,4864,3072,3328,65536,MSAVI,-0.08984375,35355,,,,
0,patch_18_12,4608,4864,3072,3328,65536,NDVI,-0.99609375,30181,11951,0.008669617405592855,17273,0.02060516569722251
0,patch_18_13,4608,4864,3328,3584,65536,MSAVI,0.12109375,37225,,,,
0,patch_18_13,4608,4864,3328,3584,65536,NDVI,-0.99609375,28311,12946,0.012541866515380196,15936,0.02344941397603159
0,patch_18_14,4608,4864,3584,3840,65536,MSAVI,-0.15234375,36492,,,,
0,patch_18_14,4608,4864,3584,3840,65536,NDVI,-0.99609375,29044,8371,0.011025116198425444,10273,0.016490675250375675
0,patch_18_15,4608,4864,3840,4096,65536,MSAVI,-0.12109375,37923,,,,
0,patch_18_15,4608,4864,3840,4096,65536,NDVI,-0.99609375,27613,2992,0.011457677526499649,5393,0.016973788359536557
0,patch_18_16,4608,4864,4096,4352,65536,MSAVI,-0.10546875,38225,,,,
0,patch_18_16,4608,4864,4096,4352,65536,NDVI,-0.99609375,27311,5828,0.01145311499742055,9962,0.01957069729509836
0,patch_18_17,4608,4864,4352,4608,65536,MSAVI,0.01953125,38440,,,,
0,patch_18_17,4608,4864,4352,4608,65536,NDVI,-0.99609375,27096,8795,0.013303866567082018,11333,0.021236763401848352
0,patch_18_18,4608,4864,4608,4864,65536,MSAVI,-0.01171875,37550,,,,
0,patch_18_18,4608,4864,4608,4864,65536,NDVI,-0.99609375,27986,8673,0.009744436038995385,13545,0.018684526525048734
0,patch_18_19,4608,4864,4864,5120,65536,MSAVI,-0.19921875,38076,,,,
0,patch_18_19,4608,4864,4864,5120,65536,NDVI,-0.99609375,27460,7488,0.011900276228264978,10752,0.020002146834333323
0,patch_18_20,4608,4864,5120,5376,65536,MSAVI,0.17578125,36230,,,,
0,patch_18_20,4608,4864,5120,5376,65536,NDVI,-0.99609375,29306,5759,0.007097436687709985,10934,0.015944467897483355
0,patch_18_21,4608,4864,5376,5632,65536,MSAVI,-0.04296875,35351,,,,
0,patch_18_21,4608,4864,5376,5632,65536,NDVI,-0.99609375,30185,6026,0.007773385694830687,9158,0.013197452666086684
0,patch_18_22,4608,4864,5632,5888,65536,MSAVI,0.01953125,36027,,,,
0,patch_18_22,4608,4864,5632,5888,65536,NDVI,-0.99609375,29509,10762,0.009568446042544282,14672,0.01850499472543904
0,patch_18_23,4608,4864,5888,6144,65536,MSAVI,-0.23828125,42174,,,,
0,patch_18_23,4608,4864,5888,6144,65536,NDVI,-0.68359375,23362,3898,0.014560716781416655,5440,0.024432950515399537
0,patch_18_24,4608,4864,6144,6400,65536,MSAVI,-0.19921875,36969,,,,
0,patch_18_24,4608,4864,6144,6400,65536,NDVI,-0.99609375,28567,6887,0.009614680303588474,9756,0.017948283305349172
0,patch_18_25,4608,4864,6400,6656,65536,MSAVI,-0.14453125,36051,,,,
0,patch_18_25,4608,4864,6400,6656,65536,NDVI,-0.70703125,29480,4299,0.0064350023225699104,9533,0.014350918925949807
0,patch_18_26,4608,4864,6656,6912,65536,MSAVI,-0.19140625,36454,,,,
0,patch_18_26,4608,4864,6656,6912,65536,NDVI,-0.99609375,29082,9766,0.009569710088659367,13498,0.01615901610476944
0,patch_18_27,4608,4864,6912,7168,65536,MSAVI,-0.23046875,34773,,,,
0,patch_18_27,4608,4864,6912,7168,65536,NDVI,-0.99609375,30763,8183,0.006428404170240515,14699,0.015577387389263536
0,patch_18_28,4608,4864,7168,7424,65536,MSAVI,-0.06640625,36551,,,,
0,patch_18_28,4608,4864,7168,7424,65536,NDVI,-0.99609375,28985,15912,0.01550138215266117,16844,0.023071562439587995
0,patch_18_29,4608,4864,7424,7680,65536,MSAVI,-0.06640625,35961,,,,
0,patch_18_29,4608,4864,7424,7680,65536,NDVI,-0.99609375,29575,5540,0.007071490838692185,10336,0.01622131082621689
0,patch_18_30,4608,4864,7680,7936,65536,MSAVI,-0.07421875,36034,,,,
0,patch_18_30,4608,4864,7680,7936,65536,NDVI,-0.99609375,29502,7170,0.007203192060919655,10634,0.015173176961417123
0,patch_18_31,4608,4864,7936,8192,65536,MSAVI,-0.19140625,36838,,,,
0,patch_18_31,4608,4864,7936,8192,65536,NDVI,-0.99609375,28698,9674,0.012685436928176974,11235,0.01802356296497351
0,patch_18_32,4608,4864,8192,8448,65536,MSAVI,-0.15234375,34775,,,,
0,patch_18_32,4608,4864,8192,8448,65536,NDVI,-0.99609375,30761,8576,0.006923833243868721,13895,0.014544298773544184
0,patch_18_33,4608,4864,8448,8704,65536,MSAVI,-0.10546875,34716,,,,
0,patch_18_33,4608,4864,8448,8704,65536,NDVI,-0.99609375,30820,7172,0.007299905700804993,11319,0.012504785355081205
0,patch_18_34,4608,4864,8704,8960,65536,MSAVI,-0.22265625,37129,,,,
0,patch_18_34,4608,4864,8704,8960,65536,NDVI,-0.99609375,28407,8329,0.010377904728255949,11466,0.017953616576108694
0,patch_18_35,4608,4864,8960,9216,65536,MSAVI,-0.20703125,36420,,,,
0,patch_18_35,4608,4864,8960,9216,65536,NDVI,-0.99609375,29116,6368,0.008805839121745346,10067,0.014616227189060138
0,patch_18_37,4608,4864,9472,9728,65536,MSAVI,0.0,65536,,,,
0,patch_18_37,4608,4864,9472,9728,65536,NDVI,0.0,0,0,0.0,0,0.009808042386020944
0,patch_19_0,4864,5120,0,256,65536,MSAVI,0.0,65536,,,,
0,patch_19_0,4864,5120,0,256,65536,NDVI,0.0,0,0,0.0,0,0.009808042386020944
0,patch_19_1,4864,5120,256,512,65536,MSAVI,0.0,65536,,,,
0,patch_19_1,4864,5120,256,512,65536,NDVI,0.0,0,0,0.0,0,0.009808042386020944
0,patch_19_4,4864,5120,1024,1280,65536,MSAVI,-0.22265625,36556,,,,
0,patch_19_4,4864,5120,1024,1280,65536,NDVI,-0.99609375,28980,4504,0.008280596090642856,7773,0.01550187893357674
0,patch_19_5,4864,5120,1280,1536,65536,MSAVI,-0.02734375,35487,,,,
0,patch_19_5,4864,5120,1280,1536,65536,NDVI,-0.99609375,30049,14745,0.009877800320588659,17527,0.01911690963540466
0,patch_19_6,4864,5120,1536,1792,65536,MSAVI,-0.11328125,37888,,,,
0,patch_19_6,4864,5120,1536,1792,65536,NDVI,-0.99609375,27648,3944,0.009869259593358604,7755,0.01794763062976354
0,patch_19_7,4864,5120,1792,2048,65536,MSAVI,-0.05859375,37388,,,,
0,patch_19_7,4864,5120,1792,2048,65536,NDVI,-0.99609375,28148,4842,0.009580973996489967,6851,0.01786167380883219
0,patch_19_8,4864,5120,2048,2304,65536,MSAVI,-0.01171875,38547,,,,
0,patch_19_8,4864,5120,2048,2304,65536,NDVI,-0.99609375,26989,4611,0.011132446352095704,7020,0.018519229793522024
0,patch_19_9,4864,5120,2304,2560,65536,MSAVI,-0.06640625,37175,,,,
0,patch_19_9,4864,5120,2304,2560,65536,NDVI,-0.99609375,28361,3085,0.010318210093805513,7090,0.01811028490058636
0,patch_19_10,4864,5120,2560,2816,65536,MSAVI,-0.12890625,35846,,,,
0,patch_19_10,4864,5120,2560,2816,65536,NDVI,-0.99609375,29690,4784,0.0066900938401006915,9742,0.013728153921692715
0,patch_19_11,4864,5120,2816,3072,65536,MSAVI,-0.06640625,38053,,,,
0,patch_19_11,4864,5120,2816,3072,65536,NDVI,-0.63671875,27482,2013,0.008469244805987514,3832,0.014399038035598333
0,patch_19_12,4864,5120,3072,3328,65536,MSAVI,-0.16796875,36902,,,,
0,patch_19_12,4864,5120,3072,3328,65536,NDVI,-0.71484375,28633,2869,0.007264444358901417,7020,0.015388127130110396
0,patch_19_13,4864,5120,3328,3584,65536,MSAVI,-0.12109375,35279,,,,
0,patch_19_13,4864,5120,3328,3584,65536,NDVI,-0.73046875,29983,8222,0.008537040543603047,12298,0.016383520040556127
0,patch_19_14,4864,5120,3584,3840,65536,MSAVI,-0.21484375,37892,,,,
0,patch_19_14,4864,5120,3584,3840,65536,NDVI,-0.71484375,27363,3642,0.009267076012180187,7464,0.016444371154337584
0,patch_19_15,4864,5120,3840,4096,65536,MSAVI,-0.15234375,35490,,,,
0,patch_19_15,4864,5120,3840,4096,65536,NDVI,-0.99609375,30046,4442,0.006540047782535668,8373,0.014090307046740691
0,patch_19_16,4864,5120,4096,4352,65536,MSAVI,-0.20703125,35459,,,,
0,patch_19_16,4864,5120,4096,4352,65536,NDVI,-0.99609375,30077,4336,0.0077096510713629,6045,0.012532881039124366
0,patch_19_17,4864,5120,4352,4608,65536,MSAVI,-0.20703125,37201,,,,
0,patch_19_17,4864,5120,4352,4608,65536,NDVI,-0.99609375,28335,9494,0.012158662880641269,11808,0.018199081436646697
0,patch_19_18,4864,5120,4608,4864,65536,MSAVI,-0.12109375,37273,,,,
0,patch_19_18,4864,5120,4608,4864,65536,NDVI,-0.99609375,28263,6708,0.011299569604384774,9562,0.01562779386932503
0,patch_19_19,4864,5120,4864,5120,65536,MSAVI,-0.11328125,35521,,,,
0,patch_19_19,4864,5120,4864,5120,65536,NDVI,-0.99609375,30015,6718,0.008613291570808312,10984,0.01593842885203925
0,patch_19_20,4864,5120,5120,5376,65536,MSAVI,-0.17578125,33395,,,,
0,patch_19_20,4864,5120,5120,5376,65536,NDVI,-0.99609375,32141,10469,0.006635556681052396,17800,0.016876197138394333
0,patch_19_21,4864,5120,5376,5632,65536,MSAVI,-0.15234375,36653,,,,
0,patch_19_21,4864,5120,5376,5632,65536,NDVI,-0.99609375,28883,5606,0.008694019679490517,9862,0.01599031534415976
0,patch_19_22,4864,5120,5632,5888,65536,MSAVI,-0.12109375,36941,,,,
0,patch_19_22,4864,5120,5632,5888,65536,NDVI,-0.62890625,28592,3899,0.007570315563633828,8090,0.016239129773896577
0,patch_19_23,4864,5120,5888,6144,65536,MSAVI,-0.16796875,36696,,,,
0,patch_19_23,4864,5120,5888,6144,65536,NDVI,-0.69921875,28709,9295,0.010402247609249238,14849,0.020030071420834794
0,patch_19_24,4864,5120,6144,6400,65536,MSAVI,-0.18359375,35932,,,,
0,patch_19_24,4864,5120,6144,6400,65536,NDVI,-0.74609375,29597,7512,0.007889107017320623,11438,0.013942348594753518
0,patch_19_25,4864,5120,6400,6656,65536,MSAVI,-0.24609375,37068,,,,
0,patch_19_25,4864,5120,6400,6656,65536,NDVI,-0.73828125,28468,4791,0.010890720884900507,7298,0.017051651718699545
0,patch_19_26,4864,5120,6656,6912,65536,MSAVI,-0.20703125,40570,,,,
0,patch_19_26,4864,5120,6656,6912,65536,NDVI,-0.71484375,24618,4308,0.013307342086532614,6021,0.020135672225186807
0,patch_19_27,4864,5120,6912,7168,65536,MSAVI,-0.13671875,36020,,,,
0,patch_19_27,4864,5120,6912,7168,65536,NDVI,-0.69921875,29515,13562,0.010736139181416499,18470,0.021175408793287165
0,patch_19_28,4864,5120,7168,7424,65536,MSAVI,-0.08984375,37377,,,,
0,patch_19_28,4864,5120,7168,7424,65536,NDVI,-0.99609375,28159,8446,0.010093432928811708,13175,0.020433802084605518
0,patch_19_29,4864,5120,7424,7680,65536,MSAVI,-0.12890625,35189,,,,
0,patch_19_29,4864,5120,7424,7680,65536,NDVI,-0.99609375,30347,5881,0.006913899285242553,11375,0.013611121375691954
0,patch_19_30,4864,5120,7680,7936,65536,MSAVI,-0.14453125,36855,,,,
0,patch_19_30,4864,5120,7680,7936,65536,NDVI,-0.99609375,28681,3380,0.010535840780475342,6977,0.014067367791430169
0,patch_19_31,4864,5120,7936,8192,65536,MSAVI,-0.09765625,36610,,,,
0,patch_19_31,4864,5120,7936,8192,65536,NDVI,-0.99609375,28926,5452,0.008237688612524413,8554,0.014557742275329494
0,patch_19_32,4864,5120,8192,8448,65536,MSAVI,-0.00390625,36197,,,,
0,patch_19_32,4864,5120,8192,8448,65536,NDVI,-0.99609375,29339,5004,0.008398323492216586,7872,0.015573242800918347
0,patch_19_33,4864,5120,8448,8704,65536,MSAVI,0.09765625,34902,,,,
0,patch_19_33,4864,5120,8448,8704,65536,NDVI,-0.99609375,30634,5658,0.00637401958037534,10595,0.014188263733662193
0,patch_19_34,4864,5120,8704,8960,65536,MSAVI,-0.15234375,35448,,,,
0,patch_19_34,4864,5120,8704,8960,65536,NDVI,-0.99609375,30088,7596,0.00873287177040391,11084,0.014133571342293788
0,patch_19_35,4864,5120,8960,9216,65536,MSAVI,-0.08203125,35667,,,,
0,patch_19_35,4864,5120,8960,9216,65536,NDVI,-0.99609375,29869,6882,0.0060803692724628045,10229,0.014939883103089552
0,patch_19_37,4864,5120,9472,9728,65536,MSAVI,0.0,65536,,,,
0,patch_19_37,4864,5120,9472,9728,65536,NDVI,0.0,0,0,0.0,0,0.009808042386020944
0,patch_20_0,5120,5376,0,256,65536,MSAVI,0.0,65536,,,,
0,patch_20_0,5120,5376,0,256,65536,NDVI,0.0,0,0,0.0,0,0.009808042386020944
0,patch_20_1,5120,5376,256,512,65536,MSAVI,0.0,65536,,,,
0,patch_20_1,5120,5376,256,512,65536,NDVI,0.0,0,0,0.0,0,0.009808042386020944
0,patch_20_3,5120,5376,768,1024,65536,MSAVI,-0.10546875,35888,,,,
0,patch_20_3,5120,5376,768,1024,65536,NDVI,-0.99609375,29648,11964,0.00841371042615266,14384,0.016655846249762435
0,patch_20_4,5120,5376,1024,1280,65536,MSAVI,-0.09765625,37867,,,,
0,patch_20_4,5120,5376,1024,1280,65536,NDVI,-0.62109375,27659,2573,0.007904091081729459,4547,0.014425320068705089
0,patch_20_5,5120,5376,1280,1536,65536,MSAVI,-0.03515625,37304,,,,
0,patch_20_5,5120,5376,1280,1536,65536,NDVI,-0.99609375,28232,14930,0.016537531186863713,65536,0.019681864739535954
0,patch_20_6,5120,5376,1536,1792,65536,MSAVI,-0.11328125,37554,,,,
0,patch_20_6,5120,5376,1536,1792,65536,NDVI,-0.99609375,27982,6841,0.010683478342604108,11361,0.019080090767164576
0,patch_20_7,5120,5376,1792,2048,65536,MSAVI,-0.14453125,36495,,,,
0,patch_20_7,5120,5376,1792,2048,65536,NDVI,-0.99609375,29041,3521,0.00859920246045498,5219,0.013509902337370844
0,patch_20_8,5120,5376,2048,2304,65536,MSAVI,-0.07421875,35778,,,,
0,patch_20_8,5120,5376,2048,2304,65536,NDVI,-0.99609375,29758,12218,0.00871221458657298,17091,0.019693664883847967
0,patch_20_9,5120,5376,2304,2560,65536,MSAVI,-0.08203125,37183,,,,
0,patch_20_9,5120,5376,2304,2560,65536,NDVI,-0.99609375,28353,4687,0.00884973351642293,7966,0.017440524179152483
0,patch_20_10,5120,5376,2560,2816,65536,MSAVI,-0.08203125,37056,,,,
0,patch_20_10,5120,5376,2560,2816,65536,NDVI,-0.99609375,28480,4414,0.00863945331115995,6575,0.014746796780491012
0,patch_20_11,5120,5376,2816,3072,65536,MSAVI,-0.14453125,38973,,,,
0,patch_20_11,5120,5376,2816,3072,65536,NDVI,-0.99609375,26563,2808,0.011961368536111489,4266,0.018342503279893535
0,patch_20_12,5120,5376,3072,3328,65536,MSAVI,-0.12890625,36408,,,,
0,patch_20_12,5120,5376,3072,3328,65536,NDVI,-0.99609375,29128,6278,0.008949104361928667,10225,0.015856532420962244
0,patch_20_13,5120,5376,3328,3584,65536,MSAVI,-0.00390625,36050,,,,
0,patch_20_13,5120,5376,3328,3584,65536,NDVI,-0.99609375,29486,6153,0.008092057730899965,11404,0.01594812838379822
0,patch_20_14,5120,5376,3584,3840,65536,MSAVI,-0.02734375,38434,,,,
0,patch_20_14,5120,5376,3584,3840,65536,NDVI,-0.66015625,27095,2620,0.01039602961009553,5247,0.017129937035488818
0,patch_20_15,5120,5376,3840,4096,65536,MSAVI,-0.16015625,37309,,,,
0,patch_20_15,5120,5376,3840,4096,65536,NDVI,-0.99609375,28227,2907,0.009587574793935655,6852,0.017769407479325816
0,patch_20_16,5120,5376,4096,4352,65536,MSAVI,-0.32421875,41340,,,,
0,patch_20_16,5120,5376,4096,4352,65536,NDVI,-0.99609375,24196,4662,0.015827933264679322,6419,0.02339916368898065
0,patch_20_17,5120,5376,4352,4608,65536,MSAVI,-0.12890625,35995,,,,
0,patch_20_17,5120,5376,4352,4608,65536,NDVI,-0.99609375,29541,8280,0.008099795992830117,13696,0.01769566880091683
0,patch_20_18,5120,5376,4608,4864,65536,MSAVI,-0.11328125,33441,,,,
0,patch_20_18,5120,5376,4608,4864,65536,NDVI,-0.99609375,32095,9971,0.005021568105518792,19798,0.01577796497591835
0,patch_20_19,5120,5376,4864,5120,65536,MSAVI,-0.16015625,32219,,,,
0,patch_20_19,5120,5376,4864,5120,65536,NDVI,-0.99609375,33317,12504,0.004250510793421813,20538,0.0177973622216496
0,patch_20_20,5120,5376,5120,5376,65536,MSAVI,-0.05859375,37157,,,,
0,patch_20_20,5120,5376,5120,5376,65536,NDVI,-0.99609375,28379,6794,0.009371805670172262,10001,0.016922260820522672
0,patch_20_21,5120,5376,5376,5632,65536,MSAVI,-0.25390625,37908,,,,
0,patch_20_21,5120,5376,5376,5632,65536,NDVI,-0.99609375,27628,4949,0.009040161441663419,7267,0.01682689771048637
0,patch_20_22,5120,5376,5632,5888,65536,MSAVI,-0.17578125,36837,,,,
0,patch_20_22,5120,5376,5632,5888,65536,NDVI,-0.99609375,28699,4576,0.007910484352631503,8178,0.016580101976802236
0,patch_20_23,5120,5376,5888,6144,65536,MSAVI,-0.09765625,34788,,,,
0,patch_20_23,5120,5376,5888,6144,65536,NDVI,-0.64453125,30748,6768,0.005279926981554717,12542,0.015400375138637068
0,patch_20_24,5120,5376,6144,6400,65536,MSAVI,-0.12109375,36923,,,,
0,patch_20_24,5120,5376,6144,6400,65536,NDVI,-0.99609375,28613,7922,0.00909476876011947,11812,0.015741946858246675
0,patch_20_25,5120,5376,6400,6656,65536,MSAVI,-0.18359375,36194,,,,
0,patch_20_25,5120,5376,6400,6656,65536,NDVI,-0.65234375,29342,7893,0.01016495278105392,11664,0.01772197313991586
0,patch_20_26,5120,5376,6656,6912,65536,MSAVI,-0.17578125,40162,,,,
0,patch_20_26,5120,5376,6656,6912,65536,NDVI,-0.99609375,25374,3106,0.01369689593664189,4449,0.01792352800233593
0,patch_20_27,5120,5376,6912,7168,65536,MSAVI,-0.10546875,38023,,,,
0,patch_20_27,5120,5376,6912,7168,65536,NDVI,-0.73046875,27509,7209,0.011071633550242543,9355,0.017321742843245336
0,patch_20_28,5120,5376,7168,7424,65536,MSAVI,-0.16796875,41170,,,,
0,patch_20_28,5120,5376,7168,7424,65536,NDVI,-0.71484375,23877,4863,0.014366074403835166,7406,0.02208394925949239
0,patch_20_29,5120,5376,7424,7680,65536,MSAVI,-0.10546875,41386,,,,
0,patch_20_29,5120,5376,7424,7680,65536,NDVI,-0.69140625,24080,4371,0.01421371161283394,6128,0.021531336453869176
0,patch_20_30,5120,5376,7680,7936,65536,MSAVI,-0.16796875,37449,,,,
0,patch_20_30,5120,5376,7680,7936,65536,NDVI,-0.99609375,28087,3624,0.00829793256374417,7051,0.01733159825973435
0,patch_20_31,5120,5376,7936,8192,65536,MSAVI,-0.19140625,36564,,,,
0,patch_20_31,5120,5376,7936,8192,65536,NDVI,-0.65234375,28961,7703,0.008651180667350628,11246,0.016398901222076268
0,patch_20_32,5120,5376,8192,8448,65536,MSAVI,-0.15234375,36705,,,,
0,patch_20_32,5120,5376,8192,8448,65536,NDVI,-0.99609375,28831,7630,0.009289193347342461,11141,0.014960539726865646
0,patch_20_33,5120,5376,8448,8704,65536,MSAVI,-0.26953125,38607,,,,
0,patch_20_33,5120,5376,8448,8704,65536,NDVI,-0.99609375,26929,2747,0.012729800039079114,4925,0.015203802012710044
0,patch_20_34,5120,5376,8704,8960,65536,MSAVI,-0.20703125,38291,,,,
0,patch_20_34,5120,5376,8704,8960,65536,NDVI,-0.99609375,27245,2119,0.011210651695155283,3633,0.015758754585476653
0,patch_20_37,5120,5376,9472,9728,65536,MSAVI,0.0,65536,,,,
0,patch_20_37,5120,5376,9472,9728,65536,NDVI,0.0,0,0,0.0,0,0.009808042386020944
0,patch_21_0,5376,5632,0,256,65536,MSAVI,0.0,65536,,,,
0,patch_21_0,5376,5632,0,256,65536,NDVI,0.0,0,0,0.0,0,0.009808042386020944
0,patch_21_1,5376,5632,256,512,65536,MSAVI,0.0,65536,,,,
0,patch_21_1,5376,5632,256,512,65536,NDVI,0.0,0,0,0.0,0,0.009808042386020944
0,patch_21_3,5376,5632,768,1024,65536,MSAVI,-0.02734375,36173,,,,
0,patch_21_3,5376,5632,768,1024,65536,NDVI,-0.99609375,29363,7154,0.008193054713237308,11409,0.01578247662150198
0,patch_21_4,5376,5632,1024,1280,65536,MSAVI,-0.15234375,36351,,,,
0,patch_21_4,5376,5632,1024,1280,65536,NDVI,-0.99609375,29185,6653,0.008254887955852691,10650,0.014844514853687513
0,patch_21_5,5376,5632,1280,1536,65536,MSAVI,-0.10546875,35536,,,,
0,patch_21_5,5376,5632,1280,1536,65536,NDVI,-0.69140625,30000,5788,0.0070682586548648785,10067,0.012474704060819769
0,patch_21_6,5376,5632,1536,1792,65536,MSAVI,-0.22265625,34363,,,,
0,patch_21_6,5376,5632,1536,1792,65536,NDVI,-0.99609375,31173,7169,0.00511276664457061,12673,0.01153913495044473
0,patch_21_7,5376,5632,1792,2048,65536,MSAVI,-0.12109375,36441,,,,
0,patch_21_7,5376,5632,1792,2048,65536,NDVI,-0.99609375,29095,3914,0.009407543230546406,6622,0.01325440691726823
0,patch_21_8,5376,5632,2048,2304,65536,MSAVI,-0.12109375,35159,,,,
0,patch_21_8,5376,5632,2048,2304,65536,NDVI,-0.99609375,30377,13548,0.009093123353736604,18383,0.01736407138202703
0,patch_21_9,5376,5632,2304,2560,65536,MSAVI,-0.15234375,37235,,,,
0,patch_21_9,5376,5632,2304,2560,65536,NDVI,-0.99609375,28301,4677,0.008867780431457722,8250,0.016836298909816055
0,patch_21_10,5376,5632,2560,2816,65536,MSAVI,-0.15234375,39628,,,,
0,patch_21_10,5376,5632,2560,2816,65536,NDVI,-0.66015625,25907,3551,0.01159197187172284,5457,0.018626671996785332
0,patch_21_11,5376,5632,2816,3072,65536,MSAVI,-0.23046875,38884,,,,
0,patch_21_11,5376,5632,2816,3072,65536,NDVI,-0.99609375,26652,5317,0.011389315286254253,7146,0.017799286105916162
0,patch_21_12,5376,5632,3072,3328,65536,MSAVI,-0.22265625,37745,,,,
0,patch_21_12,5376,5632,3072,3328,65536,NDVI,-0.99609375,27791,4601,0.010795486682892846,8390,0.0196726198091888
0,patch_21_13,5376,5632,3328,3584,65536,MSAVI,-0.01953125,36680,,,,
0,patch_21_13,5376,5632,3328,3584,65536,NDVI,-0.99609375,28856,2022,0.00824162745660853,5408,0.015413529060524067
0,patch_21_14,5376,5632,3584,3840,65536,MSAVI,-0.05078125,36505,,,,
0,patch_21_14,5376,5632,3584,3840,65536,NDVI,-0.99609375,29031,5961,0.008781967632375931,8433,0.0149142839097397
0,patch_21_15,5376,5632,3840,4096,65536,MSAVI,-0.09765625,36786,,,,
0,patch_21_15,5376,5632,3840,4096,65536,NDVI,-0.99609375,28750,9861,0.00820991934425691,14025,0.018472762456094027
0,patch_21_16,5376,5632,4096,4352,65536,MSAVI,-0.37890625,38853,,,,
0,patch_21_16,5376,5632,4096,4352,65536,NDVI,-0.99609375,26683,8847,0.013142269190495576,10122,0.01995068985820317
0,patch_21_17,5376,5632,4352,4608,65536,MSAVI,-0.34765625,37612,,,,
0,patch_21_17,5376,5632,4352,4608,65536,NDVI,-0.99609375,27924,5977,0.008883489300697461,9746,0.01849370018125382
0,patch_21_18,5376,5632,4608,4864,65536,MSAVI,-0.21484375,35744,,,,
0,patch_21_18,5376,5632,4608,4864,65536,NDVI,-0.69921875,29792,13164,0.008062463129420827,17465,0.019785900420822816
0,patch_21_19,5376,5632,4864,5120,65536,MSAVI,-0.05859375,35282,,,,
0,patch_21_19,5376,5632,4864,5120,65536,NDVI,-0.99609375,30254,7856,0.006087215206527941,12880,0.01571105275636578
0,patch_21_20,5376,5632,5120,5376,65536,MSAVI,-0.16796875,43890,,,,
0,patch_21_20,5376,5632,5120,5376,65536,NDVI,-0.99609375,21646,6723,0.02019834869853207,6961,0.024779823161197645
0,patch_21_21,5376,5632,5376,5632,65536,MSAVI,-0.24609375,35499,,,,
0,patch_21_21,5376,5632,5376,5632,65536,NDVI,-0.99609375,30037,6952,0.006754137730910825,11387,0.01589150831636979
0,patch_21_22,5376,5632,5632,5888,65536,MSAVI,-0.12109375,37247,,,,
0,patch_21_22,5376,5632,5632,5888,65536,NDVI,-0.99609375,28289,4049,0.010605440402159327,7733,0.016528453451550296
0,patch_21_23,5376,5632,5888,6144,65536,MSAVI,-0.22265625,36047,,,,
0,patch_21_23,5376,5632,5888,6144,65536,NDVI,-0.73046875,29489,10980,0.009979897559155515,16158,0.020576399424014263
0,patch_21_24,5376,5632,6144,6400,65536,MSAVI,-0.09765625,37457,,,,
0,patch_21_24,5376,5632,6144,6400,65536,NDVI,-0.99609375,28079,8603,0.012677027968557797,12436,0.018921226235698585
0,patch_21_25,5376,5632,6400,6656,65536,MSAVI,-0.19140625,37222,,,,
0,patch_21_25,5376,5632,6400,6656,65536,NDVI,-0.99609375,28314,4782,0.009071152446316844,7802,0.01527674924197489
0,patch_21_26,5376,5632,6656,6912,65536,MSAVI,-0.08203125,37185,,,,
0,patch_21_26,5376,5632,6656,6912,65536,NDVI,-0.99609375,28351,5326,0.008212903544187022,10104,0.0157457098340322
0,patch_21_27,5376,5632,6912,7168,65536,MSAVI,-0.22265625,37095,,,,
0,patch_21_27,5376,5632,6912,7168,65536,NDVI,-0.99609375,28441,6420,0.009823100189508466,9385,0.016622739369582196
0,patch_21_28,5376,5632,7168,7424,65536,MSAVI,-0.15234375,37786,,,,
0,patch_21_28,5376,5632,7168,7424,65536,NDVI,-0.99609375,27750,5571,0.012152609307196915,6842,0.01627601341700652
0,patch_21_29,5376,5632,7424,7680,65536,MSAVI,-0.10546875,35965,,,,
0,patch_21_29,5376,5632,7424,7680,65536,NDVI,-0.68359375,29567,5596,0.00758684073674884,10222,0.015608437036410572
0,patch_21_30,5376,5632,7680,7936,65536,MSAVI,-0.13671875,37575,,,,
0,patch_21_30,5376,5632,7680,7936,65536,NDVI,-0.99609375,27961,8268,0.01111748812382099,13173,0.020501057118564453
0,patch_21_31,5376,5632,7936,8192,65536,MSAVI,-0.16015625,37011,,,,
0,patch_21_31,5376,5632,7936,8192,65536,NDVI,-0.99609375,28525,4824,0.008453710552862731,8268,0.01647393847407519
0,patch_21_32,5376,5632,8192,8448,65536,MSAVI,-0.16015625,40405,,,,
0,patch_21_32,5376,5632,8192,8448,65536,NDVI,-0.99609375,25131,6687,0.014915595826523104,9026,0.02012317777178199
0,patch_21_33,5376,5632,8448,8704,65536,MSAVI,-0.09765625,37351,,,,
0,patch_21_33,5376,5632,8448,8704,65536,NDVI,-0.99609375,28185,6188,0.009435550578821505,9800,0.01460626558370759
0,patch_21_34,5376,5632,8704,8960,65536,MSAVI,-0.30859375,37382,,,,
0,patch_21_34,5376,5632,8704,8960,65536,NDVI,-0.99609375,28154,5131,0.008924020470077565,8737,0.01593064307964437
0,patch_21_36,5376,5632,9216,9472,65536,MSAVI,0.0,65536,,,,
0,patch_21_36,5376,5632,9216,9472,65536,NDVI,0.0,0,0,0.0,0,0.009808042386020944
0,patch_21_37,5376,5632,9472,9728,65536,MSAVI,0.0,65536,,,,
0,patch_21_37,5376,5632,9472,9728,65536,NDVI,0.0,0,0,0.0,0,0.009808042386020944
0,patch_22_0,5632,5888,0,256,65536,MSAVI,0.0,65536,,,,
0,patch_22_0,5632,5888,0,256,65536,NDVI,0.0,0,0,0.0,0,0.009808042386020944
0,patch_22_3,5632,5888,768,1024,65536,MSAVI,-0.15234375,37063,,,,
0,patch_22_3,5632,5888,768,1024,65536,NDVI,-0.99609375,28473,12224,0.010484309822496624,15122,0.018917722185091357
0,patch_22_4,5632,5888,1024,1280,65536,MSAVI,-0.19140625,40092,,,,
0,patch_22_4,5632,5888,1024,1280,65536,NDVI,-0.99609375,25444,8287,0.01421321151930735,8823,0.022736818031982298
0,patch_22_5,5632,5888,1280,1536,65536,MSAVI,-0.14453125,36413,,,,
0,patch_22_5,5632,5888,1280,1536,65536,NDVI,-0.64453125,29118,3233,0.007886460659587008,7267,0.01546343349271087
0,patch_22_6,5632,5888,1536,1792,65536,MSAVI,-0.07421875,37150,,,,
0,patch_22_6,5632,5888,1536,1792,65536,NDVI,-0.99609375,28386,7532,0.00890963356775476,9721,0.01734816613151688
0,patch_22_7,5632,5888,1792,2048,65536,MSAVI,-0.19921875,36556,,,,
0,patch_22_7,5632,5888,1792,2048,65536,NDVI,-0.71484375,28974,7816,0.007695120485633172,14285,0.01821851796917265
0,patch_22_8,5632,5888,2048,2304,65536,MSAVI,-0.28515625,34368,,,,
0,patch_22_8,5632,5888,2048,2304,65536,NDVI,-0.99609375,31168,8526,0.0049775234059028645,15357,0.014578062171766354
0,patch_22_9,5632,5888,2304,2560,65536,MSAVI,-0.07421875,36603,,,,
0,patch_22_9,5632,5888,2304,2560,65536,NDVI,-0.99609375,28933,8868,0.011531438025073032,10702,0.01636474625699283
0,patch_22_10,5632,5888,2560,2816,65536,MSAVI,-0.18359375,37701,,,,
0,patch_22_10,5632,5888,2560,2816,65536,NDVI,-0.99609375,27835,2957,0.011379929907212871,5701,0.017200631623750212
0,patch_22_11,5632,5888,2816,3072,65536,MSAVI,-0.11328125,36490,,,,
0,patch_22_11,5632,5888,2816,3072,65536,NDVI,-0.69921875,29046,5912,0.007608827882819358,9854,0.01705052863626505
0,patch_22_12,5632,5888,3072,3328,65536,MSAVI,-0.28515625,36445,,,,
0,patch_22_12,5632,5888,3072,3328,65536,NDVI,-0.99609375,29091,7092,0.008007202216396836,12281,0.02060826936890625
0,patch_22_13,5632,5888,3328,3584,65536,MSAVI,-0.15234375,37643,,,,
0,patch_22_13,5632,5888,3328,3584,65536,NDVI,-0.62890625,27892,3609,0.007756736782848744,6965,0.015615087537427463
0,patch_22_14,5632,5888,3584,3840,65536,MSAVI,-0.10546875,36054,,,,
0,patch_22_14,5632,5888,3584,3840,65536,NDVI,-0.99609375,29482,4501,0.007531832113916115,8509,0.015449492467408538
0,patch_22_15,5632,5888,3840,4096,65536,MSAVI,-0.32421875,35853,,,,
0,patch_22_15,5632,5888,3840,4096,65536,NDVI,-0.99609375,29683,5103,0.008140247351319074,9488,0.017041214385399656
0,patch_22_16,5632,5888,4096,4352,65536,MSAVI,0.01171875,34168,,,,
0,patch_22_16,5632,5888,4096,4352,65536,NDVI,-0.99609375,31368,8205,0.004411366577171144,14992,0.014947072655537325
0,patch_22_17,5632,5888,4352,4608,65536,MSAVI,-0.19140625,36486,,,,
0,patch_22_17,5632,5888,4352,4608,65536,NDVI,-0.69921875,28812,10281,0.008072157051842083,15462,0.01729222845269962
0,patch_22_18,5632,5888,4608,4864,65536,MSAVI,-0.09765625,35794,,,,
0,patch_22_18,5632,5888,4608,4864,65536,NDVI,-0.67578125,29740,5367,0.006581461753367657,9317,0.015198315447064348
0,patch_22_19,5632,5888,4864,5120,65536,MSAVI,-0.04296875,37377,,,,
0,patch_22_19,5632,5888,4864,5120,65536,NDVI,-0.99609375,28159,4205,0.010231753846872249,7826,0.018688510932881708
0,patch_22_20,5632,5888,5120,5376,65536,MSAVI,-0.30078125,36564,,,,
0,patch_22_20,5632,5888,5120,5376,65536,NDVI,-0.99609375,28972,7889,0.00923704426704225,12635,0.0181942282455492
0,patch_22_21,5632,5888,5376,5632,65536,MSAVI,-0.28515625,37841,,,,
0,patch_22_21,5632,5888,5376,5632,65536,NDVI,-0.76953125,27496,7345,0.012955110564035588,9923,0.018085936498288657
0,patch_22_22,5632,5888,5632,5888,65536,MSAVI,0.07421875,36493,,,,
0,patch_22_22,5632,5888,5632,5888,65536,NDVI,-0.73046875,29030,8231,0.00967886595885692,11896,0.019291855754835052
0,patch_22_23,5632,5888,5888,6144,65536,MSAVI,-0.15234375,35271,,,,
0,patch_22_23,5632,5888,5888,6144,65536,NDVI,-0.99609375,30265,5561,0.005399400469990184,10883,0.015693428518002706
0,patch_22_24,5632,5888,6144,6400,65536,MSAVI,-0.16796875,37950,,,,
0,patch_22_24,5632,5888,6144,6400,65536,NDVI,-0.99609375,27586,8937,0.012503475304041112,12889,0.01947394241301864
0,patch_22_25,5632,5888,6400,6656,65536,MSAVI,-0.26171875,35436,,,,
0,patch_22_25,5632,5888,6400,6656,65536,NDVI,-0.99609375,30100,9338,0.008307570757732252,13135,0.016101785558106707
0,patch_22_26,5632,5888,6656,6912,65536,MSAVI,-0.17578125,36980,,,,
0,patch_22_26,5632,5888,6656,6912,65536,NDVI,-0.99609375,28556,5796,0.00808583083243214,11390,0.01876472511313032
0,patch_22_27,5632,5888,6912,7168,65536,MSAVI,-0.13671875,38530,,,,
0,patch_22_27,5632,5888,6912,7168,65536,NDVI,-0.99609375,27006,12207,0.016997808506058754,14719,0.02453562041690968
0,patch_22_28,5632,5888,7168,7424,65536,MSAVI,-0.24609375,36618,,,,
0,patch_22_28,5632,5888,7168,7424,65536,NDVI,-0.99609375,28918,6960,0.009402834381851272,10305,0.018227733945470892
0,patch_22_29,5632,5888,7424,7680,65536,MSAVI,-0.30859375,39071,,,,
0,patch_22_29,5632,5888,7424,7680,65536,NDVI,-0.99609375,26465,6601,0.01305889321846393,8775,0.018832591675620264
0,patch_22_30,5632,5888,7680,7936,65536,MSAVI,-0.19140625,35359,,,,
0,patch_22_30,5632,5888,7680,7936,65536,NDVI,-0.99609375,30177,7041,0.0071783759098278666,12680,0.016157550132347653
0,patch_22_31,5632,5888,7936,8192,65536,MSAVI,-0.15234375,36742,,,,
0,patch_22_31,5632,5888,7936,8192,65536,NDVI,-0.99609375,28794,5806,0.010384687641088186,7669,0.015579124321210697
0,patch_22_32,5632,5888,8192,8448,65536,MSAVI,-0.11328125,39072,,,,
0,patch_22_32,5632,5888,8192,8448,65536,NDVI,-0.69140625,26123,11571,0.01309938732959437,13866,0.020292440909474463
0,patch_22_33,5632,5888,8448,8704,65536,MSAVI,-0.15234375,36036,,,,
0,patch_22_33,5632,5888,8448,8704,65536,NDVI,-0.67578125,29499,6299,0.008135734765696706,9407,0.013706138660859873
0,patch_22_34,5632,5888,8704,8960,65536,MSAVI,-0.19921875,38188,,,,
0,patch_22_34,5632,5888,8704,8960,65536,NDVI,-0.99609375,27348,2988,0.008662360650035561,6012,0.013707626974314935
0,patch_22_36,5632,5888,9216,9472,65536,MSAVI,0.0,65536,,,,
0,patch_22_36,5632,5888,9216,9472,65536,NDVI,0.0,0,0,0.0,0,0.009808042386020944
0,patch_22_37,5632,5888,9472,9728,65536,MSAVI,0.0,65536,,,,
0,patch_22_37,5632,5888,9472,9728,65536,NDVI,0.0,0,0,0.0,0,0.009808042386020944
0,patch_23_0,5888,6144,0,256,65536,MSAVI,0.0,65536,,,,
0,patch_23_0,5888,6144,0,256,65536,NDVI,0.0,0,0,0.0,0,0.009808042386020944
0,patch_23_2,5888,6144,512,768,65536,MSAVI,-0.16796875,38332,,,,
0,patch_23_2,5888,6144,512,768,65536,NDVI,-0.99609375,27204,5640,0.010233862803025823,7480,0.017561965639575794
0,patch_23_3,5888,6144,768,1024,65536,MSAVI,-0.14453125,38737,,,,
0,patch_23_3,5888,6144,768,1024,65536,NDVI,-0.99609375,26799,3802,0.008990034391281376,6619,0.017597899428257707
0,patch_23_4,5888,6144,1024,1280,65536,MSAVI,-0.22265625,37421,,,,
0,patch_23_4,5888,6144,1024,1280,65536,NDVI,-0.99609375,28115,5432,0.011499280373482551,8431,0.016954312906034746
0,patch_23_5,5888,6144,1280,1536,65536,MSAVI,-0.16796875,37962,,,,
0,patch_23_5,5888,6144,1280,1536,65536,NDVI,-0.99609375,27574,3516,0.010540496226268764,5587,0.016394661230203722
0,patch_23_6,5888,6144,1536,1792,65536,MSAVI,-0.12109375,36337,,,,
0,patch_23_6,5888,6144,1536,1792,65536,NDVI,-0.99609375,29199,7523,0.006465662597545996,11365,0.015512057288642883
0,patch_23_7,5888,6144,1792,2048,65536,MSAVI,0.12890625,36154,,,,
0,patch_23_7,5888,6144,1792,2048,65536,NDVI,-0.66015625,29380,6876,0.007426938084635848,10615,0.01763386237868747
0,patch_23_8,5888,6144,2048,2304,65536,MSAVI,-0.16015625,39183,,,,
0,patch_23_8,5888,6144,2048,2304,65536,NDVI,-0.69140625,26338,5461,0.013298805775927208,7046,0.020763201915964258
0,patch_23_9,5888,6144,2304,2560,65536,MSAVI,-0.16015625,37915,,,,
0,patch_23_9,5888,6144,2304,2560,65536,NDVI,-0.68359375,27613,3274,0.008896293934672894,5993,0.017531549879758468
0,patch_23_10,5888,6144,2560,2816,65536,MSAVI,-0.12109375,38559,,,,
0,patch_23_10,5888,6144,2560,2816,65536,NDVI,-0.99609375,26977,3706,0.012178659791082097,6478,0.01955079098040652
0,patch_23_11,5888,6144,2816,3072,65536,MSAVI,-0.07421875,35202,,,,
0,patch_23_11,5888,6144,2816,3072,65536,NDVI,-0.99609375,30334,5654,0.006660140259347136,11411,0.017287091020704498
0,patch_23_12,5888,6144,3072,3328,65536,MSAVI,-0.23828125,36354,,,,
0,patch_23_12,5888,6144,3072,3328,65536,NDVI,-0.73046875,29179,11138,0.009096762185676538,17184,0.018266712078457176
0,patch_23_13,5888,6144,3328,3584,65536,MSAVI,-0.21484375,38125,,,,
0,patch_23_13,5888,6144,3328,3584,65536,NDVI,-0.71484375,27409,4881,0.010205651218781947,6708,0.018270530386295225
0,patch_23_14,5888,6144,3584,3840,65536,MSAVI,-0.19921875,38049,,,,
0,patch_23_14,5888,6144,3584,3840,65536,NDVI,-0.99609375,27487,5439,0.01126098263339434,7467,0.019176319165821964
0,patch_23_15,5888,6144,3840,4096,65536,MSAVI,-0.16796875,38909,,,,
0,patch_23_15,5888,6144,3840,4096,65536,NDVI,-0.99609375,26627,11729,0.01650244543843299,14072,0.023896411367189424
0,patch_23_16,5888,6144,4096,4352,65536,MSAVI,-0.12109375,34269,,,,
0,patch_23_16,5888,6144,4096,4352,65536,NDVI,-0.99609375,31267,7485,0.004576328997279916,16847,0.016541599971182208
0,patch_23_17,5888,6144,4352,4608,65536,MSAVI,-0.05859375,37266,,,,
0,patch_23_17,5888,6144,4352,4608,65536,NDVI,-0.99609375,28270,3553,0.008968421629588164,4701,0.01547319881048917
0,patch_23_18,5888,6144,4608,4864,65536,MSAVI,-0.27734375,35550,,,,
0,patch_23_18,5888,6144,4608,4864,65536,NDVI,-0.99609375,29986,4373,0.007011958861540157,7294,0.012255794942071518
0,patch_23_19,5888,6144,4864,5120,65536,MSAVI,-0.39453125,39955,,,,
0,patch_23_19,5888,6144,4864,5120,65536,NDVI,-0.99609375,25581,4516,0.012962947892769194,6511,0.019563144199837124
0,patch_23_20,5888,6144,5120,5376,65536,MSAVI,-0.19921875,38798,,,,
0,patch_23_20,5888,6144,5120,5376,65536,NDVI,-0.99609375,26738,3129,0.010534766896560799,6918,0.0193526036776219
0,patch_23_21,5888,6144,5376,5632,65536,MSAVI,-0.23828125,39305,,,,
0,patch_23_21,5888,6144,5376,5632,65536,NDVI,-0.70703125,26228,6071,0.013164577680035122,7723,0.02135708144064266
0,patch_23_22,5888,6144,5632,5888,65536,MSAVI,-0.30859375,37699,,,,
0,patch_23_22,5888,6144,5632,5888,65536,NDVI,-0.74609375,27835,12777,0.014994999989383168,14509,0.02148060269124874
0,patch_23_23,5888,6144,5888,6144,65536,MSAVI,-0.14453125,36730,,,,
0,patch_23_23,5888,6144,5888,6144,65536,NDVI,-0.99609375,28806,8765,0.011199244670110964,10382,0.015891928131203215
0,patch_23_24,5888,6144,6144,6400,65536,MSAVI,-0.08984375,35375,,,,
0,patch_23_24,5888,6144,6144,6400,65536,NDVI,-0.99609375,30161,6849,0.007131942263065821,12569,0.015709718539448664
0,patch_23_25,5888,6144,6400,6656,65536,MSAVI,-0.29296875,36464,,,,
0,patch_23_25,5888,6144,6400,6656,65536,NDVI,-0.99609375,29072,8345,0.010828293457386923,14848,0.021369625844976176
0,patch_23_26,5888,6144,6656,6912,65536,MSAVI,-0.33203125,36689,,,,
0,patch_23_26,5888,6144,6656,6912,65536,NDVI,-0.99609375,28847,6077,0.009656718047880791,10704,0.01894022759335287
0,patch_23_27,5888,6144,6912,7168,65536,MSAVI,-0.20703125,35299,,,,
0,patch_23_27,5888,6144,6912,7168,65536,NDVI,-0.99609375,30237,8832,0.0072212184852038785,14938,0.017334110264601382
0,patch_23_28,5888,6144,7168,7424,65536,MSAVI,-0.12890625,37816,,,,
0,patch_23_28,5888,6144,7168,7424,65536,NDVI,-0.99609375,27720,7322,0.01267515708529382,9708,0.0174585875223911
0,patch_23_29,5888,6144,7424,7680,65536,MSAVI,-0.28515625,37569,,,,
0,patch_23_29,5888,6144,7424,7680,65536,NDVI,-0.99609375,27967,7346,0.011919981069870939,10731,0.018712105314775296
0,patch_23_30,5888,6144,7680,7936,65536,MSAVI,-0.17578125,36630,,,,
0,patch_23_30,5888,6144,7680,7936,65536,NDVI,-0.99609375,28906,5969,0.00844959428835007,9014,0.015233291734685128
0,patch_23_31,5888,6144,7936,8192,65536,MSAVI,-0.05078125,37858,,,,
0,patch_23_31,5888,6144,7936,8192,65536,NDVI,-0.99609375,27678,6654,0.011173720959754135,8750,0.01713941532038782
0,patch_23_32,5888,6144,8192,8448,65536,MSAVI,-0.12109375,39231,,,,
0,patch_23_32,5888,6144,8192,8448,65536,NDVI,-0.99609375,26305,4118,0.012540161265103295,6353,0.017258237671107346
0,patch_23_33,5888,6144,8448,8704,65536,MSAVI,-0.00390625,35453,,,,
0,patch_23_33,5888,6144,8448,8704,65536,NDVI,-0.68359375,30077,5077,0.005289654197616761,9785,0.013164782590867369
0,patch_23_34,5888,6144,8704,8960,65398,MSAVI,-0.13671875,38960,,,,
0,patch_23_34,5888,6144,8704,8960,65398,NDVI,-0.99609375,26576,4443,0.0111603391289683,7058,0.01889948275065234
0,patch_23_36,5888,6144,9216,9472,65536,MSAVI,0.0,65536,,,,
0,patch_23_36,5888,6144,9216,9472,65536,NDVI,0.0,0,0,0.0,0,0.009808042386020944
0,patch_23_37,5888,6144,9472,9728,65536,MSAVI,0.0,65536,,,,
0,patch_23_37,5888,6144,9472,9728,65536,NDVI,0.0,0,0,0.0,0,0.009808042386020944
0,patch_24_0,6144,6400,0,256,65536,MSAVI,0.0,65536,,,,
0,patch_24_0,6144,6400,0,256,65536,NDVI,0.0,0,0,0.0,0,0.009808042386020944
0,patch_24_2,6144,6400,512,768,65536,MSAVI,-0.07421875,38403,,,,
0,patch_24_2,6144,6400,512,768,65536,NDVI,-0.99609375,27133,2576,0.009164230581607036,4959,0.0157135591481935
0,patch_24_3,6144,6400,768,1024,65536,MSAVI,-0.22265625,39128,,,,
0,patch_24_3,6144,6400,768,1024,65536,NDVI,-0.99609375,26408,5017,0.012131953883086355,6902,0.01774376922823831
0,patch_24_4,6144,6400,1024,1280,65536,MSAVI,-0.26953125,37992,,,,
0,patch_24_4,6144,6400,1024,1280,65536,NDVI,-0.99609375,27544,4981,0.010867869863601443,8170,0.01713485505853496
0,patch_24_5,6144,6400,1280,1536,65536,MSAVI,-0.14453125,38970,,,,
0,patch_24_5,6144,6400,1280,1536,65536,NDVI,-0.99609375,26566,3714,0.011582894524655551,4965,0.018856285904265968
0,patch_24_6,6144,6400,1536,1792,65536,MSAVI,-0.21484375,36980,,,,
0,patch_24_6,6144,6400,1536,1792,65536,NDVI,-0.99609375,28556,5020,0.009840928357193163,7492,0.018109632105327123
0,patch_24_7,6144,6400,1792,2048,65536,MSAVI,-0.16796875,35784,,,,
0,patch_24_7,6144,6400,1792,2048,65536,NDVI,-0.99609375,29752,5946,0.006892036675987534,10944,0.015690739476448973
0,patch_24_8,6144,6400,2048,2304,65536,MSAVI,-0.02734375,34662,,,,
0,patch_24_8,6144,6400,2048,2304,65536,NDVI,-0.63671875,30874,8586,0.006110653077184086,13138,0.013759072938781425
0,patch_24_9,6144,6400,2304,2560,65536,MSAVI,-0.19921875,39370,,,,
0,patch_24_9,6144,6400,2304,2560,65536,NDVI,-0.69921875,26157,1942,0.011905916205768668,3174,0.01698586163940946
0,patch_24_10,6144,6400,2560,2816,65536,MSAVI,-0.09765625,38604,,,,
0,patch_24_10,6144,6400,2560,2816,65536,NDVI,-0.99609375,26932,5337,0.010581287222895419,9353,0.019588195840791883
0,patch_24_11,6144,6400,2816,3072,65536,MSAVI,-0.23046875,39304,,,,
0,patch_24_11,6144,6400,2816,3072,65536,NDVI,-0.99609375,26232,4859,0.013335356452361224,7398,0.019795822361838605
0,patch_24_12,6144,6400,3072,3328,65536,MSAVI,-0.10546875,35779,,,,
0,patch_24_12,6144,6400,3072,3328,65536,NDVI,-0.99609375,29757,2793,0.007192909671706604,5907,0.013862402568716209
0,patch_24_13,6144,6400,3328,3584,65536,MSAVI,-0.09765625,37456,,,,
0,patch_24_13,6144,6400,3328,3584,65536,NDVI,-0.99609375,28080,6369,0.008686544267357377,8758,0.01630603983190268
0,patch_24_14,6144,6400,3584,3840,65536,MSAVI,-0.05859375,35542,,,,
0,patch_24_14,6144,6400,3584,3840,65536,NDVI,-0.99609375,29994,5505,0.00646711546365808,10623,0.01539560697666037
0,patch_24_15,6144,6400,3840,4096,65536,MSAVI,-0.23046875,40134,,,,
0,patch_24_15,6144,6400,3840,4096,65536,NDVI,-0.99609375,25402,6169,0.01606572306161383,7677,0.021513082798222144
0,patch_24_16,6144,6400,4096,4352,65536,MSAVI,-0.09765625,40625,,,,
0,patch_24_16,6144,6400,4096,4352,65536,NDVI,-0.99609375,24911,6441,0.015332802575459381,7514,0.023493390825039123
0,patch_24_17,6144,6400,4352,4608,65536,MSAVI,-0.14453125,36588,,,,
0,patch_24_17,6144,6400,4352,4608,65536,NDVI,-0.99609375,28948,2737,0.008704033651398213,5239,0.013703910069755187
0,patch_24_18,6144,6400,4608,4864,65536,MSAVI,0.03515625,36537,,,,
0,patch_24_18,6144,6400,4608,4864,65536,NDVI,-0.99609375,28999,4559,0.00820411438540436,9513,0.0170251869984564
0,patch_24_19,6144,6400,4864,5120,65536,MSAVI,-0.23828125,38088,,,,
0,patch_24_19,6144,6400,4864,5120,65536,NDVI,-0.99609375,27448,6093,0.01151308897217776,8688,0.016431251736269664
0,patch_24_20,6144,6400,5120,5376,65536,MSAVI,-0.19140625,36747,,,,
0,patch_24_20,6144,6400,5120,5376,65536,NDVI,-0.99609375,28789,5417,0.009485043149183942,8829,0.014665138404383299
0,patch_24_21,6144,6400,5376,5632,65536,MSAVI,-0.16015625,35443,,,,
0,patch_24_21,6144,6400,5376,5632,65536,NDVI,-0.99609375,30093,9452,0.007348251846816645,15255,0.01748229915766583
0,patch_24_22,6144,6400,5632,5888,65536,MSAVI,-0.08984375,35530,,,,
0,patch_24_22,6144,6400,5632,5888,65536,NDVI,-0.99609375,30006,7665,0.00880901499763137,12738,0.016930070027270733
0,patch_24_23,6144,6400,5888,6144,65536,MSAVI,-0.04296875,33920,,,,
0,patch_24_23,6144,6400,5888,6144,65536,NDVI,-0.99609375,31616,6259,0.005550726340404155,11634,0.014931611895512148
0,patch_24_24,6144,6400,6144,6400,65536,MSAVI,0.05078125,36873,,,,
0,patch_24_24,6144,6400,6144,6400,65536,NDVI,-0.99609375,28663,3025,0.008605608867623182,6448,0.01591029546088915
0,patch_24_25,6144,6400,6400,6656,65536,MSAVI,-0.13671875,36357,,,,
0,patch_24_25,6144,6400,6400,6656,65536,NDVI,-0.99609375,29179,10933,0.009617027722393978,13878,0.01810539970507094
0,patch_24_26,6144,6400,6656,6912,65536,MSAVI,-0.21484375,36209,,,,
0,patch_24_26,6144,6400,6656,6912,65536,NDVI,-0.99609375,29327,5810,0.006768274619685544,11673,0.015065335672016816
0,patch_24_27,6144,6400,6912,7168,65536,MSAVI,-0.10546875,34019,,,,
0,patch_24_27,6144,6400,6912,7168,65536,NDVI,-0.99609375,31517,7478,0.0061832357527284165,11507,0.012484446310312702
0,patch_24_28,6144,6400,7168,7424,65536,MSAVI,-0.19921875,36970,,,,
0,patch_24_28,6144,6400,7168,7424,65536,NDVI,-0.99609375,28566,6636,0.008222157901944638,10916,0.01590107098713725
0,patch_24_29,6144,6400,7424,7680,65536,MSAVI,-0.19140625,36022,,,,
0,patch_24_29,6144,6400,7424,7680,65536,NDVI,-0.99609375,29514,10104,0.00896894360168185,14019,0.017650188249865223
0,patch_24_30,6144,6400,7680,7936,65536,MSAVI,-0.17578125,35270,,,,
0,patch_24_30,6144,6400,7680,7936,65536,NDVI,-0.99609375,30266,2900,0.004547954338879917,6194,0.011235633647355747
0,patch_24_31,6144,6400,7936,8192,65536,MSAVI,-0.21484375,37405,,,,
0,patch_24_31,6144,6400,7936,8192,65536,NDVI,-0.99609375,28131,4110,0.00941779111456778,8062,0.01781453668925581
0,patch_24_32,6144,6400,8192,8448,65536,MSAVI,-0.16796875,37791,,,,
0,patch_24_32,6144,6400,8192,8448,65536,NDVI,-0.99609375,27745,3828,0.011221782795926366,5637,0.01566391775467582
0,patch_24_33,6144,6400,8448,8704,65536,MSAVI,0.09765625,37920,,,,
0,patch_24_33,6144,6400,8448,8704,65536,NDVI,-0.99609375,27616,3859,0.011729844549816015,6118,0.017346488156006423
0,patch_24_35,6144,6400,8960,9216,65536,MSAVI,0.0,65536,,,,
0,patch_24_35,6144,6400,8960,9216,65536,NDVI,0.0,0,0,0.0,0,0.009808042386020944
0,patch_24_36,6144,6400,9216,9472,65536,MSAVI,0.0,65536,,,,
0,patch_24_36,6144,6400,9216,9472,65536,NDVI,0.0,0,0,0.0,0,0.009808042386020944
0,patch_24_37,6144,6400,9472,9728,65536,MSAVI,0.0,65536,,,,
0,patch_24_37,6144,6400,9472,9728,65536,NDVI,0.0,0,0,0.0,0,0.009808042386020944
0,patch_25_2,6400,6656,512,768,65536,MSAVI,-0.20703125,38221,,,,
0,patch_25_2,6400,6656,512,768,65536,NDVI,-0.99609375,27315,3672,0.009158830369982968,5158,0.01473728653657111
0,patch_25_3,6400,6656,768,1024,65536,MSAVI,-0.12890625,38581,,,,
0,patch_25_3,6400,6656,768,1024,65536,NDVI,-0.99609375,26955,5649,0.011302459042878993,8692,0.018507431317762724
0,patch_25_4,6400,6656,1024,1280,65536,MSAVI,-0.07421875,37962,,,,
0,patch_25_4,6400,6656,1024,1280,65536,NDVI,-0.99609375,27574,6840,0.011186799702089217,10304,0.019704565117312445
0,patch_25_5,6400,6656,1280,1536,65536,MSAVI,-0.16015625,39755,,,,
0,patch_25_5,6400,6656,1280,1536,65536,NDVI,-0.66015625,25730,1514,0.012746092527669256,2969,0.01914423093946016
0,patch_25_6,6400,6656,1536,1792,65536,MSAVI,-0.17578125,37772,,,,
0,patch_25_6,6400,6656,1536,1792,65536,NDVI,-0.66015625,27743,2345,0.009190290814362428,4495,0.015013957917365206
0,patch_25_7,6400,6656,1792,2048,65536,MSAVI,-0.15234375,36228,,,,
0,patch_25_7,6400,6656,1792,2048,65536,NDVI,-0.99609375,29308,6527,0.006779017474170673,11186,0.014489737305177552
0,patch_25_8,6400,6656,2048,2304,65536,MSAVI,-0.07421875,36408,,,,
0,patch_25_8,6400,6656,2048,2304,65536,NDVI,-0.99609375,29128,4718,0.007651532033999459,8829,0.015005631771659977
0,patch_25_9,6400,6656,2304,2560,65536,MSAVI,-0.19921875,39447,,,,
0,patch_25_9,6400,6656,2304,2560,65536,NDVI,-0.99609375,26089,1224,0.010639979599982974,3484,0.0182438183380495
0,patch_25_10,6400,6656,2560,2816,65536,MSAVI,-0.24609375,39197,,,,
0,patch_25_10,6400,6656,2560,2816,65536,NDVI,-0.99609375,26339,2474,0.010673477771066087,4592,0.019643855861261716
0,patch_25_11,6400,6656,2816,3072,65536,MSAVI,-0.33984375,39827,,,,
0,patch_25_11,6400,6656,2816,3072,65536,NDVI,-0.99609375,25709,2529,0.011316856541288778,5255,0.021077809710060014
0,patch_25_12,6400,6656,3072,3328,65536,MSAVI,-0.08203125,37724,,,,
0,patch_25_12,6400,6656,3072,3328,65536,NDVI,-0.99609375,27812,3695,0.008067716359140248,6852,0.015239385045936027
0,patch_25_13,6400,6656,3328,3584,65536,MSAVI,-0.13671875,39656,,,,
0,patch_25_13,6400,6656,3328,3584,65536,NDVI,-0.99609375,25880,4855,0.011662554715303197,7420,0.020608358123665627
0,patch_25_14,6400,6656,3584,3840,65536,MSAVI,-0.02734375,37507,,,,
0,patch_25_14,6400,6656,3584,3840,65536,NDVI,-0.99609375,28029,8791,0.013430096776540557,11454,0.017453327020626325
0,patch_25_15,6400,6656,3840,4096,65536,MSAVI,-0.13671875,36880,,,,
0,patch_25_15,6400,6656,3840,4096,65536,NDVI,-0.99609375,28656,5382,0.007886461569772518,9829,0.015481259248069174
0,patch_25_16,6400,6656,4096,4352,65536,MSAVI,-0.21484375,39049,,,,
0,patch_25_16,6400,6656,4096,4352,65536,NDVI,-0.71484375,26485,4459,0.01087373331019273,6193,0.01696243007861467
0,patch_25_17,6400,6656,4352,4608,65536,MSAVI,-0.19921875,37615,,,,
0,patch_25_17,6400,6656,4352,4608,65536,NDVI,-0.99609375,27921,5039,0.009251069857457161,8247,0.016467905904566094
0,patch_25_18,6400,6656,4608,4864,65536,MSAVI,-0.04296875,35342,,,,
0,patch_25_18,6400,6656,4608,4864,65536,NDVI,-0.99609375,30194,8175,0.007643847512979252,13699,0.015334023636129873
0,patch_25_19,6400,6656,4864,5120,65536,MSAVI,-0.08984375,37387,,,,
0,patch_25_19,6400,6656,4864,5120,65536,NDVI,-0.99609375,28149,4748,0.008144434173626619,8755,0.016807866222774193
0,patch_25_20,6400,6656,5120,5376,65536,MSAVI,-0.17578125,38064,,,,
0,patch_25_20,6400,6656,5120,5376,65536,NDVI,-0.99609375,27472,4876,0.009499437646119047,7673,0.01655949826379305
0,patch_25_21,6400,6656,5376,5632,65536,MSAVI,-0.07421875,37007,,,,
0,patch_25_21,6400,6656,5376,5632,65536,NDVI,-0.99609375,28529,9419,0.012361516679818024,12302,0.019846587260092446
0,patch_25_22,6400,6656,5632,5888,65536,MSAVI,-0.15234375,36313,,,,
0,patch_25_22,6400,6656,5632,5888,65536,NDVI,-0.99609375,29223,10737,0.008699963272671363,13983,0.017894420584406462
0,patch_25_23,6400,6656,5888,6144,65536,MSAVI,-0.12109375,36615,,,,
0,patch_25_23,6400,6656,5888,6144,65536,NDVI,-0.99609375,28921,5333,0.009373740196007285,8187,0.01522473235281066
0,patch_25_24,6400,6656,6144,6400,65536,MSAVI,0.01171875,37111,,,,
0,patch_25_24,6400,6656,6144,6400,65536,NDVI,-0.99609375,28425,5466,0.010157811240240872,8785,0.016962064842630076
0,patch_25_25,6400,6656,6400,6656,65536,MSAVI,0.01953125,34890,,,,
0,patch_25_25,6400,6656,6400,6656,65536,NDVI,-0.99609375,30646,4726,0.006647638207730983,10111,0.013549703450198708
0,patch_25_26,6400,6656,6656,6912,65536,MSAVI,-0.23046875,35056,,,,
0,patch_25_26,6400,6656,6656,6912,65536,NDVI,-0.99609375,30480,5478,0.005895759345515644,9424,0.014097677730920577
0,patch_25_27,6400,6656,6912,7168,65536,MSAVI,-0.07421875,36220,,,,
0,patch_25_27,6400,6656,6912,7168,65536,NDVI,-0.99609375,29316,5588,0.009744744507124009,7005,0.013532660832535903
0,patch_25_28,6400,6656,7168,7424,65536,MSAVI,-0.03515625,38009,,,,
0,patch_25_28,6400,6656,7168,7424,65536,NDVI,-0.99609375,27527,4417,0.01123500782852549,6717,0.016723440509084808
0,patch_25_29,6400,6656,7424,7680,65536,MSAVI,-0.29296875,36518,,,,
0,patch_25_29,6400,6656,7424,7680,65536,NDVI,-0.99609375,29018,3354,0.0077579879650455374,7242,0.015783735528421577
0,patch_25_30,6400,6656,7680,7936,65536,MSAVI,-0.19140625,38276,,,,
0,patch_25_30,6400,6656,7680,7936,65536,NDVI,-0.99609375,27260,3581,0.010273976431143889,6613,0.015608984870262632
0,patch_25_31,6400,6656,7936,8192,65536,MSAVI,-0.06640625,38796,,,,
0,patch_25_31,6400,6656,7936,8192,65536,NDVI,-0.99609375,26740,4002,0.01258587952463655,6324,0.01571216567689232
0,patch_25_32,6400,6656,8192,8448,65536,MSAVI,-0.09765625,36112,,,,
0,patch_25_32,6400,6656,8192,8448,65536,NDVI,-0.99609375,29424,7927,0.010150244571373118,11808,0.015960938862634527
0,patch_25_33,6400,6656,8448,8704,65536,MSAVI,-0.17578125,38211,,,,
0,patch_25_33,6400,6656,8448,8704,65536,NDVI,-0.99609375,27325,5027,0.008745055800782997,7205,0.014550733726135773
0,patch_25_35,6400,6656,8960,9216,65536,MSAVI,0.0,65536,,,,
0,patch_25_35,6400,6656,8960,9216,65536,NDVI,0.0,0,0,0.0,0,0.009808042386020944
0,patch_25_36,6400,6656,9216,9472,65536,MSAVI,0.0,65536,,,,
0,patch_25_36,6400,6656,9216,9472,65536,NDVI,0.0,0,0,0.0,0,0.009808042386020944
0,patch_25_37,6400,6656,9472,9728,65536,MSAVI,0.0,65536,,,,
0,patch_25_37,6400,6656,9472,9728,65536,NDVI,0.0,0,0,0.0,0,0.009808042386020944
0,patch_26_1,6656,6912,256,512,65536,MSAVI,-0.21484375,37953,,,,
0,patch_26_1,6656,6912,256,512,65536,NDVI,-0.99609375,27583,1634,0.010147428046688528,2845,0.01439881405467447
0,patch_26_2,6656,6912,512,768,65536,MSAVI,-0.16015625,39814,,,,
0,patch_26_2,6656,6912,512,768,65536,NDVI,-0.99609375,25722,4724,0.012144425966778893,5910,0.02026294524806327
0,patch_26_3,6656,6912,768,1024,65536,MSAVI,-0.16015625,38191,,,,
0,patch_26_3,6656,6912,768,1024,65536,NDVI,-0.99609375,27345,4185,0.011514714952946342,7357,0.01988703043086304
0,patch_26_4,6656,6912,1024,1280,65536,MSAVI,-0.12109375,39655,,,,
0,patch_26_4,6656,6912,1024,1280,65536,NDVI,-0.99609375,25881,4178,0.014004794384226055,5519,0.019988895756191616
0,patch_26_5,6656,6912,1280,1536,65536,MSAVI,-0.16796875,39074,,,,
0,patch_26_5,6656,6912,1280,1536,65536,NDVI,-0.99609375,26462,2908,0.010831483651347257,5037,0.017489386602618368
0,patch_26_6,6656,6912,1536,1792,65536,MSAVI,-0.20703125,37527,,,,
0,patch_26_6,6656,6912,1536,1792,65536,NDVI,-0.69140625,28006,3577,0.007940265395202317,6544,0.015746316464221116
0,patch_26_7,6656,6912,1792,2048,65536,MSAVI,-0.24609375,36556,,,,
0,patch_26_7,6656,6912,1792,2048,65536,NDVI,-0.99609375,28980,2368,0.007800008678702258,6774,0.013966986591343322
0,patch_26_8,6656,6912,2048,2304,65536,MSAVI,-0.11328125,37371,,,,
0,patch_26_8,6656,6912,2048,2304,65536,NDVI,-0.99609375,28165,3975,0.008481831387392336,7247,0.017171099630056003
0,patch_26_9,6656,6912,2304,2560,65536,MSAVI,-0.13671875,37618,,,,
0,patch_26_9,6656,6912,2304,2560,65536,NDVI,-0.99609375,27918,2075,0.010761342118028594,5183,0.01694480979334731
0,patch_26_10,6656,6912,2560,2816,65536,MSAVI,-0.06640625,35396,,,,
0,patch_26_10,6656,6912,2560,2816,65536,NDVI,-0.99609375,30140,6112,0.006853038261827066,11388,0.016332992780223238
0,patch_26_11,6656,6912,2816,3072,65536,MSAVI,0.08984375,34595,,,,
0,patch_26_11,6656,6912,2816,3072,65536,NDVI,-0.99609375,30941,7083,0.004677928534277231,14516,0.016622156611061256
0,patch_26_12,6656,6912,3072,3328,65536,MSAVI,-0.16015625,40473,,,,
0,patch_26_12,6656,6912,3072,3328,65536,NDVI,-0.99609375,25063,2799,0.013378960009658047,3761,0.017546305544455604
0,patch_26_13,6656,6912,3328,3584,65536,MSAVI,-0.12890625,36105,,,,
0,patch_26_13,6656,6912,3328,3584,65536,NDVI,-0.99609375,29431,8031,0.007679851252258313,10436,0.01508586261857206
0,patch_26_14,6656,6912,3584,3840,65536,MSAVI,0.05859375,35352,,,,
0,patch_26_14,6656,6912,3584,3840,65536,NDVI,-0.99609375,30184,13947,0.010451621795189991,19191,0.020203652387998428
0,patch_26_15,6656,6912,3840,4096,65536,MSAVI,-0.12890625,37462,,,,
0,patch_26_15,6656,6912,3840,4096,65536,NDVI,-0.99609375,28074,6637,0.009477811234571115,10651,0.0171583818901154
0,patch_26_16,6656,6912,4096,4352,65536,MSAVI,-0.21484375,37381,,,,
0,patch_26_16,6656,6912,4096,4352,65536,NDVI,-0.99609375,28155,7904,0.010464963936688637,10580,0.01477104344997357
0,patch_26_17,6656,6912,4352,4608,65536,MSAVI,-0.08984375,39030,,,,
0,patch_26_17,6656,6912,4352,4608,65536,NDVI,-0.99609375,26506,6027,0.013038508305485835,8301,0.016818078160640015
0,patch_26_18,6656,6912,4608,4864,65536,MSAVI,-0.12890625,36670,,,,
0,patch_26_18,6656,6912,4608,4864,65536,NDVI,-0.99609375,28866,10493,0.00876829917005903,14876,0.01895105606005698
0,patch_26_19,6656,6912,4864,5120,65536,MSAVI,-0.16015625,38942,,,,
0,patch_26_19,6656,6912,4864,5120,65536,NDVI,-0.99609375,26594,3276,0.011774346168667543,5325,0.016292591663687517
0,patch_26_20,6656,6912,5120,5376,65536,MSAVI,-0.01953125,37842,,,,
0,patch_26_20,6656,6912,5120,5376,65536,NDVI,-0.99609375,27694,4042,0.010168542078269172,7293,0.01655069211374416
0,patch_26_21,6656,6912,5376,5632,65536,MSAVI,-0.03515625,35877,,,,
0,patch_26_21,6656,6912,5376,5632,65536,NDVI,-0.99609375,29659,5353,0.008351641181141706,9949,0.014293058358977984
0,patch_26_22,6656,6912,5632,5888,65536,MSAVI,-0.18359375,35786,,,,
0,patch_26_22,6656,6912,5632,5888,65536,NDVI,-0.99609375,29750,5462,0.006100160753946732,9402,0.015592094647759652
0,patch_26_23,6656,6912,5888,6144,65536,MSAVI,-0.10546875,36601,,,,
0,patch_26_23,6656,6912,5888,6144,65536,NDVI,-0.99609375,28935,5530,0.009675297732742644,9059,0.016983540042693562
0,patch_26_24,6656,6912,6144,6400,65536,MSAVI,-0.12109375,36667,,,,
0,patch_26_24,6656,6912,6144,6400,65536,NDVI,-0.99609375,28869,8336,0.00910663538089626,11070,0.015358887085865441
0,patch_26_25,6656,6912,6400,6656,65536,MSAVI,-0.00390625,37228,,,,
0,patch_26_25,6656,6912,6400,6656,65536,NDVI,-0.73046875,28307,10539,0.01311678252581952,13419,0.019704712596152085
0,patch_26_26,6656,6912,6656,6912,65536,MSAVI,-0.06640625,35808,,,,
0,patch_26_26,6656,6912,6656,6912,65536,NDVI,-0.99609375,29728,6174,0.00888479912370116,8917,0.0144836015355784
0,patch_26_27,6656,6912,6912,7168,65536,MSAVI,-0.08203125,36118,,,,
0,patch_26_27,6656,6912,6912,7168,65536,NDVI,-0.99609375,29418,4686,0.007492252279360123,7727,0.014608289709838157
0,patch_26_28,6656,6912,7168,7424,65536,MSAVI,-0.17578125,35649,,,,
0,patch_26_28,6656,6912,7168,7424,65536,NDVI,-0.99609375,29887,6818,0.00897989384312839,11794,0.017628515470262313
0,patch_26_29,6656,6912,7424,7680,65536,MSAVI,-0.28515625,35512,,,,
0,patch_26_29,6656,6912,7424,7680,65536,NDVI,-0.99609375,30024,8142,0.009496543142024638,12942,0.017232761342320685
0,patch_26_30,6656,6912,7680,7936,65536,MSAVI,-0.08984375,37119,,,,
0,patch_26_30,6656,6912,7680,7936,65536,NDVI,-0.99609375,28417,3993,0.010345396093446535,7028,0.015245882308775743
0,patch_26_31,6656,6912,7936,8192,65536,MSAVI,-0.20703125,36531,,,,
0,patch_26_31,6656,6912,7936,8192,65536,NDVI,-0.99609375,29005,3014,0.007491206831479358,8836,0.014549434862185656
0,patch_26_32,6656,6912,8192,8448,65536,MSAVI,-0.16796875,37106,,,,
0,patch_26_32,6656,6912,8192,8448,65536,NDVI,-0.99609375,28430,7735,0.011479427483869653,10309,0.018542994293926557
0,patch_26_33,6656,6912,8448,8704,65536,MSAVI,-0.11328125,35870,,,,
0,patch_26_33,6656,6912,8448,8704,65536,NDVI,-0.99609375,29666,4501,0.00757374381527795,8007,0.014806371178045008
0,patch_26_35,6656,6912,8960,9216,65536,MSAVI,0.0,65536,,,,
0,patch_26_35,6656,6912,8960,9216,65536,NDVI,0.0,0,0,0.0,0,0.009808042386020944
0,patch_26_36,6656,6912,9216,9472,65536,MSAVI,0.0,65536,,,,
0,patch_26_36,6656,6912,9216,9472,65536,NDVI,0.0,0,0,0.0,0,0.009808042386020944
0,patch_26_37,6656,6912,9472,9728,65536,MSAVI,0.0,65536,,,,
0,patch_26_37,6656,6912,9472,9728,65536,NDVI,0.0,0,0,0.0,0,0.009808042386020944
0,patch_27_1,6912,7168,256,512,65536,MSAVI,-0.13671875,37486,,,,
0,patch_27_1,6912,7168,256,512,65536,NDVI,-0.99609375,28050,4051,0.00905838765007308,6604,0.01547283682798506
0,patch_27_2,6912,7168,512,768,65536,MSAVI,-0.09765625,36675,,,,
0,patch_27_2,6912,7168,512,768,65536,NDVI,-0.99609375,28861,3790,0.007263339932099239,7037,0.015185485519166403
0,patch_27_3,6912,7168,768,1024,65536,MSAVI,-0.19921875,36651,,,,
0,patch_27_3,6912,7168,768,1024,65536,NDVI,-0.99609375,28885,6101,0.00868756316436703,8545,0.015332283550491627
0,patch_27_4,6912,7168,1024,1280,65536,MSAVI,-0.12890625,36346,,,,
0,patch_27_4,6912,7168,1024,1280,65536,NDVI,-0.99609375,29190,5786,0.007582178577183629,11961,0.01726891909926717
0,patch_27_5,6912,7168,1280,1536,65536,MSAVI,-0.18359375,37264,,,,
0,patch_27_5,6912,7168,1280,1536,65536,NDVI,-0.99609375,28272,6240,0.007851095332369162,10610,0.01722145129335831
0,patch_27_6,6912,7168,1536,1792,65536,MSAVI,-0.08984375,35854,,,,
0,patch_27_6,6912,7168,1536,1792,65536,NDVI,-0.63671875,29681,6926,0.007792098765095956,11529,0.017288309685309977
0,patch_27_7,6912,7168,1792,2048,65536,MSAVI,-0.33203125,36043,,,,
0,patch_27_7,6912,7168,1792,2048,65536,NDVI,-0.99609375,29493,8844,0.009127916491206478,12465,0.01831892579458541
0,patch_27_8,6912,7168,2048,2304,65536,MSAVI,-0.17578125,35799,,,,
0,patch_27_8,6912,7168,2048,2304,65536,NDVI,-0.99609375,29737,7008,0.007604166310335253,12172,0.016973656239439777
0,patch_27_9,6912,7168,2304,2560,65536,MSAVI,-0.09765625,37537,,,,
0,patch_27_9,6912,7168,2304,2560,65536,NDVI,-0.99609375,27999,2976,0.0075360852941585565,6164,0.016167655527014158
0,patch_27_10,6912,7168,2560,2816,65536,MSAVI,-0.28515625,37821,,,,
0,patch_27_10,6912,7168,2560,2816,65536,NDVI,-0.99609375,27715,5935,0.010215052314726414,9136,0.018499791294058154
0,patch_27_11,6912,7168,2816,3072,65536,MSAVI,-0.27734375,36829,,,,
0,patch_27_11,6912,7168,2816,3072,65536,NDVI,-0.66796875,28703,2511,0.00724009870989864,5557,0.012926686220225359
0,patch_27_12,6912,7168,3072,3328,65536,MSAVI,-0.12109375,39015,,,,
0,patch_27_12,6912,7168,3072,3328,65536,NDVI,-0.66015625,26503,4575,0.013124699536567724,6848,0.018556350251495657
0,patch_27_13,6912,7168,3328,3584,65536,MSAVI,-0.23828125,38487,,,,
0,patch_27_13,6912,7168,3328,3584,65536,NDVI,-0.99609375,27049,3815,0.008825142853165324,6626,0.01871049647085299
0,patch_27_14,6912,7168,3584,3840,65536,MSAVI,-0.15234375,35284,,,,
0,patch_27_14,6912,7168,3584,3840,65536,NDVI,-0.99609375,30252,6380,0.005868702969396816,12214,0.016188555257271975
0,patch_27_15,6912,7168,3840,4096,65536,MSAVI,-0.16015625,38349,,,,
0,patch_27_15,6912,7168,3840,4096,65536,NDVI,-0.99609375,27187,7912,0.010118885868834221,12000,0.019581165902269493
0,patch_27_16,6912,7168,4096,4352,65536,MSAVI,-0.05859375,38387,,,,
0,patch_27_16,6912,7168,4096,4352,65536,NDVI,-0.99609375,27149,6645,0.01197788932219776,8631,0.018176037392830052
0,patch_27_17,6912,7168,4352,4608,65536,MSAVI,-0.05859375,36726,,,,
0,patch_27_17,6912,7168,4352,4608,65536,NDVI,-0.99609375,28810,4985,0.007844294495984616,9892,0.013913294260647746
0,patch_27_18,6912,7168,4608,4864,65536,MSAVI,0.01171875,35682,,,,
0,patch_27_18,6912,7168,4608,4864,65536,NDVI,-0.99609375,29854,8778,0.008539967504783585,13182,0.01678624499151099
0,patch_27_19,6912,7168,4864,5120,65536,MSAVI,-0.10546875,37746,,,,
0,patch_27_19,6912,7168,4864,5120,65536,NDVI,-0.67578125,27789,6688,0.010615125723339253,9091,0.017294403010796905
0,patch_27_20,6912,7168,5120,5376,65536,MSAVI,-0.16015625,36087,,,,
0,patch_27_20,6912,7168,5120,5376,65536,NDVI,-0.68359375,29448,4721,0.006637416828049025,7644,0.012958498972600624
0,patch_27_21,6912,7168,5376,5632,65536,MSAVI,-0.07421875,37852,,,,
0,patch_27_21,6912,7168,5376,5632,65536,NDVI,-0.99609375,27684,6338,0.011598752171806337,9256,0.017116629884510404
0,patch_27_22,6912,7168,5632,5888,65536,MSAVI,-0.12890625,37756,,,,
0,patch_27_22,6912,7168,5632,5888,65536,NDVI,-0.99609375,27780,5774,0.00931373180009576,8343,0.01477276508255898
0,patch_27_23,6912,7168,5888,6144,65536,MSAVI,-0.05859375,37651,,,,
0,patch_27_23,6912,7168,5888,6144,65536,NDVI,-0.99609375,27885,1631,0.008810826667380672,3435,0.013653165209018298
0,patch_27_24,6912,7168,6144,6400,65536,MSAVI,-0.11328125,37873,,,,
0,patch_27_24,6912,7168,6144,6400,65536,NDVI,-0.99609375,27663,3618,0.009532834100156429,7028,0.016782670072825828
0,patch_27_25,6912,7168,6400,6656,65536,MSAVI,-0.17578125,34778,,,,
0,patch_27_25,6912,7168,6400,6656,65536,NDVI,-0.99609375,30758,5059,0.00704304350542187,11798,0.01518270450569989
0,patch_27_26,6912,7168,6656,6912,65536,MSAVI,-0.09765625,37987,,,,
0,patch_27_26,6912,7168,6656,6912,65536,NDVI,-0.99609375,27549,5725,0.00926241056547697,9366,0.01833203985535295
0,patch_27_27,6912,7168,6912,7168,65536,MSAVI,-0.15234375,35405,,,,
0,patch_27_27,6912,7168,6912,7168,65536,NDVI,-0.99609375,30131,6338,0.007028059180855667,10578,0.014147717715955632
0,patch_27_28,6912,7168,7168,7424,65536,MSAVI,-0.16015625,36540,,,,
0,patch_27_28,6912,7168,7168,7424,65536,NDVI,-0.99609375,28996,5452,0.008000393844978665,9552,0.014878786828600887
0,patch_27_29,6912,7168,7424,7680,65536,MSAVI,-0.05859375,36178,,,,
0,patch_27_29,6912,7168,7424,7680,65536,NDVI,-0.99609375,29358,6500,0.00913224451280667,10049,0.016204010584006306
0,patch_27_30,6912,7168,7680,7936,65536,MSAVI,-0.09765625,37372,,,,
0,patch_27_30,6912,7168,7680,7936,65536,NDVI,-0.99609375,28164,4852,0.01003072986630138,7841,0.015615653521501155
0,patch_27_31,6912,7168,7936,8192,65536,MSAVI,-0.20703125,38921,,,,
0,patch_27_31,6912,7168,7936,8192,65536,NDVI,-0.99609375,26615,3706,0.010249748304147155,5811,0.016059368701930088
0,patch_27_32,6912,7168,8192,8448,65536,MSAVI,-0.18359375,38040,,,,
0,patch_27_32,6912,7168,8192,8448,65536,NDVI,-0.99609375,27496,7184,0.010409926150815901,8223,0.016808051510536104
0,patch_27_35,6912,7168,8960,9216,65536,MSAVI,0.0,65536,,,,
0,patch_27_35,6912,7168,8960,9216,65536,NDVI,0.0,0,0,0.0,0,0.009808042386020944
0,patch_27_36,6912,7168,9216,9472,65536,MSAVI,0.0,65536,,,,
0,patch_27_36,6912,7168,9216,9472,65536,NDVI,0.0,0,0,0.0,0,0.009808042386020944
0,patch_27_37,6912,7168,9472,9728,65536,MSAVI,0.0,65536,,,,
0,patch_27_37,6912,7168,9472,9728,65536,NDVI,0.0,0,0,0.0,0,0.009808042386020944
0,patch_28_1,7168,7424,256,512,65536,MSAVI,-0.18359375,37666,,,,
0,patch_28_1,7168,7424,256,512,65536,NDVI,-0.99609375,27870,8166,0.009436808167955502,12037,0.017133232182965114
0,patch_28_2,7168,7424,512,768,65536,MSAVI,-0.06640625,37060,,,,
0,patch_28_2,7168,7424,512,768,65536,NDVI,-0.99609375,28476,8553,0.011133887288575312,13218,0.019967385290427436
0,patch_28_3,7168,7424,768,1024,65536,MSAVI,-0.13671875,36259,,,,
0,patch_28_3,7168,7424,768,1024,65536,NDVI,-0.99609375,29277,4611,0.007048496168316903,10519,0.01802145282672879
0,patch_28_4,7168,7424,1024,1280,65536,MSAVI,-0.19140625,37337,,,,
0,patch_28_4,7168,7424,1024,1280,65536,NDVI,-0.99609375,28199,8021,0.007746284919079624,11624,0.016480607335748715
0,patch_28_5,7168,7424,1280,1536,65536,MSAVI,-0.03515625,36181,,,,
0,patch_28_5,7168,7424,1280,1536,65536,NDVI,-0.99609375,29355,6175,0.007357599273200122,10470,0.017343332626378022
0,patch_28_6,7168,7424,1536,1792,65536,MSAVI,-0.14453125,35900,,,,
0,patch_28_6,7168,7424,1536,1792,65536,NDVI,-0.99609375,29636,4294,0.0072389991898134665,7604,0.013750906887218556
0,patch_28_7,7168,7424,1792,2048,65536,MSAVI,-0.15234375,37287,,,,
0,patch_28_7,7168,7424,1792,2048,65536,NDVI,-0.99609375,28249,6522,0.009515596971718415,9432,0.015825051007270302
0,patch_28_8,7168,7424,2048,2304,65536,MSAVI,-0.11328125,38725,,,,
0,patch_28_8,7168,7424,2048,2304,65536,NDVI,-0.99609375,26811,3132,0.010397798024511518,5492,0.017667159897125195
0,patch_28_9,7168,7424,2304,2560,65536,MSAVI,-0.06640625,37529,,,,
0,patch_28_9,7168,7424,2304,2560,65536,NDVI,-0.99609375,28007,5945,0.008591096338892906,8261,0.01635462255163153
0,patch_28_10,7168,7424,2560,2816,65536,MSAVI,-0.13671875,35205,,,,
0,patch_28_10,7168,7424,2560,2816,65536,NDVI,-0.99609375,30331,7791,0.006339542974851731,12699,0.015607601276418387
0,patch_28_11,7168,7424,2816,3072,65536,MSAVI,-0.12109375,38532,,,,
0,patch_28_11,7168,7424,2816,3072,65536,NDVI,-0.99609375,27004,2923,0.00882356471081358,5837,0.01571109408708843
0,patch_28_12,7168,7424,3072,3328,65536,MSAVI,-0.14453125,40213,,,,
0,patch_28_12,7168,7424,3072,3328,65536,NDVI,-0.99609375,25323,4298,0.01483250961399138,6088,0.02234217473781472
0,patch_28_13,7168,7424,3328,3584,65536,MSAVI,-0.26171875,41347,,,,
0,patch_28_13,7168,7424,3328,3584,65536,NDVI,-0.99609375,24189,6707,0.015068331813073654,8506,0.024042829453015502
0,patch_28_14,7168,7424,3584,3840,65536,MSAVI,-0.03515625,36048,,,,
0,patch_28_14,7168,7424,3584,3840,65536,NDVI,-0.70703125,29488,8180,0.00912634946245175,12132,0.01837703051150097
0,patch_28_15,7168,7424,3840,4096,65536,MSAVI,-0.18359375,37999,,,,
0,patch_28_15,7168,7424,3840,4096,65536,NDVI,-0.99609375,27537,6950,0.008810298029912317,10022,0.01912408742307753
0,patch_28_16,7168,7424,4096,4352,65536,MSAVI,-0.16796875,36303,,,,
0,patch_28_16,7168,7424,4096,4352,65536,NDVI,-0.99609375,29233,3038,0.007107431923131569,6174,0.01281032828587067
0,patch_28_17,7168,7424,4352,4608,65536,MSAVI,-0.29296875,38131,,,,
0,patch_28_17,7168,7424,4352,4608,65536,NDVI,-0.99609375,27405,7102,0.010000062020506406,10581,0.01773101616989689
0,patch_28_18,7168,7424,4608,4864,65536,MSAVI,-0.26171875,38932,,,,
0,patch_28_18,7168,7424,4608,4864,65536,NDVI,-0.99609375,26604,7855,0.013174339125647888,10577,0.019453608257393007
0,patch_28_19,7168,7424,4864,5120,65536,MSAVI,-0.12109375,39089,,,,
0,patch_28_19,7168,7424,4864,5120,65536,NDVI,-0.99609375,26447,3822,0.011832324871880073,6075,0.01781848811230377
0,patch_28_20,7168,7424,5120,5376,65536,MSAVI,-0.16015625,35803,,,,
0,patch_28_20,7168,7424,5120,5376,65536,NDVI,-0.71484375,29733,5524,0.00692489933259402,10819,0.016747995932407445
0,patch_28_21,7168,7424,5376,5632,65536,MSAVI,-0.15234375,37689,,,,
0,patch_28_21,7168,7424,5376,5632,65536,NDVI,-0.99609375,27847,8726,0.009992093942181923,13320,0.020691630687029977
0,patch_28_22,7168,7424,5632,5888,65536,MSAVI,-0.12109375,37345,,,,
0,patch_28_22,7168,7424,5632,5888,65536,NDVI,-0.99609375,28191,4924,0.011273319379956043,6962,0.01607383674915336
0,patch_28_23,7168,7424,5888,6144,65536,MSAVI,-0.03515625,36386,,,,
0,patch_28_23,7168,7424,5888,6144,65536,NDVI,-0.99609375,29150,5574,0.009276764837436502,7713,0.015393514918957185
0,patch_28_24,7168,7424,6144,6400,65536,MSAVI,-0.24609375,36908,,,,
0,patch_28_24,7168,7424,6144,6400,65536,NDVI,-0.99609375,28628,3490,0.0090714094509253,7532,0.01653148553458736
0,patch_28_25,7168,7424,6400,6656,65536,MSAVI,-0.16015625,35347,,,,
0,patch_28_25,7168,7424,6400,6656,65536,NDVI,-0.99609375,30189,6705,0.00821475354484616,10445,0.014488344087770971
0,patch_28_26,7168,7424,6656,6912,65536,MSAVI,-0.09765625,37648,,,,
0,patch_28_26,7168,7424,6656,6912,65536,NDVI,-0.99609375,27888,5406,0.007111524281887771,9806,0.01597470118551539
0,patch_28_27,7168,7424,6912,7168,65536,MSAVI,-0.08203125,34829,,,,
0,patch_28_27,7168,7424,6912,7168,65536,NDVI,-0.99609375,30707,3521,0.00434981639579099,8330,0.012714861844231984
0,patch_28_28,7168,7424,7168,7424,65536,MSAVI,-0.10546875,35949,,,,
0,patch_28_28,7168,7424,7168,7424,65536,NDVI,-0.99609375,29587,6684,0.007528408230655731,11523,0.015413532208086805
0,patch_28_29,7168,7424,7424,7680,65536,MSAVI,-0.03515625,37932,,,,
0,patch_28_29,7168,7424,7424,7680,65536,NDVI,-0.99609375,27604,7649,0.01046832831365177,10298,0.016627403126701495
0,patch_28_30,7168,7424,7680,7936,65536,MSAVI,-0.19921875,38291,,,,
0,patch_28_30,7168,7424,7680,7936,65536,NDVI,-0.99609375,27245,4300,0.012864320801969531,7461,0.018609032565307743
0,patch_28_31,7168,7424,7936,8192,65536,MSAVI,-0.18359375,39006,,,,
0,patch_28_31,7168,7424,7936,8192,65536,NDVI,-0.99609375,26530,3539,0.009578340936802321,5437,0.01477032447029547
0,patch_28_32,7168,7424,8192,8448,65536,MSAVI,-0.22265625,37808,,,,
0,patch_28_32,7168,7424,8192,8448,65536,NDVI,-0.99609375,27728,7448,0.011569424175336296,9897,0.016027762080803976
0,patch_28_34,7168,7424,8704,8960,65536,MSAVI,0.0,65536,,,,
0,patch_28_34,7168,7424,8704,8960,65536,NDVI,0.0,0,0,0.0,0,0.009808042386020944
0,patch_28_35,7168,7424,8960,9216,65536,MSAVI,0.0,65536,,,,
0,patch_28_35,7168,7424,8960,9216,65536,NDVI,0.0,0,0,0.0,0,0.009808042386020944
0,patch_28_36,7168,7424,9216,9472,65536,MSAVI,0.0,65536,,,,
0,patch_28_36,7168,7424,9216,9472,65536,NDVI,0.0,0,0,0.0,0,0.009808042386020944
0,patch_28_37,7168,7424,9472,9728,65536,MSAVI,0.0,65536,,,,
0,patch_28_37,7168,7424,9472,9728,65536,NDVI,0.0,0,0,0.0,0,0.009808042386020944
0,patch_29_1,7424,7680,256,512,65536,MSAVI,-0.24609375,44605,,,,
0,patch_29_1,7424,7680,256,512,65536,NDVI,-0.99609375,20931,6804,0.020480051326821402,7334,0.029926990921688462
0,patch_29_2,7424,7680,512,768,65536,MSAVI,-0.20703125,38566,,,,
0,patch_29_2,7424,7680,512,768,65536,NDVI,-0.99609375,26970,4218,0.010351239289415531,5611,0.015528099768073816
0,patch_29_3,7424,7680,768,1024,65536,MSAVI,-0.19140625,37563,,,,
0,patch_29_3,7424,7680,768,1024,65536,NDVI,-0.99609375,27973,2296,0.008599271309957052,6154,0.01728955238130986
0,patch_29_4,7424,7680,1024,1280,65536,MSAVI,-0.12109375,36448,,,,
0,patch_29_4,7424,7680,1024,1280,65536,NDVI,-0.99609375,29088,3624,0.007202393513730976,8475,0.015018677399558339
0,patch_29_5,7424,7680,1280,1536,65536,MSAVI,-0.26953125,37845,,,,
0,patch_29_5,7424,7680,1280,1536,65536,NDVI,-0.99609375,27691,5027,0.00983588124865642,9098,0.01801995771693443
0,patch_29_6,7424,7680,1536,1792,65536,MSAVI,-0.17578125,38422,,,,
0,patch_29_6,7424,7680,1536,1792,65536,NDVI,-0.99609375,27114,8619,0.013160425983074903,9248,0.018969552410084828
0,patch_29_7,7424,7680,1792,2048,65536,MSAVI,-0.12109375,38202,,,,
0,patch_29_7,7424,7680,1792,2048,65536,NDVI,-0.99609375,27334,2721,0.010079234520318558,5343,0.015452934444409538
0,patch_29_8,7424,7680,2048,2304,65536,MSAVI,-0.09765625,37078,,,,
0,patch_29_8,7424,7680,2048,2304,65536,NDVI,-0.99609375,28458,3266,0.008594592957323566,8279,0.016295803470050607
0,patch_29_9,7424,7680,2304,2560,65536,MSAVI,0.01953125,35281,,,,
0,patch_29_9,7424,7680,2304,2560,65536,NDVI,-0.99609375,30255,6493,0.006536441074692451,11946,0.016295341642153544
0,patch_29_10,7424,7680,2560,2816,65536,MSAVI,-0.23046875,36093,,,,
0,patch_29_10,7424,7680,2560,2816,65536,NDVI,-0.99609375,29443,11865,0.008450059855246467,15384,0.016827698785404577
0,patch_29_11,7424,7680,2816,3072,65536,MSAVI,-0.20703125,37683,,,,
0,patch_29_11,7424,7680,2816,3072,65536,NDVI,-0.99609375,27853,5710,0.010677706828974315,7742,0.017773388336848578
0,patch_29_12,7424,7680,3072,3328,65536,MSAVI,-0.12109375,40486,,,,
0,patch_29_12,7424,7680,3072,3328,65536,NDVI,-0.99609375,25050,4428,0.015066895364758665,5134,0.01884332693339616
0,patch_29_13,7424,7680,3328,3584,65536,MSAVI,-0.30078125,39222,,,,
0,patch_29_13,7424,7680,3328,3584,65536,NDVI,-0.99609375,26314,7710,0.0138132105504441,9892,0.021062984280554475
0,patch_29_14,7424,7680,3584,3840,65536,MSAVI,-0.21484375,36891,,,,
0,patch_29_14,7424,7680,3584,3840,65536,NDVI,-0.99609375,28645,15362,0.013098615914948791,16367,0.021241584581803197
0,patch_29_15,7424,7680,3840,4096,65536,MSAVI,-0.19921875,36942,,,,
0,patch_29_15,7424,7680,3840,4096,65536,NDVI,-0.99609375,28594,12968,0.010480125630372122,16556,0.01996667438416322
0,patch_29_16,7424,7680,4096,4352,65536,MSAVI,-0.19921875,37531,,,,
0,patch_29_16,7424,7680,4096,4352,65536,NDVI,-0.99609375,28005,7902,0.010126371244438853,10649,0.018828556463309887
0,patch_29_17,7424,7680,4352,4608,65536,MSAVI,-0.23046875,35398,,,,
0,patch_29_17,7424,7680,4352,4608,65536,NDVI,-0.99609375,30138,7682,0.008728032924654516,11990,0.01582072938753723
0,patch_29_18,7424,7680,4608,4864,65536,MSAVI,-0.01171875,36900,,,,
0,patch_29_18,7424,7680,4608,4864,65536,NDVI,-0.99609375,28636,11837,0.011574550757591617,14104,0.018900203264894277
0,patch_29_19,7424,7680,4864,5120,65536,MSAVI,-0.17578125,38339,,,,
0,patch_29_19,7424,7680,4864,5120,65536,NDVI,-0.99609375,27197,6516,0.011449951872727238,9585,0.01842487930417655
0,patch_29_20,7424,7680,5120,5376,65536,MSAVI,-0.15234375,35672,,,,
0,patch_29_20,7424,7680,5120,5376,65536,NDVI,-0.99609375,29864,7531,0.008667115864405772,11154,0.015202412913022517
0,patch_29_21,7424,7680,5376,5632,65536,MSAVI,-0.30859375,39055,,,,
0,patch_29_21,7424,7680,5376,5632,65536,NDVI,-0.99609375,26481,8384,0.013423186229675782,9257,0.021878284523862174
0,patch_29_22,7424,7680,5632,5888,65536,MSAVI,-0.03515625,38826,,,,
0,patch_29_22,7424,7680,5632,5888,65536,NDVI,-0.66796875,26676,3893,0.009031409282533931,6513,0.01870057790362023
0,patch_29_23,7424,7680,5888,6144,65536,MSAVI,-0.06640625,34389,,,,
0,patch_29_23,7424,7680,5888,6144,65536,NDVI,-0.99609375,31147,11510,0.007687134784589433,15156,0.01761220550668116
0,patch_29_24,7424,7680,6144,6400,65536,MSAVI,-0.18359375,38772,,,,
0,patch_29_24,7424,7680,6144,6400,65536,NDVI,-0.99609375,26764,6231,0.013518692208578348,8824,0.020822196054386732
0,patch_29_25,7424,7680,6400,6656,65536,MSAVI,-0.02734375,35791,,,,
0,patch_29_25,7424,7680,6400,6656,65536,NDVI,-0.99609375,29745,5302,0.006718455801132339,9798,0.01434538294995949
0,patch_29_26,7424,7680,6656,6912,65536,MSAVI,-0.25390625,39590,,,,
0,patch_29_26,7424,7680,6656,6912,65536,NDVI,-0.99609375,25946,5505,0.013438557249570993,7272,0.019499310886004484
0,patch_29_27,7424,7680,6912,7168,65536,MSAVI,-0.16796875,36187,,,,
0,patch_29_27,7424,7680,6912,7168,65536,NDVI,-0.99609375,29349,4030,0.007306178354149734,8522,0.014276885643817183
0,patch_29_28,7424,7680,7168,7424,65536,MSAVI,-0.12890625,37097,,,,
0,patch_29_28,7424,7680,7168,7424,65536,NDVI,-0.99609375,28439,6505,0.011496388424221848,9879,0.016425130601071952
0,patch_29_29,7424,7680,7424,7680,65536,MSAVI,-0.28515625,36526,,,,
0,patch_29_29,7424,7680,7424,7680,65536,NDVI,-0.99609375,29010,8035,0.010934859297581145,9698,0.01583490364148163
0,patch_29_30,7424,7680,7680,7936,65536,MSAVI,-0.12890625,36019,,,,
0,patch_29_30,7424,7680,7680,7936,65536,NDVI,-0.99609375,29517,3933,0.006917967598097374,7556,0.014858421968528462
0,patch_29_31,7424,7680,7936,8192,65536,MSAVI,-0.17578125,41560,,,,
0,patch_29_31,7424,7680,7936,8192,65536,NDVI,-0.99609375,23976,3783,0.01605786230838188,5501,0.023729783225353518
0,patch_29_32,7424,7680,8192,8448,65536,MSAVI,-0.19921875,40112,,,,
0,patch_29_32,7424,7680,8192,8448,65536,NDVI,-0.99609375,25424,5733,0.016462862857785004,6808,0.018927158381707554
0,patch_29_34,7424,7680,8704,8960,65536,MSAVI,0.0,65536,,,,
0,patch_29_34,7424,7680,8704,8960,65536,NDVI,0.0,0,0,0.0,0,0.009808042386020944
0,patch_29_35,7424,7680,8960,9216,65536,MSAVI,0.0,65536,,,,
0,patch_29_35,7424,7680,8960,9216,65536,NDVI,0.0,0,0,0.0,0,0.009808042386020944
0,patch_29_36,7424,7680,9216,9472,65536,MSAVI,0.0,65536,,,,
0,patch_29_36,7424,7680,9216,9472,65536,NDVI,0.0,0,0,0.0,0,0.009808042386020944
0,patch_29_37,7424,7680,9472,9728,65536,MSAVI,0.0,65536,,,,
0,patch_29_37,7424,7680,9472,9728,65536,NDVI,0.0,0,0,0.0,0,0.009808042386020944
0,patch_30_1,7680,7936,256,512,65536,MSAVI,-0.08203125,31306,,,,
0,patch_30_1,7680,7936,256,512,65536,NDVI,-0.55078125,34229,14955,0.0030091371330086825,21548,0.013934747084972998
0,patch_30_2,7680,7936,512,768,65536,MSAVI,-0.17578125,33491,,,,
0,patch_30_2,7680,7936,512,768,65536,NDVI,-0.99609375,32045,18832,0.010370747316838291,65536,0.020704206012015308
0,patch_30_3,7680,7936,768,1024,65536,MSAVI,-0.08984375,35767,,,,
0,patch_30_3,7680,7936,768,1024,65536,NDVI,-0.99609375,29769,7591,0.005828674499620684,13074,0.015483026528968907
0,patch_30_4,7680,7936,1024,1280,65536,MSAVI,-0.12109375,47008,,,,
0,patch_30_4,7680,7936,1024,1280,65536,NDVI,-0.99609375,18528,13270,0.027433835752933552,13097,0.03558157927544808
0,patch_30_5,7680,7936,1280,1536,65536,MSAVI,0.23828125,34430,,,,
0,patch_30_5,7680,7936,1280,1536,65536,NDVI,-0.99609375,31106,6288,0.007671307450117515,11061,0.014851075498320182
0,patch_30_6,7680,7936,1536,1792,65536,MSAVI,-0.16015625,35611,,,,
0,patch_30_6,7680,7936,1536,1792,65536,NDVI,-0.99609375,29925,10120,0.009504040794923702,13668,0.015989225356498937
0,patch_30_7,7680,7936,1792,2048,65536,MSAVI,-0.25390625,41603,,,,
0,patch_30_7,7680,7936,1792,2048,65536,NDVI,-0.99609375,23933,4937,0.015191659409626496,5994,0.02234483733075529
0,patch_30_8,7680,7936,2048,2304,65536,MSAVI,-0.05078125,36299,,,,
0,patch_30_8,7680,7936,2048,2304,65536,NDVI,-0.99609375,29237,6156,0.007290700233748115,10965,0.016635043856979642
0,patch_30_9,7680,7936,2304,2560,65536,MSAVI,-0.26171875,37395,,,,
0,patch_30_9,7680,7936,2304,2560,65536,NDVI,-0.99609375,28141,9404,0.011155327622383665,12200,0.020144645667648148
0,patch_30_10,7680,7936,2560,2816,65536,MSAVI,-0.09765625,36480,,,,
0,patch_30_10,7680,7936,2560,2816,65536,NDVI,-0.99609375,29056,10489,0.010502183362228384,13759,0.01854122518427928
0,patch_30_11,7680,7936,2816,3072,65536,MSAVI,0.11328125,37339,,,,
0,patch_30_11,7680,7936,2816,3072,65536,NDVI,-0.99609375,28197,4214,0.009023397432692482,8243,0.016913929093200164
0,patch_30_12,7680,7936,3072,3328,65536,MSAVI,-0.17578125,40137,,,,
0,patch_30_12,7680,7936,3072,3328,65536,NDVI,-0.99609375,25399,7045,0.01515337415464102,8985,0.022489138151770838
0,patch_30_13,7680,7936,3328,3584,65536,MSAVI,-0.05078125,34886,,,,
0,patch_30_13,7680,7936,3328,3584,65536,NDVI,-0.99609375,30650,6284,0.008332940567509772,10469,0.013417810195143015
0,patch_30_14,7680,7936,3584,3840,65536,MSAVI,-0.08984375,37351,,,,
0,patch_30_14,7680,7936,3584,3840,65536,NDVI,-0.99609375,28185,12204,0.010838188205173988,13914,0.01878056254760027
0,patch_30_15,7680,7936,3840,4096,65536,MSAVI,-0.05859375,37731,,,,
0,patch_30_15,7680,7936,3840,4096,65536,NDVI,-0.99609375,27805,6006,0.010326380853295292,9661,0.01821478371686558
0,patch_30_16,7680,7936,4096,4352,65536,MSAVI,-0.12890625,35455,,,,
0,patch_30_16,7680,7936,4096,4352,65536,NDVI,-0.99609375,30081,7408,0.007687366649789945,13106,0.017444362077329384
0,patch_30_17,7680,7936,4352,4608,65536,MSAVI,-0.01953125,34590,,,,
0,patch_30_17,7680,7936,4352,4608,65536,NDVI,-0.99609375,30946,7559,0.00750466549045356,14596,0.016849634602587288
0,patch_30_18,7680,7936,4608,4864,65536,MSAVI,-0.11328125,36975,,,,
0,patch_30_18,7680,7936,4608,4864,65536,NDVI,-0.99609375,28561,6190,0.007862667715889837,11227,0.017859973889671116
0,patch_30_19,7680,7936,4864,5120,65536,MSAVI,-0.20703125,42954,,,,
0,patch_30_19,7680,7936,4864,5120,65536,NDVI,-0.99609375,22582,3699,0.018698884115159187,4460,0.023258258539373883
0,patch_30_20,7680,7936,5120,5376,65536,MSAVI,-0.19921875,40437,,,,
0,patch_30_20,7680,7936,5120,5376,65536,NDVI,-0.99609375,25099,7480,0.019220106823949173,7751,0.0227401122006142
0,patch_30_21,7680,7936,5376,5632,65536,MSAVI,-0.11328125,38781,,,,
0,patch_30_21,7680,7936,5376,5632,65536,NDVI,-0.99609375,26755,10103,0.014079983682532687,11769,0.019514167369484664
0,patch_30_22,7680,7936,5632,5888,65536,MSAVI,-0.05078125,37375,,,,
0,patch_30_22,7680,7936,5632,5888,65536,NDVI,-0.99609375,28161,4490,0.008245051417049842,7677,0.014851412441398593
0,patch_30_23,7680,7936,5888,6144,65536,MSAVI,-0.07421875,40429,,,,
0,patch_30_23,7680,7936,5888,6144,65536,NDVI,-0.99609375,25107,3264,0.011860351650168494,5394,0.018475909203606256
0,patch_30_24,7680,7936,6144,6400,65536,MSAVI,-0.10546875,36469,,,,
0,patch_30_24,7680,7936,6144,6400,65536,NDVI,-0.99609375,29067,7760,0.008332433942821516,13304,0.01838428951776469
0,patch_30_25,7680,7936,6400,6656,65536,MSAVI,-0.03515625,35944,,,,
0,patch_30_25,7680,7936,6400,6656,65536,NDVI,-0.99609375,29592,6120,0.00808745132027186,9076,0.015899481504184465
0,patch_30_26,7680,7936,6656,6912,65536,MSAVI,-0.22265625,38339,,,,
0,patch_30_26,7680,7936,6656,6912,65536,NDVI,-0.99609375,27197,2395,0.01127206289340879,4479,0.014469780941021693
0,patch_30_27,7680,7936,6912,7168,65536,MSAVI,-0.05859375,37821,,,,
0,patch_30_27,7680,7936,6912,7168,65536,NDVI,-0.99609375,27715,4384,0.010926081102893032,8089,0.017840239714074835
0,patch_30_28,7680,7936,7168,7424,65536,MSAVI,-0.21484375,37123,,,,
0,patch_30_28,7680,7936,7168,7424,65536,NDVI,-0.99609375,28413,5914,0.00884269887022926,8969,0.01675030425735377
0,patch_30_29,7680,7936,7424,7680,65536,MSAVI,-0.12890625,36167,,,,
0,patch_30_29,7680,7936,7424,7680,65536,NDVI,-0.99609375,29369,6545,0.007605594169921098,10728,0.015004824863019683
0,patch_30_30,7680,7936,7680,7936,65536,MSAVI,-0.09765625,35260,,,,
0,patch_30_30,7680,7936,7680,7936,65536,NDVI,-0.99609375,30276,4412,0.006024006439119461,9302,0.01450707811164903
0,patch_30_31,7680,7936,7936,8192,65536,MSAVI,-0.06640625,36658,,,,
0,patch_30_31,7680,7936,7936,8192,65536,NDVI,-0.99609375,28878,3064,0.007774086320703061,5112,0.013036243689760252
0,patch_30_34,7680,7936,8704,8960,65536,MSAVI,0.0,65536,,,,
0,patch_30_34,7680,7936,8704,8960,65536,NDVI,0.0,0,0,0.0,0,0.009808042386020944
0,patch_30_35,7680,7936,8960,9216,65536,MSAVI,0.0,65536,,,,
0,patch_30_35,7680,7936,8960,9216,65536,NDVI,0.0,0,0,0.0,0,0.009808042386020944
0,patch_30_36,7680,7936,9216,9472,65536,MSAVI,0.0,65536,,,,
0,patch_30_36,7680,7936,9216,9472,65536,NDVI,0.0,0,0,0.0,0,0.009808042386020944
0,patch_30_37,7680,7936,9472,9728,65536,MSAVI,0.0,65536,,,,
0,patch_30_37,7680,7936,9472,9728,65536,NDVI,0.0,0,0,0.0,0,0.009808042386020944
0,patch_31_1,7936,8192,256,512,65536,MSAVI,-0.15234375,36392,,,,
0,patch_31_1,7936,8192,256,512,65536,NDVI,-0.99609375,29144,21230,0.015105912547698885,22123,0.022218604706323947
0,patch_31_2,7936,8192,512,768,65536,MSAVI,-0.11328125,36606,,,,
0,patch_31_2,7936,8192,512,768,65536,NDVI,-0.99609375,28930,11244,0.012800277420008527,13846,0.018863273418013138
0,patch_31_3,7936,8192,768,1024,65536,MSAVI,-0.18359375,39026,,,,
0,patch_31_3,7936,8192,768,1024,65536,NDVI,-0.99609375,26510,3475,0.011379365306029704,4859,0.016570958664158753
0,patch_31_4,7936,8192,1024,1280,65536,MSAVI,-0.15234375,41983,,,,
0,patch_31_4,7936,8192,1024,1280,65536,NDVI,-0.99609375,23553,2380,0.014973992379925916,3120,0.020884553015670493
0,patch_31_5,7936,8192,1280,1536,65536,MSAVI,-0.01171875,39021,,,,
0,patch_31_5,7936,8192,1280,1536,65536,NDVI,-0.99609375,26515,5677,0.011470174513702108,8384,0.019545934433560203
0,patch_31_6,7936,8192,1536,1792,65536,MSAVI,-0.04296875,36926,,,,
0,patch_31_6,7936,8192,1536,1792,65536,NDVI,-0.99609375,28610,7816,0.009344706438097622,11356,0.016048854761420234
0,patch_31_7,7936,8192,1792,2048,65536,MSAVI,-0.19140625,39926,,,,
0,patch_31_7,7936,8192,1792,2048,65536,NDVI,-0.99609375,25610,5305,0.013105427433214467,6945,0.019997232282671112
0,patch_31_8,7936,8192,2048,2304,65536,MSAVI,-0.18359375,40270,,,,
0,patch_31_8,7936,8192,2048,2304,65536,NDVI,-0.99609375,25266,11226,0.01461454392909195,13408,0.022143689663239124
0,patch_31_9,7936,8192,2304,2560,65536,MSAVI,-0.13671875,38220,,,,
0,patch_31_9,7936,8192,2304,2560,65536,NDVI,-0.99609375,27316,8641,0.011389326929532428,11327,0.02013903588685209
0,patch_31_10,7936,8192,2560,2816,65536,MSAVI,-0.20703125,35714,,,,
0,patch_31_10,7936,8192,2560,2816,65536,NDVI,-0.99609375,29822,7126,0.008507711808033197,11059,0.014484253385633056
0,patch_31_11,7936,8192,2816,3072,65536,MSAVI,-0.08203125,35110,,,,
0,patch_31_11,7936,8192,2816,3072,65536,NDVI,-0.60546875,30425,7937,0.0054451409394961625,14826,0.014897323677977053
0,patch_31_12,7936,8192,3072,3328,65536,MSAVI,-0.10546875,34394,,,,
0,patch_31_12,7936,8192,3072,3328,65536,NDVI,-0.99609375,31142,9361,0.007431267384836127,13974,0.015540861455772798
0,patch_31_13,7936,8192,3328,3584,65536,MSAVI,-0.05859375,38544,,,,
0,patch_31_13,7936,8192,3328,3584,65536,NDVI,-0.99609375,26992,5052,0.011349166687645434,5885,0.016230543792556174
0,patch_31_14,7936,8192,3584,3840,65536,MSAVI,-0.13671875,37811,,,,
0,patch_31_14,7936,8192,3584,3840,65536,NDVI,-0.99609375,27725,2295,0.010370874403436564,3839,0.014688255389221971
0,patch_31_15,7936,8192,3840,4096,65536,MSAVI,-0.05078125,36946,,,,
0,patch_31_15,7936,8192,3840,4096,65536,NDVI,-0.99609375,28590,3804,0.009323625830956528,7309,0.015488045871931394
0,patch_31_16,7936,8192,4096,4352,65536,MSAVI,-0.16015625,36090,,,,
0,patch_31_16,7936,8192,4096,4352,65536,NDVI,-0.99609375,29446,7056,0.007428027470847143,11233,0.01608940047836019
0,patch_31_17,7936,8192,4352,4608,65536,MSAVI,-0.14453125,38193,,,,
0,patch_31_17,7936,8192,4352,4608,65536,NDVI,-0.99609375,27343,3432,0.009613164047175854,7321,0.018196131094761175
0,patch_31_18,7936,8192,4608,4864,65536,MSAVI,-0.13671875,37230,,,,
0,patch_31_18,7936,8192,4608,4864,65536,NDVI,-0.99609375,28306,3334,0.008938039997254094,7751,0.016246330867837278
0,patch_31_19,7936,8192,4864,5120,65536,MSAVI,-0.31640625,38638,,,,
0,patch_31_19,7936,8192,4864,5120,65536,NDVI,-0.99609375,26898,4154,0.012345626783296315,6569,0.017962235539161486
0,patch_31_20,7936,8192,5120,5376,65536,MSAVI,-0.13671875,36712,,,,
0,patch_31_20,7936,8192,5120,5376,65536,NDVI,-0.99609375,28824,6487,0.010288622786526924,10209,0.014686842554099272
0,patch_31_21,7936,8192,5376,5632,65536,MSAVI,-0.13671875,41306,,,,
0,patch_31_21,7936,8192,5376,5632,65536,NDVI,-0.99609375,24230,5219,0.013410860842513889,8560,0.01952860230431716
0,patch_31_22,7936,8192,5632,5888,65536,MSAVI,-0.11328125,39265,,,,
0,patch_31_22,7936,8192,5632,5888,65536,NDVI,-0.99609375,26271,3043,0.011307403369177932,5007,0.01715757720510408
0,patch_31_23,7936,8192,5888,6144,65536,MSAVI,-0.24609375,39255,,,,
0,patch_31_23,7936,8192,5888,6144,65536,NDVI,-0.99609375,26281,6322,0.012405279501543076,8649,0.019878203651326087
0,patch_31_24,7936,8192,6144,6400,65536,MSAVI,-0.17578125,36061,,,,
0,patch_31_24,7936,8192,6144,6400,65536,NDVI,-0.99609375,29475,8213,0.009082690007867655,12255,0.01686059404438081
0,patch_31_25,7936,8192,6400,6656,65536,MSAVI,-0.04296875,37317,,,,
0,patch_31_25,7936,8192,6400,6656,65536,NDVI,-0.99609375,28219,3068,0.009012175293987928,6837,0.016055134529549236
0,patch_31_26,7936,8192,6656,6912,65536,MSAVI,-0.18359375,38516,,,,
0,patch_31_26,7936,8192,6656,6912,65536,NDVI,-0.99609375,27020,4107,0.011243352248957006,6566,0.01760022564842534
0,patch_31_27,7936,8192,6912,7168,65536,MSAVI,-0.04296875,36213,,,,
0,patch_31_27,7936,8192,6912,7168,65536,NDVI,-0.99609375,29323,6133,0.008177446929770876,9566,0.014762487106962208
0,patch_31_28,7936,8192,7168,7424,65536,MSAVI,-0.05859375,34713,,,,
0,patch_31_28,7936,8192,7168,7424,65536,NDVI,-0.99609375,30823,6864,0.006145380555273805,12615,0.014958684427172658
0,patch_31_29,7936,8192,7424,7680,65536,MSAVI,0.01171875,34228,,,,
0,patch_31_29,7936,8192,7424,7680,65536,NDVI,-0.99609375,31308,9425,0.0071245381650832385,13621,0.014890491594891503
0,patch_31_30,7936,8192,7680,7936,65536,MSAVI,-0.03515625,36013,,,,
0,patch_31_30,7936,8192,7680,7936,65536,NDVI,-0.99609375,29523,7971,0.007557571339887964,11817,0.014370035929718972
0,patch_31_31,7936,8192,7936,8192,65536,MSAVI,-0.11328125,37533,,,,
0,patch_31_31,7936,8192,7936,8192,65536,NDVI,-0.99609375,28003,2300,0.009470863155787324,3822,0.013966995321842035
0,patch_31_33,7936,8192,8448,8704,65536,MSAVI,0.0,65536,,,,
0,patch_31_33,7936,8192,8448,8704,65536,NDVI,0.0,0,0,0.0,0,0.009808042386020944
0,patch_31_34,7936,8192,8704,8960,65536,MSAVI,0.0,65536,,,,
0,patch_31_34,7936,8192,8704,8960,65536,NDVI,0.0,0,0,0.0,0,0.009808042386020944
0,patch_31_35,7936,8192,8960,9216,65536,MSAVI,0.0,65536,,,,
0,patch_31_35,7936,8192,8960,9216,65536,NDVI,0.0,0,0,0.0,0,0.009808042386020944
0,patch_31_36,7936,8192,9216,9472,65536,MSAVI,0.0,65536,,,,
0,patch_31_36,7936,8192,9216,9472,65536,NDVI,0.0,0,0,0.0,0,0.009808042386020944
0,patch_31_37,7936,8192,9472,9728,65536,MSAVI,0.0,65536,,,,
0,patch_31_37,7936,8192,9472,9728,65536,NDVI,0.0,0,0,0.0,0,0.009808042386020944
0,patch_32_4,8192,8448,1024,1280,65536,MSAVI,-0.26953125,39390,,,,
0,patch_32_4,8192,8448,1024,1280,65536,NDVI,-0.99609375,26146,5990,0.012961635447784392,7627,0.01877561719795942
0,patch_32_5,8192,8448,1280,1536,65536,MSAVI,-0.23046875,39856,,,,
0,patch_32_5,8192,8448,1280,1536,65536,NDVI,-0.99609375,25680,7176,0.013037930833683431,10603,0.023520884343826154
0,patch_32_6,8192,8448,1536,1792,65536,MSAVI,-0.25390625,36285,,,,
0,patch_32_6,8192,8448,1536,1792,65536,NDVI,-0.99609375,29251,11277,0.010092959617986924,14009,0.01704550816279604
0,patch_32_7,8192,8448,1792,2048,65536,MSAVI,-0.07421875,35488,,,,
0,patch_32_7,8192,8448,1792,2048,65536,NDVI,-0.99609375,30048,13898,0.008450419570152135,17703,0.017203495735616636
0,patch_32_8,8192,8448,2048,2304,65536,MSAVI,-0.23828125,35087,,,,
0,patch_32_8,8192,8448,2048,2304,65536,NDVI,-0.99609375,30449,21482,0.01654294524581476,22791,0.02388545899732769
0,patch_32_9,8192,8448,2304,2560,65536,MSAVI,-0.04296875,33798,,,,
0,patch_32_9,8192,8448,2304,2560,65536,NDVI,-0.99609375,31738,24086,0.0104840747784819,27671,0.02322439314143243
0,patch_32_10,8192,8448,2560,2816,65536,MSAVI,-0.09765625,32574,,,,
0,patch_32_10,8192,8448,2560,2816,65536,NDVI,-0.99609375,32962,14851,0.004596550215469147,21168,0.014288768281924769
0,patch_32_11,8192,8448,2816,3072,65536,MSAVI,-0.09765625,36197,,,,
0,patch_32_11,8192,8448,2816,3072,65536,NDVI,-0.63671875,29338,10355,0.008464989850749352,15160,0.019304009505290376
0,patch_32_12,8192,8448,3072,3328,65536,MSAVI,-0.14453125,38695,,,,
0,patch_32_12,8192,8448,3072,3328,65536,NDVI,-0.99609375,26841,1821,0.012188278185975565,4429,0.018065871047985654
0,patch_32_13,8192,8448,3328,3584,65536,MSAVI,-0.03515625,36425,,,,
0,patch_32_13,8192,8448,3328,3584,65536,NDVI,-0.99609375,29111,7333,0.007578428956394351,12292,0.017628102928661266
0,patch_32_14,8192,8448,3584,3840,65536,MSAVI,-0.06640625,35808,,,,
0,patch_32_14,8192,8448,3584,3840,65536,NDVI,-0.99609375,29728,4045,0.006745875041641175,8355,0.013689999508166156
0,patch_32_15,8192,8448,3840,4096,65536,MSAVI,-0.19140625,40917,,,,
0,patch_32_15,8192,8448,3840,4096,65536,NDVI,-0.99609375,24619,4429,0.014896768026082113,6500,0.02340514142438982
0,patch_32_16,8192,8448,4096,4352,65536,MSAVI,-0.16015625,38851,,,,
0,patch_32_16,8192,8448,4096,4352,65536,NDVI,-0.99609375,26685,5311,0.011466963314509804,6428,0.01714528957511169
0,patch_32_17,8192,8448,4352,4608,65536,MSAVI,0.00390625,40405,,,,
0,patch_32_17,8192,8448,4352,4608,65536,NDVI,-0.99609375,25131,3610,0.011537363876012896,4424,0.01872798765517178
0,patch_32_18,8192,8448,4608,4864,65536,MSAVI,-0.06640625,37479,,,,
0,patch_32_18,8192,8448,4608,4864,65536,NDVI,-0.99609375,28057,1496,0.007755724211047671,3545,0.014528661989672786
0,patch_32_19,8192,8448,4864,5120,65536,MSAVI,-0.22265625,37101,,,,
0,patch_32_19,8192,8448,4864,5120,65536,NDVI,-0.99609375,28435,3271,0.009318946392397331,6942,0.015448876477017842
0,patch_32_20,8192,8448,5120,5376,65536,MSAVI,-0.13671875,39621,,,,
0,patch_32_20,8192,8448,5120,5376,65536,NDVI,-0.99609375,25915,4034,0.013568435972174192,7427,0.022223110433172183
0,patch_32_21,8192,8448,5376,5632,65536,MSAVI,-0.23046875,43698,,,,
0,patch_32_21,8192,8448,5376,5632,65536,NDVI,-0.99609375,21838,3655,0.017381402587925004,4445,0.024964637440150872
0,patch_32_22,8192,8448,5632,5888,65536,MSAVI,-0.13671875,38945,,,,
0,patch_32_22,8192,8448,5632,5888,65536,NDVI,-0.99609375,26591,1692,0.009936075179129755,3086,0.01585825554958989
0,patch_32_23,8192,8448,5888,6144,65536,MSAVI,-0.32421875,37396,,,,
0,patch_32_23,8192,8448,5888,6144,65536,NDVI,-0.99609375,28140,6282,0.009559921455044612,8889,0.017259486554365877
0,patch_32_24,8192,8448,6144,6400,65536,MSAVI,0.08203125,34943,,,,
0,patch_32_24,8192,8448,6144,6400,65536,NDVI,-0.99609375,30593,5451,0.0057024146649256036,8876,0.0133804230339242
0,patch_32_25,8192,8448,6400,6656,65536,MSAVI,0.09765625,37120,,,,
0,patch_32_25,8192,8448,6400,6656,65536,NDVI,-0.99609375,28416,5308,0.008606561500399207,8445,0.01444737478687555
0,patch_32_26,8192,8448,6656,6912,65536,MSAVI,-0.17578125,39243,,,,
0,patch_32_26,8192,8448,6656,6912,65536,NDVI,-0.99609375,26293,5884,0.014508497175646257,8340,0.018528537808449513
0,patch_32_27,8192,8448,6912,7168,65536,MSAVI,-0.21484375,40024,,,,
0,patch_32_27,8192,8448,6912,7168,65536,NDVI,-0.99609375,25512,10042,0.015159753955770044,12386,0.022538734500882424
0,patch_32_28,8192,8448,7168,7424,65536,MSAVI,-0.11328125,37751,,,,
0,patch_32_28,8192,8448,7168,7424,65536,NDVI,-0.99609375,27785,4737,0.009759293738991953,6359,0.015705760710455707
0,patch_32_29,8192,8448,7424,7680,65536,MSAVI,-0.08203125,35761,,,,
0,patch_32_29,8192,8448,7424,7680,65536,NDVI,-0.99609375,29775,3866,0.006519986922668641,8344,0.014159442757927826
0,patch_32_30,8192,8448,7680,7936,65536,MSAVI,0.00390625,39136,,,,
0,patch_32_30,8192,8448,7680,7936,65536,NDVI,-0.99609375,26400,11209,0.016629006260120094,11743,0.020481304348400814
0,patch_32_33,8192,8448,8448,8704,65536,MSAVI,0.0,65536,,,,
0,patch_32_33,8192,8448,8448,8704,65536,NDVI,0.0,0,0,0.0,0,0.009808042386020944
0,patch_32_34,8192,8448,8704,8960,65536,MSAVI,0.0,65536,,,,
0,patch_32_34,8192,8448,8704,8960,65536,NDVI,0.0,0,0,0.0,0,0.009808042386020944
0,patch_32_35,8192,8448,8960,9216,65536,MSAVI,0.0,65536,,,,
0,patch_32_35,8192,8448,8960,9216,65536,NDVI,0.0,0,0,0.0,0,0.009808042386020944
0,patch_32_36,8192,8448,9216,9472,65536,MSAVI,0.0,65536,,,,
0,patch_32_36,8192,8448,9216,9472,65536,NDVI,0.0,0,0,0.0,0,0.009808042386020944
0,patch_32_37,8192,8448,9472,9728,65536,MSAVI,0.0,65536,,,,
0,patch_32_37,8192,8448,9472,9728,65536,NDVI,0.0,0,0,0.0,0,0.009808042386020944
0,patch_33_0,8448,8704,0,256,65536,MSAVI,0.0,65536,,,,
0,patch_33_0,8448,8704,0,256,65536,NDVI,0.0,0,0,0.0,0,0.009808042386020944
0,patch_33_1,8448,8704,256,512,65536,MSAVI,0.0,65536,,,,
0,patch_33_1,8448,8704,256,512,65536,NDVI,0.0,0,0,0.0,0,0.009808042386020944
0,patch_33_2,8448,8704,512,768,65536,MSAVI,0.0,65536,,,,
0,patch_33_2,8448,8704,512,768,65536,NDVI,0.0,0,0,0.0,0,0.009808042386020944
0,patch_33_7,8448,8704,1792,2048,65487,MSAVI,-0.21484375,38321,,,,
0,patch_33_7,8448,8704,1792,2048,65487,NDVI,-0.67578125,27213,6839,0.010268418541341029,10146,0.017519288188689447
0,patch_33_8,8448,8704,2048,2304,65536,MSAVI,-0.30078125,35164,,,,
0,patch_33_8,8448,8704,2048,2304,65536,NDVI,-0.99609375,30372,12474,0.006527549231144014,18591,0.019594891760836786
0,patch_33_9,8448,8704,2304,2560,65536,MSAVI,-0.12109375,39189,,,,
0,patch_33_9,8448,8704,2304,2560,65536,NDVI,-0.99609375,26347,14943,0.021689502866450355,65536,0.024257467518352033
0,patch_33_10,8448,8704,2560,2816,65536,MSAVI,0.00390625,34533,,,,
0,patch_33_10,8448,8704,2560,2816,65536,NDVI,-0.58203125,31002,22962,0.013955521042894742,65536,0.023086305222005665
0,patch_33_11,8448,8704,2816,3072,65536,MSAVI,-0.04296875,35822,,,,
0,patch_33_11,8448,8704,2816,3072,65536,NDVI,-0.99609375,29714,9853,0.006819388606885857,13197,0.0182475081319326
0,patch_33_12,8448,8704,3072,3328,65536,MSAVI,-0.17578125,40945,,,,
0,patch_33_12,8448,8704,3072,3328,65536,NDVI,-0.99609375,24591,4944,0.014581141240763373,5952,0.020228118679095852
0,patch_33_13,8448,8704,3328,3584,65536,MSAVI,-0.09765625,38726,,,,
0,patch_33_13,8448,8704,3328,3584,65536,NDVI,-0.99609375,26810,15462,0.020446095776976148,65461,0.024153895986522483
0,patch_33_14,8448,8704,3584,3840,65536,MSAVI,-0.11328125,36813,,,,
0,patch_33_14,8448,8704,3584,3840,65536,NDVI,-0.99609375,28723,6371,0.0077424900284011056,9669,0.016493710488576646
0,patch_33_15,8448,8704,3840,4096,65536,MSAVI,-0.01171875,36755,,,,
0,patch_33_15,8448,8704,3840,4096,65536,NDVI,-0.99609375,28781,3607,0.009274297881009669,5957,0.015324601494356715
0,patch_33_16,8448,8704,4096,4352,65536,MSAVI,-0.19921875,39456,,,,
0,patch_33_16,8448,8704,4096,4352,65536,NDVI,-0.99609375,26080,2595,0.01117117634302578,5197,0.01818146742899196
0,patch_33_17,8448,8704,4352,4608,65536,MSAVI,-0.20703125,37521,,,,
0,patch_33_17,8448,8704,4352,4608,65536,NDVI,-0.99609375,28015,5402,0.008548919151264378,7414,0.016110569818480885
0,patch_33_18,8448,8704,4608,4864,65536,MSAVI,-0.01171875,36020,,,,
0,patch_33_18,8448,8704,4608,4864,65536,NDVI,-0.62890625,29516,2530,0.009140752940348357,4724,0.01378616604251931
0,patch_33_19,8448,8704,4864,5120,65536,MSAVI,-0.16015625,36449,,,,
0,patch_33_19,8448,8704,4864,5120,65536,NDVI,-0.64453125,29084,4724,0.007909669118725399,8476,0.015154367602158936
0,patch_33_20,8448,8704,5120,5376,65536,MSAVI,-0.15234375,38614,,,,
0,patch_33_20,8448,8704,5120,5376,65536,NDVI,-0.99609375,26922,6109,0.013318066775811682,7840,0.019297668580130045
0,patch_33_21,8448,8704,5376,5632,65536,MSAVI,-0.08203125,39530,,,,
0,patch_33_21,8448,8704,5376,5632,65536,NDVI,-0.99609375,26006,2569,0.011854057681653485,3770,0.018126631813768085
0,patch_33_22,8448,8704,5632,5888,65536,MSAVI,-0.05078125,38807,,,,
0,patch_33_22,8448,8704,5632,5888,65536,NDVI,-0.99609375,26729,4888,0.009359251724575302,7658,0.017103825729636812
0,patch_33_23,8448,8704,5888,6144,65536,MSAVI,-0.31640625,37629,,,,
0,patch_33_23,8448,8704,5888,6144,65536,NDVI,-0.99609375,27907,8893,0.011446139571181874,11649,0.018924570457097112
0,patch_33_24,8448,8704,6144,6400,65536,MSAVI,-0.24609375,35788,,,,
0,patch_33_24,8448,8704,6144,6400,65536,NDVI,-0.99609375,29748,7886,0.007202425133321838,12019,0.016618943585294255
0,patch_33_25,8448,8704,6400,6656,65536,MSAVI,-0.24609375,36122,,,,
0,patch_33_25,8448,8704,6400,6656,65536,NDVI,-0.99609375,29414,4574,0.007096390061412522,8578,0.014813208600068545
0,patch_33_26,8448,8704,6656,6912,65536,MSAVI,-0.13671875,38193,,,,
0,patch_33_26,8448,8704,6656,6912,65536,NDVI,-0.99609375,27343,5422,0.01258208660038132,8665,0.019463124968631396
0,patch_33_27,8448,8704,6912,7168,65536,MSAVI,0.13671875,36084,,,,
0,patch_33_27,8448,8704,6912,7168,65536,NDVI,-0.99609375,29452,7946,0.009578153014995816,13478,0.018493584655520784
0,patch_33_28,8448,8704,7168,7424,65536,MSAVI,-0.05078125,33795,,,,
0,patch_33_28,8448,8704,7168,7424,65536,NDVI,-0.99609375,31741,7860,0.00488444384093592,15309,0.013331322390653572
0,patch_33_29,8448,8704,7424,7680,65536,MSAVI,-0.13671875,36979,,,,
0,patch_33_29,8448,8704,7424,7680,65536,NDVI,-0.99609375,28557,7039,0.008233444763603853,10897,0.01474332796992342
0,patch_33_30,8448,8704,7680,7936,65536,MSAVI,-0.11328125,37733,,,,
0,patch_33_30,8448,8704,7680,7936,65536,NDVI,-0.99609375,27803,2460,0.008337833493627572,5355,0.013984405204370415
0,patch_33_32,8448,8704,8192,8448,65536,MSAVI,0.0,65536,,,,
0,patch_33_32,8448,8704,8192,8448,65536,NDVI,0.0,0,0,0.0,0,0.009808042386020944
0,patch_33_33,8448,8704,8448,8704,65536,MSAVI,0.0,65536,,,,
0,patch_33_33,8448,8704,8448,8704,65536,NDVI,0.0,0,0,0.0,0,0.009808042386020944
0,patch_33_34,8448,8704,8704,8960,65536,MSAVI,0.0,65536,,,,
0,patch_33_34,8448,8704,8704,8960,65536,NDVI,0.0,0,0,0.0,0,0.009808042386020944
0,patch_33_35,8448,8704,8960,9216,65536,MSAVI,0.0,65536,,,,
0,patch_33_35,8448,8704,8960,9216,65536,NDVI,0.0,0,0,0.0,0,0.009808042386020944
0,patch_33_36,8448,8704,9216,9472,65536,MSAVI,0.0,65536,,,,
0,patch_33_36,8448,8704,9216,9472,65536,NDVI,0.0,0,0,0.0,0,0.009808042386020944
0,patch_33_37,8448,8704,9472,9728,65536,MSAVI,0.0,65536,,,,
0,patch_33_37,8448,8704,9472,9728,65536,NDVI,0.0,0,0,0.0,0,0.009808042386020944
0,patch_34_0,8704,8960,0,256,65536,MSAVI,0.0,65536,,,,
0,patch_34_0,8704,8960,0,256,65536,NDVI,0.0,0,0,0.0,0,0.009808042386020944
0,patch_34_1,8704,8960,256,512,65536,MSAVI,0.0,65536,,,,
0,patch_34_1,8704,8960,256,512,65536,NDVI,0.0,0,0,0.0,0,0.009808042386020944
0,patch_34_2,8704,8960,512,768,65536,MSAVI,0.0,65536,,,,
0,patch_34_2,8704,8960,512,768,65536,NDVI,0.0,0,0,0.0,0,0.009808042386020944
0,patch_34_3,8704,8960,768,1024,65536,MSAVI,0.0,65536,,,,
0,patch_34_3,8704,8960,768,1024,65536,NDVI,0.0,0,0,0.0,0,0.009808042386020944
0,patch_34_4,8704,8960,1024,1280,65536,MSAVI,0.0,65536,,,,
0,patch_34_4,8704,8960,1024,1280,65536,NDVI,0.0,0,0,0.0,0,0.009808042386020944
0,patch_34_5,8704,8960,1280,1536,65536,MSAVI,0.0,65536,,,,
0,patch_34_5,8704,8960,1280,1536,65536,NDVI,0.0,0,0,0.0,0,0.009808042386020944
0,patch_34_6,8704,8960,1536,1792,65536,MSAVI,0.0,65536,,,,
0,patch_34_6,8704,8960,1536,1792,65536,NDVI,0.0,0,0,0.0,0,0.009808042386020944
0,patch_34_11,8704,8960,2816,3072,65536,MSAVI,-0.15234375,36680,,,,
0,patch_34_11,8704,8960,2816,3072,65536,NDVI,-0.99609375,28856,10787,0.010321626079152685,11832,0.015680002424752676
0,patch_34_12,8704,8960,3072,3328,65536,MSAVI,-0.07421875,43572,,,,
0,patch_34_12,8704,8960,3072,3328,65536,NDVI,-0.99609375,21964,5653,0.02115395780850482,5434,0.02554114989848061
0,patch_34_13,8704,8960,3328,3584,65536,MSAVI,-0.21484375,44899,,,,
0,patch_34_13,8704,8960,3328,3584,65536,NDVI,-0.99609375,20637,12024,0.0249020479595652,65536,0.03295483914280348
0,patch_34_14,8704,8960,3584,3840,65536,MSAVI,-0.15234375,38995,,,,
0,patch_34_14,8704,8960,3584,3840,65536,NDVI,-0.99609375,26541,3857,0.011246301008060178,5522,0.016551441606249828
0,patch_34_15,8704,8960,3840,4096,65536,MSAVI,-0.15234375,38365,,,,
0,patch_34_15,8704,8960,3840,4096,65536,NDVI,-0.99609375,27171,2990,0.009947566682341175,3316,0.0154768915861353
0,patch_34_16,8704,8960,4096,4352,65536,MSAVI,-0.16015625,37088,,,,
0,patch_34_16,8704,8960,4096,4352,65536,NDVI,-0.99609375,28448,2111,0.00949838251896254,4147,0.012747520313075383
0,patch_34_17,8704,8960,4352,4608,65536,MSAVI,-0.07421875,36535,,,,
0,patch_34_17,8704,8960,4352,4608,65536,NDVI,-0.99609375,29001,3438,0.0076848611044237625,6692,0.014780133672270185
0,patch_34_18,8704,8960,4608,4864,65536,MSAVI,-0.07421875,36480,,,,
0,patch_34_18,8704,8960,4608,4864,65536,NDVI,-0.60546875,29056,5865,0.00816226709772784,9937,0.017022832944080635
0,patch_34_19,8704,8960,4864,5120,65536,MSAVI,-0.17578125,37274,,,,
0,patch_34_19,8704,8960,4864,5120,65536,NDVI,-0.68359375,28251,6747,0.008898364053596786,8204,0.015146968433088243
0,patch_34_20,8704,8960,5120,5376,65536,MSAVI,-0.33984375,37883,,,,
0,patch_34_20,8704,8960,5120,5376,65536,NDVI,-0.99609375,27653,3035,0.009276044689510599,4490,0.01421207721638329
0,patch_34_21,8704,8960,5376,5632,65536,MSAVI,-0.23828125,37829,,,,
0,patch_34_21,8704,8960,5376,5632,65536,NDVI,-0.99609375,27707,2373,0.008868050569950298,5272,0.01624981720896887
0,patch_34_22,8704,8960,5632,5888,65536,MSAVI,-0.11328125,37187,,,,
0,patch_34_22,8704,8960,5632,5888,65536,NDVI,-0.99609375,28349,6521,0.010077060631105722,9852,0.016259313587883073
0,patch_34_23,8704,8960,5888,6144,65536,MSAVI,-0.41015625,39334,,,,
0,patch_34_23,8704,8960,5888,6144,65536,NDVI,-0.99609375,26202,8786,0.012559502084934587,11461,0.021984919678518317
0,patch_34_24,8704,8960,6144,6400,65536,MSAVI,-0.33203125,42616,,,,
0,patch_34_24,8704,8960,6144,6400,65536,NDVI,-0.99609375,22920,8806,0.019414735248777293,10010,0.025946437546499918
0,patch_34_25,8704,8960,6400,6656,65536,MSAVI,-0.30078125,37394,,,,
0,patch_34_25,8704,8960,6400,6656,65536,NDVI,-0.99609375,28142,3540,0.007790561166618221,7122,0.014000685531166568
0,patch_34_26,8704,8960,6656,6912,65536,MSAVI,-0.12109375,36762,,,,
0,patch_34_26,8704,8960,6656,6912,65536,NDVI,-0.99609375,28774,4771,0.0074742922103294696,7822,0.016436723931497338
0,patch_34_27,8704,8960,6912,7168,65536,MSAVI,0.03515625,34596,,,,
0,patch_34_27,8704,8960,6912,7168,65536,NDVI,-0.99609375,30940,5127,0.004887809554542294,10763,0.013648039659907601
0,patch_34_28,8704,8960,7168,7424,65536,MSAVI,-0.16015625,37042,,,,
0,patch_34_28,8704,8960,7168,7424,65536,NDVI,-0.99609375,28494,7597,0.009353222794640736,12980,0.017729898543675043
0,patch_34_29,8704,8960,7424,7680,65536,MSAVI,-0.02734375,34555,,,,
0,patch_34_29,8704,8960,7424,7680,65536,NDVI,-0.99609375,30981,6013,0.0053839776556302565,12140,0.014223012094096293
0,patch_34_30,8704,8960,7680,7936,65536,MSAVI,-0.12890625,35626,,,,
0,patch_34_30,8704,8960,7680,7936,65536,NDVI,-0.99609375,29910,8141,0.008218626191717093,11675,0.0148056121799498
0,patch_34_32,8704,8960,8192,8448,65536,MSAVI,0.0,65536,,,,
0,patch_34_32,8704,8960,8192,8448,65536,NDVI,0.0,0,0,0.0,0,0.009808042386020944
0,patch_34_33,8704,8960,8448,8704,65536,MSAVI,0.0,65536,,,,
0,patch_34_33,8704,8960,8448,8704,65536,NDVI,0.0,0,0,0.0,0,0.009808042386020944
0,patch_34_34,8704,8960,8704,8960,65536,MSAVI,0.0,65536,,,,
0,patch_34_34,8704,8960,8704,8960,65536,NDVI,0.0,0,0,0.0,0,0.009808042386020944
0,patch_34_35,8704,8960,8960,9216,65536,MSAVI,0.0,65536,,,,
0,patch_34_35,8704,8960,8960,9216,65536,NDVI,0.0,0,0,0.0,0,0.009808042386020944
0,patch_34_36,8704,8960,9216,9472,65536,MSAVI,0.0,65536,,,,
0,patch_34_36,8704,8960,9216,9472,65536,NDVI,0.0,0,0,0.0,0,0.009808042386020944
0,patch_34_37,8704,8960,9472,9728,65536,MSAVI,0.0,65536,,,,
0,patch_34_37,8704,8960,9472,9728,65536,NDVI,0.0,0,0,0.0,0,0.009808042386020944
0,patch_35_0,8960,9216,0,256,65536,MSAVI,0.0,65536,,,,
0,patch_35_0,8960,9216,0,256,65536,NDVI,0.0,0,0,0.0,0,0.009808042386020944
0,patch_35_1,8960,9216,256,512,65536,MSAVI,0.0,65536,,,,
0,patch_35_1,8960,9216,256,512,65536,NDVI,0.0,0,0,0.0,0,0.009808042386020944
0,patch_35_2,8960,9216,512,768,65536,MSAVI,0.0,65536,,,,
0,patch_35_2,8960,9216,512,768,65536,NDVI,0.0,0,0,0.0,0,0.009808042386020944
0,patch_35_3,8960,9216,768,1024,65536,MSAVI,0.0,65536,,,,
0,patch_35_3,8960,9216,768,1024,65536,NDVI,0.0,0,0,0.0,0,0.009808042386020944
0,patch_35_4,8960,9216,1024,1280,65536,MSAVI,0.0,65536,,,,
0,patch_35_4,8960,9216,1024,1280,65536,NDVI,0.0,0,0,0.0,0,0.009808042386020944
0,patch_35_5,8960,9216,1280,1536,65536,MSAVI,0.0,65536,,,,
0,patch_35_5,8960,9216,1280,1536,65536,NDVI,0.0,0,0,0.0,0,0.009808042386020944
0,patch_35_6,8960,9216,1536,1792,65536,MSAVI,0.0,65536,,,,
0,patch_35_6,8960,9216,1536,1792,65536,NDVI,0.0,0,0,0.0,0,0.009808042386020944
0,patch_35_7,8960,9216,1792,2048,65536,MSAVI,0.0,65536,,,,
0,patch_35_7,8960,9216,1792,2048,65536,NDVI,0.0,0,0,0.0,0,0.009808042386020944
0,patch_35_8,8960,9216,2048,2304,65536,MSAVI,0.0,65536,,,,
0,patch_35_8,8960,9216,2048,2304,65536,NDVI,0.0,0,0,0.0,0,0.009808042386020944
0,patch_35_9,8960,9216,2304,2560,65536,MSAVI,0.0,65536,,,,
0,patch_35_9,8960,9216,2304,2560,65536,NDVI,0.0,0,0,0.0,0,0.009808042386020944
0,patch_35_14,8960,9216,3584,3840,65536,MSAVI,-0.13671875,42060,,,,
0,patch_35_14,8960,9216,3584,3840,65536,NDVI,-0.99609375,23476,2912,0.017554381723314305,3953,0.021794462376356488
0,patch_35_15,8960,9216,3840,4096,65536,MSAVI,-0.14453125,41380,,,,
0,patch_35_15,8960,9216,3840,4096,65536,NDVI,-0.99609375,24156,1077,0.013893740965496768,1773,0.019669114165435653
0,patch_35_16,8960,9216,4096,4352,65536,MSAVI,-0.17578125,39213,,,,
0,patch_35_16,8960,9216,4096,4352,65536,NDVI,-0.99609375,26323,1377,0.010238653619246085,2614,0.01607643055970817
0,patch_35_17,8960,9216,4352,4608,65536,MSAVI,-0.10546875,40241,,,,
0,patch_35_17,8960,9216,4352,4608,65536,NDVI,-0.99609375,25295,3162,0.0141112249606411,4358,0.01855603530652744
0,patch_35_18,8960,9216,4608,4864,65536,MSAVI,-0.10546875,38868,,,,
0,patch_35_18,8960,9216,4608,4864,65536,NDVI,-0.99609375,26668,5834,0.010029855305784735,6991,0.016133752509529198
0,patch_35_19,8960,9216,4864,5120,65536,MSAVI,-0.09765625,38399,,,,
0,patch_35_19,8960,9216,4864,5120,65536,NDVI,-0.99609375,27137,6100,0.01046237783362236,8594,0.017485780171985987
0,patch_35_20,8960,9216,5120,5376,65536,MSAVI,-0.09765625,35867,,,,
0,patch_35_20,8960,9216,5120,5376,65536,NDVI,-0.99609375,29669,4200,0.007319280673580869,7982,0.013500495269743146
0,patch_35_21,8960,9216,5376,5632,65536,MSAVI,0.00390625,36064,,,,
0,patch_35_21,8960,9216,5376,5632,65536,NDVI,-0.99609375,29472,3784,0.006973099573258951,8072,0.014779511135522866
0,patch_35_22,8960,9216,5632,5888,65536,MSAVI,-0.16015625,35968,,,,
0,patch_35_22,8960,9216,5632,5888,65536,NDVI,-0.99609375,29568,5228,0.007618739951977149,9117,0.014933574541105055
0,patch_35_23,8960,9216,5888,6144,65536,MSAVI,-0.22265625,36524,,,,
0,patch_35_23,8960,9216,5888,6144,65536,NDVI,-0.99609375,29012,8394,0.00855883398659174,12754,0.01795863051490984
0,patch_35_24,8960,9216,6144,6400,65536,MSAVI,-0.15234375,39497,,,,
0,patch_35_24,8960,9216,6144,6400,65536,NDVI,-0.99609375,26039,2817,0.011101731112450136,4322,0.015318703465290573
0,patch_35_25,8960,9216,6400,6656,65536,MSAVI,-0.26171875,35778,,,,
0,patch_35_25,8960,9216,6400,6656,65536,NDVI,-0.99609375,29758,7367,0.00688070011115674,11802,0.015590569565576168
0,patch_35_26,8960,9216,6656,6912,65536,MSAVI,-0.26171875,37047,,,,
0,patch_35_26,8960,9216,6656,6912,65536,NDVI,-0.99609375,28489,5999,0.010686690216960615,9977,0.018172817432010324
0,patch_35_27,8960,9216,6912,7168,65536,MSAVI,-0.18359375,34944,,,,
0,patch_35_27,8960,9216,6912,7168,65536,NDVI,-0.99609375,30592,7911,0.008705550658841515,11756,0.014550832515338924
0,patch_35_28,8960,9216,7168,7424,65536,MSAVI,-0.01953125,34897,,,,
0,patch_35_28,8960,9216,7168,7424,65536,NDVI,-0.99609375,30639,11185,0.007926008519924727,15433,0.016232770092572596
0,patch_35_29,8960,9216,7424,7680,65536,MSAVI,-0.05859375,36829,,,,
0,patch_35_29,8960,9216,7424,7680,65536,NDVI,-0.99609375,28707,7593,0.010015878734275313,10700,0.017268849691472687
0,patch_35_32,8960,9216,8192,8448,65536,MSAVI,0.0,65536,,,,
0,patch_35_32,8960,9216,8192,8448,65536,NDVI,0.0,0,0,0.0,0,0.009808042386020944
0,patch_35_33,8960,9216,8448,8704,65536,MSAVI,0.0,65536,,,,
0,patch_35_33,8960,9216,8448,8704,65536,NDVI,0.0,0,0,0.0,0,0.009808042386020944
0,patch_35_34,8960,9216,8704,8960,65536,MSAVI,0.0,65536,,,,
0,patch_35_34,8960,9216,8704,8960,65536,NDVI,0.0,0,0,0.0,0,0.009808042386020944
0,patch_35_35,8960,9216,8960,9216,65536,MSAVI,0.0,65536,,,,
0,patch_35_35,8960,9216,8960,9216,65536,NDVI,0.0,0,0,0.0,0,0.009808042386020944
0,patch_35_36,8960,9216,9216,9472,65536,MSAVI,0.0,65536,,,,
0,patch_35_36,8960,9216,9216,9472,65536,NDVI,0.0,0,0,0.0,0,0.009808042386020944
0,patch_35_37,8960,9216,9472,9728,65536,MSAVI,0.0,65536,,,,
0,patch_35_37,8960,9216,9472,9728,65536,NDVI,0.0,0,0,0.0,0,0.009808042386020944
0,patch_36_0,9216,9472,0,256,65536,MSAVI,0.0,65536,,,,
0,patch_36_0,9216,9472,0,256,65536,NDVI,0.0,0,0,0.0,0,0.009808042386020944
0,patch_36_1,9216,9472,256,512,65536,MSAVI,0.0,65536,,,,
0,patch_36_1,9216,9472,256,512,65536,NDVI,0.0,0,0,0.0,0,0.009808042386020944
0,patch_36_2,9216,9472,512,768,65536,MSAVI,0.0,65536,,,,
0,patch_36_2,9216,9472,512,768,65536,NDVI,0.0,0,0,0.0,0,0.009808042386020944
0,patch_36_3,9216,9472,768,1024,65536,MSAVI,0.0,65536,,,,
0,patch_36_3,9216,9472,768,1024,65536,NDVI,0.0,0,0,0.0,0,0.009808042386020944
0,patch_36_4,9216,9472,1024,1280,65536,MSAVI,0.0,65536,,,,
0,patch_36_4,9216,9472,1024,1280,65536,NDVI,0.0,0,0,0.0,0,0.009808042386020944
0,patch_36_5,9216,9472,1280,1536,65536,MSAVI,0.0,65536,,,,
0,patch_36_5,9216,9472,1280,1536,65536,NDVI,0.0,0,0,0.0,0,0.009808042386020944
0,patch_36_6,9216,9472,1536,1792,65536,MSAVI,0.0,65536,,,,
0,patch_36_6,9216,9472,1536,1792,65536,NDVI,0.0,0,0,0.0,0,0.009808042386020944
0,patch_36_7,9216,9472,1792,2048,65536,MSAVI,0.0,65536,,,,
0,patch_36_7,9216,9472,1792,2048,65536,NDVI,0.0,0,0,0.0,0,0.009808042386020944
0,patch_36_8,9216,9472,2048,2304,65536,MSAVI,0.0,65536,,,,
0,patch_36_8,9216,9472,2048,2304,65536,NDVI,0.0,0,0,0.0,0,0.009808042386020944
0,patch_36_9,9216,9472,2304,2560,65536,MSAVI,0.0,65536,,,,
0,patch_36_9,9216,9472,2304,2560,65536,NDVI,0.0,0,0,0.0,0,0.009808042386020944
0,patch_36_10,9216,9472,2560,2816,65536,MSAVI,0.0,65536,,,,
0,patch_36_10,9216,9472,2560,2816,65536,NDVI,0.0,0,0,0.0,0,0.009808042386020944
0,patch_36_11,9216,9472,2816,3072,65536,MSAVI,0.0,65536,,,,
0,patch_36_11,9216,9472,2816,3072,65536,NDVI,0.0,0,0,0.0,0,0.009808042386020944
0,patch_36_12,9216,9472,3072,3328,65536,MSAVI,0.0,65536,,,,
0,patch_36_12,9216,9472,3072,3328,65536,NDVI,0.0,0,0,0.0,0,0.009808042386020944
0,patch_36_18,9216,9472,4608,4864,65536,MSAVI,-0.21484375,37525,,,,
0,patch_36_18,9216,9472,4608,4864,65536,NDVI,-0.99609375,28011,6235,0.010712578309882342,8170,0.01711297323904154
0,patch_36_19,9216,9472,4864,5120,65536,MSAVI,-0.19140625,38550,,,,
0,patch_36_19,9216,9472,4864,5120,65536,NDVI,-0.60546875,26985,7151,0.00922903963845531,9781,0.017534441907045895
0,patch_36_20,9216,9472,5120,5376,65536,MSAVI,-0.24609375,38384,,,,
0,patch_36_20,9216,9472,5120,5376,65536,NDVI,-0.99609375,27152,9000,0.014849858140102062,11541,0.020362694567263723
0,patch_36_21,9216,9472,5376,5632,65536,MSAVI,-0.21484375,36123,,,,
0,patch_36_21,9216,9472,5376,5632,65536,NDVI,-0.60546875,29413,13621,0.010748292481951083,17792,0.018724686847152866
0,patch_36_22,9216,9472,5632,5888,65536,MSAVI,-0.19140625,39669,,,,
0,patch_36_22,9216,9472,5632,5888,65536,NDVI,-0.99609375,25867,5472,0.011030075437893389,9187,0.019090338174007904
0,patch_36_23,9216,9472,5888,6144,65536,MSAVI,0.01953125,38959,,,,
0,patch_36_23,9216,9472,5888,6144,65536,NDVI,-0.99609375,26577,6128,0.013313012448461586,7885,0.016748285119952633
0,patch_36_24,9216,9472,6144,6400,65536,MSAVI,-0.20703125,37078,,,,
0,patch_36_24,9216,9472,6144,6400,65536,NDVI,-0.99609375,28458,3171,0.009980732203821757,6302,0.016835303714503314
0,patch_36_25,9216,9472,6400,6656,65536,MSAVI,-0.10546875,36537,,,,
0,patch_36_25,9216,9472,6400,6656,65536,NDVI,-0.99609375,28999,4982,0.00868936060229164,7697,0.014673849124842653
0,patch_36_26,9216,9472,6656,6912,65536,MSAVI,-0.14453125,39549,,,,
0,patch_36_26,9216,9472,6656,6912,65536,NDVI,-0.99609375,25987,6755,0.01281757653911672,7773,0.018844351553828936
0,patch_36_27,9216,9472,6912,7168,65536,MSAVI,-0.08984375,34530,,,,
0,patch_36_27,9216,9472,6912,7168,65536,NDVI,-0.99609375,31006,8309,0.006617076689948126,13083,0.014835698436218903
0,patch_36_28,9216,9472,7168,7424,65536,MSAVI,-0.19140625,42610,,,,
0,patch_36_28,9216,9472,7168,7424,65536,NDVI,-0.99609375,22926,6143,0.02059516261818012,7266,0.025010636363200694
0,patch_36_29,9216,9472,7424,7680,65536,MSAVI,-0.06640625,37244,,,,
0,patch_36_29,9216,9472,7424,7680,65536,NDVI,-0.99609375,28292,5462,0.010148148385867972,7404,0.014047587400605466
0,patch_36_31,9216,9472,7936,8192,65536,MSAVI,0.0,65536,,,,
0,patch_36_31,9216,9472,7936,8192,65536,NDVI,0.0,0,0,0.0,0,0.009808042386020944
0,patch_36_32,9216,9472,8192,8448,65536,MSAVI,0.0,65536,,,,
0,patch_36_32,9216,9472,8192,8448,65536,NDVI,0.0,0,0,0.0,0,0.009808042386020944
0,patch_36_33,9216,9472,8448,8704,65536,MSAVI,0.0,65536,,,,
0,patch_36_33,9216,9472,8448,8704,65536,NDVI,0.0,0,0,0.0,0,0.009808042386020944
0,patch_36_34,9216,9472,8704,8960,65536,MSAVI,0.0,65536,,,,
0,patch_36_34,9216,9472,8704,8960,65536,NDVI,0.0,0,0,0.0,0,0.009808042386020944
0,patch_36_35,9216,9472,8960,9216,65536,MSAVI,0.0,65536,,,,
0,patch_36_35,9216,9472,8960,9216,65536,NDVI,0.0,0,0,0.0,0,0.009808042386020944
0,patch_36_36,9216,9472,9216,9472,65536,MSAVI,0.0,65536,,,,
0,patch_36_36,9216,9472,9216,9472,65536,NDVI,0.0,0,0,0.0,0,0.009808042386020944
0,patch_36_37,9216,9472,9472,9728,65536,MSAVI,0.0,65536,,,,
0,patch_36_37,9216,9472,9472,9728,65536,NDVI,0.0,0,0,0.0,0,0.009808042386020944
0,patch_37_0,9472,9728,0,256,65536,MSAVI,0.0,65536,,,,
0,patch_37_0,9472,9728,0,256,65536,NDVI,0.0,0,0,0.0,0,0.009808042386020944
0,patch_37_1,9472,9728,256,512,65536,MSAVI,0.0,65536,,,,
0,patch_37_1,9472,9728,256,512,65536,NDVI,0.0,0,0,0.0,0,0.009808042386020944
0,patch_37_2,9472,9728,512,768,65536,MSAVI,0.0,65536,,,,
0,patch_37_2,9472,9728,512,768,65536,NDVI,0.0,0,0,0.0,0,0.009808042386020944
0,patch_37_3,9472,9728,768,1024,65536,MSAVI,0.0,65536,,,,
0,patch_37_3,9472,9728,768,1024,65536,NDVI,0.0,0,0,0.0,0,0.009808042386020944
0,patch_37_4,9472,9728,1024,1280,65536,MSAVI,0.0,65536,,,,
0,patch_37_4,9472,9728,1024,1280,65536,NDVI,0.0,0,0,0.0,0,0.009808042386020944
0,patch_37_5,9472,9728,1280,1536,65536,MSAVI,0.0,65536,,,,
0,patch_37_5,9472,9728,1280,1536,65536,NDVI,0.0,0,0,0.0,0,0.009808042386020944
0,patch_37_6,9472,9728,1536,1792,65536,MSAVI,0.0,65536,,,,
0,patch_37_6,9472,9728,1536,1792,65536,NDVI,0.0,0,0,0.0,0,0.009808042386020944
0,patch_37_7,9472,9728,1792,2048,65536,MSAVI,0.0,65536,,,,
0,patch_37_7,9472,9728,1792,2048,65536,NDVI,0.0,0,0,0.0,0,0.009808042386020944
0,patch_37_8,9472,9728,2048,2304,65536,MSAVI,0.0,65536,,,,
0,patch_37_8,9472,9728,2048,2304,65536,NDVI,0.0,0,0,0.0,0,0.009808042386020944
0,patch_37_9,9472,9728,2304,2560,65536,MSAVI,0.0,65536,,,,
0,patch_37_9,9472,9728,2304,2560,65536,NDVI,0.0,0,0,0.0,0,0.009808042386020944
0,patch_37_10,9472,9728,2560,2816,65536,MSAVI,0.0,65536,,,,
0,patch_37_10,9472,9728,2560,2816,65536,NDVI,0.0,0,0,0.0,0,0.009808042386020944
0,patch_37_11,9472,9728,2816,3072,65536,MSAVI,0.0,65536,,,,
0,patch_37_11,9472,9728,2816,3072,65536,NDVI,0.0,0,0,0.0,0,0.009808042386020944
0,patch_37_12,9472,9728,3072,3328,65536,MSAVI,0.0,65536,,,,
0,patch_37_12,9472,9728,3072,3328,65536,NDVI,0.0,0,0,0.0,0,0.009808042386020944
0,patch_37_13,9472,9728,3328,3584,65536,MSAVI,0.0,65536,,,,
0,patch_37_13,9472,9728,3328,3584,65536,NDVI,0.0,0,0,0.0,0,0.009808042386020944
0,patch_37_14,9472,9728,3584,3840,65536,MSAVI,0.0,65536,,,,
0,patch_37_14,9472,9728,3584,3840,65536,NDVI,0.0,0,0,0.0,0,0.009808042386020944
0,patch_37_15,9472,9728,3840,4096,65536,MSAVI,0.0,65536,,,,
0,patch_37_15,9472,9728,3840,4096,65536,NDVI,0.0,0,0,0.0,0,0.009808042386020944
0,patch_37_16,9472,9728,4096,4352,65536,MSAVI,0.0,65536,,,,
0,patch_37_16,9472,9728,4096,4352,65536,NDVI,0.0,0,0,0.0,0,0.009808042386020944
0,patch_37_21,9472,9728,5376,5632,65536,MSAVI,-0.13671875,40151,,,,
0,patch_37_21,9472,9728,5376,5632,65536,NDVI,-0.99609375,25385,11134,0.019503941272662112,11363,0.023424645815379813
0,patch_37_22,9472,9728,5632,5888,65536,MSAVI,-0.16796875,38752,,,,
0,patch_37_22,9472,9728,5632,5888,65536,NDVI,-0.99609375,26784,5820,0.012198271383955767,8248,0.018004368310883007
0,patch_37_23,9472,9728,5888,6144,65536,MSAVI,-0.23046875,37351,,,,
0,patch_37_23,9472,9728,5888,6144,65536,NDVI,-0.99609375,28185,5082,0.009057545847144272,7410,0.01428550912767404
0,patch_37_24,9472,9728,6144,6400,65536,MSAVI,-0.13671875,33264,,,,
0,patch_37_24,9472,9728,6144,6400,65536,NDVI,-0.99609375,32272,6456,0.004273701794779594,14451,0.013236902200373657
0,patch_37_25,9472,9728,6400,6656,65536,MSAVI,-0.11328125,38120,,,,
0,patch_37_25,9472,9728,6400,6656,65536,NDVI,-0.99609375,27416,5515,0.009754923569175955,9074,0.018926669913843563
0,patch_37_26,9472,9728,6656,6912,65536,MSAVI,-0.26171875,37978,,,,
0,patch_37_26,9472,9728,6656,6912,65536,NDVI,-0.99609375,27558,9607,0.011389960306420283,13290,0.021362771735697617
0,patch_37_27,9472,9728,6912,7168,65536,MSAVI,-0.02734375,36036,,,,
0,patch_37_27,9472,9728,6912,7168,65536,NDVI,-0.99609375,29500,6621,0.006953353227375864,10968,0.01699655103847711
0,patch_37_28,9472,9728,7168,7424,65536,MSAVI,-0.05078125,38938,,,,
0,patch_37_28,9472,9728,7168,7424,65536,NDVI,-0.99609375,26598,3196,0.010808178739275198,5762,0.0159035907900153
0,patch_37_31,9472,9728,7936,8192,65536,MSAVI,0.0,65536,,,,
0,patch_37_31,9472,9728,7936,8192,65536,NDVI,0.0,0,0,0.0,0,0.009808042386020944
0,patch_37_32,9472,9728,8192,8448,65536,MSAVI,0.0,65536,,,,
0,patch_37_32,9472,9728,8192,8448,65536,NDVI,0.0,0,0,0.0,0,0.009808042386020944
0,patch_37_33,9472,9728,8448,8704,65536,MSAVI,0.0,65536,,,,
0,patch_37_33,9472,9728,8448,8704,65536,NDVI,0.0,0,0,0.0,0,0.009808042386020944
0,patch_37_34,9472,9728,8704,8960,65536,MSAVI,0.0,65536,,,,
0,patch_37_34,9472,9728,8704,8960,65536,NDVI,0.0,0,0,0.0,0,0.009808042386020944
0,patch_37_35,9472,9728,8960,9216,65536,MSAVI,0.0,65536,,,,
0,patch_37_35,9472,9728,8960,9216,65536,NDVI,0.0,0,0,0.0,0,0.009808042386020944
0,patch_37_36,9472,9728,9216,9472,65536,MSAVI,0.0,65536,,,,
0,patch_37_36,9472,9728,9216,9472,65536,NDVI,0.0,0,0,0.0,0,0.009808042386020944
0,patch_37_37,9472,9728,9472,9728,65536,MSAVI,0.0,65536,,,,
0,patch_37_37,9472,9728,9472,9728,65536,NDVI,0.0,0,0,0.0,0,0.009808042386020944
0,patch_38_0,9728,9984,0,256,65536,MSAVI,0.0,65536,,,,
0,patch_38_0,9728,9984,0,256,65536,NDVI,0.0,0,0,0.0,0,0.009808042386020944
0,patch_38_1,9728,9984,256,512,65536,MSAVI,0.0,65536,,,,
0,patch_38_1,9728,9984,256,512,65536,NDVI,0.0,0,0,0.0,0,0.009808042386020944
0,patch_38_2,9728,9984,512,768,65536,MSAVI,0.0,65536,,,,
0,patch_38_2,9728,9984,512,768,65536,NDVI,0.0,0,0,0.0,0,0.009808042386020944
0,patch_38_3,9728,9984,768,1024,65536,MSAVI,0.0,65536,,,,
0,patch_38_3,9728,9984,768,1024,65536,NDVI,0.0,0,0,0.0,0,0.009808042386020944
0,patch_38_4,9728,9984,1024,1280,65536,MSAVI,0.0,65536,,,,
0,patch_38_4,9728,9984,1024,1280,65536,NDVI,0.0,0,0,0.0,0,0.009808042386020944
0,patch_38_5,9728,9984,1280,1536,65536,MSAVI,0.0,65536,,,,
0,patch_38_5,9728,9984,1280,1536,65536,NDVI,0.0,0,0,0.0,0,0.009808042386020944
0,patch_38_6,9728,9984,1536,1792,65536,MSAVI,0.0,65536,,,,
0,patch_38_6,9728,9984,1536,1792,65536,NDVI,0.0,0,0,0.0,0,0.009808042386020944
0,patch_38_7,9728,9984,1792,2048,65536,MSAVI,0.0,65536,,,,
0,patch_38_7,9728,9984,1792,2048,65536,NDVI,0.0,0,0,0.0,0,0.009808042386020944
0,patch_38_8,9728,9984,2048,2304,65536,MSAVI,0.0,65536,,,,
0,patch_38_8,9728,9984,2048,2304,65536,NDVI,0.0,0,0,0.0,0,0.009808042386020944
0,patch_38_9,9728,9984,2304,2560,65536,MSAVI,0.0,65536,,,,
0,patch_38_9,9728,9984,2304,2560,65536,NDVI,0.0,0,0,0.0,0,0.009808042386020944
0,patch_38_10,9728,9984,2560,2816,65536,MSAVI,0.0,65536,,,,
0,patch_38_10,9728,9984,2560,2816,65536,NDVI,0.0,0,0,0.0,0,0.009808042386020944
0,patch_38_11,9728,9984,2816,3072,65536,MSAVI,0.0,65536,,,,
0,patch_38_11,9728,9984,2816,3072,65536,NDVI,0.0,0,0,0.0,0,0.009808042386020944
0,patch_38_12,9728,9984,3072,3328,65536,MSAVI,0.0,65536,,,,
0,patch_38_12,9728,9984,3072,3328,65536,NDVI,0.0,0,0,0.0,0,0.009808042386020944
0,patch_38_13,9728,9984,3328,3584,65536,MSAVI,0.0,65536,,,,
0,patch_38_13,9728,9984,3328,3584,65536,NDVI,0.0,0,0,0.0,0,0.009808042386020944
0,patch_38_14,9728,9984,3584,3840,65536,MSAVI,0.0,65536,,,,
0,patch_38_14,9728,9984,3584,3840,65536,NDVI,0.0,0,0,0.0,0,0.009808042386020944
0,patch_38_15,9728,9984,3840,4096,65536,MSAVI,0.0,65536,,,,
0,patch_38_15,9728,9984,3840,4096,65536,NDVI,0.0,0,0,0.0,0,0.009808042386020944
0,patch_38_16,9728,9984,4096,4352,65536,MSAVI,0.0,65536,,,,
0,patch_38_16,9728,9984,4096,4352,65536,NDVI,0.0,0,0,0.0,0,0.009808042386020944
0,patch_38_17,9728,9984,4352,4608,65536,MSAVI,0.0,65536,,,,
0,patch_38_17,9728,9984,4352,4608,65536,NDVI,0.0,0,0,0.0,0,0.009808042386020944
0,patch_38_18,9728,9984,4608,4864,65536,MSAVI,0.0,65536,,,,
0,patch_38_18,9728,9984,4608,4864,65536,NDVI,0.0,0,0,0.0,0,0.009808042386020944
0,patch_38_19,9728,9984,4864,5120,65536,MSAVI,0.0,65536,,,,
0,patch_38_19,9728,9984,4864,5120,65536,NDVI,0.0,0,0,0.0,0,0.009808042386020944
0,patch_38_25,9728,9984,6400,6656,65536,MSAVI,-0.09765625,38545,,,,
0,patch_38_25,9728,9984,6400,6656,65536,NDVI,-0.99609375,26991,5579,0.012212385322065672,6902,0.01838905588438211
0,patch_38_26,9728,9984,6656,6912,65536,MSAVI,-0.12109375,39410,,,,
0,patch_38_26,9728,9984,6656,6912,65536,NDVI,-0.99609375,26126,7990,0.01505010351157246,10595,0.01980213312929252
0,patch_38_27,9728,9984,6912,7168,65536,MSAVI,-0.15234375,37269,,,,
0,patch_38_27,9728,9984,6912,7168,65536,NDVI,-0.99609375,28267,3466,0.007913709215578824,7252,0.015929057989957057
0,patch_38_28,9728,9984,7168,7424,65536,MSAVI,-0.08203125,35556,,,,
0,patch_38_28,9728,9984,7168,7424,65536,NDVI,-0.99609375,29980,5106,0.007350666473090045,8916,0.014111434462746403
0,patch_38_30,9728,9984,7680,7936,65536,MSAVI,0.0,65536,,,,
0,patch_38_30,9728,9984,7680,7936,65536,NDVI,0.0,0,0,0.0,0,0.009808042386020944
0,patch_38_31,9728,9984,7936,8192,65536,MSAVI,0.0,65536,,,,
0,patch_38_31,9728,9984,7936,8192,65536,NDVI,0.0,0,0,0.0,0,0.009808042386020944
0,patch_38_32,9728,9984,8192,8448,65536,MSAVI,0.0,65536,,,,
0,patch_38_32,9728,9984,8192,8448,65536,NDVI,0.0,0,0,0.0,0,0.009808042386020944
0,patch_38_33,9728,9984,8448,8704,65536,MSAVI,0.0,65536,,,,
0,patch_38_33,9728,9984,8448,8704,65536,NDVI,0.0,0,0,0.0,0,0.009808042386020944
0,patch_38_34,9728,9984,8704,8960,65536,MSAVI,0.0,65536,,,,
0,patch_38_34,9728,9984,8704,8960,65536,NDVI,0.0,0,0,0.0,0,0.009808042386020944
0,patch_38_35,9728,9984,8960,9216,65536,MSAVI,0.0,65536,,,,
0,patch_38_35,9728,9984,8960,9216,65536,NDVI,0.0,0,0,0.0,0,0.009808042386020944
0,patch_38_36,9728,9984,9216,9472,65536,MSAVI,0.0,65536,,,,
0,patch_38_36,9728,9984,9216,9472,65536,NDVI,0.0,0,0,0.0,0,0.009808042386020944
0,patch_38_37,9728,9984,9472,9728,65536,MSAVI,0.0,65536,,,,
0,patch_38_37,9728,9984,9472,9728,65536,NDVI,0.0,0,0,0.0,0,0.009808042386020944
