,patch,start_vert,end_vert,start_horiz,end_horiz,Patch_Area,VegetationIndex,VI_Thresh,VI_Area,Pure_GaborArea,Pure_GaborThresh,LocalHistEq_GaborArea,LocalHistEq_GaborThresh
0,patch_0_0,0,256,0,256,65536,MSAVI,0.0,65536,,,,
0,patch_0_0,0,256,0,256,65536,NDVI,0.0,0,0,0.0,0,0.009808042386020944
0,patch_0_1,0,256,256,512,65536,MSAVI,0.0,65536,,,,
0,patch_0_1,0,256,256,512,65536,NDVI,0.0,0,0,0.0,0,0.009808042386020944
0,patch_0_2,0,256,512,768,65536,MSAVI,0.0,65536,,,,
0,patch_0_2,0,256,512,768,65536,NDVI,0.0,0,0,0.0,0,0.009808042386020944
0,patch_0_3,0,256,768,1024,65536,MSAVI,0.0,65536,,,,
0,patch_0_3,0,256,768,1024,65536,NDVI,0.0,0,0,0.0,0,0.009808042386020944
0,patch_0_4,0,256,1024,1280,65536,MSAVI,0.0,65536,,,,
0,patch_0_4,0,256,1024,1280,65536,NDVI,0.0,0,0,0.0,0,0.009808042386020944
0,patch_0_5,0,256,1280,1536,65536,MSAVI,0.0,65536,,,,
0,patch_0_5,0,256,1280,1536,65536,NDVI,0.0,0,0,0.0,0,0.009808042386020944
0,patch_0_6,0,256,1536,1792,65536,MSAVI,0.0,65536,,,,
0,patch_0_6,0,256,1536,1792,65536,NDVI,0.0,0,0,0.0,0,0.009808042386020944
0,patch_0_7,0,256,1792,2048,65536,MSAVI,0.0,65536,,,,
0,patch_0_7,0,256,1792,2048,65536,NDVI,0.0,0,0,0.0,0,0.009808042386020944
0,patch_0_8,0,256,2048,2304,65536,MSAVI,0.0,65536,,,,
0,patch_0_8,0,256,2048,2304,65536,NDVI,0.0,0,0,0.0,0,0.009808042386020944
0,patch_0_9,0,256,2304,2560,65536,MSAVI,0.0,65536,,,,
0,patch_0_9,0,256,2304,2560,65536,NDVI,0.0,0,0,0.0,0,0.009808042386020944
0,patch_0_10,0,256,2560,2816,65536,MSAVI,0.0,65536,,,,
0,patch_0_10,0,256,2560,2816,65536,NDVI,0.0,0,0,0.0,0,0.009808042386020944
0,patch_0_11,0,256,2816,3072,65536,MSAVI,0.0,65536,,,,
0,patch_0_11,0,256,2816,3072,65536,NDVI,0.0,0,0,0.0,0,0.009808042386020944
0,patch_0_12,0,256,3072,3328,65536,MSAVI,0.0,65536,,,,
0,patch_0_12,0,256,3072,3328,65536,NDVI,0.0,0,0,0.0,0,0.009808042386020944
0,patch_0_13,0,256,3328,3584,65536,MSAVI,0.0,65536,,,,
0,patch_0_13,0,256,3328,3584,65536,NDVI,0.0,0,0,0.0,0,0.009808042386020944
0,patch_0_14,0,256,3584,3840,65536,MSAVI,0.0,65536,,,,
0,patch_0_14,0,256,3584,3840,65536,NDVI,0.0,0,0,0.0,0,0.009808042386020944
0,patch_0_15,0,256,3840,4096,65536,MSAVI,0.0,65536,,,,
0,patch_0_15,0,256,3840,4096,65536,NDVI,0.0,0,0,0.0,0,0.009808042386020944
0,patch_0_16,0,256,4096,4352,65536,MSAVI,0.0,65536,,,,
0,patch_0_16,0,256,4096,4352,65536,NDVI,0.0,0,0,0.0,0,0.009808042386020944
0,patch_0_17,0,256,4352,4608,65536,MSAVI,0.0,65536,,,,
0,patch_0_17,0,256,4352,4608,65536,NDVI,0.0,0,0,0.0,0,0.009808042386020944
0,patch_0_18,0,256,4608,4864,65536,MSAVI,0.0,65536,,,,
0,patch_0_18,0,256,4608,4864,65536,NDVI,0.0,0,0,0.0,0,0.009808042386020944
0,patch_0_19,0,256,4864,5120,65536,MSAVI,0.0,65536,,,,
0,patch_0_19,0,256,4864,5120,65536,NDVI,0.0,0,0,0.0,0,0.009808042386020944
0,patch_0_20,0,256,5120,5376,65536,MSAVI,0.0,65536,,,,
0,patch_0_20,0,256,5120,5376,65536,NDVI,0.0,0,0,0.0,0,0.009808042386020944
0,patch_0_21,0,256,5376,5632,65536,MSAVI,0.0,65536,,,,
0,patch_0_21,0,256,5376,5632,65536,NDVI,0.0,0,0,0.0,0,0.009808042386020944
0,patch_0_22,0,256,5632,5888,65536,MSAVI,0.0,65536,,,,
0,patch_0_22,0,256,5632,5888,65536,NDVI,0.0,0,0,0.0,0,0.009808042386020944
0,patch_0_23,0,256,5888,6144,65536,MSAVI,0.0,65536,,,,
0,patch_0_23,0,256,5888,6144,65536,NDVI,0.0,0,0,0.0,0,0.009808042386020944
0,patch_0_24,0,256,6144,6400,65536,MSAVI,0.0,65536,,,,
0,patch_0_24,0,256,6144,6400,65536,NDVI,0.0,0,0,0.0,0,0.009808042386020944
0,patch_0_25,0,256,6400,6656,65536,MSAVI,0.0,65536,,,,
0,patch_0_25,0,256,6400,6656,65536,NDVI,0.0,0,0,0.0,0,0.009808042386020944
0,patch_0_31,0,256,7936,8192,65536,MSAVI,0.0,65536,,,,
0,patch_0_31,0,256,7936,8192,65536,NDVI,0.0,0,0,0.0,0,0.009808042386020944
0,patch_0_32,0,256,8192,8448,65536,MSAVI,0.0,65536,,,,
0,patch_0_32,0,256,8192,8448,65536,NDVI,0.0,0,0,0.0,0,0.009808042386020944
0,patch_0_33,0,256,8448,8704,65536,MSAVI,0.0,65536,,,,
0,patch_0_33,0,256,8448,8704,65536,NDVI,0.0,0,0,0.0,0,0.009808042386020944
0,patch_0_34,0,256,8704,8960,65536,MSAVI,0.0,65536,,,,
0,patch_0_34,0,256,8704,8960,65536,NDVI,0.0,0,0,0.0,0,0.009808042386020944
0,patch_0_35,0,256,8960,9216,65536,MSAVI,0.0,65536,,,,
0,patch_0_35,0,256,8960,9216,65536,NDVI,0.0,0,0,0.0,0,0.009808042386020944
0,patch_0_36,0,256,9216,9472,65536,MSAVI,0.0,65536,,,,
0,patch_0_36,0,256,9216,9472,65536,NDVI,0.0,0,0,0.0,0,0.009808042386020944
0,patch_0_37,0,256,9472,9728,65536,MSAVI,0.0,65536,,,,
0,patch_0_37,0,256,9472,9728,65536,NDVI,0.0,0,0,0.0,0,0.009808042386020944
0,patch_0_38,0,256,9728,9984,65536,MSAVI,0.0,65536,,,,
0,patch_0_38,0,256,9728,9984,65536,NDVI,0.0,0,0,0.0,0,0.009808042386020944
0,patch_0_39,0,256,9984,10240,65536,MSAVI,0.0,65536,,,,
0,patch_0_39,0,256,9984,10240,65536,NDVI,0.0,0,0,0.0,0,0.009808042386020944
0,patch_0_40,0,256,10240,10496,65536,MSAVI,0.0,65536,,,,
0,patch_0_40,0,256,10240,10496,65536,NDVI,0.0,0,0,0.0,0,0.009808042386020944
0,patch_0_41,0,256,10496,10752,65536,MSAVI,0.0,65536,,,,
0,patch_0_41,0,256,10496,10752,65536,NDVI,0.0,0,0,0.0,0,0.009808042386020944
0,patch_0_42,0,256,10752,11008,65536,MSAVI,0.0,65536,,,,
0,patch_0_42,0,256,10752,11008,65536,NDVI,0.0,0,0,0.0,0,0.009808042386020944
0,patch_0_43,0,256,11008,11264,65536,MSAVI,0.0,65536,,,,
0,patch_0_43,0,256,11008,11264,65536,NDVI,0.0,0,0,0.0,0,0.009808042386020944
0,patch_0_44,0,256,11264,11520,65536,MSAVI,0.0,65536,,,,
0,patch_0_44,0,256,11264,11520,65536,NDVI,0.0,0,0,0.0,0,0.009808042386020944
0,patch_0_45,0,256,11520,11776,65536,MSAVI,0.0,65536,,,,
0,patch_0_45,0,256,11520,11776,65536,NDVI,0.0,0,0,0.0,0,0.009808042386020944
0,patch_1_0,256,512,0,256,65536,MSAVI,0.0,65536,,,,
0,patch_1_0,256,512,0,256,65536,NDVI,0.0,0,0,0.0,0,0.009808042386020944
0,patch_1_1,256,512,256,512,65536,MSAVI,0.0,65536,,,,
0,patch_1_1,256,512,256,512,65536,NDVI,0.0,0,0,0.0,0,0.009808042386020944
0,patch_1_2,256,512,512,768,65536,MSAVI,0.0,65536,,,,
0,patch_1_2,256,512,512,768,65536,NDVI,0.0,0,0,0.0,0,0.009808042386020944
0,patch_1_3,256,512,768,1024,65536,MSAVI,0.0,65536,,,,
0,patch_1_3,256,512,768,1024,65536,NDVI,0.0,0,0,0.0,0,0.009808042386020944
0,patch_1_4,256,512,1024,1280,65536,MSAVI,0.0,65536,,,,
0,patch_1_4,256,512,1024,1280,65536,NDVI,0.0,0,0,0.0,0,0.009808042386020944
0,patch_1_5,256,512,1280,1536,65536,MSAVI,0.0,65536,,,,
0,patch_1_5,256,512,1280,1536,65536,NDVI,0.0,0,0,0.0,0,0.009808042386020944
0,patch_1_6,256,512,1536,1792,65536,MSAVI,0.0,65536,,,,
0,patch_1_6,256,512,1536,1792,65536,NDVI,0.0,0,0,0.0,0,0.009808042386020944
0,patch_1_7,256,512,1792,2048,65536,MSAVI,0.0,65536,,,,
0,patch_1_7,256,512,1792,2048,65536,NDVI,0.0,0,0,0.0,0,0.009808042386020944
0,patch_1_8,256,512,2048,2304,65536,MSAVI,0.0,65536,,,,
0,patch_1_8,256,512,2048,2304,65536,NDVI,0.0,0,0,0.0,0,0.009808042386020944
0,patch_1_9,256,512,2304,2560,65536,MSAVI,0.0,65536,,,,
0,patch_1_9,256,512,2304,2560,65536,NDVI,0.0,0,0,0.0,0,0.009808042386020944
0,patch_1_10,256,512,2560,2816,65536,MSAVI,0.0,65536,,,,
0,patch_1_10,256,512,2560,2816,65536,NDVI,0.0,0,0,0.0,0,0.009808042386020944
0,patch_1_11,256,512,2816,3072,65536,MSAVI,0.0,65536,,,,
0,patch_1_11,256,512,2816,3072,65536,NDVI,0.0,0,0,0.0,0,0.009808042386020944
0,patch_1_12,256,512,3072,3328,65536,MSAVI,0.0,65536,,,,
0,patch_1_12,256,512,3072,3328,65536,NDVI,0.0,0,0,0.0,0,0.009808042386020944
0,patch_1_13,256,512,3328,3584,65536,MSAVI,0.0,65536,,,,
0,patch_1_13,256,512,3328,3584,65536,NDVI,0.0,0,0,0.0,0,0.009808042386020944
0,patch_1_14,256,512,3584,3840,65536,MSAVI,0.0,65536,,,,
0,patch_1_14,256,512,3584,3840,65536,NDVI,0.0,0,0,0.0,0,0.009808042386020944
0,patch_1_15,256,512,3840,4096,65536,MSAVI,0.0,65536,,,,
0,patch_1_15,256,512,3840,4096,65536,NDVI,0.0,0,0,0.0,0,0.009808042386020944
0,patch_1_16,256,512,4096,4352,65536,MSAVI,0.0,65536,,,,
0,patch_1_16,256,512,4096,4352,65536,NDVI,0.0,0,0,0.0,0,0.009808042386020944
0,patch_1_17,256,512,4352,4608,65536,MSAVI,0.0,65536,,,,
0,patch_1_17,256,512,4352,4608,65536,NDVI,0.0,0,0,0.0,0,0.009808042386020944
0,patch_1_18,256,512,4608,4864,65536,MSAVI,0.0,65536,,,,
0,patch_1_18,256,512,4608,4864,65536,NDVI,0.0,0,0,0.0,0,0.009808042386020944
0,patch_1_19,256,512,4864,5120,65536,MSAVI,0.0,65536,,,,
0,patch_1_19,256,512,4864,5120,65536,NDVI,0.0,0,0,0.0,0,0.009808042386020944
0,patch_1_20,256,512,5120,5376,65536,MSAVI,0.0,65536,,,,
0,patch_1_20,256,512,5120,5376,65536,NDVI,0.0,0,0,0.0,0,0.009808042386020944
0,patch_1_21,256,512,5376,5632,65536,MSAVI,0.0,65536,,,,
0,patch_1_21,256,512,5376,5632,65536,NDVI,0.0,0,0,0.0,0,0.009808042386020944
0,patch_1_22,256,512,5632,5888,65536,MSAVI,0.0,65536,,,,
0,patch_1_22,256,512,5632,5888,65536,NDVI,0.0,0,0,0.0,0,0.009808042386020944
0,patch_1_23,256,512,5888,6144,65536,MSAVI,0.0,65536,,,,
0,patch_1_23,256,512,5888,6144,65536,NDVI,0.0,0,0,0.0,0,0.009808042386020944
0,patch_1_26,256,512,6656,6912,65401,MSAVI,-0.40234375,44472,,,,
0,patch_1_26,256,512,6656,6912,65401,NDVI,-0.99609375,21064,1573,0.020258694702917524,2033,0.028932614378587046
0,patch_1_27,256,512,6912,7168,65536,MSAVI,-0.20703125,43677,,,,
0,patch_1_27,256,512,6912,7168,65536,NDVI,-0.61328125,21859,1538,0.018242417809831796,1873,0.0227827708449084
0,patch_1_28,256,512,7168,7424,65536,MSAVI,-0.19140625,46743,,,,
0,patch_1_28,256,512,7168,7424,65536,NDVI,-0.66796875,18792,2621,0.02476548430534803,3017,0.029820553383076237
0,patch_1_29,256,512,7424,7680,65536,MSAVI,-0.26171875,47646,,,,
0,patch_1_29,256,512,7424,7680,65536,NDVI,-0.77734375,17566,2196,0.02670714410070607,2738,0.030431417382927428
0,patch_1_31,256,512,7936,8192,65536,MSAVI,0.0,65536,,,,
0,patch_1_31,256,512,7936,8192,65536,NDVI,0.0,0,0,0.0,0,0.009808042386020944
0,patch_1_32,256,512,8192,8448,65536,MSAVI,0.0,65536,,,,
0,patch_1_32,256,512,8192,8448,65536,NDVI,0.0,0,0,0.0,0,0.009808042386020944
0,patch_1_33,256,512,8448,8704,65536,MSAVI,0.0,65536,,,,
0,patch_1_33,256,512,8448,8704,65536,NDVI,0.0,0,0,0.0,0,0.009808042386020944
0,patch_1_34,256,512,8704,8960,65536,MSAVI,0.0,65536,,,,
0,patch_1_34,256,512,8704,8960,65536,NDVI,0.0,0,0,0.0,0,0.009808042386020944
0,patch_1_35,256,512,8960,9216,65536,MSAVI,0.0,65536,,,,
0,patch_1_35,256,512,8960,9216,65536,NDVI,0.0,0,0,0.0,0,0.009808042386020944
0,patch_1_36,256,512,9216,9472,65536,MSAVI,0.0,65536,,,,
0,patch_1_36,256,512,9216,9472,65536,NDVI,0.0,0,0,0.0,0,0.009808042386020944
0,patch_1_37,256,512,9472,9728,65536,MSAVI,0.0,65536,,,,
0,patch_1_37,256,512,9472,9728,65536,NDVI,0.0,0,0,0.0,0,0.009808042386020944
0,patch_1_38,256,512,9728,9984,65536,MSAVI,0.0,65536,,,,
0,patch_1_38,256,512,9728,9984,65536,NDVI,0.0,0,0,0.0,0,0.009808042386020944
0,patch_1_39,256,512,9984,10240,65536,MSAVI,0.0,65536,,,,
0,patch_1_39,256,512,9984,10240,65536,NDVI,0.0,0,0,0.0,0,0.009808042386020944
0,patch_1_40,256,512,10240,10496,65536,MSAVI,0.0,65536,,,,
0,patch_1_40,256,512,10240,10496,65536,NDVI,0.0,0,0,0.0,0,0.009808042386020944
0,patch_1_41,256,512,10496,10752,65536,MSAVI,0.0,65536,,,,
0,patch_1_41,256,512,10496,10752,65536,NDVI,0.0,0,0,0.0,0,0.009808042386020944
0,patch_1_42,256,512,10752,11008,65536,MSAVI,0.0,65536,,,,
0,patch_1_42,256,512,10752,11008,65536,NDVI,0.0,0,0,0.0,0,0.009808042386020944
0,patch_1_43,256,512,11008,11264,65536,MSAVI,0.0,65536,,,,
0,patch_1_43,256,512,11008,11264,65536,NDVI,0.0,0,0,0.0,0,0.009808042386020944
0,patch_1_44,256,512,11264,11520,65536,MSAVI,0.0,65536,,,,
0,patch_1_44,256,512,11264,11520,65536,NDVI,0.0,0,0,0.0,0,0.009808042386020944
0,patch_1_45,256,512,11520,11776,65536,MSAVI,0.0,65536,,,,
0,patch_1_45,256,512,11520,11776,65536,NDVI,0.0,0,0,0.0,0,0.009808042386020944
0,patch_2_0,512,768,0,256,65536,MSAVI,0.0,65536,,,,
0,patch_2_0,512,768,0,256,65536,NDVI,0.0,0,0,0.0,0,0.009808042386020944
0,patch_2_1,512,768,256,512,65536,MSAVI,0.0,65536,,,,
0,patch_2_1,512,768,256,512,65536,NDVI,0.0,0,0,0.0,0,0.009808042386020944
0,patch_2_2,512,768,512,768,65536,MSAVI,0.0,65536,,,,
0,patch_2_2,512,768,512,768,65536,NDVI,0.0,0,0,0.0,0,0.009808042386020944
0,patch_2_3,512,768,768,1024,65536,MSAVI,0.0,65536,,,,
0,patch_2_3,512,768,768,1024,65536,NDVI,0.0,0,0,0.0,0,0.009808042386020944
0,patch_2_4,512,768,1024,1280,65536,MSAVI,0.0,65536,,,,
0,patch_2_4,512,768,1024,1280,65536,NDVI,0.0,0,0,0.0,0,0.009808042386020944
0,patch_2_5,512,768,1280,1536,65536,MSAVI,0.0,65536,,,,
0,patch_2_5,512,768,1280,1536,65536,NDVI,0.0,0,0,0.0,0,0.009808042386020944
0,patch_2_6,512,768,1536,1792,65536,MSAVI,0.0,65536,,,,
0,patch_2_6,512,768,1536,1792,65536,NDVI,0.0,0,0,0.0,0,0.009808042386020944
0,patch_2_7,512,768,1792,2048,65536,MSAVI,0.0,65536,,,,
0,patch_2_7,512,768,1792,2048,65536,NDVI,0.0,0,0,0.0,0,0.009808042386020944
0,patch_2_8,512,768,2048,2304,65536,MSAVI,0.0,65536,,,,
0,patch_2_8,512,768,2048,2304,65536,NDVI,0.0,0,0,0.0,0,0.009808042386020944
0,patch_2_9,512,768,2304,2560,65536,MSAVI,0.0,65536,,,,
0,patch_2_9,512,768,2304,2560,65536,NDVI,0.0,0,0,0.0,0,0.009808042386020944
0,patch_2_10,512,768,2560,2816,65536,MSAVI,0.0,65536,,,,
0,patch_2_10,512,768,2560,2816,65536,NDVI,0.0,0,0,0.0,0,0.009808042386020944
0,patch_2_11,512,768,2816,3072,65536,MSAVI,0.0,65536,,,,
0,patch_2_11,512,768,2816,3072,65536,NDVI,0.0,0,0,0.0,0,0.009808042386020944
0,patch_2_12,512,768,3072,3328,65536,MSAVI,0.0,65536,,,,
0,patch_2_12,512,768,3072,3328,65536,NDVI,0.0,0,0,0.0,0,0.009808042386020944
0,patch_2_13,512,768,3328,3584,65536,MSAVI,0.0,65536,,,,
0,patch_2_13,512,768,3328,3584,65536,NDVI,0.0,0,0,0.0,0,0.009808042386020944
0,patch_2_14,512,768,3584,3840,65536,MSAVI,0.0,65536,,,,
0,patch_2_14,512,768,3584,3840,65536,NDVI,0.0,0,0,0.0,0,0.009808042386020944
0,patch_2_15,512,768,3840,4096,65536,MSAVI,0.0,65536,,,,
0,patch_2_15,512,768,3840,4096,65536,NDVI,0.0,0,0,0.0,0,0.009808042386020944
0,patch_2_16,512,768,4096,4352,65536,MSAVI,0.0,65536,,,,
0,patch_2_16,512,768,4096,4352,65536,NDVI,0.0,0,0,0.0,0,0.009808042386020944
0,patch_2_17,512,768,4352,4608,65536,MSAVI,0.0,65536,,,,
0,patch_2_17,512,768,4352,4608,65536,NDVI,0.0,0,0,0.0,0,0.009808042386020944
0,patch_2_18,512,768,4608,4864,65536,MSAVI,0.0,65536,,,,
0,patch_2_18,512,768,4608,4864,65536,NDVI,0.0,0,0,0.0,0,0.009808042386020944
0,patch_2_19,512,768,4864,5120,65536,MSAVI,0.0,65536,,,,
0,patch_2_19,512,768,4864,5120,65536,NDVI,0.0,0,0,0.0,0,0.009808042386020944
0,patch_2_20,512,768,5120,5376,65536,MSAVI,0.0,65536,,,,
0,patch_2_20,512,768,5120,5376,65536,NDVI,0.0,0,0,0.0,0,0.009808042386020944
0,patch_2_21,512,768,5376,5632,65536,MSAVI,0.0,65536,,,,
0,patch_2_21,512,768,5376,5632,65536,NDVI,0.0,0,0,0.0,0,0.009808042386020944
0,patch_2_25,512,768,6400,6656,65536,MSAVI,-0.41015625,46557,,,,
0,patch_2_25,512,768,6400,6656,65536,NDVI,-0.99609375,18979,888,0.024121690385774053,1201,0.03217464271983561
0,patch_2_26,512,768,6656,6912,65536,MSAVI,-0.21484375,45243,,,,
0,patch_2_26,512,768,6656,6912,65536,NDVI,-0.99609375,20293,1199,0.02100619454949748,1499,0.029741144689107657
0,patch_2_27,512,768,6912,7168,65536,MSAVI,0.01953125,41825,,,,
0,patch_2_27,512,768,6912,7168,65536,NDVI,-0.99609375,23711,2444,0.013231818378178467,3380,0.023614298538316925
0,patch_2_28,512,768,7168,7424,65536,MSAVI,-0.16015625,46363,,,,
0,patch_2_28,512,768,7168,7424,65536,NDVI,-0.69921875,18906,1549,0.021683219201803383,1823,0.02911921573459028
0,patch_2_29,512,768,7424,7680,65536,MSAVI,-0.14453125,41919,,,,
0,patch_2_29,512,768,7424,7680,65536,NDVI,-0.69921875,23024,5123,0.016773243371669633,7197,0.024054139401694513
0,patch_2_30,512,768,7680,7936,65536,MSAVI,-0.14453125,44022,,,,
0,patch_2_30,512,768,7680,7936,65536,NDVI,-0.75390625,21150,2428,0.01906844192036189,3379,0.02418191280932397
0,patch_2_32,512,768,8192,8448,65536,MSAVI,0.0,65536,,,,
0,patch_2_32,512,768,8192,8448,65536,NDVI,0.0,0,0,0.0,0,0.009808042386020944
0,patch_2_33,512,768,8448,8704,65536,MSAVI,0.0,65536,,,,
0,patch_2_33,512,768,8448,8704,65536,NDVI,0.0,0,0,0.0,0,0.009808042386020944
0,patch_2_34,512,768,8704,8960,65536,MSAVI,0.0,65536,,,,
0,patch_2_34,512,768,8704,8960,65536,NDVI,0.0,0,0,0.0,0,0.009808042386020944
0,patch_2_35,512,768,8960,9216,65536,MSAVI,0.0,65536,,,,
0,patch_2_35,512,768,8960,9216,65536,NDVI,0.0,0,0,0.0,0,0.009808042386020944
0,patch_2_36,512,768,9216,9472,65536,MSAVI,0.0,65536,,,,
0,patch_2_36,512,768,9216,9472,65536,NDVI,0.0,0,0,0.0,0,0.009808042386020944
0,patch_2_37,512,768,9472,9728,65536,MSAVI,0.0,65536,,,,
0,patch_2_37,512,768,9472,9728,65536,NDVI,0.0,0,0,0.0,0,0.009808042386020944
0,patch_2_38,512,768,9728,9984,65536,MSAVI,0.0,65536,,,,
0,patch_2_38,512,768,9728,9984,65536,NDVI,0.0,0,0,0.0,0,0.009808042386020944
0,patch_2_39,512,768,9984,10240,65536,MSAVI,0.0,65536,,,,
0,patch_2_39,512,768,9984,10240,65536,NDVI,0.0,0,0,0.0,0,0.009808042386020944
0,patch_2_40,512,768,10240,10496,65536,MSAVI,0.0,65536,,,,
0,patch_2_40,512,768,10240,10496,65536,NDVI,0.0,0,0,0.0,0,0.009808042386020944
0,patch_2_41,512,768,10496,10752,65536,MSAVI,0.0,65536,,,,
0,patch_2_41,512,768,10496,10752,65536,NDVI,0.0,0,0,0.0,0,0.009808042386020944
0,patch_2_42,512,768,10752,11008,65536,MSAVI,0.0,65536,,,,
0,patch_2_42,512,768,10752,11008,65536,NDVI,0.0,0,0,0.0,0,0.009808042386020944
0,patch_2_43,512,768,11008,11264,65536,MSAVI,0.0,65536,,,,
0,patch_2_43,512,768,11008,11264,65536,NDVI,0.0,0,0,0.0,0,0.009808042386020944
0,patch_2_44,512,768,11264,11520,65536,MSAVI,0.0,65536,,,,
0,patch_2_44,512,768,11264,11520,65536,NDVI,0.0,0,0,0.0,0,0.009808042386020944
0,patch_2_45,512,768,11520,11776,65536,MSAVI,0.0,65536,,,,
0,patch_2_45,512,768,11520,11776,65536,NDVI,0.0,0,0,0.0,0,0.009808042386020944
0,patch_3_0,768,1024,0,256,65536,MSAVI,0.0,65536,,,,
0,patch_3_0,768,1024,0,256,65536,NDVI,0.0,0,0,0.0,0,0.009808042386020944
0,patch_3_1,768,1024,256,512,65536,MSAVI,0.0,65536,,,,
0,patch_3_1,768,1024,256,512,65536,NDVI,0.0,0,0,0.0,0,0.009808042386020944
0,patch_3_2,768,1024,512,768,65536,MSAVI,0.0,65536,,,,
0,patch_3_2,768,1024,512,768,65536,NDVI,0.0,0,0,0.0,0,0.009808042386020944
0,patch_3_3,768,1024,768,1024,65536,MSAVI,0.0,65536,,,,
0,patch_3_3,768,1024,768,1024,65536,NDVI,0.0,0,0,0.0,0,0.009808042386020944
0,patch_3_4,768,1024,1024,1280,65536,MSAVI,0.0,65536,,,,
0,patch_3_4,768,1024,1024,1280,65536,NDVI,0.0,0,0,0.0,0,0.009808042386020944
0,patch_3_5,768,1024,1280,1536,65536,MSAVI,0.0,65536,,,,
0,patch_3_5,768,1024,1280,1536,65536,NDVI,0.0,0,0,0.0,0,0.009808042386020944
0,patch_3_6,768,1024,1536,1792,65536,MSAVI,0.0,65536,,,,
0,patch_3_6,768,1024,1536,1792,65536,NDVI,0.0,0,0,0.0,0,0.009808042386020944
0,patch_3_7,768,1024,1792,2048,65536,MSAVI,0.0,65536,,,,
0,patch_3_7,768,1024,1792,2048,65536,NDVI,0.0,0,0,0.0,0,0.009808042386020944
0,patch_3_8,768,1024,2048,2304,65536,MSAVI,0.0,65536,,,,
0,patch_3_8,768,1024,2048,2304,65536,NDVI,0.0,0,0,0.0,0,0.009808042386020944
0,patch_3_9,768,1024,2304,2560,65536,MSAVI,0.0,65536,,,,
0,patch_3_9,768,1024,2304,2560,65536,NDVI,0.0,0,0,0.0,0,0.009808042386020944
0,patch_3_10,768,1024,2560,2816,65536,MSAVI,0.0,65536,,,,
0,patch_3_10,768,1024,2560,2816,65536,NDVI,0.0,0,0,0.0,0,0.009808042386020944
0,patch_3_11,768,1024,2816,3072,65536,MSAVI,0.0,65536,,,,
0,patch_3_11,768,1024,2816,3072,65536,NDVI,0.0,0,0,0.0,0,0.009808042386020944
0,patch_3_12,768,1024,3072,3328,65536,MSAVI,0.0,65536,,,,
0,patch_3_12,768,1024,3072,3328,65536,NDVI,0.0,0,0,0.0,0,0.009808042386020944
0,patch_3_13,768,1024,3328,3584,65536,MSAVI,0.0,65536,,,,
0,patch_3_13,768,1024,3328,3584,65536,NDVI,0.0,0,0,0.0,0,0.009808042386020944
0,patch_3_14,768,1024,3584,3840,65536,MSAVI,0.0,65536,,,,
0,patch_3_14,768,1024,3584,3840,65536,NDVI,0.0,0,0,0.0,0,0.009808042386020944
0,patch_3_15,768,1024,3840,4096,65536,MSAVI,0.0,65536,,,,
0,patch_3_15,768,1024,3840,4096,65536,NDVI,0.0,0,0,0.0,0,0.009808042386020944
0,patch_3_16,768,1024,4096,4352,65536,MSAVI,0.0,65536,,,,
0,patch_3_16,768,1024,4096,4352,65536,NDVI,0.0,0,0,0.0,0,0.009808042386020944
0,patch_3_17,768,1024,4352,4608,65536,MSAVI,0.0,65536,,,,
0,patch_3_17,768,1024,4352,4608,65536,NDVI,0.0,0,0,0.0,0,0.009808042386020944
0,patch_3_18,768,1024,4608,4864,65536,MSAVI,0.0,65536,,,,
0,patch_3_18,768,1024,4608,4864,65536,NDVI,0.0,0,0,0.0,0,0.009808042386020944
0,patch_3_19,768,1024,4864,5120,65536,MSAVI,0.0,65536,,,,
0,patch_3_19,768,1024,4864,5120,65536,NDVI,0.0,0,0,0.0,0,0.009808042386020944
0,patch_3_20,768,1024,5120,5376,65536,MSAVI,0.0,65536,,,,
0,patch_3_20,768,1024,5120,5376,65536,NDVI,0.0,0,0,0.0,0,0.009808042386020944
0,patch_3_23,768,1024,5888,6144,65536,MSAVI,-0.22265625,41046,,,,
0,patch_3_23,768,1024,5888,6144,65536,NDVI,-0.99609375,24490,4706,0.016371972587216038,5320,0.021887816843752322
0,patch_3_24,768,1024,6144,6400,65536,MSAVI,-0.23046875,46864,,,,
0,patch_3_24,768,1024,6144,6400,65536,NDVI,-0.99609375,18672,495,0.022094339022551965,425,0.029013992677749983
0,patch_3_25,768,1024,6400,6656,65536,MSAVI,-0.37890625,45417,,,,
0,patch_3_25,768,1024,6400,6656,65536,NDVI,-0.99609375,20119,178,0.022636916756619385,253,0.028017081154381562
0,patch_3_26,768,1024,6656,6912,65536,MSAVI,-0.04296875,43385,,,,
0,patch_3_26,768,1024,6656,6912,65536,NDVI,-0.99609375,22151,1431,0.016784061409768916,2206,0.026326608545760605
0,patch_3_27,768,1024,6912,7168,65536,MSAVI,-0.11328125,42050,,,,
0,patch_3_27,768,1024,6912,7168,65536,NDVI,-0.99609375,23486,6463,0.014433753090512508,6931,0.027172138765644727
0,patch_3_28,768,1024,7168,7424,65536,MSAVI,-0.05859375,44658,,,,
0,patch_3_28,768,1024,7168,7424,65536,NDVI,-0.68359375,20845,2578,0.019071217569463075,3600,0.027642332929413788
0,patch_3_29,768,1024,7424,7680,65536,MSAVI,-0.23828125,45470,,,,
0,patch_3_29,768,1024,7424,7680,65536,NDVI,-0.71484375,18875,2622,0.022244268900240505,2518,0.02918341668207891
0,patch_3_30,768,1024,7680,7936,65536,MSAVI,-0.18359375,43189,,,,
0,patch_3_30,768,1024,7680,7936,65536,NDVI,-0.76953125,22261,2090,0.01913534550659976,2265,0.02125209928525218
0,patch_3_33,768,1024,8448,8704,65536,MSAVI,0.0,65536,,,,
0,patch_3_33,768,1024,8448,8704,65536,NDVI,0.0,0,0,0.0,0,0.009808042386020944
0,patch_3_34,768,1024,8704,8960,65536,MSAVI,0.0,65536,,,,
0,patch_3_34,768,1024,8704,8960,65536,NDVI,0.0,0,0,0.0,0,0.009808042386020944
0,patch_3_35,768,1024,8960,9216,65536,MSAVI,0.0,65536,,,,
0,patch_3_35,768,1024,8960,9216,65536,NDVI,0.0,0,0,0.0,0,0.009808042386020944
0,patch_3_36,768,1024,9216,9472,65536,MSAVI,0.0,65536,,,,
0,patch_3_36,768,1024,9216,9472,65536,NDVI,0.0,0,0,0.0,0,0.009808042386020944
0,patch_3_37,768,1024,9472,9728,65536,MSAVI,0.0,65536,,,,
0,patch_3_37,768,1024,9472,9728,65536,NDVI,0.0,0,0,0.0,0,0.009808042386020944
0,patch_3_38,768,1024,9728,9984,65536,MSAVI,0.0,65536,,,,
0,patch_3_38,768,1024,9728,9984,65536,NDVI,0.0,0,0,0.0,0,0.009808042386020944
0,patch_3_39,768,1024,9984,10240,65536,MSAVI,0.0,65536,,,,
0,patch_3_39,768,1024,9984,10240,65536,NDVI,0.0,0,0,0.0,0,0.009808042386020944
0,patch_3_40,768,1024,10240,10496,65536,MSAVI,0.0,65536,,,,
0,patch_3_40,768,1024,10240,10496,65536,NDVI,0.0,0,0,0.0,0,0.009808042386020944
0,patch_3_41,768,1024,10496,10752,65536,MSAVI,0.0,65536,,,,
0,patch_3_41,768,1024,10496,10752,65536,NDVI,0.0,0,0,0.0,0,0.009808042386020944
0,patch_3_42,768,1024,10752,11008,65536,MSAVI,0.0,65536,,,,
0,patch_3_42,768,1024,10752,11008,65536,NDVI,0.0,0,0,0.0,0,0.009808042386020944
0,patch_3_43,768,1024,11008,11264,65536,MSAVI,0.0,65536,,,,
0,patch_3_43,768,1024,11008,11264,65536,NDVI,0.0,0,0,0.0,0,0.009808042386020944
0,patch_3_44,768,1024,11264,11520,65536,MSAVI,0.0,65536,,,,
0,patch_3_44,768,1024,11264,11520,65536,NDVI,0.0,0,0,0.0,0,0.009808042386020944
0,patch_3_45,768,1024,11520,11776,65536,MSAVI,0.0,65536,,,,
0,patch_3_45,768,1024,11520,11776,65536,NDVI,0.0,0,0,0.0,0,0.009808042386020944
0,patch_4_0,1024,1280,0,256,65536,MSAVI,0.0,65536,,,,
0,patch_4_0,1024,1280,0,256,65536,NDVI,0.0,0,0,0.0,0,0.009808042386020944
0,patch_4_1,1024,1280,256,512,65536,MSAVI,0.0,65536,,,,
0,patch_4_1,1024,1280,256,512,65536,NDVI,0.0,0,0,0.0,0,0.009808042386020944
0,patch_4_2,1024,1280,512,768,65536,MSAVI,0.0,65536,,,,
0,patch_4_2,1024,1280,512,768,65536,NDVI,0.0,0,0,0.0,0,0.009808042386020944
0,patch_4_3,1024,1280,768,1024,65536,MSAVI,0.0,65536,,,,
0,patch_4_3,1024,1280,768,1024,65536,NDVI,0.0,0,0,0.0,0,0.009808042386020944
0,patch_4_4,1024,1280,1024,1280,65536,MSAVI,0.0,65536,,,,
0,patch_4_4,1024,1280,1024,1280,65536,NDVI,0.0,0,0,0.0,0,0.009808042386020944
0,patch_4_5,1024,1280,1280,1536,65536,MSAVI,0.0,65536,,,,
0,patch_4_5,1024,1280,1280,1536,65536,NDVI,0.0,0,0,0.0,0,0.009808042386020944
0,patch_4_6,1024,1280,1536,1792,65536,MSAVI,0.0,65536,,,,
0,patch_4_6,1024,1280,1536,1792,65536,NDVI,0.0,0,0,0.0,0,0.009808042386020944
0,patch_4_7,1024,1280,1792,2048,65536,MSAVI,0.0,65536,,,,
0,patch_4_7,1024,1280,1792,2048,65536,NDVI,0.0,0,0,0.0,0,0.009808042386020944
0,patch_4_8,1024,1280,2048,2304,65536,MSAVI,0.0,65536,,,,
0,patch_4_8,1024,1280,2048,2304,65536,NDVI,0.0,0,0,0.0,0,0.009808042386020944
0,patch_4_9,1024,1280,2304,2560,65536,MSAVI,0.0,65536,,,,
0,patch_4_9,1024,1280,2304,2560,65536,NDVI,0.0,0,0,0.0,0,0.009808042386020944
0,patch_4_10,1024,1280,2560,2816,65536,MSAVI,0.0,65536,,,,
0,patch_4_10,1024,1280,2560,2816,65536,NDVI,0.0,0,0,0.0,0,0.009808042386020944
0,patch_4_11,1024,1280,2816,3072,65536,MSAVI,0.0,65536,,,,
0,patch_4_11,1024,1280,2816,3072,65536,NDVI,0.0,0,0,0.0,0,0.009808042386020944
0,patch_4_12,1024,1280,3072,3328,65536,MSAVI,0.0,65536,,,,
0,patch_4_12,1024,1280,3072,3328,65536,NDVI,0.0,0,0,0.0,0,0.009808042386020944
0,patch_4_13,1024,1280,3328,3584,65536,MSAVI,0.0,65536,,,,
0,patch_4_13,1024,1280,3328,3584,65536,NDVI,0.0,0,0,0.0,0,0.009808042386020944
0,patch_4_14,1024,1280,3584,3840,65536,MSAVI,0.0,65536,,,,
0,patch_4_14,1024,1280,3584,3840,65536,NDVI,0.0,0,0,0.0,0,0.009808042386020944
0,patch_4_15,1024,1280,3840,4096,65536,MSAVI,0.0,65536,,,,
0,patch_4_15,1024,1280,3840,4096,65536,NDVI,0.0,0,0,0.0,0,0.009808042386020944
0,patch_4_16,1024,1280,4096,4352,65536,MSAVI,0.0,65536,,,,
0,patch_4_16,1024,1280,4096,4352,65536,NDVI,0.0,0,0,0.0,0,0.009808042386020944
0,patch_4_17,1024,1280,4352,4608,65536,MSAVI,0.0,65536,,,,
0,patch_4_17,1024,1280,4352,4608,65536,NDVI,0.0,0,0,0.0,0,0.009808042386020944
0,patch_4_18,1024,1280,4608,4864,65536,MSAVI,0.0,65536,,,,
0,patch_4_18,1024,1280,4608,4864,65536,NDVI,0.0,0,0,0.0,0,0.009808042386020944
0,patch_4_22,1024,1280,5632,5888,65536,MSAVI,-0.25390625,45991,,,,
0,patch_4_22,1024,1280,5632,5888,65536,NDVI,-0.99609375,19545,253,0.021107036791785022,818,0.029136620811508446
0,patch_4_23,1024,1280,5888,6144,65536,MSAVI,-0.15234375,42430,,,,
0,patch_4_23,1024,1280,5888,6144,65536,NDVI,-0.99609375,23106,2058,0.015241089031371863,2371,0.022421354181040937
0,patch_4_24,1024,1280,6144,6400,65536,MSAVI,-0.16796875,44310,,,,
0,patch_4_24,1024,1280,6144,6400,65536,NDVI,-0.99609375,21226,228,0.01912868001041315,542,0.02426633433563538
0,patch_4_25,1024,1280,6400,6656,65536,MSAVI,-0.15234375,46335,,,,
0,patch_4_25,1024,1280,6400,6656,65536,NDVI,-0.99609375,19201,52,0.02013383575664726,52,0.027582918044383564
0,patch_4_26,1024,1280,6656,6912,65536,MSAVI,-0.19921875,44026,,,,
0,patch_4_26,1024,1280,6656,6912,65536,NDVI,-0.99609375,21510,2976,0.01974616410121577,3475,0.030620149744475078
0,patch_4_27,1024,1280,6912,7168,65536,MSAVI,-0.05078125,44646,,,,
0,patch_4_27,1024,1280,6912,7168,65536,NDVI,-0.69140625,20888,2133,0.0175328434456999,2188,0.02787569134011797
0,patch_4_28,1024,1280,7168,7424,65536,MSAVI,-0.01953125,40811,,,,
0,patch_4_28,1024,1280,7168,7424,65536,NDVI,-0.99609375,24725,2260,0.013428730737533243,2480,0.021728022738990743
0,patch_4_29,1024,1280,7424,7680,65536,MSAVI,-0.00390625,42795,,,,
0,patch_4_29,1024,1280,7424,7680,65536,NDVI,-0.66796875,22688,3194,0.015062070022683671,4655,0.024856116152976143
0,patch_4_30,1024,1280,7680,7936,65536,MSAVI,-0.23828125,44455,,,,
0,patch_4_30,1024,1280,7680,7936,65536,NDVI,-0.74609375,20386,515,0.020242424487333238,1679,0.024616507922282566
0,patch_4_31,1024,1280,7936,8192,65536,MSAVI,-0.23828125,48379,,,,
0,patch_4_31,1024,1280,7936,8192,65536,NDVI,-0.72265625,17032,374,0.02607124273450767,384,0.029403279843053798
0,patch_4_33,1024,1280,8448,8704,65536,MSAVI,0.0,65536,,,,
0,patch_4_33,1024,1280,8448,8704,65536,NDVI,0.0,0,0,0.0,0,0.009808042386020944
0,patch_4_34,1024,1280,8704,8960,65536,MSAVI,0.0,65536,,,,
0,patch_4_34,1024,1280,8704,8960,65536,NDVI,0.0,0,0,0.0,0,0.009808042386020944
0,patch_4_35,1024,1280,8960,9216,65536,MSAVI,0.0,65536,,,,
0,patch_4_35,1024,1280,8960,9216,65536,NDVI,0.0,0,0,0.0,0,0.009808042386020944
0,patch_4_36,1024,1280,9216,9472,65536,MSAVI,0.0,65536,,,,
0,patch_4_36,1024,1280,9216,9472,65536,NDVI,0.0,0,0,0.0,0,0.009808042386020944
0,patch_4_37,1024,1280,9472,9728,65536,MSAVI,0.0,65536,,,,
0,patch_4_37,1024,1280,9472,9728,65536,NDVI,0.0,0,0,0.0,0,0.009808042386020944
0,patch_4_38,1024,1280,9728,9984,65536,MSAVI,0.0,65536,,,,
0,patch_4_38,1024,1280,9728,9984,65536,NDVI,0.0,0,0,0.0,0,0.009808042386020944
0,patch_4_39,1024,1280,9984,10240,65536,MSAVI,0.0,65536,,,,
0,patch_4_39,1024,1280,9984,10240,65536,NDVI,0.0,0,0,0.0,0,0.009808042386020944
0,patch_4_40,1024,1280,10240,10496,65536,MSAVI,0.0,65536,,,,
0,patch_4_40,1024,1280,10240,10496,65536,NDVI,0.0,0,0,0.0,0,0.009808042386020944
0,patch_4_41,1024,1280,10496,10752,65536,MSAVI,0.0,65536,,,,
0,patch_4_41,1024,1280,10496,10752,65536,NDVI,0.0,0,0,0.0,0,0.009808042386020944
0,patch_4_42,1024,1280,10752,11008,65536,MSAVI,0.0,65536,,,,
0,patch_4_42,1024,1280,10752,11008,65536,NDVI,0.0,0,0,0.0,0,0.009808042386020944
0,patch_4_43,1024,1280,11008,11264,65536,MSAVI,0.0,65536,,,,
0,patch_4_43,1024,1280,11008,11264,65536,NDVI,0.0,0,0,0.0,0,0.009808042386020944
0,patch_4_44,1024,1280,11264,11520,65536,MSAVI,0.0,65536,,,,
0,patch_4_44,1024,1280,11264,11520,65536,NDVI,0.0,0,0,0.0,0,0.009808042386020944
0,patch_4_45,1024,1280,11520,11776,65536,MSAVI,0.0,65536,,,,
0,patch_4_45,1024,1280,11520,11776,65536,NDVI,0.0,0,0,0.0,0,0.009808042386020944
0,patch_5_0,1280,1536,0,256,65536,MSAVI,0.0,65536,,,,
0,patch_5_0,1280,1536,0,256,65536,NDVI,0.0,0,0,0.0,0,0.009808042386020944
0,patch_5_1,1280,1536,256,512,65536,MSAVI,0.0,65536,,,,
0,patch_5_1,1280,1536,256,512,65536,NDVI,0.0,0,0,0.0,0,0.009808042386020944
0,patch_5_2,1280,1536,512,768,65536,MSAVI,0.0,65536,,,,
0,patch_5_2,1280,1536,512,768,65536,NDVI,0.0,0,0,0.0,0,0.009808042386020944
0,patch_5_3,1280,1536,768,1024,65536,MSAVI,0.0,65536,,,,
0,patch_5_3,1280,1536,768,1024,65536,NDVI,0.0,0,0,0.0,0,0.009808042386020944
0,patch_5_4,1280,1536,1024,1280,65536,MSAVI,0.0,65536,,,,
0,patch_5_4,1280,1536,1024,1280,65536,NDVI,0.0,0,0,0.0,0,0.009808042386020944
0,patch_5_5,1280,1536,1280,1536,65536,MSAVI,0.0,65536,,,,
0,patch_5_5,1280,1536,1280,1536,65536,NDVI,0.0,0,0,0.0,0,0.009808042386020944
0,patch_5_6,1280,1536,1536,1792,65536,MSAVI,0.0,65536,,,,
0,patch_5_6,1280,1536,1536,1792,65536,NDVI,0.0,0,0,0.0,0,0.009808042386020944
0,patch_5_7,1280,1536,1792,2048,65536,MSAVI,0.0,65536,,,,
0,patch_5_7,1280,1536,1792,2048,65536,NDVI,0.0,0,0,0.0,0,0.009808042386020944
0,patch_5_8,1280,1536,2048,2304,65536,MSAVI,0.0,65536,,,,
0,patch_5_8,1280,1536,2048,2304,65536,NDVI,0.0,0,0,0.0,0,0.009808042386020944
0,patch_5_9,1280,1536,2304,2560,65536,MSAVI,0.0,65536,,,,
0,patch_5_9,1280,1536,2304,2560,65536,NDVI,0.0,0,0,0.0,0,0.009808042386020944
0,patch_5_10,1280,1536,2560,2816,65536,MSAVI,0.0,65536,,,,
0,patch_5_10,1280,1536,2560,2816,65536,NDVI,0.0,0,0,0.0,0,0.009808042386020944
0,patch_5_11,1280,1536,2816,3072,65536,MSAVI,0.0,65536,,,,
0,patch_5_11,1280,1536,2816,3072,65536,NDVI,0.0,0,0,0.0,0,0.009808042386020944
0,patch_5_12,1280,1536,3072,3328,65536,MSAVI,0.0,65536,,,,
0,patch_5_12,1280,1536,3072,3328,65536,NDVI,0.0,0,0,0.0,0,0.009808042386020944
0,patch_5_13,1280,1536,3328,3584,65536,MSAVI,0.0,65536,,,,
0,patch_5_13,1280,1536,3328,3584,65536,NDVI,0.0,0,0,0.0,0,0.009808042386020944
0,patch_5_14,1280,1536,3584,3840,65536,MSAVI,0.0,65536,,,,
0,patch_5_14,1280,1536,3584,3840,65536,NDVI,0.0,0,0,0.0,0,0.009808042386020944
0,patch_5_15,1280,1536,3840,4096,65536,MSAVI,0.0,65536,,,,
0,patch_5_15,1280,1536,3840,4096,65536,NDVI,0.0,0,0,0.0,0,0.009808042386020944
0,patch_5_16,1280,1536,4096,4352,65536,MSAVI,0.0,65536,,,,
0,patch_5_16,1280,1536,4096,4352,65536,NDVI,0.0,0,0,0.0,0,0.009808042386020944
0,patch_5_20,1280,1536,5120,5376,65536,MSAVI,-0.13671875,49604,,,,
0,patch_5_20,1280,1536,5120,5376,65536,NDVI,-0.99609375,15932,1174,0.02744047066985264,1419,0.03431478626467602
0,patch_5_21,1280,1536,5376,5632,65536,MSAVI,-0.19921875,50160,,,,
0,patch_5_21,1280,1536,5376,5632,65536,NDVI,-0.99609375,15376,186,0.028579534336650475,337,0.03503192037855696
0,patch_5_22,1280,1536,5632,5888,65536,MSAVI,-0.19921875,45808,,,,
0,patch_5_22,1280,1536,5632,5888,65536,NDVI,-0.59765625,19728,3474,0.019542594426326984,3777,0.029953204368468184
0,patch_5_23,1280,1536,5888,6144,65536,MSAVI,-0.37109375,44070,,,,
0,patch_5_23,1280,1536,5888,6144,65536,NDVI,-0.99609375,21466,1584,0.016843019227685163,1970,0.02768097701223582
0,patch_5_24,1280,1536,6144,6400,65536,MSAVI,-0.13671875,43927,,,,
0,patch_5_24,1280,1536,6144,6400,65536,NDVI,-0.99609375,21609,3057,0.01680333667182471,4280,0.026498364583368406
0,patch_5_25,1280,1536,6400,6656,65536,MSAVI,-0.03515625,41646,,,,
0,patch_5_25,1280,1536,6400,6656,65536,NDVI,-0.57421875,23887,5998,0.015083437344740852,6139,0.024562490532398173
0,patch_5_26,1280,1536,6656,6912,65536,MSAVI,-0.21484375,43781,,,,
0,patch_5_26,1280,1536,6656,6912,65536,NDVI,-0.99609375,21755,4718,0.02026640005794808,4749,0.02700788960931158
0,patch_5_27,1280,1536,6912,7168,65536,MSAVI,-0.24609375,46475,,,,
0,patch_5_27,1280,1536,6912,7168,65536,NDVI,-0.99609375,19061,2147,0.02059164985018122,2975,0.030274899451069676
0,patch_5_28,1280,1536,7168,7424,65536,MSAVI,-0.25390625,42049,,,,
0,patch_5_28,1280,1536,7168,7424,65536,NDVI,-0.99609375,23487,1581,0.014694038240773477,2117,0.02181309184566127
0,patch_5_29,1280,1536,7424,7680,65536,MSAVI,-0.12109375,43703,,,,
0,patch_5_29,1280,1536,7424,7680,65536,NDVI,-0.65234375,21832,3955,0.01765901115500615,4152,0.025179777552282623
0,patch_5_30,1280,1536,7680,7936,65536,MSAVI,-0.21484375,46233,,,,
0,patch_5_30,1280,1536,7680,7936,65536,NDVI,-0.72265625,19023,1119,0.022420245424716018,1376,0.027406534217798567
0,patch_5_31,1280,1536,7936,8192,65536,MSAVI,-0.31640625,43634,,,,
0,patch_5_31,1280,1536,7936,8192,65536,NDVI,-0.76171875,18068,766,0.017670294487923732,1313,0.02195119115501834
0,patch_5_34,1280,1536,8704,8960,65536,MSAVI,0.0,65536,,,,
0,patch_5_34,1280,1536,8704,8960,65536,NDVI,0.0,0,0,0.0,0,0.009808042386020944
0,patch_5_35,1280,1536,8960,9216,65536,MSAVI,0.0,65536,,,,
0,patch_5_35,1280,1536,8960,9216,65536,NDVI,0.0,0,0,0.0,0,0.009808042386020944
0,patch_5_36,1280,1536,9216,9472,65536,MSAVI,0.0,65536,,,,
0,patch_5_36,1280,1536,9216,9472,65536,NDVI,0.0,0,0,0.0,0,0.009808042386020944
0,patch_5_37,1280,1536,9472,9728,65536,MSAVI,0.0,65536,,,,
0,patch_5_37,1280,1536,9472,9728,65536,NDVI,0.0,0,0,0.0,0,0.009808042386020944
0,patch_5_38,1280,1536,9728,9984,65536,MSAVI,0.0,65536,,,,
0,patch_5_38,1280,1536,9728,9984,65536,NDVI,0.0,0,0,0.0,0,0.009808042386020944
0,patch_5_39,1280,1536,9984,10240,65536,MSAVI,0.0,65536,,,,
0,patch_5_39,1280,1536,9984,10240,65536,NDVI,0.0,0,0,0.0,0,0.009808042386020944
0,patch_5_40,1280,1536,10240,10496,65536,MSAVI,0.0,65536,,,,
0,patch_5_40,1280,1536,10240,10496,65536,NDVI,0.0,0,0,0.0,0,0.009808042386020944
0,patch_5_41,1280,1536,10496,10752,65536,MSAVI,0.0,65536,,,,
0,patch_5_41,1280,1536,10496,10752,65536,NDVI,0.0,0,0,0.0,0,0.009808042386020944
0,patch_5_42,1280,1536,10752,11008,65536,MSAVI,0.0,65536,,,,
0,patch_5_42,1280,1536,10752,11008,65536,NDVI,0.0,0,0,0.0,0,0.009808042386020944
0,patch_5_43,1280,1536,11008,11264,65536,MSAVI,0.0,65536,,,,
0,patch_5_43,1280,1536,11008,11264,65536,NDVI,0.0,0,0,0.0,0,0.009808042386020944
0,patch_5_44,1280,1536,11264,11520,65536,MSAVI,0.0,65536,,,,
0,patch_5_44,1280,1536,11264,11520,65536,NDVI,0.0,0,0,0.0,0,0.009808042386020944
0,patch_5_45,1280,1536,11520,11776,65536,MSAVI,0.0,65536,,,,
0,patch_5_45,1280,1536,11520,11776,65536,NDVI,0.0,0,0,0.0,0,0.009808042386020944
0,patch_6_0,1536,1792,0,256,65536,MSAVI,0.0,65536,,,,
0,patch_6_0,1536,1792,0,256,65536,NDVI,0.0,0,0,0.0,0,0.009808042386020944
0,patch_6_1,1536,1792,256,512,65536,MSAVI,0.0,65536,,,,
0,patch_6_1,1536,1792,256,512,65536,NDVI,0.0,0,0,0.0,0,0.009808042386020944
0,patch_6_2,1536,1792,512,768,65536,MSAVI,0.0,65536,,,,
0,patch_6_2,1536,1792,512,768,65536,NDVI,0.0,0,0,0.0,0,0.009808042386020944
0,patch_6_3,1536,1792,768,1024,65536,MSAVI,0.0,65536,,,,
0,patch_6_3,1536,1792,768,1024,65536,NDVI,0.0,0,0,0.0,0,0.009808042386020944
0,patch_6_4,1536,1792,1024,1280,65536,MSAVI,0.0,65536,,,,
0,patch_6_4,1536,1792,1024,1280,65536,NDVI,0.0,0,0,0.0,0,0.009808042386020944
0,patch_6_5,1536,1792,1280,1536,65536,MSAVI,0.0,65536,,,,
0,patch_6_5,1536,1792,1280,1536,65536,NDVI,0.0,0,0,0.0,0,0.009808042386020944
0,patch_6_6,1536,1792,1536,1792,65536,MSAVI,0.0,65536,,,,
0,patch_6_6,1536,1792,1536,1792,65536,NDVI,0.0,0,0,0.0,0,0.009808042386020944
0,patch_6_7,1536,1792,1792,2048,65536,MSAVI,0.0,65536,,,,
0,patch_6_7,1536,1792,1792,2048,65536,NDVI,0.0,0,0,0.0,0,0.009808042386020944
0,patch_6_8,1536,1792,2048,2304,65536,MSAVI,0.0,65536,,,,
0,patch_6_8,1536,1792,2048,2304,65536,NDVI,0.0,0,0,0.0,0,0.009808042386020944
0,patch_6_9,1536,1792,2304,2560,65536,MSAVI,0.0,65536,,,,
0,patch_6_9,1536,1792,2304,2560,65536,NDVI,0.0,0,0,0.0,0,0.009808042386020944
0,patch_6_10,1536,1792,2560,2816,65536,MSAVI,0.0,65536,,,,
0,patch_6_10,1536,1792,2560,2816,65536,NDVI,0.0,0,0,0.0,0,0.009808042386020944
0,patch_6_11,1536,1792,2816,3072,65536,MSAVI,0.0,65536,,,,
0,patch_6_11,1536,1792,2816,3072,65536,NDVI,0.0,0,0,0.0,0,0.009808042386020944
0,patch_6_12,1536,1792,3072,3328,65536,MSAVI,0.0,65536,,,,
0,patch_6_12,1536,1792,3072,3328,65536,NDVI,0.0,0,0,0.0,0,0.009808042386020944
0,patch_6_13,1536,1792,3328,3584,65536,MSAVI,0.0,65536,,,,
0,patch_6_13,1536,1792,3328,3584,65536,NDVI,0.0,0,0,0.0,0,0.009808042386020944
0,patch_6_14,1536,1792,3584,3840,65536,MSAVI,0.0,65536,,,,
0,patch_6_14,1536,1792,3584,3840,65536,NDVI,0.0,0,0,0.0,0,0.009808042386020944
0,patch_6_15,1536,1792,3840,4096,65536,MSAVI,0.0,65536,,,,
0,patch_6_15,1536,1792,3840,4096,65536,NDVI,0.0,0,0,0.0,0,0.009808042386020944
0,patch_6_18,1536,1792,4608,4864,65536,MSAVI,-0.39453125,47921,,,,
0,patch_6_18,1536,1792,4608,4864,65536,NDVI,-0.99609375,17615,5182,0.023777164248734245,5449,0.03398942652358791
0,patch_6_19,1536,1792,4864,5120,65536,MSAVI,-0.21484375,46026,,,,
0,patch_6_19,1536,1792,4864,5120,65536,NDVI,-0.99609375,19510,6218,0.02311047837073768,6394,0.03219232481469722
0,patch_6_20,1536,1792,5120,5376,65536,MSAVI,-0.12109375,46539,,,,
0,patch_6_20,1536,1792,5120,5376,65536,NDVI,-0.99609375,18997,184,0.02285053137060733,200,0.02770719522280396
0,patch_6_21,1536,1792,5376,5632,65536,MSAVI,-0.11328125,50051,,,,
0,patch_6_21,1536,1792,5376,5632,65536,NDVI,-0.99609375,15485,331,0.02886615875117196,333,0.03501055101729786
0,patch_6_22,1536,1792,5632,5888,65536,MSAVI,-0.30078125,44137,,,,
0,patch_6_22,1536,1792,5632,5888,65536,NDVI,-0.61328125,21359,7169,0.01747366299761549,7474,0.030916975582276296
0,patch_6_23,1536,1792,5888,6144,65536,MSAVI,-0.45703125,45160,,,,
0,patch_6_23,1536,1792,5888,6144,65536,NDVI,-0.99609375,20376,2253,0.019945157630787164,2686,0.028323042856574332
0,patch_6_24,1536,1792,6144,6400,65536,MSAVI,-0.24609375,46369,,,,
0,patch_6_24,1536,1792,6144,6400,65536,NDVI,-0.99609375,19167,532,0.020821354062845646,696,0.028591156290352387
0,patch_6_25,1536,1792,6400,6656,65536,MSAVI,-0.11328125,44256,,,,
0,patch_6_25,1536,1792,6400,6656,65536,NDVI,-0.60546875,21280,961,0.019142886500355394,981,0.024684095447409793
0,patch_6_26,1536,1792,6656,6912,65536,MSAVI,-0.05859375,42758,,,,
0,patch_6_26,1536,1792,6656,6912,65536,NDVI,-0.99609375,22778,566,0.014824408122709479,564,0.020469986082108732
0,patch_6_27,1536,1792,6912,7168,65536,MSAVI,-0.12109375,42857,,,,
0,patch_6_27,1536,1792,6912,7168,65536,NDVI,-0.99609375,22679,362,0.015444118983496707,861,0.023266144261336802
0,patch_6_28,1536,1792,7168,7424,65536,MSAVI,-0.19140625,43992,,,,
0,patch_6_28,1536,1792,7168,7424,65536,NDVI,-0.99609375,21544,452,0.01652136412512284,614,0.025251930628473085
0,patch_6_29,1536,1792,7424,7680,65536,MSAVI,-0.12890625,44485,,,,
0,patch_6_29,1536,1792,7424,7680,65536,NDVI,-0.65234375,21051,3667,0.020948443703069863,3750,0.028581149775304043
0,patch_6_30,1536,1792,7680,7936,65536,MSAVI,-0.09765625,42055,,,,
0,patch_6_30,1536,1792,7680,7936,65536,NDVI,-0.68359375,22867,7961,0.017782941441782135,9198,0.024166203123040353
0,patch_6_31,1536,1792,7936,8192,65536,MSAVI,-0.18359375,42113,,,,
0,patch_6_31,1536,1792,7936,8192,65536,NDVI,-0.70703125,23298,3452,0.013902345492926238,4767,0.022845395786351447
0,patch_6_32,1536,1792,8192,8448,65536,MSAVI,-0.19140625,45302,,,,
0,patch_6_32,1536,1792,8192,8448,65536,NDVI,-0.72265625,19371,6732,0.022578360645948814,7595,0.02931147758243438
0,patch_6_34,1536,1792,8704,8960,65536,MSAVI,0.0,65536,,,,
0,patch_6_34,1536,1792,8704,8960,65536,NDVI,0.0,0,0,0.0,0,0.009808042386020944
0,patch_6_35,1536,1792,8960,9216,65536,MSAVI,0.0,65536,,,,
0,patch_6_35,1536,1792,8960,9216,65536,NDVI,0.0,0,0,0.0,0,0.009808042386020944
0,patch_6_36,1536,1792,9216,9472,65536,MSAVI,0.0,65536,,,,
0,patch_6_36,1536,1792,9216,9472,65536,NDVI,0.0,0,0,0.0,0,0.009808042386020944
0,patch_6_37,1536,1792,9472,9728,65536,MSAVI,0.0,65536,,,,
0,patch_6_37,1536,1792,9472,9728,65536,NDVI,0.0,0,0,0.0,0,0.009808042386020944
0,patch_6_38,1536,1792,9728,9984,65536,MSAVI,0.0,65536,,,,
0,patch_6_38,1536,1792,9728,9984,65536,NDVI,0.0,0,0,0.0,0,0.009808042386020944
0,patch_6_39,1536,1792,9984,10240,65536,MSAVI,0.0,65536,,,,
0,patch_6_39,1536,1792,9984,10240,65536,NDVI,0.0,0,0,0.0,0,0.009808042386020944
0,patch_6_40,1536,1792,10240,10496,65536,MSAVI,0.0,65536,,,,
0,patch_6_40,1536,1792,10240,10496,65536,NDVI,0.0,0,0,0.0,0,0.009808042386020944
0,patch_6_41,1536,1792,10496,10752,65536,MSAVI,0.0,65536,,,,
0,patch_6_41,1536,1792,10496,10752,65536,NDVI,0.0,0,0,0.0,0,0.009808042386020944
0,patch_6_42,1536,1792,10752,11008,65536,MSAVI,0.0,65536,,,,
0,patch_6_42,1536,1792,10752,11008,65536,NDVI,0.0,0,0,0.0,0,0.009808042386020944
0,patch_6_43,1536,1792,11008,11264,65536,MSAVI,0.0,65536,,,,
0,patch_6_43,1536,1792,11008,11264,65536,NDVI,0.0,0,0,0.0,0,0.009808042386020944
0,patch_6_44,1536,1792,11264,11520,65536,MSAVI,0.0,65536,,,,
0,patch_6_44,1536,1792,11264,11520,65536,NDVI,0.0,0,0,0.0,0,0.009808042386020944
0,patch_6_45,1536,1792,11520,11776,65536,MSAVI,0.0,65536,,,,
0,patch_6_45,1536,1792,11520,11776,65536,NDVI,0.0,0,0,0.0,0,0.009808042386020944
0,patch_7_0,1792,2048,0,256,65536,MSAVI,0.0,65536,,,,
0,patch_7_0,1792,2048,0,256,65536,NDVI,0.0,0,0,0.0,0,0.009808042386020944
0,patch_7_1,1792,2048,256,512,65536,MSAVI,0.0,65536,,,,
0,patch_7_1,1792,2048,256,512,65536,NDVI,0.0,0,0,0.0,0,0.009808042386020944
0,patch_7_2,1792,2048,512,768,65536,MSAVI,0.0,65536,,,,
0,patch_7_2,1792,2048,512,768,65536,NDVI,0.0,0,0,0.0,0,0.009808042386020944
0,patch_7_3,1792,2048,768,1024,65536,MSAVI,0.0,65536,,,,
0,patch_7_3,1792,2048,768,1024,65536,NDVI,0.0,0,0,0.0,0,0.009808042386020944
0,patch_7_4,1792,2048,1024,1280,65536,MSAVI,0.0,65536,,,,
0,patch_7_4,1792,2048,1024,1280,65536,NDVI,0.0,0,0,0.0,0,0.009808042386020944
0,patch_7_5,1792,2048,1280,1536,65536,MSAVI,0.0,65536,,,,
0,patch_7_5,1792,2048,1280,1536,65536,NDVI,0.0,0,0,0.0,0,0.009808042386020944
0,patch_7_6,1792,2048,1536,1792,65536,MSAVI,0.0,65536,,,,
0,patch_7_6,1792,2048,1536,1792,65536,NDVI,0.0,0,0,0.0,0,0.009808042386020944
0,patch_7_7,1792,2048,1792,2048,65536,MSAVI,0.0,65536,,,,
0,patch_7_7,1792,2048,1792,2048,65536,NDVI,0.0,0,0,0.0,0,0.009808042386020944
0,patch_7_8,1792,2048,2048,2304,65536,MSAVI,0.0,65536,,,,
0,patch_7_8,1792,2048,2048,2304,65536,NDVI,0.0,0,0,0.0,0,0.009808042386020944
0,patch_7_9,1792,2048,2304,2560,65536,MSAVI,0.0,65536,,,,
0,patch_7_9,1792,2048,2304,2560,65536,NDVI,0.0,0,0,0.0,0,0.009808042386020944
0,patch_7_10,1792,2048,2560,2816,65536,MSAVI,0.0,65536,,,,
0,patch_7_10,1792,2048,2560,2816,65536,NDVI,0.0,0,0,0.0,0,0.009808042386020944
0,patch_7_11,1792,2048,2816,3072,65536,MSAVI,0.0,65536,,,,
0,patch_7_11,1792,2048,2816,3072,65536,NDVI,0.0,0,0,0.0,0,0.009808042386020944
0,patch_7_12,1792,2048,3072,3328,65536,MSAVI,0.0,65536,,,,
0,patch_7_12,1792,2048,3072,3328,65536,NDVI,0.0,0,0,0.0,0,0.009808042386020944
0,patch_7_13,1792,2048,3328,3584,65536,MSAVI,0.0,65536,,,,
0,patch_7_13,1792,2048,3328,3584,65536,NDVI,0.0,0,0,0.0,0,0.009808042386020944
0,patch_7_17,1792,2048,4352,4608,65536,MSAVI,-0.30078125,46763,,,,
0,patch_7_17,1792,2048,4352,4608,65536,NDVI,-0.99609375,18773,5605,0.025938772362675944,6268,0.03444654900123012
0,patch_7_18,1792,2048,4608,4864,65536,MSAVI,-0.33203125,45639,,,,
0,patch_7_18,1792,2048,4608,4864,65536,NDVI,-0.99609375,19897,5469,0.022498504780321935,5622,0.030617730555582562
0,patch_7_19,1792,2048,4864,5120,65536,MSAVI,-0.15234375,46781,,,,
0,patch_7_19,1792,2048,4864,5120,65536,NDVI,-0.99609375,18755,3688,0.02194125100161172,4152,0.030353919540405727
0,patch_7_20,1792,2048,5120,5376,65536,MSAVI,-0.12890625,43848,,,,
0,patch_7_20,1792,2048,5120,5376,65536,NDVI,-0.99609375,21688,1466,0.017997998058979447,1616,0.025083490702495104
0,patch_7_21,1792,2048,5376,5632,65536,MSAVI,-0.16796875,42992,,,,
0,patch_7_21,1792,2048,5376,5632,65536,NDVI,-0.63671875,22542,654,0.016683428955709678,1531,0.023279328164461405
0,patch_7_22,1792,2048,5632,5888,65536,MSAVI,-0.07421875,41948,,,,
0,patch_7_22,1792,2048,5632,5888,65536,NDVI,-0.63671875,23560,374,0.01705106338820117,288,0.02067112152677872
0,patch_7_23,1792,2048,5888,6144,65536,MSAVI,-0.33203125,43496,,,,
0,patch_7_23,1792,2048,5888,6144,65536,NDVI,-0.99609375,22040,1813,0.016868919848967656,2494,0.02506862091749265
0,patch_7_24,1792,2048,6144,6400,65536,MSAVI,-0.19921875,44306,,,,
0,patch_7_24,1792,2048,6144,6400,65536,NDVI,-0.99609375,21230,684,0.017959904171831464,800,0.02777942281361287
0,patch_7_25,1792,2048,6400,6656,65536,MSAVI,-0.07421875,43298,,,,
0,patch_7_25,1792,2048,6400,6656,65536,NDVI,-0.99609375,22238,141,0.017847531836968633,235,0.02248032119340873
0,patch_7_26,1792,2048,6656,6912,65536,MSAVI,-0.08203125,42179,,,,
0,patch_7_26,1792,2048,6656,6912,65536,NDVI,-0.62890625,23348,58,0.014987295825670932,156,0.01955852541969172
0,patch_7_27,1792,2048,6912,7168,65536,MSAVI,-0.18359375,44417,,,,
0,patch_7_27,1792,2048,6912,7168,65536,NDVI,-0.99609375,21119,472,0.019829864741015807,641,0.023831135492626665
0,patch_7_28,1792,2048,7168,7424,65536,MSAVI,-0.45703125,46313,,,,
0,patch_7_28,1792,2048,7168,7424,65536,NDVI,-0.69921875,19223,926,0.019781209187493987,1375,0.027738204005896078
0,patch_7_29,1792,2048,7424,7680,65536,MSAVI,-0.29296875,42292,,,,
0,patch_7_29,1792,2048,7424,7680,65536,NDVI,-0.99609375,23244,1456,0.016064352513993962,2111,0.023499782823903054
0,patch_7_30,1792,2048,7680,7936,65536,MSAVI,-0.12890625,39897,,,,
0,patch_7_30,1792,2048,7680,7936,65536,NDVI,-0.99609375,25639,4573,0.013104794004251907,7611,0.0222640339697103
0,patch_7_31,1792,2048,7936,8192,65536,MSAVI,-0.16015625,41221,,,,
0,patch_7_31,1792,2048,7936,8192,65536,NDVI,-0.68359375,24301,3433,0.013446248622679374,5119,0.021207907670909187
0,patch_7_32,1792,2048,8192,8448,65536,MSAVI,-0.16015625,44360,,,,
0,patch_7_32,1792,2048,8192,8448,65536,NDVI,-0.69921875,21170,1430,0.019957893455497616,2810,0.0277546159093999
0,patch_7_35,1792,2048,8960,9216,65536,MSAVI,0.0,65536,,,,
0,patch_7_35,1792,2048,8960,9216,65536,NDVI,0.0,0,0,0.0,0,0.009808042386020944
0,patch_7_36,1792,2048,9216,9472,65536,MSAVI,0.0,65536,,,,
0,patch_7_36,1792,2048,9216,9472,65536,NDVI,0.0,0,0,0.0,0,0.009808042386020944
0,patch_7_37,1792,2048,9472,9728,65536,MSAVI,0.0,65536,,,,
0,patch_7_37,1792,2048,9472,9728,65536,NDVI,0.0,0,0,0.0,0,0.009808042386020944
0,patch_7_38,1792,2048,9728,9984,65536,MSAVI,0.0,65536,,,,
0,patch_7_38,1792,2048,9728,9984,65536,NDVI,0.0,0,0,0.0,0,0.009808042386020944
0,patch_7_39,1792,2048,9984,10240,65536,MSAVI,0.0,65536,,,,
0,patch_7_39,1792,2048,9984,10240,65536,NDVI,0.0,0,0,0.0,0,0.009808042386020944
0,patch_7_40,1792,2048,10240,10496,65536,MSAVI,0.0,65536,,,,
0,patch_7_40,1792,2048,10240,10496,65536,NDVI,0.0,0,0,0.0,0,0.009808042386020944
0,patch_7_41,1792,2048,10496,10752,65536,MSAVI,0.0,65536,,,,
0,patch_7_41,1792,2048,10496,10752,65536,NDVI,0.0,0,0,0.0,0,0.009808042386020944
0,patch_7_42,1792,2048,10752,11008,65536,MSAVI,0.0,65536,,,,
0,patch_7_42,1792,2048,10752,11008,65536,NDVI,0.0,0,0,0.0,0,0.009808042386020944
0,patch_7_43,1792,2048,11008,11264,65536,MSAVI,0.0,65536,,,,
0,patch_7_43,1792,2048,11008,11264,65536,NDVI,0.0,0,0,0.0,0,0.009808042386020944
0,patch_7_44,1792,2048,11264,11520,65536,MSAVI,0.0,65536,,,,
0,patch_7_44,1792,2048,11264,11520,65536,NDVI,0.0,0,0,0.0,0,0.009808042386020944
0,patch_7_45,1792,2048,11520,11776,65536,MSAVI,0.0,65536,,,,
0,patch_7_45,1792,2048,11520,11776,65536,NDVI,0.0,0,0,0.0,0,0.009808042386020944
0,patch_8_0,2048,2304,0,256,65536,MSAVI,0.0,65536,,,,
0,patch_8_0,2048,2304,0,256,65536,NDVI,0.0,0,0,0.0,0,0.009808042386020944
0,patch_8_1,2048,2304,256,512,65536,MSAVI,0.0,65536,,,,
0,patch_8_1,2048,2304,256,512,65536,NDVI,0.0,0,0,0.0,0,0.009808042386020944
0,patch_8_2,2048,2304,512,768,65536,MSAVI,0.0,65536,,,,
0,patch_8_2,2048,2304,512,768,65536,NDVI,0.0,0,0,0.0,0,0.009808042386020944
0,patch_8_3,2048,2304,768,1024,65536,MSAVI,0.0,65536,,,,
0,patch_8_3,2048,2304,768,1024,65536,NDVI,0.0,0,0,0.0,0,0.009808042386020944
0,patch_8_4,2048,2304,1024,1280,65536,MSAVI,0.0,65536,,,,
0,patch_8_4,2048,2304,1024,1280,65536,NDVI,0.0,0,0,0.0,0,0.009808042386020944
0,patch_8_5,2048,2304,1280,1536,65536,MSAVI,0.0,65536,,,,
0,patch_8_5,2048,2304,1280,1536,65536,NDVI,0.0,0,0,0.0,0,0.009808042386020944
0,patch_8_6,2048,2304,1536,1792,65536,MSAVI,0.0,65536,,,,
0,patch_8_6,2048,2304,1536,1792,65536,NDVI,0.0,0,0,0.0,0,0.009808042386020944
0,patch_8_7,2048,2304,1792,2048,65536,MSAVI,0.0,65536,,,,
0,patch_8_7,2048,2304,1792,2048,65536,NDVI,0.0,0,0,0.0,0,0.009808042386020944
0,patch_8_8,2048,2304,2048,2304,65536,MSAVI,0.0,65536,,,,
0,patch_8_8,2048,2304,2048,2304,65536,NDVI,0.0,0,0,0.0,0,0.009808042386020944
0,patch_8_9,2048,2304,2304,2560,65536,MSAVI,0.0,65536,,,,
0,patch_8_9,2048,2304,2304,2560,65536,NDVI,0.0,0,0,0.0,0,0.009808042386020944
0,patch_8_10,2048,2304,2560,2816,65536,MSAVI,0.0,65536,,,,
0,patch_8_10,2048,2304,2560,2816,65536,NDVI,0.0,0,0,0.0,0,0.009808042386020944
0,patch_8_11,2048,2304,2816,3072,65536,MSAVI,0.0,65536,,,,
0,patch_8_11,2048,2304,2816,3072,65536,NDVI,0.0,0,0,0.0,0,0.009808042386020944
0,patch_8_15,2048,2304,3840,4096,65536,MSAVI,-0.12109375,51950,,,,
0,patch_8_15,2048,2304,3840,4096,65536,NDVI,-0.99609375,13586,3087,0.02483536783703319,3002,0.04197734484895779
0,patch_8_16,2048,2304,4096,4352,65536,MSAVI,-0.31640625,50359,,,,
0,patch_8_16,2048,2304,4096,4352,65536,NDVI,-0.99609375,15177,4894,0.029384040451276044,4705,0.0384585708053668
0,patch_8_17,2048,2304,4352,4608,65536,MSAVI,-0.21484375,50433,,,,
0,patch_8_17,2048,2304,4352,4608,65536,NDVI,-0.99609375,15103,1132,0.027307599393181586,1183,0.03685292868646922
0,patch_8_18,2048,2304,4608,4864,65536,MSAVI,-0.26953125,44058,,,,
0,patch_8_18,2048,2304,4608,4864,65536,NDVI,-0.99609375,21478,1998,0.019257815718873333,2425,0.02407741980628894
0,patch_8_19,2048,2304,4864,5120,65536,MSAVI,-0.08984375,43865,,,,
0,patch_8_19,2048,2304,4864,5120,65536,NDVI,-0.99609375,21671,2571,0.015935719445271224,2369,0.025618212542933894
0,patch_8_20,2048,2304,5120,5376,65536,MSAVI,-0.15234375,44169,,,,
0,patch_8_20,2048,2304,5120,5376,65536,NDVI,-0.99609375,21367,1184,0.01799390111423803,1515,0.027768099757481346
0,patch_8_21,2048,2304,5376,5632,65536,MSAVI,-0.08203125,45281,,,,
0,patch_8_21,2048,2304,5376,5632,65536,NDVI,-0.99609375,20255,926,0.018743857747263615,1095,0.024506970208942797
0,patch_8_22,2048,2304,5632,5888,65536,MSAVI,-0.15234375,42951,,,,
0,patch_8_22,2048,2304,5632,5888,65536,NDVI,-0.99609375,22585,0,0.017838621935638566,142,0.022943180613066855
0,patch_8_23,2048,2304,5888,6144,65536,MSAVI,-0.19921875,41420,,,,
0,patch_8_23,2048,2304,5888,6144,65536,NDVI,-0.99609375,24116,1741,0.016445739557700845,2024,0.021651443374810453
0,patch_8_24,2048,2304,6144,6400,65536,MSAVI,-0.22265625,42850,,,,
0,patch_8_24,2048,2304,6144,6400,65536,NDVI,-0.99609375,22686,3951,0.014649530396443664,3982,0.023292544618726013
0,patch_8_25,2048,2304,6400,6656,65536,MSAVI,-0.23046875,45818,,,,
0,patch_8_25,2048,2304,6400,6656,65536,NDVI,-0.99609375,19718,1533,0.021721114343490416,1707,0.02876211452859201
0,patch_8_26,2048,2304,6656,6912,65536,MSAVI,-0.12890625,44344,,,,
0,patch_8_26,2048,2304,6656,6912,65536,NDVI,-0.99609375,21192,131,0.017796398271187508,382,0.025456568703842886
0,patch_8_27,2048,2304,6912,7168,65536,MSAVI,-0.13671875,42903,,,,
0,patch_8_27,2048,2304,6912,7168,65536,NDVI,-0.99609375,22633,0,0.016910454884725035,0,0.020632182999654275
0,patch_8_28,2048,2304,7168,7424,65536,MSAVI,-0.08203125,41858,,,,
0,patch_8_28,2048,2304,7168,7424,65536,NDVI,-0.99609375,23678,3180,0.015552166570788978,4379,0.0225012831497719
0,patch_8_29,2048,2304,7424,7680,65536,MSAVI,-0.38671875,37030,,,,
0,patch_8_29,2048,2304,7424,7680,65536,NDVI,-0.99609375,28506,12894,0.011838487499317402,15334,0.02175621863494659
0,patch_8_30,2048,2304,7680,7936,65536,MSAVI,-0.12109375,46537,,,,
0,patch_8_30,2048,2304,7680,7936,65536,NDVI,-0.99609375,18999,16014,0.020857791168641324,65536,0.0329981176071093
0,patch_8_31,2048,2304,7936,8192,65536,MSAVI,-0.14453125,39969,,,,
0,patch_8_31,2048,2304,7936,8192,65536,NDVI,-0.65234375,25567,3229,0.01185764393643804,5644,0.0175290992670995
0,patch_8_32,2048,2304,8192,8448,65536,MSAVI,-0.19921875,39700,,,,
0,patch_8_32,2048,2304,8192,8448,65536,NDVI,-0.99609375,25836,2029,0.012789042121059968,3943,0.020281498626974592
0,patch_8_33,2048,2304,8448,8704,65536,MSAVI,-0.19140625,45671,,,,
0,patch_8_33,2048,2304,8448,8704,65536,NDVI,-0.99609375,19865,645,0.02123657350759045,1311,0.02632756159196456
0,patch_8_36,2048,2304,9216,9472,65536,MSAVI,0.0,65536,,,,
0,patch_8_36,2048,2304,9216,9472,65536,NDVI,0.0,0,0,0.0,0,0.009808042386020944
0,patch_8_37,2048,2304,9472,9728,65536,MSAVI,0.0,65536,,,,
0,patch_8_37,2048,2304,9472,9728,65536,NDVI,0.0,0,0,0.0,0,0.009808042386020944
0,patch_8_38,2048,2304,9728,9984,65536,MSAVI,0.0,65536,,,,
0,patch_8_38,2048,2304,9728,9984,65536,NDVI,0.0,0,0,0.0,0,0.009808042386020944
0,patch_8_39,2048,2304,9984,10240,65536,MSAVI,0.0,65536,,,,
0,patch_8_39,2048,2304,9984,10240,65536,NDVI,0.0,0,0,0.0,0,0.009808042386020944
0,patch_8_40,2048,2304,10240,10496,65536,MSAVI,0.0,65536,,,,
0,patch_8_40,2048,2304,10240,10496,65536,NDVI,0.0,0,0,0.0,0,0.009808042386020944
0,patch_8_41,2048,2304,10496,10752,65536,MSAVI,0.0,65536,,,,
0,patch_8_41,2048,2304,10496,10752,65536,NDVI,0.0,0,0,0.0,0,0.009808042386020944
0,patch_8_42,2048,2304,10752,11008,65536,MSAVI,0.0,65536,,,,
0,patch_8_42,2048,2304,10752,11008,65536,NDVI,0.0,0,0,0.0,0,0.009808042386020944
0,patch_8_43,2048,2304,11008,11264,65536,MSAVI,0.0,65536,,,,
0,patch_8_43,2048,2304,11008,11264,65536,NDVI,0.0,0,0,0.0,0,0.009808042386020944
0,patch_8_44,2048,2304,11264,11520,65536,MSAVI,0.0,65536,,,,
0,patch_8_44,2048,2304,11264,11520,65536,NDVI,0.0,0,0,0.0,0,0.009808042386020944
0,patch_8_45,2048,2304,11520,11776,65536,MSAVI,0.0,65536,,,,
0,patch_8_45,2048,2304,11520,11776,65536,NDVI,0.0,0,0,0.0,0,0.009808042386020944
0,patch_9_0,2304,2560,0,256,65536,MSAVI,0.0,65536,,,,
0,patch_9_0,2304,2560,0,256,65536,NDVI,0.0,0,0,0.0,0,0.009808042386020944
0,patch_9_1,2304,2560,256,512,65536,MSAVI,0.0,65536,,,,
0,patch_9_1,2304,2560,256,512,65536,NDVI,0.0,0,0,0.0,0,0.009808042386020944
0,patch_9_2,2304,2560,512,768,65536,MSAVI,0.0,65536,,,,
0,patch_9_2,2304,2560,512,768,65536,NDVI,0.0,0,0,0.0,0,0.009808042386020944
0,patch_9_3,2304,2560,768,1024,65536,MSAVI,0.0,65536,,,,
0,patch_9_3,2304,2560,768,1024,65536,NDVI,0.0,0,0,0.0,0,0.009808042386020944
0,patch_9_4,2304,2560,1024,1280,65536,MSAVI,0.0,65536,,,,
0,patch_9_4,2304,2560,1024,1280,65536,NDVI,0.0,0,0,0.0,0,0.009808042386020944
0,patch_9_5,2304,2560,1280,1536,65536,MSAVI,0.0,65536,,,,
0,patch_9_5,2304,2560,1280,1536,65536,NDVI,0.0,0,0,0.0,0,0.009808042386020944
0,patch_9_6,2304,2560,1536,1792,65536,MSAVI,0.0,65536,,,,
0,patch_9_6,2304,2560,1536,1792,65536,NDVI,0.0,0,0,0.0,0,0.009808042386020944
0,patch_9_7,2304,2560,1792,2048,65536,MSAVI,0.0,65536,,,,
0,patch_9_7,2304,2560,1792,2048,65536,NDVI,0.0,0,0,0.0,0,0.009808042386020944
0,patch_9_8,2304,2560,2048,2304,65536,MSAVI,0.0,65536,,,,
0,patch_9_8,2304,2560,2048,2304,65536,NDVI,0.0,0,0,0.0,0,0.009808042386020944
0,patch_9_9,2304,2560,2304,2560,65536,MSAVI,0.0,65536,,,,
0,patch_9_9,2304,2560,2304,2560,65536,NDVI,0.0,0,0,0.0,0,0.009808042386020944
0,patch_9_10,2304,2560,2560,2816,65536,MSAVI,0.0,65536,,,,
0,patch_9_10,2304,2560,2560,2816,65536,NDVI,0.0,0,0,0.0,0,0.009808042386020944
0,patch_9_13,2304,2560,3328,3584,65536,MSAVI,-0.07421875,46920,,,,
0,patch_9_13,2304,2560,3328,3584,65536,NDVI,-0.99609375,18616,1951,0.022950875117191738,2008,0.03011153868754507
0,patch_9_14,2304,2560,3584,3840,65536,MSAVI,-0.41796875,47146,,,,
0,patch_9_14,2304,2560,3584,3840,65536,NDVI,-0.99609375,18390,1655,0.022967067920901973,1888,0.03135521750198414
0,patch_9_15,2304,2560,3840,4096,65536,MSAVI,-0.23828125,50993,,,,
0,patch_9_15,2304,2560,3840,4096,65536,NDVI,-0.99609375,14543,4073,0.03143061512927073,4193,0.03826988099251452
0,patch_9_16,2304,2560,4096,4352,65536,MSAVI,-0.34765625,47165,,,,
0,patch_9_16,2304,2560,4096,4352,65536,NDVI,-0.99609375,18371,6337,0.02547952804473891,7011,0.03348097859819385
0,patch_9_17,2304,2560,4352,4608,65536,MSAVI,-0.14453125,46704,,,,
0,patch_9_17,2304,2560,4352,4608,65536,NDVI,-0.99609375,18832,5994,0.026322295363709086,6285,0.03377901583091064
0,patch_9_18,2304,2560,4608,4864,65536,MSAVI,-0.19921875,40366,,,,
0,patch_9_18,2304,2560,4608,4864,65536,NDVI,-0.99609375,25170,2308,0.01455735275429551,2957,0.01968076068896807
0,patch_9_19,2304,2560,4864,5120,65536,MSAVI,-0.31640625,43724,,,,
0,patch_9_19,2304,2560,4864,5120,65536,NDVI,-0.99609375,21812,591,0.01839480977506014,1207,0.025016844827280976
0,patch_9_20,2304,2560,5120,5376,65536,MSAVI,-0.22265625,45959,,,,
0,patch_9_20,2304,2560,5120,5376,65536,NDVI,-0.58984375,19569,7683,0.020827826275816474,7651,0.03369581189385368
0,patch_9_21,2304,2560,5376,5632,65536,MSAVI,-0.34765625,49866,,,,
0,patch_9_21,2304,2560,5376,5632,65536,NDVI,-0.66015625,15663,2132,0.026926782361705454,2046,0.03616480969511682
0,patch_9_22,2304,2560,5632,5888,65536,MSAVI,-0.28515625,44495,,,,
0,patch_9_22,2304,2560,5632,5888,65536,NDVI,-0.99609375,21041,2018,0.02143586016593746,2232,0.026745011783622513
0,patch_9_23,2304,2560,5888,6144,65536,MSAVI,-0.19921875,41806,,,,
0,patch_9_23,2304,2560,5888,6144,65536,NDVI,-0.99609375,23730,528,0.016389252093909984,989,0.01988518944045098
0,patch_9_24,2304,2560,6144,6400,65536,MSAVI,-0.27734375,43485,,,,
0,patch_9_24,2304,2560,6144,6400,65536,NDVI,-0.99609375,22051,2956,0.017290892301747407,3359,0.025600348570630066
0,patch_9_25,2304,2560,6400,6656,65536,MSAVI,-0.29296875,44445,,,,
0,patch_9_25,2304,2560,6400,6656,65536,NDVI,-0.99609375,21091,1838,0.019425185961399305,2060,0.028735773947353355
0,patch_9_26,2304,2560,6656,6912,65536,MSAVI,-0.00390625,42308,,,,
0,patch_9_26,2304,2560,6656,6912,65536,NDVI,-0.99609375,23228,1417,0.013792814661414354,2349,0.023671639734146377
0,patch_9_27,2304,2560,6912,7168,65536,MSAVI,-0.09765625,33481,,,,
0,patch_9_27,2304,2560,6912,7168,65536,NDVI,-0.99609375,32055,10084,0.005807169045243976,13317,0.014550340662862205
0,patch_9_28,2304,2560,7168,7424,65536,MSAVI,-0.19140625,38874,,,,
0,patch_9_28,2304,2560,7168,7424,65536,NDVI,-0.99609375,26662,1246,0.012239609579653365,1978,0.016838051312584257
0,patch_9_29,2304,2560,7424,7680,65536,MSAVI,-0.12890625,35551,,,,
0,patch_9_29,2304,2560,7424,7680,65536,NDVI,-0.99609375,29985,4990,0.0068657061601523905,7884,0.013445473811991876
0,patch_9_30,2304,2560,7680,7936,65536,MSAVI,-0.23828125,48261,,,,
0,patch_9_30,2304,2560,7680,7936,65536,NDVI,-0.99609375,17275,13382,0.023351238784578662,65536,0.03373922567010254
0,patch_9_31,2304,2560,7936,8192,65536,MSAVI,-0.17578125,36388,,,,
0,patch_9_31,2304,2560,7936,8192,65536,NDVI,-0.99609375,29148,6542,0.007776189252595003,8425,0.01670858323270663
0,patch_9_32,2304,2560,8192,8448,65536,MSAVI,-0.16796875,41333,,,,
0,patch_9_32,2304,2560,8192,8448,65536,NDVI,-0.64453125,24203,687,0.014844489047044135,1096,0.020149011862489408
0,patch_9_33,2304,2560,8448,8704,65536,MSAVI,-0.19140625,47419,,,,
0,patch_9_33,2304,2560,8448,8704,65536,NDVI,-0.99609375,18117,538,0.023029029766819337,871,0.030085617567131462
0,patch_9_34,2304,2560,8704,8960,65536,MSAVI,-0.16015625,47311,,,,
0,patch_9_34,2304,2560,8704,8960,65536,NDVI,-0.99609375,18225,627,0.023079721759184046,870,0.026813353048230848
0,patch_9_36,2304,2560,9216,9472,65536,MSAVI,0.0,65536,,,,
0,patch_9_36,2304,2560,9216,9472,65536,NDVI,0.0,0,0,0.0,0,0.009808042386020944
0,patch_9_37,2304,2560,9472,9728,65536,MSAVI,0.0,65536,,,,
0,patch_9_37,2304,2560,9472,9728,65536,NDVI,0.0,0,0,0.0,0,0.009808042386020944
0,patch_9_38,2304,2560,9728,9984,65536,MSAVI,0.0,65536,,,,
0,patch_9_38,2304,2560,9728,9984,65536,NDVI,0.0,0,0,0.0,0,0.009808042386020944
0,patch_9_39,2304,2560,9984,10240,65536,MSAVI,0.0,65536,,,,
0,patch_9_39,2304,2560,9984,10240,65536,NDVI,0.0,0,0,0.0,0,0.009808042386020944
0,patch_9_40,2304,2560,10240,10496,65536,MSAVI,0.0,65536,,,,
0,patch_9_40,2304,2560,10240,10496,65536,NDVI,0.0,0,0,0.0,0,0.009808042386020944
0,patch_9_41,2304,2560,10496,10752,65536,MSAVI,0.0,65536,,,,
0,patch_9_41,2304,2560,10496,10752,65536,NDVI,0.0,0,0,0.0,0,0.009808042386020944
0,patch_9_42,2304,2560,10752,11008,65536,MSAVI,0.0,65536,,,,
0,patch_9_42,2304,2560,10752,11008,65536,NDVI,0.0,0,0,0.0,0,0.009808042386020944
0,patch_9_43,2304,2560,11008,11264,65536,MSAVI,0.0,65536,,,,
0,patch_9_43,2304,2560,11008,11264,65536,NDVI,0.0,0,0,0.0,0,0.009808042386020944
0,patch_9_44,2304,2560,11264,11520,65536,MSAVI,0.0,65536,,,,
0,patch_9_44,2304,2560,11264,11520,65536,NDVI,0.0,0,0,0.0,0,0.009808042386020944
0,patch_9_45,2304,2560,11520,11776,65536,MSAVI,0.0,65536,,,,
0,patch_9_45,2304,2560,11520,11776,65536,NDVI,0.0,0,0,0.0,0,0.009808042386020944
0,patch_10_0,2560,2816,0,256,65536,MSAVI,0.0,65536,,,,
0,patch_10_0,2560,2816,0,256,65536,NDVI,0.0,0,0,0.0,0,0.009808042386020944
0,patch_10_1,2560,2816,256,512,65536,MSAVI,0.0,65536,,,,
0,patch_10_1,2560,2816,256,512,65536,NDVI,0.0,0,0,0.0,0,0.009808042386020944
0,patch_10_2,2560,2816,512,768,65536,MSAVI,0.0,65536,,,,
0,patch_10_2,2560,2816,512,768,65536,NDVI,0.0,0,0,0.0,0,0.009808042386020944
0,patch_10_3,2560,2816,768,1024,65536,MSAVI,0.0,65536,,,,
0,patch_10_3,2560,2816,768,1024,65536,NDVI,0.0,0,0,0.0,0,0.009808042386020944
0,patch_10_4,2560,2816,1024,1280,65536,MSAVI,0.0,65536,,,,
0,patch_10_4,2560,2816,1024,1280,65536,NDVI,0.0,0,0,0.0,0,0.009808042386020944
0,patch_10_5,2560,2816,1280,1536,65536,MSAVI,0.0,65536,,,,
0,patch_10_5,2560,2816,1280,1536,65536,NDVI,0.0,0,0,0.0,0,0.009808042386020944
0,patch_10_6,2560,2816,1536,1792,65536,MSAVI,0.0,65536,,,,
0,patch_10_6,2560,2816,1536,1792,65536,NDVI,0.0,0,0,0.0,0,0.009808042386020944
0,patch_10_7,2560,2816,1792,2048,65536,MSAVI,0.0,65536,,,,
0,patch_10_7,2560,2816,1792,2048,65536,NDVI,0.0,0,0,0.0,0,0.009808042386020944
0,patch_10_8,2560,2816,2048,2304,65536,MSAVI,0.0,65536,,,,
0,patch_10_8,2560,2816,2048,2304,65536,NDVI,0.0,0,0,0.0,0,0.009808042386020944
0,patch_10_12,2560,2816,3072,3328,65536,MSAVI,-0.23046875,44070,,,,
0,patch_10_12,2560,2816,3072,3328,65536,NDVI,-0.99609375,21466,5365,0.019368985113452974,5256,0.029487862485133742
0,patch_10_13,2560,2816,3328,3584,65536,MSAVI,-0.18359375,44638,,,,
0,patch_10_13,2560,2816,3328,3584,65536,NDVI,-0.99609375,20898,1736,0.01803092815011849,1739,0.02411390795938098
0,patch_10_14,2560,2816,3584,3840,65536,MSAVI,-0.14453125,45869,,,,
0,patch_10_14,2560,2816,3584,3840,65536,NDVI,-0.99609375,19667,3069,0.018613196407019403,3151,0.029196635490466943
0,patch_10_15,2560,2816,3840,4096,65536,MSAVI,-0.19140625,44506,,,,
0,patch_10_15,2560,2816,3840,4096,65536,NDVI,-0.99609375,21030,4180,0.019063774834552905,4657,0.026310077983083324
0,patch_10_16,2560,2816,4096,4352,65536,MSAVI,-0.27734375,40173,,,,
0,patch_10_16,2560,2816,4096,4352,65536,NDVI,-0.99609375,25363,9961,0.014514677771145096,11848,0.02671653429852297
0,patch_10_17,2560,2816,4352,4608,65536,MSAVI,-0.18359375,42822,,,,
0,patch_10_17,2560,2816,4352,4608,65536,NDVI,-0.99609375,22714,6522,0.017195310118122503,7760,0.02517968795158118
0,patch_10_18,2560,2816,4608,4864,65536,MSAVI,-0.10546875,46674,,,,
0,patch_10_18,2560,2816,4608,4864,65536,NDVI,-0.99609375,18862,1194,0.021943365658683517,1228,0.02995840383724377
0,patch_10_19,2560,2816,4864,5120,65536,MSAVI,-0.22265625,45303,,,,
0,patch_10_19,2560,2816,4864,5120,65536,NDVI,-0.99609375,20233,1148,0.020567313783437152,1264,0.025935755689718815
0,patch_10_20,2560,2816,5120,5376,65536,MSAVI,-0.26171875,44196,,,,
0,patch_10_20,2560,2816,5120,5376,65536,NDVI,-0.99609375,21340,653,0.018902019492819,901,0.02708429464269413
0,patch_10_21,2560,2816,5376,5632,65536,MSAVI,-0.30859375,46955,,,,
0,patch_10_21,2560,2816,5376,5632,65536,NDVI,-0.99609375,18581,305,0.024633283747288626,351,0.03142792990083543
0,patch_10_22,2560,2816,5632,5888,65536,MSAVI,-0.12890625,43834,,,,
0,patch_10_22,2560,2816,5632,5888,65536,NDVI,-0.99609375,21702,1685,0.01736161969839453,2470,0.02524349902489445
0,patch_10_23,2560,2816,5888,6144,65536,MSAVI,-0.14453125,44558,,,,
0,patch_10_23,2560,2816,5888,6144,65536,NDVI,-0.99609375,20978,711,0.021138150082676166,1235,0.02590309553862971
0,patch_10_24,2560,2816,6144,6400,65536,MSAVI,-0.16015625,44328,,,,
0,patch_10_24,2560,2816,6144,6400,65536,NDVI,-0.99609375,21208,333,0.019206874176211947,575,0.025743489141312637
0,patch_10_25,2560,2816,6400,6656,65536,MSAVI,-0.19921875,44162,,,,
0,patch_10_25,2560,2816,6400,6656,65536,NDVI,-0.99609375,21374,2665,0.017226293665056278,3491,0.02782242356329806
0,patch_10_26,2560,2816,6656,6912,65536,MSAVI,-0.21484375,40232,,,,
0,patch_10_26,2560,2816,6656,6912,65536,NDVI,-0.99609375,25304,7191,0.01114793548335262,9905,0.024003472658849806
0,patch_10_27,2560,2816,6912,7168,65536,MSAVI,-0.02734375,35569,,,,
0,patch_10_27,2560,2816,6912,7168,65536,NDVI,-0.99609375,29967,4638,0.008611008344824395,6818,0.015663397584973038
0,patch_10_28,2560,2816,7168,7424,65536,MSAVI,-0.13671875,39108,,,,
0,patch_10_28,2560,2816,7168,7424,65536,NDVI,-0.99609375,26428,251,0.012224054543357427,676,0.01655854087867134
0,patch_10_29,2560,2816,7424,7680,65536,MSAVI,-0.14453125,38523,,,,
0,patch_10_29,2560,2816,7424,7680,65536,NDVI,-0.99609375,27013,2099,0.011074609050720163,3737,0.017871067140166674
0,patch_10_30,2560,2816,7680,7936,65536,MSAVI,-0.36328125,37473,,,,
0,patch_10_30,2560,2816,7680,7936,65536,NDVI,-0.99609375,28063,8989,0.011541846500769892,11479,0.02170704231763898
0,patch_10_31,2560,2816,7936,8192,65536,MSAVI,-0.12109375,34315,,,,
0,patch_10_31,2560,2816,7936,8192,65536,NDVI,-0.99609375,31221,7341,0.005056853438738934,12876,0.016311104742122995
0,patch_10_32,2560,2816,8192,8448,65536,MSAVI,-0.19140625,41837,,,,
0,patch_10_32,2560,2816,8192,8448,65536,NDVI,-0.99609375,23699,4962,0.012795649803236275,6118,0.02142971960548365
0,patch_10_33,2560,2816,8448,8704,65536,MSAVI,-0.09765625,43489,,,,
0,patch_10_33,2560,2816,8448,8704,65536,NDVI,-0.99609375,22047,144,0.017744947293993868,115,0.022882816352725543
0,patch_10_34,2560,2816,8704,8960,65536,MSAVI,-0.15234375,45430,,,,
0,patch_10_34,2560,2816,8704,8960,65536,NDVI,-0.99609375,20106,1288,0.021602667764418715,1804,0.026278077862518956
0,patch_10_37,2560,2816,9472,9728,65536,MSAVI,0.0,65536,,,,
0,patch_10_37,2560,2816,9472,9728,65536,NDVI,0.0,0,0,0.0,0,0.009808042386020944
0,patch_10_38,2560,2816,9728,9984,65536,MSAVI,0.0,65536,,,,
0,patch_10_38,2560,2816,9728,9984,65536,NDVI,0.0,0,0,0.0,0,0.009808042386020944
0,patch_10_39,2560,2816,9984,10240,65536,MSAVI,0.0,65536,,,,
0,patch_10_39,2560,2816,9984,10240,65536,NDVI,0.0,0,0,0.0,0,0.009808042386020944
0,patch_10_40,2560,2816,10240,10496,65536,MSAVI,0.0,65536,,,,
0,patch_10_40,2560,2816,10240,10496,65536,NDVI,0.0,0,0,0.0,0,0.009808042386020944
0,patch_10_41,2560,2816,10496,10752,65536,MSAVI,0.0,65536,,,,
0,patch_10_41,2560,2816,10496,10752,65536,NDVI,0.0,0,0,0.0,0,0.009808042386020944
0,patch_10_42,2560,2816,10752,11008,65536,MSAVI,0.0,65536,,,,
0,patch_10_42,2560,2816,10752,11008,65536,NDVI,0.0,0,0,0.0,0,0.009808042386020944
0,patch_10_43,2560,2816,11008,11264,65536,MSAVI,0.0,65536,,,,
0,patch_10_43,2560,2816,11008,11264,65536,NDVI,0.0,0,0,0.0,0,0.009808042386020944
0,patch_10_44,2560,2816,11264,11520,65536,MSAVI,0.0,65536,,,,
0,patch_10_44,2560,2816,11264,11520,65536,NDVI,0.0,0,0,0.0,0,0.009808042386020944
0,patch_10_45,2560,2816,11520,11776,65536,MSAVI,0.0,65536,,,,
0,patch_10_45,2560,2816,11520,11776,65536,NDVI,0.0,0,0,0.0,0,0.009808042386020944
0,patch_11_0,2816,3072,0,256,65536,MSAVI,0.0,65536,,,,
0,patch_11_0,2816,3072,0,256,65536,NDVI,0.0,0,0,0.0,0,0.009808042386020944
0,patch_11_1,2816,3072,256,512,65536,MSAVI,0.0,65536,,,,
0,patch_11_1,2816,3072,256,512,65536,NDVI,0.0,0,0,0.0,0,0.009808042386020944
0,patch_11_2,2816,3072,512,768,65536,MSAVI,0.0,65536,,,,
0,patch_11_2,2816,3072,512,768,65536,NDVI,0.0,0,0,0.0,0,0.009808042386020944
0,patch_11_3,2816,3072,768,1024,65536,MSAVI,0.0,65536,,,,
0,patch_11_3,2816,3072,768,1024,65536,NDVI,0.0,0,0,0.0,0,0.009808042386020944
0,patch_11_4,2816,3072,1024,1280,65536,MSAVI,0.0,65536,,,,
0,patch_11_4,2816,3072,1024,1280,65536,NDVI,0.0,0,0,0.0,0,0.009808042386020944
0,patch_11_5,2816,3072,1280,1536,65536,MSAVI,0.0,65536,,,,
0,patch_11_5,2816,3072,1280,1536,65536,NDVI,0.0,0,0,0.0,0,0.009808042386020944
0,patch_11_6,2816,3072,1536,1792,65536,MSAVI,0.0,65536,,,,
0,patch_11_6,2816,3072,1536,1792,65536,NDVI,0.0,0,0,0.0,0,0.009808042386020944
0,patch_11_7,2816,3072,1792,2048,65536,MSAVI,0.0,65536,,,,
0,patch_11_7,2816,3072,1792,2048,65536,NDVI,0.0,0,0,0.0,0,0.009808042386020944
0,patch_11_10,2816,3072,2560,2816,65536,MSAVI,-0.24609375,44369,,,,
0,patch_11_10,2816,3072,2560,2816,65536,NDVI,-0.99609375,21167,3091,0.019504311888353193,3130,0.028056069690810037
0,patch_11_11,2816,3072,2816,3072,65536,MSAVI,-0.19921875,41188,,,,
0,patch_11_11,2816,3072,2816,3072,65536,NDVI,-0.99609375,24348,4011,0.014355083633197457,5062,0.02458924391077305
0,patch_11_12,2816,3072,3072,3328,65536,MSAVI,-0.25390625,40327,,,,
0,patch_11_12,2816,3072,3072,3328,65536,NDVI,-0.99609375,25209,6512,0.011382357624867903,7237,0.022946184130795688
0,patch_11_13,2816,3072,3328,3584,65536,MSAVI,-0.16796875,43464,,,,
0,patch_11_13,2816,3072,3328,3584,65536,NDVI,-0.99609375,22072,2647,0.01696905083176453,3328,0.02598732885372776
0,patch_11_14,2816,3072,3584,3840,65536,MSAVI,-0.20703125,43408,,,,
0,patch_11_14,2816,3072,3584,3840,65536,NDVI,-0.99609375,22128,1595,0.01563472246019551,2092,0.02240928190115382
0,patch_11_15,2816,3072,3840,4096,65536,MSAVI,-0.20703125,43338,,,,
0,patch_11_15,2816,3072,3840,4096,65536,NDVI,-0.99609375,22198,1218,0.018159562409790275,1597,0.022593872834743345
0,patch_11_16,2816,3072,4096,4352,65536,MSAVI,-0.16015625,43325,,,,
0,patch_11_16,2816,3072,4096,4352,65536,NDVI,-0.99609375,22211,3148,0.017423869514780282,4290,0.024931018456789994
0,patch_11_17,2816,3072,4352,4608,65536,MSAVI,-0.31640625,47355,,,,
0,patch_11_17,2816,3072,4352,4608,65536,NDVI,-0.64453125,18152,2395,0.021157880530969814,2662,0.030024162128565707
0,patch_11_18,2816,3072,4608,4864,65536,MSAVI,-0.24609375,47741,,,,
0,patch_11_18,2816,3072,4608,4864,65536,NDVI,-0.62109375,17792,487,0.02273097216081771,532,0.03196514958616725
0,patch_11_19,2816,3072,4864,5120,65536,MSAVI,-0.16015625,44858,,,,
0,patch_11_19,2816,3072,4864,5120,65536,NDVI,-0.47265625,20676,7612,0.022196514437089726,7335,0.03132223829780359
0,patch_11_20,2816,3072,5120,5376,65536,MSAVI,-0.25390625,45202,,,,
0,patch_11_20,2816,3072,5120,5376,65536,NDVI,-0.99609375,20334,588,0.020386969375560504,1045,0.02719165366724241
0,patch_11_21,2816,3072,5376,5632,65536,MSAVI,-0.29296875,42438,,,,
0,patch_11_21,2816,3072,5376,5632,65536,NDVI,-0.99609375,23098,5796,0.016745668882305664,6756,0.023428605707211447
0,patch_11_22,2816,3072,5632,5888,65536,MSAVI,-0.08984375,42673,,,,
0,patch_11_22,2816,3072,5632,5888,65536,NDVI,-0.99609375,22863,3205,0.01768397746170436,3304,0.023196570250213655
0,patch_11_23,2816,3072,5888,6144,65536,MSAVI,-0.16796875,43087,,,,
0,patch_11_23,2816,3072,5888,6144,65536,NDVI,-0.99609375,22449,9725,0.01959022256841718,9656,0.025732239272403312
0,patch_11_24,2816,3072,6144,6400,65536,MSAVI,-0.22265625,45140,,,,
0,patch_11_24,2816,3072,6144,6400,65536,NDVI,-0.99609375,20396,939,0.02096227887070326,1758,0.025738267722778124
0,patch_11_25,2816,3072,6400,6656,65536,MSAVI,-0.27734375,48279,,,,
0,patch_11_25,2816,3072,6400,6656,65536,NDVI,-0.99609375,17257,660,0.02710129842677128,822,0.03531842511209227
0,patch_11_26,2816,3072,6656,6912,65536,MSAVI,-0.36328125,42698,,,,
0,patch_11_26,2816,3072,6656,6912,65536,NDVI,-0.99609375,22838,6458,0.017660063420109784,7008,0.027788220716559314
0,patch_11_27,2816,3072,6912,7168,65536,MSAVI,-0.28515625,43267,,,,
0,patch_11_27,2816,3072,6912,7168,65536,NDVI,-0.99609375,22269,5517,0.02058036838245203,5827,0.027715633770621667
0,patch_11_28,2816,3072,7168,7424,65536,MSAVI,-0.13671875,38701,,,,
0,patch_11_28,2816,3072,7168,7424,65536,NDVI,-0.99609375,26835,3935,0.010795845817825472,5312,0.01667636118913235
0,patch_11_29,2816,3072,7424,7680,65536,MSAVI,-0.16015625,39774,,,,
0,patch_11_29,2816,3072,7424,7680,65536,NDVI,-0.99609375,25762,9144,0.01440061375275925,10461,0.021567343021523633
0,patch_11_30,2816,3072,7680,7936,65536,MSAVI,-0.21484375,40517,,,,
0,patch_11_30,2816,3072,7680,7936,65536,NDVI,-0.99609375,25019,2556,0.014193995551046834,4927,0.021780939514343484
0,patch_11_31,2816,3072,7936,8192,65536,MSAVI,-0.26171875,41557,,,,
0,patch_11_31,2816,3072,7936,8192,65536,NDVI,-0.99609375,23979,1766,0.016469092340607172,2639,0.02286987718122252
0,patch_11_32,2816,3072,8192,8448,65536,MSAVI,-0.15234375,41768,,,,
0,patch_11_32,2816,3072,8192,8448,65536,NDVI,-0.99609375,23768,2047,0.015437621215244335,2917,0.021975246438878437
0,patch_11_33,2816,3072,8448,8704,65536,MSAVI,-0.21484375,43070,,,,
0,patch_11_33,2816,3072,8448,8704,65536,NDVI,-0.99609375,22466,366,0.01695612482742173,938,0.02150431725234278
0,patch_11_34,2816,3072,8704,8960,65536,MSAVI,-0.17578125,39516,,,,
0,patch_11_34,2816,3072,8704,8960,65536,NDVI,-0.99609375,26020,3697,0.011391461120848018,5829,0.016919684681349384
0,patch_11_35,2816,3072,8960,9216,65536,MSAVI,-0.13671875,48013,,,,
0,patch_11_35,2816,3072,8960,9216,65536,NDVI,-0.99609375,17523,607,0.02524943293973167,659,0.028619682973545085
0,patch_11_37,2816,3072,9472,9728,65536,MSAVI,0.0,65536,,,,
0,patch_11_37,2816,3072,9472,9728,65536,NDVI,0.0,0,0,0.0,0,0.009808042386020944
0,patch_11_38,2816,3072,9728,9984,65536,MSAVI,0.0,65536,,,,
0,patch_11_38,2816,3072,9728,9984,65536,NDVI,0.0,0,0,0.0,0,0.009808042386020944
0,patch_11_39,2816,3072,9984,10240,65536,MSAVI,0.0,65536,,,,
0,patch_11_39,2816,3072,9984,10240,65536,NDVI,0.0,0,0,0.0,0,0.009808042386020944
0,patch_11_40,2816,3072,10240,10496,65536,MSAVI,0.0,65536,,,,
0,patch_11_40,2816,3072,10240,10496,65536,NDVI,0.0,0,0,0.0,0,0.009808042386020944
0,patch_11_41,2816,3072,10496,10752,65536,MSAVI,0.0,65536,,,,
0,patch_11_41,2816,3072,10496,10752,65536,NDVI,0.0,0,0,0.0,0,0.009808042386020944
0,patch_11_42,2816,3072,10752,11008,65536,MSAVI,0.0,65536,,,,
0,patch_11_42,2816,3072,10752,11008,65536,NDVI,0.0,0,0,0.0,0,0.009808042386020944
0,patch_11_43,2816,3072,11008,11264,65536,MSAVI,0.0,65536,,,,
0,patch_11_43,2816,3072,11008,11264,65536,NDVI,0.0,0,0,0.0,0,0.009808042386020944
0,patch_11_44,2816,3072,11264,11520,65536,MSAVI,0.0,65536,,,,
0,patch_11_44,2816,3072,11264,11520,65536,NDVI,0.0,0,0,0.0,0,0.009808042386020944
0,patch_11_45,2816,3072,11520,11776,65536,MSAVI,0.0,65536,,,,
0,patch_11_45,2816,3072,11520,11776,65536,NDVI,0.0,0,0,0.0,0,0.009808042386020944
0,patch_12_0,3072,3328,0,256,65536,MSAVI,0.0,65536,,,,
0,patch_12_0,3072,3328,0,256,65536,NDVI,0.0,0,0,0.0,0,0.009808042386020944
0,patch_12_1,3072,3328,256,512,65536,MSAVI,0.0,65536,,,,
0,patch_12_1,3072,3328,256,512,65536,NDVI,0.0,0,0,0.0,0,0.009808042386020944
0,patch_12_2,3072,3328,512,768,65536,MSAVI,0.0,65536,,,,
0,patch_12_2,3072,3328,512,768,65536,NDVI,0.0,0,0,0.0,0,0.009808042386020944
0,patch_12_3,3072,3328,768,1024,65536,MSAVI,0.0,65536,,,,
0,patch_12_3,3072,3328,768,1024,65536,NDVI,0.0,0,0,0.0,0,0.009808042386020944
0,patch_12_4,3072,3328,1024,1280,65536,MSAVI,0.0,65536,,,,
0,patch_12_4,3072,3328,1024,1280,65536,NDVI,0.0,0,0,0.0,0,0.009808042386020944
0,patch_12_5,3072,3328,1280,1536,65536,MSAVI,0.0,65536,,,,
0,patch_12_5,3072,3328,1280,1536,65536,NDVI,0.0,0,0,0.0,0,0.009808042386020944
0,patch_12_9,3072,3328,2304,2560,65536,MSAVI,-0.27734375,42164,,,,
0,patch_12_9,3072,3328,2304,2560,65536,NDVI,-0.99609375,23372,5406,0.016914636634161928,6735,0.027961885585296692
0,patch_12_10,3072,3328,2560,2816,65536,MSAVI,-0.24609375,49392,,,,
0,patch_12_10,3072,3328,2560,2816,65536,NDVI,-0.66015625,13333,3926,0.02860288929717736,3944,0.03974478202165829
0,patch_12_11,3072,3328,2816,3072,65536,MSAVI,-0.26171875,40188,,,,
0,patch_12_11,3072,3328,2816,3072,65536,NDVI,-0.99609375,25348,5913,0.013800566216104898,7193,0.022633945655889248
0,patch_12_12,3072,3328,3072,3328,65536,MSAVI,-0.28515625,37224,,,,
0,patch_12_12,3072,3328,3072,3328,65536,NDVI,-0.99609375,28312,9982,0.011834926126196799,12344,0.02161983907752424
0,patch_12_13,3072,3328,3328,3584,65536,MSAVI,-0.24609375,33710,,,,
0,patch_12_13,3072,3328,3328,3584,65536,NDVI,-0.99609375,31826,11833,0.005993759747322136,17215,0.018704524440265907
0,patch_12_14,3072,3328,3584,3840,65536,MSAVI,-0.22265625,44130,,,,
0,patch_12_14,3072,3328,3584,3840,65536,NDVI,-0.99609375,21406,522,0.01833914026603542,327,0.024272222904547613
0,patch_12_15,3072,3328,3840,4096,65536,MSAVI,-0.11328125,45710,,,,
0,patch_12_15,3072,3328,3840,4096,65536,NDVI,-0.99609375,19826,1221,0.021007204340792354,1340,0.02786412054764273
0,patch_12_16,3072,3328,4096,4352,65536,MSAVI,-0.06640625,45765,,,,
0,patch_12_16,3072,3328,4096,4352,65536,NDVI,-0.99609375,19771,4366,0.019997544067483553,4518,0.03043838111341418
0,patch_12_17,3072,3328,4352,4608,65536,MSAVI,-0.35546875,42228,,,,
0,patch_12_17,3072,3328,4352,4608,65536,NDVI,-0.99609375,23308,4830,0.017850787390240236,5453,0.02592754552983395
0,patch_12_18,3072,3328,4608,4864,65536,MSAVI,-0.23046875,41969,,,,
0,patch_12_18,3072,3328,4608,4864,65536,NDVI,-0.99609375,23567,4383,0.013319487538012265,4644,0.022581758627198828
0,patch_12_19,3072,3328,4864,5120,65536,MSAVI,-0.09765625,42960,,,,
0,patch_12_19,3072,3328,4864,5120,65536,NDVI,-0.99609375,22576,2393,0.0174221363324156,3267,0.022917531313603356
0,patch_12_20,3072,3328,5120,5376,65536,MSAVI,-0.11328125,44071,,,,
0,patch_12_20,3072,3328,5120,5376,65536,NDVI,-0.99609375,21465,227,0.01810872176498443,779,0.02484569480476212
0,patch_12_21,3072,3328,5376,5632,65536,MSAVI,-0.15234375,42280,,,,
0,patch_12_21,3072,3328,5376,5632,65536,NDVI,-0.99609375,23256,6018,0.017857582905868113,6180,0.023649774784205296
0,patch_12_22,3072,3328,5632,5888,65536,MSAVI,-0.26171875,41643,,,,
0,patch_12_22,3072,3328,5632,5888,65536,NDVI,-0.99609375,23893,6793,0.016433044235533406,7318,0.02444237627439108
0,patch_12_23,3072,3328,5888,6144,65536,MSAVI,-0.23046875,54101,,,,
0,patch_12_23,3072,3328,5888,6144,65536,NDVI,-0.53515625,11427,2993,0.028305706695284524,2827,0.03916859391158664
0,patch_12_24,3072,3328,6144,6400,65536,MSAVI,-0.15234375,52047,,,,
0,patch_12_24,3072,3328,6144,6400,65536,NDVI,-0.49609375,13459,3071,0.026718912866636066,2935,0.03956308497464503
0,patch_12_25,3072,3328,6400,6656,65536,MSAVI,-0.29296875,45787,,,,
0,patch_12_25,3072,3328,6400,6656,65536,NDVI,-0.99609375,19749,3586,0.02086997988868669,3832,0.02796326106175115
0,patch_12_26,3072,3328,6656,6912,65536,MSAVI,-0.32421875,46841,,,,
0,patch_12_26,3072,3328,6656,6912,65536,NDVI,-0.65234375,18694,1515,0.020351066016471395,1691,0.03155947592414146
0,patch_12_27,3072,3328,6912,7168,65536,MSAVI,-0.25390625,43565,,,,
0,patch_12_27,3072,3328,6912,7168,65536,NDVI,-0.99609375,21971,1771,0.017327755313040705,2187,0.02471392238544151
0,patch_12_28,3072,3328,7168,7424,65536,MSAVI,-0.23828125,40250,,,,
0,patch_12_28,3072,3328,7168,7424,65536,NDVI,-0.99609375,25286,5888,0.013776653418406934,6760,0.023819934867201437
0,patch_12_29,3072,3328,7424,7680,65536,MSAVI,-0.24609375,42472,,,,
0,patch_12_29,3072,3328,7424,7680,65536,NDVI,-0.99609375,23064,4253,0.01703396438091559,4652,0.023376512273438704
0,patch_12_30,3072,3328,7680,7936,65536,MSAVI,-0.19140625,42272,,,,
0,patch_12_30,3072,3328,7680,7936,65536,NDVI,-0.99609375,23264,768,0.017625338213303587,1485,0.021795499515602917
0,patch_12_31,3072,3328,7936,8192,65536,MSAVI,-0.38671875,43475,,,,
0,patch_12_31,3072,3328,7936,8192,65536,NDVI,-0.99609375,22061,4602,0.01920380615284073,4576,0.02427777564354766
0,patch_12_32,3072,3328,8192,8448,65536,MSAVI,-0.12109375,42576,,,,
0,patch_12_32,3072,3328,8192,8448,65536,NDVI,-0.99609375,22960,1318,0.015208436147428617,1244,0.021877981638387584
0,patch_12_33,3072,3328,8448,8704,65536,MSAVI,-0.08203125,44162,,,,
0,patch_12_33,3072,3328,8448,8704,65536,NDVI,-0.99609375,21374,229,0.019326623590205844,462,0.023934470672028918
0,patch_12_34,3072,3328,8704,8960,65536,MSAVI,-0.11328125,38612,,,,
0,patch_12_34,3072,3328,8704,8960,65536,NDVI,-0.99609375,26924,6038,0.010437768652039547,7692,0.0156344502998646
0,patch_12_35,3072,3328,8960,9216,65536,MSAVI,-0.15234375,46646,,,,
0,patch_12_35,3072,3328,8960,9216,65536,NDVI,-0.99609375,18890,133,0.021855382740240126,127,0.026728259304581392
0,patch_12_38,3072,3328,9728,9984,65536,MSAVI,0.0,65536,,,,
0,patch_12_38,3072,3328,9728,9984,65536,NDVI,0.0,0,0,0.0,0,0.009808042386020944
0,patch_12_39,3072,3328,9984,10240,65536,MSAVI,0.0,65536,,,,
0,patch_12_39,3072,3328,9984,10240,65536,NDVI,0.0,0,0,0.0,0,0.009808042386020944
0,patch_12_40,3072,3328,10240,10496,65536,MSAVI,0.0,65536,,,,
0,patch_12_40,3072,3328,10240,10496,65536,NDVI,0.0,0,0,0.0,0,0.009808042386020944
0,patch_12_41,3072,3328,10496,10752,65536,MSAVI,0.0,65536,,,,
0,patch_12_41,3072,3328,10496,10752,65536,NDVI,0.0,0,0,0.0,0,0.009808042386020944
0,patch_12_42,3072,3328,10752,11008,65536,MSAVI,0.0,65536,,,,
0,patch_12_42,3072,3328,10752,11008,65536,NDVI,0.0,0,0,0.0,0,0.009808042386020944
0,patch_12_43,3072,3328,11008,11264,65536,MSAVI,0.0,65536,,,,
0,patch_12_43,3072,3328,11008,11264,65536,NDVI,0.0,0,0,0.0,0,0.009808042386020944
0,patch_12_44,3072,3328,11264,11520,65536,MSAVI,0.0,65536,,,,
0,patch_12_44,3072,3328,11264,11520,65536,NDVI,0.0,0,0,0.0,0,0.009808042386020944
0,patch_12_45,3072,3328,11520,11776,65536,MSAVI,0.0,65536,,,,
0,patch_12_45,3072,3328,11520,11776,65536,NDVI,0.0,0,0,0.0,0,0.009808042386020944
0,patch_13_0,3328,3584,0,256,65536,MSAVI,0.0,65536,,,,
0,patch_13_0,3328,3584,0,256,65536,NDVI,0.0,0,0,0.0,0,0.009808042386020944
0,patch_13_1,3328,3584,256,512,65536,MSAVI,0.0,65536,,,,
0,patch_13_1,3328,3584,256,512,65536,NDVI,0.0,0,0,0.0,0,0.009808042386020944
0,patch_13_2,3328,3584,512,768,65536,MSAVI,0.0,65536,,,,
0,patch_13_2,3328,3584,512,768,65536,NDVI,0.0,0,0,0.0,0,0.009808042386020944
0,patch_13_3,3328,3584,768,1024,65536,MSAVI,0.0,65536,,,,
0,patch_13_3,3328,3584,768,1024,65536,NDVI,0.0,0,0,0.0,0,0.009808042386020944
0,patch_13_4,3328,3584,1024,1280,65536,MSAVI,0.0,65536,,,,
0,patch_13_4,3328,3584,1024,1280,65536,NDVI,0.0,0,0,0.0,0,0.009808042386020944
0,patch_13_7,3328,3584,1792,2048,65536,MSAVI,-0.28515625,47865,,,,
0,patch_13_7,3328,3584,1792,2048,65536,NDVI,-0.99609375,17671,476,0.02465109782078828,439,0.03381986937433551
0,patch_13_8,3328,3584,2048,2304,65536,MSAVI,-0.25390625,45687,,,,
0,patch_13_8,3328,3584,2048,2304,65536,NDVI,-0.99609375,19849,2981,0.020642361157740985,3282,0.030365798192269977
0,patch_13_9,3328,3584,2304,2560,65536,MSAVI,-0.41015625,44098,,,,
0,patch_13_9,3328,3584,2304,2560,65536,NDVI,-0.99609375,21438,2632,0.020564524139808554,3128,0.02864940159430862
0,patch_13_10,3328,3584,2560,2816,65536,MSAVI,-0.24609375,53591,,,,
0,patch_13_10,3328,3584,2560,2816,65536,NDVI,-0.69921875,11908,2501,0.03396147885204917,2359,0.04296250554949005
0,patch_13_11,3328,3584,2816,3072,65536,MSAVI,-0.25390625,47546,,,,
0,patch_13_11,3328,3584,2816,3072,65536,NDVI,-0.68359375,17935,1788,0.02359894845227098,2225,0.031187372793338858
0,patch_13_12,3328,3584,3072,3328,65536,MSAVI,-0.09765625,39580,,,,
0,patch_13_12,3328,3584,3072,3328,65536,NDVI,-0.59765625,25951,3272,0.01135488379420635,4844,0.01761920120073754
0,patch_13_13,3328,3584,3328,3584,65536,MSAVI,0.09765625,34617,,,,
0,patch_13_13,3328,3584,3328,3584,65536,NDVI,-0.99609375,30919,6126,0.005150377353852681,9852,0.014544003917624365
0,patch_13_14,3328,3584,3584,3840,65536,MSAVI,-0.11328125,47017,,,,
0,patch_13_14,3328,3584,3584,3840,65536,NDVI,-0.50390625,18515,5510,0.019627964445268056,5412,0.02939449997901536
0,patch_13_15,3328,3584,3840,4096,65536,MSAVI,-0.18359375,47241,,,,
0,patch_13_15,3328,3584,3840,4096,65536,NDVI,-0.62109375,18268,1193,0.02233789767094324,1273,0.028040336118363013
0,patch_13_16,3328,3584,4096,4352,65536,MSAVI,-0.06640625,42900,,,,
0,patch_13_16,3328,3584,4096,4352,65536,NDVI,-0.54296875,22635,2513,0.017294233977642445,2694,0.023207649500774336
0,patch_13_17,3328,3584,4352,4608,65536,MSAVI,-0.14453125,46532,,,,
0,patch_13_17,3328,3584,4352,4608,65536,NDVI,-0.99609375,19004,3590,0.020611061028956462,3535,0.0318072925852092
0,patch_13_18,3328,3584,4608,4864,65536,MSAVI,-0.18359375,44627,,,,
0,patch_13_18,3328,3584,4608,4864,65536,NDVI,-0.99609375,20909,1750,0.019295285006712404,2322,0.02736893545398214
0,patch_13_19,3328,3584,4864,5120,65536,MSAVI,-0.15234375,44041,,,,
0,patch_13_19,3328,3584,4864,5120,65536,NDVI,-0.99609375,21495,1654,0.018773607112512636,1787,0.024953542982594307
0,patch_13_20,3328,3584,5120,5376,65536,MSAVI,-0.15234375,40938,,,,
0,patch_13_20,3328,3584,5120,5376,65536,NDVI,-0.99609375,24598,10936,0.020168311139303674,10749,0.024422592524301123
0,patch_13_21,3328,3584,5376,5632,65536,MSAVI,-0.12890625,39349,,,,
0,patch_13_21,3328,3584,5376,5632,65536,NDVI,-0.99609375,26187,4379,0.012383799562564884,4838,0.018989898109437603
0,patch_13_22,3328,3584,5632,5888,65536,MSAVI,-0.21484375,42494,,,,
0,patch_13_22,3328,3584,5632,5888,65536,NDVI,-0.99609375,23042,7328,0.020633451451440105,7242,0.02655416514562081
0,patch_13_23,3328,3584,5888,6144,65536,MSAVI,-0.33984375,49776,,,,
0,patch_13_23,3328,3584,5888,6144,65536,NDVI,-0.99609375,15760,3984,0.023928942575198772,4079,0.03569215629460501
0,patch_13_24,3328,3584,6144,6400,65536,MSAVI,-0.23828125,52867,,,,
0,patch_13_24,3328,3584,6144,6400,65536,NDVI,-0.59765625,12662,1390,0.02692552335148206,1479,0.03879992158427906
0,patch_13_25,3328,3584,6400,6656,65536,MSAVI,-0.16015625,50614,,,,
0,patch_13_25,3328,3584,6400,6656,65536,NDVI,-0.56640625,14860,626,0.029459472881842474,728,0.03844671394770266
0,patch_13_26,3328,3584,6656,6912,65536,MSAVI,-0.31640625,47935,,,,
0,patch_13_26,3328,3584,6656,6912,65536,NDVI,-0.62109375,17567,3334,0.022250778915487116,3154,0.031098599880074823
0,patch_13_27,3328,3584,6912,7168,65536,MSAVI,-0.24609375,49541,,,,
0,patch_13_27,3328,3584,6912,7168,65536,NDVI,-0.68359375,15994,1881,0.021808547975807127,1918,0.03181377118729595
0,patch_13_28,3328,3584,7168,7424,65536,MSAVI,-0.38671875,43125,,,,
0,patch_13_28,3328,3584,7168,7424,65536,NDVI,-0.99609375,22411,5331,0.01619773359400531,6321,0.024808689512790638
0,patch_13_29,3328,3584,7424,7680,65536,MSAVI,-0.14453125,43390,,,,
0,patch_13_29,3328,3584,7424,7680,65536,NDVI,-0.99609375,22146,0,0.018477699146691395,173,0.023759117377876504
0,patch_13_30,3328,3584,7680,7936,65536,MSAVI,-0.16796875,43912,,,,
0,patch_13_30,3328,3584,7680,7936,65536,NDVI,-0.99609375,21624,344,0.017638133408233753,436,0.02401013220804704
0,patch_13_31,3328,3584,7936,8192,65536,MSAVI,-0.14453125,42347,,,,
0,patch_13_31,3328,3584,7936,8192,65536,NDVI,-0.99609375,23189,4239,0.014482184212275706,4802,0.021831854601934375
0,patch_13_32,3328,3584,8192,8448,65536,MSAVI,-0.06640625,42577,,,,
0,patch_13_32,3328,3584,8192,8448,65536,NDVI,-0.99609375,22959,1073,0.017055495492154682,1091,0.02297846792403782
0,patch_13_33,3328,3584,8448,8704,65536,MSAVI,-0.17578125,40460,,,,
0,patch_13_33,3328,3584,8448,8704,65536,NDVI,-0.99609375,25076,2897,0.012995910731878446,4193,0.019045480011944782
0,patch_13_34,3328,3584,8704,8960,65536,MSAVI,-0.13671875,37311,,,,
0,patch_13_34,3328,3584,8704,8960,65536,NDVI,-0.99609375,28225,7681,0.007994193561986579,10453,0.016393838565635976
0,patch_13_35,3328,3584,8960,9216,65536,MSAVI,-0.16796875,47505,,,,
0,patch_13_35,3328,3584,8960,9216,65536,NDVI,-0.99609375,18031,0,0.022144596016078405,113,0.028409315481456865
0,patch_13_36,3328,3584,9216,9472,65536,MSAVI,-0.27734375,48844,,,,
0,patch_13_36,3328,3584,9216,9472,65536,NDVI,-0.99609375,16692,80,0.02734218872071867,76,0.03202753502689834
0,patch_13_38,3328,3584,9728,9984,65536,MSAVI,0.0,65536,,,,
0,patch_13_38,3328,3584,9728,9984,65536,NDVI,0.0,0,0,0.0,0,0.009808042386020944
0,patch_13_39,3328,3584,9984,10240,65536,MSAVI,0.0,65536,,,,
0,patch_13_39,3328,3584,9984,10240,65536,NDVI,0.0,0,0,0.0,0,0.009808042386020944
0,patch_13_40,3328,3584,10240,10496,65536,MSAVI,0.0,65536,,,,
0,patch_13_40,3328,3584,10240,10496,65536,NDVI,0.0,0,0,0.0,0,0.009808042386020944
0,patch_13_41,3328,3584,10496,10752,65536,MSAVI,0.0,65536,,,,
0,patch_13_41,3328,3584,10496,10752,65536,NDVI,0.0,0,0,0.0,0,0.009808042386020944
0,patch_13_42,3328,3584,10752,11008,65536,MSAVI,0.0,65536,,,,
0,patch_13_42,3328,3584,10752,11008,65536,NDVI,0.0,0,0,0.0,0,0.009808042386020944
0,patch_13_43,3328,3584,11008,11264,65536,MSAVI,0.0,65536,,,,
0,patch_13_43,3328,3584,11008,11264,65536,NDVI,0.0,0,0,0.0,0,0.009808042386020944
0,patch_13_44,3328,3584,11264,11520,65536,MSAVI,0.0,65536,,,,
0,patch_13_44,3328,3584,11264,11520,65536,NDVI,0.0,0,0,0.0,0,0.009808042386020944
0,patch_13_45,3328,3584,11520,11776,65536,MSAVI,0.0,65536,,,,
0,patch_13_45,3328,3584,11520,11776,65536,NDVI,0.0,0,0,0.0,0,0.009808042386020944
0,patch_14_0,3584,3840,0,256,65536,MSAVI,0.0,65536,,,,
0,patch_14_0,3584,3840,0,256,65536,NDVI,0.0,0,0,0.0,0,0.009808042386020944
0,patch_14_1,3584,3840,256,512,65536,MSAVI,0.0,65536,,,,
0,patch_14_1,3584,3840,256,512,65536,NDVI,0.0,0,0,0.0,0,0.009808042386020944
0,patch_14_2,3584,3840,512,768,65536,MSAVI,0.0,65536,,,,
0,patch_14_2,3584,3840,512,768,65536,NDVI,0.0,0,0,0.0,0,0.009808042386020944
0,patch_14_6,3584,3840,1536,1792,65536,MSAVI,-0.25390625,50736,,,,
0,patch_14_6,3584,3840,1536,1792,65536,NDVI,-0.99609375,14800,1004,0.030223534297741064,985,0.035865220479563864
0,patch_14_7,3584,3840,1792,2048,65536,MSAVI,-0.33984375,49161,,,,
0,patch_14_7,3584,3840,1792,2048,65536,NDVI,-0.99609375,16375,782,0.02755478835774469,817,0.03499105395115812
0,patch_14_8,3584,3840,2048,2304,65536,MSAVI,-0.30859375,44947,,,,
0,patch_14_8,3584,3840,2048,2304,65536,NDVI,-0.99609375,20589,2807,0.020679557103511353,2900,0.02880562786271859
0,patch_14_9,3584,3840,2304,2560,65536,MSAVI,-0.29296875,52848,,,,
0,patch_14_9,3584,3840,2304,2560,65536,NDVI,-0.62109375,12681,2767,0.027593369039436377,2663,0.04093412453847073
0,patch_14_10,3584,3840,2560,2816,65536,MSAVI,-0.49609375,51637,,,,
0,patch_14_10,3584,3840,2560,2816,65536,NDVI,-0.78515625,13899,1719,0.027505401278079114,1718,0.03828182825610335
0,patch_14_11,3584,3840,2816,3072,65536,MSAVI,-0.26953125,46757,,,,
0,patch_14_11,3584,3840,2816,3072,65536,NDVI,-0.66796875,11152,5271,0.026066622520200006,5590,0.033347623851853914
0,patch_14_12,3584,3840,3072,3328,65536,MSAVI,-0.11328125,46117,,,,
0,patch_14_12,3584,3840,3072,3328,65536,NDVI,-0.69140625,15105,2970,0.023385379992520494,3502,0.030311300657404117
0,patch_14_13,3584,3840,3328,3584,65536,MSAVI,-0.17578125,39746,,,,
0,patch_14_13,3584,3840,3328,3584,65536,NDVI,-0.69140625,25788,4762,0.01253875951430708,5814,0.021615534386566992
0,patch_14_14,3584,3840,3584,3840,65536,MSAVI,-0.22265625,36764,,,,
0,patch_14_14,3584,3840,3584,3840,65536,NDVI,-0.99609375,28772,5757,0.007897417225066428,9355,0.019328137436098958
0,patch_14_15,3584,3840,3840,4096,65536,MSAVI,-0.28515625,49715,,,,
0,patch_14_15,3584,3840,3840,4096,65536,NDVI,-0.59765625,15821,3495,0.0274226068567415,3390,0.036292891904597946
0,patch_14_16,3584,3840,4096,4352,65536,MSAVI,-0.12890625,44645,,,,
0,patch_14_16,3584,3840,4096,4352,65536,NDVI,-0.58984375,20888,2810,0.01892780101318281,3537,0.02738994822607349
0,patch_14_17,3584,3840,4352,4608,65536,MSAVI,-0.05859375,47891,,,,
0,patch_14_17,3584,3840,4352,4608,65536,NDVI,-0.49609375,17644,3615,0.021099015910965774,3528,0.03333794033331042
0,patch_14_18,3584,3840,4608,4864,65536,MSAVI,-0.11328125,44725,,,,
0,patch_14_18,3584,3840,4608,4864,65536,NDVI,-0.99609375,20811,2202,0.017637169972779546,3097,0.02476467575371033
0,patch_14_19,3584,3840,4864,5120,65536,MSAVI,-0.19921875,42029,,,,
0,patch_14_19,3584,3840,4864,5120,65536,NDVI,-0.99609375,23507,4181,0.015450384660086386,4764,0.024683996922178875
0,patch_14_20,3584,3840,5120,5376,65536,MSAVI,-0.10546875,41332,,,,
0,patch_14_20,3584,3840,5120,5376,65536,NDVI,-0.52734375,24202,9095,0.016904855902249383,9234,0.02425611916390208
0,patch_14_21,3584,3840,5376,5632,65536,MSAVI,-0.05859375,40986,,,,
0,patch_14_21,3584,3840,5376,5632,65536,NDVI,-0.99609375,24550,5991,0.013031368281515826,7377,0.020984768765891143
0,patch_14_22,3584,3840,5632,5888,65536,MSAVI,-0.12890625,44952,,,,
0,patch_14_22,3584,3840,5632,5888,65536,NDVI,-0.99609375,20584,2547,0.01753381681619609,2808,0.02990504384013526
0,patch_14_23,3584,3840,5888,6144,65536,MSAVI,-0.36328125,43043,,,,
0,patch_14_23,3584,3840,5888,6144,65536,NDVI,-0.99609375,22493,5255,0.018706229547930026,6429,0.02778501948579648
0,patch_14_24,3584,3840,6144,6400,65536,MSAVI,-0.25390625,41795,,,,
0,patch_14_24,3584,3840,6144,6400,65536,NDVI,-0.99609375,23741,8552,0.01602281050015089,9310,0.023878377795217093
0,patch_14_25,3584,3840,6400,6656,65536,MSAVI,-0.12109375,47201,,,,
0,patch_14_25,3584,3840,6400,6656,65536,NDVI,-0.58203125,18332,6066,0.025926334369345133,6254,0.034161021765436894
0,patch_14_26,3584,3840,6656,6912,65536,MSAVI,-0.22265625,39684,,,,
0,patch_14_26,3584,3840,6656,6912,65536,NDVI,-0.99609375,25852,11458,0.015109308650342823,12956,0.022003382359695012
0,patch_14_27,3584,3840,6912,7168,65536,MSAVI,-0.21484375,47624,,,,
0,patch_14_27,3584,3840,6912,7168,65536,NDVI,-0.99609375,17912,6184,0.027617308838426197,65536,0.0331020471224783
0,patch_14_28,3584,3840,7168,7424,65536,MSAVI,-0.03515625,49246,,,,
0,patch_14_28,3584,3840,7168,7424,65536,NDVI,-0.99609375,16290,11742,0.03028960900174621,11366,0.04116858492989803
0,patch_14_29,3584,3840,7424,7680,65536,MSAVI,-0.16796875,47636,,,,
0,patch_14_29,3584,3840,7424,7680,65536,NDVI,-0.99609375,17900,2694,0.02502525357663485,3623,0.03363098624939062
0,patch_14_30,3584,3840,7680,7936,65536,MSAVI,-0.16796875,38610,,,,
0,patch_14_30,3584,3840,7680,7936,65536,NDVI,-0.99609375,26926,9504,0.013123655135415233,10402,0.020857958392526188
0,patch_14_31,3584,3840,7936,8192,65536,MSAVI,-0.11328125,44642,,,,
0,patch_14_31,3584,3840,7936,8192,65536,NDVI,-0.99609375,20894,547,0.01919577682246182,852,0.02476755121687338
0,patch_14_32,3584,3840,8192,8448,65536,MSAVI,-0.28515625,44935,,,,
0,patch_14_32,3584,3840,8192,8448,65536,NDVI,-0.99609375,20601,545,0.019705926114739758,764,0.024504403820519632
0,patch_14_33,3584,3840,8448,8704,65536,MSAVI,-0.14453125,39166,,,,
0,patch_14_33,3584,3840,8448,8704,65536,NDVI,-0.99609375,26370,6134,0.012028600002486567,8324,0.02118668883209915
0,patch_14_34,3584,3840,8704,8960,65536,MSAVI,-0.17578125,43118,,,,
0,patch_14_34,3584,3840,8704,8960,65536,NDVI,-0.99609375,22418,2697,0.0170057442383596,3690,0.024652395526608167
0,patch_14_35,3584,3840,8960,9216,65536,MSAVI,-0.14453125,47165,,,,
0,patch_14_35,3584,3840,8960,9216,65536,NDVI,-0.99609375,18371,161,0.02018423912004555,264,0.027142404481505428
0,patch_14_36,3584,3840,9216,9472,65536,MSAVI,-0.18359375,53670,,,,
0,patch_14_36,3584,3840,9216,9472,65536,NDVI,-0.99609375,11866,0,0.03445206963330233,0,0.039594736309941064
0,patch_14_39,3584,3840,9984,10240,65536,MSAVI,0.0,65536,,,,
0,patch_14_39,3584,3840,9984,10240,65536,NDVI,0.0,0,0,0.0,0,0.009808042386020944
0,patch_14_40,3584,3840,10240,10496,65536,MSAVI,0.0,65536,,,,
0,patch_14_40,3584,3840,10240,10496,65536,NDVI,0.0,0,0,0.0,0,0.009808042386020944
0,patch_14_41,3584,3840,10496,10752,65536,MSAVI,0.0,65536,,,,
0,patch_14_41,3584,3840,10496,10752,65536,NDVI,0.0,0,0,0.0,0,0.009808042386020944
0,patch_14_42,3584,3840,10752,11008,65536,MSAVI,0.0,65536,,,,
0,patch_14_42,3584,3840,10752,11008,65536,NDVI,0.0,0,0,0.0,0,0.009808042386020944
0,patch_14_43,3584,3840,11008,11264,65536,MSAVI,0.0,65536,,,,
0,patch_14_43,3584,3840,11008,11264,65536,NDVI,0.0,0,0,0.0,0,0.009808042386020944
0,patch_14_44,3584,3840,11264,11520,65536,MSAVI,0.0,65536,,,,
0,patch_14_44,3584,3840,11264,11520,65536,NDVI,0.0,0,0,0.0,0,0.009808042386020944
0,patch_14_45,3584,3840,11520,11776,65536,MSAVI,0.0,65536,,,,
0,patch_14_45,3584,3840,11520,11776,65536,NDVI,0.0,0,0,0.0,0,0.009808042386020944
0,patch_15_0,3840,4096,0,256,65536,MSAVI,0.0,65536,,,,
0,patch_15_0,3840,4096,0,256,65536,NDVI,0.0,0,0,0.0,0,0.009808042386020944
0,patch_15_1,3840,4096,256,512,65536,MSAVI,0.0,65536,,,,
0,patch_15_1,3840,4096,256,512,65536,NDVI,0.0,0,0,0.0,0,0.009808042386020944
0,patch_15_4,3840,4096,1024,1280,65536,MSAVI,-0.30859375,53058,,,,
0,patch_15_4,3840,4096,1024,1280,65536,NDVI,-0.58203125,12477,3010,0.030889541572149445,3093,0.042883455294454725
0,patch_15_5,3840,4096,1280,1536,65536,MSAVI,-0.00390625,46650,,,,
0,patch_15_5,3840,4096,1280,1536,65536,NDVI,-0.99609375,18886,840,0.019971811278324675,1026,0.029501430197254347
0,patch_15_6,3840,4096,1536,1792,65536,MSAVI,-0.25390625,52461,,,,
0,patch_15_6,3840,4096,1536,1792,65536,NDVI,-0.99609375,13075,4200,0.030409182036775284,3865,0.040669500928418256
0,patch_15_7,3840,4096,1792,2048,65536,MSAVI,-0.32421875,51397,,,,
0,patch_15_7,3840,4096,1792,2048,65536,NDVI,-0.99609375,14139,2433,0.02918754523363004,2279,0.035554854950208215
0,patch_15_8,3840,4096,2048,2304,65536,MSAVI,-0.25390625,47270,,,,
0,patch_15_8,3840,4096,2048,2304,65536,NDVI,-0.69921875,18265,716,0.021747044623056044,659,0.030395744166396482
0,patch_15_9,3840,4096,2304,2560,65536,MSAVI,-0.16796875,45165,,,,
0,patch_15_9,3840,4096,2304,2560,65536,NDVI,-0.73046875,20364,2736,0.018763098146957466,3113,0.02923440775639588
0,patch_15_10,3840,4096,2560,2816,65536,MSAVI,-0.21484375,45303,,,,
0,patch_15_10,3840,4096,2560,2816,65536,NDVI,-0.99609375,20233,660,0.01933323535596565,785,0.02680125436209299
0,patch_15_11,3840,4096,2816,3072,65536,MSAVI,-0.20703125,42183,,,,
0,patch_15_11,3840,4096,2816,3072,65536,NDVI,-0.69921875,16654,3340,0.015863994005680115,4705,0.02507786029206785
0,patch_15_12,3840,4096,3072,3328,65536,MSAVI,-0.18359375,50433,,,,
0,patch_15_12,3840,4096,3072,3328,65536,NDVI,-0.58984375,8748,287,0.028453947916144362,712,0.03623964927307935
0,patch_15_13,3840,4096,3328,3584,65536,MSAVI,-0.12109375,39354,,,,
0,patch_15_13,3840,4096,3328,3584,65536,NDVI,-0.71484375,21934,9389,0.013128769655985667,11514,0.023153055061297112
0,patch_15_14,3840,4096,3584,3840,65536,MSAVI,-0.17578125,34565,,,,
0,patch_15_14,3840,4096,3584,3840,65536,NDVI,-0.66015625,30965,7162,0.004842264038951341,12882,0.016151066525087077
0,patch_15_15,3840,4096,3840,4096,65536,MSAVI,-0.26171875,39429,,,,
0,patch_15_15,3840,4096,3840,4096,65536,NDVI,-0.99609375,26107,5124,0.013763925457569964,6544,0.02255650011098656
0,patch_15_16,3840,4096,4096,4352,65536,MSAVI,-0.12890625,45025,,,,
0,patch_15_16,3840,4096,4096,4352,65536,NDVI,-0.52734375,20511,2176,0.018029542034449147,2814,0.027904645355267266
0,patch_15_17,3840,4096,4352,4608,65536,MSAVI,-0.19921875,40993,,,,
0,patch_15_17,3840,4096,4352,4608,65536,NDVI,-0.62109375,24543,2258,0.011625666010934455,2307,0.018514911626571207
0,patch_15_18,3840,4096,4608,4864,65536,MSAVI,-0.16796875,46783,,,,
0,patch_15_18,3840,4096,4608,4864,65536,NDVI,-0.99609375,18753,1749,0.020950171122063765,1881,0.03045162690357897
0,patch_15_19,3840,4096,4864,5120,65536,MSAVI,-0.11328125,42423,,,,
0,patch_15_19,3840,4096,4864,5120,65536,NDVI,-0.99609375,23113,7784,0.01643255598646788,8013,0.02675402726204501
0,patch_15_20,3840,4096,5120,5376,65536,MSAVI,-0.25390625,42817,,,,
0,patch_15_20,3840,4096,5120,5376,65536,NDVI,-0.99609375,22719,9907,0.017244197754026705,9545,0.02571842233966329
0,patch_15_21,3840,4096,5376,5632,65536,MSAVI,-0.18359375,44928,,,,
0,patch_15_21,3840,4096,5376,5632,65536,NDVI,-0.99609375,20608,5464,0.0192738197070407,5815,0.028968604641308016
0,patch_15_22,3840,4096,5632,5888,65536,MSAVI,-0.23046875,41681,,,,
0,patch_15_22,3840,4096,5632,5888,65536,NDVI,-0.99609375,23855,2393,0.014321190597518546,3073,0.02011211659732648
0,patch_15_23,3840,4096,5888,6144,65536,MSAVI,-0.27734375,43100,,,,
0,patch_15_23,3840,4096,5888,6144,65536,NDVI,-0.99609375,22436,7824,0.020910566711254436,65536,0.026220679003666647
0,patch_15_24,3840,4096,6144,6400,65536,MSAVI,-0.26171875,43544,,,,
0,patch_15_24,3840,4096,6144,6400,65536,NDVI,-0.99609375,21992,5095,0.016359113680239235,6123,0.026225591742349758
0,patch_15_25,3840,4096,6400,6656,65536,MSAVI,-0.21484375,44927,,,,
0,patch_15_25,3840,4096,6400,6656,65536,NDVI,-0.99609375,20609,8138,0.02090535918083153,8790,0.030374638566885492
0,patch_15_26,3840,4096,6656,6912,65536,MSAVI,-0.19921875,42170,,,,
0,patch_15_26,3840,4096,6656,6912,65536,NDVI,-0.99609375,23366,7561,0.01594092529295671,9487,0.024999391716208214
0,patch_15_27,3840,4096,6912,7168,65536,MSAVI,-0.14453125,49114,,,,
0,patch_15_27,3840,4096,6912,7168,65536,NDVI,-0.99609375,16422,4811,0.02910873406938891,4970,0.037107074023117165
0,patch_15_28,3840,4096,7168,7424,65536,MSAVI,-0.16796875,44328,,,,
0,patch_15_28,3840,4096,7168,7424,65536,NDVI,-0.99609375,21208,10338,0.025069499890265884,10998,0.03319455002385102
0,patch_15_29,3840,4096,7424,7680,65536,MSAVI,-0.20703125,43559,,,,
0,patch_15_29,3840,4096,7424,7680,65536,NDVI,-0.99609375,21977,6442,0.019533307447201248,7977,0.028718232970687207
0,patch_15_30,3840,4096,7680,7936,65536,MSAVI,-0.23046875,51972,,,,
0,patch_15_30,3840,4096,7680,7936,65536,NDVI,-0.99609375,13564,1400,0.034241782517956704,1460,0.039740174332162675
0,patch_15_31,3840,4096,7936,8192,65536,MSAVI,-0.24609375,49936,,,,
0,patch_15_31,3840,4096,7936,8192,65536,NDVI,-0.99609375,15600,57,0.02859521490945499,317,0.03140524394005084
0,patch_15_32,3840,4096,8192,8448,65536,MSAVI,-0.18359375,47418,,,,
0,patch_15_32,3840,4096,8192,8448,65536,NDVI,-0.99609375,18118,1713,0.02268975484626648,1907,0.028425729609619255
0,patch_15_33,3840,4096,8448,8704,65536,MSAVI,-0.16796875,39751,,,,
0,patch_15_33,3840,4096,8448,8704,65536,NDVI,-0.99609375,25785,15712,0.020889662112722,15485,0.02631279445544535
0,patch_15_34,3840,4096,8704,8960,65536,MSAVI,-0.23046875,41646,,,,
0,patch_15_34,3840,4096,8704,8960,65536,NDVI,-0.99609375,23890,1606,0.017108949913102356,2558,0.022801230021001706
0,patch_15_35,3840,4096,8960,9216,65536,MSAVI,-0.20703125,46379,,,,
0,patch_15_35,3840,4096,8960,9216,65536,NDVI,-0.62890625,19155,420,0.02138190061686035,753,0.02893732087463552
0,patch_15_36,3840,4096,9216,9472,65536,MSAVI,-0.09765625,47763,,,,
0,patch_15_36,3840,4096,9216,9472,65536,NDVI,-0.65234375,17770,361,0.02194080132227627,402,0.02899246937105243
0,patch_15_37,3840,4096,9472,9728,65536,MSAVI,-0.21484375,54343,,,,
0,patch_15_37,3840,4096,9472,9728,65536,NDVI,-0.99609375,11193,0,0.03561874891088734,0,0.041801379127699545
0,patch_15_40,3840,4096,10240,10496,65536,MSAVI,0.0,65536,,,,
0,patch_15_40,3840,4096,10240,10496,65536,NDVI,0.0,0,0,0.0,0,0.009808042386020944
0,patch_15_41,3840,4096,10496,10752,65536,MSAVI,0.0,65536,,,,
0,patch_15_41,3840,4096,10496,10752,65536,NDVI,0.0,0,0,0.0,0,0.009808042386020944
0,patch_15_42,3840,4096,10752,11008,65536,MSAVI,0.0,65536,,,,
0,patch_15_42,3840,4096,10752,11008,65536,NDVI,0.0,0,0,0.0,0,0.009808042386020944
0,patch_15_43,3840,4096,11008,11264,65536,MSAVI,0.0,65536,,,,
0,patch_15_43,3840,4096,11008,11264,65536,NDVI,0.0,0,0,0.0,0,0.009808042386020944
0,patch_15_44,3840,4096,11264,11520,65536,MSAVI,0.0,65536,,,,
0,patch_15_44,3840,4096,11264,11520,65536,NDVI,0.0,0,0,0.0,0,0.009808042386020944
0,patch_15_45,3840,4096,11520,11776,65536,MSAVI,0.0,65536,,,,
0,patch_15_45,3840,4096,11520,11776,65536,NDVI,0.0,0,0,0.0,0,0.009808042386020944
0,patch_16_3,4096,4352,768,1024,65536,MSAVI,-0.30859375,46052,,,,
0,patch_16_3,4096,4352,768,1024,65536,NDVI,-0.99609375,19484,1122,0.02280776982374605,1531,0.02813941233917583
0,patch_16_4,4096,4352,1024,1280,65536,MSAVI,-0.32421875,48755,,,,
0,patch_16_4,4096,4352,1024,1280,65536,NDVI,-0.99609375,16781,185,0.02570040369556409,211,0.03275462737377613
0,patch_16_5,4096,4352,1280,1536,65536,MSAVI,-0.33984375,45849,,,,
0,patch_16_5,4096,4352,1280,1536,65536,NDVI,-0.99609375,19687,1929,0.02175927007102621,2397,0.03125735382444242
0,patch_16_6,4096,4352,1536,1792,65536,MSAVI,-0.40234375,47946,,,,
0,patch_16_6,4096,4352,1536,1792,65536,NDVI,-0.99609375,17590,614,0.025762772120461797,682,0.0320433445536438
0,patch_16_7,4096,4352,1792,2048,65536,MSAVI,-0.16796875,47486,,,,
0,patch_16_7,4096,4352,1792,2048,65536,NDVI,-0.99609375,18050,0,0.022994140931075546,81,0.028905579794828246
0,patch_16_8,4096,4352,2048,2304,65536,MSAVI,-0.19140625,44357,,,,
0,patch_16_8,4096,4352,2048,2304,65536,NDVI,-0.58203125,21170,7208,0.020758092837011355,6183,0.02945332532264655
0,patch_16_9,4096,4352,2304,2560,65536,MSAVI,-0.24609375,48528,,,,
0,patch_16_9,4096,4352,2304,2560,65536,NDVI,-0.69921875,16977,410,0.02366928302623056,592,0.032463163135724366
0,patch_16_10,4096,4352,2560,2816,65536,MSAVI,0.03515625,45060,,,,
0,patch_16_10,4096,4352,2560,2816,65536,NDVI,-0.99609375,20476,907,0.020403389511767567,1407,0.025043663118178933
0,patch_16_11,4096,4352,2816,3072,65536,MSAVI,-0.05078125,45302,,,,
0,patch_16_11,4096,4352,2816,3072,65536,NDVI,-0.71484375,20218,402,0.018419051618713572,528,0.024342195951902096
0,patch_16_12,4096,4352,3072,3328,65536,MSAVI,-0.15234375,47287,,,,
0,patch_16_12,4096,4352,3072,3328,65536,NDVI,-0.55078125,11707,7442,0.025736821917633226,7606,0.03606531285730702
0,patch_16_13,4096,4352,3328,3584,65536,MSAVI,-0.14453125,48433,,,,
0,patch_16_13,4096,4352,3328,3584,65536,NDVI,-0.66015625,9262,2641,0.025113925484413838,3176,0.03205883262053852
0,patch_16_14,4096,4352,3584,3840,65536,MSAVI,0.01953125,38217,,,,
0,patch_16_14,4096,4352,3584,3840,65536,NDVI,-0.69921875,27110,5116,0.011697007373881185,7087,0.02179162346997629
0,patch_16_15,4096,4352,3840,4096,65536,MSAVI,0.14453125,37282,,,,
0,patch_16_15,4096,4352,3840,4096,65536,NDVI,-0.99609375,28254,5331,0.010068992882564382,6497,0.019615336697844682
0,patch_16_16,4096,4352,4096,4352,65536,MSAVI,-0.13671875,43512,,,,
0,patch_16_16,4096,4352,4096,4352,65536,NDVI,-0.58203125,22006,1526,0.0160924049050907,1769,0.022996778636696885
0,patch_16_17,4096,4352,4352,4608,65536,MSAVI,-0.21484375,41770,,,,
0,patch_16_17,4096,4352,4352,4608,65536,NDVI,-0.66015625,23762,2021,0.014843106110690396,2906,0.022569506623697805
0,patch_16_18,4096,4352,4608,4864,65536,MSAVI,-0.20703125,41886,,,,
0,patch_16_18,4096,4352,4608,4864,65536,NDVI,-0.99609375,23650,3138,0.016525795255369707,3874,0.023392061185831647
0,patch_16_19,4096,4352,4864,5120,65536,MSAVI,-0.26171875,49066,,,,
0,patch_16_19,4096,4352,4864,5120,65536,NDVI,-0.69921875,16400,4659,0.027366583001794537,4562,0.03364214335067353
0,patch_16_20,4096,4352,5120,5376,65536,MSAVI,-0.24609375,47707,,,,
0,patch_16_20,4096,4352,5120,5376,65536,NDVI,-0.62109375,17725,8122,0.02117937836611085,7972,0.036321154101718156
0,patch_16_21,4096,4352,5376,5632,65536,MSAVI,-0.20703125,44240,,,,
0,patch_16_21,4096,4352,5376,5632,65536,NDVI,-0.99609375,21296,4216,0.018356510317763197,5020,0.02682009306055219
0,patch_16_22,4096,4352,5632,5888,65536,MSAVI,-0.22265625,45141,,,,
0,patch_16_22,4096,4352,5632,5888,65536,NDVI,-0.99609375,20395,2153,0.01943940561951238,2164,0.026384999946497067
0,patch_16_23,4096,4352,5888,6144,65536,MSAVI,-0.45703125,43657,,,,
0,patch_16_23,4096,4352,5888,6144,65536,NDVI,-0.99609375,21879,5376,0.019797341813201294,6243,0.028802922219822613
0,patch_16_24,4096,4352,6144,6400,65536,MSAVI,-0.30859375,47402,,,,
0,patch_16_24,4096,4352,6144,6400,65536,NDVI,-0.63671875,18131,1489,0.023094890132270673,2403,0.0320443627955323
0,patch_16_25,4096,4352,6400,6656,65536,MSAVI,-0.09765625,49200,,,,
0,patch_16_25,4096,4352,6400,6656,65536,NDVI,-0.99609375,16336,3594,0.02715655509094822,4060,0.036136555922954894
0,patch_16_26,4096,4352,6656,6912,65536,MSAVI,-0.22265625,54641,,,,
0,patch_16_26,4096,4352,6656,6912,65536,NDVI,-0.99609375,10895,817,0.03456099696388468,958,0.04379232359512461
0,patch_16_27,4096,4352,6912,7168,65536,MSAVI,-0.28515625,50782,,,,
0,patch_16_27,4096,4352,6912,7168,65536,NDVI,-0.99609375,14754,1572,0.03067209025468859,1794,0.03821750975179827
0,patch_16_28,4096,4352,7168,7424,65536,MSAVI,-0.16015625,38062,,,,
0,patch_16_28,4096,4352,7168,7424,65536,NDVI,-0.99609375,27474,16366,0.022646466161880263,16878,0.026933311693395412
0,patch_16_29,4096,4352,7424,7680,65536,MSAVI,-0.32421875,45245,,,,
0,patch_16_29,4096,4352,7424,7680,65536,NDVI,-0.99609375,20291,11335,0.026631361814611343,11305,0.03521183543706016
0,patch_16_30,4096,4352,7680,7936,65536,MSAVI,-0.30078125,41818,,,,
0,patch_16_30,4096,4352,7680,7936,65536,NDVI,-0.99609375,23718,12817,0.020207581069308284,14168,0.02929807765120479
0,patch_16_31,4096,4352,7936,8192,65536,MSAVI,-0.33203125,44081,,,,
0,patch_16_31,4096,4352,7936,8192,65536,NDVI,-0.99609375,21455,4619,0.01918187197441576,5395,0.022184483902848606
0,patch_16_32,4096,4352,8192,8448,65536,MSAVI,-0.28515625,48249,,,,
0,patch_16_32,4096,4352,8192,8448,65536,NDVI,-0.99609375,17287,3415,0.025547865674573206,3710,0.031252131526930876
0,patch_16_33,4096,4352,8448,8704,65536,MSAVI,-0.28515625,38539,,,,
0,patch_16_33,4096,4352,8448,8704,65536,NDVI,-0.99609375,26997,8799,0.010103624361520819,11892,0.019249591262072985
0,patch_16_34,4096,4352,8704,8960,65536,MSAVI,-0.23828125,44912,,,,
0,patch_16_34,4096,4352,8704,8960,65536,NDVI,-0.99609375,20624,2325,0.0210671162592396,2848,0.02653181919117864
0,patch_16_35,4096,4352,8960,9216,65536,MSAVI,-0.19140625,49550,,,,
0,patch_16_35,4096,4352,8960,9216,65536,NDVI,-0.99609375,15986,953,0.02760558959070028,1171,0.03481231796354484
0,patch_16_36,4096,4352,9216,9472,65536,MSAVI,-0.23828125,42754,,,,
0,patch_16_36,4096,4352,9216,9472,65536,NDVI,-0.99609375,22782,116,0.014083011071628071,572,0.019600275130066402
0,patch_16_37,4096,4352,9472,9728,65536,MSAVI,-0.22265625,47387,,,,
0,patch_16_37,4096,4352,9472,9728,65536,NDVI,-0.99609375,18149,165,0.02490309756009776,165,0.0306680268196092
0,patch_16_38,4096,4352,9728,9984,65536,MSAVI,-0.18359375,46745,,,,
0,patch_16_38,4096,4352,9728,9984,65536,NDVI,-0.99609375,18791,307,0.022558701788111202,235,0.028932852401665543
0,patch_16_40,4096,4352,10240,10496,65536,MSAVI,0.0,65536,,,,
0,patch_16_40,4096,4352,10240,10496,65536,NDVI,0.0,0,0,0.0,0,0.009808042386020944
0,patch_16_41,4096,4352,10496,10752,65536,MSAVI,0.0,65536,,,,
0,patch_16_41,4096,4352,10496,10752,65536,NDVI,0.0,0,0,0.0,0,0.009808042386020944
0,patch_16_42,4096,4352,10752,11008,65536,MSAVI,0.0,65536,,,,
0,patch_16_42,4096,4352,10752,11008,65536,NDVI,0.0,0,0,0.0,0,0.009808042386020944
0,patch_16_43,4096,4352,11008,11264,65536,MSAVI,0.0,65536,,,,
0,patch_16_43,4096,4352,11008,11264,65536,NDVI,0.0,0,0,0.0,0,0.009808042386020944
0,patch_16_44,4096,4352,11264,11520,65536,MSAVI,0.0,65536,,,,
0,patch_16_44,4096,4352,11264,11520,65536,NDVI,0.0,0,0,0.0,0,0.009808042386020944
0,patch_16_45,4096,4352,11520,11776,65536,MSAVI,0.0,65536,,,,
0,patch_16_45,4096,4352,11520,11776,65536,NDVI,0.0,0,0,0.0,0,0.009808042386020944
0,patch_17_1,4352,4608,256,512,65536,MSAVI,-0.45703125,49425,,,,
0,patch_17_1,4352,4608,256,512,65536,NDVI,-0.99609375,16111,81,0.02585814293723772,308,0.03335787562045689
0,patch_17_2,4352,4608,512,768,65536,MSAVI,-0.19140625,49803,,,,
0,patch_17_2,4352,4608,512,768,65536,NDVI,-0.99609375,15733,0,0.02548704129052723,0,0.03402176998294307
0,patch_17_3,4352,4608,768,1024,65536,MSAVI,-0.26953125,46122,,,,
0,patch_17_3,4352,4608,768,1024,65536,NDVI,-0.99609375,19414,692,0.0192439865172295,1024,0.025812064656091566
0,patch_17_4,4352,4608,1024,1280,65536,MSAVI,-0.21484375,50638,,,,
0,patch_17_4,4352,4608,1024,1280,65536,NDVI,-0.99609375,14898,203,0.029767748684370918,189,0.0357670444030635
0,patch_17_5,4352,4608,1280,1536,65536,MSAVI,-0.30859375,50331,,,,
0,patch_17_5,4352,4608,1280,1536,65536,NDVI,-0.99609375,15205,3382,0.02707981585662521,3343,0.0369661015354705
0,patch_17_6,4352,4608,1536,1792,65536,MSAVI,-0.23828125,45085,,,,
0,patch_17_6,4352,4608,1536,1792,65536,NDVI,-0.99609375,20451,1265,0.02231536878064866,1414,0.027173036938033468
0,patch_17_7,4352,4608,1792,2048,65536,MSAVI,-0.16796875,48095,,,,
0,patch_17_7,4352,4608,1792,2048,65536,NDVI,-0.99609375,17441,255,0.02342172065069778,299,0.03232748709204228
0,patch_17_8,4352,4608,2048,2304,65536,MSAVI,-0.17578125,49073,,,,
0,patch_17_8,4352,4608,2048,2304,65536,NDVI,-0.62890625,16211,317,0.02429834273640219,283,0.031238701241539324
0,patch_17_9,4352,4608,2304,2560,65536,MSAVI,-0.16796875,50370,,,,
0,patch_17_9,4352,4608,2304,2560,65536,NDVI,-0.58984375,15165,1089,0.029257258553563148,1153,0.037314341925957034
0,patch_17_10,4352,4608,2560,2816,65536,MSAVI,-0.24609375,48175,,,,
0,patch_17_10,4352,4608,2560,2816,65536,NDVI,-0.99609375,17361,1983,0.023724830731812224,2024,0.03299813716631009
0,patch_17_11,4352,4608,2816,3072,65536,MSAVI,-0.29296875,48572,,,,
0,patch_17_11,4352,4608,2816,3072,65536,NDVI,-0.63671875,16952,4704,0.025665894370226372,4784,0.03319156796845282
0,patch_17_12,4352,4608,3072,3328,65536,MSAVI,-0.11328125,41027,,,,
0,patch_17_12,4352,4608,3072,3328,65536,NDVI,-0.60546875,17845,9704,0.013638236296495826,10519,0.024321365323018596
0,patch_17_13,4352,4608,3328,3584,65536,MSAVI,-0.06640625,44077,,,,
0,patch_17_13,4352,4608,3328,3584,65536,NDVI,-0.60546875,12565,7405,0.019935139145070807,8402,0.02930808860008341
0,patch_17_14,4352,4608,3584,3840,65536,MSAVI,-0.18359375,43597,,,,
0,patch_17_14,4352,4608,3584,3840,65536,NDVI,-0.66015625,12093,11124,0.025227792659240633,11742,0.03338113209622584
0,patch_17_15,4352,4608,3840,4096,65536,MSAVI,0.15234375,39900,,,,
0,patch_17_15,4352,4608,3840,4096,65536,NDVI,-0.66796875,25635,2787,0.012876817689224052,3696,0.01892588634567363
0,patch_17_16,4352,4608,4096,4352,65536,MSAVI,-0.15234375,39872,,,,
0,patch_17_16,4352,4608,4096,4352,65536,NDVI,-0.99609375,25664,3505,0.013275921739708568,3649,0.020250668711824682
0,patch_17_17,4352,4608,4352,4608,65536,MSAVI,-0.06640625,42145,,,,
0,patch_17_17,4352,4608,4352,4608,65536,NDVI,-0.46484375,23352,9042,0.016034432120899916,8813,0.024684500315769936
0,patch_17_18,4352,4608,4608,4864,65536,MSAVI,-0.22265625,48545,,,,
0,patch_17_18,4352,4608,4608,4864,65536,NDVI,-0.62890625,16990,0,0.02601209378871136,0,0.030708640834533563
0,patch_17_19,4352,4608,4864,5120,65536,MSAVI,-0.30859375,46277,,,,
0,patch_17_19,4352,4608,4864,5120,65536,NDVI,-0.71484375,19119,1500,0.021307029822999368,1619,0.027876254396147798
0,patch_17_20,4352,4608,5120,5376,65536,MSAVI,-0.16015625,41910,,,,
0,patch_17_20,4352,4608,5120,5376,65536,NDVI,-0.68359375,23613,5066,0.015724237554236326,5894,0.021788411905167476
0,patch_17_21,4352,4608,5376,5632,65536,MSAVI,-0.30859375,45648,,,,
0,patch_17_21,4352,4608,5376,5632,65536,NDVI,-0.99609375,19888,7805,0.022121861810879773,8470,0.03091513859467654
0,patch_17_22,4352,4608,5632,5888,65536,MSAVI,-0.29296875,41442,,,,
0,patch_17_22,4352,4608,5632,5888,65536,NDVI,-0.99609375,24094,5326,0.01522600331371668,6251,0.022241409665110484
0,patch_17_23,4352,4608,5888,6144,65536,MSAVI,-0.16796875,42066,,,,
0,patch_17_23,4352,4608,5888,6144,65536,NDVI,-0.99609375,23470,2348,0.01427020517008068,2980,0.02153995763421218
0,patch_17_24,4352,4608,6144,6400,65536,MSAVI,-0.18359375,41205,,,,
0,patch_17_24,4352,4608,6144,6400,65536,NDVI,-0.99609375,24331,6646,0.013665513778905486,8383,0.024274819154916166
0,patch_17_25,4352,4608,6400,6656,65536,MSAVI,-0.25390625,47121,,,,
0,patch_17_25,4352,4608,6400,6656,65536,NDVI,-0.99609375,18415,801,0.02064588448868479,1164,0.02955313725888581
0,patch_17_26,4352,4608,6656,6912,65536,MSAVI,-0.26171875,48650,,,,
0,patch_17_26,4352,4608,6656,6912,65536,NDVI,-0.99609375,16886,1338,0.026194526503443755,1878,0.03449524361818959
0,patch_17_27,4352,4608,6912,7168,65536,MSAVI,-0.06640625,47657,,,,
0,patch_17_27,4352,4608,6912,7168,65536,NDVI,-0.99609375,17879,1454,0.025407811716843004,1731,0.03094811407901682
0,patch_17_28,4352,4608,7168,7424,65536,MSAVI,-0.33203125,43127,,,,
0,patch_17_28,4352,4608,7168,7424,65536,NDVI,-0.99609375,22409,5399,0.018403666665472468,7160,0.02400371334292023
0,patch_17_29,4352,4608,7424,7680,65536,MSAVI,-0.27734375,52499,,,,
0,patch_17_29,4352,4608,7424,7680,65536,NDVI,-0.51171875,13022,8783,0.02549777172868177,8428,0.03668947741763956
0,patch_17_30,4352,4608,7680,7936,65536,MSAVI,-0.30859375,39862,,,,
0,patch_17_30,4352,4608,7680,7936,65536,NDVI,-0.99609375,25674,9336,0.01634439135444765,12177,0.025233119360399348
0,patch_17_31,4352,4608,7936,8192,65536,MSAVI,-0.19921875,41355,,,,
0,patch_17_31,4352,4608,7936,8192,65536,NDVI,-0.99609375,24181,6617,0.014726483130058393,8343,0.02258529772649187
0,patch_17_32,4352,4608,8192,8448,65536,MSAVI,-0.14453125,41633,,,,
0,patch_17_32,4352,4608,8192,8448,65536,NDVI,-0.99609375,23903,12418,0.016150974151702274,13708,0.027281907842501785
0,patch_17_33,4352,4608,8448,8704,65536,MSAVI,-0.31640625,40528,,,,
0,patch_17_33,4352,4608,8448,8704,65536,NDVI,-0.99609375,25008,9299,0.014902791677176258,10087,0.022358181848861597
0,patch_17_34,4352,4608,8704,8960,65536,MSAVI,-0.30859375,43806,,,,
0,patch_17_34,4352,4608,8704,8960,65536,NDVI,-0.99609375,21730,12804,0.020483470875222926,12909,0.031502296207298996
0,patch_17_35,4352,4608,8960,9216,65536,MSAVI,-0.23046875,52328,,,,
0,patch_17_35,4352,4608,8960,9216,65536,NDVI,-0.99609375,13208,4344,0.02794255813434811,4282,0.03996166415660951
0,patch_17_36,4352,4608,9216,9472,65536,MSAVI,-0.21484375,41146,,,,
0,patch_17_36,4352,4608,9216,9472,65536,NDVI,-0.99609375,24390,1530,0.01503742393430843,2357,0.01941230947544506
0,patch_17_37,4352,4608,9472,9728,65536,MSAVI,-0.04296875,41155,,,,
0,patch_17_37,4352,4608,9472,9728,65536,NDVI,-0.99609375,24381,370,0.015079526799388149,484,0.019470747912213787
0,patch_17_38,4352,4608,9728,9984,65536,MSAVI,-0.16796875,44523,,,,
0,patch_17_38,4352,4608,9728,9984,65536,NDVI,-0.99609375,21013,202,0.020885995388980866,318,0.02492182208341054
0,patch_17_41,4352,4608,10496,10752,65536,MSAVI,0.0,65536,,,,
0,patch_17_41,4352,4608,10496,10752,65536,NDVI,0.0,0,0,0.0,0,0.009808042386020944
0,patch_17_42,4352,4608,10752,11008,65536,MSAVI,0.0,65536,,,,
0,patch_17_42,4352,4608,10752,11008,65536,NDVI,0.0,0,0,0.0,0,0.009808042386020944
0,patch_17_43,4352,4608,11008,11264,65536,MSAVI,0.0,65536,,,,
0,patch_17_43,4352,4608,11008,11264,65536,NDVI,0.0,0,0,0.0,0,0.009808042386020944
0,patch_17_44,4352,4608,11264,11520,65536,MSAVI,0.0,65536,,,,
0,patch_17_44,4352,4608,11264,11520,65536,NDVI,0.0,0,0,0.0,0,0.009808042386020944
0,patch_17_45,4352,4608,11520,11776,65536,MSAVI,0.0,65536,,,,
0,patch_17_45,4352,4608,11520,11776,65536,NDVI,0.0,0,0,0.0,0,0.009808042386020944
0,patch_18_1,4608,4864,256,512,65536,MSAVI,-0.39453125,46346,,,,
0,patch_18_1,4608,4864,256,512,65536,NDVI,-0.99609375,19190,621,0.02090545338824429,668,0.030857558829396003
0,patch_18_2,4608,4864,512,768,65536,MSAVI,-0.27734375,49045,,,,
0,patch_18_2,4608,4864,512,768,65536,NDVI,-0.55859375,16491,3188,0.023860814048417264,2988,0.03419089891759747
0,patch_18_3,4608,4864,768,1024,65536,MSAVI,-0.33203125,45798,,,,
0,patch_18_3,4608,4864,768,1024,65536,NDVI,-0.99609375,19738,2185,0.02125687626146032,1700,0.027726047343384075
0,patch_18_4,4608,4864,1024,1280,65536,MSAVI,-0.29296875,45481,,,,
0,patch_18_4,4608,4864,1024,1280,65536,NDVI,-0.99609375,20055,699,0.021926029706991673,725,0.025917329855293464
0,patch_18_5,4608,4864,1280,1536,65536,MSAVI,-0.22265625,43688,,,,
0,patch_18_5,4608,4864,1280,1536,65536,NDVI,-0.99609375,21848,1064,0.01789968849979534,1499,0.025493177049825205
0,patch_18_6,4608,4864,1536,1792,65536,MSAVI,-0.35546875,44181,,,,
0,patch_18_6,4608,4864,1536,1792,65536,NDVI,-0.99609375,21355,1194,0.01909739857547832,1759,0.026784403634463244
0,patch_18_7,4608,4864,1792,2048,65536,MSAVI,-0.26953125,46692,,,,
0,patch_18_7,4608,4864,1792,2048,65536,NDVI,-0.99609375,18844,635,0.020271755819912113,679,0.02739181687335754
0,patch_18_8,4608,4864,2048,2304,65536,MSAVI,-0.19921875,49024,,,,
0,patch_18_8,4608,4864,2048,2304,65536,NDVI,-0.59765625,16512,0,0.02745405416989022,0,0.03423272736480093
0,patch_18_9,4608,4864,2304,2560,65536,MSAVI,-0.19140625,49660,,,,
0,patch_18_9,4608,4864,2304,2560,65536,NDVI,-0.99609375,15876,125,0.026396581572424027,309,0.03382383478513509
0,patch_18_10,4608,4864,2560,2816,65536,MSAVI,-0.15234375,50733,,,,
0,patch_18_10,4608,4864,2560,2816,65536,NDVI,-0.65234375,14775,1784,0.023946602068070644,1876,0.036900541930759534
0,patch_18_11,4608,4864,2816,3072,65536,MSAVI,-0.17578125,53040,,,,
0,patch_18_11,4608,4864,2816,3072,65536,NDVI,-0.60546875,12331,3380,0.028761131709589466,3323,0.03894580748793161
0,patch_18_12,4608,4864,3072,3328,65536,MSAVI,-0.19921875,51888,,,,
0,patch_18_12,4608,4864,3072,3328,65536,NDVI,-0.54296875,12733,5379,0.02650046912798476,4968,0.036412530816041844
0,patch_18_13,4608,4864,3328,3584,65536,MSAVI,-0.17578125,49218,,,,
0,patch_18_13,4608,4864,3328,3584,65536,NDVI,-0.60546875,8408,1063,0.026187294592231625,1849,0.03522402964820345
0,patch_18_14,4608,4864,3584,3840,65536,MSAVI,-0.10546875,46190,,,,
0,patch_18_14,4608,4864,3584,3840,65536,NDVI,-0.66015625,9334,6049,0.025222453864662903,6690,0.032656860043604186
0,patch_18_15,4608,4864,3840,4096,65536,MSAVI,-0.16796875,42213,,,,
0,patch_18_15,4608,4864,3840,4096,65536,NDVI,-0.66015625,17939,4943,0.017203639113861857,5369,0.02523974524507372
0,patch_18_16,4608,4864,4096,4352,65536,MSAVI,-0.25390625,41597,,,,
0,patch_18_16,4608,4864,4096,4352,65536,NDVI,-0.67578125,23289,5056,0.013859124679332938,5662,0.02686475378755729
0,patch_18_17,4608,4864,4352,4608,65536,MSAVI,-0.14453125,44544,,,,
0,patch_18_17,4608,4864,4352,4608,65536,NDVI,-0.66796875,20840,539,0.018199416863854997,1021,0.025968658498443042
0,patch_18_18,4608,4864,4608,4864,65536,MSAVI,-0.22265625,45889,,,,
0,patch_18_18,4608,4864,4608,4864,65536,NDVI,-0.62109375,19647,0,0.02299064183026811,0,0.027980642576683146
0,patch_18_19,4608,4864,4864,5120,65536,MSAVI,-0.12109375,50115,,,,
0,patch_18_19,4608,4864,4864,5120,65536,NDVI,-0.99609375,15421,506,0.026619511489893277,526,0.03414140038987404
0,patch_18_20,4608,4864,5120,5376,65536,MSAVI,-0.17578125,49324,,,,
0,patch_18_20,4608,4864,5120,5376,65536,NDVI,-0.99609375,16212,657,0.02596831262703511,785,0.03350872001748728
0,patch_18_21,4608,4864,5376,5632,65536,MSAVI,-0.16015625,41751,,,,
0,patch_18_21,4608,4864,5376,5632,65536,NDVI,-0.54296875,23784,11098,0.01973282857756202,10705,0.029578039694707403
0,patch_18_22,4608,4864,5632,5888,65536,MSAVI,-0.28515625,44188,,,,
0,patch_18_22,4608,4864,5632,5888,65536,NDVI,-0.99609375,21348,3049,0.018784109804056953,3521,0.02580819012047053
0,patch_18_23,4608,4864,5888,6144,65536,MSAVI,-0.30859375,42405,,,,
0,patch_18_23,4608,4864,5888,6144,65536,NDVI,-0.99609375,23131,6005,0.015174877347757687,6968,0.021623210487216715
0,patch_18_24,4608,4864,6144,6400,65536,MSAVI,-0.19921875,43483,,,,
0,patch_18_24,4608,4864,6144,6400,65536,NDVI,-0.99609375,22053,6938,0.022051119892949667,7044,0.029634369762059104
0,patch_18_25,4608,4864,6400,6656,65536,MSAVI,-0.23046875,45759,,,,
0,patch_18_25,4608,4864,6400,6656,65536,NDVI,-0.57421875,19776,4928,0.019303625242821087,5001,0.03024116513241637
0,patch_18_26,4608,4864,6656,6912,65536,MSAVI,-0.28515625,51498,,,,
0,patch_18_26,4608,4864,6656,6912,65536,NDVI,-0.66015625,14038,1450,0.02830796018324594,1395,0.038804704517863275
0,patch_18_27,4608,4864,6912,7168,65536,MSAVI,-0.19140625,45289,,,,
0,patch_18_27,4608,4864,6912,7168,65536,NDVI,-0.99609375,20247,2871,0.019636840244260434,4115,0.02821591396916287
0,patch_18_28,4608,4864,7168,7424,65536,MSAVI,-0.33203125,42082,,,,
0,patch_18_28,4608,4864,7168,7424,65536,NDVI,-0.99609375,23454,4992,0.015389461611466537,6826,0.020778714285604877
0,patch_18_29,4608,4864,7424,7680,65536,MSAVI,-0.18359375,51085,,,,
0,patch_18_29,4608,4864,7424,7680,65536,NDVI,-0.44140625,14448,7781,0.02551304963046848,7337,0.03853088811725888
0,patch_18_30,4608,4864,7680,7936,65536,MSAVI,-0.49609375,46393,,,,
0,patch_18_30,4608,4864,7680,7936,65536,NDVI,-0.99609375,19143,6630,0.024298593896373455,7491,0.032124503582895286
0,patch_18_31,4608,4864,7936,8192,65536,MSAVI,-0.21484375,40468,,,,
0,patch_18_31,4608,4864,7936,8192,65536,NDVI,-0.99609375,25068,9532,0.015757687623602384,12034,0.026579716616261906
0,patch_18_32,4608,4864,8192,8448,65536,MSAVI,-0.17578125,39099,,,,
0,patch_18_32,4608,4864,8192,8448,65536,NDVI,-0.99609375,26437,9992,0.011593165374774311,13317,0.021137129862454973
0,patch_18_33,4608,4864,8448,8704,65536,MSAVI,-0.19140625,37166,,,,
0,patch_18_33,4608,4864,8448,8704,65536,NDVI,-0.99609375,28370,6916,0.00975149731186728,10235,0.01662926788961913
0,patch_18_34,4608,4864,8704,8960,65536,MSAVI,-0.19921875,45137,,,,
0,patch_18_34,4608,4864,8704,8960,65536,NDVI,-0.99609375,20399,11998,0.025319983756743977,12100,0.03132249835322179
0,patch_18_35,4608,4864,8960,9216,65536,MSAVI,-0.36328125,48497,,,,
0,patch_18_35,4608,4864,8960,9216,65536,NDVI,-0.99609375,17039,5842,0.02692944558670482,5817,0.03569569710458215
0,patch_18_36,4608,4864,9216,9472,65536,MSAVI,-0.20703125,40320,,,,
0,patch_18_36,4608,4864,9216,9472,65536,NDVI,-0.99609375,25216,1025,0.013305281280456216,1510,0.017653645018853636
0,patch_18_37,4608,4864,9472,9728,65536,MSAVI,-0.05078125,40778,,,,
0,patch_18_37,4608,4864,9472,9728,65536,NDVI,-0.61328125,24647,222,0.01500706612772873,361,0.018824360795526712
0,patch_18_38,4608,4864,9728,9984,65536,MSAVI,-0.12890625,41861,,,,
0,patch_18_38,4608,4864,9728,9984,65536,NDVI,-0.61328125,23675,168,0.014361570725136358,460,0.020828887890174702
0,patch_18_39,4608,4864,9984,10240,65536,MSAVI,-0.11328125,44401,,,,
0,patch_18_39,4608,4864,9984,10240,65536,NDVI,-0.99609375,21135,583,0.019447056433670173,946,0.025931125869413957
0,patch_18_41,4608,4864,10496,10752,65536,MSAVI,0.0,65536,,,,
0,patch_18_41,4608,4864,10496,10752,65536,NDVI,0.0,0,0,0.0,0,0.009808042386020944
0,patch_18_42,4608,4864,10752,11008,65536,MSAVI,0.0,65536,,,,
0,patch_18_42,4608,4864,10752,11008,65536,NDVI,0.0,0,0,0.0,0,0.009808042386020944
0,patch_18_43,4608,4864,11008,11264,65536,MSAVI,0.0,65536,,,,
0,patch_18_43,4608,4864,11008,11264,65536,NDVI,0.0,0,0,0.0,0,0.009808042386020944
0,patch_18_44,4608,4864,11264,11520,65536,MSAVI,0.0,65536,,,,
0,patch_18_44,4608,4864,11264,11520,65536,NDVI,0.0,0,0,0.0,0,0.009808042386020944
0,patch_18_45,4608,4864,11520,11776,65536,MSAVI,0.0,65536,,,,
0,patch_18_45,4608,4864,11520,11776,65536,NDVI,0.0,0,0,0.0,0,0.009808042386020944
0,patch_19_1,4864,5120,256,512,65536,MSAVI,-0.36328125,45155,,,,
0,patch_19_1,4864,5120,256,512,65536,NDVI,-0.99609375,20381,3075,0.02261149498511056,3299,0.0306560350198829
0,patch_19_2,4864,5120,512,768,65536,MSAVI,-0.19140625,43335,,,,
0,patch_19_2,4864,5120,512,768,65536,NDVI,-0.99609375,22201,1144,0.016242176272699138,1681,0.024796970312789268
0,patch_19_3,4864,5120,768,1024,65536,MSAVI,-0.16796875,43041,,,,
0,patch_19_3,4864,5120,768,1024,65536,NDVI,-0.99609375,22495,863,0.01663772697537541,1490,0.02402220784834025
0,patch_19_4,4864,5120,1024,1280,65536,MSAVI,-0.30859375,43768,,,,
0,patch_19_4,4864,5120,1024,1280,65536,NDVI,-0.99609375,21768,436,0.018422458935651947,633,0.022705975338910944
0,patch_19_5,4864,5120,1280,1536,65536,MSAVI,-0.14453125,47121,,,,
0,patch_19_5,4864,5120,1280,1536,65536,NDVI,-0.99609375,18415,252,0.023453502000939014,457,0.02997071264010312
0,patch_19_6,4864,5120,1536,1792,65536,MSAVI,-0.43359375,45151,,,,
0,patch_19_6,4864,5120,1536,1792,65536,NDVI,-0.99609375,20385,2602,0.02007770115167465,3483,0.027783356697007294
0,patch_19_7,4864,5120,1792,2048,65536,MSAVI,-0.23046875,46923,,,,
0,patch_19_7,4864,5120,1792,2048,65536,NDVI,-0.99609375,18613,8352,0.02270752263144049,7986,0.03551337372086838
0,patch_19_8,4864,5120,2048,2304,65536,MSAVI,-0.21484375,43194,,,,
0,patch_19_8,4864,5120,2048,2304,65536,NDVI,-0.99609375,22342,6436,0.01806465708125024,6311,0.02683725542369028
0,patch_19_9,4864,5120,2304,2560,65536,MSAVI,-0.21484375,48270,,,,
0,patch_19_9,4864,5120,2304,2560,65536,NDVI,-0.99609375,17266,0,0.02527919328955386,60,0.02998495611697849
0,patch_19_10,4864,5120,2560,2816,65536,MSAVI,-0.27734375,47794,,,,
0,patch_19_10,4864,5120,2560,2816,65536,NDVI,-0.69921875,17742,4034,0.02628890311330856,3953,0.03208955867948965
0,patch_19_11,4864,5120,2816,3072,65536,MSAVI,-0.38671875,48285,,,,
0,patch_19_11,4864,5120,2816,3072,65536,NDVI,-0.99609375,17251,1819,0.024936365178068465,1813,0.032963675732497894
0,patch_19_12,4864,5120,3072,3328,65536,MSAVI,-0.13671875,47109,,,,
0,patch_19_12,4864,5120,3072,3328,65536,NDVI,-0.64453125,18425,1468,0.02404731977563468,1602,0.03225764621042984
0,patch_19_13,4864,5120,3328,3584,65536,MSAVI,-0.03515625,46747,,,,
0,patch_19_13,4864,5120,3328,3584,65536,NDVI,-0.63671875,15725,698,0.019969431574272167,1120,0.027479145072065364
0,patch_19_14,4864,5120,3584,3840,65536,MSAVI,-0.12109375,48448,,,,
0,patch_19_14,4864,5120,3584,3840,65536,NDVI,-0.56640625,9357,2654,0.026931471362920567,3192,0.036182288495126474
0,patch_19_15,4864,5120,3840,4096,65536,MSAVI,-0.05078125,48226,,,,
0,patch_19_15,4864,5120,3840,4096,65536,NDVI,-0.70703125,9593,1261,0.023962089402545655,1512,0.034271854569640214
0,patch_19_16,4864,5120,4096,4352,65536,MSAVI,-0.19140625,43719,,,,
0,patch_19_16,4864,5120,4096,4352,65536,NDVI,-0.71484375,17430,2808,0.016165822021541765,3018,0.027076002901869844
0,patch_19_17,4864,5120,4352,4608,65536,MSAVI,-0.35546875,42200,,,,
0,patch_19_17,4864,5120,4352,4608,65536,NDVI,-0.71484375,23110,2158,0.013552546166958127,2860,0.022426200239777982
0,patch_19_18,4864,5120,4608,4864,65536,MSAVI,-0.15234375,43283,,,,
0,patch_19_18,4864,5120,4608,4864,65536,NDVI,-0.59765625,22251,609,0.017580751831251296,1192,0.023184358836234154
0,patch_19_19,4864,5120,4864,5120,65536,MSAVI,-0.13671875,49214,,,,
0,patch_19_19,4864,5120,4864,5120,65536,NDVI,-0.58203125,16315,425,0.025020460350820645,480,0.03075554904290001
0,patch_19_20,4864,5120,5120,5376,65536,MSAVI,-0.22265625,50874,,,,
0,patch_19_20,4864,5120,5120,5376,65536,NDVI,-0.66796875,14659,1125,0.027654916759096912,976,0.035751676254027115
0,patch_19_21,4864,5120,5376,5632,65536,MSAVI,-0.24609375,43626,,,,
0,patch_19_21,4864,5120,5376,5632,65536,NDVI,-0.67578125,21889,8494,0.02200601366192087,9025,0.02996876284583444
0,patch_19_22,4864,5120,5632,5888,65536,MSAVI,-0.21484375,42291,,,,
0,patch_19_22,4864,5120,5632,5888,65536,NDVI,-0.72265625,23201,7420,0.01598065065906068,8565,0.024791893493399414
0,patch_19_23,4864,5120,5888,6144,65536,MSAVI,-0.14453125,43250,,,,
0,patch_19_23,4864,5120,5888,6144,65536,NDVI,-0.99609375,22286,4098,0.01696176756907994,6166,0.022350791016441662
0,patch_19_24,4864,5120,6144,6400,65536,MSAVI,-0.18359375,42014,,,,
0,patch_19_24,4864,5120,6144,6400,65536,NDVI,-0.99609375,23522,9341,0.017857997818352705,65536,0.02483889417871532
0,patch_19_25,4864,5120,6400,6656,65536,MSAVI,-0.32421875,46285,,,,
0,patch_19_25,4864,5120,6400,6656,65536,NDVI,-0.99609375,19251,5537,0.023574060476351383,5346,0.031151770348544827
0,patch_19_26,4864,5120,6656,6912,65536,MSAVI,-0.23828125,47601,,,,
0,patch_19_26,4864,5120,6656,6912,65536,NDVI,-0.99609375,17935,9617,0.025284741255415022,9606,0.03351968264956873
0,patch_19_27,4864,5120,6912,7168,65536,MSAVI,-0.16015625,47406,,,,
0,patch_19_27,4864,5120,6912,7168,65536,NDVI,-0.99609375,18130,2310,0.02392106463279753,2412,0.031524359461040846
0,patch_19_28,4864,5120,7168,7424,65536,MSAVI,-0.24609375,46531,,,,
0,patch_19_28,4864,5120,7168,7424,65536,NDVI,-0.99609375,19005,6064,0.023246083896460573,6324,0.03325907528372318
0,patch_19_29,4864,5120,7424,7680,65536,MSAVI,-0.16015625,46792,,,,
0,patch_19_29,4864,5120,7424,7680,65536,NDVI,-0.99609375,18744,2497,0.021234949988883284,2778,0.030280120459430904
0,patch_19_30,4864,5120,7680,7936,65536,MSAVI,-0.13671875,41577,,,,
0,patch_19_30,4864,5120,7680,7936,65536,NDVI,-0.99609375,23959,9694,0.016180383427047862,11515,0.028241078676288528
0,patch_19_31,4864,5120,7936,8192,65536,MSAVI,-0.32421875,42502,,,,
0,patch_19_31,4864,5120,7936,8192,65536,NDVI,-0.99609375,23034,10210,0.02279487440837713,11300,0.02726572374864253
0,patch_19_32,4864,5120,8192,8448,65536,MSAVI,-0.19921875,38570,,,,
0,patch_19_32,4864,5120,8192,8448,65536,NDVI,-0.99609375,26966,11783,0.01250458579209715,15056,0.022971302320750897
0,patch_19_33,4864,5120,8448,8704,65536,MSAVI,-0.20703125,39508,,,,
0,patch_19_33,4864,5120,8448,8704,65536,NDVI,-0.99609375,26028,6963,0.01112313797255507,8673,0.019104873884506213
0,patch_19_34,4864,5120,8704,8960,65536,MSAVI,-0.14453125,42503,,,,
0,patch_19_34,4864,5120,8704,8960,65536,NDVI,-0.99609375,23033,2120,0.018057054762334962,2323,0.025727877699338153
0,patch_19_35,4864,5120,8960,9216,65536,MSAVI,-0.23828125,42634,,,,
0,patch_19_35,4864,5120,8960,9216,65536,NDVI,-0.99609375,22902,4985,0.016287223781350113,5526,0.022589155838259017
0,patch_19_36,4864,5120,9216,9472,65536,MSAVI,-0.29296875,41854,,,,
0,patch_19_36,4864,5120,9216,9472,65536,NDVI,-0.99609375,23682,106,0.01419002295392735,449,0.018930538545096187
0,patch_19_37,4864,5120,9472,9728,65536,MSAVI,-0.07421875,40084,,,,
0,patch_19_37,4864,5120,9472,9728,65536,NDVI,-0.99609375,25452,502,0.01259168320417034,1005,0.017613165196175812
0,patch_19_38,4864,5120,9728,9984,65536,MSAVI,-0.19921875,42088,,,,
0,patch_19_38,4864,5120,9728,9984,65536,NDVI,-0.66015625,23448,81,0.014832418217950782,329,0.021567816247363286
0,patch_19_39,4864,5120,9984,10240,65536,MSAVI,-0.23828125,44347,,,,
0,patch_19_39,4864,5120,9984,10240,65536,NDVI,-0.59765625,21189,1432,0.016843390847346762,1621,0.023309131023281998
0,patch_19_42,4864,5120,10752,11008,65536,MSAVI,0.0,65536,,,,
0,patch_19_42,4864,5120,10752,11008,65536,NDVI,0.0,0,0,0.0,0,0.009808042386020944
0,patch_19_43,4864,5120,11008,11264,65536,MSAVI,0.0,65536,,,,
0,patch_19_43,4864,5120,11008,11264,65536,NDVI,0.0,0,0,0.0,0,0.009808042386020944
0,patch_19_44,4864,5120,11264,11520,65536,MSAVI,0.0,65536,,,,
0,patch_19_44,4864,5120,11264,11520,65536,NDVI,0.0,0,0,0.0,0,0.009808042386020944
0,patch_19_45,4864,5120,11520,11776,65536,MSAVI,0.0,65536,,,,
0,patch_19_45,4864,5120,11520,11776,65536,NDVI,0.0,0,0,0.0,0,0.009808042386020944
0,patch_20_1,5120,5376,256,512,65536,MSAVI,-0.28515625,41859,,,,
0,patch_20_1,5120,5376,256,512,65536,NDVI,-0.99609375,23677,1334,0.015776497891309665,2229,0.023291597242535544
0,patch_20_2,5120,5376,512,768,65536,MSAVI,-0.14453125,43237,,,,
0,patch_20_2,5120,5376,512,768,65536,NDVI,-0.99609375,22299,1382,0.017582346916054564,2135,0.02536008536741452
0,patch_20_3,5120,5376,768,1024,65536,MSAVI,-0.12109375,44733,,,,
0,patch_20_3,5120,5376,768,1024,65536,NDVI,-0.99609375,20803,171,0.017655780782767277,592,0.0235508740272751
0,patch_20_4,5120,5376,1024,1280,65536,MSAVI,-0.13671875,49004,,,,
0,patch_20_4,5120,5376,1024,1280,65536,NDVI,-0.99609375,16532,2313,0.02805317802208443,2228,0.03288396319710915
0,patch_20_5,5120,5376,1280,1536,65536,MSAVI,-0.09765625,45782,,,,
0,patch_20_5,5120,5376,1280,1536,65536,NDVI,-0.49609375,19753,7908,0.02153468489768784,7189,0.030632231112481728
0,patch_20_6,5120,5376,1536,1792,65536,MSAVI,-0.23828125,45897,,,,
0,patch_20_6,5120,5376,1536,1792,65536,NDVI,-0.67578125,19639,1661,0.02126282131556781,1924,0.028392603829164836
0,patch_20_7,5120,5376,1792,2048,65536,MSAVI,-0.10546875,47078,,,,
0,patch_20_7,5120,5376,1792,2048,65536,NDVI,-0.70703125,18414,1935,0.022405181298359722,2169,0.03216010871313704
0,patch_20_8,5120,5376,2048,2304,65536,MSAVI,-0.33203125,47703,,,,
0,patch_20_8,5120,5376,2048,2304,65536,NDVI,-0.68359375,17794,2693,0.021649723781297925,2745,0.031496059560793516
0,patch_20_9,5120,5376,2304,2560,65536,MSAVI,-0.19921875,49415,,,,
0,patch_20_9,5120,5376,2304,2560,65536,NDVI,-0.99609375,16121,0,0.02767777310667685,0,0.031283648130494196
0,patch_20_10,5120,5376,2560,2816,65536,MSAVI,-0.19140625,47740,,,,
0,patch_20_10,5120,5376,2560,2816,65536,NDVI,-0.99609375,17796,195,0.025026379249299846,333,0.03035646972910916
0,patch_20_11,5120,5376,2816,3072,65536,MSAVI,-0.21484375,46654,,,,
0,patch_20_11,5120,5376,2816,3072,65536,NDVI,-0.56640625,18872,5945,0.021439883976327206,5797,0.03303794647631961
0,patch_20_12,5120,5376,3072,3328,65536,MSAVI,-0.26171875,46404,,,,
0,patch_20_12,5120,5376,3072,3328,65536,NDVI,-0.67578125,19132,534,0.022112212204779963,267,0.02745339913376335
0,patch_20_13,5120,5376,3328,3584,65536,MSAVI,-0.01171875,40468,,,,
0,patch_20_13,5120,5376,3328,3584,65536,NDVI,-0.44140625,25062,16671,0.01780158235702202,65536,0.028270986083947347
0,patch_20_14,5120,5376,3584,3840,65536,MSAVI,-0.12890625,47336,,,,
0,patch_20_14,5120,5376,3584,3840,65536,NDVI,-0.63671875,15292,863,0.022763327091076785,940,0.028928501007957463
0,patch_20_15,5120,5376,3840,4096,65536,MSAVI,-0.10546875,46145,,,,
0,patch_20_15,5120,5376,3840,4096,65536,NDVI,-0.62109375,9318,2018,0.019553618422991026,2698,0.03126882700078085
0,patch_20_16,5120,5376,4096,4352,65536,MSAVI,-0.14453125,43419,,,,
0,patch_20_16,5120,5376,4096,4352,65536,NDVI,-0.70703125,15196,3034,0.01825727888733314,3399,0.0274055499159441
0,patch_20_17,5120,5376,4352,4608,65536,MSAVI,-0.09765625,43561,,,,
0,patch_20_17,5120,5376,4352,4608,65536,NDVI,-0.58203125,21968,9468,0.018199064346218263,9204,0.026198981183187198
0,patch_20_18,5120,5376,4608,4864,65536,MSAVI,-0.08984375,40017,,,,
0,patch_20_18,5120,5376,4608,4864,65536,NDVI,-0.62890625,25466,4905,0.013279752661280536,6067,0.02058824956820904
0,patch_20_19,5120,5376,4864,5120,65536,MSAVI,-0.15234375,45469,,,,
0,patch_20_19,5120,5376,4864,5120,65536,NDVI,-0.58203125,20018,2363,0.018585737175492376,2322,0.026775907348669303
0,patch_20_20,5120,5376,5120,5376,65536,MSAVI,-0.15234375,46427,,,,
0,patch_20_20,5120,5376,5120,5376,65536,NDVI,-0.66015625,19107,2357,0.022784228399393813,2683,0.03060537960982601
0,patch_20_21,5120,5376,5376,5632,65536,MSAVI,-0.25390625,42980,,,,
0,patch_20_21,5120,5376,5376,5632,65536,NDVI,-0.69140625,22556,5558,0.017926737882060784,5662,0.024699666525681285
0,patch_20_22,5120,5376,5632,5888,65536,MSAVI,-0.08984375,37686,,,,
0,patch_20_22,5120,5376,5632,5888,65536,NDVI,-0.99609375,27850,10146,0.008968601390013403,14727,0.020000095638486093
0,patch_20_23,5120,5376,5888,6144,65536,MSAVI,-0.21484375,49173,,,,
0,patch_20_23,5120,5376,5888,6144,65536,NDVI,-0.99609375,16363,3486,0.027398732182173063,3546,0.03510720563628611
0,patch_20_24,5120,5376,6144,6400,65536,MSAVI,-0.19921875,47522,,,,
0,patch_20_24,5120,5376,6144,6400,65536,NDVI,-0.99609375,18014,1896,0.02683684657838062,1975,0.03150493913732147
0,patch_20_25,5120,5376,6400,6656,65536,MSAVI,-0.14453125,43587,,,,
0,patch_20_25,5120,5376,6400,6656,65536,NDVI,-0.99609375,21949,1732,0.01677824980448378,2430,0.02396847746778949
0,patch_20_26,5120,5376,6656,6912,65536,MSAVI,-0.16796875,48083,,,,
0,patch_20_26,5120,5376,6656,6912,65536,NDVI,-0.99609375,17453,9555,0.023310632235661807,65536,0.03458825015123296
0,patch_20_27,5120,5376,6912,7168,65536,MSAVI,-0.22265625,54172,,,,
0,patch_20_27,5120,5376,6912,7168,65536,NDVI,-0.99609375,11364,3661,0.0325225142660234,3684,0.044353932419377934
0,patch_20_28,5120,5376,7168,7424,65536,MSAVI,-0.19921875,45301,,,,
0,patch_20_28,5120,5376,7168,7424,65536,NDVI,-0.99609375,20235,2833,0.022149181438915727,3382,0.027725585085017934
0,patch_20_29,5120,5376,7424,7680,65536,MSAVI,-0.38671875,48198,,,,
0,patch_20_29,5120,5376,7424,7680,65536,NDVI,-0.99609375,17338,2151,0.025986120154297798,2416,0.032346321732092675
0,patch_20_30,5120,5376,7680,7936,65536,MSAVI,-0.25390625,43936,,,,
0,patch_20_30,5120,5376,7680,7936,65536,NDVI,-0.99609375,21600,5429,0.02012005153081106,5857,0.025638422847446135
0,patch_20_31,5120,5376,7936,8192,65536,MSAVI,-0.30078125,49795,,,,
0,patch_20_31,5120,5376,7936,8192,65536,NDVI,-0.99609375,15741,11176,0.027250711515357434,11094,0.03749704988594038
0,patch_20_32,5120,5376,8192,8448,65536,MSAVI,-0.26171875,42368,,,,
0,patch_20_32,5120,5376,8192,8448,65536,NDVI,-0.99609375,23168,15475,0.02452447636374741,65536,0.033048300006961684
0,patch_20_33,5120,5376,8448,8704,65536,MSAVI,-0.16015625,40109,,,,
0,patch_20_33,5120,5376,8448,8704,65536,NDVI,-0.58203125,25427,9531,0.015284410552302258,10252,0.0218724006618759
0,patch_20_34,5120,5376,8704,8960,65536,MSAVI,-0.18359375,37518,,,,
0,patch_20_34,5120,5376,8704,8960,65536,NDVI,-0.99609375,28018,1897,0.006832849629176088,3848,0.015580447120017715
0,patch_20_35,5120,5376,8960,9216,65536,MSAVI,-0.26953125,41550,,,,
0,patch_20_35,5120,5376,8960,9216,65536,NDVI,-0.99609375,23986,4831,0.016456991560403852,4359,0.021916711790927412
0,patch_20_36,5120,5376,9216,9472,65536,MSAVI,-0.49609375,46311,,,,
0,patch_20_36,5120,5376,9216,9472,65536,NDVI,-0.99609375,19225,7079,0.023833663972499947,65536,0.028486153657193425
0,patch_20_37,5120,5376,9472,9728,65536,MSAVI,-0.13671875,47365,,,,
0,patch_20_37,5120,5376,9472,9728,65536,NDVI,-0.66015625,18171,869,0.024104057367200588,1154,0.029859085640068256
0,patch_20_38,5120,5376,9728,9984,65536,MSAVI,-0.16796875,43729,,,,
0,patch_20_38,5120,5376,9728,9984,65536,NDVI,-0.63671875,21798,232,0.01848092407815738,186,0.024518644588316735
0,patch_20_39,5120,5376,9984,10240,65536,MSAVI,-0.17578125,44097,,,,
0,patch_20_39,5120,5376,9984,10240,65536,NDVI,-0.99609375,21439,519,0.017192866563313952,638,0.022622860307000447
0,patch_20_40,5120,5376,10240,10496,65536,MSAVI,-0.13671875,41620,,,,
0,patch_20_40,5120,5376,10240,10496,65536,NDVI,-0.99609375,23916,203,0.014031222073209865,831,0.020458652812080036
0,patch_20_42,5120,5376,10752,11008,65536,MSAVI,0.0,65536,,,,
0,patch_20_42,5120,5376,10752,11008,65536,NDVI,0.0,0,0,0.0,0,0.009808042386020944
0,patch_20_43,5120,5376,11008,11264,65536,MSAVI,0.0,65536,,,,
0,patch_20_43,5120,5376,11008,11264,65536,NDVI,0.0,0,0,0.0,0,0.009808042386020944
0,patch_20_44,5120,5376,11264,11520,65536,MSAVI,0.0,65536,,,,
0,patch_20_44,5120,5376,11264,11520,65536,NDVI,0.0,0,0,0.0,0,0.009808042386020944
0,patch_20_45,5120,5376,11520,11776,65536,MSAVI,0.0,65536,,,,
0,patch_20_45,5120,5376,11520,11776,65536,NDVI,0.0,0,0,0.0,0,0.009808042386020944
0,patch_21_1,5376,5632,256,512,65536,MSAVI,-0.33203125,42778,,,,
0,patch_21_1,5376,5632,256,512,65536,NDVI,-0.99609375,22758,5663,0.01841194482658738,5675,0.024392784569610304
0,patch_21_2,5376,5632,512,768,65536,MSAVI,-0.35546875,44118,,,,
0,patch_21_2,5376,5632,512,768,65536,NDVI,-0.99609375,21418,3509,0.01936024073559478,3918,0.027914163248983798
0,patch_21_3,5376,5632,768,1024,65536,MSAVI,-0.44921875,45542,,,,
0,patch_21_3,5376,5632,768,1024,65536,NDVI,-0.99609375,19994,261,0.019631216377096555,727,0.02821035732881519
0,patch_21_4,5376,5632,1024,1280,65536,MSAVI,-0.28515625,46749,,,,
0,patch_21_4,5376,5632,1024,1280,65536,NDVI,-0.99609375,18787,341,0.022498984148292628,581,0.027992163555683652
0,patch_21_5,5376,5632,1280,1536,65536,MSAVI,-0.16796875,47356,,,,
0,patch_21_5,5376,5632,1280,1536,65536,NDVI,-0.99609375,18180,217,0.02475632979677414,245,0.029134652852561893
0,patch_21_6,5376,5632,1536,1792,65536,MSAVI,-0.32421875,44460,,,,
0,patch_21_6,5376,5632,1536,1792,65536,NDVI,-0.99609375,21076,389,0.01812575784644513,553,0.025250522619668953
0,patch_21_7,5376,5632,1792,2048,65536,MSAVI,-0.27734375,42278,,,,
0,patch_21_7,5376,5632,1792,2048,65536,NDVI,-0.69140625,23233,1361,0.01675751077548704,1668,0.023751002778935187
0,patch_21_8,5376,5632,2048,2304,65536,MSAVI,-0.19921875,47411,,,,
0,patch_21_8,5376,5632,2048,2304,65536,NDVI,-0.64453125,18125,718,0.023548753962884084,922,0.0294421848775607
0,patch_21_9,5376,5632,2304,2560,65536,MSAVI,-0.15234375,48741,,,,
0,patch_21_9,5376,5632,2304,2560,65536,NDVI,-0.99609375,16795,92,0.028745010542173655,193,0.031591984868391515
0,patch_21_10,5376,5632,2560,2816,65536,MSAVI,-0.21484375,44952,,,,
0,patch_21_10,5376,5632,2560,2816,65536,NDVI,-0.99609375,20584,221,0.022081460446966628,231,0.024304505298725965
0,patch_21_11,5376,5632,2816,3072,65536,MSAVI,-0.19921875,50600,,,,
0,patch_21_11,5376,5632,2816,3072,65536,NDVI,-0.99609375,14936,0,0.02650572906215308,0,0.035158501007202164
0,patch_21_12,5376,5632,3072,3328,65536,MSAVI,-0.23828125,50305,,,,
0,patch_21_12,5376,5632,3072,3328,65536,NDVI,-0.99609375,15231,1344,0.027754357279725972,1192,0.0354324863180325
0,patch_21_13,5376,5632,3328,3584,65536,MSAVI,-0.30078125,44732,,,,
0,patch_21_13,5376,5632,3328,3584,65536,NDVI,-0.99609375,20804,4333,0.020100445668544117,4849,0.028574384641492395
0,patch_21_14,5376,5632,3584,3840,65536,MSAVI,-0.23828125,46610,,,,
0,patch_21_14,5376,5632,3584,3840,65536,NDVI,-0.99609375,18926,1507,0.02315026056988817,1936,0.030598752102598215
0,patch_21_15,5376,5632,3840,4096,65536,MSAVI,-0.06640625,44073,,,,
0,patch_21_15,5376,5632,3840,4096,65536,NDVI,-0.62109375,17287,1844,0.016331634490636238,1900,0.02278940299897378
0,patch_21_16,5376,5632,4096,4352,65536,MSAVI,-0.04296875,42639,,,,
0,patch_21_16,5376,5632,4096,4352,65536,NDVI,-0.58984375,16307,4457,0.015537617578184199,5953,0.025270904357189344
0,patch_21_17,5376,5632,4352,4608,65536,MSAVI,-0.15234375,43834,,,,
0,patch_21_17,5376,5632,4352,4608,65536,NDVI,-0.51953125,21539,12361,0.01888037954045224,12163,0.030591340885782137
0,patch_21_18,5376,5632,4608,4864,65536,MSAVI,-0.34765625,39960,,,,
0,patch_21_18,5376,5632,4608,4864,65536,NDVI,-0.71484375,25438,3371,0.010144566277787787,4091,0.021380240204332074
0,patch_21_19,5376,5632,4864,5120,65536,MSAVI,-0.18359375,39671,,,,
0,patch_21_19,5376,5632,4864,5120,65536,NDVI,-0.62890625,25779,869,0.01075974406498481,1386,0.019831633504193952
0,patch_21_20,5376,5632,5120,5376,65536,MSAVI,-0.14453125,44120,,,,
0,patch_21_20,5376,5632,5120,5376,65536,NDVI,-0.62109375,21416,2641,0.018966316877864986,3893,0.026881165658112133
0,patch_21_21,5376,5632,5376,5632,65536,MSAVI,-0.19921875,47411,,,,
0,patch_21_21,5376,5632,5376,5632,65536,NDVI,-0.99609375,18125,4683,0.023706830399165074,4464,0.030536625105712673
0,patch_21_22,5376,5632,5632,5888,65536,MSAVI,-0.25390625,45771,,,,
0,patch_21_22,5376,5632,5632,5888,65536,NDVI,-0.99609375,19765,6488,0.021927635751866015,6695,0.030862111587411284
0,patch_21_23,5376,5632,5888,6144,65536,MSAVI,-0.31640625,42098,,,,
0,patch_21_23,5376,5632,5888,6144,65536,NDVI,-0.99609375,23438,8028,0.018684153360125133,9308,0.026079704723248054
0,patch_21_24,5376,5632,6144,6400,65536,MSAVI,-0.19921875,48494,,,,
0,patch_21_24,5376,5632,6144,6400,65536,NDVI,-0.99609375,17042,822,0.026419489597493823,821,0.03134862523200324
0,patch_21_25,5376,5632,6400,6656,65536,MSAVI,-0.23828125,43583,,,,
0,patch_21_25,5376,5632,6400,6656,65536,NDVI,-0.99609375,21953,1955,0.01936003874912498,1825,0.023328651099947445
0,patch_21_26,5376,5632,6656,6912,65536,MSAVI,-0.24609375,42835,,,,
0,patch_21_26,5376,5632,6656,6912,65536,NDVI,-0.99609375,22701,5993,0.017144009879110356,7477,0.024804548007124116
0,patch_21_27,5376,5632,6912,7168,65536,MSAVI,-0.23828125,47587,,,,
0,patch_21_27,5376,5632,6912,7168,65536,NDVI,-0.99609375,17949,7340,0.020130909844653974,7555,0.03569113266313184
0,patch_21_28,5376,5632,7168,7424,65536,MSAVI,-0.13671875,43634,,,,
0,patch_21_28,5376,5632,7168,7424,65536,NDVI,-0.99609375,21902,11620,0.02234559542115358,11399,0.03210741134685896
0,patch_21_29,5376,5632,7424,7680,65536,MSAVI,-0.23828125,46261,,,,
0,patch_21_29,5376,5632,7424,7680,65536,NDVI,-0.99609375,19275,1729,0.021907070236090925,2770,0.02802683454855509
0,patch_21_30,5376,5632,7680,7936,65536,MSAVI,-0.20703125,45446,,,,
0,patch_21_30,5376,5632,7680,7936,65536,NDVI,-0.99609375,20090,4381,0.02240118362010629,5052,0.028351012302756273
0,patch_21_31,5376,5632,7936,8192,65536,MSAVI,-0.29296875,54915,,,,
0,patch_21_31,5376,5632,7936,8192,65536,NDVI,-0.99609375,10621,5719,0.034775551602187524,5748,0.04504157283792165
0,patch_21_32,5376,5632,8192,8448,65536,MSAVI,-0.31640625,41447,,,,
0,patch_21_32,5376,5632,8192,8448,65536,NDVI,-0.99609375,24089,16974,0.020439693282703425,17944,0.031016750593971132
0,patch_21_33,5376,5632,8448,8704,65536,MSAVI,-0.32421875,41789,,,,
0,patch_21_33,5376,5632,8448,8704,65536,NDVI,-0.99609375,23747,6500,0.01569155188614467,8440,0.0244045526138216
0,patch_21_34,5376,5632,8704,8960,65536,MSAVI,-0.25390625,37253,,,,
0,patch_21_34,5376,5632,8704,8960,65536,NDVI,-0.99609375,28283,6590,0.010645442992573945,6597,0.015348358022414382
0,patch_21_35,5376,5632,8960,9216,65536,MSAVI,-0.26953125,40747,,,,
0,patch_21_35,5376,5632,8960,9216,65536,NDVI,-0.99609375,24789,2362,0.010589763177740547,2838,0.01770526592174737
0,patch_21_36,5376,5632,9216,9472,65536,MSAVI,-0.36328125,39883,,,,
0,patch_21_36,5376,5632,9216,9472,65536,NDVI,-0.99609375,25653,2128,0.012731431458941483,2323,0.01730535461869437
0,patch_21_37,5376,5632,9472,9728,65536,MSAVI,-0.20703125,42829,,,,
0,patch_21_37,5376,5632,9472,9728,65536,NDVI,-0.99609375,22707,1245,0.016031020718858036,2139,0.024633249538035
0,patch_21_38,5376,5632,9728,9984,65536,MSAVI,-0.04296875,41266,,,,
0,patch_21_38,5376,5632,9728,9984,65536,NDVI,-0.99609375,24270,1266,0.01328725404247387,1891,0.021380647871437924
0,patch_21_39,5376,5632,9984,10240,65536,MSAVI,-0.12109375,46167,,,,
0,patch_21_39,5376,5632,9984,10240,65536,NDVI,-0.99609375,19369,80,0.020978713533167104,132,0.026788161689886764
0,patch_21_40,5376,5632,10240,10496,65536,MSAVI,-0.23828125,42033,,,,
0,patch_21_40,5376,5632,10240,10496,65536,NDVI,-0.99609375,23503,145,0.01634823019195636,145,0.019042269141843232
0,patch_21_43,5376,5632,11008,11264,65536,MSAVI,0.0,65536,,,,
0,patch_21_43,5376,5632,11008,11264,65536,NDVI,0.0,0,0,0.0,0,0.009808042386020944
0,patch_21_44,5376,5632,11264,11520,65536,MSAVI,0.0,65536,,,,
0,patch_21_44,5376,5632,11264,11520,65536,NDVI,0.0,0,0,0.0,0,0.009808042386020944
0,patch_21_45,5376,5632,11520,11776,65536,MSAVI,0.0,65536,,,,
0,patch_21_45,5376,5632,11520,11776,65536,NDVI,0.0,0,0,0.0,0,0.009808042386020944
0,patch_22_2,5632,5888,512,768,65536,MSAVI,-0.25390625,45208,,,,
0,patch_22_2,5632,5888,512,768,65536,NDVI,-0.99609375,20328,4465,0.022346641656772304,4699,0.030089190062728977
0,patch_22_3,5632,5888,768,1024,65536,MSAVI,-0.20703125,45492,,,,
0,patch_22_3,5632,5888,768,1024,65536,NDVI,-0.99609375,20044,10527,0.02465910696917986,9817,0.033497872434081116
0,patch_22_4,5632,5888,1024,1280,65536,MSAVI,-0.37109375,43776,,,,
0,patch_22_4,5632,5888,1024,1280,65536,NDVI,-0.99609375,21760,1861,0.017349386583715987,2192,0.023876481669215355
0,patch_22_5,5632,5888,1280,1536,65536,MSAVI,-0.20703125,47339,,,,
0,patch_22_5,5632,5888,1280,1536,65536,NDVI,-0.99609375,18197,220,0.02171536701396598,245,0.028304644056965644
0,patch_22_6,5632,5888,1536,1792,65536,MSAVI,-0.19921875,47715,,,,
0,patch_22_6,5632,5888,1536,1792,65536,NDVI,-0.56640625,17821,4437,0.02311089856751916,4744,0.03242957150399958
0,patch_22_7,5632,5888,1792,2048,65536,MSAVI,-0.12890625,49999,,,,
0,patch_22_7,5632,5888,1792,2048,65536,NDVI,-0.99609375,15537,1030,0.027968584732181778,1044,0.03503824574752301
0,patch_22_8,5632,5888,2048,2304,65536,MSAVI,-0.16796875,44382,,,,
0,patch_22_8,5632,5888,2048,2304,65536,NDVI,-0.99609375,21154,233,0.017071994597864043,528,0.025486481932285393
0,patch_22_9,5632,5888,2304,2560,65536,MSAVI,-0.24609375,42662,,,,
0,patch_22_9,5632,5888,2304,2560,65536,NDVI,-0.99609375,22874,1093,0.018871055998582742,1207,0.02395054313563244
0,patch_22_10,5632,5888,2560,2816,65536,MSAVI,0.01953125,42677,,,,
0,patch_22_10,5632,5888,2560,2816,65536,NDVI,-0.99609375,22859,402,0.016815237241673137,603,0.022992204420595713
0,patch_22_11,5632,5888,2816,3072,65536,MSAVI,-0.18359375,44357,,,,
0,patch_22_11,5632,5888,2816,3072,65536,NDVI,-0.99609375,21179,228,0.020235755736994182,409,0.02524840995085187
0,patch_22_12,5632,5888,3072,3328,65536,MSAVI,-0.29296875,48899,,,,
0,patch_22_12,5632,5888,3072,3328,65536,NDVI,-0.99609375,16637,2157,0.028291840610703112,2359,0.035608942719668135
0,patch_22_13,5632,5888,3328,3584,65536,MSAVI,-0.16015625,45298,,,,
0,patch_22_13,5632,5888,3328,3584,65536,NDVI,-0.99609375,20238,2530,0.017672315860007448,2488,0.02845511998769329
0,patch_22_14,5632,5888,3584,3840,65536,MSAVI,-0.30078125,46501,,,,
0,patch_22_14,5632,5888,3584,3840,65536,NDVI,-0.99609375,19035,906,0.023604657397686524,1106,0.028392571353612506
0,patch_22_15,5632,5888,3840,4096,65536,MSAVI,-0.22265625,49887,,,,
0,patch_22_15,5632,5888,3840,4096,65536,NDVI,-0.63671875,15643,4069,0.02918535868110464,4054,0.03447903208466668
0,patch_22_16,5632,5888,4096,4352,65536,MSAVI,-0.08203125,43308,,,,
0,patch_22_16,5632,5888,4096,4352,65536,NDVI,-0.62109375,20669,1694,0.015137502947818154,2373,0.023618823837827402
0,patch_22_17,5632,5888,4352,4608,65536,MSAVI,-0.04296875,41236,,,,
0,patch_22_17,5632,5888,4352,4608,65536,NDVI,-0.70703125,21809,5364,0.013038351778415724,6449,0.022110413388320982
0,patch_22_18,5632,5888,4608,4864,65536,MSAVI,-0.32421875,41791,,,,
0,patch_22_18,5632,5888,4608,4864,65536,NDVI,-0.76171875,23433,4760,0.012914985177318983,5574,0.022617937857914522
0,patch_22_19,5632,5888,4864,5120,65536,MSAVI,-0.19921875,38659,,,,
0,patch_22_19,5632,5888,4864,5120,65536,NDVI,-0.99609375,26877,2351,0.01023276784075533,5019,0.01856096576418731
0,patch_22_20,5632,5888,5120,5376,65536,MSAVI,-0.12890625,40678,,,,
0,patch_22_20,5632,5888,5120,5376,65536,NDVI,-0.99609375,24858,2475,0.013062035440223912,2698,0.018281120125664685
0,patch_22_21,5632,5888,5376,5632,65536,MSAVI,-0.20703125,42667,,,,
0,patch_22_21,5632,5888,5376,5632,65536,NDVI,-0.55859375,22869,6470,0.01723455626773003,6771,0.026957247526873035
0,patch_22_22,5632,5888,5632,5888,65536,MSAVI,-0.26953125,45937,,,,
0,patch_22_22,5632,5888,5632,5888,65536,NDVI,-0.99609375,19599,6956,0.023111368172039237,7171,0.03177007553952596
0,patch_22_23,5632,5888,5888,6144,65536,MSAVI,-0.30078125,46390,,,,
0,patch_22_23,5632,5888,5888,6144,65536,NDVI,-0.99609375,19146,6889,0.024208388069204806,7066,0.033177227995955766
0,patch_22_24,5632,5888,6144,6400,65536,MSAVI,-0.19140625,49267,,,,
0,patch_22_24,5632,5888,6144,6400,65536,NDVI,-0.99609375,16269,6048,0.02729532395823328,5514,0.038499774841460194
0,patch_22_25,5632,5888,6400,6656,65536,MSAVI,-0.24609375,47432,,,,
0,patch_22_25,5632,5888,6400,6656,65536,NDVI,-0.99609375,18104,4588,0.026568269026246427,3913,0.031966214685793054
0,patch_22_26,5632,5888,6656,6912,65536,MSAVI,-0.08984375,44597,,,,
0,patch_22_26,5632,5888,6656,6912,65536,NDVI,-0.99609375,20939,1003,0.01713676419666002,1320,0.02598169894081745
0,patch_22_27,5632,5888,6912,7168,65536,MSAVI,-0.16015625,47069,,,,
0,patch_22_27,5632,5888,6912,7168,65536,NDVI,-0.99609375,18467,1717,0.02461370521389597,2019,0.031636595659703115
0,patch_22_28,5632,5888,7168,7424,65536,MSAVI,-0.13671875,45824,,,,
0,patch_22_28,5632,5888,7168,7424,65536,NDVI,-0.99609375,19712,3227,0.0211243613144296,3810,0.03234238893635202
0,patch_22_29,5632,5888,7424,7680,65536,MSAVI,-0.21484375,47461,,,,
0,patch_22_29,5632,5888,7424,7680,65536,NDVI,-0.99609375,18075,233,0.025689125033395377,653,0.032003130350988035
0,patch_22_30,5632,5888,7680,7936,65536,MSAVI,-0.23046875,44964,,,,
0,patch_22_30,5632,5888,7680,7936,65536,NDVI,-0.99609375,20572,5248,0.02125699266337247,6123,0.02658990379652526
0,patch_22_31,5632,5888,7936,8192,65536,MSAVI,-0.19921875,49823,,,,
0,patch_22_31,5632,5888,7936,8192,65536,NDVI,-0.99609375,15713,13078,0.029484734821192987,12832,0.038860575185561796
0,patch_22_32,5632,5888,8192,8448,65536,MSAVI,-0.19921875,38479,,,,
0,patch_22_32,5632,5888,8192,8448,65536,NDVI,-0.99609375,27057,15784,0.01654075393691569,17064,0.024736894256703612
0,patch_22_33,5632,5888,8448,8704,65536,MSAVI,-0.12109375,40928,,,,
0,patch_22_33,5632,5888,8448,8704,65536,NDVI,-0.99609375,24608,12236,0.019267284023421913,11614,0.026960878834885932
0,patch_22_34,5632,5888,8704,8960,65536,MSAVI,-0.12109375,38431,,,,
0,patch_22_34,5632,5888,8704,8960,65536,NDVI,-0.99609375,27105,4524,0.010390929228042328,5518,0.01727254566694536
0,patch_22_35,5632,5888,8960,9216,65536,MSAVI,-0.15234375,39394,,,,
0,patch_22_35,5632,5888,8960,9216,65536,NDVI,-0.99609375,26142,2355,0.01135117636192609,4113,0.018568856755963092
0,patch_22_36,5632,5888,9216,9472,65536,MSAVI,-0.14453125,39248,,,,
0,patch_22_36,5632,5888,9216,9472,65536,NDVI,-0.99609375,26288,2481,0.011254436342097981,4213,0.021031978906790483
0,patch_22_37,5632,5888,9472,9728,65536,MSAVI,-0.30078125,39740,,,,
0,patch_22_37,5632,5888,9472,9728,65536,NDVI,-0.99609375,25796,2054,0.012324277518602822,3375,0.021034030441508256
0,patch_22_38,5632,5888,9728,9984,65536,MSAVI,-0.32421875,40863,,,,
0,patch_22_38,5632,5888,9728,9984,65536,NDVI,-0.99609375,24673,1407,0.013889598261867586,2211,0.023171823262592817
0,patch_22_39,5632,5888,9984,10240,65536,MSAVI,-0.15234375,48071,,,,
0,patch_22_39,5632,5888,9984,10240,65536,NDVI,-0.99609375,17465,40,0.02353374581910439,42,0.029053688827404944
0,patch_22_40,5632,5888,10240,10496,65536,MSAVI,-0.14453125,44979,,,,
0,patch_22_40,5632,5888,10240,10496,65536,NDVI,-0.99609375,20557,52,0.020466212164241132,52,0.02490942398349205
0,patch_22_41,5632,5888,10496,10752,65536,MSAVI,-0.02734375,44261,,,,
0,patch_22_41,5632,5888,10496,10752,65536,NDVI,-0.99609375,21275,123,0.01809950159383325,155,0.023410721925686606
0,patch_22_43,5632,5888,11008,11264,65536,MSAVI,0.0,65536,,,,
0,patch_22_43,5632,5888,11008,11264,65536,NDVI,0.0,0,0,0.0,0,0.009808042386020944
0,patch_22_44,5632,5888,11264,11520,65536,MSAVI,0.0,65536,,,,
0,patch_22_44,5632,5888,11264,11520,65536,NDVI,0.0,0,0,0.0,0,0.009808042386020944
0,patch_22_45,5632,5888,11520,11776,65536,MSAVI,0.0,65536,,,,
0,patch_22_45,5632,5888,11520,11776,65536,NDVI,0.0,0,0,0.0,0,0.009808042386020944
0,patch_23_0,5888,6144,0,256,65536,MSAVI,0.0,65536,,,,
0,patch_23_0,5888,6144,0,256,65536,NDVI,0.0,0,0,0.0,0,0.009808042386020944
0,patch_23_2,5888,6144,512,768,65536,MSAVI,-0.05859375,41865,,,,
0,patch_23_2,5888,6144,512,768,65536,NDVI,-0.99609375,23671,2499,0.015243587774081802,3818,0.025316096882217726
0,patch_23_3,5888,6144,768,1024,65536,MSAVI,-0.21484375,46029,,,,
0,patch_23_3,5888,6144,768,1024,65536,NDVI,-0.99609375,19507,3199,0.024477261100537134,3285,0.03276803321825458
0,patch_23_4,5888,6144,1024,1280,65536,MSAVI,-0.27734375,47250,,,,
0,patch_23_4,5888,6144,1024,1280,65536,NDVI,-0.99609375,18286,627,0.021347847118743463,622,0.03021004329387378
0,patch_23_5,5888,6144,1280,1536,65536,MSAVI,-0.11328125,50289,,,,
0,patch_23_5,5888,6144,1280,1536,65536,NDVI,-0.99609375,15247,1336,0.023918293517235886,1553,0.03631981202530035
0,patch_23_6,5888,6144,1536,1792,65536,MSAVI,-0.20703125,49381,,,,
0,patch_23_6,5888,6144,1536,1792,65536,NDVI,-0.99609375,16155,1499,0.02546799523315471,1739,0.03216362971055431
0,patch_23_7,5888,6144,1792,2048,65536,MSAVI,-0.25390625,50363,,,,
0,patch_23_7,5888,6144,1792,2048,65536,NDVI,-0.99609375,15173,1472,0.029333942419350667,1543,0.0346379697268229
0,patch_23_8,5888,6144,2048,2304,65536,MSAVI,-0.05078125,43491,,,,
0,patch_23_8,5888,6144,2048,2304,65536,NDVI,-0.99609375,22045,2523,0.018184681897204624,2710,0.023489184027514487
0,patch_23_9,5888,6144,2304,2560,65536,MSAVI,-0.08984375,43620,,,,
0,patch_23_9,5888,6144,2304,2560,65536,NDVI,-0.99609375,21916,1557,0.018371382982164036,1500,0.023898475886024534
0,patch_23_10,5888,6144,2560,2816,65536,MSAVI,-0.18359375,48099,,,,
0,patch_23_10,5888,6144,2560,2816,65536,NDVI,-0.99609375,17437,2366,0.022243704174220946,2380,0.03098788087371604
0,patch_23_11,5888,6144,2816,3072,65536,MSAVI,-0.20703125,47110,,,,
0,patch_23_11,5888,6144,2816,3072,65536,NDVI,-0.99609375,18426,3709,0.022909640708416806,3605,0.03018869404204677
0,patch_23_12,5888,6144,3072,3328,65536,MSAVI,-0.26171875,47316,,,,
0,patch_23_12,5888,6144,3072,3328,65536,NDVI,-0.51953125,18218,8586,0.027159123363052512,8210,0.03546985837271552
0,patch_23_13,5888,6144,3328,3584,65536,MSAVI,-0.27734375,48587,,,,
0,patch_23_13,5888,6144,3328,3584,65536,NDVI,-0.99609375,16949,1161,0.02689854703983033,1400,0.03336066869937665
0,patch_23_14,5888,6144,3584,3840,65536,MSAVI,-0.33203125,46854,,,,
0,patch_23_14,5888,6144,3584,3840,65536,NDVI,-0.99609375,18682,2977,0.022114851565099375,2995,0.029493341503747356
0,patch_23_15,5888,6144,3840,4096,65536,MSAVI,-0.16796875,45964,,,,
0,patch_23_15,5888,6144,3840,4096,65536,NDVI,-0.53515625,19488,5597,0.019403806791972594,5927,0.031638628197095814
0,patch_23_16,5888,6144,4096,4352,65536,MSAVI,-0.05859375,41990,,,,
0,patch_23_16,5888,6144,4096,4352,65536,NDVI,-0.64453125,23515,2384,0.014470167385974952,2940,0.021779326202414656
0,patch_23_17,5888,6144,4352,4608,65536,MSAVI,-0.10546875,44006,,,,
0,patch_23_17,5888,6144,4352,4608,65536,NDVI,-0.60546875,15933,5816,0.01948128732100879,6669,0.02968965963244924
0,patch_23_18,5888,6144,4608,4864,65536,MSAVI,-0.15234375,42581,,,,
0,patch_23_18,5888,6144,4608,4864,65536,NDVI,-0.76171875,22941,1351,0.014803977284487596,2215,0.02235587737608158
0,patch_23_19,5888,6144,4864,5120,65536,MSAVI,-0.23828125,37363,,,,
0,patch_23_19,5888,6144,4864,5120,65536,NDVI,-0.99609375,28173,6873,0.010804366060509635,65536,0.02047525328971367
0,patch_23_20,5888,6144,5120,5376,65536,MSAVI,-0.08984375,34338,,,,
0,patch_23_20,5888,6144,5120,5376,65536,NDVI,-0.99609375,31198,7538,0.007753437096810839,11087,0.017391572400372063
0,patch_23_21,5888,6144,5376,5632,65536,MSAVI,-0.12890625,40886,,,,
0,patch_23_21,5888,6144,5376,5632,65536,NDVI,-0.99609375,24650,4713,0.015244259568760507,5674,0.020372839247164876
0,patch_23_22,5888,6144,5632,5888,65536,MSAVI,-0.11328125,44543,,,,
0,patch_23_22,5888,6144,5632,5888,65536,NDVI,-0.99609375,20993,3455,0.01862591374799724,4085,0.02600154644832589
0,patch_23_23,5888,6144,5888,6144,65536,MSAVI,-0.48828125,48486,,,,
0,patch_23_23,5888,6144,5888,6144,65536,NDVI,-0.99609375,17050,1574,0.022476015204709654,1727,0.03192162122084222
0,patch_23_24,5888,6144,6144,6400,65536,MSAVI,-0.34765625,48017,,,,
0,patch_23_24,5888,6144,6144,6400,65536,NDVI,-0.66015625,17519,4462,0.023156308686944127,4307,0.03247887921765594
0,patch_23_25,5888,6144,6400,6656,65536,MSAVI,-0.10546875,46025,,,,
0,patch_23_25,5888,6144,6400,6656,65536,NDVI,-0.56640625,19510,986,0.020348261439507936,1177,0.029052103121489536
0,patch_23_26,5888,6144,6656,6912,65536,MSAVI,-0.22265625,41343,,,,
0,patch_23_26,5888,6144,6656,6912,65536,NDVI,-0.99609375,24193,963,0.013042982442033002,1774,0.018897611082767524
0,patch_23_27,5888,6144,6912,7168,65536,MSAVI,-0.22265625,44458,,,,
0,patch_23_27,5888,6144,6912,7168,65536,NDVI,-0.99609375,21078,2743,0.01848218319438169,2989,0.027876549289701458
0,patch_23_28,5888,6144,7168,7424,65536,MSAVI,-0.20703125,42264,,,,
0,patch_23_28,5888,6144,7168,7424,65536,NDVI,-0.99609375,23272,2678,0.01379429053373099,3671,0.02481111398757113
0,patch_23_29,5888,6144,7424,7680,65536,MSAVI,-0.25390625,46281,,,,
0,patch_23_29,5888,6144,7424,7680,65536,NDVI,-0.99609375,19255,288,0.02154555960454585,415,0.027588181658683736
0,patch_23_30,5888,6144,7680,7936,65536,MSAVI,-0.23828125,50013,,,,
0,patch_23_30,5888,6144,7680,7936,65536,NDVI,-0.99609375,15523,5506,0.029977994719370377,5830,0.03612854058274717
0,patch_23_31,5888,6144,7936,8192,65536,MSAVI,-0.16015625,43645,,,,
0,patch_23_31,5888,6144,7936,8192,65536,NDVI,-0.99609375,21891,6829,0.020006697014907926,7865,0.02774614923093685
0,patch_23_32,5888,6144,8192,8448,65536,MSAVI,-0.16015625,35976,,,,
0,patch_23_32,5888,6144,8192,8448,65536,NDVI,-0.99609375,29560,17222,0.01355987386937793,19056,0.020319238236188114
0,patch_23_33,5888,6144,8448,8704,65536,MSAVI,-0.21484375,42043,,,,
0,patch_23_33,5888,6144,8448,8704,65536,NDVI,-0.99609375,23493,8918,0.01991400003257232,9102,0.028137142870424958
0,patch_23_34,5888,6144,8704,8960,65536,MSAVI,-0.08984375,39892,,,,
0,patch_23_34,5888,6144,8704,8960,65536,NDVI,-0.99609375,25644,4976,0.012782530697555111,7437,0.02335033401892292
0,patch_23_35,5888,6144,8960,9216,65536,MSAVI,-0.15234375,37129,,,,
0,patch_23_35,5888,6144,8960,9216,65536,NDVI,-0.99609375,28407,4932,0.009091793523187577,7179,0.016548620877617548
0,patch_23_36,5888,6144,9216,9472,65536,MSAVI,-0.14453125,35199,,,,
0,patch_23_36,5888,6144,9216,9472,65536,NDVI,-0.99609375,30337,5422,0.006574492958415501,9320,0.016348125185033285
0,patch_23_37,5888,6144,9472,9728,65536,MSAVI,-0.16796875,40851,,,,
0,patch_23_37,5888,6144,9472,9728,65536,NDVI,-0.99609375,24685,1970,0.013257014726241356,3321,0.021078185306148856
0,patch_23_38,5888,6144,9728,9984,65536,MSAVI,-0.35546875,39977,,,,
0,patch_23_38,5888,6144,9728,9984,65536,NDVI,-0.99609375,25559,4553,0.013917367645738782,6210,0.02369705225025731
0,patch_23_39,5888,6144,9984,10240,65536,MSAVI,-0.19921875,43736,,,,
0,patch_23_39,5888,6144,9984,10240,65536,NDVI,-0.99609375,21800,74,0.018088121967293896,128,0.023889491554250325
0,patch_23_40,5888,6144,10240,10496,65536,MSAVI,-0.12890625,43854,,,,
0,patch_23_40,5888,6144,10240,10496,65536,NDVI,-0.63671875,21682,2502,0.019072039098820742,2843,0.023918909763386953
0,patch_23_41,5888,6144,10496,10752,65536,MSAVI,-0.14453125,45610,,,,
0,patch_23_41,5888,6144,10496,10752,65536,NDVI,-0.99609375,19926,52,0.021597777560754233,52,0.026854633403494782
0,patch_23_44,5888,6144,11264,11520,65536,MSAVI,0.0,65536,,,,
0,patch_23_44,5888,6144,11264,11520,65536,NDVI,0.0,0,0,0.0,0,0.009808042386020944
0,patch_23_45,5888,6144,11520,11776,65536,MSAVI,0.0,65536,,,,
0,patch_23_45,5888,6144,11520,11776,65536,NDVI,0.0,0,0,0.0,0,0.009808042386020944
0,patch_24_0,6144,6400,0,256,65536,MSAVI,0.0,65536,,,,
0,patch_24_0,6144,6400,0,256,65536,NDVI,0.0,0,0,0.0,0,0.009808042386020944
0,patch_24_3,6144,6400,768,1024,65536,MSAVI,-0.30078125,50246,,,,
0,patch_24_3,6144,6400,768,1024,65536,NDVI,-0.99609375,15290,923,0.030304581589674806,1068,0.037697226289611974
0,patch_24_4,6144,6400,1024,1280,65536,MSAVI,-0.27734375,49107,,,,
0,patch_24_4,6144,6400,1024,1280,65536,NDVI,-0.99609375,16429,309,0.02629532354801442,439,0.03387332989623135
0,patch_24_5,6144,6400,1280,1536,65536,MSAVI,-0.40234375,52110,,,,
0,patch_24_5,6144,6400,1280,1536,65536,NDVI,-0.99609375,13426,910,0.03119816102917025,695,0.038545718334718704
0,patch_24_6,6144,6400,1536,1792,65536,MSAVI,-0.26953125,50305,,,,
0,patch_24_6,6144,6400,1536,1792,65536,NDVI,-0.99609375,15231,329,0.028256644656785013,363,0.03703053581395835
0,patch_24_7,6144,6400,1792,2048,65536,MSAVI,-0.11328125,44575,,,,
0,patch_24_7,6144,6400,1792,2048,65536,NDVI,-0.99609375,20961,476,0.01777195506472784,960,0.024279740092550767
0,patch_24_8,6144,6400,2048,2304,65536,MSAVI,-0.26171875,48412,,,,
0,patch_24_8,6144,6400,2048,2304,65536,NDVI,-0.99609375,17124,604,0.027734157779058827,656,0.031707983904386644
0,patch_24_9,6144,6400,2304,2560,65536,MSAVI,-0.24609375,47834,,,,
0,patch_24_9,6144,6400,2304,2560,65536,NDVI,-0.99609375,17702,641,0.02524457520134285,961,0.03223754813221166
0,patch_24_10,6144,6400,2560,2816,65536,MSAVI,-0.13671875,44655,,,,
0,patch_24_10,6144,6400,2560,2816,65536,NDVI,-0.70703125,20880,1469,0.018334800339777024,1953,0.025029604997399507
0,patch_24_11,6144,6400,2816,3072,65536,MSAVI,-0.18359375,47730,,,,
0,patch_24_11,6144,6400,2816,3072,65536,NDVI,-0.99609375,17806,1129,0.021575972709832525,1044,0.03119708434529722
0,patch_24_12,6144,6400,3072,3328,65536,MSAVI,-0.16015625,49007,,,,
0,patch_24_12,6144,6400,3072,3328,65536,NDVI,-0.99609375,16529,5659,0.029765524422611392,5465,0.03720728631945522
0,patch_24_13,6144,6400,3328,3584,65536,MSAVI,-0.28515625,47719,,,,
0,patch_24_13,6144,6400,3328,3584,65536,NDVI,-0.99609375,17817,2015,0.026539630538029074,1937,0.031197877271065433
0,patch_24_14,6144,6400,3584,3840,65536,MSAVI,-0.37890625,46993,,,,
0,patch_24_14,6144,6400,3584,3840,65536,NDVI,-0.99609375,18543,2032,0.023502712275410745,2203,0.03134780757773231
0,patch_24_15,6144,6400,3840,4096,65536,MSAVI,-0.33203125,44787,,,,
0,patch_24_15,6144,6400,3840,4096,65536,NDVI,-0.99609375,20749,1933,0.019243029202076184,2367,0.02731925020868664
0,patch_24_16,6144,6400,4096,4352,65536,MSAVI,-0.21484375,46556,,,,
0,patch_24_16,6144,6400,4096,4352,65536,NDVI,-0.65234375,18974,984,0.022249351764455555,1163,0.02816523858869044
0,patch_24_17,6144,6400,4352,4608,65536,MSAVI,-0.16015625,47105,,,,
0,patch_24_17,6144,6400,4352,4608,65536,NDVI,-0.63671875,17316,537,0.023863593291254134,700,0.030353519128489354
0,patch_24_18,6144,6400,4608,4864,65536,MSAVI,-0.17578125,43159,,,,
0,patch_24_18,6144,6400,4608,4864,65536,NDVI,-0.70703125,18366,2120,0.016962472745137555,3119,0.025219803061595963
0,patch_24_19,6144,6400,4864,5120,65536,MSAVI,-0.26171875,41898,,,,
0,patch_24_19,6144,6400,4864,5120,65536,NDVI,-0.99609375,23638,5627,0.016702318172919978,65536,0.023672553882448294
0,patch_24_20,6144,6400,5120,5376,65536,MSAVI,-0.08203125,37335,,,,
0,patch_24_20,6144,6400,5120,5376,65536,NDVI,-0.99609375,28201,9219,0.010286223560712321,9738,0.019494974772745227
0,patch_24_21,6144,6400,5376,5632,65536,MSAVI,-0.16015625,38468,,,,
0,patch_24_21,6144,6400,5376,5632,65536,NDVI,-0.99609375,27068,2244,0.011998250412869421,3549,0.016881148399437246
0,patch_24_22,6144,6400,5632,5888,65536,MSAVI,-0.17578125,45661,,,,
0,patch_24_22,6144,6400,5632,5888,65536,NDVI,-0.62109375,19875,1190,0.021302909695606442,1163,0.02917067118734029
0,patch_24_23,6144,6400,5888,6144,65536,MSAVI,-0.35546875,49552,,,,
0,patch_24_23,6144,6400,5888,6144,65536,NDVI,-0.67578125,15732,1581,0.025592054108289866,1633,0.03657388652942181
0,patch_24_24,6144,6400,6144,6400,65536,MSAVI,-0.28515625,45236,,,,
0,patch_24_24,6144,6400,6144,6400,65536,NDVI,-0.69921875,20200,3868,0.01877567401373667,4227,0.031065758792784448
0,patch_24_25,6144,6400,6400,6656,65536,MSAVI,-0.25390625,44702,,,,
0,patch_24_25,6144,6400,6400,6656,65536,NDVI,-0.99609375,20834,1196,0.01826563734630271,1172,0.024497392217937453
0,patch_24_26,6144,6400,6656,6912,65536,MSAVI,-0.08203125,41778,,,,
0,patch_24_26,6144,6400,6656,6912,65536,NDVI,-0.99609375,23758,1558,0.014994143292185125,2009,0.02212449438728928
0,patch_24_27,6144,6400,6912,7168,65536,MSAVI,-0.15234375,40473,,,,
0,patch_24_27,6144,6400,6912,7168,65536,NDVI,-0.53515625,25063,6864,0.013136163785202354,8015,0.022307660992011535
0,patch_24_28,6144,6400,7168,7424,65536,MSAVI,-0.20703125,42643,,,,
0,patch_24_28,6144,6400,7168,7424,65536,NDVI,-0.99609375,22893,1141,0.015664266474182703,1773,0.021922881899725022
0,patch_24_29,6144,6400,7424,7680,65536,MSAVI,-0.33203125,47275,,,,
0,patch_24_29,6144,6400,7424,7680,65536,NDVI,-0.99609375,18261,5494,0.023036431725258905,5421,0.030437740480214803
0,patch_24_30,6144,6400,7680,7936,65536,MSAVI,-0.25390625,46253,,,,
0,patch_24_30,6144,6400,7680,7936,65536,NDVI,-0.99609375,19283,5252,0.02374214007256667,5557,0.032009632814747335
0,patch_24_31,6144,6400,7936,8192,65536,MSAVI,-0.22265625,43309,,,,
0,patch_24_31,6144,6400,7936,8192,65536,NDVI,-0.99609375,22227,5116,0.017585249444216466,7361,0.02573138709663622
0,patch_24_32,6144,6400,8192,8448,65536,MSAVI,-0.16015625,42515,,,,
0,patch_24_32,6144,6400,8192,8448,65536,NDVI,-0.99609375,23021,7955,0.01810521591837519,9209,0.028078144576973108
0,patch_24_33,6144,6400,8448,8704,65536,MSAVI,-0.18359375,46385,,,,
0,patch_24_33,6144,6400,8448,8704,65536,NDVI,-0.99609375,19151,2955,0.023522639759249453,2981,0.030286862704941325
0,patch_24_34,6144,6400,8704,8960,65536,MSAVI,-0.35546875,43721,,,,
0,patch_24_34,6144,6400,8704,8960,65536,NDVI,-0.99609375,21815,7048,0.020432232848077714,7668,0.03033922134985742
0,patch_24_35,6144,6400,8960,9216,65536,MSAVI,-0.16015625,41704,,,,
0,patch_24_35,6144,6400,8960,9216,65536,NDVI,-0.99609375,23832,4611,0.014989364602104982,5506,0.022083732347766588
0,patch_24_36,6144,6400,9216,9472,65536,MSAVI,-0.19921875,35977,,,,
0,patch_24_36,6144,6400,9216,9472,65536,NDVI,-0.99609375,29559,4559,0.008433926836535405,7366,0.01745948767725966
0,patch_24_37,6144,6400,9472,9728,65536,MSAVI,-0.14453125,41515,,,,
0,patch_24_37,6144,6400,9472,9728,65536,NDVI,-0.99609375,24021,1450,0.015133706516159251,1876,0.021156501212708678
0,patch_24_38,6144,6400,9728,9984,65536,MSAVI,-0.12890625,37850,,,,
0,patch_24_38,6144,6400,9728,9984,65536,NDVI,-0.99609375,27686,4035,0.010437552553193813,6192,0.01802613201237141
0,patch_24_39,6144,6400,9984,10240,65536,MSAVI,-0.16015625,41402,,,,
0,patch_24_39,6144,6400,9984,10240,65536,NDVI,-0.99609375,24134,1127,0.014898187611235292,1792,0.01864580121544024
0,patch_24_40,6144,6400,10240,10496,65536,MSAVI,-0.25390625,45460,,,,
0,patch_24_40,6144,6400,10240,10496,65536,NDVI,-0.68359375,20075,5629,0.021113626964839538,5889,0.028354644699180226
0,patch_24_41,6144,6400,10496,10752,65536,MSAVI,-0.15234375,46625,,,,
0,patch_24_41,6144,6400,10496,10752,65536,NDVI,-0.99609375,18911,189,0.023468234588796544,235,0.02934544383201873
0,patch_24_42,6144,6400,10752,11008,65536,MSAVI,-0.21484375,45247,,,,
0,patch_24_42,6144,6400,10752,11008,65536,NDVI,-0.99609375,20289,281,0.022088461735592452,164,0.025627441740433382
0,patch_24_44,6144,6400,11264,11520,65536,MSAVI,0.0,65536,,,,
0,patch_24_44,6144,6400,11264,11520,65536,NDVI,0.0,0,0,0.0,0,0.009808042386020944
0,patch_24_45,6144,6400,11520,11776,65536,MSAVI,0.0,65536,,,,
0,patch_24_45,6144,6400,11520,11776,65536,NDVI,0.0,0,0,0.0,0,0.009808042386020944
0,patch_25_0,6400,6656,0,256,65536,MSAVI,0.0,65536,,,,
0,patch_25_0,6400,6656,0,256,65536,NDVI,0.0,0,0,0.0,0,0.009808042386020944
0,patch_25_1,6400,6656,256,512,65536,MSAVI,0.0,65536,,,,
0,patch_25_1,6400,6656,256,512,65536,NDVI,0.0,0,0,0.0,0,0.009808042386020944
0,patch_25_3,6400,6656,768,1024,65536,MSAVI,-0.30859375,48250,,,,
0,patch_25_3,6400,6656,768,1024,65536,NDVI,-0.99609375,17286,2372,0.025697841811424288,2933,0.03522899777795724
0,patch_25_4,6400,6656,1024,1280,65536,MSAVI,-0.17578125,47860,,,,
0,patch_25_4,6400,6656,1024,1280,65536,NDVI,-0.99609375,17676,3895,0.025415564119142475,3933,0.034258846568368
0,patch_25_5,6400,6656,1280,1536,65536,MSAVI,-0.43359375,51629,,,,
0,patch_25_5,6400,6656,1280,1536,65536,NDVI,-0.99609375,13907,1043,0.02948600084849516,828,0.03761781227174191
0,patch_25_6,6400,6656,1536,1792,65536,MSAVI,-0.31640625,48488,,,,
0,patch_25_6,6400,6656,1536,1792,65536,NDVI,-0.99609375,17048,3434,0.025768836432423697,3083,0.03237190789613237
0,patch_25_7,6400,6656,1792,2048,65536,MSAVI,-0.15234375,46337,,,,
0,patch_25_7,6400,6656,1792,2048,65536,NDVI,-0.99609375,19199,319,0.024277285907929436,359,0.02963276286841912
0,patch_25_8,6400,6656,2048,2304,65536,MSAVI,-0.12890625,41880,,,,
0,patch_25_8,6400,6656,2048,2304,65536,NDVI,-0.47265625,23655,12426,0.019267485278574012,12023,0.02722010689526233
0,patch_25_9,6400,6656,2304,2560,65536,MSAVI,-0.33203125,50265,,,,
0,patch_25_9,6400,6656,2304,2560,65536,NDVI,-0.99609375,15271,3510,0.02697542776347528,3175,0.035874659879757714
0,patch_25_10,6400,6656,2560,2816,65536,MSAVI,-0.26171875,45343,,,,
0,patch_25_10,6400,6656,2560,2816,65536,NDVI,-0.69921875,20161,2746,0.021501788071877137,3160,0.028171072525599777
0,patch_25_11,6400,6656,2816,3072,65536,MSAVI,-0.23046875,44881,,,,
0,patch_25_11,6400,6656,2816,3072,65536,NDVI,-0.99609375,20655,1997,0.020304529152022993,2064,0.02575391009017544
0,patch_25_12,6400,6656,3072,3328,65536,MSAVI,-0.27734375,52648,,,,
0,patch_25_12,6400,6656,3072,3328,65536,NDVI,-0.99609375,12888,329,0.03358133646269906,303,0.03924830474275137
0,patch_25_13,6400,6656,3328,3584,65536,MSAVI,-0.25390625,44989,,,,
0,patch_25_13,6400,6656,3328,3584,65536,NDVI,-0.99609375,20547,1441,0.021061113724258868,1490,0.026134236133754846
0,patch_25_14,6400,6656,3584,3840,65536,MSAVI,-0.34765625,45349,,,,
0,patch_25_14,6400,6656,3584,3840,65536,NDVI,-0.99609375,20187,5017,0.021455177640971268,5684,0.02807545525010363
0,patch_25_15,6400,6656,3840,4096,65536,MSAVI,-0.32421875,46051,,,,
0,patch_25_15,6400,6656,3840,4096,65536,NDVI,-0.99609375,19485,908,0.021417315930044506,843,0.027605641707146772
0,patch_25_16,6400,6656,4096,4352,65536,MSAVI,-0.24609375,47400,,,,
0,patch_25_16,6400,6656,4096,4352,65536,NDVI,-0.66796875,18136,891,0.024579773161706647,1248,0.031090856641307757
0,patch_25_17,6400,6656,4352,4608,65536,MSAVI,-0.17578125,50202,,,,
0,patch_25_17,6400,6656,4352,4608,65536,NDVI,-0.59765625,15334,208,0.02602429352744183,209,0.032930839924758926
0,patch_25_18,6400,6656,4608,4864,65536,MSAVI,-0.19140625,48148,,,,
0,patch_25_18,6400,6656,4608,4864,65536,NDVI,-0.63671875,15845,244,0.024656404559912748,158,0.033741360380824426
0,patch_25_19,6400,6656,4864,5120,65536,MSAVI,-0.24609375,42025,,,,
0,patch_25_19,6400,6656,4864,5120,65536,NDVI,-0.69140625,22972,4616,0.017538537002075194,6344,0.029512749278662737
0,patch_25_20,6400,6656,5120,5376,65536,MSAVI,-0.03515625,36150,,,,
0,patch_25_20,6400,6656,5120,5376,65536,NDVI,-0.99609375,29386,10292,0.008843578205553135,12535,0.019148284469859805
0,patch_25_21,6400,6656,5376,5632,65536,MSAVI,-0.15234375,36596,,,,
0,patch_25_21,6400,6656,5376,5632,65536,NDVI,-0.99609375,28940,3615,0.007527146964778797,5529,0.014710625927036036
0,patch_25_22,6400,6656,5632,5888,65536,MSAVI,-0.12890625,38519,,,,
0,patch_25_22,6400,6656,5632,5888,65536,NDVI,-0.99609375,27017,6090,0.010571170293937365,8644,0.021274386276266932
0,patch_25_23,6400,6656,5888,6144,65536,MSAVI,-0.23046875,45429,,,,
0,patch_25_23,6400,6656,5888,6144,65536,NDVI,-0.66015625,20105,946,0.018884285557226863,1300,0.02713960338298746
0,patch_25_24,6400,6656,6144,6400,65536,MSAVI,-0.01953125,50869,,,,
0,patch_25_24,6400,6656,6144,6400,65536,NDVI,-0.58984375,14605,2827,0.0221121210107581,2963,0.03318749154258427
0,patch_25_25,6400,6656,6400,6656,65536,MSAVI,-0.32421875,42394,,,,
0,patch_25_25,6400,6656,6400,6656,65536,NDVI,-0.99609375,23142,2376,0.01604160825967825,3093,0.024319234089941855
0,patch_25_26,6400,6656,6656,6912,65536,MSAVI,-0.22265625,41962,,,,
0,patch_25_26,6400,6656,6656,6912,65536,NDVI,-0.99609375,23574,979,0.015647775390296798,1503,0.020787329863926896
0,patch_25_27,6400,6656,6912,7168,65536,MSAVI,-0.19921875,44152,,,,
0,patch_25_27,6400,6656,6912,7168,65536,NDVI,-0.99609375,21384,1087,0.01738295324012422,1529,0.023691363727420006
0,patch_25_28,6400,6656,7168,7424,65536,MSAVI,-0.25390625,49402,,,,
0,patch_25_28,6400,6656,7168,7424,65536,NDVI,-0.99609375,16134,518,0.026496812330222386,1045,0.034055650800634385
0,patch_25_29,6400,6656,7424,7680,65536,MSAVI,0.06640625,45764,,,,
0,patch_25_29,6400,6656,7424,7680,65536,NDVI,-0.99609375,19772,3520,0.019326679594821525,3717,0.0317021708267029
0,patch_25_30,6400,6656,7680,7936,65536,MSAVI,-0.37109375,50211,,,,
0,patch_25_30,6400,6656,7680,7936,65536,NDVI,-0.55078125,15300,4650,0.025597616361997574,4774,0.03605583280656893
0,patch_25_31,6400,6656,7936,8192,65536,MSAVI,-0.18359375,49290,,,,
0,patch_25_31,6400,6656,7936,8192,65536,NDVI,-0.99609375,16246,2566,0.02895662911727863,2532,0.03540486608344531
0,patch_25_32,6400,6656,8192,8448,65536,MSAVI,-0.12109375,44282,,,,
0,patch_25_32,6400,6656,8192,8448,65536,NDVI,-0.99609375,21254,2402,0.01803599935208039,3189,0.026859214777279844
0,patch_25_33,6400,6656,8448,8704,65536,MSAVI,-0.01953125,51665,,,,
0,patch_25_33,6400,6656,8448,8704,65536,NDVI,-0.99609375,13871,1651,0.02800662230478812,1353,0.03839885778590832
0,patch_25_34,6400,6656,8704,8960,65536,MSAVI,-0.42578125,47931,,,,
0,patch_25_34,6400,6656,8704,8960,65536,NDVI,-0.99609375,17605,595,0.02511334298552287,497,0.029642615941875256
0,patch_25_35,6400,6656,8960,9216,65536,MSAVI,-0.20703125,45233,,,,
0,patch_25_35,6400,6656,8960,9216,65536,NDVI,-0.99609375,20303,3729,0.019383115612940843,4414,0.02897915007608065
0,patch_25_36,6400,6656,9216,9472,65536,MSAVI,-0.16796875,37091,,,,
0,patch_25_36,6400,6656,9216,9472,65536,NDVI,-0.99609375,28445,3358,0.009560898584886957,4781,0.017351674681101464
0,patch_25_37,6400,6656,9472,9728,65536,MSAVI,-0.17578125,38552,,,,
0,patch_25_37,6400,6656,9472,9728,65536,NDVI,-0.99609375,26984,996,0.010448711985364123,3149,0.018473501402718362
0,patch_25_38,6400,6656,9728,9984,65536,MSAVI,-0.25390625,41170,,,,
0,patch_25_38,6400,6656,9728,9984,65536,NDVI,-0.99609375,24366,1525,0.014983205913362635,2459,0.021104534333488467
0,patch_25_39,6400,6656,9984,10240,65536,MSAVI,-0.15234375,39133,,,,
0,patch_25_39,6400,6656,9984,10240,65536,NDVI,-0.99609375,26403,3486,0.010917109368299094,4752,0.018247817910649194
0,patch_25_40,6400,6656,10240,10496,65536,MSAVI,-0.08203125,42025,,,,
0,patch_25_40,6400,6656,10240,10496,65536,NDVI,-0.65234375,23510,7858,0.01646941506374275,8062,0.023393059298476737
0,patch_25_41,6400,6656,10496,10752,65536,MSAVI,-0.14453125,44146,,,,
0,patch_25_41,6400,6656,10496,10752,65536,NDVI,-0.52734375,21384,10026,0.024639715945849905,10017,0.031857586709525154
0,patch_25_42,6400,6656,10752,11008,65536,MSAVI,-0.04296875,42023,,,,
0,patch_25_42,6400,6656,10752,11008,65536,NDVI,-0.60546875,23507,4353,0.017713779604017016,4514,0.02419259489152112
0,patch_25_45,6400,6656,11520,11776,65536,MSAVI,0.0,65536,,,,
0,patch_25_45,6400,6656,11520,11776,65536,NDVI,0.0,0,0,0.0,0,0.009808042386020944
0,patch_26_0,6656,6912,0,256,65536,MSAVI,0.0,65536,,,,
0,patch_26_0,6656,6912,0,256,65536,NDVI,0.0,0,0,0.0,0,0.009808042386020944
0,patch_26_1,6656,6912,256,512,65536,MSAVI,0.0,65536,,,,
0,patch_26_1,6656,6912,256,512,65536,NDVI,0.0,0,0,0.0,0,0.009808042386020944
0,patch_26_2,6656,6912,512,768,65536,MSAVI,0.0,65536,,,,
0,patch_26_2,6656,6912,512,768,65536,NDVI,0.0,0,0,0.0,0,0.009808042386020944
0,patch_26_4,6656,6912,1024,1280,65536,MSAVI,-0.34765625,51435,,,,
0,patch_26_4,6656,6912,1024,1280,65536,NDVI,-0.99609375,14101,0,0.028591879941138126,0,0.03620396209749935
0,patch_26_5,6656,6912,1280,1536,65536,MSAVI,-0.23828125,51911,,,,
0,patch_26_5,6656,6912,1280,1536,65536,NDVI,-0.99609375,13625,64,0.03027214931642483,64,0.037041398515479995
0,patch_26_6,6656,6912,1536,1792,65536,MSAVI,-0.32421875,47152,,,,
0,patch_26_6,6656,6912,1536,1792,65536,NDVI,-0.99609375,18384,1851,0.020451101920890613,1982,0.028934892678885854
0,patch_26_7,6656,6912,1792,2048,65536,MSAVI,-0.16796875,52071,,,,
0,patch_26_7,6656,6912,1792,2048,65536,NDVI,-0.99609375,13465,180,0.030684625074067218,180,0.03636768707466889
0,patch_26_8,6656,6912,2048,2304,65536,MSAVI,-0.05859375,46086,,,,
0,patch_26_8,6656,6912,2048,2304,65536,NDVI,-0.99609375,19450,3572,0.022009737919501504,3796,0.03039911121934938
0,patch_26_9,6656,6912,2304,2560,65536,MSAVI,-0.27734375,49025,,,,
0,patch_26_9,6656,6912,2304,2560,65536,NDVI,-0.99609375,16511,2851,0.02647180690182388,3283,0.03286172867399137
0,patch_26_10,6656,6912,2560,2816,65536,MSAVI,-0.05078125,45040,,,,
0,patch_26_10,6656,6912,2560,2816,65536,NDVI,-0.99609375,20496,708,0.018802531655165322,968,0.025383910015349814
0,patch_26_11,6656,6912,2816,3072,65536,MSAVI,-0.39453125,49376,,,,
0,patch_26_11,6656,6912,2816,3072,65536,NDVI,-0.99609375,16160,2147,0.028374891562837457,2193,0.034926457000291816
0,patch_26_12,6656,6912,3072,3328,65536,MSAVI,-0.33203125,50676,,,,
0,patch_26_12,6656,6912,3072,3328,65536,NDVI,-0.56640625,14859,1745,0.02822836808678543,1606,0.03566288258564573
0,patch_26_13,6656,6912,3328,3584,65536,MSAVI,-0.31640625,50572,,,,
0,patch_26_13,6656,6912,3328,3584,65536,NDVI,-0.99609375,14964,207,0.02949920040394033,223,0.03444759956013313
0,patch_26_14,6656,6912,3584,3840,65536,MSAVI,-0.24609375,46230,,,,
0,patch_26_14,6656,6912,3584,3840,65536,NDVI,-0.62109375,19306,1440,0.01974353778244088,1624,0.029208099936231857
0,patch_26_15,6656,6912,3840,4096,65536,MSAVI,0.12890625,45441,,,,
0,patch_26_15,6656,6912,3840,4096,65536,NDVI,-0.99609375,20095,486,0.0188642418828065,511,0.025820271936994516
0,patch_26_16,6656,6912,4096,4352,65536,MSAVI,-0.24609375,53167,,,,
0,patch_26_16,6656,6912,4096,4352,65536,NDVI,-0.48046875,12348,7037,0.02245338560646759,6915,0.03791884077430674
0,patch_26_17,6656,6912,4352,4608,65536,MSAVI,-0.23828125,44297,,,,
0,patch_26_17,6656,6912,4352,4608,65536,NDVI,-0.69140625,21236,1731,0.01880250168463604,1902,0.025619916431578682
0,patch_26_18,6656,6912,4608,4864,65536,MSAVI,-0.16796875,43426,,,,
0,patch_26_18,6656,6912,4608,4864,65536,NDVI,-0.60546875,22110,382,0.017391904380777395,668,0.024508530468578177
0,patch_26_19,6656,6912,4864,5120,65536,MSAVI,-0.12109375,47934,,,,
0,patch_26_19,6656,6912,4864,5120,65536,NDVI,-0.62890625,15549,2688,0.02720493089477241,3012,0.03293825094172151
0,patch_26_20,6656,6912,5120,5376,65536,MSAVI,-0.25390625,41218,,,,
0,patch_26_20,6656,6912,5120,5376,65536,NDVI,-0.65234375,24293,2999,0.011073889919491792,4738,0.02039573609871756
0,patch_26_21,6656,6912,5376,5632,65536,MSAVI,-0.15234375,35189,,,,
0,patch_26_21,6656,6912,5376,5632,65536,NDVI,-0.99609375,30347,5640,0.006881641429020896,9040,0.015482015419212375
0,patch_26_22,6656,6912,5632,5888,65536,MSAVI,-0.16015625,39862,,,,
0,patch_26_22,6656,6912,5632,5888,65536,NDVI,-0.99609375,25674,2468,0.010550698007581821,3525,0.018305925864740613
0,patch_26_23,6656,6912,5888,6144,65536,MSAVI,-0.08203125,40618,,,,
0,patch_26_23,6656,6912,5888,6144,65536,NDVI,-0.99609375,24918,1818,0.013469073298594564,2178,0.020370628521132944
0,patch_26_24,6656,6912,6144,6400,65536,MSAVI,-0.05859375,45271,,,,
0,patch_26_24,6656,6912,6144,6400,65536,NDVI,-0.99609375,20265,9941,0.01979826431174722,9621,0.03263512013338271
0,patch_26_25,6656,6912,6400,6656,65536,MSAVI,-0.21484375,46446,,,,
0,patch_26_25,6656,6912,6400,6656,65536,NDVI,-0.99609375,19090,2461,0.023316053086183758,2556,0.03097874959337557
0,patch_26_26,6656,6912,6656,6912,65536,MSAVI,-0.21484375,46257,,,,
0,patch_26_26,6656,6912,6656,6912,65536,NDVI,-0.99609375,19279,894,0.02349684195881188,960,0.03072316669221506
0,patch_26_27,6656,6912,6912,7168,65536,MSAVI,-0.19921875,45132,,,,
0,patch_26_27,6656,6912,6912,7168,65536,NDVI,-0.99609375,20404,789,0.019349898503077834,1403,0.026303125043250802
0,patch_26_28,6656,6912,7168,7424,65536,MSAVI,-0.16796875,50457,,,,
0,patch_26_28,6656,6912,7168,7424,65536,NDVI,-0.99609375,15079,242,0.028182841251142066,257,0.03457278188801363
0,patch_26_29,6656,6912,7424,7680,65536,MSAVI,-0.19921875,50160,,,,
0,patch_26_29,6656,6912,7424,7680,65536,NDVI,-0.64453125,15375,4435,0.025553157402304266,4409,0.03803336103713578
0,patch_26_30,6656,6912,7680,7936,65536,MSAVI,0.01171875,51707,,,,
0,patch_26_30,6656,6912,7680,7936,65536,NDVI,-0.64453125,13820,2015,0.02731791537048718,1973,0.0368232311431361
0,patch_26_31,6656,6912,7936,8192,65536,MSAVI,-0.17578125,49322,,,,
0,patch_26_31,6656,6912,7936,8192,65536,NDVI,-0.60546875,16210,1559,0.024288306033185797,1772,0.03343187779813825
0,patch_26_32,6656,6912,8192,8448,65536,MSAVI,-0.19140625,48432,,,,
0,patch_26_32,6656,6912,8192,8448,65536,NDVI,-0.99609375,17104,364,0.025506158060005557,540,0.02971180340216037
0,patch_26_33,6656,6912,8448,8704,65536,MSAVI,-0.20703125,49675,,,,
0,patch_26_33,6656,6912,8448,8704,65536,NDVI,-0.63671875,15860,195,0.026724465155087807,325,0.03349608705833271
0,patch_26_34,6656,6912,8704,8960,65536,MSAVI,-0.33203125,48076,,,,
0,patch_26_34,6656,6912,8704,8960,65536,NDVI,-0.99609375,17460,892,0.024667330712880686,1000,0.031934876309653915
0,patch_26_35,6656,6912,8960,9216,65536,MSAVI,-0.42578125,46499,,,,
0,patch_26_35,6656,6912,8960,9216,65536,NDVI,-0.99609375,19037,699,0.021123546322280473,873,0.028555106032649963
0,patch_26_36,6656,6912,9216,9472,65536,MSAVI,-0.25390625,41278,,,,
0,patch_26_36,6656,6912,9216,9472,65536,NDVI,-0.99609375,24258,3393,0.015102781233092416,4450,0.022254443741788088
0,patch_26_37,6656,6912,9472,9728,65536,MSAVI,-0.17578125,39841,,,,
0,patch_26_37,6656,6912,9472,9728,65536,NDVI,-0.99609375,25695,1235,0.01180566475097683,1505,0.017993372625466575
0,patch_26_38,6656,6912,9728,9984,65536,MSAVI,-0.18359375,40121,,,,
0,patch_26_38,6656,6912,9728,9984,65536,NDVI,-0.99609375,25415,1678,0.012081636099678356,2848,0.0182692613179804
0,patch_26_39,6656,6912,9984,10240,65536,MSAVI,-0.12890625,38663,,,,
0,patch_26_39,6656,6912,9984,10240,65536,NDVI,-0.60546875,26873,8799,0.014069902987630112,10385,0.023399822783015306
0,patch_26_40,6656,6912,10240,10496,65536,MSAVI,-0.15234375,35231,,,,
0,patch_26_40,6656,6912,10240,10496,65536,NDVI,-0.99609375,30305,16500,0.01464932587300688,16880,0.020493317438443293
0,patch_26_41,6656,6912,10496,10752,65536,MSAVI,-0.19921875,43529,,,,
0,patch_26_41,6656,6912,10496,10752,65536,NDVI,-0.99609375,22007,1286,0.018200547809636203,1515,0.024201357779860072
0,patch_26_42,6656,6912,10752,11008,65536,MSAVI,-0.11328125,41478,,,,
0,patch_26_42,6656,6912,10752,11008,65536,NDVI,-0.99609375,24058,472,0.014773177498762224,563,0.020380157581814995
0,patch_26_43,6656,6912,11008,11264,65536,MSAVI,-0.12109375,43723,,,,
0,patch_26_43,6656,6912,11008,11264,65536,NDVI,-0.99609375,21813,85,0.019580780235281342,166,0.024755232755825113
0,patch_26_45,6656,6912,11520,11776,65536,MSAVI,0.0,65536,,,,
0,patch_26_45,6656,6912,11520,11776,65536,NDVI,0.0,0,0,0.0,0,0.009808042386020944
0,patch_27_0,6912,7168,0,256,65536,MSAVI,0.0,65536,,,,
0,patch_27_0,6912,7168,0,256,65536,NDVI,0.0,0,0,0.0,0,0.009808042386020944
0,patch_27_1,6912,7168,256,512,65536,MSAVI,0.0,65536,,,,
0,patch_27_1,6912,7168,256,512,65536,NDVI,0.0,0,0,0.0,0,0.009808042386020944
0,patch_27_2,6912,7168,512,768,65536,MSAVI,0.0,65536,,,,
0,patch_27_2,6912,7168,512,768,65536,NDVI,0.0,0,0,0.0,0,0.009808042386020944
0,patch_27_5,6912,7168,1280,1536,65536,MSAVI,-0.29296875,52990,,,,
0,patch_27_5,6912,7168,1280,1536,65536,NDVI,-0.99609375,12546,3646,0.028999933785216453,3613,0.03855403958369347
0,patch_27_6,6912,7168,1536,1792,65536,MSAVI,-0.37109375,54301,,,,
0,patch_27_6,6912,7168,1536,1792,65536,NDVI,-0.99609375,11235,5419,0.03183979145445806,5025,0.040653506859830546
0,patch_27_7,6912,7168,1792,2048,65536,MSAVI,-0.16796875,47532,,,,
0,patch_27_7,6912,7168,1792,2048,65536,NDVI,-0.99609375,18004,1073,0.024381364499227454,1154,0.0326928142250594
0,patch_27_8,6912,7168,2048,2304,65536,MSAVI,-0.16796875,47376,,,,
0,patch_27_8,6912,7168,2048,2304,65536,NDVI,-0.99609375,18160,276,0.026069704099135088,389,0.03017280525228419
0,patch_27_9,6912,7168,2304,2560,65536,MSAVI,-0.26171875,43873,,,,
0,patch_27_9,6912,7168,2304,2560,65536,NDVI,-0.99609375,21663,230,0.020038858257304254,900,0.024470266280574277
0,patch_27_10,6912,7168,2560,2816,65536,MSAVI,-0.12109375,44078,,,,
0,patch_27_10,6912,7168,2560,2816,65536,NDVI,-0.99609375,21458,1000,0.019581376823985586,1185,0.024418911428920886
0,patch_27_11,6912,7168,2816,3072,65536,MSAVI,-0.30859375,47466,,,,
0,patch_27_11,6912,7168,2816,3072,65536,NDVI,-0.99609375,18070,5604,0.0246834887988841,6338,0.03565397297647016
0,patch_27_12,6912,7168,3072,3328,65536,MSAVI,-0.26953125,48998,,,,
0,patch_27_12,6912,7168,3072,3328,65536,NDVI,-0.99609375,16538,1963,0.02777125254744775,1945,0.03513248634672525
0,patch_27_13,6912,7168,3328,3584,65536,MSAVI,-0.25390625,48464,,,,
0,patch_27_13,6912,7168,3328,3584,65536,NDVI,-0.63671875,17071,0,0.02531313811161523,80,0.03186096884706946
0,patch_27_14,6912,7168,3584,3840,65536,MSAVI,-0.02734375,45189,,,,
0,patch_27_14,6912,7168,3584,3840,65536,NDVI,-0.99609375,20347,418,0.01638155766710328,400,0.0263093495492564
0,patch_27_15,6912,7168,3840,4096,65536,MSAVI,-0.17578125,46408,,,,
0,patch_27_15,6912,7168,3840,4096,65536,NDVI,-0.99609375,19128,129,0.02224266238955605,130,0.02670731317482844
0,patch_27_16,6912,7168,4096,4352,65536,MSAVI,-0.33203125,52032,,,,
0,patch_27_16,6912,7168,4096,4352,65536,NDVI,-0.69921875,13485,3942,0.028658762901430643,3893,0.03704695156063614
0,patch_27_17,6912,7168,4352,4608,65536,MSAVI,-0.27734375,47157,,,,
0,patch_27_17,6912,7168,4352,4608,65536,NDVI,-0.70703125,18377,408,0.023890457965233702,498,0.030633149738360926
0,patch_27_18,6912,7168,4608,4864,65536,MSAVI,-0.14453125,47167,,,,
0,patch_27_18,6912,7168,4608,4864,65536,NDVI,-0.62109375,18364,834,0.02116282797107316,801,0.02930204371936257
0,patch_27_19,6912,7168,4864,5120,65536,MSAVI,-0.04296875,42561,,,,
0,patch_27_19,6912,7168,4864,5120,65536,NDVI,-0.66015625,22914,1856,0.015559834699677283,2710,0.023709371080775393
0,patch_27_20,6912,7168,5120,5376,65536,MSAVI,-0.24609375,48242,,,,
0,patch_27_20,6912,7168,5120,5376,65536,NDVI,-0.69140625,14635,4733,0.028647992663722144,4800,0.03918535138405785
0,patch_27_21,6912,7168,5376,5632,65536,MSAVI,-0.35546875,41592,,,,
0,patch_27_21,6912,7168,5376,5632,65536,NDVI,-0.99609375,23944,5403,0.01678578215283341,6557,0.02405750640310425
0,patch_27_22,6912,7168,5632,5888,65536,MSAVI,-0.07421875,42667,,,,
0,patch_27_22,6912,7168,5632,5888,65536,NDVI,-0.99609375,22869,2179,0.01695129780750576,1904,0.02262427732783573
0,patch_27_23,6912,7168,5888,6144,65536,MSAVI,-0.15234375,43828,,,,
0,patch_27_23,6912,7168,5888,6144,65536,NDVI,-0.99609375,21708,1175,0.01916020557865225,1176,0.024637542485859726
0,patch_27_24,6912,7168,6144,6400,65536,MSAVI,-0.10546875,44817,,,,
0,patch_27_24,6912,7168,6144,6400,65536,NDVI,-0.99609375,20719,2292,0.02061159674320362,2382,0.027095617234532243
0,patch_27_25,6912,7168,6400,6656,65536,MSAVI,-0.23828125,42913,,,,
0,patch_27_25,6912,7168,6400,6656,65536,NDVI,-0.99609375,22623,3388,0.016314196871541953,3833,0.026488649095561367
0,patch_27_26,6912,7168,6656,6912,65536,MSAVI,-0.21484375,45754,,,,
0,patch_27_26,6912,7168,6656,6912,65536,NDVI,-0.99609375,19782,1843,0.02205655322636621,2375,0.03112773570890115
0,patch_27_27,6912,7168,6912,7168,65536,MSAVI,-0.13671875,47345,,,,
0,patch_27_27,6912,7168,6912,7168,65536,NDVI,-0.58984375,18189,1131,0.02367209774165313,1464,0.030493187864333277
0,patch_27_28,6912,7168,7168,7424,65536,MSAVI,-0.17578125,46584,,,,
0,patch_27_28,6912,7168,7168,7424,65536,NDVI,-0.55078125,18949,1116,0.01921720445885612,987,0.029541150476855182
0,patch_27_29,6912,7168,7424,7680,65536,MSAVI,-0.20703125,46495,,,,
0,patch_27_29,6912,7168,7424,7680,65536,NDVI,-0.99609375,19041,487,0.02140559542951337,379,0.027885457002919584
0,patch_27_30,6912,7168,7680,7936,65536,MSAVI,-0.20703125,43627,,,,
0,patch_27_30,6912,7168,7680,7936,65536,NDVI,-0.99609375,21909,2525,0.01778813631364129,2348,0.024394169113746172
0,patch_27_31,6912,7168,7936,8192,65536,MSAVI,-0.24609375,47401,,,,
0,patch_27_31,6912,7168,7936,8192,65536,NDVI,-0.99609375,18135,5039,0.024358407986377034,4751,0.03449112412607708
0,patch_27_32,6912,7168,8192,8448,65536,MSAVI,-0.18359375,44955,,,,
0,patch_27_32,6912,7168,8192,8448,65536,NDVI,-0.99609375,20581,1205,0.02031886234502539,1437,0.026567445257944522
0,patch_27_33,6912,7168,8448,8704,65536,MSAVI,-0.23046875,49666,,,,
0,patch_27_33,6912,7168,8448,8704,65536,NDVI,-0.99609375,15870,2897,0.030331342955364576,2936,0.03595524270123013
0,patch_27_34,6912,7168,8704,8960,65536,MSAVI,-0.12890625,47824,,,,
0,patch_27_34,6912,7168,8704,8960,65536,NDVI,-0.99609375,17712,8155,0.02705254691411864,7799,0.03930111930818547
0,patch_27_35,6912,7168,8960,9216,65536,MSAVI,-0.30859375,49942,,,,
0,patch_27_35,6912,7168,8960,9216,65536,NDVI,-0.99609375,15594,323,0.027279161708146427,331,0.03280604174154206
0,patch_27_36,6912,7168,9216,9472,65536,MSAVI,-0.30859375,44872,,,,
0,patch_27_36,6912,7168,9216,9472,65536,NDVI,-0.99609375,20664,828,0.019802646742156066,1241,0.025831403004414583
0,patch_27_37,6912,7168,9472,9728,65536,MSAVI,-0.30078125,41448,,,,
0,patch_27_37,6912,7168,9472,9728,65536,NDVI,-0.99609375,24088,824,0.01543241534238296,1750,0.02165987522960869
0,patch_27_38,6912,7168,9728,9984,65536,MSAVI,-0.23046875,39518,,,,
0,patch_27_38,6912,7168,9728,9984,65536,NDVI,-0.99609375,26018,3260,0.012309582303384109,4306,0.020431220433539066
0,patch_27_39,6912,7168,9984,10240,65536,MSAVI,-0.12890625,43571,,,,
0,patch_27_39,6912,7168,9984,10240,65536,NDVI,-0.66015625,21965,2243,0.01873046568963016,3511,0.02484981675349604
0,patch_27_40,6912,7168,10240,10496,65536,MSAVI,-0.14453125,40228,,,,
0,patch_27_40,6912,7168,10240,10496,65536,NDVI,-0.99609375,25308,3847,0.013610057063747016,4532,0.018103161899534786
0,patch_27_41,6912,7168,10496,10752,65536,MSAVI,-0.15234375,42795,,,,
0,patch_27_41,6912,7168,10496,10752,65536,NDVI,-0.99609375,22741,1481,0.01719207117285476,2118,0.022785548422427054
0,patch_27_42,6912,7168,10752,11008,65536,MSAVI,-0.17578125,43706,,,,
0,patch_27_42,6912,7168,10752,11008,65536,NDVI,-0.99609375,21830,514,0.017796799559464282,641,0.026742524089844594
0,patch_27_43,6912,7168,11008,11264,65536,MSAVI,-0.16796875,44405,,,,
0,patch_27_43,6912,7168,11008,11264,65536,NDVI,-0.99609375,21131,0,0.02004416266609349,81,0.024368405409852162
0,patch_28_0,7168,7424,0,256,65536,MSAVI,0.0,65536,,,,
0,patch_28_0,7168,7424,0,256,65536,NDVI,0.0,0,0,0.0,0,0.009808042386020944
0,patch_28_1,7168,7424,256,512,65536,MSAVI,0.0,65536,,,,
0,patch_28_1,7168,7424,256,512,65536,NDVI,0.0,0,0,0.0,0,0.009808042386020944
0,patch_28_2,7168,7424,512,768,65536,MSAVI,0.0,65536,,,,
0,patch_28_2,7168,7424,512,768,65536,NDVI,0.0,0,0,0.0,0,0.009808042386020944
0,patch_28_3,7168,7424,768,1024,65536,MSAVI,0.0,65536,,,,
0,patch_28_3,7168,7424,768,1024,65536,NDVI,0.0,0,0,0.0,0,0.009808042386020944
0,patch_28_5,7168,7424,1280,1536,65536,MSAVI,-0.33984375,53412,,,,
0,patch_28_5,7168,7424,1280,1536,65536,NDVI,-0.99609375,12124,1862,0.029669329237701783,1415,0.03972229018867196
0,patch_28_6,7168,7424,1536,1792,65536,MSAVI,-0.32421875,55670,,,,
0,patch_28_6,7168,7424,1536,1792,65536,NDVI,-0.99609375,9866,4785,0.03251610285554128,4740,0.047319189299413394
0,patch_28_7,7168,7424,1792,2048,65536,MSAVI,-0.41015625,51188,,,,
0,patch_28_7,7168,7424,1792,2048,65536,NDVI,-0.99609375,14348,950,0.031363125676922426,1024,0.03763444992451989
0,patch_28_8,7168,7424,2048,2304,65536,MSAVI,-0.23046875,45852,,,,
0,patch_28_8,7168,7424,2048,2304,65536,NDVI,-0.99609375,19684,2255,0.018851983568769215,2462,0.027589930146913494
0,patch_28_9,7168,7424,2304,2560,65536,MSAVI,-0.22265625,46434,,,,
0,patch_28_9,7168,7424,2304,2560,65536,NDVI,-0.99609375,19102,46,0.020289537519789708,138,0.026298510846092693
0,patch_28_10,7168,7424,2560,2816,65536,MSAVI,-0.14453125,46167,,,,
0,patch_28_10,7168,7424,2560,2816,65536,NDVI,-0.99609375,19369,46,0.02199581026665262,313,0.0273196278607013
0,patch_28_11,7168,7424,2816,3072,65536,MSAVI,-0.32421875,47500,,,,
0,patch_28_11,7168,7424,2816,3072,65536,NDVI,-0.99609375,18036,4777,0.02306081011802824,4758,0.031127955497908394
0,patch_28_12,7168,7424,3072,3328,65536,MSAVI,-0.09765625,41911,,,,
0,patch_28_12,7168,7424,3072,3328,65536,NDVI,-0.99609375,23625,2828,0.016662795966447125,3501,0.022909846190917377
0,patch_28_13,7168,7424,3328,3584,65536,MSAVI,-0.16015625,44643,,,,
0,patch_28_13,7168,7424,3328,3584,65536,NDVI,-0.99609375,20893,253,0.02010669798064843,283,0.02588846748974233
0,patch_28_14,7168,7424,3584,3840,65536,MSAVI,-0.16796875,43097,,,,
0,patch_28_14,7168,7424,3584,3840,65536,NDVI,-0.53515625,22422,6528,0.018424386664231157,6608,0.02573196146911158
0,patch_28_15,7168,7424,3840,4096,65536,MSAVI,-0.19921875,48095,,,,
0,patch_28_15,7168,7424,3840,4096,65536,NDVI,-0.99609375,17441,818,0.02472744130154403,819,0.0316162136048285
0,patch_28_16,7168,7424,4096,4352,65536,MSAVI,-0.26171875,49027,,,,
0,patch_28_16,7168,7424,4096,4352,65536,NDVI,-0.99609375,16509,163,0.025632405149165705,169,0.03273228992525831
0,patch_28_17,7168,7424,4352,4608,65536,MSAVI,-0.21484375,46769,,,,
0,patch_28_17,7168,7424,4352,4608,65536,NDVI,-0.99609375,18767,7008,0.02254434109529037,6666,0.03290657680102668
0,patch_28_18,7168,7424,4608,4864,65536,MSAVI,-0.25390625,46783,,,,
0,patch_28_18,7168,7424,4608,4864,65536,NDVI,-0.99609375,18753,1969,0.019714492696593353,2229,0.029647885576898014
0,patch_28_19,7168,7424,4864,5120,65536,MSAVI,-0.19921875,44816,,,,
0,patch_28_19,7168,7424,4864,5120,65536,NDVI,-0.58203125,20720,2694,0.017543764723429903,2915,0.024890889629994722
0,patch_28_20,7168,7424,5120,5376,65536,MSAVI,-0.25390625,46627,,,,
0,patch_28_20,7168,7424,5120,5376,65536,NDVI,-0.68359375,18542,3720,0.024606031307071535,3866,0.03539941406539596
0,patch_28_21,7168,7424,5376,5632,65536,MSAVI,-0.24609375,46509,,,,
0,patch_28_21,7168,7424,5376,5632,65536,NDVI,-0.73046875,16963,4107,0.023267847465411495,4340,0.035099490201299155
0,patch_28_22,7168,7424,5632,5888,65536,MSAVI,-0.14453125,39796,,,,
0,patch_28_22,7168,7424,5632,5888,65536,NDVI,-0.99609375,25740,6744,0.013157019523463861,8256,0.02283248259841761
0,patch_28_23,7168,7424,5888,6144,65536,MSAVI,-0.01171875,40479,,,,
0,patch_28_23,7168,7424,5888,6144,65536,NDVI,-0.99609375,25057,3744,0.011574717151826425,5277,0.022462325842241393
0,patch_28_24,7168,7424,6144,6400,65536,MSAVI,-0.08984375,40024,,,,
0,patch_28_24,7168,7424,6144,6400,65536,NDVI,-0.54296875,25511,4203,0.013852310735269713,5202,0.019988676224944102
0,patch_28_25,7168,7424,6400,6656,65536,MSAVI,-0.21484375,46581,,,,
0,patch_28_25,7168,7424,6400,6656,65536,NDVI,-0.99609375,18955,4288,0.022014096340845127,4421,0.0318743623565807
0,patch_28_26,7168,7424,6656,6912,65536,MSAVI,-0.14453125,47476,,,,
0,patch_28_26,7168,7424,6656,6912,65536,NDVI,-0.99609375,18060,1781,0.023807399074943364,1901,0.03145509676379041
0,patch_28_27,7168,7424,6912,7168,65536,MSAVI,-0.28515625,49106,,,,
0,patch_28_27,7168,7424,6912,7168,65536,NDVI,-0.69921875,16420,480,0.024675130994407907,453,0.03410835871623211
0,patch_28_28,7168,7424,7168,7424,65536,MSAVI,-0.16015625,52822,,,,
0,patch_28_28,7168,7424,7168,7424,65536,NDVI,-0.99609375,12714,122,0.0333574669834447,122,0.03872258319160379
0,patch_28_29,7168,7424,7424,7680,65536,MSAVI,-0.19140625,50221,,,,
0,patch_28_29,7168,7424,7424,7680,65536,NDVI,-0.99609375,15315,1771,0.027347641787117904,1633,0.0372807892549554
0,patch_28_30,7168,7424,7680,7936,65536,MSAVI,-0.20703125,50970,,,,
0,patch_28_30,7168,7424,7680,7936,65536,NDVI,-0.99609375,14566,997,0.03035780947974534,1009,0.037255481929254486
0,patch_28_31,7168,7424,7936,8192,65536,MSAVI,-0.30859375,47524,,,,
0,patch_28_31,7168,7424,7936,8192,65536,NDVI,-0.99609375,18012,8156,0.02670391522040287,8056,0.035549539280760684
0,patch_28_32,7168,7424,8192,8448,65536,MSAVI,-0.30859375,47472,,,,
0,patch_28_32,7168,7424,8192,8448,65536,NDVI,-0.99609375,18064,571,0.026761948282143094,859,0.030097217244619667
0,patch_28_33,7168,7424,8448,8704,65536,MSAVI,-0.17578125,48990,,,,
0,patch_28_33,7168,7424,8448,8704,65536,NDVI,-0.99609375,16546,606,0.026824545501756614,667,0.033265273542228274
0,patch_28_34,7168,7424,8704,8960,65536,MSAVI,-0.19140625,49141,,,,
0,patch_28_34,7168,7424,8704,8960,65536,NDVI,-0.99609375,16395,59,0.027772963117671107,59,0.03287220492734133
0,patch_28_35,7168,7424,8960,9216,65536,MSAVI,-0.08203125,51329,,,,
0,patch_28_35,7168,7424,8960,9216,65536,NDVI,-0.99609375,14207,355,0.024169543785578507,227,0.03436760832737601
0,patch_28_36,7168,7424,9216,9472,65536,MSAVI,-0.26171875,44811,,,,
0,patch_28_36,7168,7424,9216,9472,65536,NDVI,-0.99609375,20725,526,0.021036210398972383,751,0.027320547270978324
0,patch_28_37,7168,7424,9472,9728,65536,MSAVI,-0.21484375,45597,,,,
0,patch_28_37,7168,7424,9472,9728,65536,NDVI,-0.99609375,19939,3153,0.022727039588512243,3033,0.029772901579606242
0,patch_28_38,7168,7424,9728,9984,65536,MSAVI,-0.16796875,41712,,,,
0,patch_28_38,7168,7424,9728,9984,65536,NDVI,-0.50390625,23823,10750,0.020593938010162044,65536,0.026589543186106235
0,patch_28_39,7168,7424,9984,10240,65536,MSAVI,-0.12109375,39174,,,,
0,patch_28_39,7168,7424,9984,10240,65536,NDVI,-0.99609375,26362,6390,0.010770605760395568,8092,0.02014691459709242
0,patch_28_40,7168,7424,10240,10496,65536,MSAVI,-0.16796875,39040,,,,
0,patch_28_40,7168,7424,10240,10496,65536,NDVI,-0.63671875,26496,2621,0.010849667956212006,4267,0.0199754573309123
0,patch_28_41,7168,7424,10496,10752,65536,MSAVI,-0.19140625,41050,,,,
0,patch_28_41,7168,7424,10496,10752,65536,NDVI,-0.69140625,24483,1184,0.015475277259620474,2057,0.022728807194554446
0,patch_28_42,7168,7424,10752,11008,65536,MSAVI,-0.22265625,40946,,,,
0,patch_28_42,7168,7424,10752,11008,65536,NDVI,-0.99609375,24590,912,0.015520790002771567,2070,0.021532165924107477
0,patch_28_43,7168,7424,11008,11264,65536,MSAVI,-0.21484375,42650,,,,
0,patch_28_43,7168,7424,11008,11264,65536,NDVI,-0.66796875,22885,2841,0.015824659166988886,2533,0.02242889744557014
0,patch_28_44,7168,7424,11264,11520,65536,MSAVI,-0.19921875,43796,,,,
0,patch_28_44,7168,7424,11264,11520,65536,NDVI,-0.56640625,21711,7158,0.02088947791220977,5787,0.026922182322498017
0,patch_29_0,7424,7680,0,256,65536,MSAVI,0.0,65536,,,,
0,patch_29_0,7424,7680,0,256,65536,NDVI,0.0,0,0,0.0,0,0.009808042386020944
0,patch_29_1,7424,7680,256,512,65536,MSAVI,0.0,65536,,,,
0,patch_29_1,7424,7680,256,512,65536,NDVI,0.0,0,0,0.0,0,0.009808042386020944
0,patch_29_2,7424,7680,512,768,65536,MSAVI,0.0,65536,,,,
0,patch_29_2,7424,7680,512,768,65536,NDVI,0.0,0,0,0.0,0,0.009808042386020944
0,patch_29_3,7424,7680,768,1024,65536,MSAVI,0.0,65536,,,,
0,patch_29_3,7424,7680,768,1024,65536,NDVI,0.0,0,0,0.0,0,0.009808042386020944
0,patch_29_6,7424,7680,1536,1792,65536,MSAVI,-0.33984375,46391,,,,
0,patch_29_6,7424,7680,1536,1792,65536,NDVI,-0.99609375,19145,11240,0.02460374230897025,11428,0.03299998461496981
0,patch_29_7,7424,7680,1792,2048,65536,MSAVI,-0.43359375,44743,,,,
0,patch_29_7,7424,7680,1792,2048,65536,NDVI,-0.99609375,20793,1386,0.01953913449011882,1816,0.0264809976801271
0,patch_29_8,7424,7680,2048,2304,65536,MSAVI,-0.26953125,43172,,,,
0,patch_29_8,7424,7680,2048,2304,65536,NDVI,-0.99609375,22364,2504,0.01580361357357049,3794,0.02526935685802839
0,patch_29_9,7424,7680,2304,2560,65536,MSAVI,-0.08203125,50211,,,,
0,patch_29_9,7424,7680,2304,2560,65536,NDVI,-0.99609375,15325,2151,0.025293451893888083,2135,0.03596648367680361
0,patch_29_10,7424,7680,2560,2816,65536,MSAVI,-0.17578125,44840,,,,
0,patch_29_10,7424,7680,2560,2816,65536,NDVI,-0.99609375,20696,3696,0.019937835560313644,4410,0.027708499668529674
0,patch_29_11,7424,7680,2816,3072,65536,MSAVI,-0.42578125,44129,,,,
0,patch_29_11,7424,7680,2816,3072,65536,NDVI,-0.99609375,21407,865,0.014993219439745742,1430,0.022684953194900048
0,patch_29_12,7424,7680,3072,3328,65536,MSAVI,-0.25390625,47767,,,,
0,patch_29_12,7424,7680,3072,3328,65536,NDVI,-0.69921875,17721,4927,0.020753221291438154,5015,0.03272792950057635
0,patch_29_13,7424,7680,3328,3584,65536,MSAVI,-0.09765625,42317,,,,
0,patch_29_13,7424,7680,3328,3584,65536,NDVI,-0.70703125,23118,7048,0.017085968119051956,7663,0.02560462998380872
0,patch_29_14,7424,7680,3584,3840,65536,MSAVI,-0.15234375,42460,,,,
0,patch_29_14,7424,7680,3584,3840,65536,NDVI,-0.62109375,23075,5041,0.01627191955738448,5815,0.024221011324207425
0,patch_29_15,7424,7680,3840,4096,65536,MSAVI,-0.12890625,47752,,,,
0,patch_29_15,7424,7680,3840,4096,65536,NDVI,-0.99609375,17784,2708,0.02413912617909747,3080,0.03186650726316653
0,patch_29_16,7424,7680,4096,4352,65536,MSAVI,-0.12890625,52671,,,,
0,patch_29_16,7424,7680,4096,4352,65536,NDVI,-0.99609375,12865,576,0.03006000194332356,842,0.03877766070380734
0,patch_29_17,7424,7680,4352,4608,65536,MSAVI,-0.23046875,46832,,,,
0,patch_29_17,7424,7680,4352,4608,65536,NDVI,-0.66796875,18703,2002,0.019812445324873043,2336,0.029415211912116684
0,patch_29_18,7424,7680,4608,4864,65536,MSAVI,-0.16015625,46273,,,,
0,patch_29_18,7424,7680,4608,4864,65536,NDVI,-0.99609375,19263,1608,0.019099220934369526,1926,0.025840112113493963
0,patch_29_19,7424,7680,4864,5120,65536,MSAVI,-0.11328125,48376,,,,
0,patch_29_19,7424,7680,4864,5120,65536,NDVI,-0.99609375,17160,231,0.025948293176779796,292,0.02960520073249298
0,patch_29_20,7424,7680,5120,5376,65536,MSAVI,-0.15234375,43467,,,,
0,patch_29_20,7424,7680,5120,5376,65536,NDVI,-0.99609375,22069,4190,0.017981286164947527,4625,0.02584362734930823
0,patch_29_21,7424,7680,5376,5632,65536,MSAVI,-0.26171875,43835,,,,
0,patch_29_21,7424,7680,5376,5632,65536,NDVI,-0.74609375,16160,7629,0.018852488222949285,8209,0.0324672252188041
0,patch_29_22,7424,7680,5632,5888,65536,MSAVI,-0.11328125,39299,,,,
0,patch_29_22,7424,7680,5632,5888,65536,NDVI,-0.67578125,25444,7099,0.013433921701483886,8718,0.02313470493736644
0,patch_29_23,7424,7680,5888,6144,65536,MSAVI,-0.15234375,37439,,,,
0,patch_29_23,7424,7680,5888,6144,65536,NDVI,-0.61328125,28092,5940,0.008806553081188884,7771,0.017383325549631762
0,patch_29_24,7424,7680,6144,6400,65536,MSAVI,-0.22265625,42670,,,,
0,patch_29_24,7424,7680,6144,6400,65536,NDVI,-0.99609375,22866,1241,0.016454683619685995,1880,0.0217146193484882
0,patch_29_25,7424,7680,6400,6656,65536,MSAVI,-0.23046875,45130,,,,
0,patch_29_25,7424,7680,6400,6656,65536,NDVI,-0.99609375,20406,2709,0.0202295088363173,2957,0.025423794102429065
0,patch_29_26,7424,7680,6656,6912,65536,MSAVI,-0.25390625,46215,,,,
0,patch_29_26,7424,7680,6656,6912,65536,NDVI,-0.99609375,19321,4767,0.02753545651976788,5034,0.033046017980796455
0,patch_29_27,7424,7680,6912,7168,65536,MSAVI,-0.11328125,45841,,,,
0,patch_29_27,7424,7680,6912,7168,65536,NDVI,-0.99609375,19695,0,0.018482877512316864,96,0.02675765600923799
0,patch_29_28,7424,7680,7168,7424,65536,MSAVI,-0.33203125,53427,,,,
0,patch_29_28,7424,7680,7168,7424,65536,NDVI,-0.99609375,12109,359,0.03186581444494313,379,0.04190587480314559
0,patch_29_29,7424,7680,7424,7680,65536,MSAVI,-0.08203125,49640,,,,
0,patch_29_29,7424,7680,7424,7680,65536,NDVI,-0.51171875,15877,1763,0.0247524389267723,1713,0.03645085888336971
0,patch_29_30,7424,7680,7680,7936,65536,MSAVI,-0.16796875,48463,,,,
0,patch_29_30,7424,7680,7680,7936,65536,NDVI,-0.99609375,17073,2911,0.025355843480662818,2621,0.03227565533787846
0,patch_29_31,7424,7680,7936,8192,65536,MSAVI,-0.08984375,53162,,,,
0,patch_29_31,7424,7680,7936,8192,65536,NDVI,-0.99609375,12374,3119,0.025827950000754246,2896,0.04022661865509827
0,patch_29_32,7424,7680,8192,8448,65536,MSAVI,-0.32421875,41453,,,,
0,patch_29_32,7424,7680,8192,8448,65536,NDVI,-0.99609375,24083,3367,0.014586504101625736,4217,0.020612254836528787
0,patch_29_33,7424,7680,8448,8704,65536,MSAVI,-0.22265625,46208,,,,
0,patch_29_33,7424,7680,8448,8704,65536,NDVI,-0.99609375,19328,1573,0.02202872385753249,1426,0.027912992186591934
0,patch_29_34,7424,7680,8704,8960,65536,MSAVI,-0.21484375,47346,,,,
0,patch_29_34,7424,7680,8704,8960,65536,NDVI,-0.99609375,18190,483,0.024760387647605436,619,0.030976418633441055
0,patch_29_35,7424,7680,8960,9216,65536,MSAVI,-0.19921875,49202,,,,
0,patch_29_35,7424,7680,8960,9216,65536,NDVI,-0.99609375,16334,2907,0.0271790886407077,2997,0.033092970469644684
0,patch_29_36,7424,7680,9216,9472,65536,MSAVI,-0.25390625,46095,,,,
0,patch_29_36,7424,7680,9216,9472,65536,NDVI,-0.99609375,19441,1542,0.02256046410443857,1557,0.029475357255236062
0,patch_29_37,7424,7680,9472,9728,65536,MSAVI,-0.37109375,43302,,,,
0,patch_29_37,7424,7680,9472,9728,65536,NDVI,-0.99609375,22234,3535,0.017487995133396106,4120,0.02598756380543693
0,patch_29_38,7424,7680,9728,9984,65536,MSAVI,-0.26171875,48319,,,,
0,patch_29_38,7424,7680,9728,9984,65536,NDVI,-0.99609375,17217,7059,0.026789665709460952,6582,0.036194362173669586
0,patch_29_39,7424,7680,9984,10240,65536,MSAVI,-0.30078125,44132,,,,
0,patch_29_39,7424,7680,9984,10240,65536,NDVI,-0.99609375,21404,6234,0.019417520960377743,6239,0.027061109732624822
0,patch_29_40,7424,7680,10240,10496,65536,MSAVI,-0.27734375,40654,,,,
0,patch_29_40,7424,7680,10240,10496,65536,NDVI,-0.99609375,24882,2761,0.014371943490999683,4594,0.020799968977240957
0,patch_29_41,7424,7680,10496,10752,65536,MSAVI,-0.23828125,39885,,,,
0,patch_29_41,7424,7680,10496,10752,65536,NDVI,-0.66796875,25649,3369,0.011268186569215716,5027,0.018884094995512746
0,patch_29_42,7424,7680,10752,11008,65536,MSAVI,-0.13671875,40975,,,,
0,patch_29_42,7424,7680,10752,11008,65536,NDVI,-0.99609375,24561,3978,0.013157871487522066,5117,0.021696439186953076
0,patch_29_43,7424,7680,11008,11264,65536,MSAVI,-0.07421875,42857,,,,
0,patch_29_43,7424,7680,11008,11264,65536,NDVI,-0.58203125,22679,3613,0.01663976763807007,4130,0.025770191111792018
0,patch_29_44,7424,7680,11264,11520,65536,MSAVI,-0.30859375,41303,,,,
0,patch_29_44,7424,7680,11264,11520,65536,NDVI,-0.62890625,24225,6618,0.01628176107065732,6880,0.023342634768709597
0,patch_30_0,7680,7936,0,256,65536,MSAVI,0.0,65536,,,,
0,patch_30_0,7680,7936,0,256,65536,NDVI,0.0,0,0,0.0,0,0.009808042386020944
0,patch_30_1,7680,7936,256,512,65536,MSAVI,0.0,65536,,,,
0,patch_30_1,7680,7936,256,512,65536,NDVI,0.0,0,0,0.0,0,0.009808042386020944
0,patch_30_2,7680,7936,512,768,65536,MSAVI,0.0,65536,,,,
0,patch_30_2,7680,7936,512,768,65536,NDVI,0.0,0,0,0.0,0,0.009808042386020944
0,patch_30_3,7680,7936,768,1024,65536,MSAVI,0.0,65536,,,,
0,patch_30_3,7680,7936,768,1024,65536,NDVI,0.0,0,0,0.0,0,0.009808042386020944
0,patch_30_4,7680,7936,1024,1280,65536,MSAVI,0.0,65536,,,,
0,patch_30_4,7680,7936,1024,1280,65536,NDVI,0.0,0,0,0.0,0,0.009808042386020944
0,patch_30_6,7680,7936,1536,1792,65536,MSAVI,-0.21484375,43664,,,,
0,patch_30_6,7680,7936,1536,1792,65536,NDVI,-0.99609375,21872,8640,0.022150401954580817,9145,0.02975138748697917
0,patch_30_7,7680,7936,1792,2048,65536,MSAVI,-0.33203125,44929,,,,
0,patch_30_7,7680,7936,1792,2048,65536,NDVI,-0.99609375,20607,4516,0.023660310667137807,5465,0.03220974998152956
0,patch_30_8,7680,7936,2048,2304,65536,MSAVI,-0.26171875,42392,,,,
0,patch_30_8,7680,7936,2048,2304,65536,NDVI,-0.99609375,23144,3235,0.016177822867094488,4112,0.02231472343814475
0,patch_30_9,7680,7936,2304,2560,65536,MSAVI,-0.21484375,46931,,,,
0,patch_30_9,7680,7936,2304,2560,65536,NDVI,-0.99609375,18605,2608,0.022661348570284928,2892,0.03135989359872768
0,patch_30_10,7680,7936,2560,2816,65536,MSAVI,-0.02734375,46967,,,,
0,patch_30_10,7680,7936,2560,2816,65536,NDVI,-0.45703125,18569,4280,0.021716625405561463,4207,0.03370126409911703
0,patch_30_11,7680,7936,2816,3072,65536,MSAVI,-0.27734375,44426,,,,
0,patch_30_11,7680,7936,2816,3072,65536,NDVI,-0.99609375,21110,2522,0.018109907168881778,3279,0.02581427424689897
0,patch_30_12,7680,7936,3072,3328,65536,MSAVI,-0.16796875,41337,,,,
0,patch_30_12,7680,7936,3072,3328,65536,NDVI,-0.99609375,24199,3205,0.012640453952431241,4778,0.019897621271121796
0,patch_30_13,7680,7936,3328,3584,65536,MSAVI,0.02734375,45708,,,,
0,patch_30_13,7680,7936,3328,3584,65536,NDVI,-0.70703125,19827,4702,0.021451045890696768,4466,0.02977283251159754
0,patch_30_14,7680,7936,3584,3840,65536,MSAVI,-0.16015625,44790,,,,
0,patch_30_14,7680,7936,3584,3840,65536,NDVI,-0.99609375,20746,2140,0.017322940237391032,2601,0.026340279751345536
0,patch_30_15,7680,7936,3840,4096,65536,MSAVI,-0.25390625,45861,,,,
0,patch_30_15,7680,7936,3840,4096,65536,NDVI,-0.61328125,19658,3980,0.019896740103553814,3929,0.02740501151566324
0,patch_30_16,7680,7936,4096,4352,65536,MSAVI,-0.23046875,52667,,,,
0,patch_30_16,7680,7936,4096,4352,65536,NDVI,-0.62109375,12862,2487,0.03181316217910722,2643,0.04168099613470494
0,patch_30_17,7680,7936,4352,4608,65536,MSAVI,-0.27734375,47809,,,,
0,patch_30_17,7680,7936,4352,4608,65536,NDVI,-0.99609375,17727,3009,0.027014626646501033,3000,0.03114090641534234
0,patch_30_18,7680,7936,4608,4864,65536,MSAVI,-0.24609375,46032,,,,
0,patch_30_18,7680,7936,4608,4864,65536,NDVI,-0.99609375,19504,7069,0.022367035491882126,7148,0.03201280858297542
0,patch_30_19,7680,7936,4864,5120,65536,MSAVI,-0.21484375,44241,,,,
0,patch_30_19,7680,7936,4864,5120,65536,NDVI,-0.99609375,21295,6215,0.020559070145126507,6391,0.028571506221893583
0,patch_30_20,7680,7936,5120,5376,65536,MSAVI,-0.17578125,44485,,,,
0,patch_30_20,7680,7936,5120,5376,65536,NDVI,-0.99609375,21051,3241,0.018199246584787526,3422,0.025068761547284463
0,patch_30_21,7680,7936,5376,5632,65536,MSAVI,-0.16015625,41933,,,,
0,patch_30_21,7680,7936,5376,5632,65536,NDVI,-0.99609375,23603,1417,0.013208420620113598,2492,0.0239521451600353
0,patch_30_22,7680,7936,5632,5888,65536,MSAVI,-0.06640625,38052,,,,
0,patch_30_22,7680,7936,5632,5888,65536,NDVI,-0.71484375,22897,16807,0.016057933010906356,18136,0.026932820636218685
0,patch_30_23,7680,7936,5888,6144,65536,MSAVI,-0.19921875,42808,,,,
0,patch_30_23,7680,7936,5888,6144,65536,NDVI,-0.99609375,22728,12560,0.019510801164920072,13268,0.03184524571016076
0,patch_30_24,7680,7936,6144,6400,65536,MSAVI,-0.23046875,42903,,,,
0,patch_30_24,7680,7936,6144,6400,65536,NDVI,-0.99609375,22633,3005,0.016738614645976757,3541,0.02189186445722044
0,patch_30_25,7680,7936,6400,6656,65536,MSAVI,-0.23046875,42959,,,,
0,patch_30_25,7680,7936,6400,6656,65536,NDVI,-0.99609375,22577,180,0.018343633504586287,499,0.02210563103982316
0,patch_30_26,7680,7936,6656,6912,65536,MSAVI,-0.26171875,46997,,,,
0,patch_30_26,7680,7936,6656,6912,65536,NDVI,-0.99609375,18539,5014,0.024468753431612394,5079,0.03208815537008125
0,patch_30_27,7680,7936,6912,7168,65536,MSAVI,-0.36328125,51032,,,,
0,patch_30_27,7680,7936,6912,7168,65536,NDVI,-0.99609375,14504,4496,0.029361936963144597,4083,0.037321452797164256
0,patch_30_28,7680,7936,7168,7424,65536,MSAVI,-0.33984375,49775,,,,
0,patch_30_28,7680,7936,7168,7424,65536,NDVI,-0.99609375,15761,2282,0.028899825796465384,2136,0.035399202419899634
0,patch_30_29,7680,7936,7424,7680,65536,MSAVI,-0.22265625,52552,,,,
0,patch_30_29,7680,7936,7424,7680,65536,NDVI,-0.55859375,12983,1645,0.02982621558093533,1706,0.03968149257427489
0,patch_30_30,7680,7936,7680,7936,65536,MSAVI,-0.12109375,45546,,,,
0,patch_30_30,7680,7936,7680,7936,65536,NDVI,-0.99609375,19990,7068,0.023114678839637803,7357,0.032210995153678784
0,patch_30_31,7680,7936,7936,8192,65536,MSAVI,-0.21484375,51197,,,,
0,patch_30_31,7680,7936,7936,8192,65536,NDVI,-0.99609375,14339,2948,0.030272720990438207,2656,0.03598444376084953
0,patch_30_32,7680,7936,8192,8448,65536,MSAVI,-0.37890625,42848,,,,
0,patch_30_32,7680,7936,8192,8448,65536,NDVI,-0.99609375,22688,1321,0.017927316854911113,1626,0.022275357155062625
0,patch_30_33,7680,7936,8448,8704,65536,MSAVI,-0.25390625,45509,,,,
0,patch_30_33,7680,7936,8448,8704,65536,NDVI,-0.99609375,20027,2511,0.021090976200527495,2682,0.02802305954297271
0,patch_30_34,7680,7936,8704,8960,65536,MSAVI,-0.21484375,47375,,,,
0,patch_30_34,7680,7936,8704,8960,65536,NDVI,-0.99609375,18161,424,0.02428558120357921,644,0.028670690494254858
0,patch_30_35,7680,7936,8960,9216,65536,MSAVI,-0.24609375,46986,,,,
0,patch_30_35,7680,7936,8960,9216,65536,NDVI,-0.99609375,18550,114,0.022988260669803834,237,0.029140454748640854
0,patch_30_36,7680,7936,9216,9472,65536,MSAVI,-0.42578125,44093,,,,
0,patch_30_36,7680,7936,9216,9472,65536,NDVI,-0.99609375,21443,4427,0.019165748938719,5282,0.028022737688152083
0,patch_30_37,7680,7936,9472,9728,65536,MSAVI,-0.37109375,47134,,,,
0,patch_30_37,7680,7936,9472,9728,65536,NDVI,-0.99609375,18402,1845,0.02157521171163243,2048,0.029951643932914745
0,patch_30_38,7680,7936,9728,9984,65536,MSAVI,-0.34765625,51134,,,,
0,patch_30_38,7680,7936,9728,9984,65536,NDVI,-0.67578125,14402,2905,0.027779467999999585,2659,0.0394586483455972
0,patch_30_39,7680,7936,9984,10240,65536,MSAVI,-0.33203125,49444,,,,
0,patch_30_39,7680,7936,9984,10240,65536,NDVI,-0.99609375,16092,2155,0.02772858186116564,2418,0.032584050515954116
0,patch_30_40,7680,7936,10240,10496,65536,MSAVI,-0.26171875,47189,,,,
0,patch_30_40,7680,7936,10240,10496,65536,NDVI,-0.99609375,18347,1785,0.024946443897260667,1827,0.029774813811938833
0,patch_30_41,7680,7936,10496,10752,65536,MSAVI,-0.08984375,39473,,,,
0,patch_30_41,7680,7936,10496,10752,65536,NDVI,-0.99609375,26063,5960,0.012946435541497797,7363,0.021081530320499448
0,patch_30_42,7680,7936,10752,11008,65536,MSAVI,-0.23828125,45766,,,,
0,patch_30_42,7680,7936,10752,11008,65536,NDVI,-0.99609375,19770,8001,0.022345207503951373,7964,0.031052601653930423
0,patch_30_43,7680,7936,11008,11264,65536,MSAVI,0.01171875,38444,,,,
0,patch_30_43,7680,7936,11008,11264,65536,NDVI,-0.99609375,27092,9670,0.01341855449011184,10522,0.020131314227311542
0,patch_30_44,7680,7936,11264,11520,65536,MSAVI,-0.15234375,42481,,,,
0,patch_30_44,7680,7936,11264,11520,65536,NDVI,-0.61328125,23036,491,0.017245496586790754,903,0.022187963486546114
0,patch_30_45,7680,7936,11520,11776,65536,MSAVI,-0.23828125,41108,,,,
0,patch_30_45,7680,7936,11520,11776,65536,NDVI,-0.61328125,24322,722,0.012165379184295763,1115,0.018372030833149783
0,patch_31_0,7936,8192,0,256,65536,MSAVI,0.0,65536,,,,
0,patch_31_0,7936,8192,0,256,65536,NDVI,0.0,0,0,0.0,0,0.009808042386020944
0,patch_31_1,7936,8192,256,512,65536,MSAVI,0.0,65536,,,,
0,patch_31_1,7936,8192,256,512,65536,NDVI,0.0,0,0,0.0,0,0.009808042386020944
0,patch_31_2,7936,8192,512,768,65536,MSAVI,0.0,65536,,,,
0,patch_31_2,7936,8192,512,768,65536,NDVI,0.0,0,0,0.0,0,0.009808042386020944
0,patch_31_3,7936,8192,768,1024,65536,MSAVI,0.0,65536,,,,
0,patch_31_3,7936,8192,768,1024,65536,NDVI,0.0,0,0,0.0,0,0.009808042386020944
0,patch_31_4,7936,8192,1024,1280,65536,MSAVI,0.0,65536,,,,
0,patch_31_4,7936,8192,1024,1280,65536,NDVI,0.0,0,0,0.0,0,0.009808042386020944
0,patch_31_7,7936,8192,1792,2048,65536,MSAVI,-0.23828125,41099,,,,
0,patch_31_7,7936,8192,1792,2048,65536,NDVI,-0.99609375,24437,16104,0.020765592130727692,15201,0.027590329125822877
0,patch_31_8,7936,8192,2048,2304,65536,MSAVI,-0.26171875,44049,,,,
0,patch_31_8,7936,8192,2048,2304,65536,NDVI,-0.99609375,21487,10137,0.018478890926030875,65536,0.029589632738244998
0,patch_31_9,7936,8192,2304,2560,65536,MSAVI,-0.17578125,48909,,,,
0,patch_31_9,7936,8192,2304,2560,65536,NDVI,-0.99609375,16627,992,0.025820261965384478,932,0.032320359325146236
0,patch_31_10,7936,8192,2560,2816,65536,MSAVI,-0.32421875,48168,,,,
0,patch_31_10,7936,8192,2560,2816,65536,NDVI,-0.99609375,17368,1475,0.025891482336486,1433,0.031649859709940165
0,patch_31_11,7936,8192,2816,3072,65536,MSAVI,-0.30078125,52211,,,,
0,patch_31_11,7936,8192,2816,3072,65536,NDVI,-0.99609375,13325,2291,0.02904396682168145,2561,0.03828245003050776
0,patch_31_12,7936,8192,3072,3328,65536,MSAVI,-0.11328125,42575,,,,
0,patch_31_12,7936,8192,3072,3328,65536,NDVI,-0.99609375,22961,10903,0.024217848104708534,10821,0.028697032394289085
0,patch_31_13,7936,8192,3328,3584,65536,MSAVI,-0.16015625,43410,,,,
0,patch_31_13,7936,8192,3328,3584,65536,NDVI,-0.99609375,22126,3679,0.02043917928161426,4460,0.026820690732329233
0,patch_31_14,7936,8192,3584,3840,65536,MSAVI,-0.43359375,42420,,,,
0,patch_31_14,7936,8192,3584,3840,65536,NDVI,-0.99609375,23116,2631,0.017082602049544066,3567,0.02247182278045015
0,patch_31_15,7936,8192,3840,4096,65536,MSAVI,-0.16015625,44923,,,,
0,patch_31_15,7936,8192,3840,4096,65536,NDVI,-0.99609375,20613,2931,0.017466771306383355,3682,0.023583421901682333
0,patch_31_16,7936,8192,4096,4352,65536,MSAVI,-0.13671875,44636,,,,
0,patch_31_16,7936,8192,4096,4352,65536,NDVI,-0.55078125,20884,13904,0.023839793389147143,14389,0.034714236858595066
0,patch_31_17,7936,8192,4352,4608,65536,MSAVI,-0.19921875,45312,,,,
0,patch_31_17,7936,8192,4352,4608,65536,NDVI,-0.99609375,20224,2904,0.019814670612554125,3679,0.02924651130055414
0,patch_31_18,7936,8192,4608,4864,65536,MSAVI,-0.23046875,53252,,,,
0,patch_31_18,7936,8192,4608,4864,65536,NDVI,-0.99609375,12284,8353,0.03134059001033962,8321,0.040531189214120716
0,patch_31_19,7936,8192,4864,5120,65536,MSAVI,-0.37109375,46373,,,,
0,patch_31_19,7936,8192,4864,5120,65536,NDVI,-0.99609375,19163,5903,0.022731313270238265,6089,0.02992265022331811
0,patch_31_20,7936,8192,5120,5376,65536,MSAVI,-0.23828125,44068,,,,
0,patch_31_20,7936,8192,5120,5376,65536,NDVI,-0.99609375,21468,1030,0.01920735250178246,1515,0.025670782326804253
0,patch_31_21,7936,8192,5376,5632,65536,MSAVI,-0.11328125,43098,,,,
0,patch_31_21,7936,8192,5376,5632,65536,NDVI,-0.99609375,22438,2841,0.017882501242335536,2972,0.02464880813649989
0,patch_31_22,7936,8192,5632,5888,65536,MSAVI,-0.23046875,40867,,,,
0,patch_31_22,7936,8192,5632,5888,65536,NDVI,-0.77734375,24658,1982,0.013228729072803272,3141,0.0213019370323132
0,patch_31_23,7936,8192,5888,6144,65536,MSAVI,-0.20703125,40660,,,,
0,patch_31_23,7936,8192,5888,6144,65536,NDVI,-0.69921875,24770,11527,0.016839405938804314,13577,0.02896251040585754
0,patch_31_24,7936,8192,6144,6400,65536,MSAVI,-0.17578125,40373,,,,
0,patch_31_24,7936,8192,6144,6400,65536,NDVI,-0.99609375,25163,2486,0.01441709730393781,2902,0.020699397409075088
0,patch_31_25,7936,8192,6400,6656,65536,MSAVI,-0.24609375,44442,,,,
0,patch_31_25,7936,8192,6400,6656,65536,NDVI,-0.99609375,21094,161,0.01923076511593,330,0.024309117268066338
0,patch_31_26,7936,8192,6656,6912,65536,MSAVI,-0.18359375,45576,,,,
0,patch_31_26,7936,8192,6656,6912,65536,NDVI,-0.99609375,19960,4710,0.02135881221137395,5137,0.027381453844357778
0,patch_31_27,7936,8192,6912,7168,65536,MSAVI,-0.31640625,48755,,,,
0,patch_31_27,7936,8192,6912,7168,65536,NDVI,-0.99609375,16781,5495,0.027325512414201572,5167,0.03469700337843584
0,patch_31_28,7936,8192,7168,7424,65536,MSAVI,-0.17578125,49591,,,,
0,patch_31_28,7936,8192,7168,7424,65536,NDVI,-0.99609375,15945,1339,0.028370273920121564,1119,0.03390864427904383
0,patch_31_29,7936,8192,7424,7680,65536,MSAVI,-0.17578125,50324,,,,
0,patch_31_29,7936,8192,7424,7680,65536,NDVI,-0.46484375,15210,5701,0.026197259496420322,5523,0.03613019023648295
0,patch_31_30,7936,8192,7680,7936,65536,MSAVI,-0.13671875,46849,,,,
0,patch_31_30,7936,8192,7680,7936,65536,NDVI,-0.99609375,18687,5924,0.022957290851440076,6123,0.032902517946008625
0,patch_31_31,7936,8192,7936,8192,65536,MSAVI,-0.33984375,44194,,,,
0,patch_31_31,7936,8192,7936,8192,65536,NDVI,-0.99609375,21342,4701,0.020781635499192985,5019,0.028360223407763646
0,patch_31_32,7936,8192,8192,8448,65536,MSAVI,-0.16796875,42197,,,,
0,patch_31_32,7936,8192,8192,8448,65536,NDVI,-0.99609375,23339,1841,0.016426676144614877,2383,0.020925332783616468
0,patch_31_33,7936,8192,8448,8704,65536,MSAVI,-0.33203125,46279,,,,
0,patch_31_33,7936,8192,8448,8704,65536,NDVI,-0.99609375,19257,5157,0.024674565389339237,5208,0.033961635919208866
0,patch_31_34,7936,8192,8704,8960,65536,MSAVI,-0.20703125,46698,,,,
0,patch_31_34,7936,8192,8704,8960,65536,NDVI,-0.99609375,18838,666,0.02342127202063976,991,0.029158304564575716
0,patch_31_35,7936,8192,8960,9216,65536,MSAVI,-0.24609375,48577,,,,
0,patch_31_35,7936,8192,8960,9216,65536,NDVI,-0.99609375,16959,188,0.0263945259220138,233,0.03049864890535736
0,patch_31_36,7936,8192,9216,9472,65536,MSAVI,-0.35546875,50204,,,,
0,patch_31_36,7936,8192,9216,9472,65536,NDVI,-0.99609375,15332,776,0.02606425813033071,1231,0.03432955717068292
0,patch_31_37,7936,8192,9472,9728,65536,MSAVI,-0.44140625,49059,,,,
0,patch_31_37,7936,8192,9472,9728,65536,NDVI,-0.99609375,16477,843,0.027438658537794702,982,0.03484325197489302
0,patch_31_38,7936,8192,9728,9984,65536,MSAVI,-0.36328125,47390,,,,
0,patch_31_38,7936,8192,9728,9984,65536,NDVI,-0.99609375,18146,1397,0.02363027288124711,1598,0.032509936004291695
0,patch_31_39,7936,8192,9984,10240,65536,MSAVI,-0.29296875,51705,,,,
0,patch_31_39,7936,8192,9984,10240,65536,NDVI,-0.99609375,13831,60,0.03115549862165823,0,0.03895693659774077
0,patch_31_40,7936,8192,10240,10496,65536,MSAVI,-0.14453125,40559,,,,
0,patch_31_40,7936,8192,10240,10496,65536,NDVI,-0.99609375,24977,6280,0.014328828292195811,7422,0.026181997803564866
0,patch_31_41,7936,8192,10496,10752,65536,MSAVI,-0.26171875,41159,,,,
0,patch_31_41,7936,8192,10496,10752,65536,NDVI,-0.99609375,24377,5390,0.014856119988187588,5777,0.0234411685846157
0,patch_31_42,7936,8192,10752,11008,65536,MSAVI,-0.26953125,40143,,,,
0,patch_31_42,7936,8192,10752,11008,65536,NDVI,-0.99609375,25393,7125,0.013092216165704856,9006,0.021959448467224002
0,patch_31_43,7936,8192,11008,11264,65536,MSAVI,-0.30859375,38310,,,,
0,patch_31_43,7936,8192,11008,11264,65536,NDVI,-0.99609375,27226,4266,0.011275466469031742,6201,0.017272881780427074
0,patch_31_44,7936,8192,11264,11520,65536,MSAVI,-0.14453125,39538,,,,
0,patch_31_44,7936,8192,11264,11520,65536,NDVI,-0.99609375,25998,2069,0.012401185440104434,3434,0.018507706846979666
0,patch_31_45,7936,8192,11520,11776,65536,MSAVI,-0.19140625,41230,,,,
0,patch_31_45,7936,8192,11520,11776,65536,NDVI,-0.64453125,24300,1374,0.014452823106367751,2017,0.02016628862521669
0,patch_32_0,8192,8448,0,256,65536,MSAVI,0.0,65536,,,,
0,patch_32_0,8192,8448,0,256,65536,NDVI,0.0,0,0,0.0,0,0.009808042386020944
0,patch_32_1,8192,8448,256,512,65536,MSAVI,0.0,65536,,,,
0,patch_32_1,8192,8448,256,512,65536,NDVI,0.0,0,0,0.0,0,0.009808042386020944
0,patch_32_2,8192,8448,512,768,65536,MSAVI,0.0,65536,,,,
0,patch_32_2,8192,8448,512,768,65536,NDVI,0.0,0,0,0.0,0,0.009808042386020944
0,patch_32_3,8192,8448,768,1024,65536,MSAVI,0.0,65536,,,,
0,patch_32_3,8192,8448,768,1024,65536,NDVI,0.0,0,0,0.0,0,0.009808042386020944
0,patch_32_4,8192,8448,1024,1280,65536,MSAVI,0.0,65536,,,,
0,patch_32_4,8192,8448,1024,1280,65536,NDVI,0.0,0,0,0.0,0,0.009808042386020944
0,patch_32_5,8192,8448,1280,1536,65536,MSAVI,0.0,65536,,,,
0,patch_32_5,8192,8448,1280,1536,65536,NDVI,0.0,0,0,0.0,0,0.009808042386020944
0,patch_32_7,8192,8448,1792,2048,65536,MSAVI,-0.14453125,41620,,,,
0,patch_32_7,8192,8448,1792,2048,65536,NDVI,-0.99609375,23916,9154,0.017832708137280967,9347,0.02922522290680682
0,patch_32_8,8192,8448,2048,2304,65536,MSAVI,-0.07421875,43775,,,,
0,patch_32_8,8192,8448,2048,2304,65536,NDVI,-0.99609375,21761,7899,0.018030720755451674,8100,0.029323803643941743
0,patch_32_9,8192,8448,2304,2560,65536,MSAVI,-0.10546875,45923,,,,
0,patch_32_9,8192,8448,2304,2560,65536,NDVI,-0.66796875,19612,1622,0.02172452086778487,2114,0.027911782687283893
0,patch_32_10,8192,8448,2560,2816,65536,MSAVI,-0.22265625,50000,,,,
0,patch_32_10,8192,8448,2560,2816,65536,NDVI,-0.99609375,15536,1745,0.02924478031713723,1905,0.03457767191917596
0,patch_32_11,8192,8448,2816,3072,65536,MSAVI,-0.14453125,53520,,,,
0,patch_32_11,8192,8448,2816,3072,65536,NDVI,-0.99609375,12016,2129,0.03564561292238695,2244,0.04408280490825883
0,patch_32_12,8192,8448,3072,3328,65536,MSAVI,-0.24609375,45616,,,,
0,patch_32_12,8192,8448,3072,3328,65536,NDVI,-0.99609375,19920,1272,0.023605128901619088,1889,0.028722796425239283
0,patch_32_13,8192,8448,3328,3584,65536,MSAVI,-0.07421875,44808,,,,
0,patch_32_13,8192,8448,3328,3584,65536,NDVI,-0.99609375,20728,3314,0.02028525489437155,3768,0.029617341120586338
0,patch_32_14,8192,8448,3584,3840,65536,MSAVI,-0.34765625,45115,,,,
0,patch_32_14,8192,8448,3584,3840,65536,NDVI,-0.99609375,20421,6263,0.02000946224603231,6521,0.030251857638260687
0,patch_32_15,8192,8448,3840,4096,65536,MSAVI,-0.32421875,48475,,,,
0,patch_32_15,8192,8448,3840,4096,65536,NDVI,-0.99609375,17061,5376,0.024714213455513723,5448,0.03383864830442457
0,patch_32_16,8192,8448,4096,4352,65536,MSAVI,-0.13671875,51275,,,,
0,patch_32_16,8192,8448,4096,4352,65536,NDVI,-0.58203125,14256,4910,0.029233014854466083,5074,0.039139700211232836
0,patch_32_17,8192,8448,4352,4608,65536,MSAVI,-0.20703125,47779,,,,
0,patch_32_17,8192,8448,4352,4608,65536,NDVI,-0.99609375,17757,1883,0.025931771576187063,2272,0.032742722795633034
0,patch_32_18,8192,8448,4608,4864,65536,MSAVI,-0.19140625,44496,,,,
0,patch_32_18,8192,8448,4608,4864,65536,NDVI,-0.99609375,21040,5710,0.0208380492031848,5820,0.027903218723668688
0,patch_32_19,8192,8448,4864,5120,65536,MSAVI,-0.30078125,48296,,,,
0,patch_32_19,8192,8448,4864,5120,65536,NDVI,-0.70703125,17105,5146,0.026821504690271752,5075,0.0336762176692022
0,patch_32_20,8192,8448,5120,5376,65536,MSAVI,-0.14453125,53062,,,,
0,patch_32_20,8192,8448,5120,5376,65536,NDVI,-0.99609375,12474,316,0.03257461969364717,407,0.04063860673140335
0,patch_32_21,8192,8448,5376,5632,65536,MSAVI,-0.21484375,45701,,,,
0,patch_32_21,8192,8448,5376,5632,65536,NDVI,-0.99609375,19835,1033,0.020043173516355914,1563,0.029801027869648583
0,patch_32_22,8192,8448,5632,5888,65536,MSAVI,-0.22265625,39978,,,,
0,patch_32_22,8192,8448,5632,5888,65536,NDVI,-0.99609375,25558,681,0.011511098610070242,1224,0.01886131983493472
0,patch_32_23,8192,8448,5888,6144,65536,MSAVI,-0.29296875,42008,,,,
0,patch_32_23,8192,8448,5888,6144,65536,NDVI,-0.73046875,23446,4102,0.016094854968520783,5682,0.026878822542349662
0,patch_32_24,8192,8448,6144,6400,65536,MSAVI,-0.26171875,42124,,,,
0,patch_32_24,8192,8448,6144,6400,65536,NDVI,-0.69140625,23279,13249,0.022545113074280893,13220,0.03168183870524213
0,patch_32_25,8192,8448,6400,6656,65536,MSAVI,-0.23046875,41128,,,,
0,patch_32_25,8192,8448,6400,6656,65536,NDVI,-0.99609375,24408,1728,0.01141998664818314,2432,0.01966579141680716
0,patch_32_26,8192,8448,6656,6912,65536,MSAVI,-0.17578125,43689,,,,
0,patch_32_26,8192,8448,6656,6912,65536,NDVI,-0.99609375,21847,377,0.019782758297716696,1238,0.024830111713304265
0,patch_32_27,8192,8448,6912,7168,65536,MSAVI,-0.16796875,45138,,,,
0,patch_32_27,8192,8448,6912,7168,65536,NDVI,-0.99609375,20398,977,0.020301830041761226,1196,0.027051473073080784
0,patch_32_28,8192,8448,7168,7424,65536,MSAVI,0.03515625,50422,,,,
0,patch_32_28,8192,8448,7168,7424,65536,NDVI,-0.99609375,15114,117,0.02926455893609195,435,0.035570601383346695
0,patch_32_29,8192,8448,7424,7680,65536,MSAVI,-0.36328125,50980,,,,
0,patch_32_29,8192,8448,7424,7680,65536,NDVI,-0.99609375,14556,489,0.03190562526297264,516,0.03661062364450146
0,patch_32_30,8192,8448,7680,7936,65536,MSAVI,-0.17578125,47757,,,,
0,patch_32_30,8192,8448,7680,7936,65536,NDVI,-0.99609375,17779,5599,0.027247357870020833,5783,0.03572142530410702
0,patch_32_31,8192,8448,7936,8192,65536,MSAVI,-0.27734375,44899,,,,
0,patch_32_31,8192,8448,7936,8192,65536,NDVI,-0.99609375,20637,1341,0.019584898846135013,1272,0.026759871577523825
0,patch_32_32,8192,8448,8192,8448,65536,MSAVI,-0.29296875,43692,,,,
0,patch_32_32,8192,8448,8192,8448,65536,NDVI,-0.99609375,21844,1884,0.017759276628678183,2350,0.023423040545498985
0,patch_32_33,8192,8448,8448,8704,65536,MSAVI,-0.17578125,45577,,,,
0,patch_32_33,8192,8448,8448,8704,65536,NDVI,-0.99609375,19959,16303,0.02728844125651325,15908,0.03656324335614072
0,patch_32_34,8192,8448,8704,8960,65536,MSAVI,-0.30078125,42031,,,,
0,patch_32_34,8192,8448,8704,8960,65536,NDVI,-0.99609375,23505,952,0.01698580818178605,1798,0.021052414922447554
0,patch_32_35,8192,8448,8960,9216,65536,MSAVI,-0.30859375,51045,,,,
0,patch_32_35,8192,8448,8960,9216,65536,NDVI,-0.99609375,14491,0,0.031323875679770574,0,0.03488389322316962
0,patch_32_36,8192,8448,9216,9472,65536,MSAVI,-0.30859375,45153,,,,
0,patch_32_36,8192,8448,9216,9472,65536,NDVI,-0.99609375,20383,4136,0.02059079506483988,4580,0.027039875532141988
0,patch_32_37,8192,8448,9472,9728,65536,MSAVI,-0.11328125,46393,,,,
0,patch_32_37,8192,8448,9472,9728,65536,NDVI,-0.99609375,19143,2501,0.021198862467932816,2693,0.029780356091265947
0,patch_32_38,8192,8448,9728,9984,65536,MSAVI,-0.33984375,46447,,,,
0,patch_32_38,8192,8448,9728,9984,65536,NDVI,-0.99609375,19089,1811,0.02293505870680196,2345,0.03110653641175068
0,patch_32_39,8192,8448,9984,10240,65536,MSAVI,-0.21484375,43458,,,,
0,patch_32_39,8192,8448,9984,10240,65536,NDVI,-0.99609375,22078,7324,0.021649930362874603,8251,0.03158486572384117
0,patch_32_40,8192,8448,10240,10496,65536,MSAVI,-0.16796875,47440,,,,
0,patch_32_40,8192,8448,10240,10496,65536,NDVI,-0.99609375,18096,2188,0.024728088654114272,2425,0.03138451019544866
0,patch_32_41,8192,8448,10496,10752,65536,MSAVI,-0.26171875,47368,,,,
0,patch_32_41,8192,8448,10496,10752,65536,NDVI,-0.99609375,18168,540,0.024292971061450674,691,0.02958996234811434
0,patch_32_42,8192,8448,10752,11008,65536,MSAVI,-0.20703125,46493,,,,
0,patch_32_42,8192,8448,10752,11008,65536,NDVI,-0.99609375,19043,2379,0.023539683042294784,2795,0.03297797081721085
0,patch_32_43,8192,8448,11008,11264,65536,MSAVI,-0.20703125,39824,,,,
0,patch_32_43,8192,8448,11008,11264,65536,NDVI,-0.99609375,25712,3359,0.01293818692198935,3795,0.01989230626997171
0,patch_32_44,8192,8448,11264,11520,65536,MSAVI,-0.02734375,39638,,,,
0,patch_32_44,8192,8448,11264,11520,65536,NDVI,-0.99609375,25898,2772,0.011287018920118325,4651,0.01915237902793726
0,patch_33_0,8448,8704,0,256,65536,MSAVI,0.0,65536,,,,
0,patch_33_0,8448,8704,0,256,65536,NDVI,0.0,0,0,0.0,0,0.009808042386020944
0,patch_33_1,8448,8704,256,512,65536,MSAVI,0.0,65536,,,,
0,patch_33_1,8448,8704,256,512,65536,NDVI,0.0,0,0,0.0,0,0.009808042386020944
0,patch_33_2,8448,8704,512,768,65536,MSAVI,0.0,65536,,,,
0,patch_33_2,8448,8704,512,768,65536,NDVI,0.0,0,0,0.0,0,0.009808042386020944
0,patch_33_3,8448,8704,768,1024,65536,MSAVI,0.0,65536,,,,
0,patch_33_3,8448,8704,768,1024,65536,NDVI,0.0,0,0,0.0,0,0.009808042386020944
0,patch_33_4,8448,8704,1024,1280,65536,MSAVI,0.0,65536,,,,
0,patch_33_4,8448,8704,1024,1280,65536,NDVI,0.0,0,0,0.0,0,0.009808042386020944
0,patch_33_5,8448,8704,1280,1536,65536,MSAVI,0.0,65536,,,,
0,patch_33_5,8448,8704,1280,1536,65536,NDVI,0.0,0,0,0.0,0,0.009808042386020944
0,patch_33_8,8448,8704,2048,2304,65536,MSAVI,-0.33203125,46648,,,,
0,patch_33_8,8448,8704,2048,2304,65536,NDVI,-0.99609375,18888,3024,0.020765340878755797,3595,0.031096205849400177
0,patch_33_9,8448,8704,2304,2560,65536,MSAVI,-0.26171875,43399,,,,
0,patch_33_9,8448,8704,2304,2560,65536,NDVI,-0.99609375,22137,5145,0.020283859086167477,5297,0.026237646444436435
0,patch_33_10,8448,8704,2560,2816,65536,MSAVI,-0.29296875,43561,,,,
0,patch_33_10,8448,8704,2560,2816,65536,NDVI,-0.99609375,21975,4465,0.02021810008163577,4997,0.02688592370170062
0,patch_33_11,8448,8704,2816,3072,65536,MSAVI,-0.19140625,51041,,,,
0,patch_33_11,8448,8704,2816,3072,65536,NDVI,-0.99609375,14495,2974,0.029822244735707493,2892,0.04119653061188225
0,patch_33_12,8448,8704,3072,3328,65536,MSAVI,-0.04296875,51661,,,,
0,patch_33_12,8448,8704,3072,3328,65536,NDVI,-0.99609375,13875,365,0.03303610336551521,802,0.0402724833940199
0,patch_33_13,8448,8704,3328,3584,65536,MSAVI,-0.19140625,48738,,,,
0,patch_33_13,8448,8704,3328,3584,65536,NDVI,-0.99609375,16798,769,0.027086414695160793,915,0.034205893199985765
0,patch_33_14,8448,8704,3584,3840,65536,MSAVI,-0.28515625,42481,,,,
0,patch_33_14,8448,8704,3584,3840,65536,NDVI,-0.99609375,23055,4172,0.01761883332254821,5211,0.02652197025927197
0,patch_33_15,8448,8704,3840,4096,65536,MSAVI,-0.26171875,44215,,,,
0,patch_33_15,8448,8704,3840,4096,65536,NDVI,-0.99609375,21321,3815,0.01953176656519054,4395,0.028200977384126635
0,patch_33_16,8448,8704,4096,4352,65536,MSAVI,-0.19921875,47034,,,,
0,patch_33_16,8448,8704,4096,4352,65536,NDVI,-0.99609375,18502,4966,0.024761972712979058,5807,0.03393983260092576
0,patch_33_17,8448,8704,4352,4608,65536,MSAVI,-0.21484375,45136,,,,
0,patch_33_17,8448,8704,4352,4608,65536,NDVI,-0.99609375,20400,4457,0.021855902594040688,5060,0.0267605874832392
0,patch_33_18,8448,8704,4608,4864,65536,MSAVI,-0.12890625,48018,,,,
0,patch_33_18,8448,8704,4608,4864,65536,NDVI,-0.99609375,17518,4131,0.026013937394844838,4089,0.03268262642075792
0,patch_33_19,8448,8704,4864,5120,65536,MSAVI,-0.32421875,49797,,,,
0,patch_33_19,8448,8704,4864,5120,65536,NDVI,-0.66796875,15686,2468,0.024247015053854126,2609,0.03661554693549271
0,patch_33_20,8448,8704,5120,5376,65536,MSAVI,-0.28515625,45239,,,,
0,patch_33_20,8448,8704,5120,5376,65536,NDVI,-0.99609375,20297,4919,0.02432115549296962,5710,0.03201672936187802
0,patch_33_21,8448,8704,5376,5632,65536,MSAVI,-0.26171875,50959,,,,
0,patch_33_21,8448,8704,5376,5632,65536,NDVI,-0.99609375,14577,1767,0.03198558406788249,1611,0.03744631216065092
0,patch_33_22,8448,8704,5632,5888,65536,MSAVI,-0.19140625,41985,,,,
0,patch_33_22,8448,8704,5632,5888,65536,NDVI,-0.99609375,23551,699,0.016004508048053423,792,0.021665106969609993
0,patch_33_23,8448,8704,5888,6144,65536,MSAVI,-0.23046875,43377,,,,
0,patch_33_23,8448,8704,5888,6144,65536,NDVI,-0.99609375,22159,4418,0.019288250668934165,4520,0.02515781669362613
0,patch_33_24,8448,8704,6144,6400,65536,MSAVI,-0.23046875,40327,,,,
0,patch_33_24,8448,8704,6144,6400,65536,NDVI,-0.76171875,25200,8608,0.016211179740085624,8576,0.02546331360338741
0,patch_33_25,8448,8704,6400,6656,65536,MSAVI,-0.25390625,44657,,,,
0,patch_33_25,8448,8704,6400,6656,65536,NDVI,-0.73828125,19411,4670,0.019724072560574263,5221,0.030026133920137338
0,patch_33_26,8448,8704,6656,6912,65536,MSAVI,-0.08984375,40911,,,,
0,patch_33_26,8448,8704,6656,6912,65536,NDVI,-0.99609375,24625,617,0.01320995431433944,1151,0.01769393440114711
0,patch_33_27,8448,8704,6912,7168,65536,MSAVI,-0.17578125,46046,,,,
0,patch_33_27,8448,8704,6912,7168,65536,NDVI,-0.99609375,19490,2218,0.023073602410967342,2243,0.029010969036251222
0,patch_33_28,8448,8704,7168,7424,65536,MSAVI,-0.23046875,50135,,,,
0,patch_33_28,8448,8704,7168,7424,65536,NDVI,-0.99609375,15401,1008,0.030104379789867797,1047,0.036906094030990017
0,patch_33_29,8448,8704,7424,7680,65536,MSAVI,-0.37890625,48348,,,,
0,patch_33_29,8448,8704,7424,7680,65536,NDVI,-0.99609375,17188,1749,0.02606237462480787,2025,0.032323573833478225
0,patch_33_30,8448,8704,7680,7936,65536,MSAVI,-0.26953125,45756,,,,
0,patch_33_30,8448,8704,7680,7936,65536,NDVI,-0.99609375,19780,5013,0.023301304827587355,5024,0.029337511416634904
0,patch_33_31,8448,8704,7936,8192,65536,MSAVI,-0.30078125,47327,,,,
0,patch_33_31,8448,8704,7936,8192,65536,NDVI,-0.99609375,18209,276,0.024038880732477452,692,0.028872256517249395
0,patch_33_32,8448,8704,8192,8448,65536,MSAVI,-0.20703125,47874,,,,
0,patch_33_32,8448,8704,8192,8448,65536,NDVI,-0.99609375,17662,92,0.026808124178859666,144,0.031066577683337593
0,patch_33_33,8448,8704,8448,8704,65536,MSAVI,-0.16796875,44090,,,,
0,patch_33_33,8448,8704,8448,8704,65536,NDVI,-0.99609375,21446,893,0.0199308000339192,1498,0.02581560613295203
0,patch_33_34,8448,8704,8704,8960,65536,MSAVI,-0.35546875,43053,,,,
0,patch_33_34,8448,8704,8704,8960,65536,NDVI,-0.99609375,22483,1579,0.017750048419866687,1915,0.023352076476182426
0,patch_33_35,8448,8704,8960,9216,65536,MSAVI,-0.37890625,49011,,,,
0,patch_33_35,8448,8704,8960,9216,65536,NDVI,-0.99609375,16525,1783,0.02871214209669004,1939,0.035841606443387075
0,patch_33_36,8448,8704,9216,9472,65536,MSAVI,-0.18359375,50223,,,,
0,patch_33_36,8448,8704,9216,9472,65536,NDVI,-0.99609375,15313,519,0.030804326913216246,711,0.03538596119005352
0,patch_33_37,8448,8704,9472,9728,65536,MSAVI,-0.32421875,50685,,,,
0,patch_33_37,8448,8704,9472,9728,65536,NDVI,-0.99609375,14851,5485,0.02995283774449975,5009,0.03866275844448508
0,patch_33_38,8448,8704,9728,9984,65536,MSAVI,-0.37890625,53996,,,,
0,patch_33_38,8448,8704,9728,9984,65536,NDVI,-0.99609375,11540,3094,0.03514654665047162,2873,0.042591313899565164
0,patch_33_39,8448,8704,9984,10240,65536,MSAVI,-0.21484375,49396,,,,
0,patch_33_39,8448,8704,9984,10240,65536,NDVI,-0.99609375,16140,2992,0.025968878010288715,3632,0.034833656573407784
0,patch_33_40,8448,8704,10240,10496,65536,MSAVI,-0.21484375,52796,,,,
0,patch_33_40,8448,8704,10240,10496,65536,NDVI,-0.99609375,12740,847,0.029728695318729598,1029,0.038248909956960314
0,patch_33_41,8448,8704,10496,10752,65536,MSAVI,-0.12890625,48589,,,,
0,patch_33_41,8448,8704,10496,10752,65536,NDVI,-0.45703125,16920,6347,0.02791192891943302,5736,0.035913293710553296
0,patch_33_42,8448,8704,10752,11008,65536,MSAVI,-0.18359375,49214,,,,
0,patch_33_42,8448,8704,10752,11008,65536,NDVI,-0.48046875,16322,5099,0.025871213457265424,4805,0.03704344964356415
0,patch_33_43,8448,8704,11008,11264,65536,MSAVI,-0.30078125,37993,,,,
0,patch_33_43,8448,8704,11008,11264,65536,NDVI,-0.99609375,27543,10082,0.01140374252602551,11423,0.020449943160496947
0,patch_34_0,8704,8960,0,256,65536,MSAVI,0.0,65536,,,,
0,patch_34_0,8704,8960,0,256,65536,NDVI,0.0,0,0,0.0,0,0.009808042386020944
0,patch_34_1,8704,8960,256,512,65536,MSAVI,0.0,65536,,,,
0,patch_34_1,8704,8960,256,512,65536,NDVI,0.0,0,0,0.0,0,0.009808042386020944
0,patch_34_2,8704,8960,512,768,65536,MSAVI,0.0,65536,,,,
0,patch_34_2,8704,8960,512,768,65536,NDVI,0.0,0,0,0.0,0,0.009808042386020944
0,patch_34_3,8704,8960,768,1024,65536,MSAVI,0.0,65536,,,,
0,patch_34_3,8704,8960,768,1024,65536,NDVI,0.0,0,0,0.0,0,0.009808042386020944
0,patch_34_4,8704,8960,1024,1280,65536,MSAVI,0.0,65536,,,,
0,patch_34_4,8704,8960,1024,1280,65536,NDVI,0.0,0,0,0.0,0,0.009808042386020944
0,patch_34_5,8704,8960,1280,1536,65536,MSAVI,0.0,65536,,,,
0,patch_34_5,8704,8960,1280,1536,65536,NDVI,0.0,0,0,0.0,0,0.009808042386020944
0,patch_34_6,8704,8960,1536,1792,65536,MSAVI,0.0,65536,,,,
0,patch_34_6,8704,8960,1536,1792,65536,NDVI,0.0,0,0,0.0,0,0.009808042386020944
0,patch_34_9,8704,8960,2304,2560,65536,MSAVI,-0.23828125,49016,,,,
0,patch_34_9,8704,8960,2304,2560,65536,NDVI,-0.99609375,16520,3162,0.03216590980275294,3194,0.03656990577278524
0,patch_34_10,8704,8960,2560,2816,65536,MSAVI,-0.36328125,45110,,,,
0,patch_34_10,8704,8960,2560,2816,65536,NDVI,-0.99609375,20426,985,0.02081430202777529,1894,0.030006226611370562
0,patch_34_11,8704,8960,2816,3072,65536,MSAVI,-0.37109375,51108,,,,
0,patch_34_11,8704,8960,2816,3072,65536,NDVI,-0.99609375,14428,1922,0.02974191540252752,1977,0.0368048451704531
0,patch_34_12,8704,8960,3072,3328,65536,MSAVI,-0.32421875,51194,,,,
0,patch_34_12,8704,8960,3072,3328,65536,NDVI,-0.99609375,14342,81,0.033125186162828085,81,0.039596706852683544
0,patch_34_13,8704,8960,3328,3584,65536,MSAVI,-0.44140625,49050,,,,
0,patch_34_13,8704,8960,3328,3584,65536,NDVI,-0.99609375,16486,559,0.02624616275966607,735,0.03421206234778634
0,patch_34_14,8704,8960,3584,3840,65536,MSAVI,-0.24609375,44790,,,,
0,patch_34_14,8704,8960,3584,3840,65536,NDVI,-0.99609375,20746,1382,0.018732943213152747,1786,0.024479580949605173
0,patch_34_15,8704,8960,3840,4096,65536,MSAVI,-0.26953125,39947,,,,
0,patch_34_15,8704,8960,3840,4096,65536,NDVI,-0.99609375,25589,3384,0.014914094386618948,4928,0.021083640228066136
0,patch_34_16,8704,8960,4096,4352,65536,MSAVI,-0.27734375,45015,,,,
0,patch_34_16,8704,8960,4096,4352,65536,NDVI,-0.99609375,20521,3950,0.024067871673533386,4138,0.031480994885311836
0,patch_34_17,8704,8960,4352,4608,65536,MSAVI,-0.12890625,41934,,,,
0,patch_34_17,8704,8960,4352,4608,65536,NDVI,-0.61328125,23539,5725,0.012788119373718293,6200,0.022946754016658022
0,patch_34_18,8704,8960,4608,4864,65536,MSAVI,-0.03515625,49289,,,,
0,patch_34_18,8704,8960,4608,4864,65536,NDVI,-0.57421875,16245,1155,0.024558653614850795,1251,0.035885219459093676
0,patch_34_19,8704,8960,4864,5120,65536,MSAVI,-0.08984375,44149,,,,
0,patch_34_19,8704,8960,4864,5120,65536,NDVI,-0.99609375,21387,5013,0.0171338093198852,5976,0.025606559744435875
0,patch_34_20,8704,8960,5120,5376,65536,MSAVI,-0.20703125,48750,,,,
0,patch_34_20,8704,8960,5120,5376,65536,NDVI,-0.99609375,16786,2850,0.027337905005584667,3234,0.03413785735719538
0,patch_34_21,8704,8960,5376,5632,65536,MSAVI,-0.29296875,52260,,,,
0,patch_34_21,8704,8960,5376,5632,65536,NDVI,-0.99609375,13276,1853,0.0311187654295271,1947,0.039958192252596475
0,patch_34_22,8704,8960,5632,5888,65536,MSAVI,-0.30078125,45299,,,,
0,patch_34_22,8704,8960,5632,5888,65536,NDVI,-0.99609375,20237,605,0.021814135879176466,810,0.027802197789776717
0,patch_34_23,8704,8960,5888,6144,65536,MSAVI,-0.13671875,41298,,,,
0,patch_34_23,8704,8960,5888,6144,65536,NDVI,-0.99609375,24238,1270,0.014421436298990786,1404,0.02110765770834
0,patch_34_24,8704,8960,6144,6400,65536,MSAVI,-0.23046875,44094,,,,
0,patch_34_24,8704,8960,6144,6400,65536,NDVI,-0.99609375,21442,970,0.018000684669159883,1483,0.026461267289984297
0,patch_34_25,8704,8960,6400,6656,65536,MSAVI,-0.26953125,43443,,,,
0,patch_34_25,8704,8960,6400,6656,65536,NDVI,-0.66015625,17797,5224,0.018883685815117887,5595,0.03174046340390896
0,patch_34_26,8704,8960,6656,6912,65536,MSAVI,-0.14453125,39863,,,,
0,patch_34_26,8704,8960,6656,6912,65536,NDVI,-0.69921875,25128,2539,0.013291637283099136,4724,0.02305207783268201
0,patch_34_27,8704,8960,6912,7168,65536,MSAVI,-0.08203125,40409,,,,
0,patch_34_27,8704,8960,6912,7168,65536,NDVI,-0.99609375,25127,2218,0.013992274678068906,2821,0.01916543189055278
0,patch_34_28,8704,8960,7168,7424,65536,MSAVI,-0.14453125,45873,,,,
0,patch_34_28,8704,8960,7168,7424,65536,NDVI,-0.99609375,19663,5484,0.0236530491804825,5734,0.030327300840660848
0,patch_34_29,8704,8960,7424,7680,65536,MSAVI,-0.16015625,47384,,,,
0,patch_34_29,8704,8960,7424,7680,65536,NDVI,-0.99609375,18152,7116,0.028475345013758674,7186,0.03463628395463736
0,patch_34_30,8704,8960,7680,7936,65536,MSAVI,-0.23046875,43344,,,,
0,patch_34_30,8704,8960,7680,7936,65536,NDVI,-0.99609375,22192,8615,0.02019781590364142,8461,0.028960538999444257
0,patch_34_31,8704,8960,7936,8192,65536,MSAVI,-0.17578125,44981,,,,
0,patch_34_31,8704,8960,7936,8192,65536,NDVI,-0.99609375,20555,583,0.020671333804613473,1504,0.02820615759805392
0,patch_34_32,8704,8960,8192,8448,65536,MSAVI,-0.28515625,50073,,,,
0,patch_34_32,8704,8960,8192,8448,65536,NDVI,-0.99609375,15463,603,0.02854467143099995,632,0.03474153017524376
0,patch_34_33,8704,8960,8448,8704,65536,MSAVI,-0.21484375,52710,,,,
0,patch_34_33,8704,8960,8448,8704,65536,NDVI,-0.99609375,12826,204,0.0346745469578455,195,0.03935180667681948
0,patch_34_34,8704,8960,8704,8960,65536,MSAVI,-0.38671875,46707,,,,
0,patch_34_34,8704,8960,8704,8960,65536,NDVI,-0.99609375,18829,885,0.02245602688736817,1288,0.029967574320483498
0,patch_34_35,8704,8960,8960,9216,65536,MSAVI,-0.16015625,50341,,,,
0,patch_34_35,8704,8960,8960,9216,65536,NDVI,-0.62890625,15192,4061,0.028226981013704827,4127,0.03661527298399661
0,patch_34_36,8704,8960,9216,9472,65536,MSAVI,-0.19140625,49584,,,,
0,patch_34_36,8704,8960,9216,9472,65536,NDVI,-0.99609375,15952,2487,0.027132970516474814,2241,0.03525079141372647
0,patch_34_37,8704,8960,9472,9728,65536,MSAVI,-0.22265625,53664,,,,
0,patch_34_37,8704,8960,9472,9728,65536,NDVI,-0.99609375,11872,528,0.03417661756516571,529,0.04219859069319512
0,patch_34_38,8704,8960,9728,9984,65536,MSAVI,-0.24609375,49887,,,,
0,patch_34_38,8704,8960,9728,9984,65536,NDVI,-0.99609375,15649,302,0.028237887204923262,365,0.03419187068337773
0,patch_34_39,8704,8960,9984,10240,65536,MSAVI,-0.33203125,49104,,,,
0,patch_34_39,8704,8960,9984,10240,65536,NDVI,-0.99609375,16432,3203,0.02626837178832321,3109,0.03392997279473939
0,patch_34_40,8704,8960,10240,10496,65536,MSAVI,-0.29296875,49675,,,,
0,patch_34_40,8704,8960,10240,10496,65536,NDVI,-0.99609375,15861,2685,0.02613591769458702,2970,0.03443517328349027
0,patch_34_41,8704,8960,10496,10752,65536,MSAVI,-0.28515625,52654,,,,
0,patch_34_41,8704,8960,10496,10752,65536,NDVI,-0.53515625,12872,2666,0.029891823304871376,2647,0.039464884970006164
0,patch_34_42,8704,8960,10752,11008,65536,MSAVI,-0.30078125,54143,,,,
0,patch_34_42,8704,8960,10752,11008,65536,NDVI,-0.53515625,11391,359,0.031945248083515676,293,0.03974048660330007
0,patch_34_45,8704,8960,11520,11776,65536,MSAVI,0.0,65536,,,,
0,patch_34_45,8704,8960,11520,11776,65536,NDVI,0.0,0,0,0.0,0,0.009808042386020944
0,patch_35_0,8960,9216,0,256,65536,MSAVI,0.0,65536,,,,
0,patch_35_0,8960,9216,0,256,65536,NDVI,0.0,0,0,0.0,0,0.009808042386020944
0,patch_35_1,8960,9216,256,512,65536,MSAVI,0.0,65536,,,,
0,patch_35_1,8960,9216,256,512,65536,NDVI,0.0,0,0,0.0,0,0.009808042386020944
0,patch_35_2,8960,9216,512,768,65536,MSAVI,0.0,65536,,,,
0,patch_35_2,8960,9216,512,768,65536,NDVI,0.0,0,0,0.0,0,0.009808042386020944
0,patch_35_3,8960,9216,768,1024,65536,MSAVI,0.0,65536,,,,
0,patch_35_3,8960,9216,768,1024,65536,NDVI,0.0,0,0,0.0,0,0.009808042386020944
0,patch_35_4,8960,9216,1024,1280,65536,MSAVI,0.0,65536,,,,
0,patch_35_4,8960,9216,1024,1280,65536,NDVI,0.0,0,0,0.0,0,0.009808042386020944
0,patch_35_5,8960,9216,1280,1536,65536,MSAVI,0.0,65536,,,,
0,patch_35_5,8960,9216,1280,1536,65536,NDVI,0.0,0,0,0.0,0,0.009808042386020944
0,patch_35_6,8960,9216,1536,1792,65536,MSAVI,0.0,65536,,,,
0,patch_35_6,8960,9216,1536,1792,65536,NDVI,0.0,0,0,0.0,0,0.009808042386020944
0,patch_35_7,8960,9216,1792,2048,65536,MSAVI,0.0,65536,,,,
0,patch_35_7,8960,9216,1792,2048,65536,NDVI,0.0,0,0,0.0,0,0.009808042386020944
0,patch_35_9,8960,9216,2304,2560,65536,MSAVI,-0.35546875,49779,,,,
0,patch_35_9,8960,9216,2304,2560,65536,NDVI,-0.99609375,15757,781,0.0277253811028782,1026,0.036373408737311985
0,patch_35_10,8960,9216,2560,2816,65536,MSAVI,-0.29296875,47790,,,,
0,patch_35_10,8960,9216,2560,2816,65536,NDVI,-0.99609375,17746,698,0.026504018873328095,651,0.032046141295673486
0,patch_35_11,8960,9216,2816,3072,65536,MSAVI,-0.48828125,46261,,,,
0,patch_35_11,8960,9216,2816,3072,65536,NDVI,-0.99609375,19275,737,0.01960220872486995,977,0.028619355627439808
0,patch_35_12,8960,9216,3072,3328,65536,MSAVI,-0.24609375,43149,,,,
0,patch_35_12,8960,9216,3072,3328,65536,NDVI,-0.99609375,22387,2365,0.020642638842940736,3965,0.02631258907848208
0,patch_35_13,8960,9216,3328,3584,65536,MSAVI,-0.30859375,54358,,,,
0,patch_35_13,8960,9216,3328,3584,65536,NDVI,-0.99609375,11178,1443,0.03325826142456592,1114,0.04467700305429065
0,patch_35_14,8960,9216,3584,3840,65536,MSAVI,-0.21484375,48060,,,,
0,patch_35_14,8960,9216,3584,3840,65536,NDVI,-0.99609375,17476,6066,0.024606626586867575,5739,0.036841102766642514
0,patch_35_15,8960,9216,3840,4096,65536,MSAVI,-0.29296875,46615,,,,
0,patch_35_15,8960,9216,3840,4096,65536,NDVI,-0.99609375,18921,5895,0.023087442241382913,5696,0.03223557163469923
0,patch_35_16,8960,9216,4096,4352,65536,MSAVI,-0.17578125,42687,,,,
0,patch_35_16,8960,9216,4096,4352,65536,NDVI,-0.99609375,22849,7523,0.019944164899950545,7774,0.025738805185061747
0,patch_35_17,8960,9216,4352,4608,65536,MSAVI,-0.23046875,48209,,,,
0,patch_35_17,8960,9216,4352,4608,65536,NDVI,-0.62109375,17311,1856,0.026575885008261607,1944,0.03219134196554976
0,patch_35_18,8960,9216,4608,4864,65536,MSAVI,-0.13671875,45915,,,,
0,patch_35_18,8960,9216,4608,4864,65536,NDVI,-0.99609375,19621,1240,0.020880335003715583,1560,0.02769489583312726
0,patch_35_19,8960,9216,4864,5120,65536,MSAVI,-0.13671875,43384,,,,
0,patch_35_19,8960,9216,4864,5120,65536,NDVI,-0.99609375,22152,5981,0.020430213900510086,6897,0.028818338095439433
0,patch_35_20,8960,9216,5120,5376,65536,MSAVI,-0.21484375,51485,,,,
0,patch_35_20,8960,9216,5120,5376,65536,NDVI,-0.99609375,14051,5498,0.02775741549747253,4822,0.0383576267159455
0,patch_35_21,8960,9216,5376,5632,65536,MSAVI,-0.26953125,54667,,,,
0,patch_35_21,8960,9216,5376,5632,65536,NDVI,-0.53515625,10868,1304,0.03284677160596346,1303,0.041707017579416666
0,patch_35_22,8960,9216,5632,5888,65536,MSAVI,-0.08984375,45348,,,,
0,patch_35_22,8960,9216,5632,5888,65536,NDVI,-0.99609375,20188,96,0.02097497173665902,95,0.025305877590497877
0,patch_35_23,8960,9216,5888,6144,65536,MSAVI,-0.15234375,42360,,,,
0,patch_35_23,8960,9216,5888,6144,65536,NDVI,-0.99609375,23176,1544,0.014630796935222803,1601,0.023109683883985904
0,patch_35_24,8960,9216,6144,6400,65536,MSAVI,-0.15234375,41491,,,,
0,patch_35_24,8960,9216,6144,6400,65536,NDVI,-0.99609375,24045,1916,0.014486094716894798,2547,0.0206413425642136
0,patch_35_25,8960,9216,6400,6656,65536,MSAVI,-0.05078125,35981,,,,
0,patch_35_25,8960,9216,6400,6656,65536,NDVI,-0.58984375,29555,10214,0.007338927769876394,13294,0.02071080657468896
0,patch_35_26,8960,9216,6656,6912,65536,MSAVI,-0.19921875,39367,,,,
0,patch_35_26,8960,9216,6656,6912,65536,NDVI,-0.65234375,22025,12185,0.018434162888939287,12233,0.03000553372499626
0,patch_35_27,8960,9216,6912,7168,65536,MSAVI,-0.04296875,39145,,,,
0,patch_35_27,8960,9216,6912,7168,65536,NDVI,-0.64453125,25554,1270,0.009171280678249114,2574,0.01801233034694119
0,patch_35_28,8960,9216,7168,7424,65536,MSAVI,-0.12890625,41942,,,,
0,patch_35_28,8960,9216,7168,7424,65536,NDVI,-0.99609375,23594,467,0.017432194216695063,1126,0.022908630280321113
0,patch_35_29,8960,9216,7424,7680,65536,MSAVI,-0.12890625,43556,,,,
0,patch_35_29,8960,9216,7424,7680,65536,NDVI,-0.99609375,21980,7861,0.021451322911024723,7841,0.0276935513896836
0,patch_35_30,8960,9216,7680,7936,65536,MSAVI,-0.20703125,47717,,,,
0,patch_35_30,8960,9216,7680,7936,65536,NDVI,-0.99609375,17819,6942,0.02685282771302347,6834,0.033460397037202355
0,patch_35_31,8960,9216,7936,8192,65536,MSAVI,-0.27734375,47002,,,,
0,patch_35_31,8960,9216,7936,8192,65536,NDVI,-0.99609375,18534,1751,0.024426830352518913,1655,0.03164785655170799
0,patch_35_32,8960,9216,8192,8448,65536,MSAVI,-0.31640625,48845,,,,
0,patch_35_32,8960,9216,8192,8448,65536,NDVI,-0.99609375,16691,1372,0.025288018036051435,1474,0.03315149269469356
0,patch_35_33,8960,9216,8448,8704,65536,MSAVI,-0.26171875,54434,,,,
0,patch_35_33,8960,9216,8448,8704,65536,NDVI,-0.99609375,11102,0,0.03378779398109616,0,0.041059393319503784
0,patch_35_34,8960,9216,8704,8960,65536,MSAVI,-0.05078125,53242,,,,
0,patch_35_34,8960,9216,8704,8960,65536,NDVI,-0.99609375,12294,36,0.02979333698493511,36,0.03845973530671942
0,patch_35_35,8960,9216,8960,9216,65536,MSAVI,-0.26171875,50371,,,,
0,patch_35_35,8960,9216,8960,9216,65536,NDVI,-0.99609375,15165,2471,0.03108999326081935,2481,0.03874848130547673
0,patch_35_36,8960,9216,9216,9472,65536,MSAVI,-0.35546875,52257,,,,
0,patch_35_36,8960,9216,9216,9472,65536,NDVI,-0.99609375,13279,1196,0.02924529057601226,1205,0.039311398925443886
0,patch_35_37,8960,9216,9472,9728,65536,MSAVI,-0.20703125,50568,,,,
0,patch_35_37,8960,9216,9472,9728,65536,NDVI,-0.99609375,14968,3457,0.02975676028930624,3556,0.03823783799962907
0,patch_35_38,8960,9216,9728,9984,65536,MSAVI,-0.26171875,46958,,,,
0,patch_35_38,8960,9216,9728,9984,65536,NDVI,-0.99609375,18578,2628,0.021275824691527806,2676,0.029905188920895165
0,patch_35_39,8960,9216,9984,10240,65536,MSAVI,-0.26171875,51664,,,,
0,patch_35_39,8960,9216,9984,10240,65536,NDVI,-0.99609375,13872,892,0.03045175123705368,805,0.03851771244473837
0,patch_35_40,8960,9216,10240,10496,65536,MSAVI,-0.35546875,49904,,,,
0,patch_35_40,8960,9216,10240,10496,65536,NDVI,-0.99609375,15632,903,0.02830357892945176,702,0.03425339595958818
0,patch_35_41,8960,9216,10496,10752,65536,MSAVI,-0.30078125,47828,,,,
0,patch_35_41,8960,9216,10496,10752,65536,NDVI,-0.99609375,17708,1611,0.02485786296543427,1789,0.030456070291273396
0,patch_35_44,8960,9216,11264,11520,65536,MSAVI,0.0,65536,,,,
0,patch_35_44,8960,9216,11264,11520,65536,NDVI,0.0,0,0,0.0,0,0.009808042386020944
0,patch_35_45,8960,9216,11520,11776,65536,MSAVI,0.0,65536,,,,
0,patch_35_45,8960,9216,11520,11776,65536,NDVI,0.0,0,0,0.0,0,0.009808042386020944
0,patch_36_0,9216,9472,0,256,65536,MSAVI,0.0,65536,,,,
0,patch_36_0,9216,9472,0,256,65536,NDVI,0.0,0,0,0.0,0,0.009808042386020944
0,patch_36_1,9216,9472,256,512,65536,MSAVI,0.0,65536,,,,
0,patch_36_1,9216,9472,256,512,65536,NDVI,0.0,0,0,0.0,0,0.009808042386020944
0,patch_36_2,9216,9472,512,768,65536,MSAVI,0.0,65536,,,,
0,patch_36_2,9216,9472,512,768,65536,NDVI,0.0,0,0,0.0,0,0.009808042386020944
0,patch_36_3,9216,9472,768,1024,65536,MSAVI,0.0,65536,,,,
0,patch_36_3,9216,9472,768,1024,65536,NDVI,0.0,0,0,0.0,0,0.009808042386020944
0,patch_36_4,9216,9472,1024,1280,65536,MSAVI,0.0,65536,,,,
0,patch_36_4,9216,9472,1024,1280,65536,NDVI,0.0,0,0,0.0,0,0.009808042386020944
0,patch_36_5,9216,9472,1280,1536,65536,MSAVI,0.0,65536,,,,
0,patch_36_5,9216,9472,1280,1536,65536,NDVI,0.0,0,0,0.0,0,0.009808042386020944
0,patch_36_6,9216,9472,1536,1792,65536,MSAVI,0.0,65536,,,,
0,patch_36_6,9216,9472,1536,1792,65536,NDVI,0.0,0,0,0.0,0,0.009808042386020944
0,patch_36_7,9216,9472,1792,2048,65536,MSAVI,0.0,65536,,,,
0,patch_36_7,9216,9472,1792,2048,65536,NDVI,0.0,0,0,0.0,0,0.009808042386020944
0,patch_36_10,9216,9472,2560,2816,65536,MSAVI,-0.43359375,41484,,,,
0,patch_36_10,9216,9472,2560,2816,65536,NDVI,-0.99609375,24052,1990,0.015975777526282126,2810,0.023472741151974674
0,patch_36_11,9216,9472,2816,3072,65536,MSAVI,-0.02734375,41222,,,,
0,patch_36_11,9216,9472,2816,3072,65536,NDVI,-0.99609375,24314,2291,0.01445696644039196,3382,0.020907074682668003
0,patch_36_12,9216,9472,3072,3328,65536,MSAVI,-0.19140625,42208,,,,
0,patch_36_12,9216,9472,3072,3328,65536,NDVI,-0.99609375,23328,3152,0.017289688451651353,3754,0.026488304838662324
0,patch_36_13,9216,9472,3328,3584,65536,MSAVI,-0.12109375,52278,,,,
0,patch_36_13,9216,9472,3328,3584,65536,NDVI,-0.99609375,13258,282,0.0336452696843349,166,0.03874708263484844
0,patch_36_14,9216,9472,3584,3840,65536,MSAVI,-0.16015625,44580,,,,
0,patch_36_14,9216,9472,3584,3840,65536,NDVI,-0.99609375,20956,8422,0.020886739322680647,9008,0.02858111572831748
0,patch_36_15,9216,9472,3840,4096,65536,MSAVI,-0.19140625,47216,,,,
0,patch_36_15,9216,9472,3840,4096,65536,NDVI,-0.99609375,18320,4986,0.02320160142112404,5044,0.031680207278028505
0,patch_36_16,9216,9472,4096,4352,65536,MSAVI,-0.33984375,44463,,,,
0,patch_36_16,9216,9472,4096,4352,65536,NDVI,-0.99609375,21073,3098,0.018771597950024782,3675,0.028925973002832506
0,patch_36_17,9216,9472,4352,4608,65536,MSAVI,-0.30078125,46370,,,,
0,patch_36_17,9216,9472,4352,4608,65536,NDVI,-0.99609375,19166,3933,0.022660123113085878,4430,0.03141695065012626
0,patch_36_18,9216,9472,4608,4864,65536,MSAVI,-0.21484375,46773,,,,
0,patch_36_18,9216,9472,4608,4864,65536,NDVI,-0.99609375,18763,3103,0.02397652507986192,3765,0.03005412121570203
0,patch_36_19,9216,9472,4864,5120,65536,MSAVI,-0.12109375,49299,,,,
0,patch_36_19,9216,9472,4864,5120,65536,NDVI,-0.99609375,16237,1552,0.02677745261154857,1772,0.03292700933785736
0,patch_36_20,9216,9472,5120,5376,65536,MSAVI,-0.21484375,50598,,,,
0,patch_36_20,9216,9472,5120,5376,65536,NDVI,-0.99609375,14938,847,0.03074188233113201,877,0.035165661240247365
0,patch_36_21,9216,9472,5376,5632,65536,MSAVI,-0.15234375,52345,,,,
0,patch_36_21,9216,9472,5376,5632,65536,NDVI,-0.99609375,13191,0,0.032247290268551915,46,0.0372243878919275
0,patch_36_22,9216,9472,5632,5888,65536,MSAVI,-0.25390625,48876,,,,
0,patch_36_22,9216,9472,5632,5888,65536,NDVI,-0.99609375,16660,71,0.026170748321637044,0,0.032186889767801236
0,patch_36_23,9216,9472,5888,6144,65536,MSAVI,-0.00390625,42898,,,,
0,patch_36_23,9216,9472,5888,6144,65536,NDVI,-0.99609375,22638,6289,0.01881861376862433,6459,0.026379166985604857
0,patch_36_24,9216,9472,6144,6400,65536,MSAVI,-0.04296875,42080,,,,
0,patch_36_24,9216,9472,6144,6400,65536,NDVI,-0.99609375,23456,2042,0.014985370665259429,2670,0.022598894064684127
0,patch_36_25,9216,9472,6400,6656,65536,MSAVI,-0.08984375,39630,,,,
0,patch_36_25,9216,9472,6400,6656,65536,NDVI,-0.99609375,25906,1353,0.010464614546868492,3649,0.021041378524510046
0,patch_36_26,9216,9472,6656,6912,65536,MSAVI,-0.05859375,34148,,,,
0,patch_36_26,9216,9472,6656,6912,65536,NDVI,-0.63671875,31374,8286,0.0083151541645341,10826,0.019159859928540246
0,patch_36_27,9216,9472,6912,7168,65536,MSAVI,-0.02734375,36066,,,,
0,patch_36_27,9216,9472,6912,7168,65536,NDVI,-0.70703125,26636,5245,0.006917045286696982,9399,0.017125186556678246
0,patch_36_28,9216,9472,7168,7424,65536,MSAVI,-0.05859375,38406,,,,
0,patch_36_28,9216,9472,7168,7424,65536,NDVI,-0.65234375,25887,1415,0.010753211905013826,2166,0.016616183972979925
0,patch_36_29,9216,9472,7424,7680,65536,MSAVI,-0.09765625,43444,,,,
0,patch_36_29,9216,9472,7424,7680,65536,NDVI,-0.59765625,22079,7216,0.019841763099152948,7196,0.02795622231049344
0,patch_36_30,9216,9472,7680,7936,65536,MSAVI,-0.11328125,43617,,,,
0,patch_36_30,9216,9472,7680,7936,65536,NDVI,-0.99609375,21919,2866,0.020698156849244115,3795,0.027893868010996747
0,patch_36_31,9216,9472,7936,8192,65536,MSAVI,-0.38671875,46851,,,,
0,patch_36_31,9216,9472,7936,8192,65536,NDVI,-0.99609375,18685,3459,0.025351536972828714,3971,0.03449956550814842
0,patch_36_32,9216,9472,8192,8448,65536,MSAVI,-0.18359375,53274,,,,
0,patch_36_32,9216,9472,8192,8448,65536,NDVI,-0.99609375,12262,6084,0.03029511845877514,6125,0.04481447459639318
0,patch_36_33,9216,9472,8448,8704,65536,MSAVI,-0.31640625,54306,,,,
0,patch_36_33,9216,9472,8448,8704,65536,NDVI,-0.99609375,11230,1412,0.03532830391163619,1514,0.042567724962002285
0,patch_36_34,9216,9472,8704,8960,65536,MSAVI,-0.30078125,54955,,,,
0,patch_36_34,9216,9472,8704,8960,65536,NDVI,-0.99609375,10581,1750,0.03294596685566328,1709,0.04292948853751946
0,patch_36_35,9216,9472,8960,9216,65536,MSAVI,-0.27734375,49494,,,,
0,patch_36_35,9216,9472,8960,9216,65536,NDVI,-0.99609375,16042,2031,0.026870055990515562,2336,0.035207054953664885
0,patch_36_36,9216,9472,9216,9472,65536,MSAVI,-0.23828125,51779,,,,
0,patch_36_36,9216,9472,9216,9472,65536,NDVI,-0.63671875,13755,415,0.027997479972351552,433,0.03734892574999657
0,patch_36_37,9216,9472,9472,9728,65536,MSAVI,-0.35546875,49772,,,,
0,patch_36_37,9216,9472,9472,9728,65536,NDVI,-0.99609375,15764,3156,0.026779684530317885,3171,0.036562322912866124
0,patch_36_38,9216,9472,9728,9984,65536,MSAVI,-0.24609375,49976,,,,
0,patch_36_38,9216,9472,9728,9984,65536,NDVI,-0.99609375,15560,0,0.02743475026743933,57,0.03327589943433126
0,patch_36_39,9216,9472,9984,10240,65536,MSAVI,-0.32421875,52433,,,,
0,patch_36_39,9216,9472,9984,10240,65536,NDVI,-0.99609375,13103,505,0.030693627457028597,494,0.037312999332369534
0,patch_36_40,9216,9472,10240,10496,65536,MSAVI,-0.29296875,50177,,,,
0,patch_36_40,9216,9472,10240,10496,65536,NDVI,-0.99609375,15359,502,0.029701101853713247,426,0.03422428240431449
0,patch_36_43,9216,9472,11008,11264,65536,MSAVI,0.0,65536,,,,
0,patch_36_43,9216,9472,11008,11264,65536,NDVI,0.0,0,0,0.0,0,0.009808042386020944
0,patch_36_44,9216,9472,11264,11520,65536,MSAVI,0.0,65536,,,,
0,patch_36_44,9216,9472,11264,11520,65536,NDVI,0.0,0,0,0.0,0,0.009808042386020944
0,patch_36_45,9216,9472,11520,11776,65536,MSAVI,0.0,65536,,,,
0,patch_36_45,9216,9472,11520,11776,65536,NDVI,0.0,0,0,0.0,0,0.009808042386020944
0,patch_37_0,9472,9728,0,256,65536,MSAVI,0.0,65536,,,,
0,patch_37_0,9472,9728,0,256,65536,NDVI,0.0,0,0,0.0,0,0.009808042386020944
0,patch_37_1,9472,9728,256,512,65536,MSAVI,0.0,65536,,,,
0,patch_37_1,9472,9728,256,512,65536,NDVI,0.0,0,0,0.0,0,0.009808042386020944
0,patch_37_2,9472,9728,512,768,65536,MSAVI,0.0,65536,,,,
0,patch_37_2,9472,9728,512,768,65536,NDVI,0.0,0,0,0.0,0,0.009808042386020944
0,patch_37_3,9472,9728,768,1024,65536,MSAVI,0.0,65536,,,,
0,patch_37_3,9472,9728,768,1024,65536,NDVI,0.0,0,0,0.0,0,0.009808042386020944
0,patch_37_4,9472,9728,1024,1280,65536,MSAVI,0.0,65536,,,,
0,patch_37_4,9472,9728,1024,1280,65536,NDVI,0.0,0,0,0.0,0,0.009808042386020944
0,patch_37_5,9472,9728,1280,1536,65536,MSAVI,0.0,65536,,,,
0,patch_37_5,9472,9728,1280,1536,65536,NDVI,0.0,0,0,0.0,0,0.009808042386020944
0,patch_37_6,9472,9728,1536,1792,65536,MSAVI,0.0,65536,,,,
0,patch_37_6,9472,9728,1536,1792,65536,NDVI,0.0,0,0,0.0,0,0.009808042386020944
0,patch_37_7,9472,9728,1792,2048,65536,MSAVI,0.0,65536,,,,
0,patch_37_7,9472,9728,1792,2048,65536,NDVI,0.0,0,0,0.0,0,0.009808042386020944
0,patch_37_8,9472,9728,2048,2304,65536,MSAVI,0.0,65536,,,,
0,patch_37_8,9472,9728,2048,2304,65536,NDVI,0.0,0,0,0.0,0,0.009808042386020944
0,patch_37_10,9472,9728,2560,2816,65536,MSAVI,-0.28515625,38547,,,,
0,patch_37_10,9472,9728,2560,2816,65536,NDVI,-0.99609375,26989,5398,0.01086300137048829,8113,0.019960237120141444
0,patch_37_11,9472,9728,2816,3072,65536,MSAVI,-0.29296875,42908,,,,
0,patch_37_11,9472,9728,2816,3072,65536,NDVI,-0.99609375,22628,6532,0.018600631358433428,7026,0.025738373344065313
0,patch_37_12,9472,9728,3072,3328,65536,MSAVI,-0.14453125,42630,,,,
0,patch_37_12,9472,9728,3072,3328,65536,NDVI,-0.99609375,22906,2294,0.01646372774383395,3240,0.024124370736884337
0,patch_37_13,9472,9728,3328,3584,65536,MSAVI,-0.19140625,46483,,,,
0,patch_37_13,9472,9728,3328,3584,65536,NDVI,-0.99609375,19053,2907,0.01854823376387671,3158,0.02716047697226598
0,patch_37_14,9472,9728,3584,3840,65536,MSAVI,-0.17578125,42769,,,,
0,patch_37_14,9472,9728,3584,3840,65536,NDVI,-0.99609375,22767,3128,0.016972760220039185,3627,0.02313661440304321
0,patch_37_15,9472,9728,3840,4096,65536,MSAVI,-0.23828125,41432,,,,
0,patch_37_15,9472,9728,3840,4096,65536,NDVI,-0.99609375,24104,1505,0.014756684635506334,2570,0.01975444093764972
0,patch_37_16,9472,9728,4096,4352,65536,MSAVI,-0.33203125,46233,,,,
0,patch_37_16,9472,9728,4096,4352,65536,NDVI,-0.99609375,19303,2660,0.022708689184952197,2945,0.03193383112657375
0,patch_37_17,9472,9728,4352,4608,65536,MSAVI,-0.24609375,43525,,,,
0,patch_37_17,9472,9728,4352,4608,65536,NDVI,-0.67578125,22011,8888,0.02064931896442951,10675,0.03206487723073276
0,patch_37_18,9472,9728,4608,4864,65536,MSAVI,-0.14453125,47263,,,,
0,patch_37_18,9472,9728,4608,4864,65536,NDVI,-0.99609375,18273,6669,0.025324031537151986,7209,0.03322730559129916
0,patch_37_19,9472,9728,4864,5120,65536,MSAVI,-0.18359375,45052,,,,
0,patch_37_19,9472,9728,4864,5120,65536,NDVI,-0.99609375,20484,4153,0.020504693619443626,5717,0.029387264858397266
0,patch_37_20,9472,9728,5120,5376,65536,MSAVI,-0.26171875,48259,,,,
0,patch_37_20,9472,9728,5120,5376,65536,NDVI,-0.99609375,17277,3473,0.026728787735376486,3729,0.03531969435753027
0,patch_37_21,9472,9728,5376,5632,65536,MSAVI,-0.26171875,50255,,,,
0,patch_37_21,9472,9728,5376,5632,65536,NDVI,-0.99609375,15281,770,0.025657279248786802,880,0.03366834803698199
0,patch_37_22,9472,9728,5632,5888,65536,MSAVI,-0.36328125,48818,,,,
0,patch_37_22,9472,9728,5632,5888,65536,NDVI,-0.63671875,16717,5664,0.02819080394566645,5545,0.0340032705957761
0,patch_37_23,9472,9728,5888,6144,65536,MSAVI,-0.30078125,46337,,,,
0,patch_37_23,9472,9728,5888,6144,65536,NDVI,-0.99609375,19199,8156,0.02868513071769116,65536,0.03359175274374318
0,patch_37_24,9472,9728,6144,6400,65536,MSAVI,-0.12109375,44664,,,,
0,patch_37_24,9472,9728,6144,6400,65536,NDVI,-0.99609375,20872,2648,0.02055390154425371,2783,0.023869085537836843
0,patch_37_25,9472,9728,6400,6656,65536,MSAVI,-0.12890625,39213,,,,
0,patch_37_25,9472,9728,6400,6656,65536,NDVI,-0.99609375,26323,758,0.011453957466070558,2772,0.018296315922063072
0,patch_37_26,9472,9728,6656,6912,65536,MSAVI,-0.23046875,37461,,,,
0,patch_37_26,9472,9728,6656,6912,65536,NDVI,-0.65234375,28075,4893,0.009343013544247256,6776,0.019204256210550275
0,patch_37_27,9472,9728,6912,7168,65536,MSAVI,-0.13671875,42270,,,,
0,patch_37_27,9472,9728,6912,7168,65536,NDVI,-0.62109375,23252,6969,0.01788245192394458,7080,0.026946308201931835
0,patch_37_28,9472,9728,7168,7424,65536,MSAVI,-0.02734375,37822,,,,
0,patch_37_28,9472,9728,7168,7424,65536,NDVI,-0.62890625,27663,7489,0.014160172453527436,8998,0.02265096496990085
0,patch_37_29,9472,9728,7424,7680,65536,MSAVI,-0.12109375,43905,,,,
0,patch_37_29,9472,9728,7424,7680,65536,NDVI,-0.62890625,21215,2757,0.01756900997597388,3625,0.02659067446777405
0,patch_37_30,9472,9728,7680,7936,65536,MSAVI,-0.20703125,42512,,,,
0,patch_37_30,9472,9728,7680,7936,65536,NDVI,-0.99609375,23024,1842,0.016479717995567078,1924,0.022258124658249084
0,patch_37_31,9472,9728,7936,8192,65536,MSAVI,-0.38671875,42624,,,,
0,patch_37_31,9472,9728,7936,8192,65536,NDVI,-0.99609375,22912,2578,0.01646801606141718,3844,0.02392638983080092
0,patch_37_32,9472,9728,8192,8448,65536,MSAVI,-0.29296875,43777,,,,
0,patch_37_32,9472,9728,8192,8448,65536,NDVI,-0.99609375,21759,2854,0.019207831790534757,3557,0.026451641708314405
0,patch_37_33,9472,9728,8448,8704,65536,MSAVI,-0.14453125,48377,,,,
0,patch_37_33,9472,9728,8448,8704,65536,NDVI,-0.99609375,17159,1017,0.027101121542526252,918,0.030594379750274348
0,patch_37_34,9472,9728,8704,8960,65536,MSAVI,-0.25390625,51878,,,,
0,patch_37_34,9472,9728,8704,8960,65536,NDVI,-0.99609375,13658,2779,0.03017033087430185,2647,0.039213008187397064
0,patch_37_35,9472,9728,8960,9216,65536,MSAVI,-0.20703125,51539,,,,
0,patch_37_35,9472,9728,8960,9216,65536,NDVI,-0.99609375,13997,1265,0.029135925162221576,1383,0.03657836557659819
0,patch_37_36,9472,9728,9216,9472,65536,MSAVI,-0.29296875,49615,,,,
0,patch_37_36,9472,9728,9216,9472,65536,NDVI,-0.99609375,15921,432,0.027248168673044,546,0.03419483282518829
0,patch_37_37,9472,9728,9472,9728,65536,MSAVI,-0.34765625,46944,,,,
0,patch_37_37,9472,9728,9472,9728,65536,NDVI,-0.99609375,18592,858,0.02138037682922693,1270,0.031113129706726222
0,patch_37_38,9472,9728,9728,9984,65536,MSAVI,-0.30859375,49020,,,,
0,patch_37_38,9472,9728,9728,9984,65536,NDVI,-0.99609375,16516,1038,0.02714381287195955,1239,0.03300736902550547
0,patch_37_39,9472,9728,9984,10240,65536,MSAVI,-0.34765625,53055,,,,
0,patch_37_39,9472,9728,9984,10240,65536,NDVI,-0.99609375,12481,112,0.030242347542093956,115,0.03653651378812847
0,patch_37_42,9472,9728,10752,11008,65536,MSAVI,0.0,65536,,,,
0,patch_37_42,9472,9728,10752,11008,65536,NDVI,0.0,0,0,0.0,0,0.009808042386020944
0,patch_37_43,9472,9728,11008,11264,65536,MSAVI,0.0,65536,,,,
0,patch_37_43,9472,9728,11008,11264,65536,NDVI,0.0,0,0,0.0,0,0.009808042386020944
0,patch_37_44,9472,9728,11264,11520,65536,MSAVI,0.0,65536,,,,
0,patch_37_44,9472,9728,11264,11520,65536,NDVI,0.0,0,0,0.0,0,0.009808042386020944
0,patch_37_45,9472,9728,11520,11776,65536,MSAVI,0.0,65536,,,,
0,patch_37_45,9472,9728,11520,11776,65536,NDVI,0.0,0,0,0.0,0,0.009808042386020944
0,patch_38_0,9728,9984,0,256,65536,MSAVI,0.0,65536,,,,
0,patch_38_0,9728,9984,0,256,65536,NDVI,0.0,0,0,0.0,0,0.009808042386020944
0,patch_38_1,9728,9984,256,512,65536,MSAVI,0.0,65536,,,,
0,patch_38_1,9728,9984,256,512,65536,NDVI,0.0,0,0,0.0,0,0.009808042386020944
0,patch_38_2,9728,9984,512,768,65536,MSAVI,0.0,65536,,,,
0,patch_38_2,9728,9984,512,768,65536,NDVI,0.0,0,0,0.0,0,0.009808042386020944
0,patch_38_3,9728,9984,768,1024,65536,MSAVI,0.0,65536,,,,
0,patch_38_3,9728,9984,768,1024,65536,NDVI,0.0,0,0,0.0,0,0.009808042386020944
0,patch_38_4,9728,9984,1024,1280,65536,MSAVI,0.0,65536,,,,
0,patch_38_4,9728,9984,1024,1280,65536,NDVI,0.0,0,0,0.0,0,0.009808042386020944
0,patch_38_5,9728,9984,1280,1536,65536,MSAVI,0.0,65536,,,,
0,patch_38_5,9728,9984,1280,1536,65536,NDVI,0.0,0,0,0.0,0,0.009808042386020944
0,patch_38_6,9728,9984,1536,1792,65536,MSAVI,0.0,65536,,,,
0,patch_38_6,9728,9984,1536,1792,65536,NDVI,0.0,0,0,0.0,0,0.009808042386020944
0,patch_38_7,9728,9984,1792,2048,65536,MSAVI,0.0,65536,,,,
0,patch_38_7,9728,9984,1792,2048,65536,NDVI,0.0,0,0,0.0,0,0.009808042386020944
0,patch_38_8,9728,9984,2048,2304,65536,MSAVI,0.0,65536,,,,
0,patch_38_8,9728,9984,2048,2304,65536,NDVI,0.0,0,0,0.0,0,0.009808042386020944
0,patch_38_11,9728,9984,2816,3072,65536,MSAVI,-0.37890625,44068,,,,
0,patch_38_11,9728,9984,2816,3072,65536,NDVI,-0.99609375,21468,2175,0.021162116282417848,2516,0.02528493012104746
0,patch_38_12,9728,9984,3072,3328,65536,MSAVI,-0.21484375,46786,,,,
0,patch_38_12,9728,9984,3072,3328,65536,NDVI,-0.99609375,18750,4206,0.024935044722896843,4473,0.03339008109227043
0,patch_38_13,9728,9984,3328,3584,65536,MSAVI,-0.36328125,42735,,,,
0,patch_38_13,9728,9984,3328,3584,65536,NDVI,-0.99609375,22801,8042,0.018396166887010373,8882,0.028014179307856074
0,patch_38_14,9728,9984,3584,3840,65536,MSAVI,-0.12890625,45697,,,,
0,patch_38_14,9728,9984,3584,3840,65536,NDVI,-0.99609375,19839,3701,0.02436365040466451,3702,0.029355245656625117
0,patch_38_15,9728,9984,3840,4096,65536,MSAVI,-0.24609375,44408,,,,
0,patch_38_15,9728,9984,3840,4096,65536,NDVI,-0.99609375,21128,192,0.022347537487615782,762,0.026823954892665147
0,patch_38_16,9728,9984,4096,4352,65536,MSAVI,-0.14453125,46781,,,,
0,patch_38_16,9728,9984,4096,4352,65536,NDVI,-0.60546875,18754,3676,0.021859390412391155,3906,0.03218978751003965
0,patch_38_17,9728,9984,4352,4608,65536,MSAVI,-0.14453125,50196,,,,
0,patch_38_17,9728,9984,4352,4608,65536,NDVI,-0.62890625,15338,2489,0.02420407312991517,2423,0.03709641057526816
0,patch_38_18,9728,9984,4608,4864,65536,MSAVI,-0.25390625,46902,,,,
0,patch_38_18,9728,9984,4608,4864,65536,NDVI,-0.99609375,18634,4101,0.02308128047535482,4179,0.031489914723168616
0,patch_38_19,9728,9984,4864,5120,65536,MSAVI,-0.19140625,47218,,,,
0,patch_38_19,9728,9984,4864,5120,65536,NDVI,-0.99609375,18318,1931,0.023860487428907978,2128,0.030359553065115508
0,patch_38_20,9728,9984,5120,5376,65536,MSAVI,-0.16015625,50427,,,,
0,patch_38_20,9728,9984,5120,5376,65536,NDVI,-0.99609375,15109,1694,0.03075615879225227,1666,0.03802082034133761
0,patch_38_21,9728,9984,5376,5632,65536,MSAVI,-0.23046875,45624,,,,
0,patch_38_21,9728,9984,5376,5632,65536,NDVI,-0.99609375,19912,5210,0.024442782864153106,5106,0.03159886932442596
0,patch_38_22,9728,9984,5632,5888,65536,MSAVI,-0.38671875,43951,,,,
0,patch_38_22,9728,9984,5632,5888,65536,NDVI,-0.99609375,21585,4623,0.019152486900175472,4739,0.02697592522072159
0,patch_38_23,9728,9984,5888,6144,65536,MSAVI,-0.20703125,47405,,,,
0,patch_38_23,9728,9984,5888,6144,65536,NDVI,-0.99609375,18131,5813,0.026419248146239943,65536,0.03152410439756981
0,patch_38_24,9728,9984,6144,6400,65536,MSAVI,-0.25390625,43930,,,,
0,patch_38_24,9728,9984,6144,6400,65536,NDVI,-0.99609375,21606,118,0.020139397795146063,384,0.02462546387052092
0,patch_38_25,9728,9984,6400,6656,65536,MSAVI,-0.18359375,40078,,,,
0,patch_38_25,9728,9984,6400,6656,65536,NDVI,-0.99609375,25458,1242,0.011928886877032113,1719,0.017370855825061704
0,patch_38_26,9728,9984,6656,6912,65536,MSAVI,-0.23046875,36501,,,,
0,patch_38_26,9728,9984,6656,6912,65536,NDVI,-0.69140625,29032,4878,0.007868099919071725,6425,0.016308797335336384
0,patch_38_27,9728,9984,6912,7168,65536,MSAVI,-0.25390625,37676,,,,
0,patch_38_27,9728,9984,6912,7168,65536,NDVI,-0.99609375,27860,7025,0.010241686939054376,8541,0.01973850832113
0,patch_38_28,9728,9984,7168,7424,65536,MSAVI,-0.14453125,49295,,,,
0,patch_38_28,9728,9984,7168,7424,65536,NDVI,-0.57421875,15952,9883,0.026256574135784513,9794,0.04135781277819994
0,patch_38_29,9728,9984,7424,7680,65536,MSAVI,-0.14453125,41272,,,,
0,patch_38_29,9728,9984,7424,7680,65536,NDVI,-0.64453125,24259,5085,0.013673308469405288,7312,0.022812765962900744
0,patch_38_30,9728,9984,7680,7936,65536,MSAVI,-0.17578125,43626,,,,
0,patch_38_30,9728,9984,7680,7936,65536,NDVI,-0.99609375,21910,536,0.017553481413257216,973,0.023830807116644925
0,patch_38_31,9728,9984,7936,8192,65536,MSAVI,-0.12890625,41223,,,,
0,patch_38_31,9728,9984,7936,8192,65536,NDVI,-0.99609375,24313,2353,0.013404241728261213,4547,0.022201205695867032
0,patch_38_32,9728,9984,8192,8448,65536,MSAVI,-0.37109375,44889,,,,
0,patch_38_32,9728,9984,8192,8448,65536,NDVI,-0.99609375,20647,6067,0.022093503350713445,6551,0.030066951426132055
0,patch_38_33,9728,9984,8448,8704,65536,MSAVI,-0.26953125,42753,,,,
0,patch_38_33,9728,9984,8448,8704,65536,NDVI,-0.99609375,22783,4745,0.017040329489290962,5010,0.024009868546997826
0,patch_38_34,9728,9984,8704,8960,65536,MSAVI,-0.14453125,48777,,,,
0,patch_38_34,9728,9984,8704,8960,65536,NDVI,-0.99609375,16759,114,0.023969773811894357,184,0.030297967868491732
0,patch_38_35,9728,9984,8960,9216,65536,MSAVI,-0.19921875,48314,,,,
0,patch_38_35,9728,9984,8960,9216,65536,NDVI,-0.99609375,17222,1059,0.026754616385015972,712,0.03339319587676465
0,patch_38_36,9728,9984,9216,9472,65536,MSAVI,-0.27734375,48879,,,,
0,patch_38_36,9728,9984,9216,9472,65536,NDVI,-0.99609375,16657,2571,0.02730115474375866,2663,0.03480480482148374
0,patch_38_37,9728,9984,9472,9728,65536,MSAVI,-0.33203125,44046,,,,
0,patch_38_37,9728,9984,9472,9728,65536,NDVI,-0.99609375,21490,556,0.018986592028850918,929,0.025707893945066146
0,patch_38_41,9728,9984,10496,10752,65536,MSAVI,0.0,65536,,,,
0,patch_38_41,9728,9984,10496,10752,65536,NDVI,0.0,0,0,0.0,0,0.009808042386020944
0,patch_38_42,9728,9984,10752,11008,65536,MSAVI,0.0,65536,,,,
0,patch_38_42,9728,9984,10752,11008,65536,NDVI,0.0,0,0,0.0,0,0.009808042386020944
0,patch_38_43,9728,9984,11008,11264,65536,MSAVI,0.0,65536,,,,
0,patch_38_43,9728,9984,11008,11264,65536,NDVI,0.0,0,0,0.0,0,0.009808042386020944
0,patch_38_44,9728,9984,11264,11520,65536,MSAVI,0.0,65536,,,,
0,patch_38_44,9728,9984,11264,11520,65536,NDVI,0.0,0,0,0.0,0,0.009808042386020944
0,patch_38_45,9728,9984,11520,11776,65536,MSAVI,0.0,65536,,,,
0,patch_38_45,9728,9984,11520,11776,65536,NDVI,0.0,0,0,0.0,0,0.009808042386020944
0,patch_39_0,9984,10240,0,256,65536,MSAVI,0.0,65536,,,,
0,patch_39_0,9984,10240,0,256,65536,NDVI,0.0,0,0,0.0,0,0.009808042386020944
0,patch_39_1,9984,10240,256,512,65536,MSAVI,0.0,65536,,,,
0,patch_39_1,9984,10240,256,512,65536,NDVI,0.0,0,0,0.0,0,0.009808042386020944
0,patch_39_2,9984,10240,512,768,65536,MSAVI,0.0,65536,,,,
0,patch_39_2,9984,10240,512,768,65536,NDVI,0.0,0,0,0.0,0,0.009808042386020944
0,patch_39_3,9984,10240,768,1024,65536,MSAVI,0.0,65536,,,,
0,patch_39_3,9984,10240,768,1024,65536,NDVI,0.0,0,0,0.0,0,0.009808042386020944
0,patch_39_4,9984,10240,1024,1280,65536,MSAVI,0.0,65536,,,,
0,patch_39_4,9984,10240,1024,1280,65536,NDVI,0.0,0,0,0.0,0,0.009808042386020944
0,patch_39_5,9984,10240,1280,1536,65536,MSAVI,0.0,65536,,,,
0,patch_39_5,9984,10240,1280,1536,65536,NDVI,0.0,0,0,0.0,0,0.009808042386020944
0,patch_39_6,9984,10240,1536,1792,65536,MSAVI,0.0,65536,,,,
0,patch_39_6,9984,10240,1536,1792,65536,NDVI,0.0,0,0,0.0,0,0.009808042386020944
0,patch_39_7,9984,10240,1792,2048,65536,MSAVI,0.0,65536,,,,
0,patch_39_7,9984,10240,1792,2048,65536,NDVI,0.0,0,0,0.0,0,0.009808042386020944
0,patch_39_8,9984,10240,2048,2304,65536,MSAVI,0.0,65536,,,,
0,patch_39_8,9984,10240,2048,2304,65536,NDVI,0.0,0,0,0.0,0,0.009808042386020944
0,patch_39_9,9984,10240,2304,2560,65536,MSAVI,0.0,65536,,,,
0,patch_39_9,9984,10240,2304,2560,65536,NDVI,0.0,0,0,0.0,0,0.009808042386020944
0,patch_39_11,9984,10240,2816,3072,65536,MSAVI,-0.28515625,42459,,,,
0,patch_39_11,9984,10240,2816,3072,65536,NDVI,-0.99609375,23077,2257,0.017773709379588803,2965,0.02394910872573941
0,patch_39_12,9984,10240,3072,3328,65536,MSAVI,-0.09765625,42225,,,,
0,patch_39_12,9984,10240,3072,3328,65536,NDVI,-0.99609375,23311,2831,0.014339555226282025,3640,0.025721707380088
0,patch_39_13,9984,10240,3328,3584,65536,MSAVI,-0.17578125,41981,,,,
0,patch_39_13,9984,10240,3328,3584,65536,NDVI,-0.99609375,23555,8732,0.017778533585570022,9265,0.024581839376679182
0,patch_39_14,9984,10240,3584,3840,65536,MSAVI,-0.18359375,52689,,,,
0,patch_39_14,9984,10240,3584,3840,65536,NDVI,-0.99609375,12847,6273,0.02989371777544296,6273,0.040718992098058376
0,patch_39_15,9984,10240,3840,4096,65536,MSAVI,-0.20703125,48261,,,,
0,patch_39_15,9984,10240,3840,4096,65536,NDVI,-0.99609375,17275,1582,0.023071561340504282,1598,0.03169454619445147
0,patch_39_16,9984,10240,4096,4352,65536,MSAVI,-0.20703125,48027,,,,
0,patch_39_16,9984,10240,4096,4352,65536,NDVI,-0.99609375,17509,460,0.025999507496295204,538,0.03152683305093584
0,patch_39_17,9984,10240,4352,4608,65536,MSAVI,-0.27734375,44577,,,,
0,patch_39_17,9984,10240,4352,4608,65536,NDVI,-0.56640625,20959,11240,0.027805732043252568,10785,0.034412589968789015
0,patch_39_18,9984,10240,4608,4864,65536,MSAVI,0.01953125,42371,,,,
0,patch_39_18,9984,10240,4608,4864,65536,NDVI,-0.99609375,23165,6125,0.015032834176078272,6728,0.026184692697723916
0,patch_39_19,9984,10240,4864,5120,65536,MSAVI,-0.26953125,44743,,,,
0,patch_39_19,9984,10240,4864,5120,65536,NDVI,-0.99609375,20793,2788,0.021014695026536023,2616,0.026525416899514986
0,patch_39_20,9984,10240,5120,5376,65536,MSAVI,-0.04296875,45121,,,,
0,patch_39_20,9984,10240,5120,5376,65536,NDVI,-0.99609375,20415,9700,0.02416246904430544,10134,0.03230662977217941
0,patch_39_21,9984,10240,5376,5632,65536,MSAVI,-0.26953125,46940,,,,
0,patch_39_21,9984,10240,5376,5632,65536,NDVI,-0.99609375,18596,3605,0.022541001920528048,3666,0.030857039416920695
0,patch_39_22,9984,10240,5632,5888,65536,MSAVI,-0.26171875,43489,,,,
0,patch_39_22,9984,10240,5632,5888,65536,NDVI,-0.99609375,22047,5776,0.020958179248010078,6418,0.030464371073040064
0,patch_39_23,9984,10240,5888,6144,65536,MSAVI,-0.36328125,42457,,,,
0,patch_39_23,9984,10240,5888,6144,65536,NDVI,-0.99609375,23079,3622,0.015228173969778186,3861,0.024953819347629635
0,patch_39_24,9984,10240,6144,6400,65536,MSAVI,-0.25390625,44047,,,,
0,patch_39_24,9984,10240,6144,6400,65536,NDVI,-0.99609375,21489,1033,0.018807366364501615,1633,0.025961179841017146
0,patch_39_25,9984,10240,6400,6656,65536,MSAVI,-0.14453125,44088,,,,
0,patch_39_25,9984,10240,6400,6656,65536,NDVI,-0.60546875,21448,1086,0.01706634110984996,1283,0.02476515467426077
0,patch_39_26,9984,10240,6656,6912,65536,MSAVI,-0.05859375,38511,,,,
0,patch_39_26,9984,10240,6656,6912,65536,NDVI,-0.60546875,26802,3198,0.009943815691422914,4227,0.019267110985928898
0,patch_39_27,9984,10240,6912,7168,65536,MSAVI,-0.10546875,37467,,,,
0,patch_39_27,9984,10240,6912,7168,65536,NDVI,-0.65234375,27658,7692,0.010124886123891383,9245,0.020624719139552744
0,patch_39_28,9984,10240,7168,7424,65536,MSAVI,-0.00390625,40407,,,,
0,patch_39_28,9984,10240,7168,7424,65536,NDVI,-0.99609375,25129,8135,0.016536692561486904,9425,0.024930156929863445
0,patch_39_29,9984,10240,7424,7680,65536,MSAVI,-0.27734375,50155,,,,
0,patch_39_29,9984,10240,7424,7680,65536,NDVI,-0.66796875,15363,6519,0.03063601716756635,6640,0.04112448638140179
0,patch_39_30,9984,10240,7680,7936,65536,MSAVI,-0.05859375,43281,,,,
0,patch_39_30,9984,10240,7680,7936,65536,NDVI,-0.99609375,22255,905,0.015794693068653956,1614,0.021652822049406106
0,patch_39_31,9984,10240,7936,8192,65536,MSAVI,-0.08984375,41613,,,,
0,patch_39_31,9984,10240,7936,8192,65536,NDVI,-0.99609375,23923,1226,0.014271180946553913,1697,0.022168311608224522
0,patch_39_32,9984,10240,8192,8448,65536,MSAVI,-0.23046875,44145,,,,
0,patch_39_32,9984,10240,8192,8448,65536,NDVI,-0.99609375,21391,4438,0.018719873485558758,4686,0.026433506397302797
0,patch_39_33,9984,10240,8448,8704,65536,MSAVI,-0.17578125,41582,,,,
0,patch_39_33,9984,10240,8448,8704,65536,NDVI,-0.99609375,23954,2593,0.017024822967441955,3828,0.023358455017721658
0,patch_39_34,9984,10240,8704,8960,65536,MSAVI,-0.16015625,43292,,,,
0,patch_39_34,9984,10240,8704,8960,65536,NDVI,-0.99609375,22244,1839,0.020599940876784656,3055,0.02629080784284607
0,patch_39_35,9984,10240,8960,9216,65536,MSAVI,-0.27734375,51455,,,,
0,patch_39_35,9984,10240,8960,9216,65536,NDVI,-0.99609375,14081,110,0.03146090101200594,116,0.03567207234782885
0,patch_39_39,9984,10240,9984,10240,65536,MSAVI,0.0,65536,,,,
0,patch_39_39,9984,10240,9984,10240,65536,NDVI,0.0,0,0,0.0,0,0.009808042386020944
0,patch_39_40,9984,10240,10240,10496,65536,MSAVI,0.0,65536,,,,
0,patch_39_40,9984,10240,10240,10496,65536,NDVI,0.0,0,0,0.0,0,0.009808042386020944
0,patch_39_41,9984,10240,10496,10752,65536,MSAVI,0.0,65536,,,,
0,patch_39_41,9984,10240,10496,10752,65536,NDVI,0.0,0,0,0.0,0,0.009808042386020944
0,patch_39_42,9984,10240,10752,11008,65536,MSAVI,0.0,65536,,,,
0,patch_39_42,9984,10240,10752,11008,65536,NDVI,0.0,0,0,0.0,0,0.009808042386020944
0,patch_39_43,9984,10240,11008,11264,65536,MSAVI,0.0,65536,,,,
0,patch_39_43,9984,10240,11008,11264,65536,NDVI,0.0,0,0,0.0,0,0.009808042386020944
0,patch_39_44,9984,10240,11264,11520,65536,MSAVI,0.0,65536,,,,
0,patch_39_44,9984,10240,11264,11520,65536,NDVI,0.0,0,0,0.0,0,0.009808042386020944
0,patch_39_45,9984,10240,11520,11776,65536,MSAVI,0.0,65536,,,,
0,patch_39_45,9984,10240,11520,11776,65536,NDVI,0.0,0,0,0.0,0,0.009808042386020944
0,patch_40_0,10240,10496,0,256,65536,MSAVI,0.0,65536,,,,
0,patch_40_0,10240,10496,0,256,65536,NDVI,0.0,0,0,0.0,0,0.009808042386020944
0,patch_40_1,10240,10496,256,512,65536,MSAVI,0.0,65536,,,,
0,patch_40_1,10240,10496,256,512,65536,NDVI,0.0,0,0,0.0,0,0.009808042386020944
0,patch_40_2,10240,10496,512,768,65536,MSAVI,0.0,65536,,,,
0,patch_40_2,10240,10496,512,768,65536,NDVI,0.0,0,0,0.0,0,0.009808042386020944
0,patch_40_3,10240,10496,768,1024,65536,MSAVI,0.0,65536,,,,
0,patch_40_3,10240,10496,768,1024,65536,NDVI,0.0,0,0,0.0,0,0.009808042386020944
0,patch_40_4,10240,10496,1024,1280,65536,MSAVI,0.0,65536,,,,
0,patch_40_4,10240,10496,1024,1280,65536,NDVI,0.0,0,0,0.0,0,0.009808042386020944
0,patch_40_5,10240,10496,1280,1536,65536,MSAVI,0.0,65536,,,,
0,patch_40_5,10240,10496,1280,1536,65536,NDVI,0.0,0,0,0.0,0,0.009808042386020944
0,patch_40_6,10240,10496,1536,1792,65536,MSAVI,0.0,65536,,,,
0,patch_40_6,10240,10496,1536,1792,65536,NDVI,0.0,0,0,0.0,0,0.009808042386020944
0,patch_40_7,10240,10496,1792,2048,65536,MSAVI,0.0,65536,,,,
0,patch_40_7,10240,10496,1792,2048,65536,NDVI,0.0,0,0,0.0,0,0.009808042386020944
0,patch_40_8,10240,10496,2048,2304,65536,MSAVI,0.0,65536,,,,
0,patch_40_8,10240,10496,2048,2304,65536,NDVI,0.0,0,0,0.0,0,0.009808042386020944
0,patch_40_9,10240,10496,2304,2560,65536,MSAVI,0.0,65536,,,,
0,patch_40_9,10240,10496,2304,2560,65536,NDVI,0.0,0,0,0.0,0,0.009808042386020944
0,patch_40_12,10240,10496,3072,3328,65536,MSAVI,-0.04296875,44671,,,,
0,patch_40_12,10240,10496,3072,3328,65536,NDVI,-0.99609375,20865,7581,0.019321326358586494,8418,0.0326395926731497
0,patch_40_13,10240,10496,3328,3584,65536,MSAVI,-0.29296875,45005,,,,
0,patch_40_13,10240,10496,3328,3584,65536,NDVI,-0.99609375,20531,5667,0.02394879202797187,5934,0.0321367987861331
0,patch_40_14,10240,10496,3584,3840,65536,MSAVI,-0.39453125,44604,,,,
0,patch_40_14,10240,10496,3584,3840,65536,NDVI,-0.99609375,20932,4680,0.021049673914674105,4952,0.028821097957243302
0,patch_40_15,10240,10496,3840,4096,65536,MSAVI,-0.24609375,45223,,,,
0,patch_40_15,10240,10496,3840,4096,65536,NDVI,-0.99609375,20313,6003,0.02260646958177759,6031,0.03148418330725111
0,patch_40_16,10240,10496,4096,4352,65536,MSAVI,-0.16796875,46254,,,,
0,patch_40_16,10240,10496,4096,4352,65536,NDVI,-0.99609375,19282,637,0.022500703791648036,1598,0.029306681477584362
0,patch_40_17,10240,10496,4352,4608,65536,MSAVI,-0.16015625,44908,,,,
0,patch_40_17,10240,10496,4352,4608,65536,NDVI,-0.99609375,20628,2551,0.021928477597393775,3221,0.026564346797681687
0,patch_40_18,10240,10496,4608,4864,65536,MSAVI,-0.14453125,43693,,,,
0,patch_40_18,10240,10496,4608,4864,65536,NDVI,-0.99609375,21843,2148,0.02050186608283494,2524,0.027208571263126174
0,patch_40_19,10240,10496,4864,5120,65536,MSAVI,-0.22265625,46062,,,,
0,patch_40_19,10240,10496,4864,5120,65536,NDVI,-0.99609375,19474,5001,0.02397709054889556,5168,0.031000893651193517
0,patch_40_20,10240,10496,5120,5376,65536,MSAVI,-0.16015625,46548,,,,
0,patch_40_20,10240,10496,5120,5376,65536,NDVI,-0.99609375,18988,870,0.021213946607769513,1241,0.027394512733392662
0,patch_40_21,10240,10496,5376,5632,65536,MSAVI,-0.16796875,47481,,,,
0,patch_40_21,10240,10496,5376,5632,65536,NDVI,-0.99609375,18055,969,0.023523686320781084,791,0.030347907778047772
0,patch_40_22,10240,10496,5632,5888,65536,MSAVI,-0.26953125,46672,,,,
0,patch_40_22,10240,10496,5632,5888,65536,NDVI,-0.99609375,18864,1347,0.02262617462538949,1471,0.027844421802300262
0,patch_40_23,10240,10496,5888,6144,65536,MSAVI,-0.24609375,43175,,,,
0,patch_40_23,10240,10496,5888,6144,65536,NDVI,-0.99609375,22361,3076,0.016537013172573112,3863,0.024921268964698956
0,patch_40_24,10240,10496,6144,6400,65536,MSAVI,-0.17578125,44829,,,,
0,patch_40_24,10240,10496,6144,6400,65536,NDVI,-0.99609375,20707,2352,0.021334564449430743,2580,0.027958311978576234
0,patch_40_25,10240,10496,6400,6656,65536,MSAVI,-0.09765625,39235,,,,
0,patch_40_25,10240,10496,6400,6656,65536,NDVI,-0.99609375,26301,13728,0.015589818134433608,65493,0.023595061243840754
0,patch_40_26,10240,10496,6656,6912,65536,MSAVI,-0.06640625,39473,,,,
0,patch_40_26,10240,10496,6656,6912,65536,NDVI,-0.48828125,26060,6940,0.01173776651369543,8493,0.022152602348031375
0,patch_40_27,10240,10496,6912,7168,65536,MSAVI,-0.15234375,41574,,,,
0,patch_40_27,10240,10496,6912,7168,65536,NDVI,-0.62109375,23506,2520,0.012627577947899107,3118,0.020859135345306812
0,patch_40_28,10240,10496,7168,7424,65536,MSAVI,-0.15234375,40587,,,,
0,patch_40_28,10240,10496,7168,7424,65536,NDVI,-0.99609375,24949,3496,0.013513733766943342,3538,0.02105348198965551
0,patch_40_29,10240,10496,7424,7680,65536,MSAVI,-0.12890625,42753,,,,
0,patch_40_29,10240,10496,7424,7680,65536,NDVI,-0.63671875,22742,9064,0.019498333091548317,9873,0.029048672237934836
0,patch_40_30,10240,10496,7680,7936,65536,MSAVI,-0.24609375,48632,,,,
0,patch_40_30,10240,10496,7680,7936,65536,NDVI,-0.99609375,16904,363,0.026951163921713206,478,0.03424953983540552
0,patch_40_31,10240,10496,7936,8192,65536,MSAVI,-0.20703125,44114,,,,
0,patch_40_31,10240,10496,7936,8192,65536,NDVI,-0.99609375,21422,453,0.017544515068739552,591,0.024883175209861913
0,patch_40_32,10240,10496,8192,8448,65536,MSAVI,-0.18359375,41277,,,,
0,patch_40_32,10240,10496,8192,8448,65536,NDVI,-0.99609375,24259,3050,0.016599522687585216,3546,0.024369819671974324
0,patch_40_33,10240,10496,8448,8704,65536,MSAVI,-0.36328125,45133,,,,
0,patch_40_33,10240,10496,8448,8704,65536,NDVI,-0.99609375,20403,7126,0.023440411208154543,7371,0.031023762252774395
0,patch_40_34,10240,10496,8704,8960,65486,MSAVI,-0.30078125,44760,,,,
0,patch_40_34,10240,10496,8704,8960,65486,NDVI,-0.99609375,20776,1401,0.018277368375729353,1666,0.023085827541069
0,patch_40_37,10240,10496,9472,9728,65536,MSAVI,0.0,65536,,,,
0,patch_40_37,10240,10496,9472,9728,65536,NDVI,0.0,0,0,0.0,0,0.009808042386020944
0,patch_40_38,10240,10496,9728,9984,65536,MSAVI,0.0,65536,,,,
0,patch_40_38,10240,10496,9728,9984,65536,NDVI,0.0,0,0,0.0,0,0.009808042386020944
0,patch_40_39,10240,10496,9984,10240,65536,MSAVI,0.0,65536,,,,
0,patch_40_39,10240,10496,9984,10240,65536,NDVI,0.0,0,0,0.0,0,0.009808042386020944
0,patch_40_40,10240,10496,10240,10496,65536,MSAVI,0.0,65536,,,,
0,patch_40_40,10240,10496,10240,10496,65536,NDVI,0.0,0,0,0.0,0,0.009808042386020944
0,patch_40_41,10240,10496,10496,10752,65536,MSAVI,0.0,65536,,,,
0,patch_40_41,10240,10496,10496,10752,65536,NDVI,0.0,0,0,0.0,0,0.009808042386020944
0,patch_40_42,10240,10496,10752,11008,65536,MSAVI,0.0,65536,,,,
0,patch_40_42,10240,10496,10752,11008,65536,NDVI,0.0,0,0,0.0,0,0.009808042386020944
0,patch_40_43,10240,10496,11008,11264,65536,MSAVI,0.0,65536,,,,
0,patch_40_43,10240,10496,11008,11264,65536,NDVI,0.0,0,0,0.0,0,0.009808042386020944
0,patch_40_44,10240,10496,11264,11520,65536,MSAVI,0.0,65536,,,,
0,patch_40_44,10240,10496,11264,11520,65536,NDVI,0.0,0,0,0.0,0,0.009808042386020944
0,patch_40_45,10240,10496,11520,11776,65536,MSAVI,0.0,65536,,,,
0,patch_40_45,10240,10496,11520,11776,65536,NDVI,0.0,0,0,0.0,0,0.009808042386020944
0,patch_41_0,10496,10752,0,256,65536,MSAVI,0.0,65536,,,,
0,patch_41_0,10496,10752,0,256,65536,NDVI,0.0,0,0,0.0,0,0.009808042386020944
0,patch_41_1,10496,10752,256,512,65536,MSAVI,0.0,65536,,,,
0,patch_41_1,10496,10752,256,512,65536,NDVI,0.0,0,0,0.0,0,0.009808042386020944
0,patch_41_2,10496,10752,512,768,65536,MSAVI,0.0,65536,,,,
0,patch_41_2,10496,10752,512,768,65536,NDVI,0.0,0,0,0.0,0,0.009808042386020944
0,patch_41_3,10496,10752,768,1024,65536,MSAVI,0.0,65536,,,,
0,patch_41_3,10496,10752,768,1024,65536,NDVI,0.0,0,0,0.0,0,0.009808042386020944
0,patch_41_4,10496,10752,1024,1280,65536,MSAVI,0.0,65536,,,,
0,patch_41_4,10496,10752,1024,1280,65536,NDVI,0.0,0,0,0.0,0,0.009808042386020944
0,patch_41_5,10496,10752,1280,1536,65536,MSAVI,0.0,65536,,,,
0,patch_41_5,10496,10752,1280,1536,65536,NDVI,0.0,0,0,0.0,0,0.009808042386020944
0,patch_41_6,10496,10752,1536,1792,65536,MSAVI,0.0,65536,,,,
0,patch_41_6,10496,10752,1536,1792,65536,NDVI,0.0,0,0,0.0,0,0.009808042386020944
0,patch_41_7,10496,10752,1792,2048,65536,MSAVI,0.0,65536,,,,
0,patch_41_7,10496,10752,1792,2048,65536,NDVI,0.0,0,0,0.0,0,0.009808042386020944
0,patch_41_8,10496,10752,2048,2304,65536,MSAVI,0.0,65536,,,,
0,patch_41_8,10496,10752,2048,2304,65536,NDVI,0.0,0,0,0.0,0,0.009808042386020944
0,patch_41_9,10496,10752,2304,2560,65536,MSAVI,0.0,65536,,,,
0,patch_41_9,10496,10752,2304,2560,65536,NDVI,0.0,0,0,0.0,0,0.009808042386020944
0,patch_41_10,10496,10752,2560,2816,65536,MSAVI,0.0,65536,,,,
0,patch_41_10,10496,10752,2560,2816,65536,NDVI,0.0,0,0,0.0,0,0.009808042386020944
0,patch_41_12,10496,10752,3072,3328,65307,MSAVI,-0.23046875,46435,,,,
0,patch_41_12,10496,10752,3072,3328,65307,NDVI,-0.99609375,19101,7105,0.02263849918639131,6746,0.03430258346025264
0,patch_41_13,10496,10752,3328,3584,65536,MSAVI,-0.43359375,51228,,,,
0,patch_41_13,10496,10752,3328,3584,65536,NDVI,-0.99609375,14308,2310,0.028902525565560194,1805,0.03800444389658861
0,patch_41_14,10496,10752,3584,3840,65536,MSAVI,-0.34765625,53717,,,,
0,patch_41_14,10496,10752,3584,3840,65536,NDVI,-0.99609375,11819,2327,0.03822245278845551,2491,0.04275090993463576
0,patch_41_15,10496,10752,3840,4096,65536,MSAVI,-0.21484375,51188,,,,
0,patch_41_15,10496,10752,3840,4096,65536,NDVI,-0.99609375,14348,5044,0.029774770337856096,5118,0.037533377188669864
0,patch_41_16,10496,10752,4096,4352,65536,MSAVI,-0.17578125,43523,,,,
0,patch_41_16,10496,10752,4096,4352,65536,NDVI,-0.99609375,22013,4152,0.017042448537244542,5149,0.024264752606901974
0,patch_41_17,10496,10752,4352,4608,65536,MSAVI,-0.12109375,47356,,,,
0,patch_41_17,10496,10752,4352,4608,65536,NDVI,-0.99609375,18180,757,0.021962375056318456,1279,0.03158099127894623
0,patch_41_18,10496,10752,4608,4864,65536,MSAVI,-0.21484375,48200,,,,
0,patch_41_18,10496,10752,4608,4864,65536,NDVI,-0.99609375,17336,3384,0.029790325193651546,3636,0.03689986584114607
0,patch_41_19,10496,10752,4864,5120,65536,MSAVI,-0.02734375,45323,,,,
0,patch_41_19,10496,10752,4864,5120,65536,NDVI,-0.99609375,20213,5350,0.022304608721746333,5343,0.029329277575142254
0,patch_41_20,10496,10752,5120,5376,65536,MSAVI,-0.27734375,45047,,,,
0,patch_41_20,10496,10752,5120,5376,65536,NDVI,-0.99609375,20489,4246,0.02048287920329528,4576,0.029795022259635234
0,patch_41_21,10496,10752,5376,5632,65536,MSAVI,-0.13671875,49531,,,,
0,patch_41_21,10496,10752,5376,5632,65536,NDVI,-0.99609375,16005,1942,0.027565853330203394,1936,0.034679057881333325
0,patch_41_22,10496,10752,5632,5888,65536,MSAVI,-0.17578125,48567,,,,
0,patch_41_22,10496,10752,5632,5888,65536,NDVI,-0.99609375,16969,847,0.02712027932278946,785,0.03257405683427139
0,patch_41_23,10496,10752,5888,6144,65536,MSAVI,-0.21484375,40515,,,,
0,patch_41_23,10496,10752,5888,6144,65536,NDVI,-0.99609375,25021,4679,0.014527778084064275,5503,0.020269822145376037
0,patch_41_24,10496,10752,6144,6400,65536,MSAVI,-0.25390625,44289,,,,
0,patch_41_24,10496,10752,6144,6400,65536,NDVI,-0.99609375,21247,10271,0.023363076314948633,10155,0.03137355928570562
0,patch_41_25,10496,10752,6400,6656,65536,MSAVI,-0.19921875,44546,,,,
0,patch_41_25,10496,10752,6400,6656,65536,NDVI,-0.57421875,20990,9033,0.023420909564305342,8857,0.029534119723461927
0,patch_41_26,10496,10752,6656,6912,65536,MSAVI,-0.08984375,45163,,,,
0,patch_41_26,10496,10752,6656,6912,65536,NDVI,-0.57421875,20348,1739,0.015704519861178115,1667,0.026641348504618884
0,patch_41_27,10496,10752,6912,7168,65536,MSAVI,-0.09765625,47005,,,,
0,patch_41_27,10496,10752,6912,7168,65536,NDVI,-0.55078125,18077,1742,0.020369683904428365,2178,0.03034297253984322
0,patch_41_28,10496,10752,7168,7424,65536,MSAVI,-0.17578125,39030,,,,
0,patch_41_28,10496,10752,7168,7424,65536,NDVI,-0.65234375,26473,7180,0.011295279844134781,7507,0.020140291858888937
0,patch_41_29,10496,10752,7424,7680,65536,MSAVI,-0.14453125,40808,,,,
0,patch_41_29,10496,10752,7424,7680,65536,NDVI,-0.66015625,24295,8024,0.01918022193324631,8557,0.028484840168224418
0,patch_41_30,10496,10752,7680,7936,65536,MSAVI,-0.21484375,45918,,,,
0,patch_41_30,10496,10752,7680,7936,65536,NDVI,-0.99609375,19618,1693,0.02031052921394745,1869,0.028048630739371166
0,patch_41_31,10496,10752,7936,8192,65536,MSAVI,-0.14453125,46686,,,,
0,patch_41_31,10496,10752,7936,8192,65536,NDVI,-0.55078125,18848,3718,0.02160220981290832,3748,0.027588637570619995
0,patch_41_32,10496,10752,8192,8448,65536,MSAVI,-0.29296875,44776,,,,
0,patch_41_32,10496,10752,8192,8448,65536,NDVI,-0.99609375,20760,1620,0.022572696918449403,1894,0.028637124369513073
0,patch_41_35,10496,10752,8960,9216,65536,MSAVI,0.0,65536,,,,
0,patch_41_35,10496,10752,8960,9216,65536,NDVI,0.0,0,0,0.0,0,0.009808042386020944
0,patch_41_36,10496,10752,9216,9472,65536,MSAVI,0.0,65536,,,,
0,patch_41_36,10496,10752,9216,9472,65536,NDVI,0.0,0,0,0.0,0,0.009808042386020944
0,patch_41_37,10496,10752,9472,9728,65536,MSAVI,0.0,65536,,,,
0,patch_41_37,10496,10752,9472,9728,65536,NDVI,0.0,0,0,0.0,0,0.009808042386020944
0,patch_41_38,10496,10752,9728,9984,65536,MSAVI,0.0,65536,,,,
0,patch_41_38,10496,10752,9728,9984,65536,NDVI,0.0,0,0,0.0,0,0.009808042386020944
0,patch_41_39,10496,10752,9984,10240,65536,MSAVI,0.0,65536,,,,
0,patch_41_39,10496,10752,9984,10240,65536,NDVI,0.0,0,0,0.0,0,0.009808042386020944
0,patch_41_40,10496,10752,10240,10496,65536,MSAVI,0.0,65536,,,,
0,patch_41_40,10496,10752,10240,10496,65536,NDVI,0.0,0,0,0.0,0,0.009808042386020944
0,patch_41_41,10496,10752,10496,10752,65536,MSAVI,0.0,65536,,,,
0,patch_41_41,10496,10752,10496,10752,65536,NDVI,0.0,0,0,0.0,0,0.009808042386020944
0,patch_41_42,10496,10752,10752,11008,65536,MSAVI,0.0,65536,,,,
0,patch_41_42,10496,10752,10752,11008,65536,NDVI,0.0,0,0,0.0,0,0.009808042386020944
0,patch_41_43,10496,10752,11008,11264,65536,MSAVI,0.0,65536,,,,
0,patch_41_43,10496,10752,11008,11264,65536,NDVI,0.0,0,0,0.0,0,0.009808042386020944
0,patch_41_44,10496,10752,11264,11520,65536,MSAVI,0.0,65536,,,,
0,patch_41_44,10496,10752,11264,11520,65536,NDVI,0.0,0,0,0.0,0,0.009808042386020944
0,patch_41_45,10496,10752,11520,11776,65536,MSAVI,0.0,65536,,,,
0,patch_41_45,10496,10752,11520,11776,65536,NDVI,0.0,0,0,0.0,0,0.009808042386020944
0,patch_42_0,10752,11008,0,256,65536,MSAVI,0.0,65536,,,,
0,patch_42_0,10752,11008,0,256,65536,NDVI,0.0,0,0,0.0,0,0.009808042386020944
0,patch_42_1,10752,11008,256,512,65536,MSAVI,0.0,65536,,,,
0,patch_42_1,10752,11008,256,512,65536,NDVI,0.0,0,0,0.0,0,0.009808042386020944
0,patch_42_2,10752,11008,512,768,65536,MSAVI,0.0,65536,,,,
0,patch_42_2,10752,11008,512,768,65536,NDVI,0.0,0,0,0.0,0,0.009808042386020944
0,patch_42_3,10752,11008,768,1024,65536,MSAVI,0.0,65536,,,,
0,patch_42_3,10752,11008,768,1024,65536,NDVI,0.0,0,0,0.0,0,0.009808042386020944
0,patch_42_4,10752,11008,1024,1280,65536,MSAVI,0.0,65536,,,,
0,patch_42_4,10752,11008,1024,1280,65536,NDVI,0.0,0,0,0.0,0,0.009808042386020944
0,patch_42_5,10752,11008,1280,1536,65536,MSAVI,0.0,65536,,,,
0,patch_42_5,10752,11008,1280,1536,65536,NDVI,0.0,0,0,0.0,0,0.009808042386020944
0,patch_42_6,10752,11008,1536,1792,65536,MSAVI,0.0,65536,,,,
0,patch_42_6,10752,11008,1536,1792,65536,NDVI,0.0,0,0,0.0,0,0.009808042386020944
0,patch_42_7,10752,11008,1792,2048,65536,MSAVI,0.0,65536,,,,
0,patch_42_7,10752,11008,1792,2048,65536,NDVI,0.0,0,0,0.0,0,0.009808042386020944
0,patch_42_8,10752,11008,2048,2304,65536,MSAVI,0.0,65536,,,,
0,patch_42_8,10752,11008,2048,2304,65536,NDVI,0.0,0,0,0.0,0,0.009808042386020944
0,patch_42_9,10752,11008,2304,2560,65536,MSAVI,0.0,65536,,,,
0,patch_42_9,10752,11008,2304,2560,65536,NDVI,0.0,0,0,0.0,0,0.009808042386020944
0,patch_42_10,10752,11008,2560,2816,65536,MSAVI,0.0,65536,,,,
0,patch_42_10,10752,11008,2560,2816,65536,NDVI,0.0,0,0,0.0,0,0.009808042386020944
0,patch_42_11,10752,11008,2816,3072,65536,MSAVI,0.0,65536,,,,
0,patch_42_11,10752,11008,2816,3072,65536,NDVI,0.0,0,0,0.0,0,0.009808042386020944
0,patch_42_13,10752,11008,3328,3584,65536,MSAVI,-0.10546875,42926,,,,
0,patch_42_13,10752,11008,3328,3584,65536,NDVI,-0.99609375,22610,2433,0.017021494490928518,3039,0.026701649829550644
0,patch_42_14,10752,11008,3584,3840,65536,MSAVI,-0.16015625,46049,,,,
0,patch_42_14,10752,11008,3584,3840,65536,NDVI,-0.99609375,19487,4015,0.02676692256136154,4478,0.03187049817233184
0,patch_42_15,10752,11008,3840,4096,65536,MSAVI,-0.19921875,53038,,,,
0,patch_42_15,10752,11008,3840,4096,65536,NDVI,-0.99609375,12498,3593,0.03277302740876151,3633,0.0421293607725903
0,patch_42_16,10752,11008,4096,4352,65536,MSAVI,-0.17578125,48840,,,,
0,patch_42_16,10752,11008,4096,4352,65536,NDVI,-0.99609375,16696,6480,0.02885206016902979,6313,0.033675027756452175
0,patch_42_17,10752,11008,4352,4608,65536,MSAVI,-0.09765625,47897,,,,
0,patch_42_17,10752,11008,4352,4608,65536,NDVI,-0.99609375,17639,219,0.02445047930567701,173,0.029737475168888083
0,patch_42_18,10752,11008,4608,4864,65536,MSAVI,-0.08984375,50917,,,,
0,patch_42_18,10752,11008,4608,4864,65536,NDVI,-0.99609375,14619,142,0.027313446028884997,142,0.03481369731860792
0,patch_42_19,10752,11008,4864,5120,65536,MSAVI,-0.04296875,43605,,,,
0,patch_42_19,10752,11008,4864,5120,65536,NDVI,-0.99609375,21931,6558,0.020902044088167704,7556,0.028211935416700168
0,patch_42_20,10752,11008,5120,5376,65536,MSAVI,-0.15234375,40440,,,,
0,patch_42_20,10752,11008,5120,5376,65536,NDVI,-0.99609375,25096,6574,0.014049442338711693,8129,0.022134528460854758
0,patch_42_21,10752,11008,5376,5632,65536,MSAVI,-0.18359375,50959,,,,
0,patch_42_21,10752,11008,5376,5632,65536,NDVI,-0.99609375,14577,1061,0.030551839494368932,1183,0.03684126729006357
0,patch_42_22,10752,11008,5632,5888,65536,MSAVI,-0.23828125,47646,,,,
0,patch_42_22,10752,11008,5632,5888,65536,NDVI,-0.99609375,17890,1220,0.023438124243906705,1324,0.030185002990571252
0,patch_42_23,10752,11008,5888,6144,65536,MSAVI,-0.23828125,41601,,,,
0,patch_42_23,10752,11008,5888,6144,65536,NDVI,-0.99609375,23935,5096,0.014045292957900107,6426,0.021492066115591096
0,patch_42_24,10752,11008,6144,6400,65536,MSAVI,-0.19140625,40659,,,,
0,patch_42_24,10752,11008,6144,6400,65536,NDVI,-0.99609375,24877,3412,0.012396314050553137,4795,0.02044889669851202
0,patch_42_25,10752,11008,6400,6656,65536,MSAVI,-0.19140625,45150,,,,
0,patch_42_25,10752,11008,6400,6656,65536,NDVI,-0.99609375,20386,4026,0.020987973115643682,4115,0.028260525754972537
0,patch_42_26,10752,11008,6656,6912,65536,MSAVI,-0.10546875,45725,,,,
0,patch_42_26,10752,11008,6656,6912,65536,NDVI,-0.99609375,19811,1016,0.019028297139293646,1363,0.027531678913734536
0,patch_42_27,10752,11008,6912,7168,65536,MSAVI,-0.09765625,47195,,,,
0,patch_42_27,10752,11008,6912,7168,65536,NDVI,-0.58984375,16639,1909,0.020082690919343504,1897,0.029056528741933124
0,patch_42_28,10752,11008,7168,7424,65536,MSAVI,-0.19140625,44325,,,,
0,patch_42_28,10752,11008,7168,7424,65536,NDVI,-0.61328125,18433,4225,0.017312715650501728,4506,0.027453405558989646
0,patch_42_29,10752,11008,7424,7680,65536,MSAVI,-0.07421875,39052,,,,
0,patch_42_29,10752,11008,7424,7680,65536,NDVI,-0.67578125,26357,3826,0.014391990005648336,4909,0.0215420964978201
0,patch_42_30,10752,11008,7680,7936,65536,MSAVI,-0.22265625,42608,,,,
0,patch_42_30,10752,11008,7680,7936,65536,NDVI,-0.99609375,22928,1703,0.015386272075431612,1982,0.020578300273635663
0,patch_42_34,10752,11008,8704,8960,65536,MSAVI,0.0,65536,,,,
0,patch_42_34,10752,11008,8704,8960,65536,NDVI,0.0,0,0,0.0,0,0.009808042386020944
0,patch_42_35,10752,11008,8960,9216,65536,MSAVI,0.0,65536,,,,
0,patch_42_35,10752,11008,8960,9216,65536,NDVI,0.0,0,0,0.0,0,0.009808042386020944
0,patch_42_36,10752,11008,9216,9472,65536,MSAVI,0.0,65536,,,,
0,patch_42_36,10752,11008,9216,9472,65536,NDVI,0.0,0,0,0.0,0,0.009808042386020944
0,patch_42_37,10752,11008,9472,9728,65536,MSAVI,0.0,65536,,,,
0,patch_42_37,10752,11008,9472,9728,65536,NDVI,0.0,0,0,0.0,0,0.009808042386020944
0,patch_42_38,10752,11008,9728,9984,65536,MSAVI,0.0,65536,,,,
0,patch_42_38,10752,11008,9728,9984,65536,NDVI,0.0,0,0,0.0,0,0.009808042386020944
0,patch_42_39,10752,11008,9984,10240,65536,MSAVI,0.0,65536,,,,
0,patch_42_39,10752,11008,9984,10240,65536,NDVI,0.0,0,0,0.0,0,0.009808042386020944
0,patch_42_40,10752,11008,10240,10496,65536,MSAVI,0.0,65536,,,,
0,patch_42_40,10752,11008,10240,10496,65536,NDVI,0.0,0,0,0.0,0,0.009808042386020944
0,patch_42_41,10752,11008,10496,10752,65536,MSAVI,0.0,65536,,,,
0,patch_42_41,10752,11008,10496,10752,65536,NDVI,0.0,0,0,0.0,0,0.009808042386020944
0,patch_42_42,10752,11008,10752,11008,65536,MSAVI,0.0,65536,,,,
0,patch_42_42,10752,11008,10752,11008,65536,NDVI,0.0,0,0,0.0,0,0.009808042386020944
0,patch_42_43,10752,11008,11008,11264,65536,MSAVI,0.0,65536,,,,
0,patch_42_43,10752,11008,11008,11264,65536,NDVI,0.0,0,0,0.0,0,0.009808042386020944
0,patch_42_44,10752,11008,11264,11520,65536,MSAVI,0.0,65536,,,,
0,patch_42_44,10752,11008,11264,11520,65536,NDVI,0.0,0,0,0.0,0,0.009808042386020944
0,patch_42_45,10752,11008,11520,11776,65536,MSAVI,0.0,65536,,,,
0,patch_42_45,10752,11008,11520,11776,65536,NDVI,0.0,0,0,0.0,0,0.009808042386020944
0,patch_43_0,11008,11264,0,256,65536,MSAVI,0.0,65536,,,,
0,patch_43_0,11008,11264,0,256,65536,NDVI,0.0,0,0,0.0,0,0.009808042386020944
0,patch_43_1,11008,11264,256,512,65536,MSAVI,0.0,65536,,,,
0,patch_43_1,11008,11264,256,512,65536,NDVI,0.0,0,0,0.0,0,0.009808042386020944
0,patch_43_2,11008,11264,512,768,65536,MSAVI,0.0,65536,,,,
0,patch_43_2,11008,11264,512,768,65536,NDVI,0.0,0,0,0.0,0,0.009808042386020944
0,patch_43_3,11008,11264,768,1024,65536,MSAVI,0.0,65536,,,,
0,patch_43_3,11008,11264,768,1024,65536,NDVI,0.0,0,0,0.0,0,0.009808042386020944
0,patch_43_4,11008,11264,1024,1280,65536,MSAVI,0.0,65536,,,,
0,patch_43_4,11008,11264,1024,1280,65536,NDVI,0.0,0,0,0.0,0,0.009808042386020944
0,patch_43_5,11008,11264,1280,1536,65536,MSAVI,0.0,65536,,,,
0,patch_43_5,11008,11264,1280,1536,65536,NDVI,0.0,0,0,0.0,0,0.009808042386020944
0,patch_43_6,11008,11264,1536,1792,65536,MSAVI,0.0,65536,,,,
0,patch_43_6,11008,11264,1536,1792,65536,NDVI,0.0,0,0,0.0,0,0.009808042386020944
0,patch_43_7,11008,11264,1792,2048,65536,MSAVI,0.0,65536,,,,
0,patch_43_7,11008,11264,1792,2048,65536,NDVI,0.0,0,0,0.0,0,0.009808042386020944
0,patch_43_8,11008,11264,2048,2304,65536,MSAVI,0.0,65536,,,,
0,patch_43_8,11008,11264,2048,2304,65536,NDVI,0.0,0,0,0.0,0,0.009808042386020944
0,patch_43_9,11008,11264,2304,2560,65536,MSAVI,0.0,65536,,,,
0,patch_43_9,11008,11264,2304,2560,65536,NDVI,0.0,0,0,0.0,0,0.009808042386020944
0,patch_43_10,11008,11264,2560,2816,65536,MSAVI,0.0,65536,,,,
0,patch_43_10,11008,11264,2560,2816,65536,NDVI,0.0,0,0,0.0,0,0.009808042386020944
0,patch_43_11,11008,11264,2816,3072,65536,MSAVI,0.0,65536,,,,
0,patch_43_11,11008,11264,2816,3072,65536,NDVI,0.0,0,0,0.0,0,0.009808042386020944
0,patch_43_14,11008,11264,3584,3840,65536,MSAVI,-0.14453125,53751,,,,
0,patch_43_14,11008,11264,3584,3840,65536,NDVI,-0.99609375,11785,5822,0.030127765792233904,5719,0.04206505841158323
0,patch_43_15,11008,11264,3840,4096,65536,MSAVI,-0.16015625,53936,,,,
0,patch_43_15,11008,11264,3840,4096,65536,NDVI,-0.99609375,11600,6503,0.03194953273157611,6082,0.043087287362277044
0,patch_43_16,11008,11264,4096,4352,65536,MSAVI,-0.23046875,42043,,,,
0,patch_43_16,11008,11264,4096,4352,65536,NDVI,-0.99609375,23493,9428,0.019379936610412707,10115,0.0291076673073499
0,patch_43_17,11008,11264,4352,4608,65536,MSAVI,-0.16796875,45585,,,,
0,patch_43_17,11008,11264,4352,4608,65536,NDVI,-0.99609375,19951,3532,0.023619321663650356,3488,0.03027872868286663
0,patch_43_18,11008,11264,4608,4864,65536,MSAVI,-0.16015625,44825,,,,
0,patch_43_18,11008,11264,4608,4864,65536,NDVI,-0.99609375,20711,702,0.020353847533344016,1309,0.02808039805771259
0,patch_43_19,11008,11264,4864,5120,65536,MSAVI,-0.19140625,53292,,,,
0,patch_43_19,11008,11264,4864,5120,65536,NDVI,-0.99609375,12244,2137,0.03607961064014459,2133,0.04144864071726723
0,patch_43_20,11008,11264,5120,5376,65536,MSAVI,-0.28515625,51556,,,,
0,patch_43_20,11008,11264,5120,5376,65536,NDVI,-0.99609375,13980,7201,0.029970196978213445,7066,0.038942711199946495
0,patch_43_21,11008,11264,5376,5632,65536,MSAVI,-0.30078125,41952,,,,
0,patch_43_21,11008,11264,5376,5632,65536,NDVI,-0.99609375,23584,9171,0.018321657907659633,10367,0.026145554386292513
0,patch_43_22,11008,11264,5632,5888,65536,MSAVI,-0.14453125,47661,,,,
0,patch_43_22,11008,11264,5632,5888,65536,NDVI,-0.99609375,17875,4311,0.023660624466145308,4357,0.03339466482700479
0,patch_43_23,11008,11264,5888,6144,65536,MSAVI,-0.23046875,44818,,,,
0,patch_43_23,11008,11264,5888,6144,65536,NDVI,-0.99609375,20718,1379,0.01913090128468825,1353,0.024781259155399415
0,patch_43_24,11008,11264,6144,6400,65536,MSAVI,-0.16796875,47261,,,,
0,patch_43_24,11008,11264,6144,6400,65536,NDVI,-0.99609375,18275,4235,0.023777788139364056,4579,0.03169386083186637
0,patch_43_25,11008,11264,6400,6656,65536,MSAVI,-0.38671875,45072,,,,
0,patch_43_25,11008,11264,6400,6656,65536,NDVI,-0.99609375,20464,2891,0.021000887415293323,3264,0.028395669221202985
0,patch_43_26,11008,11264,6656,6912,65536,MSAVI,-0.19140625,47705,,,,
0,patch_43_26,11008,11264,6656,6912,65536,NDVI,-0.99609375,17831,1463,0.023204595889275786,1547,0.030686027933692406
0,patch_43_27,11008,11264,6912,7168,65536,MSAVI,-0.08984375,42259,,,,
0,patch_43_27,11008,11264,6912,7168,65536,NDVI,-0.56640625,22831,5147,0.01379129147898732,4968,0.022656284205433225
0,patch_43_28,11008,11264,7168,7424,65536,MSAVI,-0.18359375,43640,,,,
0,patch_43_28,11008,11264,7168,7424,65536,NDVI,-0.60546875,19071,4641,0.018133906427629007,4876,0.028623226707582633
0,patch_43_32,11008,11264,8192,8448,65536,MSAVI,0.0,65536,,,,
0,patch_43_32,11008,11264,8192,8448,65536,NDVI,0.0,0,0,0.0,0,0.009808042386020944
0,patch_43_33,11008,11264,8448,8704,65536,MSAVI,0.0,65536,,,,
0,patch_43_33,11008,11264,8448,8704,65536,NDVI,0.0,0,0,0.0,0,0.009808042386020944
0,patch_43_34,11008,11264,8704,8960,65536,MSAVI,0.0,65536,,,,
0,patch_43_34,11008,11264,8704,8960,65536,NDVI,0.0,0,0,0.0,0,0.009808042386020944
0,patch_43_35,11008,11264,8960,9216,65536,MSAVI,0.0,65536,,,,
0,patch_43_35,11008,11264,8960,9216,65536,NDVI,0.0,0,0,0.0,0,0.009808042386020944
0,patch_43_36,11008,11264,9216,9472,65536,MSAVI,0.0,65536,,,,
0,patch_43_36,11008,11264,9216,9472,65536,NDVI,0.0,0,0,0.0,0,0.009808042386020944
0,patch_43_37,11008,11264,9472,9728,65536,MSAVI,0.0,65536,,,,
0,patch_43_37,11008,11264,9472,9728,65536,NDVI,0.0,0,0,0.0,0,0.009808042386020944
0,patch_43_38,11008,11264,9728,9984,65536,MSAVI,0.0,65536,,,,
0,patch_43_38,11008,11264,9728,9984,65536,NDVI,0.0,0,0,0.0,0,0.009808042386020944
0,patch_43_39,11008,11264,9984,10240,65536,MSAVI,0.0,65536,,,,
0,patch_43_39,11008,11264,9984,10240,65536,NDVI,0.0,0,0,0.0,0,0.009808042386020944
0,patch_43_40,11008,11264,10240,10496,65536,MSAVI,0.0,65536,,,,
0,patch_43_40,11008,11264,10240,10496,65536,NDVI,0.0,0,0,0.0,0,0.009808042386020944
0,patch_43_41,11008,11264,10496,10752,65536,MSAVI,0.0,65536,,,,
0,patch_43_41,11008,11264,10496,10752,65536,NDVI,0.0,0,0,0.0,0,0.009808042386020944
0,patch_43_42,11008,11264,10752,11008,65536,MSAVI,0.0,65536,,,,
0,patch_43_42,11008,11264,10752,11008,65536,NDVI,0.0,0,0,0.0,0,0.009808042386020944
0,patch_43_43,11008,11264,11008,11264,65536,MSAVI,0.0,65536,,,,
0,patch_43_43,11008,11264,11008,11264,65536,NDVI,0.0,0,0,0.0,0,0.009808042386020944
0,patch_43_44,11008,11264,11264,11520,65536,MSAVI,0.0,65536,,,,
0,patch_43_44,11008,11264,11264,11520,65536,NDVI,0.0,0,0,0.0,0,0.009808042386020944
0,patch_43_45,11008,11264,11520,11776,65536,MSAVI,0.0,65536,,,,
0,patch_43_45,11008,11264,11520,11776,65536,NDVI,0.0,0,0,0.0,0,0.009808042386020944
0,patch_44_0,11264,11520,0,256,65536,MSAVI,0.0,65536,,,,
0,patch_44_0,11264,11520,0,256,65536,NDVI,0.0,0,0,0.0,0,0.009808042386020944
0,patch_44_1,11264,11520,256,512,65536,MSAVI,0.0,65536,,,,
0,patch_44_1,11264,11520,256,512,65536,NDVI,0.0,0,0,0.0,0,0.009808042386020944
0,patch_44_2,11264,11520,512,768,65536,MSAVI,0.0,65536,,,,
0,patch_44_2,11264,11520,512,768,65536,NDVI,0.0,0,0,0.0,0,0.009808042386020944
0,patch_44_3,11264,11520,768,1024,65536,MSAVI,0.0,65536,,,,
0,patch_44_3,11264,11520,768,1024,65536,NDVI,0.0,0,0,0.0,0,0.009808042386020944
0,patch_44_4,11264,11520,1024,1280,65536,MSAVI,0.0,65536,,,,
0,patch_44_4,11264,11520,1024,1280,65536,NDVI,0.0,0,0,0.0,0,0.009808042386020944
0,patch_44_5,11264,11520,1280,1536,65536,MSAVI,0.0,65536,,,,
0,patch_44_5,11264,11520,1280,1536,65536,NDVI,0.0,0,0,0.0,0,0.009808042386020944
0,patch_44_6,11264,11520,1536,1792,65536,MSAVI,0.0,65536,,,,
0,patch_44_6,11264,11520,1536,1792,65536,NDVI,0.0,0,0,0.0,0,0.009808042386020944
0,patch_44_7,11264,11520,1792,2048,65536,MSAVI,0.0,65536,,,,
0,patch_44_7,11264,11520,1792,2048,65536,NDVI,0.0,0,0,0.0,0,0.009808042386020944
0,patch_44_8,11264,11520,2048,2304,65536,MSAVI,0.0,65536,,,,
0,patch_44_8,11264,11520,2048,2304,65536,NDVI,0.0,0,0,0.0,0,0.009808042386020944
0,patch_44_9,11264,11520,2304,2560,65536,MSAVI,0.0,65536,,,,
0,patch_44_9,11264,11520,2304,2560,65536,NDVI,0.0,0,0,0.0,0,0.009808042386020944
0,patch_44_10,11264,11520,2560,2816,65536,MSAVI,0.0,65536,,,,
0,patch_44_10,11264,11520,2560,2816,65536,NDVI,0.0,0,0,0.0,0,0.009808042386020944
0,patch_44_11,11264,11520,2816,3072,65536,MSAVI,0.0,65536,,,,
0,patch_44_11,11264,11520,2816,3072,65536,NDVI,0.0,0,0,0.0,0,0.009808042386020944
0,patch_44_12,11264,11520,3072,3328,65536,MSAVI,0.0,65536,,,,
0,patch_44_12,11264,11520,3072,3328,65536,NDVI,0.0,0,0,0.0,0,0.009808042386020944
0,patch_44_14,11264,11520,3584,3840,65536,MSAVI,-0.06640625,44140,,,,
0,patch_44_14,11264,11520,3584,3840,65536,NDVI,-0.99609375,21396,6863,0.023815153368602876,6957,0.03151754244070765
0,patch_44_15,11264,11520,3840,4096,65536,MSAVI,-0.34765625,38855,,,,
0,patch_44_15,11264,11520,3840,4096,65536,NDVI,-0.99609375,26681,11415,0.013556049760625827,14420,0.024111478288142613
0,patch_44_16,11264,11520,4096,4352,65536,MSAVI,-0.21484375,41816,,,,
0,patch_44_16,11264,11520,4096,4352,65536,NDVI,-0.99609375,23720,8800,0.01950753470666769,10304,0.026951021025887006
0,patch_44_17,11264,11520,4352,4608,65536,MSAVI,-0.17578125,43794,,,,
0,patch_44_17,11264,11520,4352,4608,65536,NDVI,-0.61328125,21741,11846,0.020505938624382825,11203,0.0317377201579519
0,patch_44_18,11264,11520,4608,4864,65536,MSAVI,-0.16796875,43702,,,,
0,patch_44_18,11264,11520,4608,4864,65536,NDVI,-0.99609375,21834,1020,0.020652372121060913,1384,0.025697884197171644
0,patch_44_19,11264,11520,4864,5120,65536,MSAVI,-0.22265625,50622,,,,
0,patch_44_19,11264,11520,4864,5120,65536,NDVI,-0.99609375,14914,2176,0.030124490944205468,2202,0.0378025937622061
0,patch_44_20,11264,11520,5120,5376,65536,MSAVI,-0.24609375,48091,,,,
0,patch_44_20,11264,11520,5120,5376,65536,NDVI,-0.99609375,17445,6580,0.0268414696279725,6539,0.03734989686422491
0,patch_44_21,11264,11520,5376,5632,65536,MSAVI,-0.07421875,41368,,,,
0,patch_44_21,11264,11520,5376,5632,65536,NDVI,-0.99609375,24168,8823,0.01702830361606407,9504,0.026541830020983925
0,patch_44_22,11264,11520,5632,5888,65536,MSAVI,-0.17578125,45309,,,,
0,patch_44_22,11264,11520,5632,5888,65536,NDVI,-0.99609375,20227,2691,0.01980757965428262,3216,0.029664040178667722
0,patch_44_23,11264,11520,5888,6144,65536,MSAVI,-0.16015625,46018,,,,
0,patch_44_23,11264,11520,5888,6144,65536,NDVI,-0.99609375,19518,2680,0.02168181926838339,3161,0.030523588699352816
0,patch_44_24,11264,11520,6144,6400,65536,MSAVI,-0.16015625,46150,,,,
0,patch_44_24,11264,11520,6144,6400,65536,NDVI,-0.59765625,19386,936,0.019445902314046637,1538,0.026189943060649312
0,patch_44_25,11264,11520,6400,6656,65536,MSAVI,-0.20703125,43072,,,,
0,patch_44_25,11264,11520,6400,6656,65536,NDVI,-0.99609375,22464,6700,0.017075814008690043,7219,0.024238410647010405
0,patch_44_26,11264,11520,6656,6912,65536,MSAVI,-0.30078125,46434,,,,
0,patch_44_26,11264,11520,6656,6912,65536,NDVI,-0.58984375,19102,1800,0.018456886207431536,1815,0.02706651133823379
0,patch_44_27,11264,11520,6912,7168,65536,MSAVI,-0.19921875,47846,,,,
0,patch_44_27,11264,11520,6912,7168,65536,NDVI,-0.57421875,17684,1860,0.018959322126124348,2016,0.027198272930701817
0,patch_44_30,11264,11520,7680,7936,65536,MSAVI,0.0,65536,,,,
0,patch_44_30,11264,11520,7680,7936,65536,NDVI,0.0,0,0,0.0,0,0.009808042386020944
0,patch_44_31,11264,11520,7936,8192,65536,MSAVI,0.0,65536,,,,
0,patch_44_31,11264,11520,7936,8192,65536,NDVI,0.0,0,0,0.0,0,0.009808042386020944
0,patch_44_32,11264,11520,8192,8448,65536,MSAVI,0.0,65536,,,,
0,patch_44_32,11264,11520,8192,8448,65536,NDVI,0.0,0,0,0.0,0,0.009808042386020944
0,patch_44_33,11264,11520,8448,8704,65536,MSAVI,0.0,65536,,,,
0,patch_44_33,11264,11520,8448,8704,65536,NDVI,0.0,0,0,0.0,0,0.009808042386020944
0,patch_44_34,11264,11520,8704,8960,65536,MSAVI,0.0,65536,,,,
0,patch_44_34,11264,11520,8704,8960,65536,NDVI,0.0,0,0,0.0,0,0.009808042386020944
0,patch_44_35,11264,11520,8960,9216,65536,MSAVI,0.0,65536,,,,
0,patch_44_35,11264,11520,8960,9216,65536,NDVI,0.0,0,0,0.0,0,0.009808042386020944
0,patch_44_36,11264,11520,9216,9472,65536,MSAVI,0.0,65536,,,,
0,patch_44_36,11264,11520,9216,9472,65536,NDVI,0.0,0,0,0.0,0,0.009808042386020944
0,patch_44_37,11264,11520,9472,9728,65536,MSAVI,0.0,65536,,,,
0,patch_44_37,11264,11520,9472,9728,65536,NDVI,0.0,0,0,0.0,0,0.009808042386020944
0,patch_44_38,11264,11520,9728,9984,65536,MSAVI,0.0,65536,,,,
0,patch_44_38,11264,11520,9728,9984,65536,NDVI,0.0,0,0,0.0,0,0.009808042386020944
0,patch_44_39,11264,11520,9984,10240,65536,MSAVI,0.0,65536,,,,
0,patch_44_39,11264,11520,9984,10240,65536,NDVI,0.0,0,0,0.0,0,0.009808042386020944
0,patch_44_40,11264,11520,10240,10496,65536,MSAVI,0.0,65536,,,,
0,patch_44_40,11264,11520,10240,10496,65536,NDVI,0.0,0,0,0.0,0,0.009808042386020944
0,patch_44_41,11264,11520,10496,10752,65536,MSAVI,0.0,65536,,,,
0,patch_44_41,11264,11520,10496,10752,65536,NDVI,0.0,0,0,0.0,0,0.009808042386020944
0,patch_44_42,11264,11520,10752,11008,65536,MSAVI,0.0,65536,,,,
0,patch_44_42,11264,11520,10752,11008,65536,NDVI,0.0,0,0,0.0,0,0.009808042386020944
0,patch_44_43,11264,11520,11008,11264,65536,MSAVI,0.0,65536,,,,
0,patch_44_43,11264,11520,11008,11264,65536,NDVI,0.0,0,0,0.0,0,0.009808042386020944
0,patch_44_44,11264,11520,11264,11520,65536,MSAVI,0.0,65536,,,,
0,patch_44_44,11264,11520,11264,11520,65536,NDVI,0.0,0,0,0.0,0,0.009808042386020944
0,patch_44_45,11264,11520,11520,11776,65536,MSAVI,0.0,65536,,,,
0,patch_44_45,11264,11520,11520,11776,65536,NDVI,0.0,0,0,0.0,0,0.009808042386020944
0,patch_45_0,11520,11776,0,256,65536,MSAVI,0.0,65536,,,,
0,patch_45_0,11520,11776,0,256,65536,NDVI,0.0,0,0,0.0,0,0.009808042386020944
0,patch_45_1,11520,11776,256,512,65536,MSAVI,0.0,65536,,,,
0,patch_45_1,11520,11776,256,512,65536,NDVI,0.0,0,0,0.0,0,0.009808042386020944
0,patch_45_2,11520,11776,512,768,65536,MSAVI,0.0,65536,,,,
0,patch_45_2,11520,11776,512,768,65536,NDVI,0.0,0,0,0.0,0,0.009808042386020944
0,patch_45_3,11520,11776,768,1024,65536,MSAVI,0.0,65536,,,,
0,patch_45_3,11520,11776,768,1024,65536,NDVI,0.0,0,0,0.0,0,0.009808042386020944
0,patch_45_4,11520,11776,1024,1280,65536,MSAVI,0.0,65536,,,,
0,patch_45_4,11520,11776,1024,1280,65536,NDVI,0.0,0,0,0.0,0,0.009808042386020944
0,patch_45_5,11520,11776,1280,1536,65536,MSAVI,0.0,65536,,,,
0,patch_45_5,11520,11776,1280,1536,65536,NDVI,0.0,0,0,0.0,0,0.009808042386020944
0,patch_45_6,11520,11776,1536,1792,65536,MSAVI,0.0,65536,,,,
0,patch_45_6,11520,11776,1536,1792,65536,NDVI,0.0,0,0,0.0,0,0.009808042386020944
0,patch_45_7,11520,11776,1792,2048,65536,MSAVI,0.0,65536,,,,
0,patch_45_7,11520,11776,1792,2048,65536,NDVI,0.0,0,0,0.0,0,0.009808042386020944
0,patch_45_8,11520,11776,2048,2304,65536,MSAVI,0.0,65536,,,,
0,patch_45_8,11520,11776,2048,2304,65536,NDVI,0.0,0,0,0.0,0,0.009808042386020944
0,patch_45_9,11520,11776,2304,2560,65536,MSAVI,0.0,65536,,,,
0,patch_45_9,11520,11776,2304,2560,65536,NDVI,0.0,0,0,0.0,0,0.009808042386020944
0,patch_45_10,11520,11776,2560,2816,65536,MSAVI,0.0,65536,,,,
0,patch_45_10,11520,11776,2560,2816,65536,NDVI,0.0,0,0,0.0,0,0.009808042386020944
0,patch_45_11,11520,11776,2816,3072,65536,MSAVI,0.0,65536,,,,
0,patch_45_11,11520,11776,2816,3072,65536,NDVI,0.0,0,0,0.0,0,0.009808042386020944
0,patch_45_12,11520,11776,3072,3328,65536,MSAVI,0.0,65536,,,,
0,patch_45_12,11520,11776,3072,3328,65536,NDVI,0.0,0,0,0.0,0,0.009808042386020944
0,patch_45_15,11520,11776,3840,4096,65536,MSAVI,-0.19140625,44009,,,,
0,patch_45_15,11520,11776,3840,4096,65536,NDVI,-0.99609375,21527,6164,0.02101603602343316,6901,0.02995711241757021
0,patch_45_16,11520,11776,4096,4352,65536,MSAVI,-0.24609375,40392,,,,
0,patch_45_16,11520,11776,4096,4352,65536,NDVI,-0.99609375,25144,9750,0.015594711288773655,12368,0.02639526286862781
0,patch_45_17,11520,11776,4352,4608,65536,MSAVI,-0.28515625,40506,,,,
0,patch_45_17,11520,11776,4352,4608,65536,NDVI,-0.99609375,25030,8881,0.0158987202309821,9621,0.022988481233574692
0,patch_45_18,11520,11776,4608,4864,65536,MSAVI,-0.16015625,49594,,,,
0,patch_45_18,11520,11776,4608,4864,65536,NDVI,-0.99609375,15942,7805,0.029275480849277793,65536,0.04022164712719353
0,patch_45_19,11520,11776,4864,5120,65536,MSAVI,-0.12109375,47807,,,,
0,patch_45_19,11520,11776,4864,5120,65536,NDVI,-0.99609375,17729,6334,0.026786641465512545,6651,0.03601969862038398
0,patch_45_20,11520,11776,5120,5376,65536,MSAVI,-0.33984375,50865,,,,
0,patch_45_20,11520,11776,5120,5376,65536,NDVI,-0.99609375,14671,701,0.032837436182851065,981,0.037489930235752394
0,patch_45_21,11520,11776,5376,5632,65536,MSAVI,-0.11328125,54919,,,,
0,patch_45_21,11520,11776,5376,5632,65536,NDVI,-0.55859375,10616,5113,0.03234670597936386,4799,0.04300796580042332
0,patch_45_22,11520,11776,5632,5888,65536,MSAVI,-0.26953125,49803,,,,
0,patch_45_22,11520,11776,5632,5888,65536,NDVI,-0.47265625,15733,7768,0.023627665136535997,7295,0.03661660071770581
0,patch_45_23,11520,11776,5888,6144,65536,MSAVI,-0.16015625,49459,,,,
0,patch_45_23,11520,11776,5888,6144,65536,NDVI,-0.58203125,16077,146,0.026019014909591423,150,0.032279490478836353
0,patch_45_24,11520,11776,6144,6400,65536,MSAVI,-0.12109375,40439,,,,
0,patch_45_24,11520,11776,6144,6400,65536,NDVI,-0.55859375,25095,5638,0.011764513968688939,7566,0.019935963407107904
0,patch_45_25,11520,11776,6400,6656,65536,MSAVI,-0.15234375,43535,,,,
0,patch_45_25,11520,11776,6400,6656,65536,NDVI,-0.61328125,22000,2701,0.015668583238019812,3441,0.025865596258510398
0,patch_45_29,11520,11776,7424,7680,65536,MSAVI,0.0,65536,,,,
0,patch_45_29,11520,11776,7424,7680,65536,NDVI,0.0,0,0,0.0,0,0.009808042386020944
0,patch_45_30,11520,11776,7680,7936,65536,MSAVI,0.0,65536,,,,
0,patch_45_30,11520,11776,7680,7936,65536,NDVI,0.0,0,0,0.0,0,0.009808042386020944
0,patch_45_31,11520,11776,7936,8192,65536,MSAVI,0.0,65536,,,,
0,patch_45_31,11520,11776,7936,8192,65536,NDVI,0.0,0,0,0.0,0,0.009808042386020944
0,patch_45_32,11520,11776,8192,8448,65536,MSAVI,0.0,65536,,,,
0,patch_45_32,11520,11776,8192,8448,65536,NDVI,0.0,0,0,0.0,0,0.009808042386020944
0,patch_45_33,11520,11776,8448,8704,65536,MSAVI,0.0,65536,,,,
0,patch_45_33,11520,11776,8448,8704,65536,NDVI,0.0,0,0,0.0,0,0.009808042386020944
0,patch_45_34,11520,11776,8704,8960,65536,MSAVI,0.0,65536,,,,
0,patch_45_34,11520,11776,8704,8960,65536,NDVI,0.0,0,0,0.0,0,0.009808042386020944
0,patch_45_35,11520,11776,8960,9216,65536,MSAVI,0.0,65536,,,,
0,patch_45_35,11520,11776,8960,9216,65536,NDVI,0.0,0,0,0.0,0,0.009808042386020944
0,patch_45_36,11520,11776,9216,9472,65536,MSAVI,0.0,65536,,,,
0,patch_45_36,11520,11776,9216,9472,65536,NDVI,0.0,0,0,0.0,0,0.009808042386020944
0,patch_45_37,11520,11776,9472,9728,65536,MSAVI,0.0,65536,,,,
0,patch_45_37,11520,11776,9472,9728,65536,NDVI,0.0,0,0,0.0,0,0.009808042386020944
0,patch_45_38,11520,11776,9728,9984,65536,MSAVI,0.0,65536,,,,
0,patch_45_38,11520,11776,9728,9984,65536,NDVI,0.0,0,0,0.0,0,0.009808042386020944
0,patch_45_39,11520,11776,9984,10240,65536,MSAVI,0.0,65536,,,,
0,patch_45_39,11520,11776,9984,10240,65536,NDVI,0.0,0,0,0.0,0,0.009808042386020944
0,patch_45_40,11520,11776,10240,10496,65536,MSAVI,0.0,65536,,,,
0,patch_45_40,11520,11776,10240,10496,65536,NDVI,0.0,0,0,0.0,0,0.009808042386020944
0,patch_45_41,11520,11776,10496,10752,65536,MSAVI,0.0,65536,,,,
0,patch_45_41,11520,11776,10496,10752,65536,NDVI,0.0,0,0,0.0,0,0.009808042386020944
0,patch_45_42,11520,11776,10752,11008,65536,MSAVI,0.0,65536,,,,
0,patch_45_42,11520,11776,10752,11008,65536,NDVI,0.0,0,0,0.0,0,0.009808042386020944
0,patch_45_43,11520,11776,11008,11264,65536,MSAVI,0.0,65536,,,,
0,patch_45_43,11520,11776,11008,11264,65536,NDVI,0.0,0,0,0.0,0,0.009808042386020944
0,patch_45_44,11520,11776,11264,11520,65536,MSAVI,0.0,65536,,,,
0,patch_45_44,11520,11776,11264,11520,65536,NDVI,0.0,0,0,0.0,0,0.009808042386020944
0,patch_45_45,11520,11776,11520,11776,65536,MSAVI,0.0,65536,,,,
0,patch_45_45,11520,11776,11520,11776,65536,NDVI,0.0,0,0,0.0,0,0.009808042386020944
0,patch_46_0,11776,12032,0,256,65536,MSAVI,0.0,65536,,,,
0,patch_46_0,11776,12032,0,256,65536,NDVI,0.0,0,0,0.0,0,0.009808042386020944
0,patch_46_1,11776,12032,256,512,65536,MSAVI,0.0,65536,,,,
0,patch_46_1,11776,12032,256,512,65536,NDVI,0.0,0,0,0.0,0,0.009808042386020944
0,patch_46_2,11776,12032,512,768,65536,MSAVI,0.0,65536,,,,
0,patch_46_2,11776,12032,512,768,65536,NDVI,0.0,0,0,0.0,0,0.009808042386020944
0,patch_46_3,11776,12032,768,1024,65536,MSAVI,0.0,65536,,,,
0,patch_46_3,11776,12032,768,1024,65536,NDVI,0.0,0,0,0.0,0,0.009808042386020944
0,patch_46_4,11776,12032,1024,1280,65536,MSAVI,0.0,65536,,,,
0,patch_46_4,11776,12032,1024,1280,65536,NDVI,0.0,0,0,0.0,0,0.009808042386020944
0,patch_46_5,11776,12032,1280,1536,65536,MSAVI,0.0,65536,,,,
0,patch_46_5,11776,12032,1280,1536,65536,NDVI,0.0,0,0,0.0,0,0.009808042386020944
0,patch_46_6,11776,12032,1536,1792,65536,MSAVI,0.0,65536,,,,
0,patch_46_6,11776,12032,1536,1792,65536,NDVI,0.0,0,0,0.0,0,0.009808042386020944
0,patch_46_7,11776,12032,1792,2048,65536,MSAVI,0.0,65536,,,,
0,patch_46_7,11776,12032,1792,2048,65536,NDVI,0.0,0,0,0.0,0,0.009808042386020944
0,patch_46_8,11776,12032,2048,2304,65536,MSAVI,0.0,65536,,,,
0,patch_46_8,11776,12032,2048,2304,65536,NDVI,0.0,0,0,0.0,0,0.009808042386020944
0,patch_46_9,11776,12032,2304,2560,65536,MSAVI,0.0,65536,,,,
0,patch_46_9,11776,12032,2304,2560,65536,NDVI,0.0,0,0,0.0,0,0.009808042386020944
0,patch_46_10,11776,12032,2560,2816,65536,MSAVI,0.0,65536,,,,
0,patch_46_10,11776,12032,2560,2816,65536,NDVI,0.0,0,0,0.0,0,0.009808042386020944
0,patch_46_11,11776,12032,2816,3072,65536,MSAVI,0.0,65536,,,,
0,patch_46_11,11776,12032,2816,3072,65536,NDVI,0.0,0,0,0.0,0,0.009808042386020944
0,patch_46_12,11776,12032,3072,3328,65536,MSAVI,0.0,65536,,,,
0,patch_46_12,11776,12032,3072,3328,65536,NDVI,0.0,0,0,0.0,0,0.009808042386020944
0,patch_46_13,11776,12032,3328,3584,65536,MSAVI,0.0,65536,,,,
0,patch_46_13,11776,12032,3328,3584,65536,NDVI,0.0,0,0,0.0,0,0.009808042386020944
0,patch_46_15,11776,12032,3840,4096,65536,MSAVI,-0.18359375,45954,,,,
0,patch_46_15,11776,12032,3840,4096,65536,NDVI,-0.99609375,19582,7075,0.02487938540845616,7006,0.03162301329759021
0,patch_46_16,11776,12032,4096,4352,65536,MSAVI,-0.02734375,43844,,,,
0,patch_46_16,11776,12032,4096,4352,65536,NDVI,-0.99609375,21692,8246,0.019200248879162135,9917,0.028883972500549693
0,patch_46_17,11776,12032,4352,4608,65536,MSAVI,-0.20703125,55658,,,,
0,patch_46_17,11776,12032,4352,4608,65536,NDVI,-0.58984375,9878,2461,0.029632069529223315,2154,0.03950715572579758
0,patch_46_18,11776,12032,4608,4864,65536,MSAVI,-0.24609375,48330,,,,
0,patch_46_18,11776,12032,4608,4864,65536,NDVI,-0.99609375,17206,2656,0.02587269777856388,2820,0.035160048632832425
0,patch_46_19,11776,12032,4864,5120,65536,MSAVI,-0.17578125,49864,,,,
0,patch_46_19,11776,12032,4864,5120,65536,NDVI,-0.99609375,15672,741,0.028290768909537634,838,0.034903043230427255
0,patch_46_20,11776,12032,5120,5376,65536,MSAVI,-0.18359375,53388,,,,
0,patch_46_20,11776,12032,5120,5376,65536,NDVI,-0.99609375,12148,2283,0.028675372389581608,2067,0.04484909380781238
0,patch_46_21,11776,12032,5376,5632,65536,MSAVI,-0.40234375,52528,,,,
0,patch_46_21,11776,12032,5376,5632,65536,NDVI,-0.99609375,13008,5522,0.03438864065589334,65536,0.0400495495606287
0,patch_46_22,11776,12032,5632,5888,65536,MSAVI,-0.30078125,53257,,,,
0,patch_46_22,11776,12032,5632,5888,65536,NDVI,-0.58203125,12274,4912,0.031037410675092192,4833,0.0420285471186434
0,patch_46_23,11776,12032,5888,6144,65536,MSAVI,-0.26171875,48241,,,,
0,patch_46_23,11776,12032,5888,6144,65536,NDVI,-0.55078125,17292,7641,0.026188319987750563,7171,0.033895299243509064
0,patch_46_27,11776,12032,6912,7168,65536,MSAVI,0.0,65536,,,,
0,patch_46_27,11776,12032,6912,7168,65536,NDVI,0.0,0,0,0.0,0,0.009808042386020944
0,patch_46_28,11776,12032,7168,7424,65536,MSAVI,0.0,65536,,,,
0,patch_46_28,11776,12032,7168,7424,65536,NDVI,0.0,0,0,0.0,0,0.009808042386020944
0,patch_46_29,11776,12032,7424,7680,65536,MSAVI,0.0,65536,,,,
0,patch_46_29,11776,12032,7424,7680,65536,NDVI,0.0,0,0,0.0,0,0.009808042386020944
0,patch_46_30,11776,12032,7680,7936,65536,MSAVI,0.0,65536,,,,
0,patch_46_30,11776,12032,7680,7936,65536,NDVI,0.0,0,0,0.0,0,0.009808042386020944
0,patch_46_31,11776,12032,7936,8192,65536,MSAVI,0.0,65536,,,,
0,patch_46_31,11776,12032,7936,8192,65536,NDVI,0.0,0,0,0.0,0,0.009808042386020944
0,patch_46_32,11776,12032,8192,8448,65536,MSAVI,0.0,65536,,,,
0,patch_46_32,11776,12032,8192,8448,65536,NDVI,0.0,0,0,0.0,0,0.009808042386020944
0,patch_46_33,11776,12032,8448,8704,65536,MSAVI,0.0,65536,,,,
0,patch_46_33,11776,12032,8448,8704,65536,NDVI,0.0,0,0,0.0,0,0.009808042386020944
0,patch_46_34,11776,12032,8704,8960,65536,MSAVI,0.0,65536,,,,
0,patch_46_34,11776,12032,8704,8960,65536,NDVI,0.0,0,0,0.0,0,0.009808042386020944
0,patch_46_35,11776,12032,8960,9216,65536,MSAVI,0.0,65536,,,,
0,patch_46_35,11776,12032,8960,9216,65536,NDVI,0.0,0,0,0.0,0,0.009808042386020944
0,patch_46_36,11776,12032,9216,9472,65536,MSAVI,0.0,65536,,,,
0,patch_46_36,11776,12032,9216,9472,65536,NDVI,0.0,0,0,0.0,0,0.009808042386020944
0,patch_46_37,11776,12032,9472,9728,65536,MSAVI,0.0,65536,,,,
0,patch_46_37,11776,12032,9472,9728,65536,NDVI,0.0,0,0,0.0,0,0.009808042386020944
0,patch_46_38,11776,12032,9728,9984,65536,MSAVI,0.0,65536,,,,
0,patch_46_38,11776,12032,9728,9984,65536,NDVI,0.0,0,0,0.0,0,0.009808042386020944
0,patch_46_39,11776,12032,9984,10240,65536,MSAVI,0.0,65536,,,,
0,patch_46_39,11776,12032,9984,10240,65536,NDVI,0.0,0,0,0.0,0,0.009808042386020944
0,patch_46_40,11776,12032,10240,10496,65536,MSAVI,0.0,65536,,,,
0,patch_46_40,11776,12032,10240,10496,65536,NDVI,0.0,0,0,0.0,0,0.009808042386020944
0,patch_46_41,11776,12032,10496,10752,65536,MSAVI,0.0,65536,,,,
0,patch_46_41,11776,12032,10496,10752,65536,NDVI,0.0,0,0,0.0,0,0.009808042386020944
0,patch_46_42,11776,12032,10752,11008,65536,MSAVI,0.0,65536,,,,
0,patch_46_42,11776,12032,10752,11008,65536,NDVI,0.0,0,0,0.0,0,0.009808042386020944
0,patch_46_43,11776,12032,11008,11264,65536,MSAVI,0.0,65536,,,,
0,patch_46_43,11776,12032,11008,11264,65536,NDVI,0.0,0,0,0.0,0,0.009808042386020944
0,patch_46_44,11776,12032,11264,11520,65536,MSAVI,0.0,65536,,,,
0,patch_46_44,11776,12032,11264,11520,65536,NDVI,0.0,0,0,0.0,0,0.009808042386020944
0,patch_46_45,11776,12032,11520,11776,65536,MSAVI,0.0,65536,,,,
0,patch_46_45,11776,12032,11520,11776,65536,NDVI,0.0,0,0,0.0,0,0.009808042386020944
0,patch_47_0,12032,12288,0,256,65536,MSAVI,0.0,65536,,,,
0,patch_47_0,12032,12288,0,256,65536,NDVI,0.0,0,0,0.0,0,0.009808042386020944
0,patch_47_1,12032,12288,256,512,65536,MSAVI,0.0,65536,,,,
0,patch_47_1,12032,12288,256,512,65536,NDVI,0.0,0,0,0.0,0,0.009808042386020944
0,patch_47_2,12032,12288,512,768,65536,MSAVI,0.0,65536,,,,
0,patch_47_2,12032,12288,512,768,65536,NDVI,0.0,0,0,0.0,0,0.009808042386020944
0,patch_47_3,12032,12288,768,1024,65536,MSAVI,0.0,65536,,,,
0,patch_47_3,12032,12288,768,1024,65536,NDVI,0.0,0,0,0.0,0,0.009808042386020944
0,patch_47_4,12032,12288,1024,1280,65536,MSAVI,0.0,65536,,,,
0,patch_47_4,12032,12288,1024,1280,65536,NDVI,0.0,0,0,0.0,0,0.009808042386020944
0,patch_47_5,12032,12288,1280,1536,65536,MSAVI,0.0,65536,,,,
0,patch_47_5,12032,12288,1280,1536,65536,NDVI,0.0,0,0,0.0,0,0.009808042386020944
0,patch_47_6,12032,12288,1536,1792,65536,MSAVI,0.0,65536,,,,
0,patch_47_6,12032,12288,1536,1792,65536,NDVI,0.0,0,0,0.0,0,0.009808042386020944
0,patch_47_7,12032,12288,1792,2048,65536,MSAVI,0.0,65536,,,,
0,patch_47_7,12032,12288,1792,2048,65536,NDVI,0.0,0,0,0.0,0,0.009808042386020944
0,patch_47_8,12032,12288,2048,2304,65536,MSAVI,0.0,65536,,,,
0,patch_47_8,12032,12288,2048,2304,65536,NDVI,0.0,0,0,0.0,0,0.009808042386020944
0,patch_47_9,12032,12288,2304,2560,65536,MSAVI,0.0,65536,,,,
0,patch_47_9,12032,12288,2304,2560,65536,NDVI,0.0,0,0,0.0,0,0.009808042386020944
0,patch_47_10,12032,12288,2560,2816,65536,MSAVI,0.0,65536,,,,
0,patch_47_10,12032,12288,2560,2816,65536,NDVI,0.0,0,0,0.0,0,0.009808042386020944
0,patch_47_11,12032,12288,2816,3072,65536,MSAVI,0.0,65536,,,,
0,patch_47_11,12032,12288,2816,3072,65536,NDVI,0.0,0,0,0.0,0,0.009808042386020944
0,patch_47_12,12032,12288,3072,3328,65536,MSAVI,0.0,65536,,,,
0,patch_47_12,12032,12288,3072,3328,65536,NDVI,0.0,0,0,0.0,0,0.009808042386020944
0,patch_47_13,12032,12288,3328,3584,65536,MSAVI,0.0,65536,,,,
0,patch_47_13,12032,12288,3328,3584,65536,NDVI,0.0,0,0,0.0,0,0.009808042386020944
0,patch_47_16,12032,12288,4096,4352,65536,MSAVI,-0.14453125,47674,,,,
0,patch_47_16,12032,12288,4096,4352,65536,NDVI,-0.99609375,17862,4176,0.023442068747071804,4415,0.03301920450085019
0,patch_47_17,12032,12288,4352,4608,65536,MSAVI,-0.28515625,47513,,,,
0,patch_47_17,12032,12288,4352,4608,65536,NDVI,-0.99609375,18023,5036,0.024831691726105054,5195,0.032642374859282924
0,patch_47_18,12032,12288,4608,4864,65536,MSAVI,-0.21484375,43902,,,,
0,patch_47_18,12032,12288,4608,4864,65536,NDVI,-0.99609375,21634,6441,0.021742509610453722,6697,0.030469934736664844
0,patch_47_19,12032,12288,4864,5120,65536,MSAVI,-0.27734375,39905,,,,
0,patch_47_19,12032,12288,4864,5120,65536,NDVI,-0.99609375,25631,4050,0.011167075937972004,6437,0.020795912709489522
0,patch_47_20,12032,12288,5120,5376,65536,MSAVI,-0.27734375,48696,,,,
0,patch_47_20,12032,12288,5120,5376,65536,NDVI,-0.99609375,16840,3633,0.02663309252620079,3085,0.0339577428995973
0,patch_47_21,12032,12288,5376,5632,65536,MSAVI,-0.22265625,46875,,,,
0,patch_47_21,12032,12288,5376,5632,65536,NDVI,-0.99609375,18661,2047,0.023053787167528955,2024,0.029111021111111246
0,patch_47_22,12032,12288,5632,5888,65414,MSAVI,-0.29296875,45858,,,,
0,patch_47_22,12032,12288,5632,5888,65414,NDVI,-0.99609375,19678,1895,0.021265594678260613,1955,0.027003610383404514
0,patch_47_25,12032,12288,6400,6656,65536,MSAVI,0.0,65536,,,,
0,patch_47_25,12032,12288,6400,6656,65536,NDVI,0.0,0,0,0.0,0,0.009808042386020944
0,patch_47_26,12032,12288,6656,6912,65536,MSAVI,0.0,65536,,,,
0,patch_47_26,12032,12288,6656,6912,65536,NDVI,0.0,0,0,0.0,0,0.009808042386020944
0,patch_47_27,12032,12288,6912,7168,65536,MSAVI,0.0,65536,,,,
0,patch_47_27,12032,12288,6912,7168,65536,NDVI,0.0,0,0,0.0,0,0.009808042386020944
0,patch_47_28,12032,12288,7168,7424,65536,MSAVI,0.0,65536,,,,
0,patch_47_28,12032,12288,7168,7424,65536,NDVI,0.0,0,0,0.0,0,0.009808042386020944
0,patch_47_29,12032,12288,7424,7680,65536,MSAVI,0.0,65536,,,,
0,patch_47_29,12032,12288,7424,7680,65536,NDVI,0.0,0,0,0.0,0,0.009808042386020944
0,patch_47_30,12032,12288,7680,7936,65536,MSAVI,0.0,65536,,,,
0,patch_47_30,12032,12288,7680,7936,65536,NDVI,0.0,0,0,0.0,0,0.009808042386020944
0,patch_47_31,12032,12288,7936,8192,65536,MSAVI,0.0,65536,,,,
0,patch_47_31,12032,12288,7936,8192,65536,NDVI,0.0,0,0,0.0,0,0.009808042386020944
0,patch_47_32,12032,12288,8192,8448,65536,MSAVI,0.0,65536,,,,
0,patch_47_32,12032,12288,8192,8448,65536,NDVI,0.0,0,0,0.0,0,0.009808042386020944
0,patch_47_33,12032,12288,8448,8704,65536,MSAVI,0.0,65536,,,,
0,patch_47_33,12032,12288,8448,8704,65536,NDVI,0.0,0,0,0.0,0,0.009808042386020944
0,patch_47_34,12032,12288,8704,8960,65536,MSAVI,0.0,65536,,,,
0,patch_47_34,12032,12288,8704,8960,65536,NDVI,0.0,0,0,0.0,0,0.009808042386020944
0,patch_47_35,12032,12288,8960,9216,65536,MSAVI,0.0,65536,,,,
0,patch_47_35,12032,12288,8960,9216,65536,NDVI,0.0,0,0,0.0,0,0.009808042386020944
0,patch_47_36,12032,12288,9216,9472,65536,MSAVI,0.0,65536,,,,
0,patch_47_36,12032,12288,9216,9472,65536,NDVI,0.0,0,0,0.0,0,0.009808042386020944
0,patch_47_37,12032,12288,9472,9728,65536,MSAVI,0.0,65536,,,,
0,patch_47_37,12032,12288,9472,9728,65536,NDVI,0.0,0,0,0.0,0,0.009808042386020944
0,patch_47_38,12032,12288,9728,9984,65536,MSAVI,0.0,65536,,,,
0,patch_47_38,12032,12288,9728,9984,65536,NDVI,0.0,0,0,0.0,0,0.009808042386020944
0,patch_47_39,12032,12288,9984,10240,65536,MSAVI,0.0,65536,,,,
0,patch_47_39,12032,12288,9984,10240,65536,NDVI,0.0,0,0,0.0,0,0.009808042386020944
0,patch_47_40,12032,12288,10240,10496,65536,MSAVI,0.0,65536,,,,
0,patch_47_40,12032,12288,10240,10496,65536,NDVI,0.0,0,0,0.0,0,0.009808042386020944
0,patch_47_41,12032,12288,10496,10752,65536,MSAVI,0.0,65536,,,,
0,patch_47_41,12032,12288,10496,10752,65536,NDVI,0.0,0,0,0.0,0,0.009808042386020944
0,patch_47_42,12032,12288,10752,11008,65536,MSAVI,0.0,65536,,,,
0,patch_47_42,12032,12288,10752,11008,65536,NDVI,0.0,0,0,0.0,0,0.009808042386020944
0,patch_47_43,12032,12288,11008,11264,65536,MSAVI,0.0,65536,,,,
0,patch_47_43,12032,12288,11008,11264,65536,NDVI,0.0,0,0,0.0,0,0.009808042386020944
0,patch_47_44,12032,12288,11264,11520,65536,MSAVI,0.0,65536,,,,
0,patch_47_44,12032,12288,11264,11520,65536,NDVI,0.0,0,0,0.0,0,0.009808042386020944
0,patch_47_45,12032,12288,11520,11776,65536,MSAVI,0.0,65536,,,,
0,patch_47_45,12032,12288,11520,11776,65536,NDVI,0.0,0,0,0.0,0,0.009808042386020944
0,patch_48_0,12288,12544,0,256,65536,MSAVI,0.0,65536,,,,
0,patch_48_0,12288,12544,0,256,65536,NDVI,0.0,0,0,0.0,0,0.009808042386020944
0,patch_48_1,12288,12544,256,512,65536,MSAVI,0.0,65536,,,,
0,patch_48_1,12288,12544,256,512,65536,NDVI,0.0,0,0,0.0,0,0.009808042386020944
0,patch_48_2,12288,12544,512,768,65536,MSAVI,0.0,65536,,,,
0,patch_48_2,12288,12544,512,768,65536,NDVI,0.0,0,0,0.0,0,0.009808042386020944
0,patch_48_3,12288,12544,768,1024,65536,MSAVI,0.0,65536,,,,
0,patch_48_3,12288,12544,768,1024,65536,NDVI,0.0,0,0,0.0,0,0.009808042386020944
0,patch_48_4,12288,12544,1024,1280,65536,MSAVI,0.0,65536,,,,
0,patch_48_4,12288,12544,1024,1280,65536,NDVI,0.0,0,0,0.0,0,0.009808042386020944
0,patch_48_5,12288,12544,1280,1536,65536,MSAVI,0.0,65536,,,,
0,patch_48_5,12288,12544,1280,1536,65536,NDVI,0.0,0,0,0.0,0,0.009808042386020944
0,patch_48_6,12288,12544,1536,1792,65536,MSAVI,0.0,65536,,,,
0,patch_48_6,12288,12544,1536,1792,65536,NDVI,0.0,0,0,0.0,0,0.009808042386020944
0,patch_48_7,12288,12544,1792,2048,65536,MSAVI,0.0,65536,,,,
0,patch_48_7,12288,12544,1792,2048,65536,NDVI,0.0,0,0,0.0,0,0.009808042386020944
0,patch_48_8,12288,12544,2048,2304,65536,MSAVI,0.0,65536,,,,
0,patch_48_8,12288,12544,2048,2304,65536,NDVI,0.0,0,0,0.0,0,0.009808042386020944
0,patch_48_9,12288,12544,2304,2560,65536,MSAVI,0.0,65536,,,,
0,patch_48_9,12288,12544,2304,2560,65536,NDVI,0.0,0,0,0.0,0,0.009808042386020944
0,patch_48_10,12288,12544,2560,2816,65536,MSAVI,0.0,65536,,,,
0,patch_48_10,12288,12544,2560,2816,65536,NDVI,0.0,0,0,0.0,0,0.009808042386020944
0,patch_48_11,12288,12544,2816,3072,65536,MSAVI,0.0,65536,,,,
0,patch_48_11,12288,12544,2816,3072,65536,NDVI,0.0,0,0,0.0,0,0.009808042386020944
0,patch_48_12,12288,12544,3072,3328,65536,MSAVI,0.0,65536,,,,
0,patch_48_12,12288,12544,3072,3328,65536,NDVI,0.0,0,0,0.0,0,0.009808042386020944
0,patch_48_13,12288,12544,3328,3584,65536,MSAVI,0.0,65536,,,,
0,patch_48_13,12288,12544,3328,3584,65536,NDVI,0.0,0,0,0.0,0,0.009808042386020944
0,patch_48_14,12288,12544,3584,3840,65536,MSAVI,0.0,65536,,,,
0,patch_48_14,12288,12544,3584,3840,65536,NDVI,0.0,0,0,0.0,0,0.009808042386020944
0,patch_48_17,12288,12544,4352,4608,65536,MSAVI,-0.23046875,46503,,,,
0,patch_48_17,12288,12544,4352,4608,65536,NDVI,-0.99609375,19033,1744,0.023624095496573932,2056,0.03213614311269106
0,patch_48_18,12288,12544,4608,4864,65536,MSAVI,-0.31640625,48999,,,,
0,patch_48_18,12288,12544,4608,4864,65536,NDVI,-0.99609375,16537,4178,0.024081769979836798,4421,0.03321014493081256
0,patch_48_19,12288,12544,4864,5120,65536,MSAVI,-0.23046875,48807,,,,
0,patch_48_19,12288,12544,4864,5120,65536,NDVI,-0.99609375,16729,4639,0.026096387411570526,4447,0.03458313298317364
0,patch_48_20,12288,12544,5120,5376,65536,MSAVI,-0.25390625,45144,,,,
0,patch_48_20,12288,12544,5120,5376,65536,NDVI,-0.99609375,20392,389,0.020836148556941325,641,0.026028822658374806
0,patch_48_23,12288,12544,5888,6144,65536,MSAVI,0.0,65536,,,,
0,patch_48_23,12288,12544,5888,6144,65536,NDVI,0.0,0,0,0.0,0,0.009808042386020944
0,patch_48_24,12288,12544,6144,6400,65536,MSAVI,0.0,65536,,,,
0,patch_48_24,12288,12544,6144,6400,65536,NDVI,0.0,0,0,0.0,0,0.009808042386020944
0,patch_48_25,12288,12544,6400,6656,65536,MSAVI,0.0,65536,,,,
0,patch_48_25,12288,12544,6400,6656,65536,NDVI,0.0,0,0,0.0,0,0.009808042386020944
0,patch_48_26,12288,12544,6656,6912,65536,MSAVI,0.0,65536,,,,
0,patch_48_26,12288,12544,6656,6912,65536,NDVI,0.0,0,0,0.0,0,0.009808042386020944
0,patch_48_27,12288,12544,6912,7168,65536,MSAVI,0.0,65536,,,,
0,patch_48_27,12288,12544,6912,7168,65536,NDVI,0.0,0,0,0.0,0,0.009808042386020944
0,patch_48_28,12288,12544,7168,7424,65536,MSAVI,0.0,65536,,,,
0,patch_48_28,12288,12544,7168,7424,65536,NDVI,0.0,0,0,0.0,0,0.009808042386020944
0,patch_48_29,12288,12544,7424,7680,65536,MSAVI,0.0,65536,,,,
0,patch_48_29,12288,12544,7424,7680,65536,NDVI,0.0,0,0,0.0,0,0.009808042386020944
0,patch_48_30,12288,12544,7680,7936,65536,MSAVI,0.0,65536,,,,
0,patch_48_30,12288,12544,7680,7936,65536,NDVI,0.0,0,0,0.0,0,0.009808042386020944
0,patch_48_31,12288,12544,7936,8192,65536,MSAVI,0.0,65536,,,,
0,patch_48_31,12288,12544,7936,8192,65536,NDVI,0.0,0,0,0.0,0,0.009808042386020944
0,patch_48_32,12288,12544,8192,8448,65536,MSAVI,0.0,65536,,,,
0,patch_48_32,12288,12544,8192,8448,65536,NDVI,0.0,0,0,0.0,0,0.009808042386020944
0,patch_48_33,12288,12544,8448,8704,65536,MSAVI,0.0,65536,,,,
0,patch_48_33,12288,12544,8448,8704,65536,NDVI,0.0,0,0,0.0,0,0.009808042386020944
0,patch_48_34,12288,12544,8704,8960,65536,MSAVI,0.0,65536,,,,
0,patch_48_34,12288,12544,8704,8960,65536,NDVI,0.0,0,0,0.0,0,0.009808042386020944
0,patch_48_35,12288,12544,8960,9216,65536,MSAVI,0.0,65536,,,,
0,patch_48_35,12288,12544,8960,9216,65536,NDVI,0.0,0,0,0.0,0,0.009808042386020944
0,patch_48_36,12288,12544,9216,9472,65536,MSAVI,0.0,65536,,,,
0,patch_48_36,12288,12544,9216,9472,65536,NDVI,0.0,0,0,0.0,0,0.009808042386020944
0,patch_48_37,12288,12544,9472,9728,65536,MSAVI,0.0,65536,,,,
0,patch_48_37,12288,12544,9472,9728,65536,NDVI,0.0,0,0,0.0,0,0.009808042386020944
0,patch_48_38,12288,12544,9728,9984,65536,MSAVI,0.0,65536,,,,
0,patch_48_38,12288,12544,9728,9984,65536,NDVI,0.0,0,0,0.0,0,0.009808042386020944
0,patch_48_39,12288,12544,9984,10240,65536,MSAVI,0.0,65536,,,,
0,patch_48_39,12288,12544,9984,10240,65536,NDVI,0.0,0,0,0.0,0,0.009808042386020944
0,patch_48_40,12288,12544,10240,10496,65536,MSAVI,0.0,65536,,,,
0,patch_48_40,12288,12544,10240,10496,65536,NDVI,0.0,0,0,0.0,0,0.009808042386020944
0,patch_48_41,12288,12544,10496,10752,65536,MSAVI,0.0,65536,,,,
0,patch_48_41,12288,12544,10496,10752,65536,NDVI,0.0,0,0,0.0,0,0.009808042386020944
0,patch_48_42,12288,12544,10752,11008,65536,MSAVI,0.0,65536,,,,
0,patch_48_42,12288,12544,10752,11008,65536,NDVI,0.0,0,0,0.0,0,0.009808042386020944
0,patch_48_43,12288,12544,11008,11264,65536,MSAVI,0.0,65536,,,,
0,patch_48_43,12288,12544,11008,11264,65536,NDVI,0.0,0,0,0.0,0,0.009808042386020944
0,patch_48_44,12288,12544,11264,11520,65536,MSAVI,0.0,65536,,,,
0,patch_48_44,12288,12544,11264,11520,65536,NDVI,0.0,0,0,0.0,0,0.009808042386020944
0,patch_48_45,12288,12544,11520,11776,65536,MSAVI,0.0,65536,,,,
0,patch_48_45,12288,12544,11520,11776,65536,NDVI,0.0,0,0,0.0,0,0.009808042386020944
0,patch_49_0,12544,12800,0,256,65536,MSAVI,0.0,65536,,,,
0,patch_49_0,12544,12800,0,256,65536,NDVI,0.0,0,0,0.0,0,0.009808042386020944
0,patch_49_1,12544,12800,256,512,65536,MSAVI,0.0,65536,,,,
0,patch_49_1,12544,12800,256,512,65536,NDVI,0.0,0,0,0.0,0,0.009808042386020944
0,patch_49_2,12544,12800,512,768,65536,MSAVI,0.0,65536,,,,
0,patch_49_2,12544,12800,512,768,65536,NDVI,0.0,0,0,0.0,0,0.009808042386020944
0,patch_49_3,12544,12800,768,1024,65536,MSAVI,0.0,65536,,,,
0,patch_49_3,12544,12800,768,1024,65536,NDVI,0.0,0,0,0.0,0,0.009808042386020944
0,patch_49_4,12544,12800,1024,1280,65536,MSAVI,0.0,65536,,,,
0,patch_49_4,12544,12800,1024,1280,65536,NDVI,0.0,0,0,0.0,0,0.009808042386020944
0,patch_49_5,12544,12800,1280,1536,65536,MSAVI,0.0,65536,,,,
0,patch_49_5,12544,12800,1280,1536,65536,NDVI,0.0,0,0,0.0,0,0.009808042386020944
0,patch_49_6,12544,12800,1536,1792,65536,MSAVI,0.0,65536,,,,
0,patch_49_6,12544,12800,1536,1792,65536,NDVI,0.0,0,0,0.0,0,0.009808042386020944
0,patch_49_7,12544,12800,1792,2048,65536,MSAVI,0.0,65536,,,,
0,patch_49_7,12544,12800,1792,2048,65536,NDVI,0.0,0,0,0.0,0,0.009808042386020944
0,patch_49_8,12544,12800,2048,2304,65536,MSAVI,0.0,65536,,,,
0,patch_49_8,12544,12800,2048,2304,65536,NDVI,0.0,0,0,0.0,0,0.009808042386020944
0,patch_49_9,12544,12800,2304,2560,65536,MSAVI,0.0,65536,,,,
0,patch_49_9,12544,12800,2304,2560,65536,NDVI,0.0,0,0,0.0,0,0.009808042386020944
0,patch_49_10,12544,12800,2560,2816,65536,MSAVI,0.0,65536,,,,
0,patch_49_10,12544,12800,2560,2816,65536,NDVI,0.0,0,0,0.0,0,0.009808042386020944
0,patch_49_11,12544,12800,2816,3072,65536,MSAVI,0.0,65536,,,,
0,patch_49_11,12544,12800,2816,3072,65536,NDVI,0.0,0,0,0.0,0,0.009808042386020944
0,patch_49_12,12544,12800,3072,3328,65536,MSAVI,0.0,65536,,,,
0,patch_49_12,12544,12800,3072,3328,65536,NDVI,0.0,0,0,0.0,0,0.009808042386020944
0,patch_49_13,12544,12800,3328,3584,65536,MSAVI,0.0,65536,,,,
0,patch_49_13,12544,12800,3328,3584,65536,NDVI,0.0,0,0,0.0,0,0.009808042386020944
0,patch_49_14,12544,12800,3584,3840,65536,MSAVI,0.0,65536,,,,
0,patch_49_14,12544,12800,3584,3840,65536,NDVI,0.0,0,0,0.0,0,0.009808042386020944
0,patch_49_15,12544,12800,3840,4096,65536,MSAVI,0.0,65536,,,,
0,patch_49_15,12544,12800,3840,4096,65536,NDVI,0.0,0,0,0.0,0,0.009808042386020944
0,patch_49_18,12544,12800,4608,4864,65536,MSAVI,0.05859375,38912,,,,
0,patch_49_18,12544,12800,4608,4864,65536,NDVI,-0.99609375,26624,4161,0.008787988298645896,6103,0.020718766286291435
0,patch_49_22,12544,12800,5632,5888,65536,MSAVI,0.0,65536,,,,
0,patch_49_22,12544,12800,5632,5888,65536,NDVI,0.0,0,0,0.0,0,0.009808042386020944
0,patch_49_23,12544,12800,5888,6144,65536,MSAVI,0.0,65536,,,,
0,patch_49_23,12544,12800,5888,6144,65536,NDVI,0.0,0,0,0.0,0,0.009808042386020944
0,patch_49_24,12544,12800,6144,6400,65536,MSAVI,0.0,65536,,,,
0,patch_49_24,12544,12800,6144,6400,65536,NDVI,0.0,0,0,0.0,0,0.009808042386020944
0,patch_49_25,12544,12800,6400,6656,65536,MSAVI,0.0,65536,,,,
0,patch_49_25,12544,12800,6400,6656,65536,NDVI,0.0,0,0,0.0,0,0.009808042386020944
0,patch_49_26,12544,12800,6656,6912,65536,MSAVI,0.0,65536,,,,
0,patch_49_26,12544,12800,6656,6912,65536,NDVI,0.0,0,0,0.0,0,0.009808042386020944
0,patch_49_27,12544,12800,6912,7168,65536,MSAVI,0.0,65536,,,,
0,patch_49_27,12544,12800,6912,7168,65536,NDVI,0.0,0,0,0.0,0,0.009808042386020944
0,patch_49_28,12544,12800,7168,7424,65536,MSAVI,0.0,65536,,,,
0,patch_49_28,12544,12800,7168,7424,65536,NDVI,0.0,0,0,0.0,0,0.009808042386020944
0,patch_49_29,12544,12800,7424,7680,65536,MSAVI,0.0,65536,,,,
0,patch_49_29,12544,12800,7424,7680,65536,NDVI,0.0,0,0,0.0,0,0.009808042386020944
0,patch_49_30,12544,12800,7680,7936,65536,MSAVI,0.0,65536,,,,
0,patch_49_30,12544,12800,7680,7936,65536,NDVI,0.0,0,0,0.0,0,0.009808042386020944
0,patch_49_31,12544,12800,7936,8192,65536,MSAVI,0.0,65536,,,,
0,patch_49_31,12544,12800,7936,8192,65536,NDVI,0.0,0,0,0.0,0,0.009808042386020944
0,patch_49_32,12544,12800,8192,8448,65536,MSAVI,0.0,65536,,,,
0,patch_49_32,12544,12800,8192,8448,65536,NDVI,0.0,0,0,0.0,0,0.009808042386020944
0,patch_49_33,12544,12800,8448,8704,65536,MSAVI,0.0,65536,,,,
0,patch_49_33,12544,12800,8448,8704,65536,NDVI,0.0,0,0,0.0,0,0.009808042386020944
0,patch_49_34,12544,12800,8704,8960,65536,MSAVI,0.0,65536,,,,
0,patch_49_34,12544,12800,8704,8960,65536,NDVI,0.0,0,0,0.0,0,0.009808042386020944
0,patch_49_35,12544,12800,8960,9216,65536,MSAVI,0.0,65536,,,,
0,patch_49_35,12544,12800,8960,9216,65536,NDVI,0.0,0,0,0.0,0,0.009808042386020944
0,patch_49_36,12544,12800,9216,9472,65536,MSAVI,0.0,65536,,,,
0,patch_49_36,12544,12800,9216,9472,65536,NDVI,0.0,0,0,0.0,0,0.009808042386020944
0,patch_49_37,12544,12800,9472,9728,65536,MSAVI,0.0,65536,,,,
0,patch_49_37,12544,12800,9472,9728,65536,NDVI,0.0,0,0,0.0,0,0.009808042386020944
0,patch_49_38,12544,12800,9728,9984,65536,MSAVI,0.0,65536,,,,
0,patch_49_38,12544,12800,9728,9984,65536,NDVI,0.0,0,0,0.0,0,0.009808042386020944
0,patch_49_39,12544,12800,9984,10240,65536,MSAVI,0.0,65536,,,,
0,patch_49_39,12544,12800,9984,10240,65536,NDVI,0.0,0,0,0.0,0,0.009808042386020944
0,patch_49_40,12544,12800,10240,10496,65536,MSAVI,0.0,65536,,,,
0,patch_49_40,12544,12800,10240,10496,65536,NDVI,0.0,0,0,0.0,0,0.009808042386020944
0,patch_49_41,12544,12800,10496,10752,65536,MSAVI,0.0,65536,,,,
0,patch_49_41,12544,12800,10496,10752,65536,NDVI,0.0,0,0,0.0,0,0.009808042386020944
0,patch_49_42,12544,12800,10752,11008,65536,MSAVI,0.0,65536,,,,
0,patch_49_42,12544,12800,10752,11008,65536,NDVI,0.0,0,0,0.0,0,0.009808042386020944
0,patch_49_43,12544,12800,11008,11264,65536,MSAVI,0.0,65536,,,,
0,patch_49_43,12544,12800,11008,11264,65536,NDVI,0.0,0,0,0.0,0,0.009808042386020944
0,patch_49_44,12544,12800,11264,11520,65536,MSAVI,0.0,65536,,,,
0,patch_49_44,12544,12800,11264,11520,65536,NDVI,0.0,0,0,0.0,0,0.009808042386020944
0,patch_49_45,12544,12800,11520,11776,65536,MSAVI,0.0,65536,,,,
0,patch_49_45,12544,12800,11520,11776,65536,NDVI,0.0,0,0,0.0,0,0.009808042386020944
