,Unnamed: 0,patch,start_vert,end_vert,start_horiz,end_horiz,Patch_Area,VegetationIndex,VI_Thresh,VI_Area,Pure_GaborArea,Pure_GaborThresh,LocalHistEq_GaborArea,LocalHistEq_GaborThresh
0,0,patch_0_0,0,256,0,256,65536,MSAVI,0.0,65536,,,,
1,0,patch_0_0,0,256,0,256,65536,NDVI,0.0,0,0.0,0.0,0.0,0.0098080423860209
2,0,patch_0_1,0,256,256,512,65536,MSAVI,0.0,65536,,,,
3,0,patch_0_1,0,256,256,512,65536,NDVI,0.0,0,0.0,0.0,0.0,0.0098080423860209
4,0,patch_0_2,0,256,512,768,65536,MSAVI,0.0,65536,,,,
5,0,patch_0_2,0,256,512,768,65536,NDVI,0.0,0,0.0,0.0,0.0,0.0098080423860209
6,0,patch_0_3,0,256,768,1024,65536,MSAVI,0.0,65536,,,,
7,0,patch_0_3,0,256,768,1024,65536,NDVI,0.0,0,0.0,0.0,0.0,0.0098080423860209
8,0,patch_0_4,0,256,1024,1280,65536,MSAVI,0.0,65536,,,,
9,0,patch_0_4,0,256,1024,1280,65536,NDVI,0.0,0,0.0,0.0,0.0,0.0098080423860209
10,0,patch_0_5,0,256,1280,1536,65536,MSAVI,0.0,65536,,,,
11,0,patch_0_5,0,256,1280,1536,65536,NDVI,0.0,0,0.0,0.0,0.0,0.0098080423860209
12,0,patch_0_6,0,256,1536,1792,65536,MSAVI,0.0,65536,,,,
13,0,patch_0_6,0,256,1536,1792,65536,NDVI,0.0,0,0.0,0.0,0.0,0.0098080423860209
14,0,patch_0_7,0,256,1792,2048,65536,MSAVI,0.0,65536,,,,
15,0,patch_0_7,0,256,1792,2048,65536,NDVI,0.0,0,0.0,0.0,0.0,0.0098080423860209
16,0,patch_0_8,0,256,2048,2304,65536,MSAVI,0.0,65536,,,,
17,0,patch_0_8,0,256,2048,2304,65536,NDVI,0.0,0,0.0,0.0,0.0,0.0098080423860209
18,0,patch_0_9,0,256,2304,2560,65536,MSAVI,0.0,65536,,,,
19,0,patch_0_9,0,256,2304,2560,65536,NDVI,0.0,0,0.0,0.0,0.0,0.0098080423860209
20,0,patch_0_10,0,256,2560,2816,65536,MSAVI,0.0,65536,,,,
21,0,patch_0_10,0,256,2560,2816,65536,NDVI,0.0,0,0.0,0.0,0.0,0.0098080423860209
22,0,patch_0_11,0,256,2816,3072,65536,MSAVI,0.0,65536,,,,
23,0,patch_0_11,0,256,2816,3072,65536,NDVI,0.0,0,0.0,0.0,0.0,0.0098080423860209
24,0,patch_0_12,0,256,3072,3328,65536,MSAVI,0.0,65536,,,,
25,0,patch_0_12,0,256,3072,3328,65536,NDVI,0.0,0,0.0,0.0,0.0,0.0098080423860209
26,0,patch_0_13,0,256,3328,3584,65536,MSAVI,0.0,65536,,,,
27,0,patch_0_13,0,256,3328,3584,65536,NDVI,0.0,0,0.0,0.0,0.0,0.0098080423860209
28,0,patch_0_14,0,256,3584,3840,65536,MSAVI,0.0,65536,,,,
29,0,patch_0_14,0,256,3584,3840,65536,NDVI,0.0,0,0.0,0.0,0.0,0.0098080423860209
30,0,patch_0_15,0,256,3840,4096,65536,MSAVI,0.0,65536,,,,
31,0,patch_0_15,0,256,3840,4096,65536,NDVI,0.0,0,0.0,0.0,0.0,0.0098080423860209
32,0,patch_0_16,0,256,4096,4352,65536,MSAVI,0.0,65536,,,,
33,0,patch_0_16,0,256,4096,4352,65536,NDVI,0.0,0,0.0,0.0,0.0,0.0098080423860209
34,0,patch_0_17,0,256,4352,4608,65536,MSAVI,0.0,65536,,,,
35,0,patch_0_17,0,256,4352,4608,65536,NDVI,0.0,0,0.0,0.0,0.0,0.0098080423860209
36,0,patch_0_18,0,256,4608,4864,65536,MSAVI,0.0,65536,,,,
37,0,patch_0_18,0,256,4608,4864,65536,NDVI,0.0,0,0.0,0.0,0.0,0.0098080423860209
38,0,patch_0_19,0,256,4864,5120,65536,MSAVI,0.0,65536,,,,
39,0,patch_0_19,0,256,4864,5120,65536,NDVI,0.0,0,0.0,0.0,0.0,0.0098080423860209
40,0,patch_0_20,0,256,5120,5376,65536,MSAVI,0.0,65536,,,,
41,0,patch_0_20,0,256,5120,5376,65536,NDVI,0.0,0,0.0,0.0,0.0,0.0098080423860209
42,0,patch_0_21,0,256,5376,5632,65536,MSAVI,0.0,65536,,,,
43,0,patch_0_21,0,256,5376,5632,65536,NDVI,0.0,0,0.0,0.0,0.0,0.0098080423860209
44,0,patch_0_22,0,256,5632,5888,65536,MSAVI,0.0,65536,,,,
45,0,patch_0_22,0,256,5632,5888,65536,NDVI,0.0,0,0.0,0.0,0.0,0.0098080423860209
46,0,patch_0_23,0,256,5888,6144,65536,MSAVI,0.0,65536,,,,
47,0,patch_0_23,0,256,5888,6144,65536,NDVI,0.0,0,0.0,0.0,0.0,0.0098080423860209
48,0,patch_0_24,0,256,6144,6400,65536,MSAVI,0.0,65536,,,,
49,0,patch_0_24,0,256,6144,6400,65536,NDVI,0.0,0,0.0,0.0,0.0,0.0098080423860209
50,0,patch_0_25,0,256,6400,6656,65536,MSAVI,0.0,65536,,,,
51,0,patch_0_25,0,256,6400,6656,65536,NDVI,0.0,0,0.0,0.0,0.0,0.0098080423860209
52,0,patch_0_31,0,256,7936,8192,65536,MSAVI,0.0,65536,,,,
53,0,patch_0_31,0,256,7936,8192,65536,NDVI,0.0,0,0.0,0.0,0.0,0.0098080423860209
54,0,patch_0_32,0,256,8192,8448,65536,MSAVI,0.0,65536,,,,
55,0,patch_0_32,0,256,8192,8448,65536,NDVI,0.0,0,0.0,0.0,0.0,0.0098080423860209
56,0,patch_0_33,0,256,8448,8704,65536,MSAVI,0.0,65536,,,,
57,0,patch_0_33,0,256,8448,8704,65536,NDVI,0.0,0,0.0,0.0,0.0,0.0098080423860209
58,0,patch_0_34,0,256,8704,8960,65536,MSAVI,0.0,65536,,,,
59,0,patch_0_34,0,256,8704,8960,65536,NDVI,0.0,0,0.0,0.0,0.0,0.0098080423860209
60,0,patch_0_35,0,256,8960,9216,65536,MSAVI,0.0,65536,,,,
61,0,patch_0_35,0,256,8960,9216,65536,NDVI,0.0,0,0.0,0.0,0.0,0.0098080423860209
62,0,patch_0_36,0,256,9216,9472,65536,MSAVI,0.0,65536,,,,
63,0,patch_0_36,0,256,9216,9472,65536,NDVI,0.0,0,0.0,0.0,0.0,0.0098080423860209
64,0,patch_0_37,0,256,9472,9728,65536,MSAVI,0.0,65536,,,,
65,0,patch_0_37,0,256,9472,9728,65536,NDVI,0.0,0,0.0,0.0,0.0,0.0098080423860209
66,0,patch_0_38,0,256,9728,9984,65536,MSAVI,0.0,65536,,,,
67,0,patch_0_38,0,256,9728,9984,65536,NDVI,0.0,0,0.0,0.0,0.0,0.0098080423860209
68,0,patch_0_39,0,256,9984,10240,65536,MSAVI,0.0,65536,,,,
69,0,patch_0_39,0,256,9984,10240,65536,NDVI,0.0,0,0.0,0.0,0.0,0.0098080423860209
70,0,patch_0_40,0,256,10240,10496,65536,MSAVI,0.0,65536,,,,
71,0,patch_0_40,0,256,10240,10496,65536,NDVI,0.0,0,0.0,0.0,0.0,0.0098080423860209
72,0,patch_0_41,0,256,10496,10752,65536,MSAVI,0.0,65536,,,,
73,0,patch_0_41,0,256,10496,10752,65536,NDVI,0.0,0,0.0,0.0,0.0,0.0098080423860209
74,0,patch_0_42,0,256,10752,11008,65536,MSAVI,0.0,65536,,,,
75,0,patch_0_42,0,256,10752,11008,65536,NDVI,0.0,0,0.0,0.0,0.0,0.0098080423860209
76,0,patch_0_43,0,256,11008,11264,65536,MSAVI,0.0,65536,,,,
77,0,patch_0_43,0,256,11008,11264,65536,NDVI,0.0,0,0.0,0.0,0.0,0.0098080423860209
78,0,patch_0_44,0,256,11264,11520,65536,MSAVI,0.0,65536,,,,
79,0,patch_0_44,0,256,11264,11520,65536,NDVI,0.0,0,0.0,0.0,0.0,0.0098080423860209
80,0,patch_0_45,0,256,11520,11776,65536,MSAVI,0.0,65536,,,,
81,0,patch_0_45,0,256,11520,11776,65536,NDVI,0.0,0,0.0,0.0,0.0,0.0098080423860209
82,0,patch_1_0,256,512,0,256,65536,MSAVI,0.0,65536,,,,
83,0,patch_1_0,256,512,0,256,65536,NDVI,0.0,0,0.0,0.0,0.0,0.0098080423860209
84,0,patch_1_1,256,512,256,512,65536,MSAVI,0.0,65536,,,,
85,0,patch_1_1,256,512,256,512,65536,NDVI,0.0,0,0.0,0.0,0.0,0.0098080423860209
86,0,patch_1_2,256,512,512,768,65536,MSAVI,0.0,65536,,,,
87,0,patch_1_2,256,512,512,768,65536,NDVI,0.0,0,0.0,0.0,0.0,0.0098080423860209
88,0,patch_1_3,256,512,768,1024,65536,MSAVI,0.0,65536,,,,
89,0,patch_1_3,256,512,768,1024,65536,NDVI,0.0,0,0.0,0.0,0.0,0.0098080423860209
90,0,patch_1_4,256,512,1024,1280,65536,MSAVI,0.0,65536,,,,
91,0,patch_1_4,256,512,1024,1280,65536,NDVI,0.0,0,0.0,0.0,0.0,0.0098080423860209
92,0,patch_1_5,256,512,1280,1536,65536,MSAVI,0.0,65536,,,,
93,0,patch_1_5,256,512,1280,1536,65536,NDVI,0.0,0,0.0,0.0,0.0,0.0098080423860209
94,0,patch_1_6,256,512,1536,1792,65536,MSAVI,0.0,65536,,,,
95,0,patch_1_6,256,512,1536,1792,65536,NDVI,0.0,0,0.0,0.0,0.0,0.0098080423860209
96,0,patch_1_7,256,512,1792,2048,65536,MSAVI,0.0,65536,,,,
97,0,patch_1_7,256,512,1792,2048,65536,NDVI,0.0,0,0.0,0.0,0.0,0.0098080423860209
98,0,patch_1_8,256,512,2048,2304,65536,MSAVI,0.0,65536,,,,
99,0,patch_1_8,256,512,2048,2304,65536,NDVI,0.0,0,0.0,0.0,0.0,0.0098080423860209
100,0,patch_1_9,256,512,2304,2560,65536,MSAVI,0.0,65536,,,,
101,0,patch_1_9,256,512,2304,2560,65536,NDVI,0.0,0,0.0,0.0,0.0,0.0098080423860209
102,0,patch_1_10,256,512,2560,2816,65536,MSAVI,0.0,65536,,,,
103,0,patch_1_10,256,512,2560,2816,65536,NDVI,0.0,0,0.0,0.0,0.0,0.0098080423860209
104,0,patch_1_11,256,512,2816,3072,65536,MSAVI,0.0,65536,,,,
105,0,patch_1_11,256,512,2816,3072,65536,NDVI,0.0,0,0.0,0.0,0.0,0.0098080423860209
106,0,patch_1_12,256,512,3072,3328,65536,MSAVI,0.0,65536,,,,
107,0,patch_1_12,256,512,3072,3328,65536,NDVI,0.0,0,0.0,0.0,0.0,0.0098080423860209
108,0,patch_1_13,256,512,3328,3584,65536,MSAVI,0.0,65536,,,,
109,0,patch_1_13,256,512,3328,3584,65536,NDVI,0.0,0,0.0,0.0,0.0,0.0098080423860209
110,0,patch_1_14,256,512,3584,3840,65536,MSAVI,0.0,65536,,,,
111,0,patch_1_14,256,512,3584,3840,65536,NDVI,0.0,0,0.0,0.0,0.0,0.0098080423860209
112,0,patch_1_15,256,512,3840,4096,65536,MSAVI,0.0,65536,,,,
113,0,patch_1_15,256,512,3840,4096,65536,NDVI,0.0,0,0.0,0.0,0.0,0.0098080423860209
114,0,patch_1_16,256,512,4096,4352,65536,MSAVI,0.0,65536,,,,
115,0,patch_1_16,256,512,4096,4352,65536,NDVI,0.0,0,0.0,0.0,0.0,0.0098080423860209
116,0,patch_1_17,256,512,4352,4608,65536,MSAVI,0.0,65536,,,,
117,0,patch_1_17,256,512,4352,4608,65536,NDVI,0.0,0,0.0,0.0,0.0,0.0098080423860209
118,0,patch_1_18,256,512,4608,4864,65536,MSAVI,0.0,65536,,,,
119,0,patch_1_18,256,512,4608,4864,65536,NDVI,0.0,0,0.0,0.0,0.0,0.0098080423860209
120,0,patch_1_19,256,512,4864,5120,65536,MSAVI,0.0,65536,,,,
121,0,patch_1_19,256,512,4864,5120,65536,NDVI,0.0,0,0.0,0.0,0.0,0.0098080423860209
122,0,patch_1_20,256,512,5120,5376,65536,MSAVI,0.0,65536,,,,
123,0,patch_1_20,256,512,5120,5376,65536,NDVI,0.0,0,0.0,0.0,0.0,0.0098080423860209
124,0,patch_1_21,256,512,5376,5632,65536,MSAVI,0.0,65536,,,,
125,0,patch_1_21,256,512,5376,5632,65536,NDVI,0.0,0,0.0,0.0,0.0,0.0098080423860209
126,0,patch_1_22,256,512,5632,5888,65536,MSAVI,0.0,65536,,,,
127,0,patch_1_22,256,512,5632,5888,65536,NDVI,0.0,0,0.0,0.0,0.0,0.0098080423860209
128,0,patch_1_23,256,512,5888,6144,65536,MSAVI,0.0,65536,,,,
129,0,patch_1_23,256,512,5888,6144,65536,NDVI,0.0,0,0.0,0.0,0.0,0.0098080423860209
138,0,patch_1_31,256,512,7936,8192,65536,MSAVI,0.0,65536,,,,
139,0,patch_1_31,256,512,7936,8192,65536,NDVI,0.0,0,0.0,0.0,0.0,0.0098080423860209
140,0,patch_1_32,256,512,8192,8448,65536,MSAVI,0.0,65536,,,,
141,0,patch_1_32,256,512,8192,8448,65536,NDVI,0.0,0,0.0,0.0,0.0,0.0098080423860209
142,0,patch_1_33,256,512,8448,8704,65536,MSAVI,0.0,65536,,,,
143,0,patch_1_33,256,512,8448,8704,65536,NDVI,0.0,0,0.0,0.0,0.0,0.0098080423860209
144,0,patch_1_34,256,512,8704,8960,65536,MSAVI,0.0,65536,,,,
145,0,patch_1_34,256,512,8704,8960,65536,NDVI,0.0,0,0.0,0.0,0.0,0.0098080423860209
146,0,patch_1_35,256,512,8960,9216,65536,MSAVI,0.0,65536,,,,
147,0,patch_1_35,256,512,8960,9216,65536,NDVI,0.0,0,0.0,0.0,0.0,0.0098080423860209
148,0,patch_1_36,256,512,9216,9472,65536,MSAVI,0.0,65536,,,,
149,0,patch_1_36,256,512,9216,9472,65536,NDVI,0.0,0,0.0,0.0,0.0,0.0098080423860209
150,0,patch_1_37,256,512,9472,9728,65536,MSAVI,0.0,65536,,,,
151,0,patch_1_37,256,512,9472,9728,65536,NDVI,0.0,0,0.0,0.0,0.0,0.0098080423860209
152,0,patch_1_38,256,512,9728,9984,65536,MSAVI,0.0,65536,,,,
153,0,patch_1_38,256,512,9728,9984,65536,NDVI,0.0,0,0.0,0.0,0.0,0.0098080423860209
154,0,patch_1_39,256,512,9984,10240,65536,MSAVI,0.0,65536,,,,
155,0,patch_1_39,256,512,9984,10240,65536,NDVI,0.0,0,0.0,0.0,0.0,0.0098080423860209
156,0,patch_1_40,256,512,10240,10496,65536,MSAVI,0.0,65536,,,,
157,0,patch_1_40,256,512,10240,10496,65536,NDVI,0.0,0,0.0,0.0,0.0,0.0098080423860209
158,0,patch_1_41,256,512,10496,10752,65536,MSAVI,0.0,65536,,,,
159,0,patch_1_41,256,512,10496,10752,65536,NDVI,0.0,0,0.0,0.0,0.0,0.0098080423860209
160,0,patch_1_42,256,512,10752,11008,65536,MSAVI,0.0,65536,,,,
161,0,patch_1_42,256,512,10752,11008,65536,NDVI,0.0,0,0.0,0.0,0.0,0.0098080423860209
162,0,patch_1_43,256,512,11008,11264,65536,MSAVI,0.0,65536,,,,
163,0,patch_1_43,256,512,11008,11264,65536,NDVI,0.0,0,0.0,0.0,0.0,0.0098080423860209
164,0,patch_1_44,256,512,11264,11520,65536,MSAVI,0.0,65536,,,,
165,0,patch_1_44,256,512,11264,11520,65536,NDVI,0.0,0,0.0,0.0,0.0,0.0098080423860209
166,0,patch_1_45,256,512,11520,11776,65536,MSAVI,0.0,65536,,,,
167,0,patch_1_45,256,512,11520,11776,65536,NDVI,0.0,0,0.0,0.0,0.0,0.0098080423860209
168,0,patch_2_0,512,768,0,256,65536,MSAVI,0.0,65536,,,,
169,0,patch_2_0,512,768,0,256,65536,NDVI,0.0,0,0.0,0.0,0.0,0.0098080423860209
170,0,patch_2_1,512,768,256,512,65536,MSAVI,0.0,65536,,,,
171,0,patch_2_1,512,768,256,512,65536,NDVI,0.0,0,0.0,0.0,0.0,0.0098080423860209
172,0,patch_2_2,512,768,512,768,65536,MSAVI,0.0,65536,,,,
173,0,patch_2_2,512,768,512,768,65536,NDVI,0.0,0,0.0,0.0,0.0,0.0098080423860209
174,0,patch_2_3,512,768,768,1024,65536,MSAVI,0.0,65536,,,,
175,0,patch_2_3,512,768,768,1024,65536,NDVI,0.0,0,0.0,0.0,0.0,0.0098080423860209
176,0,patch_2_4,512,768,1024,1280,65536,MSAVI,0.0,65536,,,,
177,0,patch_2_4,512,768,1024,1280,65536,NDVI,0.0,0,0.0,0.0,0.0,0.0098080423860209
178,0,patch_2_5,512,768,1280,1536,65536,MSAVI,0.0,65536,,,,
179,0,patch_2_5,512,768,1280,1536,65536,NDVI,0.0,0,0.0,0.0,0.0,0.0098080423860209
180,0,patch_2_6,512,768,1536,1792,65536,MSAVI,0.0,65536,,,,
181,0,patch_2_6,512,768,1536,1792,65536,NDVI,0.0,0,0.0,0.0,0.0,0.0098080423860209
182,0,patch_2_7,512,768,1792,2048,65536,MSAVI,0.0,65536,,,,
183,0,patch_2_7,512,768,1792,2048,65536,NDVI,0.0,0,0.0,0.0,0.0,0.0098080423860209
184,0,patch_2_8,512,768,2048,2304,65536,MSAVI,0.0,65536,,,,
185,0,patch_2_8,512,768,2048,2304,65536,NDVI,0.0,0,0.0,0.0,0.0,0.0098080423860209
186,0,patch_2_9,512,768,2304,2560,65536,MSAVI,0.0,65536,,,,
187,0,patch_2_9,512,768,2304,2560,65536,NDVI,0.0,0,0.0,0.0,0.0,0.0098080423860209
188,0,patch_2_10,512,768,2560,2816,65536,MSAVI,0.0,65536,,,,
189,0,patch_2_10,512,768,2560,2816,65536,NDVI,0.0,0,0.0,0.0,0.0,0.0098080423860209
190,0,patch_2_11,512,768,2816,3072,65536,MSAVI,0.0,65536,,,,
191,0,patch_2_11,512,768,2816,3072,65536,NDVI,0.0,0,0.0,0.0,0.0,0.0098080423860209
192,0,patch_2_12,512,768,3072,3328,65536,MSAVI,0.0,65536,,,,
193,0,patch_2_12,512,768,3072,3328,65536,NDVI,0.0,0,0.0,0.0,0.0,0.0098080423860209
194,0,patch_2_13,512,768,3328,3584,65536,MSAVI,0.0,65536,,,,
195,0,patch_2_13,512,768,3328,3584,65536,NDVI,0.0,0,0.0,0.0,0.0,0.0098080423860209
196,0,patch_2_14,512,768,3584,3840,65536,MSAVI,0.0,65536,,,,
197,0,patch_2_14,512,768,3584,3840,65536,NDVI,0.0,0,0.0,0.0,0.0,0.0098080423860209
198,0,patch_2_15,512,768,3840,4096,65536,MSAVI,0.0,65536,,,,
199,0,patch_2_15,512,768,3840,4096,65536,NDVI,0.0,0,0.0,0.0,0.0,0.0098080423860209
200,0,patch_2_16,512,768,4096,4352,65536,MSAVI,0.0,65536,,,,
201,0,patch_2_16,512,768,4096,4352,65536,NDVI,0.0,0,0.0,0.0,0.0,0.0098080423860209
202,0,patch_2_17,512,768,4352,4608,65536,MSAVI,0.0,65536,,,,
203,0,patch_2_17,512,768,4352,4608,65536,NDVI,0.0,0,0.0,0.0,0.0,0.0098080423860209
204,0,patch_2_18,512,768,4608,4864,65536,MSAVI,0.0,65536,,,,
205,0,patch_2_18,512,768,4608,4864,65536,NDVI,0.0,0,0.0,0.0,0.0,0.0098080423860209
206,0,patch_2_19,512,768,4864,5120,65536,MSAVI,0.0,65536,,,,
207,0,patch_2_19,512,768,4864,5120,65536,NDVI,0.0,0,0.0,0.0,0.0,0.0098080423860209
208,0,patch_2_20,512,768,5120,5376,65536,MSAVI,0.0,65536,,,,
209,0,patch_2_20,512,768,5120,5376,65536,NDVI,0.0,0,0.0,0.0,0.0,0.0098080423860209
210,0,patch_2_21,512,768,5376,5632,65536,MSAVI,0.0,65536,,,,
211,0,patch_2_21,512,768,5376,5632,65536,NDVI,0.0,0,0.0,0.0,0.0,0.0098080423860209
224,0,patch_2_32,512,768,8192,8448,65536,MSAVI,0.0,65536,,,,
225,0,patch_2_32,512,768,8192,8448,65536,NDVI,0.0,0,0.0,0.0,0.0,0.0098080423860209
226,0,patch_2_33,512,768,8448,8704,65536,MSAVI,0.0,65536,,,,
227,0,patch_2_33,512,768,8448,8704,65536,NDVI,0.0,0,0.0,0.0,0.0,0.0098080423860209
228,0,patch_2_34,512,768,8704,8960,65536,MSAVI,0.0,65536,,,,
229,0,patch_2_34,512,768,8704,8960,65536,NDVI,0.0,0,0.0,0.0,0.0,0.0098080423860209
230,0,patch_2_35,512,768,8960,9216,65536,MSAVI,0.0,65536,,,,
231,0,patch_2_35,512,768,8960,9216,65536,NDVI,0.0,0,0.0,0.0,0.0,0.0098080423860209
232,0,patch_2_36,512,768,9216,9472,65536,MSAVI,0.0,65536,,,,
233,0,patch_2_36,512,768,9216,9472,65536,NDVI,0.0,0,0.0,0.0,0.0,0.0098080423860209
234,0,patch_2_37,512,768,9472,9728,65536,MSAVI,0.0,65536,,,,
235,0,patch_2_37,512,768,9472,9728,65536,NDVI,0.0,0,0.0,0.0,0.0,0.0098080423860209
236,0,patch_2_38,512,768,9728,9984,65536,MSAVI,0.0,65536,,,,
237,0,patch_2_38,512,768,9728,9984,65536,NDVI,0.0,0,0.0,0.0,0.0,0.0098080423860209
238,0,patch_2_39,512,768,9984,10240,65536,MSAVI,0.0,65536,,,,
239,0,patch_2_39,512,768,9984,10240,65536,NDVI,0.0,0,0.0,0.0,0.0,0.0098080423860209
240,0,patch_2_40,512,768,10240,10496,65536,MSAVI,0.0,65536,,,,
241,0,patch_2_40,512,768,10240,10496,65536,NDVI,0.0,0,0.0,0.0,0.0,0.0098080423860209
242,0,patch_2_41,512,768,10496,10752,65536,MSAVI,0.0,65536,,,,
243,0,patch_2_41,512,768,10496,10752,65536,NDVI,0.0,0,0.0,0.0,0.0,0.0098080423860209
244,0,patch_2_42,512,768,10752,11008,65536,MSAVI,0.0,65536,,,,
245,0,patch_2_42,512,768,10752,11008,65536,NDVI,0.0,0,0.0,0.0,0.0,0.0098080423860209
246,0,patch_2_43,512,768,11008,11264,65536,MSAVI,0.0,65536,,,,
247,0,patch_2_43,512,768,11008,11264,65536,NDVI,0.0,0,0.0,0.0,0.0,0.0098080423860209
248,0,patch_2_44,512,768,11264,11520,65536,MSAVI,0.0,65536,,,,
249,0,patch_2_44,512,768,11264,11520,65536,NDVI,0.0,0,0.0,0.0,0.0,0.0098080423860209
250,0,patch_2_45,512,768,11520,11776,65536,MSAVI,0.0,65536,,,,
251,0,patch_2_45,512,768,11520,11776,65536,NDVI,0.0,0,0.0,0.0,0.0,0.0098080423860209
252,0,patch_3_0,768,1024,0,256,65536,MSAVI,0.0,65536,,,,
253,0,patch_3_0,768,1024,0,256,65536,NDVI,0.0,0,0.0,0.0,0.0,0.0098080423860209
254,0,patch_3_1,768,1024,256,512,65536,MSAVI,0.0,65536,,,,
255,0,patch_3_1,768,1024,256,512,65536,NDVI,0.0,0,0.0,0.0,0.0,0.0098080423860209
256,0,patch_3_2,768,1024,512,768,65536,MSAVI,0.0,65536,,,,
257,0,patch_3_2,768,1024,512,768,65536,NDVI,0.0,0,0.0,0.0,0.0,0.0098080423860209
258,0,patch_3_3,768,1024,768,1024,65536,MSAVI,0.0,65536,,,,
259,0,patch_3_3,768,1024,768,1024,65536,NDVI,0.0,0,0.0,0.0,0.0,0.0098080423860209
260,0,patch_3_4,768,1024,1024,1280,65536,MSAVI,0.0,65536,,,,
261,0,patch_3_4,768,1024,1024,1280,65536,NDVI,0.0,0,0.0,0.0,0.0,0.0098080423860209
262,0,patch_3_5,768,1024,1280,1536,65536,MSAVI,0.0,65536,,,,
263,0,patch_3_5,768,1024,1280,1536,65536,NDVI,0.0,0,0.0,0.0,0.0,0.0098080423860209
264,0,patch_3_6,768,1024,1536,1792,65536,MSAVI,0.0,65536,,,,
265,0,patch_3_6,768,1024,1536,1792,65536,NDVI,0.0,0,0.0,0.0,0.0,0.0098080423860209
266,0,patch_3_7,768,1024,1792,2048,65536,MSAVI,0.0,65536,,,,
267,0,patch_3_7,768,1024,1792,2048,65536,NDVI,0.0,0,0.0,0.0,0.0,0.0098080423860209
268,0,patch_3_8,768,1024,2048,2304,65536,MSAVI,0.0,65536,,,,
269,0,patch_3_8,768,1024,2048,2304,65536,NDVI,0.0,0,0.0,0.0,0.0,0.0098080423860209
270,0,patch_3_9,768,1024,2304,2560,65536,MSAVI,0.0,65536,,,,
271,0,patch_3_9,768,1024,2304,2560,65536,NDVI,0.0,0,0.0,0.0,0.0,0.0098080423860209
272,0,patch_3_10,768,1024,2560,2816,65536,MSAVI,0.0,65536,,,,
273,0,patch_3_10,768,1024,2560,2816,65536,NDVI,0.0,0,0.0,0.0,0.0,0.0098080423860209
274,0,patch_3_11,768,1024,2816,3072,65536,MSAVI,0.0,65536,,,,
275,0,patch_3_11,768,1024,2816,3072,65536,NDVI,0.0,0,0.0,0.0,0.0,0.0098080423860209
276,0,patch_3_12,768,1024,3072,3328,65536,MSAVI,0.0,65536,,,,
277,0,patch_3_12,768,1024,3072,3328,65536,NDVI,0.0,0,0.0,0.0,0.0,0.0098080423860209
278,0,patch_3_13,768,1024,3328,3584,65536,MSAVI,0.0,65536,,,,
279,0,patch_3_13,768,1024,3328,3584,65536,NDVI,0.0,0,0.0,0.0,0.0,0.0098080423860209
280,0,patch_3_14,768,1024,3584,3840,65536,MSAVI,0.0,65536,,,,
281,0,patch_3_14,768,1024,3584,3840,65536,NDVI,0.0,0,0.0,0.0,0.0,0.0098080423860209
282,0,patch_3_15,768,1024,3840,4096,65536,MSAVI,0.0,65536,,,,
283,0,patch_3_15,768,1024,3840,4096,65536,NDVI,0.0,0,0.0,0.0,0.0,0.0098080423860209
284,0,patch_3_16,768,1024,4096,4352,65536,MSAVI,0.0,65536,,,,
285,0,patch_3_16,768,1024,4096,4352,65536,NDVI,0.0,0,0.0,0.0,0.0,0.0098080423860209
286,0,patch_3_17,768,1024,4352,4608,65536,MSAVI,0.0,65536,,,,
287,0,patch_3_17,768,1024,4352,4608,65536,NDVI,0.0,0,0.0,0.0,0.0,0.0098080423860209
288,0,patch_3_18,768,1024,4608,4864,65536,MSAVI,0.0,65536,,,,
289,0,patch_3_18,768,1024,4608,4864,65536,NDVI,0.0,0,0.0,0.0,0.0,0.0098080423860209
290,0,patch_3_19,768,1024,4864,5120,65536,MSAVI,0.0,65536,,,,
291,0,patch_3_19,768,1024,4864,5120,65536,NDVI,0.0,0,0.0,0.0,0.0,0.0098080423860209
292,0,patch_3_20,768,1024,5120,5376,65536,MSAVI,0.0,65536,,,,
293,0,patch_3_20,768,1024,5120,5376,65536,NDVI,0.0,0,0.0,0.0,0.0,0.0098080423860209
310,0,patch_3_33,768,1024,8448,8704,65536,MSAVI,0.0,65536,,,,
311,0,patch_3_33,768,1024,8448,8704,65536,NDVI,0.0,0,0.0,0.0,0.0,0.0098080423860209
312,0,patch_3_34,768,1024,8704,8960,65536,MSAVI,0.0,65536,,,,
313,0,patch_3_34,768,1024,8704,8960,65536,NDVI,0.0,0,0.0,0.0,0.0,0.0098080423860209
314,0,patch_3_35,768,1024,8960,9216,65536,MSAVI,0.0,65536,,,,
315,0,patch_3_35,768,1024,8960,9216,65536,NDVI,0.0,0,0.0,0.0,0.0,0.0098080423860209
316,0,patch_3_36,768,1024,9216,9472,65536,MSAVI,0.0,65536,,,,
317,0,patch_3_36,768,1024,9216,9472,65536,NDVI,0.0,0,0.0,0.0,0.0,0.0098080423860209
318,0,patch_3_37,768,1024,9472,9728,65536,MSAVI,0.0,65536,,,,
319,0,patch_3_37,768,1024,9472,9728,65536,NDVI,0.0,0,0.0,0.0,0.0,0.0098080423860209
320,0,patch_3_38,768,1024,9728,9984,65536,MSAVI,0.0,65536,,,,
321,0,patch_3_38,768,1024,9728,9984,65536,NDVI,0.0,0,0.0,0.0,0.0,0.0098080423860209
322,0,patch_3_39,768,1024,9984,10240,65536,MSAVI,0.0,65536,,,,
323,0,patch_3_39,768,1024,9984,10240,65536,NDVI,0.0,0,0.0,0.0,0.0,0.0098080423860209
324,0,patch_3_40,768,1024,10240,10496,65536,MSAVI,0.0,65536,,,,
325,0,patch_3_40,768,1024,10240,10496,65536,NDVI,0.0,0,0.0,0.0,0.0,0.0098080423860209
326,0,patch_3_41,768,1024,10496,10752,65536,MSAVI,0.0,65536,,,,
327,0,patch_3_41,768,1024,10496,10752,65536,NDVI,0.0,0,0.0,0.0,0.0,0.0098080423860209
328,0,patch_3_42,768,1024,10752,11008,65536,MSAVI,0.0,65536,,,,
329,0,patch_3_42,768,1024,10752,11008,65536,NDVI,0.0,0,0.0,0.0,0.0,0.0098080423860209
330,0,patch_3_43,768,1024,11008,11264,65536,MSAVI,0.0,65536,,,,
331,0,patch_3_43,768,1024,11008,11264,65536,NDVI,0.0,0,0.0,0.0,0.0,0.0098080423860209
332,0,patch_3_44,768,1024,11264,11520,65536,MSAVI,0.0,65536,,,,
333,0,patch_3_44,768,1024,11264,11520,65536,NDVI,0.0,0,0.0,0.0,0.0,0.0098080423860209
334,0,patch_3_45,768,1024,11520,11776,65536,MSAVI,0.0,65536,,,,
335,0,patch_3_45,768,1024,11520,11776,65536,NDVI,0.0,0,0.0,0.0,0.0,0.0098080423860209
336,0,patch_4_0,1024,1280,0,256,65536,MSAVI,0.0,65536,,,,
337,0,patch_4_0,1024,1280,0,256,65536,NDVI,0.0,0,0.0,0.0,0.0,0.0098080423860209
338,0,patch_4_1,1024,1280,256,512,65536,MSAVI,0.0,65536,,,,
339,0,patch_4_1,1024,1280,256,512,65536,NDVI,0.0,0,0.0,0.0,0.0,0.0098080423860209
340,0,patch_4_2,1024,1280,512,768,65536,MSAVI,0.0,65536,,,,
341,0,patch_4_2,1024,1280,512,768,65536,NDVI,0.0,0,0.0,0.0,0.0,0.0098080423860209
342,0,patch_4_3,1024,1280,768,1024,65536,MSAVI,0.0,65536,,,,
343,0,patch_4_3,1024,1280,768,1024,65536,NDVI,0.0,0,0.0,0.0,0.0,0.0098080423860209
344,0,patch_4_4,1024,1280,1024,1280,65536,MSAVI,0.0,65536,,,,
345,0,patch_4_4,1024,1280,1024,1280,65536,NDVI,0.0,0,0.0,0.0,0.0,0.0098080423860209
346,0,patch_4_5,1024,1280,1280,1536,65536,MSAVI,0.0,65536,,,,
347,0,patch_4_5,1024,1280,1280,1536,65536,NDVI,0.0,0,0.0,0.0,0.0,0.0098080423860209
348,0,patch_4_6,1024,1280,1536,1792,65536,MSAVI,0.0,65536,,,,
349,0,patch_4_6,1024,1280,1536,1792,65536,NDVI,0.0,0,0.0,0.0,0.0,0.0098080423860209
350,0,patch_4_7,1024,1280,1792,2048,65536,MSAVI,0.0,65536,,,,
351,0,patch_4_7,1024,1280,1792,2048,65536,NDVI,0.0,0,0.0,0.0,0.0,0.0098080423860209
352,0,patch_4_8,1024,1280,2048,2304,65536,MSAVI,0.0,65536,,,,
353,0,patch_4_8,1024,1280,2048,2304,65536,NDVI,0.0,0,0.0,0.0,0.0,0.0098080423860209
354,0,patch_4_9,1024,1280,2304,2560,65536,MSAVI,0.0,65536,,,,
355,0,patch_4_9,1024,1280,2304,2560,65536,NDVI,0.0,0,0.0,0.0,0.0,0.0098080423860209
356,0,patch_4_10,1024,1280,2560,2816,65536,MSAVI,0.0,65536,,,,
357,0,patch_4_10,1024,1280,2560,2816,65536,NDVI,0.0,0,0.0,0.0,0.0,0.0098080423860209
358,0,patch_4_11,1024,1280,2816,3072,65536,MSAVI,0.0,65536,,,,
359,0,patch_4_11,1024,1280,2816,3072,65536,NDVI,0.0,0,0.0,0.0,0.0,0.0098080423860209
360,0,patch_4_12,1024,1280,3072,3328,65536,MSAVI,0.0,65536,,,,
361,0,patch_4_12,1024,1280,3072,3328,65536,NDVI,0.0,0,0.0,0.0,0.0,0.0098080423860209
362,0,patch_4_13,1024,1280,3328,3584,65536,MSAVI,0.0,65536,,,,
363,0,patch_4_13,1024,1280,3328,3584,65536,NDVI,0.0,0,0.0,0.0,0.0,0.0098080423860209
364,0,patch_4_14,1024,1280,3584,3840,65536,MSAVI,0.0,65536,,,,
365,0,patch_4_14,1024,1280,3584,3840,65536,NDVI,0.0,0,0.0,0.0,0.0,0.0098080423860209
366,0,patch_4_15,1024,1280,3840,4096,65536,MSAVI,0.0,65536,,,,
367,0,patch_4_15,1024,1280,3840,4096,65536,NDVI,0.0,0,0.0,0.0,0.0,0.0098080423860209
368,0,patch_4_16,1024,1280,4096,4352,65536,MSAVI,0.0,65536,,,,
369,0,patch_4_16,1024,1280,4096,4352,65536,NDVI,0.0,0,0.0,0.0,0.0,0.0098080423860209
370,0,patch_4_17,1024,1280,4352,4608,65536,MSAVI,0.0,65536,,,,
371,0,patch_4_17,1024,1280,4352,4608,65536,NDVI,0.0,0,0.0,0.0,0.0,0.0098080423860209
372,0,patch_4_18,1024,1280,4608,4864,65536,MSAVI,0.0,65536,,,,
373,0,patch_4_18,1024,1280,4608,4864,65536,NDVI,0.0,0,0.0,0.0,0.0,0.0098080423860209
394,0,patch_4_33,1024,1280,8448,8704,65536,MSAVI,0.0,65536,,,,
395,0,patch_4_33,1024,1280,8448,8704,65536,NDVI,0.0,0,0.0,0.0,0.0,0.0098080423860209
396,0,patch_4_34,1024,1280,8704,8960,65536,MSAVI,0.0,65536,,,,
397,0,patch_4_34,1024,1280,8704,8960,65536,NDVI,0.0,0,0.0,0.0,0.0,0.0098080423860209
398,0,patch_4_35,1024,1280,8960,9216,65536,MSAVI,0.0,65536,,,,
399,0,patch_4_35,1024,1280,8960,9216,65536,NDVI,0.0,0,0.0,0.0,0.0,0.0098080423860209
400,0,patch_4_36,1024,1280,9216,9472,65536,MSAVI,0.0,65536,,,,
401,0,patch_4_36,1024,1280,9216,9472,65536,NDVI,0.0,0,0.0,0.0,0.0,0.0098080423860209
402,0,patch_4_37,1024,1280,9472,9728,65536,MSAVI,0.0,65536,,,,
403,0,patch_4_37,1024,1280,9472,9728,65536,NDVI,0.0,0,0.0,0.0,0.0,0.0098080423860209
404,0,patch_4_38,1024,1280,9728,9984,65536,MSAVI,0.0,65536,,,,
405,0,patch_4_38,1024,1280,9728,9984,65536,NDVI,0.0,0,0.0,0.0,0.0,0.0098080423860209
406,0,patch_4_39,1024,1280,9984,10240,65536,MSAVI,0.0,65536,,,,
407,0,patch_4_39,1024,1280,9984,10240,65536,NDVI,0.0,0,0.0,0.0,0.0,0.0098080423860209
408,0,patch_4_40,1024,1280,10240,10496,65536,MSAVI,0.0,65536,,,,
409,0,patch_4_40,1024,1280,10240,10496,65536,NDVI,0.0,0,0.0,0.0,0.0,0.0098080423860209
410,0,patch_4_41,1024,1280,10496,10752,65536,MSAVI,0.0,65536,,,,
411,0,patch_4_41,1024,1280,10496,10752,65536,NDVI,0.0,0,0.0,0.0,0.0,0.0098080423860209
412,0,patch_4_42,1024,1280,10752,11008,65536,MSAVI,0.0,65536,,,,
413,0,patch_4_42,1024,1280,10752,11008,65536,NDVI,0.0,0,0.0,0.0,0.0,0.0098080423860209
414,0,patch_4_43,1024,1280,11008,11264,65536,MSAVI,0.0,65536,,,,
415,0,patch_4_43,1024,1280,11008,11264,65536,NDVI,0.0,0,0.0,0.0,0.0,0.0098080423860209
416,0,patch_4_44,1024,1280,11264,11520,65536,MSAVI,0.0,65536,,,,
417,0,patch_4_44,1024,1280,11264,11520,65536,NDVI,0.0,0,0.0,0.0,0.0,0.0098080423860209
418,0,patch_4_45,1024,1280,11520,11776,65536,MSAVI,0.0,65536,,,,
419,0,patch_4_45,1024,1280,11520,11776,65536,NDVI,0.0,0,0.0,0.0,0.0,0.0098080423860209
420,0,patch_5_0,1280,1536,0,256,65536,MSAVI,0.0,65536,,,,
421,0,patch_5_0,1280,1536,0,256,65536,NDVI,0.0,0,0.0,0.0,0.0,0.0098080423860209
422,0,patch_5_1,1280,1536,256,512,65536,MSAVI,0.0,65536,,,,
423,0,patch_5_1,1280,1536,256,512,65536,NDVI,0.0,0,0.0,0.0,0.0,0.0098080423860209
424,0,patch_5_2,1280,1536,512,768,65536,MSAVI,0.0,65536,,,,
425,0,patch_5_2,1280,1536,512,768,65536,NDVI,0.0,0,0.0,0.0,0.0,0.0098080423860209
426,0,patch_5_3,1280,1536,768,1024,65536,MSAVI,0.0,65536,,,,
427,0,patch_5_3,1280,1536,768,1024,65536,NDVI,0.0,0,0.0,0.0,0.0,0.0098080423860209
428,0,patch_5_4,1280,1536,1024,1280,65536,MSAVI,0.0,65536,,,,
429,0,patch_5_4,1280,1536,1024,1280,65536,NDVI,0.0,0,0.0,0.0,0.0,0.0098080423860209
430,0,patch_5_5,1280,1536,1280,1536,65536,MSAVI,0.0,65536,,,,
431,0,patch_5_5,1280,1536,1280,1536,65536,NDVI,0.0,0,0.0,0.0,0.0,0.0098080423860209
432,0,patch_5_6,1280,1536,1536,1792,65536,MSAVI,0.0,65536,,,,
433,0,patch_5_6,1280,1536,1536,1792,65536,NDVI,0.0,0,0.0,0.0,0.0,0.0098080423860209
434,0,patch_5_7,1280,1536,1792,2048,65536,MSAVI,0.0,65536,,,,
435,0,patch_5_7,1280,1536,1792,2048,65536,NDVI,0.0,0,0.0,0.0,0.0,0.0098080423860209
436,0,patch_5_8,1280,1536,2048,2304,65536,MSAVI,0.0,65536,,,,
437,0,patch_5_8,1280,1536,2048,2304,65536,NDVI,0.0,0,0.0,0.0,0.0,0.0098080423860209
438,0,patch_5_9,1280,1536,2304,2560,65536,MSAVI,0.0,65536,,,,
439,0,patch_5_9,1280,1536,2304,2560,65536,NDVI,0.0,0,0.0,0.0,0.0,0.0098080423860209
440,0,patch_5_10,1280,1536,2560,2816,65536,MSAVI,0.0,65536,,,,
441,0,patch_5_10,1280,1536,2560,2816,65536,NDVI,0.0,0,0.0,0.0,0.0,0.0098080423860209
442,0,patch_5_11,1280,1536,2816,3072,65536,MSAVI,0.0,65536,,,,
443,0,patch_5_11,1280,1536,2816,3072,65536,NDVI,0.0,0,0.0,0.0,0.0,0.0098080423860209
444,0,patch_5_12,1280,1536,3072,3328,65536,MSAVI,0.0,65536,,,,
445,0,patch_5_12,1280,1536,3072,3328,65536,NDVI,0.0,0,0.0,0.0,0.0,0.0098080423860209
446,0,patch_5_13,1280,1536,3328,3584,65536,MSAVI,0.0,65536,,,,
447,0,patch_5_13,1280,1536,3328,3584,65536,NDVI,0.0,0,0.0,0.0,0.0,0.0098080423860209
448,0,patch_5_14,1280,1536,3584,3840,65536,MSAVI,0.0,65536,,,,
449,0,patch_5_14,1280,1536,3584,3840,65536,NDVI,0.0,0,0.0,0.0,0.0,0.0098080423860209
450,0,patch_5_15,1280,1536,3840,4096,65536,MSAVI,0.0,65536,,,,
451,0,patch_5_15,1280,1536,3840,4096,65536,NDVI,0.0,0,0.0,0.0,0.0,0.0098080423860209
452,0,patch_5_16,1280,1536,4096,4352,65536,MSAVI,0.0,65536,,,,
453,0,patch_5_16,1280,1536,4096,4352,65536,NDVI,0.0,0,0.0,0.0,0.0,0.0098080423860209
478,0,patch_5_34,1280,1536,8704,8960,65536,MSAVI,0.0,65536,,,,
479,0,patch_5_34,1280,1536,8704,8960,65536,NDVI,0.0,0,0.0,0.0,0.0,0.0098080423860209
480,0,patch_5_35,1280,1536,8960,9216,65536,MSAVI,0.0,65536,,,,
481,0,patch_5_35,1280,1536,8960,9216,65536,NDVI,0.0,0,0.0,0.0,0.0,0.0098080423860209
482,0,patch_5_36,1280,1536,9216,9472,65536,MSAVI,0.0,65536,,,,
483,0,patch_5_36,1280,1536,9216,9472,65536,NDVI,0.0,0,0.0,0.0,0.0,0.0098080423860209
484,0,patch_5_37,1280,1536,9472,9728,65536,MSAVI,0.0,65536,,,,
485,0,patch_5_37,1280,1536,9472,9728,65536,NDVI,0.0,0,0.0,0.0,0.0,0.0098080423860209
486,0,patch_5_38,1280,1536,9728,9984,65536,MSAVI,0.0,65536,,,,
487,0,patch_5_38,1280,1536,9728,9984,65536,NDVI,0.0,0,0.0,0.0,0.0,0.0098080423860209
488,0,patch_5_39,1280,1536,9984,10240,65536,MSAVI,0.0,65536,,,,
489,0,patch_5_39,1280,1536,9984,10240,65536,NDVI,0.0,0,0.0,0.0,0.0,0.0098080423860209
490,0,patch_5_40,1280,1536,10240,10496,65536,MSAVI,0.0,65536,,,,
491,0,patch_5_40,1280,1536,10240,10496,65536,NDVI,0.0,0,0.0,0.0,0.0,0.0098080423860209
492,0,patch_5_41,1280,1536,10496,10752,65536,MSAVI,0.0,65536,,,,
493,0,patch_5_41,1280,1536,10496,10752,65536,NDVI,0.0,0,0.0,0.0,0.0,0.0098080423860209
494,0,patch_5_42,1280,1536,10752,11008,65536,MSAVI,0.0,65536,,,,
495,0,patch_5_42,1280,1536,10752,11008,65536,NDVI,0.0,0,0.0,0.0,0.0,0.0098080423860209
496,0,patch_5_43,1280,1536,11008,11264,65536,MSAVI,0.0,65536,,,,
497,0,patch_5_43,1280,1536,11008,11264,65536,NDVI,0.0,0,0.0,0.0,0.0,0.0098080423860209
498,0,patch_5_44,1280,1536,11264,11520,65536,MSAVI,0.0,65536,,,,
499,0,patch_5_44,1280,1536,11264,11520,65536,NDVI,0.0,0,0.0,0.0,0.0,0.0098080423860209
500,0,patch_5_45,1280,1536,11520,11776,65536,MSAVI,0.0,65536,,,,
501,0,patch_5_45,1280,1536,11520,11776,65536,NDVI,0.0,0,0.0,0.0,0.0,0.0098080423860209
502,0,patch_6_0,1536,1792,0,256,65536,MSAVI,0.0,65536,,,,
503,0,patch_6_0,1536,1792,0,256,65536,NDVI,0.0,0,0.0,0.0,0.0,0.0098080423860209
504,0,patch_6_1,1536,1792,256,512,65536,MSAVI,0.0,65536,,,,
505,0,patch_6_1,1536,1792,256,512,65536,NDVI,0.0,0,0.0,0.0,0.0,0.0098080423860209
506,0,patch_6_2,1536,1792,512,768,65536,MSAVI,0.0,65536,,,,
507,0,patch_6_2,1536,1792,512,768,65536,NDVI,0.0,0,0.0,0.0,0.0,0.0098080423860209
508,0,patch_6_3,1536,1792,768,1024,65536,MSAVI,0.0,65536,,,,
509,0,patch_6_3,1536,1792,768,1024,65536,NDVI,0.0,0,0.0,0.0,0.0,0.0098080423860209
510,0,patch_6_4,1536,1792,1024,1280,65536,MSAVI,0.0,65536,,,,
511,0,patch_6_4,1536,1792,1024,1280,65536,NDVI,0.0,0,0.0,0.0,0.0,0.0098080423860209
512,0,patch_6_5,1536,1792,1280,1536,65536,MSAVI,0.0,65536,,,,
513,0,patch_6_5,1536,1792,1280,1536,65536,NDVI,0.0,0,0.0,0.0,0.0,0.0098080423860209
514,0,patch_6_6,1536,1792,1536,1792,65536,MSAVI,0.0,65536,,,,
515,0,patch_6_6,1536,1792,1536,1792,65536,NDVI,0.0,0,0.0,0.0,0.0,0.0098080423860209
516,0,patch_6_7,1536,1792,1792,2048,65536,MSAVI,0.0,65536,,,,
517,0,patch_6_7,1536,1792,1792,2048,65536,NDVI,0.0,0,0.0,0.0,0.0,0.0098080423860209
518,0,patch_6_8,1536,1792,2048,2304,65536,MSAVI,0.0,65536,,,,
519,0,patch_6_8,1536,1792,2048,2304,65536,NDVI,0.0,0,0.0,0.0,0.0,0.0098080423860209
520,0,patch_6_9,1536,1792,2304,2560,65536,MSAVI,0.0,65536,,,,
521,0,patch_6_9,1536,1792,2304,2560,65536,NDVI,0.0,0,0.0,0.0,0.0,0.0098080423860209
522,0,patch_6_10,1536,1792,2560,2816,65536,MSAVI,0.0,65536,,,,
523,0,patch_6_10,1536,1792,2560,2816,65536,NDVI,0.0,0,0.0,0.0,0.0,0.0098080423860209
524,0,patch_6_11,1536,1792,2816,3072,65536,MSAVI,0.0,65536,,,,
525,0,patch_6_11,1536,1792,2816,3072,65536,NDVI,0.0,0,0.0,0.0,0.0,0.0098080423860209
526,0,patch_6_12,1536,1792,3072,3328,65536,MSAVI,0.0,65536,,,,
527,0,patch_6_12,1536,1792,3072,3328,65536,NDVI,0.0,0,0.0,0.0,0.0,0.0098080423860209
528,0,patch_6_13,1536,1792,3328,3584,65536,MSAVI,0.0,65536,,,,
529,0,patch_6_13,1536,1792,3328,3584,65536,NDVI,0.0,0,0.0,0.0,0.0,0.0098080423860209
530,0,patch_6_14,1536,1792,3584,3840,65536,MSAVI,0.0,65536,,,,
531,0,patch_6_14,1536,1792,3584,3840,65536,NDVI,0.0,0,0.0,0.0,0.0,0.0098080423860209
532,0,patch_6_15,1536,1792,3840,4096,65536,MSAVI,0.0,65536,,,,
533,0,patch_6_15,1536,1792,3840,4096,65536,NDVI,0.0,0,0.0,0.0,0.0,0.0098080423860209
564,0,patch_6_34,1536,1792,8704,8960,65536,MSAVI,0.0,65536,,,,
565,0,patch_6_34,1536,1792,8704,8960,65536,NDVI,0.0,0,0.0,0.0,0.0,0.0098080423860209
566,0,patch_6_35,1536,1792,8960,9216,65536,MSAVI,0.0,65536,,,,
567,0,patch_6_35,1536,1792,8960,9216,65536,NDVI,0.0,0,0.0,0.0,0.0,0.0098080423860209
568,0,patch_6_36,1536,1792,9216,9472,65536,MSAVI,0.0,65536,,,,
569,0,patch_6_36,1536,1792,9216,9472,65536,NDVI,0.0,0,0.0,0.0,0.0,0.0098080423860209
570,0,patch_6_37,1536,1792,9472,9728,65536,MSAVI,0.0,65536,,,,
571,0,patch_6_37,1536,1792,9472,9728,65536,NDVI,0.0,0,0.0,0.0,0.0,0.0098080423860209
572,0,patch_6_38,1536,1792,9728,9984,65536,MSAVI,0.0,65536,,,,
573,0,patch_6_38,1536,1792,9728,9984,65536,NDVI,0.0,0,0.0,0.0,0.0,0.0098080423860209
574,0,patch_6_39,1536,1792,9984,10240,65536,MSAVI,0.0,65536,,,,
575,0,patch_6_39,1536,1792,9984,10240,65536,NDVI,0.0,0,0.0,0.0,0.0,0.0098080423860209
576,0,patch_6_40,1536,1792,10240,10496,65536,MSAVI,0.0,65536,,,,
577,0,patch_6_40,1536,1792,10240,10496,65536,NDVI,0.0,0,0.0,0.0,0.0,0.0098080423860209
578,0,patch_6_41,1536,1792,10496,10752,65536,MSAVI,0.0,65536,,,,
579,0,patch_6_41,1536,1792,10496,10752,65536,NDVI,0.0,0,0.0,0.0,0.0,0.0098080423860209
580,0,patch_6_42,1536,1792,10752,11008,65536,MSAVI,0.0,65536,,,,
581,0,patch_6_42,1536,1792,10752,11008,65536,NDVI,0.0,0,0.0,0.0,0.0,0.0098080423860209
582,0,patch_6_43,1536,1792,11008,11264,65536,MSAVI,0.0,65536,,,,
583,0,patch_6_43,1536,1792,11008,11264,65536,NDVI,0.0,0,0.0,0.0,0.0,0.0098080423860209
584,0,patch_6_44,1536,1792,11264,11520,65536,MSAVI,0.0,65536,,,,
585,0,patch_6_44,1536,1792,11264,11520,65536,NDVI,0.0,0,0.0,0.0,0.0,0.0098080423860209
586,0,patch_6_45,1536,1792,11520,11776,65536,MSAVI,0.0,65536,,,,
587,0,patch_6_45,1536,1792,11520,11776,65536,NDVI,0.0,0,0.0,0.0,0.0,0.0098080423860209
588,0,patch_7_0,1792,2048,0,256,65536,MSAVI,0.0,65536,,,,
589,0,patch_7_0,1792,2048,0,256,65536,NDVI,0.0,0,0.0,0.0,0.0,0.0098080423860209
590,0,patch_7_1,1792,2048,256,512,65536,MSAVI,0.0,65536,,,,
591,0,patch_7_1,1792,2048,256,512,65536,NDVI,0.0,0,0.0,0.0,0.0,0.0098080423860209
592,0,patch_7_2,1792,2048,512,768,65536,MSAVI,0.0,65536,,,,
593,0,patch_7_2,1792,2048,512,768,65536,NDVI,0.0,0,0.0,0.0,0.0,0.0098080423860209
594,0,patch_7_3,1792,2048,768,1024,65536,MSAVI,0.0,65536,,,,
595,0,patch_7_3,1792,2048,768,1024,65536,NDVI,0.0,0,0.0,0.0,0.0,0.0098080423860209
596,0,patch_7_4,1792,2048,1024,1280,65536,MSAVI,0.0,65536,,,,
597,0,patch_7_4,1792,2048,1024,1280,65536,NDVI,0.0,0,0.0,0.0,0.0,0.0098080423860209
598,0,patch_7_5,1792,2048,1280,1536,65536,MSAVI,0.0,65536,,,,
599,0,patch_7_5,1792,2048,1280,1536,65536,NDVI,0.0,0,0.0,0.0,0.0,0.0098080423860209
600,0,patch_7_6,1792,2048,1536,1792,65536,MSAVI,0.0,65536,,,,
601,0,patch_7_6,1792,2048,1536,1792,65536,NDVI,0.0,0,0.0,0.0,0.0,0.0098080423860209
602,0,patch_7_7,1792,2048,1792,2048,65536,MSAVI,0.0,65536,,,,
603,0,patch_7_7,1792,2048,1792,2048,65536,NDVI,0.0,0,0.0,0.0,0.0,0.0098080423860209
604,0,patch_7_8,1792,2048,2048,2304,65536,MSAVI,0.0,65536,,,,
605,0,patch_7_8,1792,2048,2048,2304,65536,NDVI,0.0,0,0.0,0.0,0.0,0.0098080423860209
606,0,patch_7_9,1792,2048,2304,2560,65536,MSAVI,0.0,65536,,,,
607,0,patch_7_9,1792,2048,2304,2560,65536,NDVI,0.0,0,0.0,0.0,0.0,0.0098080423860209
608,0,patch_7_10,1792,2048,2560,2816,65536,MSAVI,0.0,65536,,,,
609,0,patch_7_10,1792,2048,2560,2816,65536,NDVI,0.0,0,0.0,0.0,0.0,0.0098080423860209
610,0,patch_7_11,1792,2048,2816,3072,65536,MSAVI,0.0,65536,,,,
611,0,patch_7_11,1792,2048,2816,3072,65536,NDVI,0.0,0,0.0,0.0,0.0,0.0098080423860209
612,0,patch_7_12,1792,2048,3072,3328,65536,MSAVI,0.0,65536,,,,
613,0,patch_7_12,1792,2048,3072,3328,65536,NDVI,0.0,0,0.0,0.0,0.0,0.0098080423860209
614,0,patch_7_13,1792,2048,3328,3584,65536,MSAVI,0.0,65536,,,,
615,0,patch_7_13,1792,2048,3328,3584,65536,NDVI,0.0,0,0.0,0.0,0.0,0.0098080423860209
648,0,patch_7_35,1792,2048,8960,9216,65536,MSAVI,0.0,65536,,,,
649,0,patch_7_35,1792,2048,8960,9216,65536,NDVI,0.0,0,0.0,0.0,0.0,0.0098080423860209
650,0,patch_7_36,1792,2048,9216,9472,65536,MSAVI,0.0,65536,,,,
651,0,patch_7_36,1792,2048,9216,9472,65536,NDVI,0.0,0,0.0,0.0,0.0,0.0098080423860209
652,0,patch_7_37,1792,2048,9472,9728,65536,MSAVI,0.0,65536,,,,
653,0,patch_7_37,1792,2048,9472,9728,65536,NDVI,0.0,0,0.0,0.0,0.0,0.0098080423860209
654,0,patch_7_38,1792,2048,9728,9984,65536,MSAVI,0.0,65536,,,,
655,0,patch_7_38,1792,2048,9728,9984,65536,NDVI,0.0,0,0.0,0.0,0.0,0.0098080423860209
656,0,patch_7_39,1792,2048,9984,10240,65536,MSAVI,0.0,65536,,,,
657,0,patch_7_39,1792,2048,9984,10240,65536,NDVI,0.0,0,0.0,0.0,0.0,0.0098080423860209
658,0,patch_7_40,1792,2048,10240,10496,65536,MSAVI,0.0,65536,,,,
659,0,patch_7_40,1792,2048,10240,10496,65536,NDVI,0.0,0,0.0,0.0,0.0,0.0098080423860209
660,0,patch_7_41,1792,2048,10496,10752,65536,MSAVI,0.0,65536,,,,
661,0,patch_7_41,1792,2048,10496,10752,65536,NDVI,0.0,0,0.0,0.0,0.0,0.0098080423860209
662,0,patch_7_42,1792,2048,10752,11008,65536,MSAVI,0.0,65536,,,,
663,0,patch_7_42,1792,2048,10752,11008,65536,NDVI,0.0,0,0.0,0.0,0.0,0.0098080423860209
664,0,patch_7_43,1792,2048,11008,11264,65536,MSAVI,0.0,65536,,,,
665,0,patch_7_43,1792,2048,11008,11264,65536,NDVI,0.0,0,0.0,0.0,0.0,0.0098080423860209
666,0,patch_7_44,1792,2048,11264,11520,65536,MSAVI,0.0,65536,,,,
667,0,patch_7_44,1792,2048,11264,11520,65536,NDVI,0.0,0,0.0,0.0,0.0,0.0098080423860209
668,0,patch_7_45,1792,2048,11520,11776,65536,MSAVI,0.0,65536,,,,
669,0,patch_7_45,1792,2048,11520,11776,65536,NDVI,0.0,0,0.0,0.0,0.0,0.0098080423860209
670,0,patch_8_0,2048,2304,0,256,65536,MSAVI,0.0,65536,,,,
671,0,patch_8_0,2048,2304,0,256,65536,NDVI,0.0,0,0.0,0.0,0.0,0.0098080423860209
672,0,patch_8_1,2048,2304,256,512,65536,MSAVI,0.0,65536,,,,
673,0,patch_8_1,2048,2304,256,512,65536,NDVI,0.0,0,0.0,0.0,0.0,0.0098080423860209
674,0,patch_8_2,2048,2304,512,768,65536,MSAVI,0.0,65536,,,,
675,0,patch_8_2,2048,2304,512,768,65536,NDVI,0.0,0,0.0,0.0,0.0,0.0098080423860209
676,0,patch_8_3,2048,2304,768,1024,65536,MSAVI,0.0,65536,,,,
677,0,patch_8_3,2048,2304,768,1024,65536,NDVI,0.0,0,0.0,0.0,0.0,0.0098080423860209
678,0,patch_8_4,2048,2304,1024,1280,65536,MSAVI,0.0,65536,,,,
679,0,patch_8_4,2048,2304,1024,1280,65536,NDVI,0.0,0,0.0,0.0,0.0,0.0098080423860209
680,0,patch_8_5,2048,2304,1280,1536,65536,MSAVI,0.0,65536,,,,
681,0,patch_8_5,2048,2304,1280,1536,65536,NDVI,0.0,0,0.0,0.0,0.0,0.0098080423860209
682,0,patch_8_6,2048,2304,1536,1792,65536,MSAVI,0.0,65536,,,,
683,0,patch_8_6,2048,2304,1536,1792,65536,NDVI,0.0,0,0.0,0.0,0.0,0.0098080423860209
684,0,patch_8_7,2048,2304,1792,2048,65536,MSAVI,0.0,65536,,,,
685,0,patch_8_7,2048,2304,1792,2048,65536,NDVI,0.0,0,0.0,0.0,0.0,0.0098080423860209
686,0,patch_8_8,2048,2304,2048,2304,65536,MSAVI,0.0,65536,,,,
687,0,patch_8_8,2048,2304,2048,2304,65536,NDVI,0.0,0,0.0,0.0,0.0,0.0098080423860209
688,0,patch_8_9,2048,2304,2304,2560,65536,MSAVI,0.0,65536,,,,
689,0,patch_8_9,2048,2304,2304,2560,65536,NDVI,0.0,0,0.0,0.0,0.0,0.0098080423860209
690,0,patch_8_10,2048,2304,2560,2816,65536,MSAVI,0.0,65536,,,,
691,0,patch_8_10,2048,2304,2560,2816,65536,NDVI,0.0,0,0.0,0.0,0.0,0.0098080423860209
692,0,patch_8_11,2048,2304,2816,3072,65536,MSAVI,0.0,65536,,,,
693,0,patch_8_11,2048,2304,2816,3072,65536,NDVI,0.0,0,0.0,0.0,0.0,0.0098080423860209
732,0,patch_8_36,2048,2304,9216,9472,65536,MSAVI,0.0,65536,,,,
733,0,patch_8_36,2048,2304,9216,9472,65536,NDVI,0.0,0,0.0,0.0,0.0,0.0098080423860209
734,0,patch_8_37,2048,2304,9472,9728,65536,MSAVI,0.0,65536,,,,
735,0,patch_8_37,2048,2304,9472,9728,65536,NDVI,0.0,0,0.0,0.0,0.0,0.0098080423860209
736,0,patch_8_38,2048,2304,9728,9984,65536,MSAVI,0.0,65536,,,,
737,0,patch_8_38,2048,2304,9728,9984,65536,NDVI,0.0,0,0.0,0.0,0.0,0.0098080423860209
738,0,patch_8_39,2048,2304,9984,10240,65536,MSAVI,0.0,65536,,,,
739,0,patch_8_39,2048,2304,9984,10240,65536,NDVI,0.0,0,0.0,0.0,0.0,0.0098080423860209
740,0,patch_8_40,2048,2304,10240,10496,65536,MSAVI,0.0,65536,,,,
741,0,patch_8_40,2048,2304,10240,10496,65536,NDVI,0.0,0,0.0,0.0,0.0,0.0098080423860209
742,0,patch_8_41,2048,2304,10496,10752,65536,MSAVI,0.0,65536,,,,
743,0,patch_8_41,2048,2304,10496,10752,65536,NDVI,0.0,0,0.0,0.0,0.0,0.0098080423860209
744,0,patch_8_42,2048,2304,10752,11008,65536,MSAVI,0.0,65536,,,,
745,0,patch_8_42,2048,2304,10752,11008,65536,NDVI,0.0,0,0.0,0.0,0.0,0.0098080423860209
746,0,patch_8_43,2048,2304,11008,11264,65536,MSAVI,0.0,65536,,,,
747,0,patch_8_43,2048,2304,11008,11264,65536,NDVI,0.0,0,0.0,0.0,0.0,0.0098080423860209
748,0,patch_8_44,2048,2304,11264,11520,65536,MSAVI,0.0,65536,,,,
749,0,patch_8_44,2048,2304,11264,11520,65536,NDVI,0.0,0,0.0,0.0,0.0,0.0098080423860209
750,0,patch_8_45,2048,2304,11520,11776,65536,MSAVI,0.0,65536,,,,
751,0,patch_8_45,2048,2304,11520,11776,65536,NDVI,0.0,0,0.0,0.0,0.0,0.0098080423860209
752,0,patch_9_0,2304,2560,0,256,65536,MSAVI,0.0,65536,,,,
753,0,patch_9_0,2304,2560,0,256,65536,NDVI,0.0,0,0.0,0.0,0.0,0.0098080423860209
754,0,patch_9_1,2304,2560,256,512,65536,MSAVI,0.0,65536,,,,
755,0,patch_9_1,2304,2560,256,512,65536,NDVI,0.0,0,0.0,0.0,0.0,0.0098080423860209
756,0,patch_9_2,2304,2560,512,768,65536,MSAVI,0.0,65536,,,,
757,0,patch_9_2,2304,2560,512,768,65536,NDVI,0.0,0,0.0,0.0,0.0,0.0098080423860209
758,0,patch_9_3,2304,2560,768,1024,65536,MSAVI,0.0,65536,,,,
759,0,patch_9_3,2304,2560,768,1024,65536,NDVI,0.0,0,0.0,0.0,0.0,0.0098080423860209
760,0,patch_9_4,2304,2560,1024,1280,65536,MSAVI,0.0,65536,,,,
761,0,patch_9_4,2304,2560,1024,1280,65536,NDVI,0.0,0,0.0,0.0,0.0,0.0098080423860209
762,0,patch_9_5,2304,2560,1280,1536,65536,MSAVI,0.0,65536,,,,
763,0,patch_9_5,2304,2560,1280,1536,65536,NDVI,0.0,0,0.0,0.0,0.0,0.0098080423860209
764,0,patch_9_6,2304,2560,1536,1792,65536,MSAVI,0.0,65536,,,,
765,0,patch_9_6,2304,2560,1536,1792,65536,NDVI,0.0,0,0.0,0.0,0.0,0.0098080423860209
766,0,patch_9_7,2304,2560,1792,2048,65536,MSAVI,0.0,65536,,,,
767,0,patch_9_7,2304,2560,1792,2048,65536,NDVI,0.0,0,0.0,0.0,0.0,0.0098080423860209
768,0,patch_9_8,2304,2560,2048,2304,65536,MSAVI,0.0,65536,,,,
769,0,patch_9_8,2304,2560,2048,2304,65536,NDVI,0.0,0,0.0,0.0,0.0,0.0098080423860209
770,0,patch_9_9,2304,2560,2304,2560,65536,MSAVI,0.0,65536,,,,
771,0,patch_9_9,2304,2560,2304,2560,65536,NDVI,0.0,0,0.0,0.0,0.0,0.0098080423860209
772,0,patch_9_10,2304,2560,2560,2816,65536,MSAVI,0.0,65536,,,,
773,0,patch_9_10,2304,2560,2560,2816,65536,NDVI,0.0,0,0.0,0.0,0.0,0.0098080423860209
818,0,patch_9_36,2304,2560,9216,9472,65536,MSAVI,0.0,65536,,,,
819,0,patch_9_36,2304,2560,9216,9472,65536,NDVI,0.0,0,0.0,0.0,0.0,0.0098080423860209
820,0,patch_9_37,2304,2560,9472,9728,65536,MSAVI,0.0,65536,,,,
821,0,patch_9_37,2304,2560,9472,9728,65536,NDVI,0.0,0,0.0,0.0,0.0,0.0098080423860209
822,0,patch_9_38,2304,2560,9728,9984,65536,MSAVI,0.0,65536,,,,
823,0,patch_9_38,2304,2560,9728,9984,65536,NDVI,0.0,0,0.0,0.0,0.0,0.0098080423860209
824,0,patch_9_39,2304,2560,9984,10240,65536,MSAVI,0.0,65536,,,,
825,0,patch_9_39,2304,2560,9984,10240,65536,NDVI,0.0,0,0.0,0.0,0.0,0.0098080423860209
826,0,patch_9_40,2304,2560,10240,10496,65536,MSAVI,0.0,65536,,,,
827,0,patch_9_40,2304,2560,10240,10496,65536,NDVI,0.0,0,0.0,0.0,0.0,0.0098080423860209
828,0,patch_9_41,2304,2560,10496,10752,65536,MSAVI,0.0,65536,,,,
829,0,patch_9_41,2304,2560,10496,10752,65536,NDVI,0.0,0,0.0,0.0,0.0,0.0098080423860209
830,0,patch_9_42,2304,2560,10752,11008,65536,MSAVI,0.0,65536,,,,
831,0,patch_9_42,2304,2560,10752,11008,65536,NDVI,0.0,0,0.0,0.0,0.0,0.0098080423860209
832,0,patch_9_43,2304,2560,11008,11264,65536,MSAVI,0.0,65536,,,,
833,0,patch_9_43,2304,2560,11008,11264,65536,NDVI,0.0,0,0.0,0.0,0.0,0.0098080423860209
834,0,patch_9_44,2304,2560,11264,11520,65536,MSAVI,0.0,65536,,,,
835,0,patch_9_44,2304,2560,11264,11520,65536,NDVI,0.0,0,0.0,0.0,0.0,0.0098080423860209
836,0,patch_9_45,2304,2560,11520,11776,65536,MSAVI,0.0,65536,,,,
837,0,patch_9_45,2304,2560,11520,11776,65536,NDVI,0.0,0,0.0,0.0,0.0,0.0098080423860209
838,0,patch_10_0,2560,2816,0,256,65536,MSAVI,0.0,65536,,,,
839,0,patch_10_0,2560,2816,0,256,65536,NDVI,0.0,0,0.0,0.0,0.0,0.0098080423860209
840,0,patch_10_1,2560,2816,256,512,65536,MSAVI,0.0,65536,,,,
841,0,patch_10_1,2560,2816,256,512,65536,NDVI,0.0,0,0.0,0.0,0.0,0.0098080423860209
842,0,patch_10_2,2560,2816,512,768,65536,MSAVI,0.0,65536,,,,
843,0,patch_10_2,2560,2816,512,768,65536,NDVI,0.0,0,0.0,0.0,0.0,0.0098080423860209
844,0,patch_10_3,2560,2816,768,1024,65536,MSAVI,0.0,65536,,,,
845,0,patch_10_3,2560,2816,768,1024,65536,NDVI,0.0,0,0.0,0.0,0.0,0.0098080423860209
846,0,patch_10_4,2560,2816,1024,1280,65536,MSAVI,0.0,65536,,,,
847,0,patch_10_4,2560,2816,1024,1280,65536,NDVI,0.0,0,0.0,0.0,0.0,0.0098080423860209
848,0,patch_10_5,2560,2816,1280,1536,65536,MSAVI,0.0,65536,,,,
849,0,patch_10_5,2560,2816,1280,1536,65536,NDVI,0.0,0,0.0,0.0,0.0,0.0098080423860209
850,0,patch_10_6,2560,2816,1536,1792,65536,MSAVI,0.0,65536,,,,
851,0,patch_10_6,2560,2816,1536,1792,65536,NDVI,0.0,0,0.0,0.0,0.0,0.0098080423860209
852,0,patch_10_7,2560,2816,1792,2048,65536,MSAVI,0.0,65536,,,,
853,0,patch_10_7,2560,2816,1792,2048,65536,NDVI,0.0,0,0.0,0.0,0.0,0.0098080423860209
854,0,patch_10_8,2560,2816,2048,2304,65536,MSAVI,0.0,65536,,,,
855,0,patch_10_8,2560,2816,2048,2304,65536,NDVI,0.0,0,0.0,0.0,0.0,0.0098080423860209
902,0,patch_10_37,2560,2816,9472,9728,65536,MSAVI,0.0,65536,,,,
903,0,patch_10_37,2560,2816,9472,9728,65536,NDVI,0.0,0,0.0,0.0,0.0,0.0098080423860209
904,0,patch_10_38,2560,2816,9728,9984,65536,MSAVI,0.0,65536,,,,
905,0,patch_10_38,2560,2816,9728,9984,65536,NDVI,0.0,0,0.0,0.0,0.0,0.0098080423860209
906,0,patch_10_39,2560,2816,9984,10240,65536,MSAVI,0.0,65536,,,,
907,0,patch_10_39,2560,2816,9984,10240,65536,NDVI,0.0,0,0.0,0.0,0.0,0.0098080423860209
908,0,patch_10_40,2560,2816,10240,10496,65536,MSAVI,0.0,65536,,,,
909,0,patch_10_40,2560,2816,10240,10496,65536,NDVI,0.0,0,0.0,0.0,0.0,0.0098080423860209
910,0,patch_10_41,2560,2816,10496,10752,65536,MSAVI,0.0,65536,,,,
911,0,patch_10_41,2560,2816,10496,10752,65536,NDVI,0.0,0,0.0,0.0,0.0,0.0098080423860209
912,0,patch_10_42,2560,2816,10752,11008,65536,MSAVI,0.0,65536,,,,
913,0,patch_10_42,2560,2816,10752,11008,65536,NDVI,0.0,0,0.0,0.0,0.0,0.0098080423860209
914,0,patch_10_43,2560,2816,11008,11264,65536,MSAVI,0.0,65536,,,,
915,0,patch_10_43,2560,2816,11008,11264,65536,NDVI,0.0,0,0.0,0.0,0.0,0.0098080423860209
916,0,patch_10_44,2560,2816,11264,11520,65536,MSAVI,0.0,65536,,,,
917,0,patch_10_44,2560,2816,11264,11520,65536,NDVI,0.0,0,0.0,0.0,0.0,0.0098080423860209
918,0,patch_10_45,2560,2816,11520,11776,65536,MSAVI,0.0,65536,,,,
919,0,patch_10_45,2560,2816,11520,11776,65536,NDVI,0.0,0,0.0,0.0,0.0,0.0098080423860209
920,0,patch_11_0,2816,3072,0,256,65536,MSAVI,0.0,65536,,,,
921,0,patch_11_0,2816,3072,0,256,65536,NDVI,0.0,0,0.0,0.0,0.0,0.0098080423860209
922,0,patch_11_1,2816,3072,256,512,65536,MSAVI,0.0,65536,,,,
923,0,patch_11_1,2816,3072,256,512,65536,NDVI,0.0,0,0.0,0.0,0.0,0.0098080423860209
924,0,patch_11_2,2816,3072,512,768,65536,MSAVI,0.0,65536,,,,
925,0,patch_11_2,2816,3072,512,768,65536,NDVI,0.0,0,0.0,0.0,0.0,0.0098080423860209
926,0,patch_11_3,2816,3072,768,1024,65536,MSAVI,0.0,65536,,,,
927,0,patch_11_3,2816,3072,768,1024,65536,NDVI,0.0,0,0.0,0.0,0.0,0.0098080423860209
928,0,patch_11_4,2816,3072,1024,1280,65536,MSAVI,0.0,65536,,,,
929,0,patch_11_4,2816,3072,1024,1280,65536,NDVI,0.0,0,0.0,0.0,0.0,0.0098080423860209
930,0,patch_11_5,2816,3072,1280,1536,65536,MSAVI,0.0,65536,,,,
931,0,patch_11_5,2816,3072,1280,1536,65536,NDVI,0.0,0,0.0,0.0,0.0,0.0098080423860209
932,0,patch_11_6,2816,3072,1536,1792,65536,MSAVI,0.0,65536,,,,
933,0,patch_11_6,2816,3072,1536,1792,65536,NDVI,0.0,0,0.0,0.0,0.0,0.0098080423860209
934,0,patch_11_7,2816,3072,1792,2048,65536,MSAVI,0.0,65536,,,,
935,0,patch_11_7,2816,3072,1792,2048,65536,NDVI,0.0,0,0.0,0.0,0.0,0.0098080423860209
988,0,patch_11_37,2816,3072,9472,9728,65536,MSAVI,0.0,65536,,,,
989,0,patch_11_37,2816,3072,9472,9728,65536,NDVI,0.0,0,0.0,0.0,0.0,0.0098080423860209
990,0,patch_11_38,2816,3072,9728,9984,65536,MSAVI,0.0,65536,,,,
991,0,patch_11_38,2816,3072,9728,9984,65536,NDVI,0.0,0,0.0,0.0,0.0,0.0098080423860209
992,0,patch_11_39,2816,3072,9984,10240,65536,MSAVI,0.0,65536,,,,
993,0,patch_11_39,2816,3072,9984,10240,65536,NDVI,0.0,0,0.0,0.0,0.0,0.0098080423860209
994,0,patch_11_40,2816,3072,10240,10496,65536,MSAVI,0.0,65536,,,,
995,0,patch_11_40,2816,3072,10240,10496,65536,NDVI,0.0,0,0.0,0.0,0.0,0.0098080423860209
996,0,patch_11_41,2816,3072,10496,10752,65536,MSAVI,0.0,65536,,,,
997,0,patch_11_41,2816,3072,10496,10752,65536,NDVI,0.0,0,0.0,0.0,0.0,0.0098080423860209
998,0,patch_11_42,2816,3072,10752,11008,65536,MSAVI,0.0,65536,,,,
999,0,patch_11_42,2816,3072,10752,11008,65536,NDVI,0.0,0,0.0,0.0,0.0,0.0098080423860209
1000,0,patch_11_43,2816,3072,11008,11264,65536,MSAVI,0.0,65536,,,,
1001,0,patch_11_43,2816,3072,11008,11264,65536,NDVI,0.0,0,0.0,0.0,0.0,0.0098080423860209
1002,0,patch_11_44,2816,3072,11264,11520,65536,MSAVI,0.0,65536,,,,
1003,0,patch_11_44,2816,3072,11264,11520,65536,NDVI,0.0,0,0.0,0.0,0.0,0.0098080423860209
1004,0,patch_11_45,2816,3072,11520,11776,65536,MSAVI,0.0,65536,,,,
1005,0,patch_11_45,2816,3072,11520,11776,65536,NDVI,0.0,0,0.0,0.0,0.0,0.0098080423860209
1006,0,patch_12_0,3072,3328,0,256,65536,MSAVI,0.0,65536,,,,
1007,0,patch_12_0,3072,3328,0,256,65536,NDVI,0.0,0,0.0,0.0,0.0,0.0098080423860209
1008,0,patch_12_1,3072,3328,256,512,65536,MSAVI,0.0,65536,,,,
1009,0,patch_12_1,3072,3328,256,512,65536,NDVI,0.0,0,0.0,0.0,0.0,0.0098080423860209
1010,0,patch_12_2,3072,3328,512,768,65536,MSAVI,0.0,65536,,,,
1011,0,patch_12_2,3072,3328,512,768,65536,NDVI,0.0,0,0.0,0.0,0.0,0.0098080423860209
1012,0,patch_12_3,3072,3328,768,1024,65536,MSAVI,0.0,65536,,,,
1013,0,patch_12_3,3072,3328,768,1024,65536,NDVI,0.0,0,0.0,0.0,0.0,0.0098080423860209
1014,0,patch_12_4,3072,3328,1024,1280,65536,MSAVI,0.0,65536,,,,
1015,0,patch_12_4,3072,3328,1024,1280,65536,NDVI,0.0,0,0.0,0.0,0.0,0.0098080423860209
1016,0,patch_12_5,3072,3328,1280,1536,65536,MSAVI,0.0,65536,,,,
1017,0,patch_12_5,3072,3328,1280,1536,65536,NDVI,0.0,0,0.0,0.0,0.0,0.0098080423860209
1072,0,patch_12_38,3072,3328,9728,9984,65536,MSAVI,0.0,65536,,,,
1073,0,patch_12_38,3072,3328,9728,9984,65536,NDVI,0.0,0,0.0,0.0,0.0,0.0098080423860209
1074,0,patch_12_39,3072,3328,9984,10240,65536,MSAVI,0.0,65536,,,,
1075,0,patch_12_39,3072,3328,9984,10240,65536,NDVI,0.0,0,0.0,0.0,0.0,0.0098080423860209
1076,0,patch_12_40,3072,3328,10240,10496,65536,MSAVI,0.0,65536,,,,
1077,0,patch_12_40,3072,3328,10240,10496,65536,NDVI,0.0,0,0.0,0.0,0.0,0.0098080423860209
1078,0,patch_12_41,3072,3328,10496,10752,65536,MSAVI,0.0,65536,,,,
1079,0,patch_12_41,3072,3328,10496,10752,65536,NDVI,0.0,0,0.0,0.0,0.0,0.0098080423860209
1080,0,patch_12_42,3072,3328,10752,11008,65536,MSAVI,0.0,65536,,,,
1081,0,patch_12_42,3072,3328,10752,11008,65536,NDVI,0.0,0,0.0,0.0,0.0,0.0098080423860209
1082,0,patch_12_43,3072,3328,11008,11264,65536,MSAVI,0.0,65536,,,,
1083,0,patch_12_43,3072,3328,11008,11264,65536,NDVI,0.0,0,0.0,0.0,0.0,0.0098080423860209
1084,0,patch_12_44,3072,3328,11264,11520,65536,MSAVI,0.0,65536,,,,
1085,0,patch_12_44,3072,3328,11264,11520,65536,NDVI,0.0,0,0.0,0.0,0.0,0.0098080423860209
1086,0,patch_12_45,3072,3328,11520,11776,65536,MSAVI,0.0,65536,,,,
1087,0,patch_12_45,3072,3328,11520,11776,65536,NDVI,0.0,0,0.0,0.0,0.0,0.0098080423860209
1088,0,patch_13_0,3328,3584,0,256,65536,MSAVI,0.0,65536,,,,
1089,0,patch_13_0,3328,3584,0,256,65536,NDVI,0.0,0,0.0,0.0,0.0,0.0098080423860209
1090,0,patch_13_1,3328,3584,256,512,65536,MSAVI,0.0,65536,,,,
1091,0,patch_13_1,3328,3584,256,512,65536,NDVI,0.0,0,0.0,0.0,0.0,0.0098080423860209
1092,0,patch_13_2,3328,3584,512,768,65536,MSAVI,0.0,65536,,,,
1093,0,patch_13_2,3328,3584,512,768,65536,NDVI,0.0,0,0.0,0.0,0.0,0.0098080423860209
1094,0,patch_13_3,3328,3584,768,1024,65536,MSAVI,0.0,65536,,,,
1095,0,patch_13_3,3328,3584,768,1024,65536,NDVI,0.0,0,0.0,0.0,0.0,0.0098080423860209
1096,0,patch_13_4,3328,3584,1024,1280,65536,MSAVI,0.0,65536,,,,
1097,0,patch_13_4,3328,3584,1024,1280,65536,NDVI,0.0,0,0.0,0.0,0.0,0.0098080423860209
1158,0,patch_13_38,3328,3584,9728,9984,65536,MSAVI,0.0,65536,,,,
1159,0,patch_13_38,3328,3584,9728,9984,65536,NDVI,0.0,0,0.0,0.0,0.0,0.0098080423860209
1160,0,patch_13_39,3328,3584,9984,10240,65536,MSAVI,0.0,65536,,,,
1161,0,patch_13_39,3328,3584,9984,10240,65536,NDVI,0.0,0,0.0,0.0,0.0,0.0098080423860209
1162,0,patch_13_40,3328,3584,10240,10496,65536,MSAVI,0.0,65536,,,,
1163,0,patch_13_40,3328,3584,10240,10496,65536,NDVI,0.0,0,0.0,0.0,0.0,0.0098080423860209
1164,0,patch_13_41,3328,3584,10496,10752,65536,MSAVI,0.0,65536,,,,
1165,0,patch_13_41,3328,3584,10496,10752,65536,NDVI,0.0,0,0.0,0.0,0.0,0.0098080423860209
1166,0,patch_13_42,3328,3584,10752,11008,65536,MSAVI,0.0,65536,,,,
1167,0,patch_13_42,3328,3584,10752,11008,65536,NDVI,0.0,0,0.0,0.0,0.0,0.0098080423860209
1168,0,patch_13_43,3328,3584,11008,11264,65536,MSAVI,0.0,65536,,,,
1169,0,patch_13_43,3328,3584,11008,11264,65536,NDVI,0.0,0,0.0,0.0,0.0,0.0098080423860209
1170,0,patch_13_44,3328,3584,11264,11520,65536,MSAVI,0.0,65536,,,,
1171,0,patch_13_44,3328,3584,11264,11520,65536,NDVI,0.0,0,0.0,0.0,0.0,0.0098080423860209
1172,0,patch_13_45,3328,3584,11520,11776,65536,MSAVI,0.0,65536,,,,
1173,0,patch_13_45,3328,3584,11520,11776,65536,NDVI,0.0,0,0.0,0.0,0.0,0.0098080423860209
1174,0,patch_14_0,3584,3840,0,256,65536,MSAVI,0.0,65536,,,,
1175,0,patch_14_0,3584,3840,0,256,65536,NDVI,0.0,0,0.0,0.0,0.0,0.0098080423860209
1176,0,patch_14_1,3584,3840,256,512,65536,MSAVI,0.0,65536,,,,
1177,0,patch_14_1,3584,3840,256,512,65536,NDVI,0.0,0,0.0,0.0,0.0,0.0098080423860209
1178,0,patch_14_2,3584,3840,512,768,65536,MSAVI,0.0,65536,,,,
1179,0,patch_14_2,3584,3840,512,768,65536,NDVI,0.0,0,0.0,0.0,0.0,0.0098080423860209
1242,0,patch_14_39,3584,3840,9984,10240,65536,MSAVI,0.0,65536,,,,
1243,0,patch_14_39,3584,3840,9984,10240,65536,NDVI,0.0,0,0.0,0.0,0.0,0.0098080423860209
1244,0,patch_14_40,3584,3840,10240,10496,65536,MSAVI,0.0,65536,,,,
1245,0,patch_14_40,3584,3840,10240,10496,65536,NDVI,0.0,0,0.0,0.0,0.0,0.0098080423860209
1246,0,patch_14_41,3584,3840,10496,10752,65536,MSAVI,0.0,65536,,,,
1247,0,patch_14_41,3584,3840,10496,10752,65536,NDVI,0.0,0,0.0,0.0,0.0,0.0098080423860209
1248,0,patch_14_42,3584,3840,10752,11008,65536,MSAVI,0.0,65536,,,,
1249,0,patch_14_42,3584,3840,10752,11008,65536,NDVI,0.0,0,0.0,0.0,0.0,0.0098080423860209
1250,0,patch_14_43,3584,3840,11008,11264,65536,MSAVI,0.0,65536,,,,
1251,0,patch_14_43,3584,3840,11008,11264,65536,NDVI,0.0,0,0.0,0.0,0.0,0.0098080423860209
1252,0,patch_14_44,3584,3840,11264,11520,65536,MSAVI,0.0,65536,,,,
1253,0,patch_14_44,3584,3840,11264,11520,65536,NDVI,0.0,0,0.0,0.0,0.0,0.0098080423860209
1254,0,patch_14_45,3584,3840,11520,11776,65536,MSAVI,0.0,65536,,,,
1255,0,patch_14_45,3584,3840,11520,11776,65536,NDVI,0.0,0,0.0,0.0,0.0,0.0098080423860209
1256,0,patch_15_0,3840,4096,0,256,65536,MSAVI,0.0,65536,,,,
1257,0,patch_15_0,3840,4096,0,256,65536,NDVI,0.0,0,0.0,0.0,0.0,0.0098080423860209
1258,0,patch_15_1,3840,4096,256,512,65536,MSAVI,0.0,65536,,,,
1259,0,patch_15_1,3840,4096,256,512,65536,NDVI,0.0,0,0.0,0.0,0.0,0.0098080423860209
1328,0,patch_15_40,3840,4096,10240,10496,65536,MSAVI,0.0,65536,,,,
1329,0,patch_15_40,3840,4096,10240,10496,65536,NDVI,0.0,0,0.0,0.0,0.0,0.0098080423860209
1330,0,patch_15_41,3840,4096,10496,10752,65536,MSAVI,0.0,65536,,,,
1331,0,patch_15_41,3840,4096,10496,10752,65536,NDVI,0.0,0,0.0,0.0,0.0,0.0098080423860209
1332,0,patch_15_42,3840,4096,10752,11008,65536,MSAVI,0.0,65536,,,,
1333,0,patch_15_42,3840,4096,10752,11008,65536,NDVI,0.0,0,0.0,0.0,0.0,0.0098080423860209
1334,0,patch_15_43,3840,4096,11008,11264,65536,MSAVI,0.0,65536,,,,
1335,0,patch_15_43,3840,4096,11008,11264,65536,NDVI,0.0,0,0.0,0.0,0.0,0.0098080423860209
1336,0,patch_15_44,3840,4096,11264,11520,65536,MSAVI,0.0,65536,,,,
1337,0,patch_15_44,3840,4096,11264,11520,65536,NDVI,0.0,0,0.0,0.0,0.0,0.0098080423860209
1338,0,patch_15_45,3840,4096,11520,11776,65536,MSAVI,0.0,65536,,,,
1339,0,patch_15_45,3840,4096,11520,11776,65536,NDVI,0.0,0,0.0,0.0,0.0,0.0098080423860209
1412,0,patch_16_40,4096,4352,10240,10496,65536,MSAVI,0.0,65536,,,,
1413,0,patch_16_40,4096,4352,10240,10496,65536,NDVI,0.0,0,0.0,0.0,0.0,0.0098080423860209
1414,0,patch_16_41,4096,4352,10496,10752,65536,MSAVI,0.0,65536,,,,
1415,0,patch_16_41,4096,4352,10496,10752,65536,NDVI,0.0,0,0.0,0.0,0.0,0.0098080423860209
1416,0,patch_16_42,4096,4352,10752,11008,65536,MSAVI,0.0,65536,,,,
1417,0,patch_16_42,4096,4352,10752,11008,65536,NDVI,0.0,0,0.0,0.0,0.0,0.0098080423860209
1418,0,patch_16_43,4096,4352,11008,11264,65536,MSAVI,0.0,65536,,,,
1419,0,patch_16_43,4096,4352,11008,11264,65536,NDVI,0.0,0,0.0,0.0,0.0,0.0098080423860209
1420,0,patch_16_44,4096,4352,11264,11520,65536,MSAVI,0.0,65536,,,,
1421,0,patch_16_44,4096,4352,11264,11520,65536,NDVI,0.0,0,0.0,0.0,0.0,0.0098080423860209
1422,0,patch_16_45,4096,4352,11520,11776,65536,MSAVI,0.0,65536,,,,
1423,0,patch_16_45,4096,4352,11520,11776,65536,NDVI,0.0,0,0.0,0.0,0.0,0.0098080423860209
1500,0,patch_17_41,4352,4608,10496,10752,65536,MSAVI,0.0,65536,,,,
1501,0,patch_17_41,4352,4608,10496,10752,65536,NDVI,0.0,0,0.0,0.0,0.0,0.0098080423860209
1502,0,patch_17_42,4352,4608,10752,11008,65536,MSAVI,0.0,65536,,,,
1503,0,patch_17_42,4352,4608,10752,11008,65536,NDVI,0.0,0,0.0,0.0,0.0,0.0098080423860209
1504,0,patch_17_43,4352,4608,11008,11264,65536,MSAVI,0.0,65536,,,,
1505,0,patch_17_43,4352,4608,11008,11264,65536,NDVI,0.0,0,0.0,0.0,0.0,0.0098080423860209
1506,0,patch_17_44,4352,4608,11264,11520,65536,MSAVI,0.0,65536,,,,
1507,0,patch_17_44,4352,4608,11264,11520,65536,NDVI,0.0,0,0.0,0.0,0.0,0.0098080423860209
1508,0,patch_17_45,4352,4608,11520,11776,65536,MSAVI,0.0,65536,,,,
1509,0,patch_17_45,4352,4608,11520,11776,65536,NDVI,0.0,0,0.0,0.0,0.0,0.0098080423860209
1588,0,patch_18_41,4608,4864,10496,10752,65536,MSAVI,0.0,65536,,,,
1589,0,patch_18_41,4608,4864,10496,10752,65536,NDVI,0.0,0,0.0,0.0,0.0,0.0098080423860209
1590,0,patch_18_42,4608,4864,10752,11008,65536,MSAVI,0.0,65536,,,,
1591,0,patch_18_42,4608,4864,10752,11008,65536,NDVI,0.0,0,0.0,0.0,0.0,0.0098080423860209
1592,0,patch_18_43,4608,4864,11008,11264,65536,MSAVI,0.0,65536,,,,
1593,0,patch_18_43,4608,4864,11008,11264,65536,NDVI,0.0,0,0.0,0.0,0.0,0.0098080423860209
1594,0,patch_18_44,4608,4864,11264,11520,65536,MSAVI,0.0,65536,,,,
1595,0,patch_18_44,4608,4864,11264,11520,65536,NDVI,0.0,0,0.0,0.0,0.0,0.0098080423860209
1596,0,patch_18_45,4608,4864,11520,11776,65536,MSAVI,0.0,65536,,,,
1597,0,patch_18_45,4608,4864,11520,11776,65536,NDVI,0.0,0,0.0,0.0,0.0,0.0098080423860209
1676,0,patch_19_42,4864,5120,10752,11008,65536,MSAVI,0.0,65536,,,,
1677,0,patch_19_42,4864,5120,10752,11008,65536,NDVI,0.0,0,0.0,0.0,0.0,0.0098080423860209
1678,0,patch_19_43,4864,5120,11008,11264,65536,MSAVI,0.0,65536,,,,
1679,0,patch_19_43,4864,5120,11008,11264,65536,NDVI,0.0,0,0.0,0.0,0.0,0.0098080423860209
1680,0,patch_19_44,4864,5120,11264,11520,65536,MSAVI,0.0,65536,,,,
1681,0,patch_19_44,4864,5120,11264,11520,65536,NDVI,0.0,0,0.0,0.0,0.0,0.0098080423860209
1682,0,patch_19_45,4864,5120,11520,11776,65536,MSAVI,0.0,65536,,,,
1683,0,patch_19_45,4864,5120,11520,11776,65536,NDVI,0.0,0,0.0,0.0,0.0,0.0098080423860209
1764,0,patch_20_42,5120,5376,10752,11008,65536,MSAVI,0.0,65536,,,,
1765,0,patch_20_42,5120,5376,10752,11008,65536,NDVI,0.0,0,0.0,0.0,0.0,0.0098080423860209
1766,0,patch_20_43,5120,5376,11008,11264,65536,MSAVI,0.0,65536,,,,
1767,0,patch_20_43,5120,5376,11008,11264,65536,NDVI,0.0,0,0.0,0.0,0.0,0.0098080423860209
1768,0,patch_20_44,5120,5376,11264,11520,65536,MSAVI,0.0,65536,,,,
1769,0,patch_20_44,5120,5376,11264,11520,65536,NDVI,0.0,0,0.0,0.0,0.0,0.0098080423860209
1770,0,patch_20_45,5120,5376,11520,11776,65536,MSAVI,0.0,65536,,,,
1771,0,patch_20_45,5120,5376,11520,11776,65536,NDVI,0.0,0,0.0,0.0,0.0,0.0098080423860209
1852,0,patch_21_43,5376,5632,11008,11264,65536,MSAVI,0.0,65536,,,,
1853,0,patch_21_43,5376,5632,11008,11264,65536,NDVI,0.0,0,0.0,0.0,0.0,0.0098080423860209
1854,0,patch_21_44,5376,5632,11264,11520,65536,MSAVI,0.0,65536,,,,
1855,0,patch_21_44,5376,5632,11264,11520,65536,NDVI,0.0,0,0.0,0.0,0.0,0.0098080423860209
1856,0,patch_21_45,5376,5632,11520,11776,65536,MSAVI,0.0,65536,,,,
1857,0,patch_21_45,5376,5632,11520,11776,65536,NDVI,0.0,0,0.0,0.0,0.0,0.0098080423860209
1938,0,patch_22_43,5632,5888,11008,11264,65536,MSAVI,0.0,65536,,,,
1939,0,patch_22_43,5632,5888,11008,11264,65536,NDVI,0.0,0,0.0,0.0,0.0,0.0098080423860209
1940,0,patch_22_44,5632,5888,11264,11520,65536,MSAVI,0.0,65536,,,,
1941,0,patch_22_44,5632,5888,11264,11520,65536,NDVI,0.0,0,0.0,0.0,0.0,0.0098080423860209
1942,0,patch_22_45,5632,5888,11520,11776,65536,MSAVI,0.0,65536,,,,
1943,0,patch_22_45,5632,5888,11520,11776,65536,NDVI,0.0,0,0.0,0.0,0.0,0.0098080423860209
1944,0,patch_23_0,5888,6144,0,256,65536,MSAVI,0.0,65536,,,,
1945,0,patch_23_0,5888,6144,0,256,65536,NDVI,0.0,0,0.0,0.0,0.0,0.0098080423860209
2026,0,patch_23_44,5888,6144,11264,11520,65536,MSAVI,0.0,65536,,,,
2027,0,patch_23_44,5888,6144,11264,11520,65536,NDVI,0.0,0,0.0,0.0,0.0,0.0098080423860209
2028,0,patch_23_45,5888,6144,11520,11776,65536,MSAVI,0.0,65536,,,,
2029,0,patch_23_45,5888,6144,11520,11776,65536,NDVI,0.0,0,0.0,0.0,0.0,0.0098080423860209
2030,0,patch_24_0,6144,6400,0,256,65536,MSAVI,0.0,65536,,,,
2031,0,patch_24_0,6144,6400,0,256,65536,NDVI,0.0,0,0.0,0.0,0.0,0.0098080423860209
2112,0,patch_24_44,6144,6400,11264,11520,65536,MSAVI,0.0,65536,,,,
2113,0,patch_24_44,6144,6400,11264,11520,65536,NDVI,0.0,0,0.0,0.0,0.0,0.0098080423860209
2114,0,patch_24_45,6144,6400,11520,11776,65536,MSAVI,0.0,65536,,,,
2115,0,patch_24_45,6144,6400,11520,11776,65536,NDVI,0.0,0,0.0,0.0,0.0,0.0098080423860209
2116,0,patch_25_0,6400,6656,0,256,65536,MSAVI,0.0,65536,,,,
2117,0,patch_25_0,6400,6656,0,256,65536,NDVI,0.0,0,0.0,0.0,0.0,0.0098080423860209
2118,0,patch_25_1,6400,6656,256,512,65536,MSAVI,0.0,65536,,,,
2119,0,patch_25_1,6400,6656,256,512,65536,NDVI,0.0,0,0.0,0.0,0.0,0.0098080423860209
2200,0,patch_25_45,6400,6656,11520,11776,65536,MSAVI,0.0,65536,,,,
2201,0,patch_25_45,6400,6656,11520,11776,65536,NDVI,0.0,0,0.0,0.0,0.0,0.0098080423860209
2202,0,patch_26_0,6656,6912,0,256,65536,MSAVI,0.0,65536,,,,
2203,0,patch_26_0,6656,6912,0,256,65536,NDVI,0.0,0,0.0,0.0,0.0,0.0098080423860209
2204,0,patch_26_1,6656,6912,256,512,65536,MSAVI,0.0,65536,,,,
2205,0,patch_26_1,6656,6912,256,512,65536,NDVI,0.0,0,0.0,0.0,0.0,0.0098080423860209
2206,0,patch_26_2,6656,6912,512,768,65536,MSAVI,0.0,65536,,,,
2207,0,patch_26_2,6656,6912,512,768,65536,NDVI,0.0,0,0.0,0.0,0.0,0.0098080423860209
2288,0,patch_26_45,6656,6912,11520,11776,65536,MSAVI,0.0,65536,,,,
2289,0,patch_26_45,6656,6912,11520,11776,65536,NDVI,0.0,0,0.0,0.0,0.0,0.0098080423860209
2290,0,patch_27_0,6912,7168,0,256,65536,MSAVI,0.0,65536,,,,
2291,0,patch_27_0,6912,7168,0,256,65536,NDVI,0.0,0,0.0,0.0,0.0,0.0098080423860209
2292,0,patch_27_1,6912,7168,256,512,65536,MSAVI,0.0,65536,,,,
2293,0,patch_27_1,6912,7168,256,512,65536,NDVI,0.0,0,0.0,0.0,0.0,0.0098080423860209
2294,0,patch_27_2,6912,7168,512,768,65536,MSAVI,0.0,65536,,,,
2295,0,patch_27_2,6912,7168,512,768,65536,NDVI,0.0,0,0.0,0.0,0.0,0.0098080423860209
2374,0,patch_28_0,7168,7424,0,256,65536,MSAVI,0.0,65536,,,,
2375,0,patch_28_0,7168,7424,0,256,65536,NDVI,0.0,0,0.0,0.0,0.0,0.0098080423860209
2376,0,patch_28_1,7168,7424,256,512,65536,MSAVI,0.0,65536,,,,
2377,0,patch_28_1,7168,7424,256,512,65536,NDVI,0.0,0,0.0,0.0,0.0,0.0098080423860209
2378,0,patch_28_2,7168,7424,512,768,65536,MSAVI,0.0,65536,,,,
2379,0,patch_28_2,7168,7424,512,768,65536,NDVI,0.0,0,0.0,0.0,0.0,0.0098080423860209
2380,0,patch_28_3,7168,7424,768,1024,65536,MSAVI,0.0,65536,,,,
2381,0,patch_28_3,7168,7424,768,1024,65536,NDVI,0.0,0,0.0,0.0,0.0,0.0098080423860209
2462,0,patch_29_0,7424,7680,0,256,65536,MSAVI,0.0,65536,,,,
2463,0,patch_29_0,7424,7680,0,256,65536,NDVI,0.0,0,0.0,0.0,0.0,0.0098080423860209
2464,0,patch_29_1,7424,7680,256,512,65536,MSAVI,0.0,65536,,,,
2465,0,patch_29_1,7424,7680,256,512,65536,NDVI,0.0,0,0.0,0.0,0.0,0.0098080423860209
2466,0,patch_29_2,7424,7680,512,768,65536,MSAVI,0.0,65536,,,,
2467,0,patch_29_2,7424,7680,512,768,65536,NDVI,0.0,0,0.0,0.0,0.0,0.0098080423860209
2468,0,patch_29_3,7424,7680,768,1024,65536,MSAVI,0.0,65536,,,,
2469,0,patch_29_3,7424,7680,768,1024,65536,NDVI,0.0,0,0.0,0.0,0.0,0.0098080423860209
2548,0,patch_30_0,7680,7936,0,256,65536,MSAVI,0.0,65536,,,,
2549,0,patch_30_0,7680,7936,0,256,65536,NDVI,0.0,0,0.0,0.0,0.0,0.0098080423860209
2550,0,patch_30_1,7680,7936,256,512,65536,MSAVI,0.0,65536,,,,
2551,0,patch_30_1,7680,7936,256,512,65536,NDVI,0.0,0,0.0,0.0,0.0,0.0098080423860209
2552,0,patch_30_2,7680,7936,512,768,65536,MSAVI,0.0,65536,,,,
2553,0,patch_30_2,7680,7936,512,768,65536,NDVI,0.0,0,0.0,0.0,0.0,0.0098080423860209
2554,0,patch_30_3,7680,7936,768,1024,65536,MSAVI,0.0,65536,,,,
2555,0,patch_30_3,7680,7936,768,1024,65536,NDVI,0.0,0,0.0,0.0,0.0,0.0098080423860209
2556,0,patch_30_4,7680,7936,1024,1280,65536,MSAVI,0.0,65536,,,,
2557,0,patch_30_4,7680,7936,1024,1280,65536,NDVI,0.0,0,0.0,0.0,0.0,0.0098080423860209
2638,0,patch_31_0,7936,8192,0,256,65536,MSAVI,0.0,65536,,,,
2639,0,patch_31_0,7936,8192,0,256,65536,NDVI,0.0,0,0.0,0.0,0.0,0.0098080423860209
2640,0,patch_31_1,7936,8192,256,512,65536,MSAVI,0.0,65536,,,,
2641,0,patch_31_1,7936,8192,256,512,65536,NDVI,0.0,0,0.0,0.0,0.0,0.0098080423860209
2642,0,patch_31_2,7936,8192,512,768,65536,MSAVI,0.0,65536,,,,
2643,0,patch_31_2,7936,8192,512,768,65536,NDVI,0.0,0,0.0,0.0,0.0,0.0098080423860209
2644,0,patch_31_3,7936,8192,768,1024,65536,MSAVI,0.0,65536,,,,
2645,0,patch_31_3,7936,8192,768,1024,65536,NDVI,0.0,0,0.0,0.0,0.0,0.0098080423860209
2646,0,patch_31_4,7936,8192,1024,1280,65536,MSAVI,0.0,65536,,,,
2647,0,patch_31_4,7936,8192,1024,1280,65536,NDVI,0.0,0,0.0,0.0,0.0,0.0098080423860209
2726,0,patch_32_0,8192,8448,0,256,65536,MSAVI,0.0,65536,,,,
2727,0,patch_32_0,8192,8448,0,256,65536,NDVI,0.0,0,0.0,0.0,0.0,0.0098080423860209
2728,0,patch_32_1,8192,8448,256,512,65536,MSAVI,0.0,65536,,,,
2729,0,patch_32_1,8192,8448,256,512,65536,NDVI,0.0,0,0.0,0.0,0.0,0.0098080423860209
2730,0,patch_32_2,8192,8448,512,768,65536,MSAVI,0.0,65536,,,,
2731,0,patch_32_2,8192,8448,512,768,65536,NDVI,0.0,0,0.0,0.0,0.0,0.0098080423860209
2732,0,patch_32_3,8192,8448,768,1024,65536,MSAVI,0.0,65536,,,,
2733,0,patch_32_3,8192,8448,768,1024,65536,NDVI,0.0,0,0.0,0.0,0.0,0.0098080423860209
2734,0,patch_32_4,8192,8448,1024,1280,65536,MSAVI,0.0,65536,,,,
2735,0,patch_32_4,8192,8448,1024,1280,65536,NDVI,0.0,0,0.0,0.0,0.0,0.0098080423860209
2736,0,patch_32_5,8192,8448,1280,1536,65536,MSAVI,0.0,65536,,,,
2737,0,patch_32_5,8192,8448,1280,1536,65536,NDVI,0.0,0,0.0,0.0,0.0,0.0098080423860209
2814,0,patch_33_0,8448,8704,0,256,65536,MSAVI,0.0,65536,,,,
2815,0,patch_33_0,8448,8704,0,256,65536,NDVI,0.0,0,0.0,0.0,0.0,0.0098080423860209
2816,0,patch_33_1,8448,8704,256,512,65536,MSAVI,0.0,65536,,,,
2817,0,patch_33_1,8448,8704,256,512,65536,NDVI,0.0,0,0.0,0.0,0.0,0.0098080423860209
2818,0,patch_33_2,8448,8704,512,768,65536,MSAVI,0.0,65536,,,,
2819,0,patch_33_2,8448,8704,512,768,65536,NDVI,0.0,0,0.0,0.0,0.0,0.0098080423860209
2820,0,patch_33_3,8448,8704,768,1024,65536,MSAVI,0.0,65536,,,,
2821,0,patch_33_3,8448,8704,768,1024,65536,NDVI,0.0,0,0.0,0.0,0.0,0.0098080423860209
2822,0,patch_33_4,8448,8704,1024,1280,65536,MSAVI,0.0,65536,,,,
2823,0,patch_33_4,8448,8704,1024,1280,65536,NDVI,0.0,0,0.0,0.0,0.0,0.0098080423860209
2824,0,patch_33_5,8448,8704,1280,1536,65536,MSAVI,0.0,65536,,,,
2825,0,patch_33_5,8448,8704,1280,1536,65536,NDVI,0.0,0,0.0,0.0,0.0,0.0098080423860209
2898,0,patch_34_0,8704,8960,0,256,65536,MSAVI,0.0,65536,,,,
2899,0,patch_34_0,8704,8960,0,256,65536,NDVI,0.0,0,0.0,0.0,0.0,0.0098080423860209
2900,0,patch_34_1,8704,8960,256,512,65536,MSAVI,0.0,65536,,,,
2901,0,patch_34_1,8704,8960,256,512,65536,NDVI,0.0,0,0.0,0.0,0.0,0.0098080423860209
2902,0,patch_34_2,8704,8960,512,768,65536,MSAVI,0.0,65536,,,,
2903,0,patch_34_2,8704,8960,512,768,65536,NDVI,0.0,0,0.0,0.0,0.0,0.0098080423860209
2904,0,patch_34_3,8704,8960,768,1024,65536,MSAVI,0.0,65536,,,,
2905,0,patch_34_3,8704,8960,768,1024,65536,NDVI,0.0,0,0.0,0.0,0.0,0.0098080423860209
2906,0,patch_34_4,8704,8960,1024,1280,65536,MSAVI,0.0,65536,,,,
2907,0,patch_34_4,8704,8960,1024,1280,65536,NDVI,0.0,0,0.0,0.0,0.0,0.0098080423860209
2908,0,patch_34_5,8704,8960,1280,1536,65536,MSAVI,0.0,65536,,,,
2909,0,patch_34_5,8704,8960,1280,1536,65536,NDVI,0.0,0,0.0,0.0,0.0,0.0098080423860209
2910,0,patch_34_6,8704,8960,1536,1792,65536,MSAVI,0.0,65536,,,,
2911,0,patch_34_6,8704,8960,1536,1792,65536,NDVI,0.0,0,0.0,0.0,0.0,0.0098080423860209
2980,0,patch_34_45,8704,8960,11520,11776,65536,MSAVI,0.0,65536,,,,
2981,0,patch_34_45,8704,8960,11520,11776,65536,NDVI,0.0,0,0.0,0.0,0.0,0.0098080423860209
2982,0,patch_35_0,8960,9216,0,256,65536,MSAVI,0.0,65536,,,,
2983,0,patch_35_0,8960,9216,0,256,65536,NDVI,0.0,0,0.0,0.0,0.0,0.0098080423860209
2984,0,patch_35_1,8960,9216,256,512,65536,MSAVI,0.0,65536,,,,
2985,0,patch_35_1,8960,9216,256,512,65536,NDVI,0.0,0,0.0,0.0,0.0,0.0098080423860209
2986,0,patch_35_2,8960,9216,512,768,65536,MSAVI,0.0,65536,,,,
2987,0,patch_35_2,8960,9216,512,768,65536,NDVI,0.0,0,0.0,0.0,0.0,0.0098080423860209
2988,0,patch_35_3,8960,9216,768,1024,65536,MSAVI,0.0,65536,,,,
2989,0,patch_35_3,8960,9216,768,1024,65536,NDVI,0.0,0,0.0,0.0,0.0,0.0098080423860209
2990,0,patch_35_4,8960,9216,1024,1280,65536,MSAVI,0.0,65536,,,,
2991,0,patch_35_4,8960,9216,1024,1280,65536,NDVI,0.0,0,0.0,0.0,0.0,0.0098080423860209
2992,0,patch_35_5,8960,9216,1280,1536,65536,MSAVI,0.0,65536,,,,
2993,0,patch_35_5,8960,9216,1280,1536,65536,NDVI,0.0,0,0.0,0.0,0.0,0.0098080423860209
2994,0,patch_35_6,8960,9216,1536,1792,65536,MSAVI,0.0,65536,,,,
2995,0,patch_35_6,8960,9216,1536,1792,65536,NDVI,0.0,0,0.0,0.0,0.0,0.0098080423860209
2996,0,patch_35_7,8960,9216,1792,2048,65536,MSAVI,0.0,65536,,,,
2997,0,patch_35_7,8960,9216,1792,2048,65536,NDVI,0.0,0,0.0,0.0,0.0,0.0098080423860209
3064,0,patch_35_44,8960,9216,11264,11520,65536,MSAVI,0.0,65536,,,,
3065,0,patch_35_44,8960,9216,11264,11520,65536,NDVI,0.0,0,0.0,0.0,0.0,0.0098080423860209
3066,0,patch_35_45,8960,9216,11520,11776,65536,MSAVI,0.0,65536,,,,
3067,0,patch_35_45,8960,9216,11520,11776,65536,NDVI,0.0,0,0.0,0.0,0.0,0.0098080423860209
3068,0,patch_36_0,9216,9472,0,256,65536,MSAVI,0.0,65536,,,,
3069,0,patch_36_0,9216,9472,0,256,65536,NDVI,0.0,0,0.0,0.0,0.0,0.0098080423860209
3070,0,patch_36_1,9216,9472,256,512,65536,MSAVI,0.0,65536,,,,
3071,0,patch_36_1,9216,9472,256,512,65536,NDVI,0.0,0,0.0,0.0,0.0,0.0098080423860209
3072,0,patch_36_2,9216,9472,512,768,65536,MSAVI,0.0,65536,,,,
3073,0,patch_36_2,9216,9472,512,768,65536,NDVI,0.0,0,0.0,0.0,0.0,0.0098080423860209
3074,0,patch_36_3,9216,9472,768,1024,65536,MSAVI,0.0,65536,,,,
3075,0,patch_36_3,9216,9472,768,1024,65536,NDVI,0.0,0,0.0,0.0,0.0,0.0098080423860209
3076,0,patch_36_4,9216,9472,1024,1280,65536,MSAVI,0.0,65536,,,,
3077,0,patch_36_4,9216,9472,1024,1280,65536,NDVI,0.0,0,0.0,0.0,0.0,0.0098080423860209
3078,0,patch_36_5,9216,9472,1280,1536,65536,MSAVI,0.0,65536,,,,
3079,0,patch_36_5,9216,9472,1280,1536,65536,NDVI,0.0,0,0.0,0.0,0.0,0.0098080423860209
3080,0,patch_36_6,9216,9472,1536,1792,65536,MSAVI,0.0,65536,,,,
3081,0,patch_36_6,9216,9472,1536,1792,65536,NDVI,0.0,0,0.0,0.0,0.0,0.0098080423860209
3082,0,patch_36_7,9216,9472,1792,2048,65536,MSAVI,0.0,65536,,,,
3083,0,patch_36_7,9216,9472,1792,2048,65536,NDVI,0.0,0,0.0,0.0,0.0,0.0098080423860209
3146,0,patch_36_43,9216,9472,11008,11264,65536,MSAVI,0.0,65536,,,,
3147,0,patch_36_43,9216,9472,11008,11264,65536,NDVI,0.0,0,0.0,0.0,0.0,0.0098080423860209
3148,0,patch_36_44,9216,9472,11264,11520,65536,MSAVI,0.0,65536,,,,
3149,0,patch_36_44,9216,9472,11264,11520,65536,NDVI,0.0,0,0.0,0.0,0.0,0.0098080423860209
3150,0,patch_36_45,9216,9472,11520,11776,65536,MSAVI,0.0,65536,,,,
3151,0,patch_36_45,9216,9472,11520,11776,65536,NDVI,0.0,0,0.0,0.0,0.0,0.0098080423860209
3152,0,patch_37_0,9472,9728,0,256,65536,MSAVI,0.0,65536,,,,
3153,0,patch_37_0,9472,9728,0,256,65536,NDVI,0.0,0,0.0,0.0,0.0,0.0098080423860209
3154,0,patch_37_1,9472,9728,256,512,65536,MSAVI,0.0,65536,,,,
3155,0,patch_37_1,9472,9728,256,512,65536,NDVI,0.0,0,0.0,0.0,0.0,0.0098080423860209
3156,0,patch_37_2,9472,9728,512,768,65536,MSAVI,0.0,65536,,,,
3157,0,patch_37_2,9472,9728,512,768,65536,NDVI,0.0,0,0.0,0.0,0.0,0.0098080423860209
3158,0,patch_37_3,9472,9728,768,1024,65536,MSAVI,0.0,65536,,,,
3159,0,patch_37_3,9472,9728,768,1024,65536,NDVI,0.0,0,0.0,0.0,0.0,0.0098080423860209
3160,0,patch_37_4,9472,9728,1024,1280,65536,MSAVI,0.0,65536,,,,
3161,0,patch_37_4,9472,9728,1024,1280,65536,NDVI,0.0,0,0.0,0.0,0.0,0.0098080423860209
3162,0,patch_37_5,9472,9728,1280,1536,65536,MSAVI,0.0,65536,,,,
3163,0,patch_37_5,9472,9728,1280,1536,65536,NDVI,0.0,0,0.0,0.0,0.0,0.0098080423860209
3164,0,patch_37_6,9472,9728,1536,1792,65536,MSAVI,0.0,65536,,,,
3165,0,patch_37_6,9472,9728,1536,1792,65536,NDVI,0.0,0,0.0,0.0,0.0,0.0098080423860209
3166,0,patch_37_7,9472,9728,1792,2048,65536,MSAVI,0.0,65536,,,,
3167,0,patch_37_7,9472,9728,1792,2048,65536,NDVI,0.0,0,0.0,0.0,0.0,0.0098080423860209
3168,0,patch_37_8,9472,9728,2048,2304,65536,MSAVI,0.0,65536,,,,
3169,0,patch_37_8,9472,9728,2048,2304,65536,NDVI,0.0,0,0.0,0.0,0.0,0.0098080423860209
3230,0,patch_37_42,9472,9728,10752,11008,65536,MSAVI,0.0,65536,,,,
3231,0,patch_37_42,9472,9728,10752,11008,65536,NDVI,0.0,0,0.0,0.0,0.0,0.0098080423860209
3232,0,patch_37_43,9472,9728,11008,11264,65536,MSAVI,0.0,65536,,,,
3233,0,patch_37_43,9472,9728,11008,11264,65536,NDVI,0.0,0,0.0,0.0,0.0,0.0098080423860209
3234,0,patch_37_44,9472,9728,11264,11520,65536,MSAVI,0.0,65536,,,,
3235,0,patch_37_44,9472,9728,11264,11520,65536,NDVI,0.0,0,0.0,0.0,0.0,0.0098080423860209
3236,0,patch_37_45,9472,9728,11520,11776,65536,MSAVI,0.0,65536,,,,
3237,0,patch_37_45,9472,9728,11520,11776,65536,NDVI,0.0,0,0.0,0.0,0.0,0.0098080423860209
3238,0,patch_38_0,9728,9984,0,256,65536,MSAVI,0.0,65536,,,,
3239,0,patch_38_0,9728,9984,0,256,65536,NDVI,0.0,0,0.0,0.0,0.0,0.0098080423860209
3240,0,patch_38_1,9728,9984,256,512,65536,MSAVI,0.0,65536,,,,
3241,0,patch_38_1,9728,9984,256,512,65536,NDVI,0.0,0,0.0,0.0,0.0,0.0098080423860209
3242,0,patch_38_2,9728,9984,512,768,65536,MSAVI,0.0,65536,,,,
3243,0,patch_38_2,9728,9984,512,768,65536,NDVI,0.0,0,0.0,0.0,0.0,0.0098080423860209
3244,0,patch_38_3,9728,9984,768,1024,65536,MSAVI,0.0,65536,,,,
3245,0,patch_38_3,9728,9984,768,1024,65536,NDVI,0.0,0,0.0,0.0,0.0,0.0098080423860209
3246,0,patch_38_4,9728,9984,1024,1280,65536,MSAVI,0.0,65536,,,,
3247,0,patch_38_4,9728,9984,1024,1280,65536,NDVI,0.0,0,0.0,0.0,0.0,0.0098080423860209
3248,0,patch_38_5,9728,9984,1280,1536,65536,MSAVI,0.0,65536,,,,
3249,0,patch_38_5,9728,9984,1280,1536,65536,NDVI,0.0,0,0.0,0.0,0.0,0.0098080423860209
3250,0,patch_38_6,9728,9984,1536,1792,65536,MSAVI,0.0,65536,,,,
3251,0,patch_38_6,9728,9984,1536,1792,65536,NDVI,0.0,0,0.0,0.0,0.0,0.0098080423860209
3252,0,patch_38_7,9728,9984,1792,2048,65536,MSAVI,0.0,65536,,,,
3253,0,patch_38_7,9728,9984,1792,2048,65536,NDVI,0.0,0,0.0,0.0,0.0,0.0098080423860209
3254,0,patch_38_8,9728,9984,2048,2304,65536,MSAVI,0.0,65536,,,,
3255,0,patch_38_8,9728,9984,2048,2304,65536,NDVI,0.0,0,0.0,0.0,0.0,0.0098080423860209
3310,0,patch_38_41,9728,9984,10496,10752,65536,MSAVI,0.0,65536,,,,
3311,0,patch_38_41,9728,9984,10496,10752,65536,NDVI,0.0,0,0.0,0.0,0.0,0.0098080423860209
3312,0,patch_38_42,9728,9984,10752,11008,65536,MSAVI,0.0,65536,,,,
3313,0,patch_38_42,9728,9984,10752,11008,65536,NDVI,0.0,0,0.0,0.0,0.0,0.0098080423860209
3314,0,patch_38_43,9728,9984,11008,11264,65536,MSAVI,0.0,65536,,,,
3315,0,patch_38_43,9728,9984,11008,11264,65536,NDVI,0.0,0,0.0,0.0,0.0,0.0098080423860209
3316,0,patch_38_44,9728,9984,11264,11520,65536,MSAVI,0.0,65536,,,,
3317,0,patch_38_44,9728,9984,11264,11520,65536,NDVI,0.0,0,0.0,0.0,0.0,0.0098080423860209
3318,0,patch_38_45,9728,9984,11520,11776,65536,MSAVI,0.0,65536,,,,
3319,0,patch_38_45,9728,9984,11520,11776,65536,NDVI,0.0,0,0.0,0.0,0.0,0.0098080423860209
3320,0,patch_39_0,9984,10240,0,256,65536,MSAVI,0.0,65536,,,,
3321,0,patch_39_0,9984,10240,0,256,65536,NDVI,0.0,0,0.0,0.0,0.0,0.0098080423860209
3322,0,patch_39_1,9984,10240,256,512,65536,MSAVI,0.0,65536,,,,
3323,0,patch_39_1,9984,10240,256,512,65536,NDVI,0.0,0,0.0,0.0,0.0,0.0098080423860209
3324,0,patch_39_2,9984,10240,512,768,65536,MSAVI,0.0,65536,,,,
3325,0,patch_39_2,9984,10240,512,768,65536,NDVI,0.0,0,0.0,0.0,0.0,0.0098080423860209
3326,0,patch_39_3,9984,10240,768,1024,65536,MSAVI,0.0,65536,,,,
3327,0,patch_39_3,9984,10240,768,1024,65536,NDVI,0.0,0,0.0,0.0,0.0,0.0098080423860209
3328,0,patch_39_4,9984,10240,1024,1280,65536,MSAVI,0.0,65536,,,,
3329,0,patch_39_4,9984,10240,1024,1280,65536,NDVI,0.0,0,0.0,0.0,0.0,0.0098080423860209
3330,0,patch_39_5,9984,10240,1280,1536,65536,MSAVI,0.0,65536,,,,
3331,0,patch_39_5,9984,10240,1280,1536,65536,NDVI,0.0,0,0.0,0.0,0.0,0.0098080423860209
3332,0,patch_39_6,9984,10240,1536,1792,65536,MSAVI,0.0,65536,,,,
3333,0,patch_39_6,9984,10240,1536,1792,65536,NDVI,0.0,0,0.0,0.0,0.0,0.0098080423860209
3334,0,patch_39_7,9984,10240,1792,2048,65536,MSAVI,0.0,65536,,,,
3335,0,patch_39_7,9984,10240,1792,2048,65536,NDVI,0.0,0,0.0,0.0,0.0,0.0098080423860209
3336,0,patch_39_8,9984,10240,2048,2304,65536,MSAVI,0.0,65536,,,,
3337,0,patch_39_8,9984,10240,2048,2304,65536,NDVI,0.0,0,0.0,0.0,0.0,0.0098080423860209
3338,0,patch_39_9,9984,10240,2304,2560,65536,MSAVI,0.0,65536,,,,
3339,0,patch_39_9,9984,10240,2304,2560,65536,NDVI,0.0,0,0.0,0.0,0.0,0.0098080423860209
3390,0,patch_39_39,9984,10240,9984,10240,65536,MSAVI,0.0,65536,,,,
3391,0,patch_39_39,9984,10240,9984,10240,65536,NDVI,0.0,0,0.0,0.0,0.0,0.0098080423860209
3392,0,patch_39_40,9984,10240,10240,10496,65536,MSAVI,0.0,65536,,,,
3393,0,patch_39_40,9984,10240,10240,10496,65536,NDVI,0.0,0,0.0,0.0,0.0,0.0098080423860209
3394,0,patch_39_41,9984,10240,10496,10752,65536,MSAVI,0.0,65536,,,,
3395,0,patch_39_41,9984,10240,10496,10752,65536,NDVI,0.0,0,0.0,0.0,0.0,0.0098080423860209
3396,0,patch_39_42,9984,10240,10752,11008,65536,MSAVI,0.0,65536,,,,
3397,0,patch_39_42,9984,10240,10752,11008,65536,NDVI,0.0,0,0.0,0.0,0.0,0.0098080423860209
3398,0,patch_39_43,9984,10240,11008,11264,65536,MSAVI,0.0,65536,,,,
3399,0,patch_39_43,9984,10240,11008,11264,65536,NDVI,0.0,0,0.0,0.0,0.0,0.0098080423860209
3400,0,patch_39_44,9984,10240,11264,11520,65536,MSAVI,0.0,65536,,,,
3401,0,patch_39_44,9984,10240,11264,11520,65536,NDVI,0.0,0,0.0,0.0,0.0,0.0098080423860209
3402,0,patch_39_45,9984,10240,11520,11776,65536,MSAVI,0.0,65536,,,,
3403,0,patch_39_45,9984,10240,11520,11776,65536,NDVI,0.0,0,0.0,0.0,0.0,0.0098080423860209
3404,0,patch_40_0,10240,10496,0,256,65536,MSAVI,0.0,65536,,,,
3405,0,patch_40_0,10240,10496,0,256,65536,NDVI,0.0,0,0.0,0.0,0.0,0.0098080423860209
3406,0,patch_40_1,10240,10496,256,512,65536,MSAVI,0.0,65536,,,,
3407,0,patch_40_1,10240,10496,256,512,65536,NDVI,0.0,0,0.0,0.0,0.0,0.0098080423860209
3408,0,patch_40_2,10240,10496,512,768,65536,MSAVI,0.0,65536,,,,
3409,0,patch_40_2,10240,10496,512,768,65536,NDVI,0.0,0,0.0,0.0,0.0,0.0098080423860209
3410,0,patch_40_3,10240,10496,768,1024,65536,MSAVI,0.0,65536,,,,
3411,0,patch_40_3,10240,10496,768,1024,65536,NDVI,0.0,0,0.0,0.0,0.0,0.0098080423860209
3412,0,patch_40_4,10240,10496,1024,1280,65536,MSAVI,0.0,65536,,,,
3413,0,patch_40_4,10240,10496,1024,1280,65536,NDVI,0.0,0,0.0,0.0,0.0,0.0098080423860209
3414,0,patch_40_5,10240,10496,1280,1536,65536,MSAVI,0.0,65536,,,,
3415,0,patch_40_5,10240,10496,1280,1536,65536,NDVI,0.0,0,0.0,0.0,0.0,0.0098080423860209
3416,0,patch_40_6,10240,10496,1536,1792,65536,MSAVI,0.0,65536,,,,
3417,0,patch_40_6,10240,10496,1536,1792,65536,NDVI,0.0,0,0.0,0.0,0.0,0.0098080423860209
3418,0,patch_40_7,10240,10496,1792,2048,65536,MSAVI,0.0,65536,,,,
3419,0,patch_40_7,10240,10496,1792,2048,65536,NDVI,0.0,0,0.0,0.0,0.0,0.0098080423860209
3420,0,patch_40_8,10240,10496,2048,2304,65536,MSAVI,0.0,65536,,,,
3421,0,patch_40_8,10240,10496,2048,2304,65536,NDVI,0.0,0,0.0,0.0,0.0,0.0098080423860209
3422,0,patch_40_9,10240,10496,2304,2560,65536,MSAVI,0.0,65536,,,,
3423,0,patch_40_9,10240,10496,2304,2560,65536,NDVI,0.0,0,0.0,0.0,0.0,0.0098080423860209
3470,0,patch_40_37,10240,10496,9472,9728,65536,MSAVI,0.0,65536,,,,
3471,0,patch_40_37,10240,10496,9472,9728,65536,NDVI,0.0,0,0.0,0.0,0.0,0.0098080423860209
3472,0,patch_40_38,10240,10496,9728,9984,65536,MSAVI,0.0,65536,,,,
3473,0,patch_40_38,10240,10496,9728,9984,65536,NDVI,0.0,0,0.0,0.0,0.0,0.0098080423860209
3474,0,patch_40_39,10240,10496,9984,10240,65536,MSAVI,0.0,65536,,,,
3475,0,patch_40_39,10240,10496,9984,10240,65536,NDVI,0.0,0,0.0,0.0,0.0,0.0098080423860209
3476,0,patch_40_40,10240,10496,10240,10496,65536,MSAVI,0.0,65536,,,,
3477,0,patch_40_40,10240,10496,10240,10496,65536,NDVI,0.0,0,0.0,0.0,0.0,0.0098080423860209
3478,0,patch_40_41,10240,10496,10496,10752,65536,MSAVI,0.0,65536,,,,
3479,0,patch_40_41,10240,10496,10496,10752,65536,NDVI,0.0,0,0.0,0.0,0.0,0.0098080423860209
3480,0,patch_40_42,10240,10496,10752,11008,65536,MSAVI,0.0,65536,,,,
3481,0,patch_40_42,10240,10496,10752,11008,65536,NDVI,0.0,0,0.0,0.0,0.0,0.0098080423860209
3482,0,patch_40_43,10240,10496,11008,11264,65536,MSAVI,0.0,65536,,,,
3483,0,patch_40_43,10240,10496,11008,11264,65536,NDVI,0.0,0,0.0,0.0,0.0,0.0098080423860209
3484,0,patch_40_44,10240,10496,11264,11520,65536,MSAVI,0.0,65536,,,,
3485,0,patch_40_44,10240,10496,11264,11520,65536,NDVI,0.0,0,0.0,0.0,0.0,0.0098080423860209
3486,0,patch_40_45,10240,10496,11520,11776,65536,MSAVI,0.0,65536,,,,
3487,0,patch_40_45,10240,10496,11520,11776,65536,NDVI,0.0,0,0.0,0.0,0.0,0.0098080423860209
3488,0,patch_41_0,10496,10752,0,256,65536,MSAVI,0.0,65536,,,,
3489,0,patch_41_0,10496,10752,0,256,65536,NDVI,0.0,0,0.0,0.0,0.0,0.0098080423860209
3490,0,patch_41_1,10496,10752,256,512,65536,MSAVI,0.0,65536,,,,
3491,0,patch_41_1,10496,10752,256,512,65536,NDVI,0.0,0,0.0,0.0,0.0,0.0098080423860209
3492,0,patch_41_2,10496,10752,512,768,65536,MSAVI,0.0,65536,,,,
3493,0,patch_41_2,10496,10752,512,768,65536,NDVI,0.0,0,0.0,0.0,0.0,0.0098080423860209
3494,0,patch_41_3,10496,10752,768,1024,65536,MSAVI,0.0,65536,,,,
3495,0,patch_41_3,10496,10752,768,1024,65536,NDVI,0.0,0,0.0,0.0,0.0,0.0098080423860209
3496,0,patch_41_4,10496,10752,1024,1280,65536,MSAVI,0.0,65536,,,,
3497,0,patch_41_4,10496,10752,1024,1280,65536,NDVI,0.0,0,0.0,0.0,0.0,0.0098080423860209
3498,0,patch_41_5,10496,10752,1280,1536,65536,MSAVI,0.0,65536,,,,
3499,0,patch_41_5,10496,10752,1280,1536,65536,NDVI,0.0,0,0.0,0.0,0.0,0.0098080423860209
3500,0,patch_41_6,10496,10752,1536,1792,65536,MSAVI,0.0,65536,,,,
3501,0,patch_41_6,10496,10752,1536,1792,65536,NDVI,0.0,0,0.0,0.0,0.0,0.0098080423860209
3502,0,patch_41_7,10496,10752,1792,2048,65536,MSAVI,0.0,65536,,,,
3503,0,patch_41_7,10496,10752,1792,2048,65536,NDVI,0.0,0,0.0,0.0,0.0,0.0098080423860209
3504,0,patch_41_8,10496,10752,2048,2304,65536,MSAVI,0.0,65536,,,,
3505,0,patch_41_8,10496,10752,2048,2304,65536,NDVI,0.0,0,0.0,0.0,0.0,0.0098080423860209
3506,0,patch_41_9,10496,10752,2304,2560,65536,MSAVI,0.0,65536,,,,
3507,0,patch_41_9,10496,10752,2304,2560,65536,NDVI,0.0,0,0.0,0.0,0.0,0.0098080423860209
3508,0,patch_41_10,10496,10752,2560,2816,65536,MSAVI,0.0,65536,,,,
3509,0,patch_41_10,10496,10752,2560,2816,65536,NDVI,0.0,0,0.0,0.0,0.0,0.0098080423860209
3552,0,patch_41_35,10496,10752,8960,9216,65536,MSAVI,0.0,65536,,,,
3553,0,patch_41_35,10496,10752,8960,9216,65536,NDVI,0.0,0,0.0,0.0,0.0,0.0098080423860209
3554,0,patch_41_36,10496,10752,9216,9472,65536,MSAVI,0.0,65536,,,,
3555,0,patch_41_36,10496,10752,9216,9472,65536,NDVI,0.0,0,0.0,0.0,0.0,0.0098080423860209
3556,0,patch_41_37,10496,10752,9472,9728,65536,MSAVI,0.0,65536,,,,
3557,0,patch_41_37,10496,10752,9472,9728,65536,NDVI,0.0,0,0.0,0.0,0.0,0.0098080423860209
3558,0,patch_41_38,10496,10752,9728,9984,65536,MSAVI,0.0,65536,,,,
3559,0,patch_41_38,10496,10752,9728,9984,65536,NDVI,0.0,0,0.0,0.0,0.0,0.0098080423860209
3560,0,patch_41_39,10496,10752,9984,10240,65536,MSAVI,0.0,65536,,,,
3561,0,patch_41_39,10496,10752,9984,10240,65536,NDVI,0.0,0,0.0,0.0,0.0,0.0098080423860209
3562,0,patch_41_40,10496,10752,10240,10496,65536,MSAVI,0.0,65536,,,,
3563,0,patch_41_40,10496,10752,10240,10496,65536,NDVI,0.0,0,0.0,0.0,0.0,0.0098080423860209
3564,0,patch_41_41,10496,10752,10496,10752,65536,MSAVI,0.0,65536,,,,
3565,0,patch_41_41,10496,10752,10496,10752,65536,NDVI,0.0,0,0.0,0.0,0.0,0.0098080423860209
3566,0,patch_41_42,10496,10752,10752,11008,65536,MSAVI,0.0,65536,,,,
3567,0,patch_41_42,10496,10752,10752,11008,65536,NDVI,0.0,0,0.0,0.0,0.0,0.0098080423860209
3568,0,patch_41_43,10496,10752,11008,11264,65536,MSAVI,0.0,65536,,,,
3569,0,patch_41_43,10496,10752,11008,11264,65536,NDVI,0.0,0,0.0,0.0,0.0,0.0098080423860209
3570,0,patch_41_44,10496,10752,11264,11520,65536,MSAVI,0.0,65536,,,,
3571,0,patch_41_44,10496,10752,11264,11520,65536,NDVI,0.0,0,0.0,0.0,0.0,0.0098080423860209
3572,0,patch_41_45,10496,10752,11520,11776,65536,MSAVI,0.0,65536,,,,
3573,0,patch_41_45,10496,10752,11520,11776,65536,NDVI,0.0,0,0.0,0.0,0.0,0.0098080423860209
3574,0,patch_42_0,10752,11008,0,256,65536,MSAVI,0.0,65536,,,,
3575,0,patch_42_0,10752,11008,0,256,65536,NDVI,0.0,0,0.0,0.0,0.0,0.0098080423860209
3576,0,patch_42_1,10752,11008,256,512,65536,MSAVI,0.0,65536,,,,
3577,0,patch_42_1,10752,11008,256,512,65536,NDVI,0.0,0,0.0,0.0,0.0,0.0098080423860209
3578,0,patch_42_2,10752,11008,512,768,65536,MSAVI,0.0,65536,,,,
3579,0,patch_42_2,10752,11008,512,768,65536,NDVI,0.0,0,0.0,0.0,0.0,0.0098080423860209
3580,0,patch_42_3,10752,11008,768,1024,65536,MSAVI,0.0,65536,,,,
3581,0,patch_42_3,10752,11008,768,1024,65536,NDVI,0.0,0,0.0,0.0,0.0,0.0098080423860209
3582,0,patch_42_4,10752,11008,1024,1280,65536,MSAVI,0.0,65536,,,,
3583,0,patch_42_4,10752,11008,1024,1280,65536,NDVI,0.0,0,0.0,0.0,0.0,0.0098080423860209
3584,0,patch_42_5,10752,11008,1280,1536,65536,MSAVI,0.0,65536,,,,
3585,0,patch_42_5,10752,11008,1280,1536,65536,NDVI,0.0,0,0.0,0.0,0.0,0.0098080423860209
3586,0,patch_42_6,10752,11008,1536,1792,65536,MSAVI,0.0,65536,,,,
3587,0,patch_42_6,10752,11008,1536,1792,65536,NDVI,0.0,0,0.0,0.0,0.0,0.0098080423860209
3588,0,patch_42_7,10752,11008,1792,2048,65536,MSAVI,0.0,65536,,,,
3589,0,patch_42_7,10752,11008,1792,2048,65536,NDVI,0.0,0,0.0,0.0,0.0,0.0098080423860209
3590,0,patch_42_8,10752,11008,2048,2304,65536,MSAVI,0.0,65536,,,,
3591,0,patch_42_8,10752,11008,2048,2304,65536,NDVI,0.0,0,0.0,0.0,0.0,0.0098080423860209
3592,0,patch_42_9,10752,11008,2304,2560,65536,MSAVI,0.0,65536,,,,
3593,0,patch_42_9,10752,11008,2304,2560,65536,NDVI,0.0,0,0.0,0.0,0.0,0.0098080423860209
3594,0,patch_42_10,10752,11008,2560,2816,65536,MSAVI,0.0,65536,,,,
3595,0,patch_42_10,10752,11008,2560,2816,65536,NDVI,0.0,0,0.0,0.0,0.0,0.0098080423860209
3596,0,patch_42_11,10752,11008,2816,3072,65536,MSAVI,0.0,65536,,,,
3597,0,patch_42_11,10752,11008,2816,3072,65536,NDVI,0.0,0,0.0,0.0,0.0,0.0098080423860209
3634,0,patch_42_34,10752,11008,8704,8960,65536,MSAVI,0.0,65536,,,,
3635,0,patch_42_34,10752,11008,8704,8960,65536,NDVI,0.0,0,0.0,0.0,0.0,0.0098080423860209
3636,0,patch_42_35,10752,11008,8960,9216,65536,MSAVI,0.0,65536,,,,
3637,0,patch_42_35,10752,11008,8960,9216,65536,NDVI,0.0,0,0.0,0.0,0.0,0.0098080423860209
3638,0,patch_42_36,10752,11008,9216,9472,65536,MSAVI,0.0,65536,,,,
3639,0,patch_42_36,10752,11008,9216,9472,65536,NDVI,0.0,0,0.0,0.0,0.0,0.0098080423860209
3640,0,patch_42_37,10752,11008,9472,9728,65536,MSAVI,0.0,65536,,,,
3641,0,patch_42_37,10752,11008,9472,9728,65536,NDVI,0.0,0,0.0,0.0,0.0,0.0098080423860209
3642,0,patch_42_38,10752,11008,9728,9984,65536,MSAVI,0.0,65536,,,,
3643,0,patch_42_38,10752,11008,9728,9984,65536,NDVI,0.0,0,0.0,0.0,0.0,0.0098080423860209
3644,0,patch_42_39,10752,11008,9984,10240,65536,MSAVI,0.0,65536,,,,
3645,0,patch_42_39,10752,11008,9984,10240,65536,NDVI,0.0,0,0.0,0.0,0.0,0.0098080423860209
3646,0,patch_42_40,10752,11008,10240,10496,65536,MSAVI,0.0,65536,,,,
3647,0,patch_42_40,10752,11008,10240,10496,65536,NDVI,0.0,0,0.0,0.0,0.0,0.0098080423860209
3648,0,patch_42_41,10752,11008,10496,10752,65536,MSAVI,0.0,65536,,,,
3649,0,patch_42_41,10752,11008,10496,10752,65536,NDVI,0.0,0,0.0,0.0,0.0,0.0098080423860209
3650,0,patch_42_42,10752,11008,10752,11008,65536,MSAVI,0.0,65536,,,,
3651,0,patch_42_42,10752,11008,10752,11008,65536,NDVI,0.0,0,0.0,0.0,0.0,0.0098080423860209
3652,0,patch_42_43,10752,11008,11008,11264,65536,MSAVI,0.0,65536,,,,
3653,0,patch_42_43,10752,11008,11008,11264,65536,NDVI,0.0,0,0.0,0.0,0.0,0.0098080423860209
3654,0,patch_42_44,10752,11008,11264,11520,65536,MSAVI,0.0,65536,,,,
3655,0,patch_42_44,10752,11008,11264,11520,65536,NDVI,0.0,0,0.0,0.0,0.0,0.0098080423860209
3656,0,patch_42_45,10752,11008,11520,11776,65536,MSAVI,0.0,65536,,,,
3657,0,patch_42_45,10752,11008,11520,11776,65536,NDVI,0.0,0,0.0,0.0,0.0,0.0098080423860209
3658,0,patch_43_0,11008,11264,0,256,65536,MSAVI,0.0,65536,,,,
3659,0,patch_43_0,11008,11264,0,256,65536,NDVI,0.0,0,0.0,0.0,0.0,0.0098080423860209
3660,0,patch_43_1,11008,11264,256,512,65536,MSAVI,0.0,65536,,,,
3661,0,patch_43_1,11008,11264,256,512,65536,NDVI,0.0,0,0.0,0.0,0.0,0.0098080423860209
3662,0,patch_43_2,11008,11264,512,768,65536,MSAVI,0.0,65536,,,,
3663,0,patch_43_2,11008,11264,512,768,65536,NDVI,0.0,0,0.0,0.0,0.0,0.0098080423860209
3664,0,patch_43_3,11008,11264,768,1024,65536,MSAVI,0.0,65536,,,,
3665,0,patch_43_3,11008,11264,768,1024,65536,NDVI,0.0,0,0.0,0.0,0.0,0.0098080423860209
3666,0,patch_43_4,11008,11264,1024,1280,65536,MSAVI,0.0,65536,,,,
3667,0,patch_43_4,11008,11264,1024,1280,65536,NDVI,0.0,0,0.0,0.0,0.0,0.0098080423860209
3668,0,patch_43_5,11008,11264,1280,1536,65536,MSAVI,0.0,65536,,,,
3669,0,patch_43_5,11008,11264,1280,1536,65536,NDVI,0.0,0,0.0,0.0,0.0,0.0098080423860209
3670,0,patch_43_6,11008,11264,1536,1792,65536,MSAVI,0.0,65536,,,,
3671,0,patch_43_6,11008,11264,1536,1792,65536,NDVI,0.0,0,0.0,0.0,0.0,0.0098080423860209
3672,0,patch_43_7,11008,11264,1792,2048,65536,MSAVI,0.0,65536,,,,
3673,0,patch_43_7,11008,11264,1792,2048,65536,NDVI,0.0,0,0.0,0.0,0.0,0.0098080423860209
3674,0,patch_43_8,11008,11264,2048,2304,65536,MSAVI,0.0,65536,,,,
3675,0,patch_43_8,11008,11264,2048,2304,65536,NDVI,0.0,0,0.0,0.0,0.0,0.0098080423860209
3676,0,patch_43_9,11008,11264,2304,2560,65536,MSAVI,0.0,65536,,,,
3677,0,patch_43_9,11008,11264,2304,2560,65536,NDVI,0.0,0,0.0,0.0,0.0,0.0098080423860209
3678,0,patch_43_10,11008,11264,2560,2816,65536,MSAVI,0.0,65536,,,,
3679,0,patch_43_10,11008,11264,2560,2816,65536,NDVI,0.0,0,0.0,0.0,0.0,0.0098080423860209
3680,0,patch_43_11,11008,11264,2816,3072,65536,MSAVI,0.0,65536,,,,
3681,0,patch_43_11,11008,11264,2816,3072,65536,NDVI,0.0,0,0.0,0.0,0.0,0.0098080423860209
3712,0,patch_43_32,11008,11264,8192,8448,65536,MSAVI,0.0,65536,,,,
3713,0,patch_43_32,11008,11264,8192,8448,65536,NDVI,0.0,0,0.0,0.0,0.0,0.0098080423860209
3714,0,patch_43_33,11008,11264,8448,8704,65536,MSAVI,0.0,65536,,,,
3715,0,patch_43_33,11008,11264,8448,8704,65536,NDVI,0.0,0,0.0,0.0,0.0,0.0098080423860209
3716,0,patch_43_34,11008,11264,8704,8960,65536,MSAVI,0.0,65536,,,,
3717,0,patch_43_34,11008,11264,8704,8960,65536,NDVI,0.0,0,0.0,0.0,0.0,0.0098080423860209
3718,0,patch_43_35,11008,11264,8960,9216,65536,MSAVI,0.0,65536,,,,
3719,0,patch_43_35,11008,11264,8960,9216,65536,NDVI,0.0,0,0.0,0.0,0.0,0.0098080423860209
3720,0,patch_43_36,11008,11264,9216,9472,65536,MSAVI,0.0,65536,,,,
3721,0,patch_43_36,11008,11264,9216,9472,65536,NDVI,0.0,0,0.0,0.0,0.0,0.0098080423860209
3722,0,patch_43_37,11008,11264,9472,9728,65536,MSAVI,0.0,65536,,,,
3723,0,patch_43_37,11008,11264,9472,9728,65536,NDVI,0.0,0,0.0,0.0,0.0,0.0098080423860209
3724,0,patch_43_38,11008,11264,9728,9984,65536,MSAVI,0.0,65536,,,,
3725,0,patch_43_38,11008,11264,9728,9984,65536,NDVI,0.0,0,0.0,0.0,0.0,0.0098080423860209
3726,0,patch_43_39,11008,11264,9984,10240,65536,MSAVI,0.0,65536,,,,
3727,0,patch_43_39,11008,11264,9984,10240,65536,NDVI,0.0,0,0.0,0.0,0.0,0.0098080423860209
3728,0,patch_43_40,11008,11264,10240,10496,65536,MSAVI,0.0,65536,,,,
3729,0,patch_43_40,11008,11264,10240,10496,65536,NDVI,0.0,0,0.0,0.0,0.0,0.0098080423860209
3730,0,patch_43_41,11008,11264,10496,10752,65536,MSAVI,0.0,65536,,,,
3731,0,patch_43_41,11008,11264,10496,10752,65536,NDVI,0.0,0,0.0,0.0,0.0,0.0098080423860209
3732,0,patch_43_42,11008,11264,10752,11008,65536,MSAVI,0.0,65536,,,,
3733,0,patch_43_42,11008,11264,10752,11008,65536,NDVI,0.0,0,0.0,0.0,0.0,0.0098080423860209
3734,0,patch_43_43,11008,11264,11008,11264,65536,MSAVI,0.0,65536,,,,
3735,0,patch_43_43,11008,11264,11008,11264,65536,NDVI,0.0,0,0.0,0.0,0.0,0.0098080423860209
3736,0,patch_43_44,11008,11264,11264,11520,65536,MSAVI,0.0,65536,,,,
3737,0,patch_43_44,11008,11264,11264,11520,65536,NDVI,0.0,0,0.0,0.0,0.0,0.0098080423860209
3738,0,patch_43_45,11008,11264,11520,11776,65536,MSAVI,0.0,65536,,,,
3739,0,patch_43_45,11008,11264,11520,11776,65536,NDVI,0.0,0,0.0,0.0,0.0,0.0098080423860209
3740,0,patch_44_0,11264,11520,0,256,65536,MSAVI,0.0,65536,,,,
3741,0,patch_44_0,11264,11520,0,256,65536,NDVI,0.0,0,0.0,0.0,0.0,0.0098080423860209
3742,0,patch_44_1,11264,11520,256,512,65536,MSAVI,0.0,65536,,,,
3743,0,patch_44_1,11264,11520,256,512,65536,NDVI,0.0,0,0.0,0.0,0.0,0.0098080423860209
3744,0,patch_44_2,11264,11520,512,768,65536,MSAVI,0.0,65536,,,,
3745,0,patch_44_2,11264,11520,512,768,65536,NDVI,0.0,0,0.0,0.0,0.0,0.0098080423860209
3746,0,patch_44_3,11264,11520,768,1024,65536,MSAVI,0.0,65536,,,,
3747,0,patch_44_3,11264,11520,768,1024,65536,NDVI,0.0,0,0.0,0.0,0.0,0.0098080423860209
3748,0,patch_44_4,11264,11520,1024,1280,65536,MSAVI,0.0,65536,,,,
3749,0,patch_44_4,11264,11520,1024,1280,65536,NDVI,0.0,0,0.0,0.0,0.0,0.0098080423860209
3750,0,patch_44_5,11264,11520,1280,1536,65536,MSAVI,0.0,65536,,,,
3751,0,patch_44_5,11264,11520,1280,1536,65536,NDVI,0.0,0,0.0,0.0,0.0,0.0098080423860209
3752,0,patch_44_6,11264,11520,1536,1792,65536,MSAVI,0.0,65536,,,,
3753,0,patch_44_6,11264,11520,1536,1792,65536,NDVI,0.0,0,0.0,0.0,0.0,0.0098080423860209
3754,0,patch_44_7,11264,11520,1792,2048,65536,MSAVI,0.0,65536,,,,
3755,0,patch_44_7,11264,11520,1792,2048,65536,NDVI,0.0,0,0.0,0.0,0.0,0.0098080423860209
3756,0,patch_44_8,11264,11520,2048,2304,65536,MSAVI,0.0,65536,,,,
3757,0,patch_44_8,11264,11520,2048,2304,65536,NDVI,0.0,0,0.0,0.0,0.0,0.0098080423860209
3758,0,patch_44_9,11264,11520,2304,2560,65536,MSAVI,0.0,65536,,,,
3759,0,patch_44_9,11264,11520,2304,2560,65536,NDVI,0.0,0,0.0,0.0,0.0,0.0098080423860209
3760,0,patch_44_10,11264,11520,2560,2816,65536,MSAVI,0.0,65536,,,,
3761,0,patch_44_10,11264,11520,2560,2816,65536,NDVI,0.0,0,0.0,0.0,0.0,0.0098080423860209
3762,0,patch_44_11,11264,11520,2816,3072,65536,MSAVI,0.0,65536,,,,
3763,0,patch_44_11,11264,11520,2816,3072,65536,NDVI,0.0,0,0.0,0.0,0.0,0.0098080423860209
3764,0,patch_44_12,11264,11520,3072,3328,65536,MSAVI,0.0,65536,,,,
3765,0,patch_44_12,11264,11520,3072,3328,65536,NDVI,0.0,0,0.0,0.0,0.0,0.0098080423860209
3794,0,patch_44_30,11264,11520,7680,7936,65536,MSAVI,0.0,65536,,,,
3795,0,patch_44_30,11264,11520,7680,7936,65536,NDVI,0.0,0,0.0,0.0,0.0,0.0098080423860209
3796,0,patch_44_31,11264,11520,7936,8192,65536,MSAVI,0.0,65536,,,,
3797,0,patch_44_31,11264,11520,7936,8192,65536,NDVI,0.0,0,0.0,0.0,0.0,0.0098080423860209
3798,0,patch_44_32,11264,11520,8192,8448,65536,MSAVI,0.0,65536,,,,
3799,0,patch_44_32,11264,11520,8192,8448,65536,NDVI,0.0,0,0.0,0.0,0.0,0.0098080423860209
3800,0,patch_44_33,11264,11520,8448,8704,65536,MSAVI,0.0,65536,,,,
3801,0,patch_44_33,11264,11520,8448,8704,65536,NDVI,0.0,0,0.0,0.0,0.0,0.0098080423860209
3802,0,patch_44_34,11264,11520,8704,8960,65536,MSAVI,0.0,65536,,,,
3803,0,patch_44_34,11264,11520,8704,8960,65536,NDVI,0.0,0,0.0,0.0,0.0,0.0098080423860209
3804,0,patch_44_35,11264,11520,8960,9216,65536,MSAVI,0.0,65536,,,,
3805,0,patch_44_35,11264,11520,8960,9216,65536,NDVI,0.0,0,0.0,0.0,0.0,0.0098080423860209
3806,0,patch_44_36,11264,11520,9216,9472,65536,MSAVI,0.0,65536,,,,
3807,0,patch_44_36,11264,11520,9216,9472,65536,NDVI,0.0,0,0.0,0.0,0.0,0.0098080423860209
3808,0,patch_44_37,11264,11520,9472,9728,65536,MSAVI,0.0,65536,,,,
3809,0,patch_44_37,11264,11520,9472,9728,65536,NDVI,0.0,0,0.0,0.0,0.0,0.0098080423860209
3810,0,patch_44_38,11264,11520,9728,9984,65536,MSAVI,0.0,65536,,,,
3811,0,patch_44_38,11264,11520,9728,9984,65536,NDVI,0.0,0,0.0,0.0,0.0,0.0098080423860209
3812,0,patch_44_39,11264,11520,9984,10240,65536,MSAVI,0.0,65536,,,,
3813,0,patch_44_39,11264,11520,9984,10240,65536,NDVI,0.0,0,0.0,0.0,0.0,0.0098080423860209
3814,0,patch_44_40,11264,11520,10240,10496,65536,MSAVI,0.0,65536,,,,
3815,0,patch_44_40,11264,11520,10240,10496,65536,NDVI,0.0,0,0.0,0.0,0.0,0.0098080423860209
3816,0,patch_44_41,11264,11520,10496,10752,65536,MSAVI,0.0,65536,,,,
3817,0,patch_44_41,11264,11520,10496,10752,65536,NDVI,0.0,0,0.0,0.0,0.0,0.0098080423860209
3818,0,patch_44_42,11264,11520,10752,11008,65536,MSAVI,0.0,65536,,,,
3819,0,patch_44_42,11264,11520,10752,11008,65536,NDVI,0.0,0,0.0,0.0,0.0,0.0098080423860209
3820,0,patch_44_43,11264,11520,11008,11264,65536,MSAVI,0.0,65536,,,,
3821,0,patch_44_43,11264,11520,11008,11264,65536,NDVI,0.0,0,0.0,0.0,0.0,0.0098080423860209
3822,0,patch_44_44,11264,11520,11264,11520,65536,MSAVI,0.0,65536,,,,
3823,0,patch_44_44,11264,11520,11264,11520,65536,NDVI,0.0,0,0.0,0.0,0.0,0.0098080423860209
3824,0,patch_44_45,11264,11520,11520,11776,65536,MSAVI,0.0,65536,,,,
3825,0,patch_44_45,11264,11520,11520,11776,65536,NDVI,0.0,0,0.0,0.0,0.0,0.0098080423860209
3826,0,patch_45_0,11520,11776,0,256,65536,MSAVI,0.0,65536,,,,
3827,0,patch_45_0,11520,11776,0,256,65536,NDVI,0.0,0,0.0,0.0,0.0,0.0098080423860209
3828,0,patch_45_1,11520,11776,256,512,65536,MSAVI,0.0,65536,,,,
3829,0,patch_45_1,11520,11776,256,512,65536,NDVI,0.0,0,0.0,0.0,0.0,0.0098080423860209
3830,0,patch_45_2,11520,11776,512,768,65536,MSAVI,0.0,65536,,,,
3831,0,patch_45_2,11520,11776,512,768,65536,NDVI,0.0,0,0.0,0.0,0.0,0.0098080423860209
3832,0,patch_45_3,11520,11776,768,1024,65536,MSAVI,0.0,65536,,,,
3833,0,patch_45_3,11520,11776,768,1024,65536,NDVI,0.0,0,0.0,0.0,0.0,0.0098080423860209
3834,0,patch_45_4,11520,11776,1024,1280,65536,MSAVI,0.0,65536,,,,
3835,0,patch_45_4,11520,11776,1024,1280,65536,NDVI,0.0,0,0.0,0.0,0.0,0.0098080423860209
3836,0,patch_45_5,11520,11776,1280,1536,65536,MSAVI,0.0,65536,,,,
3837,0,patch_45_5,11520,11776,1280,1536,65536,NDVI,0.0,0,0.0,0.0,0.0,0.0098080423860209
3838,0,patch_45_6,11520,11776,1536,1792,65536,MSAVI,0.0,65536,,,,
3839,0,patch_45_6,11520,11776,1536,1792,65536,NDVI,0.0,0,0.0,0.0,0.0,0.0098080423860209
3840,0,patch_45_7,11520,11776,1792,2048,65536,MSAVI,0.0,65536,,,,
3841,0,patch_45_7,11520,11776,1792,2048,65536,NDVI,0.0,0,0.0,0.0,0.0,0.0098080423860209
3842,0,patch_45_8,11520,11776,2048,2304,65536,MSAVI,0.0,65536,,,,
3843,0,patch_45_8,11520,11776,2048,2304,65536,NDVI,0.0,0,0.0,0.0,0.0,0.0098080423860209
3844,0,patch_45_9,11520,11776,2304,2560,65536,MSAVI,0.0,65536,,,,
3845,0,patch_45_9,11520,11776,2304,2560,65536,NDVI,0.0,0,0.0,0.0,0.0,0.0098080423860209
3846,0,patch_45_10,11520,11776,2560,2816,65536,MSAVI,0.0,65536,,,,
3847,0,patch_45_10,11520,11776,2560,2816,65536,NDVI,0.0,0,0.0,0.0,0.0,0.0098080423860209
3848,0,patch_45_11,11520,11776,2816,3072,65536,MSAVI,0.0,65536,,,,
3849,0,patch_45_11,11520,11776,2816,3072,65536,NDVI,0.0,0,0.0,0.0,0.0,0.0098080423860209
3850,0,patch_45_12,11520,11776,3072,3328,65536,MSAVI,0.0,65536,,,,
3851,0,patch_45_12,11520,11776,3072,3328,65536,NDVI,0.0,0,0.0,0.0,0.0,0.0098080423860209
3874,0,patch_45_29,11520,11776,7424,7680,65536,MSAVI,0.0,65536,,,,
3875,0,patch_45_29,11520,11776,7424,7680,65536,NDVI,0.0,0,0.0,0.0,0.0,0.0098080423860209
3876,0,patch_45_30,11520,11776,7680,7936,65536,MSAVI,0.0,65536,,,,
3877,0,patch_45_30,11520,11776,7680,7936,65536,NDVI,0.0,0,0.0,0.0,0.0,0.0098080423860209
3878,0,patch_45_31,11520,11776,7936,8192,65536,MSAVI,0.0,65536,,,,
3879,0,patch_45_31,11520,11776,7936,8192,65536,NDVI,0.0,0,0.0,0.0,0.0,0.0098080423860209
3880,0,patch_45_32,11520,11776,8192,8448,65536,MSAVI,0.0,65536,,,,
3881,0,patch_45_32,11520,11776,8192,8448,65536,NDVI,0.0,0,0.0,0.0,0.0,0.0098080423860209
3882,0,patch_45_33,11520,11776,8448,8704,65536,MSAVI,0.0,65536,,,,
3883,0,patch_45_33,11520,11776,8448,8704,65536,NDVI,0.0,0,0.0,0.0,0.0,0.0098080423860209
3884,0,patch_45_34,11520,11776,8704,8960,65536,MSAVI,0.0,65536,,,,
3885,0,patch_45_34,11520,11776,8704,8960,65536,NDVI,0.0,0,0.0,0.0,0.0,0.0098080423860209
3886,0,patch_45_35,11520,11776,8960,9216,65536,MSAVI,0.0,65536,,,,
3887,0,patch_45_35,11520,11776,8960,9216,65536,NDVI,0.0,0,0.0,0.0,0.0,0.0098080423860209
3888,0,patch_45_36,11520,11776,9216,9472,65536,MSAVI,0.0,65536,,,,
3889,0,patch_45_36,11520,11776,9216,9472,65536,NDVI,0.0,0,0.0,0.0,0.0,0.0098080423860209
3890,0,patch_45_37,11520,11776,9472,9728,65536,MSAVI,0.0,65536,,,,
3891,0,patch_45_37,11520,11776,9472,9728,65536,NDVI,0.0,0,0.0,0.0,0.0,0.0098080423860209
3892,0,patch_45_38,11520,11776,9728,9984,65536,MSAVI,0.0,65536,,,,
3893,0,patch_45_38,11520,11776,9728,9984,65536,NDVI,0.0,0,0.0,0.0,0.0,0.0098080423860209
3894,0,patch_45_39,11520,11776,9984,10240,65536,MSAVI,0.0,65536,,,,
3895,0,patch_45_39,11520,11776,9984,10240,65536,NDVI,0.0,0,0.0,0.0,0.0,0.0098080423860209
3896,0,patch_45_40,11520,11776,10240,10496,65536,MSAVI,0.0,65536,,,,
3897,0,patch_45_40,11520,11776,10240,10496,65536,NDVI,0.0,0,0.0,0.0,0.0,0.0098080423860209
3898,0,patch_45_41,11520,11776,10496,10752,65536,MSAVI,0.0,65536,,,,
3899,0,patch_45_41,11520,11776,10496,10752,65536,NDVI,0.0,0,0.0,0.0,0.0,0.0098080423860209
3900,0,patch_45_42,11520,11776,10752,11008,65536,MSAVI,0.0,65536,,,,
3901,0,patch_45_42,11520,11776,10752,11008,65536,NDVI,0.0,0,0.0,0.0,0.0,0.0098080423860209
3902,0,patch_45_43,11520,11776,11008,11264,65536,MSAVI,0.0,65536,,,,
3903,0,patch_45_43,11520,11776,11008,11264,65536,NDVI,0.0,0,0.0,0.0,0.0,0.0098080423860209
3904,0,patch_45_44,11520,11776,11264,11520,65536,MSAVI,0.0,65536,,,,
3905,0,patch_45_44,11520,11776,11264,11520,65536,NDVI,0.0,0,0.0,0.0,0.0,0.0098080423860209
3906,0,patch_45_45,11520,11776,11520,11776,65536,MSAVI,0.0,65536,,,,
3907,0,patch_45_45,11520,11776,11520,11776,65536,NDVI,0.0,0,0.0,0.0,0.0,0.0098080423860209
3908,0,patch_46_0,11776,12032,0,256,65536,MSAVI,0.0,65536,,,,
3909,0,patch_46_0,11776,12032,0,256,65536,NDVI,0.0,0,0.0,0.0,0.0,0.0098080423860209
3910,0,patch_46_1,11776,12032,256,512,65536,MSAVI,0.0,65536,,,,
3911,0,patch_46_1,11776,12032,256,512,65536,NDVI,0.0,0,0.0,0.0,0.0,0.0098080423860209
3912,0,patch_46_2,11776,12032,512,768,65536,MSAVI,0.0,65536,,,,
3913,0,patch_46_2,11776,12032,512,768,65536,NDVI,0.0,0,0.0,0.0,0.0,0.0098080423860209
3914,0,patch_46_3,11776,12032,768,1024,65536,MSAVI,0.0,65536,,,,
3915,0,patch_46_3,11776,12032,768,1024,65536,NDVI,0.0,0,0.0,0.0,0.0,0.0098080423860209
3916,0,patch_46_4,11776,12032,1024,1280,65536,MSAVI,0.0,65536,,,,
3917,0,patch_46_4,11776,12032,1024,1280,65536,NDVI,0.0,0,0.0,0.0,0.0,0.0098080423860209
3918,0,patch_46_5,11776,12032,1280,1536,65536,MSAVI,0.0,65536,,,,
3919,0,patch_46_5,11776,12032,1280,1536,65536,NDVI,0.0,0,0.0,0.0,0.0,0.0098080423860209
3920,0,patch_46_6,11776,12032,1536,1792,65536,MSAVI,0.0,65536,,,,
3921,0,patch_46_6,11776,12032,1536,1792,65536,NDVI,0.0,0,0.0,0.0,0.0,0.0098080423860209
3922,0,patch_46_7,11776,12032,1792,2048,65536,MSAVI,0.0,65536,,,,
3923,0,patch_46_7,11776,12032,1792,2048,65536,NDVI,0.0,0,0.0,0.0,0.0,0.0098080423860209
3924,0,patch_46_8,11776,12032,2048,2304,65536,MSAVI,0.0,65536,,,,
3925,0,patch_46_8,11776,12032,2048,2304,65536,NDVI,0.0,0,0.0,0.0,0.0,0.0098080423860209
3926,0,patch_46_9,11776,12032,2304,2560,65536,MSAVI,0.0,65536,,,,
3927,0,patch_46_9,11776,12032,2304,2560,65536,NDVI,0.0,0,0.0,0.0,0.0,0.0098080423860209
3928,0,patch_46_10,11776,12032,2560,2816,65536,MSAVI,0.0,65536,,,,
3929,0,patch_46_10,11776,12032,2560,2816,65536,NDVI,0.0,0,0.0,0.0,0.0,0.0098080423860209
3930,0,patch_46_11,11776,12032,2816,3072,65536,MSAVI,0.0,65536,,,,
3931,0,patch_46_11,11776,12032,2816,3072,65536,NDVI,0.0,0,0.0,0.0,0.0,0.0098080423860209
3932,0,patch_46_12,11776,12032,3072,3328,65536,MSAVI,0.0,65536,,,,
3933,0,patch_46_12,11776,12032,3072,3328,65536,NDVI,0.0,0,0.0,0.0,0.0,0.0098080423860209
3934,0,patch_46_13,11776,12032,3328,3584,65536,MSAVI,0.0,65536,,,,
3935,0,patch_46_13,11776,12032,3328,3584,65536,NDVI,0.0,0,0.0,0.0,0.0,0.0098080423860209
3954,0,patch_46_27,11776,12032,6912,7168,65536,MSAVI,0.0,65536,,,,
3955,0,patch_46_27,11776,12032,6912,7168,65536,NDVI,0.0,0,0.0,0.0,0.0,0.0098080423860209
3956,0,patch_46_28,11776,12032,7168,7424,65536,MSAVI,0.0,65536,,,,
3957,0,patch_46_28,11776,12032,7168,7424,65536,NDVI,0.0,0,0.0,0.0,0.0,0.0098080423860209
3958,0,patch_46_29,11776,12032,7424,7680,65536,MSAVI,0.0,65536,,,,
3959,0,patch_46_29,11776,12032,7424,7680,65536,NDVI,0.0,0,0.0,0.0,0.0,0.0098080423860209
3960,0,patch_46_30,11776,12032,7680,7936,65536,MSAVI,0.0,65536,,,,
3961,0,patch_46_30,11776,12032,7680,7936,65536,NDVI,0.0,0,0.0,0.0,0.0,0.0098080423860209
3962,0,patch_46_31,11776,12032,7936,8192,65536,MSAVI,0.0,65536,,,,
3963,0,patch_46_31,11776,12032,7936,8192,65536,NDVI,0.0,0,0.0,0.0,0.0,0.0098080423860209
3964,0,patch_46_32,11776,12032,8192,8448,65536,MSAVI,0.0,65536,,,,
3965,0,patch_46_32,11776,12032,8192,8448,65536,NDVI,0.0,0,0.0,0.0,0.0,0.0098080423860209
3966,0,patch_46_33,11776,12032,8448,8704,65536,MSAVI,0.0,65536,,,,
3967,0,patch_46_33,11776,12032,8448,8704,65536,NDVI,0.0,0,0.0,0.0,0.0,0.0098080423860209
3968,0,patch_46_34,11776,12032,8704,8960,65536,MSAVI,0.0,65536,,,,
3969,0,patch_46_34,11776,12032,8704,8960,65536,NDVI,0.0,0,0.0,0.0,0.0,0.0098080423860209
3970,0,patch_46_35,11776,12032,8960,9216,65536,MSAVI,0.0,65536,,,,
3971,0,patch_46_35,11776,12032,8960,9216,65536,NDVI,0.0,0,0.0,0.0,0.0,0.0098080423860209
3972,0,patch_46_36,11776,12032,9216,9472,65536,MSAVI,0.0,65536,,,,
3973,0,patch_46_36,11776,12032,9216,9472,65536,NDVI,0.0,0,0.0,0.0,0.0,0.0098080423860209
3974,0,patch_46_37,11776,12032,9472,9728,65536,MSAVI,0.0,65536,,,,
3975,0,patch_46_37,11776,12032,9472,9728,65536,NDVI,0.0,0,0.0,0.0,0.0,0.0098080423860209
3976,0,patch_46_38,11776,12032,9728,9984,65536,MSAVI,0.0,65536,,,,
3977,0,patch_46_38,11776,12032,9728,9984,65536,NDVI,0.0,0,0.0,0.0,0.0,0.0098080423860209
3978,0,patch_46_39,11776,12032,9984,10240,65536,MSAVI,0.0,65536,,,,
3979,0,patch_46_39,11776,12032,9984,10240,65536,NDVI,0.0,0,0.0,0.0,0.0,0.0098080423860209
3980,0,patch_46_40,11776,12032,10240,10496,65536,MSAVI,0.0,65536,,,,
3981,0,patch_46_40,11776,12032,10240,10496,65536,NDVI,0.0,0,0.0,0.0,0.0,0.0098080423860209
3982,0,patch_46_41,11776,12032,10496,10752,65536,MSAVI,0.0,65536,,,,
3983,0,patch_46_41,11776,12032,10496,10752,65536,NDVI,0.0,0,0.0,0.0,0.0,0.0098080423860209
3984,0,patch_46_42,11776,12032,10752,11008,65536,MSAVI,0.0,65536,,,,
3985,0,patch_46_42,11776,12032,10752,11008,65536,NDVI,0.0,0,0.0,0.0,0.0,0.0098080423860209
3986,0,patch_46_43,11776,12032,11008,11264,65536,MSAVI,0.0,65536,,,,
3987,0,patch_46_43,11776,12032,11008,11264,65536,NDVI,0.0,0,0.0,0.0,0.0,0.0098080423860209
3988,0,patch_46_44,11776,12032,11264,11520,65536,MSAVI,0.0,65536,,,,
3989,0,patch_46_44,11776,12032,11264,11520,65536,NDVI,0.0,0,0.0,0.0,0.0,0.0098080423860209
3990,0,patch_46_45,11776,12032,11520,11776,65536,MSAVI,0.0,65536,,,,
3991,0,patch_46_45,11776,12032,11520,11776,65536,NDVI,0.0,0,0.0,0.0,0.0,0.0098080423860209
3992,0,patch_47_0,12032,12288,0,256,65536,MSAVI,0.0,65536,,,,
3993,0,patch_47_0,12032,12288,0,256,65536,NDVI,0.0,0,0.0,0.0,0.0,0.0098080423860209
3994,0,patch_47_1,12032,12288,256,512,65536,MSAVI,0.0,65536,,,,
3995,0,patch_47_1,12032,12288,256,512,65536,NDVI,0.0,0,0.0,0.0,0.0,0.0098080423860209
3996,0,patch_47_2,12032,12288,512,768,65536,MSAVI,0.0,65536,,,,
3997,0,patch_47_2,12032,12288,512,768,65536,NDVI,0.0,0,0.0,0.0,0.0,0.0098080423860209
3998,0,patch_47_3,12032,12288,768,1024,65536,MSAVI,0.0,65536,,,,
3999,0,patch_47_3,12032,12288,768,1024,65536,NDVI,0.0,0,0.0,0.0,0.0,0.0098080423860209
4000,0,patch_47_4,12032,12288,1024,1280,65536,MSAVI,0.0,65536,,,,
4001,0,patch_47_4,12032,12288,1024,1280,65536,NDVI,0.0,0,0.0,0.0,0.0,0.0098080423860209
4002,0,patch_47_5,12032,12288,1280,1536,65536,MSAVI,0.0,65536,,,,
4003,0,patch_47_5,12032,12288,1280,1536,65536,NDVI,0.0,0,0.0,0.0,0.0,0.0098080423860209
4004,0,patch_47_6,12032,12288,1536,1792,65536,MSAVI,0.0,65536,,,,
4005,0,patch_47_6,12032,12288,1536,1792,65536,NDVI,0.0,0,0.0,0.0,0.0,0.0098080423860209
4006,0,patch_47_7,12032,12288,1792,2048,65536,MSAVI,0.0,65536,,,,
4007,0,patch_47_7,12032,12288,1792,2048,65536,NDVI,0.0,0,0.0,0.0,0.0,0.0098080423860209
4008,0,patch_47_8,12032,12288,2048,2304,65536,MSAVI,0.0,65536,,,,
4009,0,patch_47_8,12032,12288,2048,2304,65536,NDVI,0.0,0,0.0,0.0,0.0,0.0098080423860209
4010,0,patch_47_9,12032,12288,2304,2560,65536,MSAVI,0.0,65536,,,,
4011,0,patch_47_9,12032,12288,2304,2560,65536,NDVI,0.0,0,0.0,0.0,0.0,0.0098080423860209
4012,0,patch_47_10,12032,12288,2560,2816,65536,MSAVI,0.0,65536,,,,
4013,0,patch_47_10,12032,12288,2560,2816,65536,NDVI,0.0,0,0.0,0.0,0.0,0.0098080423860209
4014,0,patch_47_11,12032,12288,2816,3072,65536,MSAVI,0.0,65536,,,,
4015,0,patch_47_11,12032,12288,2816,3072,65536,NDVI,0.0,0,0.0,0.0,0.0,0.0098080423860209
4016,0,patch_47_12,12032,12288,3072,3328,65536,MSAVI,0.0,65536,,,,
4017,0,patch_47_12,12032,12288,3072,3328,65536,NDVI,0.0,0,0.0,0.0,0.0,0.0098080423860209
4018,0,patch_47_13,12032,12288,3328,3584,65536,MSAVI,0.0,65536,,,,
4019,0,patch_47_13,12032,12288,3328,3584,65536,NDVI,0.0,0,0.0,0.0,0.0,0.0098080423860209
4034,0,patch_47_25,12032,12288,6400,6656,65536,MSAVI,0.0,65536,,,,
4035,0,patch_47_25,12032,12288,6400,6656,65536,NDVI,0.0,0,0.0,0.0,0.0,0.0098080423860209
4036,0,patch_47_26,12032,12288,6656,6912,65536,MSAVI,0.0,65536,,,,
4037,0,patch_47_26,12032,12288,6656,6912,65536,NDVI,0.0,0,0.0,0.0,0.0,0.0098080423860209
4038,0,patch_47_27,12032,12288,6912,7168,65536,MSAVI,0.0,65536,,,,
4039,0,patch_47_27,12032,12288,6912,7168,65536,NDVI,0.0,0,0.0,0.0,0.0,0.0098080423860209
4040,0,patch_47_28,12032,12288,7168,7424,65536,MSAVI,0.0,65536,,,,
4041,0,patch_47_28,12032,12288,7168,7424,65536,NDVI,0.0,0,0.0,0.0,0.0,0.0098080423860209
4042,0,patch_47_29,12032,12288,7424,7680,65536,MSAVI,0.0,65536,,,,
4043,0,patch_47_29,12032,12288,7424,7680,65536,NDVI,0.0,0,0.0,0.0,0.0,0.0098080423860209
4044,0,patch_47_30,12032,12288,7680,7936,65536,MSAVI,0.0,65536,,,,
4045,0,patch_47_30,12032,12288,7680,7936,65536,NDVI,0.0,0,0.0,0.0,0.0,0.0098080423860209
4046,0,patch_47_31,12032,12288,7936,8192,65536,MSAVI,0.0,65536,,,,
4047,0,patch_47_31,12032,12288,7936,8192,65536,NDVI,0.0,0,0.0,0.0,0.0,0.0098080423860209
4048,0,patch_47_32,12032,12288,8192,8448,65536,MSAVI,0.0,65536,,,,
4049,0,patch_47_32,12032,12288,8192,8448,65536,NDVI,0.0,0,0.0,0.0,0.0,0.0098080423860209
4050,0,patch_47_33,12032,12288,8448,8704,65536,MSAVI,0.0,65536,,,,
4051,0,patch_47_33,12032,12288,8448,8704,65536,NDVI,0.0,0,0.0,0.0,0.0,0.0098080423860209
4052,0,patch_47_34,12032,12288,8704,8960,65536,MSAVI,0.0,65536,,,,
4053,0,patch_47_34,12032,12288,8704,8960,65536,NDVI,0.0,0,0.0,0.0,0.0,0.0098080423860209
4054,0,patch_47_35,12032,12288,8960,9216,65536,MSAVI,0.0,65536,,,,
4055,0,patch_47_35,12032,12288,8960,9216,65536,NDVI,0.0,0,0.0,0.0,0.0,0.0098080423860209
4056,0,patch_47_36,12032,12288,9216,9472,65536,MSAVI,0.0,65536,,,,
4057,0,patch_47_36,12032,12288,9216,9472,65536,NDVI,0.0,0,0.0,0.0,0.0,0.0098080423860209
4058,0,patch_47_37,12032,12288,9472,9728,65536,MSAVI,0.0,65536,,,,
4059,0,patch_47_37,12032,12288,9472,9728,65536,NDVI,0.0,0,0.0,0.0,0.0,0.0098080423860209
4060,0,patch_47_38,12032,12288,9728,9984,65536,MSAVI,0.0,65536,,,,
4061,0,patch_47_38,12032,12288,9728,9984,65536,NDVI,0.0,0,0.0,0.0,0.0,0.0098080423860209
4062,0,patch_47_39,12032,12288,9984,10240,65536,MSAVI,0.0,65536,,,,
4063,0,patch_47_39,12032,12288,9984,10240,65536,NDVI,0.0,0,0.0,0.0,0.0,0.0098080423860209
4064,0,patch_47_40,12032,12288,10240,10496,65536,MSAVI,0.0,65536,,,,
4065,0,patch_47_40,12032,12288,10240,10496,65536,NDVI,0.0,0,0.0,0.0,0.0,0.0098080423860209
4066,0,patch_47_41,12032,12288,10496,10752,65536,MSAVI,0.0,65536,,,,
4067,0,patch_47_41,12032,12288,10496,10752,65536,NDVI,0.0,0,0.0,0.0,0.0,0.0098080423860209
4068,0,patch_47_42,12032,12288,10752,11008,65536,MSAVI,0.0,65536,,,,
4069,0,patch_47_42,12032,12288,10752,11008,65536,NDVI,0.0,0,0.0,0.0,0.0,0.0098080423860209
4070,0,patch_47_43,12032,12288,11008,11264,65536,MSAVI,0.0,65536,,,,
4071,0,patch_47_43,12032,12288,11008,11264,65536,NDVI,0.0,0,0.0,0.0,0.0,0.0098080423860209
4072,0,patch_47_44,12032,12288,11264,11520,65536,MSAVI,0.0,65536,,,,
4073,0,patch_47_44,12032,12288,11264,11520,65536,NDVI,0.0,0,0.0,0.0,0.0,0.0098080423860209
4074,0,patch_47_45,12032,12288,11520,11776,65536,MSAVI,0.0,65536,,,,
4075,0,patch_47_45,12032,12288,11520,11776,65536,NDVI,0.0,0,0.0,0.0,0.0,0.0098080423860209
4076,0,patch_48_0,12288,12544,0,256,65536,MSAVI,0.0,65536,,,,
4077,0,patch_48_0,12288,12544,0,256,65536,NDVI,0.0,0,0.0,0.0,0.0,0.0098080423860209
4078,0,patch_48_1,12288,12544,256,512,65536,MSAVI,0.0,65536,,,,
4079,0,patch_48_1,12288,12544,256,512,65536,NDVI,0.0,0,0.0,0.0,0.0,0.0098080423860209
4080,0,patch_48_2,12288,12544,512,768,65536,MSAVI,0.0,65536,,,,
4081,0,patch_48_2,12288,12544,512,768,65536,NDVI,0.0,0,0.0,0.0,0.0,0.0098080423860209
4082,0,patch_48_3,12288,12544,768,1024,65536,MSAVI,0.0,65536,,,,
4083,0,patch_48_3,12288,12544,768,1024,65536,NDVI,0.0,0,0.0,0.0,0.0,0.0098080423860209
4084,0,patch_48_4,12288,12544,1024,1280,65536,MSAVI,0.0,65536,,,,
4085,0,patch_48_4,12288,12544,1024,1280,65536,NDVI,0.0,0,0.0,0.0,0.0,0.0098080423860209
4086,0,patch_48_5,12288,12544,1280,1536,65536,MSAVI,0.0,65536,,,,
4087,0,patch_48_5,12288,12544,1280,1536,65536,NDVI,0.0,0,0.0,0.0,0.0,0.0098080423860209
4088,0,patch_48_6,12288,12544,1536,1792,65536,MSAVI,0.0,65536,,,,
4089,0,patch_48_6,12288,12544,1536,1792,65536,NDVI,0.0,0,0.0,0.0,0.0,0.0098080423860209
4090,0,patch_48_7,12288,12544,1792,2048,65536,MSAVI,0.0,65536,,,,
4091,0,patch_48_7,12288,12544,1792,2048,65536,NDVI,0.0,0,0.0,0.0,0.0,0.0098080423860209
4092,0,patch_48_8,12288,12544,2048,2304,65536,MSAVI,0.0,65536,,,,
4093,0,patch_48_8,12288,12544,2048,2304,65536,NDVI,0.0,0,0.0,0.0,0.0,0.0098080423860209
4094,0,patch_48_9,12288,12544,2304,2560,65536,MSAVI,0.0,65536,,,,
4095,0,patch_48_9,12288,12544,2304,2560,65536,NDVI,0.0,0,0.0,0.0,0.0,0.0098080423860209
4096,0,patch_48_10,12288,12544,2560,2816,65536,MSAVI,0.0,65536,,,,
4097,0,patch_48_10,12288,12544,2560,2816,65536,NDVI,0.0,0,0.0,0.0,0.0,0.0098080423860209
4098,0,patch_48_11,12288,12544,2816,3072,65536,MSAVI,0.0,65536,,,,
4099,0,patch_48_11,12288,12544,2816,3072,65536,NDVI,0.0,0,0.0,0.0,0.0,0.0098080423860209
4100,0,patch_48_12,12288,12544,3072,3328,65536,MSAVI,0.0,65536,,,,
4101,0,patch_48_12,12288,12544,3072,3328,65536,NDVI,0.0,0,0.0,0.0,0.0,0.0098080423860209
4102,0,patch_48_13,12288,12544,3328,3584,65536,MSAVI,0.0,65536,,,,
4103,0,patch_48_13,12288,12544,3328,3584,65536,NDVI,0.0,0,0.0,0.0,0.0,0.0098080423860209
4104,0,patch_48_14,12288,12544,3584,3840,65536,MSAVI,0.0,65536,,,,
4105,0,patch_48_14,12288,12544,3584,3840,65536,NDVI,0.0,0,0.0,0.0,0.0,0.0098080423860209
4114,0,patch_48_23,12288,12544,5888,6144,65536,MSAVI,0.0,65536,,,,
4115,0,patch_48_23,12288,12544,5888,6144,65536,NDVI,0.0,0,0.0,0.0,0.0,0.0098080423860209
4116,0,patch_48_24,12288,12544,6144,6400,65536,MSAVI,0.0,65536,,,,
4117,0,patch_48_24,12288,12544,6144,6400,65536,NDVI,0.0,0,0.0,0.0,0.0,0.0098080423860209
4118,0,patch_48_25,12288,12544,6400,6656,65536,MSAVI,0.0,65536,,,,
4119,0,patch_48_25,12288,12544,6400,6656,65536,NDVI,0.0,0,0.0,0.0,0.0,0.0098080423860209
4120,0,patch_48_26,12288,12544,6656,6912,65536,MSAVI,0.0,65536,,,,
4121,0,patch_48_26,12288,12544,6656,6912,65536,NDVI,0.0,0,0.0,0.0,0.0,0.0098080423860209
4122,0,patch_48_27,12288,12544,6912,7168,65536,MSAVI,0.0,65536,,,,
4123,0,patch_48_27,12288,12544,6912,7168,65536,NDVI,0.0,0,0.0,0.0,0.0,0.0098080423860209
4124,0,patch_48_28,12288,12544,7168,7424,65536,MSAVI,0.0,65536,,,,
4125,0,patch_48_28,12288,12544,7168,7424,65536,NDVI,0.0,0,0.0,0.0,0.0,0.0098080423860209
4126,0,patch_48_29,12288,12544,7424,7680,65536,MSAVI,0.0,65536,,,,
4127,0,patch_48_29,12288,12544,7424,7680,65536,NDVI,0.0,0,0.0,0.0,0.0,0.0098080423860209
4128,0,patch_48_30,12288,12544,7680,7936,65536,MSAVI,0.0,65536,,,,
4129,0,patch_48_30,12288,12544,7680,7936,65536,NDVI,0.0,0,0.0,0.0,0.0,0.0098080423860209
4130,0,patch_48_31,12288,12544,7936,8192,65536,MSAVI,0.0,65536,,,,
4131,0,patch_48_31,12288,12544,7936,8192,65536,NDVI,0.0,0,0.0,0.0,0.0,0.0098080423860209
4132,0,patch_48_32,12288,12544,8192,8448,65536,MSAVI,0.0,65536,,,,
4133,0,patch_48_32,12288,12544,8192,8448,65536,NDVI,0.0,0,0.0,0.0,0.0,0.0098080423860209
4134,0,patch_48_33,12288,12544,8448,8704,65536,MSAVI,0.0,65536,,,,
4135,0,patch_48_33,12288,12544,8448,8704,65536,NDVI,0.0,0,0.0,0.0,0.0,0.0098080423860209
4136,0,patch_48_34,12288,12544,8704,8960,65536,MSAVI,0.0,65536,,,,
4137,0,patch_48_34,12288,12544,8704,8960,65536,NDVI,0.0,0,0.0,0.0,0.0,0.0098080423860209
4138,0,patch_48_35,12288,12544,8960,9216,65536,MSAVI,0.0,65536,,,,
4139,0,patch_48_35,12288,12544,8960,9216,65536,NDVI,0.0,0,0.0,0.0,0.0,0.0098080423860209
4140,0,patch_48_36,12288,12544,9216,9472,65536,MSAVI,0.0,65536,,,,
4141,0,patch_48_36,12288,12544,9216,9472,65536,NDVI,0.0,0,0.0,0.0,0.0,0.0098080423860209
4142,0,patch_48_37,12288,12544,9472,9728,65536,MSAVI,0.0,65536,,,,
4143,0,patch_48_37,12288,12544,9472,9728,65536,NDVI,0.0,0,0.0,0.0,0.0,0.0098080423860209
4144,0,patch_48_38,12288,12544,9728,9984,65536,MSAVI,0.0,65536,,,,
4145,0,patch_48_38,12288,12544,9728,9984,65536,NDVI,0.0,0,0.0,0.0,0.0,0.0098080423860209
4146,0,patch_48_39,12288,12544,9984,10240,65536,MSAVI,0.0,65536,,,,
4147,0,patch_48_39,12288,12544,9984,10240,65536,NDVI,0.0,0,0.0,0.0,0.0,0.0098080423860209
4148,0,patch_48_40,12288,12544,10240,10496,65536,MSAVI,0.0,65536,,,,
4149,0,patch_48_40,12288,12544,10240,10496,65536,NDVI,0.0,0,0.0,0.0,0.0,0.0098080423860209
4150,0,patch_48_41,12288,12544,10496,10752,65536,MSAVI,0.0,65536,,,,
4151,0,patch_48_41,12288,12544,10496,10752,65536,NDVI,0.0,0,0.0,0.0,0.0,0.0098080423860209
4152,0,patch_48_42,12288,12544,10752,11008,65536,MSAVI,0.0,65536,,,,
4153,0,patch_48_42,12288,12544,10752,11008,65536,NDVI,0.0,0,0.0,0.0,0.0,0.0098080423860209
4154,0,patch_48_43,12288,12544,11008,11264,65536,MSAVI,0.0,65536,,,,
4155,0,patch_48_43,12288,12544,11008,11264,65536,NDVI,0.0,0,0.0,0.0,0.0,0.0098080423860209
4156,0,patch_48_44,12288,12544,11264,11520,65536,MSAVI,0.0,65536,,,,
4157,0,patch_48_44,12288,12544,11264,11520,65536,NDVI,0.0,0,0.0,0.0,0.0,0.0098080423860209
4158,0,patch_48_45,12288,12544,11520,11776,65536,MSAVI,0.0,65536,,,,
4159,0,patch_48_45,12288,12544,11520,11776,65536,NDVI,0.0,0,0.0,0.0,0.0,0.0098080423860209
4160,0,patch_49_0,12544,12800,0,256,65536,MSAVI,0.0,65536,,,,
4161,0,patch_49_0,12544,12800,0,256,65536,NDVI,0.0,0,0.0,0.0,0.0,0.0098080423860209
4162,0,patch_49_1,12544,12800,256,512,65536,MSAVI,0.0,65536,,,,
4163,0,patch_49_1,12544,12800,256,512,65536,NDVI,0.0,0,0.0,0.0,0.0,0.0098080423860209
4164,0,patch_49_2,12544,12800,512,768,65536,MSAVI,0.0,65536,,,,
4165,0,patch_49_2,12544,12800,512,768,65536,NDVI,0.0,0,0.0,0.0,0.0,0.0098080423860209
4166,0,patch_49_3,12544,12800,768,1024,65536,MSAVI,0.0,65536,,,,
4167,0,patch_49_3,12544,12800,768,1024,65536,NDVI,0.0,0,0.0,0.0,0.0,0.0098080423860209
4168,0,patch_49_4,12544,12800,1024,1280,65536,MSAVI,0.0,65536,,,,
4169,0,patch_49_4,12544,12800,1024,1280,65536,NDVI,0.0,0,0.0,0.0,0.0,0.0098080423860209
4170,0,patch_49_5,12544,12800,1280,1536,65536,MSAVI,0.0,65536,,,,
4171,0,patch_49_5,12544,12800,1280,1536,65536,NDVI,0.0,0,0.0,0.0,0.0,0.0098080423860209
4172,0,patch_49_6,12544,12800,1536,1792,65536,MSAVI,0.0,65536,,,,
4173,0,patch_49_6,12544,12800,1536,1792,65536,NDVI,0.0,0,0.0,0.0,0.0,0.0098080423860209
4174,0,patch_49_7,12544,12800,1792,2048,65536,MSAVI,0.0,65536,,,,
4175,0,patch_49_7,12544,12800,1792,2048,65536,NDVI,0.0,0,0.0,0.0,0.0,0.0098080423860209
4176,0,patch_49_8,12544,12800,2048,2304,65536,MSAVI,0.0,65536,,,,
4177,0,patch_49_8,12544,12800,2048,2304,65536,NDVI,0.0,0,0.0,0.0,0.0,0.0098080423860209
4178,0,patch_49_9,12544,12800,2304,2560,65536,MSAVI,0.0,65536,,,,
4179,0,patch_49_9,12544,12800,2304,2560,65536,NDVI,0.0,0,0.0,0.0,0.0,0.0098080423860209
4180,0,patch_49_10,12544,12800,2560,2816,65536,MSAVI,0.0,65536,,,,
4181,0,patch_49_10,12544,12800,2560,2816,65536,NDVI,0.0,0,0.0,0.0,0.0,0.0098080423860209
4182,0,patch_49_11,12544,12800,2816,3072,65536,MSAVI,0.0,65536,,,,
4183,0,patch_49_11,12544,12800,2816,3072,65536,NDVI,0.0,0,0.0,0.0,0.0,0.0098080423860209
4184,0,patch_49_12,12544,12800,3072,3328,65536,MSAVI,0.0,65536,,,,
4185,0,patch_49_12,12544,12800,3072,3328,65536,NDVI,0.0,0,0.0,0.0,0.0,0.0098080423860209
4186,0,patch_49_13,12544,12800,3328,3584,65536,MSAVI,0.0,65536,,,,
4187,0,patch_49_13,12544,12800,3328,3584,65536,NDVI,0.0,0,0.0,0.0,0.0,0.0098080423860209
4188,0,patch_49_14,12544,12800,3584,3840,65536,MSAVI,0.0,65536,,,,
4189,0,patch_49_14,12544,12800,3584,3840,65536,NDVI,0.0,0,0.0,0.0,0.0,0.0098080423860209
4190,0,patch_49_15,12544,12800,3840,4096,65536,MSAVI,0.0,65536,,,,
4191,0,patch_49_15,12544,12800,3840,4096,65536,NDVI,0.0,0,0.0,0.0,0.0,0.0098080423860209
4194,0,patch_49_22,12544,12800,5632,5888,65536,MSAVI,0.0,65536,,,,
4195,0,patch_49_22,12544,12800,5632,5888,65536,NDVI,0.0,0,0.0,0.0,0.0,0.0098080423860209
4196,0,patch_49_23,12544,12800,5888,6144,65536,MSAVI,0.0,65536,,,,
4197,0,patch_49_23,12544,12800,5888,6144,65536,NDVI,0.0,0,0.0,0.0,0.0,0.0098080423860209
4198,0,patch_49_24,12544,12800,6144,6400,65536,MSAVI,0.0,65536,,,,
4199,0,patch_49_24,12544,12800,6144,6400,65536,NDVI,0.0,0,0.0,0.0,0.0,0.0098080423860209
4200,0,patch_49_25,12544,12800,6400,6656,65536,MSAVI,0.0,65536,,,,
4201,0,patch_49_25,12544,12800,6400,6656,65536,NDVI,0.0,0,0.0,0.0,0.0,0.0098080423860209
4202,0,patch_49_26,12544,12800,6656,6912,65536,MSAVI,0.0,65536,,,,
4203,0,patch_49_26,12544,12800,6656,6912,65536,NDVI,0.0,0,0.0,0.0,0.0,0.0098080423860209
4204,0,patch_49_27,12544,12800,6912,7168,65536,MSAVI,0.0,65536,,,,
4205,0,patch_49_27,12544,12800,6912,7168,65536,NDVI,0.0,0,0.0,0.0,0.0,0.0098080423860209
4206,0,patch_49_28,12544,12800,7168,7424,65536,MSAVI,0.0,65536,,,,
4207,0,patch_49_28,12544,12800,7168,7424,65536,NDVI,0.0,0,0.0,0.0,0.0,0.0098080423860209
4208,0,patch_49_29,12544,12800,7424,7680,65536,MSAVI,0.0,65536,,,,
4209,0,patch_49_29,12544,12800,7424,7680,65536,NDVI,0.0,0,0.0,0.0,0.0,0.0098080423860209
4210,0,patch_49_30,12544,12800,7680,7936,65536,MSAVI,0.0,65536,,,,
4211,0,patch_49_30,12544,12800,7680,7936,65536,NDVI,0.0,0,0.0,0.0,0.0,0.0098080423860209
4212,0,patch_49_31,12544,12800,7936,8192,65536,MSAVI,0.0,65536,,,,
4213,0,patch_49_31,12544,12800,7936,8192,65536,NDVI,0.0,0,0.0,0.0,0.0,0.0098080423860209
4214,0,patch_49_32,12544,12800,8192,8448,65536,MSAVI,0.0,65536,,,,
4215,0,patch_49_32,12544,12800,8192,8448,65536,NDVI,0.0,0,0.0,0.0,0.0,0.0098080423860209
4216,0,patch_49_33,12544,12800,8448,8704,65536,MSAVI,0.0,65536,,,,
4217,0,patch_49_33,12544,12800,8448,8704,65536,NDVI,0.0,0,0.0,0.0,0.0,0.0098080423860209
4218,0,patch_49_34,12544,12800,8704,8960,65536,MSAVI,0.0,65536,,,,
4219,0,patch_49_34,12544,12800,8704,8960,65536,NDVI,0.0,0,0.0,0.0,0.0,0.0098080423860209
4220,0,patch_49_35,12544,12800,8960,9216,65536,MSAVI,0.0,65536,,,,
4221,0,patch_49_35,12544,12800,8960,9216,65536,NDVI,0.0,0,0.0,0.0,0.0,0.0098080423860209
4222,0,patch_49_36,12544,12800,9216,9472,65536,MSAVI,0.0,65536,,,,
4223,0,patch_49_36,12544,12800,9216,9472,65536,NDVI,0.0,0,0.0,0.0,0.0,0.0098080423860209
4224,0,patch_49_37,12544,12800,9472,9728,65536,MSAVI,0.0,65536,,,,
4225,0,patch_49_37,12544,12800,9472,9728,65536,NDVI,0.0,0,0.0,0.0,0.0,0.0098080423860209
4226,0,patch_49_38,12544,12800,9728,9984,65536,MSAVI,0.0,65536,,,,
4227,0,patch_49_38,12544,12800,9728,9984,65536,NDVI,0.0,0,0.0,0.0,0.0,0.0098080423860209
4228,0,patch_49_39,12544,12800,9984,10240,65536,MSAVI,0.0,65536,,,,
4229,0,patch_49_39,12544,12800,9984,10240,65536,NDVI,0.0,0,0.0,0.0,0.0,0.0098080423860209
4230,0,patch_49_40,12544,12800,10240,10496,65536,MSAVI,0.0,65536,,,,
4231,0,patch_49_40,12544,12800,10240,10496,65536,NDVI,0.0,0,0.0,0.0,0.0,0.0098080423860209
4232,0,patch_49_41,12544,12800,10496,10752,65536,MSAVI,0.0,65536,,,,
4233,0,patch_49_41,12544,12800,10496,10752,65536,NDVI,0.0,0,0.0,0.0,0.0,0.0098080423860209
4234,0,patch_49_42,12544,12800,10752,11008,65536,MSAVI,0.0,65536,,,,
4235,0,patch_49_42,12544,12800,10752,11008,65536,NDVI,0.0,0,0.0,0.0,0.0,0.0098080423860209
4236,0,patch_49_43,12544,12800,11008,11264,65536,MSAVI,0.0,65536,,,,
4237,0,patch_49_43,12544,12800,11008,11264,65536,NDVI,0.0,0,0.0,0.0,0.0,0.0098080423860209
4238,0,patch_49_44,12544,12800,11264,11520,65536,MSAVI,0.0,65536,,,,
4239,0,patch_49_44,12544,12800,11264,11520,65536,NDVI,0.0,0,0.0,0.0,0.0,0.0098080423860209
4240,0,patch_49_45,12544,12800,11520,11776,65536,MSAVI,0.0,65536,,,,
4241,0,patch_49_45,12544,12800,11520,11776,65536,NDVI,0.0,0,0.0,0.0,0.0,0.0098080423860209
