,patch,start_vert,end_vert,start_horiz,end_horiz,Patch_Area,VegetationIndex,VI_Thresh,VI_Area,Pure_GaborArea,Pure_GaborThresh,LocalHistEq_GaborArea,LocalHistEq_GaborThresh
0,patch_0_0,0,256,0,256,65536,MSAVI,0.0,65536,,,,
0,patch_0_0,0,256,0,256,65536,NDVI,0.0,0,0,0.0,0,0.009808042386020944
0,patch_0_1,0,256,256,512,65536,MSAVI,0.0,65536,,,,
0,patch_0_1,0,256,256,512,65536,NDVI,0.0,0,0,0.0,0,0.009808042386020944
0,patch_0_2,0,256,512,768,65536,MSAVI,-0.12890625,63483,,,,
0,patch_0_2,0,256,512,768,65536,NDVI,-0.44140625,1917,0,0.0,0,0.009808042386020944
0,patch_0_3,0,256,768,1024,65536,MSAVI,-0.16015625,55551,,,,
0,patch_0_3,0,256,768,1024,65536,NDVI,-0.46484375,9380,0,0.0,0,0.009808042386020944
0,patch_0_4,0,256,1024,1280,65536,MSAVI,-0.35546875,45742,,,,
0,patch_0_4,0,256,1024,1280,65536,NDVI,-0.56640625,18803,0,0.0,0,0.009808042386020944
0,patch_0_5,0,256,1280,1536,65536,MSAVI,-0.37109375,40369,,,,
0,patch_0_5,0,256,1280,1536,65536,NDVI,-0.62890625,25164,0,0.0,0,0.009808042386020944
0,patch_0_6,0,256,1536,1792,65536,MSAVI,-0.33984375,42385,,,,
0,patch_0_6,0,256,1536,1792,65536,NDVI,-0.99609375,23151,0,0.0,0,0.009808042386020944
0,patch_0_7,0,256,1792,2048,65536,MSAVI,-0.32421875,36719,,,,
0,patch_0_7,0,256,1792,2048,65536,NDVI,-0.99609375,28817,0,0.0,0,0.009808042386020944
0,patch_0_8,0,256,2048,2304,65536,MSAVI,-0.13671875,43696,,,,
0,patch_0_8,0,256,2048,2304,65536,NDVI,-0.55078125,21838,0,0.0,0,0.009808042386020944
0,patch_0_15,0,256,3840,4096,65536,MSAVI,-0.11328125,57994,,,,
0,patch_0_15,0,256,3840,4096,65536,NDVI,-0.60546875,4228,0,0.0,0,0.009808042386020944
0,patch_0_16,0,256,4096,4352,65536,MSAVI,-0.42578125,47740,,,,
0,patch_0_16,0,256,4096,4352,65536,NDVI,-0.60546875,484,0,0.0,0,0.009808042386020944
0,patch_0_17,0,256,4352,4608,65536,MSAVI,-0.20703125,49876,,,,
0,patch_0_17,0,256,4352,4608,65536,NDVI,-0.58984375,10329,0,0.0,0,0.009808042386020944
0,patch_0_18,0,256,4608,4864,65536,MSAVI,-0.08203125,47680,,,,
0,patch_0_18,0,256,4608,4864,65536,NDVI,-0.54296875,13829,0,0.0,0,0.009808042386020944
0,patch_0_19,0,256,4864,5120,65536,MSAVI,-0.08984375,47328,,,,
0,patch_0_19,0,256,4864,5120,65536,NDVI,-0.59765625,9534,0,0.0,0,0.009808042386020944
0,patch_0_20,0,256,5120,5376,65536,MSAVI,0.05078125,57215,,,,
0,patch_0_20,0,256,5120,5376,65536,NDVI,-0.51171875,6223,0,0.0,0,0.009808042386020944
0,patch_0_21,0,256,5376,5632,65536,MSAVI,0.29296875,43031,,,,
0,patch_0_21,0,256,5376,5632,65536,NDVI,-0.68359375,19015,0,0.0,0,0.009808042386020944
0,patch_0_22,0,256,5632,5888,65536,MSAVI,-0.11328125,44490,,,,
0,patch_0_22,0,256,5632,5888,65536,NDVI,-0.57421875,14106,0,0.0,0,0.009808042386020944
0,patch_0_23,0,256,5888,6144,65536,MSAVI,0.08203125,42308,,,,
0,patch_0_23,0,256,5888,6144,65536,NDVI,-0.67578125,16134,0,0.0,0,0.009808042386020944
0,patch_0_24,0,256,6144,6400,65536,MSAVI,0.02734375,45656,,,,
0,patch_0_24,0,256,6144,6400,65536,NDVI,-0.66796875,17386,0,0.0,0,0.009808042386020944
0,patch_0_25,0,256,6400,6656,65536,MSAVI,-0.20703125,41614,,,,
0,patch_0_25,0,256,6400,6656,65536,NDVI,-0.69921875,8335,0,0.0,0,0.009808042386020944
0,patch_0_26,0,256,6656,6912,65536,MSAVI,-0.18359375,32282,,,,
0,patch_0_26,0,256,6656,6912,65536,NDVI,-0.44921875,8229,0,0.0,0,0.009808042386020944
0,patch_0_27,0,256,6912,7168,65536,MSAVI,-0.19921875,35017,,,,
0,patch_0_27,0,256,6912,7168,65536,NDVI,-0.54296875,8911,0,0.0,0,0.009808042386020944
0,patch_0_28,0,256,7168,7424,65536,MSAVI,-0.15234375,33565,,,,
0,patch_0_28,0,256,7168,7424,65536,NDVI,-0.55859375,10212,0,0.0,0,0.009808042386020944
0,patch_0_29,0,256,7424,7680,65536,MSAVI,-0.18359375,32426,,,,
0,patch_0_29,0,256,7424,7680,65536,NDVI,-0.60546875,47099,0,0.0,0,0.009808042386020944
0,patch_0_30,0,256,7680,7936,65536,MSAVI,-0.54296875,33617,,,,
0,patch_0_30,0,256,7680,7936,65536,NDVI,-0.80078125,46233,0,0.0,0,0.009808042386020944
0,patch_0_31,0,256,7936,8192,65536,MSAVI,-0.01171875,35235,,,,
0,patch_0_31,0,256,7936,8192,65536,NDVI,-0.59765625,7645,0,0.0,0,0.009808042386020944
0,patch_0_32,0,256,8192,8448,65536,MSAVI,-0.45703125,37453,,,,
0,patch_0_32,0,256,8192,8448,65536,NDVI,-0.64453125,6711,0,0.0,0,0.009808042386020944
0,patch_0_33,0,256,8448,8704,65536,MSAVI,-0.28515625,29111,,,,
0,patch_0_33,0,256,8448,8704,65536,NDVI,-0.55078125,9197,0,0.0,0,0.009808042386020944
0,patch_0_34,0,256,8704,8960,65536,MSAVI,-0.18359375,26101,,,,
0,patch_0_34,0,256,8704,8960,65536,NDVI,-0.41015625,6327,0,0.0,0,0.009808042386020944
0,patch_0_35,0,256,8960,9216,65536,MSAVI,-0.30859375,20067,,,,
0,patch_0_35,0,256,8960,9216,65536,NDVI,-0.54296875,4602,0,0.0,0,0.009808042386020944
0,patch_1_0,256,512,0,256,65536,MSAVI,-0.09765625,60646,,,,
0,patch_1_0,256,512,0,256,65536,NDVI,-0.48046875,4427,0,0.0,0,0.009808042386020944
0,patch_1_1,256,512,256,512,65536,MSAVI,-0.12890625,49764,,,,
0,patch_1_1,256,512,256,512,65536,NDVI,-0.41796875,14742,0,0.0,0,0.009808042386020944
0,patch_1_2,256,512,512,768,65536,MSAVI,-0.07421875,50632,,,,
0,patch_1_2,256,512,512,768,65536,NDVI,-0.43359375,13765,0,0.0,0,0.009808042386020944
0,patch_1_3,256,512,768,1024,65536,MSAVI,-0.24609375,45510,,,,
0,patch_1_3,256,512,768,1024,65536,NDVI,-0.47265625,18907,0,0.0,0,0.009808042386020944
0,patch_1_4,256,512,1024,1280,65536,MSAVI,-0.02734375,37378,,,,
0,patch_1_4,256,512,1024,1280,65536,NDVI,-0.51171875,28032,0,0.0,0,0.009808042386020944
0,patch_1_5,256,512,1280,1536,65536,MSAVI,-0.23828125,43869,,,,
0,patch_1_5,256,512,1280,1536,65536,NDVI,-0.99609375,21667,0,0.0,0,0.009808042386020944
0,patch_1_6,256,512,1536,1792,65536,MSAVI,-0.35546875,40156,,,,
0,patch_1_6,256,512,1536,1792,65536,NDVI,-0.76953125,24381,0,0.0,0,0.009808042386020944
0,patch_1_7,256,512,1792,2048,65536,MSAVI,-0.11328125,43371,,,,
0,patch_1_7,256,512,1792,2048,65536,NDVI,-0.99609375,22165,0,0.0,0,0.009808042386020944
0,patch_1_8,256,512,2048,2304,65536,MSAVI,-0.28515625,38691,,,,
0,patch_1_8,256,512,2048,2304,65536,NDVI,-0.99609375,26845,7902,0.013377895322825822,12116,0.020765270434811967
0,patch_1_9,256,512,2304,2560,65536,MSAVI,-0.16796875,42484,,,,
0,patch_1_9,256,512,2304,2560,65536,NDVI,-0.99609375,23052,13890,0.024446898007285306,14256,0.03102193141802642
0,patch_1_10,256,512,2560,2816,65536,MSAVI,-0.30859375,40775,,,,
0,patch_1_10,256,512,2560,2816,65536,NDVI,-0.63671875,24760,18741,0.024424463585370704,19522,0.03408176990934872
0,patch_1_11,256,512,2816,3072,65536,MSAVI,-0.20703125,46279,,,,
0,patch_1_11,256,512,2816,3072,65536,NDVI,-0.67578125,19095,10549,0.030315906161217238,10464,0.03660697994054485
0,patch_1_12,256,512,3072,3328,65536,MSAVI,0.14453125,34661,,,,
0,patch_1_12,256,512,3072,3328,65536,NDVI,-0.63671875,24741,9247,0.006821676161022722,15776,0.015037969827089853
0,patch_1_13,256,512,3328,3584,65536,MSAVI,-0.25390625,39312,,,,
0,patch_1_13,256,512,3328,3584,65536,NDVI,-0.70703125,19907,9482,0.01629210098725617,12279,0.022907477227048417
0,patch_1_14,256,512,3584,3840,65536,MSAVI,-0.19921875,38885,,,,
0,patch_1_14,256,512,3584,3840,65536,NDVI,-0.67578125,24198,16786,0.01927848502802365,18155,0.028628840422712798
0,patch_1_15,256,512,3840,4096,65536,MSAVI,-0.08203125,42693,,,,
0,patch_1_15,256,512,3840,4096,65536,NDVI,-0.71484375,9474,15578,0.022944511731953027,17269,0.03456407512416432
0,patch_1_16,256,512,4096,4352,65536,MSAVI,-0.12890625,57305,,,,
0,patch_1_16,256,512,4096,4352,65536,NDVI,-0.62109375,3784,4748,0.044017033197854966,4929,0.05568853236681698
0,patch_1_17,256,512,4352,4608,65536,MSAVI,-0.12890625,56284,,,,
0,patch_1_17,256,512,4352,4608,65536,NDVI,-0.62109375,4640,5698,0.038472153352691024,5785,0.04818318230513574
0,patch_1_18,256,512,4608,4864,65536,MSAVI,-0.20703125,43206,,,,
0,patch_1_18,256,512,4608,4864,65536,NDVI,-0.55078125,17551,0,0.0,0,0.009808042386020944
0,patch_1_19,256,512,4864,5120,65536,MSAVI,-0.07421875,42013,,,,
0,patch_1_19,256,512,4864,5120,65536,NDVI,-0.62890625,11994,0,0.0,0,0.009808042386020944
0,patch_1_20,256,512,5120,5376,65536,MSAVI,0.19921875,52382,,,,
0,patch_1_20,256,512,5120,5376,65536,NDVI,-0.61328125,6027,0,0.0,0,0.009808042386020944
0,patch_1_21,256,512,5376,5632,65536,MSAVI,-0.12890625,38323,,,,
0,patch_1_21,256,512,5376,5632,65536,NDVI,-0.66015625,17086,0,0.0,0,0.009808042386020944
0,patch_1_22,256,512,5632,5888,65536,MSAVI,0.23828125,43903,,,,
0,patch_1_22,256,512,5632,5888,65536,NDVI,-0.64453125,12371,0,0.0,0,0.009808042386020944
0,patch_1_23,256,512,5888,6144,65536,MSAVI,-0.31640625,38909,,,,
0,patch_1_23,256,512,5888,6144,65536,NDVI,-0.73828125,16610,0,0.0,0,0.009808042386020944
0,patch_1_24,256,512,6144,6400,65536,MSAVI,-0.17578125,34414,,,,
0,patch_1_24,256,512,6144,6400,65536,NDVI,-0.70703125,14624,0,0.0,0,0.009808042386020944
0,patch_1_25,256,512,6400,6656,65536,MSAVI,0.01171875,29416,,,,
0,patch_1_25,256,512,6400,6656,65536,NDVI,-0.44140625,10921,0,0.0,0,0.009808042386020944
0,patch_1_26,256,512,6656,6912,65536,MSAVI,0.13671875,34459,,,,
0,patch_1_26,256,512,6656,6912,65536,NDVI,-0.45703125,9808,0,0.0,0,0.009808042386020944
0,patch_1_27,256,512,6912,7168,65536,MSAVI,-0.14453125,34189,,,,
0,patch_1_27,256,512,6912,7168,65536,NDVI,-0.62890625,49190,0,0.0,0,0.009808042386020944
0,patch_1_28,256,512,7168,7424,65536,MSAVI,-0.27734375,38197,,,,
0,patch_1_28,256,512,7168,7424,65536,NDVI,-0.51171875,6140,0,0.0,0,0.009808042386020944
0,patch_1_29,256,512,7424,7680,65536,MSAVI,-0.34765625,39278,,,,
0,patch_1_29,256,512,7424,7680,65536,NDVI,-0.49609375,4224,0,0.0,0,0.009808042386020944
0,patch_1_30,256,512,7680,7936,65536,MSAVI,-0.26953125,35994,,,,
0,patch_1_30,256,512,7680,7936,65536,NDVI,-0.68359375,7441,0,0.0,0,0.009808042386020944
0,patch_1_31,256,512,7936,8192,65536,MSAVI,-0.40234375,33825,,,,
0,patch_1_31,256,512,7936,8192,65536,NDVI,-0.65234375,5373,0,0.0,0,0.009808042386020944
0,patch_1_32,256,512,8192,8448,65536,MSAVI,-0.33984375,34799,,,,
0,patch_1_32,256,512,8192,8448,65536,NDVI,-0.47265625,6143,0,0.0,0,0.009808042386020944
0,patch_1_33,256,512,8448,8704,65536,MSAVI,-0.15234375,32466,,,,
0,patch_1_33,256,512,8448,8704,65536,NDVI,-0.51953125,9604,0,0.0,0,0.009808042386020944
0,patch_1_34,256,512,8704,8960,65536,MSAVI,-0.28515625,38731,,,,
0,patch_1_34,256,512,8704,8960,65536,NDVI,-0.73046875,12060,0,0.0,0,0.009808042386020944
0,patch_1_35,256,512,8960,9216,65536,MSAVI,-0.16796875,32768,,,,
0,patch_1_35,256,512,8960,9216,65536,NDVI,-0.45703125,7398,0,0.0,0,0.009808042386020944
0,patch_2_0,512,768,0,256,65536,MSAVI,-0.21484375,57436,,,,
0,patch_2_0,512,768,0,256,65536,NDVI,-0.65234375,4215,0,0.0,0,0.009808042386020944
0,patch_2_1,512,768,256,512,65536,MSAVI,-0.23046875,45140,,,,
0,patch_2_1,512,768,256,512,65536,NDVI,-0.42578125,19175,0,0.0,0,0.009808042386020944
0,patch_2_2,512,768,512,768,65536,MSAVI,-0.24609375,42253,,,,
0,patch_2_2,512,768,512,768,65536,NDVI,-0.51171875,20117,0,0.0,0,0.009808042386020944
0,patch_2_3,512,768,768,1024,65536,MSAVI,-0.19921875,47200,,,,
0,patch_2_3,512,768,768,1024,65536,NDVI,-0.62890625,13856,0,0.0,0,0.009808042386020944
0,patch_2_4,512,768,1024,1280,65536,MSAVI,-0.26171875,40830,,,,
0,patch_2_4,512,768,1024,1280,65536,NDVI,-0.65234375,21840,0,0.0,0,0.009808042386020944
0,patch_2_5,512,768,1280,1536,65536,MSAVI,-0.36328125,42560,,,,
0,patch_2_5,512,768,1280,1536,65536,NDVI,-0.61328125,19852,0,0.0,0,0.009808042386020944
0,patch_2_6,512,768,1536,1792,65536,MSAVI,-0.19140625,43069,,,,
0,patch_2_6,512,768,1536,1792,65536,NDVI,-0.60546875,22467,0,0.0,0,0.009808042386020944
0,patch_2_7,512,768,1792,2048,65536,MSAVI,-0.25390625,40293,,,,
0,patch_2_7,512,768,1792,2048,65536,NDVI,-0.73828125,25188,13896,0.01821290241481921,16855,0.02722744859335058
0,patch_2_8,512,768,2048,2304,65536,MSAVI,-0.26953125,41137,,,,
0,patch_2_8,512,768,2048,2304,65536,NDVI,-0.71484375,22287,8996,0.017466156921176784,11225,0.025723650393792735
0,patch_2_9,512,768,2304,2560,65536,MSAVI,-0.32421875,45676,,,,
0,patch_2_9,512,768,2304,2560,65536,NDVI,-0.72265625,19826,9594,0.027983933699382957,9852,0.033043957899245885
0,patch_2_10,512,768,2560,2816,65536,MSAVI,-0.12109375,46587,,,,
0,patch_2_10,512,768,2560,2816,65536,NDVI,-0.99609375,18949,12851,0.026976838632325417,13213,0.03855478962267708
0,patch_2_11,512,768,2816,3072,65536,MSAVI,-0.06640625,37177,,,,
0,patch_2_11,512,768,2816,3072,65536,NDVI,-0.66796875,20201,13691,0.014078188641783701,15595,0.02234460854695941
0,patch_2_12,512,768,3072,3328,65536,MSAVI,-0.05078125,33589,,,,
0,patch_2_12,512,768,3072,3328,65536,NDVI,-0.66015625,17765,14521,0.005114384799136201,22854,0.017589070669502382
0,patch_2_13,512,768,3328,3584,65536,MSAVI,-0.07421875,40011,,,,
0,patch_2_13,512,768,3328,3584,65536,NDVI,-0.73828125,18879,13696,0.01788540003407152,15046,0.02612879852125058
0,patch_2_14,512,768,3584,3840,65536,MSAVI,-0.18359375,49292,,,,
0,patch_2_14,512,768,3584,3840,65536,NDVI,-0.67578125,16155,10250,0.032143201844856084,10856,0.04347830320459184
0,patch_2_15,512,768,3840,4096,65536,MSAVI,-0.01953125,38528,,,,
0,patch_2_15,512,768,3840,4096,65536,NDVI,-0.65234375,16306,16873,0.017477778889222445,19884,0.026556113599325942
0,patch_2_16,512,768,4096,4352,65536,MSAVI,0.03515625,39665,,,,
0,patch_2_16,512,768,4096,4352,65536,NDVI,-0.65234375,11554,15498,0.02058414096367045,17449,0.026847461455948213
0,patch_2_17,512,768,4352,4608,65536,MSAVI,-0.40234375,48095,,,,
0,patch_2_17,512,768,4352,4608,65536,NDVI,-0.73046875,4335,12228,0.03084297430231492,12732,0.0401790901433558
0,patch_2_18,512,768,4608,4864,65536,MSAVI,-0.16015625,47154,,,,
0,patch_2_18,512,768,4608,4864,65536,NDVI,-0.57421875,9386,9259,0.027407618161335162,9939,0.038138541274369775
0,patch_2_19,512,768,4864,5120,65536,MSAVI,0.15234375,40197,,,,
0,patch_2_19,512,768,4864,5120,65536,NDVI,-0.61328125,10280,10243,0.015777100018926266,11608,0.023213626583223984
0,patch_2_20,512,768,5120,5376,65536,MSAVI,0.06640625,41603,,,,
0,patch_2_20,512,768,5120,5376,65536,NDVI,-0.66015625,11394,13105,0.01858959930914736,16150,0.028411198192530296
0,patch_2_21,512,768,5376,5632,65536,MSAVI,0.16015625,39973,,,,
0,patch_2_21,512,768,5376,5632,65536,NDVI,-0.59765625,11355,18506,0.016217314779542413,20543,0.0282546884565619
0,patch_2_22,512,768,5632,5888,65536,MSAVI,-0.08984375,42933,,,,
0,patch_2_22,512,768,5632,5888,65536,NDVI,-0.62890625,10469,0,0.0,0,0.009808042386020944
0,patch_2_23,512,768,5888,6144,65536,MSAVI,-0.19921875,38076,,,,
0,patch_2_23,512,768,5888,6144,65536,NDVI,-0.69140625,11894,0,0.0,0,0.009808042386020944
0,patch_2_24,512,768,6144,6400,65536,MSAVI,-0.00390625,38115,,,,
0,patch_2_24,512,768,6144,6400,65536,NDVI,-0.66015625,13405,0,0.0,0,0.009808042386020944
0,patch_2_25,512,768,6400,6656,65536,MSAVI,-0.19140625,30231,,,,
0,patch_2_25,512,768,6400,6656,65536,NDVI,-0.58984375,10842,0,0.0,0,0.009808042386020944
0,patch_2_26,512,768,6656,6912,65536,MSAVI,-0.12890625,28104,,,,
0,patch_2_26,512,768,6656,6912,65536,NDVI,-0.41796875,11181,0,0.0,0,0.009808042386020944
0,patch_2_27,512,768,6912,7168,65536,MSAVI,-0.23046875,36109,,,,
0,patch_2_27,512,768,6912,7168,65536,NDVI,-0.54296875,8466,0,0.0,0,0.009808042386020944
0,patch_2_28,512,768,7168,7424,65536,MSAVI,-0.25390625,33697,,,,
0,patch_2_28,512,768,7168,7424,65536,NDVI,-0.56640625,9108,0,0.0,0,0.009808042386020944
0,patch_2_29,512,768,7424,7680,65536,MSAVI,-0.48046875,39908,,,,
0,patch_2_29,512,768,7424,7680,65536,NDVI,-0.48046875,2830,0,0.0,0,0.009808042386020944
0,patch_2_30,512,768,7680,7936,65536,MSAVI,-0.51953125,38203,,,,
0,patch_2_30,512,768,7680,7936,65536,NDVI,-0.73828125,6399,0,0.0,0,0.009808042386020944
0,patch_2_31,512,768,7936,8192,65536,MSAVI,-0.48828125,41071,,,,
0,patch_2_31,512,768,7936,8192,65536,NDVI,-0.65234375,7782,0,0.0,0,0.009808042386020944
0,patch_2_32,512,768,8192,8448,65536,MSAVI,-0.22265625,35392,,,,
0,patch_2_32,512,768,8192,8448,65536,NDVI,-0.51171875,6081,0,0.0,0,0.009808042386020944
0,patch_2_33,512,768,8448,8704,65536,MSAVI,-0.05859375,29736,,,,
0,patch_2_33,512,768,8448,8704,65536,NDVI,-0.60546875,46739,0,0.0,0,0.009808042386020944
0,patch_2_34,512,768,8704,8960,65536,MSAVI,-0.26953125,36580,,,,
0,patch_2_34,512,768,8704,8960,65536,NDVI,-0.41796875,2526,0,0.0,0,0.009808042386020944
0,patch_2_35,512,768,8960,9216,65536,MSAVI,-0.17578125,31751,,,,
0,patch_2_35,512,768,8960,9216,65536,NDVI,-0.57421875,46566,0,0.0,0,0.009808042386020944
0,patch_3_0,768,1024,0,256,65536,MSAVI,-0.32421875,59662,,,,
0,patch_3_0,768,1024,0,256,65536,NDVI,-0.51171875,2148,0,0.0,0,0.009808042386020944
0,patch_3_1,768,1024,256,512,65536,MSAVI,-0.17578125,49224,,,,
0,patch_3_1,768,1024,256,512,65536,NDVI,-0.46484375,14832,0,0.0,0,0.009808042386020944
0,patch_3_2,768,1024,512,768,65536,MSAVI,-0.13671875,56057,,,,
0,patch_3_2,768,1024,512,768,65536,NDVI,-0.37890625,8286,0,0.0,0,0.009808042386020944
0,patch_3_3,768,1024,768,1024,65536,MSAVI,-0.19921875,49130,,,,
0,patch_3_3,768,1024,768,1024,65536,NDVI,-0.51171875,12807,0,0.0,0,0.009808042386020944
0,patch_3_4,768,1024,1024,1280,65536,MSAVI,-0.39453125,55371,,,,
0,patch_3_4,768,1024,1024,1280,65536,NDVI,-0.67578125,4412,0,0.0,0,0.009808042386020944
0,patch_3_5,768,1024,1280,1536,65536,MSAVI,-0.26171875,54070,,,,
0,patch_3_5,768,1024,1280,1536,65536,NDVI,-0.65234375,4366,0,0.0,0,0.009808042386020944
0,patch_3_6,768,1024,1536,1792,65536,MSAVI,-0.13671875,44909,,,,
0,patch_3_6,768,1024,1536,1792,65536,NDVI,-0.63671875,10489,0,0.0,0,0.009808042386020944
0,patch_3_7,768,1024,1792,2048,65536,MSAVI,-0.30078125,40984,,,,
0,patch_3_7,768,1024,1792,2048,65536,NDVI,-0.66015625,18096,18103,0.022190194273048996,18663,0.030379708367754582
0,patch_3_8,768,1024,2048,2304,65536,MSAVI,-0.36328125,42463,,,,
0,patch_3_8,768,1024,2048,2304,65536,NDVI,-0.73828125,16129,6075,0.015060142165298301,8985,0.02519751357771638
0,patch_3_9,768,1024,2304,2560,65536,MSAVI,-0.34765625,45890,,,,
0,patch_3_9,768,1024,2304,2560,65536,NDVI,-0.68359375,19637,15329,0.027278692303010554,15857,0.03828312496349484
0,patch_3_10,768,1024,2560,2816,65536,MSAVI,0.04296875,43803,,,,
0,patch_3_10,768,1024,2560,2816,65536,NDVI,-0.99609375,21733,15444,0.021903091823162274,16820,0.03682423431979895
0,patch_3_11,768,1024,2816,3072,65536,MSAVI,-0.12890625,40169,,,,
0,patch_3_11,768,1024,2816,3072,65536,NDVI,-0.73046875,21204,12698,0.017928583449917906,14785,0.024469459752015643
0,patch_3_12,768,1024,3072,3328,65536,MSAVI,0.05859375,37258,,,,
0,patch_3_12,768,1024,3072,3328,65536,NDVI,-0.70703125,12415,10898,0.009662706040596158,14823,0.018222163710511885
0,patch_3_13,768,1024,3328,3584,65536,MSAVI,0.22265625,40801,,,,
0,patch_3_13,768,1024,3328,3584,65536,NDVI,-0.73828125,10372,9378,0.01461477188514948,12346,0.024484850988232137
0,patch_3_14,768,1024,3584,3840,65536,MSAVI,-0.21484375,44209,,,,
0,patch_3_14,768,1024,3584,3840,65536,NDVI,-0.73046875,12137,7129,0.0210632907325099,9433,0.03046160352510152
0,patch_3_15,768,1024,3840,4096,65536,MSAVI,-0.23828125,44143,,,,
0,patch_3_15,768,1024,3840,4096,65536,NDVI,-0.73046875,9439,6109,0.02063525116037923,7517,0.025754978787057153
0,patch_3_16,768,1024,4096,4352,65536,MSAVI,-0.13671875,38601,,,,
0,patch_3_16,768,1024,4096,4352,65536,NDVI,-0.67578125,8443,11120,0.016557694673791035,14280,0.02333096709764193
0,patch_3_17,768,1024,4352,4608,65536,MSAVI,-0.03515625,35710,,,,
0,patch_3_17,768,1024,4352,4608,65536,NDVI,-0.66015625,7428,11661,0.011892448358840152,14730,0.017030787493914734
0,patch_3_18,768,1024,4608,4864,65536,MSAVI,-0.23046875,43850,,,,
0,patch_3_18,768,1024,4608,4864,65536,NDVI,-0.68359375,8587,10708,0.027684043743000153,11179,0.03314129934726592
0,patch_3_19,768,1024,4864,5120,65536,MSAVI,-0.06640625,44686,,,,
0,patch_3_19,768,1024,4864,5120,65536,NDVI,-0.71484375,9952,8224,0.025600927822530817,8870,0.033388587720854374
0,patch_3_20,768,1024,5120,5376,65536,MSAVI,-0.33984375,48385,,,,
0,patch_3_20,768,1024,5120,5376,65536,NDVI,-0.75390625,6083,12993,0.03451573036277278,12949,0.04326079812408298
0,patch_3_21,768,1024,5376,5632,65536,MSAVI,-0.19140625,42200,,,,
0,patch_3_21,768,1024,5376,5632,65536,NDVI,-0.66015625,12353,11476,0.021191203243238976,12262,0.027578526514180385
0,patch_3_22,768,1024,5632,5888,65536,MSAVI,0.01171875,39706,,,,
0,patch_3_22,768,1024,5632,5888,65536,NDVI,-0.70703125,12565,12375,0.015905434577684036,15270,0.024860693535225215
0,patch_3_23,768,1024,5888,6144,65536,MSAVI,-0.08203125,38737,,,,
0,patch_3_23,768,1024,5888,6144,65536,NDVI,-0.70703125,12177,13542,0.014234192689751873,16922,0.02323472369222393
0,patch_3_24,768,1024,6144,6400,65536,MSAVI,0.04296875,35874,,,,
0,patch_3_24,768,1024,6144,6400,65536,NDVI,-0.48828125,8238,13641,0.009571301459676856,18774,0.018774243483639153
0,patch_3_25,768,1024,6400,6656,65536,MSAVI,-0.11328125,28847,,,,
0,patch_3_25,768,1024,6400,6656,65536,NDVI,-0.63671875,46184,0,0.0,0,0.009808042386020944
0,patch_3_26,768,1024,6656,6912,65536,MSAVI,-0.47265625,35710,,,,
0,patch_3_26,768,1024,6656,6912,65536,NDVI,-0.64453125,6212,0,0.0,0,0.009808042386020944
0,patch_3_27,768,1024,6912,7168,65536,MSAVI,-0.07421875,32227,,,,
0,patch_3_27,768,1024,6912,7168,65536,NDVI,-0.55078125,7632,0,0.0,0,0.009808042386020944
0,patch_3_28,768,1024,7168,7424,65536,MSAVI,-0.39453125,32305,,,,
0,patch_3_28,768,1024,7168,7424,65536,NDVI,-0.66796875,8021,0,0.0,0,0.009808042386020944
0,patch_3_29,768,1024,7424,7680,65536,MSAVI,-0.16015625,32885,,,,
0,patch_3_29,768,1024,7424,7680,65536,NDVI,-0.57421875,44191,0,0.0,0,0.009808042386020944
0,patch_3_30,768,1024,7680,7936,65536,MSAVI,-0.42578125,32171,,,,
0,patch_3_30,768,1024,7680,7936,65536,NDVI,-0.50390625,7193,0,0.0,0,0.009808042386020944
0,patch_3_31,768,1024,7936,8192,65536,MSAVI,-0.45703125,36056,,,,
0,patch_3_31,768,1024,7936,8192,65536,NDVI,-0.67578125,5685,0,0.0,0,0.009808042386020944
0,patch_3_32,768,1024,8192,8448,65536,MSAVI,-0.26171875,32603,,,,
0,patch_3_32,768,1024,8192,8448,65536,NDVI,-0.55078125,44704,0,0.0,0,0.009808042386020944
0,patch_3_33,768,1024,8448,8704,65536,MSAVI,-0.21484375,25723,,,,
0,patch_3_33,768,1024,8448,8704,65536,NDVI,-0.57421875,39216,0,0.0,0,0.009808042386020944
0,patch_3_34,768,1024,8704,8960,65536,MSAVI,0.14453125,34927,,,,
0,patch_3_34,768,1024,8704,8960,65536,NDVI,-0.55859375,7545,0,0.0,0,0.009808042386020944
0,patch_3_35,768,1024,8960,9216,65536,MSAVI,-0.26953125,31393,,,,
0,patch_3_35,768,1024,8960,9216,65536,NDVI,-0.48046875,6982,0,0.0,0,0.009808042386020944
0,patch_4_0,1024,1280,0,256,65536,MSAVI,-0.26171875,58469,,,,
0,patch_4_0,1024,1280,0,256,65536,NDVI,-0.57421875,1691,0,0.0,0,0.009808042386020944
0,patch_4_1,1024,1280,256,512,65536,MSAVI,-0.20703125,58178,,,,
0,patch_4_1,1024,1280,256,512,65536,NDVI,-0.45703125,6042,0,0.0,0,0.009808042386020944
0,patch_4_2,1024,1280,512,768,65536,MSAVI,-0.26171875,42857,,,,
0,patch_4_2,1024,1280,512,768,65536,NDVI,-0.49609375,19894,0,0.0,0,0.009808042386020944
0,patch_4_3,1024,1280,768,1024,65536,MSAVI,-0.21484375,50017,,,,
0,patch_4_3,1024,1280,768,1024,65536,NDVI,-0.56640625,12306,0,0.0,0,0.009808042386020944
0,patch_4_4,1024,1280,1024,1280,65536,MSAVI,-0.44921875,50139,,,,
0,patch_4_4,1024,1280,1024,1280,65536,NDVI,-0.69140625,3759,0,0.0,0,0.009808042386020944
0,patch_4_5,1024,1280,1280,1536,65536,MSAVI,-0.46484375,39551,,,,
0,patch_4_5,1024,1280,1280,1536,65536,NDVI,-0.78515625,47261,0,0.0,0,0.009808042386020944
0,patch_4_6,1024,1280,1536,1792,65536,MSAVI,-0.41015625,57172,,,,
0,patch_4_6,1024,1280,1536,1792,65536,NDVI,-0.69140625,2633,0,0.0,0,0.009808042386020944
0,patch_4_7,1024,1280,1792,2048,65536,MSAVI,-0.20703125,50853,,,,
0,patch_4_7,1024,1280,1792,2048,65536,NDVI,-0.68359375,6494,7821,0.03190778433298874,8284,0.04435832794899952
0,patch_4_8,1024,1280,2048,2304,65536,MSAVI,0.02734375,41519,,,,
0,patch_4_8,1024,1280,2048,2304,65536,NDVI,-0.71484375,18489,7687,0.017502895067684793,9470,0.02602651008226095
0,patch_4_9,1024,1280,2304,2560,65536,MSAVI,-0.05859375,43680,,,,
0,patch_4_9,1024,1280,2304,2560,65536,NDVI,-0.76171875,16457,10757,0.02406355340125066,12901,0.031583600884482255
0,patch_4_10,1024,1280,2560,2816,65536,MSAVI,-0.23828125,46368,,,,
0,patch_4_10,1024,1280,2560,2816,65536,NDVI,-0.99609375,19168,10542,0.03136589752658411,11508,0.03981632136398744
0,patch_4_11,1024,1280,2816,3072,65536,MSAVI,-0.30859375,42681,,,,
0,patch_4_11,1024,1280,2816,3072,65536,NDVI,-0.76953125,22525,12837,0.024923306608633816,14532,0.03239062905228235
0,patch_4_12,1024,1280,3072,3328,65536,MSAVI,-0.19921875,39383,,,,
0,patch_4_12,1024,1280,3072,3328,65536,NDVI,-0.71484375,16013,12062,0.013568356240842877,13773,0.01972488591870092
0,patch_4_13,1024,1280,3328,3584,65536,MSAVI,-0.25390625,49886,,,,
0,patch_4_13,1024,1280,3328,3584,65536,NDVI,-0.69140625,8528,11437,0.0353124358367278,11690,0.044495653039489935
0,patch_4_14,1024,1280,3584,3840,65536,MSAVI,-0.26953125,41767,,,,
0,patch_4_14,1024,1280,3584,3840,65536,NDVI,-0.70703125,5457,7531,0.019006527791261912,8989,0.023919783893590646
0,patch_4_15,1024,1280,3840,4096,65536,MSAVI,-0.21484375,38874,,,,
0,patch_4_15,1024,1280,3840,4096,65536,NDVI,-0.81640625,7982,7904,0.01276551019855307,11508,0.02021928851647556
0,patch_4_16,1024,1280,4096,4352,65536,MSAVI,-0.00390625,39834,,,,
0,patch_4_16,1024,1280,4096,4352,65536,NDVI,-0.64453125,15014,14168,0.018981389580522312,17627,0.029005678146569985
0,patch_4_17,1024,1280,4352,4608,65536,MSAVI,-0.08203125,39211,,,,
0,patch_4_17,1024,1280,4352,4608,65536,NDVI,-0.60546875,10093,12911,0.01886346193422847,15052,0.026479336744366366
0,patch_4_18,1024,1280,4608,4864,65536,MSAVI,-0.39453125,39603,,,,
0,patch_4_18,1024,1280,4608,4864,65536,NDVI,-0.72265625,10209,14520,0.02048740288114098,16697,0.028782968405438675
0,patch_4_19,1024,1280,4864,5120,65536,MSAVI,-0.11328125,40818,,,,
0,patch_4_19,1024,1280,4864,5120,65536,NDVI,-0.62109375,5593,13850,0.020943613340644734,15276,0.028514302582749285
0,patch_4_20,1024,1280,5120,5376,65536,MSAVI,0.00390625,44299,,,,
0,patch_4_20,1024,1280,5120,5376,65536,NDVI,-0.65234375,8363,12141,0.024206462312382077,12482,0.032654916592985445
0,patch_4_21,1024,1280,5376,5632,65536,MSAVI,0.08203125,41747,,,,
0,patch_4_21,1024,1280,5376,5632,65536,NDVI,-0.63671875,15430,13864,0.021697711659051933,16173,0.031229370306829124
0,patch_4_22,1024,1280,5632,5888,65536,MSAVI,-0.08203125,39344,,,,
0,patch_4_22,1024,1280,5632,5888,65536,NDVI,-0.68359375,10079,13095,0.016227051702521478,15541,0.023958567756214327
0,patch_4_23,1024,1280,5888,6144,65536,MSAVI,-0.20703125,50983,,,,
0,patch_4_23,1024,1280,5888,6144,65536,NDVI,-0.64453125,8173,9311,0.03376560490918715,9677,0.04846796893807792
0,patch_4_24,1024,1280,6144,6400,65536,MSAVI,-0.05859375,32963,,,,
0,patch_4_24,1024,1280,6144,6400,65536,NDVI,-0.64453125,8426,9365,0.0030678062720153887,20613,0.015435685768821844
0,patch_4_25,1024,1280,6400,6656,65536,MSAVI,-0.16015625,23164,,,,
0,patch_4_25,1024,1280,6400,6656,65536,NDVI,-0.63671875,42552,624,-0.013899965467825875,65044,0.007628770670970814
0,patch_4_26,1024,1280,6656,6912,65536,MSAVI,-0.37109375,38758,,,,
0,patch_4_26,1024,1280,6656,6912,65536,NDVI,-0.68359375,5954,12401,0.013188320590718977,14199,0.02342034427713824
0,patch_4_27,1024,1280,6912,7168,65536,MSAVI,0.07421875,35814,,,,
0,patch_4_27,1024,1280,6912,7168,65536,NDVI,-0.64453125,16239,16960,0.009589926387227651,21098,0.020078574846834757
0,patch_4_28,1024,1280,7168,7424,65536,MSAVI,0.08984375,34253,,,,
0,patch_4_28,1024,1280,7168,7424,65536,NDVI,-0.73046875,12401,0,0.0,0,0.009808042386020944
0,patch_4_29,1024,1280,7424,7680,65536,MSAVI,-0.48828125,19614,,,,
0,patch_4_29,1024,1280,7424,7680,65536,NDVI,-0.62109375,9789,0,0.0,0,0.009808042386020944
0,patch_4_30,1024,1280,7680,7936,65536,MSAVI,-0.51171875,33979,,,,
0,patch_4_30,1024,1280,7680,7936,65536,NDVI,-0.69140625,45971,0,0.0,0,0.009808042386020944
0,patch_4_31,1024,1280,7936,8192,65536,MSAVI,-0.26171875,34142,,,,
0,patch_4_31,1024,1280,7936,8192,65536,NDVI,-0.61328125,45204,0,0.0,0,0.009808042386020944
0,patch_4_32,1024,1280,8192,8448,65536,MSAVI,-0.12109375,36341,,,,
0,patch_4_32,1024,1280,8192,8448,65536,NDVI,-0.68359375,47871,0,0.0,0,0.009808042386020944
0,patch_4_33,1024,1280,8448,8704,65536,MSAVI,-0.26171875,31211,,,,
0,patch_4_33,1024,1280,8448,8704,65536,NDVI,-0.68359375,40477,0,0.0,0,0.009808042386020944
0,patch_4_34,1024,1280,8704,8960,65536,MSAVI,-0.30078125,35277,,,,
0,patch_4_34,1024,1280,8704,8960,65536,NDVI,-0.59765625,46738,0,0.0,0,0.009808042386020944
0,patch_4_35,1024,1280,8960,9216,65536,MSAVI,-0.20703125,31481,,,,
0,patch_4_35,1024,1280,8960,9216,65536,NDVI,-0.53515625,40535,0,0.0,0,0.009808042386020944
0,patch_5_0,1280,1536,0,256,65536,MSAVI,-0.34765625,59780,,,,
0,patch_5_0,1280,1536,0,256,65536,NDVI,-0.45703125,4386,0,0.0,0,0.009808042386020944
0,patch_5_1,1280,1536,256,512,65536,MSAVI,-0.21484375,40772,,,,
0,patch_5_1,1280,1536,256,512,65536,NDVI,-0.46484375,24264,0,0.0,0,0.009808042386020944
0,patch_5_2,1280,1536,512,768,65536,MSAVI,-0.24609375,52107,,,,
0,patch_5_2,1280,1536,512,768,65536,NDVI,-0.51171875,12118,0,0.0,0,0.009808042386020944
0,patch_5_3,1280,1536,768,1024,65536,MSAVI,-0.22265625,57993,,,,
0,patch_5_3,1280,1536,768,1024,65536,NDVI,-0.65234375,2419,0,0.0,0,0.009808042386020944
0,patch_5_4,1280,1536,1024,1280,65536,MSAVI,-0.26171875,47795,,,,
0,patch_5_4,1280,1536,1024,1280,65536,NDVI,-0.55859375,1209,0,0.0,0,0.009808042386020944
0,patch_5_5,1280,1536,1280,1536,65536,MSAVI,-0.22265625,50565,,,,
0,patch_5_5,1280,1536,1280,1536,65536,NDVI,-0.55859375,1634,0,0.0,0,0.009808042386020944
0,patch_5_6,1280,1536,1536,1792,65536,MSAVI,-0.06640625,47172,,,,
0,patch_5_6,1280,1536,1536,1792,65536,NDVI,-0.47265625,1529,0,0.0,0,0.009808042386020944
0,patch_5_7,1280,1536,1792,2048,65536,MSAVI,-0.33984375,53187,,,,
0,patch_5_7,1280,1536,1792,2048,65536,NDVI,-0.75390625,5004,9483,0.03588308644070959,9622,0.0486744168296776
0,patch_5_8,1280,1536,2048,2304,65536,MSAVI,0.02734375,40502,,,,
0,patch_5_8,1280,1536,2048,2304,65536,NDVI,-0.66015625,13258,17941,0.021919392657113845,18716,0.03424773802016712
0,patch_5_9,1280,1536,2304,2560,65536,MSAVI,-0.16015625,45095,,,,
0,patch_5_9,1280,1536,2304,2560,65536,NDVI,-0.71484375,20402,14052,0.022363952214440014,15748,0.03358028367430482
0,patch_5_10,1280,1536,2560,2816,65536,MSAVI,-0.23828125,52274,,,,
0,patch_5_10,1280,1536,2560,2816,65536,NDVI,-0.67578125,13225,9121,0.03181337663016934,9653,0.045002046634539744
0,patch_5_11,1280,1536,2816,3072,65536,MSAVI,-0.22265625,39163,,,,
0,patch_5_11,1280,1536,2816,3072,65536,NDVI,-0.76171875,10432,13404,0.01567429112137289,16794,0.025726343572615135
0,patch_5_12,1280,1536,3072,3328,65536,MSAVI,-0.17578125,41945,,,,
0,patch_5_12,1280,1536,3072,3328,65536,NDVI,-0.77734375,14328,9648,0.022382176424040612,12320,0.02955006631139373
0,patch_5_13,1280,1536,3328,3584,65536,MSAVI,-0.21484375,41440,,,,
0,patch_5_13,1280,1536,3328,3584,65536,NDVI,-0.77734375,14686,9951,0.020550273822040416,12530,0.026068147950071174
0,patch_5_14,1280,1536,3584,3840,65536,MSAVI,0.11328125,34089,,,,
0,patch_5_14,1280,1536,3584,3840,65536,NDVI,-0.60546875,8328,16736,0.00898135822069518,22089,0.018564291361303803
0,patch_5_15,1280,1536,3840,4096,65536,MSAVI,-0.19140625,34817,,,,
0,patch_5_15,1280,1536,3840,4096,65536,NDVI,-0.67578125,8717,9255,0.007438035219194283,13768,0.016053088073050448
0,patch_5_16,1280,1536,4096,4352,65536,MSAVI,-0.22265625,42456,,,,
0,patch_5_16,1280,1536,4096,4352,65536,NDVI,-0.71484375,9007,10751,0.021658020718834686,12766,0.030174994885305395
0,patch_5_17,1280,1536,4352,4608,65536,MSAVI,-0.16796875,36041,,,,
0,patch_5_17,1280,1536,4352,4608,65536,NDVI,-0.62890625,10639,10871,0.008008589299589641,16209,0.017359319623658193
0,patch_5_18,1280,1536,4608,4864,65536,MSAVI,-0.23828125,38669,,,,
0,patch_5_18,1280,1536,4608,4864,65536,NDVI,-0.75390625,12586,6458,0.01103616904798288,9863,0.018091362146614054
0,patch_5_19,1280,1536,4864,5120,65536,MSAVI,-0.01953125,37217,,,,
0,patch_5_19,1280,1536,4864,5120,65536,NDVI,-0.72265625,11453,9260,0.010523569442226433,14375,0.018447445384268957
0,patch_5_20,1280,1536,5120,5376,65536,MSAVI,-0.28515625,37500,,,,
0,patch_5_20,1280,1536,5120,5376,65536,NDVI,-0.61328125,6025,8813,0.011742777561671525,10996,0.01774302654562379
0,patch_5_21,1280,1536,5376,5632,65536,MSAVI,-0.16796875,41761,,,,
0,patch_5_21,1280,1536,5376,5632,65536,NDVI,-0.63671875,6882,11184,0.022844828311334664,12558,0.028217798873586025
0,patch_5_22,1280,1536,5632,5888,65536,MSAVI,-0.09765625,35347,,,,
0,patch_5_22,1280,1536,5632,5888,65536,NDVI,-0.63671875,9972,11476,0.009037814317893883,18176,0.019733656047465076
0,patch_5_23,1280,1536,5888,6144,65536,MSAVI,-0.21484375,41058,,,,
0,patch_5_23,1280,1536,5888,6144,65536,NDVI,-0.73046875,8410,10665,0.020134759033122118,11541,0.02616022755391767
0,patch_5_24,1280,1536,6144,6400,65536,MSAVI,-0.09765625,35682,,,,
0,patch_5_24,1280,1536,6144,6400,65536,NDVI,-0.69140625,10996,15378,0.012204878391314927,20913,0.0217461417837419
0,patch_5_25,1280,1536,6400,6656,65536,MSAVI,-0.17578125,32462,,,,
0,patch_5_25,1280,1536,6400,6656,65536,NDVI,-0.44140625,6955,15649,0.004237354368334667,24346,0.016230293047586247
0,patch_5_26,1280,1536,6656,6912,65536,MSAVI,-0.16015625,35002,,,,
0,patch_5_26,1280,1536,6656,6912,65536,NDVI,-0.41796875,6821,13296,0.007683254326680017,18720,0.019563775631462194
0,patch_5_27,1280,1536,6912,7168,65536,MSAVI,-0.55078125,38684,,,,
0,patch_5_27,1280,1536,6912,7168,65536,NDVI,-0.70703125,7123,15793,0.017888966863795736,18024,0.02838420114636217
0,patch_5_28,1280,1536,7168,7424,65536,MSAVI,-0.11328125,33498,,,,
0,patch_5_28,1280,1536,7168,7424,65536,NDVI,-0.41796875,6644,22170,0.0164577046039045,24468,0.024255148024573486
0,patch_5_29,1280,1536,7424,7680,65536,MSAVI,-0.09765625,35589,,,,
0,patch_5_29,1280,1536,7424,7680,65536,NDVI,-0.67578125,47159,15087,0.01128947523285423,20051,0.022182343281455186
0,patch_5_30,1280,1536,7680,7936,65536,MSAVI,-0.38671875,37531,,,,
0,patch_5_30,1280,1536,7680,7936,65536,NDVI,-0.78515625,49131,15496,0.013075183972881516,19299,0.02595201654366963
0,patch_5_31,1280,1536,7936,8192,65536,MSAVI,-0.48046875,36297,,,,
0,patch_5_31,1280,1536,7936,8192,65536,NDVI,-0.71484375,49615,15159,0.009518988028564851,19661,0.02063733107439461
0,patch_5_32,1280,1536,8192,8448,65536,MSAVI,-0.47265625,35432,,,,
0,patch_5_32,1280,1536,8192,8448,65536,NDVI,-0.55859375,5837,0,0.0,0,0.009808042386020944
0,patch_5_33,1280,1536,8448,8704,65536,MSAVI,-0.39453125,35041,,,,
0,patch_5_33,1280,1536,8448,8704,65536,NDVI,-0.43359375,41501,0,0.0,0,0.009808042386020944
0,patch_5_34,1280,1536,8704,8960,65536,MSAVI,-0.10546875,36808,,,,
0,patch_5_34,1280,1536,8704,8960,65536,NDVI,-0.48828125,46094,0,0.0,0,0.009808042386020944
0,patch_5_35,1280,1536,8960,9216,65536,MSAVI,-0.16796875,30869,,,,
0,patch_5_35,1280,1536,8960,9216,65536,NDVI,-0.26171875,38702,0,0.0,0,0.009808042386020944
0,patch_6_0,1536,1792,0,256,65536,MSAVI,-0.26171875,42161,,,,
0,patch_6_0,1536,1792,0,256,65536,NDVI,-0.47265625,20692,0,0.0,0,0.009808042386020944
0,patch_6_1,1536,1792,256,512,65536,MSAVI,-0.20703125,44138,,,,
0,patch_6_1,1536,1792,256,512,65536,NDVI,-0.37109375,20144,0,0.0,0,0.009808042386020944
0,patch_6_2,1536,1792,512,768,65536,MSAVI,-0.06640625,42192,,,,
0,patch_6_2,1536,1792,512,768,65536,NDVI,-0.99609375,23344,0,0.0,0,0.009808042386020944
0,patch_6_3,1536,1792,768,1024,65536,MSAVI,-0.37890625,51170,,,,
0,patch_6_3,1536,1792,768,1024,65536,NDVI,-0.66015625,8065,0,0.0,0,0.009808042386020944
0,patch_6_4,1536,1792,1024,1280,65536,MSAVI,-0.41796875,50335,,,,
0,patch_6_4,1536,1792,1024,1280,65536,NDVI,-0.54296875,1758,0,0.0,0,0.009808042386020944
0,patch_6_5,1536,1792,1280,1536,65536,MSAVI,-0.43359375,47455,,,,
0,patch_6_5,1536,1792,1280,1536,65536,NDVI,-0.57421875,1369,0,0.0,0,0.009808042386020944
0,patch_6_6,1536,1792,1536,1792,65536,MSAVI,-0.26171875,49685,,,,
0,patch_6_6,1536,1792,1536,1792,65536,NDVI,-0.45703125,774,4424,0.029201951567177198,4547,0.03847704246634179
0,patch_6_7,1536,1792,1792,2048,65536,MSAVI,-0.03515625,52975,,,,
0,patch_6_7,1536,1792,1792,2048,65536,NDVI,-0.60546875,941,4850,0.03626621107002412,5571,0.044666560200724736
0,patch_6_8,1536,1792,2048,2304,65536,MSAVI,-0.12890625,47489,,,,
0,patch_6_8,1536,1792,2048,2304,65536,NDVI,-0.70703125,6441,12157,0.029201553255284646,12894,0.037196280830464556
0,patch_6_9,1536,1792,2304,2560,65536,MSAVI,-0.23046875,43922,,,,
0,patch_6_9,1536,1792,2304,2560,65536,NDVI,-0.73828125,20370,8418,0.021349917608247754,9503,0.028679072479304818
0,patch_6_10,1536,1792,2560,2816,65536,MSAVI,-0.23828125,44398,,,,
0,patch_6_10,1536,1792,2560,2816,65536,NDVI,-0.64453125,21137,13415,0.024250521443421463,15249,0.034378298456345796
0,patch_6_11,1536,1792,2816,3072,65536,MSAVI,-0.04296875,41514,,,,
0,patch_6_11,1536,1792,2816,3072,65536,NDVI,-0.69140625,19072,13968,0.02326736271717217,65536,0.031061242076323825
0,patch_6_12,1536,1792,3072,3328,65536,MSAVI,-0.10546875,37954,,,,
0,patch_6_12,1536,1792,3072,3328,65536,NDVI,-0.66015625,10316,13598,0.014292177122736949,16767,0.02141100261470269
0,patch_6_13,1536,1792,3328,3584,65536,MSAVI,-0.06640625,32479,,,,
0,patch_6_13,1536,1792,3328,3584,65536,NDVI,-0.72265625,17003,13047,0.0011658375911507979,23893,0.015053314517829347
0,patch_6_14,1536,1792,3584,3840,65536,MSAVI,-0.12109375,35323,,,,
0,patch_6_14,1536,1792,3584,3840,65536,NDVI,-0.58203125,8231,17436,0.008117225045778415,20631,0.02031114845128018
0,patch_6_15,1536,1792,3840,4096,65536,MSAVI,0.15234375,34898,,,,
0,patch_6_15,1536,1792,3840,4096,65536,NDVI,-0.64453125,8153,12982,0.0064457627286627905,17529,0.014088172009701472
0,patch_6_16,1536,1792,4096,4352,65536,MSAVI,0.23828125,33295,,,,
0,patch_6_16,1536,1792,4096,4352,65536,NDVI,-0.68359375,10909,9189,0.0033224749560679945,16176,0.011459244058086793
0,patch_6_17,1536,1792,4352,4608,65536,MSAVI,-0.35546875,36764,,,,
0,patch_6_17,1536,1792,4352,4608,65536,NDVI,-0.74609375,10884,8258,0.007855211825829517,13440,0.016256647143681052
0,patch_6_18,1536,1792,4608,4864,65536,MSAVI,-0.38671875,37139,,,,
0,patch_6_18,1536,1792,4608,4864,65536,NDVI,-0.78515625,12662,7778,0.008795675866703878,13981,0.015992085362798586
0,patch_6_19,1536,1792,4864,5120,65536,MSAVI,-0.08203125,36853,,,,
0,patch_6_19,1536,1792,4864,5120,65536,NDVI,-0.72265625,11465,8464,0.008830359625591894,13419,0.01426754344769221
0,patch_6_20,1536,1792,5120,5376,65536,MSAVI,-0.25390625,36557,,,,
0,patch_6_20,1536,1792,5120,5376,65536,NDVI,-0.75390625,9397,6540,0.009806063899741285,11164,0.01587947776928003
0,patch_6_21,1536,1792,5376,5632,65536,MSAVI,-0.17578125,39387,,,,
0,patch_6_21,1536,1792,5376,5632,65536,NDVI,-0.58984375,6310,11017,0.01776696997338223,14227,0.021368186886417978
0,patch_6_22,1536,1792,5632,5888,65536,MSAVI,-0.08203125,34369,,,,
0,patch_6_22,1536,1792,5632,5888,65536,NDVI,-0.53515625,8042,13884,0.00947347616314001,20634,0.016905101872751238
0,patch_6_23,1536,1792,5888,6144,65536,MSAVI,-0.03515625,34681,,,,
0,patch_6_23,1536,1792,5888,6144,65536,NDVI,-0.47265625,8340,11794,0.0077911139140859065,17281,0.01460547595619996
0,patch_6_24,1536,1792,6144,6400,65536,MSAVI,-0.12890625,34823,,,,
0,patch_6_24,1536,1792,6144,6400,65536,NDVI,-0.73046875,11371,12815,0.005662345875477787,20326,0.017218826540591287
0,patch_6_25,1536,1792,6400,6656,65536,MSAVI,-0.16796875,32486,,,,
0,patch_6_25,1536,1792,6400,6656,65536,NDVI,-0.58203125,7958,18563,0.004273402115257674,26999,0.015380456064028741
0,patch_6_26,1536,1792,6656,6912,65536,MSAVI,-0.19921875,34861,,,,
0,patch_6_26,1536,1792,6656,6912,65536,NDVI,-0.55859375,7913,10846,0.006129521193929177,13749,0.013308838204742685
0,patch_6_27,1536,1792,6912,7168,65536,MSAVI,-0.08984375,32224,,,,
0,patch_6_27,1536,1792,6912,7168,65536,NDVI,-0.59765625,10117,11117,0.0032982736921544353,20793,0.015601800391911114
0,patch_6_28,1536,1792,7168,7424,65536,MSAVI,-0.05078125,30639,,,,
0,patch_6_28,1536,1792,7168,7424,65536,NDVI,-0.52734375,11277,16596,-7.063258177045229e-05,27133,0.018582270754903457
0,patch_6_29,1536,1792,7424,7680,65536,MSAVI,0.19140625,32731,,,,
0,patch_6_29,1536,1792,7424,7680,65536,NDVI,-0.38671875,7360,15988,0.004228013565679534,23680,0.015699191295983822
0,patch_6_30,1536,1792,7680,7936,65536,MSAVI,-0.13671875,34072,,,,
0,patch_6_30,1536,1792,7680,7936,65536,NDVI,-0.51171875,44026,17057,0.0122612954397672,20243,0.020540479314024473
0,patch_6_31,1536,1792,7936,8192,65536,MSAVI,-0.19921875,33883,,,,
0,patch_6_31,1536,1792,7936,8192,65536,NDVI,-0.60546875,45556,12499,0.006225926967649648,16858,0.013958683635202612
0,patch_6_32,1536,1792,8192,8448,65536,MSAVI,-0.07421875,34495,,,,
0,patch_6_32,1536,1792,8192,8448,65536,NDVI,-0.44921875,43121,12512,0.0067471949119391195,19967,0.017726910974724647
0,patch_6_33,1536,1792,8448,8704,65536,MSAVI,-0.59765625,42491,,,,
0,patch_6_33,1536,1792,8448,8704,65536,NDVI,-0.45703125,1117,11546,0.024691141260201777,12449,0.03317137449093577
0,patch_6_34,1536,1792,8704,8960,65536,MSAVI,-0.08984375,33285,,,,
0,patch_6_34,1536,1792,8704,8960,65536,NDVI,-0.48828125,41451,20650,0.013643488427129674,22636,0.022381817373666957
0,patch_6_35,1536,1792,8960,9216,65536,MSAVI,-0.51953125,40347,,,,
0,patch_6_35,1536,1792,8960,9216,65536,NDVI,-0.63671875,46604,0,0.0,0,0.009808042386020944
0,patch_7_0,1792,2048,0,256,65536,MSAVI,-0.19921875,60791,,,,
0,patch_7_0,1792,2048,0,256,65536,NDVI,-0.55078125,3507,0,0.0,0,0.009808042386020944
0,patch_7_1,1792,2048,256,512,65536,MSAVI,-0.27734375,53150,,,,
0,patch_7_1,1792,2048,256,512,65536,NDVI,-0.44140625,10694,0,0.0,0,0.009808042386020944
0,patch_7_2,1792,2048,512,768,65536,MSAVI,-0.31640625,53456,,,,
0,patch_7_2,1792,2048,512,768,65536,NDVI,-0.52734375,9488,0,0.0,0,0.009808042386020944
0,patch_7_3,1792,2048,768,1024,65536,MSAVI,-0.37890625,57897,,,,
0,patch_7_3,1792,2048,768,1024,65536,NDVI,-0.60546875,3970,0,0.0,0,0.009808042386020944
0,patch_7_4,1792,2048,1024,1280,65536,MSAVI,-0.39453125,48778,,,,
0,patch_7_4,1792,2048,1024,1280,65536,NDVI,-0.70703125,5191,0,0.0,0,0.009808042386020944
0,patch_7_5,1792,2048,1280,1536,65536,MSAVI,-0.40234375,51881,,,,
0,patch_7_5,1792,2048,1280,1536,65536,NDVI,-0.50390625,1215,0,0.0,0,0.009808042386020944
0,patch_7_6,1792,2048,1536,1792,65536,MSAVI,-0.13671875,57314,,,,
0,patch_7_6,1792,2048,1536,1792,65536,NDVI,-0.58203125,813,2814,0.03942534711695536,2705,0.052914145223329906
0,patch_7_7,1792,2048,1792,2048,65536,MSAVI,-0.08984375,42625,,,,
0,patch_7_7,1792,2048,1792,2048,65536,NDVI,-0.56640625,3595,19423,0.02972330780284152,20394,0.0406447929078366
0,patch_7_8,1792,2048,2048,2304,65536,MSAVI,-0.03515625,48650,,,,
0,patch_7_8,1792,2048,2048,2304,65536,NDVI,-0.67578125,4504,6124,0.02917453574000492,6356,0.03560560448312361
0,patch_7_9,1792,2048,2304,2560,65536,MSAVI,-0.14453125,47032,,,,
0,patch_7_9,1792,2048,2304,2560,65536,NDVI,-0.70703125,8919,11790,0.026268299343078005,13112,0.03848232980360705
0,patch_7_10,1792,2048,2560,2816,65536,MSAVI,-0.30078125,43587,,,,
0,patch_7_10,1792,2048,2560,2816,65536,NDVI,-0.71484375,14110,16683,0.0256371016955195,18079,0.03626820248509699
0,patch_7_11,1792,2048,2816,3072,65536,MSAVI,-0.16796875,42336,,,,
0,patch_7_11,1792,2048,2816,3072,65536,NDVI,-0.73046875,19775,9684,0.01963822865465334,10908,0.02627850849405855
0,patch_7_12,1792,2048,3072,3328,65536,MSAVI,-0.23046875,48561,,,,
0,patch_7_12,1792,2048,3072,3328,65536,NDVI,-0.70703125,15764,12896,0.0333570411366661,13111,0.04223887411615507
0,patch_7_13,1792,2048,3328,3584,65536,MSAVI,-0.26171875,35555,,,,
0,patch_7_13,1792,2048,3328,3584,65536,NDVI,-0.74609375,13342,11399,0.008328604377377091,17230,0.014860010624500458
0,patch_7_14,1792,2048,3584,3840,65536,MSAVI,-0.10546875,32461,,,,
0,patch_7_14,1792,2048,3584,3840,65536,NDVI,-0.64453125,11208,17600,0.004230867100432245,23543,0.011525194939065897
0,patch_7_15,1792,2048,3840,4096,65536,MSAVI,-0.04296875,33328,,,,
0,patch_7_15,1792,2048,3840,4096,65536,NDVI,-0.58203125,7423,9268,0.004293553089298685,15178,0.011430322621574479
0,patch_7_16,1792,2048,4096,4352,65536,MSAVI,0.14453125,33447,,,,
0,patch_7_16,1792,2048,4096,4352,65536,NDVI,-0.74609375,9904,16155,0.006628843054150263,22388,0.01701466545681557
0,patch_7_17,1792,2048,4352,4608,65536,MSAVI,-0.05859375,36670,,,,
0,patch_7_17,1792,2048,4352,4608,65536,NDVI,-0.69140625,13002,8832,0.009074845402207127,14303,0.01837234011211089
0,patch_7_18,1792,2048,4608,4864,65536,MSAVI,-0.07421875,38018,,,,
0,patch_7_18,1792,2048,4608,4864,65536,NDVI,-0.69921875,11299,8946,0.010933145957366719,12008,0.01857583651535083
0,patch_7_19,1792,2048,4864,5120,65536,MSAVI,-0.19140625,35222,,,,
0,patch_7_19,1792,2048,4864,5120,65536,NDVI,-0.72265625,9845,7791,0.0058171418283581855,14896,0.013638990590434552
0,patch_7_20,1792,2048,5120,5376,65536,MSAVI,0.01953125,34777,,,,
0,patch_7_20,1792,2048,5120,5376,65536,NDVI,-0.62890625,7673,8949,0.005338835981299778,16035,0.014849492723938651
0,patch_7_21,1792,2048,5376,5632,65536,MSAVI,-0.17578125,35230,,,,
0,patch_7_21,1792,2048,5376,5632,65536,NDVI,-0.63671875,8632,10489,0.010125808648271784,16396,0.016165747341746695
0,patch_7_22,1792,2048,5632,5888,65536,MSAVI,-0.09765625,35434,,,,
0,patch_7_22,1792,2048,5632,5888,65536,NDVI,-0.68359375,10189,16619,0.01127884422041825,20500,0.01886711965101706
0,patch_7_23,1792,2048,5888,6144,65536,MSAVI,-0.40234375,35061,,,,
0,patch_7_23,1792,2048,5888,6144,65536,NDVI,-0.65234375,5916,17854,0.010856181987144553,23733,0.022162501224636477
0,patch_7_24,1792,2048,6144,6400,65536,MSAVI,-0.28515625,39078,,,,
0,patch_7_24,1792,2048,6144,6400,65536,NDVI,-0.73828125,9040,16104,0.021698556727821644,19283,0.02854496701447251
0,patch_7_25,1792,2048,6400,6656,65536,MSAVI,-0.37890625,36070,,,,
0,patch_7_25,1792,2048,6400,6656,65536,NDVI,-0.70703125,7840,9768,0.007587312690689824,14927,0.014672203735430517
0,patch_7_26,1792,2048,6656,6912,65536,MSAVI,-0.09765625,35380,,,,
0,patch_7_26,1792,2048,6656,6912,65536,NDVI,-0.69140625,13778,14240,0.007498432737250649,19854,0.01734883113962768
0,patch_7_27,1792,2048,6912,7168,65536,MSAVI,-0.22265625,35301,,,,
0,patch_7_27,1792,2048,6912,7168,65536,NDVI,-0.74609375,16851,9384,0.0043407523385856905,16986,0.01338817992918051
0,patch_7_28,1792,2048,7168,7424,65536,MSAVI,-0.05859375,33134,,,,
0,patch_7_28,1792,2048,7168,7424,65536,NDVI,-0.73046875,15903,14677,0.005151429563643256,22116,0.016894127392925617
0,patch_7_29,1792,2048,7424,7680,65536,MSAVI,0.03515625,28837,,,,
0,patch_7_29,1792,2048,7424,7680,65536,NDVI,-0.59765625,47197,12942,-0.0038846510986493277,32731,0.013297375096638392
0,patch_7_30,1792,2048,7680,7936,65536,MSAVI,0.10546875,32268,,,,
0,patch_7_30,1792,2048,7680,7936,65536,NDVI,-0.64453125,45876,14933,0.0025885004213434537,25248,0.015702849148016007
0,patch_7_31,1792,2048,7936,8192,65536,MSAVI,0.01171875,33155,,,,
0,patch_7_31,1792,2048,7936,8192,65536,NDVI,-0.62109375,47901,20019,0.0058552690156722376,27030,0.019616962052843412
0,patch_7_32,1792,2048,8192,8448,65536,MSAVI,-0.15234375,33869,,,,
0,patch_7_32,1792,2048,8192,8448,65536,NDVI,-0.58203125,48262,11992,0.006778341165724927,16671,0.013981838980258232
0,patch_7_33,1792,2048,8448,8704,65536,MSAVI,-0.28515625,30441,,,,
0,patch_7_33,1792,2048,8448,8704,65536,NDVI,-0.51953125,43922,17013,0.004214683482073128,65536,0.01903422274601063
0,patch_7_34,1792,2048,8704,8960,65536,MSAVI,-0.37109375,38107,,,,
0,patch_7_34,1792,2048,8704,8960,65536,NDVI,-0.62109375,45761,14021,0.016239646613164516,16341,0.02412679368221271
0,patch_7_35,1792,2048,8960,9216,65536,MSAVI,-0.39453125,34059,,,,
0,patch_7_35,1792,2048,8960,9216,65536,NDVI,-0.54296875,40320,21043,0.015718836279719456,22330,0.02441012183751734
0,patch_8_0,2048,2304,0,256,65536,MSAVI,-0.03515625,61831,,,,
0,patch_8_0,2048,2304,0,256,65536,NDVI,-0.48828125,2345,0,0.0,0,0.009808042386020944
0,patch_8_1,2048,2304,256,512,65536,MSAVI,-0.35546875,53669,,,,
0,patch_8_1,2048,2304,256,512,65536,NDVI,-0.64453125,5254,0,0.0,0,0.009808042386020944
0,patch_8_2,2048,2304,512,768,65536,MSAVI,-0.24609375,47512,,,,
0,patch_8_2,2048,2304,512,768,65536,NDVI,-0.59765625,13290,0,0.0,0,0.009808042386020944
0,patch_8_3,2048,2304,768,1024,65536,MSAVI,-0.34765625,59902,,,,
0,patch_8_3,2048,2304,768,1024,65536,NDVI,-0.66796875,2742,0,0.0,0,0.009808042386020944
0,patch_8_4,2048,2304,1024,1280,65536,MSAVI,-0.26171875,49196,,,,
0,patch_8_4,2048,2304,1024,1280,65536,NDVI,-0.62109375,7992,0,0.0,0,0.009808042386020944
0,patch_8_5,2048,2304,1280,1536,65536,MSAVI,-0.46484375,48386,,,,
0,patch_8_5,2048,2304,1280,1536,65536,NDVI,-0.52734375,1028,0,0.0,0,0.009808042386020944
0,patch_8_6,2048,2304,1536,1792,65536,MSAVI,-0.20703125,62971,,,,
0,patch_8_6,2048,2304,1536,1792,65536,NDVI,-0.62109375,823,0,0.05133763290202731,0,0.064970173166914
0,patch_8_7,2048,2304,1792,2048,65536,MSAVI,-0.16796875,50961,,,,
0,patch_8_7,2048,2304,1792,2048,65536,NDVI,-0.56640625,5301,14021,0.034903117480736934,14461,0.050602113248535446
0,patch_8_8,2048,2304,2048,2304,65536,MSAVI,-0.18359375,49256,,,,
0,patch_8_8,2048,2304,2048,2304,65536,NDVI,-0.72265625,7795,10096,0.032722854032228715,10145,0.042522455954415006
0,patch_8_9,2048,2304,2304,2560,65536,MSAVI,-0.19140625,34476,,,,
0,patch_8_9,2048,2304,2304,2560,65536,NDVI,-0.73046875,44102,11923,0.007649499416751998,17189,0.01552487852240328
0,patch_8_10,2048,2304,2560,2816,65536,MSAVI,-0.26171875,35009,,,,
0,patch_8_10,2048,2304,2560,2816,65536,NDVI,-0.53515625,3476,9953,0.0051577216322753194,13369,0.010486028540445058
0,patch_8_11,2048,2304,2816,3072,65536,MSAVI,-0.16015625,37206,,,,
0,patch_8_11,2048,2304,2816,3072,65536,NDVI,-0.71484375,17018,18814,0.015193475598159506,21740,0.023169650010893134
0,patch_8_12,2048,2304,3072,3328,65536,MSAVI,-0.19921875,38896,,,,
0,patch_8_12,2048,2304,3072,3328,65536,NDVI,-0.69921875,26615,15014,0.017304434699455806,18706,0.025975736802060195
0,patch_8_13,2048,2304,3328,3584,65536,MSAVI,-0.16796875,35320,,,,
0,patch_8_13,2048,2304,3328,3584,65536,NDVI,-0.66015625,8907,10190,0.005786416780981601,15576,0.013398515654877985
0,patch_8_14,2048,2304,3584,3840,65536,MSAVI,-0.33984375,36404,,,,
0,patch_8_14,2048,2304,3584,3840,65536,NDVI,-0.74609375,7373,7991,0.00784950703356116,12435,0.014933243889829445
0,patch_8_15,2048,2304,3840,4096,65536,MSAVI,-0.30859375,35708,,,,
0,patch_8_15,2048,2304,3840,4096,65536,NDVI,-0.69140625,7705,15092,0.011062002362980605,17505,0.01759736589362959
0,patch_8_16,2048,2304,4096,4352,65536,MSAVI,-0.08203125,34720,,,,
0,patch_8_16,2048,2304,4096,4352,65536,NDVI,-0.71484375,10268,13895,0.008030431856736991,19013,0.01622710370532668
0,patch_8_17,2048,2304,4352,4608,65536,MSAVI,-0.12890625,41816,,,,
0,patch_8_17,2048,2304,4352,4608,65536,NDVI,-0.67578125,16025,14991,0.024838236895434573,16269,0.03255771632634663
0,patch_8_18,2048,2304,4608,4864,65536,MSAVI,-0.01953125,37163,,,,
0,patch_8_18,2048,2304,4608,4864,65536,NDVI,-0.71484375,11136,14088,0.014343617477674792,17113,0.022926649149605488
0,patch_8_19,2048,2304,4864,5120,65536,MSAVI,-0.12890625,34763,,,,
0,patch_8_19,2048,2304,4864,5120,65536,NDVI,-0.54296875,6730,9275,0.004957280902122496,13725,0.013459485926823722
0,patch_8_20,2048,2304,5120,5376,65536,MSAVI,0.08203125,32910,,,,
0,patch_8_20,2048,2304,5120,5376,65536,NDVI,-0.54296875,8711,12520,0.002524688734809405,20241,0.01382622277540399
0,patch_8_21,2048,2304,5376,5632,65536,MSAVI,-0.06640625,37079,,,,
0,patch_8_21,2048,2304,5376,5632,65536,NDVI,-0.62109375,7301,8218,0.01045287188540936,10600,0.014671005712608765
0,patch_8_22,2048,2304,5632,5888,65536,MSAVI,-0.12109375,37828,,,,
0,patch_8_22,2048,2304,5632,5888,65536,NDVI,-0.63671875,6482,14524,0.014459825731579778,16918,0.020487978348448815
0,patch_8_23,2048,2304,5888,6144,65536,MSAVI,-0.06640625,31893,,,,
0,patch_8_23,2048,2304,5888,6144,65536,NDVI,-0.57421875,8215,13107,0.0019277688397464632,21990,0.013117344417393706
0,patch_8_24,2048,2304,6144,6400,65536,MSAVI,-0.21484375,44120,,,,
0,patch_8_24,2048,2304,6144,6400,65536,NDVI,-0.63671875,3899,11850,0.024564886081989534,65536,0.0297459857098388
0,patch_8_25,2048,2304,6400,6656,65536,MSAVI,-0.05078125,33273,,,,
0,patch_8_25,2048,2304,6400,6656,65536,NDVI,-0.62109375,11163,17267,0.007290338215240083,24922,0.019010319521917285
0,patch_8_26,2048,2304,6656,6912,65536,MSAVI,-0.13671875,37898,,,,
0,patch_8_26,2048,2304,6656,6912,65536,NDVI,-0.67578125,11762,16409,0.012027304826879248,20461,0.021515068122743425
0,patch_8_27,2048,2304,6912,7168,65536,MSAVI,-0.13671875,34309,,,,
0,patch_8_27,2048,2304,6912,7168,65536,NDVI,-0.58203125,10537,13550,0.006933878877191657,18744,0.012530803996821077
0,patch_8_28,2048,2304,7168,7424,65536,MSAVI,-0.19921875,31469,,,,
0,patch_8_28,2048,2304,7168,7424,65536,NDVI,-0.57421875,5580,20458,0.0031575142216229146,25810,0.01757549455882146
0,patch_8_29,2048,2304,7424,7680,65536,MSAVI,-0.16015625,33620,,,,
0,patch_8_29,2048,2304,7424,7680,65536,NDVI,-0.57421875,44948,17186,0.0067104850302106,65536,0.016910506463856695
0,patch_8_30,2048,2304,7680,7936,65536,MSAVI,-0.20703125,36171,,,,
0,patch_8_30,2048,2304,7680,7936,65536,NDVI,-0.64453125,48426,16827,0.012693842994509374,20083,0.020484462114323365
0,patch_8_31,2048,2304,7936,8192,65536,MSAVI,0.01953125,34164,,,,
0,patch_8_31,2048,2304,7936,8192,65536,NDVI,-0.43359375,7169,15635,0.006854669581021822,21120,0.015957469002667396
0,patch_8_32,2048,2304,8192,8448,65536,MSAVI,-0.08984375,32318,,,,
0,patch_8_32,2048,2304,8192,8448,65536,NDVI,-0.49609375,48346,10123,0.0033601338685878557,17028,0.011311190438337837
0,patch_8_33,2048,2304,8448,8704,65536,MSAVI,-0.47265625,34094,,,,
0,patch_8_33,2048,2304,8448,8704,65536,NDVI,-0.69140625,49298,26790,0.022407902338901525,65536,0.02771392110895765
0,patch_8_34,2048,2304,8704,8960,65536,MSAVI,-0.17578125,35705,,,,
0,patch_8_34,2048,2304,8704,8960,65536,NDVI,-0.64453125,45828,19264,0.014651387751886846,21598,0.027771038320411973
0,patch_8_35,2048,2304,8960,9216,65536,MSAVI,-0.36328125,34389,,,,
0,patch_8_35,2048,2304,8960,9216,65536,NDVI,-0.61328125,44639,21784,0.019454146898304547,22685,0.026317575271018356
0,patch_9_0,2304,2560,0,256,65536,MSAVI,-0.37890625,55244,,,,
0,patch_9_0,2304,2560,0,256,65536,NDVI,-0.62890625,7638,0,0.0,0,0.009808042386020944
0,patch_9_1,2304,2560,256,512,65536,MSAVI,-0.03515625,55700,,,,
0,patch_9_1,2304,2560,256,512,65536,NDVI,-0.60546875,5666,0,0.0,0,0.009808042386020944
0,patch_9_2,2304,2560,512,768,65536,MSAVI,-0.34765625,60154,,,,
0,patch_9_2,2304,2560,512,768,65536,NDVI,-0.65234375,2744,0,0.0,0,0.009808042386020944
0,patch_9_3,2304,2560,768,1024,65536,MSAVI,-0.42578125,59978,,,,
0,patch_9_3,2304,2560,768,1024,65536,NDVI,-0.67578125,2169,0,0.0,0,0.009808042386020944
0,patch_9_4,2304,2560,1024,1280,65536,MSAVI,-0.28515625,62454,,,,
0,patch_9_4,2304,2560,1024,1280,65536,NDVI,-0.64453125,1527,0,0.0,0,0.009808042386020944
0,patch_9_5,2304,2560,1280,1536,65536,MSAVI,-0.33203125,61582,,,,
0,patch_9_5,2304,2560,1280,1536,65536,NDVI,-0.62109375,1978,0,0.04239113781855501,0,0.05663612324925768
0,patch_9_6,2304,2560,1536,1792,65536,MSAVI,-0.24609375,60415,,,,
0,patch_9_6,2304,2560,1536,1792,65536,NDVI,-0.57421875,1068,81,0.04967244370888829,81,0.06041201960469422
0,patch_9_7,2304,2560,1792,2048,65536,MSAVI,-0.34765625,53432,,,,
0,patch_9_7,2304,2560,1792,2048,65536,NDVI,-0.55078125,2198,4882,0.03669998697200652,4859,0.04797982761727995
0,patch_9_8,2304,2560,2048,2304,65536,MSAVI,-0.33203125,45199,,,,
0,patch_9_8,2304,2560,2048,2304,65536,NDVI,-0.71484375,7350,6738,0.023754925450541364,7525,0.03246476526018563
0,patch_9_9,2304,2560,2304,2560,65536,MSAVI,-0.30859375,43026,,,,
0,patch_9_9,2304,2560,2304,2560,65536,NDVI,-0.48046875,3929,12750,0.023317367619453383,13026,0.027742472709367194
0,patch_9_10,2304,2560,2560,2816,65536,MSAVI,-0.25390625,34509,,,,
0,patch_9_10,2304,2560,2560,2816,65536,NDVI,-0.51953125,3473,10364,0.00626830612889559,15589,0.01420233197412668
0,patch_9_11,2304,2560,2816,3072,65536,MSAVI,0.09765625,40221,,,,
0,patch_9_11,2304,2560,2816,3072,65536,NDVI,-0.69921875,9936,13474,0.018063534911372803,16128,0.02332151481721803
0,patch_9_12,2304,2560,3072,3328,65536,MSAVI,-0.08984375,39818,,,,
0,patch_9_12,2304,2560,3072,3328,65536,NDVI,-0.70703125,17911,8555,0.012835659897175167,12040,0.019657097643652116
0,patch_9_13,2304,2560,3328,3584,65536,MSAVI,-0.06640625,33643,,,,
0,patch_9_13,2304,2560,3328,3584,65536,NDVI,-0.69921875,9090,13945,0.002700080020856671,22797,0.01476161266123463
0,patch_9_14,2304,2560,3584,3840,65536,MSAVI,-0.07421875,33270,,,,
0,patch_9_14,2304,2560,3584,3840,65536,NDVI,-0.58203125,6827,11680,0.00568152940483882,17177,0.012895384685682354
0,patch_9_15,2304,2560,3840,4096,65536,MSAVI,-0.05078125,36262,,,,
0,patch_9_15,2304,2560,3840,4096,65536,NDVI,-0.70703125,12663,12363,0.009858191863998056,18161,0.021201637893595082
0,patch_9_16,2304,2560,4096,4352,65536,MSAVI,0.05078125,34137,,,,
0,patch_9_16,2304,2560,4096,4352,65536,NDVI,-0.69921875,8646,14006,0.006103996498163677,22004,0.01881735754669947
0,patch_9_17,2304,2560,4352,4608,65536,MSAVI,-0.01171875,48171,,,,
0,patch_9_17,2304,2560,4352,4608,65536,NDVI,-0.61328125,4403,9784,0.027338209696522398,10274,0.040346386133105705
0,patch_9_18,2304,2560,4608,4864,65536,MSAVI,-0.20703125,35673,,,,
0,patch_9_18,2304,2560,4608,4864,65536,NDVI,-0.69140625,10574,14154,0.010117859563410714,17452,0.018994471403435992
0,patch_9_19,2304,2560,4864,5120,65536,MSAVI,-0.23046875,38329,,,,
0,patch_9_19,2304,2560,4864,5120,65536,NDVI,-0.46484375,4109,7922,0.011369593814762047,11356,0.01909739605197766
0,patch_9_20,2304,2560,5120,5376,65536,MSAVI,-0.36328125,34410,,,,
0,patch_9_20,2304,2560,5120,5376,65536,NDVI,-0.67578125,5573,16373,0.009834233248457891,21381,0.020000814343120704
0,patch_9_21,2304,2560,5376,5632,65536,MSAVI,-0.12109375,37279,,,,
0,patch_9_21,2304,2560,5376,5632,65536,NDVI,-0.66015625,7450,7654,0.009854573877339068,12213,0.01981200025490848
0,patch_9_22,2304,2560,5632,5888,65536,MSAVI,-0.05078125,33217,,,,
0,patch_9_22,2304,2560,5632,5888,65536,NDVI,-0.66015625,8157,10395,0.005399657535970104,18853,0.012732498758647681
0,patch_9_23,2304,2560,5888,6144,65536,MSAVI,0.40234375,34167,,,,
0,patch_9_23,2304,2560,5888,6144,65536,NDVI,-0.65234375,10229,12668,0.003721352863365529,19123,0.013124503320474351
0,patch_9_24,2304,2560,6144,6400,65536,MSAVI,-0.09765625,30133,,,,
0,patch_9_24,2304,2560,6144,6400,65536,NDVI,-0.65234375,8905,16947,-0.0004737001764242299,28227,0.015683910220545216
0,patch_9_25,2304,2560,6400,6656,65536,MSAVI,-0.09765625,34660,,,,
0,patch_9_25,2304,2560,6400,6656,65536,NDVI,-0.62109375,8492,17521,0.01104562936861575,22583,0.02073556585770156
0,patch_9_26,2304,2560,6656,6912,65536,MSAVI,0.05078125,31519,,,,
0,patch_9_26,2304,2560,6656,6912,65536,NDVI,-0.50390625,10235,10502,-0.0003688494204097392,22103,0.012119872113618702
0,patch_9_27,2304,2560,6912,7168,65536,MSAVI,-0.15234375,33555,,,,
0,patch_9_27,2304,2560,6912,7168,65536,NDVI,-0.44921875,6886,14404,0.005116783076470899,21614,0.01551374209000303
0,patch_9_28,2304,2560,7168,7424,65536,MSAVI,-0.22265625,34357,,,,
0,patch_9_28,2304,2560,7168,7424,65536,NDVI,-0.64453125,47508,8696,0.005125215077867229,15105,0.014629158236732276
0,patch_9_29,2304,2560,7424,7680,65536,MSAVI,0.04296875,38352,,,,
0,patch_9_29,2304,2560,7424,7680,65536,NDVI,-0.48046875,46875,13235,0.015775567967318355,15163,0.0234179971146396
0,patch_9_30,2304,2560,7680,7936,65536,MSAVI,-0.20703125,35013,,,,
0,patch_9_30,2304,2560,7680,7936,65536,NDVI,-0.53515625,42821,12418,0.010248802550726133,16777,0.020105059948438087
0,patch_9_31,2304,2560,7936,8192,65536,MSAVI,-0.08203125,35968,,,,
0,patch_9_31,2304,2560,7936,8192,65536,NDVI,-0.65234375,48710,13462,0.00821453564278668,19814,0.018452989311448592
0,patch_9_32,2304,2560,8192,8448,65536,MSAVI,-0.07421875,32884,,,,
0,patch_9_32,2304,2560,8192,8448,65536,NDVI,-0.48046875,47565,17216,0.0062430419371498624,24908,0.02047352391111354
0,patch_9_33,2304,2560,8448,8704,65536,MSAVI,-0.30078125,36150,,,,
0,patch_9_33,2304,2560,8448,8704,65536,NDVI,-0.71484375,48476,19902,0.019296291170813024,20823,0.027159768082982233
0,patch_9_34,2304,2560,8704,8960,65536,MSAVI,-0.51171875,36841,,,,
0,patch_9_34,2304,2560,8704,8960,65536,NDVI,-0.74609375,48524,21572,0.02713284964048157,65536,0.03311675991568866
0,patch_9_35,2304,2560,8960,9216,65536,MSAVI,-0.22265625,38157,,,,
0,patch_9_35,2304,2560,8960,9216,65536,NDVI,-0.38671875,44811,17431,0.02405330561869118,18664,0.03432067739790551
0,patch_10_0,2560,2816,0,256,65536,MSAVI,-0.19140625,57807,,,,
0,patch_10_0,2560,2816,0,256,65536,NDVI,-0.63671875,6103,0,0.0,0,0.009808042386020944
0,patch_10_1,2560,2816,256,512,65536,MSAVI,-0.17578125,50597,,,,
0,patch_10_1,2560,2816,256,512,65536,NDVI,-0.58203125,12621,0,0.0,0,0.009808042386020944
0,patch_10_2,2560,2816,512,768,65536,MSAVI,-0.33984375,57753,,,,
0,patch_10_2,2560,2816,512,768,65536,NDVI,-0.66015625,2620,0,0.0,0,0.009808042386020944
0,patch_10_3,2560,2816,768,1024,65536,MSAVI,-0.03515625,63027,,,,
0,patch_10_3,2560,2816,768,1024,65536,NDVI,-0.61328125,1548,0,0.0,0,0.009808042386020944
0,patch_10_4,2560,2816,1024,1280,65536,MSAVI,-0.43359375,60430,,,,
0,patch_10_4,2560,2816,1024,1280,65536,NDVI,-0.64453125,1571,0,0.0,0,0.009808042386020944
0,patch_10_5,2560,2816,1280,1536,65536,MSAVI,-0.35546875,54464,,,,
0,patch_10_5,2560,2816,1280,1536,65536,NDVI,-0.73828125,4799,3759,0.0322161628610452,3969,0.042522021919021186
0,patch_10_6,2560,2816,1536,1792,65536,MSAVI,-0.24609375,61383,,,,
0,patch_10_6,2560,2816,1536,1792,65536,NDVI,-0.56640625,2005,0,0.04765738645859209,0,0.06388440697463985
0,patch_10_7,2560,2816,1792,2048,65536,MSAVI,-0.13671875,43033,,,,
0,patch_10_7,2560,2816,1792,2048,65536,NDVI,-0.66796875,3556,6522,0.015111905827525418,8455,0.027863076501781603
0,patch_10_8,2560,2816,2048,2304,65536,MSAVI,-0.10546875,49929,,,,
0,patch_10_8,2560,2816,2048,2304,65536,NDVI,-0.65234375,4573,4983,0.028191737247526105,5273,0.03784367583275719
0,patch_10_9,2560,2816,2304,2560,65536,MSAVI,-0.42578125,44921,,,,
0,patch_10_9,2560,2816,2304,2560,65536,NDVI,-0.68359375,5081,8436,0.023123011040048408,9978,0.03137722998657447
0,patch_10_10,2560,2816,2560,2816,65536,MSAVI,-0.12890625,36227,,,,
0,patch_10_10,2560,2816,2560,2816,65536,NDVI,-0.56640625,5362,12721,0.009510497703022758,15503,0.017483178531473104
0,patch_10_11,2560,2816,2816,3072,65536,MSAVI,-0.12109375,46044,,,,
0,patch_10_11,2560,2816,2816,3072,65536,NDVI,-0.71484375,14116,8402,0.024606342139377207,10202,0.032749778050550044
0,patch_10_12,2560,2816,3072,3328,65536,MSAVI,-0.13671875,38896,,,,
0,patch_10_12,2560,2816,3072,3328,65536,NDVI,-0.66796875,15060,14274,0.014561102475372734,17525,0.02510886621836811
0,patch_10_13,2560,2816,3328,3584,65536,MSAVI,-0.27734375,33794,,,,
0,patch_10_13,2560,2816,3328,3584,65536,NDVI,-0.77734375,11438,10657,0.004924960598168382,16046,0.013077410188291672
0,patch_10_14,2560,2816,3584,3840,65536,MSAVI,-0.19140625,34621,,,,
0,patch_10_14,2560,2816,3584,3840,65536,NDVI,-0.71484375,8751,13432,0.005848495750055915,19559,0.015428170473595265
0,patch_10_15,2560,2816,3840,4096,65536,MSAVI,0.09765625,38167,,,,
0,patch_10_15,2560,2816,3840,4096,65536,NDVI,-0.66015625,8432,16599,0.01590021909845149,19402,0.02321497831974123
0,patch_10_16,2560,2816,4096,4352,65536,MSAVI,0.19921875,36538,,,,
0,patch_10_16,2560,2816,4096,4352,65536,NDVI,-0.46484375,5650,15298,0.012837818265244189,17357,0.019542650204029843
0,patch_10_17,2560,2816,4352,4608,65536,MSAVI,-0.36328125,32243,,,,
0,patch_10_17,2560,2816,4352,4608,65536,NDVI,-0.74609375,46810,13992,0.002002747733414467,24853,0.017797041990830986
0,patch_10_18,2560,2816,4608,4864,65536,MSAVI,-0.15234375,38459,,,,
0,patch_10_18,2560,2816,4608,4864,65536,NDVI,-0.42578125,4131,13438,0.016259751433585795,14932,0.023276631426338207
0,patch_10_19,2560,2816,4864,5120,65536,MSAVI,-0.03515625,31240,,,,
0,patch_10_19,2560,2816,4864,5120,65536,NDVI,-0.51953125,41244,12427,0.0004806282094172165,23572,0.017279098864885156
0,patch_10_20,2560,2816,5120,5376,65536,MSAVI,-0.12109375,42557,,,,
0,patch_10_20,2560,2816,5120,5376,65536,NDVI,-0.61328125,4738,12207,0.022731017104996837,13887,0.03188644140197808
0,patch_10_21,2560,2816,5376,5632,65536,MSAVI,-0.17578125,40919,,,,
0,patch_10_21,2560,2816,5376,5632,65536,NDVI,-0.73046875,9094,13019,0.019377260607642638,13989,0.028917712953032637
0,patch_10_22,2560,2816,5632,5888,65536,MSAVI,-0.13671875,35189,,,,
0,patch_10_22,2560,2816,5632,5888,65536,NDVI,-0.62890625,9234,13442,0.00919001276215936,18967,0.015171008172152889
0,patch_10_23,2560,2816,5888,6144,65536,MSAVI,0.17578125,34025,,,,
0,patch_10_23,2560,2816,5888,6144,65536,NDVI,-0.70703125,10540,10966,0.005597969511953599,18788,0.014536021840057534
0,patch_10_24,2560,2816,6144,6400,65536,MSAVI,-0.12109375,33781,,,,
0,patch_10_24,2560,2816,6144,6400,65536,NDVI,-0.71484375,6788,8941,0.004731311346470396,16227,0.012831230214033873
0,patch_10_25,2560,2816,6400,6656,65536,MSAVI,-0.05859375,35231,,,,
0,patch_10_25,2560,2816,6400,6656,65536,NDVI,-0.62109375,10557,20693,0.01354990191839181,23938,0.023634528311976072
0,patch_10_26,2560,2816,6656,6912,65536,MSAVI,0.09765625,35106,,,,
0,patch_10_26,2560,2816,6656,6912,65536,NDVI,-0.55859375,8383,15110,0.009801838385717715,17906,0.016709650515298158
0,patch_10_27,2560,2816,6912,7168,65536,MSAVI,-0.05078125,37042,,,,
0,patch_10_27,2560,2816,6912,7168,65536,NDVI,-0.55078125,6080,6867,0.008684983633353544,11028,0.01463609928946677
0,patch_10_28,2560,2816,7168,7424,65536,MSAVI,-0.07421875,34364,,,,
0,patch_10_28,2560,2816,7168,7424,65536,NDVI,-0.58984375,5084,10865,0.005069355695080879,15732,0.012057868113183517
0,patch_10_29,2560,2816,7424,7680,65536,MSAVI,-0.16015625,30564,,,,
0,patch_10_29,2560,2816,7424,7680,65536,NDVI,-0.59765625,43618,12155,-0.0005145728888776013,25868,0.014066180343496215
0,patch_10_30,2560,2816,7680,7936,65536,MSAVI,-0.24609375,38731,,,,
0,patch_10_30,2560,2816,7680,7936,65536,NDVI,-0.55859375,5959,14628,0.017279001080057865,17670,0.025851615138346218
0,patch_10_31,2560,2816,7936,8192,65536,MSAVI,-0.26171875,35335,,,,
0,patch_10_31,2560,2816,7936,8192,65536,NDVI,-0.51953125,5000,11862,0.008808159302443413,15548,0.01578318396023662
0,patch_10_32,2560,2816,8192,8448,65536,MSAVI,-0.03515625,33558,,,,
0,patch_10_32,2560,2816,8192,8448,65536,NDVI,-0.51171875,47565,20123,0.009391077434756812,25435,0.022179987500982185
0,patch_10_33,2560,2816,8448,8704,65536,MSAVI,-0.12109375,37438,,,,
0,patch_10_33,2560,2816,8448,8704,65536,NDVI,-0.51171875,46900,12928,0.013174195851163584,15331,0.022394824950462744
0,patch_10_34,2560,2816,8704,8960,65536,MSAVI,-0.30859375,34584,,,,
0,patch_10_34,2560,2816,8704,8960,65536,NDVI,-0.44140625,41459,17070,0.012741854947362463,21546,0.02356500163064565
0,patch_10_35,2560,2816,8960,9216,65536,MSAVI,-0.37109375,35180,,,,
0,patch_10_35,2560,2816,8960,9216,65536,NDVI,-0.54296875,41656,19089,0.015516691912697778,21648,0.026246636805884183
0,patch_11_0,2816,3072,0,256,65536,MSAVI,-0.23046875,41698,,,,
0,patch_11_0,2816,3072,0,256,65536,NDVI,-0.70703125,22469,0,0.0,0,0.009808042386020944
0,patch_11_1,2816,3072,256,512,65536,MSAVI,-0.31640625,45776,,,,
0,patch_11_1,2816,3072,256,512,65536,NDVI,-0.69921875,18681,0,0.0,0,0.009808042386020944
0,patch_11_2,2816,3072,512,768,65536,MSAVI,-0.25390625,57143,,,,
0,patch_11_2,2816,3072,512,768,65536,NDVI,-0.66796875,5928,0,0.0,0,0.009808042386020944
0,patch_11_3,2816,3072,768,1024,65536,MSAVI,-0.14453125,48326,,,,
0,patch_11_3,2816,3072,768,1024,65536,NDVI,-0.58984375,13983,0,0.0,0,0.009808042386020944
0,patch_11_4,2816,3072,1024,1280,65536,MSAVI,-0.20703125,59279,,,,
0,patch_11_4,2816,3072,1024,1280,65536,NDVI,-0.66015625,2841,0,0.0,0,0.009808042386020944
0,patch_11_5,2816,3072,1280,1536,65536,MSAVI,-0.40234375,57863,,,,
0,patch_11_5,2816,3072,1280,1536,65536,NDVI,-0.66015625,2598,1398,0.040843842036592276,1731,0.0513373393282803
0,patch_11_6,2816,3072,1536,1792,65536,MSAVI,-0.41796875,41352,,,,
0,patch_11_6,2816,3072,1536,1792,65536,NDVI,-0.63671875,8247,22077,0.02687134520019488,21745,0.03662658754606446
0,patch_11_7,2816,3072,1792,2048,65536,MSAVI,-0.16796875,38277,,,,
0,patch_11_7,2816,3072,1792,2048,65536,NDVI,-0.61328125,5919,18085,0.017017296576985114,18883,0.029054050115129043
0,patch_11_8,2816,3072,2048,2304,65536,MSAVI,-0.38671875,39291,,,,
0,patch_11_8,2816,3072,2048,2304,65536,NDVI,-0.53515625,3346,15429,0.020435493009906713,17986,0.02829618310785023
0,patch_11_9,2816,3072,2304,2560,65536,MSAVI,-0.44140625,42193,,,,
0,patch_11_9,2816,3072,2304,2560,65536,NDVI,-0.64453125,4621,10487,0.019425940256861368,12951,0.029235719020689416
0,patch_11_10,2816,3072,2560,2816,65536,MSAVI,-0.12890625,41962,,,,
0,patch_11_10,2816,3072,2560,2816,65536,NDVI,-0.73046875,6555,8120,0.01606862957541985,9317,0.024546747361682136
0,patch_11_11,2816,3072,2816,3072,65536,MSAVI,0.13671875,38951,,,,
0,patch_11_11,2816,3072,2816,3072,65536,NDVI,-0.69921875,10132,12502,0.013386810278454148,13932,0.020928971925251588
0,patch_11_12,2816,3072,3072,3328,65536,MSAVI,-0.16796875,40385,,,,
0,patch_11_12,2816,3072,3072,3328,65536,NDVI,-0.73828125,8903,16085,0.020218032185811335,17100,0.025821128196484328
0,patch_11_13,2816,3072,3328,3584,65536,MSAVI,0.04296875,33738,,,,
0,patch_11_13,2816,3072,3328,3584,65536,NDVI,-0.52734375,6686,12764,0.005978319822194017,16513,0.012899319457250397
0,patch_11_14,2816,3072,3584,3840,65536,MSAVI,-0.23046875,31060,,,,
0,patch_11_14,2816,3072,3584,3840,65536,NDVI,-0.71484375,46147,9989,5.534694975053989e-05,18288,0.00860932465097286
0,patch_11_15,2816,3072,3840,4096,65536,MSAVI,-0.18359375,34183,,,,
0,patch_11_15,2816,3072,3840,4096,65536,NDVI,-0.57421875,5748,13215,0.006486864007640036,19514,0.015026575251181895
0,patch_11_16,2816,3072,4096,4352,65536,MSAVI,-0.12109375,32988,,,,
0,patch_11_16,2816,3072,4096,4352,65536,NDVI,-0.58203125,7499,14445,0.0023701342690207183,22369,0.0159571704558856
0,patch_11_17,2816,3072,4352,4608,65536,MSAVI,-0.18359375,39335,,,,
0,patch_11_17,2816,3072,4352,4608,65536,NDVI,-0.57421875,5909,12278,0.01433824512866988,14546,0.020742172864892716
0,patch_11_18,2816,3072,4608,4864,65536,MSAVI,-0.12109375,38629,,,,
0,patch_11_18,2816,3072,4608,4864,65536,NDVI,-0.62109375,6843,12243,0.015023978660171189,14141,0.02302977265194925
0,patch_11_19,2816,3072,4864,5120,65536,MSAVI,-0.20703125,34746,,,,
0,patch_11_19,2816,3072,4864,5120,65536,NDVI,-0.46484375,2667,15476,0.009684056406592284,21560,0.02192589387999802
0,patch_11_20,2816,3072,5120,5376,65536,MSAVI,-0.15234375,36047,,,,
0,patch_11_20,2816,3072,5120,5376,65536,NDVI,-0.47265625,5054,17667,0.015485798341130952,19460,0.023264791767464044
0,patch_11_21,2816,3072,5376,5632,65536,MSAVI,-0.14453125,40420,,,,
0,patch_11_21,2816,3072,5376,5632,65536,NDVI,-0.69140625,10874,18226,0.02273419740910454,19429,0.029617674617896217
0,patch_11_22,2816,3072,5632,5888,65536,MSAVI,-0.20703125,36050,,,,
0,patch_11_22,2816,3072,5632,5888,65536,NDVI,-0.66796875,9877,8093,0.008434124700735846,12690,0.01595731415209134
0,patch_11_23,2816,3072,5888,6144,65536,MSAVI,-0.19140625,36027,,,,
0,patch_11_23,2816,3072,5888,6144,65536,NDVI,-0.62890625,9226,15849,0.008504929081055018,20303,0.01851728062742769
0,patch_11_24,2816,3072,6144,6400,65536,MSAVI,-0.26953125,35461,,,,
0,patch_11_24,2816,3072,6144,6400,65536,NDVI,-0.68359375,5662,8979,0.007409041628230889,13718,0.013552782818663511
0,patch_11_25,2816,3072,6400,6656,65536,MSAVI,0.02734375,33654,,,,
0,patch_11_25,2816,3072,6400,6656,65536,NDVI,-0.66015625,6834,12164,0.0034774497729934684,19102,0.01380249499886499
0,patch_11_26,2816,3072,6656,6912,65536,MSAVI,0.12890625,33971,,,,
0,patch_11_26,2816,3072,6656,6912,65536,NDVI,-0.55078125,7396,13618,0.005900512676920877,20033,0.014365168310938065
0,patch_11_27,2816,3072,6912,7168,65536,MSAVI,-0.09765625,36327,,,,
0,patch_11_27,2816,3072,6912,7168,65536,NDVI,-0.55078125,7702,8063,0.0074239011938096455,10297,0.013018057602926764
0,patch_11_28,2816,3072,7168,7424,65536,MSAVI,-0.23828125,35608,,,,
0,patch_11_28,2816,3072,7168,7424,65536,NDVI,-0.59765625,5791,10971,0.009991959978765536,15274,0.016275455554662088
0,patch_11_29,2816,3072,7424,7680,65536,MSAVI,0.31640625,34340,,,,
0,patch_11_29,2816,3072,7424,7680,65536,NDVI,-0.68359375,48030,10946,0.005922364715491679,17023,0.014935638864261885
0,patch_11_30,2816,3072,7680,7936,65536,MSAVI,-0.16015625,33140,,,,
0,patch_11_30,2816,3072,7680,7936,65536,NDVI,-0.70703125,6064,13281,0.004038402269426533,20786,0.01381113610730536
0,patch_11_31,2816,3072,7936,8192,65536,MSAVI,-0.08984375,33772,,,,
0,patch_11_31,2816,3072,7936,8192,65536,NDVI,-0.37109375,6128,19407,0.012505363097363387,22550,0.015547798288537473
0,patch_11_32,2816,3072,8192,8448,65536,MSAVI,-0.01171875,32881,,,,
0,patch_11_32,2816,3072,8192,8448,65536,NDVI,-0.50390625,47572,12766,0.0050907427228796265,18094,0.0134976690521586
0,patch_11_33,2816,3072,8448,8704,65536,MSAVI,-0.26171875,32405,,,,
0,patch_11_33,2816,3072,8448,8704,65536,NDVI,-0.40234375,40271,19301,0.007411263972104787,26497,0.020138953567106682
0,patch_11_34,2816,3072,8704,8960,65536,MSAVI,-0.16796875,35782,,,,
0,patch_11_34,2816,3072,8704,8960,65536,NDVI,-0.17578125,40598,16989,0.013862213883189062,20243,0.025213057663669602
0,patch_11_35,2816,3072,8960,9216,65536,MSAVI,-0.28515625,38063,,,,
0,patch_11_35,2816,3072,8960,9216,65536,NDVI,-0.66796875,46240,14826,0.015388203670872375,18636,0.026514978015780677
0,patch_12_0,3072,3328,0,256,65536,MSAVI,-0.33203125,43113,,,,
0,patch_12_0,3072,3328,0,256,65536,NDVI,-0.69140625,22414,0,0.0,0,0.009808042386020944
0,patch_12_1,3072,3328,256,512,65536,MSAVI,-0.27734375,47765,,,,
0,patch_12_1,3072,3328,256,512,65536,NDVI,-0.69921875,15612,0,0.0,0,0.009808042386020944
0,patch_12_2,3072,3328,512,768,65536,MSAVI,-0.34765625,59732,,,,
0,patch_12_2,3072,3328,512,768,65536,NDVI,-0.65234375,4896,0,0.0,0,0.009808042386020944
0,patch_12_3,3072,3328,768,1024,65536,MSAVI,-0.21484375,44656,,,,
0,patch_12_3,3072,3328,768,1024,65536,NDVI,-0.65234375,17076,0,0.0,0,0.009808042386020944
0,patch_12_4,3072,3328,1024,1280,65536,MSAVI,-0.34765625,48844,,,,
0,patch_12_4,3072,3328,1024,1280,65536,NDVI,-0.57421875,10870,14100,0.027490865458045216,14501,0.041923343824260245
0,patch_12_5,3072,3328,1280,1536,65536,MSAVI,-0.42578125,52775,,,,
0,patch_12_5,3072,3328,1280,1536,65536,NDVI,-0.69140625,4871,8116,0.03620270187183275,8039,0.04392644833698328
0,patch_12_6,3072,3328,1536,1792,65536,MSAVI,-0.41796875,42872,,,,
0,patch_12_6,3072,3328,1536,1792,65536,NDVI,-0.57421875,5768,20757,0.032356864137964875,21372,0.04174277394174136
0,patch_12_7,3072,3328,1792,2048,65536,MSAVI,-0.51953125,61050,,,,
0,patch_12_7,3072,3328,1792,2048,65536,NDVI,-0.58203125,1128,982,0.0460267821958972,975,0.058571919965861974
0,patch_12_8,3072,3328,2048,2304,65536,MSAVI,-0.42578125,59984,,,,
0,patch_12_8,3072,3328,2048,2304,65536,NDVI,-0.41015625,922,1195,0.04867355968361564,1159,0.060320740365785636
0,patch_12_9,3072,3328,2304,2560,65536,MSAVI,-0.10546875,38841,,,,
0,patch_12_9,3072,3328,2304,2560,65536,NDVI,-0.66796875,6674,21401,0.01883151943226094,23008,0.032432348450919635
0,patch_12_10,3072,3328,2560,2816,65536,MSAVI,-0.43359375,41974,,,,
0,patch_12_10,3072,3328,2560,2816,65536,NDVI,-0.73828125,9444,12920,0.021860846247942572,13593,0.031630862836740326
0,patch_12_11,3072,3328,2816,3072,65536,MSAVI,-0.39453125,41390,,,,
0,patch_12_11,3072,3328,2816,3072,65536,NDVI,-0.57421875,3863,10015,0.017358868964619578,12229,0.024641004217616003
0,patch_12_12,3072,3328,3072,3328,65536,MSAVI,-0.29296875,38825,,,,
0,patch_12_12,3072,3328,3072,3328,65536,NDVI,-0.50390625,3350,5284,0.011840290808702747,8525,0.018059332484182095
0,patch_12_13,3072,3328,3328,3584,65536,MSAVI,-0.39453125,32774,,,,
0,patch_12_13,3072,3328,3328,3584,65536,NDVI,-0.67578125,45542,11927,0.004901621326821315,15931,0.011485494446906136
0,patch_12_14,3072,3328,3584,3840,65536,MSAVI,-0.24609375,33121,,,,
0,patch_12_14,3072,3328,3584,3840,65536,NDVI,-0.73046875,45984,11564,0.005507403044754111,20106,0.014647738506847419
0,patch_12_15,3072,3328,3840,4096,65536,MSAVI,-0.08984375,33879,,,,
0,patch_12_15,3072,3328,3840,4096,65536,NDVI,-0.62890625,4827,14753,0.006641400390280328,20324,0.01544263395981807
0,patch_12_16,3072,3328,4096,4352,65536,MSAVI,-0.21484375,32923,,,,
0,patch_12_16,3072,3328,4096,4352,65536,NDVI,-0.71484375,46229,13322,0.0035981847585498383,20179,0.012995141053562975
0,patch_12_17,3072,3328,4352,4608,65536,MSAVI,0.07421875,30326,,,,
0,patch_12_17,3072,3328,4352,4608,65536,NDVI,-0.73828125,47213,11453,-0.001442531174735251,23413,0.009238841594089886
0,patch_12_18,3072,3328,4608,4864,65536,MSAVI,-0.30078125,38714,,,,
0,patch_12_18,3072,3328,4608,4864,65536,NDVI,-0.54296875,5090,8484,0.012914339420649346,11311,0.018456756506032984
0,patch_12_19,3072,3328,4864,5120,65536,MSAVI,-0.48046875,38240,,,,
0,patch_12_19,3072,3328,4864,5120,65536,NDVI,-0.65234375,3972,10357,0.01285472387803377,14056,0.020229667937680607
0,patch_12_20,3072,3328,5120,5376,65536,MSAVI,-0.30078125,37022,,,,
0,patch_12_20,3072,3328,5120,5376,65536,NDVI,-0.68359375,47018,13279,0.012242975614486284,16986,0.02215103933524537
0,patch_12_21,3072,3328,5376,5632,65536,MSAVI,-0.16015625,32897,,,,
0,patch_12_21,3072,3328,5376,5632,65536,NDVI,-0.59765625,45155,12331,0.0048373379896181345,18745,0.013548158140981065
0,patch_12_22,3072,3328,5632,5888,65536,MSAVI,-0.16796875,36957,,,,
0,patch_12_22,3072,3328,5632,5888,65536,NDVI,-0.67578125,7141,11883,0.01117779546847189,18084,0.02026207274728825
0,patch_12_23,3072,3328,5888,6144,65536,MSAVI,-0.05859375,37256,,,,
0,patch_12_23,3072,3328,5888,6144,65536,NDVI,-0.64453125,9629,11889,0.011887536540417132,15264,0.018526724463007044
0,patch_12_24,3072,3328,6144,6400,65536,MSAVI,-0.24609375,33630,,,,
0,patch_12_24,3072,3328,6144,6400,65536,NDVI,-0.62890625,5983,10264,0.00542967540157413,16102,0.012929080390736286
0,patch_12_25,3072,3328,6400,6656,65536,MSAVI,-0.00390625,32974,,,,
0,patch_12_25,3072,3328,6400,6656,65536,NDVI,-0.66015625,8322,11771,0.004268853223209468,18656,0.012375989431849699
0,patch_12_26,3072,3328,6656,6912,65536,MSAVI,-0.28515625,32909,,,,
0,patch_12_26,3072,3328,6656,6912,65536,NDVI,-0.76171875,47633,8330,0.003058314948066604,16054,0.00991688456881018
0,patch_12_27,3072,3328,6912,7168,65536,MSAVI,0.12890625,36143,,,,
0,patch_12_27,3072,3328,6912,7168,65536,NDVI,-0.58203125,8519,9075,0.007810711786107455,15181,0.016208980206206758
0,patch_12_28,3072,3328,7168,7424,65536,MSAVI,-0.20703125,29448,,,,
0,patch_12_28,3072,3328,7168,7424,65536,NDVI,-0.67578125,8480,11995,-0.002868840628283076,29657,0.014562715317986613
0,patch_12_29,3072,3328,7424,7680,65536,MSAVI,-0.10546875,35260,,,,
0,patch_12_29,3072,3328,7424,7680,65536,NDVI,-0.51171875,7910,12860,0.007928088754404816,18534,0.01633703845831283
0,patch_12_30,3072,3328,7680,7936,65536,MSAVI,0.08984375,30017,,,,
0,patch_12_30,3072,3328,7680,7936,65536,NDVI,-0.67578125,45322,10139,-0.0005031340610540391,21600,0.009655847740903584
0,patch_12_31,3072,3328,7936,8192,65536,MSAVI,-0.04296875,33137,,,,
0,patch_12_31,3072,3328,7936,8192,65536,NDVI,-0.44140625,8409,9478,0.0037653142168959652,13946,0.00971047343528983
0,patch_12_32,3072,3328,8192,8448,65536,MSAVI,0.07421875,30183,,,,
0,patch_12_32,3072,3328,8192,8448,65536,NDVI,-0.37890625,9977,10669,-0.0014575226758866966,24738,0.010829853703269804
0,patch_12_33,3072,3328,8448,8704,65536,MSAVI,-0.01953125,31262,,,,
0,patch_12_33,3072,3328,8448,8704,65536,NDVI,-0.41796875,42974,17402,0.005486144927298153,25585,0.020196953040272636
0,patch_12_34,3072,3328,8704,8960,65536,MSAVI,-0.20703125,33636,,,,
0,patch_12_34,3072,3328,8704,8960,65536,NDVI,-0.28515625,39450,20316,0.011538443556398964,24458,0.023608268183201914
0,patch_12_35,3072,3328,8960,9216,65536,MSAVI,-0.46484375,37565,,,,
0,patch_12_35,3072,3328,8960,9216,65536,NDVI,-0.63671875,46428,17693,0.02111183963730981,18698,0.02854342883402411
0,patch_13_0,3328,3584,0,256,65536,MSAVI,-0.07421875,47413,,,,
0,patch_13_0,3328,3584,0,256,65536,NDVI,-0.70703125,15450,0,0.0,0,0.009808042386020944
0,patch_13_1,3328,3584,256,512,65536,MSAVI,0.01953125,50738,,,,
0,patch_13_1,3328,3584,256,512,65536,NDVI,-0.68359375,12540,0,0.0,0,0.009808042386020944
0,patch_13_2,3328,3584,512,768,65536,MSAVI,-0.37109375,48821,,,,
0,patch_13_2,3328,3584,512,768,65536,NDVI,-0.73828125,14229,0,0.0,0,0.009808042386020944
0,patch_13_3,3328,3584,768,1024,65536,MSAVI,-0.21484375,43036,,,,
0,patch_13_3,3328,3584,768,1024,65536,NDVI,-0.68359375,19754,0,0.0,0,0.009808042386020944
0,patch_13_4,3328,3584,1024,1280,65536,MSAVI,-0.23046875,39816,,,,
0,patch_13_4,3328,3584,1024,1280,65536,NDVI,-0.66015625,24968,11076,0.012632847350009219,13750,0.022771552213467633
0,patch_13_5,3328,3584,1280,1536,65536,MSAVI,-0.40234375,39240,,,,
0,patch_13_5,3328,3584,1280,1536,65536,NDVI,-0.69140625,10917,26470,0.023769776324168795,27323,0.03507200888473061
0,patch_13_6,3328,3584,1536,1792,65536,MSAVI,-0.41015625,63009,,,,
0,patch_13_6,3328,3584,1536,1792,65536,NDVI,-0.61328125,1271,0,0.049871997545429564,0,0.0654170170027697
0,patch_13_7,3328,3584,1792,2048,65536,MSAVI,-0.08203125,63098,,,,
0,patch_13_7,3328,3584,1792,2048,65536,NDVI,-0.56640625,1242,0,0.05129400030756916,0,0.0702248936102654
0,patch_13_8,3328,3584,2048,2304,65536,MSAVI,-0.41015625,53176,,,,
0,patch_13_8,3328,3584,2048,2304,65536,NDVI,-0.57421875,3034,7457,0.03670843669372337,8055,0.05142977896675205
0,patch_13_9,3328,3584,2304,2560,65536,MSAVI,-0.09765625,61937,,,,
0,patch_13_9,3328,3584,2304,2560,65536,NDVI,-0.63671875,1448,147,0.04451310912515913,147,0.06483436359786818
0,patch_13_10,3328,3584,2560,2816,65536,MSAVI,-0.02734375,56535,,,,
0,patch_13_10,3328,3584,2560,2816,65536,NDVI,-0.60546875,2021,2770,0.03716277555262573,2676,0.04985288915616723
0,patch_13_11,3328,3584,2816,3072,65536,MSAVI,-0.27734375,47500,,,,
0,patch_13_11,3328,3584,2816,3072,65536,NDVI,-0.70703125,5374,8211,0.027850678144802243,8581,0.03500980767748735
0,patch_13_12,3328,3584,3072,3328,65536,MSAVI,-0.20703125,48915,,,,
0,patch_13_12,3328,3584,3072,3328,65536,NDVI,-0.62109375,4064,5740,0.027497284450888504,6282,0.03529626320983695
0,patch_13_13,3328,3584,3328,3584,65536,MSAVI,-0.34765625,42011,,,,
0,patch_13_13,3328,3584,3328,3584,65536,NDVI,-0.47265625,1981,2587,0.013696163973732856,3553,0.021612633523225094
0,patch_13_14,3328,3584,3584,3840,65536,MSAVI,-0.33984375,33629,,,,
0,patch_13_14,3328,3584,3584,3840,65536,NDVI,-0.55859375,3437,12098,0.0025372939041053144,17825,0.011027493123114462
0,patch_13_15,3328,3584,3840,4096,65536,MSAVI,-0.16015625,45971,,,,
0,patch_13_15,3328,3584,3840,4096,65536,NDVI,-0.66015625,8279,15539,0.031160670225354847,15827,0.04200490797216133
0,patch_13_16,3328,3584,4096,4352,65536,MSAVI,-0.22265625,46310,,,,
0,patch_13_16,3328,3584,4096,4352,65536,NDVI,-0.64453125,4228,10535,0.03038297789763686,10735,0.03306660373542003
0,patch_13_17,3328,3584,4352,4608,65536,MSAVI,-0.23046875,40222,,,,
0,patch_13_17,3328,3584,4352,4608,65536,NDVI,-0.59765625,4585,8594,0.01524889716739622,9914,0.021899100841753866
0,patch_13_18,3328,3584,4608,4864,65536,MSAVI,-0.18359375,37628,,,,
0,patch_13_18,3328,3584,4608,4864,65536,NDVI,-0.55859375,6747,10931,0.009497178266411277,14825,0.018759207132048122
0,patch_13_19,3328,3584,4864,5120,65536,MSAVI,-0.28515625,42448,,,,
0,patch_13_19,3328,3584,4864,5120,65536,NDVI,-0.56640625,5717,11831,0.022621808677834143,13291,0.0297259077114419
0,patch_13_20,3328,3584,5120,5376,65536,MSAVI,-0.27734375,38787,,,,
0,patch_13_20,3328,3584,5120,5376,65536,NDVI,-0.61328125,4989,14112,0.01424139834300911,17062,0.023694683389118287
0,patch_13_21,3328,3584,5376,5632,65536,MSAVI,0.23046875,36398,,,,
0,patch_13_21,3328,3584,5376,5632,65536,NDVI,-0.54296875,5384,15601,0.013643269699793764,19160,0.02256781424206783
0,patch_13_22,3328,3584,5632,5888,65536,MSAVI,-0.05859375,37804,,,,
0,patch_13_22,3328,3584,5632,5888,65536,NDVI,-0.65234375,9428,10442,0.011580612138927054,14314,0.017469557661292434
0,patch_13_23,3328,3584,5888,6144,65536,MSAVI,-0.20703125,35913,,,,
0,patch_13_23,3328,3584,5888,6144,65536,NDVI,-0.62890625,9613,11343,0.007238088361865902,16869,0.015565290120934522
0,patch_13_24,3328,3584,6144,6400,65536,MSAVI,-0.12890625,38138,,,,
0,patch_13_24,3328,3584,6144,6400,65536,NDVI,-0.73828125,10703,12297,0.01160699855176589,15090,0.018654427970970694
0,patch_13_25,3328,3584,6400,6656,65536,MSAVI,-0.19140625,34892,,,,
0,patch_13_25,3328,3584,6400,6656,65536,NDVI,-0.66796875,5729,10077,0.006069625267780349,17046,0.013316817703970224
0,patch_13_26,3328,3584,6656,6912,65536,MSAVI,-0.23046875,27575,,,,
0,patch_13_26,3328,3584,6656,6912,65536,NDVI,-0.69921875,43006,15587,-0.005565506748533122,34569,0.012218942652023168
0,patch_13_27,3328,3584,6912,7168,65536,MSAVI,0.08203125,36965,,,,
0,patch_13_27,3328,3584,6912,7168,65536,NDVI,-0.64453125,5487,12198,0.009810805920207999,16251,0.017897556804734926
0,patch_13_28,3328,3584,7168,7424,65536,MSAVI,-0.24609375,34124,,,,
0,patch_13_28,3328,3584,7168,7424,65536,NDVI,-0.59765625,6964,14298,0.008363961406964632,20066,0.016514715208114816
0,patch_13_29,3328,3584,7424,7680,65536,MSAVI,0.16796875,32860,,,,
0,patch_13_29,3328,3584,7424,7680,65536,NDVI,-0.57421875,9919,11351,0.003186498177538827,20557,0.012173890259184722
0,patch_13_30,3328,3584,7680,7936,65536,MSAVI,-0.19140625,31193,,,,
0,patch_13_30,3328,3584,7680,7936,65536,NDVI,-0.69921875,47969,14458,0.00040479784651070716,24889,0.012775698753521553
0,patch_13_31,3328,3584,7936,8192,65536,MSAVI,0.01171875,30858,,,,
0,patch_13_31,3328,3584,7936,8192,65536,NDVI,-0.66015625,47904,14506,0.002010914693814314,21631,0.010646827525516905
0,patch_13_32,3328,3584,8192,8448,65536,MSAVI,0.01171875,30156,,,,
0,patch_13_32,3328,3584,8192,8448,65536,NDVI,-0.41015625,44981,7226,-0.005876978538057964,28934,0.01958636007671785
0,patch_13_33,3328,3584,8448,8704,65536,MSAVI,-0.34765625,32165,,,,
0,patch_13_33,3328,3584,8448,8704,65536,NDVI,-0.37109375,36839,17671,0.007065561466127995,25422,0.02092310758472521
0,patch_13_34,3328,3584,8704,8960,65536,MSAVI,-0.45703125,39102,,,,
0,patch_13_34,3328,3584,8704,8960,65536,NDVI,-0.64453125,44767,17634,0.023128616996119844,18312,0.03117353074564283
0,patch_13_35,3328,3584,8960,9216,65536,MSAVI,-0.53515625,43852,,,,
0,patch_13_35,3328,3584,8960,9216,65536,NDVI,-0.68359375,50293,13770,0.02963094674696351,65536,0.038425128422064525
0,patch_14_0,3584,3840,0,256,65536,MSAVI,-0.33203125,47792,,,,
0,patch_14_0,3584,3840,0,256,65536,NDVI,-0.64453125,12207,0,0.0,0,0.009808042386020944
0,patch_14_1,3584,3840,256,512,65536,MSAVI,-0.33984375,52734,,,,
0,patch_14_1,3584,3840,256,512,65536,NDVI,-0.67578125,7618,0,0.0,0,0.009808042386020944
0,patch_14_2,3584,3840,512,768,65536,MSAVI,-0.28515625,49117,,,,
0,patch_14_2,3584,3840,512,768,65536,NDVI,-0.69140625,13720,0,0.0,0,0.009808042386020944
0,patch_14_3,3584,3840,768,1024,65536,MSAVI,-0.26953125,43111,,,,
0,patch_14_3,3584,3840,768,1024,65536,NDVI,-0.70703125,19764,0,0.0,0,0.009808042386020944
0,patch_14_4,3584,3840,1024,1280,65536,MSAVI,-0.12109375,34268,,,,
0,patch_14_4,3584,3840,1024,1280,65536,NDVI,-0.69140625,30049,8314,0.0049387700639826615,16793,0.014665051347965391
0,patch_14_5,3584,3840,1280,1536,65536,MSAVI,-0.43359375,40304,,,,
0,patch_14_5,3584,3840,1280,1536,65536,NDVI,-0.76953125,15351,23289,0.024874436930040905,24859,0.035972206446676536
0,patch_14_6,3584,3840,1536,1792,65536,MSAVI,-0.36328125,62475,,,,
0,patch_14_6,3584,3840,1536,1792,65536,NDVI,-0.63671875,1579,108,0.0485831418842434,108,0.06242156450090405
0,patch_14_7,3584,3840,1792,2048,65536,MSAVI,-0.39453125,58985,,,,
0,patch_14_7,3584,3840,1792,2048,65536,NDVI,-0.47265625,1362,2508,0.04189353746272845,2479,0.05557710749663658
0,patch_14_8,3584,3840,2048,2304,65536,MSAVI,-0.35546875,55661,,,,
0,patch_14_8,3584,3840,2048,2304,65536,NDVI,-0.55859375,1990,2105,0.036963847410582756,2118,0.04798757121716141
0,patch_14_9,3584,3840,2304,2560,65536,MSAVI,-0.16796875,62751,,,,
0,patch_14_9,3584,3840,2304,2560,65536,NDVI,-0.58203125,1399,0,0.042889267628280756,0,0.06033254568017418
0,patch_14_10,3584,3840,2560,2816,65536,MSAVI,-0.39453125,48497,,,,
0,patch_14_10,3584,3840,2560,2816,65536,NDVI,-0.54296875,1403,4314,0.028003245991151338,4878,0.03606484683586533
0,patch_14_11,3584,3840,2816,3072,65536,MSAVI,-0.42578125,47317,,,,
0,patch_14_11,3584,3840,2816,3072,65536,NDVI,-0.74609375,5276,6996,0.028649200513996664,7311,0.03665901873647995
0,patch_14_12,3584,3840,3072,3328,65536,MSAVI,-0.25390625,43190,,,,
0,patch_14_12,3584,3840,3072,3328,65536,NDVI,-0.59765625,3990,11883,0.02338027770897741,12651,0.030080173683023792
0,patch_14_13,3584,3840,3328,3584,65536,MSAVI,-0.16796875,32177,,,,
0,patch_14_13,3584,3840,3328,3584,65536,NDVI,-0.69140625,45282,10922,0.0026059220525203874,16621,0.008208207589892436
0,patch_14_14,3584,3840,3584,3840,65536,MSAVI,-0.21484375,35310,,,,
0,patch_14_14,3584,3840,3584,3840,65536,NDVI,-0.41015625,2874,8754,0.005472639110666477,14848,0.015339105078141402
0,patch_14_15,3584,3840,3840,4096,65536,MSAVI,0.01171875,35759,,,,
0,patch_14_15,3584,3840,3840,4096,65536,NDVI,-0.61328125,4906,15417,0.012562449945001608,21549,0.022877962135559232
0,patch_14_16,3584,3840,4096,4352,65536,MSAVI,-0.30078125,31463,,,,
0,patch_14_16,3584,3840,4096,4352,65536,NDVI,-0.65234375,3629,8227,0.0017338866388090513,14706,0.006814780262681008
0,patch_14_17,3584,3840,4352,4608,65536,MSAVI,-0.12109375,37279,,,,
0,patch_14_17,3584,3840,4352,4608,65536,NDVI,-0.58203125,6392,8472,0.010583435925763413,11717,0.014903649186321033
0,patch_14_18,3584,3840,4608,4864,65536,MSAVI,0.18359375,36158,,,,
0,patch_14_18,3584,3840,4608,4864,65536,NDVI,-0.53515625,7836,8603,0.006420393246661965,13913,0.015081516616841928
0,patch_14_19,3584,3840,4864,5120,65536,MSAVI,-0.05859375,36237,,,,
0,patch_14_19,3584,3840,4864,5120,65536,NDVI,-0.51953125,47209,12391,0.009064694132103562,16756,0.016920541337239775
0,patch_14_20,3584,3840,5120,5376,65536,MSAVI,-0.33984375,34365,,,,
0,patch_14_20,3584,3840,5120,5376,65536,NDVI,-0.52734375,5890,16664,0.012021056467371838,20696,0.020859285774710995
0,patch_14_21,3584,3840,5376,5632,65536,MSAVI,-0.31640625,37023,,,,
0,patch_14_21,3584,3840,5376,5632,65536,NDVI,-0.51953125,3766,11821,0.011475104688407733,15925,0.019172944273490727
0,patch_14_22,3584,3840,5632,5888,65536,MSAVI,-0.06640625,36310,,,,
0,patch_14_22,3584,3840,5632,5888,65536,NDVI,-0.55078125,7326,10952,0.00864736445790859,15182,0.016239310840150623
0,patch_14_23,3584,3840,5888,6144,65536,MSAVI,-0.02734375,37829,,,,
0,patch_14_23,3584,3840,5888,6144,65536,NDVI,-0.56640625,6487,11224,0.010231127541544371,14223,0.018575935932018506
0,patch_14_24,3584,3840,6144,6400,65536,MSAVI,-0.19921875,36249,,,,
0,patch_14_24,3584,3840,6144,6400,65536,NDVI,-0.68359375,5986,8592,0.011613015304407809,12979,0.015604681076125615
0,patch_14_25,3584,3840,6400,6656,65536,MSAVI,-0.08203125,33480,,,,
0,patch_14_25,3584,3840,6400,6656,65536,NDVI,-0.60546875,4709,7543,0.00376244150940222,13329,0.010049077586551741
0,patch_14_26,3584,3840,6656,6912,65536,MSAVI,-0.14453125,37560,,,,
0,patch_14_26,3584,3840,6656,6912,65536,NDVI,-0.67578125,6426,9780,0.012285441765109761,12384,0.017945340121693826
0,patch_14_27,3584,3840,6912,7168,65536,MSAVI,-0.13671875,41075,,,,
0,patch_14_27,3584,3840,6912,7168,65536,NDVI,-0.82421875,8743,8489,0.015309003993654452,10218,0.024828890423523653
0,patch_14_28,3584,3840,7168,7424,65536,MSAVI,-0.27734375,42804,,,,
0,patch_14_28,3584,3840,7168,7424,65536,NDVI,-0.78515625,5502,9996,0.019004448516652755,12299,0.028803641762068483
0,patch_14_29,3584,3840,7424,7680,65536,MSAVI,-0.30078125,41885,,,,
0,patch_14_29,3584,3840,7424,7680,65536,NDVI,-0.74609375,3156,15942,0.02699649791153333,17085,0.032846384474373824
0,patch_14_30,3584,3840,7680,7936,65536,MSAVI,0.02734375,30644,,,,
0,patch_14_30,3584,3840,7680,7936,65536,NDVI,-0.48828125,7158,12317,0.001622462874765973,22035,0.012699315312091064
0,patch_14_31,3584,3840,7936,8192,65536,MSAVI,-0.19140625,34828,,,,
0,patch_14_31,3584,3840,7936,8192,65536,NDVI,-0.51171875,7256,9442,0.00522566240063288,14966,0.013634901454404963
0,patch_14_32,3584,3840,8192,8448,65536,MSAVI,-0.02734375,34466,,,,
0,patch_14_32,3584,3840,8192,8448,65536,NDVI,-0.50390625,46594,19277,0.011313249445762785,23411,0.022410004537931322
0,patch_14_33,3584,3840,8448,8704,65536,MSAVI,-0.19140625,29027,,,,
0,patch_14_33,3584,3840,8448,8704,65536,NDVI,-0.40234375,34408,4520,-0.006934682878687565,29585,0.017097421789138006
0,patch_14_34,3584,3840,8704,8960,65536,MSAVI,-0.08984375,33438,,,,
0,patch_14_34,3584,3840,8704,8960,65536,NDVI,-0.20703125,36234,16089,0.008984176757538292,21618,0.02153623037822866
0,patch_14_35,3584,3840,8960,9216,65536,MSAVI,-0.24609375,34293,,,,
0,patch_14_35,3584,3840,8960,9216,65536,NDVI,-0.37109375,42459,18800,0.01314296822508898,21017,0.022627408016273776
0,patch_15_0,3840,4096,0,256,65536,MSAVI,-0.41015625,46188,,,,
0,patch_15_0,3840,4096,0,256,65536,NDVI,-0.66015625,14694,0,0.0,0,0.009808042386020944
0,patch_15_1,3840,4096,256,512,65536,MSAVI,-0.36328125,54327,,,,
0,patch_15_1,3840,4096,256,512,65536,NDVI,-0.67578125,6601,0,0.0,0,0.009808042386020944
0,patch_15_2,3840,4096,512,768,65536,MSAVI,-0.44921875,47844,,,,
0,patch_15_2,3840,4096,512,768,65536,NDVI,-0.76171875,5442,0,0.0,0,0.009808042386020944
0,patch_15_3,3840,4096,768,1024,65536,MSAVI,-0.33984375,42277,,,,
0,patch_15_3,3840,4096,768,1024,65536,NDVI,-0.74609375,14177,16620,0.018860711820422663,17235,0.02987498087088239
0,patch_15_4,3840,4096,1024,1280,65536,MSAVI,-0.23828125,49021,,,,
0,patch_15_4,3840,4096,1024,1280,65536,NDVI,-0.66015625,9549,9744,0.03235982197571824,10330,0.04235079524289831
0,patch_15_5,3840,4096,1280,1536,65536,MSAVI,-0.26171875,47674,,,,
0,patch_15_5,3840,4096,1280,1536,65536,NDVI,-0.69140625,12818,13518,0.027245715739382684,14886,0.03961559756604671
0,patch_15_6,3840,4096,1536,1792,65536,MSAVI,-0.33984375,62754,,,,
0,patch_15_6,3840,4096,1536,1792,65536,NDVI,-0.60546875,1783,0,0.04861927742475018,0,0.06482595841131567
0,patch_15_7,3840,4096,1792,2048,65536,MSAVI,-0.37890625,62255,,,,
0,patch_15_7,3840,4096,1792,2048,65536,NDVI,-0.63671875,1438,0,0.04555373005438798,81,0.06265651498955307
0,patch_15_8,3840,4096,2048,2304,65536,MSAVI,-0.29296875,52851,,,,
0,patch_15_8,3840,4096,2048,2304,65536,NDVI,-0.48828125,1494,7184,0.03593350308841256,7530,0.048253632932219154
0,patch_15_9,3840,4096,2304,2560,65536,MSAVI,-0.22265625,62529,,,,
0,patch_15_9,3840,4096,2304,2560,65536,NDVI,-0.55859375,1376,0,0.04671808635460113,0,0.06141155616958269
0,patch_15_10,3840,4096,2560,2816,65536,MSAVI,-0.47265625,57263,,,,
0,patch_15_10,3840,4096,2560,2816,65536,NDVI,-0.61328125,1412,2212,0.03867734634489048,2319,0.050796178657648045
0,patch_15_11,3840,4096,2816,3072,65536,MSAVI,-0.26171875,56998,,,,
0,patch_15_11,3840,4096,2816,3072,65536,NDVI,-0.69921875,3460,3461,0.04165601743318778,3385,0.05401015291527769
0,patch_15_12,3840,4096,3072,3328,65536,MSAVI,-0.33203125,52186,,,,
0,patch_15_12,3840,4096,3072,3328,65536,NDVI,-0.72265625,4492,7711,0.03685630768698833,8418,0.04639466720689728
0,patch_15_13,3840,4096,3328,3584,65536,MSAVI,-0.20703125,42382,,,,
0,patch_15_13,3840,4096,3328,3584,65536,NDVI,-0.75390625,6332,6638,0.017132297635402444,8729,0.02621495526189832
0,patch_15_14,3840,4096,3584,3840,65536,MSAVI,-0.29296875,38037,,,,
0,patch_15_14,3840,4096,3584,3840,65536,NDVI,-0.49609375,3687,8351,0.009049360289033748,12344,0.01888158209021515
0,patch_15_15,3840,4096,3840,4096,65536,MSAVI,-0.30078125,34626,,,,
0,patch_15_15,3840,4096,3840,4096,65536,NDVI,-0.73046875,45820,8074,0.005717449893759025,12697,0.011944020503333819
0,patch_15_16,3840,4096,4096,4352,65536,MSAVI,-0.06640625,32101,,,,
0,patch_15_16,3840,4096,4096,4352,65536,NDVI,-0.69140625,43625,11687,0.0018472636956583799,23322,0.011988970406746263
0,patch_15_17,3840,4096,4352,4608,65536,MSAVI,-0.18359375,38791,,,,
0,patch_15_17,3840,4096,4352,4608,65536,NDVI,-0.42578125,4652,15965,0.016697313180419948,17898,0.02526428081644197
0,patch_15_18,3840,4096,4608,4864,65536,MSAVI,-0.23828125,47099,,,,
0,patch_15_18,3840,4096,4608,4864,65536,NDVI,-0.72265625,8622,11965,0.02866345112017249,12020,0.03628344216162088
0,patch_15_19,3840,4096,4864,5120,65536,MSAVI,-0.33203125,47360,,,,
0,patch_15_19,3840,4096,4864,5120,65536,NDVI,-0.48046875,2801,7047,0.029124294266944017,7814,0.03536854530040337
0,patch_15_20,3840,4096,5120,5376,65536,MSAVI,-0.20703125,36631,,,,
0,patch_15_20,3840,4096,5120,5376,65536,NDVI,-0.54296875,5248,7708,0.007756497850467253,12230,0.016734389848764658
0,patch_15_21,3840,4096,5376,5632,65536,MSAVI,-0.24609375,34646,,,,
0,patch_15_21,3840,4096,5376,5632,65536,NDVI,-0.72265625,47497,11611,0.0055094803684834215,18274,0.014516140682506312
0,patch_15_22,3840,4096,5632,5888,65536,MSAVI,-0.05859375,36317,,,,
0,patch_15_22,3840,4096,5632,5888,65536,NDVI,-0.55078125,6073,10056,0.008737267507012286,14002,0.014649008794329926
0,patch_15_23,3840,4096,5888,6144,65536,MSAVI,-0.26171875,38950,,,,
0,patch_15_23,3840,4096,5888,6144,65536,NDVI,-0.55859375,6342,14189,0.01569196109285001,17855,0.02456027888551271
0,patch_15_24,3840,4096,6144,6400,65536,MSAVI,0.31640625,36763,,,,
0,patch_15_24,3840,4096,6144,6400,65536,NDVI,-0.50390625,6569,11331,0.011273434238772223,14766,0.01879833597695793
0,patch_15_25,3840,4096,6400,6656,65536,MSAVI,0.11328125,35596,,,,
0,patch_15_25,3840,4096,6400,6656,65536,NDVI,-0.70703125,48536,10573,0.007501759664047369,15068,0.015385508168273304
0,patch_15_26,3840,4096,6656,6912,65536,MSAVI,-0.30859375,36337,,,,
0,patch_15_26,3840,4096,6656,6912,65536,NDVI,-0.70703125,5533,7614,0.009009910965957657,11693,0.014082295032805336
0,patch_15_27,3840,4096,6912,7168,65536,MSAVI,-0.19921875,35910,,,,
0,patch_15_27,3840,4096,6912,7168,65536,NDVI,-0.67578125,8366,10679,0.008822014328742717,15249,0.01571331416701277
0,patch_15_28,3840,4096,7168,7424,65536,MSAVI,-0.46484375,50364,,,,
0,patch_15_28,3840,4096,7168,7424,65536,NDVI,-0.79296875,4303,6834,0.03370052577719518,7638,0.04320542163861704
0,patch_15_29,3840,4096,7424,7680,65536,MSAVI,-0.27734375,37040,,,,
0,patch_15_29,3840,4096,7424,7680,65536,NDVI,-0.71484375,4004,10562,0.010672946801139671,14118,0.016497165420038068
0,patch_15_30,3840,4096,7680,7936,65536,MSAVI,-0.16796875,49484,,,,
0,patch_15_30,3840,4096,7680,7936,65536,NDVI,-0.68359375,8795,9955,0.03334823986952892,10670,0.043611305910488674
0,patch_15_31,3840,4096,7936,8192,65536,MSAVI,-0.32421875,43604,,,,
0,patch_15_31,3840,4096,7936,8192,65536,NDVI,-0.76171875,9234,13469,0.023971811291173317,14889,0.032041499149244534
0,patch_15_32,3840,4096,8192,8448,65536,MSAVI,0.18359375,36717,,,,
0,patch_15_32,3840,4096,8192,8448,65536,NDVI,-0.41796875,4981,15398,0.017119780570388737,17401,0.02116630827730223
0,patch_15_33,3840,4096,8448,8704,65536,MSAVI,-0.12890625,32644,,,,
0,patch_15_33,3840,4096,8448,8704,65536,NDVI,-0.45703125,40817,19455,0.012805119755520122,22964,0.02241109963706206
0,patch_15_34,3840,4096,8704,8960,65536,MSAVI,-0.17578125,35501,,,,
0,patch_15_34,3840,4096,8704,8960,65536,NDVI,-0.51171875,38391,18735,0.017369018710474277,20213,0.02542534097993862
0,patch_15_35,3840,4096,8960,9216,65536,MSAVI,-0.31640625,36846,,,,
0,patch_15_35,3840,4096,8960,9216,65536,NDVI,-0.49609375,43346,14326,0.013964589416791656,16622,0.022820601252181355
0,patch_16_0,4096,4352,0,256,65536,MSAVI,0.02734375,47028,,,,
0,patch_16_0,4096,4352,0,256,65536,NDVI,-0.66796875,12918,0,0.0,0,0.009808042386020944
0,patch_16_1,4096,4352,256,512,65536,MSAVI,-0.34765625,48933,,,,
0,patch_16_1,4096,4352,256,512,65536,NDVI,-0.62890625,12595,0,0.0,0,0.009808042386020944
0,patch_16_2,4096,4352,512,768,65536,MSAVI,-0.30859375,47045,,,,
0,patch_16_2,4096,4352,512,768,65536,NDVI,-0.63671875,15774,0,0.0,0,0.009808042386020944
0,patch_16_3,4096,4352,768,1024,65536,MSAVI,-0.37890625,53600,,,,
0,patch_16_3,4096,4352,768,1024,65536,NDVI,-0.62109375,10202,894,0.03020646089949472,1051,0.0407510807030696
0,patch_16_4,4096,4352,1024,1280,65536,MSAVI,-0.21484375,62513,,,,
0,patch_16_4,4096,4352,1024,1280,65536,NDVI,-0.65234375,2115,104,0.046010852958561915,104,0.057747541781793976
0,patch_16_5,4096,4352,1280,1536,65536,MSAVI,-0.19921875,58105,,,,
0,patch_16_5,4096,4352,1280,1536,65536,NDVI,-0.69921875,3991,2283,0.03878827400601881,2169,0.04932164053499383
0,patch_16_6,4096,4352,1536,1792,65536,MSAVI,-0.30078125,62206,,,,
0,patch_16_6,4096,4352,1536,1792,65536,NDVI,-0.67578125,2170,0,0.04897943964203305,0,0.06168440914570891
0,patch_16_7,4096,4352,1792,2048,65536,MSAVI,-0.29296875,62743,,,,
0,patch_16_7,4096,4352,1792,2048,65536,NDVI,-0.67578125,1671,0,0.04794028687206242,0,0.06094382510362739
0,patch_16_8,4096,4352,2048,2304,65536,MSAVI,-0.44921875,51150,,,,
0,patch_16_8,4096,4352,2048,2304,65536,NDVI,-0.37109375,840,5727,0.03740459891699524,5967,0.0448072387364187
0,patch_16_9,4096,4352,2304,2560,65536,MSAVI,-0.43359375,61726,,,,
0,patch_16_9,4096,4352,2304,2560,65536,NDVI,-0.62890625,1696,0,0.04324112841410073,0,0.055874535484919
0,patch_16_10,4096,4352,2560,2816,65536,MSAVI,-0.30859375,61534,,,,
0,patch_16_10,4096,4352,2560,2816,65536,NDVI,-0.67578125,1766,66,0.04241954821782802,66,0.05629691727524322
0,patch_16_11,4096,4352,2816,3072,65536,MSAVI,-0.34765625,61803,,,,
0,patch_16_11,4096,4352,2816,3072,65536,NDVI,-0.66015625,2007,207,0.04449957958118288,207,0.05589529844435437
0,patch_16_12,4096,4352,3072,3328,65536,MSAVI,-0.37109375,48248,,,,
0,patch_16_12,4096,4352,3072,3328,65536,NDVI,-0.74609375,8162,14452,0.033660055201772315,15308,0.04270807823920325
0,patch_16_13,4096,4352,3328,3584,65536,MSAVI,-0.39453125,47736,,,,
0,patch_16_13,4096,4352,3328,3584,65536,NDVI,-0.76953125,7188,9396,0.03107619817900037,9590,0.03730625176193489
0,patch_16_14,4096,4352,3584,3840,65536,MSAVI,-0.24609375,38674,,,,
0,patch_16_14,4096,4352,3584,3840,65536,NDVI,-0.54296875,2824,5663,0.010337050364576716,7937,0.016180374864495722
0,patch_16_15,4096,4352,3840,4096,65536,MSAVI,-0.27734375,36000,,,,
0,patch_16_15,4096,4352,3840,4096,65536,NDVI,-0.60546875,4273,7047,0.007841443488904698,10885,0.013714438977325993
0,patch_16_16,4096,4352,4096,4352,65536,MSAVI,-0.25390625,38640,,,,
0,patch_16_16,4096,4352,4096,4352,65536,NDVI,-0.59765625,5037,12568,0.014404564315746798,14765,0.020780950741177695
0,patch_16_17,4096,4352,4352,4608,65536,MSAVI,0.06640625,40062,,,,
0,patch_16_17,4096,4352,4352,4608,65536,NDVI,-0.58984375,7356,11794,0.014289743950380018,14089,0.022604756368628853
0,patch_16_18,4096,4352,4608,4864,65536,MSAVI,-0.19921875,36263,,,,
0,patch_16_18,4096,4352,4608,4864,65536,NDVI,-0.56640625,6422,12453,0.01071231293328015,16439,0.018645108519694892
0,patch_16_19,4096,4352,4864,5120,65536,MSAVI,-0.26171875,38191,,,,
0,patch_16_19,4096,4352,4864,5120,65536,NDVI,-0.47265625,4920,4580,0.010675600115887474,9013,0.018714598775474017
0,patch_16_20,4096,4352,5120,5376,65536,MSAVI,-0.37890625,35821,,,,
0,patch_16_20,4096,4352,5120,5376,65536,NDVI,-0.76953125,48545,12677,0.011298898868174284,15486,0.019613491466739796
0,patch_16_21,4096,4352,5376,5632,65536,MSAVI,-0.13671875,37009,,,,
0,patch_16_21,4096,4352,5376,5632,65536,NDVI,-0.58203125,7630,20465,0.0180986127787712,22080,0.024711066877281945
0,patch_16_22,4096,4352,5632,5888,65536,MSAVI,-0.13671875,36214,,,,
0,patch_16_22,4096,4352,5632,5888,65536,NDVI,-0.48828125,4412,7301,0.008013929147415805,10376,0.01479814521594841
0,patch_16_23,4096,4352,5888,6144,65536,MSAVI,-0.35546875,40140,,,,
0,patch_16_23,4096,4352,5888,6144,65536,NDVI,-0.59765625,4185,6104,0.014825389217421686,9009,0.02174767650413731
0,patch_16_24,4096,4352,6144,6400,65536,MSAVI,-0.12890625,36813,,,,
0,patch_16_24,4096,4352,6144,6400,65536,NDVI,-0.52734375,4694,8362,0.009891221468776967,12371,0.016273998250162486
0,patch_16_25,4096,4352,6400,6656,65536,MSAVI,-0.19140625,35246,,,,
0,patch_16_25,4096,4352,6400,6656,65536,NDVI,-0.71484375,48211,11479,0.008190887751977155,16444,0.014423046067236073
0,patch_16_26,4096,4352,6656,6912,65536,MSAVI,-0.26171875,34105,,,,
0,patch_16_26,4096,4352,6656,6912,65536,NDVI,-0.58984375,4940,10131,0.006740597945020049,12831,0.011144764445822852
0,patch_16_27,4096,4352,6912,7168,65536,MSAVI,-0.41015625,40650,,,,
0,patch_16_27,4096,4352,6912,7168,65536,NDVI,-0.76953125,6214,7341,0.015513668055987695,9000,0.021570577701264526
0,patch_16_28,4096,4352,7168,7424,65536,MSAVI,-0.37890625,41576,,,,
0,patch_16_28,4096,4352,7168,7424,65536,NDVI,-0.68359375,4007,9857,0.01903276538841367,11829,0.026611214669764044
0,patch_16_29,4096,4352,7424,7680,65536,MSAVI,-0.17578125,32830,,,,
0,patch_16_29,4096,4352,7424,7680,65536,NDVI,-0.70703125,47314,16829,0.0054237814709696686,22232,0.01689080788427269
0,patch_16_30,4096,4352,7680,7936,65536,MSAVI,-0.25390625,39654,,,,
0,patch_16_30,4096,4352,7680,7936,65536,NDVI,-0.62109375,6494,13232,0.01899636155385731,14937,0.025346569510974276
0,patch_16_31,4096,4352,7936,8192,65536,MSAVI,-0.17578125,35848,,,,
0,patch_16_31,4096,4352,7936,8192,65536,NDVI,-0.44140625,5769,8512,0.0071469353356636844,14560,0.01616416752731012
0,patch_16_32,4096,4352,8192,8448,65536,MSAVI,-0.14453125,35554,,,,
0,patch_16_32,4096,4352,8192,8448,65536,NDVI,-0.68359375,48730,7051,0.006737163925357226,12241,0.013707097156952314
0,patch_16_33,4096,4352,8448,8704,65536,MSAVI,0.19921875,28783,,,,
0,patch_16_33,4096,4352,8448,8704,65536,NDVI,-0.56640625,38632,7073,-0.005056637784890072,28685,0.014092459183745465
0,patch_16_34,4096,4352,8704,8960,65536,MSAVI,-0.35546875,32789,,,,
0,patch_16_34,4096,4352,8704,8960,65536,NDVI,-0.38671875,38129,17111,0.007611328178756788,25202,0.021763559877699457
0,patch_16_35,4096,4352,8960,9216,65536,MSAVI,-0.30078125,35650,,,,
0,patch_16_35,4096,4352,8960,9216,65536,NDVI,-0.54296875,43368,15256,0.01342753309891867,18052,0.02061540857262542
0,patch_17_0,4352,4608,0,256,65536,MSAVI,-0.01953125,48824,,,,
0,patch_17_0,4352,4608,0,256,65536,NDVI,-0.75390625,6835,0,0.0,0,0.009808042386020944
0,patch_17_1,4352,4608,256,512,65536,MSAVI,-0.33203125,47876,,,,
0,patch_17_1,4352,4608,256,512,65536,NDVI,-0.63671875,11867,0,0.0,0,0.009808042386020944
0,patch_17_2,4352,4608,512,768,65536,MSAVI,-0.35546875,48960,,,,
0,patch_17_2,4352,4608,512,768,65536,NDVI,-0.62109375,12552,0,0.0,0,0.009808042386020944
0,patch_17_3,4352,4608,768,1024,65536,MSAVI,-0.35546875,43601,,,,
0,patch_17_3,4352,4608,768,1024,65536,NDVI,-0.65234375,18309,1081,0.016532290923033544,1403,0.02683747580057544
0,patch_17_4,4352,4608,1024,1280,65536,MSAVI,-0.26171875,52817,,,,
0,patch_17_4,4352,4608,1024,1280,65536,NDVI,-0.62109375,9922,466,0.03543371973886106,436,0.04587046529369346
0,patch_17_5,4352,4608,1280,1536,65536,MSAVI,-0.04296875,58519,,,,
0,patch_17_5,4352,4608,1280,1536,65536,NDVI,-0.64453125,2708,359,0.03684848920793368,305,0.04913497626333449
0,patch_17_6,4352,4608,1536,1792,65536,MSAVI,-0.27734375,61579,,,,
0,patch_17_6,4352,4608,1536,1792,65536,NDVI,-0.70703125,2612,0,0.04276807755334998,0,0.06106197488629653
0,patch_17_7,4352,4608,1792,2048,65536,MSAVI,-0.23828125,61153,,,,
0,patch_17_7,4352,4608,1792,2048,65536,NDVI,-0.64453125,2944,0,0.042105806524078415,0,0.05510627716856609
0,patch_17_8,4352,4608,2048,2304,65536,MSAVI,-0.32421875,51649,,,,
0,patch_17_8,4352,4608,2048,2304,65536,NDVI,-0.65234375,1155,4200,0.03328887310894654,4182,0.04395509890828184
0,patch_17_9,4352,4608,2304,2560,65536,MSAVI,-0.19921875,61459,,,,
0,patch_17_9,4352,4608,2304,2560,65536,NDVI,-0.63671875,2009,0,0.043965541488840784,0,0.059493574132939125
0,patch_17_10,4352,4608,2560,2816,65536,MSAVI,-0.41015625,57197,,,,
0,patch_17_10,4352,4608,2560,2816,65536,NDVI,-0.69921875,3169,2973,0.037203359559791094,2717,0.05056752447246668
0,patch_17_11,4352,4608,2816,3072,65536,MSAVI,-0.52734375,46704,,,,
0,patch_17_11,4352,4608,2816,3072,65536,NDVI,-0.67578125,5367,13776,0.030177535534457595,14019,0.04265255609671245
0,patch_17_12,4352,4608,3072,3328,65536,MSAVI,-0.30859375,46932,,,,
0,patch_17_12,4352,4608,3072,3328,65536,NDVI,-0.68359375,4487,8299,0.028585176605732676,9099,0.03666313559365969
0,patch_17_13,4352,4608,3328,3584,65536,MSAVI,-0.33203125,41816,,,,
0,patch_17_13,4352,4608,3328,3584,65536,NDVI,-0.58984375,2162,3306,0.016393945965155365,4015,0.01989775591587059
0,patch_17_14,4352,4608,3584,3840,65536,MSAVI,-0.28515625,36649,,,,
0,patch_17_14,4352,4608,3584,3840,65536,NDVI,-0.60546875,4451,6352,0.009789462252959957,8176,0.013615341700437267
0,patch_17_15,4352,4608,3840,4096,65536,MSAVI,-0.35546875,41893,,,,
0,patch_17_15,4352,4608,3840,4096,65536,NDVI,-0.66796875,3914,4488,0.017948036424366487,5715,0.021013128307542317
0,patch_17_16,4352,4608,4096,4352,65536,MSAVI,-0.26953125,42433,,,,
0,patch_17_16,4352,4608,4096,4352,65536,NDVI,-0.56640625,2553,4496,0.017330627612128585,6251,0.021195366478492905
0,patch_17_17,4352,4608,4352,4608,65536,MSAVI,-0.33984375,37232,,,,
0,patch_17_17,4352,4608,4352,4608,65536,NDVI,-0.64453125,6071,5917,0.009524658217597959,8898,0.01396015635106243
0,patch_17_18,4352,4608,4608,4864,65536,MSAVI,-0.05078125,37003,,,,
0,patch_17_18,4352,4608,4608,4864,65536,NDVI,-0.58984375,6182,10757,0.010813407840749328,13512,0.018062310612106253
0,patch_17_19,4352,4608,4864,5120,65536,MSAVI,-0.29296875,37945,,,,
0,patch_17_19,4352,4608,4864,5120,65536,NDVI,-0.52734375,3936,8084,0.009839589423938089,11491,0.015945763407987035
0,patch_17_20,4352,4608,5120,5376,65536,MSAVI,-0.00390625,35808,,,,
0,patch_17_20,4352,4608,5120,5376,65536,NDVI,-0.66796875,45766,15271,0.009703530905958768,19016,0.019261762757503437
0,patch_17_21,4352,4608,5376,5632,65536,MSAVI,-0.33203125,39624,,,,
0,patch_17_21,4352,4608,5376,5632,65536,NDVI,-0.56640625,3748,20437,0.026682171700190077,21976,0.032121354687329795
0,patch_17_22,4352,4608,5632,5888,65536,MSAVI,-0.17578125,38741,,,,
0,patch_17_22,4352,4608,5632,5888,65536,NDVI,-0.60546875,5154,9031,0.014436147643052677,12053,0.021832760692039155
0,patch_17_23,4352,4608,5888,6144,65536,MSAVI,-0.27734375,37020,,,,
0,patch_17_23,4352,4608,5888,6144,65536,NDVI,-0.61328125,4785,12481,0.012163530512105919,15896,0.01995801920756493
0,patch_17_24,4352,4608,6144,6400,65536,MSAVI,-0.18359375,38504,,,,
0,patch_17_24,4352,4608,6144,6400,65536,NDVI,-0.58984375,5598,9835,0.013811030878083136,12265,0.020198197429845105
0,patch_17_25,4352,4608,6400,6656,65536,MSAVI,-0.26171875,37190,,,,
0,patch_17_25,4352,4608,6400,6656,65536,NDVI,-0.62890625,4898,11712,0.010909720683640628,13677,0.017576722112302018
0,patch_17_26,4352,4608,6656,6912,65536,MSAVI,-0.13671875,34688,,,,
0,patch_17_26,4352,4608,6656,6912,65536,NDVI,-0.62890625,7765,10536,0.005495346327784895,16191,0.014484235351320873
0,patch_17_27,4352,4608,6912,7168,65536,MSAVI,-0.23828125,34479,,,,
0,patch_17_27,4352,4608,6912,7168,65536,NDVI,-0.60546875,6502,8569,0.006436294558547301,17306,0.016406635347808785
0,patch_17_28,4352,4608,7168,7424,65536,MSAVI,-0.53515625,42455,,,,
0,patch_17_28,4352,4608,7168,7424,65536,NDVI,-0.51953125,1570,9443,0.021319461945161128,10304,0.03129584047621095
0,patch_17_29,4352,4608,7424,7680,65536,MSAVI,-0.35546875,38182,,,,
0,patch_17_29,4352,4608,7424,7680,65536,NDVI,-0.76171875,50111,10925,0.013679298837871418,14166,0.021743358996676898
0,patch_17_30,4352,4608,7680,7936,65536,MSAVI,0.17578125,34355,,,,
0,patch_17_30,4352,4608,7680,7936,65536,NDVI,-0.61328125,46893,11784,0.006748272288088164,17852,0.01635355829645513
0,patch_17_31,4352,4608,7936,8192,65536,MSAVI,-0.08984375,35773,,,,
0,patch_17_31,4352,4608,7936,8192,65536,NDVI,-0.40234375,5924,10832,0.009049287592418132,14260,0.016010991961192572
0,patch_17_32,4352,4608,8192,8448,65536,MSAVI,-0.19921875,34516,,,,
0,patch_17_32,4352,4608,8192,8448,65536,NDVI,-0.59765625,45927,12076,0.006821164996178936,19626,0.015395246321691897
0,patch_17_33,4352,4608,8448,8704,65536,MSAVI,-0.39453125,30014,,,,
0,patch_17_33,4352,4608,8448,8704,65536,NDVI,-0.60546875,38129,8072,-0.003063777365757331,65536,0.018840648297110518
0,patch_17_34,4352,4608,8704,8960,65536,MSAVI,-0.46484375,30384,,,,
0,patch_17_34,4352,4608,8704,8960,65536,NDVI,-0.76953125,39039,1568,-0.00979302751712377,65536,0.016706500112865286
0,patch_17_35,4352,4608,8960,9216,65536,MSAVI,0.17578125,31142,,,,
0,patch_17_35,4352,4608,8960,9216,65536,NDVI,-0.44921875,38620,13990,0.004712855824900358,21529,0.016941088923780323
0,patch_18_0,4608,4864,0,256,65536,MSAVI,-0.33984375,49279,,,,
0,patch_18_0,4608,4864,0,256,65536,NDVI,-0.71484375,8950,0,0.0,0,0.009808042386020944
0,patch_18_1,4608,4864,256,512,65536,MSAVI,-0.37109375,51493,,,,
0,patch_18_1,4608,4864,256,512,65536,NDVI,-0.65234375,8238,0,0.0,0,0.009808042386020944
0,patch_18_2,4608,4864,512,768,65536,MSAVI,-0.35546875,55766,,,,
0,patch_18_2,4608,4864,512,768,65536,NDVI,-0.59765625,6522,0,0.0,0,0.009808042386020944
0,patch_18_3,4608,4864,768,1024,65536,MSAVI,-0.25390625,49437,,,,
0,patch_18_3,4608,4864,768,1024,65536,NDVI,-0.57421875,11857,1085,0.026327366380648032,1288,0.03626289770453103
0,patch_18_4,4608,4864,1024,1280,65536,MSAVI,-0.26171875,44424,,,,
0,patch_18_4,4608,4864,1024,1280,65536,NDVI,-0.62890625,17134,1983,0.017273953691672145,2212,0.029269854878994472
0,patch_18_5,4608,4864,1280,1536,65536,MSAVI,-0.30859375,56336,,,,
0,patch_18_5,4608,4864,1280,1536,65536,NDVI,-0.62890625,6314,0,0.03595731749305389,0,0.04849661933566357
0,patch_18_6,4608,4864,1536,1792,65536,MSAVI,-0.07421875,58925,,,,
0,patch_18_6,4608,4864,1536,1792,65536,NDVI,-0.62890625,2687,715,0.041303864934253504,744,0.05309013477979657
0,patch_18_7,4608,4864,1792,2048,65536,MSAVI,-0.04296875,55529,,,,
0,patch_18_7,4608,4864,1792,2048,65536,NDVI,-0.64453125,6388,869,0.03707373315812171,1000,0.04879693218833411
0,patch_18_8,4608,4864,2048,2304,65536,MSAVI,-0.40234375,54487,,,,
0,patch_18_8,4608,4864,2048,2304,65536,NDVI,-0.66796875,7520,1607,0.037690399432295824,1770,0.04773852988741534
0,patch_18_9,4608,4864,2304,2560,65536,MSAVI,-0.29296875,57256,,,,
0,patch_18_9,4608,4864,2304,2560,65536,NDVI,-0.62109375,4681,545,0.03379246381055126,602,0.0465777132760902
0,patch_18_10,4608,4864,2560,2816,65536,MSAVI,-0.41796875,53936,,,,
0,patch_18_10,4608,4864,2560,2816,65536,NDVI,-0.54296875,1666,5446,0.036911068841337547,5333,0.04803163697844018
0,patch_18_11,4608,4864,2816,3072,65536,MSAVI,-0.32421875,38193,,,,
0,patch_18_11,4608,4864,2816,3072,65536,NDVI,-0.61328125,9092,18609,0.021405700365287966,19871,0.03004576154186933
0,patch_18_12,4608,4864,3072,3328,65536,MSAVI,-0.45703125,47532,,,,
0,patch_18_12,4608,4864,3072,3328,65536,NDVI,-0.66796875,5530,13614,0.03376525449704579,13957,0.042903358966447286
0,patch_18_13,4608,4864,3328,3584,65536,MSAVI,-0.27734375,42217,,,,
0,patch_18_13,4608,4864,3328,3584,65536,NDVI,-0.66015625,4967,10080,0.02095211679533346,11431,0.031122697188222526
0,patch_18_14,4608,4864,3584,3840,65536,MSAVI,-0.36328125,45622,,,,
0,patch_18_14,4608,4864,3584,3840,65536,NDVI,-0.60546875,2720,4295,0.023805477111179113,5732,0.029361503286531893
0,patch_18_15,4608,4864,3840,4096,65536,MSAVI,-0.39453125,45791,,,,
0,patch_18_15,4608,4864,3840,4096,65536,NDVI,-0.50390625,962,7486,0.026104965152124043,7998,0.0334056300395463
0,patch_18_16,4608,4864,4096,4352,65536,MSAVI,-0.29296875,39267,,,,
0,patch_18_16,4608,4864,4096,4352,65536,NDVI,-0.73046875,46505,11161,0.01491108885770992,13641,0.021766461300079226
0,patch_18_17,4608,4864,4352,4608,65536,MSAVI,-0.24609375,36796,,,,
0,patch_18_17,4608,4864,4352,4608,65536,NDVI,-0.57421875,4978,9309,0.010379751650444219,14171,0.017626437544741053
0,patch_18_18,4608,4864,4608,4864,65536,MSAVI,-0.26953125,36183,,,,
0,patch_18_18,4608,4864,4608,4864,65536,NDVI,-0.53515625,6347,10300,0.009419642084540075,13839,0.014679104109482671
0,patch_18_19,4608,4864,4864,5120,65536,MSAVI,-0.17578125,32559,,,,
0,patch_18_19,4608,4864,4864,5120,65536,NDVI,-0.66796875,46780,12460,0.0012895108609947137,20975,0.013911172071802341
0,patch_18_20,4608,4864,5120,5376,65536,MSAVI,-0.55078125,36931,,,,
0,patch_18_20,4608,4864,5120,5376,65536,NDVI,-0.73046875,44266,15316,0.014800421431236749,18142,0.024497692187896297
0,patch_18_21,4608,4864,5376,5632,65536,MSAVI,-0.18359375,40501,,,,
0,patch_18_21,4608,4864,5376,5632,65536,NDVI,-0.73828125,48927,7725,0.014619953492675974,9108,0.020570660991366257
0,patch_18_22,4608,4864,5632,5888,65536,MSAVI,-0.19921875,38255,,,,
0,patch_18_22,4608,4864,5632,5888,65536,NDVI,-0.53515625,5840,12247,0.014639185284334388,15365,0.020263150598849172
0,patch_18_23,4608,4864,5888,6144,65536,MSAVI,-0.39453125,37277,,,,
0,patch_18_23,4608,4864,5888,6144,65536,NDVI,-0.65234375,6860,10640,0.010170814316458665,16457,0.017287653576668782
0,patch_18_24,4608,4864,6144,6400,65536,MSAVI,-0.31640625,36077,,,,
0,patch_18_24,4608,4864,6144,6400,65536,NDVI,-0.62890625,7521,13698,0.010838006596275318,18202,0.019045164294347966
0,patch_18_25,4608,4864,6400,6656,65536,MSAVI,-0.27734375,34348,,,,
0,patch_18_25,4608,4864,6400,6656,65536,NDVI,-0.64453125,5078,13637,0.006191859037570191,20011,0.016284623993116892
0,patch_18_26,4608,4864,6656,6912,65536,MSAVI,-0.12890625,37357,,,,
0,patch_18_26,4608,4864,6656,6912,65536,NDVI,-0.48046875,5343,10560,0.011527504134774935,13767,0.018862772784833004
0,patch_18_27,4608,4864,6912,7168,65536,MSAVI,-0.10546875,36409,,,,
0,patch_18_27,4608,4864,6912,7168,65536,NDVI,-0.46484375,5209,9058,0.008283371670640693,12331,0.013482135105617604
0,patch_18_28,4608,4864,7168,7424,65536,MSAVI,-0.37890625,36431,,,,
0,patch_18_28,4608,4864,7168,7424,65536,NDVI,-0.63671875,4577,6524,0.008643056521256215,10405,0.01277717495928482
0,patch_18_29,4608,4864,7424,7680,65536,MSAVI,-0.37890625,45320,,,,
0,patch_18_29,4608,4864,7424,7680,65536,NDVI,-0.51953125,1431,7960,0.02793128587655594,9033,0.03353040209806096
0,patch_18_30,4608,4864,7680,7936,65536,MSAVI,-0.32421875,31251,,,,
0,patch_18_30,4608,4864,7680,7936,65536,NDVI,-0.66796875,5540,19546,0.003864181500673275,26703,0.016983038622026603
0,patch_18_31,4608,4864,7936,8192,65536,MSAVI,-0.36328125,37023,,,,
0,patch_18_31,4608,4864,7936,8192,65536,NDVI,-0.66015625,6360,6507,0.008906239408748323,10587,0.015738491126207926
0,patch_18_32,4608,4864,8192,8448,65536,MSAVI,-0.16796875,35164,,,,
0,patch_18_32,4608,4864,8192,8448,65536,NDVI,-0.47265625,6294,13118,0.008022663554149545,17268,0.015647699852493535
0,patch_18_33,4608,4864,8448,8704,65536,MSAVI,-0.29296875,34210,,,,
0,patch_18_33,4608,4864,8448,8704,65536,NDVI,-0.75390625,45296,10593,0.006164974354877589,16642,0.015417123625219242
0,patch_18_34,4608,4864,8704,8960,65536,MSAVI,-0.19921875,30989,,,,
0,patch_18_34,4608,4864,8704,8960,65536,NDVI,-0.64453125,41351,12734,0.0024041690555989537,65468,0.0163655803494272
0,patch_18_35,4608,4864,8960,9216,65536,MSAVI,-0.43359375,33112,,,,
0,patch_18_35,4608,4864,8960,9216,65536,NDVI,-0.67578125,44519,15871,0.008126867798288168,21849,0.01839584342768616
0,patch_19_0,4864,5120,0,256,65536,MSAVI,-0.33203125,50934,,,,
0,patch_19_0,4864,5120,0,256,65536,NDVI,-0.69140625,5752,0,0.0,0,0.009808042386020944
0,patch_19_1,4864,5120,256,512,65536,MSAVI,-0.27734375,51848,,,,
0,patch_19_1,4864,5120,256,512,65536,NDVI,-0.66796875,8137,0,0.0,0,0.009808042386020944
0,patch_19_2,4864,5120,512,768,65536,MSAVI,-0.27734375,55001,,,,
0,patch_19_2,4864,5120,512,768,65536,NDVI,-0.56640625,6753,347,0.029920578883796026,518,0.04237132732404139
0,patch_19_3,4864,5120,768,1024,65536,MSAVI,-0.27734375,55150,,,,
0,patch_19_3,4864,5120,768,1024,65536,NDVI,-0.57421875,6502,527,0.03327910702873102,631,0.04514728465991369
0,patch_19_4,4864,5120,1024,1280,65536,MSAVI,-0.34765625,49115,,,,
0,patch_19_4,4864,5120,1024,1280,65536,NDVI,-0.63671875,11579,724,0.026721364824671356,755,0.03663174448156986
0,patch_19_5,4864,5120,1280,1536,65536,MSAVI,-0.28515625,52738,,,,
0,patch_19_5,4864,5120,1280,1536,65536,NDVI,-0.56640625,8587,241,0.03158444880353797,350,0.04322735994780552
0,patch_19_6,4864,5120,1536,1792,65536,MSAVI,-0.25390625,61723,,,,
0,patch_19_6,4864,5120,1536,1792,65536,NDVI,-0.64453125,2195,290,0.044901704315498656,290,0.05850070477771144
0,patch_19_7,4864,5120,1792,2048,65536,MSAVI,-0.19140625,61204,,,,
0,patch_19_7,4864,5120,1792,2048,65536,NDVI,-0.59765625,2628,67,0.04394133456942455,74,0.056645303050160495
0,patch_19_8,4864,5120,2048,2304,65536,MSAVI,-0.30859375,53117,,,,
0,patch_19_8,4864,5120,2048,2304,65536,NDVI,-0.62109375,9250,501,0.03170589302996418,641,0.04275887613388926
0,patch_19_9,4864,5120,2304,2560,65536,MSAVI,-0.30078125,52278,,,,
0,patch_19_9,4864,5120,2304,2560,65536,NDVI,-0.63671875,9821,1322,0.030446095577223137,1436,0.04078870402951315
0,patch_19_10,4864,5120,2560,2816,65536,MSAVI,-0.31640625,61629,,,,
0,patch_19_10,4864,5120,2560,2816,65536,NDVI,-0.64453125,2308,81,0.04279221052538626,0,0.055895092009293185
0,patch_19_11,4864,5120,2816,3072,65536,MSAVI,-0.51953125,55351,,,,
0,patch_19_11,4864,5120,2816,3072,65536,NDVI,-0.57421875,1311,2129,0.039315504095900955,2292,0.048728198728241356
0,patch_19_12,4864,5120,3072,3328,65536,MSAVI,-0.37890625,54333,,,,
0,patch_19_12,4864,5120,3072,3328,65536,NDVI,-0.55078125,2459,4429,0.03679276127608319,4735,0.047009970774554655
0,patch_19_13,4864,5120,3328,3584,65536,MSAVI,-0.08203125,42228,,,,
0,patch_19_13,4864,5120,3328,3584,65536,NDVI,-0.62109375,4176,6126,0.020019143428886055,7818,0.025319277665630358
0,patch_19_14,4864,5120,3584,3840,65536,MSAVI,-0.39453125,47580,,,,
0,patch_19_14,4864,5120,3584,3840,65536,NDVI,-0.64453125,3549,7272,0.02768922703192886,7637,0.03676258069334784
0,patch_19_15,4864,5120,3840,4096,65536,MSAVI,-0.35546875,48975,,,,
0,patch_19_15,4864,5120,3840,4096,65536,NDVI,-0.69921875,5282,6241,0.03143797865705175,6802,0.038979585616050055
0,patch_19_16,4864,5120,4096,4352,65536,MSAVI,-0.36328125,43035,,,,
0,patch_19_16,4864,5120,4096,4352,65536,NDVI,-0.48046875,3034,13060,0.02525466654487102,65536,0.03172289153168997
0,patch_19_17,4864,5120,4352,4608,65536,MSAVI,0.09765625,35949,,,,
0,patch_19_17,4864,5120,4352,4608,65536,NDVI,-0.51171875,5167,13240,0.007897057542499614,18254,0.018603774761553338
0,patch_19_18,4864,5120,4608,4864,65536,MSAVI,-0.24609375,34020,,,,
0,patch_19_18,4864,5120,4608,4864,65536,NDVI,-0.69140625,49144,8804,0.0035534404792645635,14284,0.011808844988568157
0,patch_19_19,4864,5120,4864,5120,65536,MSAVI,-0.09765625,35118,,,,
0,patch_19_19,4864,5120,4864,5120,65536,NDVI,-0.50390625,46622,7064,0.0074281942554096925,12990,0.014473349437352317
0,patch_19_20,4864,5120,5120,5376,65536,MSAVI,-0.12109375,35339,,,,
0,patch_19_20,4864,5120,5120,5376,65536,NDVI,-0.58203125,42643,12869,0.007886423542753124,18334,0.018423705098112364
0,patch_19_21,4864,5120,5376,5632,65536,MSAVI,-0.37890625,38278,,,,
0,patch_19_21,4864,5120,5376,5632,65536,NDVI,-0.67578125,47479,16841,0.020961981379858635,17268,0.029347130378838432
0,patch_19_22,4864,5120,5632,5888,65536,MSAVI,-0.31640625,34470,,,,
0,patch_19_22,4864,5120,5632,5888,65536,NDVI,-0.56640625,4586,14707,0.0046234138019943805,20734,0.017777690742203006
0,patch_19_23,4864,5120,5888,6144,65536,MSAVI,-0.18359375,35450,,,,
0,patch_19_23,4864,5120,5888,6144,65536,NDVI,-0.56640625,4129,13208,0.008567088526991895,17232,0.016676417370259017
0,patch_19_24,4864,5120,6144,6400,65536,MSAVI,-0.11328125,34383,,,,
0,patch_19_24,4864,5120,6144,6400,65536,NDVI,-0.63671875,9509,10872,0.005835597848781349,16552,0.014063210198472065
0,patch_19_25,4864,5120,6400,6656,65536,MSAVI,-0.57421875,41549,,,,
0,patch_19_25,4864,5120,6400,6656,65536,NDVI,-0.82421875,8757,13842,0.01861154959115313,15551,0.02514130519470495
0,patch_19_26,4864,5120,6656,6912,65536,MSAVI,-0.07421875,32369,,,,
0,patch_19_26,4864,5120,6656,6912,65536,NDVI,-0.69140625,47909,15451,0.005392352007634077,22527,0.01425947776676384
0,patch_19_27,4864,5120,6912,7168,65536,MSAVI,0.01953125,34248,,,,
0,patch_19_27,4864,5120,6912,7168,65536,NDVI,-0.64453125,6790,15106,0.007250162405044586,19630,0.015794646994534478
0,patch_19_28,4864,5120,7168,7424,65536,MSAVI,-0.17578125,31646,,,,
0,patch_19_28,4864,5120,7168,7424,65536,NDVI,-0.49609375,7975,12744,0.0032029235965351788,17654,0.010782587262025273
0,patch_19_29,4864,5120,7424,7680,65536,MSAVI,-0.26953125,40836,,,,
0,patch_19_29,4864,5120,7424,7680,65536,NDVI,-0.69140625,5853,7636,0.018846397194712233,9380,0.026023062924034696
0,patch_19_30,4864,5120,7680,7936,65536,MSAVI,-0.45703125,37909,,,,
0,patch_19_30,4864,5120,7680,7936,65536,NDVI,-0.44921875,1165,9871,0.011161646496881311,13282,0.019280834615406806
0,patch_19_31,4864,5120,7936,8192,65536,MSAVI,-0.43359375,47574,,,,
0,patch_19_31,4864,5120,7936,8192,65536,NDVI,-0.65234375,3566,3695,0.028249003186220284,4781,0.036918615212429756
0,patch_19_32,4864,5120,8192,8448,65536,MSAVI,-0.27734375,38354,,,,
0,patch_19_32,4864,5120,8192,8448,65536,NDVI,-0.55859375,5501,11792,0.015280495997749166,14277,0.021482019226439136
0,patch_19_33,4864,5120,8448,8704,65536,MSAVI,-0.22265625,34409,,,,
0,patch_19_33,4864,5120,8448,8704,65536,NDVI,-0.69921875,45852,15540,0.008882863986193729,20785,0.02062476601131094
0,patch_19_34,4864,5120,8704,8960,65536,MSAVI,0.01953125,34520,,,,
0,patch_19_34,4864,5120,8704,8960,65536,NDVI,-0.56640625,43785,14297,0.010829394189737163,19852,0.019895456656679078
0,patch_19_35,4864,5120,8960,9216,65536,MSAVI,-0.12890625,36556,,,,
0,patch_19_35,4864,5120,8960,9216,65536,NDVI,-0.64453125,47719,13361,0.014136871224246367,17872,0.024527679891251625
0,patch_20_0,5120,5376,0,256,65536,MSAVI,-0.18359375,49359,,,,
0,patch_20_0,5120,5376,0,256,65536,NDVI,-0.69921875,8188,0,0.0,0,0.009808042386020944
0,patch_20_1,5120,5376,256,512,65536,MSAVI,0.20703125,49160,,,,
0,patch_20_1,5120,5376,256,512,65536,NDVI,-0.67578125,9376,0,0.0,0,0.009808042386020944
0,patch_20_2,5120,5376,512,768,65536,MSAVI,-0.13671875,53092,,,,
0,patch_20_2,5120,5376,512,768,65536,NDVI,-0.64453125,6629,278,0.025903247055742318,78,0.037304982898645145
0,patch_20_3,5120,5376,768,1024,65536,MSAVI,-0.28515625,58839,,,,
0,patch_20_3,5120,5376,768,1024,65536,NDVI,-0.59765625,3567,687,0.0413631170990745,673,0.05222361956349525
0,patch_20_4,5120,5376,1024,1280,65536,MSAVI,-0.36328125,55856,,,,
0,patch_20_4,5120,5376,1024,1280,65536,NDVI,-0.55078125,5058,225,0.03562525285076687,225,0.04686348786408498
0,patch_20_5,5120,5376,1280,1536,65536,MSAVI,-0.28515625,54446,,,,
0,patch_20_5,5120,5376,1280,1536,65536,NDVI,-0.57421875,7322,0,0.0321235458293045,81,0.04338911340608137
0,patch_20_6,5120,5376,1536,1792,65536,MSAVI,-0.18359375,57493,,,,
0,patch_20_6,5120,5376,1536,1792,65536,NDVI,-0.55859375,5542,0,0.03040248965851855,0,0.047129976600938345
0,patch_20_7,5120,5376,1792,2048,65536,MSAVI,-0.38671875,53824,,,,
0,patch_20_7,5120,5376,1792,2048,65536,NDVI,-0.60546875,5170,2005,0.03450784812077945,2145,0.04626419276140689
0,patch_20_8,5120,5376,2048,2304,65536,MSAVI,-0.16015625,58695,,,,
0,patch_20_8,5120,5376,2048,2304,65536,NDVI,-0.66015625,4389,645,0.04012548378617056,663,0.04892945656686898
0,patch_20_9,5120,5376,2304,2560,65536,MSAVI,-0.30859375,55504,,,,
0,patch_20_9,5120,5376,2304,2560,65536,NDVI,-0.58984375,7194,732,0.03316486956996392,739,0.041597582167882896
0,patch_20_10,5120,5376,2560,2816,65536,MSAVI,0.02734375,58219,,,,
0,patch_20_10,5120,5376,2560,2816,65536,NDVI,-0.58984375,4725,569,0.03081739060306972,601,0.04948291891087869
0,patch_20_11,5120,5376,2816,3072,65536,MSAVI,-0.29296875,56851,,,,
0,patch_20_11,5120,5376,2816,3072,65536,NDVI,-0.63671875,2184,1408,0.03308646059021879,1511,0.048169772209397166
0,patch_20_12,5120,5376,3072,3328,65536,MSAVI,-0.31640625,56467,,,,
0,patch_20_12,5120,5376,3072,3328,65536,NDVI,-0.64453125,5101,302,0.037392737860328595,316,0.04831153653196513
0,patch_20_13,5120,5376,3328,3584,65536,MSAVI,-0.36328125,45650,,,,
0,patch_20_13,5120,5376,3328,3584,65536,NDVI,-0.74609375,6257,3278,0.023854425052089567,3657,0.027136654661754855
0,patch_20_14,5120,5376,3584,3840,65536,MSAVI,-0.49609375,53094,,,,
0,patch_20_14,5120,5376,3584,3840,65536,NDVI,-0.69140625,5009,2396,0.033976450081165815,2682,0.041944074725574765
0,patch_20_15,5120,5376,3840,4096,65536,MSAVI,-0.30859375,45837,,,,
0,patch_20_15,5120,5376,3840,4096,65536,NDVI,-0.71484375,12455,10533,0.026768170390497475,10624,0.035340826031083405
0,patch_20_16,5120,5376,4096,4352,65536,MSAVI,-0.36328125,41538,,,,
0,patch_20_16,5120,5376,4096,4352,65536,NDVI,-0.76953125,8111,15157,0.024055233649170754,15675,0.030647248452574605
0,patch_20_17,5120,5376,4352,4608,65536,MSAVI,-0.25390625,35825,,,,
0,patch_20_17,5120,5376,4352,4608,65536,NDVI,-0.66796875,7664,12923,0.013088095031539959,16889,0.017450777434052794
0,patch_20_18,5120,5376,4608,4864,65536,MSAVI,-0.26953125,41087,,,,
0,patch_20_18,5120,5376,4608,4864,65536,NDVI,-0.62890625,5077,4382,0.015339541710975846,4913,0.020525881752304853
0,patch_20_19,5120,5376,4864,5120,65536,MSAVI,-0.25390625,37057,,,,
0,patch_20_19,5120,5376,4864,5120,65536,NDVI,-0.52734375,4110,7498,0.008766116178477334,11294,0.015111185752050504
0,patch_20_20,5120,5376,5120,5376,65536,MSAVI,-0.05859375,37842,,,,
0,patch_20_20,5120,5376,5120,5376,65536,NDVI,-0.66796875,46900,8836,0.009446717373780278,12723,0.018159291026301844
0,patch_20_21,5120,5376,5376,5632,65536,MSAVI,-0.21484375,37453,,,,
0,patch_20_21,5120,5376,5376,5632,65536,NDVI,-0.58203125,6856,22780,0.027470140223546935,22957,0.03029840019446159
0,patch_20_22,5120,5376,5632,5888,65536,MSAVI,0.16015625,40725,,,,
0,patch_20_22,5120,5376,5632,5888,65536,NDVI,-0.70703125,10369,11228,0.015493188406937947,13333,0.024180054315091543
0,patch_20_23,5120,5376,5888,6144,65536,MSAVI,-0.30078125,38430,,,,
0,patch_20_23,5120,5376,5888,6144,65536,NDVI,-0.64453125,5635,18794,0.01882104273421978,21053,0.026881614742281484
0,patch_20_24,5120,5376,6144,6400,65536,MSAVI,-0.22265625,34906,,,,
0,patch_20_24,5120,5376,6144,6400,65536,NDVI,-0.73046875,48908,13161,0.006974216039922737,18103,0.01702012754345128
0,patch_20_25,5120,5376,6400,6656,65536,MSAVI,-0.04296875,31942,,,,
0,patch_20_25,5120,5376,6400,6656,65536,NDVI,-0.51171875,10403,14807,0.0019757099182314275,23878,0.016253602360800395
0,patch_20_26,5120,5376,6656,6912,65536,MSAVI,0.01953125,36438,,,,
0,patch_20_26,5120,5376,6656,6912,65536,NDVI,-0.48828125,6772,12822,0.008172342452271858,15836,0.017976476058414625
0,patch_20_27,5120,5376,6912,7168,65536,MSAVI,0.04296875,33645,,,,
0,patch_20_27,5120,5376,6912,7168,65536,NDVI,-0.57421875,7790,16492,0.004891553007654176,23646,0.01725587312131413
0,patch_20_28,5120,5376,7168,7424,65536,MSAVI,-0.15234375,31756,,,,
0,patch_20_28,5120,5376,7168,7424,65536,NDVI,-0.48828125,7817,12462,0.001848774042158996,20570,0.010130393853376135
0,patch_20_29,5120,5376,7424,7680,65536,MSAVI,-0.13671875,35545,,,,
0,patch_20_29,5120,5376,7424,7680,65536,NDVI,-0.62890625,8719,9960,0.006932376837089804,14367,0.014721966689440202
0,patch_20_30,5120,5376,7680,7936,65536,MSAVI,-0.17578125,37037,,,,
0,patch_20_30,5120,5376,7680,7936,65536,NDVI,-0.55078125,5778,7854,0.009426304552615727,10078,0.013182761456692144
0,patch_20_31,5120,5376,7936,8192,65536,MSAVI,-0.55078125,46934,,,,
0,patch_20_31,5120,5376,7936,8192,65536,NDVI,-0.71484375,4900,6835,0.03044112391263823,7641,0.038534837687349416
0,patch_20_32,5120,5376,8192,8448,65536,MSAVI,-0.37109375,36115,,,,
0,patch_20_32,5120,5376,8192,8448,65536,NDVI,-0.68359375,46284,12042,0.011243654085273835,17357,0.021950585644905735
0,patch_20_33,5120,5376,8448,8704,65536,MSAVI,-0.24609375,34723,,,,
0,patch_20_33,5120,5376,8448,8704,65536,NDVI,-0.50390625,41222,10353,0.009326620551271675,14550,0.017129708318939646
0,patch_20_34,5120,5376,8704,8960,65536,MSAVI,-0.39453125,35743,,,,
0,patch_20_34,5120,5376,8704,8960,65536,NDVI,-0.56640625,42478,14704,0.0141533453569552,17052,0.021476563474685878
0,patch_20_35,5120,5376,8960,9216,65536,MSAVI,-0.30078125,35862,,,,
0,patch_20_35,5120,5376,8960,9216,65536,NDVI,-0.75390625,47398,20608,0.017003079401903792,22883,0.025890784634715946
0,patch_21_0,5376,5632,0,256,65536,MSAVI,-0.32421875,43875,,,,
0,patch_21_0,5376,5632,0,256,65536,NDVI,-0.42578125,2355,0,0.0,0,0.009808042386020944
0,patch_21_1,5376,5632,256,512,65536,MSAVI,-0.16796875,44653,,,,
0,patch_21_1,5376,5632,256,512,65536,NDVI,-0.48046875,4626,0,0.0,0,0.009808042386020944
0,patch_21_2,5376,5632,512,768,65536,MSAVI,-0.08203125,53822,,,,
0,patch_21_2,5376,5632,512,768,65536,NDVI,-0.64453125,3891,629,0.0321471147603164,457,0.03496069947542593
0,patch_21_3,5376,5632,768,1024,65536,MSAVI,-0.37109375,53739,,,,
0,patch_21_3,5376,5632,768,1024,65536,NDVI,-0.68359375,5894,55,0.034082516770418264,69,0.04414698296323705
0,patch_21_4,5376,5632,1024,1280,65536,MSAVI,-0.40234375,45513,,,,
0,patch_21_4,5376,5632,1024,1280,65536,NDVI,-0.68359375,9904,13921,0.026170447258964002,13728,0.03869282182558437
0,patch_21_5,5376,5632,1280,1536,65536,MSAVI,-0.49609375,48407,,,,
0,patch_21_5,5376,5632,1280,1536,65536,NDVI,-0.70703125,7782,9375,0.025754357383867887,9414,0.03815720187596944
0,patch_21_6,5376,5632,1536,1792,65536,MSAVI,-0.26953125,40790,,,,
0,patch_21_6,5376,5632,1536,1792,65536,NDVI,-0.70703125,18687,13992,0.015341130174060469,15310,0.025934418330108677
0,patch_21_7,5376,5632,1792,2048,65536,MSAVI,-0.43359375,50261,,,,
0,patch_21_7,5376,5632,1792,2048,65536,NDVI,-0.67578125,5554,8058,0.029947562506089292,8267,0.038948151474139936
0,patch_21_8,5376,5632,2048,2304,65536,MSAVI,-0.43359375,56178,,,,
0,patch_21_8,5376,5632,2048,2304,65536,NDVI,-0.65234375,3870,821,0.03647991096743078,802,0.04728202176780694
0,patch_21_9,5376,5632,2304,2560,65536,MSAVI,-0.38671875,56122,,,,
0,patch_21_9,5376,5632,2304,2560,65536,NDVI,-0.63671875,5695,171,0.03476907018791783,177,0.04252863653325417
0,patch_21_10,5376,5632,2560,2816,65536,MSAVI,-0.29296875,58136,,,,
0,patch_21_10,5376,5632,2560,2816,65536,NDVI,-0.58203125,5096,0,0.03680805700430312,0,0.04549285900341568
0,patch_21_11,5376,5632,2816,3072,65536,MSAVI,-0.16796875,60913,,,,
0,patch_21_11,5376,5632,2816,3072,65536,NDVI,-0.62109375,2826,0,0.03719767667526237,0,0.051615074533366306
0,patch_21_12,5376,5632,3072,3328,65536,MSAVI,-0.14453125,56916,,,,
0,patch_21_12,5376,5632,3072,3328,65536,NDVI,-0.69921875,4500,281,0.03939610002344235,374,0.05212552445654889
0,patch_21_13,5376,5632,3328,3584,65536,MSAVI,-0.23046875,51167,,,,
0,patch_21_13,5376,5632,3328,3584,65536,NDVI,-0.69140625,6638,87,0.03197124033028703,168,0.03766596429135255
0,patch_21_14,5376,5632,3584,3840,65536,MSAVI,-0.35546875,51583,,,,
0,patch_21_14,5376,5632,3584,3840,65536,NDVI,-0.69921875,5626,57,0.03349242670916047,55,0.03865464741379668
0,patch_21_15,5376,5632,3840,4096,65536,MSAVI,-0.37890625,45641,,,,
0,patch_21_15,5376,5632,3840,4096,65536,NDVI,-0.73046875,4644,1479,0.02480643868001839,2284,0.02876189105338317
0,patch_21_16,5376,5632,4096,4352,65536,MSAVI,-0.48828125,38539,,,,
0,patch_21_16,5376,5632,4096,4352,65536,NDVI,-0.77734375,47508,10327,0.014763880832033893,11978,0.02064326143401271
0,patch_21_17,5376,5632,4352,4608,65536,MSAVI,-0.18359375,40343,,,,
0,patch_21_17,5376,5632,4352,4608,65536,NDVI,-0.51953125,3261,7535,0.01499807147253085,9256,0.020656946939465043
0,patch_21_18,5376,5632,4608,4864,65536,MSAVI,0.02734375,40712,,,,
0,patch_21_18,5376,5632,4608,4864,65536,NDVI,-0.51171875,4030,4068,0.013475599688775514,6065,0.01975395348072559
0,patch_21_19,5376,5632,4864,5120,65536,MSAVI,-0.15234375,30369,,,,
0,patch_21_19,5376,5632,4864,5120,65536,NDVI,-0.68359375,47614,14986,0.0001741515987313813,24275,0.015434118261939911
0,patch_21_20,5376,5632,5120,5376,65536,MSAVI,-0.33984375,34112,,,,
0,patch_21_20,5376,5632,5120,5376,65536,NDVI,-0.70703125,43564,12683,0.005888554877980068,18776,0.01836927066535582
0,patch_21_21,5376,5632,5376,5632,65536,MSAVI,-0.23046875,38604,,,,
0,patch_21_21,5376,5632,5376,5632,65536,NDVI,-0.73046875,11417,18077,0.020100112207699056,19864,0.030282760711607792
0,patch_21_22,5376,5632,5632,5888,65536,MSAVI,-0.18359375,35511,,,,
0,patch_21_22,5376,5632,5632,5888,65536,NDVI,-0.73828125,20723,16227,0.009408108084533878,22334,0.02000231977490266
0,patch_21_23,5376,5632,5888,6144,65536,MSAVI,-0.32421875,38983,,,,
0,patch_21_23,5376,5632,5888,6144,65536,NDVI,-0.73828125,7952,12518,0.014041448480790586,14822,0.022551673932982214
0,patch_21_24,5376,5632,6144,6400,65536,MSAVI,-0.03515625,32684,,,,
0,patch_21_24,5376,5632,6144,6400,65536,NDVI,-0.69140625,46974,17213,0.005934701023902589,24895,0.01921412323545288
0,patch_21_25,5376,5632,6400,6656,65536,MSAVI,-0.20703125,31471,,,,
0,patch_21_25,5376,5632,6400,6656,65536,NDVI,-0.60546875,8088,11688,0.0017257102634905264,20780,0.013312311884380451
0,patch_21_26,5376,5632,6656,6912,65536,MSAVI,-0.35546875,32008,,,,
0,patch_21_26,5376,5632,6656,6912,65536,NDVI,-0.71484375,45958,10668,0.0018159120436050669,65536,0.015827250167271267
0,patch_21_27,5376,5632,6912,7168,65536,MSAVI,-0.08203125,34719,,,,
0,patch_21_27,5376,5632,6912,7168,65536,NDVI,-0.51953125,6805,10394,0.007045521552657447,14515,0.014029853964735828
0,patch_21_28,5376,5632,7168,7424,65536,MSAVI,-0.01953125,35985,,,,
0,patch_21_28,5376,5632,7168,7424,65536,NDVI,-0.51171875,9102,14387,0.0130425266589895,19095,0.02183778590893662
0,patch_21_29,5376,5632,7424,7680,65536,MSAVI,-0.04296875,31018,,,,
0,patch_21_29,5376,5632,7424,7680,65536,NDVI,-0.53515625,8756,13392,0.0009903169970865988,22276,0.012488030560810132
0,patch_21_30,5376,5632,7680,7936,65536,MSAVI,-0.35546875,34795,,,,
0,patch_21_30,5376,5632,7680,7936,65536,NDVI,-0.62890625,6643,14112,0.008189375897781931,19680,0.016679775847994738
0,patch_21_31,5376,5632,7936,8192,65536,MSAVI,-0.49609375,47385,,,,
0,patch_21_31,5376,5632,7936,8192,65536,NDVI,-0.72265625,2297,8086,0.03341191570369362,9086,0.04084785591324508
0,patch_21_32,5376,5632,8192,8448,65536,MSAVI,-0.27734375,37129,,,,
0,patch_21_32,5376,5632,8192,8448,65536,NDVI,-0.57421875,6184,11620,0.011993107454111113,16526,0.022727906737775222
0,patch_21_33,5376,5632,8448,8704,65536,MSAVI,-0.32421875,38660,,,,
0,patch_21_33,5376,5632,8448,8704,65536,NDVI,-0.71484375,5527,12070,0.015564934278267939,15064,0.023814275613113223
0,patch_21_34,5376,5632,8704,8960,65536,MSAVI,-0.19140625,35032,,,,
0,patch_21_34,5376,5632,8704,8960,65536,NDVI,-0.69140625,48430,6978,0.006078458405925968,13023,0.013361969463898143
0,patch_21_35,5376,5632,8960,9216,65536,MSAVI,-0.12890625,32995,,,,
0,patch_21_35,5376,5632,8960,9216,65536,NDVI,-0.59765625,7516,10316,0.0028863577098474924,18576,0.01362341639280748
0,patch_22_0,5632,5888,0,256,65536,MSAVI,-0.35546875,29496,,,,
0,patch_22_0,5632,5888,0,256,65536,NDVI,-0.63671875,7310,0,0.0,0,0.009808042386020944
0,patch_22_1,5632,5888,256,512,65536,MSAVI,-0.12890625,30055,,,,
0,patch_22_1,5632,5888,256,512,65536,NDVI,-0.41015625,3642,26884,0.01224736313855844,65375,0.01905226232328583
0,patch_22_2,5632,5888,512,768,65536,MSAVI,-0.44140625,40292,,,,
0,patch_22_2,5632,5888,512,768,65536,NDVI,-0.50390625,2280,18004,0.029618107015686485,17592,0.03331096048447943
0,patch_22_3,5632,5888,768,1024,65536,MSAVI,-0.43359375,49660,,,,
0,patch_22_3,5632,5888,768,1024,65536,NDVI,-0.68359375,6345,6082,0.030290856273361172,6520,0.04021916258681077
0,patch_22_4,5632,5888,1024,1280,65536,MSAVI,-0.33203125,50059,,,,
0,patch_22_4,5632,5888,1024,1280,65536,NDVI,-0.65234375,7077,533,0.025678091134626185,386,0.032810992106361486
0,patch_22_5,5632,5888,1280,1536,65536,MSAVI,-0.30078125,37767,,,,
0,patch_22_5,5632,5888,1280,1536,65536,NDVI,-0.68359375,12015,12610,0.011801572566168622,14699,0.021852027184454503
0,patch_22_6,5632,5888,1536,1792,65536,MSAVI,-0.37109375,41181,,,,
0,patch_22_6,5632,5888,1536,1792,65536,NDVI,-0.69921875,13722,13906,0.017559116199301422,14973,0.026304947890505165
0,patch_22_7,5632,5888,1792,2048,65536,MSAVI,-0.39453125,45110,,,,
0,patch_22_7,5632,5888,1792,2048,65536,NDVI,-0.69921875,10977,13625,0.028475185192114227,14376,0.03833756031444252
0,patch_22_8,5632,5888,2048,2304,65536,MSAVI,-0.34765625,50554,,,,
0,patch_22_8,5632,5888,2048,2304,65536,NDVI,-0.64453125,3751,8345,0.03410753762591254,8481,0.044980932481147345
0,patch_22_9,5632,5888,2304,2560,65536,MSAVI,-0.29296875,57461,,,,
0,patch_22_9,5632,5888,2304,2560,65536,NDVI,-0.71484375,4251,335,0.0407775844498524,327,0.04898877915510122
0,patch_22_10,5632,5888,2560,2816,65536,MSAVI,-0.28515625,54673,,,,
0,patch_22_10,5632,5888,2560,2816,65536,NDVI,-0.60546875,7131,184,0.03396469193761173,184,0.04193090302417407
0,patch_22_11,5632,5888,2816,3072,65536,MSAVI,-0.43359375,52355,,,,
0,patch_22_11,5632,5888,2816,3072,65536,NDVI,-0.66015625,9031,890,0.032402996115209665,938,0.042070321692716184
0,patch_22_12,5632,5888,3072,3328,65536,MSAVI,-0.02734375,54292,,,,
0,patch_22_12,5632,5888,3072,3328,65536,NDVI,-0.69140625,6350,689,0.03223553161573922,593,0.04561053220337491
0,patch_22_13,5632,5888,3328,3584,65536,MSAVI,-0.01171875,45643,,,,
0,patch_22_13,5632,5888,3328,3584,65536,NDVI,-0.57421875,4969,3637,0.021875035362116546,3547,0.02666071445446444
0,patch_22_14,5632,5888,3584,3840,65536,MSAVI,-0.19140625,39744,,,,
0,patch_22_14,5632,5888,3584,3840,65536,NDVI,-0.55078125,5615,9349,0.012710982004266708,10981,0.01883085351360489
0,patch_22_15,5632,5888,3840,4096,65536,MSAVI,-0.45703125,32335,,,,
0,patch_22_15,5632,5888,3840,4096,65536,NDVI,-0.78515625,44584,8693,0.003533719507033267,15707,0.012096858412499495
0,patch_22_16,5632,5888,4096,4352,65536,MSAVI,-0.40234375,39561,,,,
0,patch_22_16,5632,5888,4096,4352,65536,NDVI,-0.58984375,2878,13689,0.01873770117109183,15046,0.023656735636975568
0,patch_22_17,5632,5888,4352,4608,65536,MSAVI,-0.16796875,39098,,,,
0,patch_22_17,5632,5888,4352,4608,65536,NDVI,-0.49609375,3316,6837,0.01095370072672383,9494,0.018525585670077477
0,patch_22_18,5632,5888,4608,4864,65536,MSAVI,-0.43359375,36084,,,,
0,patch_22_18,5632,5888,4608,4864,65536,NDVI,-0.56640625,4287,5427,0.006296635878429324,10411,0.014516422741501583
0,patch_22_19,5632,5888,4864,5120,65536,MSAVI,-0.35546875,34935,,,,
0,patch_22_19,5632,5888,4864,5120,65536,NDVI,-0.50390625,4913,9724,0.006825341266924662,14141,0.013591902145028312
0,patch_22_20,5632,5888,5120,5376,65536,MSAVI,0.00390625,32152,,,,
0,patch_22_20,5632,5888,5120,5376,65536,NDVI,-0.66796875,42047,10500,0.001245117463069878,22683,0.0128725980021627
0,patch_22_21,5632,5888,5376,5632,65536,MSAVI,0.05859375,42646,,,,
0,patch_22_21,5632,5888,5376,5632,65536,NDVI,-0.64453125,3604,8497,0.016402187037692584,10277,0.027213003733481123
0,patch_22_22,5632,5888,5632,5888,65536,MSAVI,-0.24609375,41039,,,,
0,patch_22_22,5632,5888,5632,5888,65536,NDVI,-0.72265625,6274,11364,0.016843796273117717,12869,0.023962305843669512
0,patch_22_23,5632,5888,5888,6144,65536,MSAVI,-0.29296875,31807,,,,
0,patch_22_23,5632,5888,5888,6144,65536,NDVI,-0.66015625,5715,13163,0.001017029702281791,23822,0.0114246803431228
0,patch_22_24,5632,5888,6144,6400,65536,MSAVI,-0.03515625,38367,,,,
0,patch_22_24,5632,5888,6144,6400,65536,NDVI,-0.62890625,4831,11171,0.014870449122931673,12849,0.020178528132056478
0,patch_22_25,5632,5888,6400,6656,65536,MSAVI,0.12890625,38843,,,,
0,patch_22_25,5632,5888,6400,6656,65536,NDVI,-0.44921875,4106,14705,0.017116015499650944,15845,0.023180271710527584
0,patch_22_26,5632,5888,6656,6912,65536,MSAVI,0.08203125,34729,,,,
0,patch_22_26,5632,5888,6656,6912,65536,NDVI,-0.59765625,3673,12691,0.006184441581568334,19243,0.01881449259079465
0,patch_22_27,5632,5888,6912,7168,65536,MSAVI,-0.25390625,35307,,,,
0,patch_22_27,5632,5888,6912,7168,65536,NDVI,-0.73046875,47262,12325,0.007198334877215357,17842,0.019689986927728553
0,patch_22_28,5632,5888,7168,7424,65536,MSAVI,0.14453125,35938,,,,
0,patch_22_28,5632,5888,7168,7424,65536,NDVI,-0.55859375,4460,14135,0.012566324143107765,18068,0.019248267577119144
0,patch_22_29,5632,5888,7424,7680,65536,MSAVI,-0.07421875,35530,,,,
0,patch_22_29,5632,5888,7424,7680,65536,NDVI,-0.41796875,5582,13538,0.010443638234386626,18912,0.019577837846735086
0,patch_22_30,5632,5888,7680,7936,65536,MSAVI,-0.21484375,35784,,,,
0,patch_22_30,5632,5888,7680,7936,65536,NDVI,-0.61328125,6107,12383,0.009861131047655125,15924,0.01704045114403649
0,patch_22_31,5632,5888,7936,8192,65536,MSAVI,-0.31640625,42672,,,,
0,patch_22_31,5632,5888,7936,8192,65536,NDVI,-0.76171875,10041,10314,0.01846268577331217,11907,0.028834352729955826
0,patch_22_32,5632,5888,8192,8448,65536,MSAVI,-0.25390625,36598,,,,
0,patch_22_32,5632,5888,8192,8448,65536,NDVI,-0.70703125,10788,9365,0.01066692319318549,11120,0.014527897235971587
0,patch_22_33,5632,5888,8448,8704,65536,MSAVI,-0.18359375,37598,,,,
0,patch_22_33,5632,5888,8448,8704,65536,NDVI,-0.66796875,6271,9860,0.014033038556881816,13787,0.021447814592124442
0,patch_22_34,5632,5888,8704,8960,65536,MSAVI,-0.32421875,40892,,,,
0,patch_22_34,5632,5888,8704,8960,65536,NDVI,-0.73828125,4468,12552,0.023576090073163802,13784,0.031193579699846152
0,patch_22_35,5632,5888,8960,9216,65536,MSAVI,-0.29296875,42250,,,,
0,patch_22_35,5632,5888,8960,9216,65536,NDVI,-0.80078125,6750,11023,0.022529874945303868,12580,0.029536238263340453
0,patch_23_0,5888,6144,0,256,65536,MSAVI,-0.37890625,38171,,,,
0,patch_23_0,5888,6144,0,256,65536,NDVI,-0.55078125,3699,0,0.0,0,0.009808042386020944
0,patch_23_1,5888,6144,256,512,65536,MSAVI,-0.26953125,29101,,,,
0,patch_23_1,5888,6144,256,512,65536,NDVI,-0.45703125,1997,2116,-0.00636316600812345,27587,0.019707345071490273
0,patch_23_2,5888,6144,512,768,65536,MSAVI,-0.52734375,31178,,,,
0,patch_23_2,5888,6144,512,768,65536,NDVI,-0.76171875,40619,26684,0.0139270226353429,30022,0.027569809510956278
0,patch_23_3,5888,6144,768,1024,65536,MSAVI,-0.46484375,43325,,,,
0,patch_23_3,5888,6144,768,1024,65536,NDVI,-0.66796875,49018,12735,0.028583613914270056,12772,0.035171551702346066
0,patch_23_4,5888,6144,1024,1280,65536,MSAVI,-0.31640625,40001,,,,
0,patch_23_4,5888,6144,1024,1280,65536,NDVI,-0.60546875,6127,14365,0.016044571355655207,15966,0.0235899085499168
0,patch_23_5,5888,6144,1280,1536,65536,MSAVI,-0.18359375,37010,,,,
0,patch_23_5,5888,6144,1280,1536,65536,NDVI,-0.63671875,10409,17395,0.0158685709366109,17994,0.022712912554768733
0,patch_23_6,5888,6144,1536,1792,65536,MSAVI,-0.15234375,40168,,,,
0,patch_23_6,5888,6144,1536,1792,65536,NDVI,-0.69921875,9024,8327,0.01496888299016444,9588,0.02085610383838296
0,patch_23_7,5888,6144,1792,2048,65536,MSAVI,-0.33984375,47315,,,,
0,patch_23_7,5888,6144,1792,2048,65536,NDVI,-0.63671875,8129,6903,0.028030803638536717,7778,0.0379076556122471
0,patch_23_8,5888,6144,2048,2304,65536,MSAVI,-0.33203125,42227,,,,
0,patch_23_8,5888,6144,2048,2304,65536,NDVI,-0.68359375,7622,14334,0.022812239889808156,15810,0.030151596601173974
0,patch_23_9,5888,6144,2304,2560,65536,MSAVI,-0.44921875,47228,,,,
0,patch_23_9,5888,6144,2304,2560,65536,NDVI,-0.66796875,5107,9041,0.028697905539615542,9283,0.038939719550822205
0,patch_23_10,5888,6144,2560,2816,65536,MSAVI,-0.33984375,53179,,,,
0,patch_23_10,5888,6144,2560,2816,65536,NDVI,-0.65234375,2959,2067,0.035081756633626865,2345,0.042472612258931175
0,patch_23_11,5888,6144,2816,3072,65536,MSAVI,-0.30859375,53676,,,,
0,patch_23_11,5888,6144,2816,3072,65536,NDVI,-0.61328125,7214,52,0.03265541595314747,103,0.04252547951307831
0,patch_23_12,5888,6144,3072,3328,65536,MSAVI,-0.45703125,55150,,,,
0,patch_23_12,5888,6144,3072,3328,65536,NDVI,-0.70703125,3600,151,0.03639186715214826,262,0.04367563495374652
0,patch_23_13,5888,6144,3328,3584,65536,MSAVI,-0.33203125,39897,,,,
0,patch_23_13,5888,6144,3328,3584,65536,NDVI,-0.78515625,49580,9237,0.017093591228642624,10855,0.023040211393833443
0,patch_23_14,5888,6144,3584,3840,65536,MSAVI,0.16015625,37664,,,,
0,patch_23_14,5888,6144,3584,3840,65536,NDVI,-0.61328125,6770,9755,0.007056365399781023,14629,0.016417797332849787
0,patch_23_15,5888,6144,3840,4096,65536,MSAVI,-0.35546875,42093,,,,
0,patch_23_15,5888,6144,3840,4096,65536,NDVI,-0.66015625,5168,11017,0.021433677472174756,12227,0.02856790381284069
0,patch_23_16,5888,6144,4096,4352,65536,MSAVI,-0.35546875,36935,,,,
0,patch_23_16,5888,6144,4096,4352,65536,NDVI,-0.46484375,3846,14351,0.012398150942899117,17706,0.02144251795843294
0,patch_23_17,5888,6144,4352,4608,65536,MSAVI,-0.11328125,35015,,,,
0,patch_23_17,5888,6144,4352,4608,65536,NDVI,-0.48828125,5875,7364,0.005729796421051397,11705,0.013737742513892898
0,patch_23_18,5888,6144,4608,4864,65536,MSAVI,-0.25390625,35814,,,,
0,patch_23_18,5888,6144,4608,4864,65536,NDVI,-0.65234375,8283,6625,0.006974097577976873,12775,0.013828437595101273
0,patch_23_19,5888,6144,4864,5120,65536,MSAVI,-0.18359375,37591,,,,
0,patch_23_19,5888,6144,4864,5120,65536,NDVI,-0.52734375,5248,8429,0.009341062465642952,11915,0.016719464561789438
0,patch_23_20,5888,6144,5120,5376,65536,MSAVI,-0.44921875,39853,,,,
0,patch_23_20,5888,6144,5120,5376,65536,NDVI,-0.75390625,48083,4839,0.014991490377562033,6280,0.019167549059665084
0,patch_23_21,5888,6144,5376,5632,65536,MSAVI,-0.38671875,40146,,,,
0,patch_23_21,5888,6144,5376,5632,65536,NDVI,-0.44140625,1636,4224,0.015142411594216032,6968,0.021247675484899975
0,patch_23_22,5888,6144,5632,5888,65536,MSAVI,-0.40234375,38529,,,,
0,patch_23_22,5888,6144,5632,5888,65536,NDVI,-0.68359375,3558,8470,0.013864001924620367,11041,0.02232921466582516
0,patch_23_23,5888,6144,5888,6144,65536,MSAVI,-0.25390625,41386,,,,
0,patch_23_23,5888,6144,5888,6144,65536,NDVI,-0.69140625,6587,9024,0.014785274488895689,10979,0.02173036681636159
0,patch_23_24,5888,6144,6144,6400,65536,MSAVI,-0.08203125,36850,,,,
0,patch_23_24,5888,6144,6144,6400,65536,NDVI,-0.66015625,4696,9188,0.007637290943445896,13635,0.014929953857374001
0,patch_23_25,5888,6144,6400,6656,65536,MSAVI,-0.31640625,39974,,,,
0,patch_23_25,5888,6144,6400,6656,65536,NDVI,-0.57421875,4559,10514,0.02063156190382423,12213,0.02446770667573167
0,patch_23_26,5888,6144,6656,6912,65536,MSAVI,-0.33203125,35915,,,,
0,patch_23_26,5888,6144,6656,6912,65536,NDVI,-0.65234375,4218,8074,0.00883896501876627,12523,0.012949131283474663
0,patch_23_27,5888,6144,6912,7168,65536,MSAVI,-0.26171875,36048,,,,
0,patch_23_27,5888,6144,6912,7168,65536,NDVI,-0.59765625,5594,12911,0.009582254524750727,18757,0.017165857335868978
0,patch_23_28,5888,6144,7168,7424,65536,MSAVI,-0.08203125,36052,,,,
0,patch_23_28,5888,6144,7168,7424,65536,NDVI,-0.69140625,48116,12120,0.009331628072446918,16822,0.017092545870796144
0,patch_23_29,5888,6144,7424,7680,65536,MSAVI,-0.11328125,34464,,,,
0,patch_23_29,5888,6144,7424,7680,65536,NDVI,-0.68359375,48396,12795,0.006952517787636975,19891,0.017092243004097285
0,patch_23_30,5888,6144,7680,7936,65536,MSAVI,-0.20703125,36022,,,,
0,patch_23_30,5888,6144,7680,7936,65536,NDVI,-0.69921875,48103,10360,0.008475852683406337,14790,0.014885638046627264
0,patch_23_31,5888,6144,7936,8192,65536,MSAVI,-0.26171875,38174,,,,
0,patch_23_31,5888,6144,7936,8192,65536,NDVI,-0.66796875,6072,9624,0.012637197826211588,12252,0.017689800366794656
0,patch_23_32,5888,6144,8192,8448,65536,MSAVI,0.05078125,33400,,,,
0,patch_23_32,5888,6144,8192,8448,65536,NDVI,-0.80859375,8336,17670,0.006816168512505383,23832,0.019263596132964966
0,patch_23_33,5888,6144,8448,8704,65536,MSAVI,-0.04296875,36482,,,,
0,patch_23_33,5888,6144,8448,8704,65536,NDVI,-0.62109375,5800,13256,0.014149359454145055,17062,0.021009204381624402
0,patch_23_34,5888,6144,8704,8960,65536,MSAVI,-0.12109375,34212,,,,
0,patch_23_34,5888,6144,8704,8960,65536,NDVI,-0.69140625,8361,9526,0.006201204526139925,14918,0.015032769641156463
0,patch_23_35,5888,6144,8960,9216,65536,MSAVI,-0.51953125,38658,,,,
0,patch_23_35,5888,6144,8960,9216,65536,NDVI,-0.81640625,7292,14464,0.017197526505242977,17002,0.026340762670280155
0,patch_24_0,6144,6400,0,256,65536,MSAVI,-0.14453125,44009,,,,
0,patch_24_0,6144,6400,0,256,65536,NDVI,-0.41796875,2277,0,0.0,0,0.009808042386020944
0,patch_24_1,6144,6400,256,512,65536,MSAVI,-0.38671875,36209,,,,
0,patch_24_1,6144,6400,256,512,65536,NDVI,-0.48046875,1885,14758,0.012930073120253543,17336,0.022589232465014153
0,patch_24_2,6144,6400,512,768,65536,MSAVI,-0.43359375,37347,,,,
0,patch_24_2,6144,6400,512,768,65536,NDVI,-0.38671875,1594,12584,0.01690241240453752,14302,0.025600261129405028
0,patch_24_3,6144,6400,768,1024,65536,MSAVI,-0.37890625,36852,,,,
0,patch_24_3,6144,6400,768,1024,65536,NDVI,-0.44921875,1962,15681,0.014439893667574727,17842,0.025060089688128256
0,patch_24_4,6144,6400,1024,1280,65536,MSAVI,-0.24609375,40753,,,,
0,patch_24_4,6144,6400,1024,1280,65536,NDVI,-0.38671875,2924,4948,0.015277031637443428,5472,0.02023950884205633
0,patch_24_5,6144,6400,1280,1536,65536,MSAVI,-0.26953125,40862,,,,
0,patch_24_5,6144,6400,1280,1536,65536,NDVI,-0.50390625,3126,3968,0.012985104024402422,5847,0.020255031508752463
0,patch_24_6,6144,6400,1536,1792,65536,MSAVI,-0.15234375,42199,,,,
0,patch_24_6,6144,6400,1536,1792,65536,NDVI,-0.59765625,5004,4694,0.014762945309404446,7354,0.02364397082119457
0,patch_24_7,6144,6400,1792,2048,65536,MSAVI,-0.25390625,43910,,,,
0,patch_24_7,6144,6400,1792,2048,65536,NDVI,-0.48828125,2433,4942,0.019365061357528607,6199,0.02699992708839241
0,patch_24_8,6144,6400,2048,2304,65536,MSAVI,-0.45703125,35214,,,,
0,patch_24_8,6144,6400,2048,2304,65536,NDVI,-0.60546875,7315,26468,0.023761687231081907,27495,0.033010005552675914
0,patch_24_9,6144,6400,2304,2560,65536,MSAVI,-0.00390625,49035,,,,
0,patch_24_9,6144,6400,2304,2560,65536,NDVI,-0.62890625,5438,6701,0.02417840872522735,6809,0.03849730477909036
0,patch_24_10,6144,6400,2560,2816,65536,MSAVI,-0.07421875,51551,,,,
0,patch_24_10,6144,6400,2560,2816,65536,NDVI,-0.65234375,3883,5566,0.03043630486575094,5454,0.04070397796988676
0,patch_24_11,6144,6400,2816,3072,65536,MSAVI,-0.19140625,54001,,,,
0,patch_24_11,6144,6400,2816,3072,65536,NDVI,-0.68359375,6106,171,0.03754810067696834,127,0.04310740000067531
0,patch_24_12,6144,6400,3072,3328,65536,MSAVI,-0.27734375,50123,,,,
0,patch_24_12,6144,6400,3072,3328,65536,NDVI,-0.69921875,6683,150,0.029584990164632285,160,0.03503740791450227
0,patch_24_13,6144,6400,3328,3584,65536,MSAVI,-0.32421875,42884,,,,
0,patch_24_13,6144,6400,3328,3584,65536,NDVI,-0.38671875,2535,3851,0.018621581277514898,5158,0.02328942134152054
0,patch_24_14,6144,6400,3584,3840,65536,MSAVI,-0.30859375,34604,,,,
0,patch_24_14,6144,6400,3584,3840,65536,NDVI,-0.69921875,47736,15935,0.009283412262137664,21743,0.01834854687610571
0,patch_24_15,6144,6400,3840,4096,65536,MSAVI,-0.30078125,40269,,,,
0,patch_24_15,6144,6400,3840,4096,65536,NDVI,-0.64453125,4822,13660,0.018684765537587245,15549,0.02736021317042514
0,patch_24_16,6144,6400,4096,4352,65536,MSAVI,-0.45703125,38015,,,,
0,patch_24_16,6144,6400,4096,4352,65536,NDVI,-0.51171875,1985,10974,0.012531986108644116,13860,0.01903457459518723
0,patch_24_17,6144,6400,4352,4608,65536,MSAVI,-0.10546875,35423,,,,
0,patch_24_17,6144,6400,4352,4608,65536,NDVI,-0.53515625,5699,12714,0.008485092693010177,17167,0.01593514298089041
0,patch_24_18,6144,6400,4608,4864,65536,MSAVI,-0.22265625,36801,,,,
0,patch_24_18,6144,6400,4608,4864,65536,NDVI,-0.69921875,9281,10795,0.008750403581702954,15226,0.017055825689078846
0,patch_24_19,6144,6400,4864,5120,65536,MSAVI,-0.30859375,35077,,,,
0,patch_24_19,6144,6400,4864,5120,65536,NDVI,-0.51953125,3344,8082,0.006608943382963778,13253,0.01432083276714824
0,patch_24_20,6144,6400,5120,5376,65536,MSAVI,-0.35546875,35971,,,,
0,patch_24_20,6144,6400,5120,5376,65536,NDVI,-0.72265625,46410,9115,0.006960490558705623,13442,0.015088384846174085
0,patch_24_21,6144,6400,5376,5632,65536,MSAVI,-0.44140625,40003,,,,
0,patch_24_21,6144,6400,5376,5632,65536,NDVI,-0.47265625,1789,5960,0.014465384573784629,8562,0.02077426379418751
0,patch_24_22,6144,6400,5632,5888,65536,MSAVI,-0.37109375,39355,,,,
0,patch_24_22,6144,6400,5632,5888,65536,NDVI,-0.59765625,3439,7512,0.012181835749527525,10376,0.018859506511762963
0,patch_24_23,6144,6400,5888,6144,65536,MSAVI,-0.22265625,44927,,,,
0,patch_24_23,6144,6400,5888,6144,65536,NDVI,-0.66015625,5327,2685,0.021240082235989916,3134,0.02455236206130343
0,patch_24_24,6144,6400,6144,6400,65536,MSAVI,-0.20703125,38841,,,,
0,patch_24_24,6144,6400,6144,6400,65536,NDVI,-0.69140625,5277,3689,0.011970100394648964,6418,0.015973235855406887
0,patch_24_25,6144,6400,6400,6656,65536,MSAVI,-0.32421875,35674,,,,
0,patch_24_25,6144,6400,6400,6656,65536,NDVI,-0.55859375,2993,8767,0.007204314924549815,12674,0.013678015291820528
0,patch_24_26,6144,6400,6656,6912,65536,MSAVI,-0.05859375,34477,,,,
0,patch_24_26,6144,6400,6656,6912,65536,NDVI,-0.73046875,7623,9172,0.0056928239829788785,14876,0.011368656638861885
0,patch_24_27,6144,6400,6912,7168,65536,MSAVI,-0.04296875,34402,,,,
0,patch_24_27,6144,6400,6912,7168,65536,NDVI,-0.58984375,7925,11760,0.0076249238154549315,14497,0.012212140452767722
0,patch_24_28,6144,6400,7168,7424,65536,MSAVI,-0.29296875,34427,,,,
0,patch_24_28,6144,6400,7168,7424,65536,NDVI,-0.62109375,6547,9189,0.00582226591809773,15546,0.0117157402216429
0,patch_24_29,6144,6400,7424,7680,65536,MSAVI,-0.13671875,36803,,,,
0,patch_24_29,6144,6400,7424,7680,65536,NDVI,-0.56640625,6108,9046,0.008088819732703173,14902,0.017457016709878426
0,patch_24_30,6144,6400,7680,7936,65536,MSAVI,0.12109375,30947,,,,
0,patch_24_30,6144,6400,7680,7936,65536,NDVI,-0.56640625,47261,14517,0.0005950578515978022,23859,0.011818297353246077
0,patch_24_31,6144,6400,7936,8192,65536,MSAVI,-0.05078125,36136,,,,
0,patch_24_31,6144,6400,7936,8192,65536,NDVI,-0.69140625,7384,10849,0.0075657268028123115,13835,0.014947738486564388
0,patch_24_32,6144,6400,8192,8448,65536,MSAVI,-0.15234375,36813,,,,
0,patch_24_32,6144,6400,8192,8448,65536,NDVI,-0.81640625,9033,8608,0.008187722892287003,11902,0.016692555621386745
0,patch_24_33,6144,6400,8448,8704,65536,MSAVI,-0.23046875,38218,,,,
0,patch_24_33,6144,6400,8448,8704,65536,NDVI,-0.76953125,9835,12011,0.01570482535313386,13303,0.020273500362721603
0,patch_24_34,6144,6400,8704,8960,65536,MSAVI,-0.09765625,34146,,,,
0,patch_24_34,6144,6400,8704,8960,65536,NDVI,-0.69921875,6125,9347,0.006785011101178323,16172,0.015791537080000195
0,patch_24_35,6144,6400,8960,9216,65536,MSAVI,-0.41796875,39923,,,,
0,patch_24_35,6144,6400,8960,9216,65536,NDVI,-0.76171875,5294,0,0.0,0,0.009808042386020944
0,patch_25_0,6400,6656,0,256,65536,MSAVI,-0.31640625,33988,,,,
0,patch_25_0,6400,6656,0,256,65536,NDVI,-0.57421875,4770,14109,0.007503711618999848,21489,0.020473129141564572
0,patch_25_1,6400,6656,256,512,65536,MSAVI,-0.34765625,31989,,,,
0,patch_25_1,6400,6656,256,512,65536,NDVI,-0.54296875,3351,14805,0.0024721744579891958,26546,0.01597911687250564
0,patch_25_2,6400,6656,512,768,65536,MSAVI,-0.37890625,35047,,,,
0,patch_25_2,6400,6656,512,768,65536,NDVI,-0.54296875,1744,14511,0.01055710299578913,16872,0.018000523081418196
0,patch_25_3,6400,6656,768,1024,65536,MSAVI,-0.41015625,59273,,,,
0,patch_25_3,6400,6656,768,1024,65536,NDVI,-0.69921875,2838,0,0.0486479184378876,0,0.05827535159106986
0,patch_25_4,6400,6656,1024,1280,65536,MSAVI,-0.18359375,50563,,,,
0,patch_25_4,6400,6656,1024,1280,65536,NDVI,-0.61328125,3232,337,0.028947594948405736,294,0.039821394345883776
0,patch_25_5,6400,6656,1280,1536,65536,MSAVI,-0.25390625,38355,,,,
0,patch_25_5,6400,6656,1280,1536,65536,NDVI,-0.56640625,3824,4973,0.01145740545354712,8565,0.018597170459123624
0,patch_25_6,6400,6656,1536,1792,65536,MSAVI,-0.26171875,41802,,,,
0,patch_25_6,6400,6656,1536,1792,65536,NDVI,-0.51953125,2874,2553,0.015824272056615657,2825,0.021012637541851342
0,patch_25_7,6400,6656,1792,2048,65536,MSAVI,-0.43359375,41413,,,,
0,patch_25_7,6400,6656,1792,2048,65536,NDVI,-0.47265625,2722,4933,0.015610257857398252,7128,0.02272735510723506
0,patch_25_8,6400,6656,2048,2304,65536,MSAVI,-0.43359375,38038,,,,
0,patch_25_8,6400,6656,2048,2304,65536,NDVI,-0.71484375,10563,21397,0.023209553283430884,22235,0.03362443783816138
0,patch_25_9,6400,6656,2304,2560,65536,MSAVI,-0.46484375,41394,,,,
0,patch_25_9,6400,6656,2304,2560,65536,NDVI,-0.72265625,8588,13922,0.020069828935993184,15324,0.028553099165048668
0,patch_25_10,6400,6656,2560,2816,65536,MSAVI,-0.40234375,52231,,,,
0,patch_25_10,6400,6656,2560,2816,65536,NDVI,-0.67578125,8202,93,0.0345494041525829,394,0.043766911346803244
0,patch_25_11,6400,6656,2816,3072,65536,MSAVI,-0.37109375,51367,,,,
0,patch_25_11,6400,6656,2816,3072,65536,NDVI,-0.73828125,7217,0,0.031181898582058637,52,0.036604070228205304
0,patch_25_12,6400,6656,3072,3328,65536,MSAVI,-0.07421875,48922,,,,
0,patch_25_12,6400,6656,3072,3328,65536,NDVI,-0.73046875,7486,133,0.026176647826648636,140,0.031380297455611855
0,patch_25_13,6400,6656,3328,3584,65536,MSAVI,-0.14453125,49951,,,,
0,patch_25_13,6400,6656,3328,3584,65536,NDVI,-0.76171875,5185,89,0.030973713354932292,96,0.035050663860111464
0,patch_25_14,6400,6656,3584,3840,65536,MSAVI,-0.30078125,47135,,,,
0,patch_25_14,6400,6656,3584,3840,65536,NDVI,-0.55859375,3344,2668,0.0255393571890547,3211,0.029675483257033675
0,patch_25_15,6400,6656,3840,4096,65536,MSAVI,-0.22265625,33382,,,,
0,patch_25_15,6400,6656,3840,4096,65536,NDVI,-0.66015625,46323,7749,0.0035744389988940917,15083,0.013155005931462488
0,patch_25_16,6400,6656,4096,4352,65536,MSAVI,-0.46484375,34138,,,,
0,patch_25_16,6400,6656,4096,4352,65536,NDVI,-0.76953125,46751,9702,0.005295366661355494,14715,0.013495886448580685
0,patch_25_17,6400,6656,4352,4608,65536,MSAVI,-0.21484375,41435,,,,
0,patch_25_17,6400,6656,4352,4608,65536,NDVI,-0.54296875,3779,9957,0.01914558989403542,11031,0.022553452129328994
0,patch_25_18,6400,6656,4608,4864,65536,MSAVI,0.03515625,35120,,,,
0,patch_25_18,6400,6656,4608,4864,65536,NDVI,-0.51953125,7948,15256,0.007729589131970527,19134,0.016132506033429056
0,patch_25_19,6400,6656,4864,5120,65536,MSAVI,-0.19921875,35063,,,,
0,patch_25_19,6400,6656,4864,5120,65536,NDVI,-0.43359375,4240,12267,0.006161805027861594,16185,0.014833377348670407
0,patch_25_20,6400,6656,5120,5376,65536,MSAVI,-0.19140625,34638,,,,
0,patch_25_20,6400,6656,5120,5376,65536,NDVI,-0.64453125,43926,10506,0.006087093261131327,15684,0.013334107562871705
0,patch_25_21,6400,6656,5376,5632,65536,MSAVI,-0.26953125,42457,,,,
0,patch_25_21,6400,6656,5376,5632,65536,NDVI,-0.64453125,7361,16167,0.022652459352167392,16989,0.028739062966142287
0,patch_25_22,6400,6656,5632,5888,65536,MSAVI,-0.27734375,41472,,,,
0,patch_25_22,6400,6656,5632,5888,65536,NDVI,-0.61328125,6113,9140,0.014179613145558961,10934,0.02153686572495228
0,patch_25_23,6400,6656,5888,6144,65536,MSAVI,-0.40234375,39332,,,,
0,patch_25_23,6400,6656,5888,6144,65536,NDVI,-0.51171875,2201,5199,0.012582985476973646,7465,0.01703224021726299
0,patch_25_24,6400,6656,6144,6400,65536,MSAVI,-0.40234375,46842,,,,
0,patch_25_24,6400,6656,6144,6400,65536,NDVI,-0.53515625,1992,1006,0.02550611711040604,1260,0.027614514996981837
0,patch_25_25,6400,6656,6400,6656,65536,MSAVI,-0.40234375,46954,,,,
0,patch_25_25,6400,6656,6400,6656,65536,NDVI,-0.63671875,1961,1030,0.02669699774634396,1295,0.029810098061022222
0,patch_25_26,6400,6656,6656,6912,65536,MSAVI,-0.41015625,41445,,,,
0,patch_25_26,6400,6656,6656,6912,65536,NDVI,-0.76171875,6361,13582,0.020613077190179435,15577,0.029294494933674253
0,patch_25_27,6400,6656,6912,7168,65536,MSAVI,-0.30078125,35896,,,,
0,patch_25_27,6400,6656,6912,7168,65536,NDVI,-0.70703125,8340,10673,0.007160614492794898,16380,0.0135903546830341
0,patch_25_28,6400,6656,7168,7424,65536,MSAVI,-0.16015625,36268,,,,
0,patch_25_28,6400,6656,7168,7424,65536,NDVI,-0.57421875,6685,14302,0.010950283907695646,17646,0.01905173461435411
0,patch_25_29,6400,6656,7424,7680,65536,MSAVI,-0.21484375,32212,,,,
0,patch_25_29,6400,6656,7424,7680,65536,NDVI,-0.72265625,45621,11837,0.004208953261716886,19922,0.014508675838555807
0,patch_25_30,6400,6656,7680,7936,65536,MSAVI,-0.12890625,38601,,,,
0,patch_25_30,6400,6656,7680,7936,65536,NDVI,-0.58984375,7142,9455,0.011789788534748491,12186,0.018121553776611427
0,patch_25_31,6400,6656,7936,8192,65536,MSAVI,-0.20703125,36174,,,,
0,patch_25_31,6400,6656,7936,8192,65536,NDVI,-0.55859375,8482,8808,0.006926254494518169,12488,0.01267942610889311
0,patch_25_32,6400,6656,8192,8448,65536,MSAVI,-0.26953125,35968,,,,
0,patch_25_32,6400,6656,8192,8448,65536,NDVI,-0.73828125,11187,8000,0.007806670434768709,11342,0.015328838319051463
0,patch_25_33,6400,6656,8448,8704,65536,MSAVI,-0.19921875,38724,,,,
0,patch_25_33,6400,6656,8448,8704,65536,NDVI,-0.76953125,10586,14780,0.017789730606642684,16855,0.02626182557272061
0,patch_25_34,6400,6656,8704,8960,65536,MSAVI,-0.17578125,35087,,,,
0,patch_25_34,6400,6656,8704,8960,65536,NDVI,-0.61328125,5953,14160,0.008131162497821226,20514,0.017772030547732687
0,patch_25_35,6400,6656,8960,9216,65536,MSAVI,0.00390625,31391,,,,
0,patch_25_35,6400,6656,8960,9216,65536,NDVI,-0.64453125,10026,0,0.0,0,0.009808042386020944
0,patch_26_0,6656,6912,0,256,65536,MSAVI,-0.33203125,36993,,,,
0,patch_26_0,6656,6912,0,256,65536,NDVI,-0.60546875,7217,11123,0.012294464448911496,13310,0.021147598468864076
0,patch_26_1,6656,6912,256,512,65536,MSAVI,-0.13671875,38193,,,,
0,patch_26_1,6656,6912,256,512,65536,NDVI,-0.57421875,6755,9320,0.014222097711884901,11693,0.022071254211728647
0,patch_26_2,6656,6912,512,768,65536,MSAVI,-0.33203125,37788,,,,
0,patch_26_2,6656,6912,512,768,65536,NDVI,-0.56640625,5631,15415,0.013288282650374877,18193,0.02265807129399769
0,patch_26_3,6656,6912,768,1024,65536,MSAVI,-0.32421875,34106,,,,
0,patch_26_3,6656,6912,768,1024,65536,NDVI,-0.73046875,5275,10178,0.006077948380718429,15803,0.014633085269159601
0,patch_26_4,6656,6912,1024,1280,65536,MSAVI,-0.26953125,41673,,,,
0,patch_26_4,6656,6912,1024,1280,65536,NDVI,-0.73046875,4173,6073,0.016987044683823838,7923,0.023591186806917908
0,patch_26_5,6656,6912,1280,1536,65536,MSAVI,-0.19140625,34280,,,,
0,patch_26_5,6656,6912,1280,1536,65536,NDVI,-0.69921875,6082,7834,0.0039687025667106135,13106,0.012180031538618297
0,patch_26_6,6656,6912,1536,1792,65536,MSAVI,-0.22265625,40840,,,,
0,patch_26_6,6656,6912,1536,1792,65536,NDVI,-0.43359375,1948,4163,0.01618926317218078,5328,0.02062895437057674
0,patch_26_7,6656,6912,1792,2048,65536,MSAVI,-0.43359375,44373,,,,
0,patch_26_7,6656,6912,1792,2048,65536,NDVI,-0.41796875,1214,1505,0.02084993796807999,2183,0.026750490553222928
0,patch_26_8,6656,6912,2048,2304,65536,MSAVI,-0.39453125,39271,,,,
0,patch_26_8,6656,6912,2048,2304,65536,NDVI,-0.55859375,2059,12167,0.016196276273434063,13356,0.02219209745268197
0,patch_26_9,6656,6912,2304,2560,65536,MSAVI,-0.38671875,40626,,,,
0,patch_26_9,6656,6912,2304,2560,65536,NDVI,-0.44140625,1383,9667,0.017028162119215234,11862,0.023874894541422276
0,patch_26_10,6656,6912,2560,2816,65536,MSAVI,-0.27734375,51650,,,,
0,patch_26_10,6656,6912,2560,2816,65536,NDVI,-0.66796875,7524,2631,0.030809480073289347,2779,0.04145935190318714
0,patch_26_11,6656,6912,2816,3072,65536,MSAVI,0.12109375,49214,,,,
0,patch_26_11,6656,6912,2816,3072,65536,NDVI,-0.76171875,6780,1520,0.026228830950725535,1603,0.03317410934876677
0,patch_26_12,6656,6912,3072,3328,65536,MSAVI,-0.30078125,46899,,,,
0,patch_26_12,6656,6912,3072,3328,65536,NDVI,-0.73046875,7167,471,0.025063538507732935,534,0.030136711219427514
0,patch_26_13,6656,6912,3328,3584,65536,MSAVI,-0.19140625,46796,,,,
0,patch_26_13,6656,6912,3328,3584,65536,NDVI,-0.66796875,6659,416,0.025141230748595977,703,0.029390834181220543
0,patch_26_14,6656,6912,3584,3840,65536,MSAVI,-0.26171875,49714,,,,
0,patch_26_14,6656,6912,3584,3840,65536,NDVI,-0.70703125,6267,195,0.030451823596670508,223,0.035173020328244126
0,patch_26_15,6656,6912,3840,4096,65536,MSAVI,-0.32421875,46543,,,,
0,patch_26_15,6656,6912,3840,4096,65536,NDVI,-0.51953125,3280,2542,0.02545500743521334,3072,0.030357986215748534
0,patch_26_16,6656,6912,4096,4352,65536,MSAVI,-0.19140625,38669,,,,
0,patch_26_16,6656,6912,4096,4352,65536,NDVI,-0.72265625,48021,7937,0.010869285815528706,10886,0.018408825306709037
0,patch_26_17,6656,6912,4352,4608,65536,MSAVI,-0.26953125,43270,,,,
0,patch_26_17,6656,6912,4352,4608,65536,NDVI,-0.52734375,6417,17659,0.029711297809276588,17790,0.0353388034707765
0,patch_26_18,6656,6912,4608,4864,65536,MSAVI,-0.24609375,37560,,,,
0,patch_26_18,6656,6912,4608,4864,65536,NDVI,-0.73828125,16763,14358,0.010097488182294168,18918,0.022009653508817617
0,patch_26_19,6656,6912,4864,5120,65536,MSAVI,-0.18359375,35816,,,,
0,patch_26_19,6656,6912,4864,5120,65536,NDVI,-0.69921875,15223,22590,0.014686255819529759,25438,0.024000132856902917
0,patch_26_20,6656,6912,5120,5376,65536,MSAVI,-0.09765625,32707,,,,
0,patch_26_20,6656,6912,5120,5376,65536,NDVI,-0.46484375,7710,20642,0.006295893987333878,26452,0.019514028723672194
0,patch_26_21,6656,6912,5376,5632,65536,MSAVI,-0.25390625,35013,,,,
0,patch_26_21,6656,6912,5376,5632,65536,NDVI,-0.55078125,5933,11003,0.008323179150511395,14631,0.01500131211128461
0,patch_26_22,6656,6912,5632,5888,65536,MSAVI,-0.21484375,36522,,,,
0,patch_26_22,6656,6912,5632,5888,65536,NDVI,-0.53515625,5566,11296,0.010633668503435917,16202,0.016929850674642005
0,patch_26_23,6656,6912,5888,6144,65536,MSAVI,-0.24609375,32371,,,,
0,patch_26_23,6656,6912,5888,6144,65536,NDVI,-0.52734375,6028,9478,0.0023498751469055446,17922,0.009251068031133847
0,patch_26_24,6656,6912,6144,6400,65536,MSAVI,-0.11328125,37314,,,,
0,patch_26_24,6656,6912,6144,6400,65536,NDVI,-0.55859375,1642,5273,0.009397673492376912,8863,0.018259032068453696
0,patch_26_25,6656,6912,6400,6656,65536,MSAVI,-0.06640625,24855,,,,
0,patch_26_25,6656,6912,6400,6656,65536,NDVI,-0.77734375,37845,441,-0.018181700783801213,34365,0.010273508112794039
0,patch_26_26,6656,6912,6656,6912,65536,MSAVI,0.02734375,34417,,,,
0,patch_26_26,6656,6912,6656,6912,65536,NDVI,-0.69921875,7136,8290,0.006521603696632711,13285,0.011620246439128623
0,patch_26_27,6656,6912,6912,7168,65536,MSAVI,-0.38671875,36099,,,,
0,patch_26_27,6656,6912,6912,7168,65536,NDVI,-0.79296875,8892,12422,0.009546062185126769,16828,0.016393663361677885
0,patch_26_28,6656,6912,7168,7424,65536,MSAVI,-0.28515625,37352,,,,
0,patch_26_28,6656,6912,7168,7424,65536,NDVI,-0.67578125,8978,11061,0.009588967183423863,14803,0.01620726943038614
0,patch_26_29,6656,6912,7424,7680,65536,MSAVI,-0.12109375,36174,,,,
0,patch_26_29,6656,6912,7424,7680,65536,NDVI,-0.57421875,7055,9608,0.008774532476795133,14462,0.019101973247446002
0,patch_26_30,6656,6912,7680,7936,65536,MSAVI,-0.30078125,38153,,,,
0,patch_26_30,6656,6912,7680,7936,65536,NDVI,-0.66015625,7084,9225,0.012862930421211644,12168,0.020266084772563753
0,patch_26_31,6656,6912,7936,8192,65536,MSAVI,-0.21484375,36208,,,,
0,patch_26_31,6656,6912,7936,8192,65536,NDVI,-0.69140625,9094,8736,0.007243160033609974,12210,0.013045606536825044
0,patch_26_32,6656,6912,8192,8448,65536,MSAVI,-0.13671875,34742,,,,
0,patch_26_32,6656,6912,8192,8448,65536,NDVI,-0.58984375,7876,7666,0.007386270126888084,11123,0.012690379655906525
0,patch_26_33,6656,6912,8448,8704,65536,MSAVI,-0.30078125,34648,,,,
0,patch_26_33,6656,6912,8448,8704,65536,NDVI,-0.65234375,7319,14729,0.008711393532054634,20450,0.019839947489186466
0,patch_26_34,6656,6912,8704,8960,65536,MSAVI,-0.18359375,35385,,,,
0,patch_26_34,6656,6912,8704,8960,65536,NDVI,-0.66796875,4392,14911,0.010630987344557419,17512,0.019379103968558242
0,patch_26_35,6656,6912,8960,9216,65536,MSAVI,-0.05859375,36050,,,,
0,patch_26_35,6656,6912,8960,9216,65536,NDVI,-0.54296875,7220,0,0.0,0,0.009808042386020944
0,patch_27_0,6912,7168,0,256,65536,MSAVI,0.25390625,33773,,,,
0,patch_27_0,6912,7168,0,256,65536,NDVI,-0.64453125,9551,11817,0.005924527384329165,19016,0.01822641078221554
0,patch_27_1,6912,7168,256,512,65536,MSAVI,-0.36328125,33251,,,,
0,patch_27_1,6912,7168,256,512,65536,NDVI,-0.53515625,6334,18304,0.007818284882134735,23530,0.020027062029916443
0,patch_27_2,6912,7168,512,768,65536,MSAVI,-0.06640625,33377,,,,
0,patch_27_2,6912,7168,512,768,65536,NDVI,-0.61328125,7409,13510,0.005046145021202736,21097,0.018436982584027123
0,patch_27_3,6912,7168,768,1024,65536,MSAVI,-0.07421875,33879,,,,
0,patch_27_3,6912,7168,768,1024,65536,NDVI,-0.58203125,6176,13950,0.00486175344996484,19042,0.012984544057483033
0,patch_27_4,6912,7168,1024,1280,65536,MSAVI,-0.03515625,34990,,,,
0,patch_27_4,6912,7168,1024,1280,65536,NDVI,-0.63671875,6931,4295,0.004691434907213299,9539,0.012006123224365284
0,patch_27_5,6912,7168,1280,1536,65536,MSAVI,-0.15234375,33838,,,,
0,patch_27_5,6912,7168,1280,1536,65536,NDVI,-0.69921875,7573,6991,0.004463067756727307,14167,0.013044288282255817
0,patch_27_6,6912,7168,1536,1792,65536,MSAVI,-0.26171875,36705,,,,
0,patch_27_6,6912,7168,1536,1792,65536,NDVI,-0.58984375,3531,13991,0.015285371113952145,65536,0.017759593088991055
0,patch_27_7,6912,7168,1792,2048,65536,MSAVI,-0.46484375,36220,,,,
0,patch_27_7,6912,7168,1792,2048,65536,NDVI,-0.71484375,46777,13139,0.010229866730364107,17098,0.019886838309456145
0,patch_27_8,6912,7168,2048,2304,65536,MSAVI,-0.42578125,39452,,,,
0,patch_27_8,6912,7168,2048,2304,65536,NDVI,-0.75390625,47158,7812,0.014502748277123695,10923,0.021453066723990194
0,patch_27_9,6912,7168,2304,2560,65536,MSAVI,-0.28515625,55879,,,,
0,patch_27_9,6912,7168,2304,2560,65536,NDVI,-0.67578125,3133,1101,0.03760733655306531,1215,0.04986210271106645
0,patch_27_10,6912,7168,2560,2816,65536,MSAVI,-0.25390625,58508,,,,
0,patch_27_10,6912,7168,2560,2816,65536,NDVI,-0.66015625,3310,52,0.03862564868979798,120,0.05712059862492275
0,patch_27_11,6912,7168,2816,3072,65536,MSAVI,0.01953125,47562,,,,
0,patch_27_11,6912,7168,2816,3072,65536,NDVI,-0.77734375,7474,236,0.018668431335993163,634,0.027242169617099632
0,patch_27_12,6912,7168,3072,3328,65536,MSAVI,-0.27734375,46966,,,,
0,patch_27_12,6912,7168,3072,3328,65536,NDVI,-0.66796875,5870,436,0.026467078059064814,631,0.032810848938960135
0,patch_27_13,6912,7168,3328,3584,65536,MSAVI,-0.17578125,42543,,,,
0,patch_27_13,6912,7168,3328,3584,65536,NDVI,-0.67578125,9918,917,0.019015055366777472,1492,0.024837727566867362
0,patch_27_14,6912,7168,3584,3840,65536,MSAVI,-0.31640625,49097,,,,
0,patch_27_14,6912,7168,3584,3840,65536,NDVI,-0.76171875,7133,115,0.027389566087840045,207,0.03230899048980557
0,patch_27_15,6912,7168,3840,4096,65536,MSAVI,-0.28515625,47475,,,,
0,patch_27_15,6912,7168,3840,4096,65536,NDVI,-0.61328125,5162,495,0.02515318182690074,620,0.029558741162581448
0,patch_27_16,6912,7168,4096,4352,65536,MSAVI,-0.40234375,42239,,,,
0,patch_27_16,6912,7168,4096,4352,65536,NDVI,-0.49609375,3439,3715,0.01704508627479734,5245,0.024176333752030238
0,patch_27_17,6912,7168,4352,4608,65536,MSAVI,-0.30859375,38684,,,,
0,patch_27_17,6912,7168,4352,4608,65536,NDVI,-0.70703125,49739,11711,0.013513082463149917,14359,0.020943806115399338
0,patch_27_18,6912,7168,4608,4864,65536,MSAVI,-0.18359375,35462,,,,
0,patch_27_18,6912,7168,4608,4864,65536,NDVI,-0.71484375,14860,9486,0.005401017255661,16931,0.015323910160042586
0,patch_27_19,6912,7168,4864,5120,65536,MSAVI,-0.17578125,35160,,,,
0,patch_27_19,6912,7168,4864,5120,65536,NDVI,-0.74609375,17339,10070,0.006283208196800866,15845,0.014391654341033733
0,patch_27_20,6912,7168,5120,5376,65536,MSAVI,-0.21484375,34983,,,,
0,patch_27_20,6912,7168,5120,5376,65536,NDVI,-0.65234375,9299,21262,0.015103208414778302,23284,0.02186808259157244
0,patch_27_21,6912,7168,5376,5632,65536,MSAVI,-0.15234375,32185,,,,
0,patch_27_21,6912,7168,5376,5632,65536,NDVI,-0.58203125,44849,10449,0.0024933755076081976,18885,0.013665754950570125
0,patch_27_22,6912,7168,5632,5888,65536,MSAVI,-0.33984375,32763,,,,
0,patch_27_22,6912,7168,5632,5888,65536,NDVI,-0.60546875,6644,9200,0.0034469804661773074,18580,0.013512158951070163
0,patch_27_23,6912,7168,5888,6144,65536,MSAVI,-0.16796875,31707,,,,
0,patch_27_23,6912,7168,5888,6144,65536,NDVI,-0.67578125,47717,9996,0.002368908897517036,17857,0.00929334323254058
0,patch_27_24,6912,7168,6144,6400,65536,MSAVI,-0.24609375,30905,,,,
0,patch_27_24,6912,7168,6144,6400,65536,NDVI,-0.77734375,45105,11399,0.0014687111648369888,23403,0.015511555767175805
0,patch_27_25,6912,7168,6400,6656,65536,MSAVI,0.05078125,31612,,,,
0,patch_27_25,6912,7168,6400,6656,65536,NDVI,-0.78515625,43030,9986,0.0018908427173473519,19944,0.01104150735914275
0,patch_27_26,6912,7168,6656,6912,65536,MSAVI,0.17578125,32394,,,,
0,patch_27_26,6912,7168,6656,6912,65536,NDVI,-0.66796875,5937,9145,0.0010360032058356894,16838,0.008875195300115907
0,patch_27_27,6912,7168,6912,7168,65536,MSAVI,-0.08203125,36370,,,,
0,patch_27_27,6912,7168,6912,7168,65536,NDVI,-0.69921875,7576,11691,0.00901989580172094,15410,0.014544132492590511
0,patch_27_28,6912,7168,7168,7424,65536,MSAVI,0.06640625,35611,,,,
0,patch_27_28,6912,7168,7168,7424,65536,NDVI,-0.69140625,9392,13067,0.007495584241104608,16849,0.014641665145320615
0,patch_27_29,6912,7168,7424,7680,65536,MSAVI,-0.51171875,41753,,,,
0,patch_27_29,6912,7168,7424,7680,65536,NDVI,-0.83984375,8277,13214,0.0231682426664854,14176,0.03006906458349834
0,patch_27_30,6912,7168,7680,7936,65536,MSAVI,-0.09765625,38415,,,,
0,patch_27_30,6912,7168,7680,7936,65536,NDVI,-0.62109375,7297,9535,0.01424795903188708,12163,0.022098111039434015
0,patch_27_31,6912,7168,7936,8192,65536,MSAVI,-0.05078125,38306,,,,
0,patch_27_31,6912,7168,7936,8192,65536,NDVI,-0.57421875,4320,9230,0.01349871492386362,11868,0.019864357598834398
0,patch_27_32,6912,7168,8192,8448,65536,MSAVI,-0.28515625,38534,,,,
0,patch_27_32,6912,7168,8192,8448,65536,NDVI,-0.62890625,5337,5914,0.013161921169038776,8852,0.018527363732632196
0,patch_27_33,6912,7168,8448,8704,65536,MSAVI,-0.16796875,36368,,,,
0,patch_27_33,6912,7168,8448,8704,65536,NDVI,-0.61328125,4428,11669,0.010980904075852616,15727,0.02152626455077844
0,patch_27_34,6912,7168,8704,8960,65536,MSAVI,-0.22265625,46582,,,,
0,patch_27_34,6912,7168,8704,8960,65536,NDVI,-0.76171875,6454,13021,0.026179564525379118,13149,0.034497559295823016
0,patch_27_35,6912,7168,8960,9216,65536,MSAVI,-0.41015625,39873,,,,
0,patch_27_35,6912,7168,8960,9216,65536,NDVI,-0.71484375,2621,0,0.0,0,0.009808042386020944
0,patch_28_0,7168,7424,0,256,65536,MSAVI,0.04296875,32465,,,,
0,patch_28_0,7168,7424,0,256,65536,NDVI,-0.35546875,8536,16153,0.008162931341313906,65536,0.0173449768791632
0,patch_28_1,7168,7424,256,512,65536,MSAVI,0.04296875,30747,,,,
0,patch_28_1,7168,7424,256,512,65536,NDVI,-0.62109375,11168,14827,0.0006359424089692756,65536,0.01685903917910439
0,patch_28_2,7168,7424,512,768,65536,MSAVI,-0.05078125,33342,,,,
0,patch_28_2,7168,7424,512,768,65536,NDVI,-0.48828125,9121,13087,0.004867025750419085,21167,0.01702758328058887
0,patch_28_3,7168,7424,768,1024,65536,MSAVI,-0.16015625,33913,,,,
0,patch_28_3,7168,7424,768,1024,65536,NDVI,-0.53515625,7689,12531,0.006745410434036786,17361,0.01440212226713844
0,patch_28_4,7168,7424,1024,1280,65536,MSAVI,-0.33203125,35297,,,,
0,patch_28_4,7168,7424,1024,1280,65536,NDVI,-0.51953125,4946,11395,0.006670441433150598,16243,0.015375408754628977
0,patch_28_5,7168,7424,1280,1536,65536,MSAVI,-0.37890625,35442,,,,
0,patch_28_5,7168,7424,1280,1536,65536,NDVI,-0.51953125,1835,13488,0.008977775074152428,19592,0.022440266366401312
0,patch_28_6,7168,7424,1536,1792,65536,MSAVI,-0.38671875,33131,,,,
0,patch_28_6,7168,7424,1536,1792,65536,NDVI,-0.64453125,4026,8749,0.0017558934158735662,17457,0.015195218633361401
0,patch_28_7,7168,7424,1792,2048,65536,MSAVI,-0.49609375,37419,,,,
0,patch_28_7,7168,7424,1792,2048,65536,NDVI,-0.69921875,47090,9005,0.011156003963850386,10371,0.017348895679582865
0,patch_28_8,7168,7424,2048,2304,65536,MSAVI,-0.44140625,43412,,,,
0,patch_28_8,7168,7424,2048,2304,65536,NDVI,-0.48828125,1018,5869,0.021761458267228806,7639,0.027929882655162025
0,patch_28_9,7168,7424,2304,2560,65536,MSAVI,-0.33984375,52345,,,,
0,patch_28_9,7168,7424,2304,2560,65536,NDVI,-0.68359375,5345,847,0.03295303872325772,824,0.043471824714256924
0,patch_28_10,7168,7424,2560,2816,65536,MSAVI,-0.34765625,52648,,,,
0,patch_28_10,7168,7424,2560,2816,65536,NDVI,-0.67578125,4543,0,0.035258682457358775,181,0.04247470902041675
0,patch_28_11,7168,7424,2816,3072,65536,MSAVI,-0.16796875,51777,,,,
0,patch_28_11,7168,7424,2816,3072,65536,NDVI,-0.65234375,4952,255,0.03293240912160275,432,0.04086420557077736
0,patch_28_12,7168,7424,3072,3328,65536,MSAVI,-0.30078125,44892,,,,
0,patch_28_12,7168,7424,3072,3328,65536,NDVI,-0.69140625,10159,2152,0.01937608963503845,2773,0.025977143986885387
0,patch_28_13,7168,7424,3328,3584,65536,MSAVI,-0.12109375,45010,,,,
0,patch_28_13,7168,7424,3328,3584,65536,NDVI,-0.70703125,7943,566,0.017746588256605356,1264,0.02637671841394451
0,patch_28_14,7168,7424,3584,3840,65536,MSAVI,-0.24609375,47007,,,,
0,patch_28_14,7168,7424,3584,3840,65536,NDVI,-0.66015625,7093,442,0.023655797013562185,741,0.031116373474120745
0,patch_28_15,7168,7424,3840,4096,65536,MSAVI,-0.29296875,48232,,,,
0,patch_28_15,7168,7424,3840,4096,65536,NDVI,-0.59765625,4678,481,0.026606361208783652,583,0.031080549530797363
0,patch_28_16,7168,7424,4096,4352,65536,MSAVI,-0.40234375,48837,,,,
0,patch_28_16,7168,7424,4096,4352,65536,NDVI,-0.56640625,3342,830,0.02952447280859799,1144,0.03301661896595201
0,patch_28_17,7168,7424,4352,4608,65536,MSAVI,-0.32421875,44339,,,,
0,patch_28_17,7168,7424,4352,4608,65536,NDVI,-0.57421875,2817,3232,0.022924574747500703,4110,0.027250122793632287
0,patch_28_18,7168,7424,4608,4864,65536,MSAVI,-0.30859375,35031,,,,
0,patch_28_18,7168,7424,4608,4864,65536,NDVI,-0.76953125,12747,21963,0.010135692137882568,25502,0.01925673180917875
0,patch_28_19,7168,7424,4864,5120,65536,MSAVI,-0.29296875,41981,,,,
0,patch_28_19,7168,7424,4864,5120,65536,NDVI,-0.76171875,23122,12118,0.019866127920076415,14476,0.02828145801797105
0,patch_28_20,7168,7424,5120,5376,65536,MSAVI,-0.05078125,31774,,,,
0,patch_28_20,7168,7424,5120,5376,65536,NDVI,-0.68359375,10774,14107,0.0004927845686691912,26532,0.014437992069066569
0,patch_28_21,7168,7424,5376,5632,65536,MSAVI,-0.32421875,33566,,,,
0,patch_28_21,7168,7424,5376,5632,65536,NDVI,-0.62109375,7626,11133,0.0047666154309064235,19468,0.014752151098610028
0,patch_28_22,7168,7424,5632,5888,65536,MSAVI,-0.22265625,34262,,,,
0,patch_28_22,7168,7424,5632,5888,65536,NDVI,-0.57421875,7901,9763,0.006201210004282975,14473,0.01293620084270486
0,patch_28_23,7168,7424,5888,6144,65536,MSAVI,-0.26953125,35252,,,,
0,patch_28_23,7168,7424,5888,6144,65536,NDVI,-0.51953125,6662,5652,0.007424508963292636,8969,0.011289030053376559
0,patch_28_24,7168,7424,6144,6400,65536,MSAVI,-0.26953125,35364,,,,
0,patch_28_24,7168,7424,6144,6400,65536,NDVI,-0.52734375,42301,9197,0.00833719585286749,14137,0.018746391867188794
0,patch_28_25,7168,7424,6400,6656,65536,MSAVI,-0.39453125,32182,,,,
0,patch_28_25,7168,7424,6400,6656,65536,NDVI,-0.66796875,44389,18733,0.010362872612654783,22850,0.022400346530551007
0,patch_28_26,7168,7424,6656,6912,65536,MSAVI,0.19140625,28949,,,,
0,patch_28_26,7168,7424,6656,6912,65536,NDVI,-0.57421875,9907,8321,-0.0025009848560274828,23395,0.007190273449229845
0,patch_28_27,7168,7424,6912,7168,65536,MSAVI,0.14453125,34239,,,,
0,patch_28_27,7168,7424,6912,7168,65536,NDVI,-0.75390625,10169,10871,0.004698303232863771,18950,0.012248602419780652
0,patch_28_28,7168,7424,7168,7424,65536,MSAVI,-0.08203125,36270,,,,
0,patch_28_28,7168,7424,7168,7424,65536,NDVI,-0.63671875,5887,11630,0.008889187015092809,15492,0.01658429735772482
0,patch_28_29,7168,7424,7424,7680,65536,MSAVI,-0.20703125,208,,,,
0,patch_28_29,7168,7424,7424,7680,65536,NDVI,-0.17578125,17507,28345,0.004908034439709205,47364,0.0033609733350430937
0,patch_28_30,7168,7424,7680,7936,65536,MSAVI,0.34765625,35642,,,,
0,patch_28_30,7168,7424,7680,7936,65536,NDVI,-0.64453125,7458,9946,0.006634261669346275,13584,0.01646690920016536
0,patch_28_31,7168,7424,7936,8192,65536,MSAVI,0.16796875,36686,,,,
0,patch_28_31,7168,7424,7936,8192,65536,NDVI,-0.54296875,7573,7164,0.008724076137062942,12044,0.01561238419519681
0,patch_28_32,7168,7424,8192,8448,65536,MSAVI,0.15234375,42912,,,,
0,patch_28_32,7168,7424,8192,8448,65536,NDVI,-0.58203125,5575,6846,0.021055510171939795,9246,0.026854553260205805
0,patch_28_33,7168,7424,8448,8704,65536,MSAVI,-0.44140625,40989,,,,
0,patch_28_33,7168,7424,8448,8704,65536,NDVI,-0.69140625,4138,12387,0.019935423925580953,13213,0.026311759350746894
0,patch_28_34,7168,7424,8704,8960,65536,MSAVI,-0.21484375,36417,,,,
0,patch_28_34,7168,7424,8704,8960,65536,NDVI,-0.74609375,48481,0,0.0,0,0.009808042386020944
0,patch_28_35,7168,7424,8960,9216,65536,MSAVI,-0.30078125,33363,,,,
0,patch_28_35,7168,7424,8960,9216,65536,NDVI,-0.65234375,6091,0,0.0,0,0.009808042386020944
0,patch_29_0,7424,7680,0,256,65536,MSAVI,0.28515625,35892,,,,
0,patch_29_0,7424,7680,0,256,65536,NDVI,-0.56640625,50009,8707,0.006456075913957332,12845,0.015319866718641884
0,patch_29_1,7424,7680,256,512,65536,MSAVI,0.12109375,34636,,,,
0,patch_29_1,7424,7680,256,512,65536,NDVI,-0.46484375,10367,9234,0.005229158292646641,15819,0.013857298541337548
0,patch_29_2,7424,7680,512,768,65536,MSAVI,-0.00390625,34067,,,,
0,patch_29_2,7424,7680,512,768,65536,NDVI,-0.48828125,10364,13220,0.005423912788437402,20290,0.01739444465474657
0,patch_29_3,7424,7680,768,1024,65536,MSAVI,-0.14453125,33212,,,,
0,patch_29_3,7424,7680,768,1024,65536,NDVI,-0.42578125,7746,14194,0.0053263749130996185,22473,0.015074559971083284
0,patch_29_4,7424,7680,1024,1280,65536,MSAVI,-0.33984375,36163,,,,
0,patch_29_4,7424,7680,1024,1280,65536,NDVI,-0.70703125,49773,11830,0.01146048264590116,15541,0.020237512354226495
0,patch_29_5,7424,7680,1280,1536,65536,MSAVI,-0.27734375,42626,,,,
0,patch_29_5,7424,7680,1280,1536,65536,NDVI,-0.58984375,5105,10720,0.017516740817156484,12048,0.029164318107349985
0,patch_29_6,7424,7680,1536,1792,65536,MSAVI,-0.43359375,35242,,,,
0,patch_29_6,7424,7680,1536,1792,65536,NDVI,-0.66796875,2307,11376,0.00813974476238144,16095,0.01550231980592956
0,patch_29_7,7424,7680,1792,2048,65536,MSAVI,-0.44921875,29989,,,,
0,patch_29_7,7424,7680,1792,2048,65536,NDVI,-0.69140625,2674,1103,-0.01681451027209288,29586,0.020890089348798574
0,patch_29_8,7424,7680,2048,2304,65536,MSAVI,-0.38671875,44758,,,,
0,patch_29_8,7424,7680,2048,2304,65536,NDVI,-0.66796875,4542,2740,0.02204321362478498,3497,0.029076045631523828
0,patch_29_9,7424,7680,2304,2560,65536,MSAVI,-0.12890625,47974,,,,
0,patch_29_9,7424,7680,2304,2560,65536,NDVI,-0.71484375,4649,1368,0.024176703759189927,1582,0.03324585407218267
0,patch_29_10,7424,7680,2560,2816,65536,MSAVI,-0.05078125,46231,,,,
0,patch_29_10,7424,7680,2560,2816,65536,NDVI,-0.57421875,4704,908,0.02126957719925629,1270,0.028483726556785938
0,patch_29_11,7424,7680,2816,3072,65536,MSAVI,-0.32421875,50144,,,,
0,patch_29_11,7424,7680,2816,3072,65536,NDVI,-0.52734375,3427,864,0.02994747403285483,783,0.036560098687144216
0,patch_29_12,7424,7680,3072,3328,65536,MSAVI,-0.28515625,47732,,,,
0,patch_29_12,7424,7680,3072,3328,65536,NDVI,-0.67578125,8513,139,0.025500286753778134,127,0.02953039624465731
0,patch_29_13,7424,7680,3328,3584,65536,MSAVI,0.05859375,47202,,,,
0,patch_29_13,7424,7680,3328,3584,65536,NDVI,-0.71484375,7374,2808,0.020294485452212366,2960,0.03124530114007318
0,patch_29_14,7424,7680,3584,3840,65536,MSAVI,-0.28515625,49553,,,,
0,patch_29_14,7424,7680,3584,3840,65536,NDVI,-0.71484375,6892,1251,0.027370423204669675,1574,0.032759372521369845
0,patch_29_15,7424,7680,3840,4096,65536,MSAVI,-0.16796875,51874,,,,
0,patch_29_15,7424,7680,3840,4096,65536,NDVI,-0.72265625,5039,138,0.02796771876068345,147,0.03838750305376598
0,patch_29_16,7424,7680,4096,4352,65536,MSAVI,-0.37890625,52245,,,,
0,patch_29_16,7424,7680,4096,4352,65536,NDVI,-0.61328125,3648,0,0.03536597360944144,0,0.04133017731816005
0,patch_29_17,7424,7680,4352,4608,65536,MSAVI,-0.26953125,50696,,,,
0,patch_29_17,7424,7680,4352,4608,65536,NDVI,-0.58984375,3280,266,0.03203051932275924,386,0.03682650330531778
0,patch_29_18,7424,7680,4608,4864,65536,MSAVI,-0.26171875,35441,,,,
0,patch_29_18,7424,7680,4608,4864,65536,NDVI,-0.54296875,4547,8030,0.005957106164135251,13355,0.015286399012515411
0,patch_29_19,7424,7680,4864,5120,65536,MSAVI,0.05859375,28206,,,,
0,patch_29_19,7424,7680,4864,5120,65536,NDVI,-0.68359375,44305,11563,-0.0037179488259549698,26363,0.011956671130869678
0,patch_29_20,7424,7680,5120,5376,65536,MSAVI,-0.29296875,32107,,,,
0,patch_29_20,7424,7680,5120,5376,65536,NDVI,-0.59765625,7804,11757,0.0018187251314480957,23181,0.01150123778633319
0,patch_29_21,7424,7680,5376,5632,65536,MSAVI,-0.40234375,41212,,,,
0,patch_29_21,7424,7680,5376,5632,65536,NDVI,-0.74609375,6105,7829,0.01759736095986278,9488,0.023211838680012198
0,patch_29_22,7424,7680,5632,5888,65536,MSAVI,-0.26953125,42664,,,,
0,patch_29_22,7424,7680,5632,5888,65536,NDVI,-0.73828125,5908,7206,0.016423705010618628,8114,0.021562250520668264
0,patch_29_23,7424,7680,5888,6144,65536,MSAVI,-0.02734375,37225,,,,
0,patch_29_23,7424,7680,5888,6144,65536,NDVI,-0.40234375,6227,7089,0.011094408978369885,8555,0.015535810475992368
0,patch_29_24,7424,7680,6144,6400,65536,MSAVI,-0.18359375,41578,,,,
0,patch_29_24,7424,7680,6144,6400,65536,NDVI,-0.42578125,3140,9111,0.018075950333176966,10869,0.02414528803579702
0,patch_29_25,7424,7680,6400,6656,65536,MSAVI,-0.28515625,40306,,,,
0,patch_29_25,7424,7680,6400,6656,65536,NDVI,-0.50390625,3361,8614,0.018426870804170603,10903,0.025817438456585795
0,patch_29_26,7424,7680,6656,6912,65536,MSAVI,-0.01953125,34758,,,,
0,patch_29_26,7424,7680,6656,6912,65536,NDVI,-0.67578125,9893,8330,0.005311645095752965,14059,0.013861030035117433
0,patch_29_27,7424,7680,6912,7168,65536,MSAVI,0.05078125,34441,,,,
0,patch_29_27,7424,7680,6912,7168,65536,NDVI,-0.71484375,13303,7357,0.00662988085790106,14297,0.012839190373834103
0,patch_29_28,7424,7680,7168,7424,65536,MSAVI,0.01953125,39405,,,,
0,patch_29_28,7424,7680,7168,7424,65536,NDVI,-0.67578125,9993,9991,0.013949472218136139,12002,0.020894568894570642
0,patch_29_29,7424,7680,7424,7680,65536,MSAVI,-0.11328125,38561,,,,
0,patch_29_29,7424,7680,7424,7680,65536,NDVI,-0.68359375,11351,11250,0.01346207809293351,13615,0.01995688688887584
0,patch_29_30,7424,7680,7680,7936,65536,MSAVI,0.05078125,162,,,,
0,patch_29_30,7424,7680,7680,7936,65536,NDVI,0.25390625,28547,36221,0.00472719509114361,57088,0.005123289073231771
0,patch_29_31,7424,7680,7936,8192,65536,MSAVI,-0.32421875,35485,,,,
0,patch_29_31,7424,7680,7936,8192,65536,NDVI,-0.69921875,8621,5759,0.006614136100307533,9437,0.010615510828371588
0,patch_29_32,7424,7680,8192,8448,65536,MSAVI,0.13671875,35223,,,,
0,patch_29_32,7424,7680,8192,8448,65536,NDVI,-0.55078125,7653,5969,0.005215461985742159,11373,0.013583959331226136
0,patch_29_33,7424,7680,8448,8704,65536,MSAVI,-0.30859375,37924,,,,
0,patch_29_33,7424,7680,8448,8704,65536,NDVI,-0.75390625,49799,9108,0.011211913425856312,13465,0.020192261244454723
0,patch_29_34,7424,7680,8704,8960,65536,MSAVI,-0.29296875,33629,,,,
0,patch_29_34,7424,7680,8704,8960,65536,NDVI,-0.69140625,44651,0,0.0,0,0.009808042386020944
0,patch_29_35,7424,7680,8960,9216,65536,MSAVI,-0.15234375,33699,,,,
0,patch_29_35,7424,7680,8960,9216,65536,NDVI,-0.77734375,6988,0,0.0,0,0.009808042386020944
0,patch_30_0,7680,7936,0,256,65536,MSAVI,-0.10546875,35442,,,,
0,patch_30_0,7680,7936,0,256,65536,NDVI,-0.65234375,47298,6417,0.007172513887038462,11936,0.014651809782665226
0,patch_30_1,7680,7936,256,512,65536,MSAVI,-0.20703125,35137,,,,
0,patch_30_1,7680,7936,256,512,65536,NDVI,-0.50390625,7491,5035,0.004929720332277898,11511,0.01262090709815561
0,patch_30_2,7680,7936,512,768,65536,MSAVI,0.07421875,33419,,,,
0,patch_30_2,7680,7936,512,768,65536,NDVI,-0.51171875,10642,17136,0.0068155614372105155,21923,0.01741874969310342
0,patch_30_3,7680,7936,768,1024,65536,MSAVI,-0.40234375,39150,,,,
0,patch_30_3,7680,7936,768,1024,65536,NDVI,-0.59765625,5222,12561,0.015251199407162824,14954,0.02433721285987836
0,patch_30_4,7680,7936,1024,1280,65536,MSAVI,0.01171875,35051,,,,
0,patch_30_4,7680,7936,1024,1280,65536,NDVI,-0.55859375,5402,15357,0.009337702455250646,18777,0.01737484389706523
0,patch_30_5,7680,7936,1280,1536,65536,MSAVI,-0.18359375,34083,,,,
0,patch_30_5,7680,7936,1280,1536,65536,NDVI,-0.41015625,4479,15616,0.008702969596679738,19914,0.018022744758491915
0,patch_30_6,7680,7936,1536,1792,65536,MSAVI,-0.33984375,29996,,,,
0,patch_30_6,7680,7936,1536,1792,65536,NDVI,-0.69921875,42745,15720,-0.001182919713923286,26566,0.015906478743455216
0,patch_30_7,7680,7936,1792,2048,65536,MSAVI,-0.46484375,34527,,,,
0,patch_30_7,7680,7936,1792,2048,65536,NDVI,-0.52734375,1346,11692,0.005741069143616329,19528,0.015725499572921325
0,patch_30_8,7680,7936,2048,2304,65536,MSAVI,-0.37890625,45442,,,,
0,patch_30_8,7680,7936,2048,2304,65536,NDVI,-0.61328125,2839,8322,0.023230062714298172,9174,0.03556813543095763
0,patch_30_9,7680,7936,2304,2560,65536,MSAVI,-0.35546875,43535,,,,
0,patch_30_9,7680,7936,2304,2560,65536,NDVI,-0.68359375,5236,5683,0.019307197052069514,6966,0.02816759520295417
0,patch_30_10,7680,7936,2560,2816,65536,MSAVI,-0.36328125,43426,,,,
0,patch_30_10,7680,7936,2560,2816,65536,NDVI,-0.48828125,4169,1676,0.018223257844875967,2351,0.021769326682571755
0,patch_30_11,7680,7936,2816,3072,65536,MSAVI,-0.41015625,51550,,,,
0,patch_30_11,7680,7936,2816,3072,65536,NDVI,-0.58203125,3047,220,0.034412578017108286,165,0.0401975186617147
0,patch_30_12,7680,7936,3072,3328,65536,MSAVI,-0.38671875,49754,,,,
0,patch_30_12,7680,7936,3072,3328,65536,NDVI,-0.58984375,4802,184,0.028956799756584384,270,0.03470126393938286
0,patch_30_13,7680,7936,3328,3584,65536,MSAVI,-0.23828125,47270,,,,
0,patch_30_13,7680,7936,3328,3584,65536,NDVI,-0.66796875,8319,613,0.024422127622720252,865,0.030253476438283022
0,patch_30_14,7680,7936,3584,3840,65536,MSAVI,-0.16015625,45954,,,,
0,patch_30_14,7680,7936,3584,3840,65536,NDVI,-0.65234375,7009,181,0.021692163618014876,417,0.026628601451787498
0,patch_30_15,7680,7936,3840,4096,65536,MSAVI,-0.14453125,51208,,,,
0,patch_30_15,7680,7936,3840,4096,65536,NDVI,-0.66796875,5839,0,0.031899867470647936,0,0.03573969743691277
0,patch_30_16,7680,7936,4096,4352,65536,MSAVI,-0.21484375,51036,,,,
0,patch_30_16,7680,7936,4096,4352,65536,NDVI,-0.58203125,3551,68,0.03231424481683101,68,0.04013039973867771
0,patch_30_17,7680,7936,4352,4608,65536,MSAVI,-0.28515625,49511,,,,
0,patch_30_17,7680,7936,4352,4608,65536,NDVI,-0.65234375,3956,2728,0.028542689302337165,3339,0.03661012735654198
0,patch_30_18,7680,7936,4608,4864,65536,MSAVI,-0.15234375,36789,,,,
0,patch_30_18,7680,7936,4608,4864,65536,NDVI,-0.60546875,8074,9516,0.009237652132598667,13152,0.017176487399384766
0,patch_30_19,7680,7936,4864,5120,65536,MSAVI,-0.29296875,29716,,,,
0,patch_30_19,7680,7936,4864,5120,65536,NDVI,-0.62890625,7455,12358,-0.0002377912355221723,22786,0.009160599828167137
0,patch_30_20,7680,7936,5120,5376,65536,MSAVI,-0.12109375,33280,,,,
0,patch_30_20,7680,7936,5120,5376,65536,NDVI,-0.53515625,7565,9803,0.004437910915597421,16942,0.01270202984292737
0,patch_30_21,7680,7936,5376,5632,65536,MSAVI,-0.14453125,33824,,,,
0,patch_30_21,7680,7936,5376,5632,65536,NDVI,-0.63671875,8136,10061,0.004367782876546905,18206,0.013856335434482392
0,patch_30_22,7680,7936,5632,5888,65536,MSAVI,-0.28515625,40790,,,,
0,patch_30_22,7680,7936,5632,5888,65536,NDVI,-0.76953125,9014,7921,0.018306493176302452,9366,0.023000166392534382
0,patch_30_23,7680,7936,5888,6144,65536,MSAVI,-0.09765625,40842,,,,
0,patch_30_23,7680,7936,5888,6144,65536,NDVI,-0.62109375,7272,1318,0.015023929294167293,3227,0.02123700970779621
0,patch_30_24,7680,7936,6144,6400,65536,MSAVI,0.05078125,42263,,,,
0,patch_30_24,7680,7936,6144,6400,65536,NDVI,-0.66015625,8096,2693,0.015257804904229955,3658,0.020595466648207134
0,patch_30_25,7680,7936,6400,6656,65536,MSAVI,-0.04296875,39060,,,,
0,patch_30_25,7680,7936,6400,6656,65536,NDVI,-0.56640625,5694,6566,0.012630524245369895,9629,0.01925363843008318
0,patch_30_26,7680,7936,6656,6912,65536,MSAVI,-0.26171875,33791,,,,
0,patch_30_26,7680,7936,6656,6912,65536,NDVI,-0.62890625,7754,4918,0.005621201006786342,9902,0.010714994038320963
0,patch_30_27,7680,7936,6912,7168,65536,MSAVI,-0.06640625,30850,,,,
0,patch_30_27,7680,7936,6912,7168,65536,NDVI,-0.52734375,8968,13969,0.0017546204351031325,22240,0.010423786072966762
0,patch_30_28,7680,7936,7168,7424,65536,MSAVI,-0.16015625,38095,,,,
0,patch_30_28,7680,7936,7168,7424,65536,NDVI,-0.71484375,11528,10208,0.01269411469636783,13487,0.019469150681281966
0,patch_30_29,7680,7936,7424,7680,65536,MSAVI,0.19921875,36313,,,,
0,patch_30_29,7680,7936,7424,7680,65536,NDVI,-0.64453125,11225,8288,0.007981277345864513,13104,0.016573259385968514
0,patch_30_30,7680,7936,7680,7936,65536,MSAVI,-0.15234375,36443,,,,
0,patch_30_30,7680,7936,7680,7936,65536,NDVI,-0.73828125,8818,8520,0.009029693024911217,12526,0.014853876879483224
0,patch_30_31,7680,7936,7936,8192,65536,MSAVI,-0.30078125,35257,,,,
0,patch_30_31,7680,7936,7936,8192,65536,NDVI,-0.70703125,8286,5663,0.006455494162860176,10193,0.01245401205662075
0,patch_30_32,7680,7936,8192,8448,65536,MSAVI,-0.19921875,36917,,,,
0,patch_30_32,7680,7936,8192,8448,65536,NDVI,-0.65234375,6500,3850,0.006909830360117997,7476,0.013835439782681869
0,patch_30_33,7680,7936,8448,8704,65536,MSAVI,-0.38671875,38858,,,,
0,patch_30_33,7680,7936,8448,8704,65536,NDVI,-0.77734375,49205,10285,0.012614921740200707,13958,0.022710233011336317
0,patch_30_34,7680,7936,8704,8960,65536,MSAVI,-0.45703125,36817,,,,
0,patch_30_34,7680,7936,8704,8960,65536,NDVI,-0.73046875,43645,0,0.0,0,0.009808042386020944
0,patch_30_35,7680,7936,8960,9216,65536,MSAVI,-0.23046875,35782,,,,
0,patch_30_35,7680,7936,8960,9216,65536,NDVI,-0.63671875,5645,0,0.0,0,0.009808042386020944
0,patch_31_0,7936,8192,0,256,65536,MSAVI,-0.10546875,35059,,,,
0,patch_31_0,7936,8192,0,256,65536,NDVI,-0.57421875,8566,11172,0.009274339045896612,14870,0.016620917653698303
0,patch_31_1,7936,8192,256,512,65536,MSAVI,-0.13671875,36975,,,,
0,patch_31_1,7936,8192,256,512,65536,NDVI,-0.50390625,4987,10361,0.010367008490353768,14302,0.018894974838689765
0,patch_31_2,7936,8192,512,768,65536,MSAVI,-0.02734375,32901,,,,
0,patch_31_2,7936,8192,512,768,65536,NDVI,-0.69140625,10619,14395,0.003984581876267712,21806,0.01523126283259399
0,patch_31_3,7936,8192,768,1024,65536,MSAVI,-0.02734375,39046,,,,
0,patch_31_3,7936,8192,768,1024,65536,NDVI,-0.58984375,6365,10688,0.011942757079416527,13586,0.021091902041447425
0,patch_31_4,7936,8192,1024,1280,65536,MSAVI,-0.33203125,35423,,,,
0,patch_31_4,7936,8192,1024,1280,65536,NDVI,-0.62109375,8504,11975,0.00741849767783892,18077,0.018741120402045314
0,patch_31_5,7936,8192,1280,1536,65536,MSAVI,0.05859375,34202,,,,
0,patch_31_5,7936,8192,1280,1536,65536,NDVI,-0.38671875,6290,10919,0.0058856441906187384,16040,0.013647367375262898
0,patch_31_6,7936,8192,1536,1792,65536,MSAVI,-0.15234375,34910,,,,
0,patch_31_6,7936,8192,1536,1792,65536,NDVI,-0.45703125,5582,19011,0.010228432793847192,23598,0.02472976488046913
0,patch_31_7,7936,8192,1792,2048,65536,MSAVI,-0.18359375,34499,,,,
0,patch_31_7,7936,8192,1792,2048,65536,NDVI,-0.69921875,43844,11919,0.005651153803676284,17050,0.014607055205549335
0,patch_31_8,7936,8192,2048,2304,65536,MSAVI,-0.17578125,39212,,,,
0,patch_31_8,7936,8192,2048,2304,65536,NDVI,-0.58203125,3653,6810,0.012011736527533151,9665,0.01812648139160991
0,patch_31_9,7936,8192,2304,2560,65536,MSAVI,-0.37890625,35094,,,,
0,patch_31_9,7936,8192,2304,2560,65536,NDVI,-0.62890625,3939,11544,0.006944756653630424,16257,0.01935365259283514
0,patch_31_10,7936,8192,2560,2816,65536,MSAVI,-0.21484375,36023,,,,
0,patch_31_10,7936,8192,2560,2816,65536,NDVI,-0.58203125,5342,12453,0.01099909640264815,14621,0.016948672942180415
0,patch_31_11,7936,8192,2816,3072,65536,MSAVI,-0.32421875,45734,,,,
0,patch_31_11,7936,8192,2816,3072,65536,NDVI,-0.41015625,2614,1873,0.02275673644213924,1985,0.029008137145957708
0,patch_31_12,7936,8192,3072,3328,65536,MSAVI,-0.38671875,49073,,,,
0,patch_31_12,7936,8192,3072,3328,65536,NDVI,-0.64453125,3638,851,0.027785044533624764,1024,0.03567613918554666
0,patch_31_13,7936,8192,3328,3584,65536,MSAVI,0.00390625,47040,,,,
0,patch_31_13,7936,8192,3328,3584,65536,NDVI,-0.69921875,6629,661,0.02172651365238501,920,0.028758595770966205
0,patch_31_14,7936,8192,3584,3840,65536,MSAVI,-0.16015625,45632,,,,
0,patch_31_14,7936,8192,3584,3840,65536,NDVI,-0.71484375,8841,189,0.021892566026219362,330,0.02739794664471054
0,patch_31_15,7936,8192,3840,4096,65536,MSAVI,-0.22265625,48271,,,,
0,patch_31_15,7936,8192,3840,4096,65536,NDVI,-0.63671875,6209,651,0.02639403727681877,887,0.03416941336893933
0,patch_31_16,7936,8192,4096,4352,65536,MSAVI,-0.40234375,48115,,,,
0,patch_31_16,7936,8192,4096,4352,65536,NDVI,-0.60546875,4756,1085,0.0267159523507724,1203,0.035425254230672
0,patch_31_17,7936,8192,4352,4608,65536,MSAVI,-0.25390625,51167,,,,
0,patch_31_17,7936,8192,4352,4608,65536,NDVI,-0.63671875,3617,569,0.029152999786685757,632,0.036237675933850494
0,patch_31_18,7936,8192,4608,4864,65536,MSAVI,-0.26953125,37879,,,,
0,patch_31_18,7936,8192,4608,4864,65536,NDVI,-0.58203125,5331,4333,0.009992196173093104,6309,0.012878389135072443
0,patch_31_19,7936,8192,4864,5120,65536,MSAVI,-0.26953125,38325,,,,
0,patch_31_19,7936,8192,4864,5120,65536,NDVI,-0.47265625,5018,12715,0.016684445498175243,16146,0.022470047483237693
0,patch_31_20,7936,8192,5120,5376,65536,MSAVI,-0.07421875,35218,,,,
0,patch_31_20,7936,8192,5120,5376,65536,NDVI,-0.59765625,47404,20594,0.016833955183837762,22740,0.02531232932657848
0,patch_31_21,7936,8192,5376,5632,65536,MSAVI,0.01171875,32377,,,,
0,patch_31_21,7936,8192,5376,5632,65536,NDVI,-0.66015625,44037,16648,0.003927373766408698,23257,0.016976382988920236
0,patch_31_22,7936,8192,5632,5888,65536,MSAVI,-0.19921875,33580,,,,
0,patch_31_22,7936,8192,5632,5888,65536,NDVI,-0.66796875,47074,10979,0.005968400956649106,16099,0.01183853050194808
0,patch_31_23,7936,8192,5888,6144,65536,MSAVI,-0.11328125,36625,,,,
0,patch_31_23,7936,8192,5888,6144,65536,NDVI,-0.48828125,4527,4917,0.0077753046471494,7916,0.011273324127179823
0,patch_31_24,7936,8192,6144,6400,65536,MSAVI,-0.22265625,37672,,,,
0,patch_31_24,7936,8192,6144,6400,65536,NDVI,-0.58984375,5439,5667,0.010309880569640079,8912,0.016981389838876093
0,patch_31_25,7936,8192,6400,6656,65536,MSAVI,-0.26171875,37104,,,,
0,patch_31_25,7936,8192,6400,6656,65536,NDVI,-0.71484375,47224,11438,0.012367073635918435,15967,0.023082506514234963
0,patch_31_26,7936,8192,6656,6912,65536,MSAVI,-0.19921875,35938,,,,
0,patch_31_26,7936,8192,6656,6912,65536,NDVI,-0.49609375,5893,12974,0.00923221847718228,16522,0.017061070387866167
0,patch_31_27,7936,8192,6912,7168,65536,MSAVI,-0.06640625,31993,,,,
0,patch_31_27,7936,8192,6912,7168,65536,NDVI,-0.48828125,7920,10948,0.0016363777436173288,18986,0.009444684164173378
0,patch_31_28,7936,8192,7168,7424,65536,MSAVI,-0.08203125,34297,,,,
0,patch_31_28,7936,8192,7168,7424,65536,NDVI,-0.58203125,8256,11869,0.007002811834068506,18272,0.017315989396708587
0,patch_31_29,7936,8192,7424,7680,65536,MSAVI,-0.11328125,34947,,,,
0,patch_31_29,7936,8192,7424,7680,65536,NDVI,-0.56640625,8998,12558,0.007328137262421874,16940,0.01576422435358585
0,patch_31_30,7936,8192,7680,7936,65536,MSAVI,-0.26953125,34104,,,,
0,patch_31_30,7936,8192,7680,7936,65536,NDVI,-0.66796875,8252,9825,0.004881654446530381,15705,0.012444233835408075
0,patch_31_31,7936,8192,7936,8192,65536,MSAVI,-0.31640625,38577,,,,
0,patch_31_31,7936,8192,7936,8192,65536,NDVI,-0.73828125,7338,7650,0.011823445673079913,10554,0.014745619971339774
0,patch_31_32,7936,8192,8192,8448,65536,MSAVI,-0.34765625,35320,,,,
0,patch_31_32,7936,8192,8192,8448,65536,NDVI,-0.72265625,8313,9439,0.007571695504627163,12595,0.014373913523928916
0,patch_31_33,7936,8192,8448,8704,65536,MSAVI,-0.31640625,40250,,,,
0,patch_31_33,7936,8192,8448,8704,65536,NDVI,-0.61328125,4829,0,0.0,0,0.009808042386020944
0,patch_31_34,7936,8192,8704,8960,65536,MSAVI,-0.23828125,33196,,,,
0,patch_31_34,7936,8192,8704,8960,65536,NDVI,-0.72265625,42731,0,0.0,0,0.009808042386020944
0,patch_31_35,7936,8192,8960,9216,65536,MSAVI,-0.33203125,33543,,,,
0,patch_31_35,7936,8192,8960,9216,65536,NDVI,-0.68359375,46704,0,0.0,0,0.009808042386020944
0,patch_32_0,8192,8448,0,256,65359,MSAVI,-0.33984375,38566,,,,
0,patch_32_0,8192,8448,0,256,65359,NDVI,-0.80078125,13546,10359,0.012562954348674549,13413,0.020705435334819916
0,patch_32_1,8192,8448,256,512,65536,MSAVI,-0.23046875,36107,,,,
0,patch_32_1,8192,8448,256,512,65536,NDVI,-0.45703125,4485,14790,0.009771206408054234,18277,0.01799639617255741
0,patch_32_2,8192,8448,512,768,65536,MSAVI,0.00390625,33094,,,,
0,patch_32_2,8192,8448,512,768,65536,NDVI,-0.55859375,7983,17710,0.005550856141370936,24155,0.017817489710052897
0,patch_32_3,8192,8448,768,1024,65536,MSAVI,-0.51953125,33879,,,,
0,patch_32_3,8192,8448,768,1024,65536,NDVI,-0.68359375,6950,20377,0.013788652156914966,23511,0.022296729374098267
0,patch_32_4,8192,8448,1024,1280,65536,MSAVI,-0.09765625,37035,,,,
0,patch_32_4,8192,8448,1024,1280,65536,NDVI,-0.69921875,11772,13101,0.011489386695310938,15895,0.01798767852332242
0,patch_32_5,8192,8448,1280,1536,65536,MSAVI,-0.23046875,33055,,,,
0,patch_32_5,8192,8448,1280,1536,65536,NDVI,-0.63671875,11329,25956,0.013234142971273954,28041,0.024709024859578765
0,patch_32_6,8192,8448,1536,1792,65536,MSAVI,-0.26171875,34454,,,,
0,patch_32_6,8192,8448,1536,1792,65536,NDVI,-0.64453125,9127,12969,0.0061248689944223,19835,0.01739512332880902
0,patch_32_7,8192,8448,1792,2048,65536,MSAVI,-0.25390625,39494,,,,
0,patch_32_7,8192,8448,1792,2048,65536,NDVI,-0.59765625,6510,9504,0.015652572216082072,11215,0.02096959909820864
0,patch_32_8,8192,8448,2048,2304,65536,MSAVI,-0.44140625,39781,,,,
0,patch_32_8,8192,8448,2048,2304,65536,NDVI,-0.64453125,3643,5733,0.012555314060213763,8128,0.020333712930726805
0,patch_32_9,8192,8448,2304,2560,65536,MSAVI,-0.19921875,38128,,,,
0,patch_32_9,8192,8448,2304,2560,65536,NDVI,-0.51953125,3108,5353,0.008744968115825424,6930,0.015838854336690744
0,patch_32_10,8192,8448,2560,2816,65536,MSAVI,-0.06640625,35411,,,,
0,patch_32_10,8192,8448,2560,2816,65536,NDVI,-0.47265625,3784,19171,0.01906460957943934,19895,0.020797974729672736
0,patch_32_11,8192,8448,2816,3072,65536,MSAVI,-0.43359375,37094,,,,
0,patch_32_11,8192,8448,2816,3072,65536,NDVI,-0.51953125,2773,14560,0.01581207689733577,17238,0.026518585945064177
0,patch_32_12,8192,8448,3072,3328,65536,MSAVI,-0.28515625,42959,,,,
0,patch_32_12,8192,8448,3072,3328,65536,NDVI,-0.55078125,2289,4096,0.017940700874182897,5358,0.02706449798614205
0,patch_32_13,8192,8448,3328,3584,65536,MSAVI,-0.32421875,48933,,,,
0,patch_32_13,8192,8448,3328,3584,65536,NDVI,-0.61328125,5661,1101,0.025829366435426937,1192,0.03331515865614193
0,patch_32_14,8192,8448,3584,3840,65536,MSAVI,-0.23046875,46600,,,,
0,patch_32_14,8192,8448,3584,3840,65536,NDVI,-0.68359375,9998,197,0.023588812408793847,512,0.029077832937646375
0,patch_32_15,8192,8448,3840,4096,65536,MSAVI,-0.35546875,46457,,,,
0,patch_32_15,8192,8448,3840,4096,65536,NDVI,-0.71484375,10408,137,0.02367521881059209,640,0.03176532173006513
0,patch_32_16,8192,8448,4096,4352,65536,MSAVI,-0.32421875,52276,,,,
0,patch_32_16,8192,8448,4096,4352,65536,NDVI,-0.69921875,6195,2498,0.03287426268848351,2514,0.04301769162659677
0,patch_32_17,8192,8448,4352,4608,65536,MSAVI,-0.33984375,53748,,,,
0,patch_32_17,8192,8448,4352,4608,65536,NDVI,-0.66015625,6266,546,0.03645872124730559,571,0.04400218388352786
0,patch_32_18,8192,8448,4608,4864,65536,MSAVI,-0.38671875,45130,,,,
0,patch_32_18,8192,8448,4608,4864,65536,NDVI,-0.69140625,6754,1181,0.022342168350889424,1695,0.026142787321426914
0,patch_32_19,8192,8448,4864,5120,65536,MSAVI,-0.32421875,35855,,,,
0,patch_32_19,8192,8448,4864,5120,65536,NDVI,-0.73828125,47228,8398,0.008859432313787885,11215,0.01508133464194486
0,patch_32_20,8192,8448,5120,5376,65536,MSAVI,-0.19140625,37196,,,,
0,patch_32_20,8192,8448,5120,5376,65536,NDVI,-0.69921875,47166,13102,0.012638801503439517,15602,0.021659782560447177
0,patch_32_21,8192,8448,5376,5632,65536,MSAVI,-0.21484375,35277,,,,
0,patch_32_21,8192,8448,5376,5632,65536,NDVI,-0.69140625,44097,13713,0.009885239518986316,18733,0.021137516184960348
0,patch_32_22,8192,8448,5632,5888,65536,MSAVI,-0.33203125,35580,,,,
0,patch_32_22,8192,8448,5632,5888,65536,NDVI,-0.62109375,46149,9787,0.008456341472578982,14675,0.015083263828373494
0,patch_32_23,8192,8448,5888,6144,65536,MSAVI,-0.29296875,36168,,,,
0,patch_32_23,8192,8448,5888,6144,65536,NDVI,-0.76953125,49533,7600,0.008544564252207842,10019,0.013365831657228988
0,patch_32_24,8192,8448,6144,6400,65536,MSAVI,-0.21484375,37275,,,,
0,patch_32_24,8192,8448,6144,6400,65536,NDVI,-0.71484375,46619,5858,0.009943749347576275,10181,0.018275415016532015
0,patch_32_25,8192,8448,6400,6656,65536,MSAVI,-0.44140625,37027,,,,
0,patch_32_25,8192,8448,6400,6656,65536,NDVI,-0.72265625,45178,12380,0.012803198553489326,14308,0.02246904829537258
0,patch_32_26,8192,8448,6656,6912,65536,MSAVI,-0.29296875,37241,,,,
0,patch_32_26,8192,8448,6656,6912,65536,NDVI,-0.61328125,6159,9519,0.011476263736517417,16435,0.02206147281560908
0,patch_32_27,8192,8448,6912,7168,65536,MSAVI,-0.29296875,39249,,,,
0,patch_32_27,8192,8448,6912,7168,65536,NDVI,-0.73046875,8261,12704,0.01684063773692676,14074,0.021449794841282815
0,patch_32_28,8192,8448,7168,7424,65536,MSAVI,-0.14453125,32484,,,,
0,patch_32_28,8192,8448,7168,7424,65536,NDVI,-0.49609375,7043,10360,0.0023947707264715956,17552,0.013435592853078326
0,patch_32_29,8192,8448,7424,7680,65536,MSAVI,-0.36328125,33088,,,,
0,patch_32_29,8192,8448,7424,7680,65536,NDVI,-0.74609375,46563,8549,0.0055104862516085484,14524,0.012635216709593639
0,patch_32_30,8192,8448,7680,7936,65536,MSAVI,-0.20703125,32942,,,,
0,patch_32_30,8192,8448,7680,7936,65536,NDVI,-0.56640625,6123,12249,0.004543232725932184,19957,0.013209037197798118
0,patch_32_31,8192,8448,7936,8192,65536,MSAVI,0.16796875,36434,,,,
0,patch_32_31,8192,8448,7936,8192,65536,NDVI,-0.59765625,5279,12775,0.010188501895963153,18746,0.01801812421365598
0,patch_32_32,8192,8448,8192,8448,65536,MSAVI,0.05859375,33749,,,,
0,patch_32_32,8192,8448,8192,8448,65536,NDVI,-0.59765625,7413,10438,0.004256335015367596,16488,0.012432869735692909
0,patch_32_33,8192,8448,8448,8704,65536,MSAVI,-0.10546875,33781,,,,
0,patch_32_33,8192,8448,8448,8704,65536,NDVI,-0.56640625,5334,0,0.0,0,0.009808042386020944
0,patch_32_34,8192,8448,8704,8960,65536,MSAVI,-0.01171875,35410,,,,
0,patch_32_34,8192,8448,8704,8960,65536,NDVI,-0.60546875,4618,0,0.0,0,0.009808042386020944
0,patch_32_35,8192,8448,8960,9216,65536,MSAVI,-0.21484375,29906,,,,
0,patch_32_35,8192,8448,8960,9216,65536,NDVI,-0.71484375,44398,0,0.0,0,0.009808042386020944
0,patch_33_0,8448,8704,0,256,65536,MSAVI,-0.12109375,34487,,,,
0,patch_33_0,8448,8704,0,256,65536,NDVI,-0.79296875,26663,0,0.0,0,0.009808042386020944
0,patch_33_1,8448,8704,256,512,65536,MSAVI,-0.16796875,32807,,,,
0,patch_33_1,8448,8704,256,512,65536,NDVI,-0.55859375,10283,0,0.0,0,0.009808042386020944
0,patch_33_2,8448,8704,512,768,65536,MSAVI,-0.16015625,38632,,,,
0,patch_33_2,8448,8704,512,768,65536,NDVI,-0.37109375,4326,0,0.0,0,0.009808042386020944
0,patch_33_3,8448,8704,768,1024,65536,MSAVI,-0.44140625,39130,,,,
0,patch_33_3,8448,8704,768,1024,65536,NDVI,-0.67578125,6910,11622,0.012673775433539397,14386,0.025000407201607233
0,patch_33_4,8448,8704,1024,1280,65536,MSAVI,0.17578125,36071,,,,
0,patch_33_4,8448,8704,1024,1280,65536,NDVI,-0.65234375,10354,17221,0.00869619312915089,21035,0.01987975883335724
0,patch_33_5,8448,8704,1280,1536,65536,MSAVI,-0.14453125,37621,,,,
0,patch_33_5,8448,8704,1280,1536,65536,NDVI,-0.59765625,12191,16931,0.014370845310502006,18895,0.022546410354185864
0,patch_33_6,8448,8704,1536,1792,65536,MSAVI,-0.32421875,38556,,,,
0,patch_33_6,8448,8704,1536,1792,65536,NDVI,-0.60546875,7450,14111,0.014507351197177082,16083,0.02289826920270918
0,patch_33_7,8448,8704,1792,2048,65536,MSAVI,-0.31640625,39826,,,,
0,patch_33_7,8448,8704,1792,2048,65536,NDVI,-0.51953125,4124,7293,0.01217415976083383,10430,0.01698770689483803
0,patch_33_8,8448,8704,2048,2304,65536,MSAVI,-0.08203125,38924,,,,
0,patch_33_8,8448,8704,2048,2304,65536,NDVI,-0.47265625,4972,5623,0.011363226786945013,7912,0.01878056853832341
0,patch_33_9,8448,8704,2304,2560,65536,MSAVI,-0.30859375,41308,,,,
0,patch_33_9,8448,8704,2304,2560,65536,NDVI,-0.51171875,3515,3377,0.015330538089961238,4040,0.01895166738963261
0,patch_33_10,8448,8704,2560,2816,65536,MSAVI,-0.23046875,41436,,,,
0,patch_33_10,8448,8704,2560,2816,65536,NDVI,-0.53515625,3681,3951,0.016280125880456464,5158,0.02174222414909263
0,patch_33_11,8448,8704,2816,3072,65536,MSAVI,-0.25390625,33887,,,,
0,patch_33_11,8448,8704,2816,3072,65536,NDVI,-0.51953125,3092,14889,0.006640467514428122,22422,0.019498851328062256
0,patch_33_12,8448,8704,3072,3328,65536,MSAVI,-0.36328125,26594,,,,
0,patch_33_12,8448,8704,3072,3328,65536,NDVI,-0.69140625,6313,1438,-0.012955354689380388,30190,0.019048865753323513
0,patch_33_13,8448,8704,3328,3584,65536,MSAVI,-0.43359375,35608,,,,
0,patch_33_13,8448,8704,3328,3584,65536,NDVI,-0.66796875,8291,19911,0.012523759628156467,25048,0.02662485128059347
0,patch_33_14,8448,8704,3584,3840,65536,MSAVI,-0.26171875,49004,,,,
0,patch_33_14,8448,8704,3584,3840,65536,NDVI,-0.69140625,8380,0,0.023299492690307594,237,0.032776108225219286
0,patch_33_15,8448,8704,3840,4096,65536,MSAVI,-0.11328125,44168,,,,
0,patch_33_15,8448,8704,3840,4096,65536,NDVI,-0.73046875,13215,906,0.017614137151524184,1367,0.024896235595342403
0,patch_33_16,8448,8704,4096,4352,65536,MSAVI,-0.24609375,48424,,,,
0,patch_33_16,8448,8704,4096,4352,65536,NDVI,-0.69140625,10709,2852,0.022574255802174176,3303,0.036353783114715016
0,patch_33_17,8448,8704,4352,4608,65536,MSAVI,-0.25390625,47232,,,,
0,patch_33_17,8448,8704,4352,4608,65536,NDVI,-0.67578125,11888,813,0.02205441428501073,1054,0.031154031998376408
0,patch_33_18,8448,8704,4608,4864,65536,MSAVI,-0.03515625,49873,,,,
0,patch_33_18,8448,8704,4608,4864,65536,NDVI,-0.66015625,8724,0,0.02504090458610933,0,0.035848993505708804
0,patch_33_19,8448,8704,4864,5120,65536,MSAVI,-0.30859375,48695,,,,
0,patch_33_19,8448,8704,4864,5120,65536,NDVI,-0.54296875,3158,3422,0.02962774198667767,3867,0.035906081115243904
0,patch_33_20,8448,8704,5120,5376,65536,MSAVI,-0.34765625,37409,,,,
0,patch_33_20,8448,8704,5120,5376,65536,NDVI,-0.69140625,45640,13864,0.014440793040629313,15726,0.020571826331792498
0,patch_33_21,8448,8704,5376,5632,65536,MSAVI,-0.24609375,33967,,,,
0,patch_33_21,8448,8704,5376,5632,65536,NDVI,-0.54296875,40820,12757,0.0051403289282403175,18773,0.017081553161067714
0,patch_33_22,8448,8704,5632,5888,65536,MSAVI,-0.35546875,35688,,,,
0,patch_33_22,8448,8704,5632,5888,65536,NDVI,-0.64453125,45708,9069,0.008491903756522451,12408,0.01363584964144332
0,patch_33_23,8448,8704,5888,6144,65536,MSAVI,-0.03515625,37594,,,,
0,patch_33_23,8448,8704,5888,6144,65536,NDVI,-0.64453125,47979,8887,0.008793228709385592,12305,0.01797514644754536
0,patch_33_24,8448,8704,6144,6400,65536,MSAVI,-0.27734375,37790,,,,
0,patch_33_24,8448,8704,6144,6400,65536,NDVI,-0.66015625,50452,7941,0.010535408424157622,12292,0.019303473242121005
0,patch_33_25,8448,8704,6400,6656,65536,MSAVI,-0.08984375,35381,,,,
0,patch_33_25,8448,8704,6400,6656,65536,NDVI,-0.36328125,4794,11507,0.008515160454699577,17530,0.018934151790015286
0,patch_33_26,8448,8704,6656,6912,65536,MSAVI,0.05859375,33677,,,,
0,patch_33_26,8448,8704,6656,6912,65536,NDVI,-0.51171875,7453,8652,0.00436317791085683,13782,0.011056072846644088
0,patch_33_27,8448,8704,6912,7168,65536,MSAVI,-0.15234375,38571,,,,
0,patch_33_27,8448,8704,6912,7168,65536,NDVI,-0.60546875,8551,16917,0.020711290155664974,17145,0.02211954509319397
0,patch_33_28,8448,8704,7168,7424,65536,MSAVI,-0.13671875,34231,,,,
0,patch_33_28,8448,8704,7168,7424,65536,NDVI,-0.54296875,7013,11655,0.0054939694467569244,16938,0.014089120521950604
0,patch_33_29,8448,8704,7424,7680,65536,MSAVI,-0.24609375,33608,,,,
0,patch_33_29,8448,8704,7424,7680,65536,NDVI,-0.70703125,47284,8598,0.004535107971144509,14010,0.0125420488770632
0,patch_33_30,8448,8704,7680,7936,65536,MSAVI,-0.30078125,32432,,,,
0,patch_33_30,8448,8704,7680,7936,65536,NDVI,-0.70703125,46177,9118,0.002551323088883062,15598,0.012254866748900917
0,patch_33_31,8448,8704,7936,8192,65536,MSAVI,-0.23828125,31711,,,,
0,patch_33_31,8448,8704,7936,8192,65536,NDVI,-0.74609375,42783,12702,0.0017602069069591053,21895,0.01138404110056429
0,patch_33_32,8448,8704,8192,8448,65536,MSAVI,-0.12890625,34210,,,,
0,patch_33_32,8448,8704,8192,8448,65536,NDVI,-0.58984375,3713,0,0.0,0,0.009808042386020944
0,patch_33_33,8448,8704,8448,8704,65536,MSAVI,-0.41796875,33842,,,,
0,patch_33_33,8448,8704,8448,8704,65536,NDVI,-0.77734375,47555,0,0.0,0,0.009808042386020944
0,patch_33_34,8448,8704,8704,8960,65536,MSAVI,-0.40234375,35223,,,,
0,patch_33_34,8448,8704,8704,8960,65536,NDVI,-0.70703125,45897,0,0.0,0,0.009808042386020944
0,patch_33_35,8448,8704,8960,9216,65536,MSAVI,-0.19140625,33571,,,,
0,patch_33_35,8448,8704,8960,9216,65536,NDVI,-0.63671875,42694,0,0.0,0,0.009808042386020944
0,patch_34_0,8704,8960,0,256,65536,MSAVI,-0.27734375,48686,,,,
0,patch_34_0,8704,8960,0,256,65536,NDVI,-0.74609375,10555,0,0.0,0,0.009808042386020944
0,patch_34_1,8704,8960,256,512,65536,MSAVI,-0.19921875,34882,,,,
0,patch_34_1,8704,8960,256,512,65536,NDVI,-0.73046875,11847,0,0.0,0,0.009808042386020944
0,patch_34_2,8704,8960,512,768,65536,MSAVI,-0.20703125,35540,,,,
0,patch_34_2,8704,8960,512,768,65536,NDVI,-0.58984375,8072,0,0.0,0,0.009808042386020944
0,patch_34_3,8704,8960,768,1024,65536,MSAVI,-0.19921875,38343,,,,
0,patch_34_3,8704,8960,768,1024,65536,NDVI,-0.48046875,5722,0,0.0,0,0.009808042386020944
0,patch_34_4,8704,8960,1024,1280,65536,MSAVI,-0.19921875,37189,,,,
0,patch_34_4,8704,8960,1024,1280,65536,NDVI,-0.52734375,7659,0,0.0,0,0.009808042386020944
0,patch_34_5,8704,8960,1280,1536,65536,MSAVI,-0.17578125,34407,,,,
0,patch_34_5,8704,8960,1280,1536,65536,NDVI,-0.67578125,18679,0,0.0,0,0.009808042386020944
0,patch_34_6,8704,8960,1536,1792,65536,MSAVI,-0.12890625,35660,,,,
0,patch_34_6,8704,8960,1536,1792,65536,NDVI,-0.46484375,5071,0,0.0,0,0.009808042386020944
0,patch_34_7,8704,8960,1792,2048,65536,MSAVI,-0.27734375,35349,,,,
0,patch_34_7,8704,8960,1792,2048,65536,NDVI,-0.67578125,48690,15426,0.008248670116034695,18585,0.016374367240990395
0,patch_34_8,8704,8960,2048,2304,65536,MSAVI,-0.12109375,40827,,,,
0,patch_34_8,8704,8960,2048,2304,65536,NDVI,-0.60546875,50586,8459,0.01615872511970473,10440,0.024360856056589053
0,patch_34_9,8704,8960,2304,2560,65536,MSAVI,-0.39453125,41513,,,,
0,patch_34_9,8704,8960,2304,2560,65536,NDVI,-0.63671875,4010,4424,0.012895403232935948,6130,0.019023093134433622
0,patch_34_10,8704,8960,2560,2816,65536,MSAVI,-0.28515625,47491,,,,
0,patch_34_10,8704,8960,2560,2816,65536,NDVI,-0.65234375,5533,880,0.023087089605217603,1228,0.03124272784598764
0,patch_34_11,8704,8960,2816,3072,65536,MSAVI,-0.25390625,42785,,,,
0,patch_34_11,8704,8960,2816,3072,65536,NDVI,-0.57421875,4006,2480,0.01627928757077418,3898,0.023063859835972506
0,patch_34_12,8704,8960,3072,3328,65536,MSAVI,-0.34765625,42513,,,,
0,patch_34_12,8704,8960,3072,3328,65536,NDVI,-0.55859375,2765,9976,0.01993286234160138,11041,0.029213234154096906
0,patch_34_13,8704,8960,3328,3584,65536,MSAVI,-0.20703125,43290,,,,
0,patch_34_13,8704,8960,3328,3584,65536,NDVI,-0.66015625,5760,11146,0.021522515461574354,12584,0.03254637905322569
0,patch_34_14,8704,8960,3584,3840,65536,MSAVI,-0.32421875,47939,,,,
0,patch_34_14,8704,8960,3584,3840,65536,NDVI,-0.68359375,6023,5201,0.023293032906270064,5937,0.03565567561788821
0,patch_34_15,8704,8960,3840,4096,65536,MSAVI,-0.23046875,46748,,,,
0,patch_34_15,8704,8960,3840,4096,65536,NDVI,-0.71484375,9815,807,0.02249427096805165,1211,0.027888652940384673
0,patch_34_16,8704,8960,4096,4352,65536,MSAVI,-0.27734375,45649,,,,
0,patch_34_16,8704,8960,4096,4352,65536,NDVI,-0.68359375,10809,431,0.022255611641094714,763,0.029786143589174446
0,patch_34_17,8704,8960,4352,4608,65536,MSAVI,-0.41015625,48039,,,,
0,patch_34_17,8704,8960,4352,4608,65536,NDVI,-0.67578125,10370,196,0.02670729174138517,315,0.033646058606908
0,patch_34_18,8704,8960,4608,4864,65536,MSAVI,-0.44140625,50368,,,,
0,patch_34_18,8704,8960,4608,4864,65536,NDVI,-0.75390625,8876,1988,0.02940161318611799,1943,0.03917932067921964
0,patch_34_19,8704,8960,4864,5120,65536,MSAVI,-0.26171875,52997,,,,
0,patch_34_19,8704,8960,4864,5120,65536,NDVI,-0.70703125,6836,414,0.03798934707274959,593,0.04540106567537339
0,patch_34_20,8704,8960,5120,5376,65536,MSAVI,-0.37890625,40835,,,,
0,patch_34_20,8704,8960,5120,5376,65536,NDVI,-0.62109375,6258,11766,0.019233003893358996,13276,0.02849830501333614
0,patch_34_21,8704,8960,5376,5632,65536,MSAVI,-0.34765625,40100,,,,
0,patch_34_21,8704,8960,5376,5632,65536,NDVI,-0.52734375,4233,12530,0.01814189264415028,14847,0.025898597009562485
0,patch_34_22,8704,8960,5632,5888,65536,MSAVI,-0.21484375,40749,,,,
0,patch_34_22,8704,8960,5632,5888,65536,NDVI,-0.69921875,5503,8970,0.01530711693505929,10941,0.02337495176367685
0,patch_34_23,8704,8960,5888,6144,65536,MSAVI,-0.30859375,39563,,,,
0,patch_34_23,8704,8960,5888,6144,65536,NDVI,-0.49609375,3669,5215,0.013451202992020878,8051,0.01833790045778999
0,patch_34_24,8704,8960,6144,6400,65536,MSAVI,-0.21484375,38824,,,,
0,patch_34_24,8704,8960,6144,6400,65536,NDVI,-0.63671875,48961,14498,0.020980729490507194,15658,0.0259540252635396
0,patch_34_25,8704,8960,6400,6656,65536,MSAVI,-0.33984375,37753,,,,
0,patch_34_25,8704,8960,6400,6656,65536,NDVI,-0.57421875,46849,12691,0.013278033216081703,15823,0.024182977808186235
0,patch_34_26,8704,8960,6656,6912,65536,MSAVI,-0.02734375,35413,,,,
0,patch_34_26,8704,8960,6656,6912,65536,NDVI,-0.65234375,46654,8603,0.007175384855890088,12285,0.01563854858739136
0,patch_34_27,8704,8960,6912,7168,65536,MSAVI,-0.21484375,37546,,,,
0,patch_34_27,8704,8960,6912,7168,65536,NDVI,-0.55078125,3435,9571,0.009784243755035255,12608,0.01729981443262088
0,patch_34_28,8704,8960,7168,7424,65536,MSAVI,-0.20703125,36939,,,,
0,patch_34_28,8704,8960,7168,7424,65536,NDVI,-0.48828125,5501,12988,0.012833840669154883,15571,0.021240979456856213
0,patch_34_29,8704,8960,7424,7680,65536,MSAVI,-0.01953125,35479,,,,
0,patch_34_29,8704,8960,7424,7680,65536,NDVI,-0.48046875,4958,12202,0.00726960935966206,16662,0.015545844616211002
0,patch_34_30,8704,8960,7680,7936,65536,MSAVI,-0.46484375,37877,,,,
0,patch_34_30,8704,8960,7680,7936,65536,NDVI,-0.77734375,49378,13054,0.015413904070122025,14281,0.021989021876543724
0,patch_34_31,8704,8960,7936,8192,65536,MSAVI,-0.45703125,31363,,,,
0,patch_34_31,8704,8960,7936,8192,65536,NDVI,-0.76953125,44583,11538,0.00030718590833492265,21694,0.012215222780946722
0,patch_34_32,8704,8960,8192,8448,65536,MSAVI,-0.41015625,33487,,,,
0,patch_34_32,8704,8960,8192,8448,65536,NDVI,-0.72265625,44577,0,0.0,0,0.009808042386020944
0,patch_34_33,8704,8960,8448,8704,65536,MSAVI,-0.34765625,28069,,,,
0,patch_34_33,8704,8960,8448,8704,65536,NDVI,-0.64453125,35636,0,0.0,0,0.009808042386020944
0,patch_34_34,8704,8960,8704,8960,65536,MSAVI,-0.21484375,34707,,,,
0,patch_34_34,8704,8960,8704,8960,65536,NDVI,-0.58203125,40311,0,0.0,0,0.009808042386020944
0,patch_34_35,8704,8960,8960,9216,65536,MSAVI,-0.37109375,34974,,,,
0,patch_34_35,8704,8960,8960,9216,65536,NDVI,-0.73828125,39400,0,0.0,0,0.009808042386020944
0,patch_35_0,8960,9216,0,256,65536,MSAVI,-0.23828125,51625,,,,
0,patch_35_0,8960,9216,0,256,65536,NDVI,-0.69140625,12116,0,0.0,0,0.009808042386020944
0,patch_35_1,8960,9216,256,512,65536,MSAVI,-0.28515625,36721,,,,
0,patch_35_1,8960,9216,256,512,65536,NDVI,-0.73828125,12702,0,0.0,0,0.009808042386020944
0,patch_35_2,8960,9216,512,768,65536,MSAVI,-0.24609375,40063,,,,
0,patch_35_2,8960,9216,512,768,65536,NDVI,-0.73046875,10864,0,0.0,0,0.009808042386020944
0,patch_35_3,8960,9216,768,1024,65536,MSAVI,-0.26953125,38809,,,,
0,patch_35_3,8960,9216,768,1024,65536,NDVI,-0.48046875,3823,0,0.0,0,0.009808042386020944
0,patch_35_4,8960,9216,1024,1280,65536,MSAVI,-0.12109375,34581,,,,
0,patch_35_4,8960,9216,1024,1280,65536,NDVI,-0.44921875,5189,0,0.0,0,0.009808042386020944
0,patch_35_5,8960,9216,1280,1536,65536,MSAVI,-0.06640625,33132,,,,
0,patch_35_5,8960,9216,1280,1536,65536,NDVI,-0.55078125,11082,0,0.0,0,0.009808042386020944
0,patch_35_6,8960,9216,1536,1792,65536,MSAVI,-0.13671875,34666,,,,
0,patch_35_6,8960,9216,1536,1792,65536,NDVI,-0.49609375,6919,0,0.0,0,0.009808042386020944
0,patch_35_7,8960,9216,1792,2048,65536,MSAVI,-0.31640625,38211,,,,
0,patch_35_7,8960,9216,1792,2048,65536,NDVI,-0.51171875,49022,0,0.0,0,0.009808042386020944
0,patch_35_8,8960,9216,2048,2304,65536,MSAVI,-0.50390625,37794,,,,
0,patch_35_8,8960,9216,2048,2304,65536,NDVI,-0.73046875,46763,0,0.0,0,0.009808042386020944
0,patch_35_9,8960,9216,2304,2560,65536,MSAVI,-0.43359375,35570,,,,
0,patch_35_9,8960,9216,2304,2560,65536,NDVI,-0.71484375,7578,0,0.0,0,0.009808042386020944
0,patch_35_10,8960,9216,2560,2816,65536,MSAVI,-0.22265625,47283,,,,
0,patch_35_10,8960,9216,2560,2816,65536,NDVI,-0.63671875,3712,1316,0.02522513124306311,1556,0.031038195458520296
0,patch_35_11,8960,9216,2816,3072,65536,MSAVI,-0.26953125,45844,,,,
0,patch_35_11,8960,9216,2816,3072,65536,NDVI,-0.66015625,4727,6605,0.02553992408043415,7386,0.035482982073989255
0,patch_35_12,8960,9216,3072,3328,65536,MSAVI,-0.33203125,50330,,,,
0,patch_35_12,8960,9216,3072,3328,65536,NDVI,-0.69140625,5602,296,0.0284349861914808,234,0.036201833854532545
0,patch_35_13,8960,9216,3328,3584,65536,MSAVI,-0.58984375,40901,,,,
0,patch_35_13,8960,9216,3328,3584,65536,NDVI,-0.48828125,1482,14808,0.024371907844743884,18491,0.03454033949029173
0,patch_35_14,8960,9216,3584,3840,65536,MSAVI,-0.41015625,34334,,,,
0,patch_35_14,8960,9216,3584,3840,65536,NDVI,-0.73046875,3459,14007,0.006100699174860336,19838,0.019592584593001977
0,patch_35_15,8960,9216,3840,4096,65536,MSAVI,-0.29296875,54398,,,,
0,patch_35_15,8960,9216,3840,4096,65536,NDVI,-0.67578125,5544,1587,0.03534712497577483,1688,0.04408910941355551
0,patch_35_16,8960,9216,4096,4352,65536,MSAVI,-0.34765625,52264,,,,
0,patch_35_16,8960,9216,4096,4352,65536,NDVI,-0.67578125,8233,355,0.03281364045061569,363,0.03872358057522213
0,patch_35_17,8960,9216,4352,4608,65536,MSAVI,-0.46484375,53348,,,,
0,patch_35_17,8960,9216,4352,4608,65536,NDVI,-0.69140625,7243,164,0.032548384805540884,152,0.04032293858046343
0,patch_35_18,8960,9216,4608,4864,65536,MSAVI,-0.33984375,52350,,,,
0,patch_35_18,8960,9216,4608,4864,65536,NDVI,-0.65234375,6510,430,0.03008946406047372,425,0.04332149235008803
0,patch_35_19,8960,9216,4864,5120,65536,MSAVI,-0.46484375,46931,,,,
0,patch_35_19,8960,9216,4864,5120,65536,NDVI,-0.79296875,10872,546,0.022897837759025957,584,0.03175525226564194
0,patch_35_20,8960,9216,5120,5376,65536,MSAVI,-0.17578125,51341,,,,
0,patch_35_20,8960,9216,5120,5376,65536,NDVI,-0.65234375,6850,426,0.03105475185424597,429,0.04050830046234191
0,patch_35_21,8960,9216,5376,5632,65536,MSAVI,-0.26171875,31911,,,,
0,patch_35_21,8960,9216,5376,5632,65536,NDVI,-0.45703125,4548,25557,0.01730857818257353,29131,0.027569536411413326
0,patch_35_22,8960,9216,5632,5888,65536,MSAVI,-0.34765625,49375,,,,
0,patch_35_22,8960,9216,5632,5888,65536,NDVI,-0.55078125,3626,10461,0.03388187144809307,10375,0.046395280166680736
0,patch_35_23,8960,9216,5888,6144,65536,MSAVI,-0.29296875,38719,,,,
0,patch_35_23,8960,9216,5888,6144,65536,NDVI,-0.54296875,6083,6825,0.010495185784231864,9508,0.018077613756392552
0,patch_35_24,8960,9216,6144,6400,65536,MSAVI,-0.06640625,40426,,,,
0,patch_35_24,8960,9216,6144,6400,65536,NDVI,-0.53515625,3688,8984,0.01724535857565032,11471,0.02670530126904741
0,patch_35_25,8960,9216,6400,6656,65536,MSAVI,-0.00390625,35858,,,,
0,patch_35_25,8960,9216,6400,6656,65536,NDVI,-0.51171875,42926,14545,0.012659274618997102,17623,0.023790439520654016
0,patch_35_26,8960,9216,6656,6912,65536,MSAVI,-0.41796875,37531,,,,
0,patch_35_26,8960,9216,6656,6912,65536,NDVI,-0.62109375,45369,10985,0.013327922878980769,13241,0.02068533021620822
0,patch_35_27,8960,9216,6912,7168,65536,MSAVI,-0.32421875,37206,,,,
0,patch_35_27,8960,9216,6912,7168,65536,NDVI,-0.54296875,4261,11618,0.012698575088129604,14873,0.019764915280378076
0,patch_35_28,8960,9216,7168,7424,65536,MSAVI,-0.23046875,38662,,,,
0,patch_35_28,8960,9216,7168,7424,65536,NDVI,-0.51171875,47161,8073,0.013197991045316493,10819,0.018421824877658755
0,patch_35_29,8960,9216,7424,7680,65536,MSAVI,-0.25390625,34400,,,,
0,patch_35_29,8960,9216,7424,7680,65536,NDVI,-0.69140625,46567,15926,0.006456117588211713,19202,0.01632653787190036
0,patch_35_30,8960,9216,7680,7936,65536,MSAVI,-0.26953125,32682,,,,
0,patch_35_30,8960,9216,7680,7936,65536,NDVI,-0.59765625,43851,13398,0.004862549045290487,19762,0.013578435639326175
0,patch_35_31,8960,9216,7936,8192,65536,MSAVI,-0.33203125,33866,,,,
0,patch_35_31,8960,9216,7936,8192,65536,NDVI,-0.61328125,48635,13873,0.005707932792061332,19059,0.015142274975149778
0,patch_35_32,8960,9216,8192,8448,65536,MSAVI,-0.38671875,32116,,,,
0,patch_35_32,8960,9216,8192,8448,65536,NDVI,-0.65234375,4860,0,0.0,0,0.009808042386020944
0,patch_35_33,8960,9216,8448,8704,65536,MSAVI,-0.39453125,36645,,,,
0,patch_35_33,8960,9216,8448,8704,65536,NDVI,-0.69921875,45479,0,0.0,0,0.009808042386020944
0,patch_35_34,8960,9216,8704,8960,65536,MSAVI,-0.21484375,34489,,,,
0,patch_35_34,8960,9216,8704,8960,65536,NDVI,-0.68359375,44112,0,0.0,0,0.009808042386020944
0,patch_35_35,8960,9216,8960,9216,65536,MSAVI,-0.23828125,34592,,,,
0,patch_35_35,8960,9216,8960,9216,65536,NDVI,-0.69921875,44126,0,0.0,0,0.009808042386020944
0,patch_36_0,9216,9472,0,256,65536,MSAVI,0.02734375,50785,,,,
0,patch_36_0,9216,9472,0,256,65536,NDVI,-0.73828125,14162,0,0.0,0,0.009808042386020944
0,patch_36_1,9216,9472,256,512,65536,MSAVI,-0.05078125,35693,,,,
0,patch_36_1,9216,9472,256,512,65536,NDVI,-0.62890625,18744,0,0.0,0,0.009808042386020944
0,patch_36_2,9216,9472,512,768,65536,MSAVI,-0.16796875,36305,,,,
0,patch_36_2,9216,9472,512,768,65536,NDVI,-0.70703125,11373,0,0.0,0,0.009808042386020944
0,patch_36_3,9216,9472,768,1024,65536,MSAVI,-0.13671875,37678,,,,
0,patch_36_3,9216,9472,768,1024,65536,NDVI,-0.51953125,3858,0,0.0,0,0.009808042386020944
0,patch_36_4,9216,9472,1024,1280,65536,MSAVI,-0.14453125,35311,,,,
0,patch_36_4,9216,9472,1024,1280,65536,NDVI,-0.44921875,5104,0,0.0,0,0.009808042386020944
0,patch_36_5,9216,9472,1280,1536,65536,MSAVI,-0.26171875,36707,,,,
0,patch_36_5,9216,9472,1280,1536,65536,NDVI,-0.48828125,6628,0,0.0,0,0.009808042386020944
0,patch_36_6,9216,9472,1536,1792,65536,MSAVI,-0.05859375,35335,,,,
0,patch_36_6,9216,9472,1536,1792,65536,NDVI,-0.43359375,5810,0,0.0,0,0.009808042386020944
0,patch_36_7,9216,9472,1792,2048,65536,MSAVI,-0.31640625,34940,,,,
0,patch_36_7,9216,9472,1792,2048,65536,NDVI,-0.61328125,44185,0,0.0,0,0.009808042386020944
0,patch_36_8,9216,9472,2048,2304,65536,MSAVI,-0.33984375,37246,,,,
0,patch_36_8,9216,9472,2048,2304,65536,NDVI,-0.64453125,48731,0,0.0,0,0.009808042386020944
0,patch_36_9,9216,9472,2304,2560,65536,MSAVI,-0.26171875,36041,,,,
0,patch_36_9,9216,9472,2304,2560,65536,NDVI,-0.60546875,8812,0,0.0,0,0.009808042386020944
0,patch_36_10,9216,9472,2560,2816,65536,MSAVI,-0.41015625,40554,,,,
0,patch_36_10,9216,9472,2560,2816,65536,NDVI,-0.58203125,7513,0,0.0,0,0.009808042386020944
0,patch_36_11,9216,9472,2816,3072,65536,MSAVI,-0.45703125,36125,,,,
0,patch_36_11,9216,9472,2816,3072,65536,NDVI,-0.69921875,8565,0,0.0,0,0.009808042386020944
0,patch_36_12,9216,9472,3072,3328,65536,MSAVI,-0.48828125,53599,,,,
0,patch_36_12,9216,9472,3072,3328,65536,NDVI,-0.62890625,4081,0,0.0,0,0.009808042386020944
0,patch_36_13,9216,9472,3328,3584,65536,MSAVI,-0.36328125,55794,,,,
0,patch_36_13,9216,9472,3328,3584,65536,NDVI,-0.58984375,6164,176,0.03251694324324651,176,0.04614529822220745
0,patch_36_14,9216,9472,3584,3840,65536,MSAVI,-0.36328125,50556,,,,
0,patch_36_14,9216,9472,3584,3840,65536,NDVI,-0.65234375,7954,584,0.025129996682502653,596,0.034642710925691544
0,patch_36_15,9216,9472,3840,4096,65536,MSAVI,-0.15234375,55479,,,,
0,patch_36_15,9216,9472,3840,4096,65536,NDVI,-0.59765625,6371,0,0.03271992430023769,0,0.046054682988859647
0,patch_36_16,9216,9472,4096,4352,65536,MSAVI,-0.43359375,44424,,,,
0,patch_36_16,9216,9472,4096,4352,65536,NDVI,-0.68359375,3164,7859,0.020815852256945072,8273,0.028138373415293405
0,patch_36_17,9216,9472,4352,4608,65536,MSAVI,-0.32421875,53728,,,,
0,patch_36_17,9216,9472,4352,4608,65536,NDVI,-0.69140625,7529,259,0.03387180231196221,347,0.043455111619513515
0,patch_36_18,9216,9472,4608,4864,65536,MSAVI,-0.16796875,49668,,,,
0,patch_36_18,9216,9472,4608,4864,65536,NDVI,-0.66015625,10419,151,0.02161609270262993,267,0.03368949106858343
0,patch_36_19,9216,9472,4864,5120,65536,MSAVI,-0.23046875,48299,,,,
0,patch_36_19,9216,9472,4864,5120,65536,NDVI,-0.69921875,9793,207,0.01932350937155411,370,0.032309865798066384
0,patch_36_20,9216,9472,5120,5376,65536,MSAVI,-0.37109375,47696,,,,
0,patch_36_20,9216,9472,5120,5376,65536,NDVI,-0.71484375,11423,1823,0.027621313458175117,2026,0.03493941738155959
0,patch_36_21,9216,9472,5376,5632,65536,MSAVI,-0.24609375,58582,,,,
0,patch_36_21,9216,9472,5376,5632,65536,NDVI,-0.58984375,4374,0,0.0384360975625605,0,0.0521112087010768
0,patch_36_22,9216,9472,5632,5888,65536,MSAVI,-0.32421875,36872,,,,
0,patch_36_22,9216,9472,5632,5888,65536,NDVI,-0.56640625,5177,13539,0.011255517189350556,16866,0.022514432686611158
0,patch_36_23,9216,9472,5888,6144,65536,MSAVI,-0.05078125,38452,,,,
0,patch_36_23,9216,9472,5888,6144,65536,NDVI,-0.65234375,50968,11786,0.011479828539063236,13943,0.020939757089529137
0,patch_36_24,9216,9472,6144,6400,65536,MSAVI,0.01171875,37579,,,,
0,patch_36_24,9216,9472,6144,6400,65536,NDVI,-0.68359375,48882,14087,0.016247972465581684,17839,0.024996390014129954
0,patch_36_25,9216,9472,6400,6656,65536,MSAVI,-0.33984375,37778,,,,
0,patch_36_25,9216,9472,6400,6656,65536,NDVI,-0.65234375,47714,14806,0.014620516838068809,18885,0.0273926741165523
0,patch_36_26,9216,9472,6656,6912,65536,MSAVI,-0.30078125,37924,,,,
0,patch_36_26,9216,9472,6656,6912,65536,NDVI,-0.68359375,49324,16506,0.018620851115945275,18534,0.027494559465929436
0,patch_36_27,9216,9472,6912,7168,65536,MSAVI,-0.12890625,38851,,,,
0,patch_36_27,9216,9472,6912,7168,65536,NDVI,-0.55078125,4928,8035,0.013884602488475867,10262,0.019424732981379422
0,patch_36_28,9216,9472,7168,7424,65536,MSAVI,-0.19921875,38434,,,,
0,patch_36_28,9216,9472,7168,7424,65536,NDVI,-0.33203125,4860,8175,0.01127249776976108,11765,0.02012639718445297
0,patch_36_29,9216,9472,7424,7680,65536,MSAVI,-0.11328125,35744,,,,
0,patch_36_29,9216,9472,7424,7680,65536,NDVI,-0.49609375,45517,4928,0.007839517351498432,8254,0.01391235452256806
0,patch_36_30,9216,9472,7680,7936,65536,MSAVI,-0.32421875,35625,,,,
0,patch_36_30,9216,9472,7680,7936,65536,NDVI,-0.66796875,43785,9734,0.006293263089932388,13950,0.013195671805113773
0,patch_36_31,9216,9472,7936,8192,65536,MSAVI,-0.34765625,38032,,,,
0,patch_36_31,9216,9472,7936,8192,65536,NDVI,-0.66015625,47008,0,0.0,0,0.009808042386020944
0,patch_36_32,9216,9472,8192,8448,65536,MSAVI,-0.35546875,35212,,,,
0,patch_36_32,9216,9472,8192,8448,65536,NDVI,-0.76171875,46753,0,0.0,0,0.009808042386020944
0,patch_36_33,9216,9472,8448,8704,65536,MSAVI,-0.11328125,35187,,,,
0,patch_36_33,9216,9472,8448,8704,65536,NDVI,-0.58203125,43673,0,0.0,0,0.009808042386020944
0,patch_36_34,9216,9472,8704,8960,65536,MSAVI,-0.29296875,31368,,,,
0,patch_36_34,9216,9472,8704,8960,65536,NDVI,-0.67578125,41420,0,0.0,0,0.009808042386020944
0,patch_36_35,9216,9472,8960,9216,65536,MSAVI,-0.08203125,35051,,,,
0,patch_36_35,9216,9472,8960,9216,65536,NDVI,-0.51171875,1714,0,0.0,0,0.009808042386020944
0,patch_37_0,9472,9728,0,256,65536,MSAVI,-0.41796875,52919,,,,
0,patch_37_0,9472,9728,0,256,65536,NDVI,-0.81640625,11706,0,0.0,0,0.009808042386020944
0,patch_37_1,9472,9728,256,512,65536,MSAVI,0.03515625,36818,,,,
0,patch_37_1,9472,9728,256,512,65536,NDVI,-0.72265625,24096,0,0.0,0,0.009808042386020944
0,patch_37_2,9472,9728,512,768,65536,MSAVI,-0.23828125,36400,,,,
0,patch_37_2,9472,9728,512,768,65536,NDVI,-0.75390625,10102,0,0.0,0,0.009808042386020944
0,patch_37_3,9472,9728,768,1024,65536,MSAVI,-0.12109375,34222,,,,
0,patch_37_3,9472,9728,768,1024,65536,NDVI,-0.51171875,8504,0,0.0,0,0.009808042386020944
0,patch_37_4,9472,9728,1024,1280,65536,MSAVI,-0.11328125,41482,,,,
0,patch_37_4,9472,9728,1024,1280,65536,NDVI,-0.43359375,5061,0,0.0,0,0.009808042386020944
0,patch_37_5,9472,9728,1280,1536,65536,MSAVI,-0.09765625,37063,,,,
0,patch_37_5,9472,9728,1280,1536,65536,NDVI,-0.48828125,6936,0,0.0,0,0.009808042386020944
0,patch_37_6,9472,9728,1536,1792,65536,MSAVI,-0.24609375,25057,,,,
0,patch_37_6,9472,9728,1536,1792,65536,NDVI,-0.49609375,4290,0,0.0,0,0.009808042386020944
0,patch_37_7,9472,9728,1792,2048,65536,MSAVI,-0.22265625,37859,,,,
0,patch_37_7,9472,9728,1792,2048,65536,NDVI,-0.42578125,5774,0,0.0,0,0.009808042386020944
0,patch_37_8,9472,9728,2048,2304,65536,MSAVI,-0.22265625,35502,,,,
0,patch_37_8,9472,9728,2048,2304,65536,NDVI,-0.64453125,8775,0,0.0,0,0.009808042386020944
0,patch_37_9,9472,9728,2304,2560,65536,MSAVI,-0.33984375,40409,,,,
0,patch_37_9,9472,9728,2304,2560,65536,NDVI,-0.65234375,7258,0,0.0,0,0.009808042386020944
0,patch_37_10,9472,9728,2560,2816,65536,MSAVI,-0.48046875,51835,,,,
0,patch_37_10,9472,9728,2560,2816,65536,NDVI,-0.66796875,3947,0,0.0,0,0.009808042386020944
0,patch_37_11,9472,9728,2816,3072,65536,MSAVI,-0.46484375,53931,,,,
0,patch_37_11,9472,9728,2816,3072,65536,NDVI,-0.61328125,2653,0,0.0,0,0.009808042386020944
0,patch_37_12,9472,9728,3072,3328,65536,MSAVI,-0.43359375,61973,,,,
0,patch_37_12,9472,9728,3072,3328,65536,NDVI,-0.56640625,1633,0,0.0,0,0.009808042386020944
0,patch_37_13,9472,9728,3328,3584,65536,MSAVI,-0.20703125,62242,,,,
0,patch_37_13,9472,9728,3328,3584,65536,NDVI,-0.51171875,1965,0,0.0,0,0.009808042386020944
0,patch_37_14,9472,9728,3584,3840,65536,MSAVI,-0.27734375,49217,,,,
0,patch_37_14,9472,9728,3584,3840,65536,NDVI,-0.61328125,10461,0,0.0,0,0.009808042386020944
0,patch_37_15,9472,9728,3840,4096,65536,MSAVI,-0.19921875,49747,,,,
0,patch_37_15,9472,9728,3840,4096,65536,NDVI,-0.64453125,11416,0,0.0,0,0.009808042386020944
0,patch_37_16,9472,9728,4096,4352,65536,MSAVI,-0.23046875,53886,,,,
0,patch_37_16,9472,9728,4096,4352,65536,NDVI,-0.63671875,7883,0,0.0,0,0.009808042386020944
0,patch_37_17,9472,9728,4352,4608,65536,MSAVI,-0.26171875,56197,,,,
0,patch_37_17,9472,9728,4352,4608,65536,NDVI,-0.62890625,4380,373,0.03280847825710105,434,0.045244181883347445
0,patch_37_18,9472,9728,4608,4864,65536,MSAVI,-0.27734375,51293,,,,
0,patch_37_18,9472,9728,4608,4864,65536,NDVI,-0.67578125,6990,2018,0.026679849204690742,1791,0.036727768178967585
0,patch_37_19,9472,9728,4864,5120,65536,MSAVI,-0.26953125,52397,,,,
0,patch_37_19,9472,9728,4864,5120,65536,NDVI,-0.72265625,6372,266,0.029854430711658997,257,0.039712886964119815
0,patch_37_20,9472,9728,5120,5376,65536,MSAVI,-0.35546875,44434,,,,
0,patch_37_20,9472,9728,5120,5376,65536,NDVI,-0.62890625,15351,3881,0.018307052196440105,4705,0.03168601708180652
0,patch_37_21,9472,9728,5376,5632,65536,MSAVI,-0.18359375,52583,,,,
0,patch_37_21,9472,9728,5376,5632,65536,NDVI,-0.61328125,8088,272,0.02943710692911622,269,0.04117899509759598
0,patch_37_22,9472,9728,5632,5888,65536,MSAVI,-0.38671875,46666,,,,
0,patch_37_22,9472,9728,5632,5888,65536,NDVI,-0.58203125,3599,2416,0.020161425110799658,3119,0.02938164151358766
0,patch_37_23,9472,9728,5888,6144,65536,MSAVI,-0.16015625,38031,,,,
0,patch_37_23,9472,9728,5888,6144,65536,NDVI,-0.62109375,5358,15606,0.014785892158775127,16976,0.02280838998340634
0,patch_37_24,9472,9728,6144,6400,65536,MSAVI,-0.32421875,41160,,,,
0,patch_37_24,9472,9728,6144,6400,65536,NDVI,-0.69140625,3292,12045,0.023845200487594448,12315,0.029474819805376584
0,patch_37_25,9472,9728,6400,6656,65536,MSAVI,-0.20703125,35448,,,,
0,patch_37_25,9472,9728,6400,6656,65536,NDVI,-0.51171875,44731,18448,0.013236772925067308,21544,0.02511770706533137
0,patch_37_26,9472,9728,6656,6912,65536,MSAVI,-0.27734375,34838,,,,
0,patch_37_26,9472,9728,6656,6912,65536,NDVI,-0.59765625,45984,16054,0.010825741775430026,21002,0.02210567762659002
0,patch_37_27,9472,9728,6912,7168,65536,MSAVI,-0.29296875,44177,,,,
0,patch_37_27,9472,9728,6912,7168,65536,NDVI,-0.40234375,3570,10694,0.025236444380979633,10849,0.03194277494574066
0,patch_37_28,9472,9728,7168,7424,65536,MSAVI,-0.18359375,38531,,,,
0,patch_37_28,9472,9728,7168,7424,65536,NDVI,-0.30078125,4856,13207,0.014900185696031493,14736,0.022705499933730444
0,patch_37_29,9472,9728,7424,7680,65536,MSAVI,-0.24609375,39248,,,,
0,patch_37_29,9472,9728,7424,7680,65536,NDVI,-0.52734375,47243,11863,0.015470564941315046,13239,0.02113327420239411
0,patch_37_30,9472,9728,7680,7936,65536,MSAVI,-0.08984375,40933,,,,
0,patch_37_30,9472,9728,7680,7936,65536,NDVI,-0.54296875,46239,4999,0.013414648682186558,6732,0.019697115667800885
0,patch_37_31,9472,9728,7936,8192,65536,MSAVI,-0.33203125,37809,,,,
0,patch_37_31,9472,9728,7936,8192,65536,NDVI,-0.51171875,45574,0,0.0,0,0.009808042386020944
0,patch_37_32,9472,9728,8192,8448,65536,MSAVI,-0.26953125,37705,,,,
0,patch_37_32,9472,9728,8192,8448,65536,NDVI,-0.66796875,46986,0,0.0,0,0.009808042386020944
0,patch_37_33,9472,9728,8448,8704,65536,MSAVI,-0.20703125,34560,,,,
0,patch_37_33,9472,9728,8448,8704,65536,NDVI,-0.55078125,37311,0,0.0,0,0.009808042386020944
0,patch_37_34,9472,9728,8704,8960,65536,MSAVI,-0.41796875,34512,,,,
0,patch_37_34,9472,9728,8704,8960,65536,NDVI,-0.61328125,41735,0,0.0,0,0.009808042386020944
0,patch_37_35,9472,9728,8960,9216,65536,MSAVI,-0.12890625,34213,,,,
0,patch_37_35,9472,9728,8960,9216,65536,NDVI,-0.55078125,46815,0,0.0,0,0.009808042386020944
0,patch_38_0,9728,9984,0,256,65536,MSAVI,-0.19140625,60344,,,,
0,patch_38_0,9728,9984,0,256,65536,NDVI,-0.72265625,4530,0,0.0,0,0.009808042386020944
0,patch_38_1,9728,9984,256,512,65536,MSAVI,-0.17578125,39006,,,,
0,patch_38_1,9728,9984,256,512,65536,NDVI,-0.74609375,14871,0,0.0,0,0.009808042386020944
0,patch_38_2,9728,9984,512,768,65536,MSAVI,0.27734375,35606,,,,
0,patch_38_2,9728,9984,512,768,65536,NDVI,-0.66015625,10312,0,0.0,0,0.009808042386020944
0,patch_38_3,9728,9984,768,1024,65536,MSAVI,0.08203125,33689,,,,
0,patch_38_3,9728,9984,768,1024,65536,NDVI,-0.49609375,8297,0,0.0,0,0.009808042386020944
0,patch_38_4,9728,9984,1024,1280,65536,MSAVI,-0.19921875,34381,,,,
0,patch_38_4,9728,9984,1024,1280,65536,NDVI,-0.48046875,4370,0,0.0,0,0.009808042386020944
0,patch_38_5,9728,9984,1280,1536,65536,MSAVI,-0.26171875,37167,,,,
0,patch_38_5,9728,9984,1280,1536,65536,NDVI,-0.52734375,6056,0,0.0,0,0.009808042386020944
0,patch_38_6,9728,9984,1536,1792,65536,MSAVI,-0.26171875,37718,,,,
0,patch_38_6,9728,9984,1536,1792,65536,NDVI,-0.61328125,48232,0,0.0,0,0.009808042386020944
0,patch_38_7,9728,9984,1792,2048,65536,MSAVI,-0.32421875,41266,,,,
0,patch_38_7,9728,9984,1792,2048,65536,NDVI,-0.59765625,47550,0,0.0,0,0.009808042386020944
0,patch_38_8,9728,9984,2048,2304,65536,MSAVI,-0.16796875,39090,,,,
0,patch_38_8,9728,9984,2048,2304,65536,NDVI,-0.65234375,48923,0,0.0,0,0.009808042386020944
0,patch_38_9,9728,9984,2304,2560,65536,MSAVI,-0.39453125,45398,,,,
0,patch_38_9,9728,9984,2304,2560,65536,NDVI,-0.73046875,4321,0,0.0,0,0.009808042386020944
0,patch_38_10,9728,9984,2560,2816,65536,MSAVI,-0.20703125,55871,,,,
0,patch_38_10,9728,9984,2560,2816,65536,NDVI,-0.51953125,6435,0,0.0,0,0.009808042386020944
0,patch_38_11,9728,9984,2816,3072,65536,MSAVI,-0.31640625,58052,,,,
0,patch_38_11,9728,9984,2816,3072,65536,NDVI,-0.51171875,4886,0,0.0,0,0.009808042386020944
0,patch_38_12,9728,9984,3072,3328,65536,MSAVI,-0.30078125,59298,,,,
0,patch_38_12,9728,9984,3072,3328,65536,NDVI,-0.51171875,3905,0,0.0,0,0.009808042386020944
0,patch_38_13,9728,9984,3328,3584,65536,MSAVI,-0.18359375,62387,,,,
0,patch_38_13,9728,9984,3328,3584,65536,NDVI,-0.50390625,1540,0,0.0,0,0.009808042386020944
0,patch_38_14,9728,9984,3584,3840,65536,MSAVI,-0.26171875,53360,,,,
0,patch_38_14,9728,9984,3584,3840,65536,NDVI,-0.60546875,7382,0,0.0,0,0.009808042386020944
0,patch_38_15,9728,9984,3840,4096,65536,MSAVI,-0.26953125,47794,,,,
0,patch_38_15,9728,9984,3840,4096,65536,NDVI,-0.66796875,12234,0,0.0,0,0.009808042386020944
0,patch_38_16,9728,9984,4096,4352,65536,MSAVI,-0.23828125,48186,,,,
0,patch_38_16,9728,9984,4096,4352,65536,NDVI,-0.62890625,10518,0,0.0,0,0.009808042386020944
0,patch_38_17,9728,9984,4352,4608,65536,MSAVI,-0.26171875,47745,,,,
0,patch_38_17,9728,9984,4352,4608,65536,NDVI,-0.66796875,11249,0,0.0,0,0.009808042386020944
0,patch_38_18,9728,9984,4608,4864,65536,MSAVI,-0.18359375,49727,,,,
0,patch_38_18,9728,9984,4608,4864,65536,NDVI,-0.64453125,8295,0,0.0,0,0.009808042386020944
0,patch_38_19,9728,9984,4864,5120,65536,MSAVI,-0.26171875,36045,,,,
0,patch_38_19,9728,9984,4864,5120,65536,NDVI,-0.58984375,4192,0,0.0,0,0.009808042386020944
0,patch_38_20,9728,9984,5120,5376,65536,MSAVI,-0.26171875,42211,,,,
0,patch_38_20,9728,9984,5120,5376,65536,NDVI,-0.58984375,5262,5123,0.01697101029176168,5153,0.026500959012948855
0,patch_38_21,9728,9984,5376,5632,65536,MSAVI,-0.39453125,47210,,,,
0,patch_38_21,9728,9984,5376,5632,65536,NDVI,-0.55859375,4167,3173,0.021699122756510605,3629,0.032134390499767795
0,patch_38_22,9728,9984,5632,5888,65536,MSAVI,-0.33984375,37635,,,,
0,patch_38_22,9728,9984,5632,5888,65536,NDVI,-0.69140625,9044,17054,0.011594508385599,17918,0.019885362463786416
0,patch_38_23,9728,9984,5888,6144,65536,MSAVI,-0.13671875,33214,,,,
0,patch_38_23,9728,9984,5888,6144,65536,NDVI,-0.54296875,10657,16112,0.004949737863907122,21666,0.015166650478611848
0,patch_38_24,9728,9984,6144,6400,65536,MSAVI,-0.07421875,36964,,,,
0,patch_38_24,9728,9984,6144,6400,65536,NDVI,-0.58984375,4046,15272,0.013068645842891358,17676,0.02310285327542813
0,patch_38_25,9728,9984,6400,6656,65536,MSAVI,-0.21484375,32045,,,,
0,patch_38_25,9728,9984,6400,6656,65536,NDVI,-0.46484375,43191,11562,0.0038906182425474944,19846,0.013866280068033837
0,patch_38_26,9728,9984,6656,6912,65536,MSAVI,-0.20703125,36148,,,,
0,patch_38_26,9728,9984,6656,6912,65536,NDVI,-0.65234375,46491,13489,0.01192971201057802,15619,0.01837164735052016
0,patch_38_27,9728,9984,6912,7168,65536,MSAVI,-0.14453125,40327,,,,
0,patch_38_27,9728,9984,6912,7168,65536,NDVI,-0.58984375,50835,8949,0.015003442319600546,10873,0.024332066033178557
0,patch_38_28,9728,9984,7168,7424,65536,MSAVI,-0.04296875,38606,,,,
0,patch_38_28,9728,9984,7168,7424,65536,NDVI,-0.51953125,47727,6958,0.01152345145136166,9731,0.018429865558538483
0,patch_38_29,9728,9984,7424,7680,65536,MSAVI,-0.13671875,38346,,,,
0,patch_38_29,9728,9984,7424,7680,65536,NDVI,-0.51953125,48116,9219,0.01386609209687828,11417,0.01956888736715731
0,patch_38_30,9728,9984,7680,7936,65536,MSAVI,-0.33984375,41525,,,,
0,patch_38_30,9728,9984,7680,7936,65536,NDVI,-0.52734375,47301,0,0.0,0,0.009808042386020944
0,patch_38_31,9728,9984,7936,8192,65536,MSAVI,-0.40234375,42041,,,,
0,patch_38_31,9728,9984,7936,8192,65536,NDVI,-0.59765625,46991,0,0.0,0,0.009808042386020944
0,patch_38_32,9728,9984,8192,8448,65536,MSAVI,-0.31640625,39506,,,,
0,patch_38_32,9728,9984,8192,8448,65536,NDVI,-0.59765625,46972,0,0.0,0,0.009808042386020944
0,patch_38_33,9728,9984,8448,8704,65536,MSAVI,-0.13671875,37925,,,,
0,patch_38_33,9728,9984,8448,8704,65536,NDVI,-0.54296875,45708,0,0.0,0,0.009808042386020944
0,patch_38_34,9728,9984,8704,8960,65536,MSAVI,-0.05859375,39929,,,,
0,patch_38_34,9728,9984,8704,8960,65536,NDVI,-0.58203125,47413,0,0.0,0,0.009808042386020944
0,patch_38_35,9728,9984,8960,9216,65536,MSAVI,-0.18359375,35672,,,,
0,patch_38_35,9728,9984,8960,9216,65536,NDVI,-0.58984375,48435,0,0.0,0,0.009808042386020944
