,patch,start_vert,end_vert,start_horiz,end_horiz,Patch_Area,VegetationIndex,VI_Thresh,VI_Area,Pure_GaborArea,Pure_GaborThresh,LocalHistEq_GaborArea,LocalHistEq_GaborThresh
0,patch_0_0,0,256,0,256,65536,MSAVI,0.0,65536,,,,
0,patch_0_0,0,256,0,256,65536,NDVI,0.0,0,0,0.0,0,0.009808042386020944
0,patch_0_1,0,256,256,512,65536,MSAVI,0.0,65536,,,,
0,patch_0_1,0,256,256,512,65536,NDVI,0.0,0,0,0.0,0,0.009808042386020944
0,patch_0_2,0,256,512,768,65536,MSAVI,0.0,65536,,,,
0,patch_0_2,0,256,512,768,65536,NDVI,0.0,0,0,0.0,0,0.009808042386020944
0,patch_0_3,0,256,768,1024,65536,MSAVI,0.0,65536,,,,
0,patch_0_3,0,256,768,1024,65536,NDVI,0.0,0,0,0.0,0,0.009808042386020944
0,patch_0_4,0,256,1024,1280,65536,MSAVI,0.0,65536,,,,
0,patch_0_4,0,256,1024,1280,65536,NDVI,0.0,0,0,0.0,0,0.009808042386020944
0,patch_0_5,0,256,1280,1536,65536,MSAVI,0.0,65536,,,,
0,patch_0_5,0,256,1280,1536,65536,NDVI,0.0,0,0,0.0,0,0.009808042386020944
0,patch_0_6,0,256,1536,1792,65536,MSAVI,0.0,65536,,,,
0,patch_0_6,0,256,1536,1792,65536,NDVI,0.0,0,0,0.0,0,0.009808042386020944
0,patch_0_7,0,256,1792,2048,65536,MSAVI,0.0,65536,,,,
0,patch_0_7,0,256,1792,2048,65536,NDVI,0.0,0,0,0.0,0,0.009808042386020944
0,patch_0_8,0,256,2048,2304,65536,MSAVI,0.0,65536,,,,
0,patch_0_8,0,256,2048,2304,65536,NDVI,0.0,0,0,0.0,0,0.009808042386020944
0,patch_0_9,0,256,2304,2560,65536,MSAVI,0.0,65536,,,,
0,patch_0_9,0,256,2304,2560,65536,NDVI,0.0,0,0,0.0,0,0.009808042386020944
0,patch_0_10,0,256,2560,2816,65536,MSAVI,0.0,65536,,,,
0,patch_0_10,0,256,2560,2816,65536,NDVI,0.0,0,0,0.0,0,0.009808042386020944
0,patch_0_11,0,256,2816,3072,65536,MSAVI,0.0,65536,,,,
0,patch_0_11,0,256,2816,3072,65536,NDVI,0.0,0,0,0.0,0,0.009808042386020944
0,patch_0_12,0,256,3072,3328,65536,MSAVI,0.0,65536,,,,
0,patch_0_12,0,256,3072,3328,65536,NDVI,0.0,0,0,0.0,0,0.009808042386020944
0,patch_0_13,0,256,3328,3584,65536,MSAVI,0.0,65536,,,,
0,patch_0_13,0,256,3328,3584,65536,NDVI,0.0,0,0,0.0,0,0.009808042386020944
0,patch_0_14,0,256,3584,3840,65536,MSAVI,0.0,65536,,,,
0,patch_0_14,0,256,3584,3840,65536,NDVI,0.0,0,0,0.0,0,0.009808042386020944
0,patch_0_15,0,256,3840,4096,65536,MSAVI,0.0,65536,,,,
0,patch_0_15,0,256,3840,4096,65536,NDVI,0.0,0,0,0.0,0,0.009808042386020944
0,patch_0_16,0,256,4096,4352,65536,MSAVI,0.0,65536,,,,
0,patch_0_16,0,256,4096,4352,65536,NDVI,0.0,0,0,0.0,0,0.009808042386020944
0,patch_0_17,0,256,4352,4608,65536,MSAVI,0.0,65536,,,,
0,patch_0_17,0,256,4352,4608,65536,NDVI,0.0,0,0,0.0,0,0.009808042386020944
0,patch_0_18,0,256,4608,4864,65536,MSAVI,0.0,65536,,,,
0,patch_0_18,0,256,4608,4864,65536,NDVI,0.0,0,0,0.0,0,0.009808042386020944
0,patch_0_19,0,256,4864,5120,65536,MSAVI,0.0,65536,,,,
0,patch_0_19,0,256,4864,5120,65536,NDVI,0.0,0,0,0.0,0,0.009808042386020944
0,patch_0_20,0,256,5120,5376,65536,MSAVI,0.0,65536,,,,
0,patch_0_20,0,256,5120,5376,65536,NDVI,0.0,0,0,0.0,0,0.009808042386020944
0,patch_0_21,0,256,5376,5632,65536,MSAVI,0.0,65536,,,,
0,patch_0_21,0,256,5376,5632,65536,NDVI,0.0,0,0,0.0,0,0.009808042386020944
0,patch_0_22,0,256,5632,5888,65536,MSAVI,0.0,65536,,,,
0,patch_0_22,0,256,5632,5888,65536,NDVI,0.0,0,0,0.0,0,0.009808042386020944
0,patch_0_23,0,256,5888,6144,65536,MSAVI,0.0,65536,,,,
0,patch_0_23,0,256,5888,6144,65536,NDVI,0.0,0,0,0.0,0,0.009808042386020944
0,patch_0_24,0,256,6144,6400,65536,MSAVI,0.0,65536,,,,
0,patch_0_24,0,256,6144,6400,65536,NDVI,0.0,0,0,0.0,0,0.009808042386020944
0,patch_0_25,0,256,6400,6656,65536,MSAVI,0.0,65536,,,,
0,patch_0_25,0,256,6400,6656,65536,NDVI,0.0,0,0,0.0,0,0.009808042386020944
0,patch_0_26,0,256,6656,6912,65536,MSAVI,0.0,65536,,,,
0,patch_0_26,0,256,6656,6912,65536,NDVI,0.0,0,0,0.0,0,0.009808042386020944
0,patch_0_34,0,256,8704,8960,65536,MSAVI,0.0,65536,,,,
0,patch_0_34,0,256,8704,8960,65536,NDVI,0.0,0,0,0.0,0,0.009808042386020944
0,patch_0_35,0,256,8960,9216,65536,MSAVI,0.0,65536,,,,
0,patch_0_35,0,256,8960,9216,65536,NDVI,0.0,0,0,0.0,0,0.009808042386020944
0,patch_0_36,0,256,9216,9472,65536,MSAVI,0.0,65536,,,,
0,patch_0_36,0,256,9216,9472,65536,NDVI,0.0,0,0,0.0,0,0.009808042386020944
0,patch_0_37,0,256,9472,9728,65536,MSAVI,0.0,65536,,,,
0,patch_0_37,0,256,9472,9728,65536,NDVI,0.0,0,0,0.0,0,0.009808042386020944
0,patch_1_0,256,512,0,256,65536,MSAVI,0.0,65536,,,,
0,patch_1_0,256,512,0,256,65536,NDVI,0.0,0,0,0.0,0,0.009808042386020944
0,patch_1_1,256,512,256,512,65536,MSAVI,0.0,65536,,,,
0,patch_1_1,256,512,256,512,65536,NDVI,0.0,0,0,0.0,0,0.009808042386020944
0,patch_1_2,256,512,512,768,65536,MSAVI,0.0,65536,,,,
0,patch_1_2,256,512,512,768,65536,NDVI,0.0,0,0,0.0,0,0.009808042386020944
0,patch_1_3,256,512,768,1024,65536,MSAVI,0.0,65536,,,,
0,patch_1_3,256,512,768,1024,65536,NDVI,0.0,0,0,0.0,0,0.009808042386020944
0,patch_1_4,256,512,1024,1280,65536,MSAVI,0.0,65536,,,,
0,patch_1_4,256,512,1024,1280,65536,NDVI,0.0,0,0,0.0,0,0.009808042386020944
0,patch_1_5,256,512,1280,1536,65536,MSAVI,0.0,65536,,,,
0,patch_1_5,256,512,1280,1536,65536,NDVI,0.0,0,0,0.0,0,0.009808042386020944
0,patch_1_6,256,512,1536,1792,65536,MSAVI,0.0,65536,,,,
0,patch_1_6,256,512,1536,1792,65536,NDVI,0.0,0,0,0.0,0,0.009808042386020944
0,patch_1_7,256,512,1792,2048,65536,MSAVI,0.0,65536,,,,
0,patch_1_7,256,512,1792,2048,65536,NDVI,0.0,0,0,0.0,0,0.009808042386020944
0,patch_1_8,256,512,2048,2304,65536,MSAVI,0.0,65536,,,,
0,patch_1_8,256,512,2048,2304,65536,NDVI,0.0,0,0,0.0,0,0.009808042386020944
0,patch_1_9,256,512,2304,2560,65536,MSAVI,0.0,65536,,,,
0,patch_1_9,256,512,2304,2560,65536,NDVI,0.0,0,0,0.0,0,0.009808042386020944
0,patch_1_10,256,512,2560,2816,65536,MSAVI,0.0,65536,,,,
0,patch_1_10,256,512,2560,2816,65536,NDVI,0.0,0,0,0.0,0,0.009808042386020944
0,patch_1_11,256,512,2816,3072,65536,MSAVI,0.0,65536,,,,
0,patch_1_11,256,512,2816,3072,65536,NDVI,0.0,0,0,0.0,0,0.009808042386020944
0,patch_1_12,256,512,3072,3328,65536,MSAVI,0.0,65536,,,,
0,patch_1_12,256,512,3072,3328,65536,NDVI,0.0,0,0,0.0,0,0.009808042386020944
0,patch_1_13,256,512,3328,3584,65536,MSAVI,0.0,65536,,,,
0,patch_1_13,256,512,3328,3584,65536,NDVI,0.0,0,0,0.0,0,0.009808042386020944
0,patch_1_14,256,512,3584,3840,65536,MSAVI,0.0,65536,,,,
0,patch_1_14,256,512,3584,3840,65536,NDVI,0.0,0,0,0.0,0,0.009808042386020944
0,patch_1_15,256,512,3840,4096,65536,MSAVI,0.0,65536,,,,
0,patch_1_15,256,512,3840,4096,65536,NDVI,0.0,0,0,0.0,0,0.009808042386020944
0,patch_1_16,256,512,4096,4352,65536,MSAVI,0.0,65536,,,,
0,patch_1_16,256,512,4096,4352,65536,NDVI,0.0,0,0,0.0,0,0.009808042386020944
0,patch_1_17,256,512,4352,4608,65536,MSAVI,0.0,65536,,,,
0,patch_1_17,256,512,4352,4608,65536,NDVI,0.0,0,0,0.0,0,0.009808042386020944
0,patch_1_18,256,512,4608,4864,65536,MSAVI,0.0,65536,,,,
0,patch_1_18,256,512,4608,4864,65536,NDVI,0.0,0,0,0.0,0,0.009808042386020944
0,patch_1_19,256,512,4864,5120,65536,MSAVI,0.0,65536,,,,
0,patch_1_19,256,512,4864,5120,65536,NDVI,0.0,0,0,0.0,0,0.009808042386020944
0,patch_1_20,256,512,5120,5376,65536,MSAVI,0.0,65536,,,,
0,patch_1_20,256,512,5120,5376,65536,NDVI,0.0,0,0,0.0,0,0.009808042386020944
0,patch_1_21,256,512,5376,5632,65536,MSAVI,0.0,65536,,,,
0,patch_1_21,256,512,5376,5632,65536,NDVI,0.0,0,0,0.0,0,0.009808042386020944
0,patch_1_28,256,512,7168,7424,65536,MSAVI,0.08203125,45425,,,,
0,patch_1_28,256,512,7168,7424,65536,NDVI,-0.69921875,19924,6181,0.0212247486282178,6664,0.02672708564453788
0,patch_1_29,256,512,7424,7680,65536,MSAVI,0.01171875,42303,,,,
0,patch_1_29,256,512,7424,7680,65536,NDVI,-0.63671875,23137,10908,0.01960467635206148,11732,0.02520741734200127
0,patch_1_30,256,512,7680,7936,65536,MSAVI,0.33203125,45324,,,,
0,patch_1_30,256,512,7680,7936,65536,NDVI,-0.70703125,20023,6925,0.019705422175044715,7274,0.02619993261755088
0,patch_1_31,256,512,7936,8192,65536,MSAVI,-0.12890625,41153,,,,
0,patch_1_31,256,512,7936,8192,65536,NDVI,-0.74609375,23533,9815,0.016140460139351914,10776,0.021334522486002233
0,patch_1_32,256,512,8192,8448,65536,MSAVI,-0.08984375,38099,,,,
0,patch_1_32,256,512,8192,8448,65536,NDVI,-0.69921875,27285,2663,0.010363300572815926,4344,0.014339978172203227
0,patch_1_35,256,512,8960,9216,65536,MSAVI,0.0,65536,,,,
0,patch_1_35,256,512,8960,9216,65536,NDVI,0.0,0,0,0.0,0,0.009808042386020944
0,patch_1_36,256,512,9216,9472,65536,MSAVI,0.0,65536,,,,
0,patch_1_36,256,512,9216,9472,65536,NDVI,0.0,0,0,0.0,0,0.009808042386020944
0,patch_1_37,256,512,9472,9728,65536,MSAVI,0.0,65536,,,,
0,patch_1_37,256,512,9472,9728,65536,NDVI,0.0,0,0,0.0,0,0.009808042386020944
0,patch_2_0,512,768,0,256,65536,MSAVI,0.0,65536,,,,
0,patch_2_0,512,768,0,256,65536,NDVI,0.0,0,0,0.0,0,0.009808042386020944
0,patch_2_1,512,768,256,512,65536,MSAVI,0.0,65536,,,,
0,patch_2_1,512,768,256,512,65536,NDVI,0.0,0,0,0.0,0,0.009808042386020944
0,patch_2_2,512,768,512,768,65536,MSAVI,0.0,65536,,,,
0,patch_2_2,512,768,512,768,65536,NDVI,0.0,0,0,0.0,0,0.009808042386020944
0,patch_2_3,512,768,768,1024,65536,MSAVI,0.0,65536,,,,
0,patch_2_3,512,768,768,1024,65536,NDVI,0.0,0,0,0.0,0,0.009808042386020944
0,patch_2_4,512,768,1024,1280,65536,MSAVI,0.0,65536,,,,
0,patch_2_4,512,768,1024,1280,65536,NDVI,0.0,0,0,0.0,0,0.009808042386020944
0,patch_2_5,512,768,1280,1536,65536,MSAVI,0.0,65536,,,,
0,patch_2_5,512,768,1280,1536,65536,NDVI,0.0,0,0,0.0,0,0.009808042386020944
0,patch_2_6,512,768,1536,1792,65536,MSAVI,0.0,65536,,,,
0,patch_2_6,512,768,1536,1792,65536,NDVI,0.0,0,0,0.0,0,0.009808042386020944
0,patch_2_7,512,768,1792,2048,65536,MSAVI,0.0,65536,,,,
0,patch_2_7,512,768,1792,2048,65536,NDVI,0.0,0,0,0.0,0,0.009808042386020944
0,patch_2_8,512,768,2048,2304,65536,MSAVI,0.0,65536,,,,
0,patch_2_8,512,768,2048,2304,65536,NDVI,0.0,0,0,0.0,0,0.009808042386020944
0,patch_2_9,512,768,2304,2560,65536,MSAVI,0.0,65536,,,,
0,patch_2_9,512,768,2304,2560,65536,NDVI,0.0,0,0,0.0,0,0.009808042386020944
0,patch_2_10,512,768,2560,2816,65536,MSAVI,0.0,65536,,,,
0,patch_2_10,512,768,2560,2816,65536,NDVI,0.0,0,0,0.0,0,0.009808042386020944
0,patch_2_11,512,768,2816,3072,65536,MSAVI,0.0,65536,,,,
0,patch_2_11,512,768,2816,3072,65536,NDVI,0.0,0,0,0.0,0,0.009808042386020944
0,patch_2_12,512,768,3072,3328,65536,MSAVI,0.0,65536,,,,
0,patch_2_12,512,768,3072,3328,65536,NDVI,0.0,0,0,0.0,0,0.009808042386020944
0,patch_2_13,512,768,3328,3584,65536,MSAVI,0.0,65536,,,,
0,patch_2_13,512,768,3328,3584,65536,NDVI,0.0,0,0,0.0,0,0.009808042386020944
0,patch_2_14,512,768,3584,3840,65536,MSAVI,0.0,65536,,,,
0,patch_2_14,512,768,3584,3840,65536,NDVI,0.0,0,0,0.0,0,0.009808042386020944
0,patch_2_15,512,768,3840,4096,65536,MSAVI,0.0,65536,,,,
0,patch_2_15,512,768,3840,4096,65536,NDVI,0.0,0,0,0.0,0,0.009808042386020944
0,patch_2_22,512,768,5632,5888,65492,MSAVI,-0.11328125,39940,,,,
0,patch_2_22,512,768,5632,5888,65492,NDVI,-0.99609375,25596,3603,0.012391152845392772,5908,0.018042628455655296
0,patch_2_23,512,768,5888,6144,65536,MSAVI,-0.23046875,40086,,,,
0,patch_2_23,512,768,5888,6144,65536,NDVI,-0.99609375,25450,9444,0.013374492651769543,10243,0.019519236266024198
0,patch_2_24,512,768,6144,6400,65536,MSAVI,-0.12109375,39139,,,,
0,patch_2_24,512,768,6144,6400,65536,NDVI,-0.99609375,26397,11660,0.013022327372628428,12701,0.019247104519961228
0,patch_2_25,512,768,6400,6656,65536,MSAVI,-0.23046875,37621,,,,
0,patch_2_25,512,768,6400,6656,65536,NDVI,-0.99609375,27915,5463,0.009679659487113024,8927,0.01640858016995428
0,patch_2_26,512,768,6656,6912,65536,MSAVI,-0.01953125,37305,,,,
0,patch_2_26,512,768,6656,6912,65536,NDVI,-0.99609375,28231,8684,0.008828633780985806,12931,0.017096971511342957
0,patch_2_27,512,768,6912,7168,65536,MSAVI,-0.01171875,41561,,,,
0,patch_2_27,512,768,6912,7168,65536,NDVI,-0.99609375,23975,3946,0.014418948131312476,4552,0.019051545235965917
0,patch_2_28,512,768,7168,7424,65536,MSAVI,-0.01953125,44600,,,,
0,patch_2_28,512,768,7168,7424,65536,NDVI,-0.73046875,20924,7876,0.024392305716060964,9005,0.02938977994460168
0,patch_2_29,512,768,7424,7680,65536,MSAVI,0.09765625,46924,,,,
0,patch_2_29,512,768,7424,7680,65536,NDVI,-0.74609375,18312,4584,0.021932237397647714,5160,0.02935707972645618
0,patch_2_30,512,768,7680,7936,65536,MSAVI,-0.05859375,46200,,,,
0,patch_2_30,512,768,7680,7936,65536,NDVI,-0.68359375,19085,6157,0.02084363025465516,7086,0.026845774973526554
0,patch_2_31,512,768,7936,8192,65536,MSAVI,-0.03515625,44262,,,,
0,patch_2_31,512,768,7936,8192,65536,NDVI,-0.75390625,19853,5137,0.020293963717562286,5743,0.025680145086413003
0,patch_2_32,512,768,8192,8448,65536,MSAVI,-0.18359375,40863,,,,
0,patch_2_32,512,768,8192,8448,65536,NDVI,-0.73046875,23890,5508,0.015133750568825682,5772,0.020522751653891197
0,patch_2_33,512,768,8448,8704,65536,MSAVI,-0.13671875,37933,,,,
0,patch_2_33,512,768,8448,8704,65536,NDVI,-0.66796875,27140,12240,0.011298229625959472,14706,0.018458769202334246
0,patch_2_35,512,768,8960,9216,65536,MSAVI,0.0,65536,,,,
0,patch_2_35,512,768,8960,9216,65536,NDVI,0.0,0,0,0.0,0,0.009808042386020944
0,patch_2_36,512,768,9216,9472,65536,MSAVI,0.0,65536,,,,
0,patch_2_36,512,768,9216,9472,65536,NDVI,0.0,0,0,0.0,0,0.009808042386020944
0,patch_2_37,512,768,9472,9728,65536,MSAVI,0.0,65536,,,,
0,patch_2_37,512,768,9472,9728,65536,NDVI,0.0,0,0,0.0,0,0.009808042386020944
0,patch_3_0,768,1024,0,256,65536,MSAVI,0.0,65536,,,,
0,patch_3_0,768,1024,0,256,65536,NDVI,0.0,0,0,0.0,0,0.009808042386020944
0,patch_3_1,768,1024,256,512,65536,MSAVI,0.0,65536,,,,
0,patch_3_1,768,1024,256,512,65536,NDVI,0.0,0,0,0.0,0,0.009808042386020944
0,patch_3_2,768,1024,512,768,65536,MSAVI,0.0,65536,,,,
0,patch_3_2,768,1024,512,768,65536,NDVI,0.0,0,0,0.0,0,0.009808042386020944
0,patch_3_3,768,1024,768,1024,65536,MSAVI,0.0,65536,,,,
0,patch_3_3,768,1024,768,1024,65536,NDVI,0.0,0,0,0.0,0,0.009808042386020944
0,patch_3_4,768,1024,1024,1280,65536,MSAVI,0.0,65536,,,,
0,patch_3_4,768,1024,1024,1280,65536,NDVI,0.0,0,0,0.0,0,0.009808042386020944
0,patch_3_5,768,1024,1280,1536,65536,MSAVI,0.0,65536,,,,
0,patch_3_5,768,1024,1280,1536,65536,NDVI,0.0,0,0,0.0,0,0.009808042386020944
0,patch_3_6,768,1024,1536,1792,65536,MSAVI,0.0,65536,,,,
0,patch_3_6,768,1024,1536,1792,65536,NDVI,0.0,0,0,0.0,0,0.009808042386020944
0,patch_3_7,768,1024,1792,2048,65536,MSAVI,0.0,65536,,,,
0,patch_3_7,768,1024,1792,2048,65536,NDVI,0.0,0,0,0.0,0,0.009808042386020944
0,patch_3_8,768,1024,2048,2304,65536,MSAVI,0.0,65536,,,,
0,patch_3_8,768,1024,2048,2304,65536,NDVI,0.0,0,0,0.0,0,0.009808042386020944
0,patch_3_9,768,1024,2304,2560,65536,MSAVI,0.0,65536,,,,
0,patch_3_9,768,1024,2304,2560,65536,NDVI,0.0,0,0,0.0,0,0.009808042386020944
0,patch_3_10,768,1024,2560,2816,65536,MSAVI,0.0,65536,,,,
0,patch_3_10,768,1024,2560,2816,65536,NDVI,0.0,0,0,0.0,0,0.009808042386020944
0,patch_3_17,768,1024,4352,4608,65536,MSAVI,-0.12890625,49926,,,,
0,patch_3_17,768,1024,4352,4608,65536,NDVI,-0.99609375,15610,1188,0.025799839053445905,1350,0.03195313830456825
0,patch_3_18,768,1024,4608,4864,65536,MSAVI,-0.09765625,45353,,,,
0,patch_3_18,768,1024,4608,4864,65536,NDVI,-0.99609375,20183,6266,0.01695884649765754,6962,0.02676859707169696
0,patch_3_19,768,1024,4864,5120,65536,MSAVI,-0.29296875,47828,,,,
0,patch_3_19,768,1024,4864,5120,65536,NDVI,-0.99609375,17708,4939,0.02523921498265108,5582,0.03041478858849206
0,patch_3_20,768,1024,5120,5376,65536,MSAVI,-0.16015625,45369,,,,
0,patch_3_20,768,1024,5120,5376,65536,NDVI,-0.99609375,20167,3995,0.01626096183604743,4440,0.025856405624835044
0,patch_3_21,768,1024,5376,5632,65536,MSAVI,-0.23828125,42200,,,,
0,patch_3_21,768,1024,5376,5632,65536,NDVI,-0.99609375,23336,3606,0.015199412976165616,5125,0.022524581631923862
0,patch_3_22,768,1024,5632,5888,65536,MSAVI,-0.14453125,41456,,,,
0,patch_3_22,768,1024,5632,5888,65536,NDVI,-0.99609375,24080,9099,0.013960400045262222,11471,0.021752408509345567
0,patch_3_23,768,1024,5888,6144,65536,MSAVI,-0.11328125,42343,,,,
0,patch_3_23,768,1024,5888,6144,65536,NDVI,-0.99609375,23193,4367,0.015576553986124647,5785,0.022993052272165942
0,patch_3_24,768,1024,6144,6400,65536,MSAVI,-0.33984375,38507,,,,
0,patch_3_24,768,1024,6144,6400,65536,NDVI,-0.62890625,27029,14802,0.013732593635808449,16062,0.02125965139885952
0,patch_3_25,768,1024,6400,6656,65536,MSAVI,-0.18359375,39236,,,,
0,patch_3_25,768,1024,6400,6656,65536,NDVI,-0.99609375,26300,7325,0.011423565512613948,9346,0.02009584103113979
0,patch_3_26,768,1024,6656,6912,65536,MSAVI,-0.12890625,40839,,,,
0,patch_3_26,768,1024,6656,6912,65536,NDVI,-0.99609375,24697,4598,0.013676772926507541,6172,0.01839375675158908
0,patch_3_27,768,1024,6912,7168,65536,MSAVI,-0.15234375,42798,,,,
0,patch_3_27,768,1024,6912,7168,65536,NDVI,-0.70703125,22692,6938,0.017770012276497577,7691,0.022986322788727004
0,patch_3_28,768,1024,7168,7424,65536,MSAVI,-0.14453125,46341,,,,
0,patch_3_28,768,1024,7168,7424,65536,NDVI,-0.66015625,19143,5652,0.02219244760273792,6468,0.028178357437920715
0,patch_3_29,768,1024,7424,7680,65536,MSAVI,-0.03515625,42998,,,,
0,patch_3_29,768,1024,7424,7680,65536,NDVI,-0.75390625,22111,6753,0.018275809862859815,6488,0.024307053804025314
0,patch_3_30,768,1024,7680,7936,65536,MSAVI,-0.26171875,40511,,,,
0,patch_3_30,768,1024,7680,7936,65536,NDVI,-0.73046875,23219,13760,0.018007492298409866,14025,0.022873083969293106
0,patch_3_31,768,1024,7936,8192,65536,MSAVI,-0.08203125,42202,,,,
0,patch_3_31,768,1024,7936,8192,65536,NDVI,-0.77734375,22121,7368,0.017179765657158674,7647,0.022821773104409887
0,patch_3_32,768,1024,8192,8448,65536,MSAVI,-0.05078125,37017,,,,
0,patch_3_32,768,1024,8192,8448,65536,NDVI,-0.73046875,28157,3967,0.010174736047577349,6260,0.016230266096393997
0,patch_3_33,768,1024,8448,8704,65536,MSAVI,-0.20703125,36410,,,,
0,patch_3_33,768,1024,8448,8704,65536,NDVI,-0.69921875,28829,3664,0.009252148540185967,5883,0.015137809907082134
0,patch_3_35,768,1024,8960,9216,65536,MSAVI,0.0,65536,,,,
0,patch_3_35,768,1024,8960,9216,65536,NDVI,0.0,0,0,0.0,0,0.009808042386020944
0,patch_3_36,768,1024,9216,9472,65536,MSAVI,0.0,65536,,,,
0,patch_3_36,768,1024,9216,9472,65536,NDVI,0.0,0,0,0.0,0,0.009808042386020944
0,patch_3_37,768,1024,9472,9728,65536,MSAVI,0.0,65536,,,,
0,patch_3_37,768,1024,9472,9728,65536,NDVI,0.0,0,0,0.0,0,0.009808042386020944
0,patch_4_0,1024,1280,0,256,65536,MSAVI,0.0,65536,,,,
0,patch_4_0,1024,1280,0,256,65536,NDVI,0.0,0,0,0.0,0,0.009808042386020944
0,patch_4_1,1024,1280,256,512,65536,MSAVI,0.0,65536,,,,
0,patch_4_1,1024,1280,256,512,65536,NDVI,0.0,0,0,0.0,0,0.009808042386020944
0,patch_4_2,1024,1280,512,768,65536,MSAVI,0.0,65536,,,,
0,patch_4_2,1024,1280,512,768,65536,NDVI,0.0,0,0,0.0,0,0.009808042386020944
0,patch_4_3,1024,1280,768,1024,65536,MSAVI,0.0,65536,,,,
0,patch_4_3,1024,1280,768,1024,65536,NDVI,0.0,0,0,0.0,0,0.009808042386020944
0,patch_4_4,1024,1280,1024,1280,65536,MSAVI,0.0,65536,,,,
0,patch_4_4,1024,1280,1024,1280,65536,NDVI,0.0,0,0,0.0,0,0.009808042386020944
0,patch_4_11,1024,1280,2816,3072,65437,MSAVI,-0.08203125,41826,,,,
0,patch_4_11,1024,1280,2816,3072,65437,NDVI,-0.99609375,23710,12957,0.01571804372738682,13346,0.024103034479449226
0,patch_4_12,1024,1280,3072,3328,65536,MSAVI,-0.05078125,39865,,,,
0,patch_4_12,1024,1280,3072,3328,65536,NDVI,-0.99609375,25671,11768,0.012517112818929518,13656,0.021634546833582152
0,patch_4_13,1024,1280,3328,3584,65536,MSAVI,-0.03515625,41777,,,,
0,patch_4_13,1024,1280,3328,3584,65536,NDVI,-0.99609375,23759,6914,0.015002222983464417,9275,0.022229972075700433
0,patch_4_14,1024,1280,3584,3840,65536,MSAVI,-0.28515625,47225,,,,
0,patch_4_14,1024,1280,3584,3840,65536,NDVI,-0.99609375,18311,6420,0.02840333252743321,6260,0.03057294307974498
0,patch_4_15,1024,1280,3840,4096,65536,MSAVI,-0.15234375,43739,,,,
0,patch_4_15,1024,1280,3840,4096,65536,NDVI,-0.99609375,21797,7882,0.01996161258358925,8090,0.023681655597125623
0,patch_4_16,1024,1280,4096,4352,65536,MSAVI,-0.17578125,47312,,,,
0,patch_4_16,1024,1280,4096,4352,65536,NDVI,-0.99609375,18224,5838,0.02427267695339211,6131,0.030898638685284724
0,patch_4_17,1024,1280,4352,4608,65536,MSAVI,-0.30078125,46013,,,,
0,patch_4_17,1024,1280,4352,4608,65536,NDVI,-0.99609375,19523,5917,0.021464542735950942,5821,0.02769062556275953
0,patch_4_18,1024,1280,4608,4864,65536,MSAVI,-0.22265625,47668,,,,
0,patch_4_18,1024,1280,4608,4864,65536,NDVI,-0.99609375,17868,4470,0.025727099134383313,4512,0.02913329948566193
0,patch_4_19,1024,1280,4864,5120,65536,MSAVI,-0.22265625,45327,,,,
0,patch_4_19,1024,1280,4864,5120,65536,NDVI,-0.74609375,20206,5341,0.021377062003485547,6318,0.027946026321323064
0,patch_4_20,1024,1280,5120,5376,65536,MSAVI,-0.17578125,46101,,,,
0,patch_4_20,1024,1280,5120,5376,65536,NDVI,-0.70703125,19415,6501,0.02308978580645829,6381,0.025989792729734396
0,patch_4_21,1024,1280,5376,5632,65536,MSAVI,-0.24609375,46151,,,,
0,patch_4_21,1024,1280,5376,5632,65536,NDVI,-0.63671875,19384,6142,0.02181323489371559,7334,0.029115112850494895
0,patch_4_22,1024,1280,5632,5888,65536,MSAVI,-0.30078125,47085,,,,
0,patch_4_22,1024,1280,5632,5888,65536,NDVI,-0.99609375,18451,10966,0.022659934830157075,10890,0.028680589562396552
0,patch_4_23,1024,1280,5888,6144,65536,MSAVI,0.01171875,40054,,,,
0,patch_4_23,1024,1280,5888,6144,65536,NDVI,-0.55859375,25481,9616,0.01382359069164435,11751,0.020485847366923993
0,patch_4_24,1024,1280,6144,6400,65536,MSAVI,-0.18359375,43120,,,,
0,patch_4_24,1024,1280,6144,6400,65536,NDVI,-0.62109375,22409,5736,0.01893540911376207,6401,0.024189700242582546
0,patch_4_25,1024,1280,6400,6656,65536,MSAVI,-0.31640625,43696,,,,
0,patch_4_25,1024,1280,6400,6656,65536,NDVI,-0.99609375,21840,5505,0.01740860576789119,6130,0.02247450248971547
0,patch_4_26,1024,1280,6656,6912,65536,MSAVI,-0.07421875,44943,,,,
0,patch_4_26,1024,1280,6656,6912,65536,NDVI,-0.66796875,20592,3854,0.02034680851875717,4577,0.025025794490208003
0,patch_4_27,1024,1280,6912,7168,65536,MSAVI,-0.23828125,44356,,,,
0,patch_4_27,1024,1280,6912,7168,65536,NDVI,-0.66796875,21109,6207,0.018939365974122213,7313,0.024943098066226105
0,patch_4_28,1024,1280,7168,7424,65536,MSAVI,-0.22265625,53697,,,,
0,patch_4_28,1024,1280,7168,7424,65536,NDVI,-0.69140625,11493,4324,0.035506372761019755,65536,0.04036381818417489
0,patch_4_29,1024,1280,7424,7680,65536,MSAVI,-0.12890625,45463,,,,
0,patch_4_29,1024,1280,7424,7680,65536,NDVI,-0.63671875,13100,8903,0.022878326005156713,65536,0.02706093871264975
0,patch_4_30,1024,1280,7680,7936,65536,MSAVI,0.13671875,41466,,,,
0,patch_4_30,1024,1280,7680,7936,65536,NDVI,-0.72265625,23672,12294,0.01746150736323114,13856,0.023378593879526094
0,patch_4_31,1024,1280,7936,8192,65536,MSAVI,-0.18359375,44275,,,,
0,patch_4_31,1024,1280,7936,8192,65536,NDVI,-0.70703125,20695,11328,0.019773965814692665,12122,0.027441120793679663
0,patch_4_32,1024,1280,8192,8448,65536,MSAVI,-0.01171875,37360,,,,
0,patch_4_32,1024,1280,8192,8448,65536,NDVI,-0.70703125,25920,7925,0.01061905298612062,9598,0.01728377618331023
0,patch_4_33,1024,1280,8448,8704,65536,MSAVI,0.00390625,34489,,,,
0,patch_4_33,1024,1280,8448,8704,65536,NDVI,-0.68359375,26653,2589,0.006084397396657365,7334,0.013167908151769464
0,patch_4_36,1024,1280,9216,9472,65536,MSAVI,0.0,65536,,,,
0,patch_4_36,1024,1280,9216,9472,65536,NDVI,0.0,0,0,0.0,0,0.009808042386020944
0,patch_4_37,1024,1280,9472,9728,65536,MSAVI,0.0,65536,,,,
0,patch_4_37,1024,1280,9472,9728,65536,NDVI,0.0,0,0,0.0,0,0.009808042386020944
0,patch_5_0,1280,1536,0,256,65536,MSAVI,0.0,65536,,,,
0,patch_5_0,1280,1536,0,256,65536,NDVI,0.0,0,0,0.0,0,0.009808042386020944
0,patch_5_1,1280,1536,256,512,65536,MSAVI,0.0,65536,,,,
0,patch_5_1,1280,1536,256,512,65536,NDVI,0.0,0,0,0.0,0,0.009808042386020944
0,patch_5_6,1280,1536,1536,1792,65536,MSAVI,-0.13671875,41223,,,,
0,patch_5_6,1280,1536,1536,1792,65536,NDVI,-0.99609375,24313,2285,0.01061104308897265,3512,0.018153492812094746
0,patch_5_7,1280,1536,1792,2048,65536,MSAVI,-0.18359375,39761,,,,
0,patch_5_7,1280,1536,1792,2048,65536,NDVI,-0.99609375,25775,4518,0.012099816330080698,5113,0.017356426923733126
0,patch_5_8,1280,1536,2048,2304,65536,MSAVI,-0.27734375,44774,,,,
0,patch_5_8,1280,1536,2048,2304,65536,NDVI,-0.54296875,20762,10773,0.02117098879722526,10205,0.02536598582206842
0,patch_5_9,1280,1536,2304,2560,65536,MSAVI,-0.30859375,49658,,,,
0,patch_5_9,1280,1536,2304,2560,65536,NDVI,-0.99609375,15878,2763,0.027445093265885817,3085,0.030254510371609367
0,patch_5_10,1280,1536,2560,2816,65536,MSAVI,-0.24609375,44511,,,,
0,patch_5_10,1280,1536,2560,2816,65536,NDVI,-0.99609375,21025,4075,0.01837191107608463,4687,0.02433194795826571
0,patch_5_11,1280,1536,2816,3072,65536,MSAVI,-0.33203125,46309,,,,
0,patch_5_11,1280,1536,2816,3072,65536,NDVI,-0.99609375,19227,6796,0.022973270816996932,7454,0.028101401056531694
0,patch_5_12,1280,1536,3072,3328,65536,MSAVI,-0.35546875,44897,,,,
0,patch_5_12,1280,1536,3072,3328,65536,NDVI,-0.55078125,20633,10234,0.01856655657669118,10096,0.025421387814128393
0,patch_5_13,1280,1536,3328,3584,65536,MSAVI,-0.16796875,42160,,,,
0,patch_5_13,1280,1536,3328,3584,65536,NDVI,-0.99609375,23376,5796,0.01494349353632024,7760,0.019978369174330823
0,patch_5_14,1280,1536,3584,3840,65536,MSAVI,-0.33984375,44804,,,,
0,patch_5_14,1280,1536,3584,3840,65536,NDVI,-0.99609375,20732,4439,0.021516310447044606,5645,0.026392549444744756
0,patch_5_15,1280,1536,3840,4096,65536,MSAVI,-0.44921875,51253,,,,
0,patch_5_15,1280,1536,3840,4096,65536,NDVI,-0.60546875,14283,6951,0.03281306541382517,7316,0.036606314107624216
0,patch_5_16,1280,1536,4096,4352,65536,MSAVI,-0.07421875,48303,,,,
0,patch_5_16,1280,1536,4096,4352,65536,NDVI,-0.67578125,17233,3730,0.02468092961934218,4163,0.028409889469559524
0,patch_5_17,1280,1536,4352,4608,65536,MSAVI,-0.22265625,45633,,,,
0,patch_5_17,1280,1536,4352,4608,65536,NDVI,-0.99609375,19903,8567,0.023174443741156486,9113,0.030963589269629027
0,patch_5_18,1280,1536,4608,4864,65536,MSAVI,-0.05078125,47854,,,,
0,patch_5_18,1280,1536,4608,4864,65536,NDVI,-0.99609375,17682,2853,0.023931748609957892,2975,0.02858829906315738
0,patch_5_19,1280,1536,4864,5120,65536,MSAVI,-0.00390625,48236,,,,
0,patch_5_19,1280,1536,4864,5120,65536,NDVI,-0.99609375,17300,2551,0.024913098086872948,3063,0.03012554901711345
0,patch_5_20,1280,1536,5120,5376,65536,MSAVI,-0.00390625,46279,,,,
0,patch_5_20,1280,1536,5120,5376,65536,NDVI,-0.60546875,19256,5769,0.02180036078569539,6683,0.02673943787072386
0,patch_5_21,1280,1536,5376,5632,65536,MSAVI,0.12109375,46517,,,,
0,patch_5_21,1280,1536,5376,5632,65536,NDVI,-0.62109375,19018,4036,0.02229268836863596,4601,0.027315035619218192
0,patch_5_22,1280,1536,5632,5888,65536,MSAVI,-0.18359375,41691,,,,
0,patch_5_22,1280,1536,5632,5888,65536,NDVI,-0.99609375,23845,8530,0.013882753087122002,9497,0.019786504135290317
0,patch_5_23,1280,1536,5888,6144,65536,MSAVI,-0.30078125,42758,,,,
0,patch_5_23,1280,1536,5888,6144,65536,NDVI,-0.99609375,22778,9208,0.01759353359562338,10394,0.02441379958079673
0,patch_5_24,1280,1536,6144,6400,65536,MSAVI,-0.12890625,43219,,,,
0,patch_5_24,1280,1536,6144,6400,65536,NDVI,-0.62890625,22296,7396,0.015891425947242827,9255,0.022721866990907003
0,patch_5_25,1280,1536,6400,6656,65536,MSAVI,-0.06640625,40024,,,,
0,patch_5_25,1280,1536,6400,6656,65536,NDVI,-0.99609375,25512,9541,0.013337987590701622,10736,0.02007645783021972
0,patch_5_26,1280,1536,6656,6912,65536,MSAVI,-0.08203125,48205,,,,
0,patch_5_26,1280,1536,6656,6912,65536,NDVI,-0.59765625,17323,1870,0.022981262648756023,2104,0.027040938874809073
0,patch_5_27,1280,1536,6912,7168,65536,MSAVI,-0.21484375,46964,,,,
0,patch_5_27,1280,1536,6912,7168,65536,NDVI,-0.75390625,18350,3174,0.02132512352274321,4317,0.025118612291890524
0,patch_5_28,1280,1536,7168,7424,65536,MSAVI,-0.14453125,45076,,,,
0,patch_5_28,1280,1536,7168,7424,65536,NDVI,-0.69921875,20370,6899,0.020222204235002733,65487,0.025794206225582123
0,patch_5_29,1280,1536,7424,7680,65536,MSAVI,0.04296875,41325,,,,
0,patch_5_29,1280,1536,7424,7680,65536,NDVI,-0.71484375,21029,5458,0.014652854421255607,6699,0.020961730201539602
0,patch_5_30,1280,1536,7680,7936,65536,MSAVI,-0.24609375,44671,,,,
0,patch_5_30,1280,1536,7680,7936,65536,NDVI,-0.66796875,20148,6423,0.02030370590362504,7287,0.025541153717373505
0,patch_5_31,1280,1536,7936,8192,65536,MSAVI,-0.28515625,38719,,,,
0,patch_5_31,1280,1536,7936,8192,65536,NDVI,-0.74609375,21047,10314,0.01568333587459053,12115,0.022112130223309878
0,patch_5_32,1280,1536,8192,8448,65536,MSAVI,-0.19921875,38484,,,,
0,patch_5_32,1280,1536,8192,8448,65536,NDVI,-0.69921875,16514,14487,0.02064468850597445,16456,0.026707276910436006
0,patch_5_33,1280,1536,8448,8704,65536,MSAVI,-0.04296875,35302,,,,
0,patch_5_33,1280,1536,8448,8704,65536,NDVI,-0.71484375,21666,8812,0.008182716193248563,10516,0.013847956553819485
0,patch_5_34,1280,1536,8704,8960,65536,MSAVI,-0.00390625,37253,,,,
0,patch_5_34,1280,1536,8704,8960,65536,NDVI,-0.66796875,26714,6121,0.009902232571037645,7920,0.014626905890429753
0,patch_5_36,1280,1536,9216,9472,65536,MSAVI,0.0,65536,,,,
0,patch_5_36,1280,1536,9216,9472,65536,NDVI,0.0,0,0,0.0,0,0.009808042386020944
0,patch_5_37,1280,1536,9472,9728,65536,MSAVI,0.0,65536,,,,
0,patch_5_37,1280,1536,9472,9728,65536,NDVI,0.0,0,0,0.0,0,0.009808042386020944
0,patch_6_0,1536,1792,0,256,65536,MSAVI,0.0,65536,,,,
0,patch_6_0,1536,1792,0,256,65536,NDVI,0.0,0,0,0.0,0,0.009808042386020944
0,patch_6_3,1536,1792,768,1024,65536,MSAVI,-0.33203125,43327,,,,
0,patch_6_3,1536,1792,768,1024,65536,NDVI,-0.99609375,22209,5455,0.01684950921895917,6982,0.021483137086054455
0,patch_6_4,1536,1792,1024,1280,65536,MSAVI,-0.24609375,39464,,,,
0,patch_6_4,1536,1792,1024,1280,65536,NDVI,-0.99609375,26072,10062,0.014312613029672822,12735,0.02107477182689102
0,patch_6_5,1536,1792,1280,1536,65536,MSAVI,-0.17578125,42370,,,,
0,patch_6_5,1536,1792,1280,1536,65536,NDVI,-0.99609375,23166,3906,0.015607734260770223,4553,0.019983661391533708
0,patch_6_6,1536,1792,1536,1792,65536,MSAVI,-0.16796875,39949,,,,
0,patch_6_6,1536,1792,1536,1792,65536,NDVI,-0.99609375,25587,1150,0.010875654556842584,3159,0.01661159265905121
0,patch_6_7,1536,1792,1792,2048,65536,MSAVI,-0.04296875,40973,,,,
0,patch_6_7,1536,1792,1792,2048,65536,NDVI,-0.99609375,24563,2696,0.011382799062596871,4252,0.017559160933782014
0,patch_6_8,1536,1792,2048,2304,65536,MSAVI,-0.04296875,45716,,,,
0,patch_6_8,1536,1792,2048,2304,65536,NDVI,-0.99609375,19820,1985,0.020019720067890406,2369,0.023648712429242852
0,patch_6_9,1536,1792,2304,2560,65536,MSAVI,-0.31640625,44222,,,,
0,patch_6_9,1536,1792,2304,2560,65536,NDVI,-0.99609375,21314,4696,0.019594863082807168,4960,0.02430973751119339
0,patch_6_10,1536,1792,2560,2816,65536,MSAVI,-0.28515625,46124,,,,
0,patch_6_10,1536,1792,2560,2816,65536,NDVI,-0.99609375,19412,4538,0.020061193018758597,4277,0.023943175202997075
0,patch_6_11,1536,1792,2816,3072,65536,MSAVI,-0.25390625,40930,,,,
0,patch_6_11,1536,1792,2816,3072,65536,NDVI,-0.99609375,24606,4970,0.012116778443827483,7002,0.01790250116993239
0,patch_6_12,1536,1792,3072,3328,65536,MSAVI,-0.19140625,45548,,,,
0,patch_6_12,1536,1792,3072,3328,65536,NDVI,-0.58203125,19984,4576,0.020974077212228576,4681,0.02190268996516112
0,patch_6_13,1536,1792,3328,3584,65536,MSAVI,-0.30078125,43211,,,,
0,patch_6_13,1536,1792,3328,3584,65536,NDVI,-0.99609375,22325,4712,0.018366726250364063,5638,0.022233205471455547
0,patch_6_14,1536,1792,3584,3840,65536,MSAVI,-0.26953125,47363,,,,
0,patch_6_14,1536,1792,3584,3840,65536,NDVI,-0.60546875,18147,9522,0.025187255913452694,9826,0.030097152831654317
0,patch_6_15,1536,1792,3840,4096,65536,MSAVI,-0.13671875,49966,,,,
0,patch_6_15,1536,1792,3840,4096,65536,NDVI,-0.99609375,15570,3750,0.029113271764748677,4136,0.032769751649941864
0,patch_6_16,1536,1792,4096,4352,65536,MSAVI,-0.21484375,47846,,,,
0,patch_6_16,1536,1792,4096,4352,65536,NDVI,-0.99609375,17690,5431,0.025584203943219336,6702,0.031323807450095276
0,patch_6_17,1536,1792,4352,4608,65536,MSAVI,-0.14453125,47194,,,,
0,patch_6_17,1536,1792,4352,4608,65536,NDVI,-0.65234375,18333,8574,0.02501971229162217,7739,0.0283078050098077
0,patch_6_18,1536,1792,4608,4864,65536,MSAVI,0.01953125,49005,,,,
0,patch_6_18,1536,1792,4608,4864,65536,NDVI,-0.99609375,16531,4242,0.027214402469946414,4909,0.031730554105446646
0,patch_6_19,1536,1792,4864,5120,65536,MSAVI,-0.15234375,48779,,,,
0,patch_6_19,1536,1792,4864,5120,65536,NDVI,-0.62109375,16665,7995,0.025265908364504985,7546,0.0319821135844105
0,patch_6_20,1536,1792,5120,5376,65536,MSAVI,-0.25390625,49094,,,,
0,patch_6_20,1536,1792,5120,5376,65536,NDVI,-0.59765625,16002,9554,0.0270286327944341,8977,0.029373849571010968
0,patch_6_21,1536,1792,5376,5632,65536,MSAVI,-0.27734375,44099,,,,
0,patch_6_21,1536,1792,5376,5632,65536,NDVI,-0.62890625,21427,3504,0.016982967177993552,4501,0.02081251598432532
0,patch_6_22,1536,1792,5632,5888,65536,MSAVI,-0.12109375,37933,,,,
0,patch_6_22,1536,1792,5632,5888,65536,NDVI,-0.99609375,27603,3629,0.008626235339471627,4881,0.01479093919596075
0,patch_6_23,1536,1792,5888,6144,65536,MSAVI,-0.14453125,39103,,,,
0,patch_6_23,1536,1792,5888,6144,65536,NDVI,-0.99609375,26433,4906,0.009095716280343932,8408,0.017238637521254596
0,patch_6_24,1536,1792,6144,6400,65536,MSAVI,-0.15234375,40788,,,,
0,patch_6_24,1536,1792,6144,6400,65536,NDVI,-0.51953125,24667,12983,0.013665314283681895,11810,0.020794728146133173
0,patch_6_25,1536,1792,6400,6656,65536,MSAVI,-0.29296875,44134,,,,
0,patch_6_25,1536,1792,6400,6656,65536,NDVI,-0.64453125,21401,5447,0.019180894670625906,5793,0.02457350846165121
0,patch_6_26,1536,1792,6656,6912,65536,MSAVI,-0.20703125,46115,,,,
0,patch_6_26,1536,1792,6656,6912,65536,NDVI,-0.68359375,19352,4204,0.02209892325308746,4869,0.025500248098049766
0,patch_6_27,1536,1792,6912,7168,65536,MSAVI,-0.05859375,44960,,,,
0,patch_6_27,1536,1792,6912,7168,65536,NDVI,-0.68359375,20430,3881,0.01685102917242104,5681,0.025479805880768702
0,patch_6_28,1536,1792,7168,7424,65536,MSAVI,-0.09765625,46025,,,,
0,patch_6_28,1536,1792,7168,7424,65536,NDVI,-0.73828125,19507,5716,0.02093816708324195,5834,0.026299103566483656
0,patch_6_29,1536,1792,7424,7680,65536,MSAVI,-0.24609375,39455,,,,
0,patch_6_29,1536,1792,7424,7680,65536,NDVI,-0.73046875,19586,4732,0.013359637453525891,6805,0.019372732775125856
0,patch_6_30,1536,1792,7680,7936,65536,MSAVI,-0.09765625,41428,,,,
0,patch_6_30,1536,1792,7680,7936,65536,NDVI,-0.77734375,20028,4097,0.015214010570745451,5311,0.01949416322555464
0,patch_6_31,1536,1792,7936,8192,65536,MSAVI,-0.04296875,39669,,,,
0,patch_6_31,1536,1792,7936,8192,65536,NDVI,-0.76171875,21445,5237,0.012233715071583745,6838,0.018628373035614404
0,patch_6_32,1536,1792,8192,8448,65536,MSAVI,-0.33984375,43178,,,,
0,patch_6_32,1536,1792,8192,8448,65536,NDVI,-0.75390625,11985,8571,0.021136648738024566,9153,0.026805575495448736
0,patch_6_33,1536,1792,8448,8704,65536,MSAVI,-0.08203125,34008,,,,
0,patch_6_33,1536,1792,8448,8704,65536,NDVI,-0.67578125,20772,12961,0.005435598788827906,19077,0.014845332587705179
0,patch_6_34,1536,1792,8704,8960,65536,MSAVI,-0.05859375,35246,,,,
0,patch_6_34,1536,1792,8704,8960,65536,NDVI,-0.68359375,18667,8222,0.006006172573810198,11875,0.012567800869837858
0,patch_6_36,1536,1792,9216,9472,65536,MSAVI,0.0,65536,,,,
0,patch_6_36,1536,1792,9216,9472,65536,NDVI,0.0,0,0,0.0,0,0.009808042386020944
0,patch_6_37,1536,1792,9472,9728,65536,MSAVI,0.0,65536,,,,
0,patch_6_37,1536,1792,9472,9728,65536,NDVI,0.0,0,0,0.0,0,0.009808042386020944
0,patch_7_0,1792,2048,0,256,65536,MSAVI,0.0,65536,,,,
0,patch_7_0,1792,2048,0,256,65536,NDVI,0.0,0,0,0.0,0,0.009808042386020944
0,patch_7_2,1792,2048,512,768,65536,MSAVI,-0.26171875,39131,,,,
0,patch_7_2,1792,2048,512,768,65536,NDVI,-0.99609375,26405,4242,0.008825892007606556,6726,0.01583022432229697
0,patch_7_3,1792,2048,768,1024,65536,MSAVI,-0.09765625,38605,,,,
0,patch_7_3,1792,2048,768,1024,65536,NDVI,-0.99609375,26931,7887,0.010784479134933467,9507,0.017212953106025303
0,patch_7_4,1792,2048,1024,1280,65536,MSAVI,-0.21484375,42336,,,,
0,patch_7_4,1792,2048,1024,1280,65536,NDVI,-0.99609375,23200,7666,0.01585572892514167,9431,0.024140211307939058
0,patch_7_5,1792,2048,1280,1536,65536,MSAVI,-0.01953125,43781,,,,
0,patch_7_5,1792,2048,1280,1536,65536,NDVI,-0.99609375,21755,6170,0.01779123192759824,6286,0.021428371503551813
0,patch_7_6,1792,2048,1536,1792,65536,MSAVI,-0.08984375,41931,,,,
0,patch_7_6,1792,2048,1536,1792,65536,NDVI,-0.99609375,23605,1661,0.013982343731555907,3209,0.01930997016341643
0,patch_7_7,1792,2048,1792,2048,65536,MSAVI,-0.19140625,38898,,,,
0,patch_7_7,1792,2048,1792,2048,65536,NDVI,-0.63671875,26625,5003,0.009463954761600418,7409,0.01593125837533363
0,patch_7_8,1792,2048,2048,2304,65536,MSAVI,-0.17578125,44154,,,,
0,patch_7_8,1792,2048,2048,2304,65536,NDVI,-0.99609375,21382,2574,0.017659596053921367,3181,0.023722690688470383
0,patch_7_9,1792,2048,2304,2560,65536,MSAVI,-0.12109375,46507,,,,
0,patch_7_9,1792,2048,2304,2560,65536,NDVI,-0.99609375,19029,2658,0.02268774554233169,2956,0.024224109242976632
0,patch_7_10,1792,2048,2560,2816,65536,MSAVI,-0.19140625,42510,,,,
0,patch_7_10,1792,2048,2560,2816,65536,NDVI,-0.99609375,23026,6087,0.014024140617857242,6761,0.019667539715733928
0,patch_7_11,1792,2048,2816,3072,65536,MSAVI,-0.19921875,45964,,,,
0,patch_7_11,1792,2048,2816,3072,65536,NDVI,-0.99609375,19572,6864,0.018415602105215922,7275,0.024929213295945718
0,patch_7_12,1792,2048,3072,3328,65536,MSAVI,-0.23046875,42829,,,,
0,patch_7_12,1792,2048,3072,3328,65536,NDVI,-0.99609375,22707,2747,0.014433888339041093,3286,0.02141473955821238
0,patch_7_13,1792,2048,3328,3584,65536,MSAVI,-0.20703125,40643,,,,
0,patch_7_13,1792,2048,3328,3584,65536,NDVI,-0.99609375,24893,5530,0.011644385088494358,8674,0.01860778934473295
0,patch_7_14,1792,2048,3584,3840,65536,MSAVI,-0.18359375,43312,,,,
0,patch_7_14,1792,2048,3584,3840,65536,NDVI,-0.99609375,22224,6647,0.01865809091856238,8158,0.023698354169030628
0,patch_7_15,1792,2048,3840,4096,65536,MSAVI,-0.13671875,44343,,,,
0,patch_7_15,1792,2048,3840,4096,65536,NDVI,-0.99609375,21193,14688,0.02357944813079338,15004,0.03010050870723749
0,patch_7_16,1792,2048,4096,4352,65536,MSAVI,-0.05859375,39816,,,,
0,patch_7_16,1792,2048,4096,4352,65536,NDVI,-0.70703125,25704,14838,0.015260598308896728,17006,0.023391049765651345
0,patch_7_17,1792,2048,4352,4608,65536,MSAVI,-0.23828125,44066,,,,
0,patch_7_17,1792,2048,4352,4608,65536,NDVI,-0.62890625,21470,4604,0.018940251627377364,5805,0.02575623258680587
0,patch_7_18,1792,2048,4608,4864,65536,MSAVI,-0.24609375,44004,,,,
0,patch_7_18,1792,2048,4608,4864,65536,NDVI,-0.99609375,21532,9946,0.022315218219924438,11368,0.028926279642735586
0,patch_7_19,1792,2048,4864,5120,65536,MSAVI,-0.25390625,43021,,,,
0,patch_7_19,1792,2048,4864,5120,65536,NDVI,-0.99609375,22515,7997,0.018510787470736645,8736,0.022801015542182668
0,patch_7_20,1792,2048,5120,5376,65536,MSAVI,-0.30078125,44768,,,,
0,patch_7_20,1792,2048,5120,5376,65536,NDVI,-0.99609375,20768,4682,0.01855064628896,4964,0.02436665224309481
0,patch_7_21,1792,2048,5376,5632,65536,MSAVI,-0.13671875,43872,,,,
0,patch_7_21,1792,2048,5376,5632,65536,NDVI,-0.99609375,21664,3180,0.01635709873521546,4091,0.022331731058914783
0,patch_7_22,1792,2048,5632,5888,65536,MSAVI,-0.28515625,42793,,,,
0,patch_7_22,1792,2048,5632,5888,65536,NDVI,-0.55078125,22728,9832,0.01594405708521178,9703,0.024425885608846565
0,patch_7_23,1792,2048,5888,6144,65536,MSAVI,-0.23828125,38701,,,,
0,patch_7_23,1792,2048,5888,6144,65536,NDVI,-0.55078125,26834,5627,0.009046880326400886,8840,0.014602697106158719
0,patch_7_24,1792,2048,6144,6400,65536,MSAVI,-0.23046875,37491,,,,
0,patch_7_24,1792,2048,6144,6400,65536,NDVI,-0.55859375,28025,10086,0.00982776632507365,13562,0.018813154757874928
0,patch_7_25,1792,2048,6400,6656,65536,MSAVI,-0.19921875,46279,,,,
0,patch_7_25,1792,2048,6400,6656,65536,NDVI,-0.61328125,19213,5707,0.024901104600158208,5180,0.028083407720084747
0,patch_7_26,1792,2048,6656,6912,65536,MSAVI,-0.01171875,46595,,,,
0,patch_7_26,1792,2048,6656,6912,65536,NDVI,-0.67578125,17417,7654,0.024085828718141328,8101,0.029000080183626015
0,patch_7_27,1792,2048,6912,7168,65536,MSAVI,-0.12109375,43596,,,,
0,patch_7_27,1792,2048,6912,7168,65536,NDVI,-0.69140625,21250,4529,0.016402818684063403,5034,0.020773690792891514
0,patch_7_28,1792,2048,7168,7424,65536,MSAVI,-0.19140625,46829,,,,
0,patch_7_28,1792,2048,7168,7424,65536,NDVI,-0.69140625,18689,4331,0.024172253763148827,4651,0.029536541780764702
0,patch_7_29,1792,2048,7424,7680,65536,MSAVI,-0.38671875,44691,,,,
0,patch_7_29,1792,2048,7424,7680,65536,NDVI,-0.77734375,18887,7987,0.020515071683373687,8586,0.026628647529678445
0,patch_7_30,1792,2048,7680,7936,65536,MSAVI,-0.20703125,42704,,,,
0,patch_7_30,1792,2048,7680,7936,65536,NDVI,-0.76953125,18014,5384,0.017370448597302218,6046,0.022385069293965665
0,patch_7_31,1792,2048,7936,8192,65536,MSAVI,-0.12109375,44576,,,,
0,patch_7_31,1792,2048,7936,8192,65536,NDVI,-0.73046875,18541,8682,0.022397689732014642,8636,0.02694146890920493
0,patch_7_32,1792,2048,8192,8448,65536,MSAVI,-0.22265625,42650,,,,
0,patch_7_32,1792,2048,8192,8448,65536,NDVI,-0.75390625,16654,8431,0.01949958454122705,8664,0.023931895823792265
0,patch_7_33,1792,2048,8448,8704,65536,MSAVI,-0.18359375,39187,,,,
0,patch_7_33,1792,2048,8448,8704,65536,NDVI,-0.66796875,18193,5109,0.01332142020103605,6266,0.019044310040428364
0,patch_7_34,1792,2048,8704,8960,65536,MSAVI,-0.19140625,40543,,,,
0,patch_7_34,1792,2048,8704,8960,65536,NDVI,-0.66796875,19361,11992,0.017098516800112762,13612,0.024066013596497432
0,patch_7_36,1792,2048,9216,9472,65536,MSAVI,0.0,65536,,,,
0,patch_7_36,1792,2048,9216,9472,65536,NDVI,0.0,0,0,0.0,0,0.009808042386020944
0,patch_7_37,1792,2048,9472,9728,65536,MSAVI,0.0,65536,,,,
0,patch_7_37,1792,2048,9472,9728,65536,NDVI,0.0,0,0,0.0,0,0.009808042386020944
0,patch_8_2,2048,2304,512,768,65536,MSAVI,-0.10546875,41719,,,,
0,patch_8_2,2048,2304,512,768,65536,NDVI,-0.99609375,23817,3830,0.014809677645023334,4751,0.01942476657736983
0,patch_8_3,2048,2304,768,1024,65536,MSAVI,-0.19140625,39964,,,,
0,patch_8_3,2048,2304,768,1024,65536,NDVI,-0.99609375,25572,3998,0.010724415186715103,6021,0.017982496959639382
0,patch_8_4,2048,2304,1024,1280,65536,MSAVI,-0.24609375,42148,,,,
0,patch_8_4,2048,2304,1024,1280,65536,NDVI,-0.99609375,23388,3063,0.014911244785126038,5048,0.019530320357495856
0,patch_8_5,2048,2304,1280,1536,65536,MSAVI,-0.17578125,40471,,,,
0,patch_8_5,2048,2304,1280,1536,65536,NDVI,-0.99609375,25065,7341,0.0134515649075376,9831,0.018527992082911088
0,patch_8_6,2048,2304,1536,1792,65536,MSAVI,-0.16796875,39970,,,,
0,patch_8_6,2048,2304,1536,1792,65536,NDVI,-0.58203125,25566,5446,0.010975386174443241,6805,0.017042535210564702
0,patch_8_7,2048,2304,1792,2048,65536,MSAVI,-0.04296875,40103,,,,
0,patch_8_7,2048,2304,1792,2048,65536,NDVI,-0.62890625,25431,4119,0.011109268396056998,6166,0.017472744326804596
0,patch_8_8,2048,2304,2048,2304,65536,MSAVI,-0.16796875,39770,,,,
0,patch_8_8,2048,2304,2048,2304,65536,NDVI,-0.99609375,25766,6831,0.010888994194613852,9463,0.01902242627310649
0,patch_8_9,2048,2304,2304,2560,65536,MSAVI,-0.33203125,43434,,,,
0,patch_8_9,2048,2304,2304,2560,65536,NDVI,-0.99609375,22102,4869,0.017060866767055205,5736,0.020982623287785385
0,patch_8_10,2048,2304,2560,2816,65536,MSAVI,-0.01171875,42990,,,,
0,patch_8_10,2048,2304,2560,2816,65536,NDVI,-0.99609375,22546,2694,0.013692365052976024,3949,0.01958301800357884
0,patch_8_11,2048,2304,2816,3072,65536,MSAVI,-0.14453125,39889,,,,
0,patch_8_11,2048,2304,2816,3072,65536,NDVI,-0.99609375,25647,5103,0.008565071832023347,6516,0.016524307917235054
0,patch_8_12,2048,2304,3072,3328,65536,MSAVI,-0.13671875,39323,,,,
0,patch_8_12,2048,2304,3072,3328,65536,NDVI,-0.99609375,26213,5381,0.009586269244495418,7450,0.01569781370623649
0,patch_8_13,2048,2304,3328,3584,65536,MSAVI,-0.11328125,42826,,,,
0,patch_8_13,2048,2304,3328,3584,65536,NDVI,-0.57421875,22710,4324,0.013161389155458489,5500,0.019870343720365558
0,patch_8_14,2048,2304,3584,3840,65536,MSAVI,-0.24609375,41870,,,,
0,patch_8_14,2048,2304,3584,3840,65536,NDVI,-0.99609375,23666,10561,0.016493724061268228,11329,0.022873951353773903
0,patch_8_15,2048,2304,3840,4096,65536,MSAVI,-0.20703125,43100,,,,
0,patch_8_15,2048,2304,3840,4096,65536,NDVI,-0.54296875,22380,13666,0.017941709662811375,14580,0.02535992804833201
0,patch_8_16,2048,2304,4096,4352,65536,MSAVI,-0.31640625,43428,,,,
0,patch_8_16,2048,2304,4096,4352,65536,NDVI,-0.61328125,22108,6197,0.018510450852315258,7389,0.023670689236613307
0,patch_8_17,2048,2304,4352,4608,65536,MSAVI,-0.27734375,42540,,,,
0,patch_8_17,2048,2304,4352,4608,65536,NDVI,-0.99609375,22996,3025,0.016407918897077878,3306,0.02045954461361324
0,patch_8_18,2048,2304,4608,4864,65536,MSAVI,-0.25390625,42221,,,,
0,patch_8_18,2048,2304,4608,4864,65536,NDVI,-0.99609375,23315,6328,0.017421404588722295,8106,0.02286353910272071
0,patch_8_19,2048,2304,4864,5120,65536,MSAVI,-0.22265625,42613,,,,
0,patch_8_19,2048,2304,4864,5120,65536,NDVI,-0.99609375,22923,9740,0.01940241589803751,10948,0.025016844253135523
0,patch_8_20,2048,2304,5120,5376,65536,MSAVI,-0.22265625,45612,,,,
0,patch_8_20,2048,2304,5120,5376,65536,NDVI,-0.99609375,19924,5691,0.021390007711306613,6754,0.02655407041953811
0,patch_8_21,2048,2304,5376,5632,65536,MSAVI,-0.15234375,39129,,,,
0,patch_8_21,2048,2304,5376,5632,65536,NDVI,-0.64453125,26398,8906,0.01072580759069966,12602,0.019476753472180752
0,patch_8_22,2048,2304,5632,5888,65536,MSAVI,-0.08984375,40467,,,,
0,patch_8_22,2048,2304,5632,5888,65536,NDVI,-0.64453125,25069,6391,0.013771655746772388,8150,0.01831191668188592
0,patch_8_23,2048,2304,5888,6144,65536,MSAVI,-0.23046875,45365,,,,
0,patch_8_23,2048,2304,5888,6144,65536,NDVI,-0.59765625,20154,12088,0.02332774618531616,12245,0.02909241283899114
0,patch_8_24,2048,2304,6144,6400,65536,MSAVI,-0.27734375,41173,,,,
0,patch_8_24,2048,2304,6144,6400,65536,NDVI,-0.66796875,24357,8540,0.01633891246181632,9756,0.019134999995878837
0,patch_8_25,2048,2304,6400,6656,65536,MSAVI,-0.05078125,41340,,,,
0,patch_8_25,2048,2304,6400,6656,65536,NDVI,-0.57421875,24195,3357,0.01204844409740291,4679,0.01762678080751845
0,patch_8_26,2048,2304,6656,6912,65536,MSAVI,-0.26171875,46960,,,,
0,patch_8_26,2048,2304,6656,6912,65536,NDVI,-0.99609375,18576,2401,0.0242702434738665,3096,0.029418335895632475
0,patch_8_27,2048,2304,6912,7168,65536,MSAVI,-0.07421875,39787,,,,
0,patch_8_27,2048,2304,6912,7168,65536,NDVI,-0.72265625,25270,7264,0.011286681967379558,10559,0.0204890318348655
0,patch_8_28,2048,2304,7168,7424,65536,MSAVI,-0.07421875,41871,,,,
0,patch_8_28,2048,2304,7168,7424,65536,NDVI,-0.68359375,23067,7196,0.01641986557656161,9492,0.023471890234217613
0,patch_8_29,2048,2304,7424,7680,65536,MSAVI,-0.16796875,48429,,,,
0,patch_8_29,2048,2304,7424,7680,65536,NDVI,-0.69921875,17043,4319,0.02836191182366221,5027,0.0321622307451305
0,patch_8_30,2048,2304,7680,7936,65536,MSAVI,-0.39453125,43211,,,,
0,patch_8_30,2048,2304,7680,7936,65536,NDVI,-0.78515625,22216,8300,0.019745484260590113,9185,0.024695915839491656
0,patch_8_31,2048,2304,7936,8192,65536,MSAVI,-0.04296875,40661,,,,
0,patch_8_31,2048,2304,7936,8192,65536,NDVI,-0.75390625,20877,4079,0.014793960840417064,5387,0.019387331758665943
0,patch_8_32,2048,2304,8192,8448,65536,MSAVI,-0.12890625,37688,,,,
0,patch_8_32,2048,2304,8192,8448,65536,NDVI,-0.73828125,27048,4284,0.00980622149844318,5413,0.014627630139927655
0,patch_8_33,2048,2304,8448,8704,65536,MSAVI,-0.05859375,37270,,,,
0,patch_8_33,2048,2304,8448,8704,65536,NDVI,-0.67578125,23592,5695,0.011661937857292942,7664,0.017938572665174707
0,patch_8_34,2048,2304,8704,8960,65536,MSAVI,-0.01953125,37468,,,,
0,patch_8_34,2048,2304,8704,8960,65536,NDVI,-0.66015625,21820,4430,0.00951901165863836,6494,0.01563858491178019
0,patch_8_36,2048,2304,9216,9472,65536,MSAVI,0.0,65536,,,,
0,patch_8_36,2048,2304,9216,9472,65536,NDVI,0.0,0,0,0.0,0,0.009808042386020944
0,patch_8_37,2048,2304,9472,9728,65536,MSAVI,0.0,65536,,,,
0,patch_8_37,2048,2304,9472,9728,65536,NDVI,0.0,0,0,0.0,0,0.009808042386020944
0,patch_9_1,2304,2560,256,512,65536,MSAVI,0.01953125,36705,,,,
0,patch_9_1,2304,2560,256,512,65536,NDVI,-0.52734375,28831,5810,0.006883557687805603,9848,0.015139874182666352
0,patch_9_2,2304,2560,512,768,65536,MSAVI,-0.04296875,42328,,,,
0,patch_9_2,2304,2560,512,768,65536,NDVI,-0.99609375,23208,3126,0.014026741311506885,4128,0.019149430941535733
0,patch_9_3,2304,2560,768,1024,65536,MSAVI,-0.25390625,45096,,,,
0,patch_9_3,2304,2560,768,1024,65536,NDVI,-0.99609375,20440,2065,0.01598577626104089,2313,0.021980535775406818
0,patch_9_4,2304,2560,1024,1280,65536,MSAVI,-0.11328125,41699,,,,
0,patch_9_4,2304,2560,1024,1280,65536,NDVI,-0.99609375,23837,4713,0.013542524242101284,6538,0.018131583561491166
0,patch_9_5,2304,2560,1280,1536,65536,MSAVI,-0.09765625,43075,,,,
0,patch_9_5,2304,2560,1280,1536,65536,NDVI,-0.99609375,22461,5726,0.016230140787489217,6563,0.021169689069546027
0,patch_9_6,2304,2560,1536,1792,65536,MSAVI,-0.17578125,39560,,,,
0,patch_9_6,2304,2560,1536,1792,65536,NDVI,-0.99609375,25976,3698,0.0097212415813403,5806,0.015750391183859958
0,patch_9_7,2304,2560,1792,2048,65536,MSAVI,0.14453125,39703,,,,
0,patch_9_7,2304,2560,1792,2048,65536,NDVI,-0.99609375,25833,3188,0.007504450190602238,4964,0.01671319442804195
0,patch_9_8,2304,2560,2048,2304,65536,MSAVI,0.00390625,39246,,,,
0,patch_9_8,2304,2560,2048,2304,65536,NDVI,-0.99609375,26290,4890,0.009264198966500117,5562,0.01622105429882334
0,patch_9_9,2304,2560,2304,2560,65536,MSAVI,-0.17578125,43334,,,,
0,patch_9_9,2304,2560,2304,2560,65536,NDVI,-0.99609375,22202,7179,0.01658240696886898,8132,0.023155914248721293
0,patch_9_10,2304,2560,2560,2816,65536,MSAVI,0.00390625,43725,,,,
0,patch_9_10,2304,2560,2560,2816,65536,NDVI,-0.99609375,21811,3007,0.01599290054214733,4102,0.022940932617506793
0,patch_9_11,2304,2560,2816,3072,65536,MSAVI,-0.00390625,39358,,,,
0,patch_9_11,2304,2560,2816,3072,65536,NDVI,-0.99609375,26178,7117,0.010734254565585091,9695,0.017218766899898652
0,patch_9_12,2304,2560,3072,3328,65536,MSAVI,-0.14453125,42434,,,,
0,patch_9_12,2304,2560,3072,3328,65536,NDVI,-0.99609375,23102,4609,0.01473297199892995,4978,0.019287608655380845
0,patch_9_13,2304,2560,3328,3584,65536,MSAVI,-0.25390625,43438,,,,
0,patch_9_13,2304,2560,3328,3584,65536,NDVI,-0.57421875,22092,5982,0.01690457393983244,6506,0.02106387846999444
0,patch_9_14,2304,2560,3584,3840,65536,MSAVI,-0.08203125,40835,,,,
0,patch_9_14,2304,2560,3584,3840,65536,NDVI,-0.56640625,24700,9709,0.013023350785111576,12811,0.021744161218511693
0,patch_9_15,2304,2560,3840,4096,65536,MSAVI,-0.14453125,40459,,,,
0,patch_9_15,2304,2560,3840,4096,65536,NDVI,-0.54296875,25076,12862,0.013179836259855693,13379,0.02025277975441575
0,patch_9_16,2304,2560,4096,4352,65536,MSAVI,-0.19921875,46912,,,,
0,patch_9_16,2304,2560,4096,4352,65536,NDVI,-0.99609375,18624,3182,0.021436691436083677,3144,0.026005886197824596
0,patch_9_17,2304,2560,4352,4608,65536,MSAVI,-0.27734375,43467,,,,
0,patch_9_17,2304,2560,4352,4608,65536,NDVI,-0.99609375,22069,4389,0.017172269459678313,5542,0.022122901151999885
0,patch_9_18,2304,2560,4608,4864,65536,MSAVI,-0.28515625,39087,,,,
0,patch_9_18,2304,2560,4608,4864,65536,NDVI,-0.70703125,26252,10207,0.013682777679919267,12953,0.02096131479870117
0,patch_9_19,2304,2560,4864,5120,65536,MSAVI,-0.23046875,41711,,,,
0,patch_9_19,2304,2560,4864,5120,65536,NDVI,-0.69921875,23795,13739,0.02011460925889444,13969,0.023870150074056823
0,patch_9_20,2304,2560,5120,5376,65536,MSAVI,-0.12890625,42961,,,,
0,patch_9_20,2304,2560,5120,5376,65536,NDVI,-0.99609375,22575,2235,0.013547454553816174,3476,0.018865773125097157
0,patch_9_21,2304,2560,5376,5632,65536,MSAVI,-0.22265625,42679,,,,
0,patch_9_21,2304,2560,5376,5632,65536,NDVI,-0.99609375,22857,7143,0.017495583584803964,8308,0.024139062924523114
0,patch_9_22,2304,2560,5632,5888,65536,MSAVI,0.04296875,36742,,,,
0,patch_9_22,2304,2560,5632,5888,65536,NDVI,-0.99609375,28794,6573,0.0077067354125573695,11991,0.015507971007552274
0,patch_9_23,2304,2560,5888,6144,65536,MSAVI,-0.36328125,45783,,,,
0,patch_9_23,2304,2560,5888,6144,65536,NDVI,-0.57421875,19730,10912,0.019418320590695856,10718,0.024530855966572812
0,patch_9_24,2304,2560,6144,6400,65536,MSAVI,0.20703125,41359,,,,
0,patch_9_24,2304,2560,6144,6400,65536,NDVI,-0.62890625,24172,6497,0.01342605815966351,7866,0.01944647650850237
0,patch_9_25,2304,2560,6400,6656,65536,MSAVI,-0.26953125,39317,,,,
0,patch_9_25,2304,2560,6400,6656,65536,NDVI,-0.99609375,26219,5503,0.009891436262063735,8024,0.01678789712728268
0,patch_9_26,2304,2560,6656,6912,65536,MSAVI,-0.19140625,43433,,,,
0,patch_9_26,2304,2560,6656,6912,65536,NDVI,-0.67578125,21622,13507,0.019196569302928318,13837,0.027237639127986962
0,patch_9_27,2304,2560,6912,7168,65536,MSAVI,-0.03515625,43107,,,,
0,patch_9_27,2304,2560,6912,7168,65536,NDVI,-0.71484375,21996,8489,0.01647614853917015,9848,0.025024514266468234
0,patch_9_28,2304,2560,7168,7424,65536,MSAVI,-0.28515625,44155,,,,
0,patch_9_28,2304,2560,7168,7424,65536,NDVI,-0.69140625,21003,3288,0.019011432077650187,4141,0.02349768550823103
0,patch_9_29,2304,2560,7424,7680,65536,MSAVI,-0.26171875,46416,,,,
0,patch_9_29,2304,2560,7424,7680,65536,NDVI,-0.69921875,19015,5965,0.025735603361038667,6176,0.030138384722271566
0,patch_9_30,2304,2560,7680,7936,65536,MSAVI,-0.06640625,43928,,,,
0,patch_9_30,2304,2560,7680,7936,65536,NDVI,-0.77734375,13608,4288,0.02023537496141284,5218,0.024282563402539148
0,patch_9_31,2304,2560,7936,8192,65536,MSAVI,0.01171875,41553,,,,
0,patch_9_31,2304,2560,7936,8192,65536,NDVI,-0.70703125,15454,4037,0.014266961558852348,5789,0.021563818258012457
0,patch_9_32,2304,2560,8192,8448,65536,MSAVI,-0.48046875,38011,,,,
0,patch_9_32,2304,2560,8192,8448,65536,NDVI,-0.79296875,26021,3218,0.010510804345146924,3939,0.014285429801687066
0,patch_9_33,2304,2560,8448,8704,65536,MSAVI,-0.19921875,49978,,,,
0,patch_9_33,2304,2560,8448,8704,65536,NDVI,-0.67578125,12657,6116,0.026309645538628967,6298,0.033892168512732024
0,patch_9_34,2304,2560,8704,8960,65536,MSAVI,0.00390625,39495,,,,
0,patch_9_34,2304,2560,8704,8960,65536,NDVI,-0.69921875,24530,8119,0.013466366590422718,9447,0.020289201806769325
0,patch_9_37,2304,2560,9472,9728,65536,MSAVI,0.0,65536,,,,
0,patch_9_37,2304,2560,9472,9728,65536,NDVI,0.0,0,0,0.0,0,0.009808042386020944
0,patch_10_1,2560,2816,256,512,65536,MSAVI,-0.17578125,40653,,,,
0,patch_10_1,2560,2816,256,512,65536,NDVI,-0.99609375,24883,5645,0.012555424917479574,8448,0.018831786624828567
0,patch_10_2,2560,2816,512,768,65536,MSAVI,0.00390625,40539,,,,
0,patch_10_2,2560,2816,512,768,65536,NDVI,-0.99609375,24997,3364,0.01060455960269438,4904,0.016501798382772825
0,patch_10_3,2560,2816,768,1024,65536,MSAVI,-0.26171875,43123,,,,
0,patch_10_3,2560,2816,768,1024,65536,NDVI,-0.99609375,22413,1592,0.016664105179259786,2837,0.02044411068910776
0,patch_10_4,2560,2816,1024,1280,65536,MSAVI,-0.16015625,45883,,,,
0,patch_10_4,2560,2816,1024,1280,65536,NDVI,-0.99609375,19653,2043,0.018177448526058876,2321,0.022855835737149
0,patch_10_5,2560,2816,1280,1536,65536,MSAVI,0.01171875,44496,,,,
0,patch_10_5,2560,2816,1280,1536,65536,NDVI,-0.99609375,21040,1593,0.01786857812131383,2068,0.023330473075405922
0,patch_10_6,2560,2816,1536,1792,65536,MSAVI,-0.23046875,36104,,,,
0,patch_10_6,2560,2816,1536,1792,65536,NDVI,-0.99609375,29432,14674,0.014220041936288313,15847,0.022356136284590794
0,patch_10_7,2560,2816,1792,2048,65536,MSAVI,-0.26953125,39685,,,,
0,patch_10_7,2560,2816,1792,2048,65536,NDVI,-0.99609375,25851,3991,0.012467534800161023,5417,0.017929680984348523
0,patch_10_8,2560,2816,2048,2304,65536,MSAVI,-0.19921875,43479,,,,
0,patch_10_8,2560,2816,2048,2304,65536,NDVI,-0.99609375,22057,1541,0.0144231595035611,2094,0.019471576313348116
0,patch_10_9,2560,2816,2304,2560,65536,MSAVI,0.01171875,38367,,,,
0,patch_10_9,2560,2816,2304,2560,65536,NDVI,-0.99609375,27169,6133,0.010595698264275089,9539,0.018393251321180887
0,patch_10_10,2560,2816,2560,2816,65536,MSAVI,-0.07421875,42681,,,,
0,patch_10_10,2560,2816,2560,2816,65536,NDVI,-0.99609375,22855,3068,0.01475029438188323,3604,0.018399767147821988
0,patch_10_11,2560,2816,2816,3072,65536,MSAVI,-0.08984375,41016,,,,
0,patch_10_11,2560,2816,2816,3072,65536,NDVI,-0.99609375,24520,3312,0.01101903155016723,6076,0.018996849191482007
0,patch_10_12,2560,2816,3072,3328,65536,MSAVI,-0.07421875,44729,,,,
0,patch_10_12,2560,2816,3072,3328,65536,NDVI,-0.99609375,20807,3662,0.018223901397799835,4605,0.023541044741201306
0,patch_10_13,2560,2816,3328,3584,65536,MSAVI,-0.16796875,40655,,,,
0,patch_10_13,2560,2816,3328,3584,65536,NDVI,-0.66796875,24836,5731,0.01544784662120452,7383,0.020555466069224537
0,patch_10_14,2560,2816,3584,3840,65536,MSAVI,-0.04296875,37622,,,,
0,patch_10_14,2560,2816,3584,3840,65536,NDVI,-0.69921875,27909,21259,0.014374441895443846,22678,0.022374562978948048
0,patch_10_15,2560,2816,3840,4096,65536,MSAVI,-0.05078125,39013,,,,
0,patch_10_15,2560,2816,3840,4096,65536,NDVI,-0.99609375,26523,15458,0.01412213380187377,17686,0.021806416104432985
0,patch_10_16,2560,2816,4096,4352,65536,MSAVI,-0.15234375,41747,,,,
0,patch_10_16,2560,2816,4096,4352,65536,NDVI,-0.99609375,23789,7817,0.017720009180345303,9200,0.023694426215571662
0,patch_10_17,2560,2816,4352,4608,65536,MSAVI,-0.26953125,48093,,,,
0,patch_10_17,2560,2816,4352,4608,65536,NDVI,-0.99609375,17443,992,0.021163491744713048,1414,0.024473887455878696
0,patch_10_18,2560,2816,4608,4864,65536,MSAVI,-0.15234375,42128,,,,
0,patch_10_18,2560,2816,4608,4864,65536,NDVI,-0.99609375,23408,3695,0.015391933936287794,4636,0.019918458702795322
0,patch_10_19,2560,2816,4864,5120,65536,MSAVI,-0.24609375,39937,,,,
0,patch_10_19,2560,2816,4864,5120,65536,NDVI,-0.99609375,25599,10595,0.01708789496189106,12122,0.02094023036803766
0,patch_10_20,2560,2816,5120,5376,65536,MSAVI,-0.18359375,43931,,,,
0,patch_10_20,2560,2816,5120,5376,65536,NDVI,-0.99609375,21605,6226,0.018693114989042053,6990,0.024596345102504552
0,patch_10_21,2560,2816,5376,5632,65536,MSAVI,-0.11328125,41318,,,,
0,patch_10_21,2560,2816,5376,5632,65536,NDVI,-0.66796875,24208,8111,0.0151028239100853,8844,0.02071526598352852
0,patch_10_22,2560,2816,5632,5888,65536,MSAVI,-0.05078125,38711,,,,
0,patch_10_22,2560,2816,5632,5888,65536,NDVI,-0.58203125,26823,13658,0.013108193213717978,15999,0.020265354598719865
0,patch_10_23,2560,2816,5888,6144,65536,MSAVI,0.00390625,34324,,,,
0,patch_10_23,2560,2816,5888,6144,65536,NDVI,-0.99609375,31212,8461,0.0037819846135693225,14431,0.013682185959384086
0,patch_10_24,2560,2816,6144,6400,65536,MSAVI,-0.17578125,39911,,,,
0,patch_10_24,2560,2816,6144,6400,65536,NDVI,-0.99609375,25625,9156,0.011789089506565209,11414,0.01989046664002883
0,patch_10_25,2560,2816,6400,6656,65536,MSAVI,-0.00390625,37127,,,,
0,patch_10_25,2560,2816,6400,6656,65536,NDVI,-0.58203125,28408,5963,0.00810994237583898,8987,0.014972474060788166
0,patch_10_26,2560,2816,6656,6912,65536,MSAVI,-0.01953125,39899,,,,
0,patch_10_26,2560,2816,6656,6912,65536,NDVI,-0.66796875,23638,9892,0.011608735285957128,11447,0.020415460703845173
0,patch_10_27,2560,2816,6912,7168,65536,MSAVI,-0.01953125,47182,,,,
0,patch_10_27,2560,2816,6912,7168,65536,NDVI,-0.65234375,18088,2991,0.02441937160566804,2997,0.029183328620812077
0,patch_10_28,2560,2816,7168,7424,65536,MSAVI,-0.23828125,44918,,,,
0,patch_10_28,2560,2816,7168,7424,65536,NDVI,-0.66015625,19720,4817,0.019259932910283217,6259,0.026482222719684062
0,patch_10_29,2560,2816,7424,7680,65536,MSAVI,-0.14453125,41059,,,,
0,patch_10_29,2560,2816,7424,7680,65536,NDVI,-0.69921875,24164,14487,0.020447664893878476,15453,0.0261192664587947
0,patch_10_30,2560,2816,7680,7936,65536,MSAVI,-0.30078125,41796,,,,
0,patch_10_30,2560,2816,7680,7936,65536,NDVI,-0.66015625,22857,13441,0.02312669961726735,13583,0.02619413366748391
0,patch_10_31,2560,2816,7936,8192,65536,MSAVI,-0.03515625,39117,,,,
0,patch_10_31,2560,2816,7936,8192,65536,NDVI,-0.69140625,14502,10051,0.01524864156985109,12381,0.022005359157749982
0,patch_10_32,2560,2816,8192,8448,65536,MSAVI,-0.16015625,39964,,,,
0,patch_10_32,2560,2816,8192,8448,65536,NDVI,-0.74609375,20474,8671,0.015597068163119843,9141,0.020740846511960898
0,patch_10_33,2560,2816,8448,8704,65536,MSAVI,-0.15234375,45417,,,,
0,patch_10_33,2560,2816,8448,8704,65536,NDVI,-0.71484375,19474,6059,0.020677141133672944,6464,0.025376872892841407
0,patch_10_34,2560,2816,8704,8960,65536,MSAVI,-0.13671875,42348,,,,
0,patch_10_34,2560,2816,8704,8960,65536,NDVI,-0.62890625,22656,10123,0.016912069724870665,11059,0.024690596104407075
0,patch_10_35,2560,2816,8960,9216,65536,MSAVI,-0.08984375,40356,,,,
0,patch_10_35,2560,2816,8960,9216,65536,NDVI,-0.59765625,20332,18223,0.01819300840548492,17926,0.026819496006190463
0,patch_10_37,2560,2816,9472,9728,65536,MSAVI,0.0,65536,,,,
0,patch_10_37,2560,2816,9472,9728,65536,NDVI,0.0,0,0,0.0,0,0.009808042386020944
0,patch_11_1,2816,3072,256,512,65536,MSAVI,0.00390625,41561,,,,
0,patch_11_1,2816,3072,256,512,65536,NDVI,-0.99609375,23975,3020,0.011800808318543715,4965,0.02004165036814301
0,patch_11_2,2816,3072,512,768,65536,MSAVI,-0.13671875,37871,,,,
0,patch_11_2,2816,3072,512,768,65536,NDVI,-0.99609375,27665,5561,0.009948146532984536,8635,0.015208120325623659
0,patch_11_3,2816,3072,768,1024,65536,MSAVI,-0.17578125,42372,,,,
0,patch_11_3,2816,3072,768,1024,65536,NDVI,-0.99609375,23164,3157,0.015305883511904456,3566,0.01925969361129351
0,patch_11_4,2816,3072,1024,1280,65536,MSAVI,0.01953125,44505,,,,
0,patch_11_4,2816,3072,1024,1280,65536,NDVI,-0.99609375,21031,3738,0.018307287689027396,3774,0.02309788351779113
0,patch_11_5,2816,3072,1280,1536,65536,MSAVI,-0.13671875,42189,,,,
0,patch_11_5,2816,3072,1280,1536,65536,NDVI,-0.99609375,23347,2699,0.012855816053592983,4280,0.019384336888483927
0,patch_11_6,2816,3072,1536,1792,65536,MSAVI,0.01953125,42635,,,,
0,patch_11_6,2816,3072,1536,1792,65536,NDVI,-0.58203125,22901,3969,0.014537052436813747,4886,0.019634717118003603
0,patch_11_7,2816,3072,1792,2048,65536,MSAVI,-0.02734375,41088,,,,
0,patch_11_7,2816,3072,1792,2048,65536,NDVI,-0.99609375,24448,3409,0.010809603418780789,5735,0.019282001311761082
0,patch_11_8,2816,3072,2048,2304,65536,MSAVI,-0.33203125,44809,,,,
0,patch_11_8,2816,3072,2048,2304,65536,NDVI,-0.62890625,20703,4265,0.016812719570315354,4911,0.02379421210696886
0,patch_11_9,2816,3072,2304,2560,65536,MSAVI,-0.06640625,40831,,,,
0,patch_11_9,2816,3072,2304,2560,65536,NDVI,-0.99609375,24705,2551,0.012715950265824588,4201,0.01674635504853228
0,patch_11_10,2816,3072,2560,2816,65536,MSAVI,-0.01171875,42236,,,,
0,patch_11_10,2816,3072,2560,2816,65536,NDVI,-0.61328125,23240,9116,0.015097844061777319,9278,0.021235170855946728
0,patch_11_11,2816,3072,2816,3072,65536,MSAVI,0.16796875,41439,,,,
0,patch_11_11,2816,3072,2816,3072,65536,NDVI,-0.61328125,24097,5212,0.01252106980413556,6399,0.019462454932354295
0,patch_11_12,2816,3072,3072,3328,65536,MSAVI,-0.16796875,42977,,,,
0,patch_11_12,2816,3072,3072,3328,65536,NDVI,-0.99609375,22559,5645,0.01731605891742738,6587,0.022942668679534955
0,patch_11_13,2816,3072,3328,3584,65536,MSAVI,-0.13671875,39738,,,,
0,patch_11_13,2816,3072,3328,3584,65536,NDVI,-0.64453125,25484,11061,0.013154285169934055,13770,0.021326968621004888
0,patch_11_14,2816,3072,3584,3840,65536,MSAVI,-0.06640625,43482,,,,
0,patch_11_14,2816,3072,3584,3840,65536,NDVI,-0.75390625,22054,8415,0.019325722751688423,9923,0.025046376774250062
0,patch_11_15,2816,3072,3840,4096,65536,MSAVI,0.01171875,37455,,,,
0,patch_11_15,2816,3072,3840,4096,65536,NDVI,-0.99609375,28081,10994,0.011037269731445976,14057,0.01708743665016932
0,patch_11_16,2816,3072,4096,4352,65536,MSAVI,-0.31640625,46662,,,,
0,patch_11_16,2816,3072,4096,4352,65536,NDVI,-0.99609375,18874,3337,0.022396972228190176,3554,0.02452551816273557
0,patch_11_17,2816,3072,4352,4608,65536,MSAVI,-0.30078125,45071,,,,
0,patch_11_17,2816,3072,4352,4608,65536,NDVI,-0.99609375,20465,2323,0.018115337038812684,3485,0.023613329467027794
0,patch_11_18,2816,3072,4608,4864,65536,MSAVI,-0.13671875,43175,,,,
0,patch_11_18,2816,3072,4608,4864,65536,NDVI,-0.99609375,22361,3701,0.016016260468218607,5188,0.023493532136526274
0,patch_11_19,2816,3072,4864,5120,65536,MSAVI,-0.16796875,40462,,,,
0,patch_11_19,2816,3072,4864,5120,65536,NDVI,-0.99609375,25074,5705,0.011729361415466488,6867,0.01888296140094073
0,patch_11_20,2816,3072,5120,5376,65536,MSAVI,-0.27734375,44193,,,,
0,patch_11_20,2816,3072,5120,5376,65536,NDVI,-0.99609375,21343,7355,0.02046029940483919,8387,0.02694619977500151
0,patch_11_21,2816,3072,5376,5632,65536,MSAVI,-0.01171875,43865,,,,
0,patch_11_21,2816,3072,5376,5632,65536,NDVI,-0.99609375,21671,4504,0.015602809616687446,5013,0.02334979030950879
0,patch_11_22,2816,3072,5632,5888,65536,MSAVI,-0.29296875,45212,,,,
0,patch_11_22,2816,3072,5632,5888,65536,NDVI,-0.99609375,20324,6573,0.020451203115443545,6939,0.025442809389945892
0,patch_11_23,2816,3072,5888,6144,65536,MSAVI,-0.36328125,45606,,,,
0,patch_11_23,2816,3072,5888,6144,65536,NDVI,-0.63671875,19926,8033,0.02320668182574591,7780,0.0262166983668691
0,patch_11_24,2816,3072,6144,6400,65536,MSAVI,-0.16796875,41406,,,,
0,patch_11_24,2816,3072,6144,6400,65536,NDVI,-0.99609375,24130,7063,0.014699830802958627,8345,0.020382653539178452
0,patch_11_25,2816,3072,6400,6656,65536,MSAVI,-0.26953125,40422,,,,
0,patch_11_25,2816,3072,6400,6656,65536,NDVI,-0.65234375,25112,6922,0.014343945842219458,7862,0.02147030495177707
0,patch_11_26,2816,3072,6656,6912,65536,MSAVI,-0.26953125,42782,,,,
0,patch_11_26,2816,3072,6656,6912,65536,NDVI,-0.70703125,21835,11856,0.021851912966377646,11712,0.02488591321439762
0,patch_11_27,2816,3072,6912,7168,65536,MSAVI,-0.31640625,49769,,,,
0,patch_11_27,2816,3072,6912,7168,65536,NDVI,-0.71484375,15222,2586,0.027011112960502348,3052,0.031146083329725516
0,patch_11_28,2816,3072,7168,7424,65536,MSAVI,-0.26171875,40252,,,,
0,patch_11_28,2816,3072,7168,7424,65536,NDVI,-0.66015625,25118,12284,0.016297855281050072,12251,0.0228199708171056
0,patch_11_29,2816,3072,7424,7680,65536,MSAVI,-0.13671875,46136,,,,
0,patch_11_29,2816,3072,7424,7680,65536,NDVI,-0.68359375,19242,5161,0.021337424059759885,6322,0.027510719364732983
0,patch_11_30,2816,3072,7680,7936,65536,MSAVI,-0.06640625,48446,,,,
0,patch_11_30,2816,3072,7680,7936,65536,NDVI,-0.70703125,16631,2203,0.028595591802633713,2709,0.030996939530735762
0,patch_11_31,2816,3072,7936,8192,65536,MSAVI,-0.08984375,42271,,,,
0,patch_11_31,2816,3072,7936,8192,65536,NDVI,-0.75390625,19676,5831,0.016786843136809504,6958,0.02237584937810519
0,patch_11_32,2816,3072,8192,8448,65536,MSAVI,-0.30859375,40643,,,,
0,patch_11_32,2816,3072,8192,8448,65536,NDVI,-0.76171875,18988,6022,0.01740468084591909,6810,0.020818562267454793
0,patch_11_33,2816,3072,8448,8704,65536,MSAVI,-0.09765625,34843,,,,
0,patch_11_33,2816,3072,8448,8704,65536,NDVI,-0.71484375,29729,7573,0.007460291838296995,11477,0.014932329806046002
0,patch_11_34,2816,3072,8704,8960,65536,MSAVI,-0.07421875,36403,,,,
0,patch_11_34,2816,3072,8704,8960,65536,NDVI,-0.65234375,29043,8859,0.008097295155796866,11926,0.01565352374229892
0,patch_11_35,2816,3072,8960,9216,65536,MSAVI,-0.19140625,23173,,,,
0,patch_11_35,2816,3072,8960,9216,65536,NDVI,-0.62109375,25646,695,-0.01052799354491045,65076,0.01575248899177717
0,patch_11_37,2816,3072,9472,9728,65536,MSAVI,0.0,65536,,,,
0,patch_11_37,2816,3072,9472,9728,65536,NDVI,0.0,0,0,0.0,0,0.009808042386020944
0,patch_12_1,3072,3328,256,512,65536,MSAVI,0.06640625,32934,,,,
0,patch_12_1,3072,3328,256,512,65536,NDVI,-0.58984375,32600,11817,0.0051805489205264815,17083,0.01338457703914342
0,patch_12_2,3072,3328,512,768,65536,MSAVI,-0.07421875,39514,,,,
0,patch_12_2,3072,3328,512,768,65536,NDVI,-0.62109375,25737,17873,0.015372344327424348,18889,0.02267740628896822
0,patch_12_3,3072,3328,768,1024,65536,MSAVI,0.16796875,37663,,,,
0,patch_12_3,3072,3328,768,1024,65536,NDVI,-0.99609375,27873,6210,0.008220864285287677,9810,0.015581199072095736
0,patch_12_4,3072,3328,1024,1280,65536,MSAVI,-0.16015625,44913,,,,
0,patch_12_4,3072,3328,1024,1280,65536,NDVI,-0.99609375,20623,4582,0.01844481261677325,5084,0.02478256010774635
0,patch_12_5,3072,3328,1280,1536,65536,MSAVI,-0.11328125,49607,,,,
0,patch_12_5,3072,3328,1280,1536,65536,NDVI,-0.59765625,14096,9477,0.030314187996145964,8996,0.031228576993019952
0,patch_12_6,3072,3328,1536,1792,65536,MSAVI,-0.10546875,45397,,,,
0,patch_12_6,3072,3328,1536,1792,65536,NDVI,-0.62890625,20134,1915,0.020181330766551098,2507,0.02356982569286009
0,patch_12_7,3072,3328,1792,2048,65536,MSAVI,-0.35546875,45558,,,,
0,patch_12_7,3072,3328,1792,2048,65536,NDVI,-0.99609375,19978,1530,0.0188009916198969,2041,0.020914723424125703
0,patch_12_8,3072,3328,2048,2304,65536,MSAVI,-0.09765625,41445,,,,
0,patch_12_8,3072,3328,2048,2304,65536,NDVI,-0.58984375,23931,6367,0.013267898947438864,8390,0.021933516803167324
0,patch_12_9,3072,3328,2304,2560,65536,MSAVI,0.03515625,40835,,,,
0,patch_12_9,3072,3328,2304,2560,65536,NDVI,-0.57421875,24691,5721,0.010351809983296267,6958,0.01883283943171417
0,patch_12_10,3072,3328,2560,2816,65536,MSAVI,-0.13671875,38562,,,,
0,patch_12_10,3072,3328,2560,2816,65536,NDVI,-0.66015625,26967,5011,0.007981609034895434,6983,0.01618282771541657
0,patch_12_11,3072,3328,2816,3072,65536,MSAVI,-0.18359375,45670,,,,
0,patch_12_11,3072,3328,2816,3072,65536,NDVI,-0.61328125,19855,2594,0.019415989200229383,2918,0.024093706843386103
0,patch_12_12,3072,3328,3072,3328,65536,MSAVI,-0.13671875,44041,,,,
0,patch_12_12,3072,3328,3072,3328,65536,NDVI,-0.99609375,21495,2049,0.018377905004473227,1910,0.02092950252445469
0,patch_12_13,3072,3328,3328,3584,65536,MSAVI,-0.04296875,43307,,,,
0,patch_12_13,3072,3328,3328,3584,65536,NDVI,-0.99609375,22229,2280,0.015804672141596546,3152,0.01962725680344865
0,patch_12_14,3072,3328,3584,3840,65536,MSAVI,-0.26953125,42998,,,,
0,patch_12_14,3072,3328,3584,3840,65536,NDVI,-0.58203125,22537,2591,0.014934847008511415,4021,0.020316630429092014
0,patch_12_15,3072,3328,3840,4096,65536,MSAVI,-0.31640625,45597,,,,
0,patch_12_15,3072,3328,3840,4096,65536,NDVI,-0.99609375,19939,2921,0.019545706714636263,3063,0.022682026715416054
0,patch_12_16,3072,3328,4096,4352,65536,MSAVI,-0.21484375,43425,,,,
0,patch_12_16,3072,3328,4096,4352,65536,NDVI,-0.99609375,22111,1960,0.01539046814895359,2953,0.02394617744718963
0,patch_12_17,3072,3328,4352,4608,65536,MSAVI,-0.14453125,47563,,,,
0,patch_12_17,3072,3328,4352,4608,65536,NDVI,-0.99609375,17973,2942,0.02433391261727022,3637,0.0286837527662058
0,patch_12_18,3072,3328,4608,4864,65536,MSAVI,-0.17578125,46314,,,,
0,patch_12_18,3072,3328,4608,4864,65536,NDVI,-0.99609375,19222,3927,0.020536000405572366,4264,0.02560726675032471
0,patch_12_19,3072,3328,4864,5120,65536,MSAVI,-0.17578125,40616,,,,
0,patch_12_19,3072,3328,4864,5120,65536,NDVI,-0.99609375,24920,5754,0.014674849759884978,6226,0.018524497255591382
0,patch_12_20,3072,3328,5120,5376,65536,MSAVI,-0.03515625,43141,,,,
0,patch_12_20,3072,3328,5120,5376,65536,NDVI,-0.99609375,22395,7531,0.019199588024894715,8165,0.024447547300682743
0,patch_12_21,3072,3328,5376,5632,65536,MSAVI,-0.18359375,49027,,,,
0,patch_12_21,3072,3328,5376,5632,65536,NDVI,-0.61328125,16505,4163,0.02678226456726235,4543,0.02935122377107341
0,patch_12_22,3072,3328,5632,5888,65536,MSAVI,-0.16015625,43964,,,,
0,patch_12_22,3072,3328,5632,5888,65536,NDVI,-0.99609375,21572,5579,0.019761557326675727,6882,0.024846337796675833
0,patch_12_23,3072,3328,5888,6144,65536,MSAVI,-0.22265625,45014,,,,
0,patch_12_23,3072,3328,5888,6144,65536,NDVI,-0.65234375,19878,14307,0.01871108966896587,13563,0.025605296114958404
0,patch_12_24,3072,3328,6144,6400,65536,MSAVI,-0.20703125,43027,,,,
0,patch_12_24,3072,3328,6144,6400,65536,NDVI,-0.64453125,22502,4338,0.014917680923806548,5241,0.020973533906156416
0,patch_12_25,3072,3328,6400,6656,65536,MSAVI,-0.20703125,39155,,,,
0,patch_12_25,3072,3328,6400,6656,65536,NDVI,-0.62109375,26338,10937,0.011773453718069052,12074,0.01917168538055536
0,patch_12_26,3072,3328,6656,6912,65536,MSAVI,-0.12109375,36761,,,,
0,patch_12_26,3072,3328,6656,6912,65536,NDVI,-0.58984375,28770,5681,0.007753769527189772,8580,0.014491706335045207
0,patch_12_27,3072,3328,6912,7168,65536,MSAVI,-0.19921875,46493,,,,
0,patch_12_27,3072,3328,6912,7168,65536,NDVI,-0.62890625,19002,4124,0.024302868009051154,4595,0.02846801503632812
0,patch_12_28,3072,3328,7168,7424,65536,MSAVI,-0.01953125,42525,,,,
0,patch_12_28,3072,3328,7168,7424,65536,NDVI,-0.66796875,19610,7245,0.013601043431091794,7827,0.023367338934939558
0,patch_12_29,3072,3328,7424,7680,65536,MSAVI,0.01953125,41745,,,,
0,patch_12_29,3072,3328,7424,7680,65536,NDVI,-0.66015625,23700,4496,0.011132651201799376,6460,0.021915327901493947
0,patch_12_30,3072,3328,7680,7936,65536,MSAVI,-0.10546875,45638,,,,
0,patch_12_30,3072,3328,7680,7936,65536,NDVI,-0.69921875,19382,5046,0.024080056491188495,5418,0.026316329468579147
0,patch_12_31,3072,3328,7936,8192,65536,MSAVI,-0.34765625,39327,,,,
0,patch_12_31,3072,3328,7936,8192,65536,NDVI,-0.74609375,25117,13862,0.014950798287321154,14939,0.020920075552013112
0,patch_12_32,3072,3328,8192,8448,65536,MSAVI,0.05859375,40393,,,,
0,patch_12_32,3072,3328,8192,8448,65536,NDVI,-0.69921875,24938,11129,0.01704036246122581,12245,0.022887789594357638
0,patch_12_33,3072,3328,8448,8704,65536,MSAVI,-0.05859375,43060,,,,
0,patch_12_33,3072,3328,8448,8704,65536,NDVI,-0.63671875,22284,10872,0.014603833955858764,11399,0.02456793047253064
0,patch_12_34,3072,3328,8704,8960,65536,MSAVI,0.07421875,35299,,,,
0,patch_12_34,3072,3328,8704,8960,65536,NDVI,-0.61328125,30004,10403,0.007925744896669626,13506,0.015663369581620817
0,patch_12_35,3072,3328,8960,9216,65536,MSAVI,-0.12109375,34126,,,,
0,patch_12_35,3072,3328,8960,9216,65536,NDVI,-0.66015625,29971,13762,0.0043265320691432685,20218,0.014867462912332013
0,patch_12_37,3072,3328,9472,9728,65536,MSAVI,0.0,65536,,,,
0,patch_12_37,3072,3328,9472,9728,65536,NDVI,0.0,0,0,0.0,0,0.009808042386020944
0,patch_13_1,3328,3584,256,512,65536,MSAVI,-0.06640625,32597,,,,
0,patch_13_1,3328,3584,256,512,65536,NDVI,-0.59765625,32936,8276,0.0034852160207922145,18759,0.01197791886107405
0,patch_13_2,3328,3584,512,768,65536,MSAVI,0.07421875,34770,,,,
0,patch_13_2,3328,3584,512,768,65536,NDVI,-0.68359375,30764,7201,0.004887098760833458,11820,0.0139422431437147
0,patch_13_3,3328,3584,768,1024,65536,MSAVI,-0.12109375,44576,,,,
0,patch_13_3,3328,3584,768,1024,65536,NDVI,-0.99609375,20960,3615,0.01939644650125122,4490,0.022989808338767487
0,patch_13_4,3328,3584,1024,1280,65536,MSAVI,0.08984375,44507,,,,
0,patch_13_4,3328,3584,1024,1280,65536,NDVI,-0.99609375,21029,1826,0.014675891717441325,2259,0.02065368235500012
0,patch_13_5,3328,3584,1280,1536,65536,MSAVI,-0.18359375,49064,,,,
0,patch_13_5,3328,3584,1280,1536,65536,NDVI,-0.64453125,16439,7183,0.02276665422783196,6975,0.03174707138216182
0,patch_13_6,3328,3584,1536,1792,65536,MSAVI,-0.05859375,45091,,,,
0,patch_13_6,3328,3584,1536,1792,65536,NDVI,-0.55078125,20436,1624,0.01693258034373059,1951,0.02328205450584478
0,patch_13_7,3328,3584,1792,2048,65536,MSAVI,-0.17578125,42290,,,,
0,patch_13_7,3328,3584,1792,2048,65536,NDVI,-0.99609375,23246,3068,0.017373856432671475,4064,0.021844068896206797
0,patch_13_8,3328,3584,2048,2304,65536,MSAVI,-0.19921875,38256,,,,
0,patch_13_8,3328,3584,2048,2304,65536,NDVI,-0.99609375,27280,1681,0.008589630091566408,4782,0.01497344574737941
0,patch_13_9,3328,3584,2304,2560,65536,MSAVI,-0.08203125,37722,,,,
0,patch_13_9,3328,3584,2304,2560,65536,NDVI,-0.99609375,27814,4432,0.007190410993108465,6465,0.013850543665535064
0,patch_13_10,3328,3584,2560,2816,65536,MSAVI,-0.08984375,39479,,,,
0,patch_13_10,3328,3584,2560,2816,65536,NDVI,-0.99609375,26057,5572,0.011228278330512265,65536,0.018363832584371048
0,patch_13_11,3328,3584,2816,3072,65536,MSAVI,-0.13671875,44132,,,,
0,patch_13_11,3328,3584,2816,3072,65536,NDVI,-0.99609375,21404,3088,0.015839616934946177,3992,0.02153678228537756
0,patch_13_12,3328,3584,3072,3328,65536,MSAVI,-0.16796875,43315,,,,
0,patch_13_12,3328,3584,3072,3328,65536,NDVI,-0.52734375,22221,2145,0.01589928779607719,2726,0.020814545358948916
0,patch_13_13,3328,3584,3328,3584,65536,MSAVI,-0.15234375,43353,,,,
0,patch_13_13,3328,3584,3328,3584,65536,NDVI,-0.99609375,22183,2001,0.012658401582035517,3005,0.019513677942257973
0,patch_13_14,3328,3584,3584,3840,65536,MSAVI,-0.20703125,42441,,,,
0,patch_13_14,3328,3584,3584,3840,65536,NDVI,-0.99609375,23095,6036,0.013290236778550818,7395,0.01934880339474232
0,patch_13_15,3328,3584,3840,4096,65536,MSAVI,-0.21484375,44470,,,,
0,patch_13_15,3328,3584,3840,4096,65536,NDVI,-0.99609375,21066,3336,0.015582842461134158,4676,0.022229159389025865
0,patch_13_16,3328,3584,4096,4352,65536,MSAVI,-0.26171875,46331,,,,
0,patch_13_16,3328,3584,4096,4352,65536,NDVI,-0.67578125,19201,3038,0.01943613276251349,3897,0.025091824313029365
0,patch_13_17,3328,3584,4352,4608,65536,MSAVI,-0.24609375,46425,,,,
0,patch_13_17,3328,3584,4352,4608,65536,NDVI,-0.63671875,19110,2021,0.021305710420209664,2591,0.027238040128347213
0,patch_13_18,3328,3584,4608,4864,65536,MSAVI,-0.15234375,38010,,,,
0,patch_13_18,3328,3584,4608,4864,65536,NDVI,-0.55078125,27333,8755,0.007812752557826999,12153,0.01651045093037809
0,patch_13_19,3328,3584,4864,5120,65536,MSAVI,0.10546875,40649,,,,
0,patch_13_19,3328,3584,4864,5120,65536,NDVI,-0.64453125,24788,16345,0.015535622443766994,19095,0.023576573296284292
0,patch_13_20,3328,3584,5120,5376,65536,MSAVI,-0.00390625,38654,,,,
0,patch_13_20,3328,3584,5120,5376,65536,NDVI,-0.99609375,26882,11215,0.011188548536158527,12970,0.01905299306297145
0,patch_13_21,3328,3584,5376,5632,65536,MSAVI,-0.29296875,39937,,,,
0,patch_13_21,3328,3584,5376,5632,65536,NDVI,-0.79296875,25599,8034,0.011192446915236881,10418,0.017840341221769668
0,patch_13_22,3328,3584,5632,5888,65536,MSAVI,-0.31640625,43337,,,,
0,patch_13_22,3328,3584,5632,5888,65536,NDVI,-0.67578125,22198,4947,0.015675633403567465,4759,0.02016568161884938
0,patch_13_23,3328,3584,5888,6144,65536,MSAVI,-0.25390625,45514,,,,
0,patch_13_23,3328,3584,5888,6144,65536,NDVI,-0.63671875,19914,8805,0.021256625564710308,8720,0.024823027263324277
0,patch_13_24,3328,3584,6144,6400,65536,MSAVI,-0.09765625,41123,,,,
0,patch_13_24,3328,3584,6144,6400,65536,NDVI,-0.61328125,24412,5619,0.01501292992326772,7421,0.019454754330179236
0,patch_13_25,3328,3584,6400,6656,65536,MSAVI,-0.16015625,38934,,,,
0,patch_13_25,3328,3584,6400,6656,65536,NDVI,-0.61328125,26595,9619,0.009273115417763655,11017,0.018099514649239506
0,patch_13_26,3328,3584,6656,6912,65536,MSAVI,-0.16015625,43641,,,,
0,patch_13_26,3328,3584,6656,6912,65536,NDVI,-0.66015625,21878,6301,0.014774460558557287,6887,0.024614715254185127
0,patch_13_27,3328,3584,6912,7168,65536,MSAVI,-0.05078125,50320,,,,
0,patch_13_27,3328,3584,6912,7168,65536,NDVI,-0.61328125,15215,5177,0.028879248925497397,5358,0.03457182239483497
0,patch_13_28,3328,3584,7168,7424,65536,MSAVI,-0.29296875,47294,,,,
0,patch_13_28,3328,3584,7168,7424,65536,NDVI,-0.63671875,18200,3413,0.024557754464299253,3698,0.028555735585154923
0,patch_13_29,3328,3584,7424,7680,65536,MSAVI,0.09765625,46462,,,,
0,patch_13_29,3328,3584,7424,7680,65536,NDVI,-0.58984375,19058,1806,0.021642773282504996,2204,0.026350464514500793
0,patch_13_30,3328,3584,7680,7936,65536,MSAVI,-0.25390625,42903,,,,
0,patch_13_30,3328,3584,7680,7936,65536,NDVI,-0.68359375,22596,4544,0.01660099609885593,5578,0.020857533903253733
0,patch_13_31,3328,3584,7936,8192,65536,MSAVI,-0.26953125,38042,,,,
0,patch_13_31,3328,3584,7936,8192,65536,NDVI,-0.66015625,27319,13646,0.012477732535043085,16283,0.01899375408963
0,patch_13_32,3328,3584,8192,8448,65536,MSAVI,-0.03515625,37628,,,,
0,patch_13_32,3328,3584,8192,8448,65536,NDVI,-0.69140625,25999,11071,0.010563648377280493,13840,0.01869290418281444
0,patch_13_33,3328,3584,8448,8704,65536,MSAVI,-0.12890625,38825,,,,
0,patch_13_33,3328,3584,8448,8704,65536,NDVI,-0.60546875,26257,17821,0.013386255392455804,65536,0.023124162490552935
0,patch_13_34,3328,3584,8704,8960,65536,MSAVI,-0.12109375,34847,,,,
0,patch_13_34,3328,3584,8704,8960,65536,NDVI,-0.63671875,30170,14419,0.006268485348062486,18285,0.013924756835225593
0,patch_13_35,3328,3584,8960,9216,65536,MSAVI,0.01171875,35657,,,,
0,patch_13_35,3328,3584,8960,9216,65536,NDVI,-0.70703125,27389,8197,0.007821696424567065,10692,0.015319154264595625
0,patch_13_37,3328,3584,9472,9728,65536,MSAVI,0.0,65536,,,,
0,patch_13_37,3328,3584,9472,9728,65536,NDVI,0.0,0,0,0.0,0,0.009808042386020944
0,patch_14_1,3584,3840,256,512,65536,MSAVI,0.17578125,41495,,,,
0,patch_14_1,3584,3840,256,512,65536,NDVI,-0.99609375,24041,4126,0.013537833580241604,4516,0.01840835961065801
0,patch_14_2,3584,3840,512,768,65536,MSAVI,-0.09765625,35398,,,,
0,patch_14_2,3584,3840,512,768,65536,NDVI,-0.99609375,30138,7345,0.006527273724176982,12079,0.014210351764517598
0,patch_14_3,3584,3840,768,1024,65536,MSAVI,0.05078125,36634,,,,
0,patch_14_3,3584,3840,768,1024,65536,NDVI,-0.99609375,28902,6723,0.006703200923132702,10513,0.016086025223252337
0,patch_14_4,3584,3840,1024,1280,65536,MSAVI,-0.19140625,41537,,,,
0,patch_14_4,3584,3840,1024,1280,65536,NDVI,-0.99609375,23999,6637,0.013734128718604632,7783,0.019864907240497054
0,patch_14_5,3584,3840,1280,1536,65536,MSAVI,-0.05078125,43606,,,,
0,patch_14_5,3584,3840,1280,1536,65536,NDVI,-0.99609375,21930,3896,0.019404699212855925,5064,0.024043666757184112
0,patch_14_6,3584,3840,1536,1792,65536,MSAVI,-0.13671875,40493,,,,
0,patch_14_6,3584,3840,1536,1792,65536,NDVI,-0.55859375,25037,6352,0.012026528960478011,7934,0.02116347554063855
0,patch_14_7,3584,3840,1792,2048,65536,MSAVI,-0.16015625,43360,,,,
0,patch_14_7,3584,3840,1792,2048,65536,NDVI,-0.99609375,22176,969,0.015622719857569217,1270,0.02055594140555836
0,patch_14_8,3584,3840,2048,2304,65536,MSAVI,-0.15234375,41765,,,,
0,patch_14_8,3584,3840,2048,2304,65536,NDVI,-0.99609375,23771,3890,0.015677866778722765,4811,0.020244938665269246
0,patch_14_9,3584,3840,2304,2560,65536,MSAVI,-0.02734375,38269,,,,
0,patch_14_9,3584,3840,2304,2560,65536,NDVI,-0.62109375,27258,7694,0.008367618819277736,9936,0.015179079167635806
0,patch_14_10,3584,3840,2560,2816,65536,MSAVI,-0.15234375,34364,,,,
0,patch_14_10,3584,3840,2560,2816,65536,NDVI,-0.62890625,31172,10083,0.006460672540935061,14340,0.01460444559837537
0,patch_14_11,3584,3840,2816,3072,65536,MSAVI,-0.00390625,35122,,,,
0,patch_14_11,3584,3840,2816,3072,65536,NDVI,-0.99609375,30414,10721,0.008351336946603005,16962,0.014998304158675396
0,patch_14_12,3584,3840,3072,3328,65536,MSAVI,-0.29296875,45807,,,,
0,patch_14_12,3584,3840,3072,3328,65536,NDVI,-0.62109375,19530,11728,0.01987861216523415,11338,0.023952622397952372
0,patch_14_13,3584,3840,3328,3584,65536,MSAVI,-0.23046875,44404,,,,
0,patch_14_13,3584,3840,3328,3584,65536,NDVI,-0.64453125,21130,5884,0.018780188859745528,6764,0.02457369766680001
0,patch_14_14,3584,3840,3584,3840,65536,MSAVI,-0.20703125,45417,,,,
0,patch_14_14,3584,3840,3584,3840,65536,NDVI,-0.61328125,20112,4388,0.015298268964181932,5549,0.022776100063694654
0,patch_14_15,3584,3840,3840,4096,65536,MSAVI,0.02734375,46043,,,,
0,patch_14_15,3584,3840,3840,4096,65536,NDVI,-0.62890625,19480,2195,0.015403963288209574,2919,0.02417024683102853
0,patch_14_16,3584,3840,4096,4352,65536,MSAVI,-0.13671875,46063,,,,
0,patch_14_16,3584,3840,4096,4352,65536,NDVI,-0.66015625,19434,5463,0.015317189242483861,6911,0.02686501073360381
0,patch_14_17,3584,3840,4352,4608,65536,MSAVI,-0.03515625,42111,,,,
0,patch_14_17,3584,3840,4352,4608,65536,NDVI,-0.60546875,23419,4948,0.011539467540722395,5914,0.020786617260990375
0,patch_14_18,3584,3840,4608,4864,65536,MSAVI,0.28515625,37614,,,,
0,patch_14_18,3584,3840,4608,4864,65536,NDVI,-0.99609375,27922,7241,0.006470470507579595,10560,0.015464025540559312
0,patch_14_19,3584,3840,4864,5120,65536,MSAVI,0.19140625,35034,,,,
0,patch_14_19,3584,3840,4864,5120,65536,NDVI,-0.60546875,30495,11070,0.007360570012582154,15991,0.016588457439382198
0,patch_14_20,3584,3840,5120,5376,65536,MSAVI,0.13671875,36418,,,,
0,patch_14_20,3584,3840,5120,5376,65536,NDVI,-0.66015625,29103,17930,0.010374972889416065,21854,0.018756306487152624
0,patch_14_21,3584,3840,5376,5632,65536,MSAVI,-0.12109375,42850,,,,
0,patch_14_21,3584,3840,5376,5632,65536,NDVI,-0.99609375,22686,6437,0.016952666284281714,7366,0.023197818869172188
0,patch_14_22,3584,3840,5632,5888,65536,MSAVI,-0.06640625,45598,,,,
0,patch_14_22,3584,3840,5632,5888,65536,NDVI,-0.99609375,19938,6892,0.019677122356194843,7660,0.02495277526984166
0,patch_14_23,3584,3840,5888,6144,65536,MSAVI,0.18359375,44123,,,,
0,patch_14_23,3584,3840,5888,6144,65536,NDVI,-0.99609375,21413,3091,0.01387167205996076,4362,0.02392540049988645
0,patch_14_24,3584,3840,6144,6400,65536,MSAVI,-0.09765625,39127,,,,
0,patch_14_24,3584,3840,6144,6400,65536,NDVI,-0.99609375,26409,15841,0.01618943950115395,17414,0.02478647570686368
0,patch_14_25,3584,3840,6400,6656,65536,MSAVI,-0.11328125,40112,,,,
0,patch_14_25,3584,3840,6400,6656,65536,NDVI,-0.58984375,24596,14503,0.020310177379424532,65536,0.019239634979273307
0,patch_14_26,3584,3840,6656,6912,65536,MSAVI,-0.03515625,46534,,,,
0,patch_14_26,3584,3840,6656,6912,65536,NDVI,-0.62890625,19001,3602,0.02359385901711014,3965,0.028192079272121584
0,patch_14_27,3584,3840,6912,7168,65536,MSAVI,-0.15234375,46855,,,,
0,patch_14_27,3584,3840,6912,7168,65536,NDVI,-0.58984375,18679,5490,0.022327506480475795,6171,0.029197813490130314
0,patch_14_28,3584,3840,7168,7424,65536,MSAVI,-0.15234375,45147,,,,
0,patch_14_28,3584,3840,7168,7424,65536,NDVI,-0.65234375,20345,5439,0.019926761189588,5994,0.025745203608538325
0,patch_14_29,3584,3840,7424,7680,65536,MSAVI,-0.20703125,43426,,,,
0,patch_14_29,3584,3840,7424,7680,65536,NDVI,-0.72265625,19202,8855,0.019562061827628985,9600,0.02456463105243692
0,patch_14_30,3584,3840,7680,7936,65536,MSAVI,-0.16796875,43150,,,,
0,patch_14_30,3584,3840,7680,7936,65536,NDVI,-0.70703125,21964,8123,0.019093680038420352,7996,0.024307984701788854
0,patch_14_31,3584,3840,7936,8192,65536,MSAVI,-0.27734375,40253,,,,
0,patch_14_31,3584,3840,7936,8192,65536,NDVI,-0.65234375,25164,14560,0.017231870959499435,15245,0.023701066633717377
0,patch_14_32,3584,3840,8192,8448,65536,MSAVI,-0.09765625,36123,,,,
0,patch_14_32,3584,3840,8192,8448,65536,NDVI,-0.67578125,28700,11724,0.0062298055058027935,15929,0.013842644086193678
0,patch_14_33,3584,3840,8448,8704,65536,MSAVI,-0.11328125,38806,,,,
0,patch_14_33,3584,3840,8448,8704,65536,NDVI,-0.71484375,26468,13425,0.00804136652140787,16226,0.018471845749256532
0,patch_14_34,3584,3840,8704,8960,65536,MSAVI,-0.14453125,38284,,,,
0,patch_14_34,3584,3840,8704,8960,65536,NDVI,-0.58984375,27038,12703,0.010331281502447207,16019,0.01932638456052177
0,patch_14_35,3584,3840,8960,9216,65536,MSAVI,-0.16796875,39571,,,,
0,patch_14_35,3584,3840,8960,9216,65536,NDVI,-0.67578125,23726,9800,0.012364072033758944,9740,0.01775377142162271
0,patch_14_37,3584,3840,9472,9728,65536,MSAVI,0.0,65536,,,,
0,patch_14_37,3584,3840,9472,9728,65536,NDVI,0.0,0,0,0.0,0,0.009808042386020944
0,patch_15_1,3840,4096,256,512,65536,MSAVI,-0.05078125,41912,,,,
0,patch_15_1,3840,4096,256,512,65536,NDVI,-0.99609375,23624,728,0.011733240015393054,2155,0.018794206319274226
0,patch_15_2,3840,4096,512,768,65536,MSAVI,-0.09765625,37609,,,,
0,patch_15_2,3840,4096,512,768,65536,NDVI,-0.99609375,27927,4641,0.008868536403435934,7544,0.015562971256250335
0,patch_15_3,3840,4096,768,1024,65536,MSAVI,-0.13671875,38520,,,,
0,patch_15_3,3840,4096,768,1024,65536,NDVI,-0.64453125,27013,11051,0.011651990305187238,12488,0.019849105869122308
0,patch_15_4,3840,4096,1024,1280,65536,MSAVI,-0.07421875,40327,,,,
0,patch_15_4,3840,4096,1024,1280,65536,NDVI,-0.99609375,25209,5627,0.013002125292787603,7422,0.020130143628201813
0,patch_15_5,3840,4096,1280,1536,65536,MSAVI,-0.16015625,44717,,,,
0,patch_15_5,3840,4096,1280,1536,65536,NDVI,-0.56640625,20819,2140,0.017764495942518888,2578,0.024158570948319913
0,patch_15_6,3840,4096,1536,1792,65536,MSAVI,-0.15234375,44182,,,,
0,patch_15_6,3840,4096,1536,1792,65536,NDVI,-0.56640625,21302,2941,0.01811320171743991,4291,0.023679320516005326
0,patch_15_7,3840,4096,1792,2048,65536,MSAVI,-0.01953125,43306,,,,
0,patch_15_7,3840,4096,1792,2048,65536,NDVI,-0.99609375,22230,1205,0.014844924332420323,2019,0.020175744588419753
0,patch_15_8,3840,4096,2048,2304,65536,MSAVI,0.12890625,40607,,,,
0,patch_15_8,3840,4096,2048,2304,65536,NDVI,-0.99609375,24929,5935,0.012812742175300096,6713,0.017684092087822678
0,patch_15_9,3840,4096,2304,2560,65536,MSAVI,-0.07421875,42347,,,,
0,patch_15_9,3840,4096,2304,2560,65536,NDVI,-0.99609375,23189,3986,0.012658601514210985,5331,0.019709446773215872
0,patch_15_10,3840,4096,2560,2816,65536,MSAVI,-0.12109375,41464,,,,
0,patch_15_10,3840,4096,2560,2816,65536,NDVI,-0.59765625,24037,3447,0.012504522205268986,4554,0.019292359068591253
0,patch_15_11,3840,4096,2816,3072,65536,MSAVI,-0.18359375,45042,,,,
0,patch_15_11,3840,4096,2816,3072,65536,NDVI,-0.99609375,20494,1467,0.01829931222132969,2401,0.021641012742910998
0,patch_15_12,3840,4096,3072,3328,65536,MSAVI,-0.05078125,44331,,,,
0,patch_15_12,3840,4096,3072,3328,65536,NDVI,-0.99609375,21205,2527,0.016609869671699473,3825,0.021934534840849396
0,patch_15_13,3840,4096,3328,3584,65536,MSAVI,-0.08203125,48712,,,,
0,patch_15_13,3840,4096,3328,3584,65536,NDVI,-0.99609375,16824,2190,0.02131883581995056,2829,0.029757804079282246
0,patch_15_14,3840,4096,3584,3840,65536,MSAVI,-0.01953125,41101,,,,
0,patch_15_14,3840,4096,3584,3840,65536,NDVI,-0.99609375,24435,3946,0.012684113935303748,5730,0.019569248911386367
0,patch_15_15,3840,4096,3840,4096,65536,MSAVI,0.17578125,45489,,,,
0,patch_15_15,3840,4096,3840,4096,65536,NDVI,-0.99609375,20047,3974,0.014573714245016425,3840,0.024408743476888095
0,patch_15_16,3840,4096,4096,4352,65536,MSAVI,-0.06640625,41377,,,,
0,patch_15_16,3840,4096,4096,4352,65536,NDVI,-0.66796875,24158,4162,0.00927227981936704,6177,0.019100396565680272
0,patch_15_17,3840,4096,4352,4608,65536,MSAVI,-0.01953125,44236,,,,
0,patch_15_17,3840,4096,4352,4608,65536,NDVI,-0.99609375,21300,7490,0.018854016455442324,7285,0.024961270720051998
0,patch_15_18,3840,4096,4608,4864,65536,MSAVI,-0.12890625,39275,,,,
0,patch_15_18,3840,4096,4608,4864,65536,NDVI,-0.99609375,26261,9015,0.011402040777553357,10488,0.018501962439530756
0,patch_15_19,3840,4096,4864,5120,65536,MSAVI,0.03515625,36858,,,,
0,patch_15_19,3840,4096,4864,5120,65536,NDVI,-0.99609375,28678,11640,0.007806808765772583,15477,0.015275473164919423
0,patch_15_20,3840,4096,5120,5376,65536,MSAVI,-0.08984375,37745,,,,
0,patch_15_20,3840,4096,5120,5376,65536,NDVI,-0.58984375,27781,10011,0.009249765398050017,13829,0.0183012254255987
0,patch_15_21,3840,4096,5376,5632,65536,MSAVI,-0.29296875,43268,,,,
0,patch_15_21,3840,4096,5376,5632,65536,NDVI,-0.99609375,22268,8722,0.019597209126886866,9217,0.024872267867238868
0,patch_15_22,3840,4096,5632,5888,65536,MSAVI,-0.08203125,38973,,,,
0,patch_15_22,3840,4096,5632,5888,65536,NDVI,-0.54296875,26559,12639,0.012057988240691986,15071,0.019629891615989437
0,patch_15_23,3840,4096,5888,6144,65536,MSAVI,-0.14453125,33870,,,,
0,patch_15_23,3840,4096,5888,6144,65536,NDVI,-0.99609375,31666,9763,0.007437517813925598,14826,0.013110551179774749
0,patch_15_24,3840,4096,6144,6400,65536,MSAVI,-0.19140625,42319,,,,
0,patch_15_24,3840,4096,6144,6400,65536,NDVI,-0.99609375,23217,3047,0.01396514124487555,3871,0.020392882157066333
0,patch_15_25,3840,4096,6400,6656,65536,MSAVI,0.00390625,45750,,,,
0,patch_15_25,3840,4096,6400,6656,65536,NDVI,-0.99609375,19786,3529,0.02039506210251424,4351,0.026406102089441885
0,patch_15_26,3840,4096,6656,6912,65536,MSAVI,-0.05078125,50334,,,,
0,patch_15_26,3840,4096,6656,6912,65536,NDVI,-0.99609375,15202,1915,0.029223244181170338,1928,0.03126321342428959
0,patch_15_27,3840,4096,6912,7168,65536,MSAVI,-0.18359375,41106,,,,
0,patch_15_27,3840,4096,6912,7168,65536,NDVI,-0.53515625,24421,6881,0.015441835565808248,7198,0.02154068863795322
0,patch_15_28,3840,4096,7168,7424,65536,MSAVI,-0.37890625,40940,,,,
0,patch_15_28,3840,4096,7168,7424,65536,NDVI,-0.73046875,23183,16225,0.01942747550005848,65536,0.024445743374475443
0,patch_15_29,3840,4096,7424,7680,65536,MSAVI,-0.16015625,41455,,,,
0,patch_15_29,3840,4096,7424,7680,65536,NDVI,-0.66796875,23964,6996,0.0140323899766151,8988,0.02286559776458591
0,patch_15_30,3840,4096,7680,7936,65536,MSAVI,-0.12890625,42989,,,,
0,patch_15_30,3840,4096,7680,7936,65536,NDVI,-0.66796875,21366,5958,0.017109038115920322,7045,0.023912602584511444
0,patch_15_31,3840,4096,7936,8192,65536,MSAVI,-0.30859375,45967,,,,
0,patch_15_31,3840,4096,7936,8192,65536,NDVI,-0.69140625,19509,4481,0.022349853283141347,5565,0.027686221559498347
0,patch_15_32,3840,4096,8192,8448,65536,MSAVI,-0.26171875,39580,,,,
0,patch_15_32,3840,4096,8192,8448,65536,NDVI,-0.74609375,25204,4906,0.01167130552644996,6346,0.017806556371881582
0,patch_15_33,3840,4096,8448,8704,65536,MSAVI,-0.04296875,36797,,,,
0,patch_15_33,3840,4096,8448,8704,65536,NDVI,-0.69140625,22028,14282,0.012095625347821909,15603,0.01831439095198012
0,patch_15_34,3840,4096,8704,8960,65536,MSAVI,-0.05078125,38968,,,,
0,patch_15_34,3840,4096,8704,8960,65536,NDVI,-0.58203125,23328,15231,0.015963423609798535,15098,0.0223945021643239
0,patch_15_35,3840,4096,8960,9216,65536,MSAVI,-0.19921875,40424,,,,
0,patch_15_35,3840,4096,8960,9216,65536,NDVI,-0.72265625,22996,6787,0.013314542954923625,7956,0.019264420827018375
0,patch_16_1,4096,4352,256,512,65536,MSAVI,-0.01953125,33439,,,,
0,patch_16_1,4096,4352,256,512,65536,NDVI,-0.76953125,32092,8899,0.004007162709274287,16679,0.012123697821493612
0,patch_16_2,4096,4352,512,768,65536,MSAVI,-0.06640625,32654,,,,
0,patch_16_2,4096,4352,512,768,65536,NDVI,-0.76953125,32863,12815,0.005144137838799412,18404,0.011533438813878305
0,patch_16_3,4096,4352,768,1024,65536,MSAVI,0.00390625,40298,,,,
0,patch_16_3,4096,4352,768,1024,65536,NDVI,-0.63671875,25232,5808,0.01101416216133344,9429,0.021233983097605602
0,patch_16_4,4096,4352,1024,1280,65536,MSAVI,-0.08984375,39660,,,,
0,patch_16_4,4096,4352,1024,1280,65536,NDVI,-0.62109375,25875,9109,0.011707208054210133,11811,0.02054333320675325
0,patch_16_5,4096,4352,1280,1536,65536,MSAVI,-0.05078125,39420,,,,
0,patch_16_5,4096,4352,1280,1536,65536,NDVI,-0.58984375,26116,6716,0.010450170477519047,9505,0.016906708772213175
0,patch_16_6,4096,4352,1536,1792,65536,MSAVI,-0.08984375,43015,,,,
0,patch_16_6,4096,4352,1536,1792,65536,NDVI,-0.53515625,22521,1796,0.015578850359053945,2126,0.022955623667025138
0,patch_16_7,4096,4352,1792,2048,65536,MSAVI,-0.25390625,42685,,,,
0,patch_16_7,4096,4352,1792,2048,65536,NDVI,-0.99609375,22851,3704,0.011722695086589921,4621,0.017927418482271112
0,patch_16_8,4096,4352,2048,2304,65536,MSAVI,-0.20703125,43723,,,,
0,patch_16_8,4096,4352,2048,2304,65536,NDVI,-0.99609375,21813,3771,0.0148924795955577,4446,0.022572937296808426
0,patch_16_9,4096,4352,2304,2560,65536,MSAVI,-0.06640625,43663,,,,
0,patch_16_9,4096,4352,2304,2560,65536,NDVI,-0.99609375,21873,2755,0.014558121034179264,3523,0.022499680751655038
0,patch_16_10,4096,4352,2560,2816,65536,MSAVI,-0.04296875,40845,,,,
0,patch_16_10,4096,4352,2560,2816,65536,NDVI,-0.67578125,24681,9052,0.012139693118880857,11160,0.021230892281624586
0,patch_16_11,4096,4352,2816,3072,65536,MSAVI,0.01171875,43199,,,,
0,patch_16_11,4096,4352,2816,3072,65536,NDVI,-0.99609375,22337,1220,0.013689021765821471,2013,0.021634342176034382
0,patch_16_12,4096,4352,3072,3328,65536,MSAVI,-0.17578125,41673,,,,
0,patch_16_12,4096,4352,3072,3328,65536,NDVI,-0.99609375,23863,5737,0.01294149717737833,6962,0.019954040538020384
0,patch_16_13,4096,4352,3328,3584,65536,MSAVI,-0.08203125,43386,,,,
0,patch_16_13,4096,4352,3328,3584,65536,NDVI,-0.99609375,22150,6210,0.01633427525318354,5981,0.024067852938561562
0,patch_16_14,4096,4352,3584,3840,65536,MSAVI,-0.09765625,41180,,,,
0,patch_16_14,4096,4352,3584,3840,65536,NDVI,-0.99609375,24356,4558,0.013498663600230804,5343,0.0188672651107189
0,patch_16_15,4096,4352,3840,4096,65536,MSAVI,-0.22265625,39759,,,,
0,patch_16_15,4096,4352,3840,4096,65536,NDVI,-0.99609375,25777,8652,0.015020885757713376,10163,0.021641739913351332
0,patch_16_16,4096,4352,4096,4352,65536,MSAVI,0.00390625,39740,,,,
0,patch_16_16,4096,4352,4096,4352,65536,NDVI,-0.99609375,25796,10521,0.013135898313499539,11180,0.018848191274961623
0,patch_16_17,4096,4352,4352,4608,65536,MSAVI,-0.08984375,42717,,,,
0,patch_16_17,4096,4352,4352,4608,65536,NDVI,-0.99609375,22819,3307,0.01508495829285908,4583,0.020837262910104848
0,patch_16_18,4096,4352,4608,4864,65536,MSAVI,-0.05859375,42963,,,,
0,patch_16_18,4096,4352,4608,4864,65536,NDVI,-0.99609375,22573,5308,0.01628129740155175,5817,0.02080148298184681
0,patch_16_19,4096,4352,4864,5120,65536,MSAVI,-0.07421875,35310,,,,
0,patch_16_19,4096,4352,4864,5120,65536,NDVI,-0.99609375,30226,9111,0.00604883146796098,15453,0.014905406698866919
0,patch_16_20,4096,4352,5120,5376,65536,MSAVI,-0.19140625,42895,,,,
0,patch_16_20,4096,4352,5120,5376,65536,NDVI,-0.59765625,22640,11189,0.01972428353829883,13282,0.026969815373020928
0,patch_16_21,4096,4352,5376,5632,65536,MSAVI,-0.03515625,44716,,,,
0,patch_16_21,4096,4352,5376,5632,65536,NDVI,-0.99609375,20820,12824,0.0193655754977253,14472,0.029813568981286814
0,patch_16_22,4096,4352,5632,5888,65536,MSAVI,-0.01171875,39769,,,,
0,patch_16_22,4096,4352,5632,5888,65536,NDVI,-0.99609375,25767,9988,0.012595740534211794,10780,0.02002310218655537
0,patch_16_23,4096,4352,5888,6144,65536,MSAVI,-0.05859375,15931,,,,
0,patch_16_23,4096,4352,5888,6144,65536,NDVI,-0.54296875,35524,0,-0.02057043451774196,65155,0.011789733051509793
0,patch_16_24,4096,4352,6144,6400,65536,MSAVI,-0.00390625,45447,,,,
0,patch_16_24,4096,4352,6144,6400,65536,NDVI,-0.99609375,20089,4811,0.02220789932085715,5237,0.02794986681837011
0,patch_16_25,4096,4352,6400,6656,65536,MSAVI,0.00390625,45584,,,,
0,patch_16_25,4096,4352,6400,6656,65536,NDVI,-0.62890625,19942,7856,0.017967939016426737,7680,0.027437169515817428
0,patch_16_26,4096,4352,6656,6912,65536,MSAVI,-0.13671875,45333,,,,
0,patch_16_26,4096,4352,6656,6912,65536,NDVI,-0.99609375,20203,3099,0.018951093182058537,3626,0.02460845895140712
0,patch_16_27,4096,4352,6912,7168,65536,MSAVI,-0.31640625,45136,,,,
0,patch_16_27,4096,4352,6912,7168,65536,NDVI,-0.60546875,20388,2945,0.017292857858303368,4080,0.024308407830910123
0,patch_16_28,4096,4352,7168,7424,65536,MSAVI,-0.05859375,39735,,,,
0,patch_16_28,4096,4352,7168,7424,65536,NDVI,-0.67578125,24610,12989,0.01568666165262239,12120,0.017143161850202676
0,patch_16_29,4096,4352,7424,7680,65536,MSAVI,0.13671875,38577,,,,
0,patch_16_29,4096,4352,7424,7680,65536,NDVI,-0.62109375,26934,5931,0.009659251449406103,9210,0.01902693304998443
0,patch_16_30,4096,4352,7680,7936,65536,MSAVI,0.18359375,36881,,,,
0,patch_16_30,4096,4352,7680,7936,65536,NDVI,-0.67578125,28341,9487,0.007386093813949446,13251,0.014225046635523625
0,patch_16_31,4096,4352,7936,8192,65536,MSAVI,-0.07421875,45353,,,,
0,patch_16_31,4096,4352,7936,8192,65536,NDVI,-0.66015625,20167,8560,0.02185264112662985,8918,0.027666465377090804
0,patch_16_32,4096,4352,8192,8448,65536,MSAVI,-0.26953125,41924,,,,
0,patch_16_32,4096,4352,8192,8448,65536,NDVI,-0.71484375,23510,7813,0.015193187468412805,8814,0.02218042899387121
0,patch_16_33,4096,4352,8448,8704,65536,MSAVI,-0.12890625,39181,,,,
0,patch_16_33,4096,4352,8448,8704,65536,NDVI,-0.76171875,24965,10256,0.012977495478933912,11625,0.018860277247681106
0,patch_16_34,4096,4352,8704,8960,65536,MSAVI,0.01953125,41460,,,,
0,patch_16_34,4096,4352,8704,8960,65536,NDVI,-0.73828125,21032,4765,0.01492471267177832,5365,0.020141779602206755
0,patch_16_35,4096,4352,8960,9216,65536,MSAVI,0.03515625,40726,,,,
0,patch_16_35,4096,4352,8960,9216,65536,NDVI,-0.73046875,20989,5724,0.013281484024339874,6778,0.01939511247896686
0,patch_16_36,4096,4352,9216,9472,65536,MSAVI,0.03515625,36858,,,,
0,patch_16_36,4096,4352,9216,9472,65536,NDVI,-0.73828125,28040,12482,0.008361868261881608,14507,0.017604658103859055
0,patch_17_1,4352,4608,256,512,65536,MSAVI,-0.02734375,33856,,,,
0,patch_17_1,4352,4608,256,512,65536,NDVI,-0.59765625,31680,9450,0.004960998838588582,17116,0.013621599079715135
0,patch_17_2,4352,4608,512,768,65536,MSAVI,0.09765625,33861,,,,
0,patch_17_2,4352,4608,512,768,65536,NDVI,-0.99609375,31675,7323,0.005849552173425865,12474,0.01395110554358353
0,patch_17_3,4352,4608,768,1024,65536,MSAVI,-0.15234375,43437,,,,
0,patch_17_3,4352,4608,768,1024,65536,NDVI,-0.62890625,22081,4209,0.014285704655552844,5931,0.021658679867848002
0,patch_17_4,4352,4608,1024,1280,65536,MSAVI,-0.16015625,43911,,,,
0,patch_17_4,4352,4608,1024,1280,65536,NDVI,-0.99609375,21625,2087,0.01634183404110992,2673,0.023246779328977868
0,patch_17_5,4352,4608,1280,1536,65536,MSAVI,-0.18359375,43683,,,,
0,patch_17_5,4352,4608,1280,1536,65536,NDVI,-0.99609375,21853,3871,0.01914174556082346,4747,0.02359369618285634
0,patch_17_6,4352,4608,1536,1792,65536,MSAVI,-0.19140625,42001,,,,
0,patch_17_6,4352,4608,1536,1792,65536,NDVI,-0.55078125,23535,4289,0.012068401870008391,5392,0.018046275707648746
0,patch_17_7,4352,4608,1792,2048,65536,MSAVI,0.09765625,43617,,,,
0,patch_17_7,4352,4608,1792,2048,65536,NDVI,-0.99609375,21919,1747,0.014662373838065804,2278,0.020193705185182598
0,patch_17_8,4352,4608,2048,2304,65536,MSAVI,0.03515625,39053,,,,
0,patch_17_8,4352,4608,2048,2304,65536,NDVI,-0.99609375,26483,5494,0.00974683300422996,7082,0.017793873709160662
0,patch_17_9,4352,4608,2304,2560,65536,MSAVI,-0.09765625,44481,,,,
0,patch_17_9,4352,4608,2304,2560,65536,NDVI,-0.50390625,21055,2765,0.0162206422427026,4213,0.021787865844846044
0,patch_17_10,4352,4608,2560,2816,65536,MSAVI,-0.02734375,48484,,,,
0,patch_17_10,4352,4608,2560,2816,65536,NDVI,-0.99609375,17052,1485,0.023515568738020853,1645,0.029307593556971157
0,patch_17_11,4352,4608,2816,3072,65536,MSAVI,-0.15234375,43453,,,,
0,patch_17_11,4352,4608,2816,3072,65536,NDVI,-0.99609375,22083,396,0.014618947886855083,651,0.019081550627442823
0,patch_17_12,4352,4608,3072,3328,65536,MSAVI,-0.16796875,40038,,,,
0,patch_17_12,4352,4608,3072,3328,65536,NDVI,-0.99609375,25498,953,0.011007024034281526,1946,0.017301914447858224
0,patch_17_13,4352,4608,3328,3584,65536,MSAVI,-0.05859375,41011,,,,
0,patch_17_13,4352,4608,3328,3584,65536,NDVI,-0.99609375,24525,4838,0.013341602160866994,7219,0.020400954138761224
0,patch_17_14,4352,4608,3584,3840,65536,MSAVI,-0.06640625,35957,,,,
0,patch_17_14,4352,4608,3584,3840,65536,NDVI,-0.99609375,29579,7460,0.007166124672982277,12112,0.013534980056952084
0,patch_17_15,4352,4608,3840,4096,65536,MSAVI,0.01953125,37234,,,,
0,patch_17_15,4352,4608,3840,4096,65536,NDVI,-0.99609375,28302,6939,0.007258961735819497,10349,0.014370895283984775
0,patch_17_16,4352,4608,4096,4352,65536,MSAVI,0.09765625,37473,,,,
0,patch_17_16,4352,4608,4096,4352,65536,NDVI,-0.99609375,28063,7960,0.009116534356020861,13014,0.015861503641803998
0,patch_17_17,4352,4608,4352,4608,65536,MSAVI,0.15234375,38440,,,,
0,patch_17_17,4352,4608,4352,4608,65536,NDVI,-0.58984375,27096,7578,0.009681478980899882,10103,0.01528326775864236
0,patch_17_18,4352,4608,4608,4864,65536,MSAVI,-0.26953125,42015,,,,
0,patch_17_18,4352,4608,4608,4864,65536,NDVI,-0.99609375,23521,5235,0.014952109000084257,6534,0.0211954818783531
0,patch_17_19,4352,4608,4864,5120,65536,MSAVI,-0.19921875,38252,,,,
0,patch_17_19,4352,4608,4864,5120,65536,NDVI,-0.99609375,27284,10128,0.010783177102141495,13077,0.018843312316426913
0,patch_17_20,4352,4608,5120,5376,65536,MSAVI,-0.11328125,46535,,,,
0,patch_17_20,4352,4608,5120,5376,65536,NDVI,-0.54296875,19000,12727,0.020796420103595697,13220,0.028759079754666794
0,patch_17_21,4352,4608,5376,5632,65536,MSAVI,-0.19921875,35523,,,,
0,patch_17_21,4352,4608,5376,5632,65536,NDVI,-0.68359375,30011,20686,0.009798255476333284,24723,0.01998368148752569
0,patch_17_22,4352,4608,5632,5888,65536,MSAVI,-0.14453125,35691,,,,
0,patch_17_22,4352,4608,5632,5888,65536,NDVI,-0.66796875,29841,14505,0.010808325837436128,17686,0.018720317768484762
0,patch_17_23,4352,4608,5888,6144,65536,MSAVI,0.12109375,37052,,,,
0,patch_17_23,4352,4608,5888,6144,65536,NDVI,-0.59765625,28479,16294,0.012186786501099056,18765,0.019689625089928442
0,patch_17_24,4352,4608,6144,6400,65536,MSAVI,0.11328125,45153,,,,
0,patch_17_24,4352,4608,6144,6400,65536,NDVI,-0.66015625,20379,5478,0.016838116093411307,5798,0.024033562356245458
0,patch_17_25,4352,4608,6400,6656,65536,MSAVI,-0.01953125,42915,,,,
0,patch_17_25,4352,4608,6400,6656,65536,NDVI,-0.99609375,22621,4640,0.018132230350162704,5535,0.023387610695528888
0,patch_17_26,4352,4608,6656,6912,65536,MSAVI,-0.16015625,44731,,,,
0,patch_17_26,4352,4608,6656,6912,65536,NDVI,-0.56640625,20738,11535,0.019096534004957144,11139,0.02710787977480547
0,patch_17_27,4352,4608,6912,7168,65536,MSAVI,-0.18359375,40493,,,,
0,patch_17_27,4352,4608,6912,7168,65536,NDVI,-0.99609375,25043,5778,0.011745554374254896,6841,0.018793201173579216
0,patch_17_28,4352,4608,7168,7424,65536,MSAVI,-0.07421875,37148,,,,
0,patch_17_28,4352,4608,7168,7424,65536,NDVI,-0.99609375,28388,4936,0.006587063791345521,8288,0.013676835233927515
0,patch_17_29,4352,4608,7424,7680,65536,MSAVI,0.10546875,42314,,,,
0,patch_17_29,4352,4608,7424,7680,65536,NDVI,-0.59765625,23204,2502,0.012433904415212471,3113,0.018586432387658613
0,patch_17_30,4352,4608,7680,7936,65536,MSAVI,-0.07421875,39492,,,,
0,patch_17_30,4352,4608,7680,7936,65536,NDVI,-0.59765625,26042,8907,0.01007527852478747,11757,0.0192262644790189
0,patch_17_31,4352,4608,7936,8192,65536,MSAVI,-0.26953125,40816,,,,
0,patch_17_31,4352,4608,7936,8192,65536,NDVI,-0.69140625,23545,7628,0.014650168618868975,7976,0.019442603165358452
0,patch_17_32,4352,4608,8192,8448,65536,MSAVI,-0.24609375,45273,,,,
0,patch_17_32,4352,4608,8192,8448,65536,NDVI,-0.66015625,20084,6582,0.021971832656183188,7308,0.028940141661578933
0,patch_17_33,4352,4608,8448,8704,65536,MSAVI,-0.24609375,42783,,,,
0,patch_17_33,4352,4608,8448,8704,65536,NDVI,-0.67578125,20618,9357,0.017603292782116864,10671,0.024978472663466283
0,patch_17_34,4352,4608,8704,8960,65536,MSAVI,0.04296875,43675,,,,
0,patch_17_34,4352,4608,8704,8960,65536,NDVI,-0.70703125,21632,2474,0.017461102645486754,3564,0.02312301533146327
0,patch_17_35,4352,4608,8960,9216,65536,MSAVI,-0.16796875,43927,,,,
0,patch_17_35,4352,4608,8960,9216,65536,NDVI,-0.67578125,20701,1986,0.017238880205514173,3607,0.024691043741288693
0,patch_17_36,4352,4608,9216,9472,65536,MSAVI,0.04296875,39947,,,,
0,patch_17_36,4352,4608,9216,9472,65536,NDVI,-0.68359375,20561,4126,0.013309433319521807,5868,0.02047115186441209
0,patch_18_2,4608,4864,512,768,65536,MSAVI,-0.08203125,45752,,,,
0,patch_18_2,4608,4864,512,768,65536,NDVI,-0.99609375,19784,3267,0.02032686086206656,4232,0.026341089293118986
0,patch_18_3,4608,4864,768,1024,65536,MSAVI,-0.05078125,48295,,,,
0,patch_18_3,4608,4864,768,1024,65536,NDVI,-0.99609375,17241,2777,0.022721288783500104,3049,0.030490914295372734
0,patch_18_4,4608,4864,1024,1280,65536,MSAVI,-0.18359375,48808,,,,
0,patch_18_4,4608,4864,1024,1280,65536,NDVI,-0.99609375,16728,1134,0.026161539317443222,1043,0.030101794826449646
0,patch_18_5,4608,4864,1280,1536,65536,MSAVI,0.16015625,43583,,,,
0,patch_18_5,4608,4864,1280,1536,65536,NDVI,-0.56640625,21953,3803,0.019641897985966328,4540,0.02469402626438616
0,patch_18_6,4608,4864,1536,1792,65536,MSAVI,-0.03515625,44259,,,,
0,patch_18_6,4608,4864,1536,1792,65536,NDVI,-0.99609375,21277,876,0.01660305814314736,1382,0.021440610104537794
0,patch_18_7,4608,4864,1792,2048,65536,MSAVI,-0.08984375,46080,,,,
0,patch_18_7,4608,4864,1792,2048,65536,NDVI,-0.99609375,19456,2170,0.01887258496282354,3189,0.024930059292609996
0,patch_18_8,4608,4864,2048,2304,65536,MSAVI,-0.05078125,40347,,,,
0,patch_18_8,4608,4864,2048,2304,65536,NDVI,-0.99609375,25189,1258,0.012365730154538512,3089,0.01882723646055129
0,patch_18_9,4608,4864,2304,2560,65536,MSAVI,-0.07421875,41246,,,,
0,patch_18_9,4608,4864,2304,2560,65536,NDVI,-0.99609375,24290,2033,0.013946249289738172,3353,0.01798840782976882
0,patch_18_10,4608,4864,2560,2816,65536,MSAVI,-0.16796875,42864,,,,
0,patch_18_10,4608,4864,2560,2816,65536,NDVI,-0.99609375,22672,3279,0.01293988067747251,5019,0.020536598431076164
0,patch_18_11,4608,4864,2816,3072,65536,MSAVI,-0.11328125,43963,,,,
0,patch_18_11,4608,4864,2816,3072,65536,NDVI,-0.56640625,21568,1187,0.013335093991808364,2036,0.018656558564685927
0,patch_18_12,4608,4864,3072,3328,65536,MSAVI,0.00390625,45120,,,,
0,patch_18_12,4608,4864,3072,3328,65536,NDVI,-0.99609375,20416,3384,0.020034174751812794,4170,0.025791660846192138
0,patch_18_13,4608,4864,3328,3584,65536,MSAVI,-0.21484375,47059,,,,
0,patch_18_13,4608,4864,3328,3584,65536,NDVI,-0.99609375,18477,2935,0.022910212445823752,3410,0.027835833041967906
0,patch_18_14,4608,4864,3584,3840,65536,MSAVI,-0.05859375,37039,,,,
0,patch_18_14,4608,4864,3584,3840,65536,NDVI,-0.66796875,28497,9512,0.006883155493811646,14207,0.014569338417186328
0,patch_18_15,4608,4864,3840,4096,65536,MSAVI,0.01171875,37158,,,,
0,patch_18_15,4608,4864,3840,4096,65536,NDVI,-0.59765625,28377,11150,0.006967489494425633,15956,0.015517019369936852
0,patch_18_16,4608,4864,4096,4352,65536,MSAVI,-0.35546875,38020,,,,
0,patch_18_16,4608,4864,4096,4352,65536,NDVI,-0.99609375,27516,13442,0.0104375843683992,16704,0.01905297132894257
0,patch_18_17,4608,4864,4352,4608,65536,MSAVI,0.02734375,39180,,,,
0,patch_18_17,4608,4864,4352,4608,65536,NDVI,-0.62109375,26355,7664,0.009022659737267666,10408,0.01666536092033158
0,patch_18_18,4608,4864,4608,4864,65536,MSAVI,-0.28515625,37096,,,,
0,patch_18_18,4608,4864,4608,4864,65536,NDVI,-0.99609375,28440,11262,0.007508767438593314,15491,0.017903997654391962
0,patch_18_19,4608,4864,4864,5120,65536,MSAVI,-0.26171875,40383,,,,
0,patch_18_19,4608,4864,4864,5120,65536,NDVI,-0.99609375,25153,7145,0.011262433284108697,10800,0.019759452448988885
0,patch_18_20,4608,4864,5120,5376,65536,MSAVI,-0.01171875,38658,,,,
0,patch_18_20,4608,4864,5120,5376,65536,NDVI,-0.58984375,26877,9033,0.010359610083454152,12694,0.018120748080382054
0,patch_18_21,4608,4864,5376,5632,65536,MSAVI,-0.22265625,39040,,,,
0,patch_18_21,4608,4864,5376,5632,65536,NDVI,-0.65234375,26496,10404,0.012589208074218539,12896,0.01965427502123318
0,patch_18_22,4608,4864,5632,5888,65536,MSAVI,-0.05078125,41185,,,,
0,patch_18_22,4608,4864,5632,5888,65536,NDVI,-0.99609375,24351,8519,0.013819456919749423,10195,0.019822267561521195
0,patch_18_23,4608,4864,5888,6144,65536,MSAVI,0.10546875,41461,,,,
0,patch_18_23,4608,4864,5888,6144,65536,NDVI,-0.99609375,24075,9254,0.015020068875143816,10820,0.023566673490292844
0,patch_18_24,4608,4864,6144,6400,65536,MSAVI,0.07421875,48135,,,,
0,patch_18_24,4608,4864,6144,6400,65536,NDVI,-0.53515625,17400,9382,0.029960397656986465,8799,0.030520292853026293
0,patch_18_25,4608,4864,6400,6656,65536,MSAVI,-0.23046875,42966,,,,
0,patch_18_25,4608,4864,6400,6656,65536,NDVI,-0.99609375,22570,3526,0.01649582580045461,4702,0.02231061847344945
0,patch_18_26,4608,4864,6656,6912,65536,MSAVI,-0.25390625,41229,,,,
0,patch_18_26,4608,4864,6656,6912,65536,NDVI,-0.99609375,24307,3610,0.012279361999169902,4651,0.01818878076420935
0,patch_18_27,4608,4864,6912,7168,65536,MSAVI,-0.01171875,36960,,,,
0,patch_18_27,4608,4864,6912,7168,65536,NDVI,-0.99609375,28576,5455,0.007580393970893176,9033,0.016104703644988005
0,patch_18_28,4608,4864,7168,7424,65536,MSAVI,-0.22265625,37817,,,,
0,patch_18_28,4608,4864,7168,7424,65536,NDVI,-0.52734375,27704,18572,0.015928998598440713,19442,0.023334983400903536
0,patch_18_29,4608,4864,7424,7680,65536,MSAVI,-0.14453125,44357,,,,
0,patch_18_29,4608,4864,7424,7680,65536,NDVI,-0.65234375,21179,3495,0.01882350356290985,4625,0.02597080860748241
0,patch_18_30,4608,4864,7680,7936,65536,MSAVI,-0.16796875,39884,,,,
0,patch_18_30,4608,4864,7680,7936,65536,NDVI,-0.60546875,25494,7476,0.014069250586457471,8070,0.020640116315862683
0,patch_18_31,4608,4864,7936,8192,65536,MSAVI,-0.12890625,42113,,,,
0,patch_18_31,4608,4864,7936,8192,65536,NDVI,-0.66796875,23326,2838,0.014070978070828216,5101,0.01951451375390989
0,patch_18_32,4608,4864,8192,8448,65536,MSAVI,-0.25390625,43610,,,,
0,patch_18_32,4608,4864,8192,8448,65536,NDVI,-0.64453125,21849,4086,0.016454645453125832,5975,0.022458036091724948
0,patch_18_33,4608,4864,8448,8704,65536,MSAVI,-0.05078125,43232,,,,
0,patch_18_33,4608,4864,8448,8704,65536,NDVI,-0.69140625,21758,6559,0.016319298281813083,8476,0.025330735901199886
0,patch_18_34,4608,4864,8704,8960,65536,MSAVI,-0.19921875,45222,,,,
0,patch_18_34,4608,4864,8704,8960,65536,NDVI,-0.71484375,19907,1751,0.019359977094962455,2223,0.025828690959678963
0,patch_18_35,4608,4864,8960,9216,65536,MSAVI,-0.15234375,42119,,,,
0,patch_18_35,4608,4864,8960,9216,65536,NDVI,-0.69140625,21610,10166,0.016397507025684988,11331,0.021793812890676167
0,patch_18_36,4608,4864,9216,9472,65536,MSAVI,-0.16015625,38675,,,,
0,patch_18_36,4608,4864,9216,9472,65536,NDVI,-0.69140625,25863,3861,0.009341822289520768,6262,0.017373205940001468
0,patch_19_0,4864,5120,0,256,65536,MSAVI,0.0,65536,,,,
0,patch_19_0,4864,5120,0,256,65536,NDVI,0.0,0,0,0.0,0,0.009808042386020944
0,patch_19_2,4864,5120,512,768,65536,MSAVI,-0.18359375,44699,,,,
0,patch_19_2,4864,5120,512,768,65536,NDVI,-0.60546875,20836,4933,0.02144287726120911,5352,0.02679707768313011
0,patch_19_3,4864,5120,768,1024,65536,MSAVI,0.16015625,42613,,,,
0,patch_19_3,4864,5120,768,1024,65536,NDVI,-0.99609375,22923,6318,0.016154289377734,8310,0.023158686027419634
0,patch_19_4,4864,5120,1024,1280,65536,MSAVI,0.01171875,46437,,,,
0,patch_19_4,4864,5120,1024,1280,65536,NDVI,-0.60546875,19099,3082,0.020333309205053135,4000,0.026513772559565135
0,patch_19_5,4864,5120,1280,1536,65536,MSAVI,-0.14453125,42470,,,,
0,patch_19_5,4864,5120,1280,1536,65536,NDVI,-0.99609375,23066,2576,0.013161943577617297,4684,0.021531410333352152
0,patch_19_6,4864,5120,1536,1792,65536,MSAVI,0.04296875,41110,,,,
0,patch_19_6,4864,5120,1536,1792,65536,NDVI,-0.51953125,24424,3364,0.014499526524494294,4304,0.018961364492276978
0,patch_19_7,4864,5120,1792,2048,65536,MSAVI,-0.09765625,41441,,,,
0,patch_19_7,4864,5120,1792,2048,65536,NDVI,-0.99609375,24095,864,0.013685700628259911,1706,0.017435771186927046
0,patch_19_8,4864,5120,2048,2304,65536,MSAVI,-0.16796875,43069,,,,
0,patch_19_8,4864,5120,2048,2304,65536,NDVI,-0.99609375,22467,3068,0.016308840508107297,4577,0.023543942396265366
0,patch_19_9,4864,5120,2304,2560,65536,MSAVI,-0.26171875,43995,,,,
0,patch_19_9,4864,5120,2304,2560,65536,NDVI,-0.58984375,21541,2391,0.017821225387135514,3949,0.021937077620089257
0,patch_19_10,4864,5120,2560,2816,65536,MSAVI,-0.03515625,45291,,,,
0,patch_19_10,4864,5120,2560,2816,65536,NDVI,-0.58203125,20245,1392,0.015137252872388665,1757,0.023513435770044416
0,patch_19_11,4864,5120,2816,3072,65536,MSAVI,-0.12890625,45033,,,,
0,patch_19_11,4864,5120,2816,3072,65536,NDVI,-0.53515625,20503,1347,0.014903926995017636,1743,0.02232131571182097
0,patch_19_12,4864,5120,3072,3328,65536,MSAVI,-0.03515625,44380,,,,
0,patch_19_12,4864,5120,3072,3328,65536,NDVI,-0.58203125,21154,5000,0.014734587423231194,5570,0.02322618439352156
0,patch_19_13,4864,5120,3328,3584,65536,MSAVI,-0.00390625,25576,,,,
0,patch_19_13,4864,5120,3328,3584,65536,NDVI,-0.73046875,37264,8221,-0.00598284554717303,35272,0.014649570821754387
0,patch_19_14,4864,5120,3584,3840,65536,MSAVI,0.29296875,35539,,,,
0,patch_19_14,4864,5120,3584,3840,65536,NDVI,-0.61328125,29994,11974,0.0046234490963952685,18251,0.01601970739532993
0,patch_19_15,4864,5120,3840,4096,65536,MSAVI,0.20703125,40664,,,,
0,patch_19_15,4864,5120,3840,4096,65536,NDVI,-0.99609375,24872,10752,0.014145595160142091,12772,0.023073545973967297
0,patch_19_16,4864,5120,4096,4352,65536,MSAVI,0.28515625,38197,,,,
0,patch_19_16,4864,5120,4096,4352,65536,NDVI,-0.99609375,27339,8911,0.006513159034587143,12316,0.015693784030854196
0,patch_19_17,4864,5120,4352,4608,65536,MSAVI,0.22265625,35714,,,,
0,patch_19_17,4864,5120,4352,4608,65536,NDVI,-0.61328125,29822,14919,0.008124068328661499,17606,0.019196825314719
0,patch_19_18,4864,5120,4608,4864,65536,MSAVI,-0.24609375,42105,,,,
0,patch_19_18,4864,5120,4608,4864,65536,NDVI,-0.99609375,23431,3515,0.015649757494484023,4585,0.02002473933405219
0,patch_19_19,4864,5120,4864,5120,65536,MSAVI,-0.28515625,44379,,,,
0,patch_19_19,4864,5120,4864,5120,65536,NDVI,-0.99609375,21157,9643,0.019890545235070528,10776,0.02617254671823871
0,patch_19_20,4864,5120,5120,5376,65536,MSAVI,-0.31640625,43925,,,,
0,patch_19_20,4864,5120,5120,5376,65536,NDVI,-0.57421875,21610,8973,0.01938188131948365,10335,0.02536197717999128
0,patch_19_21,4864,5120,5376,5632,65536,MSAVI,-0.22265625,42902,,,,
0,patch_19_21,4864,5120,5376,5632,65536,NDVI,-0.99609375,22634,1639,0.014849919617832663,3373,0.021204472645798444
0,patch_19_22,4864,5120,5632,5888,65536,MSAVI,-0.10546875,43031,,,,
0,patch_19_22,4864,5120,5632,5888,65536,NDVI,-0.99609375,22505,1663,0.01413158570234313,2815,0.020154060863028456
0,patch_19_23,4864,5120,5888,6144,65536,MSAVI,-0.32421875,41573,,,,
0,patch_19_23,4864,5120,5888,6144,65536,NDVI,-0.99609375,23963,7200,0.016254421008745246,8642,0.022709500002427163
0,patch_19_24,4864,5120,6144,6400,65536,MSAVI,-0.26171875,42393,,,,
0,patch_19_24,4864,5120,6144,6400,65536,NDVI,-0.99609375,23143,5515,0.01636530916025919,7458,0.022159483093341287
0,patch_19_25,4864,5120,6400,6656,65536,MSAVI,-0.05859375,42296,,,,
0,patch_19_25,4864,5120,6400,6656,65536,NDVI,-0.99609375,23240,4959,0.016402345046301448,6050,0.022381657783677067
0,patch_19_26,4864,5120,6656,6912,65536,MSAVI,-0.14453125,40326,,,,
0,patch_19_26,4864,5120,6656,6912,65536,NDVI,-0.99609375,25210,1755,0.010596831877214191,3740,0.01702801419488381
0,patch_19_27,4864,5120,6912,7168,65536,MSAVI,-0.24609375,41579,,,,
0,patch_19_27,4864,5120,6912,7168,65536,NDVI,-0.99609375,23957,7158,0.015611819908875044,8196,0.02187076798965021
0,patch_19_28,4864,5120,7168,7424,65536,MSAVI,-0.09765625,42917,,,,
0,patch_19_28,4864,5120,7168,7424,65536,NDVI,-0.62890625,22617,6166,0.01714492631161557,6815,0.02167455807499885
0,patch_19_29,4864,5120,7424,7680,65536,MSAVI,0.16015625,50449,,,,
0,patch_19_29,4864,5120,7424,7680,65536,NDVI,-0.61328125,15070,2595,0.026358644057856317,2471,0.030962472240505717
0,patch_19_30,4864,5120,7680,7936,65536,MSAVI,-0.08203125,42719,,,,
0,patch_19_30,4864,5120,7680,7936,65536,NDVI,-0.55859375,22814,2302,0.016549555721246,2949,0.022208940354636025
0,patch_19_31,4864,5120,7936,8192,65536,MSAVI,-0.25390625,42009,,,,
0,patch_19_31,4864,5120,7936,8192,65536,NDVI,-0.59765625,23490,13316,0.017854906135639365,14123,0.02419773582847476
0,patch_19_32,4864,5120,8192,8448,65536,MSAVI,-0.01171875,38273,,,,
0,patch_19_32,4864,5120,8192,8448,65536,NDVI,-0.58203125,27007,16313,0.01120164459901872,16781,0.019417012995917193
0,patch_19_33,4864,5120,8448,8704,65536,MSAVI,-0.09765625,37723,,,,
0,patch_19_33,4864,5120,8448,8704,65536,NDVI,-0.55859375,27805,7874,0.008065201515134318,12246,0.015914660619075482
0,patch_19_34,4864,5120,8704,8960,65536,MSAVI,-0.14453125,39233,,,,
0,patch_19_34,4864,5120,8704,8960,65536,NDVI,-0.62109375,26113,8453,0.010626088568401831,11087,0.018073438229424477
0,patch_19_35,4864,5120,8960,9216,65536,MSAVI,-0.23046875,44057,,,,
0,patch_19_35,4864,5120,8960,9216,65536,NDVI,-0.66796875,21235,6976,0.019503400194691795,7165,0.025797982700934557
0,patch_19_36,4864,5120,9216,9472,65536,MSAVI,-0.13671875,37853,,,,
0,patch_19_36,4864,5120,9216,9472,65536,NDVI,-0.68359375,27571,6778,0.00863982507847072,11331,0.017445141963074007
0,patch_20_0,5120,5376,0,256,65536,MSAVI,0.0,65536,,,,
0,patch_20_0,5120,5376,0,256,65536,NDVI,0.0,0,0,0.0,0,0.009808042386020944
0,patch_20_2,5120,5376,512,768,65536,MSAVI,0.11328125,34714,,,,
0,patch_20_2,5120,5376,512,768,65536,NDVI,-0.62890625,30818,12031,0.007418327405588926,16902,0.013484460113437513
0,patch_20_3,5120,5376,768,1024,65536,MSAVI,0.04296875,35682,,,,
0,patch_20_3,5120,5376,768,1024,65536,NDVI,-0.73046875,29854,5785,0.006416946828391834,10063,0.013785909767708798
0,patch_20_4,5120,5376,1024,1280,65536,MSAVI,0.10546875,41296,,,,
0,patch_20_4,5120,5376,1024,1280,65536,NDVI,-0.99609375,24240,5075,0.010820622877134936,7555,0.021246671801122885
0,patch_20_5,5120,5376,1280,1536,65536,MSAVI,-0.15234375,39488,,,,
0,patch_20_5,5120,5376,1280,1536,65536,NDVI,-0.99609375,26048,2957,0.011289182447771995,4137,0.016948475880879832
0,patch_20_6,5120,5376,1536,1792,65536,MSAVI,0.01953125,44178,,,,
0,patch_20_6,5120,5376,1536,1792,65536,NDVI,-0.99609375,21358,1933,0.013062757763575392,2930,0.021107644489322397
0,patch_20_7,5120,5376,1792,2048,65536,MSAVI,0.00390625,44627,,,,
0,patch_20_7,5120,5376,1792,2048,65536,NDVI,-0.65234375,20903,5166,0.017046350228965224,5183,0.025254252023467816
0,patch_20_8,5120,5376,2048,2304,65536,MSAVI,0.22265625,43547,,,,
0,patch_20_8,5120,5376,2048,2304,65536,NDVI,-0.99609375,21989,1429,0.013367471459970096,2449,0.021408891118001955
0,patch_20_9,5120,5376,2304,2560,65536,MSAVI,-0.06640625,44013,,,,
0,patch_20_9,5120,5376,2304,2560,65536,NDVI,-0.99609375,21523,4542,0.013756801422023679,6187,0.02416523306203819
0,patch_20_10,5120,5376,2560,2816,65536,MSAVI,-0.23046875,47831,,,,
0,patch_20_10,5120,5376,2560,2816,65536,NDVI,-0.99609375,17705,740,0.021742672899858706,1013,0.026764018388326594
0,patch_20_11,5120,5376,2816,3072,65536,MSAVI,-0.00390625,50310,,,,
0,patch_20_11,5120,5376,2816,3072,65536,NDVI,-0.99609375,15226,653,0.02414334368015869,530,0.027613777416853114
0,patch_20_12,5120,5376,3072,3328,65536,MSAVI,0.11328125,41796,,,,
0,patch_20_12,5120,5376,3072,3328,65536,NDVI,-0.99609375,23740,1512,0.011616377472198847,3681,0.01871326173688939
0,patch_20_13,5120,5376,3328,3584,65536,MSAVI,0.00390625,36277,,,,
0,patch_20_13,5120,5376,3328,3584,65536,NDVI,-0.66015625,29154,14724,0.01203247645139413,16639,0.020768554538397238
0,patch_20_14,5120,5376,3584,3840,65536,MSAVI,-0.14453125,40127,,,,
0,patch_20_14,5120,5376,3584,3840,65536,NDVI,-0.99609375,25409,8135,0.014659561731279913,10313,0.02151295905456882
0,patch_20_15,5120,5376,3840,4096,65536,MSAVI,-0.13671875,41701,,,,
0,patch_20_15,5120,5376,3840,4096,65536,NDVI,-0.99609375,23835,4724,0.011774858032908203,6371,0.019378427880682725
0,patch_20_16,5120,5376,4096,4352,65536,MSAVI,0.00390625,38068,,,,
0,patch_20_16,5120,5376,4096,4352,65536,NDVI,-0.99609375,27468,10587,0.010776333807236388,13467,0.01880114051356921
0,patch_20_17,5120,5376,4352,4608,65536,MSAVI,-0.18359375,35739,,,,
0,patch_20_17,5120,5376,4352,4608,65536,NDVI,-0.99609375,29797,10716,0.006924235785744082,15430,0.014985913509689058
0,patch_20_18,5120,5376,4608,4864,65536,MSAVI,-0.26171875,41076,,,,
0,patch_20_18,5120,5376,4608,4864,65536,NDVI,-0.99609375,24460,7780,0.015219767941287016,10405,0.02131048810973593
0,patch_20_19,5120,5376,4864,5120,65536,MSAVI,-0.03515625,43309,,,,
0,patch_20_19,5120,5376,4864,5120,65536,NDVI,-0.99609375,22227,8541,0.01677584293182921,9276,0.025989764713011287
0,patch_20_20,5120,5376,5120,5376,65536,MSAVI,-0.15234375,41534,,,,
0,patch_20_20,5120,5376,5120,5376,65536,NDVI,-0.99609375,24002,4580,0.01324928274546422,6898,0.020208382964684107
0,patch_20_21,5120,5376,5376,5632,65536,MSAVI,-0.14453125,42335,,,,
0,patch_20_21,5120,5376,5376,5632,65536,NDVI,-0.58203125,23201,4641,0.013712288592657523,6604,0.018205905484778573
0,patch_20_22,5120,5376,5632,5888,65536,MSAVI,-0.30078125,42083,,,,
0,patch_20_22,5120,5376,5632,5888,65536,NDVI,-0.62109375,23453,5980,0.01529462219889452,6990,0.02087898197700719
0,patch_20_23,5120,5376,5888,6144,65536,MSAVI,-0.01953125,39974,,,,
0,patch_20_23,5120,5376,5888,6144,65536,NDVI,-0.99609375,25562,7358,0.0129801720552353,10057,0.02049802232336606
0,patch_20_24,5120,5376,6144,6400,65536,MSAVI,-0.19140625,41232,,,,
0,patch_20_24,5120,5376,6144,6400,65536,NDVI,-0.99609375,24304,3832,0.01504071883401234,5070,0.019163251450939695
0,patch_20_25,5120,5376,6400,6656,65536,MSAVI,-0.12890625,42897,,,,
0,patch_20_25,5120,5376,6400,6656,65536,NDVI,-0.99609375,22639,6543,0.01764435173420867,8020,0.023535335802127494
0,patch_20_26,5120,5376,6656,6912,65536,MSAVI,-0.05078125,43546,,,,
0,patch_20_26,5120,5376,6656,6912,65536,NDVI,-0.99609375,21990,2694,0.015191171052391372,3500,0.01939680053751694
0,patch_20_27,5120,5376,6912,7168,65536,MSAVI,-0.24609375,47313,,,,
0,patch_20_27,5120,5376,6912,7168,65536,NDVI,-0.61328125,18221,5783,0.025050482342010072,6819,0.030525156250226976
0,patch_20_28,5120,5376,7168,7424,65536,MSAVI,-0.09765625,43054,,,,
0,patch_20_28,5120,5376,7168,7424,65536,NDVI,-0.61328125,22472,3190,0.016665457056193045,4269,0.022620381280826746
0,patch_20_29,5120,5376,7424,7680,65536,MSAVI,-0.16015625,51905,,,,
0,patch_20_29,5120,5376,7424,7680,65536,NDVI,-0.64453125,13606,1653,0.027675271657909062,1729,0.03305915548887445
0,patch_20_30,5120,5376,7680,7936,65536,MSAVI,-0.04296875,48088,,,,
0,patch_20_30,5120,5376,7680,7936,65536,NDVI,-0.69140625,17280,4099,0.025236992065045094,4214,0.030962167110074074
0,patch_20_31,5120,5376,7936,8192,65536,MSAVI,-0.19921875,44588,,,,
0,patch_20_31,5120,5376,7936,8192,65536,NDVI,-0.60546875,20931,10438,0.024011172632099925,10530,0.027973568119431247
0,patch_20_32,5120,5376,8192,8448,65536,MSAVI,-0.19140625,36683,,,,
0,patch_20_32,5120,5376,8192,8448,65536,NDVI,-0.56640625,28831,9352,0.00798645297688616,12469,0.015081836833916118
0,patch_20_33,5120,5376,8448,8704,65536,MSAVI,-0.29296875,38430,,,,
0,patch_20_33,5120,5376,8448,8704,65536,NDVI,-0.63671875,27089,6150,0.009165971238240686,8956,0.0166002135045345
0,patch_20_34,5120,5376,8704,8960,65536,MSAVI,-0.11328125,35466,,,,
0,patch_20_34,5120,5376,8704,8960,65536,NDVI,-0.50390625,30067,8789,0.006987791842686747,12394,0.013936602634598338
0,patch_20_35,5120,5376,8960,9216,65536,MSAVI,-0.08203125,39033,,,,
0,patch_20_35,5120,5376,8960,9216,65536,NDVI,-0.58984375,26481,5941,0.009298441275125247,8725,0.016375452149934605
0,patch_20_36,5120,5376,9216,9472,65536,MSAVI,-0.02734375,41080,,,,
0,patch_20_36,5120,5376,9216,9472,65536,NDVI,-0.69140625,24158,11298,0.014756137577554701,12371,0.024308559436394955
0,patch_21_0,5376,5632,0,256,65536,MSAVI,0.0,65536,,,,
0,patch_21_0,5376,5632,0,256,65536,NDVI,0.0,0,0,0.0,0,0.009808042386020944
0,patch_21_2,5376,5632,512,768,65536,MSAVI,-0.00390625,34949,,,,
0,patch_21_2,5376,5632,512,768,65536,NDVI,-0.99609375,30587,7542,0.004718476546418465,13817,0.013449134814187108
0,patch_21_3,5376,5632,768,1024,65536,MSAVI,0.04296875,33274,,,,
0,patch_21_3,5376,5632,768,1024,65536,NDVI,-0.66015625,30870,17897,0.005810640800393202,20819,0.01607693609221425
0,patch_21_4,5376,5632,1024,1280,65536,MSAVI,-0.07421875,43918,,,,
0,patch_21_4,5376,5632,1024,1280,65536,NDVI,-0.99609375,21618,5409,0.016353357431396348,6301,0.022535212843352553
0,patch_21_5,5376,5632,1280,1536,65536,MSAVI,0.06640625,41792,,,,
0,patch_21_5,5376,5632,1280,1536,65536,NDVI,-0.99609375,23744,1259,0.01361567381242143,2707,0.02069501885376085
0,patch_21_6,5376,5632,1536,1792,65536,MSAVI,0.01171875,44678,,,,
0,patch_21_6,5376,5632,1536,1792,65536,NDVI,-0.99609375,20858,1098,0.01453465873458544,1358,0.020430254241360496
0,patch_21_7,5376,5632,1792,2048,65536,MSAVI,0.13671875,43574,,,,
0,patch_21_7,5376,5632,1792,2048,65536,NDVI,-0.99609375,21962,2471,0.013528657234733246,2985,0.021611253906480582
0,patch_21_8,5376,5632,2048,2304,65536,MSAVI,0.10546875,46389,,,,
0,patch_21_8,5376,5632,2048,2304,65536,NDVI,-0.99609375,19147,1849,0.01907066663036923,2979,0.026407256675684387
0,patch_21_9,5376,5632,2304,2560,65536,MSAVI,-0.37890625,38241,,,,
0,patch_21_9,5376,5632,2304,2560,65536,NDVI,-0.75390625,27294,10958,0.012904035701569588,14092,0.019588082125546413
0,patch_21_10,5376,5632,2560,2816,65536,MSAVI,-0.16015625,41408,,,,
0,patch_21_10,5376,5632,2560,2816,65536,NDVI,-0.99609375,24128,8776,0.016038904928327685,10931,0.02262980635461731
0,patch_21_11,5376,5632,2816,3072,65536,MSAVI,-0.33203125,44957,,,,
0,patch_21_11,5376,5632,2816,3072,65536,NDVI,-0.99609375,20579,5841,0.018849554519892675,6938,0.024969674851795493
0,patch_21_12,5376,5632,3072,3328,65536,MSAVI,-0.08203125,46342,,,,
0,patch_21_12,5376,5632,3072,3328,65536,NDVI,-0.55859375,19194,6368,0.02173752903711476,6654,0.02870222498388733
0,patch_21_13,5376,5632,3328,3584,65536,MSAVI,-0.05078125,47756,,,,
0,patch_21_13,5376,5632,3328,3584,65536,NDVI,-0.99609375,17780,1080,0.021624305254495768,1005,0.02641312307052293
0,patch_21_14,5376,5632,3584,3840,65536,MSAVI,-0.30859375,46171,,,,
0,patch_21_14,5376,5632,3584,3840,65536,NDVI,-0.99609375,19365,4883,0.020976140920349384,5186,0.02662157197915463
0,patch_21_15,5376,5632,3840,4096,65536,MSAVI,-0.16015625,46986,,,,
0,patch_21_15,5376,5632,3840,4096,65536,NDVI,-0.99609375,18550,1601,0.021369815587468838,1688,0.02409760439286393
0,patch_21_16,5376,5632,4096,4352,65536,MSAVI,-0.01953125,37399,,,,
0,patch_21_16,5376,5632,4096,4352,65536,NDVI,-0.61328125,28113,9729,0.008835996057731402,13977,0.017738906041838504
0,patch_21_17,5376,5632,4352,4608,65536,MSAVI,0.02734375,40912,,,,
0,patch_21_17,5376,5632,4352,4608,65536,NDVI,-0.99609375,24624,6251,0.013223812989284295,8411,0.021170551541666166
0,patch_21_18,5376,5632,4608,4864,65536,MSAVI,-0.16015625,42175,,,,
0,patch_21_18,5376,5632,4608,4864,65536,NDVI,-0.99609375,23361,6562,0.016468093324164462,7381,0.022772235545505976
0,patch_21_19,5376,5632,4864,5120,65536,MSAVI,-0.14453125,44004,,,,
0,patch_21_19,5376,5632,4864,5120,65536,NDVI,-0.99609375,21532,6618,0.01833420850539641,7262,0.023431319612319035
0,patch_21_20,5376,5632,5120,5376,65536,MSAVI,-0.11328125,42194,,,,
0,patch_21_20,5376,5632,5120,5376,65536,NDVI,-0.99609375,23342,2327,0.012697356519700248,3844,0.01808350182488966
0,patch_21_21,5376,5632,5376,5632,65536,MSAVI,-0.15234375,42372,,,,
0,patch_21_21,5376,5632,5376,5632,65536,NDVI,-0.53515625,23163,7678,0.01523543082469933,8018,0.020456252696369664
0,patch_21_22,5376,5632,5632,5888,65536,MSAVI,-0.19140625,46147,,,,
0,patch_21_22,5376,5632,5632,5888,65536,NDVI,-0.99609375,19389,3841,0.022859905788868734,4495,0.026366799049375084
0,patch_21_23,5376,5632,5888,6144,65536,MSAVI,0.03515625,43524,,,,
0,patch_21_23,5376,5632,5888,6144,65536,NDVI,-0.99609375,22012,8172,0.01816858212112317,8761,0.021776011850004995
0,patch_21_24,5376,5632,6144,6400,65536,MSAVI,-0.23046875,43224,,,,
0,patch_21_24,5376,5632,6144,6400,65536,NDVI,-0.99609375,22312,5568,0.019510049445546407,6854,0.022723645438944062
0,patch_21_25,5376,5632,6400,6656,65536,MSAVI,-0.02734375,43340,,,,
0,patch_21_25,5376,5632,6400,6656,65536,NDVI,-0.99609375,22196,6064,0.018548320484853192,6925,0.022405379555239885
0,patch_21_26,5376,5632,6656,6912,65536,MSAVI,-0.01953125,39576,,,,
0,patch_21_26,5376,5632,6656,6912,65536,NDVI,-0.99609375,25960,9311,0.012392321861723815,10580,0.019444816538507853
0,patch_21_27,5376,5632,6912,7168,65536,MSAVI,-0.12890625,45263,,,,
0,patch_21_27,5376,5632,6912,7168,65536,NDVI,-0.61328125,20258,3740,0.019695870594166068,3576,0.024290534610915487
0,patch_21_28,5376,5632,7168,7424,65536,MSAVI,-0.12109375,46271,,,,
0,patch_21_28,5376,5632,7168,7424,65536,NDVI,-0.64453125,19234,4094,0.020539273838611427,4373,0.027143141216245947
0,patch_21_29,5376,5632,7424,7680,65536,MSAVI,-0.26171875,49405,,,,
0,patch_21_29,5376,5632,7424,7680,65536,NDVI,-0.64453125,16120,4370,0.026785878389338186,4859,0.032535711415651064
0,patch_21_30,5376,5632,7680,7936,65536,MSAVI,-0.13671875,43843,,,,
0,patch_21_30,5376,5632,7680,7936,65536,NDVI,-0.59765625,21635,4894,0.01573208416350276,6200,0.024558825090027853
0,patch_21_31,5376,5632,7936,8192,65536,MSAVI,-0.05859375,43853,,,,
0,patch_21_31,5376,5632,7936,8192,65536,NDVI,-0.99609375,21683,1924,0.016018937740687703,3409,0.024155536623458707
0,patch_21_32,5376,5632,8192,8448,65536,MSAVI,-0.16796875,40304,,,,
0,patch_21_32,5376,5632,8192,8448,65536,NDVI,-0.56640625,25231,3553,0.010909760535105825,5949,0.018411467371566403
0,patch_21_33,5376,5632,8448,8704,65536,MSAVI,-0.06640625,41756,,,,
0,patch_21_33,5376,5632,8448,8704,65536,NDVI,-0.63671875,23686,8856,0.014235391536899164,10891,0.025071735642178156
0,patch_21_34,5376,5632,8704,8960,65536,MSAVI,-0.25390625,42547,,,,
0,patch_21_34,5376,5632,8704,8960,65536,NDVI,-0.62890625,22954,9131,0.016034037823984548,9746,0.022265139797780498
0,patch_21_35,5376,5632,8960,9216,65536,MSAVI,-0.09765625,37437,,,,
0,patch_21_35,5376,5632,8960,9216,65536,NDVI,-0.62890625,28090,12216,0.0103482557442994,16820,0.018661260693592835
0,patch_21_36,5376,5632,9216,9472,65536,MSAVI,-0.16015625,39054,,,,
0,patch_21_36,5376,5632,9216,9472,65536,NDVI,-0.69140625,26475,9070,0.010955216404763823,11916,0.020156695084268428
0,patch_22_0,5632,5888,0,256,65536,MSAVI,0.0,65536,,,,
0,patch_22_0,5632,5888,0,256,65536,NDVI,0.0,0,0,0.0,0,0.009808042386020944
0,patch_22_2,5632,5888,512,768,65536,MSAVI,-0.13671875,40292,,,,
0,patch_22_2,5632,5888,512,768,65536,NDVI,-0.99609375,25244,2833,0.011904833104357138,3969,0.017305259104317516
0,patch_22_3,5632,5888,768,1024,65536,MSAVI,-0.11328125,38296,,,,
0,patch_22_3,5632,5888,768,1024,65536,NDVI,-0.66796875,27115,12707,0.01454705133661005,14866,0.020291298574752453
0,patch_22_4,5632,5888,1024,1280,65536,MSAVI,-0.11328125,41103,,,,
0,patch_22_4,5632,5888,1024,1280,65536,NDVI,-0.99609375,24433,8300,0.017135655940459793,9654,0.02256607210119488
0,patch_22_5,5632,5888,1280,1536,65536,MSAVI,-0.15234375,43370,,,,
0,patch_22_5,5632,5888,1280,1536,65536,NDVI,-0.99609375,22166,3829,0.016560247342443712,4511,0.01968323884328793
0,patch_22_6,5632,5888,1536,1792,65536,MSAVI,0.02734375,43600,,,,
0,patch_22_6,5632,5888,1536,1792,65536,NDVI,-0.99609375,21936,7418,0.017691906815492847,8897,0.024071020404703214
0,patch_22_7,5632,5888,1792,2048,65536,MSAVI,0.01171875,43367,,,,
0,patch_22_7,5632,5888,1792,2048,65536,NDVI,-0.99609375,22169,2657,0.01572098331346132,3552,0.021868823779754076
0,patch_22_8,5632,5888,2048,2304,65536,MSAVI,0.01953125,48711,,,,
0,patch_22_8,5632,5888,2048,2304,65536,NDVI,-0.99609375,16825,1233,0.02241381854513491,1756,0.026199174617306198
0,patch_22_9,5632,5888,2304,2560,65536,MSAVI,-0.07421875,44943,,,,
0,patch_22_9,5632,5888,2304,2560,65536,NDVI,-0.99609375,20593,4819,0.01843832455038938,4943,0.02297477914341492
0,patch_22_10,5632,5888,2560,2816,65536,MSAVI,-0.23046875,47555,,,,
0,patch_22_10,5632,5888,2560,2816,65536,NDVI,-0.66796875,17981,5731,0.02218063679124979,5969,0.027911051023001204
0,patch_22_11,5632,5888,2816,3072,65536,MSAVI,-0.17578125,46934,,,,
0,patch_22_11,5632,5888,2816,3072,65536,NDVI,-0.99609375,18602,5130,0.021603050434521015,5521,0.025071084462480547
0,patch_22_12,5632,5888,3072,3328,65536,MSAVI,0.15234375,42207,,,,
0,patch_22_12,5632,5888,3072,3328,65536,NDVI,-0.99609375,23329,4442,0.012205742879960985,8082,0.02194771653911362
0,patch_22_13,5632,5888,3328,3584,65536,MSAVI,0.12890625,49509,,,,
0,patch_22_13,5632,5888,3328,3584,65536,NDVI,-0.99609375,16027,1162,0.026865215109252466,1345,0.030085751517765824
0,patch_22_14,5632,5888,3584,3840,65536,MSAVI,0.04296875,44552,,,,
0,patch_22_14,5632,5888,3584,3840,65536,NDVI,-0.99609375,20984,3338,0.016887961014133562,4171,0.02270241467665754
0,patch_22_15,5632,5888,3840,4096,65536,MSAVI,0.05078125,41199,,,,
0,patch_22_15,5632,5888,3840,4096,65536,NDVI,-0.99609375,24337,8153,0.014680596173563265,10023,0.021562953901069465
0,patch_22_16,5632,5888,4096,4352,65536,MSAVI,-0.12109375,26520,,,,
0,patch_22_16,5632,5888,4096,4352,65536,NDVI,-0.65234375,35127,1731,-0.013516120208153404,36357,0.016859727195625646
0,patch_22_17,5632,5888,4352,4608,65536,MSAVI,0.09765625,44120,,,,
0,patch_22_17,5632,5888,4352,4608,65536,NDVI,-0.99609375,21416,5854,0.01802504635895616,6572,0.02515743015681393
0,patch_22_18,5632,5888,4608,4864,65536,MSAVI,-0.04296875,41185,,,,
0,patch_22_18,5632,5888,4608,4864,65536,NDVI,-0.99609375,24351,7695,0.014285944145375859,10091,0.02130350344419321
0,patch_22_19,5632,5888,4864,5120,65536,MSAVI,-0.01953125,40543,,,,
0,patch_22_19,5632,5888,4864,5120,65536,NDVI,-0.99609375,24993,8905,0.014222431803066815,9875,0.021103380457270282
0,patch_22_20,5632,5888,5120,5376,65536,MSAVI,-0.07421875,42047,,,,
0,patch_22_20,5632,5888,5120,5376,65536,NDVI,-0.99609375,23489,4297,0.013780113406056421,4879,0.01887365763949686
0,patch_22_21,5632,5888,5376,5632,65536,MSAVI,-0.25390625,48948,,,,
0,patch_22_21,5632,5888,5376,5632,65536,NDVI,-0.50390625,16583,8862,0.025185847404323336,8508,0.02957157241294267
0,patch_22_22,5632,5888,5632,5888,65536,MSAVI,-0.12890625,42683,,,,
0,patch_22_22,5632,5888,5632,5888,65536,NDVI,-0.99609375,22853,2667,0.01486209019884846,4428,0.021209676454008147
0,patch_22_23,5632,5888,5888,6144,65536,MSAVI,-0.16015625,40664,,,,
0,patch_22_23,5632,5888,5888,6144,65536,NDVI,-0.99609375,24872,3854,0.010390963829965683,4735,0.01793798104576813
0,patch_22_24,5632,5888,6144,6400,65536,MSAVI,-0.05859375,41749,,,,
0,patch_22_24,5632,5888,6144,6400,65536,NDVI,-0.99609375,23787,5308,0.013936470619483277,6970,0.018544103192897815
0,patch_22_25,5632,5888,6400,6656,65536,MSAVI,-0.10546875,36600,,,,
0,patch_22_25,5632,5888,6400,6656,65536,NDVI,-0.99609375,28936,5691,0.008175110830679427,9923,0.015995953488855602
0,patch_22_26,5632,5888,6656,6912,65536,MSAVI,0.02734375,35682,,,,
0,patch_22_26,5632,5888,6656,6912,65536,NDVI,-0.99609375,29854,8339,0.007693489090722316,13604,0.015740292450394655
0,patch_22_27,5632,5888,6912,7168,65536,MSAVI,0.01953125,39911,,,,
0,patch_22_27,5632,5888,6912,7168,65536,NDVI,-0.99609375,25625,6235,0.011797515676692238,10173,0.020304468190169345
0,patch_22_28,5632,5888,7168,7424,65536,MSAVI,-0.05859375,39314,,,,
0,patch_22_28,5632,5888,7168,7424,65536,NDVI,-0.62109375,25890,11693,0.013173075737082013,13185,0.02033887292336936
0,patch_22_29,5632,5888,7424,7680,65536,MSAVI,-0.19140625,43618,,,,
0,patch_22_29,5632,5888,7424,7680,65536,NDVI,-0.57421875,21918,3138,0.0162498416275767,4581,0.02118755520853871
0,patch_22_30,5632,5888,7680,7936,65536,MSAVI,-0.14453125,38938,,,,
0,patch_22_30,5632,5888,7680,7936,65536,NDVI,-0.61328125,26594,6072,0.009284890006894544,10907,0.01875879702221317
0,patch_22_31,5632,5888,7936,8192,65536,MSAVI,-0.33203125,42329,,,,
0,patch_22_31,5632,5888,7936,8192,65536,NDVI,-0.74609375,23129,2771,0.014360231401485124,4268,0.019083428833349653
0,patch_22_32,5632,5888,8192,8448,65536,MSAVI,-0.05078125,49128,,,,
0,patch_22_32,5632,5888,8192,8448,65536,NDVI,-0.65234375,16403,1170,0.02370973049201658,1338,0.029003130007138084
0,patch_22_33,5632,5888,8448,8704,65536,MSAVI,-0.24609375,39618,,,,
0,patch_22_33,5632,5888,8448,8704,65536,NDVI,-0.66796875,25885,6584,0.01031889090382683,8646,0.017814053110324496
0,patch_22_34,5632,5888,8704,8960,65536,MSAVI,-0.18359375,42560,,,,
0,patch_22_34,5632,5888,8704,8960,65536,NDVI,-0.65234375,22975,8392,0.014198529331883328,9816,0.021519906625521196
0,patch_22_35,5632,5888,8960,9216,65536,MSAVI,-0.23828125,42197,,,,
0,patch_22_35,5632,5888,8960,9216,65536,NDVI,-0.64453125,23329,5327,0.015718012128952435,7462,0.023032956678331273
0,patch_22_36,5632,5888,9216,9472,65536,MSAVI,-0.12109375,38060,,,,
0,patch_22_36,5632,5888,9216,9472,65536,NDVI,-0.61328125,27448,8118,0.009961404339553823,9710,0.01698240659556352
0,patch_23_0,5888,6144,0,256,65536,MSAVI,0.0,65536,,,,
0,patch_23_0,5888,6144,0,256,65536,NDVI,0.0,0,0,0.0,0,0.009808042386020944
0,patch_23_2,5888,6144,512,768,65536,MSAVI,0.03515625,40442,,,,
0,patch_23_2,5888,6144,512,768,65536,NDVI,-0.99609375,25094,2687,0.013419543299249242,4100,0.018510387905230907
0,patch_23_3,5888,6144,768,1024,65536,MSAVI,-0.02734375,43468,,,,
0,patch_23_3,5888,6144,768,1024,65536,NDVI,-0.99609375,22068,2307,0.015312966626344598,3760,0.022181074480510987
0,patch_23_4,5888,6144,1024,1280,65536,MSAVI,-0.14453125,41619,,,,
0,patch_23_4,5888,6144,1024,1280,65536,NDVI,-0.63671875,23914,4836,0.013971871111652295,6171,0.02141260169899306
0,patch_23_5,5888,6144,1280,1536,65536,MSAVI,-0.12890625,44009,,,,
0,patch_23_5,5888,6144,1280,1536,65536,NDVI,-0.64453125,21516,7229,0.018196004471979277,7974,0.026503779289718588
0,patch_23_6,5888,6144,1536,1792,65536,MSAVI,-0.13671875,38006,,,,
0,patch_23_6,5888,6144,1536,1792,65536,NDVI,-0.64453125,25570,16035,0.015666312750426292,17172,0.024257748687290748
0,patch_23_7,5888,6144,1792,2048,65536,MSAVI,-0.01953125,32028,,,,
0,patch_23_7,5888,6144,1792,2048,65536,NDVI,-0.64453125,22126,26069,0.014768005077406735,26921,0.021722887913873612
0,patch_23_8,5888,6144,2048,2304,65536,MSAVI,0.08203125,46672,,,,
0,patch_23_8,5888,6144,2048,2304,65536,NDVI,-0.99609375,18864,1030,0.01786394161539151,1504,0.025542006692887753
0,patch_23_9,5888,6144,2304,2560,65536,MSAVI,-0.21484375,48289,,,,
0,patch_23_9,5888,6144,2304,2560,65536,NDVI,-0.99609375,17247,3013,0.024114732559557595,3094,0.02836128677769184
0,patch_23_10,5888,6144,2560,2816,65536,MSAVI,0.06640625,46273,,,,
0,patch_23_10,5888,6144,2560,2816,65536,NDVI,-0.99609375,19263,2774,0.019525594844384403,3490,0.024269023822827973
0,patch_23_11,5888,6144,2816,3072,65536,MSAVI,-0.08203125,48634,,,,
0,patch_23_11,5888,6144,2816,3072,65536,NDVI,-0.99609375,16902,2690,0.025077196467050727,2406,0.028322859954943463
0,patch_23_12,5888,6144,3072,3328,65536,MSAVI,-0.02734375,38554,,,,
0,patch_23_12,5888,6144,3072,3328,65536,NDVI,-0.99609375,26982,7255,0.010189219246331233,10806,0.017088317298900424
0,patch_23_13,5888,6144,3328,3584,65536,MSAVI,0.16796875,41751,,,,
0,patch_23_13,5888,6144,3328,3584,65536,NDVI,-0.56640625,23784,6795,0.010748548875352204,8404,0.019902870653536714
0,patch_23_14,5888,6144,3584,3840,65536,MSAVI,0.04296875,46811,,,,
0,patch_23_14,5888,6144,3584,3840,65536,NDVI,-0.99609375,18725,4132,0.021661325110563512,4437,0.028498457583257225
0,patch_23_15,5888,6144,3840,4096,65536,MSAVI,0.17578125,45585,,,,
0,patch_23_15,5888,6144,3840,4096,65536,NDVI,-0.99609375,19951,2194,0.02203413272373453,2120,0.02447083118602303
0,patch_23_16,5888,6144,4096,4352,65536,MSAVI,-0.12109375,46223,,,,
0,patch_23_16,5888,6144,4096,4352,65536,NDVI,-0.62890625,19304,9404,0.02465528646295409,9506,0.027467929966392635
0,patch_23_17,5888,6144,4352,4608,65536,MSAVI,-0.13671875,48088,,,,
0,patch_23_17,5888,6144,4352,4608,65536,NDVI,-0.99609375,17448,2235,0.024598881151224966,2651,0.028241699864595682
0,patch_23_18,5888,6144,4608,4864,65536,MSAVI,-0.02734375,43564,,,,
0,patch_23_18,5888,6144,4608,4864,65536,NDVI,-0.54296875,21971,4685,0.015721771015571484,6228,0.023118774209153037
0,patch_23_19,5888,6144,4864,5120,65536,MSAVI,-0.22265625,44938,,,,
0,patch_23_19,5888,6144,4864,5120,65536,NDVI,-0.99609375,20598,3351,0.018655143513601535,4086,0.02460834299270223
0,patch_23_20,5888,6144,5120,5376,65536,MSAVI,-0.08203125,44469,,,,
0,patch_23_20,5888,6144,5120,5376,65536,NDVI,-0.99609375,21067,2825,0.01703520613120249,4097,0.024560291554914515
0,patch_23_21,5888,6144,5376,5632,65536,MSAVI,-0.22265625,44013,,,,
0,patch_23_21,5888,6144,5376,5632,65536,NDVI,-0.50390625,21521,10444,0.018169420387176297,10496,0.023130103551522785
0,patch_23_22,5888,6144,5632,5888,65536,MSAVI,-0.10546875,43618,,,,
0,patch_23_22,5888,6144,5632,5888,65536,NDVI,-0.99609375,21918,1562,0.014138519277715783,2209,0.019824713323812027
0,patch_23_23,5888,6144,5888,6144,65536,MSAVI,-0.18359375,42551,,,,
0,patch_23_23,5888,6144,5888,6144,65536,NDVI,-0.99609375,22985,2902,0.015353436105925516,4795,0.021202870281370856
0,patch_23_24,5888,6144,6144,6400,65536,MSAVI,-0.21484375,43912,,,,
0,patch_23_24,5888,6144,6144,6400,65536,NDVI,-0.99609375,21624,7813,0.01811766782493554,8756,0.024510735682806845
0,patch_23_25,5888,6144,6400,6656,65536,MSAVI,-0.16796875,40498,,,,
0,patch_23_25,5888,6144,6400,6656,65536,NDVI,-0.99609375,25038,4834,0.011117525011992119,7688,0.01752990113209907
0,patch_23_26,5888,6144,6656,6912,65536,MSAVI,-0.15234375,39153,,,,
0,patch_23_26,5888,6144,6656,6912,65536,NDVI,-0.99609375,26383,5426,0.009389057132882142,9023,0.017729840994514107
0,patch_23_27,5888,6144,6912,7168,65536,MSAVI,-0.16796875,46975,,,,
0,patch_23_27,5888,6144,6912,7168,65536,NDVI,-0.62109375,18557,3182,0.02248112032855741,3770,0.027359123654168288
0,patch_23_28,5888,6144,7168,7424,65536,MSAVI,-0.23046875,44042,,,,
0,patch_23_28,5888,6144,7168,7424,65536,NDVI,-0.57421875,21447,5005,0.019965811561479918,5860,0.024339587002650015
0,patch_23_29,5888,6144,7424,7680,65536,MSAVI,-0.21484375,42391,,,,
0,patch_23_29,5888,6144,7424,7680,65536,NDVI,-0.64453125,23137,4393,0.014670996422142063,5162,0.019066412437238223
0,patch_23_30,5888,6144,7680,7936,65536,MSAVI,-0.18359375,38448,,,,
0,patch_23_30,5888,6144,7680,7936,65536,NDVI,-0.66015625,27017,11883,0.008332718793498423,15986,0.01943475996540031
0,patch_23_31,5888,6144,7936,8192,65536,MSAVI,-0.17578125,41032,,,,
0,patch_23_31,5888,6144,7936,8192,65536,NDVI,-0.74609375,21975,10451,0.016213568727181882,10605,0.0204615961664823
0,patch_23_32,5888,6144,8192,8448,65536,MSAVI,-0.17578125,46770,,,,
0,patch_23_32,5888,6144,8192,8448,65536,NDVI,-0.66015625,18766,2916,0.022570876939771112,3370,0.02701719271332631
0,patch_23_33,5888,6144,8448,8704,65536,MSAVI,-0.16796875,40465,,,,
0,patch_23_33,5888,6144,8448,8704,65536,NDVI,-0.61328125,25059,11558,0.014154247764778166,12960,0.021835105130431742
0,patch_23_34,5888,6144,8704,8960,65536,MSAVI,-0.13671875,39297,,,,
0,patch_23_34,5888,6144,8704,8960,65536,NDVI,-0.62890625,26236,9575,0.01086266136354233,12411,0.018733646347748628
0,patch_23_35,5888,6144,8960,9216,65536,MSAVI,-0.19921875,44771,,,,
0,patch_23_35,5888,6144,8960,9216,65536,NDVI,-0.61328125,20737,7157,0.02061992806315044,6347,0.02489204893517971
0,patch_23_36,5888,6144,9216,9472,65536,MSAVI,-0.07421875,40993,,,,
0,patch_23_36,5888,6144,9216,9472,65536,NDVI,-0.63671875,24468,3541,0.011947435706218035,5120,0.01758596823175143
0,patch_23_37,5888,6144,9472,9728,65536,MSAVI,-0.03515625,40487,,,,
0,patch_23_37,5888,6144,9472,9728,65536,NDVI,-0.69140625,24916,5952,0.011471166413895117,8571,0.01810798467731814
0,patch_24_0,6144,6400,0,256,65536,MSAVI,0.0,65536,,,,
0,patch_24_0,6144,6400,0,256,65536,NDVI,0.0,0,0,0.0,0,0.009808042386020944
0,patch_24_2,6144,6400,512,768,65536,MSAVI,-0.13671875,45002,,,,
0,patch_24_2,6144,6400,512,768,65536,NDVI,-0.99609375,20534,5226,0.021225964779548467,6080,0.026402971661665997
0,patch_24_3,6144,6400,768,1024,65536,MSAVI,0.01953125,42648,,,,
0,patch_24_3,6144,6400,768,1024,65536,NDVI,-0.99609375,22888,6585,0.017968514180852685,7303,0.024028296199655408
0,patch_24_4,6144,6400,1024,1280,65536,MSAVI,-0.19921875,47096,,,,
0,patch_24_4,6144,6400,1024,1280,65536,NDVI,-0.62109375,18351,3728,0.0243948303607118,4289,0.030092323237856017
0,patch_24_5,6144,6400,1280,1536,65536,MSAVI,-0.10546875,43807,,,,
0,patch_24_5,6144,6400,1280,1536,65536,NDVI,-0.58984375,21702,2795,0.017214898683484137,3630,0.023634765421947368
0,patch_24_6,6144,6400,1536,1792,65536,MSAVI,0.09765625,39451,,,,
0,patch_24_6,6144,6400,1536,1792,65536,NDVI,-0.58984375,26085,5143,0.009815369985437972,7100,0.016370033009519724
0,patch_24_7,6144,6400,1792,2048,65536,MSAVI,-0.12109375,27126,,,,
0,patch_24_7,6144,6400,1792,2048,65536,NDVI,-0.60546875,24430,31505,0.008543456375255554,65487,0.015934069794487166
0,patch_24_8,6144,6400,2048,2304,65536,MSAVI,0.02734375,37639,,,,
0,patch_24_8,6144,6400,2048,2304,65536,NDVI,-0.65234375,27765,11138,0.011381609347274543,14010,0.021028304113104856
0,patch_24_9,6144,6400,2304,2560,65536,MSAVI,-0.14453125,46434,,,,
0,patch_24_9,6144,6400,2304,2560,65536,NDVI,-0.99609375,19102,2472,0.022327652008551246,2671,0.025896321757535423
0,patch_24_10,6144,6400,2560,2816,65536,MSAVI,-0.12890625,47102,,,,
0,patch_24_10,6144,6400,2560,2816,65536,NDVI,-0.99609375,18434,3063,0.02221715891873635,3337,0.02734106379572057
0,patch_24_11,6144,6400,2816,3072,65536,MSAVI,-0.12890625,42151,,,,
0,patch_24_11,6144,6400,2816,3072,65536,NDVI,-0.99609375,23385,4531,0.013505332918064578,6218,0.020372694662170232
0,patch_24_12,6144,6400,3072,3328,65536,MSAVI,-0.15234375,43723,,,,
0,patch_24_12,6144,6400,3072,3328,65536,NDVI,-0.99609375,21813,4401,0.018369130957171187,5607,0.02264603001936258
0,patch_24_13,6144,6400,3328,3584,65536,MSAVI,-0.16015625,40054,,,,
0,patch_24_13,6144,6400,3328,3584,65536,NDVI,-0.61328125,25392,10707,0.015973054164375625,12795,0.024734871758917004
0,patch_24_14,6144,6400,3584,3840,65536,MSAVI,-0.00390625,44791,,,,
0,patch_24_14,6144,6400,3584,3840,65536,NDVI,-0.99609375,20745,4819,0.017448447653889143,5711,0.025516686667716476
0,patch_24_15,6144,6400,3840,4096,65536,MSAVI,-0.06640625,47947,,,,
0,patch_24_15,6144,6400,3840,4096,65536,NDVI,-0.99609375,17589,1194,0.023499695186003505,1382,0.026972611707594518
0,patch_24_16,6144,6400,4096,4352,65536,MSAVI,-0.16015625,39856,,,,
0,patch_24_16,6144,6400,4096,4352,65536,NDVI,-0.64453125,25680,10641,0.01375349681743121,12926,0.020072783432511926
0,patch_24_17,6144,6400,4352,4608,65536,MSAVI,-0.02734375,48109,,,,
0,patch_24_17,6144,6400,4352,4608,65536,NDVI,-0.55859375,17426,1633,0.02196847223009349,1480,0.02662404549765693
0,patch_24_18,6144,6400,4608,4864,65536,MSAVI,-0.04296875,44740,,,,
0,patch_24_18,6144,6400,4608,4864,65536,NDVI,-0.60546875,20757,4842,0.021544656306882515,5059,0.02655245393168859
0,patch_24_19,6144,6400,4864,5120,65536,MSAVI,-0.10546875,44389,,,,
0,patch_24_19,6144,6400,4864,5120,65536,NDVI,-0.66796875,21043,4328,0.01906818101469966,4653,0.025207790725828433
0,patch_24_20,6144,6400,5120,5376,65536,MSAVI,0.01953125,44507,,,,
0,patch_24_20,6144,6400,5120,5376,65536,NDVI,-0.99609375,21029,776,0.016745226481069297,1249,0.022811785777172133
0,patch_24_21,6144,6400,5376,5632,65536,MSAVI,-0.02734375,42758,,,,
0,patch_24_21,6144,6400,5376,5632,65536,NDVI,-0.99609375,22778,1637,0.016443490058320853,2363,0.019947811086665934
0,patch_24_22,6144,6400,5632,5888,65536,MSAVI,-0.11328125,42880,,,,
0,patch_24_22,6144,6400,5632,5888,65536,NDVI,-0.58203125,22656,888,0.013302599042611774,1778,0.02055740225676339
0,patch_24_23,6144,6400,5888,6144,65536,MSAVI,-0.17578125,41610,,,,
0,patch_24_23,6144,6400,5888,6144,65536,NDVI,-0.59765625,23925,2308,0.011655769960239204,4446,0.018760083861894566
0,patch_24_24,6144,6400,6144,6400,65536,MSAVI,-0.26171875,44865,,,,
0,patch_24_24,6144,6400,6144,6400,65536,NDVI,-0.69921875,20666,10811,0.020958819939651055,10616,0.027608039497069137
0,patch_24_25,6144,6400,6400,6656,65536,MSAVI,-0.00390625,44990,,,,
0,patch_24_25,6144,6400,6400,6656,65536,NDVI,-0.64453125,20543,3338,0.018198672302047414,4882,0.02549648413533545
0,patch_24_26,6144,6400,6656,6912,65536,MSAVI,-0.21484375,38899,,,,
0,patch_24_26,6144,6400,6656,6912,65536,NDVI,-0.53515625,26636,6035,0.010395877509001894,9168,0.017466434757315963
0,patch_24_27,6144,6400,6912,7168,65536,MSAVI,-0.21484375,47017,,,,
0,patch_24_27,6144,6400,6912,7168,65536,NDVI,-0.58984375,18514,4972,0.022711062794520842,5560,0.02789390597921365
0,patch_24_28,6144,6400,7168,7424,65536,MSAVI,-0.24609375,42356,,,,
0,patch_24_28,6144,6400,7168,7424,65536,NDVI,-0.56640625,23164,10196,0.01669918105759295,10569,0.023382190518097756
0,patch_24_29,6144,6400,7424,7680,65536,MSAVI,-0.21484375,40237,,,,
0,patch_24_29,6144,6400,7424,7680,65536,NDVI,-0.62890625,25280,6117,0.010938669363234399,7458,0.017685047843070456
0,patch_24_30,6144,6400,7680,7936,65536,MSAVI,0.06640625,43975,,,,
0,patch_24_30,6144,6400,7680,7936,65536,NDVI,-0.65234375,21557,3047,0.016037400706491123,3890,0.024292614183153788
0,patch_24_31,6144,6400,7936,8192,65536,MSAVI,-0.27734375,42976,,,,
0,patch_24_31,6144,6400,7936,8192,65536,NDVI,-0.64453125,22553,5036,0.01599363291695899,7069,0.023615930622731374
0,patch_24_32,6144,6400,8192,8448,65536,MSAVI,-0.03515625,41492,,,,
0,patch_24_32,6144,6400,8192,8448,65536,NDVI,-0.58203125,24044,5705,0.014810124835607313,6591,0.020136272160416024
0,patch_24_33,6144,6400,8448,8704,65536,MSAVI,-0.23046875,41266,,,,
0,patch_24_33,6144,6400,8448,8704,65536,NDVI,-0.60546875,24267,7801,0.016328056048372924,9182,0.020290513837999846
0,patch_24_34,6144,6400,8704,8960,65536,MSAVI,-0.19140625,43184,,,,
0,patch_24_34,6144,6400,8704,8960,65536,NDVI,-0.62109375,22280,2421,0.01550213109872288,4069,0.022001930133431352
0,patch_24_35,6144,6400,8960,9216,65536,MSAVI,-0.20703125,46412,,,,
0,patch_24_35,6144,6400,8960,9216,65536,NDVI,-0.68359375,18865,4065,0.019661020427293424,4294,0.025258139742653368
0,patch_24_36,6144,6400,9216,9472,65536,MSAVI,-0.17578125,42611,,,,
0,patch_24_36,6144,6400,9216,9472,65536,NDVI,-0.73828125,18504,2463,0.015534184616966373,3758,0.021016257087171697
0,patch_24_37,6144,6400,9472,9728,65536,MSAVI,-0.16796875,44028,,,,
0,patch_24_37,6144,6400,9472,9728,65536,NDVI,-0.69140625,20853,2884,0.01727780625966449,3579,0.02157889324559431
0,patch_25_0,6400,6656,0,256,65536,MSAVI,0.0,65536,,,,
0,patch_25_0,6400,6656,0,256,65536,NDVI,0.0,0,0,0.0,0,0.009808042386020944
0,patch_25_3,6400,6656,768,1024,65536,MSAVI,-0.23046875,46946,,,,
0,patch_25_3,6400,6656,768,1024,65536,NDVI,-0.69921875,18589,6411,0.02772917567116598,5911,0.02879986759183703
0,patch_25_4,6400,6656,1024,1280,65536,MSAVI,0.05078125,43215,,,,
0,patch_25_4,6400,6656,1024,1280,65536,NDVI,-0.61328125,22311,7103,0.01482314812569338,8178,0.0248693358981254
0,patch_25_5,6400,6656,1280,1536,65536,MSAVI,-0.04296875,42393,,,,
0,patch_25_5,6400,6656,1280,1536,65536,NDVI,-0.99609375,23143,4146,0.014258900032256702,4652,0.021196245682635728
0,patch_25_6,6400,6656,1536,1792,65536,MSAVI,-0.08203125,41969,,,,
0,patch_25_6,6400,6656,1536,1792,65536,NDVI,-0.99609375,23567,2946,0.016297667448194775,3925,0.020914568820112583
0,patch_25_7,6400,6656,1792,2048,65536,MSAVI,-0.01171875,45860,,,,
0,patch_25_7,6400,6656,1792,2048,65536,NDVI,-0.59765625,19670,2192,0.020964277568850706,2424,0.02497255788768238
0,patch_25_8,6400,6656,2048,2304,65536,MSAVI,0.08203125,44577,,,,
0,patch_25_8,6400,6656,2048,2304,65536,NDVI,-0.51953125,20954,2454,0.017131170086074704,3152,0.024444958767021324
0,patch_25_9,6400,6656,2304,2560,65536,MSAVI,0.06640625,45319,,,,
0,patch_25_9,6400,6656,2304,2560,65536,NDVI,-0.55859375,20217,1949,0.02136073935353272,2146,0.024639814223849088
0,patch_25_10,6400,6656,2560,2816,65536,MSAVI,-0.10546875,50368,,,,
0,patch_25_10,6400,6656,2560,2816,65536,NDVI,-0.57421875,15166,880,0.0263767132676698,881,0.0298108687191444
0,patch_25_11,6400,6656,2816,3072,65536,MSAVI,0.05078125,48996,,,,
0,patch_25_11,6400,6656,2816,3072,65536,NDVI,-0.51953125,16529,2726,0.026816950621510266,2845,0.031019884621879212
0,patch_25_12,6400,6656,3072,3328,65536,MSAVI,-0.16015625,44386,,,,
0,patch_25_12,6400,6656,3072,3328,65536,NDVI,-0.55859375,21149,1014,0.017010093645478785,1349,0.022437056145305334
0,patch_25_13,6400,6656,3328,3584,65536,MSAVI,-0.16796875,46996,,,,
0,patch_25_13,6400,6656,3328,3584,65536,NDVI,-0.55078125,18540,1804,0.02315218102750577,1293,0.026865352182615182
0,patch_25_14,6400,6656,3584,3840,65536,MSAVI,-0.08203125,46776,,,,
0,patch_25_14,6400,6656,3584,3840,65536,NDVI,-0.99609375,18760,1356,0.022237460846644005,1514,0.025444914219596493
0,patch_25_15,6400,6656,3840,4096,65536,MSAVI,0.02734375,43789,,,,
0,patch_25_15,6400,6656,3840,4096,65536,NDVI,-0.99609375,21747,3710,0.015783804057869208,3753,0.020533057011769273
0,patch_25_16,6400,6656,4096,4352,65536,MSAVI,-0.22265625,45823,,,,
0,patch_25_16,6400,6656,4096,4352,65536,NDVI,-0.99609375,19713,3457,0.022218156823506585,4016,0.027441545052709237
0,patch_25_17,6400,6656,4352,4608,65536,MSAVI,-0.12109375,40475,,,,
0,patch_25_17,6400,6656,4352,4608,65536,NDVI,-0.66796875,25059,8621,0.013477097338415567,10724,0.02199728351091873
0,patch_25_18,6400,6656,4608,4864,65536,MSAVI,-0.05078125,40757,,,,
0,patch_25_18,6400,6656,4608,4864,65536,NDVI,-0.99609375,24779,6397,0.013958351521919848,8316,0.02083491693969619
0,patch_25_19,6400,6656,4864,5120,65536,MSAVI,-0.18359375,40479,,,,
0,patch_25_19,6400,6656,4864,5120,65536,NDVI,-0.64453125,25055,7715,0.016882662045444724,10069,0.023685194956622607
0,patch_25_20,6400,6656,5120,5376,65536,MSAVI,-0.15234375,44683,,,,
0,patch_25_20,6400,6656,5120,5376,65536,NDVI,-0.55078125,20852,2282,0.01779711223492622,3481,0.02454229643246425
0,patch_25_21,6400,6656,5376,5632,65536,MSAVI,0.01171875,41712,,,,
0,patch_25_21,6400,6656,5376,5632,65536,NDVI,-0.58984375,23822,8463,0.017835475069071932,9949,0.024683973145183224
0,patch_25_22,6400,6656,5632,5888,65536,MSAVI,0.03515625,43888,,,,
0,patch_25_22,6400,6656,5632,5888,65536,NDVI,-0.99609375,21648,3648,0.01884862889852118,4068,0.022918289930315527
0,patch_25_23,6400,6656,5888,6144,65536,MSAVI,-0.00390625,36807,,,,
0,patch_25_23,6400,6656,5888,6144,65536,NDVI,-0.99609375,28729,5614,0.009570512832309863,8327,0.01629313825227463
0,patch_25_24,6400,6656,6144,6400,65536,MSAVI,0.01953125,39084,,,,
0,patch_25_24,6400,6656,6144,6400,65536,NDVI,-0.99609375,26452,6174,0.01050830020937274,10783,0.01808997039459828
0,patch_25_25,6400,6656,6400,6656,65536,MSAVI,-0.18359375,41287,,,,
0,patch_25_25,6400,6656,6400,6656,65536,NDVI,-0.62890625,24248,9360,0.01747173372305305,12185,0.02413834372415849
0,patch_25_26,6400,6656,6656,6912,65536,MSAVI,-0.18359375,47536,,,,
0,patch_25_26,6400,6656,6656,6912,65536,NDVI,-0.66015625,17999,3630,0.021199745709161222,4022,0.027995241285126815
0,patch_25_27,6400,6656,6912,7168,65536,MSAVI,-0.19921875,46115,,,,
0,patch_25_27,6400,6656,6912,7168,65536,NDVI,-0.99609375,19421,3233,0.01997166698459163,3288,0.0261746982548888
0,patch_25_28,6400,6656,7168,7424,65536,MSAVI,-0.22265625,42782,,,,
0,patch_25_28,6400,6656,7168,7424,65536,NDVI,-0.66796875,22747,4550,0.01470199481547288,5564,0.020876791135702177
0,patch_25_29,6400,6656,7424,7680,65536,MSAVI,0.08203125,40853,,,,
0,patch_25_29,6400,6656,7424,7680,65536,NDVI,-0.62109375,24682,4924,0.013333824445198345,5421,0.018283840927068973
0,patch_25_30,6400,6656,7680,7936,65536,MSAVI,-0.24609375,45874,,,,
0,patch_25_30,6400,6656,7680,7936,65536,NDVI,-0.62890625,19661,652,0.019141433915662975,618,0.024021590647470475
0,patch_25_31,6400,6656,7936,8192,65536,MSAVI,-0.33984375,47103,,,,
0,patch_25_31,6400,6656,7936,8192,65536,NDVI,-0.61328125,18429,753,0.0212579960217055,1222,0.026888302979257178
0,patch_25_32,6400,6656,8192,8448,65536,MSAVI,-0.16796875,44145,,,,
0,patch_25_32,6400,6656,8192,8448,65536,NDVI,-0.61328125,21389,2696,0.018317004533465325,2833,0.022126445935608724
0,patch_25_33,6400,6656,8448,8704,65536,MSAVI,-0.26171875,43459,,,,
0,patch_25_33,6400,6656,8448,8704,65536,NDVI,-0.69140625,21995,3125,0.016974640507791322,4233,0.0225168198925359
0,patch_25_34,6400,6656,8704,8960,65536,MSAVI,-0.21484375,43554,,,,
0,patch_25_34,6400,6656,8704,8960,65536,NDVI,-0.71484375,21865,1673,0.016010765722670933,2960,0.021450665981647188
0,patch_25_35,6400,6656,8960,9216,65536,MSAVI,-0.33203125,45157,,,,
0,patch_25_35,6400,6656,8960,9216,65536,NDVI,-0.76171875,20311,4771,0.01768155934954818,5170,0.022832607890238055
0,patch_25_36,6400,6656,9216,9472,65536,MSAVI,-0.20703125,42208,,,,
0,patch_25_36,6400,6656,9216,9472,65536,NDVI,-0.74609375,18794,3942,0.015726255278385337,5230,0.023343369557336735
0,patch_25_37,6400,6656,9472,9728,65536,MSAVI,-0.14453125,40655,,,,
0,patch_25_37,6400,6656,9472,9728,65536,NDVI,-0.71484375,22305,5917,0.014206359086901321,8425,0.02334822077405327
0,patch_26_0,6656,6912,0,256,65536,MSAVI,0.0,65536,,,,
0,patch_26_0,6656,6912,0,256,65536,NDVI,0.0,0,0,0.0,0,0.009808042386020944
0,patch_26_1,6656,6912,256,512,65536,MSAVI,0.0,65536,,,,
0,patch_26_1,6656,6912,256,512,65536,NDVI,0.0,0,0,0.0,0,0.009808042386020944
0,patch_26_3,6656,6912,768,1024,65536,MSAVI,-0.06640625,45249,,,,
0,patch_26_3,6656,6912,768,1024,65536,NDVI,-0.99609375,20287,5411,0.0189282196844201,7032,0.02622741491502467
0,patch_26_4,6656,6912,1024,1280,65536,MSAVI,-0.19140625,42095,,,,
0,patch_26_4,6656,6912,1024,1280,65536,NDVI,-0.99609375,23441,4134,0.016232771061921197,5397,0.02018607129950828
0,patch_26_5,6656,6912,1280,1536,65536,MSAVI,-0.20703125,45478,,,,
0,patch_26_5,6656,6912,1280,1536,65536,NDVI,-0.99609375,20058,3338,0.01940554807355019,3253,0.024342134770619916
0,patch_26_6,6656,6912,1536,1792,65536,MSAVI,-0.10546875,42851,,,,
0,patch_26_6,6656,6912,1536,1792,65536,NDVI,-0.99609375,22685,1698,0.0141261002466051,2443,0.019102134733386067
0,patch_26_7,6656,6912,1792,2048,65536,MSAVI,-0.14453125,43694,,,,
0,patch_26_7,6656,6912,1792,2048,65536,NDVI,-0.99609375,21842,1876,0.01725288836281627,2900,0.021578423615662368
0,patch_26_8,6656,6912,2048,2304,65536,MSAVI,-0.11328125,49039,,,,
0,patch_26_8,6656,6912,2048,2304,65536,NDVI,-0.99609375,16497,875,0.022721754142875805,1152,0.027935178494215757
0,patch_26_9,6656,6912,2304,2560,65536,MSAVI,-0.14453125,47375,,,,
0,patch_26_9,6656,6912,2304,2560,65536,NDVI,-0.62109375,18157,1329,0.023079795707141915,1411,0.027013618471172868
0,patch_26_10,6656,6912,2560,2816,65536,MSAVI,0.00390625,47896,,,,
0,patch_26_10,6656,6912,2560,2816,65536,NDVI,-0.99609375,17640,1094,0.022341780542542822,1274,0.029287376671781412
0,patch_26_11,6656,6912,2816,3072,65536,MSAVI,-0.23046875,47941,,,,
0,patch_26_11,6656,6912,2816,3072,65536,NDVI,-0.68359375,17593,2214,0.024465741204933306,2821,0.028706981632461603
0,patch_26_12,6656,6912,3072,3328,65536,MSAVI,-0.08203125,43692,,,,
0,patch_26_12,6656,6912,3072,3328,65536,NDVI,-0.61328125,21843,2562,0.016760406666545852,3539,0.021966817137487632
0,patch_26_13,6656,6912,3328,3584,65536,MSAVI,-0.11328125,51797,,,,
0,patch_26_13,6656,6912,3328,3584,65536,NDVI,-0.62109375,13736,2118,0.029838809052637055,2090,0.034659329638686426
0,patch_26_14,6656,6912,3584,3840,65536,MSAVI,-0.15234375,46947,,,,
0,patch_26_14,6656,6912,3584,3840,65536,NDVI,-0.58203125,18588,1104,0.022207387019293617,1368,0.02784034538218813
0,patch_26_15,6656,6912,3840,4096,65536,MSAVI,-0.05078125,45341,,,,
0,patch_26_15,6656,6912,3840,4096,65536,NDVI,-0.54296875,20194,2395,0.01934648878488482,3149,0.024976362872933866
0,patch_26_16,6656,6912,4096,4352,65536,MSAVI,-0.10546875,38624,,,,
0,patch_26_16,6656,6912,4096,4352,65536,NDVI,-0.99609375,26912,5084,0.009740619306795678,7364,0.016480148838587838
0,patch_26_17,6656,6912,4352,4608,65536,MSAVI,0.08984375,36200,,,,
0,patch_26_17,6656,6912,4352,4608,65536,NDVI,-0.64453125,29333,11049,0.01011235984345596,14962,0.018563085354262432
0,patch_26_18,6656,6912,4608,4864,65536,MSAVI,-0.17578125,41062,,,,
0,patch_26_18,6656,6912,4608,4864,65536,NDVI,-0.99609375,24474,7409,0.014692724575097765,8562,0.020242573772417838
0,patch_26_19,6656,6912,4864,5120,65536,MSAVI,-0.14453125,41781,,,,
0,patch_26_19,6656,6912,4864,5120,65536,NDVI,-0.99609375,23755,4707,0.014419345936617756,7057,0.023000436198788166
0,patch_26_20,6656,6912,5120,5376,65536,MSAVI,0.06640625,44113,,,,
0,patch_26_20,6656,6912,5120,5376,65536,NDVI,-0.99609375,21423,2866,0.017049852327689463,3309,0.024087421612300902
0,patch_26_21,6656,6912,5376,5632,65536,MSAVI,-0.10546875,43454,,,,
0,patch_26_21,6656,6912,5376,5632,65536,NDVI,-0.99609375,22082,5432,0.018038965506909588,7685,0.027142104581100446
0,patch_26_22,6656,6912,5632,5888,65536,MSAVI,-0.01171875,40084,,,,
0,patch_26_22,6656,6912,5632,5888,65536,NDVI,-0.99609375,25452,2969,0.011146925342959468,3879,0.017555316447011138
0,patch_26_23,6656,6912,5888,6144,65536,MSAVI,-0.01953125,39165,,,,
0,patch_26_23,6656,6912,5888,6144,65536,NDVI,-0.99609375,26371,6141,0.011394774976047017,8360,0.019702001487654885
0,patch_26_24,6656,6912,6144,6400,65536,MSAVI,-0.21484375,39157,,,,
0,patch_26_24,6656,6912,6144,6400,65536,NDVI,-0.99609375,26379,3460,0.010030349074166944,5695,0.01835949546410201
0,patch_26_25,6656,6912,6400,6656,65536,MSAVI,-0.23828125,49809,,,,
0,patch_26_25,6656,6912,6400,6656,65536,NDVI,-0.60546875,15674,7996,0.029091419269691304,7936,0.03284945078873566
0,patch_26_26,6656,6912,6656,6912,65536,MSAVI,-0.27734375,49931,,,,
0,patch_26_26,6656,6912,6656,6912,65536,NDVI,-0.52734375,15522,10776,0.025398993532042807,10373,0.03178194372984902
0,patch_26_27,6656,6912,6912,7168,65536,MSAVI,-0.26953125,45249,,,,
0,patch_26_27,6656,6912,6912,7168,65536,NDVI,-0.99609375,20287,2881,0.02069067947547168,3263,0.024614822693392324
0,patch_26_28,6656,6912,7168,7424,65536,MSAVI,-0.14453125,44634,,,,
0,patch_26_28,6656,6912,7168,7424,65536,NDVI,-0.99609375,20902,3319,0.01803320983366144,3601,0.022156940868269276
0,patch_26_29,6656,6912,7424,7680,65536,MSAVI,-0.17578125,42301,,,,
0,patch_26_29,6656,6912,7424,7680,65536,NDVI,-0.61328125,23232,7522,0.01907539383852938,8171,0.024109469298223246
0,patch_26_30,6656,6912,7680,7936,65536,MSAVI,-0.22265625,50817,,,,
0,patch_26_30,6656,6912,7680,7936,65536,NDVI,-0.62890625,14716,1081,0.026002728287001453,1122,0.03157179260107357
0,patch_26_31,6656,6912,7936,8192,65536,MSAVI,-0.24609375,45820,,,,
0,patch_26_31,6656,6912,7936,8192,65536,NDVI,-0.58984375,19699,3658,0.01940588533776688,5039,0.025999285495484498
0,patch_26_32,6656,6912,8192,8448,65536,MSAVI,-0.24609375,42702,,,,
0,patch_26_32,6656,6912,8192,8448,65536,NDVI,-0.65234375,22822,6359,0.015439178197562076,7183,0.021362029168670332
0,patch_26_33,6656,6912,8448,8704,65536,MSAVI,-0.11328125,41354,,,,
0,patch_26_33,6656,6912,8448,8704,65536,NDVI,-0.60546875,24170,11316,0.016652154386295373,12349,0.024629333008181986
0,patch_26_34,6656,6912,8704,8960,65536,MSAVI,-0.21484375,49927,,,,
0,patch_26_34,6656,6912,8704,8960,65536,NDVI,-0.65234375,15595,911,0.027054790656071803,1004,0.029982026666131673
0,patch_26_35,6656,6912,8960,9216,65536,MSAVI,-0.22265625,42892,,,,
0,patch_26_35,6656,6912,8960,9216,65536,NDVI,-0.69140625,22630,4733,0.017427417907935727,6007,0.02153263378839418
0,patch_26_36,6656,6912,9216,9472,65536,MSAVI,-0.19140625,42658,,,,
0,patch_26_36,6656,6912,9216,9472,65536,NDVI,-0.66015625,22856,6707,0.01637635296723025,8143,0.02402334400822395
0,patch_26_37,6656,6912,9472,9728,65536,MSAVI,-0.18359375,37001,,,,
0,patch_26_37,6656,6912,9472,9728,65536,NDVI,-0.79296875,24564,6339,0.009647210546794655,10108,0.017896137774595977
0,patch_27_0,6912,7168,0,256,65536,MSAVI,0.0,65536,,,,
0,patch_27_0,6912,7168,0,256,65536,NDVI,0.0,0,0,0.0,0,0.009808042386020944
0,patch_27_1,6912,7168,256,512,65536,MSAVI,0.0,65536,,,,
0,patch_27_1,6912,7168,256,512,65536,NDVI,0.0,0,0,0.0,0,0.009808042386020944
0,patch_27_3,6912,7168,768,1024,65536,MSAVI,-0.17578125,42784,,,,
0,patch_27_3,6912,7168,768,1024,65536,NDVI,-0.99609375,22752,5011,0.016782755761514195,5202,0.02370533467609595
0,patch_27_4,6912,7168,1024,1280,65536,MSAVI,-0.01953125,40228,,,,
0,patch_27_4,6912,7168,1024,1280,65536,NDVI,-0.99609375,25308,8657,0.01245242381911546,11832,0.019951029249909102
0,patch_27_5,6912,7168,1280,1536,65536,MSAVI,0.08984375,44827,,,,
0,patch_27_5,6912,7168,1280,1536,65536,NDVI,-0.99609375,20709,6075,0.018698144162885705,6556,0.024935497968343323
0,patch_27_6,6912,7168,1536,1792,65536,MSAVI,-0.28515625,47612,,,,
0,patch_27_6,6912,7168,1536,1792,65536,NDVI,-0.99609375,17924,2257,0.02404736781512451,2955,0.029256427702913063
0,patch_27_7,6912,7168,1792,2048,65536,MSAVI,-0.13671875,47751,,,,
0,patch_27_7,6912,7168,1792,2048,65536,NDVI,-0.99609375,17785,1203,0.021793411910346755,2325,0.027547721915875623
0,patch_27_8,6912,7168,2048,2304,65536,MSAVI,-0.29296875,41998,,,,
0,patch_27_8,6912,7168,2048,2304,65536,NDVI,-0.69921875,23538,4978,0.013640957642615997,6400,0.019889459097076317
0,patch_27_9,6912,7168,2304,2560,65536,MSAVI,0.05859375,39258,,,,
0,patch_27_9,6912,7168,2304,2560,65536,NDVI,-0.63671875,26274,6482,0.010164706329442552,9859,0.017909073389649033
0,patch_27_10,6912,7168,2560,2816,65536,MSAVI,-0.16015625,47764,,,,
0,patch_27_10,6912,7168,2560,2816,65536,NDVI,-0.99609375,17772,5071,0.021816844426087556,5789,0.027899903939587134
0,patch_27_11,6912,7168,2816,3072,65536,MSAVI,-0.19140625,48063,,,,
0,patch_27_11,6912,7168,2816,3072,65536,NDVI,-0.99609375,17473,2750,0.021946659217979378,3730,0.028524409003274465
0,patch_27_12,6912,7168,3072,3328,65536,MSAVI,-0.04296875,46675,,,,
0,patch_27_12,6912,7168,3072,3328,65536,NDVI,-0.56640625,18845,9347,0.018672642325315583,9787,0.02652125421337706
0,patch_27_13,6912,7168,3328,3584,65536,MSAVI,-0.04296875,44144,,,,
0,patch_27_13,6912,7168,3328,3584,65536,NDVI,-0.67578125,21389,6744,0.0179589619621065,8086,0.027480501639481597
0,patch_27_14,6912,7168,3584,3840,65536,MSAVI,-0.08203125,41443,,,,
0,patch_27_14,6912,7168,3584,3840,65536,NDVI,-0.61328125,24085,7809,0.014386231212541345,8769,0.023516417940272344
0,patch_27_15,6912,7168,3840,4096,65536,MSAVI,-0.05078125,43740,,,,
0,patch_27_15,6912,7168,3840,4096,65536,NDVI,-0.60546875,21792,6077,0.016778971712470017,7131,0.024787080592016814
0,patch_27_16,6912,7168,4096,4352,65536,MSAVI,0.03515625,42685,,,,
0,patch_27_16,6912,7168,4096,4352,65536,NDVI,-0.99609375,22851,5334,0.01618462724224587,6709,0.02244473395157945
0,patch_27_17,6912,7168,4352,4608,65536,MSAVI,-0.03515625,39912,,,,
0,patch_27_17,6912,7168,4352,4608,65536,NDVI,-0.99609375,25624,5707,0.01070232132877813,6519,0.01869139262072872
0,patch_27_18,6912,7168,4608,4864,65536,MSAVI,0.16015625,43679,,,,
0,patch_27_18,6912,7168,4608,4864,65536,NDVI,-0.99609375,21857,3412,0.016282204732296315,5160,0.023544743937420204
0,patch_27_19,6912,7168,4864,5120,65536,MSAVI,0.05078125,44594,,,,
0,patch_27_19,6912,7168,4864,5120,65536,NDVI,-0.99609375,20942,3639,0.018827090523664144,4920,0.026175946229336278
0,patch_27_20,6912,7168,5120,5376,65536,MSAVI,-0.07421875,45054,,,,
0,patch_27_20,6912,7168,5120,5376,65536,NDVI,-0.99609375,20482,3011,0.018498456066936633,3681,0.02532438844229712
0,patch_27_21,6912,7168,5376,5632,65536,MSAVI,-0.13671875,43529,,,,
0,patch_27_21,6912,7168,5376,5632,65536,NDVI,-0.99609375,22007,2235,0.01851693755745462,3342,0.025932869216246268
0,patch_27_22,6912,7168,5632,5888,65536,MSAVI,-0.23046875,44362,,,,
0,patch_27_22,6912,7168,5632,5888,65536,NDVI,-0.99609375,21174,7744,0.02210340967371871,8937,0.027460324504896133
0,patch_27_23,6912,7168,5888,6144,65536,MSAVI,-0.12890625,40574,,,,
0,patch_27_23,6912,7168,5888,6144,65536,NDVI,-0.99609375,24962,6508,0.013596827314494533,8185,0.02194799714692261
0,patch_27_24,6912,7168,6144,6400,65536,MSAVI,-0.01171875,39021,,,,
0,patch_27_24,6912,7168,6144,6400,65536,NDVI,-0.99609375,26515,2560,0.009654104894818383,3787,0.016362316458158888
0,patch_27_25,6912,7168,6400,6656,65536,MSAVI,-0.16015625,46431,,,,
0,patch_27_25,6912,7168,6400,6656,65536,NDVI,-0.99609375,19105,1366,0.020716482982103657,1539,0.025224743665406307
0,patch_27_26,6912,7168,6656,6912,65536,MSAVI,-0.20703125,45069,,,,
0,patch_27_26,6912,7168,6656,6912,65536,NDVI,-0.63671875,20467,4192,0.019383728808996414,4151,0.022457374797668073
0,patch_27_27,6912,7168,6912,7168,65536,MSAVI,-0.23046875,45246,,,,
0,patch_27_27,6912,7168,6912,7168,65536,NDVI,-0.99609375,20290,3118,0.018769590499878697,4044,0.025146335316069607
0,patch_27_28,6912,7168,7168,7424,65536,MSAVI,-0.12109375,46090,,,,
0,patch_27_28,6912,7168,7168,7424,65536,NDVI,-0.62890625,19445,3270,0.018872937965168285,4315,0.024654659947261487
0,patch_27_29,6912,7168,7424,7680,65536,MSAVI,-0.10546875,44676,,,,
0,patch_27_29,6912,7168,7424,7680,65536,NDVI,-0.56640625,20860,3280,0.016272281659398563,3947,0.022960392640705374
0,patch_27_30,6912,7168,7680,7936,65536,MSAVI,-0.05859375,49047,,,,
0,patch_27_30,6912,7168,7680,7936,65536,NDVI,-0.56640625,16482,2992,0.023398724384204136,3152,0.029952444937451667
0,patch_27_31,6912,7168,7936,8192,65536,MSAVI,-0.24609375,41510,,,,
0,patch_27_31,6912,7168,7936,8192,65536,NDVI,-0.99609375,24026,4172,0.013261016765692704,4945,0.019593062856831295
0,patch_27_32,6912,7168,8192,8448,65536,MSAVI,-0.24609375,43167,,,,
0,patch_27_32,6912,7168,8192,8448,65536,NDVI,-0.99609375,22369,3882,0.014307666955355347,4696,0.01903417892744305
0,patch_27_33,6912,7168,8448,8704,65536,MSAVI,-0.24609375,39168,,,,
0,patch_27_33,6912,7168,8448,8704,65536,NDVI,-0.99609375,26368,5812,0.009556120148170102,8655,0.017412510453052782
0,patch_27_34,6912,7168,8704,8960,65536,MSAVI,0.12109375,42418,,,,
0,patch_27_34,6912,7168,8704,8960,65536,NDVI,-0.67578125,23116,12717,0.018763548583753717,14106,0.027095013764614317
0,patch_27_35,6912,7168,8960,9216,65536,MSAVI,-0.18359375,44718,,,,
0,patch_27_35,6912,7168,8960,9216,65536,NDVI,-0.69140625,20779,3100,0.01941747213250515,3681,0.024047731129186345
0,patch_27_36,6912,7168,9216,9472,65536,MSAVI,-0.05078125,38906,,,,
0,patch_27_36,6912,7168,9216,9472,65536,NDVI,-0.69921875,24050,6539,0.011098788078272415,8275,0.019396491578496933
0,patch_27_37,6912,7168,9472,9728,65536,MSAVI,-0.15234375,36173,,,,
0,patch_27_37,6912,7168,9472,9728,65536,NDVI,-0.79296875,29174,6150,0.006773693524243424,9901,0.013979803039859184
0,patch_28_0,7168,7424,0,256,65536,MSAVI,0.0,65536,,,,
0,patch_28_0,7168,7424,0,256,65536,NDVI,0.0,0,0,0.0,0,0.009808042386020944
0,patch_28_1,7168,7424,256,512,65536,MSAVI,0.0,65536,,,,
0,patch_28_1,7168,7424,256,512,65536,NDVI,0.0,0,0,0.0,0,0.009808042386020944
0,patch_28_3,7168,7424,768,1024,65536,MSAVI,0.13671875,38770,,,,
0,patch_28_3,7168,7424,768,1024,65536,NDVI,-0.99609375,26766,13660,0.013366199472723411,16562,0.021270481084779275
0,patch_28_4,7168,7424,1024,1280,65536,MSAVI,-0.00390625,40852,,,,
0,patch_28_4,7168,7424,1024,1280,65536,NDVI,-0.99609375,24684,6510,0.012193750010700999,8951,0.01680132635445261
0,patch_28_5,7168,7424,1280,1536,65536,MSAVI,-0.19140625,44628,,,,
0,patch_28_5,7168,7424,1280,1536,65536,NDVI,-0.59765625,20740,10556,0.01700696401015836,10641,0.021667180014006887
0,patch_28_6,7168,7424,1536,1792,65536,MSAVI,-0.08203125,48699,,,,
0,patch_28_6,7168,7424,1536,1792,65536,NDVI,-0.99609375,16837,3273,0.02360869764685941,3621,0.029484698654309527
0,patch_28_7,7168,7424,1792,2048,65536,MSAVI,-0.19921875,47858,,,,
0,patch_28_7,7168,7424,1792,2048,65536,NDVI,-0.49609375,17675,9466,0.02174427077827791,9069,0.02830652144098189
0,patch_28_8,7168,7424,2048,2304,65536,MSAVI,-0.18359375,47394,,,,
0,patch_28_8,7168,7424,2048,2304,65536,NDVI,-0.99609375,18142,2375,0.02001463220910457,3160,0.027002413361755906
0,patch_28_9,7168,7424,2304,2560,65536,MSAVI,-0.05859375,39861,,,,
0,patch_28_9,7168,7424,2304,2560,65536,NDVI,-0.62890625,25662,11559,0.01066970159980539,12835,0.018256764480038712
0,patch_28_10,7168,7424,2560,2816,65536,MSAVI,0.20703125,36883,,,,
0,patch_28_10,7168,7424,2560,2816,65536,NDVI,-0.99609375,28653,14781,0.010084401733819526,16300,0.017852280295885564
0,patch_28_11,7168,7424,2816,3072,65536,MSAVI,-0.21484375,42775,,,,
0,patch_28_11,7168,7424,2816,3072,65536,NDVI,-0.99609375,22761,1920,0.014565759721799437,3472,0.019880312567397418
0,patch_28_12,7168,7424,3072,3328,65536,MSAVI,-0.23828125,49026,,,,
0,patch_28_12,7168,7424,3072,3328,65536,NDVI,-0.99609375,16510,3083,0.025033266428906437,3212,0.030087385741625755
0,patch_28_13,7168,7424,3328,3584,65536,MSAVI,-0.08984375,46285,,,,
0,patch_28_13,7168,7424,3328,3584,65536,NDVI,-0.99609375,19251,3828,0.021848113973063327,4597,0.02930181593642439
0,patch_28_14,7168,7424,3584,3840,65536,MSAVI,-0.07421875,44150,,,,
0,patch_28_14,7168,7424,3584,3840,65536,NDVI,-0.99609375,21386,4627,0.015536400592394611,5833,0.022602202900691287
0,patch_28_15,7168,7424,3840,4096,65536,MSAVI,-0.21484375,41499,,,,
0,patch_28_15,7168,7424,3840,4096,65536,NDVI,-0.61328125,24036,3699,0.014065795016734106,5092,0.02036202895004932
0,patch_28_16,7168,7424,4096,4352,65536,MSAVI,-0.09765625,44480,,,,
0,patch_28_16,7168,7424,4096,4352,65536,NDVI,-0.63671875,21046,8054,0.02167966902693,8556,0.02743091520728147
0,patch_28_17,7168,7424,4352,4608,65536,MSAVI,0.01953125,41090,,,,
0,patch_28_17,7168,7424,4352,4608,65536,NDVI,-0.99609375,24446,10142,0.01563465465951408,11269,0.02259701993358354
0,patch_28_18,7168,7424,4608,4864,65536,MSAVI,-0.27734375,41174,,,,
0,patch_28_18,7168,7424,4608,4864,65536,NDVI,-0.57421875,24362,8540,0.0157034752326064,9461,0.022373962854616153
0,patch_28_19,7168,7424,4864,5120,65536,MSAVI,-0.05859375,37861,,,,
0,patch_28_19,7168,7424,4864,5120,65536,NDVI,-0.65234375,27671,10450,0.011164083709389178,14010,0.020975824347020222
0,patch_28_20,7168,7424,5120,5376,65536,MSAVI,-0.10546875,46435,,,,
0,patch_28_20,7168,7424,5120,5376,65536,NDVI,-0.56640625,19094,5929,0.0211790864800811,6247,0.029120154847635554
0,patch_28_21,7168,7424,5376,5632,65536,MSAVI,-0.06640625,43481,,,,
0,patch_28_21,7168,7424,5376,5632,65536,NDVI,-0.56640625,22040,6727,0.01672111372217734,8164,0.024269921530493482
0,patch_28_22,7168,7424,5632,5888,65536,MSAVI,-0.05078125,47218,,,,
0,patch_28_22,7168,7424,5632,5888,65536,NDVI,-0.57421875,18318,2241,0.023810291746443724,3010,0.027551371425819787
0,patch_28_23,7168,7424,5888,6144,65536,MSAVI,-0.15234375,45530,,,,
0,patch_28_23,7168,7424,5888,6144,65536,NDVI,-0.61328125,19997,4080,0.020728508733215883,4967,0.025697935801991895
0,patch_28_24,7168,7424,6144,6400,65536,MSAVI,-0.01953125,38848,,,,
0,patch_28_24,7168,7424,6144,6400,65536,NDVI,-0.53515625,26686,8054,0.011453518633159104,10275,0.0191868627385125
0,patch_28_25,7168,7424,6400,6656,65536,MSAVI,-0.10546875,45055,,,,
0,patch_28_25,7168,7424,6400,6656,65536,NDVI,-0.99609375,20481,3026,0.01921480248753779,4716,0.025462070731743808
0,patch_28_26,7168,7424,6656,6912,65536,MSAVI,-0.37109375,49363,,,,
0,patch_28_26,7168,7424,6656,6912,65536,NDVI,-0.65234375,16173,2352,0.02741785524842863,2534,0.030301193288134604
0,patch_28_27,7168,7424,6912,7168,65536,MSAVI,-0.16015625,52212,,,,
0,patch_28_27,7168,7424,6912,7168,65536,NDVI,-0.99609375,13324,988,0.030682003896536164,1180,0.035487665739675045
0,patch_28_28,7168,7424,7168,7424,65536,MSAVI,-0.31640625,47056,,,,
0,patch_28_28,7168,7424,7168,7424,65536,NDVI,-0.99609375,18480,1836,0.019962035078282633,1778,0.02477560454200381
0,patch_28_29,7168,7424,7424,7680,65536,MSAVI,-0.03515625,45579,,,,
0,patch_28_29,7168,7424,7424,7680,65536,NDVI,-0.99609375,19957,2040,0.018057384277258462,3060,0.024680143036851315
0,patch_28_30,7168,7424,7680,7936,65536,MSAVI,-0.21484375,45362,,,,
0,patch_28_30,7168,7424,7680,7936,65536,NDVI,-0.55078125,20172,1639,0.01732345994653396,2449,0.02402599967340366
0,patch_28_31,7168,7424,7936,8192,65536,MSAVI,-0.07421875,44780,,,,
0,patch_28_31,7168,7424,7936,8192,65536,NDVI,-0.56640625,20751,2892,0.013358624167468774,3789,0.0224844531592594
0,patch_28_32,7168,7424,8192,8448,65536,MSAVI,-0.07421875,37480,,,,
0,patch_28_32,7168,7424,8192,8448,65536,NDVI,-0.99609375,28056,10211,0.00793392571725833,12442,0.017202798755616117
0,patch_28_33,7168,7424,8448,8704,65536,MSAVI,-0.19140625,36854,,,,
0,patch_28_33,7168,7424,8448,8704,65536,NDVI,-0.69140625,28676,8624,0.009533225604720919,12230,0.017008465092045094
0,patch_28_34,7168,7424,8704,8960,65536,MSAVI,-0.16796875,41819,,,,
0,patch_28_34,7168,7424,8704,8960,65536,NDVI,-0.99609375,23717,7330,0.01712559343252651,8792,0.0221214746443662
0,patch_28_35,7168,7424,8960,9216,65536,MSAVI,-0.18359375,46825,,,,
0,patch_28_35,7168,7424,8960,9216,65536,NDVI,-0.66796875,18704,885,0.022345073952309197,1071,0.024509167000119764
0,patch_28_36,7168,7424,9216,9472,65536,MSAVI,-0.30078125,42756,,,,
0,patch_28_36,7168,7424,9216,9472,65536,NDVI,-0.68359375,22680,2046,0.014808390000485339,2838,0.018501442260929674
0,patch_28_37,7168,7424,9472,9728,65536,MSAVI,-0.16796875,39649,,,,
0,patch_28_37,7168,7424,9472,9728,65536,NDVI,-0.72265625,24452,7218,0.013110231608108897,8344,0.017621140114074507
0,patch_29_0,7424,7680,0,256,65536,MSAVI,0.0,65536,,,,
0,patch_29_0,7424,7680,0,256,65536,NDVI,0.0,0,0,0.0,0,0.009808042386020944
0,patch_29_1,7424,7680,256,512,65536,MSAVI,0.0,65536,,,,
0,patch_29_1,7424,7680,256,512,65536,NDVI,0.0,0,0,0.0,0,0.009808042386020944
0,patch_29_3,7424,7680,768,1024,65536,MSAVI,-0.01953125,38857,,,,
0,patch_29_3,7424,7680,768,1024,65536,NDVI,-0.99609375,26679,7716,0.009202304079707263,11189,0.015003275190538706
0,patch_29_4,7424,7680,1024,1280,65536,MSAVI,-0.07421875,40268,,,,
0,patch_29_4,7424,7680,1024,1280,65536,NDVI,-0.99609375,25268,7117,0.01240193986548982,9817,0.018691429829959305
0,patch_29_5,7424,7680,1280,1536,65536,MSAVI,-0.06640625,46658,,,,
0,patch_29_5,7424,7680,1280,1536,65536,NDVI,-0.99609375,18878,3748,0.021886957746660107,3916,0.026453410180077713
0,patch_29_6,7424,7680,1536,1792,65536,MSAVI,-0.09765625,44647,,,,
0,patch_29_6,7424,7680,1536,1792,65536,NDVI,-0.99609375,20889,6036,0.016873361754343272,6967,0.024480709726009908
0,patch_29_7,7424,7680,1792,2048,65536,MSAVI,-0.23828125,46408,,,,
0,patch_29_7,7424,7680,1792,2048,65536,NDVI,-0.99609375,19128,3067,0.022189107224010934,3661,0.026160757743992152
0,patch_29_8,7424,7680,2048,2304,65536,MSAVI,-0.09765625,47261,,,,
0,patch_29_8,7424,7680,2048,2304,65536,NDVI,-0.99609375,18275,2468,0.023229967445435318,2611,0.02730928298788643
0,patch_29_9,7424,7680,2304,2560,65536,MSAVI,0.05078125,46334,,,,
0,patch_29_9,7424,7680,2304,2560,65536,NDVI,-0.99609375,19202,4263,0.02110447478075303,4542,0.029073257317521917
0,patch_29_10,7424,7680,2560,2816,65536,MSAVI,-0.13671875,36941,,,,
0,patch_29_10,7424,7680,2560,2816,65536,NDVI,-0.67578125,20785,16792,0.017201687979259,17260,0.02338048120981087
0,patch_29_11,7424,7680,2816,3072,65536,MSAVI,-0.08984375,44602,,,,
0,patch_29_11,7424,7680,2816,3072,65536,NDVI,-0.59765625,20918,3881,0.020005864866761258,4304,0.027669128156775802
0,patch_29_12,7424,7680,3072,3328,65536,MSAVI,-0.13671875,42087,,,,
0,patch_29_12,7424,7680,3072,3328,65536,NDVI,-0.57421875,23418,15995,0.027274670715675742,65536,0.030218474951942742
0,patch_29_13,7424,7680,3328,3584,65536,MSAVI,-0.19921875,45795,,,,
0,patch_29_13,7424,7680,3328,3584,65536,NDVI,-0.71484375,19736,5052,0.022570692400309983,5792,0.031033021983064624
0,patch_29_14,7424,7680,3584,3840,65536,MSAVI,-0.30859375,36936,,,,
0,patch_29_14,7424,7680,3584,3840,65536,NDVI,-0.58203125,28593,19338,0.014683183078585724,22395,0.023318124967352583
0,patch_29_15,7424,7680,3840,4096,65536,MSAVI,-0.20703125,34429,,,,
0,patch_29_15,7424,7680,3840,4096,65536,NDVI,-0.55078125,30845,22322,0.010259249072233523,23950,0.018566944104098093
0,patch_29_16,7424,7680,4096,4352,65536,MSAVI,-0.07421875,42417,,,,
0,patch_29_16,7424,7680,4096,4352,65536,NDVI,-0.58984375,22982,16448,0.022591884973831425,16613,0.028234206082121155
0,patch_29_17,7424,7680,4352,4608,65536,MSAVI,0.02734375,43518,,,,
0,patch_29_17,7424,7680,4352,4608,65536,NDVI,-0.57421875,21534,13395,0.026057483494820094,13358,0.029166755861378263
0,patch_29_18,7424,7680,4608,4864,65536,MSAVI,-0.22265625,47061,,,,
0,patch_29_18,7424,7680,4608,4864,65536,NDVI,-0.59765625,18439,10560,0.02647941402436174,10568,0.03375124136961957
0,patch_29_19,7424,7680,4864,5120,65536,MSAVI,-0.12890625,45544,,,,
0,patch_29_19,7424,7680,4864,5120,65536,NDVI,-0.63671875,19984,5751,0.022021945992118874,6150,0.025336997820218365
0,patch_29_20,7424,7680,5120,5376,65536,MSAVI,-0.03515625,46450,,,,
0,patch_29_20,7424,7680,5120,5376,65536,NDVI,-0.62890625,19064,6817,0.023430355927024624,7578,0.029959147921781226
0,patch_29_21,7424,7680,5376,5632,65536,MSAVI,-0.28515625,43352,,,,
0,patch_29_21,7424,7680,5376,5632,65536,NDVI,-0.63671875,22181,6945,0.019471147474616576,9359,0.027261009235626882
0,patch_29_22,7424,7680,5632,5888,65536,MSAVI,-0.06640625,41387,,,,
0,patch_29_22,7424,7680,5632,5888,65536,NDVI,-0.99609375,24149,2283,0.015540567990211807,2892,0.018862320973477675
0,patch_29_23,7424,7680,5888,6144,65536,MSAVI,-0.16796875,48066,,,,
0,patch_29_23,7424,7680,5888,6144,65536,NDVI,-0.99609375,17470,1051,0.023334040802758388,1228,0.02817894500233656
0,patch_29_24,7424,7680,6144,6400,65536,MSAVI,-0.06640625,40601,,,,
0,patch_29_24,7424,7680,6144,6400,65536,NDVI,-0.99609375,24935,2982,0.011708317068512608,4521,0.01817543069051908
0,patch_29_25,7424,7680,6400,6656,65536,MSAVI,-0.19921875,43404,,,,
0,patch_29_25,7424,7680,6400,6656,65536,NDVI,-0.99609375,22132,1454,0.01578591494285611,2375,0.023233975528654388
0,patch_29_26,7424,7680,6656,6912,65536,MSAVI,-0.19140625,45622,,,,
0,patch_29_26,7424,7680,6656,6912,65536,NDVI,-0.63671875,19911,1251,0.020892964962089006,1969,0.02547343915171263
0,patch_29_27,7424,7680,6912,7168,65536,MSAVI,-0.16015625,49525,,,,
0,patch_29_27,7424,7680,6912,7168,65536,NDVI,-0.58984375,16008,2334,0.026506383650520576,2295,0.0316988400345804
0,patch_29_28,7424,7680,7168,7424,65536,MSAVI,0.04296875,44957,,,,
0,patch_29_28,7424,7680,7168,7424,65536,NDVI,-0.56640625,20565,7700,0.01970487220832423,7440,0.02386271687526556
0,patch_29_29,7424,7680,7424,7680,65536,MSAVI,-0.23828125,45683,,,,
0,patch_29_29,7424,7680,7424,7680,65536,NDVI,-0.56640625,19844,4040,0.017579070393439408,4897,0.024536668612378437
0,patch_29_30,7424,7680,7680,7936,65536,MSAVI,-0.18359375,46411,,,,
0,patch_29_30,7424,7680,7680,7936,65536,NDVI,-0.99609375,19125,1750,0.019726979229056057,1965,0.025152291303706775
0,patch_29_31,7424,7680,7936,8192,65536,MSAVI,0.06640625,47384,,,,
0,patch_29_31,7424,7680,7936,8192,65536,NDVI,-0.99609375,18152,2691,0.022239978042248115,2665,0.02631786866435276
0,patch_29_32,7424,7680,8192,8448,65536,MSAVI,-0.16796875,41521,,,,
0,patch_29_32,7424,7680,8192,8448,65536,NDVI,-0.58203125,24015,3519,0.013190962383030719,4681,0.019339946362946225
0,patch_29_33,7424,7680,8448,8704,65536,MSAVI,-0.08984375,47811,,,,
0,patch_29_33,7424,7680,8448,8704,65536,NDVI,-0.64453125,17719,1171,0.02133803786874927,1581,0.02728965966377947
0,patch_29_34,7424,7680,8704,8960,65536,MSAVI,-0.09765625,45482,,,,
0,patch_29_34,7424,7680,8704,8960,65536,NDVI,-0.62890625,20033,1540,0.018746742270590866,2721,0.024810048059118767
0,patch_29_35,7424,7680,8960,9216,65536,MSAVI,-0.22265625,45932,,,,
0,patch_29_35,7424,7680,8960,9216,65536,NDVI,-0.68359375,19525,2815,0.020236080481501634,3829,0.026071616492866073
0,patch_29_36,7424,7680,9216,9472,65536,MSAVI,-0.20703125,42567,,,,
0,patch_29_36,7424,7680,9216,9472,65536,NDVI,-0.60546875,22960,2874,0.015750400109690477,3845,0.020730874972049923
0,patch_29_37,7424,7680,9472,9728,65536,MSAVI,-0.09765625,38813,,,,
0,patch_29_37,7424,7680,9472,9728,65536,NDVI,-0.69140625,26572,5829,0.008659978521043082,9047,0.015037595083485483
0,patch_30_0,7680,7936,0,256,65536,MSAVI,0.0,65536,,,,
0,patch_30_0,7680,7936,0,256,65536,NDVI,0.0,0,0,0.0,0,0.009808042386020944
0,patch_30_1,7680,7936,256,512,65536,MSAVI,0.0,65536,,,,
0,patch_30_1,7680,7936,256,512,65536,NDVI,0.0,0,0,0.0,0,0.009808042386020944
0,patch_30_3,7680,7936,768,1024,65536,MSAVI,0.01171875,35428,,,,
0,patch_30_3,7680,7936,768,1024,65536,NDVI,-0.67578125,30103,8303,0.005223939791552376,10988,0.011319012336030831
0,patch_30_4,7680,7936,1024,1280,65536,MSAVI,-0.10546875,37357,,,,
0,patch_30_4,7680,7936,1024,1280,65536,NDVI,-0.63671875,28128,9784,0.00849146100957307,13548,0.016586161913366204
0,patch_30_5,7680,7936,1280,1536,65536,MSAVI,-0.07421875,41625,,,,
0,patch_30_5,7680,7936,1280,1536,65536,NDVI,-0.99609375,23911,2404,0.01272729567205147,4709,0.019319253185050234
0,patch_30_6,7680,7936,1536,1792,65536,MSAVI,-0.01953125,45545,,,,
0,patch_30_6,7680,7936,1536,1792,65536,NDVI,-0.99609375,19991,3854,0.02087272338002688,3967,0.026036575073458162
0,patch_30_7,7680,7936,1792,2048,65536,MSAVI,0.03515625,43118,,,,
0,patch_30_7,7680,7936,1792,2048,65536,NDVI,-0.99609375,22418,4401,0.017007437945875586,6051,0.020729735413402395
0,patch_30_8,7680,7936,2048,2304,65536,MSAVI,-0.22265625,46137,,,,
0,patch_30_8,7680,7936,2048,2304,65536,NDVI,-0.99609375,19399,4947,0.020234837988114318,6497,0.02568918651433591
0,patch_30_9,7680,7936,2304,2560,65536,MSAVI,0.04296875,48076,,,,
0,patch_30_9,7680,7936,2304,2560,65536,NDVI,-0.99609375,17460,2308,0.02304699347207076,2995,0.029526415755130708
0,patch_30_10,7680,7936,2560,2816,65536,MSAVI,0.01953125,36258,,,,
0,patch_30_10,7680,7936,2560,2816,65536,NDVI,-0.62890625,29278,8334,0.008919519843569423,10597,0.01649478440140939
0,patch_30_11,7680,7936,2816,3072,65536,MSAVI,-0.21484375,44499,,,,
0,patch_30_11,7680,7936,2816,3072,65536,NDVI,-0.74609375,21028,4235,0.017867125536611767,4629,0.02458892027982912
0,patch_30_12,7680,7936,3072,3328,65536,MSAVI,0.05078125,39396,,,,
0,patch_30_12,7680,7936,3072,3328,65536,NDVI,-0.66015625,26115,10160,0.014218500721925958,13388,0.023136206618875693
0,patch_30_13,7680,7936,3328,3584,65536,MSAVI,-0.03515625,43658,,,,
0,patch_30_13,7680,7936,3328,3584,65536,NDVI,-0.66796875,21604,14136,0.02216258567769122,14293,0.03046703665565903
0,patch_30_14,7680,7936,3584,3840,65536,MSAVI,0.01171875,40879,,,,
0,patch_30_14,7680,7936,3584,3840,65536,NDVI,-0.61328125,23429,17682,0.02288973970129668,65536,0.02770475641268144
0,patch_30_15,7680,7936,3840,4096,65536,MSAVI,-0.23828125,39324,,,,
0,patch_30_15,7680,7936,3840,4096,65536,NDVI,-0.54296875,25994,19995,0.015010348871762558,21095,0.023913704053518864
0,patch_30_16,7680,7936,4096,4352,65536,MSAVI,-0.16015625,46537,,,,
0,patch_30_16,7680,7936,4096,4352,65536,NDVI,-0.59765625,18785,10334,0.025757530260085676,10508,0.032349884325040906
0,patch_30_17,7680,7936,4352,4608,65536,MSAVI,-0.19921875,46081,,,,
0,patch_30_17,7680,7936,4352,4608,65536,NDVI,-0.62109375,19445,6566,0.023210063169371575,7191,0.03161340136283056
0,patch_30_18,7680,7936,4608,4864,65536,MSAVI,-0.13671875,46097,,,,
0,patch_30_18,7680,7936,4608,4864,65536,NDVI,-0.60546875,19438,4505,0.02219965936918994,5401,0.030339068921910822
0,patch_30_19,7680,7936,4864,5120,65536,MSAVI,-0.30859375,42095,,,,
0,patch_30_19,7680,7936,4864,5120,65536,NDVI,-0.99609375,23441,8974,0.01639800603411895,11006,0.02522179459253876
0,patch_30_20,7680,7936,5120,5376,65536,MSAVI,-0.06640625,40459,,,,
0,patch_30_20,7680,7936,5120,5376,65536,NDVI,-0.99609375,25077,8270,0.013997438327752965,9696,0.023188444784405626
0,patch_30_21,7680,7936,5376,5632,65536,MSAVI,-0.05078125,43976,,,,
0,patch_30_21,7680,7936,5376,5632,65536,NDVI,-0.60546875,21559,5256,0.015468191259269737,6435,0.024925416193337352
0,patch_30_22,7680,7936,5632,5888,65536,MSAVI,0.01953125,35874,,,,
0,patch_30_22,7680,7936,5632,5888,65536,NDVI,-0.99609375,29662,3316,0.006562559989239006,6064,0.014997087433324507
0,patch_30_23,7680,7936,5888,6144,65536,MSAVI,-0.08203125,43301,,,,
0,patch_30_23,7680,7936,5888,6144,65536,NDVI,-0.99609375,22235,1984,0.015052329571976358,3638,0.02201186420412951
0,patch_30_24,7680,7936,6144,6400,65536,MSAVI,-0.19921875,43322,,,,
0,patch_30_24,7680,7936,6144,6400,65536,NDVI,-0.58203125,22211,4359,0.016802002004523697,5185,0.02305867033250486
0,patch_30_25,7680,7936,6400,6656,65536,MSAVI,-0.25390625,40104,,,,
0,patch_30_25,7680,7936,6400,6656,65536,NDVI,-0.54296875,25430,10748,0.01504774985589108,11290,0.020041671949871748
0,patch_30_26,7680,7936,6656,6912,65536,MSAVI,-0.06640625,45034,,,,
0,patch_30_26,7680,7936,6656,6912,65536,NDVI,-0.56640625,20502,1433,0.020715641587498362,1792,0.02510016295884851
0,patch_30_27,7680,7936,6912,7168,65536,MSAVI,-0.14453125,41010,,,,
0,patch_30_27,7680,7936,6912,7168,65536,NDVI,-0.56640625,24524,3958,0.01424284026032481,4604,0.020654707469067723
0,patch_30_28,7680,7936,7168,7424,65536,MSAVI,-0.01953125,44461,,,,
0,patch_30_28,7680,7936,7168,7424,65536,NDVI,-0.99609375,21075,2370,0.016239369569713932,2087,0.021343538287606018
0,patch_30_29,7680,7936,7424,7680,65536,MSAVI,-0.19921875,47535,,,,
0,patch_30_29,7680,7936,7424,7680,65536,NDVI,-0.59765625,18000,1155,0.023759423388338197,1214,0.028475115497486075
0,patch_30_30,7680,7936,7680,7936,65536,MSAVI,-0.20703125,51858,,,,
0,patch_30_30,7680,7936,7680,7936,65536,NDVI,-0.66015625,13641,1686,0.030489543961310622,1933,0.03427693079415495
0,patch_30_31,7680,7936,7936,8192,65536,MSAVI,-0.18359375,42698,,,,
0,patch_30_31,7680,7936,7936,8192,65536,NDVI,-0.55078125,22826,8967,0.01681184750948117,9639,0.023934148418323087
0,patch_30_32,7680,7936,8192,8448,65536,MSAVI,-0.14453125,39768,,,,
0,patch_30_32,7680,7936,8192,8448,65536,NDVI,-0.55859375,25768,5315,0.011462702672352248,6975,0.01674454152730273
0,patch_30_33,7680,7936,8448,8704,65536,MSAVI,0.03515625,50366,,,,
0,patch_30_33,7680,7936,8448,8704,65536,NDVI,-0.99609375,15170,484,0.025948280643877164,428,0.030600095089785867
0,patch_30_34,7680,7936,8704,8960,65536,MSAVI,0.02734375,44181,,,,
0,patch_30_34,7680,7936,8704,8960,65536,NDVI,-0.99609375,21355,2359,0.014966769597976756,4124,0.023185731403771365
0,patch_30_35,7680,7936,8960,9216,65536,MSAVI,-0.20703125,40164,,,,
0,patch_30_35,7680,7936,8960,9216,65536,NDVI,-0.66015625,25199,12302,0.014455965681435881,12731,0.023673568684309892
0,patch_30_36,7680,7936,9216,9472,65536,MSAVI,-0.14453125,37934,,,,
0,patch_30_36,7680,7936,9216,9472,65536,NDVI,-0.68359375,27267,8799,0.010653353090835371,13505,0.0170519992484697
0,patch_30_37,7680,7936,9472,9728,65536,MSAVI,-0.12109375,39817,,,,
0,patch_30_37,7680,7936,9472,9728,65536,NDVI,-0.73828125,24896,3339,0.009779267981224915,6031,0.016176974975914832
0,patch_31_0,7936,8192,0,256,65536,MSAVI,0.0,65536,,,,
0,patch_31_0,7936,8192,0,256,65536,NDVI,0.0,0,0,0.0,0,0.009808042386020944
0,patch_31_1,7936,8192,256,512,65536,MSAVI,0.0,65536,,,,
0,patch_31_1,7936,8192,256,512,65536,NDVI,0.0,0,0,0.0,0,0.009808042386020944
0,patch_31_3,7936,8192,768,1024,65536,MSAVI,0.08984375,34503,,,,
0,patch_31_3,7936,8192,768,1024,65536,NDVI,-0.61328125,30977,12427,0.005289840055082234,16765,0.013229572551587548
0,patch_31_4,7936,8192,1024,1280,65536,MSAVI,-0.19921875,43501,,,,
0,patch_31_4,7936,8192,1024,1280,65536,NDVI,-0.67578125,21738,9229,0.02345937893867428,9362,0.027460488275400985
0,patch_31_5,7936,8192,1280,1536,65536,MSAVI,-0.15234375,45174,,,,
0,patch_31_5,7936,8192,1280,1536,65536,NDVI,-0.60546875,20339,5670,0.021150013983694177,6020,0.02712982976964229
0,patch_31_6,7936,8192,1536,1792,65536,MSAVI,-0.12890625,43104,,,,
0,patch_31_6,7936,8192,1536,1792,65536,NDVI,-0.99609375,22432,8198,0.015556927269828769,10767,0.024505382119588304
0,patch_31_7,7936,8192,1792,2048,65536,MSAVI,-0.06640625,44939,,,,
0,patch_31_7,7936,8192,1792,2048,65536,NDVI,-0.99609375,20597,3884,0.017211195976580662,5313,0.02182320695889356
0,patch_31_8,7936,8192,2048,2304,65536,MSAVI,-0.05859375,43090,,,,
0,patch_31_8,7936,8192,2048,2304,65536,NDVI,-0.58984375,22446,4074,0.015293331565712179,5855,0.02175495066555483
0,patch_31_9,7936,8192,2304,2560,65536,MSAVI,-0.08203125,41508,,,,
0,patch_31_9,7936,8192,2304,2560,65536,NDVI,-0.99609375,24028,9854,0.015885730041442198,11841,0.021445509325376505
0,patch_31_10,7936,8192,2560,2816,65536,MSAVI,-0.15234375,39790,,,,
0,patch_31_10,7936,8192,2560,2816,65536,NDVI,-0.71484375,25743,8745,0.012226729102373629,11414,0.022850228811535978
0,patch_31_11,7936,8192,2816,3072,65536,MSAVI,-0.01953125,45114,,,,
0,patch_31_11,7936,8192,2816,3072,65536,NDVI,-0.70703125,19988,6990,0.017609106941847905,7891,0.02596383129546692
0,patch_31_12,7936,8192,3072,3328,65536,MSAVI,0.12109375,35356,,,,
0,patch_31_12,7936,8192,3072,3328,65536,NDVI,-0.63671875,29900,20920,0.01232916281251853,24345,0.023154793738314222
0,patch_31_13,7936,8192,3328,3584,65536,MSAVI,-0.09765625,43973,,,,
0,patch_31_13,7936,8192,3328,3584,65536,NDVI,-0.66796875,20392,12396,0.025597781353513566,65536,0.029393861273376648
0,patch_31_14,7936,8192,3584,3840,65536,MSAVI,-0.07421875,42959,,,,
0,patch_31_14,7936,8192,3584,3840,65536,NDVI,-0.62109375,22254,12686,0.020699615325510082,65536,0.02596869007719599
0,patch_31_15,7936,8192,3840,4096,65536,MSAVI,-0.12890625,37569,,,,
0,patch_31_15,7936,8192,3840,4096,65536,NDVI,-0.54296875,27743,18806,0.018255285806621835,65478,0.018252292864577857
0,patch_31_16,7936,8192,4096,4352,65536,MSAVI,-0.08203125,40306,,,,
0,patch_31_16,7936,8192,4096,4352,65536,NDVI,-0.64453125,24805,12088,0.015727470216090195,12655,0.02607372266434646
0,patch_31_17,7936,8192,4352,4608,65536,MSAVI,-0.03515625,40029,,,,
0,patch_31_17,7936,8192,4352,4608,65536,NDVI,-0.54296875,25504,11102,0.014224005164769474,11557,0.0230296529985968
0,patch_31_18,7936,8192,4608,4864,65536,MSAVI,-0.05078125,40798,,,,
0,patch_31_18,7936,8192,4608,4864,65536,NDVI,-0.99609375,24738,4421,0.012418444491052963,6061,0.021100605393450655
0,patch_31_19,7936,8192,4864,5120,65536,MSAVI,-0.10546875,42424,,,,
0,patch_31_19,7936,8192,4864,5120,65536,NDVI,-0.99609375,23112,1785,0.013757959603880487,3732,0.021701452375745556
0,patch_31_20,7936,8192,5120,5376,65536,MSAVI,0.04296875,44463,,,,
0,patch_31_20,7936,8192,5120,5376,65536,NDVI,-0.99609375,21073,4894,0.019763597090643736,5857,0.025311866384772758
0,patch_31_21,7936,8192,5376,5632,65536,MSAVI,0.04296875,41879,,,,
0,patch_31_21,7936,8192,5376,5632,65536,NDVI,-0.58984375,23656,8224,0.01548863481137544,9342,0.02188917524733386
0,patch_31_22,7936,8192,5632,5888,65536,MSAVI,0.00390625,37980,,,,
0,patch_31_22,7936,8192,5632,5888,65536,NDVI,-0.99609375,27556,3179,0.0086891192637861,5774,0.015744146441347556
0,patch_31_23,7936,8192,5888,6144,65536,MSAVI,-0.12890625,42343,,,,
0,patch_31_23,7936,8192,5888,6144,65536,NDVI,-0.99609375,23193,2666,0.01741102592343953,3643,0.02199631447651057
0,patch_31_24,7936,8192,6144,6400,65536,MSAVI,-0.18359375,47830,,,,
0,patch_31_24,7936,8192,6144,6400,65536,NDVI,-0.56640625,17656,2491,0.021802372837887496,2852,0.028655771138924674
0,patch_31_25,7936,8192,6400,6656,65536,MSAVI,-0.12890625,44828,,,,
0,patch_31_25,7936,8192,6400,6656,65536,NDVI,-0.99609375,20708,2161,0.01749384709310145,2140,0.022457516067808214
0,patch_31_26,7936,8192,6656,6912,65536,MSAVI,-0.14453125,40288,,,,
0,patch_31_26,7936,8192,6656,6912,65536,NDVI,-0.99609375,25248,4575,0.013021888465909098,6075,0.01933163330326637
0,patch_31_27,7936,8192,6912,7168,65536,MSAVI,-0.05078125,42015,,,,
0,patch_31_27,7936,8192,6912,7168,65536,NDVI,-0.99609375,23521,2252,0.013421978472461307,2572,0.018678119183193953
0,patch_31_28,7936,8192,7168,7424,65536,MSAVI,-0.05859375,47748,,,,
0,patch_31_28,7936,8192,7168,7424,65536,NDVI,-0.55859375,17787,2444,0.024032858520695255,3222,0.02844094099085076
0,patch_31_29,7936,8192,7424,7680,65536,MSAVI,-0.20703125,43745,,,,
0,patch_31_29,7936,8192,7424,7680,65536,NDVI,-0.57421875,21648,9684,0.018983526432339914,9782,0.024221613497741407
0,patch_31_30,7936,8192,7680,7936,65536,MSAVI,0.02734375,45716,,,,
0,patch_31_30,7936,8192,7680,7936,65536,NDVI,-0.60546875,19818,1474,0.02122480976843108,2696,0.027323719357523424
0,patch_31_31,7936,8192,7936,8192,65536,MSAVI,-0.17578125,44643,,,,
0,patch_31_31,7936,8192,7936,8192,65536,NDVI,-0.61328125,20881,4556,0.018384230985350608,4892,0.02456511063823555
0,patch_31_32,7936,8192,8192,8448,65536,MSAVI,-0.26171875,42720,,,,
0,patch_31_32,7936,8192,8192,8448,65536,NDVI,-0.60546875,22809,6613,0.015312949177189589,7531,0.021935479601088714
0,patch_31_33,7936,8192,8448,8704,65536,MSAVI,-0.17578125,48255,,,,
0,patch_31_33,7936,8192,8448,8704,65536,NDVI,-0.56640625,17277,2440,0.025358317700926142,2750,0.028456268101627213
0,patch_31_34,7936,8192,8704,8960,65536,MSAVI,-0.03515625,44881,,,,
0,patch_31_34,7936,8192,8704,8960,65536,NDVI,-0.99609375,20655,2135,0.013796391583660417,2467,0.02229797947943335
0,patch_31_35,7936,8192,8960,9216,65536,MSAVI,-0.07421875,41642,,,,
0,patch_31_35,7936,8192,8960,9216,65536,NDVI,-0.60546875,23893,5959,0.013761065258329652,7299,0.0221656377231903
0,patch_31_36,7936,8192,9216,9472,65536,MSAVI,-0.18359375,39432,,,,
0,patch_31_36,7936,8192,9216,9472,65536,NDVI,-0.69921875,26080,3980,0.009760627324419735,6204,0.018746041273064645
0,patch_31_37,7936,8192,9472,9728,65536,MSAVI,-0.08203125,40747,,,,
0,patch_31_37,7936,8192,9472,9728,65536,NDVI,-0.70703125,24443,3866,0.012047727649381237,5159,0.01636297650795407
0,patch_32_0,8192,8448,0,256,65536,MSAVI,0.0,65536,,,,
0,patch_32_0,8192,8448,0,256,65536,NDVI,0.0,0,0,0.0,0,0.009808042386020944
0,patch_32_1,8192,8448,256,512,65536,MSAVI,0.0,65536,,,,
0,patch_32_1,8192,8448,256,512,65536,NDVI,0.0,0,0,0.0,0,0.009808042386020944
0,patch_32_2,8192,8448,512,768,65536,MSAVI,0.0,65536,,,,
0,patch_32_2,8192,8448,512,768,65536,NDVI,0.0,0,0,0.0,0,0.009808042386020944
0,patch_32_4,8192,8448,1024,1280,65536,MSAVI,-0.29296875,46625,,,,
0,patch_32_4,8192,8448,1024,1280,65536,NDVI,-0.99609375,18911,2872,0.022318935848856053,3453,0.02610402802014178
0,patch_32_5,8192,8448,1280,1536,65536,MSAVI,-0.28515625,45359,,,,
0,patch_32_5,8192,8448,1280,1536,65536,NDVI,-0.66015625,20136,8875,0.021977918206370267,10131,0.027845699990253187
0,patch_32_6,8192,8448,1536,1792,65536,MSAVI,-0.29296875,46876,,,,
0,patch_32_6,8192,8448,1536,1792,65536,NDVI,-0.99609375,18660,2806,0.021414018664402262,3779,0.02864171099755236
0,patch_32_7,8192,8448,1792,2048,65536,MSAVI,-0.22265625,42731,,,,
0,patch_32_7,8192,8448,1792,2048,65536,NDVI,-0.99609375,22805,9601,0.016446733691596396,11344,0.025160223938470477
0,patch_32_8,8192,8448,2048,2304,65536,MSAVI,-0.16015625,46744,,,,
0,patch_32_8,8192,8448,2048,2304,65536,NDVI,-0.99609375,18792,3975,0.02117370630467713,4405,0.025857977540469118
0,patch_32_9,8192,8448,2304,2560,65536,MSAVI,-0.14453125,45993,,,,
0,patch_32_9,8192,8448,2304,2560,65536,NDVI,-0.99609375,19543,4364,0.019085741621161723,4869,0.025215774190927603
0,patch_32_10,8192,8448,2560,2816,65536,MSAVI,-0.17578125,42559,,,,
0,patch_32_10,8192,8448,2560,2816,65536,NDVI,-0.99609375,22977,5832,0.014495627159720748,6833,0.022966934812059053
0,patch_32_11,8192,8448,2816,3072,65536,MSAVI,-0.20703125,40894,,,,
0,patch_32_11,8192,8448,2816,3072,65536,NDVI,-0.60546875,24580,13545,0.017335992767352537,13212,0.023268403548709043
0,patch_32_12,8192,8448,3072,3328,65536,MSAVI,-0.16015625,47540,,,,
0,patch_32_12,8192,8448,3072,3328,65536,NDVI,-0.62890625,17940,8754,0.02477213496516835,65536,0.032332366672890245
0,patch_32_13,8192,8448,3328,3584,65536,MSAVI,-0.33984375,38873,,,,
0,patch_32_13,8192,8448,3328,3584,65536,NDVI,-0.58203125,26393,20717,0.018456166838659485,20935,0.02421449449006996
0,patch_32_14,8192,8448,3584,3840,65536,MSAVI,-0.13671875,35951,,,,
0,patch_32_14,8192,8448,3584,3840,65536,NDVI,-0.56640625,29582,12191,0.008589963958717348,15877,0.019315215082990972
0,patch_32_15,8192,8448,3840,4096,65536,MSAVI,-0.19140625,44753,,,,
0,patch_32_15,8192,8448,3840,4096,65536,NDVI,-0.59765625,20754,9918,0.022292740893700896,10212,0.02894286981850125
0,patch_32_16,8192,8448,4096,4352,65536,MSAVI,-0.38671875,42597,,,,
0,patch_32_16,8192,8448,4096,4352,65536,NDVI,-0.61328125,22922,11126,0.024480314180354096,10807,0.026644085140433593
0,patch_32_17,8192,8448,4352,4608,65536,MSAVI,-0.22265625,44200,,,,
0,patch_32_17,8192,8448,4352,4608,65536,NDVI,-0.99609375,21336,8046,0.020152534273970096,8235,0.026304269278113718
0,patch_32_18,8192,8448,4608,4864,65536,MSAVI,-0.03515625,44552,,,,
0,patch_32_18,8192,8448,4608,4864,65536,NDVI,-0.99609375,20984,4428,0.017819892808093957,5268,0.02488014879772757
0,patch_32_19,8192,8448,4864,5120,65536,MSAVI,-0.01171875,45127,,,,
0,patch_32_19,8192,8448,4864,5120,65536,NDVI,-0.55078125,20409,3027,0.018356243830464844,3924,0.02609631801998652
0,patch_32_20,8192,8448,5120,5376,65536,MSAVI,-0.07421875,44465,,,,
0,patch_32_20,8192,8448,5120,5376,65536,NDVI,-0.99609375,21071,3845,0.016641792497205515,4739,0.02314786475742739
0,patch_32_21,8192,8448,5376,5632,65536,MSAVI,-0.19140625,42012,,,,
0,patch_32_21,8192,8448,5376,5632,65536,NDVI,-0.99609375,23524,5013,0.013854072180762345,6419,0.02088203199918215
0,patch_32_22,8192,8448,5632,5888,65536,MSAVI,-0.17578125,41294,,,,
0,patch_32_22,8192,8448,5632,5888,65536,NDVI,-0.99609375,24242,1875,0.011130542109805103,4323,0.017002318652980353
0,patch_32_23,8192,8448,5888,6144,65536,MSAVI,-0.11328125,45002,,,,
0,patch_32_23,8192,8448,5888,6144,65536,NDVI,-0.61328125,20507,6042,0.0195966137258001,7241,0.027400847995708966
0,patch_32_24,8192,8448,6144,6400,65536,MSAVI,-0.12890625,49228,,,,
0,patch_32_24,8192,8448,6144,6400,65536,NDVI,-0.58984375,16045,3365,0.02467235321406444,3702,0.03210093564500577
0,patch_32_25,8192,8448,6400,6656,65536,MSAVI,-0.20703125,48791,,,,
0,patch_32_25,8192,8448,6400,6656,65536,NDVI,-0.60546875,16688,3417,0.026158677444569928,3006,0.03079466766360972
0,patch_32_26,8192,8448,6656,6912,65536,MSAVI,0.01953125,44330,,,,
0,patch_32_26,8192,8448,6656,6912,65536,NDVI,-0.57421875,21204,2009,0.015633177748879443,2418,0.021311649451212722
0,patch_32_27,8192,8448,6912,7168,65536,MSAVI,-0.03515625,39901,,,,
0,patch_32_27,8192,8448,6912,7168,65536,NDVI,-0.99609375,25635,3123,0.010642702361406728,4314,0.016829145738896933
0,patch_32_28,8192,8448,7168,7424,65536,MSAVI,-0.23828125,45940,,,,
0,patch_32_28,8192,8448,7168,7424,65536,NDVI,-0.61328125,19567,1485,0.017494447096599586,2308,0.023307822592742472
0,patch_32_29,8192,8448,7424,7680,65536,MSAVI,-0.08984375,42289,,,,
0,patch_32_29,8192,8448,7424,7680,65536,NDVI,-0.56640625,23174,6771,0.01616179965990372,6697,0.02140611860584135
0,patch_32_30,8192,8448,7680,7936,65536,MSAVI,-0.12109375,45586,,,,
0,patch_32_30,8192,8448,7680,7936,65536,NDVI,-0.56640625,19950,3587,0.017806938603419767,4046,0.026150214416008066
0,patch_32_31,8192,8448,7936,8192,65536,MSAVI,-0.27734375,48735,,,,
0,patch_32_31,8192,8448,7936,8192,65536,NDVI,-0.55078125,16798,4408,0.024882991316017206,4979,0.03145532909963911
0,patch_32_32,8192,8448,8192,8448,65536,MSAVI,-0.08203125,43062,,,,
0,patch_32_32,8192,8448,8192,8448,65536,NDVI,-0.53515625,22472,5125,0.014033437284275072,5772,0.021682330057862048
0,patch_32_33,8192,8448,8448,8704,65536,MSAVI,-0.02734375,47287,,,,
0,patch_32_33,8192,8448,8448,8704,65536,NDVI,-0.70703125,18244,2075,0.02207005371241927,2425,0.02824866298271131
0,patch_32_34,8192,8448,8704,8960,65536,MSAVI,-0.20703125,44628,,,,
0,patch_32_34,8192,8448,8704,8960,65536,NDVI,-0.58203125,20904,2242,0.01838396886315534,2656,0.023630536292745558
0,patch_32_35,8192,8448,8960,9216,65536,MSAVI,-0.19921875,44419,,,,
0,patch_32_35,8192,8448,8960,9216,65536,NDVI,-0.55859375,21106,3801,0.01771703429795067,4277,0.024233328404306392
0,patch_32_36,8192,8448,9216,9472,65536,MSAVI,-0.02734375,41113,,,,
0,patch_32_36,8192,8448,9216,9472,65536,NDVI,-0.58203125,24422,6368,0.012847021426673641,7729,0.020479900900510856
0,patch_32_37,8192,8448,9472,9728,65536,MSAVI,-0.05859375,38725,,,,
0,patch_32_37,8192,8448,9472,9728,65536,NDVI,-0.67578125,26797,6948,0.011060281791586246,8726,0.01672050777266476
0,patch_33_0,8448,8704,0,256,65536,MSAVI,0.0,65536,,,,
0,patch_33_0,8448,8704,0,256,65536,NDVI,0.0,0,0,0.0,0,0.009808042386020944
0,patch_33_1,8448,8704,256,512,65536,MSAVI,0.0,65536,,,,
0,patch_33_1,8448,8704,256,512,65536,NDVI,0.0,0,0,0.0,0,0.009808042386020944
0,patch_33_2,8448,8704,512,768,65536,MSAVI,0.0,65536,,,,
0,patch_33_2,8448,8704,512,768,65536,NDVI,0.0,0,0,0.0,0,0.009808042386020944
0,patch_33_4,8448,8704,1024,1280,65536,MSAVI,-0.01953125,42063,,,,
0,patch_33_4,8448,8704,1024,1280,65536,NDVI,-0.62890625,23461,9126,0.014672168854620443,9828,0.021423238578703513
0,patch_33_5,8448,8704,1280,1536,65536,MSAVI,-0.30078125,46135,,,,
0,patch_33_5,8448,8704,1280,1536,65536,NDVI,-0.58984375,19400,2121,0.020478953369741218,3395,0.025660359908121128
0,patch_33_6,8448,8704,1536,1792,65536,MSAVI,0.05078125,47581,,,,
0,patch_33_6,8448,8704,1536,1792,65536,NDVI,-0.99609375,17955,3760,0.022554069866081217,5203,0.028863134933438034
0,patch_33_7,8448,8704,1792,2048,65536,MSAVI,0.23046875,44245,,,,
0,patch_33_7,8448,8704,1792,2048,65536,NDVI,-0.99609375,21291,3353,0.014476837990723163,5214,0.023783694367497332
0,patch_33_8,8448,8704,2048,2304,65536,MSAVI,-0.19921875,42392,,,,
0,patch_33_8,8448,8704,2048,2304,65536,NDVI,-0.99609375,23144,2256,0.01367900940764688,2400,0.01845804600375789
0,patch_33_9,8448,8704,2304,2560,65536,MSAVI,-0.18359375,45497,,,,
0,patch_33_9,8448,8704,2304,2560,65536,NDVI,-0.99609375,20039,4003,0.02061952648788229,4467,0.02651926593498291
0,patch_33_10,8448,8704,2560,2816,65536,MSAVI,-0.19921875,43756,,,,
0,patch_33_10,8448,8704,2560,2816,65536,NDVI,-0.99609375,21780,3492,0.018013275039052284,5408,0.025260780507539243
0,patch_33_11,8448,8704,2816,3072,65536,MSAVI,-0.08203125,42461,,,,
0,patch_33_11,8448,8704,2816,3072,65536,NDVI,-0.99609375,23075,7537,0.016907167565127404,8212,0.02394052862424015
0,patch_33_12,8448,8704,3072,3328,65536,MSAVI,-0.19140625,37595,,,,
0,patch_33_12,8448,8704,3072,3328,65536,NDVI,-0.51953125,27874,20493,0.014596941872332833,21548,0.02333731862152913
0,patch_33_13,8448,8704,3328,3584,65536,MSAVI,-0.36328125,42879,,,,
0,patch_33_13,8448,8704,3328,3584,65536,NDVI,-0.62109375,22610,14076,0.023102739305663464,13596,0.02739457683445745
0,patch_33_14,8448,8704,3584,3840,65536,MSAVI,0.05078125,36762,,,,
0,patch_33_14,8448,8704,3584,3840,65536,NDVI,-0.53515625,28755,17002,0.011848825891693254,18551,0.022470946860248864
0,patch_33_15,8448,8704,3840,4096,65536,MSAVI,-0.12109375,39672,,,,
0,patch_33_15,8448,8704,3840,4096,65536,NDVI,-0.55859375,25835,18881,0.018173048272342382,19335,0.024573063334766998
0,patch_33_16,8448,8704,4096,4352,65536,MSAVI,-0.12109375,36925,,,,
0,patch_33_16,8448,8704,4096,4352,65536,NDVI,-0.62109375,28609,9580,0.008917328880746589,14559,0.01833967663715841
0,patch_33_17,8448,8704,4352,4608,65536,MSAVI,-0.10546875,46142,,,,
0,patch_33_17,8448,8704,4352,4608,65536,NDVI,-0.54296875,19393,5161,0.019450300554029604,5605,0.02666168040878783
0,patch_33_18,8448,8704,4608,4864,65536,MSAVI,-0.19921875,50192,,,,
0,patch_33_18,8448,8704,4608,4864,65536,NDVI,-0.99609375,15344,1931,0.02609965858586294,2109,0.030133882937350115
0,patch_33_19,8448,8704,4864,5120,65536,MSAVI,-0.11328125,48023,,,,
0,patch_33_19,8448,8704,4864,5120,65536,NDVI,-0.99609375,17513,2092,0.021990401691517725,2397,0.026313833049739166
0,patch_33_20,8448,8704,5120,5376,65536,MSAVI,-0.26171875,44606,,,,
0,patch_33_20,8448,8704,5120,5376,65536,NDVI,-0.99609375,20930,7084,0.021129567700148982,7590,0.0264390698010388
0,patch_33_21,8448,8704,5376,5632,65536,MSAVI,-0.08203125,42741,,,,
0,patch_33_21,8448,8704,5376,5632,65536,NDVI,-0.99609375,22795,4741,0.015421391214544306,6083,0.023606918305888208
0,patch_33_22,8448,8704,5632,5888,65536,MSAVI,-0.06640625,42769,,,,
0,patch_33_22,8448,8704,5632,5888,65536,NDVI,-0.99609375,22767,3732,0.013533257273033922,4212,0.01898094328847022
0,patch_33_23,8448,8704,5888,6144,65536,MSAVI,-0.21484375,40960,,,,
0,patch_33_23,8448,8704,5888,6144,65536,NDVI,-0.57421875,24575,3321,0.010928625731090436,4367,0.017270493221891864
0,patch_33_24,8448,8704,6144,6400,65536,MSAVI,-0.08984375,41596,,,,
0,patch_33_24,8448,8704,6144,6400,65536,NDVI,-0.99609375,23940,760,0.012328329642472324,1707,0.02071645088212501
0,patch_33_25,8448,8704,6400,6656,65536,MSAVI,-0.11328125,39064,,,,
0,patch_33_25,8448,8704,6400,6656,65536,NDVI,-0.55859375,26469,7578,0.01038450866703447,9471,0.019922922083261907
0,patch_33_26,8448,8704,6656,6912,65536,MSAVI,-0.25390625,40813,,,,
0,patch_33_26,8448,8704,6656,6912,65536,NDVI,-0.99609375,24723,3714,0.009850797959409185,4583,0.018416523996887757
0,patch_33_27,8448,8704,6912,7168,65536,MSAVI,-0.12890625,42506,,,,
0,patch_33_27,8448,8704,6912,7168,65536,NDVI,-0.99609375,23030,961,0.014809226088676825,1334,0.020549422153476132
0,patch_33_28,8448,8704,7168,7424,65536,MSAVI,-0.04296875,45161,,,,
0,patch_33_28,8448,8704,7168,7424,65536,NDVI,-0.56640625,20373,1552,0.017718760131094344,1715,0.023273821977416342
0,patch_33_29,8448,8704,7424,7680,65536,MSAVI,-0.25390625,43062,,,,
0,patch_33_29,8448,8704,7424,7680,65536,NDVI,-0.64453125,22469,1252,0.016024071175589905,1756,0.021233399850534074
0,patch_33_30,8448,8704,7680,7936,65536,MSAVI,-0.24609375,45220,,,,
0,patch_33_30,8448,8704,7680,7936,65536,NDVI,-0.58984375,20311,2213,0.018288590853070802,2944,0.0243585835610505
0,patch_33_31,8448,8704,7936,8192,65536,MSAVI,-0.24609375,42474,,,,
0,patch_33_31,8448,8704,7936,8192,65536,NDVI,-0.55078125,23060,1313,0.014057736851165875,2673,0.020893379321013733
0,patch_33_32,8448,8704,8192,8448,65536,MSAVI,-0.09765625,41617,,,,
0,patch_33_32,8448,8704,8192,8448,65536,NDVI,-0.99609375,23919,1790,0.012171150290193167,3785,0.020156491663653187
0,patch_33_33,8448,8704,8448,8704,65536,MSAVI,-0.01171875,42403,,,,
0,patch_33_33,8448,8704,8448,8704,65536,NDVI,-0.54296875,23130,3382,0.01589898654223401,4546,0.021249609741661624
0,patch_33_34,8448,8704,8704,8960,65536,MSAVI,-0.17578125,44469,,,,
0,patch_33_34,8448,8704,8704,8960,65536,NDVI,-0.62890625,20970,3956,0.016303936839546757,4683,0.02196847487580414
0,patch_33_35,8448,8704,8960,9216,65536,MSAVI,-0.13671875,40062,,,,
0,patch_33_35,8448,8704,8960,9216,65536,NDVI,-0.54296875,25424,3918,0.011729603661383259,5405,0.017501133156299142
0,patch_33_36,8448,8704,9216,9472,65536,MSAVI,-0.19921875,38575,,,,
0,patch_33_36,8448,8704,9216,9472,65536,NDVI,-0.56640625,26957,4530,0.009533644777861117,6368,0.016891816060615544
0,patch_33_37,8448,8704,9472,9728,65536,MSAVI,-0.13671875,40095,,,,
0,patch_33_37,8448,8704,9472,9728,65536,NDVI,-0.62890625,25430,2733,0.009716073690606217,5542,0.01681031127803942
0,patch_34_0,8704,8960,0,256,65536,MSAVI,0.0,65536,,,,
0,patch_34_0,8704,8960,0,256,65536,NDVI,0.0,0,0,0.0,0,0.009808042386020944
0,patch_34_1,8704,8960,256,512,65536,MSAVI,0.0,65536,,,,
0,patch_34_1,8704,8960,256,512,65536,NDVI,0.0,0,0,0.0,0,0.009808042386020944
0,patch_34_2,8704,8960,512,768,65536,MSAVI,0.0,65536,,,,
0,patch_34_2,8704,8960,512,768,65536,NDVI,0.0,0,0,0.0,0,0.009808042386020944
0,patch_34_4,8704,8960,1024,1280,65536,MSAVI,-0.04296875,41604,,,,
0,patch_34_4,8704,8960,1024,1280,65536,NDVI,-0.99609375,23932,3432,0.013249784608643067,4094,0.01831671159582679
0,patch_34_5,8704,8960,1280,1536,65536,MSAVI,-0.23046875,44224,,,,
0,patch_34_5,8704,8960,1280,1536,65536,NDVI,-0.99609375,21312,4463,0.01668327773342415,5733,0.022777010374136042
0,patch_34_6,8704,8960,1536,1792,65536,MSAVI,0.03515625,47145,,,,
0,patch_34_6,8704,8960,1536,1792,65536,NDVI,-0.54296875,18388,1783,0.01980548402387057,2360,0.024346852625046045
0,patch_34_7,8704,8960,1792,2048,65536,MSAVI,-0.02734375,41273,,,,
0,patch_34_7,8704,8960,1792,2048,65536,NDVI,-0.99609375,24263,4241,0.012843188185576393,6459,0.019119366885280875
0,patch_34_8,8704,8960,2048,2304,65536,MSAVI,-0.12109375,39173,,,,
0,patch_34_8,8704,8960,2048,2304,65536,NDVI,-0.99609375,26363,6873,0.00982528727496082,8622,0.016115386464561815
0,patch_34_9,8704,8960,2304,2560,65536,MSAVI,-0.19140625,44025,,,,
0,patch_34_9,8704,8960,2304,2560,65536,NDVI,-0.99609375,21511,2931,0.019151639932805525,3627,0.024028315628828706
0,patch_34_10,8704,8960,2560,2816,65536,MSAVI,-0.01171875,50516,,,,
0,patch_34_10,8704,8960,2560,2816,65536,NDVI,-0.99609375,15020,779,0.02580087070874021,1020,0.030784629074573716
0,patch_34_11,8704,8960,2816,3072,65536,MSAVI,-0.20703125,45590,,,,
0,patch_34_11,8704,8960,2816,3072,65536,NDVI,-0.99609375,19946,6374,0.02122901308516975,5971,0.024797998090679257
0,patch_34_12,8704,8960,3072,3328,65536,MSAVI,-0.27734375,39771,,,,
0,patch_34_12,8704,8960,3072,3328,65536,NDVI,-0.99609375,25765,10040,0.013351058639698488,11953,0.01816541104459346
0,patch_34_13,8704,8960,3328,3584,65536,MSAVI,-0.19140625,42597,,,,
0,patch_34_13,8704,8960,3328,3584,65536,NDVI,-0.99609375,22939,2781,0.015129557898146712,3932,0.01876448753935575
0,patch_34_14,8704,8960,3584,3840,65536,MSAVI,-0.42578125,40853,,,,
0,patch_34_14,8704,8960,3584,3840,65536,NDVI,-0.69921875,24653,14239,0.01925229583746288,14987,0.024014383979389597
0,patch_34_15,8704,8960,3840,4096,65536,MSAVI,-0.32421875,38159,,,,
0,patch_34_15,8704,8960,3840,4096,65536,NDVI,-0.65234375,27014,19968,0.017474360693688892,19188,0.021049682499427347
0,patch_34_16,8704,8960,4096,4352,65536,MSAVI,-0.39453125,40293,,,,
0,patch_34_16,8704,8960,4096,4352,65536,NDVI,-0.70703125,25238,11099,0.016437198026059363,12481,0.02296776884288787
0,patch_34_17,8704,8960,4352,4608,65536,MSAVI,-0.20703125,38229,,,,
0,patch_34_17,8704,8960,4352,4608,65536,NDVI,-0.99609375,27307,7951,0.010045558442293795,9638,0.01670852879330742
0,patch_34_18,8704,8960,4608,4864,65536,MSAVI,-0.10546875,44595,,,,
0,patch_34_18,8704,8960,4608,4864,65536,NDVI,-0.99609375,20941,2090,0.01629748019814184,2878,0.021250506235059974
0,patch_34_19,8704,8960,4864,5120,65536,MSAVI,-0.12890625,47676,,,,
0,patch_34_19,8704,8960,4864,5120,65536,NDVI,-0.99609375,17860,1843,0.020283949097453763,1887,0.026478563315015607
0,patch_34_20,8704,8960,5120,5376,65536,MSAVI,-0.15234375,39706,,,,
0,patch_34_20,8704,8960,5120,5376,65536,NDVI,-0.99609375,25830,5716,0.011104856289414544,7485,0.0193332184287692
0,patch_34_21,8704,8960,5376,5632,65536,MSAVI,-0.01171875,47237,,,,
0,patch_34_21,8704,8960,5376,5632,65536,NDVI,-0.99609375,18299,4246,0.020697988115355587,4465,0.0249214651729672
0,patch_34_22,8704,8960,5632,5888,65536,MSAVI,-0.15234375,43516,,,,
0,patch_34_22,8704,8960,5632,5888,65536,NDVI,-0.51171875,22020,3855,0.015380441102501127,4243,0.020429732386337773
0,patch_34_23,8704,8960,5888,6144,65536,MSAVI,-0.16015625,39336,,,,
0,patch_34_23,8704,8960,5888,6144,65536,NDVI,-0.99609375,26200,6767,0.00993477821072486,8096,0.017312298014857536
0,patch_34_24,8704,8960,6144,6400,65536,MSAVI,-0.19140625,41671,,,,
0,patch_34_24,8704,8960,6144,6400,65536,NDVI,-0.55078125,23861,4221,0.014374480451331717,5084,0.020976958161470882
0,patch_34_25,8704,8960,6400,6656,65536,MSAVI,-0.08984375,38570,,,,
0,patch_34_25,8704,8960,6400,6656,65536,NDVI,-0.99609375,26966,7263,0.012653289949703661,8933,0.017945744356364923
0,patch_34_26,8704,8960,6656,6912,65536,MSAVI,-0.13671875,37751,,,,
0,patch_34_26,8704,8960,6656,6912,65536,NDVI,-0.99609375,27785,3633,0.00852894407165114,5591,0.015410351347479812
0,patch_34_27,8704,8960,6912,7168,65536,MSAVI,-0.05859375,45101,,,,
0,patch_34_27,8704,8960,6912,7168,65536,NDVI,-0.51171875,20434,2166,0.019438981661033777,2750,0.023340268386254137
0,patch_34_28,8704,8960,7168,7424,65536,MSAVI,-0.23828125,46855,,,,
0,patch_34_28,8704,8960,7168,7424,65536,NDVI,-0.57421875,18677,1029,0.02140257038321003,1159,0.028340204685911363
0,patch_34_29,8704,8960,7424,7680,65536,MSAVI,0.01953125,46276,,,,
0,patch_34_29,8704,8960,7424,7680,65536,NDVI,-0.52734375,19254,295,0.018956630109781186,583,0.025493327647430536
0,patch_34_30,8704,8960,7680,7936,65536,MSAVI,-0.05078125,37334,,,,
0,patch_34_30,8704,8960,7680,7936,65536,NDVI,-0.62890625,28194,9061,0.009110013217330695,12270,0.01908188227390681
0,patch_34_31,8704,8960,7936,8192,65536,MSAVI,0.04296875,47267,,,,
0,patch_34_31,8704,8960,7936,8192,65536,NDVI,-0.54296875,18269,2820,0.020864714050035427,3375,0.028063821281278822
0,patch_34_32,8704,8960,8192,8448,65536,MSAVI,0.03515625,40440,,,,
0,patch_34_32,8704,8960,8192,8448,65536,NDVI,-0.99609375,25096,3305,0.012151160726726326,2923,0.018012065519717596
0,patch_34_33,8704,8960,8448,8704,65536,MSAVI,-0.06640625,51276,,,,
0,patch_34_33,8704,8960,8448,8704,65536,NDVI,-0.56640625,14258,2370,0.024008199774995784,2804,0.03281958162385673
0,patch_34_34,8704,8960,8704,8960,65536,MSAVI,-0.19921875,39654,,,,
0,patch_34_34,8704,8960,8704,8960,65536,NDVI,-0.54296875,25831,3677,0.010148588517741225,4738,0.01592329442359719
0,patch_34_35,8704,8960,8960,9216,65536,MSAVI,-0.15234375,39168,,,,
0,patch_34_35,8704,8960,8960,9216,65536,NDVI,-0.55078125,26259,1399,0.010642450526679656,2427,0.016448048703762347
0,patch_34_36,8704,8960,9216,9472,65536,MSAVI,-0.30859375,40118,,,,
0,patch_34_36,8704,8960,9216,9472,65536,NDVI,-0.59765625,25345,3496,0.010918593173323318,4352,0.01687018200888335
0,patch_34_37,8704,8960,9472,9728,65536,MSAVI,-0.05859375,38418,,,,
0,patch_34_37,8704,8960,9472,9728,65536,NDVI,-0.66015625,27000,4543,0.00802191082062427,6677,0.017204591394073737
0,patch_35_0,8960,9216,0,256,65536,MSAVI,0.0,65536,,,,
0,patch_35_0,8960,9216,0,256,65536,NDVI,0.0,0,0,0.0,0,0.009808042386020944
0,patch_35_1,8960,9216,256,512,65536,MSAVI,0.0,65536,,,,
0,patch_35_1,8960,9216,256,512,65536,NDVI,0.0,0,0,0.0,0,0.009808042386020944
0,patch_35_2,8960,9216,512,768,65536,MSAVI,0.0,65536,,,,
0,patch_35_2,8960,9216,512,768,65536,NDVI,0.0,0,0,0.0,0,0.009808042386020944
0,patch_35_4,8960,9216,1024,1280,65536,MSAVI,-0.01953125,38451,,,,
0,patch_35_4,8960,9216,1024,1280,65536,NDVI,-0.57421875,26964,18801,0.015581610417169434,19947,0.021513661149017094
0,patch_35_5,8960,9216,1280,1536,65536,MSAVI,-0.25390625,45237,,,,
0,patch_35_5,8960,9216,1280,1536,65536,NDVI,-0.99609375,20299,5236,0.01881125334096881,6084,0.02485960838016818
0,patch_35_6,8960,9216,1536,1792,65536,MSAVI,-0.08984375,45476,,,,
0,patch_35_6,8960,9216,1536,1792,65536,NDVI,-0.99609375,20060,6579,0.02245692867456675,7540,0.026769773474737663
0,patch_35_7,8960,9216,1792,2048,65536,MSAVI,-0.08203125,45161,,,,
0,patch_35_7,8960,9216,1792,2048,65536,NDVI,-0.62109375,20374,5536,0.021031721745304405,5914,0.024031014577415022
0,patch_35_8,8960,9216,2048,2304,65536,MSAVI,-0.09765625,45542,,,,
0,patch_35_8,8960,9216,2048,2304,65536,NDVI,-0.99609375,19994,935,0.02073321041130677,1624,0.024710032405185073
0,patch_35_9,8960,9216,2304,2560,65536,MSAVI,-0.17578125,46399,,,,
0,patch_35_9,8960,9216,2304,2560,65536,NDVI,-0.99609375,19137,1095,0.02055566116714222,1150,0.024375958708340945
0,patch_35_10,8960,9216,2560,2816,65536,MSAVI,0.02734375,50493,,,,
0,patch_35_10,8960,9216,2560,2816,65536,NDVI,-0.99609375,15043,1990,0.0239160859629641,2177,0.03077524854497038
0,patch_35_11,8960,9216,2816,3072,65536,MSAVI,-0.16015625,43216,,,,
0,patch_35_11,8960,9216,2816,3072,65536,NDVI,-0.99609375,22320,5660,0.015633848244468534,6984,0.02228944967644647
0,patch_35_12,8960,9216,3072,3328,65536,MSAVI,-0.23046875,44805,,,,
0,patch_35_12,8960,9216,3072,3328,65536,NDVI,-0.99609375,20731,7846,0.018132015748953623,8401,0.02444362144608364
0,patch_35_13,8960,9216,3328,3584,65536,MSAVI,-0.31640625,49542,,,,
0,patch_35_13,8960,9216,3328,3584,65536,NDVI,-0.66015625,15993,5967,0.02152431850620054,6494,0.029573329119554376
0,patch_35_14,8960,9216,3584,3840,65536,MSAVI,-0.44921875,39655,,,,
0,patch_35_14,8960,9216,3584,3840,65536,NDVI,-0.99609375,25881,7979,0.014602141178449407,9720,0.021602764846159583
0,patch_35_15,8960,9216,3840,4096,65536,MSAVI,-0.12890625,39867,,,,
0,patch_35_15,8960,9216,3840,4096,65536,NDVI,-0.69140625,25481,15363,0.02155175315377933,65536,0.025969899243066946
0,patch_35_16,8960,9216,4096,4352,65536,MSAVI,-0.50390625,40980,,,,
0,patch_35_16,8960,9216,4096,4352,65536,NDVI,-0.99609375,24556,6179,0.013741617376676243,9644,0.02279287138748254
0,patch_35_17,8960,9216,4352,4608,65536,MSAVI,-0.16796875,42012,,,,
0,patch_35_17,8960,9216,4352,4608,65536,NDVI,-0.65234375,23523,14234,0.018232146419060027,14707,0.025185891856989717
0,patch_35_18,8960,9216,4608,4864,65536,MSAVI,-0.16796875,39976,,,,
0,patch_35_18,8960,9216,4608,4864,65536,NDVI,-0.99609375,25560,6001,0.01274687252382345,7816,0.020232270688813808
0,patch_35_19,8960,9216,4864,5120,65536,MSAVI,-0.31640625,48378,,,,
0,patch_35_19,8960,9216,4864,5120,65536,NDVI,-0.99609375,17158,2020,0.023535713662333424,2473,0.029738627962117042
0,patch_35_20,8960,9216,5120,5376,65536,MSAVI,-0.17578125,46818,,,,
0,patch_35_20,8960,9216,5120,5376,65536,NDVI,-0.99609375,18718,2804,0.022797085707174286,2882,0.02767064957910284
0,patch_35_21,8960,9216,5376,5632,65536,MSAVI,-0.12890625,44407,,,,
0,patch_35_21,8960,9216,5376,5632,65536,NDVI,-0.99609375,21129,2391,0.01855871805806067,3688,0.02419697302156143
0,patch_35_22,8960,9216,5632,5888,65536,MSAVI,-0.25390625,43661,,,,
0,patch_35_22,8960,9216,5632,5888,65536,NDVI,-0.57421875,21875,3181,0.016143267960026464,4132,0.022831154484796362
0,patch_35_23,8960,9216,5888,6144,65536,MSAVI,-0.25390625,39481,,,,
0,patch_35_23,8960,9216,5888,6144,65536,NDVI,-0.55078125,26053,8451,0.011929234009086659,10284,0.019015813763096717
0,patch_35_24,8960,9216,6144,6400,65536,MSAVI,-0.04296875,36797,,,,
0,patch_35_24,8960,9216,6144,6400,65536,NDVI,-0.48046875,28730,9886,0.007227913100928851,14537,0.014832890783465308
0,patch_35_25,8960,9216,6400,6656,65536,MSAVI,-0.13671875,43503,,,,
0,patch_35_25,8960,9216,6400,6656,65536,NDVI,-0.99609375,22033,3344,0.015060972789027988,4508,0.021632468201336658
0,patch_35_26,8960,9216,6656,6912,65536,MSAVI,0.00390625,45856,,,,
0,patch_35_26,8960,9216,6656,6912,65536,NDVI,-0.54296875,19679,2386,0.0190284634668432,2606,0.024463624933512507
0,patch_35_27,8960,9216,6912,7168,65536,MSAVI,-0.19921875,47980,,,,
0,patch_35_27,8960,9216,6912,7168,65536,NDVI,-0.51953125,17549,1755,0.022194753331246833,1687,0.028113986571507543
0,patch_35_28,8960,9216,7168,7424,65536,MSAVI,-0.10546875,45266,,,,
0,patch_35_28,8960,9216,7168,7424,65536,NDVI,-0.56640625,20244,570,0.016581861283973945,1145,0.023848897884716308
0,patch_35_29,8960,9216,7424,7680,65536,MSAVI,-0.24609375,48779,,,,
0,patch_35_29,8960,9216,7424,7680,65536,NDVI,-0.56640625,16753,629,0.02494077540567252,518,0.029118147001975236
0,patch_35_30,8960,9216,7680,7936,65536,MSAVI,-0.36328125,49563,,,,
0,patch_35_30,8960,9216,7680,7936,65536,NDVI,-0.66015625,15790,6865,0.02977929569947807,6937,0.03398123433577799
0,patch_35_31,8960,9216,7936,8192,65536,MSAVI,-0.08203125,47133,,,,
0,patch_35_31,8960,9216,7936,8192,65536,NDVI,-0.58203125,18294,4484,0.02183948081369387,4904,0.02903785766098302
0,patch_35_32,8960,9216,8192,8448,65536,MSAVI,0.05859375,46334,,,,
0,patch_35_32,8960,9216,8192,8448,65536,NDVI,-0.53515625,19197,6061,0.0201351703783344,6817,0.02876792828772151
0,patch_35_33,8960,9216,8448,8704,65536,MSAVI,-0.00390625,50794,,,,
0,patch_35_33,8960,9216,8448,8704,65536,NDVI,-0.54296875,14735,2120,0.021887346070493696,2332,0.03173927562841114
0,patch_35_34,8960,9216,8704,8960,65536,MSAVI,-0.21484375,46846,,,,
0,patch_35_34,8960,9216,8704,8960,65536,NDVI,-0.56640625,18667,2871,0.020792964700142552,3434,0.02565712501837944
0,patch_35_35,8960,9216,8960,9216,65536,MSAVI,-0.01953125,44929,,,,
0,patch_35_35,8960,9216,8960,9216,65536,NDVI,-0.57421875,20527,1295,0.014105826689773296,2229,0.02437773120541359
0,patch_36_0,9216,9472,0,256,65536,MSAVI,0.0,65536,,,,
0,patch_36_0,9216,9472,0,256,65536,NDVI,0.0,0,0,0.0,0,0.009808042386020944
0,patch_36_1,9216,9472,256,512,65536,MSAVI,0.0,65536,,,,
0,patch_36_1,9216,9472,256,512,65536,NDVI,0.0,0,0,0.0,0,0.009808042386020944
0,patch_36_2,9216,9472,512,768,65536,MSAVI,0.0,65536,,,,
0,patch_36_2,9216,9472,512,768,65536,NDVI,0.0,0,0,0.0,0,0.009808042386020944
0,patch_36_4,9216,9472,1024,1280,65536,MSAVI,-0.16796875,46692,,,,
0,patch_36_4,9216,9472,1024,1280,65536,NDVI,-0.99609375,18844,2927,0.02166127528950873,3664,0.02814041499412981
0,patch_36_5,9216,9472,1280,1536,65536,MSAVI,-0.11328125,49678,,,,
0,patch_36_5,9216,9472,1280,1536,65536,NDVI,-0.99609375,15858,428,0.02587640477923059,414,0.029219582184859955
0,patch_36_6,9216,9472,1536,1792,65536,MSAVI,-0.09765625,45392,,,,
0,patch_36_6,9216,9472,1536,1792,65536,NDVI,-0.62109375,20129,5889,0.01845513567545115,6171,0.023193877218453784
0,patch_36_7,9216,9472,1792,2048,65536,MSAVI,-0.26171875,41273,,,,
0,patch_36_7,9216,9472,1792,2048,65536,NDVI,-0.59765625,24262,10294,0.013423356890955432,11751,0.020169278771160815
0,patch_36_8,9216,9472,2048,2304,65536,MSAVI,-0.08984375,44871,,,,
0,patch_36_8,9216,9472,2048,2304,65536,NDVI,-0.99609375,20665,5512,0.021203792460443377,6129,0.025261156471769325
0,patch_36_9,9216,9472,2304,2560,65536,MSAVI,-0.17578125,48016,,,,
0,patch_36_9,9216,9472,2304,2560,65536,NDVI,-0.99609375,17520,2887,0.023351052498419483,3289,0.027599761349430763
0,patch_36_10,9216,9472,2560,2816,65536,MSAVI,-0.16796875,45829,,,,
0,patch_36_10,9216,9472,2560,2816,65536,NDVI,-0.49609375,19707,7617,0.021297505127005664,8430,0.027577116423809
0,patch_36_11,9216,9472,2816,3072,65536,MSAVI,-0.18359375,43254,,,,
0,patch_36_11,9216,9472,2816,3072,65536,NDVI,-0.99609375,22282,3710,0.0159172051898491,4672,0.02261512661366935
0,patch_36_12,9216,9472,3072,3328,65536,MSAVI,-0.25390625,47259,,,,
0,patch_36_12,9216,9472,3072,3328,65536,NDVI,-0.99609375,18277,4071,0.02248129409445429,3613,0.027560082508514522
0,patch_36_13,9216,9472,3328,3584,65536,MSAVI,-0.37890625,44080,,,,
0,patch_36_13,9216,9472,3328,3584,65536,NDVI,-0.69921875,21453,10594,0.020379203420611558,11839,0.02544657038014883
0,patch_36_14,9216,9472,3584,3840,65536,MSAVI,-0.04296875,42827,,,,
0,patch_36_14,9216,9472,3584,3840,65536,NDVI,-0.99609375,22709,5834,0.016779413851006064,7356,0.02222790605507885
0,patch_36_15,9216,9472,3840,4096,65536,MSAVI,-0.21484375,43764,,,,
0,patch_36_15,9216,9472,3840,4096,65536,NDVI,-0.99609375,21772,8213,0.019018607878871413,9796,0.026432573410294508
0,patch_36_16,9216,9472,4096,4352,65536,MSAVI,-0.12890625,44425,,,,
0,patch_36_16,9216,9472,4096,4352,65536,NDVI,-0.55078125,21111,6873,0.018317562163790144,7938,0.02511762698687839
0,patch_36_17,9216,9472,4352,4608,65536,MSAVI,-0.30078125,45202,,,,
0,patch_36_17,9216,9472,4352,4608,65536,NDVI,-0.99609375,20334,3550,0.01977304019376419,4144,0.023944366526466143
0,patch_36_18,9216,9472,4608,4864,65536,MSAVI,-0.07421875,50261,,,,
0,patch_36_18,9216,9472,4608,4864,65536,NDVI,-0.99609375,15275,2681,0.025871680153158716,2866,0.03227681776480992
0,patch_36_19,9216,9472,4864,5120,65536,MSAVI,-0.12109375,49872,,,,
0,patch_36_19,9216,9472,4864,5120,65536,NDVI,-0.99609375,15664,2544,0.02411218851743982,2697,0.03071762099116107
0,patch_36_20,9216,9472,5120,5376,65536,MSAVI,0.01171875,49001,,,,
0,patch_36_20,9216,9472,5120,5376,65536,NDVI,-0.99609375,16535,1191,0.024055252240994113,1424,0.029536920458596266
0,patch_36_21,9216,9472,5376,5632,65536,MSAVI,-0.27734375,47578,,,,
0,patch_36_21,9216,9472,5376,5632,65536,NDVI,-0.99609375,17958,3307,0.02026199973720344,3346,0.02573008252989692
0,patch_36_22,9216,9472,5632,5888,65536,MSAVI,-0.21484375,43121,,,,
0,patch_36_22,9216,9472,5632,5888,65536,NDVI,-0.56640625,22378,8959,0.0178896119552788,8923,0.023008488520799314
0,patch_36_23,9216,9472,5888,6144,65536,MSAVI,-0.19140625,41089,,,,
0,patch_36_23,9216,9472,5888,6144,65536,NDVI,-0.57421875,24440,4113,0.012149965996775314,5516,0.01910924329616495
0,patch_36_24,9216,9472,6144,6400,65536,MSAVI,-0.05078125,40760,,,,
0,patch_36_24,9216,9472,6144,6400,65536,NDVI,-0.99609375,24776,2422,0.009565335833842739,4657,0.018778077675344118
0,patch_36_25,9216,9472,6400,6656,65536,MSAVI,-0.01953125,42827,,,,
0,patch_36_25,9216,9472,6400,6656,65536,NDVI,-0.99609375,22709,4373,0.011116481875398071,6000,0.020850080297030504
0,patch_36_26,9216,9472,6656,6912,65536,MSAVI,-0.05859375,51319,,,,
0,patch_36_26,9216,9472,6656,6912,65536,NDVI,-0.54296875,14213,1029,0.02233489990236484,1300,0.029849940638242645
0,patch_36_27,9216,9472,6912,7168,65536,MSAVI,-0.01953125,47593,,,,
0,patch_36_27,9216,9472,6912,7168,65536,NDVI,-0.55078125,17943,982,0.01497957082457331,1016,0.024837461959876628
0,patch_36_28,9216,9472,7168,7424,65536,MSAVI,-0.05078125,50965,,,,
0,patch_36_28,9216,9472,7168,7424,65536,NDVI,-0.54296875,14565,263,0.024553923919020837,69,0.029631229857288083
0,patch_36_29,9216,9472,7424,7680,65536,MSAVI,-0.23828125,53363,,,,
0,patch_36_29,9216,9472,7424,7680,65536,NDVI,-0.58984375,11904,4606,0.029562690955783663,65536,0.03392414571603078
0,patch_36_30,9216,9472,7680,7936,65536,MSAVI,0.25390625,50139,,,,
0,patch_36_30,9216,9472,7680,7936,65536,NDVI,-0.58984375,15165,4021,0.020400924300912365,3735,0.03294132788873727
0,patch_36_37,9216,9472,9472,9728,65536,MSAVI,0.0,65536,,,,
0,patch_36_37,9216,9472,9472,9728,65536,NDVI,0.0,0,0,0.0,0,0.009808042386020944
0,patch_37_0,9472,9728,0,256,65536,MSAVI,0.0,65536,,,,
0,patch_37_0,9472,9728,0,256,65536,NDVI,0.0,0,0,0.0,0,0.009808042386020944
0,patch_37_1,9472,9728,256,512,65536,MSAVI,0.0,65536,,,,
0,patch_37_1,9472,9728,256,512,65536,NDVI,0.0,0,0,0.0,0,0.009808042386020944
0,patch_37_2,9472,9728,512,768,65536,MSAVI,0.0,65536,,,,
0,patch_37_2,9472,9728,512,768,65536,NDVI,0.0,0,0,0.0,0,0.009808042386020944
0,patch_37_5,9472,9728,1280,1536,65536,MSAVI,-0.19140625,46614,,,,
0,patch_37_5,9472,9728,1280,1536,65536,NDVI,-0.99609375,18922,1640,0.020565213648967656,2682,0.02455798951255564
0,patch_37_6,9472,9728,1536,1792,65536,MSAVI,-0.12109375,41756,,,,
0,patch_37_6,9472,9728,1536,1792,65536,NDVI,-0.99609375,23780,2802,0.01243163150520099,4042,0.017574058809871423
0,patch_37_7,9472,9728,1792,2048,65536,MSAVI,-0.17578125,45695,,,,
0,patch_37_7,9472,9728,1792,2048,65536,NDVI,-0.99609375,19841,4598,0.02056372600938347,6246,0.024156216332399366
0,patch_37_8,9472,9728,2048,2304,65536,MSAVI,-0.14453125,44432,,,,
0,patch_37_8,9472,9728,2048,2304,65536,NDVI,-0.99609375,21104,5120,0.018538199011691153,6215,0.023303988634371026
0,patch_37_9,9472,9728,2304,2560,65536,MSAVI,-0.19140625,42638,,,,
0,patch_37_9,9472,9728,2304,2560,65536,NDVI,-0.99609375,22898,3128,0.01782949705976919,4073,0.021537288525117437
0,patch_37_10,9472,9728,2560,2816,65536,MSAVI,-0.35546875,45384,,,,
0,patch_37_10,9472,9728,2560,2816,65536,NDVI,-0.99609375,20152,5402,0.0181968144019094,6225,0.024850615810467824
0,patch_37_11,9472,9728,2816,3072,65536,MSAVI,-0.12109375,42339,,,,
0,patch_37_11,9472,9728,2816,3072,65536,NDVI,-0.59765625,22642,5760,0.0181923751009673,8199,0.025915703375900018
0,patch_37_12,9472,9728,3072,3328,65536,MSAVI,-0.12109375,48796,,,,
0,patch_37_12,9472,9728,3072,3328,65536,NDVI,-0.99609375,16740,2824,0.022326595723335646,3110,0.029582746511343794
0,patch_37_13,9472,9728,3328,3584,65536,MSAVI,-0.00390625,51954,,,,
0,patch_37_13,9472,9728,3328,3584,65536,NDVI,-0.99609375,13582,2153,0.031205912580445333,2533,0.03509327876691626
0,patch_37_14,9472,9728,3584,3840,65536,MSAVI,-0.19921875,49792,,,,
0,patch_37_14,9472,9728,3584,3840,65536,NDVI,-0.49609375,15741,3117,0.024097013529479905,2917,0.02826117309367679
0,patch_37_15,9472,9728,3840,4096,65536,MSAVI,-0.13671875,46485,,,,
0,patch_37_15,9472,9728,3840,4096,65536,NDVI,-0.48046875,19050,1991,0.019430028127213186,2310,0.024016711841394617
0,patch_37_16,9472,9728,4096,4352,65536,MSAVI,-0.25390625,45850,,,,
0,patch_37_16,9472,9728,4096,4352,65536,NDVI,-0.99609375,19686,1936,0.019553923403129586,2804,0.02416564851212394
0,patch_37_17,9472,9728,4352,4608,65536,MSAVI,-0.10546875,48361,,,,
0,patch_37_17,9472,9728,4352,4608,65536,NDVI,-0.99609375,17175,3670,0.023532228137959715,4405,0.029400168590752007
0,patch_37_18,9472,9728,4608,4864,65536,MSAVI,0.05078125,41896,,,,
0,patch_37_18,9472,9728,4608,4864,65536,NDVI,-0.67578125,23638,9324,0.017976842992309228,10312,0.024323708434548702
0,patch_37_19,9472,9728,4864,5120,65536,MSAVI,0.08984375,47490,,,,
0,patch_37_19,9472,9728,4864,5120,65536,NDVI,-0.99609375,18046,2739,0.022551081820910146,3107,0.02832195115601155
0,patch_37_20,9472,9728,5120,5376,65536,MSAVI,-0.18359375,47461,,,,
0,patch_37_20,9472,9728,5120,5376,65536,NDVI,-0.53515625,18068,3961,0.021391835805237902,3843,0.024243353601370005
0,patch_37_21,9472,9728,5376,5632,65536,MSAVI,-0.12109375,46907,,,,
0,patch_37_21,9472,9728,5376,5632,65536,NDVI,-0.99609375,18629,1914,0.01889170729022316,2382,0.026620090952068465
0,patch_37_22,9472,9728,5632,5888,65536,MSAVI,-0.18359375,45877,,,,
0,patch_37_22,9472,9728,5632,5888,65536,NDVI,-0.58203125,19657,3430,0.019155500531686007,3227,0.025143549257056724
0,patch_37_23,9472,9728,5888,6144,65536,MSAVI,-0.17578125,43479,,,,
0,patch_37_23,9472,9728,5888,6144,65536,NDVI,-0.57421875,22056,5207,0.015166371105796647,5440,0.0223129472699915
0,patch_37_24,9472,9728,6144,6400,65536,MSAVI,-0.09765625,39204,,,,
0,patch_37_24,9472,9728,6144,6400,65536,NDVI,-0.99609375,26332,6544,0.009994784294146145,8590,0.01907735673957789
0,patch_37_32,9472,9728,8192,8448,65536,MSAVI,0.0,65536,,,,
0,patch_37_32,9472,9728,8192,8448,65536,NDVI,0.0,0,0,0.0,0,0.009808042386020944
0,patch_37_33,9472,9728,8448,8704,65536,MSAVI,0.0,65536,,,,
0,patch_37_33,9472,9728,8448,8704,65536,NDVI,0.0,0,0,0.0,0,0.009808042386020944
0,patch_37_34,9472,9728,8704,8960,65536,MSAVI,0.0,65536,,,,
0,patch_37_34,9472,9728,8704,8960,65536,NDVI,0.0,0,0,0.0,0,0.009808042386020944
0,patch_37_35,9472,9728,8960,9216,65536,MSAVI,0.0,65536,,,,
0,patch_37_35,9472,9728,8960,9216,65536,NDVI,0.0,0,0,0.0,0,0.009808042386020944
0,patch_37_36,9472,9728,9216,9472,65536,MSAVI,0.0,65536,,,,
0,patch_37_36,9472,9728,9216,9472,65536,NDVI,0.0,0,0,0.0,0,0.009808042386020944
0,patch_37_37,9472,9728,9472,9728,65536,MSAVI,0.0,65536,,,,
0,patch_37_37,9472,9728,9472,9728,65536,NDVI,0.0,0,0,0.0,0,0.009808042386020944
0,patch_38_0,9728,9984,0,256,65536,MSAVI,0.0,65536,,,,
0,patch_38_0,9728,9984,0,256,65536,NDVI,0.0,0,0,0.0,0,0.009808042386020944
0,patch_38_1,9728,9984,256,512,65536,MSAVI,0.0,65536,,,,
0,patch_38_1,9728,9984,256,512,65536,NDVI,0.0,0,0,0.0,0,0.009808042386020944
0,patch_38_2,9728,9984,512,768,65536,MSAVI,0.0,65536,,,,
0,patch_38_2,9728,9984,512,768,65536,NDVI,0.0,0,0,0.0,0,0.009808042386020944
0,patch_38_3,9728,9984,768,1024,65536,MSAVI,0.0,65536,,,,
0,patch_38_3,9728,9984,768,1024,65536,NDVI,0.0,0,0,0.0,0,0.009808042386020944
0,patch_38_5,9728,9984,1280,1536,65536,MSAVI,-0.12890625,35740,,,,
0,patch_38_5,9728,9984,1280,1536,65536,NDVI,-0.62890625,29794,14115,0.007616668815228739,17760,0.0152252536923205
0,patch_38_6,9728,9984,1536,1792,65536,MSAVI,-0.19921875,40475,,,,
0,patch_38_6,9728,9984,1536,1792,65536,NDVI,-0.99609375,25061,2877,0.013389048362773354,4484,0.01803393135192713
0,patch_38_7,9728,9984,1792,2048,65536,MSAVI,-0.04296875,46461,,,,
0,patch_38_7,9728,9984,1792,2048,65536,NDVI,-0.99609375,19075,1622,0.02165315432013648,2476,0.027596395005170776
0,patch_38_8,9728,9984,2048,2304,65536,MSAVI,-0.16015625,48929,,,,
0,patch_38_8,9728,9984,2048,2304,65536,NDVI,-0.99609375,16607,1551,0.026739306392217665,1572,0.02950871904395269
0,patch_38_9,9728,9984,2304,2560,65536,MSAVI,-0.36328125,46174,,,,
0,patch_38_9,9728,9984,2304,2560,65536,NDVI,-0.99609375,19362,5488,0.019321981228162574,6245,0.025538150076888616
0,patch_38_10,9728,9984,2560,2816,65536,MSAVI,-0.24609375,47080,,,,
0,patch_38_10,9728,9984,2560,2816,65536,NDVI,-0.99609375,18456,846,0.02179515734814541,1093,0.02430039898213554
0,patch_38_11,9728,9984,2816,3072,65536,MSAVI,-0.13671875,47563,,,,
0,patch_38_11,9728,9984,2816,3072,65536,NDVI,-0.99609375,17973,1549,0.023818502912345496,1963,0.02743294907997873
0,patch_38_12,9728,9984,3072,3328,65536,MSAVI,-0.03515625,40994,,,,
0,patch_38_12,9728,9984,3072,3328,65536,NDVI,-0.55078125,24539,2691,0.012481504443986519,4540,0.01872150904460876
0,patch_38_13,9728,9984,3328,3584,65536,MSAVI,-0.01953125,38697,,,,
0,patch_38_13,9728,9984,3328,3584,65536,NDVI,-0.99609375,26839,7264,0.0113827474011024,10588,0.02026758397948472
0,patch_38_14,9728,9984,3584,3840,65536,MSAVI,-0.06640625,42564,,,,
0,patch_38_14,9728,9984,3584,3840,65536,NDVI,-0.58984375,22965,3191,0.015448670129357078,5314,0.023883476123368885
0,patch_38_15,9728,9984,3840,4096,65536,MSAVI,-0.08984375,43661,,,,
0,patch_38_15,9728,9984,3840,4096,65536,NDVI,-0.99609375,21875,3976,0.01645246144986312,3663,0.019637869203597447
0,patch_38_16,9728,9984,4096,4352,65536,MSAVI,0.07421875,38029,,,,
0,patch_38_16,9728,9984,4096,4352,65536,NDVI,-0.55078125,27497,15327,0.010988456531494911,16787,0.0190902193264387
0,patch_38_17,9728,9984,4352,4608,65536,MSAVI,-0.22265625,46695,,,,
0,patch_38_17,9728,9984,4352,4608,65536,NDVI,-0.99609375,18841,2816,0.020128698549999602,3611,0.026728370928994244
0,patch_38_18,9728,9984,4608,4864,65536,MSAVI,-0.08984375,44409,,,,
0,patch_38_18,9728,9984,4608,4864,65536,NDVI,-0.99609375,21127,5559,0.020188373280997124,6296,0.02409149610121203
0,patch_38_26,9728,9984,6656,6912,65536,MSAVI,0.0,65536,,,,
0,patch_38_26,9728,9984,6656,6912,65536,NDVI,0.0,0,0,0.0,0,0.009808042386020944
0,patch_38_27,9728,9984,6912,7168,65536,MSAVI,0.0,65536,,,,
0,patch_38_27,9728,9984,6912,7168,65536,NDVI,0.0,0,0,0.0,0,0.009808042386020944
0,patch_38_28,9728,9984,7168,7424,65536,MSAVI,0.0,65536,,,,
0,patch_38_28,9728,9984,7168,7424,65536,NDVI,0.0,0,0,0.0,0,0.009808042386020944
0,patch_38_29,9728,9984,7424,7680,65536,MSAVI,0.0,65536,,,,
0,patch_38_29,9728,9984,7424,7680,65536,NDVI,0.0,0,0,0.0,0,0.009808042386020944
0,patch_38_30,9728,9984,7680,7936,65536,MSAVI,0.0,65536,,,,
0,patch_38_30,9728,9984,7680,7936,65536,NDVI,0.0,0,0,0.0,0,0.009808042386020944
0,patch_38_31,9728,9984,7936,8192,65536,MSAVI,0.0,65536,,,,
0,patch_38_31,9728,9984,7936,8192,65536,NDVI,0.0,0,0,0.0,0,0.009808042386020944
0,patch_38_32,9728,9984,8192,8448,65536,MSAVI,0.0,65536,,,,
0,patch_38_32,9728,9984,8192,8448,65536,NDVI,0.0,0,0,0.0,0,0.009808042386020944
0,patch_38_33,9728,9984,8448,8704,65536,MSAVI,0.0,65536,,,,
0,patch_38_33,9728,9984,8448,8704,65536,NDVI,0.0,0,0,0.0,0,0.009808042386020944
0,patch_38_34,9728,9984,8704,8960,65536,MSAVI,0.0,65536,,,,
0,patch_38_34,9728,9984,8704,8960,65536,NDVI,0.0,0,0,0.0,0,0.009808042386020944
0,patch_38_35,9728,9984,8960,9216,65536,MSAVI,0.0,65536,,,,
0,patch_38_35,9728,9984,8960,9216,65536,NDVI,0.0,0,0,0.0,0,0.009808042386020944
0,patch_38_36,9728,9984,9216,9472,65536,MSAVI,0.0,65536,,,,
0,patch_38_36,9728,9984,9216,9472,65536,NDVI,0.0,0,0,0.0,0,0.009808042386020944
0,patch_38_37,9728,9984,9472,9728,65536,MSAVI,0.0,65536,,,,
0,patch_38_37,9728,9984,9472,9728,65536,NDVI,0.0,0,0,0.0,0,0.009808042386020944
0,patch_39_0,9984,10240,0,256,65536,MSAVI,0.0,65536,,,,
0,patch_39_0,9984,10240,0,256,65536,NDVI,0.0,0,0,0.0,0,0.009808042386020944
0,patch_39_1,9984,10240,256,512,65536,MSAVI,0.0,65536,,,,
0,patch_39_1,9984,10240,256,512,65536,NDVI,0.0,0,0,0.0,0,0.009808042386020944
0,patch_39_2,9984,10240,512,768,65536,MSAVI,0.0,65536,,,,
0,patch_39_2,9984,10240,512,768,65536,NDVI,0.0,0,0,0.0,0,0.009808042386020944
0,patch_39_3,9984,10240,768,1024,65536,MSAVI,0.0,65536,,,,
0,patch_39_3,9984,10240,768,1024,65536,NDVI,0.0,0,0,0.0,0,0.009808042386020944
0,patch_39_5,9984,10240,1280,1536,65536,MSAVI,0.06640625,37118,,,,
0,patch_39_5,9984,10240,1280,1536,65536,NDVI,-0.99609375,28418,11269,0.011492128280763125,15168,0.01747760045598501
0,patch_39_6,9984,10240,1536,1792,65536,MSAVI,-0.16015625,42781,,,,
0,patch_39_6,9984,10240,1536,1792,65536,NDVI,-0.99609375,22755,2800,0.015415373111188152,4403,0.020556493037185014
0,patch_39_7,9984,10240,1792,2048,65536,MSAVI,0.05078125,47669,,,,
0,patch_39_7,9984,10240,1792,2048,65536,NDVI,-0.99609375,17867,2749,0.024598681174024112,2812,0.029577476640151507
0,patch_39_8,9984,10240,2048,2304,65536,MSAVI,0.02734375,44253,,,,
0,patch_39_8,9984,10240,2048,2304,65536,NDVI,-0.99609375,21283,1562,0.01594034756357529,1975,0.020582309822542555
0,patch_39_9,9984,10240,2304,2560,65536,MSAVI,-0.27734375,45734,,,,
0,patch_39_9,9984,10240,2304,2560,65536,NDVI,-0.59765625,19801,1136,0.0178210379329882,1462,0.021416709173242537
0,patch_39_10,9984,10240,2560,2816,65536,MSAVI,-0.20703125,49825,,,,
0,patch_39_10,9984,10240,2560,2816,65536,NDVI,-0.99609375,15711,1367,0.024224400705002536,1846,0.02891735986464028
0,patch_39_11,9984,10240,2816,3072,65536,MSAVI,-0.03515625,44764,,,,
0,patch_39_11,9984,10240,2816,3072,65536,NDVI,-0.99609375,20772,2891,0.0160747737019407,3724,0.024997708819757686
0,patch_39_12,9984,10240,3072,3328,65536,MSAVI,-0.08984375,44756,,,,
0,patch_39_12,9984,10240,3072,3328,65536,NDVI,-0.99609375,20780,1407,0.01780623501291248,2506,0.02561505496068217
0,patch_39_13,9984,10240,3328,3584,65536,MSAVI,-0.15234375,40079,,,,
0,patch_39_13,9984,10240,3328,3584,65536,NDVI,-0.57421875,25457,4315,0.011641858707560945,6603,0.021414237991309232
0,patch_39_14,9984,10240,3584,3840,65536,MSAVI,-0.08203125,37540,,,,
0,patch_39_14,9984,10240,3584,3840,65536,NDVI,-0.99609375,27996,4294,0.008015781644281322,8596,0.017373555903092475
0,patch_39_20,9984,10240,5120,5376,65536,MSAVI,0.0,65536,,,,
0,patch_39_20,9984,10240,5120,5376,65536,NDVI,0.0,0,0,0.0,0,0.009808042386020944
0,patch_39_21,9984,10240,5376,5632,65536,MSAVI,0.0,65536,,,,
0,patch_39_21,9984,10240,5376,5632,65536,NDVI,0.0,0,0,0.0,0,0.009808042386020944
0,patch_39_22,9984,10240,5632,5888,65536,MSAVI,0.0,65536,,,,
0,patch_39_22,9984,10240,5632,5888,65536,NDVI,0.0,0,0,0.0,0,0.009808042386020944
0,patch_39_23,9984,10240,5888,6144,65536,MSAVI,0.0,65536,,,,
0,patch_39_23,9984,10240,5888,6144,65536,NDVI,0.0,0,0,0.0,0,0.009808042386020944
0,patch_39_24,9984,10240,6144,6400,65536,MSAVI,0.0,65536,,,,
0,patch_39_24,9984,10240,6144,6400,65536,NDVI,0.0,0,0,0.0,0,0.009808042386020944
0,patch_39_25,9984,10240,6400,6656,65536,MSAVI,0.0,65536,,,,
0,patch_39_25,9984,10240,6400,6656,65536,NDVI,0.0,0,0,0.0,0,0.009808042386020944
0,patch_39_26,9984,10240,6656,6912,65536,MSAVI,0.0,65536,,,,
0,patch_39_26,9984,10240,6656,6912,65536,NDVI,0.0,0,0,0.0,0,0.009808042386020944
0,patch_39_27,9984,10240,6912,7168,65536,MSAVI,0.0,65536,,,,
0,patch_39_27,9984,10240,6912,7168,65536,NDVI,0.0,0,0,0.0,0,0.009808042386020944
0,patch_39_28,9984,10240,7168,7424,65536,MSAVI,0.0,65536,,,,
0,patch_39_28,9984,10240,7168,7424,65536,NDVI,0.0,0,0,0.0,0,0.009808042386020944
0,patch_39_29,9984,10240,7424,7680,65536,MSAVI,0.0,65536,,,,
0,patch_39_29,9984,10240,7424,7680,65536,NDVI,0.0,0,0,0.0,0,0.009808042386020944
0,patch_39_30,9984,10240,7680,7936,65536,MSAVI,0.0,65536,,,,
0,patch_39_30,9984,10240,7680,7936,65536,NDVI,0.0,0,0,0.0,0,0.009808042386020944
0,patch_39_31,9984,10240,7936,8192,65536,MSAVI,0.0,65536,,,,
0,patch_39_31,9984,10240,7936,8192,65536,NDVI,0.0,0,0,0.0,0,0.009808042386020944
0,patch_39_32,9984,10240,8192,8448,65536,MSAVI,0.0,65536,,,,
0,patch_39_32,9984,10240,8192,8448,65536,NDVI,0.0,0,0,0.0,0,0.009808042386020944
0,patch_39_33,9984,10240,8448,8704,65536,MSAVI,0.0,65536,,,,
0,patch_39_33,9984,10240,8448,8704,65536,NDVI,0.0,0,0,0.0,0,0.009808042386020944
0,patch_39_34,9984,10240,8704,8960,65536,MSAVI,0.0,65536,,,,
0,patch_39_34,9984,10240,8704,8960,65536,NDVI,0.0,0,0,0.0,0,0.009808042386020944
0,patch_39_35,9984,10240,8960,9216,65536,MSAVI,0.0,65536,,,,
0,patch_39_35,9984,10240,8960,9216,65536,NDVI,0.0,0,0,0.0,0,0.009808042386020944
0,patch_39_36,9984,10240,9216,9472,65536,MSAVI,0.0,65536,,,,
0,patch_39_36,9984,10240,9216,9472,65536,NDVI,0.0,0,0,0.0,0,0.009808042386020944
0,patch_39_37,9984,10240,9472,9728,65536,MSAVI,0.0,65536,,,,
0,patch_39_37,9984,10240,9472,9728,65536,NDVI,0.0,0,0,0.0,0,0.009808042386020944
0,patch_40_0,10240,10496,0,256,65536,MSAVI,0.0,65536,,,,
0,patch_40_0,10240,10496,0,256,65536,NDVI,0.0,0,0,0.0,0,0.009808042386020944
0,patch_40_1,10240,10496,256,512,65536,MSAVI,0.0,65536,,,,
0,patch_40_1,10240,10496,256,512,65536,NDVI,0.0,0,0,0.0,0,0.009808042386020944
0,patch_40_2,10240,10496,512,768,65536,MSAVI,0.0,65536,,,,
0,patch_40_2,10240,10496,512,768,65536,NDVI,0.0,0,0,0.0,0,0.009808042386020944
0,patch_40_3,10240,10496,768,1024,65536,MSAVI,0.0,65536,,,,
0,patch_40_3,10240,10496,768,1024,65536,NDVI,0.0,0,0,0.0,0,0.009808042386020944
0,patch_40_6,10240,10496,1536,1792,65536,MSAVI,-0.08203125,49105,,,,
0,patch_40_6,10240,10496,1536,1792,65536,NDVI,-0.99609375,16431,1850,0.022006736885031783,2348,0.027035470412089174
0,patch_40_7,10240,10496,1792,2048,65536,MSAVI,-0.11328125,47015,,,,
0,patch_40_7,10240,10496,1792,2048,65536,NDVI,-0.99609375,18521,1167,0.019063225704461034,1335,0.02476947243803254
0,patch_40_8,10240,10496,2048,2304,65536,MSAVI,-0.01171875,45264,,,,
0,patch_40_8,10240,10496,2048,2304,65536,NDVI,-0.99609375,20272,3484,0.019151451797912472,4237,0.025667205949356287
0,patch_40_9,10240,10496,2304,2560,65536,MSAVI,-0.07421875,50639,,,,
0,patch_40_9,10240,10496,2304,2560,65536,NDVI,-0.99609375,14897,352,0.023306718281555797,603,0.028251483566507585
0,patch_40_10,10240,10496,2560,2816,65536,MSAVI,-0.24609375,45620,,,,
0,patch_40_10,10240,10496,2560,2816,65536,NDVI,-0.99609375,19916,7206,0.021399266942514025,8128,0.02925296446163214
0,patch_40_11,10240,10496,2816,3072,65536,MSAVI,-0.14453125,41793,,,,
0,patch_40_11,10240,10496,2816,3072,65536,NDVI,-0.99609375,23743,9508,0.017575104394819935,10892,0.026432221849167437
0,patch_40_12,10240,10496,3072,3328,65536,MSAVI,0.10546875,45106,,,,
0,patch_40_12,10240,10496,3072,3328,65536,NDVI,-0.99609375,20430,3961,0.02236548655749418,5576,0.026991265642850287
0,patch_40_13,10240,10496,3328,3584,65393,MSAVI,-0.11328125,37718,,,,
0,patch_40_13,10240,10496,3328,3584,65393,NDVI,-0.99609375,27818,5197,0.010511875126657827,8798,0.016895419477785834
0,patch_40_16,10240,10496,4096,4352,65536,MSAVI,0.0,65536,,,,
0,patch_40_16,10240,10496,4096,4352,65536,NDVI,0.0,0,0,0.0,0,0.009808042386020944
0,patch_40_17,10240,10496,4352,4608,65536,MSAVI,0.0,65536,,,,
0,patch_40_17,10240,10496,4352,4608,65536,NDVI,0.0,0,0,0.0,0,0.009808042386020944
0,patch_40_18,10240,10496,4608,4864,65536,MSAVI,0.0,65536,,,,
0,patch_40_18,10240,10496,4608,4864,65536,NDVI,0.0,0,0,0.0,0,0.009808042386020944
0,patch_40_19,10240,10496,4864,5120,65536,MSAVI,0.0,65536,,,,
0,patch_40_19,10240,10496,4864,5120,65536,NDVI,0.0,0,0,0.0,0,0.009808042386020944
0,patch_40_20,10240,10496,5120,5376,65536,MSAVI,0.0,65536,,,,
0,patch_40_20,10240,10496,5120,5376,65536,NDVI,0.0,0,0,0.0,0,0.009808042386020944
0,patch_40_21,10240,10496,5376,5632,65536,MSAVI,0.0,65536,,,,
0,patch_40_21,10240,10496,5376,5632,65536,NDVI,0.0,0,0,0.0,0,0.009808042386020944
0,patch_40_22,10240,10496,5632,5888,65536,MSAVI,0.0,65536,,,,
0,patch_40_22,10240,10496,5632,5888,65536,NDVI,0.0,0,0,0.0,0,0.009808042386020944
0,patch_40_23,10240,10496,5888,6144,65536,MSAVI,0.0,65536,,,,
0,patch_40_23,10240,10496,5888,6144,65536,NDVI,0.0,0,0,0.0,0,0.009808042386020944
0,patch_40_24,10240,10496,6144,6400,65536,MSAVI,0.0,65536,,,,
0,patch_40_24,10240,10496,6144,6400,65536,NDVI,0.0,0,0,0.0,0,0.009808042386020944
0,patch_40_25,10240,10496,6400,6656,65536,MSAVI,0.0,65536,,,,
0,patch_40_25,10240,10496,6400,6656,65536,NDVI,0.0,0,0,0.0,0,0.009808042386020944
0,patch_40_26,10240,10496,6656,6912,65536,MSAVI,0.0,65536,,,,
0,patch_40_26,10240,10496,6656,6912,65536,NDVI,0.0,0,0,0.0,0,0.009808042386020944
0,patch_40_27,10240,10496,6912,7168,65536,MSAVI,0.0,65536,,,,
0,patch_40_27,10240,10496,6912,7168,65536,NDVI,0.0,0,0,0.0,0,0.009808042386020944
0,patch_40_28,10240,10496,7168,7424,65536,MSAVI,0.0,65536,,,,
0,patch_40_28,10240,10496,7168,7424,65536,NDVI,0.0,0,0,0.0,0,0.009808042386020944
0,patch_40_29,10240,10496,7424,7680,65536,MSAVI,0.0,65536,,,,
0,patch_40_29,10240,10496,7424,7680,65536,NDVI,0.0,0,0,0.0,0,0.009808042386020944
0,patch_40_30,10240,10496,7680,7936,65536,MSAVI,0.0,65536,,,,
0,patch_40_30,10240,10496,7680,7936,65536,NDVI,0.0,0,0,0.0,0,0.009808042386020944
0,patch_40_31,10240,10496,7936,8192,65536,MSAVI,0.0,65536,,,,
0,patch_40_31,10240,10496,7936,8192,65536,NDVI,0.0,0,0,0.0,0,0.009808042386020944
0,patch_40_32,10240,10496,8192,8448,65536,MSAVI,0.0,65536,,,,
0,patch_40_32,10240,10496,8192,8448,65536,NDVI,0.0,0,0,0.0,0,0.009808042386020944
0,patch_40_33,10240,10496,8448,8704,65536,MSAVI,0.0,65536,,,,
0,patch_40_33,10240,10496,8448,8704,65536,NDVI,0.0,0,0,0.0,0,0.009808042386020944
0,patch_40_34,10240,10496,8704,8960,65536,MSAVI,0.0,65536,,,,
0,patch_40_34,10240,10496,8704,8960,65536,NDVI,0.0,0,0,0.0,0,0.009808042386020944
0,patch_40_35,10240,10496,8960,9216,65536,MSAVI,0.0,65536,,,,
0,patch_40_35,10240,10496,8960,9216,65536,NDVI,0.0,0,0,0.0,0,0.009808042386020944
0,patch_40_36,10240,10496,9216,9472,65536,MSAVI,0.0,65536,,,,
0,patch_40_36,10240,10496,9216,9472,65536,NDVI,0.0,0,0,0.0,0,0.009808042386020944
0,patch_40_37,10240,10496,9472,9728,65536,MSAVI,0.0,65536,,,,
0,patch_40_37,10240,10496,9472,9728,65536,NDVI,0.0,0,0,0.0,0,0.009808042386020944
0,patch_41_0,10496,10752,0,256,65536,MSAVI,0.0,65536,,,,
0,patch_41_0,10496,10752,0,256,65536,NDVI,0.0,0,0,0.0,0,0.009808042386020944
0,patch_41_1,10496,10752,256,512,65536,MSAVI,0.0,65536,,,,
0,patch_41_1,10496,10752,256,512,65536,NDVI,0.0,0,0,0.0,0,0.009808042386020944
0,patch_41_2,10496,10752,512,768,65536,MSAVI,0.0,65536,,,,
0,patch_41_2,10496,10752,512,768,65536,NDVI,0.0,0,0,0.0,0,0.009808042386020944
0,patch_41_3,10496,10752,768,1024,65536,MSAVI,0.0,65536,,,,
0,patch_41_3,10496,10752,768,1024,65536,NDVI,0.0,0,0,0.0,0,0.009808042386020944
0,patch_41_4,10496,10752,1024,1280,65536,MSAVI,0.0,65536,,,,
0,patch_41_4,10496,10752,1024,1280,65536,NDVI,0.0,0,0,0.0,0,0.009808042386020944
0,patch_41_14,10496,10752,3584,3840,65536,MSAVI,0.0,65536,,,,
0,patch_41_14,10496,10752,3584,3840,65536,NDVI,0.0,0,0,0.0,0,0.009808042386020944
0,patch_41_15,10496,10752,3840,4096,65536,MSAVI,0.0,65536,,,,
0,patch_41_15,10496,10752,3840,4096,65536,NDVI,0.0,0,0,0.0,0,0.009808042386020944
0,patch_41_16,10496,10752,4096,4352,65536,MSAVI,0.0,65536,,,,
0,patch_41_16,10496,10752,4096,4352,65536,NDVI,0.0,0,0,0.0,0,0.009808042386020944
0,patch_41_17,10496,10752,4352,4608,65536,MSAVI,0.0,65536,,,,
0,patch_41_17,10496,10752,4352,4608,65536,NDVI,0.0,0,0,0.0,0,0.009808042386020944
0,patch_41_18,10496,10752,4608,4864,65536,MSAVI,0.0,65536,,,,
0,patch_41_18,10496,10752,4608,4864,65536,NDVI,0.0,0,0,0.0,0,0.009808042386020944
0,patch_41_19,10496,10752,4864,5120,65536,MSAVI,0.0,65536,,,,
0,patch_41_19,10496,10752,4864,5120,65536,NDVI,0.0,0,0,0.0,0,0.009808042386020944
0,patch_41_20,10496,10752,5120,5376,65536,MSAVI,0.0,65536,,,,
0,patch_41_20,10496,10752,5120,5376,65536,NDVI,0.0,0,0,0.0,0,0.009808042386020944
0,patch_41_21,10496,10752,5376,5632,65536,MSAVI,0.0,65536,,,,
0,patch_41_21,10496,10752,5376,5632,65536,NDVI,0.0,0,0,0.0,0,0.009808042386020944
0,patch_41_22,10496,10752,5632,5888,65536,MSAVI,0.0,65536,,,,
0,patch_41_22,10496,10752,5632,5888,65536,NDVI,0.0,0,0,0.0,0,0.009808042386020944
0,patch_41_23,10496,10752,5888,6144,65536,MSAVI,0.0,65536,,,,
0,patch_41_23,10496,10752,5888,6144,65536,NDVI,0.0,0,0,0.0,0,0.009808042386020944
0,patch_41_24,10496,10752,6144,6400,65536,MSAVI,0.0,65536,,,,
0,patch_41_24,10496,10752,6144,6400,65536,NDVI,0.0,0,0,0.0,0,0.009808042386020944
0,patch_41_25,10496,10752,6400,6656,65536,MSAVI,0.0,65536,,,,
0,patch_41_25,10496,10752,6400,6656,65536,NDVI,0.0,0,0,0.0,0,0.009808042386020944
0,patch_41_26,10496,10752,6656,6912,65536,MSAVI,0.0,65536,,,,
0,patch_41_26,10496,10752,6656,6912,65536,NDVI,0.0,0,0,0.0,0,0.009808042386020944
0,patch_41_27,10496,10752,6912,7168,65536,MSAVI,0.0,65536,,,,
0,patch_41_27,10496,10752,6912,7168,65536,NDVI,0.0,0,0,0.0,0,0.009808042386020944
0,patch_41_28,10496,10752,7168,7424,65536,MSAVI,0.0,65536,,,,
0,patch_41_28,10496,10752,7168,7424,65536,NDVI,0.0,0,0,0.0,0,0.009808042386020944
0,patch_41_29,10496,10752,7424,7680,65536,MSAVI,0.0,65536,,,,
0,patch_41_29,10496,10752,7424,7680,65536,NDVI,0.0,0,0,0.0,0,0.009808042386020944
0,patch_41_30,10496,10752,7680,7936,65536,MSAVI,0.0,65536,,,,
0,patch_41_30,10496,10752,7680,7936,65536,NDVI,0.0,0,0,0.0,0,0.009808042386020944
0,patch_41_31,10496,10752,7936,8192,65536,MSAVI,0.0,65536,,,,
0,patch_41_31,10496,10752,7936,8192,65536,NDVI,0.0,0,0,0.0,0,0.009808042386020944
0,patch_41_32,10496,10752,8192,8448,65536,MSAVI,0.0,65536,,,,
0,patch_41_32,10496,10752,8192,8448,65536,NDVI,0.0,0,0,0.0,0,0.009808042386020944
0,patch_41_33,10496,10752,8448,8704,65536,MSAVI,0.0,65536,,,,
0,patch_41_33,10496,10752,8448,8704,65536,NDVI,0.0,0,0,0.0,0,0.009808042386020944
0,patch_41_34,10496,10752,8704,8960,65536,MSAVI,0.0,65536,,,,
0,patch_41_34,10496,10752,8704,8960,65536,NDVI,0.0,0,0,0.0,0,0.009808042386020944
0,patch_41_35,10496,10752,8960,9216,65536,MSAVI,0.0,65536,,,,
0,patch_41_35,10496,10752,8960,9216,65536,NDVI,0.0,0,0,0.0,0,0.009808042386020944
0,patch_41_36,10496,10752,9216,9472,65536,MSAVI,0.0,65536,,,,
0,patch_41_36,10496,10752,9216,9472,65536,NDVI,0.0,0,0,0.0,0,0.009808042386020944
0,patch_41_37,10496,10752,9472,9728,65536,MSAVI,0.0,65536,,,,
0,patch_41_37,10496,10752,9472,9728,65536,NDVI,0.0,0,0,0.0,0,0.009808042386020944
