,Unnamed: 0,patch,start_vert,end_vert,start_horiz,end_horiz,Patch_Area,VegetationIndex,VI_Thresh,VI_Area,Pure_GaborArea,Pure_GaborThresh,LocalHistEq_GaborArea,LocalHistEq_GaborThresh
8,0,patch_1_3,256,512,768,1024,65536,MSAVI,-0.19921875,41974,,,,
9,0,patch_1_3,256,512,768,1024,65536,NDVI,-0.68359375,23509,11297.0,0.0177139319085714,11338.0,0.0261267871930304
10,0,patch_1_4,256,512,1024,1280,65536,MSAVI,-0.22265625,40189,,,,
11,0,patch_1_4,256,512,1024,1280,65536,NDVI,-0.70703125,25126,10120.0,0.0163885923598663,11424.0,0.022779411855816
12,0,patch_1_5,256,512,1280,1536,65536,MSAVI,-0.20703125,36366,,,,
13,0,patch_1_5,256,512,1280,1536,65536,NDVI,-0.74609375,28979,11122.0,0.0099217352662073,14619.0,0.019608267710375
14,0,patch_1_6,256,512,1536,1792,65536,MSAVI,-0.41796875,36698,,,,
15,0,patch_1_6,256,512,1536,1792,65536,NDVI,-0.79296875,12695,11103.0,0.010450587411862,14474.0,0.0208864959110608
16,0,patch_1_7,256,512,1792,2048,65536,MSAVI,-0.18359375,44726,,,,
17,0,patch_1_7,256,512,1792,2048,65536,NDVI,-0.69140625,12804,11148.0,0.0305383829028363,65536.0,0.0392767380161209
18,0,patch_1_8,256,512,2048,2304,65536,MSAVI,-0.36328125,37527,,,,
19,0,patch_1_8,256,512,2048,2304,65536,NDVI,-0.75390625,11631,13333.0,0.0154443742597703,16169.0,0.0253678816156987
20,0,patch_1_9,256,512,2304,2560,65536,MSAVI,-0.23046875,34129,,,,
21,0,patch_1_9,256,512,2304,2560,65536,NDVI,-0.74609375,11894,10361.0,0.0057599675838166,17034.0,0.017709369166451
22,0,patch_1_10,256,512,2560,2816,65536,MSAVI,-0.26953125,37067,,,,
23,0,patch_1_10,256,512,2560,2816,65536,NDVI,-0.70703125,10381,11695.0,0.0108108122859015,14806.0,0.0197177069510247
24,0,patch_1_11,256,512,2816,3072,65536,MSAVI,-0.12890625,43669,,,,
25,0,patch_1_11,256,512,2816,3072,65536,NDVI,-0.70703125,18240,8332.0,0.0198539238202345,9519.0,0.028338381624164
26,0,patch_1_12,256,512,3072,3328,65536,MSAVI,-0.24609375,39457,,,,
27,0,patch_1_12,256,512,3072,3328,65536,NDVI,-0.69140625,10720,8996.0,0.0148840145999543,12052.0,0.0243805046715078
28,0,patch_1_13,256,512,3328,3584,65536,MSAVI,-0.25390625,33680,,,,
29,0,patch_1_13,256,512,3328,3584,65536,NDVI,-0.76171875,14738,10458.0,0.005337808963763,15848.0,0.013926147175771
30,0,patch_1_14,256,512,3584,3840,65536,MSAVI,-0.14453125,38147,,,,
31,0,patch_1_14,256,512,3584,3840,65536,NDVI,-0.79296875,15148,9967.0,0.0122994111954173,11818.0,0.0187140893230223
32,0,patch_1_15,256,512,3840,4096,65536,MSAVI,-0.18359375,35057,,,,
33,0,patch_1_15,256,512,3840,4096,65536,NDVI,-0.74609375,12085,16203.0,0.0115675552247274,17494.0,0.0187856065230269
34,0,patch_1_16,256,512,4096,4352,65536,MSAVI,-0.27734375,36752,,,,
35,0,patch_1_16,256,512,4096,4352,65536,NDVI,-0.74609375,13847,8125.0,0.0107311704930102,12411.0,0.0175869014076269
36,0,patch_1_17,256,512,4352,4608,65536,MSAVI,-0.16796875,36146,,,,
37,0,patch_1_17,256,512,4352,4608,65536,NDVI,-0.79296875,16356,11283.0,0.0089013034464,15617.0,0.0175467228533897
38,0,patch_1_18,256,512,4608,4864,65536,MSAVI,-0.08984375,32129,,,,
39,0,patch_1_18,256,512,4608,4864,65536,NDVI,-0.75390625,20892,11348.0,0.0027956043281147,19579.0,0.0130962074565866
40,0,patch_1_19,256,512,4864,5120,65536,MSAVI,-0.37890625,35378,,,,
41,0,patch_1_19,256,512,4864,5120,65536,NDVI,-0.79296875,16988,6979.0,0.006600554281333,10780.0,0.0142380404057853
42,0,patch_1_20,256,512,5120,5376,65536,MSAVI,-0.30859375,42861,,,,
43,0,patch_1_20,256,512,5120,5376,65536,NDVI,-0.78515625,20326,6016.0,0.0189710653350081,8027.0,0.0248032633291799
44,0,patch_1_21,256,512,5376,5632,65536,MSAVI,-0.32421875,43110,,,,
45,0,patch_1_21,256,512,5376,5632,65536,NDVI,-0.69921875,7925,9291.0,0.0208453752850456,10183.0,0.0287256767151527
46,0,patch_1_22,256,512,5632,5888,65536,MSAVI,-0.44921875,32812,,,,
47,0,patch_1_22,256,512,5632,5888,65536,NDVI,-0.83203125,11293,13112.0,0.0037279501359035,21206.0,0.0179720472870261
48,0,patch_1_23,256,512,5888,6144,65536,MSAVI,-0.19921875,26841,,,,
49,0,patch_1_23,256,512,5888,6144,65536,NDVI,-0.73828125,18747,756.0,-0.0162493532393073,65536.0,0.019460086363177
50,0,patch_1_24,256,512,6144,6400,65536,MSAVI,-0.41015625,38573,,,,
51,0,patch_1_24,256,512,6144,6400,65536,NDVI,-0.65234375,4266,13760.0,0.0151595437644056,16295.0,0.0272297292124972
52,0,patch_1_25,256,512,6400,6656,65536,MSAVI,-0.30859375,35344,,,,
53,0,patch_1_25,256,512,6400,6656,65536,NDVI,-0.64453125,5925,14340.0,0.0093720308131115,17795.0,0.0202554364852502
54,0,patch_1_26,256,512,6656,6912,65536,MSAVI,-0.26953125,32801,,,,
55,0,patch_1_26,256,512,6656,6912,65536,NDVI,-0.78515625,15205,14413.0,0.0062054975934754,19254.0,0.0175183687893844
56,0,patch_1_27,256,512,6912,7168,65536,MSAVI,-0.28515625,36611,,,,
57,0,patch_1_27,256,512,6912,7168,65536,NDVI,-0.75390625,10665,7118.0,0.0082466293385892,11433.0,0.0193187998013588
58,0,patch_1_28,256,512,7168,7424,65536,MSAVI,-0.29296875,45676,,,,
59,0,patch_1_28,256,512,7168,7424,65536,NDVI,-0.67578125,10943,4071.0,0.0215900570938767,4571.0,0.0273677669009826
60,0,patch_1_29,256,512,7424,7680,65536,MSAVI,-0.11328125,42497,,,,
61,0,patch_1_29,256,512,7424,7680,65536,NDVI,-0.62109375,19165,5510.0,0.0167148958207801,6047.0,0.0255471716647776
62,0,patch_1_30,256,512,7680,7936,65536,MSAVI,0.01953125,41842,,,,
63,0,patch_1_30,256,512,7680,7936,65536,NDVI,-0.61328125,23687,8814.0,0.0169702064038943,10321.0,0.0280449454807177
64,0,patch_1_31,256,512,7936,8192,65536,MSAVI,-0.11328125,40339,,,,
65,0,patch_1_31,256,512,7936,8192,65536,NDVI,-0.76171875,24521,11678.0,0.018469951751692,12161.0,0.0252239573024687
66,0,patch_1_32,256,512,8192,8448,65536,MSAVI,-0.25390625,32457,,,,
67,0,patch_1_32,256,512,8192,8448,65536,NDVI,-0.78515625,20476,12968.0,0.004469198043479,19215.0,0.0145775546321478
68,0,patch_1_33,256,512,8448,8704,65536,MSAVI,-0.19140625,31993,,,,
69,0,patch_1_33,256,512,8448,8704,65536,NDVI,-0.75390625,24631,10014.0,0.0018691124738541,17472.0,0.0105747822823312
70,0,patch_1_34,256,512,8704,8960,65536,MSAVI,-0.16796875,35214,,,,
71,0,patch_1_34,256,512,8704,8960,65536,NDVI,-0.73046875,23339,9720.0,0.0083041189238147,13003.0,0.015257445518564
74,0,patch_2_1,512,768,256,512,65536,MSAVI,-0.23828125,36092,,,,
75,0,patch_2_1,512,768,256,512,65536,NDVI,-0.72265625,12392,8988.0,0.0075501332429661,12083.0,0.0156534872963548
76,0,patch_2_2,512,768,512,768,65536,MSAVI,-0.19140625,35927,,,,
77,0,patch_2_2,512,768,512,768,65536,NDVI,-0.71484375,12067,10262.0,0.0082770790415669,14448.0,0.0173682911135835
78,0,patch_2_3,512,768,768,1024,65536,MSAVI,-0.18359375,37059,,,,
79,0,patch_2_3,512,768,768,1024,65536,NDVI,-0.76953125,21656,12420.0,0.0125872543506462,14195.0,0.0190278785292242
80,0,patch_2_4,512,768,1024,1280,65536,MSAVI,-0.37890625,45217,,,,
81,0,patch_2_4,512,768,1024,1280,65536,NDVI,-0.73828125,20318,6947.0,0.0221303577639806,7814.0,0.0286632139219557
82,0,patch_2_5,512,768,1280,1536,65536,MSAVI,-0.16796875,36967,,,,
83,0,patch_2_5,512,768,1280,1536,65536,NDVI,-0.76953125,28251,10375.0,0.0109201449654358,12703.0,0.0185974412664517
84,0,patch_2_6,512,768,1536,1792,65536,MSAVI,-0.28515625,33889,,,,
85,0,patch_2_6,512,768,1536,1792,65536,NDVI,-0.75390625,17562,12238.0,0.0042189197056265,19767.0,0.0165113797336597
86,0,patch_2_7,512,768,1792,2048,65536,MSAVI,-0.41796875,35846,,,,
87,0,patch_2_7,512,768,1792,2048,65536,NDVI,-0.80859375,12004,12498.0,0.0089736541258682,16605.0,0.0168016108365662
88,0,patch_2_8,512,768,2048,2304,65536,MSAVI,-0.32421875,36485,,,,
89,0,patch_2_8,512,768,2048,2304,65536,NDVI,-0.74609375,18168,15575.0,0.0175411408421086,16648.0,0.0229589676198035
90,0,patch_2_9,512,768,2304,2560,65536,MSAVI,-0.20703125,35790,,,,
91,0,patch_2_9,512,768,2304,2560,65536,NDVI,-0.77734375,11832,12435.0,0.0098194630087169,17034.0,0.0189779210589979
92,0,patch_2_10,512,768,2560,2816,65536,MSAVI,-0.29296875,40081,,,,
93,0,patch_2_10,512,768,2560,2816,65536,NDVI,-0.67578125,12559,12671.0,0.017556249988997,12929.0,0.025210573517359
94,0,patch_2_11,512,768,2816,3072,65536,MSAVI,-0.28515625,50062,,,,
95,0,patch_2_11,512,768,2816,3072,65536,NDVI,-0.67578125,14724,7921.0,0.0286752208867552,7709.0,0.0401027168848585
96,0,patch_2_12,512,768,3072,3328,65536,MSAVI,-0.37890625,42341,,,,
97,0,patch_2_12,512,768,3072,3328,65536,NDVI,-0.72265625,10517,10911.0,0.0189369534736388,11292.0,0.0279501578387865
98,0,patch_2_13,512,768,3328,3584,65536,MSAVI,-0.21484375,37046,,,,
99,0,patch_2_13,512,768,3328,3584,65536,NDVI,-0.72265625,13730,10046.0,0.0102025317474421,14104.0,0.0192988468532408
100,0,patch_2_14,512,768,3584,3840,65536,MSAVI,-0.26953125,31738,,,,
101,0,patch_2_14,512,768,3584,3840,65536,NDVI,-0.72265625,11804,13024.0,0.0017554619625841,21493.0,0.0123746452709695
102,0,patch_2_15,512,768,3840,4096,65536,MSAVI,-0.21484375,31337,,,,
103,0,patch_2_15,512,768,3840,4096,65536,NDVI,-0.78515625,15621,10779.0,0.0006468618746868,22628.0,0.0147321059770117
104,0,patch_2_16,512,768,4096,4352,65536,MSAVI,-0.26953125,34270,,,,
105,0,patch_2_16,512,768,4096,4352,65536,NDVI,-0.78515625,15353,11548.0,0.0074567706994097,14849.0,0.0162931085149131
106,0,patch_2_17,512,768,4352,4608,65536,MSAVI,-0.08203125,34011,,,,
107,0,patch_2_17,512,768,4352,4608,65536,NDVI,-0.78515625,23148,14846.0,0.0068865550643542,20747.0,0.0171231604762226
108,0,patch_2_18,512,768,4608,4864,65536,MSAVI,-0.23046875,33881,,,,
109,0,patch_2_18,512,768,4608,4864,65536,NDVI,-0.77734375,19581,12187.0,0.0087532105539728,16328.0,0.0158345984950613
110,0,patch_2_19,512,768,4864,5120,65536,MSAVI,-0.17578125,33322,,,,
111,0,patch_2_19,512,768,4864,5120,65536,NDVI,-0.78515625,15457,10891.0,0.0046296591073135,17066.0,0.0126774088327382
112,0,patch_2_20,512,768,5120,5376,65536,MSAVI,-0.19140625,33364,,,,
113,0,patch_2_20,512,768,5120,5376,65536,NDVI,-0.74609375,17182,11984.0,0.0052049647346744,18410.0,0.0150230776272723
114,0,patch_2_21,512,768,5376,5632,65536,MSAVI,-0.17578125,34164,,,,
115,0,patch_2_21,512,768,5376,5632,65536,NDVI,-0.75390625,16008,11706.0,0.0072789534174712,15776.0,0.0143738231630196
116,0,patch_2_22,512,768,5632,5888,65536,MSAVI,-0.33203125,31420,,,,
117,0,patch_2_22,512,768,5632,5888,65536,NDVI,-0.81640625,15285,8736.0,0.0024783102614277,17240.0,0.0125494683469554
118,0,patch_2_23,512,768,5888,6144,65536,MSAVI,-0.33984375,35568,,,,
119,0,patch_2_23,512,768,5888,6144,65536,NDVI,-0.76953125,13762,15806.0,0.0113918430886991,18643.0,0.0207540135564638
120,0,patch_2_24,512,768,6144,6400,65536,MSAVI,-0.08203125,38211,,,,
121,0,patch_2_24,512,768,6144,6400,65536,NDVI,-0.76953125,13649,11244.0,0.0117128536288274,14573.0,0.024036337523842
122,0,patch_2_25,512,768,6400,6656,65536,MSAVI,-0.38671875,37366,,,,
123,0,patch_2_25,512,768,6400,6656,65536,NDVI,-0.77734375,8449,11075.0,0.0126739126754978,14842.0,0.0230276474311411
124,0,patch_2_26,512,768,6656,6912,65536,MSAVI,-0.28515625,39850,,,,
125,0,patch_2_26,512,768,6656,6912,65536,NDVI,-0.66796875,9492,13264.0,0.018033717454038,14138.0,0.0273302310181768
126,0,patch_2_27,512,768,6912,7168,65536,MSAVI,-0.24609375,37396,,,,
127,0,patch_2_27,512,768,6912,7168,65536,NDVI,-0.76171875,12076,9824.0,0.0121207947528687,12528.0,0.0203089215945542
128,0,patch_2_28,512,768,7168,7424,65536,MSAVI,-0.23046875,45373,,,,
129,0,patch_2_28,512,768,7168,7424,65536,NDVI,-0.63671875,10170,3041.0,0.0227960291868238,3551.0,0.0279648023286914
130,0,patch_2_29,512,768,7424,7680,65536,MSAVI,-0.08203125,40580,,,,
131,0,patch_2_29,512,768,7424,7680,65536,NDVI,-0.62890625,24155,8596.0,0.0151259162026243,9880.0,0.023593913804715
132,0,patch_2_30,512,768,7680,7936,65536,MSAVI,-0.15234375,41850,,,,
133,0,patch_2_30,512,768,7680,7936,65536,NDVI,-0.62109375,20915,18548.0,0.0220835284136461,19734.0,0.036283419647709
134,0,patch_2_31,512,768,7936,8192,65536,MSAVI,-0.25390625,36512,,,,
135,0,patch_2_31,512,768,7936,8192,65536,NDVI,-0.76953125,16447,12591.0,0.0122262744692323,14601.0,0.0205668593388901
136,0,patch_2_32,512,768,8192,8448,65536,MSAVI,-0.36328125,33233,,,,
137,0,patch_2_32,512,768,8192,8448,65536,NDVI,-0.77734375,11553,12145.0,0.0056268895812366,17018.0,0.0153554133098622
138,0,patch_2_33,512,768,8448,8704,65536,MSAVI,-0.15234375,36249,,,,
139,0,patch_2_33,512,768,8448,8704,65536,NDVI,-0.68359375,8483,5522.0,0.0065269719836398,10057.0,0.0157746606168442
140,0,patch_2_34,512,768,8704,8960,65536,MSAVI,-0.08203125,33323,,,,
141,0,patch_2_34,512,768,8704,8960,65536,NDVI,-0.70703125,14768,8683.0,0.0038470754030821,15858.0,0.0131748278004953
142,0,patch_2_35,512,768,8960,9216,65536,MSAVI,-0.10546875,35315,,,,
143,0,patch_2_35,512,768,8960,9216,65536,NDVI,-0.69921875,15835,8921.0,0.0082503129826126,12267.0,0.0138051300545952
144,0,patch_2_36,512,768,9216,9472,65317,MSAVI,-0.16796875,34609,,,,
145,0,patch_2_36,512,768,9216,9472,65317,NDVI,-0.73046875,18076,7820.0,0.0056688264834057,13085.0,0.0141509002425818
146,0,patch_3_1,768,1024,256,512,65536,MSAVI,-0.16015625,37656,,,,
147,0,patch_3_1,768,1024,256,512,65536,NDVI,-0.67578125,7752,12372.0,0.0105454633523135,14004.0,0.01997406802865
148,0,patch_3_2,768,1024,512,768,65536,MSAVI,-0.14453125,33196,,,,
149,0,patch_3_2,768,1024,512,768,65536,NDVI,-0.74609375,13249,12788.0,0.0052876178173282,19090.0,0.0144474195918906
150,0,patch_3_3,768,1024,768,1024,65536,MSAVI,-0.10546875,37530,,,,
151,0,patch_3_3,768,1024,768,1024,65536,NDVI,-0.72265625,10997,11917.0,0.0120376910406288,14339.0,0.0201672160357861
152,0,patch_3_4,768,1024,1024,1280,65536,MSAVI,-0.32421875,38618,,,,
153,0,patch_3_4,768,1024,1024,1280,65536,NDVI,-0.77734375,21230,15796.0,0.0167495394150321,16627.0,0.022781426320634
154,0,patch_3_5,768,1024,1280,1536,65536,MSAVI,-0.38671875,34235,,,,
155,0,patch_3_5,768,1024,1280,1536,65536,NDVI,-0.81640625,19535,14165.0,0.007082749681304,18174.0,0.0153392714756794
156,0,patch_3_6,768,1024,1536,1792,65536,MSAVI,-0.19921875,34276,,,,
157,0,patch_3_6,768,1024,1536,1792,65536,NDVI,-0.72265625,17848,10982.0,0.0056479341811921,16563.0,0.0163081193559921
158,0,patch_3_7,768,1024,1792,2048,65536,MSAVI,-0.10546875,31564,,,,
159,0,patch_3_7,768,1024,1792,2048,65536,NDVI,-0.72265625,22056,13508.0,0.0021171420534192,23466.0,0.0132365042566946
160,0,patch_3_8,768,1024,2048,2304,65536,MSAVI,-0.24609375,38317,,,,
161,0,patch_3_8,768,1024,2048,2304,65536,NDVI,-0.75390625,14907,14785.0,0.0181820110540556,15204.0,0.0232557645228217
162,0,patch_3_9,768,1024,2304,2560,65536,MSAVI,-0.30859375,36117,,,,
163,0,patch_3_9,768,1024,2304,2560,65536,NDVI,-0.75390625,14272,12284.0,0.0086398160411005,15903.0,0.018262793168616
164,0,patch_3_10,768,1024,2560,2816,65536,MSAVI,-0.19140625,37429,,,,
165,0,patch_3_10,768,1024,2560,2816,65536,NDVI,-0.71484375,14202,11630.0,0.0103624623490797,15029.0,0.0206767736111178
166,0,patch_3_11,768,1024,2816,3072,65536,MSAVI,-0.12890625,35705,,,,
167,0,patch_3_11,768,1024,2816,3072,65536,NDVI,-0.73046875,13677,10319.0,0.0073318387097744,14962.0,0.0159571524640699
168,0,patch_3_12,768,1024,3072,3328,65536,MSAVI,-0.26171875,37893,,,,
169,0,patch_3_12,768,1024,3072,3328,65536,NDVI,-0.74609375,15583,8355.0,0.0113366290435416,11071.0,0.0179804733599445
170,0,patch_3_13,768,1024,3328,3584,65536,MSAVI,-0.17578125,37868,,,,
171,0,patch_3_13,768,1024,3328,3584,65536,NDVI,-0.74609375,23282,10251.0,0.0115171821679955,12299.0,0.0183481357589315
172,0,patch_3_14,768,1024,3584,3840,65536,MSAVI,-0.23828125,35528,,,,
173,0,patch_3_14,768,1024,3584,3840,65536,NDVI,-0.79296875,13415,12309.0,0.0091025485211002,16404.0,0.0169299036392306
174,0,patch_3_15,768,1024,3840,4096,65536,MSAVI,-0.37890625,33287,,,,
175,0,patch_3_15,768,1024,3840,4096,65536,NDVI,-0.80859375,12528,14715.0,0.0060316721915004,19303.0,0.0173855335239771
176,0,patch_3_16,768,1024,4096,4352,65536,MSAVI,-0.26953125,36068,,,,
177,0,patch_3_16,768,1024,4096,4352,65536,NDVI,-0.71484375,14095,11725.0,0.0088454941274917,16170.0,0.0147089560882717
178,0,patch_3_17,768,1024,4352,4608,65536,MSAVI,-0.21484375,29059,,,,
179,0,patch_3_17,768,1024,4352,4608,65536,NDVI,-0.80859375,21918,13333.0,-0.0006606046264189,27592.0,0.01182502722548
180,0,patch_3_18,768,1024,4608,4864,65536,MSAVI,-0.25390625,31712,,,,
181,0,patch_3_18,768,1024,4608,4864,65536,NDVI,-0.79296875,16737,11721.0,0.0014090776033899,21649.0,0.012950021159322
182,0,patch_3_19,768,1024,4864,5120,65536,MSAVI,-0.16015625,32514,,,,
183,0,patch_3_19,768,1024,4864,5120,65536,NDVI,-0.74609375,19739,14602.0,0.0043829253637102,21733.0,0.0155639667134674
184,0,patch_3_20,768,1024,5120,5376,65536,MSAVI,-0.27734375,38143,,,,
185,0,patch_3_20,768,1024,5120,5376,65536,NDVI,-0.75390625,13007,9281.0,0.0118394430984313,11531.0,0.0184041309932624
186,0,patch_3_21,768,1024,5376,5632,65536,MSAVI,-0.06640625,33751,,,,
187,0,patch_3_21,768,1024,5376,5632,65536,NDVI,-0.69921875,10741,12159.0,0.007889159818157,17153.0,0.0168106915473247
188,0,patch_3_22,768,1024,5632,5888,65536,MSAVI,-0.21484375,33084,,,,
189,0,patch_3_22,768,1024,5632,5888,65536,NDVI,-0.73828125,12611,11368.0,0.0057967824665418,17373.0,0.015417046842103
190,0,patch_3_23,768,1024,5888,6144,65536,MSAVI,-0.32421875,32562,,,,
191,0,patch_3_23,768,1024,5888,6144,65536,NDVI,-0.76171875,9048,10409.0,0.0042544485014014,18467.0,0.0140223511842374
192,0,patch_3_24,768,1024,6144,6400,65536,MSAVI,-0.30078125,36322,,,,
193,0,patch_3_24,768,1024,6144,6400,65536,NDVI,-0.73046875,12401,12993.0,0.0092524865098653,16785.0,0.02103761646168
194,0,patch_3_25,768,1024,6400,6656,65536,MSAVI,-0.31640625,34058,,,,
195,0,patch_3_25,768,1024,6400,6656,65536,NDVI,-0.80078125,12594,17905.0,0.0114659508175424,20983.0,0.0205195129083513
196,0,patch_3_26,768,1024,6656,6912,65536,MSAVI,-0.28515625,34528,,,,
197,0,patch_3_26,768,1024,6656,6912,65536,NDVI,-0.77734375,13871,12500.0,0.0084311998280852,16555.0,0.0171519032376373
198,0,patch_3_27,768,1024,6912,7168,65536,MSAVI,-0.17578125,37736,,,,
199,0,patch_3_27,768,1024,6912,7168,65536,NDVI,-0.74609375,16443,7254.0,0.0120667028942027,10211.0,0.0203403694593964
200,0,patch_3_28,768,1024,7168,7424,65536,MSAVI,-0.22265625,40446,,,,
201,0,patch_3_28,768,1024,7168,7424,65536,NDVI,-0.70703125,17613,5714.0,0.0159856168688866,7578.0,0.02441427297541
202,0,patch_3_29,768,1024,7424,7680,65536,MSAVI,0.00390625,46938,,,,
203,0,patch_3_29,768,1024,7424,7680,65536,NDVI,-0.65234375,17800,8089.0,0.0203973817248518,8468.0,0.0333026220904701
204,0,patch_3_30,768,1024,7680,7936,65536,MSAVI,-0.19921875,40471,,,,
205,0,patch_3_30,768,1024,7680,7936,65536,NDVI,-0.62109375,12980,20366.0,0.0267551776031591,20504.0,0.0350933400999469
206,0,patch_3_31,768,1024,7936,8192,65536,MSAVI,-0.11328125,34475,,,,
207,0,patch_3_31,768,1024,7936,8192,65536,NDVI,-0.68359375,11411,11185.0,0.0065179160538148,17721.0,0.0177799833434919
208,0,patch_3_32,768,1024,8192,8448,65536,MSAVI,-0.08984375,32423,,,,
209,0,patch_3_32,768,1024,8192,8448,65536,NDVI,-0.64453125,10013,7502.0,0.0025447964041807,15585.0,0.0127501421719124
210,0,patch_3_33,768,1024,8448,8704,65536,MSAVI,-0.19921875,36283,,,,
211,0,patch_3_33,768,1024,8448,8704,65536,NDVI,-0.67578125,8983,7957.0,0.007742126429875,10848.0,0.0157138370340716
212,0,patch_3_34,768,1024,8704,8960,65536,MSAVI,-0.19921875,38512,,,,
213,0,patch_3_34,768,1024,8704,8960,65536,NDVI,-0.71484375,13578,6386.0,0.0107900461178132,9543.0,0.0195618309536268
214,0,patch_3_35,768,1024,8960,9216,65536,MSAVI,-0.20703125,34955,,,,
215,0,patch_3_35,768,1024,8960,9216,65536,NDVI,-0.73828125,12583,7865.0,0.0070915203932699,11856.0,0.0133794682194381
216,0,patch_3_36,768,1024,9216,9472,65536,MSAVI,-0.18359375,34568,,,,
217,0,patch_3_36,768,1024,9216,9472,65536,NDVI,-0.73046875,9728,13917.0,0.0096622262236357,17022.0,0.0169980566364051
218,0,patch_4_1,1024,1280,256,512,65536,MSAVI,0.00390625,33513,,,,
219,0,patch_4_1,1024,1280,256,512,65536,NDVI,-0.56640625,9591,10207.0,0.0066481219494489,15541.0,0.0155003193086933
220,0,patch_4_2,1024,1280,512,768,65536,MSAVI,-0.18359375,33720,,,,
221,0,patch_4_2,1024,1280,512,768,65536,NDVI,-0.72265625,12695,10367.0,0.0056019233467684,16143.0,0.015402285318959
222,0,patch_4_3,1024,1280,768,1024,65536,MSAVI,-0.11328125,32390,,,,
223,0,patch_4_3,1024,1280,768,1024,65536,NDVI,-0.76953125,15489,13227.0,0.0045454618041209,18627.0,0.0128343516046216
224,0,patch_4_4,1024,1280,1024,1280,65536,MSAVI,-0.23828125,32721,,,,
225,0,patch_4_4,1024,1280,1024,1280,65536,NDVI,-0.76953125,15282,8275.0,0.0031820563255307,14791.0,0.0113258251386661
226,0,patch_4_5,1024,1280,1280,1536,65536,MSAVI,-0.15234375,32619,,,,
227,0,patch_4_5,1024,1280,1280,1536,65536,NDVI,-0.75390625,17584,9506.0,0.0038999991114373,15328.0,0.0124504174695841
228,0,patch_4_6,1024,1280,1536,1792,65536,MSAVI,-0.19140625,37872,,,,
229,0,patch_4_6,1024,1280,1536,1792,65536,NDVI,-0.69140625,13278,10865.0,0.0111389351575767,13084.0,0.0188969930239294
230,0,patch_4_7,1024,1280,1792,2048,65536,MSAVI,-0.12109375,32548,,,,
231,0,patch_4_7,1024,1280,1792,2048,65536,NDVI,-0.74609375,14061,13367.0,0.0032169347572019,18429.0,0.0132223854721219
232,0,patch_4_8,1024,1280,2048,2304,65536,MSAVI,-0.15234375,34065,,,,
233,0,patch_4_8,1024,1280,2048,2304,65536,NDVI,-0.71484375,17999,8322.0,0.0047138667019963,14561.0,0.0155614830912303
234,0,patch_4_9,1024,1280,2304,2560,65536,MSAVI,-0.23046875,35767,,,,
235,0,patch_4_9,1024,1280,2304,2560,65536,NDVI,-0.76953125,21994,12632.0,0.0109561458815947,17681.0,0.0223090158756006
236,0,patch_4_10,1024,1280,2560,2816,65536,MSAVI,-0.19921875,40631,,,,
237,0,patch_4_10,1024,1280,2560,2816,65536,NDVI,-0.73046875,12877,11145.0,0.0137796724268125,12024.0,0.0218611962477385
238,0,patch_4_11,1024,1280,2816,3072,65536,MSAVI,-0.19140625,35019,,,,
239,0,patch_4_11,1024,1280,2816,3072,65536,NDVI,-0.73828125,10849,8285.0,0.0068476615573522,13751.0,0.0165594967191791
240,0,patch_4_12,1024,1280,3072,3328,65536,MSAVI,-0.20703125,31521,,,,
241,0,patch_4_12,1024,1280,3072,3328,65536,NDVI,-0.73828125,15646,9738.0,0.0031974068951358,16436.0,0.0112043816618081
242,0,patch_4_13,1024,1280,3328,3584,65536,MSAVI,0.08984375,32409,,,,
243,0,patch_4_13,1024,1280,3328,3584,65536,NDVI,-0.74609375,17224,9006.0,0.0021006179791724,16088.0,0.0110137491917495
244,0,patch_4_14,1024,1280,3584,3840,65536,MSAVI,-0.13671875,32154,,,,
245,0,patch_4_14,1024,1280,3584,3840,65536,NDVI,-0.75390625,18847,12111.0,0.0025052691777241,21286.0,0.0137103577619855
246,0,patch_4_15,1024,1280,3840,4096,65536,MSAVI,-0.28515625,31595,,,,
247,0,patch_4_15,1024,1280,3840,4096,65536,NDVI,-0.80859375,17515,15741.0,0.001988294280643,22948.0,0.013596091482398
248,0,patch_4_16,1024,1280,4096,4352,65536,MSAVI,-0.20703125,31328,,,,
249,0,patch_4_16,1024,1280,4096,4352,65536,NDVI,-0.77734375,15503,9893.0,0.0024286635069525,17209.0,0.0096905782618464
250,0,patch_4_17,1024,1280,4352,4608,65536,MSAVI,-0.31640625,36348,,,,
251,0,patch_4_17,1024,1280,4352,4608,65536,NDVI,-0.80859375,20367,13004.0,0.0101137802587419,17401.0,0.0215936283213012
252,0,patch_4_18,1024,1280,4608,4864,65536,MSAVI,-0.17578125,30250,,,,
253,0,patch_4_18,1024,1280,4608,4864,65536,NDVI,-0.76953125,16289,12971.0,-0.0019377365138912,26190.0,0.0157102683864756
254,0,patch_4_19,1024,1280,4864,5120,65536,MSAVI,-0.23046875,33546,,,,
255,0,patch_4_19,1024,1280,4864,5120,65536,NDVI,-0.73046875,15418,9527.0,0.0059376026032537,15794.0,0.0153212572947186
256,0,patch_4_20,1024,1280,5120,5376,65536,MSAVI,-0.16015625,35238,,,,
257,0,patch_4_20,1024,1280,5120,5376,65536,NDVI,-0.73046875,13447,7643.0,0.0066021122573604,11680.0,0.0143217207472596
258,0,patch_4_21,1024,1280,5376,5632,65536,MSAVI,-0.11328125,33684,,,,
259,0,patch_4_21,1024,1280,5376,5632,65536,NDVI,-0.70703125,12046,7205.0,0.0044557935639634,14797.0,0.013935018121471
260,0,patch_4_22,1024,1280,5632,5888,65536,MSAVI,-0.12890625,29902,,,,
261,0,patch_4_22,1024,1280,5632,5888,65536,NDVI,-0.55078125,9046,9987.0,0.0002865266510952,26111.0,0.0172904490536915
262,0,patch_4_23,1024,1280,5888,6144,65536,MSAVI,-0.29296875,33251,,,,
263,0,patch_4_23,1024,1280,5888,6144,65536,NDVI,-0.75390625,11284,9641.0,0.0053878910474239,18357.0,0.0177534109408996
264,0,patch_4_24,1024,1280,6144,6400,65536,MSAVI,-0.30859375,37080,,,,
265,0,patch_4_24,1024,1280,6144,6400,65536,NDVI,-0.73828125,13933,7249.0,0.0093633624405584,11755.0,0.0187108140467519
266,0,patch_4_25,1024,1280,6400,6656,65536,MSAVI,-0.23046875,33375,,,,
267,0,patch_4_25,1024,1280,6400,6656,65536,NDVI,-0.76171875,16359,11406.0,0.0047442630931166,19455.0,0.0152641888774441
268,0,patch_4_26,1024,1280,6656,6912,65536,MSAVI,-0.22265625,34551,,,,
269,0,patch_4_26,1024,1280,6656,6912,65536,NDVI,-0.74609375,18802,14247.0,0.0082650281875682,17216.0,0.0185783449211057
270,0,patch_4_27,1024,1280,6912,7168,65536,MSAVI,-0.02734375,39437,,,,
271,0,patch_4_27,1024,1280,6912,7168,65536,NDVI,-0.74609375,21530,8264.0,0.0140216254203215,9648.0,0.0217725054913406
272,0,patch_4_28,1024,1280,7168,7424,65536,MSAVI,-0.15234375,42043,,,,
273,0,patch_4_28,1024,1280,7168,7424,65536,NDVI,-0.69140625,21825,5550.0,0.0157021820518674,6657.0,0.0219832933347741
274,0,patch_4_29,1024,1280,7424,7680,65536,MSAVI,-0.30078125,39674,,,,
275,0,patch_4_29,1024,1280,7424,7680,65536,NDVI,-0.77734375,21768,7384.0,0.0138360944864679,9913.0,0.0187449964597143
276,0,patch_4_30,1024,1280,7680,7936,65536,MSAVI,-0.37890625,30169,,,,
277,0,patch_4_30,1024,1280,7680,7936,65536,NDVI,-0.70703125,12369,320.0,-0.020339026245958,65536.0,0.0274295821708188
278,0,patch_4_31,1024,1280,7936,8192,65536,MSAVI,-0.09765625,35147,,,,
279,0,patch_4_31,1024,1280,7936,8192,65536,NDVI,-0.71484375,10276,9568.0,0.0084256571152645,12386.0,0.0145100895252348
280,0,patch_4_32,1024,1280,8192,8448,65536,MSAVI,-0.08984375,32364,,,,
281,0,patch_4_32,1024,1280,8192,8448,65536,NDVI,-0.62890625,12317,8188.0,0.0041447776311163,14295.0,0.0121319788357391
282,0,patch_4_33,1024,1280,8448,8704,65536,MSAVI,-0.19140625,34538,,,,
283,0,patch_4_33,1024,1280,8448,8704,65536,NDVI,-0.74609375,11644,8870.0,0.0059690616788605,15617.0,0.0170235567618537
284,0,patch_4_34,1024,1280,8704,8960,65536,MSAVI,-0.19921875,37361,,,,
285,0,patch_4_34,1024,1280,8704,8960,65536,NDVI,-0.71484375,14726,10773.0,0.011230879764128,13614.0,0.0204600044061675
286,0,patch_4_35,1024,1280,8960,9216,65536,MSAVI,-0.26171875,32926,,,,
287,0,patch_4_35,1024,1280,8960,9216,65536,NDVI,-0.71484375,9037,12100.0,0.0060660260048987,18477.0,0.0143014739016974
288,0,patch_4_36,1024,1280,9216,9472,65536,MSAVI,-0.30859375,33985,,,,
289,0,patch_4_36,1024,1280,9216,9472,65536,NDVI,-0.67578125,6152,7599.0,0.0045868232973663,12593.0,0.0132483555135542
290,0,patch_4_37,1024,1280,9472,9728,65536,MSAVI,-0.30859375,38298,,,,
291,0,patch_4_37,1024,1280,9472,9728,65536,NDVI,-0.74609375,8990,8837.0,0.0133904643257466,11224.0,0.020300909568442
292,0,patch_5_0,1280,1536,0,256,65536,MSAVI,-0.33203125,35204,,,,
293,0,patch_5_0,1280,1536,0,256,65536,NDVI,-0.79296875,12400,8049.0,0.0066365583599766,12848.0,0.0174133102256374
294,0,patch_5_1,1280,1536,256,512,65536,MSAVI,-0.22265625,31759,,,,
295,0,patch_5_1,1280,1536,256,512,65536,NDVI,-0.73828125,12602,16149.0,0.0054853031506981,65484.0,0.0157462605663931
296,0,patch_5_2,1280,1536,512,768,65536,MSAVI,-0.30859375,35464,,,,
297,0,patch_5_2,1280,1536,512,768,65536,NDVI,-0.79296875,11730,13493.0,0.0099196147337519,16371.0,0.0185262969517095
298,0,patch_5_3,1280,1536,768,1024,65536,MSAVI,-0.22265625,37694,,,,
299,0,patch_5_3,1280,1536,768,1024,65536,NDVI,-0.62109375,7298,7486.0,0.0095222413398204,10925.0,0.0180447778146144
300,0,patch_5_4,1280,1536,1024,1280,65536,MSAVI,-0.23828125,32176,,,,
301,0,patch_5_4,1280,1536,1024,1280,65536,NDVI,-0.74609375,12451,9151.0,0.0037680029657168,15798.0,0.0114436765248846
302,0,patch_5_5,1280,1536,1280,1536,65536,MSAVI,-0.14453125,30081,,,,
303,0,patch_5_5,1280,1536,1280,1536,65536,NDVI,-0.69921875,17589,17013.0,0.0036203667456986,26111.0,0.0160492708088984
304,0,patch_5_6,1280,1536,1536,1792,65536,MSAVI,-0.35546875,32482,,,,
305,0,patch_5_6,1280,1536,1536,1792,65536,NDVI,-0.79296875,21440,11548.0,0.0028836009292357,20578.0,0.0109324565303254
306,0,patch_5_7,1280,1536,1792,2048,65536,MSAVI,-0.22265625,32582,,,,
307,0,patch_5_7,1280,1536,1792,2048,65536,NDVI,-0.76171875,14844,11715.0,0.0037436432460288,19262.0,0.014734362725207
308,0,patch_5_8,1280,1536,2048,2304,65536,MSAVI,-0.12109375,30628,,,,
309,0,patch_5_8,1280,1536,2048,2304,65536,NDVI,-0.70703125,13180,12515.0,0.0023504093992328,21714.0,0.0108955598559823
310,0,patch_5_9,1280,1536,2304,2560,65536,MSAVI,-0.12109375,31137,,,,
311,0,patch_5_9,1280,1536,2304,2560,65536,NDVI,-0.73828125,16902,15024.0,0.0036813453866449,65536.0,0.0192665970110506
312,0,patch_5_10,1280,1536,2560,2816,65536,MSAVI,-0.31640625,32932,,,,
313,0,patch_5_10,1280,1536,2560,2816,65536,NDVI,-0.80078125,14570,14723.0,0.004419794248565,22287.0,0.0154984769980807
314,0,patch_5_11,1280,1536,2816,3072,65536,MSAVI,-0.22265625,34340,,,,
315,0,patch_5_11,1280,1536,2816,3072,65536,NDVI,-0.77734375,12693,14287.0,0.0083029316484858,18383.0,0.017433786645085
316,0,patch_5_12,1280,1536,3072,3328,65536,MSAVI,-0.23046875,31203,,,,
317,0,patch_5_12,1280,1536,3072,3328,65536,NDVI,-0.78515625,16179,6625.0,0.0017812009858066,14354.0,0.0111569827968635
318,0,patch_5_13,1280,1536,3328,3584,65536,MSAVI,-0.20703125,31238,,,,
319,0,patch_5_13,1280,1536,3328,3584,65536,NDVI,-0.77734375,14299,8251.0,0.00066082704497,19537.0,0.0131870480059717
320,0,patch_5_14,1280,1536,3584,3840,65536,MSAVI,-0.12109375,31009,,,,
321,0,patch_5_14,1280,1536,3584,3840,65536,NDVI,-0.69921875,12726,12080.0,0.0006976445158308,22618.0,0.0127804915639427
322,0,patch_5_15,1280,1536,3840,4096,65536,MSAVI,-0.07421875,31842,,,,
323,0,patch_5_15,1280,1536,3840,4096,65536,NDVI,-0.73828125,15630,12377.0,0.002222810406548,21443.0,0.0119568159793235
324,0,patch_5_16,1280,1536,4096,4352,65536,MSAVI,-0.18359375,31569,,,,
325,0,patch_5_16,1280,1536,4096,4352,65536,NDVI,-0.76171875,17083,13285.0,0.0020945359623229,19299.0,0.0118283106089848
326,0,patch_5_17,1280,1536,4352,4608,65536,MSAVI,-0.10546875,31962,,,,
327,0,patch_5_17,1280,1536,4352,4608,65536,NDVI,-0.72265625,18162,14266.0,0.0040558391410039,19867.0,0.0132391750796429
328,0,patch_5_18,1280,1536,4608,4864,65536,MSAVI,-0.19921875,33107,,,,
329,0,patch_5_18,1280,1536,4608,4864,65536,NDVI,-0.73046875,12561,19451.0,0.0085283247196776,23449.0,0.017768421561232
330,0,patch_5_19,1280,1536,4864,5120,65536,MSAVI,-0.05078125,30954,,,,
331,0,patch_5_19,1280,1536,4864,5120,65536,NDVI,-0.73828125,19304,13050.0,0.0021566087700312,22662.0,0.0145202046077886
332,0,patch_5_20,1280,1536,5120,5376,65536,MSAVI,-0.02734375,32222,,,,
333,0,patch_5_20,1280,1536,5120,5376,65536,NDVI,-0.71484375,16258,8047.0,0.0039174173930837,15744.0,0.0121465360609409
334,0,patch_5_21,1280,1536,5376,5632,65536,MSAVI,-0.31640625,33547,,,,
335,0,patch_5_21,1280,1536,5376,5632,65536,NDVI,-0.76953125,12057,12914.0,0.0071936064833377,16994.0,0.0154224401382753
336,0,patch_5_22,1280,1536,5632,5888,65536,MSAVI,-0.26171875,35344,,,,
337,0,patch_5_22,1280,1536,5632,5888,65536,NDVI,-0.70703125,14343,12351.0,0.0078025574751632,16653.0,0.0180830293903531
338,0,patch_5_23,1280,1536,5888,6144,65536,MSAVI,-0.40234375,38796,,,,
339,0,patch_5_23,1280,1536,5888,6144,65536,NDVI,-0.77734375,16869,8380.0,0.0127272669029877,11843.0,0.0223551408216848
340,0,patch_5_24,1280,1536,6144,6400,65536,MSAVI,-0.14453125,34146,,,,
341,0,patch_5_24,1280,1536,6144,6400,65536,NDVI,-0.69140625,14395,8299.0,0.0043621497869527,15295.0,0.0136438532109419
342,0,patch_5_25,1280,1536,6400,6656,65536,MSAVI,-0.18359375,35668,,,,
343,0,patch_5_25,1280,1536,6400,6656,65536,NDVI,-0.75390625,19525,9807.0,0.0082599474795562,14292.0,0.017515720611617
344,0,patch_5_26,1280,1536,6656,6912,65536,MSAVI,-0.07421875,35833,,,,
345,0,patch_5_26,1280,1536,6656,6912,65536,NDVI,-0.73046875,23776,11170.0,0.0087401748460875,15501.0,0.0177152395377049
346,0,patch_5_27,1280,1536,6912,7168,65536,MSAVI,-0.01171875,38402,,,,
347,0,patch_5_27,1280,1536,6912,7168,65536,NDVI,-0.68359375,23838,7077.0,0.0102960704174719,9885.0,0.0196699624994175
348,0,patch_5_28,1280,1536,7168,7424,65536,MSAVI,-0.01953125,40896,,,,
349,0,patch_5_28,1280,1536,7168,7424,65536,NDVI,-0.65234375,24558,4850.0,0.0128000343855874,6748.0,0.0198642334165262
350,0,patch_5_29,1280,1536,7424,7680,65536,MSAVI,-0.20703125,33020,,,,
351,0,patch_5_29,1280,1536,7424,7680,65536,NDVI,-0.76953125,32113,20186.0,0.0188668367383868,65536.0,0.0206871566353665
352,0,patch_5_30,1280,1536,7680,7936,65536,MSAVI,-0.51171875,34854,,,,
353,0,patch_5_30,1280,1536,7680,7936,65536,NDVI,-0.78515625,15373,20392.0,0.0157356679206334,23906.0,0.024702911775652
354,0,patch_5_31,1280,1536,7936,8192,65536,MSAVI,-0.13671875,33312,,,,
355,0,patch_5_31,1280,1536,7936,8192,65536,NDVI,-0.80078125,14766,8336.0,0.0036880716890214,12742.0,0.0113011107137585
356,0,patch_5_32,1280,1536,8192,8448,65536,MSAVI,-0.10546875,32059,,,,
357,0,patch_5_32,1280,1536,8192,8448,65536,NDVI,-0.73046875,13192,4215.0,0.0008208463128296,10767.0,0.0089691948909298
358,0,patch_5_33,1280,1536,8448,8704,65536,MSAVI,-0.14453125,33859,,,,
359,0,patch_5_33,1280,1536,8448,8704,65536,NDVI,-0.72265625,14931,5424.0,0.0044738255115566,10192.0,0.0123510856512671
360,0,patch_5_34,1280,1536,8704,8960,65536,MSAVI,-0.28515625,38097,,,,
361,0,patch_5_34,1280,1536,8704,8960,65536,NDVI,-0.75390625,10310,7789.0,0.011826414603077,11118.0,0.020884140820169
362,0,patch_5_35,1280,1536,8960,9216,65536,MSAVI,-0.19921875,35683,,,,
363,0,patch_5_35,1280,1536,8960,9216,65536,NDVI,-0.66015625,7897,7051.0,0.0054144751829715,13575.0,0.0164455851717293
364,0,patch_5_36,1280,1536,9216,9472,65536,MSAVI,-0.20703125,31853,,,,
365,0,patch_5_36,1280,1536,9216,9472,65536,NDVI,-0.68359375,7933,10105.0,0.0034291986148231,18617.0,0.0129181086670184
366,0,patch_5_37,1280,1536,9472,9728,65536,MSAVI,-0.28515625,38598,,,,
367,0,patch_5_37,1280,1536,9472,9728,65536,NDVI,-0.64453125,6883,7815.0,0.0120361666190514,11271.0,0.0206060314272761
368,0,patch_6_0,1536,1792,0,256,65536,MSAVI,-0.23046875,35642,,,,
369,0,patch_6_0,1536,1792,0,256,65536,NDVI,-0.75390625,16591,15754.0,0.0109099814485691,17016.0,0.0189959667663285
370,0,patch_6_1,1536,1792,256,512,65536,MSAVI,-0.23828125,36309,,,,
371,0,patch_6_1,1536,1792,256,512,65536,NDVI,-0.76953125,16579,11604.0,0.0094813049182284,14494.0,0.0176537767450185
372,0,patch_6_2,1536,1792,512,768,65536,MSAVI,-0.34765625,36777,,,,
373,0,patch_6_2,1536,1792,512,768,65536,NDVI,-0.79296875,12250,12778.0,0.0101825556632471,16079.0,0.019774144425776
374,0,patch_6_3,1536,1792,768,1024,65536,MSAVI,-0.25390625,32598,,,,
375,0,patch_6_3,1536,1792,768,1024,65536,NDVI,-0.77734375,12854,16228.0,0.0063155612130855,22175.0,0.0175343777550971
376,0,patch_6_4,1536,1792,1024,1280,65536,MSAVI,-0.16796875,33313,,,,
377,0,patch_6_4,1536,1792,1024,1280,65536,NDVI,-0.69140625,12770,10771.0,0.0045836560192422,17784.0,0.0159133564804775
378,0,patch_6_5,1536,1792,1280,1536,65536,MSAVI,-0.17578125,31494,,,,
379,0,patch_6_5,1536,1792,1280,1536,65536,NDVI,-0.76171875,15201,14343.0,0.0042049038915799,20629.0,0.0139298450730298
380,0,patch_6_6,1536,1792,1536,1792,65536,MSAVI,-0.11328125,35419,,,,
381,0,patch_6_6,1536,1792,1536,1792,65536,NDVI,-0.79296875,22264,12363.0,0.007282375293707,18357.0,0.0184778996339459
382,0,patch_6_7,1536,1792,1792,2048,65536,MSAVI,-0.15234375,32549,,,,
383,0,patch_6_7,1536,1792,1792,2048,65536,NDVI,-0.73828125,19864,9892.0,0.0035290578263923,16826.0,0.0122879258952706
384,0,patch_6_8,1536,1792,2048,2304,65536,MSAVI,-0.17578125,32890,,,,
385,0,patch_6_8,1536,1792,2048,2304,65536,NDVI,-0.74609375,15090,8195.0,0.004804038605406,14172.0,0.0124107764688477
386,0,patch_6_9,1536,1792,2304,2560,65536,MSAVI,-0.28515625,36480,,,,
387,0,patch_6_9,1536,1792,2304,2560,65536,NDVI,-0.74609375,7778,10248.0,0.0088927671121163,13117.0,0.0176333379585708
388,0,patch_6_10,1536,1792,2560,2816,65536,MSAVI,-0.28515625,29793,,,,
389,0,patch_6_10,1536,1792,2560,2816,65536,NDVI,-0.80859375,17817,14944.0,-0.0018359397341529,30537.0,0.0202335918027841
390,0,patch_6_11,1536,1792,2816,3072,65536,MSAVI,-0.21484375,30730,,,,
391,0,patch_6_11,1536,1792,2816,3072,65536,NDVI,-0.82421875,18165,10263.0,-0.00019991616361,23405.0,0.0133221453832167
392,0,patch_6_12,1536,1792,3072,3328,65536,MSAVI,-0.19921875,33155,,,,
393,0,patch_6_12,1536,1792,3072,3328,65536,NDVI,-0.74609375,12238,9915.0,0.0037718910112729,15805.0,0.0112163163344773
394,0,patch_6_13,1536,1792,3328,3584,65536,MSAVI,-0.15234375,33391,,,,
395,0,patch_6_13,1536,1792,3328,3584,65536,NDVI,-0.62890625,11495,8616.0,0.0058000845641755,15662.0,0.0150057303696629
396,0,patch_6_14,1536,1792,3584,3840,65536,MSAVI,-0.33203125,33758,,,,
397,0,patch_6_14,1536,1792,3584,3840,65536,NDVI,-0.74609375,9114,12875.0,0.0067611807157832,20485.0,0.0183786810136089
398,0,patch_6_15,1536,1792,3840,4096,65536,MSAVI,-0.01953125,31338,,,,
399,0,patch_6_15,1536,1792,3840,4096,65536,NDVI,-0.69921875,15831,13313.0,0.0021692981532543,21104.0,0.0125316871399615
400,0,patch_6_16,1536,1792,4096,4352,65536,MSAVI,-0.08203125,31712,,,,
401,0,patch_6_16,1536,1792,4096,4352,65536,NDVI,-0.73828125,14555,11069.0,0.0016912980610752,17834.0,0.0089847731705111
402,0,patch_6_17,1536,1792,4352,4608,65536,MSAVI,-0.19140625,31118,,,,
403,0,patch_6_17,1536,1792,4352,4608,65536,NDVI,-0.78515625,15103,7075.0,-0.0003134506027828,19293.0,0.0095005782705171
404,0,patch_6_18,1536,1792,4608,4864,65536,MSAVI,-0.26953125,32640,,,,
405,0,patch_6_18,1536,1792,4608,4864,65536,NDVI,-0.79296875,14732,15913.0,0.0070639752207947,21582.0,0.0172610683065485
406,0,patch_6_19,1536,1792,4864,5120,65536,MSAVI,-0.10546875,30231,,,,
407,0,patch_6_19,1536,1792,4864,5120,65536,NDVI,-0.73828125,17720,10256.0,0.0009466751535036,21586.0,0.0133633127597672
408,0,patch_6_20,1536,1792,5120,5376,65536,MSAVI,-0.02734375,33332,,,,
409,0,patch_6_20,1536,1792,5120,5376,65536,NDVI,-0.61328125,12668,6005.0,0.0035171443603318,9704.0,0.0100802866964527
410,0,patch_6_21,1536,1792,5376,5632,65536,MSAVI,-0.18359375,33760,,,,
411,0,patch_6_21,1536,1792,5376,5632,65536,NDVI,-0.72265625,12231,9084.0,0.0058634084333963,14641.0,0.0143441492128073
412,0,patch_6_22,1536,1792,5632,5888,65536,MSAVI,-0.00390625,35961,,,,
413,0,patch_6_22,1536,1792,5632,5888,65536,NDVI,-0.73046875,13620,13605.0,0.0101465114814649,15907.0,0.0184041941109259
414,0,patch_6_23,1536,1792,5888,6144,65536,MSAVI,-0.20703125,38240,,,,
415,0,patch_6_23,1536,1792,5888,6144,65536,NDVI,-0.83203125,12631,7481.0,0.0110556866285079,8962.0,0.0165731195761756
416,0,patch_6_24,1536,1792,6144,6400,65536,MSAVI,-0.27734375,34254,,,,
417,0,patch_6_24,1536,1792,6144,6400,65536,NDVI,-0.76171875,21790,10243.0,0.006817204304754,15017.0,0.0144083973175392
418,0,patch_6_25,1536,1792,6400,6656,65536,MSAVI,-0.16796875,32988,,,,
419,0,patch_6_25,1536,1792,6400,6656,65536,NDVI,-0.78515625,22267,10345.0,0.0042442009957673,18305.0,0.0150297088269801
420,0,patch_6_26,1536,1792,6656,6912,65536,MSAVI,-0.30078125,36152,,,,
421,0,patch_6_26,1536,1792,6656,6912,65536,NDVI,-0.80078125,22404,11903.0,0.010480168610458,16559.0,0.0196888944340007
422,0,patch_6_27,1536,1792,6912,7168,65536,MSAVI,-0.19140625,39966,,,,
423,0,patch_6_27,1536,1792,6912,7168,65536,NDVI,-0.76171875,25566,5432.0,0.0146591529273608,7137.0,0.0191615034795814
424,0,patch_6_28,1536,1792,7168,7424,65536,MSAVI,-0.23828125,44752,,,,
425,0,patch_6_28,1536,1792,7168,7424,65536,NDVI,-0.73828125,20371,7783.0,0.0212499858665289,10250.0,0.0311381405632714
426,0,patch_6_29,1536,1792,7424,7680,65536,MSAVI,-0.09765625,33849,,,,
427,0,patch_6_29,1536,1792,7424,7680,65536,NDVI,-0.76953125,31132,22826.0,0.0235345332924561,65536.0,0.0277352354419647
428,0,patch_6_30,1536,1792,7680,7936,65536,MSAVI,-0.23828125,44043,,,,
429,0,patch_6_30,1536,1792,7680,7936,65536,NDVI,-0.72265625,21368,8985.0,0.0187887884266545,9439.0,0.0262929131144886
430,0,patch_6_31,1536,1792,7936,8192,65536,MSAVI,-0.19921875,37711,,,,
431,0,patch_6_31,1536,1792,7936,8192,65536,NDVI,-0.79296875,16187,6905.0,0.0119905511583067,9210.0,0.0174214464473423
432,0,patch_6_32,1536,1792,8192,8448,65536,MSAVI,-0.20703125,29802,,,,
433,0,patch_6_32,1536,1792,8192,8448,65536,NDVI,-0.76953125,22174,3882.0,-0.0015866567555222,15435.0,0.010522855425849
434,0,patch_6_33,1536,1792,8448,8704,65536,MSAVI,-0.07421875,42599,,,,
435,0,patch_6_33,1536,1792,8448,8704,65536,NDVI,-0.69921875,13754,5599.0,0.0167975456181111,7058.0,0.0236823126244689
436,0,patch_6_34,1536,1792,8704,8960,65536,MSAVI,0.04296875,35738,,,,
437,0,patch_6_34,1536,1792,8704,8960,65536,NDVI,-0.66796875,12408,12643.0,0.0092873318919381,16450.0,0.0203333041473969
438,0,patch_6_35,1536,1792,8960,9216,65536,MSAVI,-0.20703125,34800,,,,
439,0,patch_6_35,1536,1792,8960,9216,65536,NDVI,-0.73046875,11751,7583.0,0.0057281947710234,15025.0,0.0171852799816618
440,0,patch_6_36,1536,1792,9216,9472,65536,MSAVI,-0.30078125,34434,,,,
441,0,patch_6_36,1536,1792,9216,9472,65536,NDVI,-0.72265625,8409,11327.0,0.007250353094596,15132.0,0.0144059193409316
442,0,patch_6_37,1536,1792,9472,9728,65536,MSAVI,-0.19140625,34924,,,,
443,0,patch_6_37,1536,1792,9472,9728,65536,NDVI,-0.70703125,9921,10855.0,0.0087351686950538,15552.0,0.0164017698938694
444,0,patch_7_0,1792,2048,0,256,65536,MSAVI,-0.21484375,34807,,,,
445,0,patch_7_0,1792,2048,0,256,65536,NDVI,-0.78515625,22970,14238.0,0.0091495484277235,18500.0,0.0199396713587196
446,0,patch_7_1,1792,2048,256,512,65536,MSAVI,-0.33984375,36439,,,,
447,0,patch_7_1,1792,2048,256,512,65536,NDVI,-0.78515625,15352,13832.0,0.0112045377862804,15122.0,0.0201132982527378
448,0,patch_7_2,1792,2048,512,768,65536,MSAVI,-0.32421875,32982,,,,
449,0,patch_7_2,1792,2048,512,768,65536,NDVI,-0.79296875,16440,15885.0,0.0055898277566164,22263.0,0.0176589297484301
450,0,patch_7_3,1792,2048,768,1024,65536,MSAVI,-0.33984375,37237,,,,
451,0,patch_7_3,1792,2048,768,1024,65536,NDVI,-0.76171875,10479,13554.0,0.012282793109771,14959.0,0.0206348601635736
452,0,patch_7_4,1792,2048,1024,1280,65536,MSAVI,-0.10546875,33630,,,,
453,0,patch_7_4,1792,2048,1024,1280,65536,NDVI,-0.75390625,14786,14054.0,0.0069940609582344,18077.0,0.0159424554486178
454,0,patch_7_5,1792,2048,1280,1536,65536,MSAVI,-0.33203125,37389,,,,
455,0,patch_7_5,1792,2048,1280,1536,65536,NDVI,-0.76171875,14755,14673.0,0.0128070302329655,16337.0,0.0205057814561229
456,0,patch_7_6,1792,2048,1536,1792,65536,MSAVI,-0.33203125,46373,,,,
457,0,patch_7_6,1792,2048,1536,1792,65536,NDVI,-0.63671875,11687,10325.0,0.0224134599457298,10133.0,0.0305472296898417
458,0,patch_7_7,1792,2048,1792,2048,65536,MSAVI,-0.22265625,36011,,,,
459,0,patch_7_7,1792,2048,1792,2048,65536,NDVI,-0.73046875,14478,9282.0,0.0079256462921016,12410.0,0.0152607554584398
460,0,patch_7_8,1792,2048,2048,2304,65536,MSAVI,-0.26953125,33851,,,,
461,0,patch_7_8,1792,2048,2048,2304,65536,NDVI,-0.74609375,11404,8175.0,0.0041615794493153,15125.0,0.0150507646199095
462,0,patch_7_9,1792,2048,2304,2560,65536,MSAVI,-0.01171875,31172,,,,
463,0,patch_7_9,1792,2048,2304,2560,65536,NDVI,-0.55078125,11668,13643.0,0.0051153908490978,19522.0,0.0135001353402869
464,0,patch_7_10,1792,2048,2560,2816,65536,MSAVI,-0.24609375,33756,,,,
465,0,patch_7_10,1792,2048,2560,2816,65536,NDVI,-0.73828125,12581,13456.0,0.006980779224209,17052.0,0.01474005386097
466,0,patch_7_11,1792,2048,2816,3072,65536,MSAVI,-0.15234375,36412,,,,
467,0,patch_7_11,1792,2048,2816,3072,65536,NDVI,-0.77734375,21266,9269.0,0.0104667120614777,12222.0,0.0168566979549337
468,0,patch_7_12,1792,2048,3072,3328,65536,MSAVI,-0.02734375,31101,,,,
469,0,patch_7_12,1792,2048,3072,3328,65536,NDVI,-0.64453125,12829,7963.0,0.0014113492476931,65256.0,0.011499304590596
470,0,patch_7_13,1792,2048,3328,3584,65536,MSAVI,-0.18359375,32027,,,,
471,0,patch_7_13,1792,2048,3328,3584,65536,NDVI,-0.59765625,10451,8869.0,0.0018601005772837,16710.0,0.0131479470693721
472,0,patch_7_14,1792,2048,3584,3840,65536,MSAVI,-0.28515625,30726,,,,
473,0,patch_7_14,1792,2048,3584,3840,65536,NDVI,-0.76953125,14913,20257.0,0.0051902733817276,27170.0,0.0175798144373215
474,0,patch_7_15,1792,2048,3840,4096,65536,MSAVI,-0.02734375,31722,,,,
475,0,patch_7_15,1792,2048,3840,4096,65536,NDVI,-0.59765625,12331,9708.0,0.0027717369427182,19578.0,0.0164514787088856
476,0,patch_7_16,1792,2048,4096,4352,65536,MSAVI,-0.05078125,30925,,,,
477,0,patch_7_16,1792,2048,4096,4352,65536,NDVI,-0.77734375,18259,8863.0,-0.0002225922083307,19938.0,0.0132915947645283
478,0,patch_7_17,1792,2048,4352,4608,65536,MSAVI,-0.01171875,33261,,,,
479,0,patch_7_17,1792,2048,4352,4608,65536,NDVI,-0.76171875,18575,9692.0,0.003256462468574,16088.0,0.0135063381685691
480,0,patch_7_18,1792,2048,4608,4864,65536,MSAVI,-0.14453125,32937,,,,
481,0,patch_7_18,1792,2048,4608,4864,65536,NDVI,-0.73828125,14411,15978.0,0.0074430106757211,21504.0,0.017545449518078
482,0,patch_7_19,1792,2048,4864,5120,65536,MSAVI,-0.23046875,33123,,,,
483,0,patch_7_19,1792,2048,4864,5120,65536,NDVI,-0.80859375,15088,11521.0,0.0044857099787737,18210.0,0.0138834493725479
484,0,patch_7_20,1792,2048,5120,5376,65536,MSAVI,-0.08203125,33866,,,,
485,0,patch_7_20,1792,2048,5120,5376,65536,NDVI,-0.74609375,14044,6279.0,0.0050421463918505,10792.0,0.0125956824651182
486,0,patch_7_21,1792,2048,5376,5632,65536,MSAVI,-0.12109375,33257,,,,
487,0,patch_7_21,1792,2048,5376,5632,65536,NDVI,-0.62890625,12166,4112.0,0.0029552629748978,9878.0,0.0091237648536212
488,0,patch_7_22,1792,2048,5632,5888,65536,MSAVI,-0.30078125,32668,,,,
489,0,patch_7_22,1792,2048,5632,5888,65536,NDVI,-0.76953125,15700,11400.0,0.0070117142812779,18901.0,0.0174380813142432
490,0,patch_7_23,1792,2048,5888,6144,65536,MSAVI,-0.32421875,36282,,,,
491,0,patch_7_23,1792,2048,5888,6144,65536,NDVI,-0.73828125,18437,12591.0,0.0097042977851179,17000.0,0.0190591937848665
492,0,patch_7_24,1792,2048,6144,6400,65536,MSAVI,0.15234375,33659,,,,
493,0,patch_7_24,1792,2048,6144,6400,65536,NDVI,-0.73828125,21648,12505.0,0.0069718525935014,17929.0,0.0141374107407974
494,0,patch_7_25,1792,2048,6400,6656,65536,MSAVI,-0.18359375,33730,,,,
495,0,patch_7_25,1792,2048,6400,6656,65536,NDVI,-0.78515625,26916,10867.0,0.0061716919885939,14431.0,0.0135987742583584
496,0,patch_7_26,1792,2048,6656,6912,65536,MSAVI,-0.24609375,35361,,,,
497,0,patch_7_26,1792,2048,6656,6912,65536,NDVI,-0.76171875,21724,10425.0,0.0070704087784707,13810.0,0.0142710942285339
498,0,patch_7_27,1792,2048,6912,7168,65536,MSAVI,-0.26171875,39526,,,,
499,0,patch_7_27,1792,2048,6912,7168,65536,NDVI,-0.78515625,25816,9515.0,0.0125300299076193,11882.0,0.0213731759691659
500,0,patch_7_28,1792,2048,7168,7424,65536,MSAVI,-0.19921875,43055,,,,
501,0,patch_7_28,1792,2048,7168,7424,65536,NDVI,-0.76953125,22127,6983.0,0.0168587733263042,8253.0,0.0244180032111775
502,0,patch_7_29,1792,2048,7424,7680,65536,MSAVI,-0.45703125,31086,,,,
503,0,patch_7_29,1792,2048,7424,7680,65536,NDVI,-0.82421875,34449,27505.0,0.026856397183792,65536.0,0.0298526224009685
504,0,patch_7_30,1792,2048,7680,7936,65536,MSAVI,-0.35546875,39449,,,,
505,0,patch_7_30,1792,2048,7680,7936,65536,NDVI,-0.78515625,18101,11810.0,0.0144583240372606,14090.0,0.0225720446218092
506,0,patch_7_31,1792,2048,7936,8192,65536,MSAVI,-0.23046875,37916,,,,
507,0,patch_7_31,1792,2048,7936,8192,65536,NDVI,-0.75390625,15349,6522.0,0.0093936759266582,9795.0,0.0157024087250273
508,0,patch_7_32,1792,2048,8192,8448,65536,MSAVI,-0.09765625,31425,,,,
509,0,patch_7_32,1792,2048,8192,8448,65536,NDVI,-0.73046875,26016,3080.0,0.0002881151347791,12992.0,0.0103299528943314
510,0,patch_7_33,1792,2048,8448,8704,65536,MSAVI,-0.08203125,40571,,,,
511,0,patch_7_33,1792,2048,8448,8704,65536,NDVI,-0.69921875,15136,4429.0,0.0114606963839715,4855.0,0.016164566832261
512,0,patch_7_34,1792,2048,8704,8960,65536,MSAVI,-0.10546875,37902,,,,
513,0,patch_7_34,1792,2048,8704,8960,65536,NDVI,-0.71484375,18965,8097.0,0.0104493816073785,10844.0,0.0185067584762201
514,0,patch_7_35,1792,2048,8960,9216,65536,MSAVI,-0.01171875,35083,,,,
515,0,patch_7_35,1792,2048,8960,9216,65536,NDVI,-0.72265625,11118,10246.0,0.0071459609043664,17602.0,0.0184001367184875
516,0,patch_7_36,1792,2048,9216,9472,65536,MSAVI,-0.29296875,34600,,,,
517,0,patch_7_36,1792,2048,9216,9472,65536,NDVI,-0.80859375,12165,12384.0,0.0078363461583788,16767.0,0.0156498801021821
518,0,patch_7_37,1792,2048,9472,9728,65536,MSAVI,-0.26171875,36245,,,,
519,0,patch_7_37,1792,2048,9472,9728,65536,NDVI,-0.73828125,14458,12672.0,0.0116985936151644,16157.0,0.0180334656858058
520,0,patch_8_0,2048,2304,0,256,65536,MSAVI,-0.07421875,31731,,,,
521,0,patch_8_0,2048,2304,0,256,65536,NDVI,-0.74609375,33333,12833.0,0.0028648375680051,20565.0,0.0151912870192413
522,0,patch_8_1,2048,2304,256,512,65536,MSAVI,-0.12890625,31120,,,,
523,0,patch_8_1,2048,2304,256,512,65536,NDVI,-0.71484375,19666,14885.0,0.0027332382086057,22941.0,0.0136789686133603
524,0,patch_8_2,2048,2304,512,768,65536,MSAVI,-0.04296875,35942,,,,
525,0,patch_8_2,2048,2304,512,768,65536,NDVI,-0.76953125,12639,12342.0,0.0093442486354646,15799.0,0.0176138326209969
526,0,patch_8_3,2048,2304,768,1024,65536,MSAVI,-0.30859375,38288,,,,
527,0,patch_8_3,2048,2304,768,1024,65536,NDVI,-0.76171875,11140,9194.0,0.0093727362149221,13654.0,0.0198499330624055
528,0,patch_8_4,2048,2304,1024,1280,65536,MSAVI,-0.28515625,34422,,,,
529,0,patch_8_4,2048,2304,1024,1280,65536,NDVI,-0.74609375,15674,13229.0,0.0063875700932114,18032.0,0.0143177159383544
530,0,patch_8_5,2048,2304,1280,1536,65536,MSAVI,-0.12890625,32000,,,,
531,0,patch_8_5,2048,2304,1280,1536,65536,NDVI,-0.72265625,15465,12267.0,0.0029973263605942,22680.0,0.0162210397704522
532,0,patch_8_6,2048,2304,1536,1792,65536,MSAVI,-0.33984375,32594,,,,
533,0,patch_8_6,2048,2304,1536,1792,65536,NDVI,-0.79296875,13817,14393.0,0.0038627557288519,21734.0,0.0150775517350023
534,0,patch_8_7,2048,2304,1792,2048,65536,MSAVI,-0.27734375,31913,,,,
535,0,patch_8_7,2048,2304,1792,2048,65536,NDVI,-0.77734375,22651,9220.0,0.0020539383743154,18917.0,0.0138122100594036
536,0,patch_8_8,2048,2304,2048,2304,65536,MSAVI,-0.01953125,32746,,,,
537,0,patch_8_8,2048,2304,2048,2304,65536,NDVI,-0.66796875,12844,7186.0,0.0030664825781025,15582.0,0.0120435203295855
538,0,patch_8_9,2048,2304,2304,2560,65536,MSAVI,-0.00390625,30015,,,,
539,0,patch_8_9,2048,2304,2304,2560,65536,NDVI,-0.67578125,13661,7225.0,0.0004983958019344,21509.0,0.0150551375686146
540,0,patch_8_10,2048,2304,2560,2816,65536,MSAVI,-0.33984375,34910,,,,
541,0,patch_8_10,2048,2304,2560,2816,65536,NDVI,-0.62890625,10363,15068.0,0.0126033373039982,19292.0,0.0220099029415651
542,0,patch_8_11,2048,2304,2816,3072,65536,MSAVI,-0.09765625,30649,,,,
543,0,patch_8_11,2048,2304,2816,3072,65536,NDVI,-0.64453125,13081,6866.0,-0.0025205565174737,24052.0,0.0139570556495236
544,0,patch_8_12,2048,2304,3072,3328,65536,MSAVI,-0.19921875,31451,,,,
545,0,patch_8_12,2048,2304,3072,3328,65536,NDVI,-0.73046875,12988,14497.0,0.0014296986036171,23331.0,0.0157587514777313
546,0,patch_8_13,2048,2304,3328,3584,65536,MSAVI,0.02734375,30588,,,,
547,0,patch_8_13,2048,2304,3328,3584,65536,NDVI,-0.61328125,9475,12718.0,0.0022070355548362,21209.0,0.0120717968332513
548,0,patch_8_14,2048,2304,3584,3840,65536,MSAVI,-0.32421875,35273,,,,
549,0,patch_8_14,2048,2304,3584,3840,65536,NDVI,-0.68359375,6354,8969.0,0.0066859242552923,14507.0,0.0153076823172474
550,0,patch_8_15,2048,2304,3840,4096,65536,MSAVI,-0.16015625,31470,,,,
551,0,patch_8_15,2048,2304,3840,4096,65536,NDVI,-0.68359375,12206,11617.0,0.0027941316617219,17844.0,0.0114576253073318
552,0,patch_8_16,2048,2304,4096,4352,65536,MSAVI,-0.23046875,38429,,,,
553,0,patch_8_16,2048,2304,4096,4352,65536,NDVI,-0.48046875,2973,12719.0,0.0136473173619099,14077.0,0.0192099991580505
554,0,patch_8_17,2048,2304,4352,4608,65536,MSAVI,-0.10546875,34438,,,,
555,0,patch_8_17,2048,2304,4352,4608,65536,NDVI,-0.71484375,10133,11950.0,0.00786095603049,16696.0,0.014530328643447
556,0,patch_8_18,2048,2304,4608,4864,65536,MSAVI,-0.23046875,34128,,,,
557,0,patch_8_18,2048,2304,4608,4864,65536,NDVI,-0.69140625,9802,14498.0,0.0087439654276335,19206.0,0.0168563630353355
558,0,patch_8_19,2048,2304,4864,5120,65536,MSAVI,-0.06640625,34171,,,,
559,0,patch_8_19,2048,2304,4864,5120,65536,NDVI,-0.71484375,14099,12184.0,0.0050629879212963,17827.0,0.014744489804067
560,0,patch_8_20,2048,2304,5120,5376,65536,MSAVI,-0.19921875,31540,,,,
561,0,patch_8_20,2048,2304,5120,5376,65536,NDVI,-0.76953125,15304,8318.0,0.0020306563858804,15826.0,0.0096819376510833
562,0,patch_8_21,2048,2304,5376,5632,65536,MSAVI,-0.21484375,32737,,,,
563,0,patch_8_21,2048,2304,5376,5632,65536,NDVI,-0.72265625,12810,13487.0,0.0064191227273172,17373.0,0.0147806720759476
564,0,patch_8_22,2048,2304,5632,5888,65536,MSAVI,-0.25390625,32835,,,,
565,0,patch_8_22,2048,2304,5632,5888,65536,NDVI,-0.68359375,11117,14564.0,0.008894459025035,19452.0,0.0205760035806287
566,0,patch_8_23,2048,2304,5888,6144,65536,MSAVI,-0.30859375,34590,,,,
567,0,patch_8_23,2048,2304,5888,6144,65536,NDVI,-0.71484375,12666,14935.0,0.0076871855649621,19431.0,0.0170233812260136
568,0,patch_8_24,2048,2304,6144,6400,65536,MSAVI,-0.30859375,38809,,,,
569,0,patch_8_24,2048,2304,6144,6400,65536,NDVI,-0.76171875,17409,7957.0,0.0113629061951932,10875.0,0.0194474271538513
570,0,patch_8_25,2048,2304,6400,6656,65536,MSAVI,-0.28515625,35743,,,,
571,0,patch_8_25,2048,2304,6400,6656,65536,NDVI,-0.76171875,10475,9586.0,0.0084375684986562,13662.0,0.0152477004175589
572,0,patch_8_26,2048,2304,6656,6912,65536,MSAVI,-0.09765625,32109,,,,
573,0,patch_8_26,2048,2304,6656,6912,65536,NDVI,-0.80859375,28376,6192.0,0.0007894322106155,16452.0,0.0112243680862409
574,0,patch_8_27,2048,2304,6912,7168,65536,MSAVI,-0.24609375,40992,,,,
575,0,patch_8_27,2048,2304,6912,7168,65536,NDVI,-0.76171875,24434,9993.0,0.0187609584542717,10664.0,0.0243967461690964
576,0,patch_8_28,2048,2304,7168,7424,65536,MSAVI,-0.24609375,36563,,,,
577,0,patch_8_28,2048,2304,7168,7424,65536,NDVI,-0.77734375,28627,19803.0,0.0244398866575891,65507.0,0.021461260825603
578,0,patch_8_29,2048,2304,7424,7680,65536,MSAVI,-0.35546875,36039,,,,
579,0,patch_8_29,2048,2304,7424,7680,65536,NDVI,-0.99609375,29497,19785.0,0.029403472033557,65536.0,0.0293128418993899
580,0,patch_8_30,2048,2304,7680,7936,65536,MSAVI,-0.00390625,33630,,,,
581,0,patch_8_30,2048,2304,7680,7936,65536,NDVI,-0.77734375,17988,7936.0,0.0061111351778495,12244.0,0.0120374877606571
582,0,patch_8_31,2048,2304,7936,8192,65536,MSAVI,-0.09765625,37172,,,,
583,0,patch_8_31,2048,2304,7936,8192,65536,NDVI,-0.72265625,18579,6881.0,0.0101789726409842,9772.0,0.0153042121903555
584,0,patch_8_32,2048,2304,8192,8448,65536,MSAVI,0.05078125,34501,,,,
585,0,patch_8_32,2048,2304,8192,8448,65536,NDVI,-0.70703125,17777,4200.0,0.005590153645444,7927.0,0.011264647653809
586,0,patch_8_33,2048,2304,8448,8704,65536,MSAVI,-0.20703125,36223,,,,
587,0,patch_8_33,2048,2304,8448,8704,65536,NDVI,-0.73828125,18012,5881.0,0.0067760676514215,9861.0,0.0132657743383899
588,0,patch_8_34,2048,2304,8704,8960,65536,MSAVI,-0.26953125,39843,,,,
589,0,patch_8_34,2048,2304,8704,8960,65536,NDVI,-0.74609375,14107,8664.0,0.0134668353194903,10246.0,0.0186983020757615
590,0,patch_8_35,2048,2304,8960,9216,65536,MSAVI,-0.00390625,36647,,,,
591,0,patch_8_35,2048,2304,8960,9216,65536,NDVI,-0.79296875,19328,7766.0,0.0080226449724272,11172.0,0.0139964332618075
592,0,patch_8_36,2048,2304,9216,9472,65536,MSAVI,-0.12890625,33331,,,,
593,0,patch_8_36,2048,2304,9216,9472,65536,NDVI,-0.67578125,10365,14589.0,0.0070341211034162,19469.0,0.0160132988155568
594,0,patch_8_37,2048,2304,9472,9728,65536,MSAVI,-0.42578125,38094,,,,
595,0,patch_8_37,2048,2304,9472,9728,65536,NDVI,-0.81640625,12156,10701.0,0.0143234670659844,13982.0,0.0222917853516697
596,0,patch_9_0,2304,2560,0,256,65536,MSAVI,-0.18359375,39557,,,,
597,0,patch_9_0,2304,2560,0,256,65536,NDVI,-0.70703125,25699,12177.0,0.0155788631883031,14844.0,0.0263471321413548
598,0,patch_9_1,2304,2560,256,512,65536,MSAVI,-0.23046875,33775,,,,
599,0,patch_9_1,2304,2560,256,512,65536,NDVI,-0.76953125,22997,14540.0,0.0073127040008213,20576.0,0.0175970811780605
600,0,patch_9_2,2304,2560,512,768,65536,MSAVI,-0.30078125,32709,,,,
601,0,patch_9_2,2304,2560,512,768,65536,NDVI,-0.76953125,18088,15245.0,0.0048029684163375,21905.0,0.0185586131051292
602,0,patch_9_3,2304,2560,768,1024,65536,MSAVI,-0.26953125,34886,,,,
603,0,patch_9_3,2304,2560,768,1024,65536,NDVI,-0.73828125,9643,11516.0,0.0070543956481282,15376.0,0.0152261077955468
604,0,patch_9_4,2304,2560,1024,1280,65536,MSAVI,-0.16796875,33401,,,,
605,0,patch_9_4,2304,2560,1024,1280,65536,NDVI,-0.76953125,14847,13160.0,0.0056827284289804,20637.0,0.014135229432769
606,0,patch_9_5,2304,2560,1280,1536,65536,MSAVI,-0.12109375,34294,,,,
607,0,patch_9_5,2304,2560,1280,1536,65536,NDVI,-0.73046875,16476,19778.0,0.0116007016582402,23437.0,0.0210431692754002
608,0,patch_9_6,2304,2560,1536,1792,65536,MSAVI,-0.06640625,30888,,,,
609,0,patch_9_6,2304,2560,1536,1792,65536,NDVI,-0.64453125,15856,8796.0,-0.0007366105668056,21681.0,0.0120463490638058
610,0,patch_9_7,2304,2560,1792,2048,65536,MSAVI,-0.18359375,31408,,,,
611,0,patch_9_7,2304,2560,1792,2048,65536,NDVI,-0.73828125,18360,11840.0,0.0021098504680791,19071.0,0.0121675807534908
612,0,patch_9_8,2304,2560,2048,2304,65536,MSAVI,-0.09765625,30547,,,,
613,0,patch_9_8,2304,2560,2048,2304,65536,NDVI,-0.67578125,15891,10166.0,0.0006241667532051,20204.0,0.0111942883481161
614,0,patch_9_9,2304,2560,2304,2560,65536,MSAVI,-0.24609375,35181,,,,
615,0,patch_9_9,2304,2560,2304,2560,65536,NDVI,-0.74609375,10952,11621.0,0.0077998205004996,20215.0,0.0221504853054946
616,0,patch_9_10,2304,2560,2560,2816,65536,MSAVI,-0.33203125,33710,,,,
617,0,patch_9_10,2304,2560,2560,2816,65536,NDVI,-0.65234375,8469,16033.0,0.0091398851067079,21551.0,0.023489921096049
618,0,patch_9_11,2304,2560,2816,3072,65536,MSAVI,-0.17578125,37401,,,,
619,0,patch_9_11,2304,2560,2816,3072,65536,NDVI,-0.69140625,7525,13922.0,0.0112982294112747,17247.0,0.0236688240930925
620,0,patch_9_12,2304,2560,3072,3328,65536,MSAVI,-0.10546875,32629,,,,
621,0,patch_9_12,2304,2560,3072,3328,65536,NDVI,-0.73828125,12642,10709.0,0.0023079300218419,20189.0,0.0134761182492554
622,0,patch_9_13,2304,2560,3328,3584,65536,MSAVI,-0.21484375,37292,,,,
623,0,patch_9_13,2304,2560,3328,3584,65536,NDVI,-0.67578125,6826,9247.0,0.0095575530746195,12255.0,0.0171686816170558
624,0,patch_9_14,2304,2560,3584,3840,65536,MSAVI,-0.16796875,37510,,,,
625,0,patch_9_14,2304,2560,3584,3840,65536,NDVI,-0.74609375,7742,9128.0,0.0106502563559944,10727.0,0.017486054779023
626,0,patch_9_15,2304,2560,3840,4096,65536,MSAVI,-0.31640625,33751,,,,
627,0,patch_9_15,2304,2560,3840,4096,65536,NDVI,-0.79296875,14691,10939.0,0.0056949899469812,17550.0,0.0156826019726765
628,0,patch_9_16,2304,2560,4096,4352,65536,MSAVI,-0.25390625,32940,,,,
629,0,patch_9_16,2304,2560,4096,4352,65536,NDVI,-0.67578125,10701,7426.0,0.0023558655307732,15099.0,0.0118606924387783
630,0,patch_9_17,2304,2560,4352,4608,65536,MSAVI,-0.19140625,34469,,,,
631,0,patch_9_17,2304,2560,4352,4608,65536,NDVI,-0.75390625,10901,11066.0,0.0067882859773554,17999.0,0.0166948150058614
632,0,patch_9_18,2304,2560,4608,4864,65536,MSAVI,-0.48046875,34716,,,,
633,0,patch_9_18,2304,2560,4608,4864,65536,NDVI,-0.76171875,8382,14373.0,0.009292075976547,17674.0,0.0191299026350747
634,0,patch_9_19,2304,2560,4864,5120,65536,MSAVI,-0.24609375,34572,,,,
635,0,patch_9_19,2304,2560,4864,5120,65536,NDVI,-0.76171875,12927,19246.0,0.0120220840492673,22123.0,0.0200604766308178
636,0,patch_9_20,2304,2560,5120,5376,65536,MSAVI,-0.23828125,33957,,,,
637,0,patch_9_20,2304,2560,5120,5376,65536,NDVI,-0.75390625,15053,7372.0,0.0049853590269919,12407.0,0.0121458956614001
638,0,patch_9_21,2304,2560,5376,5632,65536,MSAVI,-0.30078125,50134,,,,
639,0,patch_9_21,2304,2560,5376,5632,65536,NDVI,-0.70703125,15255,4521.0,0.0232421628429235,4935.0,0.0355777091574134
640,0,patch_9_22,2304,2560,5632,5888,65536,MSAVI,-0.30859375,30094,,,,
641,0,patch_9_22,2304,2560,5632,5888,65536,NDVI,-0.77734375,18337,10098.0,0.0007203809588624,24708.0,0.0170172726514266
642,0,patch_9_23,2304,2560,5888,6144,65536,MSAVI,-0.27734375,33002,,,,
643,0,patch_9_23,2304,2560,5888,6144,65536,NDVI,-0.76953125,16503,14384.0,0.0045968696405605,22481.0,0.0171596815601108
644,0,patch_9_24,2304,2560,6144,6400,65536,MSAVI,-0.23828125,33748,,,,
645,0,patch_9_24,2304,2560,6144,6400,65536,NDVI,-0.78515625,9761,12746.0,0.005243160871463,18321.0,0.0147270611511387
646,0,patch_9_25,2304,2560,6400,6656,65536,MSAVI,-0.43359375,33049,,,,
647,0,patch_9_25,2304,2560,6400,6656,65536,NDVI,-0.77734375,7472,10519.0,0.0052273884912406,16862.0,0.0149277424006248
648,0,patch_9_26,2304,2560,6656,6912,65536,MSAVI,-0.17578125,32333,,,,
649,0,patch_9_26,2304,2560,6656,6912,65536,NDVI,-0.75390625,23780,15157.0,0.0026884409757411,21988.0,0.0138767383138916
650,0,patch_9_27,2304,2560,6912,7168,65536,MSAVI,-0.26171875,43457,,,,
651,0,patch_9_27,2304,2560,6912,7168,65536,NDVI,-0.76171875,22072,12326.0,0.0252577011796022,12715.0,0.0323235047834178
652,0,patch_9_28,2304,2560,7168,7424,65536,MSAVI,-0.23046875,24964,,,,
653,0,patch_9_28,2304,2560,7168,7424,65536,NDVI,-0.73828125,40572,36402.0,0.035031175839434,65398.0,0.0180283280846121
654,0,patch_9_29,2304,2560,7424,7680,65536,MSAVI,-0.29296875,38247,,,,
655,0,patch_9_29,2304,2560,7424,7680,65536,NDVI,-0.99609375,27289,15998.0,0.0212387865088535,65487.0,0.0223008621644962
656,0,patch_9_30,2304,2560,7680,7936,65536,MSAVI,-0.16796875,39954,,,,
657,0,patch_9_30,2304,2560,7680,7936,65536,NDVI,-0.75390625,24867,9654.0,0.014758028080537,10510.0,0.0208107048662331
658,0,patch_9_31,2304,2560,7936,8192,65536,MSAVI,-0.19140625,34168,,,,
659,0,patch_9_31,2304,2560,7936,8192,65536,NDVI,-0.76171875,22096,11540.0,0.0063563935835496,15485.0,0.013394577651492
660,0,patch_9_32,2304,2560,8192,8448,65536,MSAVI,-0.26953125,33786,,,,
661,0,patch_9_32,2304,2560,8192,8448,65536,NDVI,-0.76953125,16549,4786.0,0.0044794952260203,10752.0,0.010521041744842
662,0,patch_9_33,2304,2560,8448,8704,65536,MSAVI,0.10546875,35929,,,,
663,0,patch_9_33,2304,2560,8448,8704,65536,NDVI,-0.71484375,18106,7038.0,0.00653860729367,10465.0,0.0124231657429789
664,0,patch_9_34,2304,2560,8704,8960,65536,MSAVI,0.14453125,33720,,,,
665,0,patch_9_34,2304,2560,8704,8960,65536,NDVI,-0.73828125,17683,13187.0,0.0077551419406183,17571.0,0.0149536120772
666,0,patch_9_35,2304,2560,8960,9216,65536,MSAVI,-0.18359375,31749,,,,
667,0,patch_9_35,2304,2560,8960,9216,65536,NDVI,-0.75390625,23898,8209.0,0.0023981903609774,15931.0,0.0106666499697949
668,0,patch_9_36,2304,2560,9216,9472,65536,MSAVI,0.05859375,28868,,,,
669,0,patch_9_36,2304,2560,9216,9472,65536,NDVI,-0.67578125,13732,3489.0,-0.0027459969866344,23608.0,0.0147850196859838
670,0,patch_9_37,2304,2560,9472,9728,65536,MSAVI,-0.29296875,37973,,,,
671,0,patch_9_37,2304,2560,9472,9728,65536,NDVI,-0.72265625,6727,8360.0,0.0124958201276117,10108.0,0.0189951263853765
672,0,patch_10_0,2560,2816,0,256,65536,MSAVI,-0.38671875,39196,,,,
673,0,patch_10_0,2560,2816,0,256,65536,NDVI,-0.76953125,26337,10181.0,0.0119321163780229,11992.0,0.0209280537416038
674,0,patch_10_1,2560,2816,256,512,65536,MSAVI,-0.23046875,35779,,,,
675,0,patch_10_1,2560,2816,256,512,65536,NDVI,-0.74609375,29662,6792.0,0.0056832507390236,11724.0,0.0147572754735058
676,0,patch_10_2,2560,2816,512,768,65536,MSAVI,-0.26953125,32501,,,,
677,0,patch_10_2,2560,2816,512,768,65536,NDVI,-0.80078125,20754,14258.0,0.0039309865060818,21324.0,0.0148580640967641
678,0,patch_10_3,2560,2816,768,1024,65536,MSAVI,-0.25390625,35850,,,,
679,0,patch_10_3,2560,2816,768,1024,65536,NDVI,-0.75390625,11036,11159.0,0.0092044663197486,14375.0,0.0164418209594714
680,0,patch_10_4,2560,2816,1024,1280,65536,MSAVI,-0.14453125,31769,,,,
681,0,patch_10_4,2560,2816,1024,1280,65536,NDVI,-0.73046875,14821,12675.0,0.0030063368927601,21755.0,0.0141261793766176
682,0,patch_10_5,2560,2816,1280,1536,65536,MSAVI,-0.24609375,31795,,,,
683,0,patch_10_5,2560,2816,1280,1536,65536,NDVI,-0.76953125,19366,12994.0,0.0045945882472993,21185.0,0.0163954905497925
684,0,patch_10_6,2560,2816,1536,1792,65536,MSAVI,-0.20703125,31622,,,,
685,0,patch_10_6,2560,2816,1536,1792,65536,NDVI,-0.78515625,13837,17213.0,0.0027050136485425,25415.0,0.0164900803750583
686,0,patch_10_7,2560,2816,1792,2048,65536,MSAVI,-0.05859375,30380,,,,
687,0,patch_10_7,2560,2816,1792,2048,65536,NDVI,-0.69921875,17720,17256.0,0.0013617314365389,24815.0,0.0135510406610199
688,0,patch_10_8,2560,2816,2048,2304,65536,MSAVI,-0.19921875,33110,,,,
689,0,patch_10_8,2560,2816,2048,2304,65536,NDVI,-0.71484375,11444,11775.0,0.0061049289817325,15759.0,0.0121517174775465
690,0,patch_10_9,2560,2816,2304,2560,65536,MSAVI,-0.27734375,36538,,,,
691,0,patch_10_9,2560,2816,2304,2560,65536,NDVI,-0.80859375,11744,11635.0,0.0116305612468502,15450.0,0.0207038099325488
692,0,patch_10_10,2560,2816,2560,2816,65536,MSAVI,-0.41796875,35261,,,,
693,0,patch_10_10,2560,2816,2560,2816,65536,NDVI,-0.83203125,12151,15828.0,0.010585813585955,19499.0,0.0203994407363862
694,0,patch_10_11,2560,2816,2816,3072,65536,MSAVI,-0.21484375,32381,,,,
695,0,patch_10_11,2560,2816,2816,3072,65536,NDVI,-0.75390625,14212,15880.0,0.0062974074931987,22162.0,0.0169117247545778
696,0,patch_10_12,2560,2816,3072,3328,65536,MSAVI,-0.23828125,31806,,,,
697,0,patch_10_12,2560,2816,3072,3328,65536,NDVI,-0.79296875,17762,12127.0,0.0036729938923652,19909.0,0.0143534439610306
698,0,patch_10_13,2560,2816,3328,3584,65536,MSAVI,-0.30859375,36194,,,,
699,0,patch_10_13,2560,2816,3328,3584,65536,NDVI,-0.80078125,10637,12774.0,0.0134972892293478,14725.0,0.018565755470611
700,0,patch_10_14,2560,2816,3584,3840,65536,MSAVI,-0.18359375,36039,,,,
701,0,patch_10_14,2560,2816,3584,3840,65536,NDVI,-0.72265625,12173,15660.0,0.0123707675834065,17889.0,0.0201227613231366
702,0,patch_10_15,2560,2816,3840,4096,65536,MSAVI,-0.13671875,33343,,,,
703,0,patch_10_15,2560,2816,3840,4096,65536,NDVI,-0.77734375,13271,11776.0,0.0052848186370282,17862.0,0.0131451020438325
704,0,patch_10_16,2560,2816,4096,4352,65536,MSAVI,-0.23046875,35177,,,,
705,0,patch_10_16,2560,2816,4096,4352,65536,NDVI,-0.69140625,8551,7673.0,0.0070687727654323,11781.0,0.0135635491604256
706,0,patch_10_17,2560,2816,4352,4608,65536,MSAVI,-0.23046875,37193,,,,
707,0,patch_10_17,2560,2816,4352,4608,65536,NDVI,-0.73828125,9298,10459.0,0.0119392967326179,13621.0,0.020326582484285
708,0,patch_10_18,2560,2816,4608,4864,65536,MSAVI,-0.28515625,33309,,,,
709,0,patch_10_18,2560,2816,4608,4864,65536,NDVI,-0.79296875,14409,12589.0,0.0047304384562521,20357.0,0.0172850869216131
710,0,patch_10_19,2560,2816,4864,5120,65536,MSAVI,-0.25390625,34503,,,,
711,0,patch_10_19,2560,2816,4864,5120,65536,NDVI,-0.75390625,12606,12639.0,0.0076886659356958,17115.0,0.0173500409439489
712,0,patch_10_20,2560,2816,5120,5376,65536,MSAVI,-0.10546875,32807,,,,
713,0,patch_10_20,2560,2816,5120,5376,65536,NDVI,-0.68359375,16423,6948.0,0.0035924187264521,13003.0,0.0103297380115265
714,0,patch_10_21,2560,2816,5376,5632,65536,MSAVI,-0.37890625,32688,,,,
715,0,patch_10_21,2560,2816,5376,5632,65536,NDVI,-0.79296875,19638,9408.0,0.0025262562927719,16692.0,0.0134481723031336
716,0,patch_10_22,2560,2816,5632,5888,65536,MSAVI,-0.13671875,32890,,,,
717,0,patch_10_22,2560,2816,5632,5888,65536,NDVI,-0.73046875,31689,10804.0,0.0052484871476758,17692.0,0.0141229412683386
718,0,patch_10_23,2560,2816,5888,6144,65536,MSAVI,-0.30078125,31897,,,,
719,0,patch_10_23,2560,2816,5888,6144,65536,NDVI,-0.80859375,22653,10496.0,0.0007972098437563,21535.0,0.0158262765617711
720,0,patch_10_24,2560,2816,6144,6400,65536,MSAVI,-0.26171875,30397,,,,
721,0,patch_10_24,2560,2816,6144,6400,65536,NDVI,-0.82421875,18157,11800.0,-0.0001335836821222,22064.0,0.0128468734238518
722,0,patch_10_25,2560,2816,6400,6656,65536,MSAVI,-0.17578125,33003,,,,
723,0,patch_10_25,2560,2816,6400,6656,65536,NDVI,-0.73828125,19038,11825.0,0.0050576690332687,17848.0,0.0127284746791352
724,0,patch_10_26,2560,2816,6656,6912,65536,MSAVI,-0.23046875,35260,,,,
725,0,patch_10_26,2560,2816,6656,6912,65536,NDVI,-0.76953125,13151,16075.0,0.0109369486435089,18225.0,0.0175608135656111
726,0,patch_10_27,2560,2816,6912,7168,65536,MSAVI,-0.27734375,45294,,,,
727,0,patch_10_27,2560,2816,6912,7168,65536,NDVI,-0.73046875,18903,9263.0,0.024225545396084,9492.0,0.0299912377755297
728,0,patch_10_28,2560,2816,7168,7424,65536,MSAVI,-0.37890625,18716,,,,
729,0,patch_10_28,2560,2816,7168,7424,65536,NDVI,-0.99609375,46820,0.0,-0.0290264931600101,64723.0,0.0092024075252186
730,0,patch_10_29,2560,2816,7424,7680,65536,MSAVI,-0.02734375,46877,,,,
731,0,patch_10_29,2560,2816,7424,7680,65536,NDVI,-0.66015625,18656,9266.0,0.0228732148580581,65536.0,0.0289408327640171
732,0,patch_10_30,2560,2816,7680,7936,65536,MSAVI,-0.26171875,40412,,,,
733,0,patch_10_30,2560,2816,7680,7936,65536,NDVI,-0.79296875,24609,10952.0,0.0154070028882194,12614.0,0.0223640536372419
734,0,patch_10_31,2560,2816,7936,8192,65536,MSAVI,-0.23828125,40650,,,,
735,0,patch_10_31,2560,2816,7936,8192,65536,NDVI,-0.73828125,23061,7201.0,0.0154571595164562,7926.0,0.0191297906722096
736,0,patch_10_32,2560,2816,8192,8448,65536,MSAVI,-0.13671875,36758,,,,
737,0,patch_10_32,2560,2816,8192,8448,65536,NDVI,-0.74609375,18830,7894.0,0.0094735694052045,10638.0,0.0147300433943994
738,0,patch_10_33,2560,2816,8448,8704,65536,MSAVI,-0.24609375,36279,,,,
739,0,patch_10_33,2560,2816,8448,8704,65536,NDVI,-0.74609375,17704,9301.0,0.0091989200469978,12448.0,0.0167463596139325
740,0,patch_10_34,2560,2816,8704,8960,65536,MSAVI,-0.28515625,40500,,,,
741,0,patch_10_34,2560,2816,8704,8960,65536,NDVI,-0.78515625,21089,7847.0,0.01337343209739,9483.0,0.0199254135871875
742,0,patch_10_35,2560,2816,8960,9216,65536,MSAVI,-0.36328125,40464,,,,
743,0,patch_10_35,2560,2816,8960,9216,65536,NDVI,-0.80078125,18681,11861.0,0.0169983884142476,14073.0,0.0231150368635032
744,0,patch_10_36,2560,2816,9216,9472,65536,MSAVI,-0.18359375,38209,,,,
745,0,patch_10_36,2560,2816,9216,9472,65536,NDVI,-0.71484375,14806,9999.0,0.0130310895201161,12784.0,0.0207646606195932
746,0,patch_10_37,2560,2816,9472,9728,65536,MSAVI,-0.29296875,37711,,,,
747,0,patch_10_37,2560,2816,9472,9728,65536,NDVI,-0.74609375,13531,8446.0,0.0092419256655819,11421.0,0.0175401901668794
748,0,patch_11_0,2816,3072,0,256,65536,MSAVI,-0.20703125,33039,,,,
749,0,patch_11_0,2816,3072,0,256,65536,NDVI,-0.71484375,32316,15408.0,0.0068199084791087,18644.0,0.0160276599965278
750,0,patch_11_1,2816,3072,256,512,65536,MSAVI,-0.08203125,36181,,,,
751,0,patch_11_1,2816,3072,256,512,65536,NDVI,-0.73828125,29320,11131.0,0.0059434556251378,15246.0,0.0157542934876593
752,0,patch_11_2,2816,3072,512,768,65536,MSAVI,-0.26953125,35632,,,,
753,0,patch_11_2,2816,3072,512,768,65536,NDVI,-0.76171875,23499,12476.0,0.0079763751412576,16699.0,0.0164567899322696
754,0,patch_11_3,2816,3072,768,1024,65536,MSAVI,-0.15234375,32651,,,,
755,0,patch_11_3,2816,3072,768,1024,65536,NDVI,-0.73828125,16129,11138.0,0.0042092186083113,65536.0,0.0136738451789249
756,0,patch_11_4,2816,3072,1024,1280,65536,MSAVI,-0.19140625,34702,,,,
757,0,patch_11_4,2816,3072,1024,1280,65536,NDVI,-0.68359375,10281,12498.0,0.0078660592590639,17321.0,0.0171315906927027
758,0,patch_11_5,2816,3072,1280,1536,65536,MSAVI,-0.20703125,39399,,,,
759,0,patch_11_5,2816,3072,1280,1536,65536,NDVI,-0.68359375,8983,12837.0,0.0159035718901925,14525.0,0.0254485696789557
760,0,patch_11_6,2816,3072,1536,1792,65536,MSAVI,-0.30859375,34414,,,,
761,0,patch_11_6,2816,3072,1536,1792,65536,NDVI,-0.74609375,10036,14593.0,0.0084770208561889,17531.0,0.0179701761402357
762,0,patch_11_7,2816,3072,1792,2048,65536,MSAVI,-0.12890625,31755,,,,
763,0,patch_11_7,2816,3072,1792,2048,65536,NDVI,-0.76171875,16086,14111.0,0.0036534637647785,21921.0,0.0153293673137667
764,0,patch_11_8,2816,3072,2048,2304,65536,MSAVI,-0.16015625,31530,,,,
765,0,patch_11_8,2816,3072,2048,2304,65536,NDVI,-0.71484375,15793,11512.0,0.0028679748072319,19310.0,0.0108841733096069
766,0,patch_11_9,2816,3072,2304,2560,65536,MSAVI,-0.26953125,37431,,,,
767,0,patch_11_9,2816,3072,2304,2560,65536,NDVI,-0.74609375,14225,12491.0,0.0128012856461403,15338.0,0.021579617456374
768,0,patch_11_10,2816,3072,2560,2816,65536,MSAVI,-0.37890625,34525,,,,
769,0,patch_11_10,2816,3072,2560,2816,65536,NDVI,-0.82421875,16177,20219.0,0.0126839200896295,24135.0,0.0235811360201518
770,0,patch_11_11,2816,3072,2816,3072,65536,MSAVI,-0.28515625,35899,,,,
771,0,patch_11_11,2816,3072,2816,3072,65536,NDVI,-0.76953125,11534,11868.0,0.0078999040534185,14156.0,0.0161874952202565
772,0,patch_11_12,2816,3072,3072,3328,65536,MSAVI,-0.20703125,33455,,,,
773,0,patch_11_12,2816,3072,3072,3328,65536,NDVI,-0.69140625,11520,11048.0,0.0060087817462976,18708.0,0.0160987460151103
774,0,patch_11_13,2816,3072,3328,3584,65536,MSAVI,-0.32421875,31221,,,,
775,0,patch_11_13,2816,3072,3328,3584,65536,NDVI,-0.72265625,9768,7955.0,-0.0001880312910166,17993.0,0.0119496748765517
776,0,patch_11_14,2816,3072,3584,3840,65536,MSAVI,-0.25390625,31920,,,,
777,0,patch_11_14,2816,3072,3584,3840,65536,NDVI,-0.79296875,13164,12353.0,0.0044905655118704,22902.0,0.0173839296161776
778,0,patch_11_15,2816,3072,3840,4096,65536,MSAVI,-0.35546875,32832,,,,
779,0,patch_11_15,2816,3072,3840,4096,65536,NDVI,-0.80859375,15503,13600.0,0.0064213095182244,20208.0,0.0151646673252185
780,0,patch_11_16,2816,3072,4096,4352,65536,MSAVI,-0.21484375,32270,,,,
781,0,patch_11_16,2816,3072,4096,4352,65536,NDVI,-0.77734375,17387,13973.0,0.0030555053367637,21601.0,0.0134752406577629
782,0,patch_11_17,2816,3072,4352,4608,65536,MSAVI,-0.23828125,33569,,,,
783,0,patch_11_17,2816,3072,4352,4608,65536,NDVI,-0.77734375,15734,11212.0,0.0050817074499898,17611.0,0.0147004767626717
784,0,patch_11_18,2816,3072,4608,4864,65536,MSAVI,-0.37109375,34815,,,,
785,0,patch_11_18,2816,3072,4608,4864,65536,NDVI,-0.80078125,14442,10074.0,0.0057718832685187,14828.0,0.0155733374895419
786,0,patch_11_19,2816,3072,4864,5120,65536,MSAVI,-0.09765625,32413,,,,
787,0,patch_11_19,2816,3072,4864,5120,65536,NDVI,-0.76171875,16813,7932.0,0.0021537862952449,17011.0,0.0120119452899888
788,0,patch_11_20,2816,3072,5120,5376,65536,MSAVI,-0.02734375,30251,,,,
789,0,patch_11_20,2816,3072,5120,5376,65536,NDVI,-0.69140625,17813,7385.0,-0.0007091428756068,16382.0,0.0082434959016375
790,0,patch_11_21,2816,3072,5376,5632,65536,MSAVI,-0.30078125,31666,,,,
791,0,patch_11_21,2816,3072,5376,5632,65536,NDVI,-0.78515625,15728,7895.0,0.0031380609040067,17084.0,0.0120270701924874
792,0,patch_11_22,2816,3072,5632,5888,65536,MSAVI,-0.39453125,33144,,,,
793,0,patch_11_22,2816,3072,5632,5888,65536,NDVI,-0.81640625,24364,13426.0,0.0057402104129546,20965.0,0.0188223750413274
794,0,patch_11_23,2816,3072,5888,6144,65536,MSAVI,-0.30859375,33818,,,,
795,0,patch_11_23,2816,3072,5888,6144,65536,NDVI,-0.80859375,16851,13388.0,0.0075105259716204,18079.0,0.0165403259332032
796,0,patch_11_24,2816,3072,6144,6400,65536,MSAVI,-0.37890625,31265,,,,
797,0,patch_11_24,2816,3072,6144,6400,65536,NDVI,-0.79296875,13067,11540.0,0.0015178421547876,20227.0,0.0116030858716738
798,0,patch_11_25,2816,3072,6400,6656,65536,MSAVI,-0.12109375,28462,,,,
799,0,patch_11_25,2816,3072,6400,6656,65536,NDVI,-0.69140625,15654,4643.0,-0.0052556787526688,65536.0,0.0125680708095927
800,0,patch_11_26,2816,3072,6656,6912,65536,MSAVI,-0.15234375,33284,,,,
801,0,patch_11_26,2816,3072,6656,6912,65536,NDVI,-0.75390625,28804,19462.0,0.0106517172039012,21931.0,0.0189325567394506
802,0,patch_11_27,2816,3072,6912,7168,65536,MSAVI,-0.17578125,39751,,,,
803,0,patch_11_27,2816,3072,6912,7168,65536,NDVI,-0.73828125,25756,18126.0,0.0294121689821734,65536.0,0.0276247423937349
804,0,patch_11_28,2816,3072,7168,7424,65536,MSAVI,-0.26171875,27826,,,,
805,0,patch_11_28,2816,3072,7168,7424,65536,NDVI,-0.99609375,37710,127.0,-0.0132410773375114,65422.0,0.0137329221388983
806,0,patch_11_29,2816,3072,7424,7680,65536,MSAVI,-0.07421875,31768,,,,
807,0,patch_11_29,2816,3072,7424,7680,65536,NDVI,-0.76953125,33660,3889.0,0.0009179483116894,13298.0,0.0103956471982267
808,0,patch_11_30,2816,3072,7680,7936,65536,MSAVI,-0.16796875,32817,,,,
809,0,patch_11_30,2816,3072,7680,7936,65536,NDVI,-0.79296875,30876,12532.0,0.0048852435770602,18354.0,0.0133541606581098
810,0,patch_11_31,2816,3072,7936,8192,65536,MSAVI,0.02734375,38783,,,,
811,0,patch_11_31,2816,3072,7936,8192,65536,NDVI,-0.77734375,24698,7147.0,0.0116129704991728,9124.0,0.0177133945419409
812,0,patch_11_32,2816,3072,8192,8448,65536,MSAVI,-0.01953125,34511,,,,
813,0,patch_11_32,2816,3072,8192,8448,65536,NDVI,-0.78515625,29547,8593.0,0.0065865796580151,14000.0,0.0141889381977463
814,0,patch_11_33,2816,3072,8448,8704,65536,MSAVI,-0.26171875,41145,,,,
815,0,patch_11_33,2816,3072,8448,8704,65536,NDVI,-0.74609375,13140,8372.0,0.0159949191841638,9356.0,0.0209918196044691
816,0,patch_11_34,2816,3072,8704,8960,65536,MSAVI,-0.19921875,40473,,,,
817,0,patch_11_34,2816,3072,8704,8960,65536,NDVI,-0.76171875,23834,7055.0,0.0153964663291875,8219.0,0.0220409187517338
818,0,patch_11_35,2816,3072,8960,9216,65536,MSAVI,-0.26953125,42153,,,,
819,0,patch_11_35,2816,3072,8960,9216,65536,NDVI,-0.77734375,23269,7263.0,0.016173224672087,8880.0,0.0218334892680846
820,0,patch_11_36,2816,3072,9216,9472,65536,MSAVI,-0.51953125,54864,,,,
821,0,patch_11_36,2816,3072,9216,9472,65536,NDVI,-0.79296875,10631,2649.0,0.0352220919263072,2552.0,0.0415668876399726
822,0,patch_11_37,2816,3072,9472,9728,65536,MSAVI,-0.23046875,45359,,,,
823,0,patch_11_37,2816,3072,9472,9728,65536,NDVI,-0.77734375,19592,9382.0,0.0260169710191343,10248.0,0.0339832169166118
824,0,patch_12_0,3072,3328,0,256,65536,MSAVI,0.03515625,33276,,,,
825,0,patch_12_0,3072,3328,0,256,65536,NDVI,-0.71484375,27622,11654.0,0.0050930544128295,16368.0,0.0146559171028136
826,0,patch_12_1,3072,3328,256,512,65536,MSAVI,-0.33984375,36792,,,,
827,0,patch_12_1,3072,3328,256,512,65536,NDVI,-0.80078125,25784,9529.0,0.0083780813944747,13414.0,0.0167461975722212
828,0,patch_12_2,3072,3328,512,768,65536,MSAVI,-0.23046875,35729,,,,
829,0,patch_12_2,3072,3328,512,768,65536,NDVI,-0.85546875,25513,9619.0,0.0078055137669651,13600.0,0.016152710073704
830,0,patch_12_3,3072,3328,768,1024,65536,MSAVI,-0.29296875,34916,,,,
831,0,patch_12_3,3072,3328,768,1024,65536,NDVI,-0.78515625,18591,18379.0,0.009243922153662,20949.0,0.0190669217201534
832,0,patch_12_4,3072,3328,1024,1280,65536,MSAVI,-0.25390625,34564,,,,
833,0,patch_12_4,3072,3328,1024,1280,65536,NDVI,-0.73046875,10666,9040.0,0.0071531339171222,12584.0,0.0138098578982688
834,0,patch_12_5,3072,3328,1280,1536,65536,MSAVI,-0.05078125,32002,,,,
835,0,patch_12_5,3072,3328,1280,1536,65536,NDVI,-0.69921875,13538,16161.0,0.0056973847899501,22827.0,0.015997206601663
836,0,patch_12_6,3072,3328,1536,1792,65536,MSAVI,-0.10546875,32790,,,,
837,0,patch_12_6,3072,3328,1536,1792,65536,NDVI,-0.64453125,12129,16974.0,0.0071247429240208,20255.0,0.0197939436228699
838,0,patch_12_7,3072,3328,1792,2048,65536,MSAVI,-0.21484375,32542,,,,
839,0,patch_12_7,3072,3328,1792,2048,65536,NDVI,-0.69140625,11821,7597.0,0.0031474063365363,15202.0,0.0107674690923215
840,0,patch_12_8,3072,3328,2048,2304,65536,MSAVI,-0.17578125,32297,,,,
841,0,patch_12_8,3072,3328,2048,2304,65536,NDVI,-0.77734375,17442,11741.0,0.0033652010237072,21183.0,0.013856425274545
842,0,patch_12_9,3072,3328,2304,2560,65536,MSAVI,-0.13671875,33963,,,,
843,0,patch_12_9,3072,3328,2304,2560,65536,NDVI,-0.71484375,19645,13956.0,0.0053647533041742,21462.0,0.0170912529277383
844,0,patch_12_10,3072,3328,2560,2816,65536,MSAVI,-0.32421875,34634,,,,
845,0,patch_12_10,3072,3328,2560,2816,65536,NDVI,-0.71484375,8923,18288.0,0.0111087312717907,20834.0,0.0212743944330045
846,0,patch_12_11,3072,3328,2816,3072,65536,MSAVI,0.10546875,32249,,,,
847,0,patch_12_11,3072,3328,2816,3072,65536,NDVI,-0.69921875,17346,10028.0,0.0022840719903053,19813.0,0.0135414331225349
848,0,patch_12_12,3072,3328,3072,3328,65536,MSAVI,-0.12890625,31770,,,,
849,0,patch_12_12,3072,3328,3072,3328,65536,NDVI,-0.62890625,10903,10432.0,0.0025724974595348,17535.0,0.0126204469002653
850,0,patch_12_13,3072,3328,3328,3584,65536,MSAVI,-0.25390625,35420,,,,
851,0,patch_12_13,3072,3328,3328,3584,65536,NDVI,-0.65234375,7028,8716.0,0.0072551042312518,13084.0,0.0152563129645553
852,0,patch_12_14,3072,3328,3584,3840,65536,MSAVI,-0.15234375,31942,,,,
853,0,patch_12_14,3072,3328,3584,3840,65536,NDVI,-0.61328125,11223,13020.0,0.0048255818582627,22938.0,0.0169445597417683
854,0,patch_12_15,3072,3328,3840,4096,65536,MSAVI,-0.05078125,32399,,,,
855,0,patch_12_15,3072,3328,3840,4096,65536,NDVI,-0.72265625,14656,11359.0,0.0044937082724431,18223.0,0.0138780846815788
856,0,patch_12_16,3072,3328,4096,4352,65536,MSAVI,-0.24609375,34286,,,,
857,0,patch_12_16,3072,3328,4096,4352,65536,NDVI,-0.74609375,15224,9142.0,0.0052854438398378,13952.0,0.013374077945526
858,0,patch_12_17,3072,3328,4352,4608,65536,MSAVI,-0.23046875,38621,,,,
859,0,patch_12_17,3072,3328,4352,4608,65536,NDVI,-0.72265625,16279,11046.0,0.0137575120191842,13721.0,0.0226868263978201
860,0,patch_12_18,3072,3328,4608,4864,65536,MSAVI,-0.37890625,34907,,,,
861,0,patch_12_18,3072,3328,4608,4864,65536,NDVI,-0.80859375,13950,12730.0,0.0076103876461198,17370.0,0.0158626092328562
862,0,patch_12_19,3072,3328,4864,5120,65536,MSAVI,-0.21484375,36285,,,,
863,0,patch_12_19,3072,3328,4864,5120,65536,NDVI,-0.74609375,17084,9772.0,0.0106237074242565,12368.0,0.0164591330745799
864,0,patch_12_20,3072,3328,5120,5376,65536,MSAVI,-0.19921875,33140,,,,
865,0,patch_12_20,3072,3328,5120,5376,65536,NDVI,-0.73828125,20796,7302.0,0.0023680245077757,11427.0,0.0100097178511535
866,0,patch_12_21,3072,3328,5376,5632,65536,MSAVI,-0.12890625,61099,,,,
867,0,patch_12_21,3072,3328,5376,5632,65536,NDVI,-0.39453125,3833,3109.0,0.0311762793041858,3026.0,0.048474098661769
868,0,patch_12_22,3072,3328,5632,5888,65536,MSAVI,-0.36328125,37370,,,,
869,0,patch_12_22,3072,3328,5632,5888,65536,NDVI,-0.77734375,8254,12403.0,0.012240037528749,14724.0,0.0205347220779374
870,0,patch_12_23,3072,3328,5888,6144,65536,MSAVI,-0.35546875,34818,,,,
871,0,patch_12_23,3072,3328,5888,6144,65536,NDVI,-0.81640625,17026,10118.0,0.0070069027518977,15775.0,0.0168274002459498
872,0,patch_12_24,3072,3328,6144,6400,65536,MSAVI,-0.32421875,35146,,,,
873,0,patch_12_24,3072,3328,6144,6400,65536,NDVI,-0.80078125,12683,13183.0,0.0075562230309426,17498.0,0.0179429418961572
874,0,patch_12_25,3072,3328,6400,6656,65536,MSAVI,-0.21484375,32333,,,,
875,0,patch_12_25,3072,3328,6400,6656,65536,NDVI,-0.78515625,16941,13652.0,0.0044387938951445,22053.0,0.0172291474038219
876,0,patch_12_26,3072,3328,6656,6912,65536,MSAVI,-0.23046875,41133,,,,
877,0,patch_12_26,3072,3328,6656,6912,65536,NDVI,-0.70703125,14597,15902.0,0.0226187839550995,16397.0,0.0305374439793496
878,0,patch_12_27,3072,3328,6912,7168,65536,MSAVI,-0.10546875,38745,,,,
879,0,patch_12_27,3072,3328,6912,7168,65536,NDVI,-0.99609375,26791,18874.0,0.0259112331672179,18668.0,0.0296329601072115
880,0,patch_12_28,3072,3328,7168,7424,65536,MSAVI,-0.28515625,33200,,,,
881,0,patch_12_28,3072,3328,7168,7424,65536,NDVI,-0.82421875,32336,4688.0,0.0039031392993939,65328.0,0.0108466382124878
882,0,patch_12_29,3072,3328,7424,7680,65536,MSAVI,-0.05859375,33287,,,,
883,0,patch_12_29,3072,3328,7424,7680,65536,NDVI,-0.76171875,24721,14145.0,0.0065617390247911,21195.0,0.0170343074097717
884,0,patch_12_30,3072,3328,7680,7936,65536,MSAVI,-0.26953125,33770,,,,
885,0,patch_12_30,3072,3328,7680,7936,65536,NDVI,-0.78515625,24572,13075.0,0.0067216831244707,18726.0,0.0152243013993904
886,0,patch_12_31,3072,3328,7936,8192,65536,MSAVI,-0.19140625,32676,,,,
887,0,patch_12_31,3072,3328,7936,8192,65536,NDVI,-0.77734375,25559,12797.0,0.0043294237220044,20841.0,0.0152605311037841
888,0,patch_12_32,3072,3328,8192,8448,65536,MSAVI,-0.28515625,33973,,,,
889,0,patch_12_32,3072,3328,8192,8448,65536,NDVI,-0.78515625,16226,9715.0,0.0070157552826358,14299.0,0.0151134151923174
890,0,patch_12_33,3072,3328,8448,8704,65536,MSAVI,-0.12890625,36040,,,,
891,0,patch_12_33,3072,3328,8448,8704,65536,NDVI,-0.72265625,11927,10102.0,0.0078493882310495,12246.0,0.0149483738528805
892,0,patch_12_34,3072,3328,8704,8960,65536,MSAVI,-0.08984375,36875,,,,
893,0,patch_12_34,3072,3328,8704,8960,65536,NDVI,-0.73046875,15977,9356.0,0.0091613997484076,12680.0,0.0166147526845013
894,0,patch_12_35,3072,3328,8960,9216,65536,MSAVI,-0.08203125,37308,,,,
895,0,patch_12_35,3072,3328,8960,9216,65536,NDVI,-0.75390625,27657,16277.0,0.0148456634977998,18493.0,0.0226683534478062
896,0,patch_12_36,3072,3328,9216,9472,65536,MSAVI,-0.51171875,56905,,,,
897,0,patch_12_36,3072,3328,9216,9472,65536,NDVI,-0.71484375,8622,1570.0,0.0348602245057679,1463.0,0.0419245473481611
898,0,patch_12_37,3072,3328,9472,9728,65536,MSAVI,-0.34765625,53046,,,,
899,0,patch_12_37,3072,3328,9472,9728,65536,NDVI,-0.67578125,12487,4057.0,0.0316201204293846,4177.0,0.0417046227659141
900,0,patch_13_0,3328,3584,0,256,65536,MSAVI,-0.03515625,33395,,,,
901,0,patch_13_0,3328,3584,0,256,65536,NDVI,-0.78515625,30182,13487.0,0.0062785024728189,18260.0,0.0137728905813142
902,0,patch_13_1,3328,3584,256,512,65536,MSAVI,-0.16015625,31365,,,,
903,0,patch_13_1,3328,3584,256,512,65536,NDVI,-0.75390625,25574,9026.0,0.0018414215155858,20320.0,0.0130424718595853
904,0,patch_13_2,3328,3584,512,768,65536,MSAVI,0.11328125,32331,,,,
905,0,patch_13_2,3328,3584,512,768,65536,NDVI,-0.77734375,16971,10471.0,0.002640263650726,20264.0,0.0128109876393581
906,0,patch_13_3,3328,3584,768,1024,65536,MSAVI,-0.31640625,37023,,,,
907,0,patch_13_3,3328,3584,768,1024,65536,NDVI,-0.76953125,16486,7808.0,0.007932887937734,13289.0,0.01841301518115
908,0,patch_13_4,3328,3584,1024,1280,65536,MSAVI,-0.37109375,37647,,,,
909,0,patch_13_4,3328,3584,1024,1280,65536,NDVI,-0.77734375,12105,12031.0,0.0100819336971331,15856.0,0.0198721449078216
910,0,patch_13_5,3328,3584,1280,1536,65536,MSAVI,-0.31640625,35467,,,,
911,0,patch_13_5,3328,3584,1280,1536,65536,NDVI,-0.71484375,9370,13581.0,0.0104888164475165,17363.0,0.0190207939674451
912,0,patch_13_6,3328,3584,1536,1792,65536,MSAVI,-0.26171875,31696,,,,
913,0,patch_13_6,3328,3584,1536,1792,65536,NDVI,-0.71484375,13141,13597.0,0.0050248722974001,18508.0,0.0159585021472453
914,0,patch_13_7,3328,3584,1792,2048,65536,MSAVI,-0.32421875,31150,,,,
915,0,patch_13_7,3328,3584,1792,2048,65536,NDVI,-0.79296875,14263,14233.0,0.0023982954194724,21370.0,0.0127781061751093
916,0,patch_13_8,3328,3584,2048,2304,65536,MSAVI,-0.22265625,31676,,,,
917,0,patch_13_8,3328,3584,2048,2304,65536,NDVI,-0.74609375,17124,11766.0,0.002979918533074,18978.0,0.0124623842426111
918,0,patch_13_9,3328,3584,2304,2560,65536,MSAVI,-0.23046875,33414,,,,
919,0,patch_13_9,3328,3584,2304,2560,65536,NDVI,-0.79296875,14940,15190.0,0.0063657019385667,22629.0,0.0165339684809694
920,0,patch_13_10,3328,3584,2560,2816,65536,MSAVI,-0.37109375,34656,,,,
921,0,patch_13_10,3328,3584,2560,2816,65536,NDVI,-0.62890625,6870,14261.0,0.0080291806178811,17999.0,0.016383017580188
922,0,patch_13_11,3328,3584,2816,3072,65536,MSAVI,-0.09765625,32248,,,,
923,0,patch_13_11,3328,3584,2816,3072,65536,NDVI,-0.75390625,13837,11383.0,0.0034755966656443,19837.0,0.0149174210093532
924,0,patch_13_12,3328,3584,3072,3328,65536,MSAVI,-0.20703125,31593,,,,
925,0,patch_13_12,3328,3584,3072,3328,65536,NDVI,-0.67578125,12237,9957.0,0.0005984650874072,18679.0,0.0124156754411525
926,0,patch_13_13,3328,3584,3328,3584,65536,MSAVI,-0.20703125,32851,,,,
927,0,patch_13_13,3328,3584,3328,3584,65536,NDVI,-0.70703125,8789,9985.0,0.004543643117264,17138.0,0.0128525603308208
928,0,patch_13_14,3328,3584,3584,3840,65536,MSAVI,-0.04296875,34104,,,,
929,0,patch_13_14,3328,3584,3584,3840,65536,NDVI,-0.68359375,7510,9301.0,0.0050511070368587,15814.0,0.0135243715469269
930,0,patch_13_15,3328,3584,3840,4096,65536,MSAVI,-0.12109375,31712,,,,
931,0,patch_13_15,3328,3584,3840,4096,65536,NDVI,-0.71484375,22685,21104.0,0.0095559825777138,65536.0,0.0208023603095544
932,0,patch_13_16,3328,3584,4096,4352,65536,MSAVI,-0.12109375,31914,,,,
933,0,patch_13_16,3328,3584,4096,4352,65536,NDVI,-0.73828125,15909,13576.0,0.0027547259340575,20903.0,0.0132659257982556
934,0,patch_13_17,3328,3584,4352,4608,65536,MSAVI,-0.17578125,34663,,,,
935,0,patch_13_17,3328,3584,4352,4608,65536,NDVI,-0.71484375,14324,10249.0,0.0062354365032451,15846.0,0.0149312474372149
936,0,patch_13_18,3328,3584,4608,4864,65536,MSAVI,-0.22265625,38179,,,,
937,0,patch_13_18,3328,3584,4608,4864,65536,NDVI,-0.77734375,12315,14733.0,0.0118552788580199,16769.0,0.019591676562504
938,0,patch_13_19,3328,3584,4864,5120,65536,MSAVI,-0.18359375,36927,,,,
939,0,patch_13_19,3328,3584,4864,5120,65536,NDVI,-0.73046875,22891,11275.0,0.011109660420613,15729.0,0.0179418748677903
940,0,patch_13_20,3328,3584,5120,5376,65536,MSAVI,-0.23046875,37683,,,,
941,0,patch_13_20,3328,3584,5120,5376,65536,NDVI,-0.72265625,17519,9341.0,0.0105016531561071,11305.0,0.017847506437998
942,0,patch_13_21,3328,3584,5376,5632,65536,MSAVI,-0.33984375,36655,,,,
943,0,patch_13_21,3328,3584,5376,5632,65536,NDVI,-0.75390625,16071,8858.0,0.0106603264976528,11341.0,0.0165731726152982
944,0,patch_13_22,3328,3584,5632,5888,65536,MSAVI,-0.31640625,35589,,,,
945,0,patch_13_22,3328,3584,5632,5888,65536,NDVI,-0.76953125,12421,7871.0,0.0077441881680526,12618.0,0.0166574196045301
946,0,patch_13_23,3328,3584,5888,6144,65536,MSAVI,-0.28515625,32433,,,,
947,0,patch_13_23,3328,3584,5888,6144,65536,NDVI,-0.76953125,24850,9530.0,0.0036513095155183,18620.0,0.0155976875027703
948,0,patch_13_24,3328,3584,6144,6400,65536,MSAVI,-0.30859375,34629,,,,
949,0,patch_13_24,3328,3584,6144,6400,65536,NDVI,-0.77734375,11234,10922.0,0.0068998050709627,16752.0,0.0175363791148854
950,0,patch_13_25,3328,3584,6400,6656,65536,MSAVI,-0.26171875,30399,,,,
951,0,patch_13_25,3328,3584,6400,6656,65536,NDVI,-0.77734375,24656,11990.0,0.0004314614385247,24985.0,0.0131933254907689
952,0,patch_13_26,3328,3584,6656,6912,65536,MSAVI,-0.25390625,38402,,,,
953,0,patch_13_26,3328,3584,6656,6912,65536,NDVI,-0.69140625,9941,12036.0,0.0139928231171571,65419.0,0.0204782226441958
954,0,patch_13_27,3328,3584,6912,7168,65536,MSAVI,-0.12890625,29774,,,,
955,0,patch_13_27,3328,3584,6912,7168,65536,NDVI,-0.99609375,35762,244.0,-0.0129279132471358,25528.0,0.0149467038756011
956,0,patch_13_28,3328,3584,7168,7424,65536,MSAVI,-0.19921875,34910,,,,
957,0,patch_13_28,3328,3584,7168,7424,65536,NDVI,-0.99609375,30626,3505.0,0.0051014443400149,8099.0,0.0124905535858313
958,0,patch_13_29,3328,3584,7424,7680,65536,MSAVI,-0.15234375,34143,,,,
959,0,patch_13_29,3328,3584,7424,7680,65536,NDVI,-0.74609375,29977,9650.0,0.0058201237122606,14518.0,0.0145430073744443
960,0,patch_13_30,3328,3584,7680,7936,65536,MSAVI,-0.07421875,30170,,,,
961,0,patch_13_30,3328,3584,7680,7936,65536,NDVI,-0.74609375,23823,10333.0,0.000388259164999,19722.0,0.0116351396179569
962,0,patch_13_31,3328,3584,7936,8192,65536,MSAVI,-0.24609375,33129,,,,
963,0,patch_13_31,3328,3584,7936,8192,65536,NDVI,-0.79296875,19715,10790.0,0.0034579981430769,18121.0,0.0162240042320915
964,0,patch_13_32,3328,3584,8192,8448,65536,MSAVI,-0.19921875,36459,,,,
965,0,patch_13_32,3328,3584,8192,8448,65536,NDVI,-0.71484375,8253,4802.0,0.0072387524479803,8720.0,0.0148827040660046
966,0,patch_13_33,3328,3584,8448,8704,65536,MSAVI,-0.22265625,38417,,,,
967,0,patch_13_33,3328,3584,8448,8704,65536,NDVI,-0.73046875,12024,10730.0,0.0128875084614662,11736.0,0.0208211110696756
968,0,patch_13_34,3328,3584,8704,8960,65536,MSAVI,-0.30078125,37908,,,,
969,0,patch_13_34,3328,3584,8704,8960,65536,NDVI,-0.73046875,11931,9234.0,0.0116816148267131,11394.0,0.0205974508678682
970,0,patch_13_35,3328,3584,8960,9216,65536,MSAVI,-0.07421875,36049,,,,
971,0,patch_13_35,3328,3584,8960,9216,65536,NDVI,-0.76953125,19037,8745.0,0.0080875884304728,12443.0,0.0178070838919186
972,0,patch_13_36,3328,3584,9216,9472,65536,MSAVI,-0.27734375,40874,,,,
973,0,patch_13_36,3328,3584,9216,9472,65536,NDVI,-0.73828125,24611,4884.0,0.0121818820238797,5558.0,0.0198406964152562
974,0,patch_13_37,3328,3584,9472,9728,65536,MSAVI,-0.35546875,46738,,,,
975,0,patch_13_37,3328,3584,9472,9728,65536,NDVI,-0.68359375,18567,4805.0,0.023321947439697,5103.0,0.0299242121315901
976,0,patch_14_0,3584,3840,0,256,65536,MSAVI,-0.28515625,37791,,,,
977,0,patch_14_0,3584,3840,0,256,65536,NDVI,-0.75390625,27743,9001.0,0.0095776046772633,11765.0,0.019135030754225
978,0,patch_14_1,3584,3840,256,512,65536,MSAVI,-0.20703125,39620,,,,
979,0,patch_14_1,3584,3840,256,512,65536,NDVI,-0.75390625,25906,14384.0,0.0161588510138841,14911.0,0.0244078595429805
980,0,patch_14_2,3584,3840,512,768,65536,MSAVI,-0.27734375,37370,,,,
981,0,patch_14_2,3584,3840,512,768,65536,NDVI,-0.75390625,27969,10814.0,0.0097489103820465,13695.0,0.0187287664455476
982,0,patch_14_3,3584,3840,768,1024,65536,MSAVI,-0.12890625,36090,,,,
983,0,patch_14_3,3584,3840,768,1024,65536,NDVI,-0.76171875,28470,7488.0,0.0060537225374687,13019.0,0.0152687821978842
984,0,patch_14_4,3584,3840,1024,1280,65536,MSAVI,-0.21484375,34608,,,,
985,0,patch_14_4,3584,3840,1024,1280,65536,NDVI,-0.76953125,14695,8529.0,0.0050939220615313,14418.0,0.0138094996921839
986,0,patch_14_5,3584,3840,1280,1536,65536,MSAVI,-0.30859375,36361,,,,
987,0,patch_14_5,3584,3840,1280,1536,65536,NDVI,-0.72265625,6616,8158.0,0.0074064108250775,12474.0,0.0164086626032566
988,0,patch_14_6,3584,3840,1536,1792,65536,MSAVI,-0.21484375,31716,,,,
989,0,patch_14_6,3584,3840,1536,1792,65536,NDVI,-0.63671875,12331,15956.0,0.005638396798473,21144.0,0.015667846795092
990,0,patch_14_7,3584,3840,1792,2048,65536,MSAVI,-0.20703125,31071,,,,
991,0,patch_14_7,3584,3840,1792,2048,65536,NDVI,-0.79296875,15090,14682.0,0.0021590715521275,22571.0,0.0127567201738387
992,0,patch_14_8,3584,3840,2048,2304,65536,MSAVI,-0.11328125,33024,,,,
993,0,patch_14_8,3584,3840,2048,2304,65536,NDVI,-0.71484375,16306,11297.0,0.0031997686330804,17984.0,0.0125395467000182
994,0,patch_14_9,3584,3840,2304,2560,65536,MSAVI,-0.32421875,37205,,,,
995,0,patch_14_9,3584,3840,2304,2560,65536,NDVI,-0.82421875,16684,14753.0,0.0116359957726794,18896.0,0.0220805294824197
996,0,patch_14_10,3584,3840,2560,2816,65536,MSAVI,-0.27734375,39767,,,,
997,0,patch_14_10,3584,3840,2560,2816,65536,NDVI,-0.67578125,12850,18844.0,0.0217357184969601,19453.0,0.0281935292222232
998,0,patch_14_11,3584,3840,2816,3072,65536,MSAVI,-0.15234375,34874,,,,
999,0,patch_14_11,3584,3840,2816,3072,65536,NDVI,-0.66015625,8977,9017.0,0.0055184447368679,16122.0,0.0164562976762754
1000,0,patch_14_12,3584,3840,3072,3328,65536,MSAVI,-0.18359375,31353,,,,
1001,0,patch_14_12,3584,3840,3072,3328,65536,NDVI,-0.67578125,11910,10977.0,0.0055595591026088,16184.0,0.0111615147677192
1002,0,patch_14_13,3584,3840,3328,3584,65536,MSAVI,-0.01953125,39058,,,,
1003,0,patch_14_13,3584,3840,3328,3584,65536,NDVI,-0.64453125,7158,11353.0,0.0140032825184939,12533.0,0.0204584055494636
1004,0,patch_14_14,3584,3840,3584,3840,65536,MSAVI,0.02734375,34894,,,,
1005,0,patch_14_14,3584,3840,3584,3840,65536,NDVI,-0.73046875,12084,13862.0,0.0078010300590739,18628.0,0.0163442273018354
1006,0,patch_14_15,3584,3840,3840,4096,65536,MSAVI,-0.04296875,29676,,,,
1007,0,patch_14_15,3584,3840,3840,4096,65536,NDVI,-0.73828125,33372,12976.0,-0.0021101913474584,28352.0,0.0143008895734942
1008,0,patch_14_16,3584,3840,4096,4352,65536,MSAVI,-0.04296875,32605,,,,
1009,0,patch_14_16,3584,3840,4096,4352,65536,NDVI,-0.67578125,24043,14409.0,0.0063277931435525,23032.0,0.0199741788902312
1010,0,patch_14_17,3584,3840,4352,4608,65536,MSAVI,-0.12109375,37831,,,,
1011,0,patch_14_17,3584,3840,4352,4608,65536,NDVI,-0.73828125,18501,14258.0,0.0143068770092021,17391.0,0.0247989588614742
1012,0,patch_14_18,3584,3840,4608,4864,65536,MSAVI,-0.27734375,46136,,,,
1013,0,patch_14_18,3584,3840,4608,4864,65536,NDVI,-0.72265625,18286,6449.0,0.0226548198179463,6770.0,0.0295170861237732
1014,0,patch_14_19,3584,3840,4864,5120,65536,MSAVI,-0.17578125,47738,,,,
1015,0,patch_14_19,3584,3840,4864,5120,65536,NDVI,-0.72265625,12740,6373.0,0.026915252953172,7464.0,0.0326962950021948
1016,0,patch_14_20,3584,3840,5120,5376,65536,MSAVI,-0.21484375,38748,,,,
1017,0,patch_14_20,3584,3840,5120,5376,65536,NDVI,-0.74609375,23066,10002.0,0.0144510609428296,13211.0,0.0224768271742063
1018,0,patch_14_21,3584,3840,5376,5632,65536,MSAVI,-0.31640625,32292,,,,
1019,0,patch_14_21,3584,3840,5376,5632,65536,NDVI,-0.78515625,15420,6942.0,0.0024597742008548,13609.0,0.0126136297170617
1020,0,patch_14_22,3584,3840,5632,5888,65536,MSAVI,-0.20703125,32053,,,,
1021,0,patch_14_22,3584,3840,5632,5888,65536,NDVI,-0.76953125,16746,10894.0,0.0022387194231371,23284.0,0.021346344533029
1022,0,patch_14_23,3584,3840,5888,6144,65536,MSAVI,-0.08203125,28870,,,,
1023,0,patch_14_23,3584,3840,5888,6144,65536,NDVI,-0.83984375,26293,4104.0,-0.0041668530672452,23528.0,0.0134813870476042
1024,0,patch_14_24,3584,3840,6144,6400,65536,MSAVI,-0.12890625,32039,,,,
1025,0,patch_14_24,3584,3840,6144,6400,65536,NDVI,-0.73828125,25441,7770.0,0.0029573213047139,15964.0,0.0120691811469198
1026,0,patch_14_25,3584,3840,6400,6656,65536,MSAVI,-0.32421875,33907,,,,
1027,0,patch_14_25,3584,3840,6400,6656,65536,NDVI,-0.78515625,15478,14498.0,0.0081065087595719,17645.0,0.0170616439759278
1028,0,patch_14_26,3584,3840,6656,6912,65536,MSAVI,-0.37109375,34637,,,,
1029,0,patch_14_26,3584,3840,6656,6912,65536,NDVI,-0.82421875,20561,18862.0,0.0160791915043686,21073.0,0.0202003539466424
1030,0,patch_14_27,3584,3840,6912,7168,65536,MSAVI,-0.19921875,33979,,,,
1031,0,patch_14_27,3584,3840,6912,7168,65536,NDVI,-0.77734375,31539,17804.0,0.0193427354243341,65536.0,0.0185062522649658
1032,0,patch_14_28,3584,3840,7168,7424,65536,MSAVI,-0.18359375,38702,,,,
1033,0,patch_14_28,3584,3840,7168,7424,65536,NDVI,-0.99609375,26834,4864.0,0.0111382189007341,6985.0,0.0175296567649568
1034,0,patch_14_29,3584,3840,7424,7680,65536,MSAVI,-0.10546875,34510,,,,
1035,0,patch_14_29,3584,3840,7424,7680,65536,NDVI,-0.72265625,21800,12436.0,0.0065290632991212,15677.0,0.0155907870085609
1036,0,patch_14_30,3584,3840,7680,7936,65536,MSAVI,0.07421875,31156,,,,
1037,0,patch_14_30,3584,3840,7680,7936,65536,NDVI,-0.70703125,22299,11306.0,0.0030874344870701,20193.0,0.0132361332419696
1038,0,patch_14_31,3584,3840,7936,8192,65536,MSAVI,-0.21484375,32877,,,,
1039,0,patch_14_31,3584,3840,7936,8192,65536,NDVI,-0.75390625,18741,9198.0,0.0043784287336537,17098.0,0.0148182041552051
1040,0,patch_14_32,3584,3840,8192,8448,65536,MSAVI,-0.18359375,35361,,,,
1041,0,patch_14_32,3584,3840,8192,8448,65536,NDVI,-0.72265625,10539,10048.0,0.0074103130859861,14321.0,0.0172793067860436
1042,0,patch_14_33,3584,3840,8448,8704,65536,MSAVI,-0.17578125,40573,,,,
1043,0,patch_14_33,3584,3840,8448,8704,65536,NDVI,-0.66796875,8999,6291.0,0.0145076819865699,7805.0,0.0220215428212126
1044,0,patch_14_34,3584,3840,8704,8960,65536,MSAVI,-0.30859375,44169,,,,
1045,0,patch_14_34,3584,3840,8704,8960,65536,NDVI,-0.68359375,9884,8999.0,0.022772861185593,9688.0,0.0303709558257876
1046,0,patch_14_35,3584,3840,8960,9216,65536,MSAVI,-0.32421875,43547,,,,
1047,0,patch_14_35,3584,3840,8960,9216,65536,NDVI,-0.71484375,8933,6126.0,0.019724569669293,6715.0,0.027169433538114
1048,0,patch_14_36,3584,3840,9216,9472,65536,MSAVI,-0.31640625,40314,,,,
1049,0,patch_14_36,3584,3840,9216,9472,65536,NDVI,-0.75390625,14950,10618.0,0.0170401509845336,13029.0,0.02506862562932
1050,0,patch_14_37,3584,3840,9472,9728,65536,MSAVI,-0.26953125,43481,,,,
1051,0,patch_14_37,3584,3840,9472,9728,65536,NDVI,-0.73046875,21949,11967.0,0.0223429349034529,12330.0,0.0268593788252673
1052,0,patch_15_0,3840,4096,0,256,65536,MSAVI,-0.16015625,39142,,,,
1053,0,patch_15_0,3840,4096,0,256,65536,NDVI,-0.70703125,26110,10633.0,0.0130050449847719,12543.0,0.0206800739674996
1054,0,patch_15_1,3840,4096,256,512,65536,MSAVI,-0.26953125,39695,,,,
1055,0,patch_15_1,3840,4096,256,512,65536,NDVI,-0.69921875,25713,8388.0,0.0118625509526511,10792.0,0.0206829248520814
1056,0,patch_15_2,3840,4096,512,768,65536,MSAVI,-0.01953125,40961,,,,
1057,0,patch_15_2,3840,4096,512,768,65536,NDVI,-0.72265625,24251,8738.0,0.0152294935361012,9061.0,0.0212829990121013
1058,0,patch_15_3,3840,4096,768,1024,65536,MSAVI,-0.07421875,40772,,,,
1059,0,patch_15_3,3840,4096,768,1024,65536,NDVI,-0.63671875,24189,6814.0,0.0128891618096453,7819.0,0.0217999627163562
1060,0,patch_15_4,3840,4096,1024,1280,65536,MSAVI,-0.08203125,32447,,,,
1061,0,patch_15_4,3840,4096,1024,1280,65536,NDVI,-0.74609375,17336,14250.0,0.0048779592869228,19006.0,0.0133039084661706
1062,0,patch_15_5,3840,4096,1280,1536,65536,MSAVI,-0.33203125,34538,,,,
1063,0,patch_15_5,3840,4096,1280,1536,65536,NDVI,-0.76171875,9890,9039.0,0.0066164515306535,14618.0,0.0143700043607004
1064,0,patch_15_6,3840,4096,1536,1792,65536,MSAVI,-0.37109375,36807,,,,
1065,0,patch_15_6,3840,4096,1536,1792,65536,NDVI,-0.76953125,9144,13252.0,0.0116509052347937,16345.0,0.0198086174558607
1066,0,patch_15_7,3840,4096,1792,2048,65536,MSAVI,-0.23828125,34101,,,,
1067,0,patch_15_7,3840,4096,1792,2048,65536,NDVI,-0.72265625,13394,15797.0,0.00690384074174,21916.0,0.0188944061908886
1068,0,patch_15_8,3840,4096,2048,2304,65536,MSAVI,-0.24609375,31159,,,,
1069,0,patch_15_8,3840,4096,2048,2304,65536,NDVI,-0.78515625,20998,9173.0,0.0001841568713052,20917.0,0.0110410195374993
1070,0,patch_15_9,3840,4096,2304,2560,65536,MSAVI,-0.27734375,33654,,,,
1071,0,patch_15_9,3840,4096,2304,2560,65536,NDVI,-0.80859375,19026,13270.0,0.007301672371899,16536.0,0.0150703467980989
1072,0,patch_15_10,3840,4096,2560,2816,65536,MSAVI,-0.27734375,33806,,,,
1073,0,patch_15_10,3840,4096,2560,2816,65536,NDVI,-0.76171875,18476,20109.0,0.0134186793676191,65536.0,0.0200598814104208
1074,0,patch_15_11,3840,4096,2816,3072,65536,MSAVI,-0.21484375,34065,,,,
1075,0,patch_15_11,3840,4096,2816,3072,65536,NDVI,-0.73046875,11818,14147.0,0.0095290088455108,17401.0,0.0176972375184325
1076,0,patch_15_12,3840,4096,3072,3328,65536,MSAVI,-0.30859375,37295,,,,
1077,0,patch_15_12,3840,4096,3072,3328,65536,NDVI,-0.58203125,3789,10679.0,0.0135908822334614,14104.0,0.0209254596155279
1078,0,patch_15_13,3840,4096,3328,3584,65536,MSAVI,-0.26953125,36128,,,,
1079,0,patch_15_13,3840,4096,3328,3584,65536,NDVI,-0.62109375,8817,14304.0,0.0116927512766244,17244.0,0.0198079507088151
1080,0,patch_15_14,3840,4096,3584,3840,65536,MSAVI,-0.23828125,35802,,,,
1081,0,patch_15_14,3840,4096,3584,3840,65536,NDVI,-0.70703125,9716,16390.0,0.0129340485806602,19332.0,0.0212194796644713
1082,0,patch_15_15,3840,4096,3840,4096,65536,MSAVI,-0.19921875,33867,,,,
1083,0,patch_15_15,3840,4096,3840,4096,65536,NDVI,-0.75390625,18777,17162.0,0.0075185725611873,22581.0,0.0185633786126563
1084,0,patch_15_16,3840,4096,4096,4352,65536,MSAVI,-0.13671875,33412,,,,
1085,0,patch_15_16,3840,4096,4096,4352,65536,NDVI,-0.71484375,31403,18113.0,0.0099664538297483,22026.0,0.0167195450584432
1086,0,patch_15_17,3840,4096,4352,4608,65536,MSAVI,-0.16015625,37643,,,,
1087,0,patch_15_17,3840,4096,4352,4608,65536,NDVI,-0.77734375,25764,13262.0,0.0176492779736501,14550.0,0.0219117509542466
1088,0,patch_15_18,3840,4096,4608,4864,65536,MSAVI,-0.26953125,45062,,,,
1089,0,patch_15_18,3840,4096,4608,4864,65536,NDVI,-0.69140625,20055,9104.0,0.021552375395377,9809.0,0.0309048070385453
1090,0,patch_15_19,3840,4096,4864,5120,65536,MSAVI,-0.26171875,43542,,,,
1091,0,patch_15_19,3840,4096,4864,5120,65536,NDVI,-0.73046875,21980,6740.0,0.0193862590124308,7800.0,0.0285347389344197
1092,0,patch_15_20,3840,4096,5120,5376,65536,MSAVI,-0.26953125,41778,,,,
1093,0,patch_15_20,3840,4096,5120,5376,65536,NDVI,-0.74609375,17033,7780.0,0.0181170748034357,8896.0,0.0241477010738502
1094,0,patch_15_21,3840,4096,5376,5632,65536,MSAVI,-0.27734375,36026,,,,
1095,0,patch_15_21,3840,4096,5376,5632,65536,NDVI,-0.77734375,14778,12624.0,0.0115242533652653,15429.0,0.0198248581478725
1096,0,patch_15_22,3840,4096,5632,5888,65536,MSAVI,-0.40234375,30298,,,,
1097,0,patch_15_22,3840,4096,5632,5888,65536,NDVI,-0.81640625,18247,5711.0,-0.0010259220710245,65487.0,0.015619155360663
1098,0,patch_15_23,3840,4096,5888,6144,65536,MSAVI,-0.28515625,31964,,,,
1099,0,patch_15_23,3840,4096,5888,6144,65536,NDVI,-0.83984375,19096,7023.0,0.003832945586307,19307.0,0.0169973277591989
1100,0,patch_15_24,3840,4096,6144,6400,65536,MSAVI,-0.19140625,34305,,,,
1101,0,patch_15_24,3840,4096,6144,6400,65536,NDVI,-0.72265625,21893,15843.0,0.0095880850748572,20653.0,0.0210203995033399
1102,0,patch_15_25,3840,4096,6400,6656,65536,MSAVI,-0.26953125,40748,,,,
1103,0,patch_15_25,3840,4096,6400,6656,65536,NDVI,-0.80078125,13429,12526.0,0.0201984021288517,13511.0,0.026630597176453
1104,0,patch_15_26,3840,4096,6656,6912,65536,MSAVI,-0.12109375,33761,,,,
1105,0,patch_15_26,3840,4096,6656,6912,65536,NDVI,-0.76953125,26141,24624.0,0.0307146368332206,65536.0,0.0281560961120259
1106,0,patch_15_27,3840,4096,6912,7168,65536,MSAVI,0.09765625,30411,,,,
1107,0,patch_15_27,3840,4096,6912,7168,65536,NDVI,-0.73828125,33065,4704.0,-0.0024775227719897,17267.0,0.008993742393994
1108,0,patch_15_28,3840,4096,7168,7424,65536,MSAVI,-0.14453125,32879,,,,
1109,0,patch_15_28,3840,4096,7168,7424,65536,NDVI,-0.77734375,16849,16338.0,0.0067210198959534,24746.0,0.0181362795764818
1110,0,patch_15_29,3840,4096,7424,7680,65536,MSAVI,-0.26171875,32622,,,,
1111,0,patch_15_29,3840,4096,7424,7680,65536,NDVI,-0.77734375,15488,6232.0,0.0015739317776433,14883.0,0.0111492747093218
1112,0,patch_15_30,3840,4096,7680,7936,65536,MSAVI,-0.08203125,31418,,,,
1113,0,patch_15_30,3840,4096,7680,7936,65536,NDVI,-0.72265625,16970,12597.0,0.001387534426768,20739.0,0.0140646473086099
1114,0,patch_15_31,3840,4096,7936,8192,65536,MSAVI,-0.03515625,33321,,,,
1115,0,patch_15_31,3840,4096,7936,8192,65536,NDVI,-0.69921875,18392,11793.0,0.0061393424213566,16774.0,0.0150064431481822
1116,0,patch_15_32,3840,4096,8192,8448,65536,MSAVI,-0.23046875,33164,,,,
1117,0,patch_15_32,3840,4096,8192,8448,65536,NDVI,-0.74609375,13219,8839.0,0.003324767651004,14285.0,0.0117046360421126
1118,0,patch_15_33,3840,4096,8448,8704,65536,MSAVI,-0.16015625,36530,,,,
1119,0,patch_15_33,3840,4096,8448,8704,65536,NDVI,-0.70703125,15824,15036.0,0.0142551614961831,16508.0,0.0224440460792474
1120,0,patch_15_34,3840,4096,8704,8960,65536,MSAVI,-0.16796875,34733,,,,
1121,0,patch_15_34,3840,4096,8704,8960,65536,NDVI,-0.69140625,21486,10013.0,0.0079497910369192,14375.0,0.016997814748025
1122,0,patch_15_35,3840,4096,8960,9216,65536,MSAVI,-0.26171875,41728,,,,
1123,0,patch_15_35,3840,4096,8960,9216,65536,NDVI,-0.69921875,14379,6205.0,0.0163072166902864,7467.0,0.0262308543990446
1124,0,patch_15_36,3840,4096,9216,9472,65536,MSAVI,-0.33203125,44004,,,,
1125,0,patch_15_36,3840,4096,9216,9472,65536,NDVI,-0.70703125,8997,7843.0,0.0228297903853112,8368.0,0.0292710843841869
1126,0,patch_15_37,3840,4096,9472,9728,65536,MSAVI,-0.28515625,45784,,,,
1127,0,patch_15_37,3840,4096,9472,9728,65536,NDVI,-0.67578125,19267,11593.0,0.0248673232222014,11628.0,0.0316147205691329
1128,0,patch_16_0,4096,4352,0,256,65536,MSAVI,-0.14453125,36096,,,,
1129,0,patch_16_0,4096,4352,0,256,65536,NDVI,-0.70703125,28214,10689.0,0.0100926781210839,11654.0,0.0154271542322328
1130,0,patch_16_1,4096,4352,256,512,65536,MSAVI,-0.09765625,36440,,,,
1131,0,patch_16_1,4096,4352,256,512,65536,NDVI,-0.66015625,29087,6887.0,0.0071897260995259,10419.0,0.015207191580557
1132,0,patch_16_2,4096,4352,512,768,65536,MSAVI,-0.08984375,36920,,,,
1133,0,patch_16_2,4096,4352,512,768,65536,NDVI,-0.81640625,28207,9732.0,0.0093145143601903,13807.0,0.0164844419519807
1134,0,patch_16_3,4096,4352,768,1024,65536,MSAVI,-0.08203125,37677,,,,
1135,0,patch_16_3,4096,4352,768,1024,65536,NDVI,-0.76171875,27858,11914.0,0.0107239023538956,16421.0,0.0189765270600397
1136,0,patch_16_4,4096,4352,1024,1280,65536,MSAVI,-0.26171875,34534,,,,
1137,0,patch_16_4,4096,4352,1024,1280,65536,NDVI,-0.74609375,23970,13822.0,0.0077740367534959,18863.0,0.0164899885722844
1138,0,patch_16_5,4096,4352,1280,1536,65536,MSAVI,-0.30859375,35127,,,,
1139,0,patch_16_5,4096,4352,1280,1536,65536,NDVI,-0.77734375,14084,8343.0,0.0084157201773416,12769.0,0.0149069229279044
1140,0,patch_16_6,4096,4352,1536,1792,65536,MSAVI,-0.15234375,32558,,,,
1141,0,patch_16_6,4096,4352,1536,1792,65536,NDVI,-0.69140625,13012,12568.0,0.0028507055402698,19843.0,0.0143927979250837
1142,0,patch_16_7,4096,4352,1792,2048,65536,MSAVI,-0.24609375,32390,,,,
1143,0,patch_16_7,4096,4352,1792,2048,65536,NDVI,-0.76171875,16202,11082.0,0.0033837747010999,18460.0,0.0135081827365487
1144,0,patch_16_8,4096,4352,2048,2304,65536,MSAVI,-0.23828125,31679,,,,
1145,0,patch_16_8,4096,4352,2048,2304,65536,NDVI,-0.80078125,19221,7561.0,0.0016898275304322,15772.0,0.0116944152331874
1146,0,patch_16_9,4096,4352,2304,2560,65536,MSAVI,-0.29296875,31099,,,,
1147,0,patch_16_9,4096,4352,2304,2560,65536,NDVI,-0.81640625,29725,8980.0,0.0011154923161624,18313.0,0.0106488445600463
1148,0,patch_16_10,4096,4352,2560,2816,65536,MSAVI,-0.19140625,31479,,,,
1149,0,patch_16_10,4096,4352,2560,2816,65536,NDVI,-0.77734375,21408,14978.0,0.0040517315316344,22778.0,0.015857181595685
1150,0,patch_16_11,4096,4352,2816,3072,65536,MSAVI,-0.25390625,33426,,,,
1151,0,patch_16_11,4096,4352,2816,3072,65536,NDVI,-0.67578125,9024,11467.0,0.0057856181893501,16688.0,0.0155565846024278
1152,0,patch_16_12,4096,4352,3072,3328,65536,MSAVI,-0.27734375,34274,,,,
1153,0,patch_16_12,4096,4352,3072,3328,65536,NDVI,-0.66796875,7899,8946.0,0.0054679558257217,14140.0,0.0132786638808087
1154,0,patch_16_13,4096,4352,3328,3584,65536,MSAVI,-0.15234375,31105,,,,
1155,0,patch_16_13,4096,4352,3328,3584,65536,NDVI,-0.68359375,12771,14274.0,0.0024188591928001,24379.0,0.0155275694655445
1156,0,patch_16_14,4096,4352,3584,3840,65536,MSAVI,-0.41015625,40391,,,,
1157,0,patch_16_14,4096,4352,3584,3840,65536,NDVI,-0.61328125,3514,10226.0,0.0176686713560944,11807.0,0.024783162990266
1158,0,patch_16_15,4096,4352,3840,4096,65536,MSAVI,-0.29296875,39756,,,,
1159,0,patch_16_15,4096,4352,3840,4096,65536,NDVI,-0.69921875,8382,10040.0,0.0150389226546146,12109.0,0.0252093375543852
1160,0,patch_16_16,4096,4352,4096,4352,65536,MSAVI,-0.20703125,30276,,,,
1161,0,patch_16_16,4096,4352,4096,4352,65536,NDVI,-0.76953125,21854,9031.0,-0.0015270607156843,24211.0,0.0142591283839057
1162,0,patch_16_17,4096,4352,4352,4608,65536,MSAVI,-0.15234375,35670,,,,
1163,0,patch_16_17,4096,4352,4352,4608,65536,NDVI,-0.99609375,29866,19968.0,0.0134767452435556,21673.0,0.0214175654510364
1164,0,patch_16_18,4096,4352,4608,4864,65536,MSAVI,-0.21484375,34888,,,,
1165,0,patch_16_18,4096,4352,4608,4864,65536,NDVI,-0.75390625,30291,10700.0,0.0066645444984334,17289.0,0.0171218627951576
1166,0,patch_16_19,4096,4352,4864,5120,65536,MSAVI,-0.23046875,33859,,,,
1167,0,patch_16_19,4096,4352,4864,5120,65536,NDVI,-0.75390625,26315,11182.0,0.0073387825157106,16249.0,0.0135597534582006
1168,0,patch_16_20,4096,4352,5120,5376,65536,MSAVI,-0.36328125,31532,,,,
1169,0,patch_16_20,4096,4352,5120,5376,65536,NDVI,-0.83203125,16631,13899.0,0.0036051413739336,23270.0,0.0139932935213271
1170,0,patch_16_21,4096,4352,5376,5632,65536,MSAVI,-0.34765625,30343,,,,
1171,0,patch_16_21,4096,4352,5376,5632,65536,NDVI,-0.82421875,19285,8189.0,-0.0009582992585389,21451.0,0.0136490027324981
1172,0,patch_16_22,4096,4352,5632,5888,65536,MSAVI,-0.40234375,29572,,,,
1173,0,patch_16_22,4096,4352,5632,5888,65536,NDVI,-0.80859375,15564,14200.0,0.0023423927967545,25340.0,0.0197691020035977
1174,0,patch_16_23,4096,4352,5888,6144,65536,MSAVI,-0.48828125,33031,,,,
1175,0,patch_16_23,4096,4352,5888,6144,65536,NDVI,-0.87109375,17269,13739.0,0.0063266035587338,20908.0,0.0166488240408072
1176,0,patch_16_24,4096,4352,6144,6400,65536,MSAVI,-0.51953125,45377,,,,
1177,0,patch_16_24,4096,4352,6144,6400,65536,NDVI,-0.50390625,2179,9697.0,0.0246039227865907,10377.0,0.0311910091439742
1178,0,patch_16_25,4096,4352,6400,6656,65536,MSAVI,-0.27734375,46527,,,,
1179,0,patch_16_25,4096,4352,6400,6656,65536,NDVI,-0.69140625,11456,10141.0,0.0256045016424004,10452.0,0.0318972850998416
1180,0,patch_16_26,4096,4352,6656,6912,65536,MSAVI,-0.23828125,31033,,,,
1181,0,patch_16_26,4096,4352,6656,6912,65536,NDVI,-0.79296875,30220,25290.0,0.0238225282653251,65536.0,0.0231302136616921
1182,0,patch_16_27,4096,4352,6912,7168,65536,MSAVI,-0.03515625,31819,,,,
1183,0,patch_16_27,4096,4352,6912,7168,65536,NDVI,-0.99609375,33717,7207.0,0.0010998641548126,15351.0,0.0112386986071987
1184,0,patch_16_28,4096,4352,7168,7424,65536,MSAVI,-0.12890625,29653,,,,
1185,0,patch_16_28,4096,4352,7168,7424,65536,NDVI,-0.76953125,23816,8475.0,-0.0012714471164115,19264.0,0.0108781572686901
1186,0,patch_16_29,4096,4352,7424,7680,65536,MSAVI,-0.18359375,31975,,,,
1187,0,patch_16_29,4096,4352,7424,7680,65536,NDVI,-0.74609375,18236,13312.0,0.0033873846000076,22431.0,0.0169051284246535
1188,0,patch_16_30,4096,4352,7680,7936,65536,MSAVI,-0.24609375,28544,,,,
1189,0,patch_16_30,4096,4352,7680,7936,65536,NDVI,-0.79296875,17587,5933.0,-0.0047994626775259,28408.0,0.0156171873791861
1190,0,patch_16_31,4096,4352,7936,8192,65536,MSAVI,-0.27734375,34901,,,,
1191,0,patch_16_31,4096,4352,7936,8192,65536,NDVI,-0.77734375,14869,21114.0,0.0179709594320936,22358.0,0.0224622102299249
1192,0,patch_16_32,4096,4352,8192,8448,65536,MSAVI,-0.20703125,35801,,,,
1193,0,patch_16_32,4096,4352,8192,8448,65536,NDVI,-0.70703125,10247,10626.0,0.0097703356068397,13462.0,0.0158438350875595
1194,0,patch_16_33,4096,4352,8448,8704,65536,MSAVI,-0.19921875,37694,,,,
1195,0,patch_16_33,4096,4352,8448,8704,65536,NDVI,-0.69921875,11205,12794.0,0.0146175647168972,14325.0,0.0191576254938472
1196,0,patch_16_34,4096,4352,8704,8960,65536,MSAVI,-0.30859375,34690,,,,
1197,0,patch_16_34,4096,4352,8704,8960,65536,NDVI,-0.79296875,12934,16017.0,0.0088823095708585,21015.0,0.0192640961984304
1198,0,patch_16_35,4096,4352,8960,9216,65536,MSAVI,-0.50390625,38228,,,,
1199,0,patch_16_35,4096,4352,8960,9216,65536,NDVI,-0.80859375,10515,13080.0,0.0150848346898656,15494.0,0.0231302888130865
1200,0,patch_16_36,4096,4352,9216,9472,65536,MSAVI,-0.35546875,40536,,,,
1201,0,patch_16_36,4096,4352,9216,9472,65536,NDVI,-0.76171875,12855,14234.0,0.026148605730602,65536.0,0.0270922500975343
1202,0,patch_16_37,4096,4352,9472,9728,65536,MSAVI,-0.30078125,51222,,,,
1203,0,patch_16_37,4096,4352,9472,9728,65536,NDVI,-0.66796875,8323,4401.0,0.0298857635323225,4523.0,0.0390348016591502
1204,0,patch_17_0,4352,4608,0,256,65536,MSAVI,-0.08984375,35100,,,,
1205,0,patch_17_0,4352,4608,0,256,65536,NDVI,-0.73828125,26554,9627.0,0.0073853730167529,12666.0,0.0139136947847736
1206,0,patch_17_1,4352,4608,256,512,65536,MSAVI,-0.05078125,35382,,,,
1207,0,patch_17_1,4352,4608,256,512,65536,NDVI,-0.70703125,27651,12282.0,0.0067018245101351,16466.0,0.0146689135380074
1208,0,patch_17_2,4352,4608,512,768,65536,MSAVI,-0.08984375,36580,,,,
1209,0,patch_17_2,4352,4608,512,768,65536,NDVI,-0.72265625,24772,12284.0,0.0100828595574109,15356.0,0.0174655490574167
1210,0,patch_17_3,4352,4608,768,1024,65536,MSAVI,-0.09765625,32058,,,,
1211,0,patch_17_3,4352,4608,768,1024,65536,NDVI,-0.74609375,33309,11132.0,0.0035131526267951,18758.0,0.0128747812263775
1212,0,patch_17_4,4352,4608,1024,1280,65536,MSAVI,-0.16796875,30959,,,,
1213,0,patch_17_4,4352,4608,1024,1280,65536,NDVI,-0.76953125,26610,10137.0,0.0015858174659438,19682.0,0.0132865795559003
1214,0,patch_17_5,4352,4608,1280,1536,65536,MSAVI,-0.16796875,34958,,,,
1215,0,patch_17_5,4352,4608,1280,1536,65536,NDVI,-0.76953125,15849,9158.0,0.0071301139546412,13889.0,0.0162293770467867
1216,0,patch_17_6,4352,4608,1536,1792,65536,MSAVI,-0.34765625,34388,,,,
1217,0,patch_17_6,4352,4608,1536,1792,65536,NDVI,-0.80859375,12767,14706.0,0.0084106459453715,18972.0,0.0181038867872749
1218,0,patch_17_7,4352,4608,1792,2048,65536,MSAVI,-0.18359375,33646,,,,
1219,0,patch_17_7,4352,4608,1792,2048,65536,NDVI,-0.76171875,11838,11448.0,0.0045229105504255,18834.0,0.0149732750265242
1220,0,patch_17_8,4352,4608,2048,2304,65536,MSAVI,-0.29296875,35500,,,,
1221,0,patch_17_8,4352,4608,2048,2304,65536,NDVI,-0.76953125,11816,10080.0,0.0070465817188294,15575.0,0.0166666923540856
1222,0,patch_17_9,4352,4608,2304,2560,65536,MSAVI,-0.29296875,34219,,,,
1223,0,patch_17_9,4352,4608,2304,2560,65536,NDVI,-0.80859375,16687,10970.0,0.0074640927302003,17499.0,0.0165451614435674
1224,0,patch_17_10,4352,4608,2560,2816,65536,MSAVI,-0.31640625,37015,,,,
1225,0,patch_17_10,4352,4608,2560,2816,65536,NDVI,-0.77734375,16555,9980.0,0.0095423299044234,13293.0,0.0197533088439884
1226,0,patch_17_11,4352,4608,2816,3072,65536,MSAVI,-0.28515625,40664,,,,
1227,0,patch_17_11,4352,4608,2816,3072,65536,NDVI,-0.76953125,9506,10761.0,0.0165674035771823,12217.0,0.0253911503712927
1228,0,patch_17_12,4352,4608,3072,3328,65536,MSAVI,-0.37109375,38488,,,,
1229,0,patch_17_12,4352,4608,3072,3328,65536,NDVI,-0.77734375,7905,7152.0,0.0113949887788546,9703.0,0.0171719110969536
1230,0,patch_17_13,4352,4608,3328,3584,65536,MSAVI,-0.29296875,41133,,,,
1231,0,patch_17_13,4352,4608,3328,3584,65536,NDVI,-0.70703125,7362,7531.0,0.0145571466061626,9561.0,0.0234789459348159
1232,0,patch_17_14,4352,4608,3584,3840,65536,MSAVI,-0.26171875,35225,,,,
1233,0,patch_17_14,4352,4608,3584,3840,65536,NDVI,-0.69921875,9815,14858.0,0.00900279598567,19339.0,0.0167912424026521
1234,0,patch_17_15,4352,4608,3840,4096,65536,MSAVI,-0.28515625,33836,,,,
1235,0,patch_17_15,4352,4608,3840,4096,65536,NDVI,-0.75390625,13702,16208.0,0.0074318986416554,20382.0,0.0178819081643147
1236,0,patch_17_16,4352,4608,4096,4352,65536,MSAVI,-0.02734375,36654,,,,
1237,0,patch_17_16,4352,4608,4096,4352,65536,NDVI,-0.70703125,16740,9219.0,0.0094511924450761,10676.0,0.0153903182847581
1238,0,patch_17_17,4352,4608,4352,4608,65536,MSAVI,-0.23828125,33432,,,,
1239,0,patch_17_17,4352,4608,4352,4608,65536,NDVI,-0.80859375,31993,13586.0,0.0068527349790913,19538.0,0.01731378189691
1240,0,patch_17_18,4352,4608,4608,4864,65536,MSAVI,-0.34765625,39450,,,,
1241,0,patch_17_18,4352,4608,4608,4864,65536,NDVI,-0.79296875,21810,12389.0,0.0181923755221555,13084.0,0.0254488940713491
1242,0,patch_17_19,4352,4608,4864,5120,65536,MSAVI,-0.32421875,33150,,,,
1243,0,patch_17_19,4352,4608,4864,5120,65536,NDVI,-0.76953125,18474,11315.0,0.0051276321539628,65395.0,0.0149988957055407
1244,0,patch_17_20,4352,4608,5120,5376,65536,MSAVI,-0.32421875,34833,,,,
1245,0,patch_17_20,4352,4608,5120,5376,65536,NDVI,-0.76953125,9420,11054.0,0.007511339376493,65536.0,0.0161982148461689
1246,0,patch_17_21,4352,4608,5376,5632,65536,MSAVI,-0.33203125,33396,,,,
1247,0,patch_17_21,4352,4608,5376,5632,65536,NDVI,-0.74609375,6831,12997.0,0.0058226771094099,19897.0,0.0154215205050069
1248,0,patch_17_22,4352,4608,5632,5888,65536,MSAVI,-0.27734375,33148,,,,
1249,0,patch_17_22,4352,4608,5632,5888,65536,NDVI,-0.73046875,16731,16155.0,0.0074667195620004,22884.0,0.0199689574630264
1250,0,patch_17_23,4352,4608,5888,6144,65536,MSAVI,-0.22265625,31020,,,,
1251,0,patch_17_23,4352,4608,5888,6144,65536,NDVI,-0.76953125,14181,12966.0,0.0029897612149385,65438.0,0.0145411914899252
1252,0,patch_17_24,4352,4608,6144,6400,65536,MSAVI,-0.41015625,35057,,,,
1253,0,patch_17_24,4352,4608,6144,6400,65536,NDVI,-0.84765625,10901,12703.0,0.0069347380104865,17221.0,0.017629465137015
1254,0,patch_17_25,4352,4608,6400,6656,65536,MSAVI,-0.37109375,38703,,,,
1255,0,patch_17_25,4352,4608,6400,6656,65536,NDVI,-0.81640625,13036,20418.0,0.0261353268576463,65536.0,0.0259747868598068
1256,0,patch_17_26,4352,4608,6656,6912,65536,MSAVI,-0.12890625,31638,,,,
1257,0,patch_17_26,4352,4608,6656,6912,65536,NDVI,-0.76171875,32568,23591.0,0.0203653414617211,65536.0,0.0211609778192491
1258,0,patch_17_27,4352,4608,6912,7168,65536,MSAVI,-0.19140625,34706,,,,
1259,0,patch_17_27,4352,4608,6912,7168,65536,NDVI,-0.80078125,28089,12858.0,0.0085774214601985,16865.0,0.0158638740693876
1260,0,patch_17_28,4352,4608,7168,7424,65536,MSAVI,-0.17578125,32461,,,,
1261,0,patch_17_28,4352,4608,7168,7424,65536,NDVI,-0.76953125,22942,8062.0,0.0010833367657722,17301.0,0.0120727553123572
1262,0,patch_17_29,4352,4608,7424,7680,65536,MSAVI,-0.20703125,31967,,,,
1263,0,patch_17_29,4352,4608,7424,7680,65536,NDVI,-0.74609375,21048,8370.0,0.0037872106847143,16166.0,0.0113352161997109
1264,0,patch_17_30,4352,4608,7680,7936,65536,MSAVI,-0.33203125,32203,,,,
1265,0,patch_17_30,4352,4608,7680,7936,65536,NDVI,-0.81640625,24688,14009.0,0.0026181906621815,21648.0,0.0131570860519295
1266,0,patch_17_31,4352,4608,7936,8192,65536,MSAVI,-0.18359375,31853,,,,
1267,0,patch_17_31,4352,4608,7936,8192,65536,NDVI,-0.73046875,14916,21714.0,0.0101826627255005,65507.0,0.0214153864611776
1268,0,patch_17_32,4352,4608,8192,8448,65536,MSAVI,-0.17578125,33334,,,,
1269,0,patch_17_32,4352,4608,8192,8448,65536,NDVI,-0.76953125,15830,15271.0,0.0073773903430557,22206.0,0.0181682100230204
1270,0,patch_17_33,4352,4608,8448,8704,65536,MSAVI,-0.38671875,37653,,,,
1271,0,patch_17_33,4352,4608,8448,8704,65536,NDVI,-0.71484375,6030,10277.0,0.0129048931091926,12618.0,0.0209149566677293
1272,0,patch_17_34,4352,4608,8704,8960,65536,MSAVI,-0.43359375,34979,,,,
1273,0,patch_17_34,4352,4608,8704,8960,65536,NDVI,-0.82421875,12001,16109.0,0.009155743498733,20284.0,0.0210382859579723
1274,0,patch_17_35,4352,4608,8960,9216,65536,MSAVI,-0.26171875,34903,,,,
1275,0,patch_17_35,4352,4608,8960,9216,65536,NDVI,-0.74609375,11778,15028.0,0.0097615756182427,18591.0,0.0196636812874474
1276,0,patch_17_36,4352,4608,9216,9472,65536,MSAVI,-0.48046875,47947,,,,
1277,0,patch_17_36,4352,4608,9216,9472,65536,NDVI,-0.72265625,5684,10506.0,0.02678045944264,65536.0,0.0309000151003951
1278,0,patch_17_37,4352,4608,9472,9728,65536,MSAVI,-0.26953125,46579,,,,
1279,0,patch_17_37,4352,4608,9472,9728,65536,NDVI,-0.80078125,10890,9765.0,0.0245781223551145,9898.0,0.034040138678923
1280,0,patch_18_0,4608,4864,0,256,65536,MSAVI,-0.14453125,39741,,,,
1281,0,patch_18_0,4608,4864,0,256,65536,NDVI,-0.76171875,25502,7580.0,0.0125741169584392,8910.0,0.0187503400779279
1282,0,patch_18_1,4608,4864,256,512,65536,MSAVI,0.01171875,33902,,,,
1283,0,patch_18_1,4608,4864,256,512,65536,NDVI,-0.73046875,25141,11640.0,0.0062490767485892,16489.0,0.0145996251617273
1284,0,patch_18_2,4608,4864,512,768,65536,MSAVI,-0.00390625,36764,,,,
1285,0,patch_18_2,4608,4864,512,768,65536,NDVI,-0.76953125,28169,9344.0,0.0068152919239069,12797.0,0.0155943089492445
1286,0,patch_18_3,4608,4864,768,1024,65536,MSAVI,-0.16015625,36140,,,,
1287,0,patch_18_3,4608,4864,768,1024,65536,NDVI,-0.73046875,27030,9415.0,0.0090392138278698,13718.0,0.0168546085416301
1288,0,patch_18_4,4608,4864,1024,1280,65536,MSAVI,-0.15234375,35217,,,,
1289,0,patch_18_4,4608,4864,1024,1280,65536,NDVI,-0.74609375,21298,9448.0,0.0063788577093005,14074.0,0.0152333857190683
1290,0,patch_18_5,4608,4864,1280,1536,65536,MSAVI,-0.35546875,37961,,,,
1291,0,patch_18_5,4608,4864,1280,1536,65536,NDVI,-0.80078125,15557,8227.0,0.010910974779793,11450.0,0.0198653833121361
1292,0,patch_18_6,4608,4864,1536,1792,65536,MSAVI,-0.32421875,35518,,,,
1293,0,patch_18_6,4608,4864,1536,1792,65536,NDVI,-0.78515625,12563,11538.0,0.0077625295460504,14785.0,0.0164804760874598
1294,0,patch_18_7,4608,4864,1792,2048,65536,MSAVI,-0.39453125,36979,,,,
1295,0,patch_18_7,4608,4864,1792,2048,65536,NDVI,-0.82421875,9701,9404.0,0.0095885631769448,12388.0,0.0173850191909741
1296,0,patch_18_8,4608,4864,2048,2304,65536,MSAVI,-0.13671875,34733,,,,
1297,0,patch_18_8,4608,4864,2048,2304,65536,NDVI,-0.66796875,11350,9322.0,0.0076205803697752,11916.0,0.0140333475422245
1298,0,patch_18_9,4608,4864,2304,2560,65536,MSAVI,-0.16796875,34674,,,,
1299,0,patch_18_9,4608,4864,2304,2560,65536,NDVI,-0.71484375,15627,15675.0,0.0105909632365805,16998.0,0.0164365977835256
1300,0,patch_18_10,4608,4864,2560,2816,65536,MSAVI,-0.23046875,34965,,,,
1301,0,patch_18_10,4608,4864,2560,2816,65536,NDVI,-0.76171875,16782,14695.0,0.0095301830873592,18246.0,0.0198834312158787
1302,0,patch_18_11,4608,4864,2816,3072,65536,MSAVI,-0.14453125,36904,,,,
1303,0,patch_18_11,4608,4864,2816,3072,65536,NDVI,-0.73046875,11700,8859.0,0.0094307311698428,12220.0,0.016880586277995
1304,0,patch_18_12,4608,4864,3072,3328,65536,MSAVI,-0.24609375,36435,,,,
1305,0,patch_18_12,4608,4864,3072,3328,65536,NDVI,-0.75390625,16565,10913.0,0.0093715562379332,16213.0,0.0192699121163573
1306,0,patch_18_13,4608,4864,3328,3584,65536,MSAVI,-0.32421875,44359,,,,
1307,0,patch_18_13,4608,4864,3328,3584,65536,NDVI,-0.73046875,10083,6267.0,0.0199484050828455,7425.0,0.0256741055429856
1308,0,patch_18_14,4608,4864,3584,3840,65536,MSAVI,-0.44921875,36479,,,,
1309,0,patch_18_14,4608,4864,3584,3840,65536,NDVI,-0.83203125,20457,14047.0,0.011966680527166,16011.0,0.0200060136058712
1310,0,patch_18_15,4608,4864,3840,4096,65536,MSAVI,-0.37109375,35445,,,,
1311,0,patch_18_15,4608,4864,3840,4096,65536,NDVI,-0.76953125,17412,13947.0,0.0090607487537757,17514.0,0.0184275701161525
1312,0,patch_18_16,4608,4864,4096,4352,65536,MSAVI,-0.25390625,39539,,,,
1313,0,patch_18_16,4608,4864,4096,4352,65536,NDVI,-0.73828125,18618,10583.0,0.0154563318016471,11377.0,0.019907613327917
1314,0,patch_18_17,4608,4864,4352,4608,65536,MSAVI,-0.33984375,40871,,,,
1315,0,patch_18_17,4608,4864,4352,4608,65536,NDVI,-0.73828125,24420,9904.0,0.01498992381126,12427.0,0.0237556354304958
1316,0,patch_18_18,4608,4864,4608,4864,65536,MSAVI,-0.25390625,35731,,,,
1317,0,patch_18_18,4608,4864,4608,4864,65536,NDVI,-0.74609375,29804,20462.0,0.0183152226611406,22405.0,0.0267657457948786
1318,0,patch_18_19,4608,4864,4864,5120,65536,MSAVI,-0.23828125,31068,,,,
1319,0,patch_18_19,4608,4864,4864,5120,65536,NDVI,-0.77734375,28618,14918.0,0.0028605881240605,23823.0,0.0165097056467318
1320,0,patch_18_20,4608,4864,5120,5376,65536,MSAVI,-0.18359375,38559,,,,
1321,0,patch_18_20,4608,4864,5120,5376,65536,NDVI,-0.72265625,12131,9357.0,0.0114715236654454,12298.0,0.0198733437161212
1322,0,patch_18_21,4608,4864,5376,5632,65536,MSAVI,-0.29296875,33419,,,,
1323,0,patch_18_21,4608,4864,5376,5632,65536,NDVI,-0.78515625,13962,5727.0,0.0040222307307379,12625.0,0.0139668423188053
1324,0,patch_18_22,4608,4864,5632,5888,65536,MSAVI,-0.40234375,33904,,,,
1325,0,patch_18_22,4608,4864,5632,5888,65536,NDVI,-0.78515625,14850,18201.0,0.0135409391507315,19712.0,0.0199657303462063
1326,0,patch_18_23,4608,4864,5888,6144,65536,MSAVI,-0.26171875,30288,,,,
1327,0,patch_18_23,4608,4864,5888,6144,65536,NDVI,-0.73828125,17819,6940.0,-0.00095659726318,24601.0,0.0189861714422139
1328,0,patch_18_24,4608,4864,6144,6400,65536,MSAVI,-0.28515625,41023,,,,
1329,0,patch_18_24,4608,4864,6144,6400,65536,NDVI,-0.69921875,12545,17514.0,0.0236597807376968,18022.0,0.0312094138723485
1330,0,patch_18_25,4608,4864,6400,6656,65536,MSAVI,-0.33984375,32228,,,,
1331,0,patch_18_25,4608,4864,6400,6656,65536,NDVI,-0.80078125,19046,28274.0,0.0266311246999035,65536.0,0.0246596204470378
1332,0,patch_18_26,4608,4864,6656,6912,65536,MSAVI,-0.23828125,32171,,,,
1333,0,patch_18_26,4608,4864,6656,6912,65536,NDVI,-0.80859375,32405,12084.0,0.0041256604228316,18327.0,0.0119820921169405
1334,0,patch_18_27,4608,4864,6912,7168,65536,MSAVI,-0.08203125,28117,,,,
1335,0,patch_18_27,4608,4864,6912,7168,65536,NDVI,-0.76171875,20542,5706.0,-0.0044938481263765,21121.0,0.0069078044386588
1336,0,patch_18_28,4608,4864,7168,7424,65536,MSAVI,-0.27734375,31668,,,,
1337,0,patch_18_28,4608,4864,7168,7424,65536,NDVI,-0.76953125,16088,10752.0,0.0006969294646079,18757.0,0.0104690408408174
1338,0,patch_18_29,4608,4864,7424,7680,65536,MSAVI,-0.08203125,31072,,,,
1339,0,patch_18_29,4608,4864,7424,7680,65536,NDVI,-0.73046875,13620,10475.0,0.0003391459987443,18699.0,0.0109136951312002
1340,0,patch_18_30,4608,4864,7680,7936,65536,MSAVI,-0.36328125,34908,,,,
1341,0,patch_18_30,4608,4864,7680,7936,65536,NDVI,-0.82421875,12963,14418.0,0.0095958454077454,16920.0,0.0166227341695953
1342,0,patch_18_31,4608,4864,7936,8192,65536,MSAVI,-0.29296875,36309,,,,
1343,0,patch_18_31,4608,4864,7936,8192,65536,NDVI,-0.76953125,10697,18831.0,0.014344844536256,20985.0,0.0252993002471783
1344,0,patch_18_32,4608,4864,8192,8448,65536,MSAVI,-0.19921875,33765,,,,
1345,0,patch_18_32,4608,4864,8192,8448,65536,NDVI,-0.78515625,24368,14365.0,0.0053814446301279,19742.0,0.0165065333544846
1346,0,patch_18_33,4608,4864,8448,8704,65536,MSAVI,-0.26953125,34124,,,,
1347,0,patch_18_33,4608,4864,8448,8704,65536,NDVI,-0.63671875,8293,13737.0,0.0058151761010454,18615.0,0.015089131726646
1348,0,patch_18_34,4608,4864,8704,8960,65536,MSAVI,-0.30078125,36448,,,,
1349,0,patch_18_34,4608,4864,8704,8960,65536,NDVI,-0.65234375,6753,12841.0,0.0108606918858132,15158.0,0.0181774597062586
1350,0,patch_18_35,4608,4864,8960,9216,65536,MSAVI,-0.25390625,33679,,,,
1351,0,patch_18_35,4608,4864,8960,9216,65536,NDVI,-0.80859375,21466,15875.0,0.0121068116969142,19823.0,0.0204432288167825
1352,0,patch_18_36,4608,4864,9216,9472,65536,MSAVI,-0.05078125,44204,,,,
1353,0,patch_18_36,4608,4864,9216,9472,65536,NDVI,-0.77734375,9115,9328.0,0.0228846353998177,9771.0,0.0307353545171172
1354,0,patch_18_37,4608,4864,9472,9728,65536,MSAVI,-0.19921875,41988,,,,
1355,0,patch_18_37,4608,4864,9472,9728,65536,NDVI,-0.65234375,10810,13685.0,0.0261961971593827,13447.0,0.0303000686620192
1356,0,patch_19_0,4864,5120,0,256,65536,MSAVI,-0.23828125,41803,,,,
1357,0,patch_19_0,4864,5120,0,256,65536,NDVI,-0.72265625,23380,8691.0,0.0164469494890885,8798.0,0.0250349555308054
1358,0,patch_19_1,4864,5120,256,512,65536,MSAVI,-0.30859375,40633,,,,
1359,0,patch_19_1,4864,5120,256,512,65536,NDVI,-0.75390625,24903,9024.0,0.0170968446367292,10284.0,0.0253815045741788
1360,0,patch_19_2,4864,5120,512,768,65536,MSAVI,-0.19140625,39211,,,,
1361,0,patch_19_2,4864,5120,512,768,65536,NDVI,-0.99609375,26325,7337.0,0.0113769193263724,9431.0,0.0209043873985511
1362,0,patch_19_3,4864,5120,768,1024,65536,MSAVI,-0.23046875,41421,,,,
1363,0,patch_19_3,4864,5120,768,1024,65536,NDVI,-0.69921875,24110,8620.0,0.0152146042030317,9784.0,0.0224635036759572
1364,0,patch_19_4,4864,5120,1024,1280,65536,MSAVI,-0.21484375,34473,,,,
1365,0,patch_19_4,4864,5120,1024,1280,65536,NDVI,-0.77734375,20936,9524.0,0.0059954698079316,14157.0,0.012833580203768
1366,0,patch_19_5,4864,5120,1280,1536,65536,MSAVI,-0.17578125,36000,,,,
1367,0,patch_19_5,4864,5120,1280,1536,65536,NDVI,-0.73828125,13304,7912.0,0.0091933234034583,12452.0,0.016730197097257
1368,0,patch_19_6,4864,5120,1536,1792,65536,MSAVI,-0.39453125,37000,,,,
1369,0,patch_19_6,4864,5120,1536,1792,65536,NDVI,-0.79296875,10666,10365.0,0.0100618572866206,13374.0,0.0196890000090463
1370,0,patch_19_7,4864,5120,1792,2048,65536,MSAVI,-0.34765625,38565,,,,
1371,0,patch_19_7,4864,5120,1792,2048,65536,NDVI,-0.51171875,1503,10887.0,0.0154753830254201,12530.0,0.0215245035515141
1372,0,patch_19_8,4864,5120,2048,2304,65536,MSAVI,-0.41015625,37523,,,,
1373,0,patch_19_8,4864,5120,2048,2304,65536,NDVI,-0.66796875,3885,6965.0,0.0088102490026138,10602.0,0.0171165637454743
1374,0,patch_19_9,4864,5120,2304,2560,65536,MSAVI,-0.05859375,29940,,,,
1375,0,patch_19_9,4864,5120,2304,2560,65536,NDVI,-0.76171875,15143,6077.0,-5.493869158434972e-06,17616.0,0.0098421469849023
1376,0,patch_19_10,4864,5120,2560,2816,65536,MSAVI,-0.05859375,31334,,,,
1377,0,patch_19_10,4864,5120,2560,2816,65536,NDVI,-0.79296875,20343,11853.0,0.0025034631753465,19540.0,0.0122528708730505
1378,0,patch_19_11,4864,5120,2816,3072,65536,MSAVI,-0.20703125,35530,,,,
1379,0,patch_19_11,4864,5120,2816,3072,65536,NDVI,-0.76953125,14327,13033.0,0.0093806809435481,17407.0,0.0177410221200993
1380,0,patch_19_12,4864,5120,3072,3328,65536,MSAVI,-0.29296875,34536,,,,
1381,0,patch_19_12,4864,5120,3072,3328,65536,NDVI,-0.78515625,20469,12706.0,0.0072128550708331,17677.0,0.0173276574039689
1382,0,patch_19_13,4864,5120,3328,3584,65536,MSAVI,-0.38671875,38698,,,,
1383,0,patch_19_13,4864,5120,3328,3584,65536,NDVI,-0.77734375,13734,11462.0,0.0119767578154183,13360.0,0.0215593900220101
1384,0,patch_19_14,4864,5120,3584,3840,65536,MSAVI,-0.27734375,36944,,,,
1385,0,patch_19_14,4864,5120,3584,3840,65536,NDVI,-0.71484375,17714,11445.0,0.0097532676800418,15067.0,0.020027631314107
1386,0,patch_19_15,4864,5120,3840,4096,65536,MSAVI,-0.12109375,34911,,,,
1387,0,patch_19_15,4864,5120,3840,4096,65536,NDVI,-0.73828125,23645,12871.0,0.0075472133608555,18196.0,0.0179596979661575
1388,0,patch_19_16,4864,5120,4096,4352,65536,MSAVI,-0.14453125,35425,,,,
1389,0,patch_19_16,4864,5120,4096,4352,65536,NDVI,-0.70703125,14706,10137.0,0.0085732458140065,15746.0,0.0182864339340241
1390,0,patch_19_17,4864,5120,4352,4608,65536,MSAVI,-0.06640625,34474,,,,
1391,0,patch_19_17,4864,5120,4352,4608,65536,NDVI,-0.67578125,17078,12453.0,0.0071478305185186,17580.0,0.0178220044587651
1392,0,patch_19_18,4864,5120,4608,4864,65536,MSAVI,-0.17578125,38245,,,,
1393,0,patch_19_18,4864,5120,4608,4864,65536,NDVI,-0.77734375,27284,13756.0,0.0154283099959815,15608.0,0.0246329503168922
1394,0,patch_19_19,4864,5120,4864,5120,65536,MSAVI,-0.08984375,32347,,,,
1395,0,patch_19_19,4864,5120,4864,5120,65536,NDVI,-0.73828125,18752,22892.0,0.0142665199786264,65536.0,0.0205565734108887
1396,0,patch_19_20,4864,5120,5120,5376,65536,MSAVI,-0.15234375,29273,,,,
1397,0,patch_19_20,4864,5120,5120,5376,65536,NDVI,-0.70703125,14916,8323.0,-0.0015406433998482,19454.0,0.0091446888940656
1398,0,patch_19_21,4864,5120,5376,5632,65536,MSAVI,-0.12890625,30107,,,,
1399,0,patch_19_21,4864,5120,5376,5632,65536,NDVI,-0.70703125,15504,5024.0,-0.0007114991158654,65406.0,0.0092426631219304
1400,0,patch_19_22,4864,5120,5632,5888,65536,MSAVI,-0.30859375,31732,,,,
1401,0,patch_19_22,4864,5120,5632,5888,65536,NDVI,-0.81640625,17023,8445.0,0.0036035445940775,19532.0,0.0178727283699454
1402,0,patch_19_23,4864,5120,5888,6144,65536,MSAVI,-0.27734375,36428,,,,
1403,0,patch_19_23,4864,5120,5888,6144,65536,NDVI,-0.75390625,20000,14350.0,0.0149142551682716,16141.0,0.0226219621150231
1404,0,patch_19_24,4864,5120,6144,6400,65536,MSAVI,-0.08203125,44859,,,,
1405,0,patch_19_24,4864,5120,6144,6400,65536,NDVI,-0.70703125,14079,10996.0,0.025842408864786,11345.0,0.0345077075556325
1406,0,patch_19_25,4864,5120,6400,6656,65536,MSAVI,-0.23828125,28176,,,,
1407,0,patch_19_25,4864,5120,6400,6656,65536,NDVI,-0.79296875,37347,32352.0,0.0213310755230022,65536.0,0.0210564302804977
1408,0,patch_19_26,4864,5120,6656,6912,65536,MSAVI,-0.28515625,36665,,,,
1409,0,patch_19_26,4864,5120,6656,6912,65536,NDVI,-0.99609375,28871,9217.0,0.0084916303483843,12002.0,0.0149594110417914
1410,0,patch_19_27,4864,5120,6912,7168,65536,MSAVI,-0.33203125,43730,,,,
1411,0,patch_19_27,4864,5120,6912,7168,65536,NDVI,-0.76171875,8936,9836.0,0.0228283208207244,9870.0,0.0274574702466939
1412,0,patch_19_28,4864,5120,7168,7424,65536,MSAVI,-0.08984375,30827,,,,
1413,0,patch_19_28,4864,5120,7168,7424,65536,NDVI,-0.76953125,24127,9643.0,0.0002831853906951,17235.0,0.0093682999258247
1414,0,patch_19_29,4864,5120,7424,7680,65536,MSAVI,-0.13671875,30854,,,,
1415,0,patch_19_29,4864,5120,7424,7680,65536,NDVI,-0.72265625,17340,10628.0,0.0004613748763534,16489.0,0.0079756005560694
1416,0,patch_19_30,4864,5120,7680,7936,65536,MSAVI,-0.24609375,32385,,,,
1417,0,patch_19_30,4864,5120,7680,7936,65536,NDVI,-0.76171875,19604,18630.0,0.0061968321151846,23837.0,0.0159982450518623
1418,0,patch_19_31,4864,5120,7936,8192,65536,MSAVI,-0.25390625,33559,,,,
1419,0,patch_19_31,4864,5120,7936,8192,65536,NDVI,-0.76171875,22366,14705.0,0.008856929848714,19345.0,0.0173331089515974
1420,0,patch_19_32,4864,5120,8192,8448,65536,MSAVI,-0.23828125,32003,,,,
1421,0,patch_19_32,4864,5120,8192,8448,65536,NDVI,-0.77734375,18163,11191.0,0.0038931951811463,18852.0,0.0135424883143131
1422,0,patch_19_33,4864,5120,8448,8704,65536,MSAVI,-0.26953125,32800,,,,
1423,0,patch_19_33,4864,5120,8448,8704,65536,NDVI,-0.75390625,17675,21925.0,0.0093344589011356,25663.0,0.0173150543609653
1424,0,patch_19_34,4864,5120,8704,8960,65536,MSAVI,-0.36328125,34952,,,,
1425,0,patch_19_34,4864,5120,8704,8960,65536,NDVI,-0.79296875,11224,13696.0,0.0074904535794076,19033.0,0.0186888716860403
1426,0,patch_19_35,4864,5120,8960,9216,65536,MSAVI,-0.30078125,36340,,,,
1427,0,patch_19_35,4864,5120,8960,9216,65536,NDVI,-0.80859375,18511,9687.0,0.0095538763090202,14159.0,0.0194811662571895
1428,0,patch_19_36,4864,5120,9216,9472,65536,MSAVI,-0.13671875,31278,,,,
1429,0,patch_19_36,4864,5120,9216,9472,65536,NDVI,-0.80078125,15498,18286.0,0.0116964251692152,22640.0,0.0197101825271672
1430,0,patch_19_37,4864,5120,9472,9728,65536,MSAVI,-0.23828125,43637,,,,
1431,0,patch_19_37,4864,5120,9472,9728,65536,NDVI,-0.68359375,8234,12331.0,0.0274120830190053,13153.0,0.0364515751198998
1432,0,patch_20_0,5120,5376,0,256,65536,MSAVI,-0.23828125,41024,,,,
1433,0,patch_20_0,5120,5376,0,256,65536,NDVI,-0.67578125,24476,12207.0,0.0155484873421369,12426.0,0.0227771212025504
1434,0,patch_20_1,5120,5376,256,512,65536,MSAVI,-0.40234375,47923,,,,
1435,0,patch_20_1,5120,5376,256,512,65536,NDVI,-0.73828125,15282,5889.0,0.0236026753273603,6241.0,0.033439952076694
1436,0,patch_20_2,5120,5376,512,768,65536,MSAVI,-0.34765625,44253,,,,
1437,0,patch_20_2,5120,5376,512,768,65536,NDVI,-0.99609375,21283,8595.0,0.0215422865340519,9689.0,0.0284568047012236
1438,0,patch_20_3,5120,5376,768,1024,65536,MSAVI,-0.33203125,44010,,,,
1439,0,patch_20_3,5120,5376,768,1024,65536,NDVI,-0.73828125,21040,10307.0,0.0209450267079734,10732.0,0.0288576206317421
1440,0,patch_20_4,5120,5376,1024,1280,65536,MSAVI,-0.23828125,33472,,,,
1441,0,patch_20_4,5120,5376,1024,1280,65536,NDVI,-0.76953125,25965,8886.0,0.0049974883172348,12815.0,0.0118399964087247
1442,0,patch_20_5,5120,5376,1280,1536,65536,MSAVI,-0.21484375,35025,,,,
1443,0,patch_20_5,5120,5376,1280,1536,65536,NDVI,-0.76171875,26830,14523.0,0.0098735939988407,18490.0,0.0183383475730165
1444,0,patch_20_6,5120,5376,1536,1792,65536,MSAVI,-0.37109375,36176,,,,
1445,0,patch_20_6,5120,5376,1536,1792,65536,NDVI,-0.80859375,18964,12927.0,0.0096440555339112,16241.0,0.0199880445665908
1446,0,patch_20_7,5120,5376,1792,2048,65536,MSAVI,-0.08203125,31376,,,,
1447,0,patch_20_7,5120,5376,1792,2048,65536,NDVI,-0.66015625,12038,8516.0,0.0027267586024796,13096.0,0.0098661850237508
1448,0,patch_20_8,5120,5376,2048,2304,65536,MSAVI,-0.19140625,32386,,,,
1449,0,patch_20_8,5120,5376,2048,2304,65536,NDVI,-0.78515625,13007,7114.0,0.0034968892161015,13238.0,0.0118663929311734
1450,0,patch_20_9,5120,5376,2304,2560,65536,MSAVI,-0.15234375,33514,,,,
1451,0,patch_20_9,5120,5376,2304,2560,65536,NDVI,-0.62890625,9194,10209.0,0.0058847655963484,17694.0,0.0162662581020445
1452,0,patch_20_10,5120,5376,2560,2816,65536,MSAVI,-0.39453125,34015,,,,
1453,0,patch_20_10,5120,5376,2560,2816,65536,NDVI,-0.77734375,9597,13872.0,0.0070441116359955,19337.0,0.0182305305962207
1454,0,patch_20_11,5120,5376,2816,3072,65536,MSAVI,-0.08203125,34942,,,,
1455,0,patch_20_11,5120,5376,2816,3072,65536,NDVI,-0.71484375,14354,11057.0,0.0074284672927165,15252.0,0.0154295038794672
1456,0,patch_20_12,5120,5376,3072,3328,65536,MSAVI,-0.28515625,38290,,,,
1457,0,patch_20_12,5120,5376,3072,3328,65536,NDVI,-0.73828125,12317,8696.0,0.0131683457667107,11852.0,0.0202045138304641
1458,0,patch_20_13,5120,5376,3328,3584,65536,MSAVI,-0.27734375,42932,,,,
1459,0,patch_20_13,5120,5376,3328,3584,65536,NDVI,-0.69140625,15496,6328.0,0.0170426478682545,7015.0,0.0250611660349961
1460,0,patch_20_14,5120,5376,3584,3840,65536,MSAVI,-0.41015625,40769,,,,
1461,0,patch_20_14,5120,5376,3584,3840,65536,NDVI,-0.78515625,22930,7440.0,0.0143152243316363,7994.0,0.0219553640003516
1462,0,patch_20_15,5120,5376,3840,4096,65536,MSAVI,-0.04296875,39863,,,,
1463,0,patch_20_15,5120,5376,3840,4096,65536,NDVI,-0.71484375,25173,8575.0,0.0125071580585746,10921.0,0.020850015882996
1464,0,patch_20_16,5120,5376,4096,4352,65536,MSAVI,-0.18359375,33992,,,,
1465,0,patch_20_16,5120,5376,4096,4352,65536,NDVI,-0.75390625,28033,5869.0,0.0042127580930511,13119.0,0.0142404951901708
1466,0,patch_20_17,5120,5376,4352,4608,65536,MSAVI,-0.26171875,34947,,,,
1467,0,patch_20_17,5120,5376,4352,4608,65536,NDVI,-0.74609375,16224,8071.0,0.0056422337202147,13374.0,0.0150534208548998
1468,0,patch_20_18,5120,5376,4608,4864,65536,MSAVI,-0.43359375,36023,,,,
1469,0,patch_20_18,5120,5376,4608,4864,65536,NDVI,-0.83203125,18090,13019.0,0.0091963230506892,16451.0,0.0167810657884642
1470,0,patch_20_19,5120,5376,4864,5120,65536,MSAVI,0.01171875,33837,,,,
1471,0,patch_20_19,5120,5376,4864,5120,65536,NDVI,-0.69140625,26269,23432.0,0.0224676046965942,65536.0,0.0253779437963147
1472,0,patch_20_20,5120,5376,5120,5376,65536,MSAVI,-0.30078125,29048,,,,
1473,0,patch_20_20,5120,5376,5120,5376,65536,NDVI,-0.77734375,15245,11130.0,-0.0007130507963652,22003.0,0.0092988317858363
1474,0,patch_20_21,5120,5376,5376,5632,65536,MSAVI,-0.16796875,37387,,,,
1475,0,patch_20_21,5120,5376,5376,5632,65536,NDVI,-0.69921875,9758,8976.0,0.0101157096103334,11692.0,0.0196754917883186
1476,0,patch_20_22,5120,5376,5632,5888,65536,MSAVI,-0.31640625,30389,,,,
1477,0,patch_20_22,5120,5376,5632,5888,65536,NDVI,-0.74609375,11735,12202.0,0.0020770773445706,21905.0,0.0165010099042776
1478,0,patch_20_23,5120,5376,5888,6144,65536,MSAVI,-0.29296875,37057,,,,
1479,0,patch_20_23,5120,5376,5888,6144,65536,NDVI,-0.68359375,8749,15826.0,0.0151858463126565,18056.0,0.0241380549940561
1480,0,patch_20_24,5120,5376,6144,6400,65536,MSAVI,-0.41796875,37045,,,,
1481,0,patch_20_24,5120,5376,6144,6400,65536,NDVI,-0.73046875,11831,20523.0,0.0217041894365146,19912.0,0.0271852575918817
1482,0,patch_20_25,5120,5376,6400,6656,65536,MSAVI,-0.23046875,34201,,,,
1483,0,patch_20_25,5120,5376,6400,6656,65536,NDVI,-0.77734375,24568,21282.0,0.0212973440429757,65536.0,0.0269474402138044
1484,0,patch_20_26,5120,5376,6656,6912,65536,MSAVI,-0.14453125,38312,,,,
1485,0,patch_20_26,5120,5376,6656,6912,65536,NDVI,-0.73828125,24010,13686.0,0.0163331640729484,15115.0,0.0225017714221684
1486,0,patch_20_27,5120,5376,6912,7168,65536,MSAVI,-0.21484375,36809,,,,
1487,0,patch_20_27,5120,5376,6912,7168,65536,NDVI,-0.79296875,28647,10850.0,0.011953751194121,13556.0,0.01935496319472
1488,0,patch_20_28,5120,5376,7168,7424,65536,MSAVI,0.01171875,33274,,,,
1489,0,patch_20_28,5120,5376,7168,7424,65536,NDVI,-0.72265625,20086,11089.0,0.0047343856539021,16861.0,0.0139262555660458
1490,0,patch_20_29,5120,5376,7424,7680,65536,MSAVI,-0.15234375,34199,,,,
1491,0,patch_20_29,5120,5376,7424,7680,65536,NDVI,-0.73828125,21155,11595.0,0.0067271989010969,17281.0,0.0143703041434339
1492,0,patch_20_30,5120,5376,7680,7936,65536,MSAVI,-0.30859375,38505,,,,
1493,0,patch_20_30,5120,5376,7680,7936,65536,NDVI,-0.74609375,11853,16930.0,0.0175158969839102,18037.0,0.0237458729769451
1494,0,patch_20_31,5120,5376,7936,8192,65536,MSAVI,-0.33984375,32066,,,,
1495,0,patch_20_31,5120,5376,7936,8192,65536,NDVI,-0.79296875,21167,14734.0,0.0061246080079978,21135.0,0.0161174396253502
1496,0,patch_20_32,5120,5376,8192,8448,65536,MSAVI,-0.11328125,33602,,,,
1497,0,patch_20_32,5120,5376,8192,8448,65536,NDVI,-0.69140625,13249,11565.0,0.0049753021605652,17049.0,0.0143166512685026
1498,0,patch_20_33,5120,5376,8448,8704,65536,MSAVI,-0.28515625,31876,,,,
1499,0,patch_20_33,5120,5376,8448,8704,65536,NDVI,-0.80859375,16480,15884.0,0.0049958379975555,21385.0,0.0140069931038614
1500,0,patch_20_34,5120,5376,8704,8960,65536,MSAVI,-0.24609375,33730,,,,
1501,0,patch_20_34,5120,5376,8704,8960,65536,NDVI,-0.82421875,30649,10559.0,0.0058747134150873,17990.0,0.0150229139884966
1502,0,patch_20_35,5120,5376,8960,9216,65536,MSAVI,-0.05078125,40024,,,,
1503,0,patch_20_35,5120,5376,8960,9216,65536,NDVI,-0.66015625,14792,11931.0,0.0179102065668655,12850.0,0.0252433097550944
1504,0,patch_20_36,5120,5376,9216,9472,65536,MSAVI,-0.12890625,40207,,,,
1505,0,patch_20_36,5120,5376,9216,9472,65536,NDVI,-0.64453125,12672,10048.0,0.0130781206572869,11394.0,0.024167163822197
1506,0,patch_20_37,5120,5376,9472,9728,65536,MSAVI,-0.18359375,42394,,,,
1507,0,patch_20_37,5120,5376,9472,9728,65536,NDVI,-0.66796875,9569,9374.0,0.0176484597906461,10450.0,0.0254230306392357
1508,0,patch_21_0,5376,5632,0,256,65536,MSAVI,-0.16796875,43603,,,,
1509,0,patch_21_0,5376,5632,0,256,65536,NDVI,-0.99609375,21933,9000.0,0.0184199341066124,8626.0,0.0271859638480773
1510,0,patch_21_1,5376,5632,256,512,65536,MSAVI,-0.19140625,54035,,,,
1511,0,patch_21_1,5376,5632,256,512,65536,NDVI,-0.58984375,11352,3392.0,0.0305128283501678,3479.0,0.0428802879315908
1512,0,patch_21_2,5376,5632,512,768,65536,MSAVI,-0.31640625,39050,,,,
1513,0,patch_21_2,5376,5632,512,768,65536,NDVI,-0.80078125,25575,10733.0,0.0132167801138632,13158.0,0.0220812030926362
1514,0,patch_21_3,5376,5632,768,1024,65536,MSAVI,-0.26171875,30965,,,,
1515,0,patch_21_3,5376,5632,768,1024,65536,NDVI,-0.80859375,33280,14003.0,0.0024462539924519,22199.0,0.0148842853606327
1516,0,patch_21_4,5376,5632,1024,1280,65536,MSAVI,-0.07421875,30738,,,,
1517,0,patch_21_4,5376,5632,1024,1280,65536,NDVI,-0.76953125,23689,6409.0,-0.0008651558216455,15662.0,0.009860635729745
1518,0,patch_21_5,5376,5632,1280,1536,65536,MSAVI,-0.13671875,36933,,,,
1519,0,patch_21_5,5376,5632,1280,1536,65536,NDVI,-0.73828125,21799,12234.0,0.0133406363744044,15004.0,0.021990487065252
1520,0,patch_21_6,5376,5632,1536,1792,65536,MSAVI,-0.25390625,37771,,,,
1521,0,patch_21_6,5376,5632,1536,1792,65536,NDVI,-0.77734375,23825,11693.0,0.0130537154616056,13119.0,0.0205272914711019
1522,0,patch_21_7,5376,5632,1792,2048,65536,MSAVI,-0.19140625,32231,,,,
1523,0,patch_21_7,5376,5632,1792,2048,65536,NDVI,-0.74609375,14451,8445.0,0.0015746501736804,14618.0,0.0107492019266752
1524,0,patch_21_8,5376,5632,2048,2304,65536,MSAVI,-0.08984375,30294,,,,
1525,0,patch_21_8,5376,5632,2048,2304,65536,NDVI,-0.66015625,12306,7263.0,0.0010284058423868,14540.0,0.0076724972495938
1526,0,patch_21_9,5376,5632,2304,2560,65536,MSAVI,-0.08984375,33683,,,,
1527,0,patch_21_9,5376,5632,2304,2560,65536,NDVI,-0.67578125,9673,6264.0,0.0032706611414211,12034.0,0.0119246215284733
1528,0,patch_21_10,5376,5632,2560,2816,65536,MSAVI,-0.23828125,34306,,,,
1529,0,patch_21_10,5376,5632,2560,2816,65536,NDVI,-0.75390625,14683,13948.0,0.0071886416772538,19910.0,0.0202159162035027
1530,0,patch_21_11,5376,5632,2816,3072,65536,MSAVI,-0.26171875,35917,,,,
1531,0,patch_21_11,5376,5632,2816,3072,65536,NDVI,-0.79296875,20291,9476.0,0.0088311704381973,13752.0,0.0179231463160147
1532,0,patch_21_12,5376,5632,3072,3328,65536,MSAVI,-0.31640625,40642,,,,
1533,0,patch_21_12,5376,5632,3072,3328,65536,NDVI,-0.71484375,9217,6679.0,0.0158464422989243,8005.0,0.0208588060880733
1534,0,patch_21_13,5376,5632,3328,3584,65536,MSAVI,-0.26953125,42094,,,,
1535,0,patch_21_13,5376,5632,3328,3584,65536,NDVI,-0.73046875,14358,6468.0,0.0165498381781484,7296.0,0.0206605059568311
1536,0,patch_21_14,5376,5632,3584,3840,65536,MSAVI,-0.35546875,59326,,,,
1537,0,patch_21_14,5376,5632,3584,3840,65536,NDVI,-0.55859375,6008,2010.0,0.024958797314015,2028.0,0.0395547231560635
1538,0,patch_21_15,5376,5632,3840,4096,65536,MSAVI,-0.33203125,38269,,,,
1539,0,patch_21_15,5376,5632,3840,4096,65536,NDVI,-0.76171875,21473,10863.0,0.0136124742733677,13660.0,0.0217337264148972
1540,0,patch_21_16,5376,5632,4096,4352,65536,MSAVI,-0.16796875,34966,,,,
1541,0,patch_21_16,5376,5632,4096,4352,65536,NDVI,-0.74609375,22055,6139.0,0.0049837876429124,10869.0,0.0142849030698618
1542,0,patch_21_17,5376,5632,4352,4608,65536,MSAVI,-0.13671875,32950,,,,
1543,0,patch_21_17,5376,5632,4352,4608,65536,NDVI,-0.71484375,20828,7521.0,0.0028222069659799,15072.0,0.0123921326234764
1544,0,patch_21_18,5376,5632,4608,4864,65536,MSAVI,-0.24609375,36994,,,,
1545,0,patch_21_18,5376,5632,4608,4864,65536,NDVI,-0.75390625,21579,10872.0,0.009396034177898,14328.0,0.0182378207084992
1546,0,patch_21_19,5376,5632,4864,5120,65536,MSAVI,0.07421875,32074,,,,
1547,0,patch_21_19,5376,5632,4864,5120,65536,NDVI,-0.75390625,28710,11822.0,0.0046312838606966,19559.0,0.0143753135120399
1548,0,patch_21_20,5376,5632,5120,5376,65536,MSAVI,-0.12890625,31467,,,,
1549,0,patch_21_20,5376,5632,5120,5376,65536,NDVI,-0.70703125,20768,10127.0,0.0030248095809893,20537.0,0.0151243802043113
1550,0,patch_21_21,5376,5632,5376,5632,65536,MSAVI,-0.21484375,32070,,,,
1551,0,patch_21_21,5376,5632,5376,5632,65536,NDVI,-0.77734375,16772,11546.0,0.0024532742221778,21884.0,0.015553430992009
1552,0,patch_21_22,5376,5632,5632,5888,65536,MSAVI,-0.44921875,42146,,,,
1553,0,patch_21_22,5376,5632,5632,5888,65536,NDVI,-0.58984375,3416,11001.0,0.0221255027496669,65536.0,0.0315793026315107
1554,0,patch_21_23,5376,5632,5888,6144,65536,MSAVI,-0.10546875,40758,,,,
1555,0,patch_21_23,5376,5632,5888,6144,65536,NDVI,-0.69921875,11367,11925.0,0.0193997166539171,13400.0,0.0314627237410522
1556,0,patch_21_24,5376,5632,6144,6400,65536,MSAVI,-0.38671875,29892,,,,
1557,0,patch_21_24,5376,5632,6144,6400,65536,NDVI,-0.77734375,23024,29823.0,0.0272828626078119,65536.0,0.0268169884822011
1558,0,patch_21_25,5376,5632,6400,6656,65536,MSAVI,-0.37890625,44667,,,,
1559,0,patch_21_25,5376,5632,6400,6656,65536,NDVI,-0.83984375,20496,7199.0,0.0256130982455611,8027.0,0.0313331439604479
1560,0,patch_21_26,5376,5632,6656,6912,65536,MSAVI,-0.23828125,37898,,,,
1561,0,patch_21_26,5376,5632,6656,6912,65536,NDVI,-0.76953125,12463,11295.0,0.0137743915654864,14052.0,0.0214688063766292
1562,0,patch_21_27,5376,5632,6912,7168,65536,MSAVI,-0.02734375,32401,,,,
1563,0,patch_21_27,5376,5632,6912,7168,65536,NDVI,-0.71484375,18183,11670.0,0.0058151956906578,16969.0,0.0123787905408214
1564,0,patch_21_28,5376,5632,7168,7424,65536,MSAVI,-0.16796875,37076,,,,
1565,0,patch_21_28,5376,5632,7168,7424,65536,NDVI,-0.72265625,15649,6514.0,0.0097929130664847,8964.0,0.0165621259787392
1566,0,patch_21_29,5376,5632,7424,7680,65536,MSAVI,-0.12890625,35543,,,,
1567,0,patch_21_29,5376,5632,7424,7680,65536,NDVI,-0.69921875,12561,9956.0,0.0086770558164468,65465.0,0.0150295679490123
1568,0,patch_21_30,5376,5632,7680,7936,65536,MSAVI,-0.36328125,34868,,,,
1569,0,patch_21_30,5376,5632,7680,7936,65536,NDVI,-0.78515625,17685,17791.0,0.0116426796781362,21375.0,0.0207466574782931
1570,0,patch_21_31,5376,5632,7936,8192,65536,MSAVI,-0.06640625,31534,,,,
1571,0,patch_21_31,5376,5632,7936,8192,65536,NDVI,-0.80078125,32625,10304.0,0.0036754222949322,20962.0,0.0140857451639171
1572,0,patch_21_32,5376,5632,8192,8448,65536,MSAVI,-0.12109375,32039,,,,
1573,0,patch_21_32,5376,5632,8192,8448,65536,NDVI,-0.69140625,12464,11296.0,0.0039163075893858,18594.0,0.013518737513219
1574,0,patch_21_33,5376,5632,8448,8704,65536,MSAVI,-0.11328125,34228,,,,
1575,0,patch_21_33,5376,5632,8448,8704,65536,NDVI,-0.73046875,14581,14286.0,0.0079553072460492,17532.0,0.014690622299959
1576,0,patch_21_34,5376,5632,8704,8960,65536,MSAVI,-0.38671875,36771,,,,
1577,0,patch_21_34,5376,5632,8704,8960,65536,NDVI,-0.79296875,22118,18376.0,0.0155971156494208,19711.0,0.0218740037816624
1578,0,patch_21_35,5376,5632,8960,9216,65536,MSAVI,-0.37109375,37097,,,,
1579,0,patch_21_35,5376,5632,8960,9216,65536,NDVI,-0.80078125,13295,15416.0,0.0146518609138069,16737.0,0.0215248387944745
1580,0,patch_21_36,5376,5632,9216,9472,65536,MSAVI,-0.17578125,36932,,,,
1581,0,patch_21_36,5376,5632,9216,9472,65536,NDVI,-0.70703125,21081,10925.0,0.0091847165880022,12689.0,0.0180812861798911
1582,0,patch_21_37,5376,5632,9472,9728,65536,MSAVI,-0.41796875,43457,,,,
1583,0,patch_21_37,5376,5632,9472,9728,65536,NDVI,-0.78515625,21875,11314.0,0.0205426458488822,11126.0,0.0273806058032666
1584,0,patch_22_0,5632,5888,0,256,65536,MSAVI,-0.21484375,52142,,,,
1585,0,patch_22_0,5632,5888,0,256,65536,NDVI,-0.54296875,13321,6561.0,0.0285671208166164,6614.0,0.0382294402876411
1586,0,patch_22_1,5632,5888,256,512,65536,MSAVI,-0.10546875,43515,,,,
1587,0,patch_22_1,5632,5888,256,512,65536,NDVI,-0.75390625,22019,12071.0,0.0220483432263371,12328.0,0.0272953318058181
1588,0,patch_22_2,5632,5888,512,768,65536,MSAVI,-0.31640625,39300,,,,
1589,0,patch_22_2,5632,5888,512,768,65536,NDVI,-0.75390625,14574,8934.0,0.013258650930752,11266.0,0.0196360939652619
1590,0,patch_22_3,5632,5888,768,1024,65536,MSAVI,-0.21484375,36551,,,,
1591,0,patch_22_3,5632,5888,768,1024,65536,NDVI,-0.73828125,22601,11038.0,0.0102806383942626,13279.0,0.0175486702466163
1592,0,patch_22_4,5632,5888,1024,1280,65536,MSAVI,-0.16796875,32609,,,,
1593,0,patch_22_4,5632,5888,1024,1280,65536,NDVI,-0.75390625,23500,6240.0,0.0019596444315667,13444.0,0.0113616363030464
1594,0,patch_22_5,5632,5888,1280,1536,65536,MSAVI,-0.10546875,27956,,,,
1595,0,patch_22_5,5632,5888,1280,1536,65536,NDVI,-0.73828125,31394,5831.0,-0.0024368061416737,19207.0,0.0110857896597299
1596,0,patch_22_6,5632,5888,1536,1792,65536,MSAVI,-0.26171875,39011,,,,
1597,0,patch_22_6,5632,5888,1536,1792,65536,NDVI,-0.77734375,26515,7477.0,0.0126321556244532,9920.0,0.0199630467497246
1598,0,patch_22_7,5632,5888,1792,2048,65536,MSAVI,-0.16796875,33488,,,,
1599,0,patch_22_7,5632,5888,1792,2048,65536,NDVI,-0.73046875,15845,8584.0,0.0049794155342306,13520.0,0.0132454316543779
1600,0,patch_22_8,5632,5888,2048,2304,65536,MSAVI,-0.09765625,32402,,,,
1601,0,patch_22_8,5632,5888,2048,2304,65536,NDVI,-0.60546875,10080,7881.0,0.003699390520469,13792.0,0.0108231314275762
1602,0,patch_22_9,5632,5888,2304,2560,65536,MSAVI,-0.16796875,34708,,,,
1603,0,patch_22_9,5632,5888,2304,2560,65536,NDVI,-0.67578125,9345,11220.0,0.0079178835468281,14299.0,0.0165229583088076
1604,0,patch_22_10,5632,5888,2560,2816,65536,MSAVI,-0.25390625,36298,,,,
1605,0,patch_22_10,5632,5888,2560,2816,65536,NDVI,-0.74609375,14453,17123.0,0.0149459566993586,19627.0,0.0237073044446441
1606,0,patch_22_11,5632,5888,2816,3072,65536,MSAVI,-0.06640625,38650,,,,
1607,0,patch_22_11,5632,5888,2816,3072,65536,NDVI,-0.76953125,12434,11015.0,0.0125055313098883,14135.0,0.0199004038080832
1608,0,patch_22_12,5632,5888,3072,3328,65536,MSAVI,-0.14453125,36870,,,,
1609,0,patch_22_12,5632,5888,3072,3328,65536,NDVI,-0.72265625,18000,8610.0,0.008921008886657,13006.0,0.0176028987204164
1610,0,patch_22_13,5632,5888,3328,3584,65536,MSAVI,-0.29296875,41850,,,,
1611,0,patch_22_13,5632,5888,3328,3584,65536,NDVI,-0.71484375,11640,7366.0,0.0163208086409265,8821.0,0.0232221417839904
1612,0,patch_22_14,5632,5888,3584,3840,65536,MSAVI,-0.35546875,37703,,,,
1613,0,patch_22_14,5632,5888,3584,3840,65536,NDVI,-0.81640625,20654,13064.0,0.0142034143320684,15394.0,0.0199760895541857
1614,0,patch_22_15,5632,5888,3840,4096,65536,MSAVI,-0.14453125,33042,,,,
1615,0,patch_22_15,5632,5888,3840,4096,65536,NDVI,-0.83203125,25353,12410.0,0.0062148117248176,18136.0,0.0141227639668517
1616,0,patch_22_16,5632,5888,4096,4352,65536,MSAVI,-0.02734375,29739,,,,
1617,0,patch_22_16,5632,5888,4096,4352,65536,NDVI,-0.78515625,18492,7588.0,0.000559699170622,15083.0,0.0089880362103399
1618,0,patch_22_17,5632,5888,4352,4608,65536,MSAVI,-0.17578125,31470,,,,
1619,0,patch_22_17,5632,5888,4352,4608,65536,NDVI,-0.78515625,24708,8018.0,0.0014394244342958,19112.0,0.0117886627795252
1620,0,patch_22_18,5632,5888,4608,4864,65536,MSAVI,-0.14453125,33833,,,,
1621,0,patch_22_18,5632,5888,4608,4864,65536,NDVI,-0.73046875,19189,12288.0,0.0055378865854609,18150.0,0.014797607805989
1622,0,patch_22_19,5632,5888,4864,5120,65536,MSAVI,-0.00390625,32274,,,,
1623,0,patch_22_19,5632,5888,4864,5120,65536,NDVI,-0.73046875,24666,8117.0,0.0021530586460935,15203.0,0.0091240331546232
1624,0,patch_22_20,5632,5888,5120,5376,65536,MSAVI,-0.07421875,29054,,,,
1625,0,patch_22_20,5632,5888,5120,5376,65536,NDVI,-0.72265625,27419,8341.0,-0.0022072383670901,19321.0,0.0076134820081086
1626,0,patch_22_21,5632,5888,5376,5632,65536,MSAVI,-0.15234375,32157,,,,
1627,0,patch_22_21,5632,5888,5376,5632,65536,NDVI,-0.58203125,11195,13361.0,0.0040270609856773,23564.0,0.0151572979091498
1628,0,patch_22_22,5632,5888,5632,5888,65536,MSAVI,-0.34765625,34316,,,,
1629,0,patch_22_22,5632,5888,5632,5888,65536,NDVI,-0.76171875,13590,19519.0,0.0144100688871398,22296.0,0.0240824797662925
1630,0,patch_22_23,5632,5888,5888,6144,65536,MSAVI,-0.29296875,42499,,,,
1631,0,patch_22_23,5632,5888,5888,6144,65536,NDVI,-0.71484375,12394,13189.0,0.0220943852914184,14062.0,0.0349977976785744
1632,0,patch_22_24,5632,5888,6144,6400,65536,MSAVI,-0.26171875,28231,,,,
1633,0,patch_22_24,5632,5888,6144,6400,65536,NDVI,-0.78515625,27753,67.0,-0.0167566895050314,65536.0,0.0147918427306329
1634,0,patch_22_25,5632,5888,6400,6656,65536,MSAVI,-0.37890625,32179,,,,
1635,0,patch_22_25,5632,5888,6400,6656,65536,NDVI,-0.82421875,22311,9373.0,0.0054496383742113,18906.0,0.0150567167499516
1636,0,patch_22_26,5632,5888,6656,6912,65536,MSAVI,-0.32421875,35515,,,,
1637,0,patch_22_26,5632,5888,6656,6912,65536,NDVI,-0.77734375,11473,20667.0,0.0194138184273613,19648.0,0.0213470522548405
1638,0,patch_22_27,5632,5888,6912,7168,65536,MSAVI,-0.24609375,39230,,,,
1639,0,patch_22_27,5632,5888,6912,7168,65536,NDVI,-0.70703125,7197,11823.0,0.0185214933411061,14222.0,0.0240337164983315
1640,0,patch_22_28,5632,5888,7168,7424,65536,MSAVI,-0.23828125,36711,,,,
1641,0,patch_22_28,5632,5888,7168,7424,65536,NDVI,-0.73828125,8899,7233.0,0.0099679418988008,8823.0,0.0148523574406291
1642,0,patch_22_29,5632,5888,7424,7680,65536,MSAVI,-0.25390625,42188,,,,
1643,0,patch_22_29,5632,5888,7424,7680,65536,NDVI,-0.68359375,16936,11488.0,0.0195071567857556,11748.0,0.0259130829678772
1644,0,patch_22_30,5632,5888,7680,7936,65536,MSAVI,-0.33984375,36180,,,,
1645,0,patch_22_30,5632,5888,7680,7936,65536,NDVI,-0.80859375,24813,14339.0,0.0138300827722558,17892.0,0.023363958948714
1646,0,patch_22_31,5632,5888,7936,8192,65536,MSAVI,-0.21484375,30406,,,,
1647,0,patch_22_31,5632,5888,7936,8192,65536,NDVI,-0.78515625,18706,6605.0,-0.002090309040582,65536.0,0.0176855482110498
1648,0,patch_22_32,5632,5888,8192,8448,65536,MSAVI,-0.01171875,30076,,,,
1649,0,patch_22_32,5632,5888,8192,8448,65536,NDVI,-0.63671875,13618,6696.0,-0.0019881513519278,18951.0,0.0089367672714985
1650,0,patch_22_33,5632,5888,8448,8704,65536,MSAVI,-0.19140625,32155,,,,
1651,0,patch_22_33,5632,5888,8448,8704,65536,NDVI,-0.74609375,17681,14649.0,0.0046266938732273,21803.0,0.0151922583098312
1652,0,patch_22_34,5632,5888,8704,8960,65536,MSAVI,-0.17578125,35587,,,,
1653,0,patch_22_34,5632,5888,8704,8960,65536,NDVI,-0.77734375,29713,19388.0,0.0135743643525819,20384.0,0.020727380005488
1654,0,patch_22_35,5632,5888,8960,9216,65536,MSAVI,-0.39453125,33881,,,,
1655,0,patch_22_35,5632,5888,8960,9216,65536,NDVI,-0.83984375,26160,11845.0,0.0062457903030802,18658.0,0.0170312685274728
1656,0,patch_22_36,5632,5888,9216,9472,65536,MSAVI,-0.12109375,37453,,,,
1657,0,patch_22_36,5632,5888,9216,9472,65536,NDVI,-0.73046875,23255,7657.0,0.0096910801062488,12399.0,0.0193530328714141
1658,0,patch_22_37,5632,5888,9472,9728,65536,MSAVI,-0.33984375,41366,,,,
1659,0,patch_22_37,5632,5888,9472,9728,65536,NDVI,-0.73828125,24160,9710.0,0.0163028179239922,10797.0,0.0244578668970666
1660,0,patch_23_0,5888,6144,0,256,65536,MSAVI,-0.37109375,43207,,,,
1661,0,patch_23_0,5888,6144,0,256,65536,NDVI,-0.79296875,22177,7139.0,0.0244020173423374,65536.0,0.0277475241383486
1662,0,patch_23_1,5888,6144,256,512,65536,MSAVI,0.09765625,32353,,,,
1663,0,patch_23_1,5888,6144,256,512,65536,NDVI,-0.99609375,33183,8156.0,0.0024431906481048,11416.0,0.0091333661794631
1664,0,patch_23_2,5888,6144,512,768,65536,MSAVI,-0.32421875,37863,,,,
1665,0,patch_23_2,5888,6144,512,768,65536,NDVI,-0.83203125,24992,13112.0,0.0141640728449649,15312.0,0.0193661304428698
1666,0,patch_23_3,5888,6144,768,1024,65536,MSAVI,-0.01171875,36603,,,,
1667,0,patch_23_3,5888,6144,768,1024,65536,NDVI,-0.76953125,24843,7309.0,0.0099057105798223,11611.0,0.018604626667854
1668,0,patch_23_4,5888,6144,1024,1280,65536,MSAVI,-0.18359375,33513,,,,
1669,0,patch_23_4,5888,6144,1024,1280,65536,NDVI,-0.74609375,17187,5674.0,0.0028087625689059,11414.0,0.0103942431042261
1670,0,patch_23_5,5888,6144,1280,1536,65536,MSAVI,-0.13671875,33794,,,,
1671,0,patch_23_5,5888,6144,1280,1536,65536,NDVI,-0.73046875,20122,10768.0,0.0064918582824469,15337.0,0.0154885269462767
1672,0,patch_23_6,5888,6144,1536,1792,65536,MSAVI,-0.22265625,32399,,,,
1673,0,patch_23_6,5888,6144,1536,1792,65536,NDVI,-0.76171875,26926,10026.0,0.0038336434937608,20172.0,0.0153448387532573
1674,0,patch_23_7,5888,6144,1792,2048,65536,MSAVI,-0.01171875,29914,,,,
1675,0,patch_23_7,5888,6144,1792,2048,65536,NDVI,-0.76171875,32414,6220.0,7.76267477036463e-05,19038.0,0.0121431095976688
1676,0,patch_23_8,5888,6144,2048,2304,65536,MSAVI,-0.11328125,30821,,,,
1677,0,patch_23_8,5888,6144,2048,2304,65536,NDVI,-0.69140625,15041,9404.0,0.0014087725666959,18549.0,0.0110207055995932
1678,0,patch_23_9,5888,6144,2304,2560,65536,MSAVI,-0.13671875,38569,,,,
1679,0,patch_23_9,5888,6144,2304,2560,65536,NDVI,-0.66015625,7734,10141.0,0.014195667953262,13666.0,0.021364205837776
1680,0,patch_23_10,5888,6144,2560,2816,65536,MSAVI,-0.30078125,41641,,,,
1681,0,patch_23_10,5888,6144,2560,2816,65536,NDVI,-0.68359375,7754,10138.0,0.0188487706990804,11620.0,0.0260452473888248
1682,0,patch_23_11,5888,6144,2816,3072,65536,MSAVI,-0.23828125,37426,,,,
1683,0,patch_23_11,5888,6144,2816,3072,65536,NDVI,-0.71484375,13129,12412.0,0.0131437212735356,14180.0,0.0199655200731395
1684,0,patch_23_12,5888,6144,3072,3328,65536,MSAVI,-0.26953125,38235,,,,
1685,0,patch_23_12,5888,6144,3072,3328,65536,NDVI,-0.73828125,16830,9683.0,0.0125274449655871,12434.0,0.0192160204618799
1686,0,patch_23_13,5888,6144,3328,3584,65536,MSAVI,-0.36328125,40268,,,,
1687,0,patch_23_13,5888,6144,3328,3584,65536,NDVI,-0.61328125,3205,9394.0,0.0155929346888605,11788.0,0.0216636627690721
1688,0,patch_23_14,5888,6144,3584,3840,65536,MSAVI,-0.33984375,35719,,,,
1689,0,patch_23_14,5888,6144,3584,3840,65536,NDVI,-0.80859375,23790,14813.0,0.013340363984831,18419.0,0.0209760810492192
1690,0,patch_23_15,5888,6144,3840,4096,65536,MSAVI,-0.17578125,32922,,,,
1691,0,patch_23_15,5888,6144,3840,4096,65536,NDVI,-0.78515625,14110,10737.0,0.005507363933827,18024.0,0.0162595290207062
1692,0,patch_23_16,5888,6144,4096,4352,65536,MSAVI,-0.19140625,31823,,,,
1693,0,patch_23_16,5888,6144,4096,4352,65536,NDVI,-0.76171875,15101,7383.0,0.0034831225229535,15310.0,0.0097322182835777
1694,0,patch_23_17,5888,6144,4352,4608,65536,MSAVI,-0.12109375,30445,,,,
1695,0,patch_23_17,5888,6144,4352,4608,65536,NDVI,-0.78515625,18175,7808.0,0.0009555521898378,15045.0,0.0085236201217742
1696,0,patch_23_18,5888,6144,4608,4864,65536,MSAVI,-0.22265625,32397,,,,
1697,0,patch_23_18,5888,6144,4608,4864,65536,NDVI,-0.81640625,15184,11516.0,0.0038872071059637,20502.0,0.0147359110584945
1698,0,patch_23_19,5888,6144,4864,5120,65536,MSAVI,0.03515625,29848,,,,
1699,0,patch_23_19,5888,6144,4864,5120,65536,NDVI,-0.69921875,17454,10289.0,0.0001358035566122,20472.0,0.0119956548428858
1700,0,patch_23_20,5888,6144,5120,5376,65536,MSAVI,-0.04296875,28676,,,,
1701,0,patch_23_20,5888,6144,5120,5376,65536,NDVI,-0.73828125,19295,7076.0,-0.003325726231464,19775.0,0.0067802258097901
1702,0,patch_23_21,5888,6144,5376,5632,65536,MSAVI,-0.05078125,31158,,,,
1703,0,patch_23_21,5888,6144,5376,5632,65536,NDVI,-0.66015625,21641,2247.0,-0.003759556557887,23313.0,0.0165971045536599
1704,0,patch_23_22,5888,6144,5632,5888,65536,MSAVI,-0.30078125,42606,,,,
1705,0,patch_23_22,5888,6144,5632,5888,65536,NDVI,-0.62890625,4664,13451.0,0.0237371363177862,13616.0,0.0317028727886031
1706,0,patch_23_23,5888,6144,5888,6144,65536,MSAVI,-0.26953125,39421,,,,
1707,0,patch_23_23,5888,6144,5888,6144,65536,NDVI,-0.59765625,8037,17169.0,0.0234337442004895,65536.0,0.0312924542679771
1708,0,patch_23_24,5888,6144,6144,6400,65536,MSAVI,-0.21484375,28423,,,,
1709,0,patch_23_24,5888,6144,6144,6400,65536,NDVI,-0.78515625,25506,1506.0,-0.0064559805402811,65304.0,0.0120822113215094
1710,0,patch_23_25,5888,6144,6400,6656,65536,MSAVI,0.05078125,32012,,,,
1711,0,patch_23_25,5888,6144,6400,6656,65536,NDVI,-0.77734375,32551,7999.0,0.001518271478375,18313.0,0.0140545645670829
1712,0,patch_23_26,5888,6144,6656,6912,65536,MSAVI,-0.33203125,29151,,,,
1713,0,patch_23_26,5888,6144,6656,6912,65536,NDVI,-0.83203125,17697,29853.0,0.0235741267288844,65423.0,0.0185695906864312
1714,0,patch_23_27,5888,6144,6912,7168,65536,MSAVI,-0.40234375,34924,,,,
1715,0,patch_23_27,5888,6144,6912,7168,65536,NDVI,-0.64453125,4551,17487.0,0.0134674335442049,19398.0,0.0212612788930385
1716,0,patch_23_28,5888,6144,7168,7424,65536,MSAVI,-0.33203125,35461,,,,
1717,0,patch_23_28,5888,6144,7168,7424,65536,NDVI,-0.73046875,7577,12139.0,0.0096206459250865,16301.0,0.0171466193574888
1718,0,patch_23_29,5888,6144,7424,7680,65536,MSAVI,-0.10546875,31832,,,,
1719,0,patch_23_29,5888,6144,7424,7680,65536,NDVI,-0.73828125,23328,10893.0,0.0041701073862444,20076.0,0.0145044270232539
1720,0,patch_23_30,5888,6144,7680,7936,65536,MSAVI,-0.32421875,34028,,,,
1721,0,patch_23_30,5888,6144,7680,7936,65536,NDVI,-0.77734375,17234,14126.0,0.0077588427322334,18608.0,0.017193751532439
1722,0,patch_23_31,5888,6144,7936,8192,65536,MSAVI,-0.16015625,31626,,,,
1723,0,patch_23_31,5888,6144,7936,8192,65536,NDVI,-0.81640625,33305,11542.0,0.0035413553477331,19682.0,0.0143849322146459
1724,0,patch_23_32,5888,6144,8192,8448,65536,MSAVI,-0.13671875,30918,,,,
1725,0,patch_23_32,5888,6144,8192,8448,65536,NDVI,-0.75390625,22536,8959.0,0.0009915495667279,17740.0,0.0108190868264907
1726,0,patch_23_33,5888,6144,8448,8704,65536,MSAVI,-0.12890625,31874,,,,
1727,0,patch_23_33,5888,6144,8448,8704,65536,NDVI,-0.73046875,21977,16586.0,0.0071492578537997,23659.0,0.0181587881474164
1728,0,patch_23_34,5888,6144,8704,8960,65536,MSAVI,-0.30859375,34095,,,,
1729,0,patch_23_34,5888,6144,8704,8960,65536,NDVI,-0.76953125,16824,21269.0,0.0156344475805258,65536.0,0.0213696881270921
1730,0,patch_23_35,5888,6144,8960,9216,65536,MSAVI,0.08984375,33966,,,,
1731,0,patch_23_35,5888,6144,8960,9216,65536,NDVI,-0.76953125,25640,15363.0,0.0087377296850532,19516.0,0.0176856594057918
1732,0,patch_23_36,5888,6144,9216,9472,65536,MSAVI,-0.19921875,42060,,,,
1733,0,patch_23_36,5888,6144,9216,9472,65536,NDVI,-0.75390625,13211,5874.0,0.0156380117209494,7766.0,0.0225189265536653
1734,0,patch_23_37,5888,6144,9472,9728,65536,MSAVI,-0.21484375,45945,,,,
1735,0,patch_23_37,5888,6144,9472,9728,65536,NDVI,-0.72265625,15950,6179.0,0.0214666731093761,6809.0,0.0298749009964039
1736,0,patch_24_0,6144,6400,0,256,65536,MSAVI,-0.33984375,44285,,,,
1737,0,patch_24_0,6144,6400,0,256,65536,NDVI,-0.73828125,11034,5659.0,0.0230290375146159,5111.0,0.027563957389677
1738,0,patch_24_1,6144,6400,256,512,65536,MSAVI,-0.15234375,31162,,,,
1739,0,patch_24_1,6144,6400,256,512,65536,NDVI,-0.78515625,34374,9727.0,0.0001779571636138,20234.0,0.0123248384146296
1740,0,patch_24_2,6144,6400,512,768,65536,MSAVI,-0.15234375,33261,,,,
1741,0,patch_24_2,6144,6400,512,768,65536,NDVI,-0.83203125,32016,9922.0,0.0037798453904362,15326.0,0.0118671279586867
1742,0,patch_24_3,6144,6400,768,1024,65536,MSAVI,-0.19140625,33914,,,,
1743,0,patch_24_3,6144,6400,768,1024,65536,NDVI,-0.79296875,31523,7174.0,0.0061201704907542,11558.0,0.0123758800084494
1744,0,patch_24_4,6144,6400,1024,1280,65536,MSAVI,-0.12890625,33039,,,,
1745,0,patch_24_4,6144,6400,1024,1280,65536,NDVI,-0.77734375,31743,8298.0,0.0042884681605716,13029.0,0.0113269375024507
1746,0,patch_24_5,6144,6400,1280,1536,65536,MSAVI,-0.02734375,34833,,,,
1747,0,patch_24_5,6144,6400,1280,1536,65536,NDVI,-0.79296875,27598,10312.0,0.0071188882341524,16358.0,0.0171648852454949
1748,0,patch_24_6,6144,6400,1536,1792,65536,MSAVI,-0.19140625,35939,,,,
1749,0,patch_24_6,6144,6400,1536,1792,65536,NDVI,-0.79296875,21790,11353.0,0.0091698443310958,14769.0,0.0183950011409954
1750,0,patch_24_7,6144,6400,1792,2048,65536,MSAVI,-0.25390625,35064,,,,
1751,0,patch_24_7,6144,6400,1792,2048,65536,NDVI,-0.80078125,24886,11446.0,0.0053669980327591,17480.0,0.0149328396196661
1752,0,patch_24_8,6144,6400,2048,2304,65536,MSAVI,-0.21484375,34317,,,,
1753,0,patch_24_8,6144,6400,2048,2304,65536,NDVI,-0.77734375,19572,10873.0,0.005622703496732,15455.0,0.0133931484270071
1754,0,patch_24_9,6144,6400,2304,2560,65536,MSAVI,-0.19140625,34232,,,,
1755,0,patch_24_9,6144,6400,2304,2560,65536,NDVI,-0.75390625,13014,11605.0,0.0090364387390289,16511.0,0.0164936057429385
1756,0,patch_24_10,6144,6400,2560,2816,65536,MSAVI,-0.33203125,38186,,,,
1757,0,patch_24_10,6144,6400,2560,2816,65536,NDVI,-0.76171875,8417,9036.0,0.0121155351871564,12065.0,0.0181879952426932
1758,0,patch_24_11,6144,6400,2816,3072,65536,MSAVI,-0.17578125,34539,,,,
1759,0,patch_24_11,6144,6400,2816,3072,65536,NDVI,-0.79296875,11074,9992.0,0.0065880666186866,14935.0,0.0136242147746277
1760,0,patch_24_12,6144,6400,3072,3328,65536,MSAVI,-0.25390625,35333,,,,
1761,0,patch_24_12,6144,6400,3072,3328,65536,NDVI,-0.76171875,12486,8261.0,0.0077957694803635,11789.0,0.0148273879178583
1762,0,patch_24_13,6144,6400,3328,3584,65536,MSAVI,-0.33984375,37373,,,,
1763,0,patch_24_13,6144,6400,3328,3584,65536,NDVI,-0.69140625,6168,8510.0,0.0092293964699198,11485.0,0.0163129782267254
1764,0,patch_24_14,6144,6400,3584,3840,65536,MSAVI,-0.42578125,39195,,,,
1765,0,patch_24_14,6144,6400,3584,3840,65536,NDVI,-0.76171875,6561,12633.0,0.0193715364750835,14257.0,0.0215946361256931
1766,0,patch_24_15,6144,6400,3840,4096,65536,MSAVI,-0.25390625,36331,,,,
1767,0,patch_24_15,6144,6400,3840,4096,65536,NDVI,-0.79296875,10306,11228.0,0.0119006098833163,15599.0,0.0183353766583089
1768,0,patch_24_16,6144,6400,4096,4352,65536,MSAVI,-0.16015625,33425,,,,
1769,0,patch_24_16,6144,6400,4096,4352,65536,NDVI,-0.74609375,16243,8981.0,0.0053457893899778,15540.0,0.0141437036738897
1770,0,patch_24_17,6144,6400,4352,4608,65536,MSAVI,-0.06640625,34788,,,,
1771,0,patch_24_17,6144,6400,4352,4608,65536,NDVI,-0.71484375,13292,9888.0,0.0072232105977232,14562.0,0.0143583118310532
1772,0,patch_24_18,6144,6400,4608,4864,65536,MSAVI,-0.34765625,33809,,,,
1773,0,patch_24_18,6144,6400,4608,4864,65536,NDVI,-0.80859375,14556,10250.0,0.0045550337216902,16852.0,0.0136211731457956
1774,0,patch_24_19,6144,6400,4864,5120,65536,MSAVI,-0.17578125,32437,,,,
1775,0,patch_24_19,6144,6400,4864,5120,65536,NDVI,-0.79296875,13855,11940.0,0.0062719994759862,17017.0,0.0149198253145053
1776,0,patch_24_20,6144,6400,5120,5376,65536,MSAVI,-0.16796875,32104,,,,
1777,0,patch_24_20,6144,6400,5120,5376,65536,NDVI,-0.75390625,16956,5315.0,0.0009332531860991,12157.0,0.0100923625273703
1778,0,patch_24_21,6144,6400,5376,5632,65536,MSAVI,-0.07421875,34377,,,,
1779,0,patch_24_21,6144,6400,5376,5632,65536,NDVI,-0.72265625,15808,11593.0,0.0086540416606491,65487.0,0.0147848805860119
1780,0,patch_24_22,6144,6400,5632,5888,65536,MSAVI,-0.27734375,42124,,,,
1781,0,patch_24_22,6144,6400,5632,5888,65536,NDVI,-0.64453125,7435,13136.0,0.0239414065614521,14082.0,0.0343114897334282
1782,0,patch_24_23,6144,6400,5888,6144,65536,MSAVI,-0.26953125,26871,,,,
1783,0,patch_24_23,6144,6400,5888,6144,65536,NDVI,-0.76953125,20714,0.0,-0.0202240427649909,65536.0,0.0234889347710905
1784,0,patch_24_24,6144,6400,6144,6400,65536,MSAVI,-0.10546875,26539,,,,
1785,0,patch_24_24,6144,6400,6144,6400,65536,NDVI,-0.80078125,20707,4032.0,-0.0064942435465155,24269.0,0.0088650380307667
1786,0,patch_24_25,6144,6400,6400,6656,65536,MSAVI,0.11328125,28656,,,,
1787,0,patch_24_25,6144,6400,6400,6656,65536,NDVI,-0.72265625,14398,2738.0,-0.0056598341339015,65327.0,0.0110618063436974
1788,0,patch_24_26,6144,6400,6656,6912,65536,MSAVI,-0.27734375,27783,,,,
1789,0,patch_24_26,6144,6400,6656,6912,65536,NDVI,-0.80859375,18785,3966.0,-0.010363389136601,65536.0,0.0146581822476788
1790,0,patch_24_27,6144,6400,6912,7168,65536,MSAVI,-0.31640625,32277,,,,
1791,0,patch_24_27,6144,6400,6912,7168,65536,NDVI,-0.78515625,11038,8778.0,0.0024710734822219,23185.0,0.0198754039631379
1792,0,patch_24_28,6144,6400,7168,7424,65536,MSAVI,-0.05859375,31170,,,,
1793,0,patch_24_28,6144,6400,7168,7424,65536,NDVI,-0.73828125,16359,8784.0,0.0003471769106177,20627.0,0.0119360148522993
1794,0,patch_24_29,6144,6400,7424,7680,65536,MSAVI,-0.14453125,32191,,,,
1795,0,patch_24_29,6144,6400,7424,7680,65536,NDVI,-0.77734375,14735,11706.0,0.0050251151450293,16662.0,0.011746974590402
1796,0,patch_24_30,6144,6400,7680,7936,65536,MSAVI,-0.22265625,34296,,,,
1797,0,patch_24_30,6144,6400,7680,7936,65536,NDVI,-0.78515625,20459,16765.0,0.0075208528233644,20918.0,0.0186358028730067
1798,0,patch_24_31,6144,6400,7936,8192,65536,MSAVI,-0.28515625,32641,,,,
1799,0,patch_24_31,6144,6400,7936,8192,65536,NDVI,-0.82421875,28169,20808.0,0.0108149052619757,23580.0,0.0191097002216159
1800,0,patch_24_32,6144,6400,8192,8448,65536,MSAVI,-0.23828125,37226,,,,
1801,0,patch_24_32,6144,6400,8192,8448,65536,NDVI,-0.76171875,15659,18839.0,0.0166941274739031,19825.0,0.0246477695393312
1802,0,patch_24_33,6144,6400,8448,8704,65536,MSAVI,-0.14453125,36665,,,,
1803,0,patch_24_33,6144,6400,8448,8704,65536,NDVI,-0.73828125,16629,8236.0,0.008535959703903,12129.0,0.0161064872528284
1804,0,patch_24_34,6144,6400,8704,8960,65536,MSAVI,-0.32421875,38526,,,,
1805,0,patch_24_34,6144,6400,8704,8960,65536,NDVI,-0.73046875,15056,10356.0,0.0131127485922697,13143.0,0.0226487121640682
1806,0,patch_24_35,6144,6400,8960,9216,65536,MSAVI,-0.26171875,40196,,,,
1807,0,patch_24_35,6144,6400,8960,9216,65536,NDVI,-0.80078125,19620,9655.0,0.0147932716687098,10978.0,0.0227362765232989
1808,0,patch_24_36,6144,6400,9216,9472,65536,MSAVI,-0.38671875,41279,,,,
1809,0,patch_24_36,6144,6400,9216,9472,65536,NDVI,-0.78515625,17597,10447.0,0.0177479694008882,11539.0,0.0256181287782741
1810,0,patch_24_37,6144,6400,9472,9728,65536,MSAVI,-0.36328125,39224,,,,
1811,0,patch_24_37,6144,6400,9472,9728,65536,NDVI,-0.78515625,26018,8540.0,0.0135048202858818,10855.0,0.0225119829381493
1812,0,patch_25_0,6400,6656,0,256,65536,MSAVI,-0.36328125,32410,,,,
1813,0,patch_25_0,6400,6656,0,256,65536,NDVI,-0.82421875,16965,12493.0,0.0067937292961,65093.0,0.0127359138107792
1814,0,patch_25_1,6400,6656,256,512,65536,MSAVI,-0.25390625,30671,,,,
1815,0,patch_25_1,6400,6656,256,512,65536,NDVI,-0.80859375,29103,12653.0,0.001308010964749,19402.0,0.0117992629162116
1816,0,patch_25_2,6400,6656,512,768,65536,MSAVI,-0.31640625,35486,,,,
1817,0,patch_25_2,6400,6656,512,768,65536,NDVI,-0.76953125,22299,10248.0,0.0070824361858707,14856.0,0.0160603546362327
1818,0,patch_25_3,6400,6656,768,1024,65536,MSAVI,-0.13671875,43897,,,,
1819,0,patch_25_3,6400,6656,768,1024,65536,NDVI,-0.67578125,21472,7671.0,0.0185787483950664,8282.0,0.0261555752790271
1820,0,patch_25_4,6400,6656,1024,1280,65536,MSAVI,-0.09765625,40489,,,,
1821,0,patch_25_4,6400,6656,1024,1280,65536,NDVI,-0.66015625,25015,12378.0,0.0157994299731029,14741.0,0.0265883502707252
1822,0,patch_25_5,6400,6656,1280,1536,65536,MSAVI,-0.25390625,35295,,,,
1823,0,patch_25_5,6400,6656,1280,1536,65536,NDVI,-0.74609375,30239,10757.0,0.0097120823608379,13186.0,0.016330995020682
1824,0,patch_25_6,6400,6656,1536,1792,65536,MSAVI,-0.38671875,34115,,,,
1825,0,patch_25_6,6400,6656,1536,1792,65536,NDVI,-0.80859375,21265,11755.0,0.0059321417484038,16539.0,0.0158063797289446
1826,0,patch_25_7,6400,6656,1792,2048,65536,MSAVI,-0.30078125,34875,,,,
1827,0,patch_25_7,6400,6656,1792,2048,65536,NDVI,-0.81640625,28075,12206.0,0.0081072833916992,16175.0,0.0158711423339071
1828,0,patch_25_8,6400,6656,2048,2304,65536,MSAVI,-0.30078125,33058,,,,
1829,0,patch_25_8,6400,6656,2048,2304,65536,NDVI,-0.78515625,22670,5898.0,0.00383183822283,13576.0,0.0116827698135803
1830,0,patch_25_9,6400,6656,2304,2560,65536,MSAVI,-0.16796875,34355,,,,
1831,0,patch_25_9,6400,6656,2304,2560,65536,NDVI,-0.73046875,15919,10522.0,0.0086335524599308,14109.0,0.0141943439999731
1832,0,patch_25_10,6400,6656,2560,2816,65536,MSAVI,-0.30078125,36151,,,,
1833,0,patch_25_10,6400,6656,2560,2816,65536,NDVI,-0.77734375,13060,13241.0,0.0122459342874869,15645.0,0.0189181063923584
1834,0,patch_25_11,6400,6656,2816,3072,65536,MSAVI,-0.20703125,33404,,,,
1835,0,patch_25_11,6400,6656,2816,3072,65536,NDVI,-0.75390625,12825,14456.0,0.0065489974493996,20082.0,0.016365760214169
1836,0,patch_25_12,6400,6656,3072,3328,65536,MSAVI,-0.29296875,34315,,,,
1837,0,patch_25_12,6400,6656,3072,3328,65536,NDVI,-0.74609375,10411,9243.0,0.00587942568368,14839.0,0.0153190952912649
1838,0,patch_25_13,6400,6656,3328,3584,65536,MSAVI,-0.12109375,31794,,,,
1839,0,patch_25_13,6400,6656,3328,3584,65536,NDVI,-0.69140625,14088,11209.0,0.0023339309983369,21678.0,0.015534801996058
1840,0,patch_25_14,6400,6656,3584,3840,65536,MSAVI,-0.38671875,33896,,,,
1841,0,patch_25_14,6400,6656,3584,3840,65536,NDVI,-0.77734375,10021,11584.0,0.0051970304313513,18107.0,0.0152845074607963
1842,0,patch_25_15,6400,6656,3840,4096,65536,MSAVI,-0.24609375,35901,,,,
1843,0,patch_25_15,6400,6656,3840,4096,65536,NDVI,-0.78515625,13364,14439.0,0.0109239497204526,17707.0,0.0190497560069679
1844,0,patch_25_16,6400,6656,4096,4352,65536,MSAVI,-0.17578125,35956,,,,
1845,0,patch_25_16,6400,6656,4096,4352,65536,NDVI,-0.70703125,10172,8449.0,0.0069532478998897,12764.0,0.0157094181742828
1846,0,patch_25_17,6400,6656,4352,4608,65536,MSAVI,-0.20703125,41949,,,,
1847,0,patch_25_17,6400,6656,4352,4608,65536,NDVI,-0.65234375,10463,7296.0,0.0176262255377151,8056.0,0.0245375570358945
1848,0,patch_25_18,6400,6656,4608,4864,65536,MSAVI,-0.22265625,36494,,,,
1849,0,patch_25_18,6400,6656,4608,4864,65536,NDVI,-0.71484375,13012,10999.0,0.0092885519660552,14935.0,0.0157868831770634
1850,0,patch_25_19,6400,6656,4864,5120,65536,MSAVI,-0.18359375,39892,,,,
1851,0,patch_25_19,6400,6656,4864,5120,65536,NDVI,-0.71484375,16344,11397.0,0.0160371157377438,13609.0,0.0216810091975212
1852,0,patch_25_20,6400,6656,5120,5376,65536,MSAVI,-0.10546875,34080,,,,
1853,0,patch_25_20,6400,6656,5120,5376,65536,NDVI,-0.70703125,14322,6979.0,0.0044525733661819,12549.0,0.0141564009468209
1854,0,patch_25_21,6400,6656,5376,5632,65536,MSAVI,-0.23046875,37803,,,,
1855,0,patch_25_21,6400,6656,5376,5632,65536,NDVI,-0.73046875,17446,10892.0,0.0125616549682175,13223.0,0.0195021287434691
1856,0,patch_25_22,6400,6656,5632,5888,65536,MSAVI,-0.15234375,34230,,,,
1857,0,patch_25_22,6400,6656,5632,5888,65536,NDVI,-0.53515625,26321,26432.0,0.0258072556477052,65536.0,0.03308819680058
1858,0,patch_25_23,6400,6656,5888,6144,65536,MSAVI,-0.29296875,31065,,,,
1859,0,patch_25_23,6400,6656,5888,6144,65536,NDVI,-0.75390625,14702,25495.0,0.0265100037103557,65536.0,0.0283221788469746
1860,0,patch_25_24,6400,6656,6144,6400,65536,MSAVI,-0.20703125,31562,,,,
1861,0,patch_25_24,6400,6656,6144,6400,65536,NDVI,-0.80859375,21267,5696.0,0.0019636266028508,10640.0,0.007702328336415
1862,0,patch_25_25,6400,6656,6400,6656,65536,MSAVI,-0.20703125,28538,,,,
1863,0,patch_25_25,6400,6656,6400,6656,65536,NDVI,-0.78515625,18039,6660.0,-0.0042800774497397,19697.0,0.0091344485713135
1864,0,patch_25_26,6400,6656,6656,6912,65536,MSAVI,-0.23046875,31560,,,,
1865,0,patch_25_26,6400,6656,6656,6912,65536,NDVI,-0.77734375,17454,7602.0,-5.1724564067351375e-05,23499.0,0.0168706019337097
1866,0,patch_25_27,6400,6656,6912,7168,65536,MSAVI,-0.14453125,34096,,,,
1867,0,patch_25_27,6400,6656,6912,7168,65536,NDVI,-0.77734375,13670,14205.0,0.0092951025129051,20810.0,0.0191450869552136
1868,0,patch_25_28,6400,6656,7168,7424,65536,MSAVI,-0.12890625,31080,,,,
1869,0,patch_25_28,6400,6656,7168,7424,65536,NDVI,-0.77734375,14398,11521.0,0.0017397373758671,23680.0,0.0133764415082112
1870,0,patch_25_29,6400,6656,7424,7680,65536,MSAVI,-0.02734375,28334,,,,
1871,0,patch_25_29,6400,6656,7424,7680,65536,NDVI,-0.71484375,19236,10520.0,-0.0008504555427223,24988.0,0.0116931201784043
1872,0,patch_25_30,6400,6656,7680,7936,65536,MSAVI,-0.23046875,33067,,,,
1873,0,patch_25_30,6400,6656,7680,7936,65536,NDVI,-0.78515625,14613,17344.0,0.0091144218251852,65536.0,0.0194783966065685
1874,0,patch_25_31,6400,6656,7936,8192,65536,MSAVI,-0.22265625,36500,,,,
1875,0,patch_25_31,6400,6656,7936,8192,65536,NDVI,-0.74609375,17554,20440.0,0.0172644374730951,21680.0,0.0235810371238509
1876,0,patch_25_32,6400,6656,8192,8448,65536,MSAVI,-0.33984375,33600,,,,
1877,0,patch_25_32,6400,6656,8192,8448,65536,NDVI,-0.80078125,13955,15425.0,0.007313821361074,19809.0,0.0154609542868101
1878,0,patch_25_33,6400,6656,8448,8704,65536,MSAVI,-0.24609375,35450,,,,
1879,0,patch_25_33,6400,6656,8448,8704,65536,NDVI,-0.79296875,12852,9899.0,0.0067954000722796,15115.0,0.015220957205806
1880,0,patch_25_34,6400,6656,8704,8960,65536,MSAVI,-0.23046875,37131,,,,
1881,0,patch_25_34,6400,6656,8704,8960,65536,NDVI,-0.76953125,15550,16826.0,0.0171895876629902,17405.0,0.0243342326888557
1882,0,patch_25_35,6400,6656,8960,9216,65536,MSAVI,-0.29296875,34708,,,,
1883,0,patch_25_35,6400,6656,8960,9216,65536,NDVI,-0.78515625,22564,15508.0,0.0106481933848843,19292.0,0.0196281477064988
1884,0,patch_25_36,6400,6656,9216,9472,65536,MSAVI,-0.05859375,33395,,,,
1885,0,patch_25_36,6400,6656,9216,9472,65536,NDVI,-0.69921875,16125,11014.0,0.0053587533572393,17417.0,0.0160228230411981
1886,0,patch_25_37,6400,6656,9472,9728,65536,MSAVI,-0.27734375,37724,,,,
1887,0,patch_25_37,6400,6656,9472,9728,65536,NDVI,-0.71484375,13230,11831.0,0.0141204671673625,15190.0,0.0242543408424233
1888,0,patch_26_0,6656,6912,0,256,65536,MSAVI,-0.29296875,33937,,,,
1889,0,patch_26_0,6656,6912,0,256,65536,NDVI,-0.76953125,19722,8730.0,0.0074315257167708,12621.0,0.0146509987731391
1890,0,patch_26_1,6656,6912,256,512,65536,MSAVI,-0.01171875,34714,,,,
1891,0,patch_26_1,6656,6912,256,512,65536,NDVI,-0.79296875,13806,7945.0,0.0056317841902057,12561.0,0.0147879281550962
1892,0,patch_26_2,6656,6912,512,768,65536,MSAVI,-0.26953125,34111,,,,
1893,0,patch_26_2,6656,6912,512,768,65536,NDVI,-0.76171875,22445,13984.0,0.0069562126575584,18073.0,0.0163977902420552
1894,0,patch_26_3,6656,6912,768,1024,65536,MSAVI,-0.16796875,40135,,,,
1895,0,patch_26_3,6656,6912,768,1024,65536,NDVI,-0.99609375,25401,10484.0,0.0172321462978719,13381.0,0.0253414777918707
1896,0,patch_26_4,6656,6912,1024,1280,65536,MSAVI,0.01171875,36153,,,,
1897,0,patch_26_4,6656,6912,1024,1280,65536,NDVI,-0.66015625,29106,8699.0,0.0089309215363327,11834.0,0.0179649997900747
1898,0,patch_26_5,6656,6912,1280,1536,65536,MSAVI,-0.08984375,42154,,,,
1899,0,patch_26_5,6656,6912,1280,1536,65536,NDVI,-0.69140625,23202,10436.0,0.017410500987627,12085.0,0.0271084218920874
1900,0,patch_26_6,6656,6912,1536,1792,65536,MSAVI,-0.32421875,45302,,,,
1901,0,patch_26_6,6656,6912,1536,1792,65536,NDVI,-0.76171875,17261,7499.0,0.021301794751951,7832.0,0.029849818808133
1902,0,patch_26_7,6656,6912,1792,2048,65536,MSAVI,-0.23046875,36959,,,,
1903,0,patch_26_7,6656,6912,1792,2048,65536,NDVI,-0.73046875,24557,10282.0,0.0093843197230497,14951.0,0.0198428793795888
1904,0,patch_26_8,6656,6912,2048,2304,65536,MSAVI,-0.20703125,37190,,,,
1905,0,patch_26_8,6656,6912,2048,2304,65536,NDVI,-0.73046875,23327,5488.0,0.0081917027786718,7657.0,0.0145264500574251
1906,0,patch_26_9,6656,6912,2304,2560,65536,MSAVI,-0.16015625,37782,,,,
1907,0,patch_26_9,6656,6912,2304,2560,65536,NDVI,-0.73046875,27054,6126.0,0.0086516282010556,9277.0,0.0170347863172683
1908,0,patch_26_10,6656,6912,2560,2816,65536,MSAVI,0.03515625,57427,,,,
1909,0,patch_26_10,6656,6912,2560,2816,65536,NDVI,-0.51171875,7368,3939.0,0.0320815465752644,3763.0,0.0425015379316383
1910,0,patch_26_11,6656,6912,2816,3072,65536,MSAVI,-0.08984375,52922,,,,
1911,0,patch_26_11,6656,6912,2816,3072,65536,NDVI,-0.51171875,10331,7316.0,0.0255650170116782,6323.0,0.0385111638676218
1912,0,patch_26_12,6656,6912,3072,3328,65536,MSAVI,-0.28515625,42322,,,,
1913,0,patch_26_12,6656,6912,3072,3328,65536,NDVI,-0.52734375,4534,7943.0,0.0190429543613528,8441.0,0.0251226311957941
1914,0,patch_26_13,6656,6912,3328,3584,65536,MSAVI,-0.02734375,31039,,,,
1915,0,patch_26_13,6656,6912,3328,3584,65536,NDVI,-0.71484375,13670,7581.0,0.0012814436566381,17640.0,0.0125180192618782
1916,0,patch_26_14,6656,6912,3584,3840,65536,MSAVI,-0.30859375,35519,,,,
1917,0,patch_26_14,6656,6912,3584,3840,65536,NDVI,-0.72265625,10400,12293.0,0.0107507067214392,15621.0,0.0191945726871338
1918,0,patch_26_15,6656,6912,3840,4096,65536,MSAVI,-0.19921875,35711,,,,
1919,0,patch_26_15,6656,6912,3840,4096,65536,NDVI,-0.73828125,11680,10778.0,0.0091000199989778,14211.0,0.0177776463458698
1920,0,patch_26_16,6656,6912,4096,4352,65536,MSAVI,-0.08203125,33661,,,,
1921,0,patch_26_16,6656,6912,4096,4352,65536,NDVI,-0.71484375,14692,7853.0,0.0046986200368207,15558.0,0.0142828512833225
1922,0,patch_26_17,6656,6912,4352,4608,65536,MSAVI,-0.27734375,34923,,,,
1923,0,patch_26_17,6656,6912,4352,4608,65536,NDVI,-0.78515625,13627,8091.0,0.0063945957721305,13854.0,0.0173726252845658
1924,0,patch_26_18,6656,6912,4608,4864,65536,MSAVI,-0.16796875,35296,,,,
1925,0,patch_26_18,6656,6912,4608,4864,65536,NDVI,-0.67578125,11629,9687.0,0.0096155030537639,15844.0,0.0181211931672545
1926,0,patch_26_19,6656,6912,4864,5120,65536,MSAVI,-0.16796875,30265,,,,
1927,0,patch_26_19,6656,6912,4864,5120,65536,NDVI,-0.69921875,23517,4887.0,-0.0014283133602987,14708.0,0.0090628283652449
1928,0,patch_26_20,6656,6912,5120,5376,65536,MSAVI,-0.16015625,35684,,,,
1929,0,patch_26_20,6656,6912,5120,5376,65536,NDVI,-0.72265625,16338,6802.0,0.0057856936085664,12377.0,0.0155160654328655
1930,0,patch_26_21,6656,6912,5376,5632,65536,MSAVI,-0.13671875,45422,,,,
1931,0,patch_26_21,6656,6912,5376,5632,65536,NDVI,-0.65234375,17679,10642.0,0.0255714008396916,10824.0,0.0315283970049762
1932,0,patch_26_22,6656,6912,5632,5888,65536,MSAVI,-0.15234375,37417,,,,
1933,0,patch_26_22,6656,6912,5632,5888,65536,NDVI,-0.65234375,28019,21779.0,0.0209157165228822,21483.0,0.0299909984763557
1934,0,patch_26_23,6656,6912,5888,6144,65536,MSAVI,-0.33984375,29846,,,,
1935,0,patch_26_23,6656,6912,5888,6144,65536,NDVI,-0.77734375,16235,30178.0,0.027677798240598,65536.0,0.0331294505235973
1936,0,patch_26_24,6656,6912,6144,6400,65536,MSAVI,0.01953125,33395,,,,
1937,0,patch_26_24,6656,6912,6144,6400,65536,NDVI,-0.77734375,22564,8463.0,0.0045510706070079,15293.0,0.0135646654033421
1938,0,patch_26_25,6656,6912,6400,6656,65536,MSAVI,-0.02734375,32785,,,,
1939,0,patch_26_25,6656,6912,6400,6656,65536,NDVI,-0.68359375,12924,11951.0,0.0057140736714201,17728.0,0.014609860662177
1940,0,patch_26_26,6656,6912,6656,6912,65536,MSAVI,-0.03515625,30098,,,,
1941,0,patch_26_26,6656,6912,6656,6912,65536,NDVI,-0.73828125,12441,9838.0,-0.0002688586778423,25610.0,0.0152562073151977
1942,0,patch_26_27,6656,6912,6912,7168,65536,MSAVI,-0.17578125,33071,,,,
1943,0,patch_26_27,6656,6912,6912,7168,65536,NDVI,-0.71484375,9978,12381.0,0.0051667246272832,18579.0,0.0156165681460447
1944,0,patch_26_28,6656,6912,7168,7424,65536,MSAVI,-0.19140625,31661,,,,
1945,0,patch_26_28,6656,6912,7168,7424,65536,NDVI,-0.71484375,11510,9070.0,0.0012964058149299,16898.0,0.0101473927647299
1946,0,patch_26_29,6656,6912,7424,7680,65536,MSAVI,-0.25390625,34976,,,,
1947,0,patch_26_29,6656,6912,7424,7680,65536,NDVI,-0.76953125,11474,12454.0,0.0085618854570571,15948.0,0.0156363955641318
1948,0,patch_26_30,6656,6912,7680,7936,65536,MSAVI,-0.23828125,34407,,,,
1949,0,patch_26_30,6656,6912,7680,7936,65536,NDVI,-0.74609375,10873,16829.0,0.0096222556114435,20167.0,0.0188018878255262
1950,0,patch_26_31,6656,6912,7936,8192,65536,MSAVI,-0.16796875,31882,,,,
1951,0,patch_26_31,6656,6912,7936,8192,65536,NDVI,-0.73828125,16658,14750.0,0.0031233806580124,22385.0,0.0141487398697902
1952,0,patch_26_32,6656,6912,8192,8448,65536,MSAVI,-0.26953125,32746,,,,
1953,0,patch_26_32,6656,6912,8192,8448,65536,NDVI,-0.78515625,24749,15249.0,0.0058740914381317,21565.0,0.0166604445845209
1954,0,patch_26_33,6656,6912,8448,8704,65536,MSAVI,-0.27734375,31947,,,,
1955,0,patch_26_33,6656,6912,8448,8704,65536,NDVI,-0.81640625,16433,10376.0,0.0025782103308521,21388.0,0.0142285961052041
1956,0,patch_26_34,6656,6912,8704,8960,65536,MSAVI,-0.15234375,32764,,,,
1957,0,patch_26_34,6656,6912,8704,8960,65536,NDVI,-0.73828125,14248,17493.0,0.0072500406164338,22092.0,0.0165159934207475
1958,0,patch_26_35,6656,6912,8960,9216,65536,MSAVI,-0.12890625,33654,,,,
1959,0,patch_26_35,6656,6912,8960,9216,65536,NDVI,-0.67578125,12882,10551.0,0.0064229012829842,16427.0,0.0157099799492487
1960,0,patch_26_36,6656,6912,9216,9472,65536,MSAVI,-0.10546875,33923,,,,
1961,0,patch_26_36,6656,6912,9216,9472,65536,NDVI,-0.70703125,14196,13915.0,0.0096545378360968,65478.0,0.0181004631889277
1962,0,patch_26_37,6656,6912,9472,9728,65536,MSAVI,-0.26953125,37575,,,,
1963,0,patch_26_37,6656,6912,9472,9728,65536,NDVI,-0.73828125,18436,15125.0,0.0168842727098599,15364.0,0.0234992406125972
1964,0,patch_27_0,6912,7168,0,256,65536,MSAVI,-0.37890625,44403,,,,
1965,0,patch_27_0,6912,7168,0,256,65536,NDVI,-0.71484375,8312,7431.0,0.0202221889948412,7647.0,0.0294382880763299
1966,0,patch_27_1,6912,7168,256,512,65536,MSAVI,-0.21484375,33299,,,,
1967,0,patch_27_1,6912,7168,256,512,65536,NDVI,-0.77734375,13369,9330.0,0.0058613976020464,13807.0,0.0130129400297384
1968,0,patch_27_2,6912,7168,512,768,65536,MSAVI,-0.09765625,36827,,,,
1969,0,patch_27_2,6912,7168,512,768,65536,NDVI,-0.67578125,15005,13513.0,0.0100260778860312,16818.0,0.0205143359311944
1970,0,patch_27_3,6912,7168,768,1024,65536,MSAVI,-0.02734375,36745,,,,
1971,0,patch_27_3,6912,7168,768,1024,65536,NDVI,-0.67578125,28606,12067.0,0.0099644124433632,15785.0,0.0208250117849391
1972,0,patch_27_4,6912,7168,1024,1280,65536,MSAVI,-0.18359375,34711,,,,
1973,0,patch_27_4,6912,7168,1024,1280,65536,NDVI,-0.74609375,28432,6023.0,0.0070034201818656,9716.0,0.0136150606342183
1974,0,patch_27_5,6912,7168,1280,1536,65536,MSAVI,-0.01953125,37842,,,,
1975,0,patch_27_5,6912,7168,1280,1536,65536,NDVI,-0.99609375,27694,9577.0,0.0122978506279183,12180.0,0.0193175294836352
1976,0,patch_27_6,6912,7168,1536,1792,65536,MSAVI,-0.22265625,37843,,,,
1977,0,patch_27_6,6912,7168,1536,1792,65536,NDVI,-0.73828125,27458,9188.0,0.0112275007983869,10590.0,0.0176312570446839
1978,0,patch_27_7,6912,7168,1792,2048,65536,MSAVI,-0.19140625,39562,,,,
1979,0,patch_27_7,6912,7168,1792,2048,65536,NDVI,-0.99609375,25974,7274.0,0.0126674848157916,9636.0,0.0200472767903466
1980,0,patch_27_8,6912,7168,2048,2304,65536,MSAVI,-0.16796875,35463,,,,
1981,0,patch_27_8,6912,7168,2048,2304,65536,NDVI,-0.71484375,26238,5808.0,0.0066790962155778,9141.0,0.0139377354192506
1982,0,patch_27_9,6912,7168,2304,2560,65536,MSAVI,-0.23046875,42208,,,,
1983,0,patch_27_9,6912,7168,2304,2560,65536,NDVI,-0.74609375,23135,4218.0,0.0151361305853254,5741.0,0.0205167030005
1984,0,patch_27_10,6912,7168,2560,2816,65536,MSAVI,-0.12890625,47744,,,,
1985,0,patch_27_10,6912,7168,2560,2816,65536,NDVI,-0.59765625,17771,5399.0,0.0220547357847422,5216.0,0.0308115847033293
1986,0,patch_27_11,6912,7168,2816,3072,65536,MSAVI,-0.19921875,45937,,,,
1987,0,patch_27_11,6912,7168,2816,3072,65536,NDVI,-0.75390625,19597,5516.0,0.0228092333899455,5722.0,0.0321724141064307
1988,0,patch_27_12,6912,7168,3072,3328,65536,MSAVI,-0.33984375,47741,,,,
1989,0,patch_27_12,6912,7168,3072,3328,65536,NDVI,-0.69921875,9501,6038.0,0.0256970369847994,6709.0,0.0320507885555107
1990,0,patch_27_13,6912,7168,3328,3584,65536,MSAVI,-0.33984375,39261,,,,
1991,0,patch_27_13,6912,7168,3328,3584,65536,NDVI,-0.75390625,7738,11077.0,0.0155208465010482,13515.0,0.0234900114232042
1992,0,patch_27_14,6912,7168,3584,3840,65536,MSAVI,-0.36328125,35909,,,,
1993,0,patch_27_14,6912,7168,3584,3840,65536,NDVI,-0.76171875,8487,11959.0,0.011190529767059,15320.0,0.0185237216786313
1994,0,patch_27_15,6912,7168,3840,4096,65536,MSAVI,-0.25390625,34799,,,,
1995,0,patch_27_15,6912,7168,3840,4096,65536,NDVI,-0.76953125,11146,17466.0,0.0116301156761383,19823.0,0.0192767568228137
1996,0,patch_27_16,6912,7168,4096,4352,65536,MSAVI,-0.16796875,33597,,,,
1997,0,patch_27_16,6912,7168,4096,4352,65536,NDVI,-0.69921875,12764,11176.0,0.005355975207757,17582.0,0.0144689244907703
1998,0,patch_27_17,6912,7168,4352,4608,65536,MSAVI,-0.20703125,39853,,,,
1999,0,patch_27_17,6912,7168,4352,4608,65536,NDVI,-0.70703125,10021,13523.0,0.020119717822824,14544.0,0.0258119509999291
2000,0,patch_27_18,6912,7168,4608,4864,65536,MSAVI,-0.23046875,37798,,,,
2001,0,patch_27_18,6912,7168,4608,4864,65536,NDVI,-0.69140625,7606,13873.0,0.0145386047606319,65536.0,0.0208359734415027
2002,0,patch_27_19,6912,7168,4864,5120,65536,MSAVI,-0.14453125,34173,,,,
2003,0,patch_27_19,6912,7168,4864,5120,65536,NDVI,-0.72265625,14676,10760.0,0.0068579598298674,17417.0,0.0160453737255755
2004,0,patch_27_20,6912,7168,5120,5376,65536,MSAVI,-0.16015625,33456,,,,
2005,0,patch_27_20,6912,7168,5120,5376,65536,NDVI,-0.70703125,17276,11673.0,0.0058949586120938,15155.0,0.0120510914244265
2006,0,patch_27_21,6912,7168,5376,5632,65536,MSAVI,-0.17578125,42970,,,,
2007,0,patch_27_21,6912,7168,5376,5632,65536,NDVI,-0.65234375,21557,14824.0,0.0239844783681808,14858.0,0.0313870591729472
2008,0,patch_27_22,6912,7168,5632,5888,65536,MSAVI,-0.31640625,35906,,,,
2009,0,patch_27_22,6912,7168,5632,5888,65536,NDVI,-0.75390625,24389,22347.0,0.0268647191978512,65536.0,0.0353623907725041
2010,0,patch_27_23,6912,7168,5888,6144,65536,MSAVI,-0.24609375,35719,,,,
2011,0,patch_27_23,6912,7168,5888,6144,65536,NDVI,-0.71484375,9424,18653.0,0.0220792184529713,20315.0,0.0280307832698199
2012,0,patch_27_24,6912,7168,6144,6400,65536,MSAVI,-0.00390625,36077,,,,
2013,0,patch_27_24,6912,7168,6144,6400,65536,NDVI,-0.71484375,11821,15903.0,0.0199888257994899,16038.0,0.0238871710174268
2014,0,patch_27_25,6912,7168,6400,6656,65536,MSAVI,-0.23828125,34189,,,,
2015,0,patch_27_25,6912,7168,6400,6656,65536,NDVI,-0.62109375,7933,13178.0,0.0092682123164353,65536.0,0.0174334319503583
2016,0,patch_27_26,6912,7168,6656,6912,65536,MSAVI,-0.21484375,34906,,,,
2017,0,patch_27_26,6912,7168,6656,6912,65536,NDVI,-0.70703125,8226,11433.0,0.0063091105453415,17495.0,0.0165078836579103
2018,0,patch_27_27,6912,7168,6912,7168,65536,MSAVI,-0.26171875,37688,,,,
2019,0,patch_27_27,6912,7168,6912,7168,65536,NDVI,-0.67578125,6559,11731.0,0.0125349661152594,13576.0,0.0203591443168557
2020,0,patch_27_28,6912,7168,7168,7424,65536,MSAVI,-0.21484375,34620,,,,
2021,0,patch_27_28,6912,7168,7168,7424,65536,NDVI,-0.80078125,12087,10105.0,0.0075184133164467,12599.0,0.0130338286939056
2022,0,patch_27_29,6912,7168,7424,7680,65536,MSAVI,-0.21484375,31048,,,,
2023,0,patch_27_29,6912,7168,7424,7680,65536,NDVI,-0.76171875,12407,11602.0,0.0022734497964966,18966.0,0.0125352145299117
2024,0,patch_27_30,6912,7168,7680,7936,65536,MSAVI,-0.10546875,31538,,,,
2025,0,patch_27_30,6912,7168,7680,7936,65536,NDVI,-0.70703125,16786,13825.0,0.0038160816018438,24124.0,0.0160284189334885
2026,0,patch_27_31,6912,7168,7936,8192,65536,MSAVI,-0.29296875,34984,,,,
2027,0,patch_27_31,6912,7168,7936,8192,65536,NDVI,-0.73046875,10358,11075.0,0.0069586676291229,15194.0,0.014613455269256
2028,0,patch_27_32,6912,7168,8192,8448,65536,MSAVI,-0.17578125,33372,,,,
2029,0,patch_27_32,6912,7168,8192,8448,65536,NDVI,-0.67578125,10840,7439.0,0.0053578421175692,12112.0,0.0124200293413369
2030,0,patch_27_33,6912,7168,8448,8704,65536,MSAVI,-0.15234375,33172,,,,
2031,0,patch_27_33,6912,7168,8448,8704,65536,NDVI,-0.67578125,11467,7199.0,0.0027303090616227,13102.0,0.010584639470607
2032,0,patch_27_34,6912,7168,8704,8960,65536,MSAVI,-0.08984375,31892,,,,
2033,0,patch_27_34,6912,7168,8704,8960,65536,NDVI,-0.75390625,15358,14694.0,0.00443197179429,65536.0,0.0142688469503051
2034,0,patch_27_35,6912,7168,8960,9216,65536,MSAVI,-0.10546875,36957,,,,
2035,0,patch_27_35,6912,7168,8960,9216,65536,NDVI,-0.77734375,10715,10353.0,0.0109905154959545,65416.0,0.0177384034821007
2036,0,patch_27_36,6912,7168,9216,9472,65536,MSAVI,-0.08203125,32220,,,,
2037,0,patch_27_36,6912,7168,9216,9472,65536,NDVI,-0.69140625,15372,11817.0,0.0050040132378532,21609.0,0.0166585327386894
2038,0,patch_27_37,6912,7168,9472,9728,65536,MSAVI,-0.05859375,29926,,,,
2039,0,patch_27_37,6912,7168,9472,9728,65536,NDVI,-0.69140625,23258,15874.0,0.0069059552698922,65438.0,0.0169951112862757
2040,0,patch_28_0,7168,7424,0,256,65536,MSAVI,-0.41015625,32021,,,,
2041,0,patch_28_0,7168,7424,0,256,65536,NDVI,-0.76953125,8911,6612.0,0.004038703062625,12463.0,0.0116143996581279
2042,0,patch_28_1,7168,7424,256,512,65536,MSAVI,-0.38671875,35494,,,,
2043,0,patch_28_1,7168,7424,256,512,65536,NDVI,-0.76953125,9263,12899.0,0.0097511499118814,16043.0,0.0199931568871956
2044,0,patch_28_2,7168,7424,512,768,65536,MSAVI,-0.00390625,32310,,,,
2045,0,patch_28_2,7168,7424,512,768,65536,NDVI,-0.80859375,14408,10910.0,0.0046683217398657,15595.0,0.0131299612325016
2046,0,patch_28_3,7168,7424,768,1024,65536,MSAVI,-0.24609375,35233,,,,
2047,0,patch_28_3,7168,7424,768,1024,65536,NDVI,-0.80859375,18572,10165.0,0.0075942273472369,12110.0,0.0139731037410697
2048,0,patch_28_4,7168,7424,1024,1280,65536,MSAVI,-0.14453125,35093,,,,
2049,0,patch_28_4,7168,7424,1024,1280,65536,NDVI,-0.77734375,23399,5946.0,0.0068229795432043,8142.0,0.0120317206722807
2050,0,patch_28_5,7168,7424,1280,1536,65536,MSAVI,-0.14453125,38262,,,,
2051,0,patch_28_5,7168,7424,1280,1536,65536,NDVI,-0.75390625,27249,7028.0,0.0120854437820758,10054.0,0.0189302077954027
2052,0,patch_28_6,7168,7424,1536,1792,65536,MSAVI,-0.29296875,35811,,,,
2053,0,patch_28_6,7168,7424,1536,1792,65536,NDVI,-0.80078125,26787,11649.0,0.0084454894728942,13985.0,0.0151525818135672
2054,0,patch_28_7,7168,7424,1792,2048,65536,MSAVI,-0.15234375,34124,,,,
2055,0,patch_28_7,7168,7424,1792,2048,65536,NDVI,-0.72265625,31409,6153.0,0.0046865700146278,12167.0,0.0124738841777413
2056,0,patch_28_8,7168,7424,2048,2304,65536,MSAVI,0.01171875,33085,,,,
2057,0,patch_28_8,7168,7424,2048,2304,65536,NDVI,-0.73828125,31403,5683.0,0.0044443669368941,11003.0,0.0105345803557315
2058,0,patch_28_9,7168,7424,2304,2560,65536,MSAVI,-0.12890625,37903,,,,
2059,0,patch_28_9,7168,7424,2304,2560,65536,NDVI,-0.70703125,26023,9276.0,0.0100949043142135,11131.0,0.0170564500467611
2060,0,patch_28_10,7168,7424,2560,2816,65536,MSAVI,-0.22265625,47373,,,,
2061,0,patch_28_10,7168,7424,2560,2816,65536,NDVI,-0.70703125,18152,5633.0,0.023745125100769,5990.0,0.0318391359868062
2062,0,patch_28_11,7168,7424,2816,3072,65536,MSAVI,-0.34765625,44735,,,,
2063,0,patch_28_11,7168,7424,2816,3072,65536,NDVI,-0.78515625,20800,3601.0,0.0198650392076534,4660.0,0.0276055738485183
2064,0,patch_28_12,7168,7424,3072,3328,65536,MSAVI,-0.17578125,36586,,,,
2065,0,patch_28_12,7168,7424,3072,3328,65536,NDVI,-0.75390625,27592,4611.0,0.0092682164934595,7346.0,0.0148225680447706
2066,0,patch_28_13,7168,7424,3328,3584,65536,MSAVI,-0.24609375,36856,,,,
2067,0,patch_28_13,7168,7424,3328,3584,65536,NDVI,-0.75390625,19622,14436.0,0.0122854306933539,17813.0,0.0198820790287013
2068,0,patch_28_14,7168,7424,3584,3840,65536,MSAVI,-0.30078125,36799,,,,
2069,0,patch_28_14,7168,7424,3584,3840,65536,NDVI,-0.76953125,10670,12407.0,0.014029469050485,14563.0,0.0220329395165808
2070,0,patch_28_15,7168,7424,3840,4096,65536,MSAVI,-0.26953125,35659,,,,
2071,0,patch_28_15,7168,7424,3840,4096,65536,NDVI,-0.61328125,8042,11476.0,0.0109989335569728,14968.0,0.0219801658106948
2072,0,patch_28_16,7168,7424,4096,4352,65536,MSAVI,0.01953125,36188,,,,
2073,0,patch_28_16,7168,7424,4096,4352,65536,NDVI,-0.77734375,13017,10047.0,0.0114680293583744,65536.0,0.0194858677515493
2074,0,patch_28_17,7168,7424,4352,4608,65536,MSAVI,-0.00390625,35804,,,,
2075,0,patch_28_17,7168,7424,4352,4608,65536,NDVI,-0.71484375,12504,8488.0,0.0088189067746934,12930.0,0.0163016881059922
2076,0,patch_28_18,7168,7424,4608,4864,65536,MSAVI,-0.12890625,34034,,,,
2077,0,patch_28_18,7168,7424,4608,4864,65536,NDVI,-0.73828125,15180,12669.0,0.0072640114647285,18502.0,0.018705765857246
2078,0,patch_28_19,7168,7424,4864,5120,65536,MSAVI,-0.16015625,35409,,,,
2079,0,patch_28_19,7168,7424,4864,5120,65536,NDVI,-0.69140625,11964,11329.0,0.0102559897647338,15257.0,0.0205190555382789
2080,0,patch_28_20,7168,7424,5120,5376,65536,MSAVI,-0.19921875,36079,,,,
2081,0,patch_28_20,7168,7424,5120,5376,65536,NDVI,-0.70703125,15423,11580.0,0.0084536775931837,15897.0,0.0172441731037177
2082,0,patch_28_21,7168,7424,5376,5632,65536,MSAVI,-0.27734375,40371,,,,
2083,0,patch_28_21,7168,7424,5376,5632,65536,NDVI,-0.73828125,18224,9774.0,0.0178547903268735,65536.0,0.0201657893717955
2084,0,patch_28_22,7168,7424,5632,5888,65536,MSAVI,-0.55859375,30903,,,,
2085,0,patch_28_22,7168,7424,5632,5888,65536,NDVI,-0.85546875,31274,30174.0,0.0289167436427914,65536.0,0.0340011541872194
2086,0,patch_28_23,7168,7424,5888,6144,65536,MSAVI,-0.49609375,40245,,,,
2087,0,patch_28_23,7168,7424,5888,6144,65536,NDVI,-0.79296875,7806,13346.0,0.020574614985769,65536.0,0.0280487311145536
2088,0,patch_28_24,7168,7424,6144,6400,65536,MSAVI,-0.11328125,38997,,,,
2089,0,patch_28_24,7168,7424,6144,6400,65536,NDVI,-0.69140625,14226,11020.0,0.0149567772972675,12941.0,0.0214773783884113
2090,0,patch_28_25,7168,7424,6400,6656,65536,MSAVI,-0.21484375,32893,,,,
2091,0,patch_28_25,7168,7424,6400,6656,65536,NDVI,-0.70703125,12104,7776.0,0.0044462820557891,16539.0,0.0147179234835165
2092,0,patch_28_26,7168,7424,6656,6912,65536,MSAVI,-0.34765625,36068,,,,
2093,0,patch_28_26,7168,7424,6656,6912,65536,NDVI,-0.74609375,8832,15439.0,0.0154610522087629,17123.0,0.0215359526034945
2094,0,patch_28_27,7168,7424,6912,7168,65536,MSAVI,-0.20703125,39952,,,,
2095,0,patch_28_27,7168,7424,6912,7168,65536,NDVI,-0.68359375,5557,7618.0,0.0148891151568213,9186.0,0.0217972164619096
2096,0,patch_28_28,7168,7424,7168,7424,65536,MSAVI,-0.01171875,35023,,,,
2097,0,patch_28_28,7168,7424,7168,7424,65536,NDVI,-0.70703125,11337,9721.0,0.0073318425540484,13021.0,0.0140726186295032
2098,0,patch_28_29,7168,7424,7424,7680,65536,MSAVI,-0.14453125,35055,,,,
2099,0,patch_28_29,7168,7424,7424,7680,65536,NDVI,-0.70703125,12864,9133.0,0.0073808121822965,13174.0,0.0143604929704296
2100,0,patch_28_30,7168,7424,7680,7936,65536,MSAVI,-0.19140625,31957,,,,
2101,0,patch_28_30,7168,7424,7680,7936,65536,NDVI,-0.74609375,14561,12774.0,0.0042043147323277,20533.0,0.0138272436028331
2102,0,patch_28_31,7168,7424,7936,8192,65536,MSAVI,-0.19140625,34275,,,,
2103,0,patch_28_31,7168,7424,7936,8192,65536,NDVI,-0.69140625,10746,11798.0,0.0071802680953348,15833.0,0.014614378621322
2104,0,patch_28_32,7168,7424,8192,8448,65536,MSAVI,-0.47265625,37249,,,,
2105,0,patch_28_32,7168,7424,8192,8448,65536,NDVI,-0.83203125,14008,11437.0,0.0119472183935477,13492.0,0.0191637867326164
2106,0,patch_28_33,7168,7424,8448,8704,65536,MSAVI,-0.08984375,32228,,,,
2107,0,patch_28_33,7168,7424,8448,8704,65536,NDVI,-0.70703125,17779,11428.0,0.0052967827185319,19318.0,0.016313110008548
2108,0,patch_28_34,7168,7424,8704,8960,65536,MSAVI,-0.15234375,32476,,,,
2109,0,patch_28_34,7168,7424,8704,8960,65536,NDVI,-0.76171875,13526,16029.0,0.0063955778564874,22979.0,0.0173425278900758
2110,0,patch_28_35,7168,7424,8960,9216,65536,MSAVI,-0.04296875,32697,,,,
2111,0,patch_28_35,7168,7424,8960,9216,65536,NDVI,-0.62890625,18506,22264.0,0.0164164854238329,65406.0,0.0186934290848807
2112,0,patch_28_36,7168,7424,9216,9472,65536,MSAVI,0.05078125,33459,,,,
2113,0,patch_28_36,7168,7424,9216,9472,65536,NDVI,-0.66015625,15826,20523.0,0.0155709117177876,65536.0,0.0219579324970909
2114,0,patch_28_37,7168,7424,9472,9728,65536,MSAVI,-0.02734375,34618,,,,
2115,0,patch_28_37,7168,7424,9472,9728,65536,NDVI,-0.52734375,10857,16898.0,0.0174166935704479,18091.0,0.021455753391055
2116,0,patch_29_0,7424,7680,0,256,65536,MSAVI,0.04296875,35533,,,,
2117,0,patch_29_0,7424,7680,0,256,65536,NDVI,-0.73046875,16157,9613.0,0.0083313955419566,11010.0,0.0143182331089983
2118,0,patch_29_1,7424,7680,256,512,65536,MSAVI,-0.19921875,35762,,,,
2119,0,patch_29_1,7424,7680,256,512,65536,NDVI,-0.73828125,10432,10056.0,0.0073663107111716,13249.0,0.0172482108260366
2120,0,patch_29_2,7424,7680,512,768,65536,MSAVI,-0.27734375,39605,,,,
2121,0,patch_29_2,7424,7680,512,768,65536,NDVI,-0.73828125,9537,14147.0,0.0165156181918275,14990.0,0.0240753950142285
2122,0,patch_29_3,7424,7680,768,1024,65536,MSAVI,-0.29296875,38267,,,,
2123,0,patch_29_3,7424,7680,768,1024,65536,NDVI,-0.78515625,26254,10786.0,0.0099005755548899,13182.0,0.0181822234450793
2124,0,patch_29_4,7424,7680,1024,1280,65536,MSAVI,-0.16015625,31388,,,,
2125,0,patch_29_4,7424,7680,1024,1280,65536,NDVI,-0.81640625,28834,6869.0,0.0023409434921325,12092.0,0.0101067292867261
2126,0,patch_29_5,7424,7680,1280,1536,65536,MSAVI,-0.22265625,31536,,,,
2127,0,patch_29_5,7424,7680,1280,1536,65536,NDVI,-0.79296875,33998,8515.0,0.002968598100115,15152.0,0.0129522911384549
2128,0,patch_29_6,7424,7680,1536,1792,65536,MSAVI,-0.28515625,38515,,,,
2129,0,patch_29_6,7424,7680,1536,1792,65536,NDVI,-0.78515625,26901,15696.0,0.0169861351413314,15751.0,0.0228925428158646
2130,0,patch_29_7,7424,7680,1792,2048,65536,MSAVI,-0.06640625,34061,,,,
2131,0,patch_29_7,7424,7680,1792,2048,65536,NDVI,-0.73046875,24748,5743.0,0.004158391603911,11456.0,0.0113499241236212
2132,0,patch_29_8,7424,7680,2048,2304,65536,MSAVI,-0.14453125,33655,,,,
2133,0,patch_29_8,7424,7680,2048,2304,65536,NDVI,-0.76171875,31109,4967.0,0.0026005223413956,8716.0,0.0099303203197187
2134,0,patch_29_9,7424,7680,2304,2560,65536,MSAVI,-0.29296875,40131,,,,
2135,0,patch_29_9,7424,7680,2304,2560,65536,NDVI,-0.76171875,24885,8002.0,0.0132626085962954,9643.0,0.0211912972585015
2136,0,patch_29_10,7424,7680,2560,2816,65536,MSAVI,-0.33203125,41772,,,,
2137,0,patch_29_10,7424,7680,2560,2816,65536,NDVI,-0.79296875,23576,10003.0,0.0189351980065408,11586.0,0.0271054474180159
2138,0,patch_29_11,7424,7680,2816,3072,65536,MSAVI,-0.26953125,41553,,,,
2139,0,patch_29_11,7424,7680,2816,3072,65536,NDVI,-0.75390625,20604,9755.0,0.0176324449367508,11279.0,0.025793853965441
2140,0,patch_29_12,7424,7680,3072,3328,65536,MSAVI,-0.16796875,40258,,,,
2141,0,patch_29_12,7424,7680,3072,3328,65536,NDVI,-0.73828125,23918,4578.0,0.0108194502433764,6850.0,0.0189023108426316
2142,0,patch_29_13,7424,7680,3328,3584,65536,MSAVI,-0.19140625,38800,,,,
2143,0,patch_29_13,7424,7680,3328,3584,65536,NDVI,-0.72265625,23860,7859.0,0.010154888997246,9373.0,0.0176232241605342
2144,0,patch_29_14,7424,7680,3584,3840,65536,MSAVI,-0.31640625,41089,,,,
2145,0,patch_29_14,7424,7680,3584,3840,65536,NDVI,-0.71484375,9592,9319.0,0.0173863038921664,11197.0,0.0267308164925228
2146,0,patch_29_15,7424,7680,3840,4096,65536,MSAVI,-0.35546875,37000,,,,
2147,0,patch_29_15,7424,7680,3840,4096,65536,NDVI,-0.82421875,8832,10472.0,0.0123380275034742,14918.0,0.0205387246611684
2148,0,patch_29_16,7424,7680,4096,4352,65536,MSAVI,-0.15234375,34625,,,,
2149,0,patch_29_16,7424,7680,4096,4352,65536,NDVI,-0.69921875,10966,9386.0,0.0053482587722976,15720.0,0.0135040352628189
2150,0,patch_29_17,7424,7680,4352,4608,65536,MSAVI,-0.19921875,40170,,,,
2151,0,patch_29_17,7424,7680,4352,4608,65536,NDVI,-0.69921875,8930,7029.0,0.0126456762147039,9057.0,0.0218915228731376
2152,0,patch_29_18,7424,7680,4608,4864,65536,MSAVI,-0.04296875,38997,,,,
2153,0,patch_29_18,7424,7680,4608,4864,65536,NDVI,-0.72265625,13646,18491.0,0.0191624968537654,18349.0,0.0261322636930393
2154,0,patch_29_19,7424,7680,4864,5120,65536,MSAVI,-0.04296875,34047,,,,
2155,0,patch_29_19,7424,7680,4864,5120,65536,NDVI,-0.69921875,18662,12294.0,0.0083468377362427,18144.0,0.0164550410631838
2156,0,patch_29_20,7424,7680,5120,5376,65536,MSAVI,-0.16015625,38546,,,,
2157,0,patch_29_20,7424,7680,5120,5376,65536,NDVI,-0.69921875,17367,14461.0,0.0142067520545519,15630.0,0.0215297824058209
2158,0,patch_29_21,7424,7680,5376,5632,65536,MSAVI,0.00390625,30306,,,,
2159,0,patch_29_21,7424,7680,5376,5632,65536,NDVI,-0.73046875,35156,27199.0,0.0314643996115793,65536.0,0.0212818692668865
2160,0,patch_29_22,7424,7680,5632,5888,65536,MSAVI,-0.37109375,39087,,,,
2161,0,patch_29_22,7424,7680,5632,5888,65536,NDVI,-0.77734375,21380,17643.0,0.0270985706505049,18034.0,0.0327555082791888
2162,0,patch_29_23,7424,7680,5888,6144,65536,MSAVI,-0.39453125,36458,,,,
2163,0,patch_29_23,7424,7680,5888,6144,65536,NDVI,-0.75390625,9336,12562.0,0.012181444261724,13812.0,0.0195766020191711
2164,0,patch_29_24,7424,7680,6144,6400,65536,MSAVI,-0.33984375,31870,,,,
2165,0,patch_29_24,7424,7680,6144,6400,65536,NDVI,-0.73828125,9365,14188.0,0.0039334063866743,65536.0,0.0159913519430164
2166,0,patch_29_25,7424,7680,6400,6656,65536,MSAVI,-0.30078125,40094,,,,
2167,0,patch_29_25,7424,7680,6400,6656,65536,NDVI,-0.76171875,15088,13505.0,0.0214593370667171,14231.0,0.0273417947040335
2168,0,patch_29_26,7424,7680,6656,6912,65536,MSAVI,-0.32421875,33950,,,,
2169,0,patch_29_26,7424,7680,6656,6912,65536,NDVI,-0.76953125,18611,18786.0,0.0153705216181772,20107.0,0.0213736988457343
2170,0,patch_29_27,7424,7680,6912,7168,65536,MSAVI,-0.09765625,37886,,,,
2171,0,patch_29_27,7424,7680,6912,7168,65536,NDVI,-0.70703125,10381,11953.0,0.014572051861286,13960.0,0.0227464194279095
2172,0,patch_29_28,7424,7680,7168,7424,65536,MSAVI,-0.28515625,36311,,,,
2173,0,patch_29_28,7424,7680,7168,7424,65536,NDVI,-0.71484375,10861,10549.0,0.0087777783286596,13913.0,0.0171425407212893
2174,0,patch_29_29,7424,7680,7424,7680,65536,MSAVI,-0.14453125,34401,,,,
2175,0,patch_29_29,7424,7680,7424,7680,65536,NDVI,-0.73828125,12863,6837.0,0.0053854667348897,13369.0,0.012824964049023
2176,0,patch_29_30,7424,7680,7680,7936,65536,MSAVI,-0.10546875,35810,,,,
2177,0,patch_29_30,7424,7680,7680,7936,65536,NDVI,-0.66796875,13286,12499.0,0.0091988034638986,16204.0,0.0184515989676178
2178,0,patch_29_31,7424,7680,7936,8192,65536,MSAVI,-0.39453125,35340,,,,
2179,0,patch_29_31,7424,7680,7936,8192,65536,NDVI,-0.83203125,13229,14528.0,0.0117496945251064,16403.0,0.0179987585704232
2180,0,patch_29_32,7424,7680,8192,8448,65536,MSAVI,-0.35546875,36636,,,,
2181,0,patch_29_32,7424,7680,8192,8448,65536,NDVI,-0.81640625,14393,11761.0,0.0103130344431069,12749.0,0.0160534445386352
2182,0,patch_29_33,7424,7680,8448,8704,65536,MSAVI,-0.23046875,34568,,,,
2183,0,patch_29_33,7424,7680,8448,8704,65536,NDVI,-0.73828125,11881,12744.0,0.0072617262784661,18016.0,0.0178591907558493
2184,0,patch_29_34,7424,7680,8704,8960,65536,MSAVI,-0.27734375,33390,,,,
2185,0,patch_29_34,7424,7680,8704,8960,65536,NDVI,-0.65234375,8664,13664.0,0.0070652576441236,17767.0,0.0142173649989854
2186,0,patch_29_35,7424,7680,8960,9216,65536,MSAVI,-0.08203125,31650,,,,
2187,0,patch_29_35,7424,7680,8960,9216,65536,NDVI,-0.71484375,17246,9215.0,0.0016755891360041,20645.0,0.0123170815140335
2188,0,patch_29_36,7424,7680,9216,9472,65536,MSAVI,-0.28515625,32533,,,,
2189,0,patch_29_36,7424,7680,9216,9472,65536,NDVI,-0.80078125,16715,18552.0,0.010679670068625,22166.0,0.0188014524840341
2190,0,patch_29_37,7424,7680,9472,9728,65536,MSAVI,0.06640625,34312,,,,
2191,0,patch_29_37,7424,7680,9472,9728,65536,NDVI,-0.69921875,15719,17467.0,0.0137738881958829,17863.0,0.0185732119148387
2192,0,patch_30_0,7680,7936,0,256,65536,MSAVI,-0.17578125,31678,,,,
2193,0,patch_30_0,7680,7936,0,256,65536,NDVI,-0.73828125,20978,9226.0,0.0014551240144156,17533.0,0.0131964756846178
2194,0,patch_30_1,7680,7936,256,512,65536,MSAVI,-0.12890625,38478,,,,
2195,0,patch_30_1,7680,7936,256,512,65536,NDVI,-0.76171875,23141,7980.0,0.0108848641493051,9880.0,0.0191926955071305
2196,0,patch_30_2,7680,7936,512,768,65536,MSAVI,-0.20703125,32574,,,,
2197,0,patch_30_2,7680,7936,512,768,65536,NDVI,-0.80078125,14243,14293.0,0.0046904934173198,21146.0,0.0155144470096174
2198,0,patch_30_3,7680,7936,768,1024,65536,MSAVI,-0.16015625,31635,,,,
2199,0,patch_30_3,7680,7936,768,1024,65536,NDVI,-0.80078125,31357,10160.0,0.0023756548855982,16780.0,0.0120077651679406
2200,0,patch_30_4,7680,7936,1024,1280,65536,MSAVI,-0.02734375,30864,,,,
2201,0,patch_30_4,7680,7936,1024,1280,65536,NDVI,-0.76953125,30968,5803.0,0.0007327404011951,12349.0,0.0094866506478994
2202,0,patch_30_5,7680,7936,1280,1536,65536,MSAVI,-0.25390625,32573,,,,
2203,0,patch_30_5,7680,7936,1280,1536,65536,NDVI,-0.77734375,23245,8861.0,0.0041089437180178,18118.0,0.0148277287919863
2204,0,patch_30_6,7680,7936,1536,1792,65536,MSAVI,-0.22265625,31901,,,,
2205,0,patch_30_6,7680,7936,1536,1792,65536,NDVI,-0.76171875,23979,17504.0,0.0045678353274038,21685.0,0.0153212249352165
2206,0,patch_30_7,7680,7936,1792,2048,65536,MSAVI,-0.20703125,36589,,,,
2207,0,patch_30_7,7680,7936,1792,2048,65536,NDVI,-0.73046875,16789,6565.0,0.0081578513869601,9586.0,0.0153132219795073
2208,0,patch_30_8,7680,7936,2048,2304,65536,MSAVI,-0.11328125,35100,,,,
2209,0,patch_30_8,7680,7936,2048,2304,65536,NDVI,-0.73828125,24569,5619.0,0.0064789624640387,10341.0,0.014525156383777
2210,0,patch_30_9,7680,7936,2304,2560,65536,MSAVI,-0.15234375,41177,,,,
2211,0,patch_30_9,7680,7936,2304,2560,65536,NDVI,-0.72265625,24295,5956.0,0.0139866458609042,9612.0,0.0233666583542759
2212,0,patch_30_10,7680,7936,2560,2816,65536,MSAVI,-0.37890625,45320,,,,
2213,0,patch_30_10,7680,7936,2560,2816,65536,NDVI,-0.72265625,20213,7904.0,0.0202280912068529,8405.0,0.0308988218925082
2214,0,patch_30_11,7680,7936,2816,3072,65536,MSAVI,-0.26171875,42856,,,,
2215,0,patch_30_11,7680,7936,2816,3072,65536,NDVI,-0.74609375,21978,7428.0,0.0172120572227066,8541.0,0.0259906300922057
2216,0,patch_30_12,7680,7936,3072,3328,65536,MSAVI,-0.14453125,38789,,,,
2217,0,patch_30_12,7680,7936,3072,3328,65536,NDVI,-0.70703125,25807,7577.0,0.0106388569255157,10083.0,0.0185999441140523
2218,0,patch_30_13,7680,7936,3328,3584,65536,MSAVI,-0.08203125,39737,,,,
2219,0,patch_30_13,7680,7936,3328,3584,65536,NDVI,-0.65234375,25795,4561.0,0.0115008557502287,6030.0,0.0172116195415679
2220,0,patch_30_14,7680,7936,3584,3840,65536,MSAVI,-0.32421875,42031,,,,
2221,0,patch_30_14,7680,7936,3584,3840,65536,NDVI,-0.76953125,20584,9577.0,0.0174774227916489,11269.0,0.0270690761872696
2222,0,patch_30_15,7680,7936,3840,4096,65536,MSAVI,-0.15234375,36097,,,,
2223,0,patch_30_15,7680,7936,3840,4096,65536,NDVI,-0.80859375,14204,10935.0,0.0088455878298942,15717.0,0.0168574209959388
2224,0,patch_30_16,7680,7936,4096,4352,65536,MSAVI,-0.19921875,33280,,,,
2225,0,patch_30_16,7680,7936,4096,4352,65536,NDVI,-0.76171875,20124,6110.0,0.0049383638890923,10896.0,0.0120957589220333
2226,0,patch_30_17,7680,7936,4352,4608,65536,MSAVI,-0.18359375,33129,,,,
2227,0,patch_30_17,7680,7936,4352,4608,65536,NDVI,-0.72265625,15337,10880.0,0.0061675941396061,17583.0,0.0134065737104135
2228,0,patch_30_18,7680,7936,4608,4864,65536,MSAVI,-0.28515625,34305,,,,
2229,0,patch_30_18,7680,7936,4608,4864,65536,NDVI,-0.75390625,19276,13722.0,0.0084284491898547,18402.0,0.0195317411507048
2230,0,patch_30_19,7680,7936,4864,5120,65536,MSAVI,-0.08203125,33664,,,,
2231,0,patch_30_19,7680,7936,4864,5120,65536,NDVI,-0.75390625,13763,12644.0,0.0044572213314981,21546.0,0.0196206914023398
2232,0,patch_30_20,7680,7936,5120,5376,65536,MSAVI,-0.23828125,39353,,,,
2233,0,patch_30_20,7680,7936,5120,5376,65536,NDVI,-0.74609375,18537,10968.0,0.0128717475965745,14585.0,0.0209045878870204
2234,0,patch_30_21,7680,7936,5376,5632,65536,MSAVI,-0.19921875,19531,,,,
2235,0,patch_30_21,7680,7936,5376,5632,65536,NDVI,-0.99609375,46005,0.0,-0.0239774382108287,65217.0,0.0123630603548183
2236,0,patch_30_22,7680,7936,5632,5888,65536,MSAVI,-0.33203125,39803,,,,
2237,0,patch_30_22,7680,7936,5632,5888,65536,NDVI,-0.76171875,24623,12264.0,0.0199815191546252,13421.0,0.0291805179451682
2238,0,patch_30_23,7680,7936,5888,6144,65536,MSAVI,-0.23828125,35085,,,,
2239,0,patch_30_23,7680,7936,5888,6144,65536,NDVI,-0.75390625,14248,11421.0,0.0076971879495795,16981.0,0.0190449010541286
2240,0,patch_30_24,7680,7936,6144,6400,65536,MSAVI,-0.32421875,31729,,,,
2241,0,patch_30_24,7680,7936,6144,6400,65536,NDVI,-0.77734375,11941,7678.0,0.0023051143916654,15306.0,0.0113783445819916
2242,0,patch_30_25,7680,7936,6400,6656,65536,MSAVI,-0.03515625,35182,,,,
2243,0,patch_30_25,7680,7936,6400,6656,65536,NDVI,-0.61328125,11587,16720.0,0.0171704437015494,65536.0,0.0213467825215643
2244,0,patch_30_26,7680,7936,6656,6912,65536,MSAVI,-0.30078125,34401,,,,
2245,0,patch_30_26,7680,7936,6656,6912,65536,NDVI,-0.72265625,11224,14683.0,0.0131236432707809,65507.0,0.0188546061537508
2246,0,patch_30_27,7680,7936,6912,7168,65536,MSAVI,-0.24609375,33982,,,,
2247,0,patch_30_27,7680,7936,6912,7168,65536,NDVI,-0.76953125,14594,13028.0,0.0069957075338988,19861.0,0.0180104354694864
2248,0,patch_30_28,7680,7936,7168,7424,65536,MSAVI,-0.15234375,32471,,,,
2249,0,patch_30_28,7680,7936,7168,7424,65536,NDVI,-0.72265625,14936,8453.0,0.0027910597392041,17222.0,0.0132643835880393
2250,0,patch_30_29,7680,7936,7424,7680,65536,MSAVI,-0.30078125,32949,,,,
2251,0,patch_30_29,7680,7936,7424,7680,65536,NDVI,-0.74609375,10345,6209.0,0.0018919292638103,13260.0,0.0110319029374093
2252,0,patch_30_30,7680,7936,7680,7936,65536,MSAVI,-0.12890625,34863,,,,
2253,0,patch_30_30,7680,7936,7680,7936,65536,NDVI,-0.74609375,16101,12093.0,0.008224977420316,14135.0,0.0140677943535415
2254,0,patch_30_31,7680,7936,7936,8192,65536,MSAVI,-0.09765625,32104,,,,
2255,0,patch_30_31,7680,7936,7936,8192,65536,NDVI,-0.69921875,16429,9343.0,0.0041316811304913,18262.0,0.0156310661349163
2256,0,patch_30_32,7680,7936,8192,8448,65536,MSAVI,-0.23828125,33300,,,,
2257,0,patch_30_32,7680,7936,8192,8448,65536,NDVI,-0.76953125,14996,10864.0,0.0052389153594172,17321.0,0.0153374366201979
2258,0,patch_30_33,7680,7936,8448,8704,65536,MSAVI,-0.12890625,33178,,,,
2259,0,patch_30_33,7680,7936,8448,8704,65536,NDVI,-0.69921875,13747,11775.0,0.005488245421119,18250.0,0.0161041583097815
2260,0,patch_30_34,7680,7936,8704,8960,65536,MSAVI,-0.24609375,37091,,,,
2261,0,patch_30_34,7680,7936,8704,8960,65536,NDVI,-0.69140625,8090,13773.0,0.0136017283192456,15793.0,0.0201693755275066
2262,0,patch_30_35,7680,7936,8960,9216,65536,MSAVI,-0.34765625,34072,,,,
2263,0,patch_30_35,7680,7936,8960,9216,65536,NDVI,-0.82421875,13764,15748.0,0.0120645922392988,20597.0,0.0217802892420073
2264,0,patch_30_36,7680,7936,9216,9472,65536,MSAVI,-0.23046875,31551,,,,
2265,0,patch_30_36,7680,7936,9216,9472,65536,NDVI,-0.74609375,18405,17395.0,0.0094238426202758,65536.0,0.0204650999559089
2266,0,patch_30_37,7680,7936,9472,9728,65536,MSAVI,-0.00390625,36521,,,,
2267,0,patch_30_37,7680,7936,9472,9728,65536,NDVI,-0.62109375,18544,21270.0,0.0302779210324064,65536.0,0.0251996249385536
2268,0,patch_31_0,7936,8192,0,256,65536,MSAVI,-0.44140625,52606,,,,
2269,0,patch_31_0,7936,8192,0,256,65536,NDVI,-0.99609375,12930,8111.0,0.0351046915760587,8171.0,0.0438112012957971
2270,0,patch_31_1,7936,8192,256,512,65536,MSAVI,-0.42578125,41628,,,,
2271,0,patch_31_1,7936,8192,256,512,65536,NDVI,-0.84765625,23908,9007.0,0.0198482924223067,9023.0,0.0236637496263913
2272,0,patch_31_2,7936,8192,512,768,65536,MSAVI,-0.24609375,36260,,,,
2273,0,patch_31_2,7936,8192,512,768,65536,NDVI,-0.99609375,29276,9889.0,0.0081105032679387,13462.0,0.0166670835502176
2274,0,patch_31_3,7936,8192,768,1024,65536,MSAVI,0.10546875,31633,,,,
2275,0,patch_31_3,7936,8192,768,1024,65536,NDVI,-0.76171875,24840,6718.0,0.0026719981746087,11510.0,0.0098446811646583
2276,0,patch_31_4,7936,8192,1024,1280,65536,MSAVI,-0.21484375,35022,,,,
2277,0,patch_31_4,7936,8192,1024,1280,65536,NDVI,-0.74609375,14670,6528.0,0.006806336305833,10676.0,0.0141108979592491
2278,0,patch_31_5,7936,8192,1280,1536,65536,MSAVI,-0.23046875,33070,,,,
2279,0,patch_31_5,7936,8192,1280,1536,65536,NDVI,-0.76171875,11362,8473.0,0.0050657561244438,13096.0,0.0129461422201432
2280,0,patch_31_6,7936,8192,1536,1792,65536,MSAVI,-0.26953125,35322,,,,
2281,0,patch_31_6,7936,8192,1536,1792,65536,NDVI,-0.80859375,13140,7825.0,0.0068657518256954,10257.0,0.0148377261281783
2282,0,patch_31_7,7936,8192,1792,2048,65536,MSAVI,-0.01953125,33448,,,,
2283,0,patch_31_7,7936,8192,1792,2048,65536,NDVI,-0.69921875,18522,6778.0,0.0046229213288863,10643.0,0.0113122925235651
2284,0,patch_31_8,7936,8192,2048,2304,65536,MSAVI,-0.18359375,29847,,,,
2285,0,patch_31_8,7936,8192,2048,2304,65536,NDVI,-0.73046875,19981,7519.0,-0.000532844407199,16559.0,0.0067901610759366
2286,0,patch_31_9,7936,8192,2304,2560,65536,MSAVI,-0.23828125,38577,,,,
2287,0,patch_31_9,7936,8192,2304,2560,65536,NDVI,-0.77734375,26671,3876.0,0.0100281289337813,6511.0,0.0172482503267195
2288,0,patch_31_10,7936,8192,2560,2816,65536,MSAVI,-0.26171875,41400,,,,
2289,0,patch_31_10,7936,8192,2560,2816,65536,NDVI,-0.76953125,24129,8234.0,0.0151936170778075,10105.0,0.0252736762955519
2290,0,patch_31_11,7936,8192,2816,3072,65536,MSAVI,-0.06640625,47957,,,,
2291,0,patch_31_11,7936,8192,2816,3072,65536,NDVI,-0.68359375,17576,5161.0,0.0234552833233721,5169.0,0.0321611628013201
2292,0,patch_31_12,7936,8192,3072,3328,65536,MSAVI,-0.19140625,47148,,,,
2293,0,patch_31_12,7936,8192,3072,3328,65536,NDVI,-0.70703125,18312,4574.0,0.0234514695901914,5380.0,0.0316798907161157
2294,0,patch_31_13,7936,8192,3328,3584,65536,MSAVI,-0.15234375,39120,,,,
2295,0,patch_31_13,7936,8192,3328,3584,65536,NDVI,-0.74609375,26057,6064.0,0.0116431072620385,8517.0,0.0179828730977344
2296,0,patch_31_14,7936,8192,3584,3840,65536,MSAVI,-0.34765625,41412,,,,
2297,0,patch_31_14,7936,8192,3584,3840,65536,NDVI,-0.79296875,24059,6684.0,0.0150448002830363,7882.0,0.0220650725456828
2298,0,patch_31_15,7936,8192,3840,4096,65536,MSAVI,-0.21484375,37304,,,,
2299,0,patch_31_15,7936,8192,3840,4096,65536,NDVI,-0.83984375,26790,9152.0,0.0103341917385924,10819.0,0.0169911806675691
2300,0,patch_31_16,7936,8192,4096,4352,65536,MSAVI,-0.14453125,33577,,,,
2301,0,patch_31_16,7936,8192,4096,4352,65536,NDVI,-0.73046875,20704,10207.0,0.0064036867864325,13687.0,0.0128545849025698
2302,0,patch_31_17,7936,8192,4352,4608,65536,MSAVI,-0.09765625,34164,,,,
2303,0,patch_31_17,7936,8192,4352,4608,65536,NDVI,-0.70703125,14981,7880.0,0.0059199237554076,12927.0,0.0129342456048177
2304,0,patch_31_18,7936,8192,4608,4864,65536,MSAVI,-0.23046875,36959,,,,
2305,0,patch_31_18,7936,8192,4608,4864,65536,NDVI,-0.76171875,19297,15622.0,0.0136517403873935,17696.0,0.0231835854502269
2306,0,patch_31_19,7936,8192,4864,5120,65536,MSAVI,-0.26171875,39676,,,,
2307,0,patch_31_19,7936,8192,4864,5120,65536,NDVI,-0.69921875,13348,14702.0,0.0173799106749789,16085.0,0.0261186312844546
2308,0,patch_31_20,7936,8192,5120,5376,65536,MSAVI,0.12109375,35352,,,,
2309,0,patch_31_20,7936,8192,5120,5376,65536,NDVI,-0.75390625,28874,19711.0,0.0195262815284922,65536.0,0.0218482678570864
2310,0,patch_31_21,7936,8192,5376,5632,65536,MSAVI,-0.19921875,31110,,,,
2311,0,patch_31_21,7936,8192,5376,5632,65536,NDVI,-0.80859375,23575,20864.0,0.0160884189806277,65536.0,0.0171147197375057
2312,0,patch_31_22,7936,8192,5632,5888,65536,MSAVI,-0.37890625,35792,,,,
2313,0,patch_31_22,7936,8192,5632,5888,65536,NDVI,-0.69921875,5773,16091.0,0.0132627599020209,17697.0,0.0238692202304193
2314,0,patch_31_23,7936,8192,5888,6144,65536,MSAVI,-0.28515625,35854,,,,
2315,0,patch_31_23,7936,8192,5888,6144,65536,NDVI,-0.74609375,13286,7879.0,0.0065340678775709,12612.0,0.0170079725619253
2316,0,patch_31_24,7936,8192,6144,6400,65536,MSAVI,-0.06640625,33883,,,,
2317,0,patch_31_24,7936,8192,6144,6400,65536,NDVI,-0.69140625,13905,4896.0,0.0029071837109843,10309.0,0.0106164432722402
2318,0,patch_31_25,7936,8192,6400,6656,65536,MSAVI,-0.12890625,32025,,,,
2319,0,patch_31_25,7936,8192,6400,6656,65536,NDVI,-0.69140625,12330,8538.0,0.003566304554911,12108.0,0.0096908992514513
2320,0,patch_31_26,7936,8192,6656,6912,65536,MSAVI,0.03515625,38681,,,,
2321,0,patch_31_26,7936,8192,6656,6912,65536,NDVI,-0.68359375,17703,16695.0,0.0256659031721101,65536.0,0.0276803323210488
2322,0,patch_31_27,7936,8192,6912,7168,65536,MSAVI,-0.05859375,35538,,,,
2323,0,patch_31_27,7936,8192,6912,7168,65536,NDVI,-0.76171875,14566,17609.0,0.0159491629899557,17577.0,0.0208498488836247
2324,0,patch_31_28,7936,8192,7168,7424,65536,MSAVI,-0.12109375,33681,,,,
2325,0,patch_31_28,7936,8192,7168,7424,65536,NDVI,-0.72265625,14061,8266.0,0.0061849627719772,12353.0,0.0127588962202972
2326,0,patch_31_29,7936,8192,7424,7680,65536,MSAVI,-0.04296875,33138,,,,
2327,0,patch_31_29,7936,8192,7424,7680,65536,NDVI,-0.68359375,17563,10343.0,0.0049519328400827,65502.0,0.0127024831238418
2328,0,patch_31_30,7936,8192,7680,7936,65536,MSAVI,-0.12890625,35134,,,,
2329,0,patch_31_30,7936,8192,7680,7936,65536,NDVI,-0.71484375,16971,12822.0,0.0121340164892953,16694.0,0.0202467918128825
2330,0,patch_31_31,7936,8192,7936,8192,65536,MSAVI,-0.23828125,34705,,,,
2331,0,patch_31_31,7936,8192,7936,8192,65536,NDVI,-0.80078125,19031,9426.0,0.0083231628896592,15057.0,0.018113432127204
2332,0,patch_31_32,7936,8192,8192,8448,65536,MSAVI,-0.13671875,32302,,,,
2333,0,patch_31_32,7936,8192,8192,8448,65536,NDVI,-0.65234375,11518,11199.0,0.0039941231065844,17180.0,0.0136976244572677
2334,0,patch_31_33,7936,8192,8448,8704,65536,MSAVI,-0.11328125,34843,,,,
2335,0,patch_31_33,7936,8192,8448,8704,65536,NDVI,-0.62109375,10087,7577.0,0.0063323646749648,10986.0,0.0129208375963662
2336,0,patch_31_34,7936,8192,8704,8960,65536,MSAVI,-0.18359375,31450,,,,
2337,0,patch_31_34,7936,8192,8704,8960,65536,NDVI,-0.80078125,18864,11149.0,0.0032397373016309,21113.0,0.0154261502820556
2338,0,patch_31_35,7936,8192,8960,9216,65536,MSAVI,-0.07421875,33421,,,,
2339,0,patch_31_35,7936,8192,8960,9216,65536,NDVI,-0.72265625,13810,16845.0,0.0096106743979021,20227.0,0.0183972965434935
2340,0,patch_31_36,7936,8192,9216,9472,65536,MSAVI,-0.30859375,34560,,,,
2341,0,patch_31_36,7936,8192,9216,9472,65536,NDVI,-0.77734375,12951,15551.0,0.0123149727380937,18237.0,0.0197659289974481
2342,0,patch_31_37,7936,8192,9472,9728,65536,MSAVI,-0.21484375,34643,,,,
2343,0,patch_31_37,7936,8192,9472,9728,65536,NDVI,-0.62890625,9828,13539.0,0.0105955061327048,16605.0,0.018955882736171
2344,0,patch_32_0,8192,8448,0,256,65536,MSAVI,0.01171875,38721,,,,
2345,0,patch_32_0,8192,8448,0,256,65536,NDVI,-0.66015625,20853,10927.0,0.0175820026120735,11250.0,0.0209838461963275
2346,0,patch_32_1,8192,8448,256,512,65536,MSAVI,-0.18359375,30270,,,,
2347,0,patch_32_1,8192,8448,256,512,65536,NDVI,-0.73828125,20705,10460.0,0.0006137869261173,17913.0,0.0108957078657523
2348,0,patch_32_2,8192,8448,512,768,65536,MSAVI,-0.12109375,31643,,,,
2349,0,patch_32_2,8192,8448,512,768,65536,NDVI,-0.74609375,20519,10770.0,0.0014058864113686,18922.0,0.0126757425713747
2350,0,patch_32_3,8192,8448,768,1024,65536,MSAVI,0.09765625,31806,,,,
2351,0,patch_32_3,8192,8448,768,1024,65536,NDVI,-0.76953125,17043,11038.0,0.0019341300682469,15772.0,0.0099068439608043
2352,0,patch_32_4,8192,8448,1024,1280,65536,MSAVI,-0.12109375,32215,,,,
2353,0,patch_32_4,8192,8448,1024,1280,65536,NDVI,-0.75390625,16842,4032.0,0.0019506428426667,11482.0,0.0102395063513937
2354,0,patch_32_5,8192,8448,1280,1536,65536,MSAVI,-0.19921875,31228,,,,
2355,0,patch_32_5,8192,8448,1280,1536,65536,NDVI,-0.77734375,15813,7552.0,7.283919983108733e-05,15130.0,0.011388704762247
2356,0,patch_32_6,8192,8448,1536,1792,65536,MSAVI,-0.30859375,34882,,,,
2357,0,patch_32_6,8192,8448,1536,1792,65536,NDVI,-0.80078125,10884,6888.0,0.006218880981938,11560.0,0.0145676677070787
2358,0,patch_32_7,8192,8448,1792,2048,65536,MSAVI,-0.18359375,34409,,,,
2359,0,patch_32_7,8192,8448,1792,2048,65536,NDVI,-0.80078125,12335,6253.0,0.0062252822842416,12089.0,0.0146039113162487
2360,0,patch_32_8,8192,8448,2048,2304,65536,MSAVI,-0.28515625,32210,,,,
2361,0,patch_32_8,8192,8448,2048,2304,65536,NDVI,-0.80078125,14090,5129.0,0.0028755396089744,10367.0,0.009522644416074
2362,0,patch_32_9,8192,8448,2304,2560,65536,MSAVI,-0.14453125,33186,,,,
2363,0,patch_32_9,8192,8448,2304,2560,65536,NDVI,-0.74609375,17205,7743.0,0.0044933752464853,13571.0,0.012586182275131
2364,0,patch_32_10,8192,8448,2560,2816,65536,MSAVI,-0.10546875,40992,,,,
2365,0,patch_32_10,8192,8448,2560,2816,65536,NDVI,-0.77734375,18563,11565.0,0.0170375900533707,12097.0,0.0255819667734769
2366,0,patch_32_11,8192,8448,2816,3072,65536,MSAVI,-0.23828125,33069,,,,
2367,0,patch_32_11,8192,8448,2816,3072,65536,NDVI,-0.76953125,25196,9904.0,0.0041485757741023,15549.0,0.0113411639880864
2368,0,patch_32_12,8192,8448,3072,3328,65536,MSAVI,-0.27734375,35293,,,,
2369,0,patch_32_12,8192,8448,3072,3328,65536,NDVI,-0.75390625,17307,6994.0,0.0073112272631275,10620.0,0.0141938175892867
2370,0,patch_32_13,8192,8448,3328,3584,65536,MSAVI,-0.28515625,35977,,,,
2371,0,patch_32_13,8192,8448,3328,3584,65536,NDVI,-0.85546875,24979,7838.0,0.0089118184933358,9429.0,0.014342669595058
2372,0,patch_32_14,8192,8448,3584,3840,65536,MSAVI,-0.42578125,40351,,,,
2373,0,patch_32_14,8192,8448,3584,3840,65536,NDVI,-0.82421875,24669,9506.0,0.0159602372501737,11988.0,0.0237678064302848
2374,0,patch_32_15,8192,8448,3840,4096,65536,MSAVI,-0.20703125,37869,,,,
2375,0,patch_32_15,8192,8448,3840,4096,65536,NDVI,-0.76171875,27665,9481.0,0.0125489556754794,11257.0,0.0193187853938316
2376,0,patch_32_16,8192,8448,4096,4352,65536,MSAVI,-0.10546875,31970,,,,
2377,0,patch_32_16,8192,8448,4096,4352,65536,NDVI,-0.72265625,20479,5289.0,0.0017561994942812,12036.0,0.0116706884968031
2378,0,patch_32_17,8192,8448,4352,4608,65536,MSAVI,-0.06640625,32613,,,,
2379,0,patch_32_17,8192,8448,4352,4608,65536,NDVI,-0.71484375,24828,8148.0,0.0025761804592971,17415.0,0.0140734741723601
2380,0,patch_32_18,8192,8448,4608,4864,65536,MSAVI,-0.35546875,37105,,,,
2381,0,patch_32_18,8192,8448,4608,4864,65536,NDVI,-0.79296875,22108,18289.0,0.01737994944398,19890.0,0.0262710080345099
2382,0,patch_32_19,8192,8448,4864,5120,65536,MSAVI,-0.14453125,43297,,,,
2383,0,patch_32_19,8192,8448,4864,5120,65536,NDVI,-0.69140625,20372,12100.0,0.0221100971067597,12706.0,0.0308197732914059
2384,0,patch_32_20,8192,8448,5120,5376,65536,MSAVI,-0.16015625,23132,,,,
2385,0,patch_32_20,8192,8448,5120,5376,65536,NDVI,-0.73046875,32448,84.0,-0.0192351523644428,65402.0,0.0122415071008749
2386,0,patch_32_21,8192,8448,5376,5632,65536,MSAVI,-0.19140625,32723,,,,
2387,0,patch_32_21,8192,8448,5376,5632,65536,NDVI,-0.71484375,21592,8499.0,0.0037246696772517,14564.0,0.0126474091305508
2388,0,patch_32_22,8192,8448,5632,5888,65536,MSAVI,-0.36328125,37278,,,,
2389,0,patch_32_22,8192,8448,5632,5888,65536,NDVI,-0.75390625,5971,12961.0,0.0105312549738818,15275.0,0.0206338029832185
2390,0,patch_32_23,8192,8448,5888,6144,65536,MSAVI,-0.31640625,34000,,,,
2391,0,patch_32_23,8192,8448,5888,6144,65536,NDVI,-0.80078125,11048,12156.0,0.0057142720409869,19860.0,0.0201868680024698
2392,0,patch_32_24,8192,8448,6144,6400,65536,MSAVI,-0.11328125,33983,,,,
2393,0,patch_32_24,8192,8448,6144,6400,65536,NDVI,-0.72265625,12120,7453.0,0.0059528355604778,12643.0,0.014168390749661
2394,0,patch_32_25,8192,8448,6400,6656,65536,MSAVI,-0.12109375,32495,,,,
2395,0,patch_32_25,8192,8448,6400,6656,65536,NDVI,-0.71484375,15325,8765.0,0.0039429854157071,16008.0,0.0127062862254013
2396,0,patch_32_26,8192,8448,6656,6912,65536,MSAVI,-0.11328125,34881,,,,
2397,0,patch_32_26,8192,8448,6656,6912,65536,NDVI,-0.77734375,23486,17956.0,0.0170209630479068,18013.0,0.0219093851418434
2398,0,patch_32_27,8192,8448,6912,7168,65536,MSAVI,-0.19140625,30185,,,,
2399,0,patch_32_27,8192,8448,6912,7168,65536,NDVI,-0.81640625,16771,6842.0,-0.0032411758613667,24120.0,0.0147488860820312
2400,0,patch_32_28,8192,8448,7168,7424,65536,MSAVI,-0.17578125,34199,,,,
2401,0,patch_32_28,8192,8448,7168,7424,65536,NDVI,-0.72265625,11362,7879.0,0.0064351848845934,12140.0,0.0150963445245374
2402,0,patch_32_29,8192,8448,7424,7680,65536,MSAVI,-0.21484375,33383,,,,
2403,0,patch_32_29,8192,8448,7424,7680,65536,NDVI,-0.79296875,14641,9600.0,0.0053583580734434,14857.0,0.0145394511403582
2404,0,patch_32_30,8192,8448,7680,7936,65536,MSAVI,-0.31640625,37214,,,,
2405,0,patch_32_30,8192,8448,7680,7936,65536,NDVI,-0.80078125,12941,14589.0,0.0146708106914626,15471.0,0.0208712263711962
2406,0,patch_32_31,8192,8448,7936,8192,65536,MSAVI,-0.30078125,36176,,,,
2407,0,patch_32_31,8192,8448,7936,8192,65536,NDVI,-0.80078125,15129,8599.0,0.0106262979208775,12232.0,0.0194791311638445
2408,0,patch_32_32,8192,8448,8192,8448,65536,MSAVI,-0.12109375,34210,,,,
2409,0,patch_32_32,8192,8448,8192,8448,65536,NDVI,-0.62109375,8401,6241.0,0.0057072233371003,11700.0,0.0131362872973186
2410,0,patch_32_33,8192,8448,8448,8704,65536,MSAVI,-0.12109375,34323,,,,
2411,0,patch_32_33,8192,8448,8448,8704,65536,NDVI,-0.64453125,10841,4176.0,0.0053796272305157,9934.0,0.0131657222490316
2412,0,patch_32_34,8192,8448,8704,8960,65536,MSAVI,-0.23828125,34595,,,,
2413,0,patch_32_34,8192,8448,8704,8960,65536,NDVI,-0.65234375,7958,10931.0,0.007571015666901,15670.0,0.0170953807761588
2414,0,patch_32_35,8192,8448,8960,9216,65536,MSAVI,-0.27734375,33802,,,,
2415,0,patch_32_35,8192,8448,8960,9216,65536,NDVI,-0.71484375,10889,15855.0,0.0100336497743319,20472.0,0.0193071100682416
2416,0,patch_32_36,8192,8448,9216,9472,65536,MSAVI,-0.37109375,37482,,,,
2417,0,patch_32_36,8192,8448,9216,9472,65536,NDVI,-0.79296875,11261,13856.0,0.0156703928581186,15306.0,0.0232284730331058
2418,0,patch_32_37,8192,8448,9472,9728,65536,MSAVI,-0.22265625,36152,,,,
2419,0,patch_32_37,8192,8448,9472,9728,65536,NDVI,-0.62109375,8571,15724.0,0.0132266094780471,18027.0,0.0209834099273345
2420,0,patch_33_0,8448,8704,0,256,65536,MSAVI,-0.17578125,33630,,,,
2421,0,patch_33_0,8448,8704,0,256,65536,NDVI,-0.75390625,19284,5455.0,0.0046393037574239,9307.0,0.0103481270541372
2422,0,patch_33_1,8448,8704,256,512,65536,MSAVI,-0.08984375,41935,,,,
2423,0,patch_33_1,8448,8704,256,512,65536,NDVI,-0.72265625,19930,12072.0,0.0221711186940236,12907.0,0.0292402771530324
2424,0,patch_33_2,8448,8704,512,768,65536,MSAVI,-0.15234375,33595,,,,
2425,0,patch_33_2,8448,8704,512,768,65536,NDVI,-0.72265625,15408,9562.0,0.0063058004868652,14357.0,0.0137087904227105
2426,0,patch_33_3,8448,8704,768,1024,65536,MSAVI,-0.11328125,34453,,,,
2427,0,patch_33_3,8448,8704,768,1024,65536,NDVI,-0.76953125,18078,18113.0,0.0126625719585732,19385.0,0.018131319330597
2428,0,patch_33_4,8448,8704,1024,1280,65536,MSAVI,-0.20703125,32415,,,,
2429,0,patch_33_4,8448,8704,1024,1280,65536,NDVI,-0.72265625,17177,5440.0,0.0024277445396952,11132.0,0.010547957282214
2430,0,patch_33_5,8448,8704,1280,1536,65536,MSAVI,-0.06640625,31483,,,,
2431,0,patch_33_5,8448,8704,1280,1536,65536,NDVI,-0.74609375,17523,8553.0,0.002774760594842,16955.0,0.0125632738973204
2432,0,patch_33_6,8448,8704,1536,1792,65536,MSAVI,-0.33203125,36171,,,,
2433,0,patch_33_6,8448,8704,1536,1792,65536,NDVI,-0.76171875,9218,8931.0,0.0090889256341746,12490.0,0.0164840450584908
2434,0,patch_33_7,8448,8704,1792,2048,65536,MSAVI,-0.28515625,34599,,,,
2435,0,patch_33_7,8448,8704,1792,2048,65536,NDVI,-0.75390625,8149,8523.0,0.007879078414067,9652.0,0.0132964633839536
2436,0,patch_33_8,8448,8704,2048,2304,65536,MSAVI,-0.27734375,33028,,,,
2437,0,patch_33_8,8448,8704,2048,2304,65536,NDVI,-0.77734375,12323,3952.0,0.0032970199195087,7867.0,0.0094859980308538
2438,0,patch_33_9,8448,8704,2304,2560,65536,MSAVI,-0.07421875,31190,,,,
2439,0,patch_33_9,8448,8704,2304,2560,65536,NDVI,-0.78515625,13771,8034.0,0.0022066900989101,13859.0,0.0105166797917853
2440,0,patch_33_10,8448,8704,2560,2816,65536,MSAVI,-0.39453125,44071,,,,
2441,0,patch_33_10,8448,8704,2560,2816,65536,NDVI,-0.74609375,9567,13500.0,0.0273837739784401,13384.0,0.0325461272536821
2442,0,patch_33_11,8448,8704,2816,3072,65536,MSAVI,-0.31640625,30438,,,,
2443,0,patch_33_11,8448,8704,2816,3072,65536,NDVI,-0.83984375,18062,9712.0,0.0004692578940278,19039.0,0.0113068665644442
2444,0,patch_33_12,8448,8704,3072,3328,65536,MSAVI,-0.19921875,30391,,,,
2445,0,patch_33_12,8448,8704,3072,3328,65536,NDVI,-0.73828125,18246,5523.0,-8.341136407366556e-05,14046.0,0.009176535690052
2446,0,patch_33_13,8448,8704,3328,3584,65536,MSAVI,-0.04296875,28357,,,,
2447,0,patch_33_13,8448,8704,3328,3584,65536,NDVI,-0.76171875,18619,3750.0,-0.0028957938904081,13513.0,0.0061380739147212
2448,0,patch_33_14,8448,8704,3584,3840,65536,MSAVI,-0.31640625,34756,,,,
2449,0,patch_33_14,8448,8704,3584,3840,65536,NDVI,-0.80078125,17400,11457.0,0.0073707468448616,16505.0,0.0163946687214205
2450,0,patch_33_15,8448,8704,3840,4096,65536,MSAVI,-0.23828125,34663,,,,
2451,0,patch_33_15,8448,8704,3840,4096,65536,NDVI,-0.76171875,25438,11866.0,0.0084712405148108,15812.0,0.0155657437868483
2452,0,patch_33_16,8448,8704,4096,4352,65536,MSAVI,-0.20703125,33923,,,,
2453,0,patch_33_16,8448,8704,4096,4352,65536,NDVI,-0.73046875,23212,7087.0,0.0050607885918302,12314.0,0.0125267166078896
2454,0,patch_33_17,8448,8704,4352,4608,65536,MSAVI,-0.24609375,33690,,,,
2455,0,patch_33_17,8448,8704,4352,4608,65536,NDVI,-0.74609375,20048,8428.0,0.004933936664795,14207.0,0.0139660764348321
2456,0,patch_33_18,8448,8704,4608,4864,65536,MSAVI,-0.22265625,40976,,,,
2457,0,patch_33_18,8448,8704,4608,4864,65536,NDVI,-0.69921875,21551,13565.0,0.0201264745707842,13437.0,0.026707876421913
2458,0,patch_33_19,8448,8704,4864,5120,65536,MSAVI,-0.23828125,32600,,,,
2459,0,patch_33_19,8448,8704,4864,5120,65536,NDVI,-0.80859375,32932,20468.0,0.0150003370732635,21132.0,0.0191843930028101
2460,0,patch_33_20,8448,8704,5120,5376,65536,MSAVI,-0.28515625,29647,,,,
2461,0,patch_33_20,8448,8704,5120,5376,65536,NDVI,-0.80078125,35836,236.0,-0.0102990882065966,65390.0,0.0154134234266054
2462,0,patch_33_21,8448,8704,5376,5632,65536,MSAVI,-0.16015625,31794,,,,
2463,0,patch_33_21,8448,8704,5376,5632,65536,NDVI,-0.74609375,15051,9394.0,0.0011151781264963,16760.0,0.0109557857700954
2464,0,patch_33_22,8448,8704,5632,5888,65536,MSAVI,-0.28515625,34497,,,,
2465,0,patch_33_22,8448,8704,5632,5888,65536,NDVI,-0.63671875,7001,11764.0,0.0067142501456281,15851.0,0.0176122512273885
2466,0,patch_33_23,8448,8704,5888,6144,65536,MSAVI,-0.31640625,34654,,,,
2467,0,patch_33_23,8448,8704,5888,6144,65536,NDVI,-0.67578125,7465,11755.0,0.0072482865867741,17217.0,0.0174894035971278
2468,0,patch_33_24,8448,8704,6144,6400,65536,MSAVI,-0.07421875,33185,,,,
2469,0,patch_33_24,8448,8704,6144,6400,65536,NDVI,-0.73046875,14324,7783.0,0.0027252567956996,15856.0,0.0125510324567312
2470,0,patch_33_25,8448,8704,6400,6656,65536,MSAVI,-0.15234375,31744,,,,
2471,0,patch_33_25,8448,8704,6400,6656,65536,NDVI,-0.73828125,15851,10413.0,0.0027950168531283,18543.0,0.0118107948994045
2472,0,patch_33_26,8448,8704,6656,6912,65536,MSAVI,-0.01953125,31014,,,,
2473,0,patch_33_26,8448,8704,6656,6912,65536,NDVI,-0.72265625,20677,14640.0,0.0030586983390813,21279.0,0.0147501126221347
2474,0,patch_33_27,8448,8704,6912,7168,65536,MSAVI,-0.20703125,39310,,,,
2475,0,patch_33_27,8448,8704,6912,7168,65536,NDVI,-0.76953125,21035,17740.0,0.0255264780242439,17732.0,0.03014147454783
2476,0,patch_33_28,8448,8704,7168,7424,65536,MSAVI,-0.18359375,33614,,,,
2477,0,patch_33_28,8448,8704,7168,7424,65536,NDVI,-0.76171875,18519,12813.0,0.0067931317361367,17889.0,0.0161787473574214
2478,0,patch_33_29,8448,8704,7424,7680,65536,MSAVI,-0.19140625,32489,,,,
2479,0,patch_33_29,8448,8704,7424,7680,65536,NDVI,-0.73828125,13382,9548.0,0.0033611579075071,17323.0,0.0124537424473304
2480,0,patch_33_30,8448,8704,7680,7936,65536,MSAVI,-0.26953125,40655,,,,
2481,0,patch_33_30,8448,8704,7680,7936,65536,NDVI,-0.73046875,10941,10173.0,0.0191784349898457,11152.0,0.027302768674361
2482,0,patch_33_31,8448,8704,7936,8192,65536,MSAVI,-0.16796875,36913,,,,
2483,0,patch_33_31,8448,8704,7936,8192,65536,NDVI,-0.72265625,14955,12125.0,0.0136594860144254,13652.0,0.0189370319751924
2484,0,patch_33_32,8448,8704,8192,8448,65536,MSAVI,-0.26953125,36164,,,,
2485,0,patch_33_32,8448,8704,8192,8448,65536,NDVI,-0.76953125,8479,8157.0,0.0105138500694227,11171.0,0.0179961942927208
2486,0,patch_33_33,8448,8704,8448,8704,65536,MSAVI,-0.18359375,35982,,,,
2487,0,patch_33_33,8448,8704,8448,8704,65536,NDVI,-0.69921875,10609,12076.0,0.0135171096519101,15188.0,0.0207652373822886
2488,0,patch_33_34,8448,8704,8704,8960,65536,MSAVI,-0.12890625,33570,,,,
2489,0,patch_33_34,8448,8704,8704,8960,65536,NDVI,-0.62109375,10057,12023.0,0.0065426478907951,16395.0,0.01581239360022
2490,0,patch_33_35,8448,8704,8960,9216,65536,MSAVI,-0.26171875,33842,,,,
2491,0,patch_33_35,8448,8704,8960,9216,65536,NDVI,-0.73046875,10522,10954.0,0.0060060368189019,17111.0,0.0175893488351876
2492,0,patch_33_36,8448,8704,9216,9472,65536,MSAVI,0.16796875,36518,,,,
2493,0,patch_33_36,8448,8704,9216,9472,65536,NDVI,-0.76171875,12461,13622.0,0.0128569803031545,15486.0,0.0212039679673991
2494,0,patch_33_37,8448,8704,9472,9728,65536,MSAVI,-0.17578125,31199,,,,
2495,0,patch_33_37,8448,8704,9472,9728,65536,NDVI,-0.78515625,16692,18376.0,0.0089349951628749,23878.0,0.0192820971814653
2496,0,patch_34_0,8704,8960,0,256,65536,MSAVI,-0.23046875,36197,,,,
2497,0,patch_34_0,8704,8960,0,256,65536,NDVI,-0.80078125,22827,8009.0,0.0081089801453314,12754.0,0.0168045591787855
2498,0,patch_34_1,8704,8960,256,512,65536,MSAVI,-0.47265625,40454,,,,
2499,0,patch_34_1,8704,8960,256,512,65536,NDVI,-0.79296875,10773,13014.0,0.0205154261677592,13553.0,0.0264747314827263
2500,0,patch_34_2,8704,8960,512,768,65536,MSAVI,-0.01953125,41184,,,,
2501,0,patch_34_2,8704,8960,512,768,65536,NDVI,-0.69140625,10650,12722.0,0.0218571416061147,12841.0,0.0277606149529931
2502,0,patch_34_3,8704,8960,768,1024,65536,MSAVI,-0.16015625,33538,,,,
2503,0,patch_34_3,8704,8960,768,1024,65536,NDVI,-0.76171875,14712,7341.0,0.0048009973769134,13509.0,0.0130849596854475
2504,0,patch_34_4,8704,8960,1024,1280,65536,MSAVI,-0.21484375,31721,,,,
2505,0,patch_34_4,8704,8960,1024,1280,65536,NDVI,-0.79296875,18669,4085.0,0.001360531912908,9507.0,0.0077986053652701
2506,0,patch_34_5,8704,8960,1280,1536,65536,MSAVI,-0.19921875,34588,,,,
2507,0,patch_34_5,8704,8960,1280,1536,65536,NDVI,-0.77734375,16719,4433.0,0.0065559973451677,9441.0,0.0118615611078914
2508,0,patch_34_6,8704,8960,1536,1792,65536,MSAVI,-0.22265625,32068,,,,
2509,0,patch_34_6,8704,8960,1536,1792,65536,NDVI,-0.67578125,11142,7332.0,0.0019489265718281,16613.0,0.0126277794093462
2510,0,patch_34_7,8704,8960,1792,2048,65536,MSAVI,-0.12890625,31662,,,,
2511,0,patch_34_7,8704,8960,1792,2048,65536,NDVI,-0.66796875,10741,8825.0,0.0019508365221787,17306.0,0.0133096698090018
2512,0,patch_34_8,8704,8960,2048,2304,65536,MSAVI,-0.20703125,33018,,,,
2513,0,patch_34_8,8704,8960,2048,2304,65536,NDVI,-0.73046875,11805,3955.0,0.003443019787845,7325.0,0.0093195080938049
2514,0,patch_34_9,8704,8960,2304,2560,65536,MSAVI,-0.07421875,30871,,,,
2515,0,patch_34_9,8704,8960,2304,2560,65536,NDVI,-0.72265625,11475,6888.0,0.0006692649025672,14903.0,0.0111769961207989
2516,0,patch_34_10,8704,8960,2560,2816,65536,MSAVI,-0.38671875,33931,,,,
2517,0,patch_34_10,8704,8960,2560,2816,65536,NDVI,-0.85546875,13227,7857.0,0.0057919139096448,11079.0,0.0122516873489934
2518,0,patch_34_11,8704,8960,2816,3072,65536,MSAVI,-0.33984375,33046,,,,
2519,0,patch_34_11,8704,8960,2816,3072,65536,NDVI,-0.81640625,13416,10278.0,0.0047709132350863,16382.0,0.0146548432584242
2520,0,patch_34_12,8704,8960,3072,3328,65536,MSAVI,-0.16015625,32485,,,,
2521,0,patch_34_12,8704,8960,3072,3328,65536,NDVI,-0.73828125,19775,6763.0,0.0025149089655221,13051.0,0.0116024504198197
2522,0,patch_34_13,8704,8960,3328,3584,65536,MSAVI,0.01171875,26350,,,,
2523,0,patch_34_13,8704,8960,3328,3584,65536,NDVI,-0.71484375,22749,4631.0,-0.0054688155916508,18215.0,0.0064727009130848
2524,0,patch_34_14,8704,8960,3584,3840,65536,MSAVI,-0.51171875,40105,,,,
2525,0,patch_34_14,8704,8960,3584,3840,65536,NDVI,-0.82421875,14124,9108.0,0.014601646982588,11469.0,0.0224082913565664
2526,0,patch_34_15,8704,8960,3840,4096,65536,MSAVI,-0.19140625,33855,,,,
2527,0,patch_34_15,8704,8960,3840,4096,65536,NDVI,-0.70703125,16102,13686.0,0.0087081952928266,18143.0,0.0168217593146241
2528,0,patch_34_16,8704,8960,4096,4352,65536,MSAVI,-0.12890625,31389,,,,
2529,0,patch_34_16,8704,8960,4096,4352,65536,NDVI,-0.76171875,21170,9264.0,0.0023422985160715,15568.0,0.010373809401055
2530,0,patch_34_17,8704,8960,4352,4608,65536,MSAVI,-0.14453125,36148,,,,
2531,0,patch_34_17,8704,8960,4352,4608,65536,NDVI,-0.73046875,20345,7989.0,0.0082538949881759,11854.0,0.0152242263304309
2532,0,patch_34_18,8704,8960,4608,4864,65536,MSAVI,-0.15234375,43276,,,,
2533,0,patch_34_18,8704,8960,4608,4864,65536,NDVI,-0.71484375,22178,10970.0,0.0212811717560688,11046.0,0.0292765208647853
2534,0,patch_34_19,8704,8960,4864,5120,65536,MSAVI,-0.08203125,21657,,,,
2535,0,patch_34_19,8704,8960,4864,5120,65536,NDVI,-0.73046875,43518,0.0,-0.026247558437227,65472.0,0.0163780612462756
2536,0,patch_34_20,8704,8960,5120,5376,65536,MSAVI,-0.08203125,31365,,,,
2537,0,patch_34_20,8704,8960,5120,5376,65536,NDVI,-0.76171875,28554,5642.0,0.0014026562294578,14493.0,0.0103867655956843
2538,0,patch_34_21,8704,8960,5376,5632,65536,MSAVI,-0.02734375,32281,,,,
2539,0,patch_34_21,8704,8960,5376,5632,65536,NDVI,-0.75390625,14103,9579.0,0.0035098884531674,16218.0,0.0118235356800537
2540,0,patch_34_22,8704,8960,5632,5888,65536,MSAVI,-0.44140625,32533,,,,
2541,0,patch_34_22,8704,8960,5632,5888,65536,NDVI,-0.62890625,3558,14913.0,0.0061625343234107,20522.0,0.0188981287071434
2542,0,patch_34_23,8704,8960,5888,6144,65536,MSAVI,-0.26171875,30963,,,,
2543,0,patch_34_23,8704,8960,5888,6144,65536,NDVI,-0.62109375,8207,17462.0,0.0053999229766812,24948.0,0.0213788580032777
2544,0,patch_34_24,8704,8960,6144,6400,65536,MSAVI,-0.23046875,43214,,,,
2545,0,patch_34_24,8704,8960,6144,6400,65536,NDVI,-0.64453125,5292,9855.0,0.0227081900040122,10359.0,0.0292200798812184
2546,0,patch_34_25,8704,8960,6400,6656,65536,MSAVI,-0.19140625,35791,,,,
2547,0,patch_34_25,8704,8960,6400,6656,65536,NDVI,-0.58984375,8497,7389.0,0.0070476449431969,13187.0,0.0177594244539477
2548,0,patch_34_26,8704,8960,6656,6912,65536,MSAVI,-0.14453125,34146,,,,
2549,0,patch_34_26,8704,8960,6656,6912,65536,NDVI,-0.75390625,12585,16567.0,0.0078199996787963,65536.0,0.0215285762428771
2550,0,patch_34_27,8704,8960,6912,7168,65536,MSAVI,-0.19921875,34210,,,,
2551,0,patch_34_27,8704,8960,6912,7168,65536,NDVI,-0.73828125,23318,23010.0,0.0188235359473131,24053.0,0.0261438029710407
2552,0,patch_34_28,8704,8960,7168,7424,65536,MSAVI,-0.10546875,33476,,,,
2553,0,patch_34_28,8704,8960,7168,7424,65536,NDVI,-0.76953125,15271,10516.0,0.0046772904940975,16499.0,0.0140828648399916
2554,0,patch_34_29,8704,8960,7424,7680,65536,MSAVI,-0.12109375,34269,,,,
2555,0,patch_34_29,8704,8960,7424,7680,65536,NDVI,-0.75390625,17240,13480.0,0.0092935603323081,16575.0,0.0160916724717296
2556,0,patch_34_30,8704,8960,7680,7936,65536,MSAVI,-0.26953125,38287,,,,
2557,0,patch_34_30,8704,8960,7680,7936,65536,NDVI,-0.75390625,14715,12919.0,0.0163702904202217,14017.0,0.0219277415371269
2558,0,patch_34_31,8704,8960,7936,8192,65536,MSAVI,-0.30078125,34933,,,,
2559,0,patch_34_31,8704,8960,7936,8192,65536,NDVI,-0.78515625,24857,15861.0,0.0141883296648775,18108.0,0.0202698860040609
2560,0,patch_34_32,8704,8960,8192,8448,65536,MSAVI,-0.21484375,36526,,,,
2561,0,patch_34_32,8704,8960,8192,8448,65536,NDVI,-0.71484375,16276,12888.0,0.0146125946604566,65536.0,0.021053545646127
2562,0,patch_34_33,8704,8960,8448,8704,65536,MSAVI,-0.15234375,33283,,,,
2563,0,patch_34_33,8704,8960,8448,8704,65536,NDVI,-0.69921875,20077,11845.0,0.0071691141293505,17187.0,0.0154237976704189
2564,0,patch_34_34,8704,8960,8704,8960,65536,MSAVI,-0.20703125,29654,,,,
2565,0,patch_34_34,8704,8960,8704,8960,65536,NDVI,-0.75390625,21693,13857.0,0.0010299784934311,65497.0,0.0166446667549337
2566,0,patch_34_35,8704,8960,8960,9216,65536,MSAVI,-0.07421875,34473,,,,
2567,0,patch_34_35,8704,8960,8960,9216,65536,NDVI,-0.69921875,14340,15376.0,0.0108453783087293,17211.0,0.0168579079092416
2568,0,patch_34_36,8704,8960,9216,9472,65536,MSAVI,-0.23046875,32440,,,,
2569,0,patch_34_36,8704,8960,9216,9472,65536,NDVI,-0.72265625,13869,13594.0,0.0063342319933732,17606.0,0.0148006518882934
2570,0,patch_34_37,8704,8960,9472,9728,65536,MSAVI,-0.29296875,34790,,,,
2571,0,patch_34_37,8704,8960,9472,9728,65536,NDVI,-0.76953125,12037,14401.0,0.0124176576182979,18056.0,0.0200601090294131
2572,0,patch_35_0,8960,9216,0,256,65536,MSAVI,-0.28515625,32544,,,,
2573,0,patch_35_0,8960,9216,0,256,65536,NDVI,-0.77734375,21307,8555.0,0.0042792291141656,14958.0,0.0118432769624884
2574,0,patch_35_1,8960,9216,256,512,65536,MSAVI,-0.15234375,36292,,,,
2575,0,patch_35_1,8960,9216,256,512,65536,NDVI,-0.73828125,15482,9424.0,0.0093764020065804,13349.0,0.0191635312477614
2576,0,patch_35_2,8960,9216,512,768,65536,MSAVI,-0.28515625,47931,,,,
2577,0,patch_35_2,8960,9216,512,768,65536,NDVI,-0.67578125,12509,13160.0,0.0296195203940042,13265.0,0.0397764974311861
2578,0,patch_35_3,8960,9216,768,1024,65536,MSAVI,-0.09765625,39912,,,,
2579,0,patch_35_3,8960,9216,768,1024,65536,NDVI,-0.70703125,21343,17846.0,0.0226947441485706,65536.0,0.0279455752538753
2580,0,patch_35_4,8960,9216,1024,1280,65536,MSAVI,-0.23046875,34151,,,,
2581,0,patch_35_4,8960,9216,1024,1280,65536,NDVI,-0.76171875,16739,5063.0,0.003803821205549,10750.0,0.0109710502806371
2582,0,patch_35_5,8960,9216,1280,1536,65536,MSAVI,-0.19140625,35145,,,,
2583,0,patch_35_5,8960,9216,1280,1536,65536,NDVI,-0.76171875,13373,4948.0,0.0061995214209144,9958.0,0.0134675009924099
2584,0,patch_35_6,8960,9216,1536,1792,65536,MSAVI,-0.26953125,35905,,,,
2585,0,patch_35_6,8960,9216,1536,1792,65536,NDVI,-0.71484375,9513,8631.0,0.0087838519287417,11865.0,0.0162020286451671
2586,0,patch_35_7,8960,9216,1792,2048,65536,MSAVI,-0.31640625,34734,,,,
2587,0,patch_35_7,8960,9216,1792,2048,65536,NDVI,-0.76171875,10658,8096.0,0.0077571943626226,10029.0,0.0127343856647267
2588,0,patch_35_8,8960,9216,2048,2304,65536,MSAVI,-0.26953125,37302,,,,
2589,0,patch_35_8,8960,9216,2048,2304,65536,NDVI,-0.72265625,11624,6825.0,0.0099957368972518,9078.0,0.0152076909055207
2590,0,patch_35_9,8960,9216,2304,2560,65536,MSAVI,-0.10546875,35174,,,,
2591,0,patch_35_9,8960,9216,2304,2560,65536,NDVI,-0.73046875,10213,6670.0,0.0062593347147133,11204.0,0.0153089752082551
2592,0,patch_35_10,8960,9216,2560,2816,65536,MSAVI,-0.25390625,32816,,,,
2593,0,patch_35_10,8960,9216,2560,2816,65536,NDVI,-0.73046875,12327,12452.0,0.0074822764896823,18140.0,0.018190042798345
2594,0,patch_35_11,8960,9216,2816,3072,65536,MSAVI,-0.19921875,33127,,,,
2595,0,patch_35_11,8960,9216,2816,3072,65536,NDVI,-0.73046875,15795,12291.0,0.0057264702558909,17248.0,0.0123494706680011
2596,0,patch_35_12,8960,9216,3072,3328,65536,MSAVI,-0.14453125,32394,,,,
2597,0,patch_35_12,8960,9216,3072,3328,65536,NDVI,-0.71484375,16154,3933.0,0.0024133348517754,11776.0,0.011129349895825
2598,0,patch_35_13,8960,9216,3328,3584,65536,MSAVI,-0.23828125,31346,,,,
2599,0,patch_35_13,8960,9216,3328,3584,65536,NDVI,-0.80078125,20132,3210.0,0.0018891784909963,7741.0,0.0071409693584812
2600,0,patch_35_14,8960,9216,3584,3840,65536,MSAVI,-0.14453125,31142,,,,
2601,0,patch_35_14,8960,9216,3584,3840,65536,NDVI,-0.77734375,19054,8394.0,0.0011654842202967,19232.0,0.0124888122257283
2602,0,patch_35_15,8960,9216,3840,4096,65536,MSAVI,-0.15234375,32231,,,,
2603,0,patch_35_15,8960,9216,3840,4096,65536,NDVI,-0.76953125,20476,11080.0,0.0043234911193965,18914.0,0.015278733483737
2604,0,patch_35_16,8960,9216,4096,4352,65536,MSAVI,-0.15234375,32910,,,,
2605,0,patch_35_16,8960,9216,4096,4352,65536,NDVI,-0.73828125,18481,9395.0,0.0036285430369576,16100.0,0.0136869441028668
2606,0,patch_35_17,8960,9216,4352,4608,65536,MSAVI,-0.20703125,38362,,,,
2607,0,patch_35_17,8960,9216,4352,4608,65536,NDVI,-0.69140625,12838,8698.0,0.009328453024875,13036.0,0.0183728638683961
2608,0,patch_35_18,8960,9216,4608,4864,65536,MSAVI,-0.08203125,36746,,,,
2609,0,patch_35_18,8960,9216,4608,4864,65536,NDVI,-0.68359375,15616,18066.0,0.0192094511586561,19588.0,0.0276942214042924
2610,0,patch_35_19,8960,9216,4864,5120,65536,MSAVI,-0.14453125,16253,,,,
2611,0,patch_35_19,8960,9216,4864,5120,65536,NDVI,-0.65234375,34802,0.0,-0.0327781822077334,64389.0,0.0121912365821645
2612,0,patch_35_20,8960,9216,5120,5376,65536,MSAVI,-0.17578125,31147,,,,
2613,0,patch_35_20,8960,9216,5120,5376,65536,NDVI,-0.77734375,17978,5638.0,-0.0004528065752494,13925.0,0.0094123555884031
2614,0,patch_35_21,8960,9216,5376,5632,65536,MSAVI,-0.20703125,34436,,,,
2615,0,patch_35_21,8960,9216,5376,5632,65536,NDVI,-0.73046875,11530,8579.0,0.0068657039200032,13180.0,0.01367114814404
2616,0,patch_35_22,8960,9216,5632,5888,65536,MSAVI,-0.50390625,35796,,,,
2617,0,patch_35_22,8960,9216,5632,5888,65536,NDVI,-0.69921875,4604,14000.0,0.0107410738589721,16128.0,0.0199685024764559
2618,0,patch_35_23,8960,9216,5888,6144,65536,MSAVI,-0.17578125,30464,,,,
2619,0,patch_35_23,8960,9216,5888,6144,65536,NDVI,-0.60546875,9829,19134.0,0.0053747795649107,65536.0,0.0183540609917854
2620,0,patch_35_24,8960,9216,6144,6400,65536,MSAVI,-0.25390625,33127,,,,
2621,0,patch_35_24,8960,9216,6144,6400,65536,NDVI,-0.69140625,7927,8388.0,0.0026892477294972,17227.0,0.0133183072084849
2622,0,patch_35_25,8960,9216,6400,6656,65536,MSAVI,-0.14453125,35077,,,,
2623,0,patch_35_25,8960,9216,6400,6656,65536,NDVI,-0.55078125,7859,8581.0,0.0067141851352064,13295.0,0.0158970742510911
2624,0,patch_35_26,8960,9216,6656,6912,65536,MSAVI,-0.41015625,36201,,,,
2625,0,patch_35_26,8960,9216,6656,6912,65536,NDVI,-0.75390625,7836,14028.0,0.010510918393049,17852.0,0.021317058491852
2626,0,patch_35_27,8960,9216,6912,7168,65536,MSAVI,-0.33203125,34480,,,,
2627,0,patch_35_27,8960,9216,6912,7168,65536,NDVI,-0.76953125,17135,19716.0,0.0169826582336047,21646.0,0.0246876357759155
2628,0,patch_35_28,8960,9216,7168,7424,65536,MSAVI,-0.18359375,36831,,,,
2629,0,patch_35_28,8960,9216,7168,7424,65536,NDVI,-0.72265625,21374,15525.0,0.0216268551935885,16838.0,0.0265776178961472
2630,0,patch_35_29,8960,9216,7424,7680,65536,MSAVI,-0.24609375,36157,,,,
2631,0,patch_35_29,8960,9216,7424,7680,65536,NDVI,-0.76953125,13655,7430.0,0.0065648527036892,11195.0,0.0152588089728189
2632,0,patch_35_30,8960,9216,7680,7936,65536,MSAVI,-0.32421875,42221,,,,
2633,0,patch_35_30,8960,9216,7680,7936,65536,NDVI,-0.75390625,18018,11440.0,0.0218399570759648,12699.0,0.028365212068261
2634,0,patch_35_31,8960,9216,7936,8192,65536,MSAVI,-0.34765625,37283,,,,
2635,0,patch_35_31,8960,9216,7936,8192,65536,NDVI,-0.73828125,13011,7738.0,0.009514257638377,11635.0,0.0191111667546708
2636,0,patch_35_32,8960,9216,8192,8448,65536,MSAVI,-0.16796875,37563,,,,
2637,0,patch_35_32,8960,9216,8192,8448,65536,NDVI,-0.70703125,17565,11065.0,0.0126752379308139,13430.0,0.0192750157714616
2638,0,patch_35_33,8960,9216,8448,8704,65536,MSAVI,-0.20703125,38532,,,,
2639,0,patch_35_33,8960,9216,8448,8704,65536,NDVI,-0.75390625,13340,7633.0,0.011647491866717,8868.0,0.0160865441653659
2640,0,patch_35_34,8960,9216,8704,8960,65536,MSAVI,-0.34765625,32736,,,,
2641,0,patch_35_34,8960,9216,8704,8960,65536,NDVI,-0.80078125,20130,11744.0,0.0051125244889372,18435.0,0.0169087698816899
2642,0,patch_35_35,8960,9216,8960,9216,65536,MSAVI,-0.34765625,34850,,,,
2643,0,patch_35_35,8960,9216,8960,9216,65536,NDVI,-0.78515625,21902,13270.0,0.010642622210501,15631.0,0.0175774875070421
2644,0,patch_35_36,8960,9216,9216,9472,65536,MSAVI,-0.19140625,34102,,,,
2645,0,patch_35_36,8960,9216,9216,9472,65536,NDVI,-0.76171875,17454,11525.0,0.008128618831821,15609.0,0.0147664724821952
2646,0,patch_35_37,8960,9216,9472,9728,65536,MSAVI,-0.32421875,39476,,,,
2647,0,patch_35_37,8960,9216,9472,9728,65536,NDVI,-0.69921875,6617,13584.0,0.0206843706572638,65536.0,0.0277330107459696
2648,0,patch_36_0,9216,9472,0,256,65536,MSAVI,-0.27734375,36201,,,,
2649,0,patch_36_0,9216,9472,0,256,65536,NDVI,-0.79296875,13072,5651.0,0.0087320597392666,7349.0,0.0146827127902639
2650,0,patch_36_1,9216,9472,256,512,65536,MSAVI,-0.23828125,39145,,,,
2651,0,patch_36_1,9216,9472,256,512,65536,NDVI,-0.69140625,11478,10713.0,0.0134212856928563,11799.0,0.0195224562529031
2652,0,patch_36_2,9216,9472,512,768,65536,MSAVI,0.08203125,44966,,,,
2653,0,patch_36_2,9216,9472,512,768,65536,NDVI,-0.70703125,15828,9203.0,0.0212726250692762,8918.0,0.0270199542103893
2654,0,patch_36_3,9216,9472,768,1024,65536,MSAVI,-0.05859375,33306,,,,
2655,0,patch_36_3,9216,9472,768,1024,65536,NDVI,-0.67578125,32192,25317.0,0.0142588354256574,25652.0,0.0209627829364166
2656,0,patch_36_4,9216,9472,1024,1280,65536,MSAVI,-0.19921875,37089,,,,
2657,0,patch_36_4,9216,9472,1024,1280,65536,NDVI,-0.73046875,15147,12038.0,0.0091860888331285,15249.0,0.0186259056455092
2658,0,patch_36_5,9216,9472,1280,1536,65536,MSAVI,-0.22265625,35999,,,,
2659,0,patch_36_5,9216,9472,1280,1536,65536,NDVI,-0.79296875,13843,6654.0,0.0088773580714282,10633.0,0.0160978947641576
2660,0,patch_36_6,9216,9472,1536,1792,65536,MSAVI,-0.33203125,37551,,,,
2661,0,patch_36_6,9216,9472,1536,1792,65536,NDVI,-0.76171875,9938,10546.0,0.0114127875725928,11604.0,0.0179726382273517
2662,0,patch_36_7,9216,9472,1792,2048,65536,MSAVI,-0.25390625,33332,,,,
2663,0,patch_36_7,9216,9472,1792,2048,65536,NDVI,-0.73046875,11282,8331.0,0.0053063882381528,14418.0,0.0126754858833764
2664,0,patch_36_8,9216,9472,2048,2304,65536,MSAVI,-0.16015625,33767,,,,
2665,0,patch_36_8,9216,9472,2048,2304,65536,NDVI,-0.76171875,12120,6675.0,0.0046558388370343,10427.0,0.0132914349727109
2666,0,patch_36_9,9216,9472,2304,2560,65536,MSAVI,-0.12109375,32853,,,,
2667,0,patch_36_9,9216,9472,2304,2560,65536,NDVI,-0.76953125,12291,6172.0,0.0041111860365407,11942.0,0.011241270800568
2668,0,patch_36_10,9216,9472,2560,2816,65536,MSAVI,-0.37890625,34918,,,,
2669,0,patch_36_10,9216,9472,2560,2816,65536,NDVI,-0.81640625,13279,11207.0,0.0073404693463131,14785.0,0.015011386751409
2670,0,patch_36_11,9216,9472,2816,3072,65536,MSAVI,-0.20703125,32871,,,,
2671,0,patch_36_11,9216,9472,2816,3072,65536,NDVI,-0.76953125,16486,8651.0,0.0027453348283444,14640.0,0.0120997720429751
2672,0,patch_36_12,9216,9472,3072,3328,65536,MSAVI,-0.21484375,32448,,,,
2673,0,patch_36_12,9216,9472,3072,3328,65536,NDVI,-0.74609375,19246,5592.0,0.0038939771933604,10214.0,0.0090772954484787
2674,0,patch_36_13,9216,9472,3328,3584,65536,MSAVI,0.19921875,37094,,,,
2675,0,patch_36_13,9216,9472,3328,3584,65536,NDVI,-0.74609375,18902,8642.0,0.0098134219883606,9949.0,0.0158965081708959
2676,0,patch_36_14,9216,9472,3584,3840,65536,MSAVI,0.12109375,31431,,,,
2677,0,patch_36_14,9216,9472,3584,3840,65536,NDVI,-0.77734375,20175,6610.0,0.0007821825775364,16668.0,0.0114397640949926
2678,0,patch_36_15,9216,9472,3840,4096,65536,MSAVI,-0.30078125,33277,,,,
2679,0,patch_36_15,9216,9472,3840,4096,65536,NDVI,-0.80859375,24508,9253.0,0.005814267205906,65438.0,0.0143133580956623
2680,0,patch_36_16,9216,9472,4096,4352,65536,MSAVI,-0.08203125,33944,,,,
2681,0,patch_36_16,9216,9472,4096,4352,65536,NDVI,-0.70703125,16826,5084.0,0.0036921415941107,11618.0,0.0110387760993638
2682,0,patch_36_17,9216,9472,4352,4608,65536,MSAVI,-0.07421875,41341,,,,
2683,0,patch_36_17,9216,9472,4352,4608,65536,NDVI,-0.73046875,21310,9473.0,0.0153403728730248,10765.0,0.0251722191851768
2684,0,patch_36_18,9216,9472,4608,4864,65536,MSAVI,-0.20703125,38246,,,,
2685,0,patch_36_18,9216,9472,4608,4864,65536,NDVI,-0.74609375,23401,22056.0,0.0360625527644862,65536.0,0.0316915058922876
2686,0,patch_36_19,9216,9472,4864,5120,65536,MSAVI,-0.11328125,33427,,,,
2687,0,patch_36_19,9216,9472,4864,5120,65536,NDVI,-0.99609375,32109,19969.0,0.0175424902371082,65507.0,0.0198658200982876
2688,0,patch_36_20,9216,9472,5120,5376,65536,MSAVI,0.20703125,32423,,,,
2689,0,patch_36_20,9216,9472,5120,5376,65536,NDVI,-0.71484375,19825,7942.0,0.0042160487025594,12805.0,0.0104404473697741
2690,0,patch_36_21,9216,9472,5376,5632,65536,MSAVI,-0.26953125,35739,,,,
2691,0,patch_36_21,9216,9472,5376,5632,65536,NDVI,-0.74609375,10680,6768.0,0.0062056929804946,11621.0,0.0162004958548981
2692,0,patch_36_22,9216,9472,5632,5888,65536,MSAVI,-0.26953125,40958,,,,
2693,0,patch_36_22,9216,9472,5632,5888,65536,NDVI,-0.55859375,5475,8029.0,0.0176685126388707,9614.0,0.0255885842569267
2694,0,patch_36_23,9216,9472,5888,6144,65536,MSAVI,-0.19140625,32724,,,,
2695,0,patch_36_23,9216,9472,5888,6144,65536,NDVI,-0.58984375,9737,14421.0,0.0073939415303038,20922.0,0.0178467304545736
2696,0,patch_36_24,9216,9472,6144,6400,65536,MSAVI,-0.22265625,31140,,,,
2697,0,patch_36_24,9216,9472,6144,6400,65536,NDVI,-0.62890625,10214,5958.0,-5.4208493779794864e-05,16022.0,0.0104654560386673
2698,0,patch_36_25,9216,9472,6400,6656,65536,MSAVI,-0.16796875,33752,,,,
2699,0,patch_36_25,9216,9472,6400,6656,65536,NDVI,-0.65234375,8690,7126.0,0.0039014125645223,14956.0,0.01546076135787
2700,0,patch_36_26,9216,9472,6656,6912,65536,MSAVI,-0.15234375,35703,,,,
2701,0,patch_36_26,9216,9472,6656,6912,65536,NDVI,-0.53515625,6629,12268.0,0.0102382381140487,16083.0,0.0214413626897616
2702,0,patch_36_27,9216,9472,6912,7168,65536,MSAVI,-0.23046875,38963,,,,
2703,0,patch_36_27,9216,9472,6912,7168,65536,NDVI,-0.72265625,7262,11108.0,0.0176567585005608,12442.0,0.0228436702535107
2704,0,patch_36_28,9216,9472,7168,7424,65536,MSAVI,-0.07421875,34488,,,,
2705,0,patch_36_28,9216,9472,7168,7424,65536,NDVI,-0.69140625,14899,16648.0,0.012479105056803,19389.0,0.0215983350852617
2706,0,patch_36_29,9216,9472,7424,7680,65536,MSAVI,-0.13671875,35537,,,,
2707,0,patch_36_29,9216,9472,7424,7680,65536,NDVI,-0.73828125,12818,6351.0,0.0085703539247454,7185.0,0.0112208367958561
2708,0,patch_36_30,9216,9472,7680,7936,65536,MSAVI,-0.16796875,40024,,,,
2709,0,patch_36_30,9216,9472,7680,7936,65536,NDVI,-0.69921875,17045,10744.0,0.0180273049683009,11843.0,0.0239100828150656
2710,0,patch_36_31,9216,9472,7936,8192,65536,MSAVI,-0.26953125,41532,,,,
2711,0,patch_36_31,9216,9472,7936,8192,65536,NDVI,-0.77734375,15166,8787.0,0.0188237961674151,10316.0,0.0278503265887755
2712,0,patch_36_32,9216,9472,8192,8448,65536,MSAVI,-0.31640625,33997,,,,
2713,0,patch_36_32,9216,9472,8192,8448,65536,NDVI,-0.80078125,19381,16052.0,0.0098141835620858,19729.0,0.0186261630037463
2714,0,patch_36_33,9216,9472,8448,8704,65536,MSAVI,-0.01953125,35197,,,,
2715,0,patch_36_33,9216,9472,8448,8704,65536,NDVI,-0.72265625,22178,9667.0,0.0094445459466093,13425.0,0.0173014182575741
2716,0,patch_36_34,9216,9472,8704,8960,65536,MSAVI,-0.14453125,35652,,,,
2717,0,patch_36_34,9216,9472,8704,8960,65536,NDVI,-0.73046875,17143,9859.0,0.0110035454207049,12180.0,0.0183518614807264
2718,0,patch_36_35,9216,9472,8960,9216,65536,MSAVI,0.12890625,32090,,,,
2719,0,patch_36_35,9216,9472,8960,9216,65536,NDVI,-0.76953125,19468,10406.0,0.0034776538079999,18339.0,0.0132651610415318
2720,0,patch_36_36,9216,9472,9216,9472,65536,MSAVI,-0.28515625,33213,,,,
2721,0,patch_36_36,9216,9472,9216,9472,65536,NDVI,-0.76953125,19021,15960.0,0.0129880788213656,18569.0,0.0189917113873374
2722,0,patch_36_37,9216,9472,9472,9728,65536,MSAVI,-0.30078125,35829,,,,
2723,0,patch_36_37,9216,9472,9472,9728,65536,NDVI,-0.78515625,12612,17661.0,0.0191976191095236,17611.0,0.0256295275112673
2724,0,patch_37_1,9472,9728,256,512,65536,MSAVI,-0.23828125,47576,,,,
2725,0,patch_37_1,9472,9728,256,512,65536,NDVI,-0.69921875,17769,10134.0,0.0252401422298347,65536.0,0.0339315322844832
2726,0,patch_37_2,9472,9728,512,768,65536,MSAVI,-0.11328125,34266,,,,
2727,0,patch_37_2,9472,9728,512,768,65536,NDVI,-0.74609375,16556,10108.0,0.0065813284330331,13866.0,0.0139168700260894
2728,0,patch_37_3,9472,9728,768,1024,65536,MSAVI,-0.11328125,37180,,,,
2729,0,patch_37_3,9472,9728,768,1024,65536,NDVI,-0.69921875,20565,15939.0,0.0131726410577032,16895.0,0.0207637428373181
2730,0,patch_37_4,9472,9728,1024,1280,65536,MSAVI,-0.16796875,32394,,,,
2731,0,patch_37_4,9472,9728,1024,1280,65536,NDVI,-0.73828125,23472,7552.0,0.0042991719024415,14927.0,0.0133201004965128
2732,0,patch_37_5,9472,9728,1280,1536,65536,MSAVI,-0.20703125,33254,,,,
2733,0,patch_37_5,9472,9728,1280,1536,65536,NDVI,-0.76953125,13615,6360.0,0.0045276370536213,11787.0,0.0120924587911206
2734,0,patch_37_6,9472,9728,1536,1792,65536,MSAVI,-0.17578125,35776,,,,
2735,0,patch_37_6,9472,9728,1536,1792,65536,NDVI,-0.76171875,12030,10188.0,0.0083283859332138,14358.0,0.0171231431052972
2736,0,patch_37_7,9472,9728,1792,2048,65536,MSAVI,-0.26953125,34888,,,,
2737,0,patch_37_7,9472,9728,1792,2048,65536,NDVI,-0.74609375,8837,6035.0,0.006007698813436,9826.0,0.0136973880026805
2738,0,patch_37_8,9472,9728,2048,2304,65536,MSAVI,-0.15234375,32731,,,,
2739,0,patch_37_8,9472,9728,2048,2304,65536,NDVI,-0.69921875,13002,6150.0,0.0030785142764533,11596.0,0.0109421205929336
2740,0,patch_37_9,9472,9728,2304,2560,65536,MSAVI,-0.06640625,29819,,,,
2741,0,patch_37_9,9472,9728,2304,2560,65536,NDVI,-0.67578125,13621,5618.0,-0.0003378433021194,16912.0,0.0096555583965182
2742,0,patch_37_10,9472,9728,2560,2816,65536,MSAVI,0.00390625,34181,,,,
2743,0,patch_37_10,9472,9728,2560,2816,65536,NDVI,-0.74609375,20762,12962.0,0.0076871924117288,14859.0,0.0140952747476468
2744,0,patch_37_11,9472,9728,2816,3072,65536,MSAVI,-0.17578125,32223,,,,
2745,0,patch_37_11,9472,9728,2816,3072,65536,NDVI,-0.73828125,18170,10327.0,0.0027381770306258,14398.0,0.010886204347572
2746,0,patch_37_12,9472,9728,3072,3328,65536,MSAVI,-0.09765625,39292,,,,
2747,0,patch_37_12,9472,9728,3072,3328,65536,NDVI,-0.72265625,16148,8466.0,0.0131604395138696,10744.0,0.0216079321075585
2748,0,patch_37_13,9472,9728,3328,3584,65536,MSAVI,-0.16015625,38785,,,,
2749,0,patch_37_13,9472,9728,3328,3584,65536,NDVI,-0.73046875,26047,8539.0,0.0128053629982444,10106.0,0.0201319171140028
2750,0,patch_37_14,9472,9728,3584,3840,65536,MSAVI,-0.16796875,34450,,,,
2751,0,patch_37_14,9472,9728,3584,3840,65536,NDVI,-0.73046875,26374,10702.0,0.0076439718174068,16025.0,0.0179278170052523
2752,0,patch_37_15,9472,9728,3840,4096,65536,MSAVI,-0.33984375,56465,,,,
2753,0,patch_37_15,9472,9728,3840,4096,65536,NDVI,-0.66796875,8491,4407.0,0.0323440749039738,4434.0,0.0459581737489011
2754,0,patch_37_16,9472,9728,4096,4352,65536,MSAVI,-0.23046875,43877,,,,
2755,0,patch_37_16,9472,9728,4096,4352,65536,NDVI,-0.73828125,18778,5752.0,0.0202956545661121,6115.0,0.0265238117730202
2756,0,patch_37_17,9472,9728,4352,4608,65536,MSAVI,-0.27734375,47292,,,,
2757,0,patch_37_17,9472,9728,4352,4608,65536,NDVI,-0.73046875,18153,4945.0,0.0244377133558852,4909.0,0.0310633637219288
2758,0,patch_37_18,9472,9728,4608,4864,65536,MSAVI,-0.14453125,21481,,,,
2759,0,patch_37_18,9472,9728,4608,4864,65536,NDVI,-0.61328125,39302,0.0,-0.0276651115062973,65478.0,0.0196782049496881
2760,0,patch_37_19,9472,9728,4864,5120,65536,MSAVI,-0.07421875,34264,,,,
2761,0,patch_37_19,9472,9728,4864,5120,65536,NDVI,-0.81640625,31263,18030.0,0.0105851734018519,20867.0,0.0222009012224565
2762,0,patch_37_20,9472,9728,5120,5376,65536,MSAVI,-0.13671875,31670,,,,
2763,0,patch_37_20,9472,9728,5120,5376,65536,NDVI,-0.73828125,16383,8469.0,0.0036683256160889,15243.0,0.0097376556473796
2764,0,patch_37_21,9472,9728,5376,5632,65536,MSAVI,-0.25390625,32596,,,,
2765,0,patch_37_21,9472,9728,5376,5632,65536,NDVI,-0.76953125,16684,6431.0,0.0044177689022159,12191.0,0.0121995006387115
2766,0,patch_37_22,9472,9728,5632,5888,65536,MSAVI,-0.33203125,45381,,,,
2767,0,patch_37_22,9472,9728,5632,5888,65536,NDVI,-0.68359375,9047,3210.0,0.0198967622868364,3776.0,0.0286020644482838
2768,0,patch_37_23,9472,9728,5888,6144,65536,MSAVI,-0.21484375,32565,,,,
2769,0,patch_37_23,9472,9728,5888,6144,65536,NDVI,-0.66796875,9650,14434.0,0.0056021912115484,21600.0,0.0210137341198137
2770,0,patch_37_24,9472,9728,6144,6400,65536,MSAVI,-0.13671875,33727,,,,
2771,0,patch_37_24,9472,9728,6144,6400,65536,NDVI,-0.58203125,7771,7091.0,0.003752751906006,13183.0,0.0118597877087098
2772,0,patch_37_25,9472,9728,6400,6656,65536,MSAVI,-0.22265625,35091,,,,
2773,0,patch_37_25,9472,9728,6400,6656,65536,NDVI,-0.57421875,6946,4386.0,0.0053669520629066,8933.0,0.0140025969693861
2774,0,patch_37_26,9472,9728,6656,6912,65536,MSAVI,-0.17578125,36562,,,,
2775,0,patch_37_26,9472,9728,6656,6912,65536,NDVI,-0.64453125,6611,11893.0,0.0110880582329048,15791.0,0.0215557856013652
2776,0,patch_37_27,9472,9728,6912,7168,65536,MSAVI,-0.17578125,33279,,,,
2777,0,patch_37_27,9472,9728,6912,7168,65536,NDVI,-0.69921875,11068,11697.0,0.0058793611841933,18258.0,0.0159377845402909
2778,0,patch_37_28,9472,9728,7168,7424,65536,MSAVI,0.02734375,33244,,,,
2779,0,patch_37_28,9472,9728,7168,7424,65536,NDVI,-0.72265625,14747,8900.0,0.0043561582947637,16078.0,0.0125092539392617
2780,0,patch_37_29,9472,9728,7424,7680,65536,MSAVI,-0.18359375,36884,,,,
2781,0,patch_37_29,9472,9728,7424,7680,65536,NDVI,-0.74609375,18787,16144.0,0.0182282967311452,18080.0,0.0250784905398965
2782,0,patch_37_30,9472,9728,7680,7936,65536,MSAVI,-0.19140625,33999,,,,
2783,0,patch_37_30,9472,9728,7680,7936,65536,NDVI,-0.76953125,24706,15849.0,0.0083331814325084,20472.0,0.0173613481262934
2784,0,patch_37_31,9472,9728,7936,8192,65536,MSAVI,-0.13671875,34299,,,,
2785,0,patch_37_31,9472,9728,7936,8192,65536,NDVI,-0.70703125,17923,9759.0,0.0071634200965303,13456.0,0.0163918786728162
2786,0,patch_37_32,9472,9728,8192,8448,65536,MSAVI,-0.06640625,33073,,,,
2787,0,patch_37_32,9472,9728,8192,8448,65536,NDVI,-0.69140625,17873,8643.0,0.0050542822317419,14330.0,0.0133268172726578
2788,0,patch_37_33,9472,9728,8448,8704,65536,MSAVI,-0.15234375,34278,,,,
2789,0,patch_37_33,9472,9728,8448,8704,65536,NDVI,-0.74609375,14155,7012.0,0.0072250994039289,11808.0,0.0145311402252046
2790,0,patch_37_34,9472,9728,8704,8960,65536,MSAVI,-0.20703125,36875,,,,
2791,0,patch_37_34,9472,9728,8704,8960,65536,NDVI,-0.73828125,18740,14191.0,0.0158134376518996,14733.0,0.0229744365501919
2792,0,patch_37_35,9472,9728,8960,9216,65536,MSAVI,-0.30859375,33059,,,,
2793,0,patch_37_35,9472,9728,8960,9216,65536,NDVI,-0.77734375,20603,16288.0,0.0084707690604895,21944.0,0.0179210832970093
2794,0,patch_37_36,9472,9728,9216,9472,65536,MSAVI,-0.25390625,33138,,,,
2795,0,patch_37_36,9472,9728,9216,9472,65536,NDVI,-0.75390625,15968,12682.0,0.0072164792580098,19033.0,0.0174907935663957
2796,0,patch_37_37,9472,9728,9472,9728,65536,MSAVI,-0.24609375,34427,,,,
2797,0,patch_37_37,9472,9728,9472,9728,65536,NDVI,-0.76953125,14334,10920.0,0.0078754896925391,17242.0,0.018803258383874
2798,0,patch_38_1,9728,9984,256,512,65536,MSAVI,0.01953125,57670,,,,
2799,0,patch_38_1,9728,9984,256,512,65536,NDVI,-0.40234375,7180,5465.0,0.0272501226747495,65536.0,0.0418323881459826
2800,0,patch_38_2,9728,9984,512,768,65536,MSAVI,-0.33984375,38351,,,,
2801,0,patch_38_2,9728,9984,512,768,65536,NDVI,-0.76171875,19616,8373.0,0.0127797555365209,10291.0,0.0206187736415663
2802,0,patch_38_3,9728,9984,768,1024,65536,MSAVI,-0.27734375,32204,,,,
2803,0,patch_38_3,9728,9984,768,1024,65536,NDVI,-0.80078125,19754,11275.0,0.0027123608203131,19292.0,0.0129683255640853
2804,0,patch_38_4,9728,9984,1024,1280,65536,MSAVI,-0.13671875,33211,,,,
2805,0,patch_38_4,9728,9984,1024,1280,65536,NDVI,-0.73046875,20101,10925.0,0.0064669567263668,15170.0,0.0145600209089644
2806,0,patch_38_5,9728,9984,1280,1536,65536,MSAVI,-0.15234375,38691,,,,
2807,0,patch_38_5,9728,9984,1280,1536,65536,NDVI,-0.69921875,16956,12008.0,0.0187618177685789,11785.0,0.0220269583869669
2808,0,patch_38_6,9728,9984,1536,1792,65536,MSAVI,-0.20703125,41990,,,,
2809,0,patch_38_6,9728,9984,1536,1792,65536,NDVI,-0.73046875,21361,12739.0,0.0153968495646041,13651.0,0.0248628946994209
2810,0,patch_38_7,9728,9984,1792,2048,65536,MSAVI,-0.12890625,31081,,,,
2811,0,patch_38_7,9728,9984,1792,2048,65536,NDVI,-0.74609375,17387,9121.0,0.0011528542844797,15456.0,0.008356985165193
2812,0,patch_38_8,9728,9984,2048,2304,65536,MSAVI,-0.06640625,31841,,,,
2813,0,patch_38_8,9728,9984,2048,2304,65536,NDVI,-0.73828125,15410,6313.0,0.0022349788185029,11731.0,0.0081334860539492
2814,0,patch_38_9,9728,9984,2304,2560,65536,MSAVI,-0.23828125,31476,,,,
2815,0,patch_38_9,9728,9984,2304,2560,65536,NDVI,-0.73046875,13159,6383.0,0.0026174230346993,12737.0,0.0114778944445697
2816,0,patch_38_10,9728,9984,2560,2816,65536,MSAVI,-0.09765625,29579,,,,
2817,0,patch_38_10,9728,9984,2560,2816,65536,NDVI,-0.76171875,19548,9578.0,-0.0017781048204591,22521.0,0.0113508965652369
2818,0,patch_38_11,9728,9984,2816,3072,65536,MSAVI,-0.22265625,29847,,,,
2819,0,patch_38_11,9728,9984,2816,3072,65536,NDVI,-0.78515625,19890,10214.0,0.0002053425843978,20951.0,0.0109793676746554
2820,0,patch_38_12,9728,9984,3072,3328,65536,MSAVI,-0.22265625,34820,,,,
2821,0,patch_38_12,9728,9984,3072,3328,65536,NDVI,-0.76171875,16469,8692.0,0.0071686104378662,11000.0,0.0150700761287564
2822,0,patch_38_13,9728,9984,3328,3584,65536,MSAVI,-0.21484375,32518,,,,
2823,0,patch_38_13,9728,9984,3328,3584,65536,NDVI,-0.76953125,19368,5842.0,0.0021993341233277,13407.0,0.0111261884405439
2824,0,patch_38_14,9728,9984,3584,3840,65536,MSAVI,-0.16015625,35947,,,,
2825,0,patch_38_14,9728,9984,3584,3840,65536,NDVI,-0.77734375,24662,10299.0,0.0105516211013628,15273.0,0.0196742316756074
2826,0,patch_38_15,9728,9984,3840,4096,65536,MSAVI,-0.07421875,32457,,,,
2827,0,patch_38_15,9728,9984,3840,4096,65536,NDVI,-0.80859375,24515,13334.0,0.0050378373944958,20285.0,0.0169261937528912
2828,0,patch_38_16,9728,9984,4096,4352,65536,MSAVI,-0.14453125,45126,,,,
2829,0,patch_38_16,9728,9984,4096,4352,65536,NDVI,-0.66796875,18605,6627.0,0.0214524912149433,7129.0,0.0286737667527779
2830,0,patch_38_17,9728,9984,4352,4608,65536,MSAVI,-0.19921875,41240,,,,
2831,0,patch_38_17,9728,9984,4352,4608,65536,NDVI,-0.71484375,23875,14058.0,0.0247876206330537,14395.0,0.0310360380113774
2832,0,patch_38_18,9728,9984,4608,4864,65536,MSAVI,0.01953125,39346,,,,
2833,0,patch_38_18,9728,9984,4608,4864,65536,NDVI,-0.99609375,26190,19678.0,0.0374070004940835,65536.0,0.035120272016287
2834,0,patch_38_19,9728,9984,4864,5120,65536,MSAVI,-0.05078125,33142,,,,
2835,0,patch_38_19,9728,9984,4864,5120,65536,NDVI,-0.74609375,22233,20748.0,0.0128779520443454,24463.0,0.0235300889123996
2836,0,patch_38_20,9728,9984,5120,5376,65536,MSAVI,-0.20703125,32111,,,,
2837,0,patch_38_20,9728,9984,5120,5376,65536,NDVI,-0.73828125,15911,9760.0,0.0041833576270358,17020.0,0.0123929074462632
2838,0,patch_38_21,9728,9984,5376,5632,65536,MSAVI,-0.14453125,34029,,,,
2839,0,patch_38_21,9728,9984,5376,5632,65536,NDVI,-0.72265625,14485,5911.0,0.0056511272753968,10686.0,0.0120668088512501
2840,0,patch_38_22,9728,9984,5632,5888,65536,MSAVI,-0.24609375,40056,,,,
2841,0,patch_38_22,9728,9984,5632,5888,65536,NDVI,-0.71484375,11612,11700.0,0.0169541956531135,12183.0,0.0236195851849628
2842,0,patch_38_23,9728,9984,5888,6144,65536,MSAVI,-0.28515625,35181,,,,
2843,0,patch_38_23,9728,9984,5888,6144,65536,NDVI,-0.67578125,9136,10300.0,0.0087337662782634,14806.0,0.0177305743178559
2844,0,patch_38_24,9728,9984,6144,6400,65536,MSAVI,-0.19921875,33691,,,,
2845,0,patch_38_24,9728,9984,6144,6400,65536,NDVI,-0.56640625,7523,8017.0,0.0050567640488604,13870.0,0.0139038299850372
2846,0,patch_38_25,9728,9984,6400,6656,65536,MSAVI,-0.15234375,34271,,,,
2847,0,patch_38_25,9728,9984,6400,6656,65536,NDVI,-0.46484375,6679,9022.0,0.0069028761358517,14029.0,0.0140399692185759
2848,0,patch_38_26,9728,9984,6656,6912,65536,MSAVI,-0.23828125,35439,,,,
2849,0,patch_38_26,9728,9984,6656,6912,65536,NDVI,-0.67578125,9106,13553.0,0.0084000790792146,17566.0,0.0198684895880423
2850,0,patch_38_27,9728,9984,6912,7168,65536,MSAVI,-0.25390625,35408,,,,
2851,0,patch_38_27,9728,9984,6912,7168,65536,NDVI,-0.63671875,8712,12414.0,0.0101802518087862,15705.0,0.0192712619642115
2852,0,patch_38_28,9728,9984,7168,7424,65536,MSAVI,-0.15234375,32455,,,,
2853,0,patch_38_28,9728,9984,7168,7424,65536,NDVI,-0.67578125,11390,7894.0,0.00273530690009,13777.0,0.0115549475154789
2854,0,patch_38_29,9728,9984,7424,7680,65536,MSAVI,-0.17578125,37131,,,,
2855,0,patch_38_29,9728,9984,7424,7680,65536,NDVI,-0.66796875,9764,11390.0,0.0174345686000356,65536.0,0.0196285688643737
2856,0,patch_38_30,9728,9984,7680,7936,65536,MSAVI,-0.08984375,33190,,,,
2857,0,patch_38_30,9728,9984,7680,7936,65536,NDVI,-0.76171875,31276,20491.0,0.0158359060233548,22043.0,0.0198343114518111
2858,0,patch_38_31,9728,9984,7936,8192,65536,MSAVI,-0.25390625,29391,,,,
2859,0,patch_38_31,9728,9984,7936,8192,65536,NDVI,-0.78515625,28493,9569.0,-0.0005908900395494,21757.0,0.0117978500813003
2860,0,patch_38_32,9728,9984,8192,8448,65536,MSAVI,-0.15234375,31147,,,,
2861,0,patch_38_32,9728,9984,8192,8448,65536,NDVI,-0.72265625,17984,8845.0,0.0039730889746006,15374.0,0.0118510786756112
2862,0,patch_38_33,9728,9984,8448,8704,65536,MSAVI,-0.12109375,31859,,,,
2863,0,patch_38_33,9728,9984,8448,8704,65536,NDVI,-0.70703125,18113,8497.0,0.0034366377775724,14775.0,0.0106045460205671
2864,0,patch_38_34,9728,9984,8704,8960,65536,MSAVI,-0.20703125,36061,,,,
2865,0,patch_38_34,9728,9984,8704,8960,65536,NDVI,-0.74609375,19429,10733.0,0.0082275533104543,15283.0,0.0185851557982628
2866,0,patch_38_35,9728,9984,8960,9216,65536,MSAVI,-0.30859375,36116,,,,
2867,0,patch_38_35,9728,9984,8960,9216,65536,NDVI,-0.76171875,16504,10501.0,0.0113286556913324,13862.0,0.0200568619494959
2868,0,patch_38_36,9728,9984,9216,9472,65536,MSAVI,-0.17578125,34180,,,,
2869,0,patch_38_36,9728,9984,9216,9472,65536,NDVI,-0.73828125,16600,15124.0,0.0111127498258979,18188.0,0.0174223523934739
2870,0,patch_38_37,9728,9984,9472,9728,65536,MSAVI,-0.02734375,37288,,,,
2871,0,patch_38_37,9728,9984,9472,9728,65536,NDVI,-0.74609375,13258,13942.0,0.0168676038802222,14652.0,0.0245562050831198
2872,0,patch_39_1,9984,10240,256,512,65536,MSAVI,-0.38671875,39344,,,,
2873,0,patch_39_1,9984,10240,256,512,65536,NDVI,-0.79296875,26069,13767.0,0.0169503467531858,14457.0,0.0212579257076283
2874,0,patch_39_2,9984,10240,512,768,65536,MSAVI,0.03515625,35994,,,,
2875,0,patch_39_2,9984,10240,512,768,65536,NDVI,-0.76171875,24551,13028.0,0.0104008434428591,15857.0,0.0189284623118783
2876,0,patch_39_3,9984,10240,768,1024,65536,MSAVI,-0.18359375,36146,,,,
2877,0,patch_39_3,9984,10240,768,1024,65536,NDVI,-0.76171875,27068,7461.0,0.0067255333779069,11275.0,0.0154923247075588
2878,0,patch_39_4,9984,10240,1024,1280,65536,MSAVI,-0.19140625,34048,,,,
2879,0,patch_39_4,9984,10240,1024,1280,65536,NDVI,-0.78515625,15823,6292.0,0.0047225028205481,9747.0,0.0124282076914249
2880,0,patch_39_5,9984,10240,1280,1536,65536,MSAVI,-0.09765625,37945,,,,
2881,0,patch_39_5,9984,10240,1280,1536,65536,NDVI,-0.76171875,18757,9550.0,0.0132151716598654,11382.0,0.0207948715192334
2882,0,patch_39_6,9984,10240,1536,1792,65536,MSAVI,-0.15234375,31711,,,,
2883,0,patch_39_6,9984,10240,1536,1792,65536,NDVI,-0.76171875,20889,13874.0,0.0031905183313092,21831.0,0.0157572405128519
2884,0,patch_39_7,9984,10240,1792,2048,65536,MSAVI,-0.02734375,31508,,,,
2885,0,patch_39_7,9984,10240,1792,2048,65536,NDVI,-0.72265625,21726,6921.0,0.0003014950977273,15376.0,0.0086338114951509
2886,0,patch_39_8,9984,10240,2048,2304,65536,MSAVI,-0.06640625,34452,,,,
2887,0,patch_39_8,9984,10240,2048,2304,65536,NDVI,-0.72265625,21338,4143.0,0.0035893990602891,8901.0,0.0106830146638588
2888,0,patch_39_9,9984,10240,2304,2560,65536,MSAVI,-0.04296875,29771,,,,
2889,0,patch_39_9,9984,10240,2304,2560,65536,NDVI,-0.73828125,16241,8033.0,0.0005702920603927,15754.0,0.0082519197206424
2890,0,patch_39_10,9984,10240,2560,2816,65536,MSAVI,0.01953125,32071,,,,
2891,0,patch_39_10,9984,10240,2560,2816,65536,NDVI,-0.77734375,15940,9160.0,0.0032556512180167,14744.0,0.0118994957688407
2892,0,patch_39_11,9984,10240,2816,3072,65536,MSAVI,-0.26171875,31293,,,,
2893,0,patch_39_11,9984,10240,2816,3072,65536,NDVI,-0.83203125,22456,10379.0,0.0020925198235471,16503.0,0.0089447128732731
2894,0,patch_39_12,9984,10240,3072,3328,65536,MSAVI,-0.01953125,32530,,,,
2895,0,patch_39_12,9984,10240,3072,3328,65536,NDVI,-0.73046875,16480,4684.0,0.0025080881859955,9192.0,0.0091771284183586
2896,0,patch_39_13,9984,10240,3328,3584,65536,MSAVI,-0.19921875,32223,,,,
2897,0,patch_39_13,9984,10240,3328,3584,65536,NDVI,-0.75390625,16559,6592.0,0.0048480332804622,12479.0,0.0113660718378991
2898,0,patch_39_14,9984,10240,3584,3840,65536,MSAVI,-0.32421875,42663,,,,
2899,0,patch_39_14,9984,10240,3584,3840,65536,NDVI,-0.76953125,18949,11149.0,0.0240979347165215,10997.0,0.0301583375248029
2900,0,patch_39_15,9984,10240,3840,4096,65536,MSAVI,-0.30078125,38971,,,,
2901,0,patch_39_15,9984,10240,3840,4096,65536,NDVI,-0.79296875,26537,13515.0,0.0195101535542819,15203.0,0.026795292490534
2902,0,patch_39_16,9984,10240,4096,4352,65536,MSAVI,-0.10546875,41581,,,,
2903,0,patch_39_16,9984,10240,4096,4352,65536,NDVI,-0.62890625,23483,10408.0,0.015241443530128,11279.0,0.0228358176557787
2904,0,patch_39_17,9984,10240,4352,4608,65536,MSAVI,-0.24609375,30589,,,,
2905,0,patch_39_17,9984,10240,4352,4608,65536,NDVI,-0.72265625,34524,30032.0,0.0266523475256776,65536.0,0.0231584702575392
2906,0,patch_39_18,9984,10240,4608,4864,65536,MSAVI,-0.16796875,36706,,,,
2907,0,patch_39_18,9984,10240,4608,4864,65536,NDVI,-0.99609375,28830,13178.0,0.0203126633224016,65536.0,0.0198960330701762
2908,0,patch_39_19,9984,10240,4864,5120,65536,MSAVI,-0.24609375,31945,,,,
2909,0,patch_39_19,9984,10240,4864,5120,65536,NDVI,-0.76171875,26401,16242.0,0.0070621573903531,21807.0,0.020818858640184
2910,0,patch_39_20,9984,10240,5120,5376,65536,MSAVI,-0.12109375,35896,,,,
2911,0,patch_39_20,9984,10240,5120,5376,65536,NDVI,-0.69140625,14775,9380.0,0.0100448756558389,13621.0,0.0175627948234481
2912,0,patch_39_21,9984,10240,5376,5632,65536,MSAVI,-0.12109375,33682,,,,
2913,0,patch_39_21,9984,10240,5376,5632,65536,NDVI,-0.69921875,16627,5961.0,0.0058634283858229,10793.0,0.0129758072781044
2914,0,patch_39_22,9984,10240,5632,5888,65536,MSAVI,-0.45703125,41930,,,,
2915,0,patch_39_22,9984,10240,5632,5888,65536,NDVI,-0.78515625,9951,7063.0,0.0183779821495738,9250.0,0.027683204967249
2916,0,patch_39_23,9984,10240,5888,6144,65536,MSAVI,-0.29296875,36239,,,,
2917,0,patch_39_23,9984,10240,5888,6144,65536,NDVI,-0.73046875,10016,17436.0,0.0117344682542896,18397.0,0.0228898673025775
2918,0,patch_39_24,9984,10240,6144,6400,65536,MSAVI,-0.22265625,35851,,,,
2919,0,patch_39_24,9984,10240,6144,6400,65536,NDVI,-0.66015625,9181,7913.0,0.007615554923945,12796.0,0.0145163394515317
2920,0,patch_39_25,9984,10240,6400,6656,65536,MSAVI,-0.15234375,34922,,,,
2921,0,patch_39_25,9984,10240,6400,6656,65536,NDVI,-0.68359375,12021,9895.0,0.0071454259385,14555.0,0.0175423963006015
2922,0,patch_39_26,9984,10240,6656,6912,65536,MSAVI,-0.32421875,40341,,,,
2923,0,patch_39_26,9984,10240,6656,6912,65536,NDVI,-0.65234375,5789,9823.0,0.0158998476550185,11152.0,0.0237553032429698
2924,0,patch_39_27,9984,10240,6912,7168,65536,MSAVI,-0.18359375,56533,,,,
2925,0,patch_39_27,9984,10240,6912,7168,65536,NDVI,-0.46484375,8693,6454.0,0.0263671788127181,65536.0,0.0419140797517772
2926,0,patch_39_28,9984,10240,7168,7424,65536,MSAVI,-0.20703125,37014,,,,
2927,0,patch_39_28,9984,10240,7168,7424,65536,NDVI,-0.71484375,9476,8777.0,0.0074606611409526,12136.0,0.0154619800255575
2928,0,patch_39_29,9984,10240,7424,7680,65536,MSAVI,-0.12109375,29696,,,,
2929,0,patch_39_29,9984,10240,7424,7680,65536,NDVI,-0.67578125,12098,8316.0,0.0001575321419308,21796.0,0.0121825330442851
2930,0,patch_39_30,9984,10240,7680,7936,65536,MSAVI,-0.02734375,39756,,,,
2931,0,patch_39_30,9984,10240,7680,7936,65536,NDVI,-0.59765625,17739,19939.0,0.0375396812013741,65536.0,0.0358126820963516
2932,0,patch_39_31,9984,10240,7936,8192,65536,MSAVI,-0.18359375,36200,,,,
2933,0,patch_39_31,9984,10240,7936,8192,65536,NDVI,-0.72265625,13888,13043.0,0.0115684705458886,13953.0,0.0176590713812256
2934,0,patch_39_32,9984,10240,8192,8448,65536,MSAVI,-0.24609375,37643,,,,
2935,0,patch_39_32,9984,10240,8192,8448,65536,NDVI,-0.72265625,12706,8249.0,0.0112360304236045,10447.0,0.0189829664211663
2936,0,patch_39_33,9984,10240,8448,8704,65536,MSAVI,-0.12109375,35807,,,,
2937,0,patch_39_33,9984,10240,8448,8704,65536,NDVI,-0.69921875,13924,7373.0,0.0090280143598402,9947.0,0.0159681368629109
2938,0,patch_39_34,9984,10240,8704,8960,65536,MSAVI,-0.16796875,35109,,,,
2939,0,patch_39_34,9984,10240,8704,8960,65536,NDVI,-0.68359375,17576,12163.0,0.0108795964368752,15275.0,0.0198691326799095
2940,0,patch_39_35,9984,10240,8960,9216,65536,MSAVI,-0.38671875,36485,,,,
2941,0,patch_39_35,9984,10240,8960,9216,65536,NDVI,-0.77734375,18116,9265.0,0.0108977223132045,13343.0,0.0199097860123759
2942,0,patch_39_36,9984,10240,9216,9472,65536,MSAVI,-0.27734375,42212,,,,
2943,0,patch_39_36,9984,10240,9216,9472,65536,NDVI,-0.68359375,9899,9986.0,0.0203626165699779,10390.0,0.0287707395017119
2944,0,patch_39_37,9984,10240,9472,9728,65536,MSAVI,-0.25390625,40353,,,,
2945,0,patch_39_37,9984,10240,9472,9728,65536,NDVI,-0.71484375,10452,10860.0,0.0199820325272612,12266.0,0.027191371535492
2946,0,patch_40_1,10240,10496,256,512,65536,MSAVI,0.06640625,36620,,,,
2947,0,patch_40_1,10240,10496,256,512,65536,NDVI,-0.99609375,28916,10072.0,0.0091128822573695,11959.0,0.0182089459185828
2948,0,patch_40_2,10240,10496,512,768,65536,MSAVI,-0.07421875,42287,,,,
2949,0,patch_40_2,10240,10496,512,768,65536,NDVI,-0.70703125,23151,10079.0,0.0187470962508392,10582.0,0.0259203053245024
2950,0,patch_40_3,10240,10496,768,1024,65536,MSAVI,0.03515625,36803,,,,
2951,0,patch_40_3,10240,10496,768,1024,65536,NDVI,-0.72265625,25147,6491.0,0.0073151464188386,10176.0,0.0138640953902116
2952,0,patch_40_4,10240,10496,1024,1280,65536,MSAVI,-0.23046875,33168,,,,
2953,0,patch_40_4,10240,10496,1024,1280,65536,NDVI,-0.80078125,18458,4711.0,0.0031046023797876,9764.0,0.0109263384297666
2954,0,patch_40_5,10240,10496,1280,1536,65536,MSAVI,-0.26953125,34144,,,,
2955,0,patch_40_5,10240,10496,1280,1536,65536,NDVI,-0.79296875,19641,10265.0,0.0070701463007137,12663.0,0.0133052008556293
2956,0,patch_40_6,10240,10496,1536,1792,65536,MSAVI,-0.19921875,40653,,,,
2957,0,patch_40_6,10240,10496,1536,1792,65536,NDVI,-0.80859375,18515,16235.0,0.0248227786235376,16858.0,0.0315952265243246
2958,0,patch_40_7,10240,10496,1792,2048,65536,MSAVI,-0.19921875,33081,,,,
2959,0,patch_40_7,10240,10496,1792,2048,65536,NDVI,-0.79296875,18331,7911.0,0.00498117166708,11962.0,0.0095895603187917
2960,0,patch_40_8,10240,10496,2048,2304,65536,MSAVI,-0.08203125,32393,,,,
2961,0,patch_40_8,10240,10496,2048,2304,65536,NDVI,-0.74609375,15808,6813.0,0.0027397042287444,12070.0,0.009702603162167
2962,0,patch_40_9,10240,10496,2304,2560,65536,MSAVI,0.19140625,27647,,,,
2963,0,patch_40_9,10240,10496,2304,2560,65536,NDVI,-0.63671875,15841,4343.0,-0.0016171942338219,13892.0,0.0089565093426548
2964,0,patch_40_10,10240,10496,2560,2816,65536,MSAVI,0.28515625,32249,,,,
2965,0,patch_40_10,10240,10496,2560,2816,65536,NDVI,-0.72265625,15807,10281.0,0.0038992559748531,13494.0,0.0103074541051185
2966,0,patch_40_11,10240,10496,2816,3072,65536,MSAVI,-0.05078125,33428,,,,
2967,0,patch_40_11,10240,10496,2816,3072,65536,NDVI,-0.73828125,17302,15736.0,0.0088781595428046,18874.0,0.0170944617351233
2968,0,patch_40_12,10240,10496,3072,3328,65536,MSAVI,-0.08984375,31955,,,,
2969,0,patch_40_12,10240,10496,3072,3328,65536,NDVI,-0.71484375,17143,4529.0,0.0027347732027838,8841.0,0.0090165861305254
2970,0,patch_40_13,10240,10496,3328,3584,65536,MSAVI,-0.02734375,31770,,,,
2971,0,patch_40_13,10240,10496,3328,3584,65536,NDVI,-0.80859375,14908,5119.0,0.0032857962449778,9095.0,0.008718150482908
2972,0,patch_40_14,10240,10496,3584,3840,65536,MSAVI,-0.26953125,34625,,,,
2973,0,patch_40_14,10240,10496,3584,3840,65536,NDVI,-0.77734375,18569,8967.0,0.0067917634694671,14277.0,0.014764975749508
2974,0,patch_40_15,10240,10496,3840,4096,65536,MSAVI,-0.37109375,34326,,,,
2975,0,patch_40_15,10240,10496,3840,4096,65536,NDVI,-0.76953125,16465,13858.0,0.0066863903582609,17789.0,0.0165983243165493
2976,0,patch_40_16,10240,10496,4096,4352,65536,MSAVI,-0.20703125,45548,,,,
2977,0,patch_40_16,10240,10496,4096,4352,65536,NDVI,-0.71484375,19858,5432.0,0.019517549989381,6532.0,0.0300876435305433
2978,0,patch_40_17,10240,10496,4352,4608,65536,MSAVI,-0.48046875,41423,,,,
2979,0,patch_40_17,10240,10496,4352,4608,65536,NDVI,-0.81640625,24081,15414.0,0.0293450439222149,65536.0,0.0358564748362738
2980,0,patch_40_18,10240,10496,4608,4864,65536,MSAVI,-0.31640625,32010,,,,
2981,0,patch_40_18,10240,10496,4608,4864,65536,NDVI,-0.83984375,33524,5205.0,7.983938476766039e-05,12573.0,0.0101178541730917
2982,0,patch_40_19,10240,10496,4864,5120,65536,MSAVI,-0.11328125,32722,,,,
2983,0,patch_40_19,10240,10496,4864,5120,65536,NDVI,-0.69140625,19222,18583.0,0.0118131211698981,21087.0,0.0207247891490099
2984,0,patch_40_20,10240,10496,5120,5376,65536,MSAVI,-0.17578125,35517,,,,
2985,0,patch_40_20,10240,10496,5120,5376,65536,NDVI,-0.75390625,11325,6769.0,0.0091190531951803,10779.0,0.0168510292998736
2986,0,patch_40_21,10240,10496,5376,5632,65536,MSAVI,-0.26171875,36180,,,,
2987,0,patch_40_21,10240,10496,5376,5632,65536,NDVI,-0.73828125,11153,5670.0,0.0072308687097593,9370.0,0.0140142199681385
2988,0,patch_40_22,10240,10496,5632,5888,65536,MSAVI,-0.14453125,37777,,,,
2989,0,patch_40_22,10240,10496,5632,5888,65536,NDVI,-0.68359375,8639,5495.0,0.0091585472799212,8765.0,0.0172210227282164
2990,0,patch_40_23,10240,10496,5888,6144,65536,MSAVI,-0.27734375,53216,,,,
2991,0,patch_40_23,10240,10496,5888,6144,65536,NDVI,-0.51171875,5749,3776.0,0.0291981907237225,3728.0,0.0397542575631707
2992,0,patch_40_24,10240,10496,6144,6400,65536,MSAVI,-0.01171875,33496,,,,
2993,0,patch_40_24,10240,10496,6144,6400,65536,NDVI,-0.68359375,11037,8330.0,0.0051094181357352,13734.0,0.0139222512565836
2994,0,patch_40_25,10240,10496,6400,6656,65536,MSAVI,-0.06640625,34797,,,,
2995,0,patch_40_25,10240,10496,6400,6656,65536,NDVI,-0.55078125,8470,5549.0,0.0063576585871684,9452.0,0.0156448244132084
2996,0,patch_40_26,10240,10496,6656,6912,65536,MSAVI,-0.30859375,36626,,,,
2997,0,patch_40_26,10240,10496,6656,6912,65536,NDVI,-0.69140625,9480,14180.0,0.0144866149585361,16144.0,0.0239954158486761
2998,0,patch_40_27,10240,10496,6912,7168,65536,MSAVI,-0.35546875,45427,,,,
2999,0,patch_40_27,10240,10496,6912,7168,65536,NDVI,-0.71484375,9604,9659.0,0.0233063201690632,10485.0,0.0327830101200545
3000,0,patch_40_28,10240,10496,7168,7424,65536,MSAVI,-0.24609375,49014,,,,
3001,0,patch_40_28,10240,10496,7168,7424,65536,NDVI,-0.71484375,11789,3778.0,0.02716409932878,3784.0,0.0334143670356437
3002,0,patch_40_29,10240,10496,7424,7680,65536,MSAVI,-0.33203125,34250,,,,
3003,0,patch_40_29,10240,10496,7424,7680,65536,NDVI,-0.83203125,16159,10586.0,0.0062222159409457,15249.0,0.0147541918118092
3004,0,patch_40_30,10240,10496,7680,7936,65536,MSAVI,-0.27734375,35033,,,,
3005,0,patch_40_30,10240,10496,7680,7936,65536,NDVI,-0.67578125,8255,16536.0,0.0113090938646815,65536.0,0.0229098555142718
3006,0,patch_40_31,10240,10496,7936,8192,65536,MSAVI,-0.08984375,45118,,,,
3007,0,patch_40_31,10240,10496,7936,8192,65536,NDVI,-0.63671875,11403,11574.0,0.0344233178368909,65536.0,0.0370605792810505
3008,0,patch_40_32,10240,10496,8192,8448,65536,MSAVI,-0.16015625,35606,,,,
3009,0,patch_40_32,10240,10496,8192,8448,65536,NDVI,-0.74609375,14156,9558.0,0.0081480182137484,13969.0,0.0146031936081193
3010,0,patch_40_33,10240,10496,8448,8704,65536,MSAVI,-0.12890625,33131,,,,
3011,0,patch_40_33,10240,10496,8448,8704,65536,NDVI,-0.73828125,12525,5084.0,0.0021360669541221,14230.0,0.0120624613809672
3012,0,patch_40_34,10240,10496,8704,8960,65536,MSAVI,-0.19140625,36132,,,,
3013,0,patch_40_34,10240,10496,8704,8960,65536,NDVI,-0.73046875,11547,9366.0,0.0098160611885353,12449.0,0.0173891529830871
3014,0,patch_40_35,10240,10496,8960,9216,65536,MSAVI,-0.33203125,37050,,,,
3015,0,patch_40_35,10240,10496,8960,9216,65536,NDVI,-0.73828125,14661,11546.0,0.0134048444751447,13987.0,0.0203913726557589
3016,0,patch_40_36,10240,10496,9216,9472,65536,MSAVI,-0.30078125,44245,,,,
3017,0,patch_40_36,10240,10496,9216,9472,65536,NDVI,-0.68359375,10555,9957.0,0.026384470451797,9764.0,0.0358790538152601
3018,0,patch_40_37,10240,10496,9472,9728,65536,MSAVI,-0.32421875,38847,,,,
3019,0,patch_40_37,10240,10496,9472,9728,65536,NDVI,-0.77734375,16120,8371.0,0.0137579781503552,11504.0,0.0236907959439525
3020,0,patch_41_2,10496,10752,512,768,65536,MSAVI,-0.01953125,45323,,,,
3021,0,patch_41_2,10496,10752,512,768,65536,NDVI,-0.67578125,20163,9041.0,0.0260639829674579,8555.0,0.0300540781758751
3022,0,patch_41_3,10496,10752,768,1024,65536,MSAVI,0.12109375,41601,,,,
3023,0,patch_41_3,10496,10752,768,1024,65536,NDVI,-0.70703125,22416,11756.0,0.0178727549847776,11428.0,0.0243020900418712
3024,0,patch_41_4,10496,10752,1024,1280,65536,MSAVI,-0.27734375,33402,,,,
3025,0,patch_41_4,10496,10752,1024,1280,65536,NDVI,-0.78515625,16303,5447.0,0.0053093537212317,8270.0,0.012398743734603
3026,0,patch_41_5,10496,10752,1280,1536,65536,MSAVI,0.01171875,32482,,,,
3027,0,patch_41_5,10496,10752,1280,1536,65536,NDVI,-0.73046875,16788,4191.0,0.0026046111279864,11040.0,0.0102622529561602
3028,0,patch_41_6,10496,10752,1536,1792,65536,MSAVI,0.23046875,38582,,,,
3029,0,patch_41_6,10496,10752,1536,1792,65536,NDVI,-0.65234375,13865,12633.0,0.0195653996819096,12996.0,0.0250942813371821
3030,0,patch_41_7,10496,10752,1792,2048,65536,MSAVI,-0.14453125,34069,,,,
3031,0,patch_41_7,10496,10752,1792,2048,65536,NDVI,-0.76171875,17985,7104.0,0.004087626987475,13687.0,0.0144256420592563
3032,0,patch_41_8,10496,10752,2048,2304,65536,MSAVI,-0.22265625,42767,,,,
3033,0,patch_41_8,10496,10752,2048,2304,65536,NDVI,-0.73046875,15866,7193.0,0.0160267904516091,7132.0,0.0223975470664006
3034,0,patch_41_9,10496,10752,2304,2560,65536,MSAVI,0.13671875,31965,,,,
3035,0,patch_41_9,10496,10752,2304,2560,65536,NDVI,-0.75390625,14902,4158.0,0.001946202828171,8640.0,0.0086070776914657
3036,0,patch_41_10,10496,10752,2560,2816,65536,MSAVI,-0.41015625,37955,,,,
3037,0,patch_41_10,10496,10752,2560,2816,65536,NDVI,-0.77734375,12842,11731.0,0.0132279586518332,13746.0,0.0201831864862893
3038,0,patch_41_11,10496,10752,2816,3072,65536,MSAVI,-0.30859375,43357,,,,
3039,0,patch_41_11,10496,10752,2816,3072,65536,NDVI,-0.75390625,18904,11825.0,0.0241820194740429,11742.0,0.0296214287438967
3040,0,patch_41_12,10496,10752,3072,3328,65536,MSAVI,-0.19921875,32096,,,,
3041,0,patch_41_12,10496,10752,3072,3328,65536,NDVI,-0.75390625,22818,10096.0,0.0030661519328811,15107.0,0.0114514974106956
3042,0,patch_41_13,10496,10752,3328,3584,65536,MSAVI,-0.04296875,32265,,,,
3043,0,patch_41_13,10496,10752,3328,3584,65536,NDVI,-0.77734375,19441,6395.0,0.0028202569092567,13875.0,0.0112271235096489
3044,0,patch_41_14,10496,10752,3584,3840,65536,MSAVI,-0.03515625,37683,,,,
3045,0,patch_41_14,10496,10752,3584,3840,65536,NDVI,-0.76953125,14642,10245.0,0.0128338613747704,12455.0,0.0203352982463353
3046,0,patch_41_15,10496,10752,3840,4096,65536,MSAVI,-0.39453125,47914,,,,
3047,0,patch_41_15,10496,10752,3840,4096,65536,NDVI,-0.73046875,16905,6622.0,0.0254687488486161,6243.0,0.032911619264546
3048,0,patch_41_16,10496,10752,4096,4352,65536,MSAVI,-0.14453125,46553,,,,
3049,0,patch_41_16,10496,10752,4096,4352,65536,NDVI,-0.65234375,18927,9672.0,0.0268327233197018,9743.0,0.0358379099215762
3050,0,patch_41_17,10496,10752,4352,4608,65536,MSAVI,-0.20703125,35459,,,,
3051,0,patch_41_17,10496,10752,4352,4608,65536,NDVI,-0.99609375,30077,14128.0,0.018773331387775,65487.0,0.0191955189002291
3052,0,patch_41_18,10496,10752,4608,4864,65536,MSAVI,-0.16796875,32228,,,,
3053,0,patch_41_18,10496,10752,4608,4864,65536,NDVI,-0.82421875,31945,9590.0,0.0028870179571864,19130.0,0.0123196823769917
3054,0,patch_41_19,10496,10752,4864,5120,65536,MSAVI,-0.12109375,32864,,,,
3055,0,patch_41_19,10496,10752,4864,5120,65536,NDVI,-0.76171875,17337,19241.0,0.0099787525053405,22231.0,0.0186819190433946
3056,0,patch_41_20,10496,10752,5120,5376,65536,MSAVI,-0.23046875,34102,,,,
3057,0,patch_41_20,10496,10752,5120,5376,65536,NDVI,-0.76171875,11905,5025.0,0.0045984710550984,9342.0,0.0113453157114702
3058,0,patch_41_21,10496,10752,5376,5632,65536,MSAVI,-0.26171875,32350,,,,
3059,0,patch_41_21,10496,10752,5376,5632,65536,NDVI,-0.76953125,12666,4569.0,0.0029307608760391,12264.0,0.0106605516458413
3060,0,patch_41_22,10496,10752,5632,5888,65536,MSAVI,-0.36328125,35997,,,,
3061,0,patch_41_22,10496,10752,5632,5888,65536,NDVI,-0.67578125,9733,15769.0,0.0154510239076269,17919.0,0.02503111362042
3062,0,patch_41_23,10496,10752,5888,6144,65536,MSAVI,-0.20703125,47225,,,,
3063,0,patch_41_23,10496,10752,5888,6144,65536,NDVI,-0.47265625,16392,15068.0,0.0220509676942447,65536.0,0.0325017564925199
3064,0,patch_41_24,10496,10752,6144,6400,65536,MSAVI,0.01171875,51569,,,,
3065,0,patch_41_24,10496,10752,6144,6400,65536,NDVI,-0.47265625,7085,5050.0,0.0326463031631063,5048.0,0.0383447485918093
3066,0,patch_41_25,10496,10752,6400,6656,65536,MSAVI,-0.00390625,32369,,,,
3067,0,patch_41_25,10496,10752,6400,6656,65536,NDVI,-0.68359375,10866,7643.0,0.0036624510639941,13526.0,0.0129032414677601
3068,0,patch_41_26,10496,10752,6656,6912,65536,MSAVI,0.01953125,35854,,,,
3069,0,patch_41_26,10496,10752,6656,6912,65536,NDVI,-0.73828125,11683,12047.0,0.0101925393269503,15128.0,0.0201235263965437
3070,0,patch_41_27,10496,10752,6912,7168,65536,MSAVI,-0.11328125,36138,,,,
3071,0,patch_41_27,10496,10752,6912,7168,65536,NDVI,-0.73828125,13000,14544.0,0.0123678234250154,18663.0,0.0233457409299558
3072,0,patch_41_28,10496,10752,7168,7424,65536,MSAVI,-0.07421875,29166,,,,
3073,0,patch_41_28,10496,10752,7168,7424,65536,NDVI,-0.68359375,15472,7586.0,-0.00148236549482,65478.0,0.0113018981968104
3074,0,patch_41_29,10496,10752,7424,7680,65536,MSAVI,-0.26171875,32254,,,,
3075,0,patch_41_29,10496,10752,7424,7680,65536,NDVI,-0.79296875,13582,5926.0,0.0021325819552368,11771.0,0.0113578314659248
3076,0,patch_41_30,10496,10752,7680,7936,65536,MSAVI,-0.09765625,34123,,,,
3077,0,patch_41_30,10496,10752,7680,7936,65536,NDVI,-0.69921875,11825,9803.0,0.0055322180431316,15659.0,0.0132123258089655
3078,0,patch_41_31,10496,10752,7936,8192,65536,MSAVI,-0.19921875,43615,,,,
3079,0,patch_41_31,10496,10752,7936,8192,65536,NDVI,-0.65234375,10286,12951.0,0.0321491260013075,65536.0,0.0364941520816933
3080,0,patch_41_32,10496,10752,8192,8448,65536,MSAVI,-0.21484375,33944,,,,
3081,0,patch_41_32,10496,10752,8192,8448,65536,NDVI,-0.76953125,12728,8972.0,0.0072427758816656,14194.0,0.0153892958533202
3082,0,patch_41_33,10496,10752,8448,8704,65536,MSAVI,-0.30859375,35925,,,,
3083,0,patch_41_33,10496,10752,8448,8704,65536,NDVI,-0.78515625,9967,6426.0,0.0064791408720352,10681.0,0.0147452767815186
3084,0,patch_41_34,10496,10752,8704,8960,65536,MSAVI,-0.17578125,35989,,,,
3085,0,patch_41_34,10496,10752,8704,8960,65536,NDVI,-0.76953125,12063,11239.0,0.0097056794493244,13323.0,0.0162556943374334
3086,0,patch_41_35,10496,10752,8960,9216,65536,MSAVI,-0.26171875,38500,,,,
3087,0,patch_41_35,10496,10752,8960,9216,65536,NDVI,-0.75390625,14059,11091.0,0.0151219914171195,12593.0,0.0200613029933754
3088,0,patch_41_36,10496,10752,9216,9472,65536,MSAVI,-0.29296875,37573,,,,
3089,0,patch_41_36,10496,10752,9216,9472,65536,NDVI,-0.76171875,18468,10977.0,0.0145003523601292,13160.0,0.0219476519863311
3090,0,patch_41_37,10496,10752,9472,9728,65536,MSAVI,-0.29296875,38266,,,,
3091,0,patch_41_37,10496,10752,9472,9728,65536,NDVI,-0.76953125,21360,14130.0,0.0183724592784313,14971.0,0.0255113297782073
3094,0,patch_42_2,10752,11008,512,768,65536,MSAVI,-0.26953125,48332,,,,
3095,0,patch_42_2,10752,11008,512,768,65536,NDVI,-0.73046875,17202,2276.0,0.0231577582349692,2629.0,0.0313642927708769
3096,0,patch_42_3,10752,11008,768,1024,65536,MSAVI,-0.08984375,41761,,,,
3097,0,patch_42_3,10752,11008,768,1024,65536,NDVI,-0.76953125,23686,5830.0,0.0126145983630136,7050.0,0.0226306184951957
3098,0,patch_42_4,10752,11008,1024,1280,65536,MSAVI,-0.30078125,36762,,,,
3099,0,patch_42_4,10752,11008,1024,1280,65536,NDVI,-0.75390625,11006,4859.0,0.0092420675147678,8170.0,0.0164101242803742
3100,0,patch_42_5,10752,11008,1280,1536,65536,MSAVI,-0.23046875,54901,,,,
3101,0,patch_42_5,10752,11008,1280,1536,65536,NDVI,-0.60546875,9943,7756.0,0.0269908814177791,7832.0,0.0398410659711449
3102,0,patch_42_6,10752,11008,1536,1792,65536,MSAVI,-0.26953125,45655,,,,
3103,0,patch_42_6,10752,11008,1536,1792,65536,NDVI,-0.69140625,15131,14644.0,0.0241751550514544,14692.0,0.0343614443319857
3104,0,patch_42_7,10752,11008,1792,2048,65536,MSAVI,-0.19140625,42212,,,,
3105,0,patch_42_7,10752,11008,1792,2048,65536,NDVI,-0.78515625,16814,14451.0,0.0235667017283833,14865.0,0.0330312963351966
3106,0,patch_42_8,10752,11008,2048,2304,65536,MSAVI,-0.15234375,32356,,,,
3107,0,patch_42_8,10752,11008,2048,2304,65536,NDVI,-0.75390625,27258,12493.0,0.0042147505950235,16736.0,0.0110934697576876
3108,0,patch_42_9,10752,11008,2304,2560,65536,MSAVI,-0.18359375,32986,,,,
3109,0,patch_42_9,10752,11008,2304,2560,65536,NDVI,-0.80078125,22020,6464.0,0.0033953266717421,13442.0,0.0123490821737756
3110,0,patch_42_10,10752,11008,2560,2816,65536,MSAVI,-0.07421875,37857,,,,
3111,0,patch_42_10,10752,11008,2560,2816,65536,NDVI,-0.74609375,13036,6579.0,0.0110484488587515,9177.0,0.0176129565689209
3112,0,patch_42_11,10752,11008,2816,3072,65536,MSAVI,-0.19140625,37675,,,,
3113,0,patch_42_11,10752,11008,2816,3072,65536,NDVI,-0.72265625,13417,12753.0,0.0119770831296414,15364.0,0.0194971638552096
3114,0,patch_42_12,10752,11008,3072,3328,65536,MSAVI,-0.09765625,30690,,,,
3115,0,patch_42_12,10752,11008,3072,3328,65536,NDVI,-0.72265625,22336,7605.0,0.0015205052867539,15085.0,0.0087417534101229
3116,0,patch_42_13,10752,11008,3328,3584,65536,MSAVI,-0.33984375,37095,,,,
3117,0,patch_42_13,10752,11008,3328,3584,65536,NDVI,-0.80078125,25726,7454.0,0.0087526853439997,9720.0,0.0167025900944831
3118,0,patch_42_14,10752,11008,3584,3840,65536,MSAVI,-0.37890625,36899,,,,
3119,0,patch_42_14,10752,11008,3584,3840,65536,NDVI,-0.81640625,25043,8950.0,0.0087315755601676,11808.0,0.0157962003871306
3120,0,patch_42_15,10752,11008,3840,4096,65536,MSAVI,-0.23828125,43081,,,,
3121,0,patch_42_15,10752,11008,3840,4096,65536,NDVI,-0.75390625,20184,11667.0,0.0213420005387839,11904.0,0.0313338950342348
3122,0,patch_42_16,10752,11008,4096,4352,65536,MSAVI,-0.04296875,50213,,,,
3123,0,patch_42_16,10752,11008,4096,4352,65536,NDVI,-0.57421875,15318,10719.0,0.0274636747986978,10320.0,0.0401198669934332
3124,0,patch_42_17,10752,11008,4352,4608,65536,MSAVI,-0.19140625,33686,,,,
3125,0,patch_42_17,10752,11008,4352,4608,65536,NDVI,-0.75390625,31828,8337.0,0.0058108586104699,12034.0,0.0121224231006235
3126,0,patch_42_18,10752,11008,4608,4864,65536,MSAVI,-0.44140625,32830,,,,
3127,0,patch_42_18,10752,11008,4608,4864,65536,NDVI,-0.86328125,23402,11771.0,0.0054756106455278,17736.0,0.0143409392316266
3128,0,patch_42_19,10752,11008,4864,5120,65536,MSAVI,-0.09765625,32806,,,,
3129,0,patch_42_19,10752,11008,4864,5120,65536,NDVI,-0.77734375,25434,7418.0,0.0033255500589849,15372.0,0.0125826609332911
3130,0,patch_42_20,10752,11008,5120,5376,65536,MSAVI,-0.01953125,34015,,,,
3131,0,patch_42_20,10752,11008,5120,5376,65536,NDVI,-0.66796875,6983,7533.0,0.0048727814254632,13139.0,0.0142064375968237
3132,0,patch_42_21,10752,11008,5376,5632,65536,MSAVI,-0.26171875,35918,,,,
3133,0,patch_42_21,10752,11008,5376,5632,65536,NDVI,-0.73828125,8665,5492.0,0.0088994295793281,7240.0,0.013267972748185
3134,0,patch_42_22,10752,11008,5632,5888,65536,MSAVI,-0.30078125,38297,,,,
3135,0,patch_42_22,10752,11008,5632,5888,65536,NDVI,-0.75390625,12019,9644.0,0.0108060059524401,12563.0,0.0219326969846149
3136,0,patch_42_23,10752,11008,5888,6144,65536,MSAVI,-0.18359375,48951,,,,
3137,0,patch_42_23,10752,11008,5888,6144,65536,NDVI,-0.64453125,6816,3842.0,0.0246874950095349,4029.0,0.0355811546874035
3138,0,patch_42_24,10752,11008,6144,6400,65536,MSAVI,-0.22265625,34112,,,,
3139,0,patch_42_24,10752,11008,6144,6400,65536,NDVI,-0.70703125,13916,3853.0,0.0037763543561237,11835.0,0.0136895428340125
3140,0,patch_42_25,10752,11008,6400,6656,65536,MSAVI,-0.09765625,34951,,,,
3141,0,patch_42_25,10752,11008,6400,6656,65536,NDVI,-0.69921875,13046,9239.0,0.0079053798357883,14587.0,0.0156205075405685
3142,0,patch_42_26,10752,11008,6656,6912,65536,MSAVI,-0.11328125,38834,,,,
3143,0,patch_42_26,10752,11008,6656,6912,65536,NDVI,-0.74609375,8622,8366.0,0.0147798899826015,10320.0,0.0224851332685976
3144,0,patch_42_27,10752,11008,6912,7168,65536,MSAVI,-0.15234375,37687,,,,
3145,0,patch_42_27,10752,11008,6912,7168,65536,NDVI,-0.74609375,9427,8549.0,0.0121577273189295,11161.0,0.0221884575219017
3146,0,patch_42_28,10752,11008,7168,7424,65536,MSAVI,-0.18359375,33566,,,,
3147,0,patch_42_28,10752,11008,7168,7424,65536,NDVI,-0.72265625,10205,9254.0,0.0052437067989806,13847.0,0.0137206748299963
3148,0,patch_42_29,10752,11008,7424,7680,65536,MSAVI,-0.17578125,31785,,,,
3149,0,patch_42_29,10752,11008,7424,7680,65536,NDVI,-0.69140625,12294,6742.0,0.0025104693048191,16189.0,0.0116946240988544
3150,0,patch_42_30,10752,11008,7680,7936,65536,MSAVI,-0.16015625,35180,,,,
3151,0,patch_42_30,10752,11008,7680,7936,65536,NDVI,-0.76953125,14210,11749.0,0.0090427394537635,15297.0,0.0178344326256585
3152,0,patch_42_31,10752,11008,7936,8192,65536,MSAVI,-0.44921875,37613,,,,
3153,0,patch_42_31,10752,11008,7936,8192,65536,NDVI,-0.73828125,4818,11284.0,0.013306033598223,13374.0,0.0227845792089086
3154,0,patch_42_32,10752,11008,8192,8448,65536,MSAVI,-0.24609375,35871,,,,
3155,0,patch_42_32,10752,11008,8192,8448,65536,NDVI,-0.76953125,18114,22475.0,0.0270159211538202,65536.0,0.0289684562904185
3156,0,patch_42_33,10752,11008,8448,8704,65536,MSAVI,-0.23046875,40142,,,,
3157,0,patch_42_33,10752,11008,8448,8704,65536,NDVI,-0.71484375,9360,5259.0,0.0140350595575933,6238.0,0.018735032495437
3158,0,patch_42_34,10752,11008,8704,8960,65536,MSAVI,-0.32421875,37652,,,,
3159,0,patch_42_34,10752,11008,8704,8960,65536,NDVI,-0.75390625,11302,8475.0,0.0109243928979392,65536.0,0.0159304756922605
3160,0,patch_42_35,10752,11008,8960,9216,65536,MSAVI,-0.20703125,40714,,,,
3161,0,patch_42_35,10752,11008,8960,9216,65536,NDVI,-0.66015625,13378,10174.0,0.0184834344765624,10215.0,0.0232679708776866
3162,0,patch_42_36,10752,11008,9216,9472,65536,MSAVI,-0.23828125,39950,,,,
3163,0,patch_42_36,10752,11008,9216,9472,65536,NDVI,-0.72265625,13342,10326.0,0.0171788106177794,11570.0,0.0239614688758811
3164,0,patch_42_37,10752,11008,9472,9728,65536,MSAVI,-0.19921875,31535,,,,
3165,0,patch_42_37,10752,11008,9472,9728,65536,NDVI,-0.70703125,26165,8435.0,0.0043248253050624,17186.0,0.0137151361741198
3168,0,patch_43_2,11008,11264,512,768,65509,MSAVI,-0.01953125,51494,,,,
3169,0,patch_43_2,11008,11264,512,768,65509,NDVI,-0.61328125,13726,3861.0,0.0241732642382557,3800.0,0.0350791041412583
3170,0,patch_43_3,11008,11264,768,1024,65536,MSAVI,-0.02734375,50066,,,,
3171,0,patch_43_3,11008,11264,768,1024,65536,NDVI,-0.45703125,15419,9402.0,0.020330670116627,8915.0,0.0307957568890962
3172,0,patch_43_4,11008,11264,1024,1280,65536,MSAVI,-0.21484375,45000,,,,
3173,0,patch_43_4,11008,11264,1024,1280,65536,NDVI,-0.40234375,20409,16899.0,0.0179301956646062,15922.0,0.0280512846536147
3174,0,patch_43_5,11008,11264,1280,1536,65536,MSAVI,-0.16796875,58135,,,,
3175,0,patch_43_5,11008,11264,1280,1536,65536,NDVI,-0.54296875,7391,3703.0,0.0286129201250102,3701.0,0.0423140912648566
3176,0,patch_43_6,11008,11264,1536,1792,65536,MSAVI,-0.06640625,42577,,,,
3177,0,patch_43_6,11008,11264,1536,1792,65536,NDVI,-0.60546875,22355,18419.0,0.0230047887946037,65536.0,0.0313931188243606
3178,0,patch_43_7,11008,11264,1792,2048,65536,MSAVI,-0.30078125,40891,,,,
3179,0,patch_43_7,11008,11264,1792,2048,65536,NDVI,-0.58984375,24577,18660.0,0.0214513641468354,65536.0,0.0280426058280507
3180,0,patch_43_8,11008,11264,2048,2304,65536,MSAVI,-0.08203125,34779,,,,
3181,0,patch_43_8,11008,11264,2048,2304,65536,NDVI,-0.75390625,23859,13953.0,0.0095461624357968,16433.0,0.0160059733271359
3182,0,patch_43_9,11008,11264,2304,2560,65536,MSAVI,-0.32421875,46734,,,,
3183,0,patch_43_9,11008,11264,2304,2560,65536,NDVI,-0.73828125,15269,4617.0,0.0240414826971786,5386.0,0.0300018468701433
3184,0,patch_43_10,11008,11264,2560,2816,65536,MSAVI,-0.11328125,45138,,,,
3185,0,patch_43_10,11008,11264,2560,2816,65536,NDVI,-0.61328125,20377,10738.0,0.0204741854119582,10965.0,0.0289761701455046
3186,0,patch_43_11,11008,11264,2816,3072,65536,MSAVI,-0.19921875,36747,,,,
3187,0,patch_43_11,11008,11264,2816,3072,65536,NDVI,-0.77734375,28582,6417.0,0.0070002908874478,8975.0,0.0132966498775553
3188,0,patch_43_12,11008,11264,3072,3328,65536,MSAVI,-0.33203125,37721,,,,
3189,0,patch_43_12,11008,11264,3072,3328,65536,NDVI,-0.76953125,26554,12515.0,0.0136521285662534,13926.0,0.0190965561731487
3190,0,patch_43_13,11008,11264,3328,3584,65536,MSAVI,-0.16796875,34613,,,,
3191,0,patch_43_13,11008,11264,3328,3584,65536,NDVI,-0.76171875,23425,4374.0,0.0051036175935756,7917.0,0.0108231035274955
3192,0,patch_43_14,11008,11264,3584,3840,65536,MSAVI,-0.19140625,34355,,,,
3193,0,patch_43_14,11008,11264,3584,3840,65536,NDVI,-0.81640625,23702,10775.0,0.0062612390063351,14653.0,0.0149337500374231
3194,0,patch_43_15,11008,11264,3840,4096,65536,MSAVI,-0.13671875,40911,,,,
3195,0,patch_43_15,11008,11264,3840,4096,65536,NDVI,-0.75390625,22919,17056.0,0.0196057409703435,17495.0,0.0294907632881493
3196,0,patch_43_16,11008,11264,4096,4352,65536,MSAVI,-0.16015625,50578,,,,
3197,0,patch_43_16,11008,11264,4096,4352,65536,NDVI,-0.59765625,14954,9784.0,0.0302999687701483,9757.0,0.0395860625682693
3198,0,patch_43_17,11008,11264,4352,4608,65536,MSAVI,-0.26171875,31600,,,,
3199,0,patch_43_17,11008,11264,4352,4608,65536,NDVI,-0.99609375,33936,16465.0,0.0057475766011186,21461.0,0.0142125401688011
3200,0,patch_43_18,11008,11264,4608,4864,65536,MSAVI,-0.23046875,33951,,,,
3201,0,patch_43_18,11008,11264,4608,4864,65536,NDVI,-0.99609375,31585,19417.0,0.0132327369091414,19673.0,0.0197546511741746
3202,0,patch_43_19,11008,11264,4864,5120,65536,MSAVI,-0.24609375,31637,,,,
3203,0,patch_43_19,11008,11264,4864,5120,65536,NDVI,-0.82421875,33760,6614.0,4.879740869412341e-05,16901.0,0.0114468521100394
3204,0,patch_43_20,11008,11264,5120,5376,65536,MSAVI,-0.16015625,30452,,,,
3205,0,patch_43_20,11008,11264,5120,5376,65536,NDVI,-0.77734375,25279,7658.0,0.001123075954105,15815.0,0.0089188908534488
3206,0,patch_43_21,11008,11264,5376,5632,65536,MSAVI,-0.07421875,38527,,,,
3207,0,patch_43_21,11008,11264,5376,5632,65536,NDVI,-0.74609375,17126,7754.0,0.0106265266044907,9841.0,0.0178794669737508
3208,0,patch_43_22,11008,11264,5632,5888,65536,MSAVI,-0.26171875,43073,,,,
3209,0,patch_43_22,11008,11264,5632,5888,65536,NDVI,-0.72265625,18294,8150.0,0.0208778944999973,8891.0,0.0299491919833464
3210,0,patch_43_23,11008,11264,5888,6144,65536,MSAVI,-0.19140625,47724,,,,
3211,0,patch_43_23,11008,11264,5888,6144,65536,NDVI,-0.69921875,10656,4489.0,0.0250793705828127,4977.0,0.0354935437524213
3212,0,patch_43_24,11008,11264,6144,6400,65536,MSAVI,-0.26953125,39483,,,,
3213,0,patch_43_24,11008,11264,6144,6400,65536,NDVI,-0.78515625,14969,8394.0,0.015905614473555,10491.0,0.0228101309180095
3214,0,patch_43_25,11008,11264,6400,6656,65536,MSAVI,-0.08984375,34715,,,,
3215,0,patch_43_25,11008,11264,6400,6656,65536,NDVI,-0.72265625,18208,6376.0,0.0062784208583622,12395.0,0.0167303710682227
3216,0,patch_43_26,11008,11264,6656,6912,65536,MSAVI,-0.25390625,34455,,,,
3217,0,patch_43_26,11008,11264,6656,6912,65536,NDVI,-0.76953125,20934,10574.0,0.0068508742128545,16571.0,0.0160362026249692
3218,0,patch_43_27,11008,11264,6912,7168,65536,MSAVI,-0.28515625,34968,,,,
3219,0,patch_43_27,11008,11264,6912,7168,65536,NDVI,-0.76171875,13172,9201.0,0.0067984942722386,14653.0,0.015579054488735
3220,0,patch_43_28,11008,11264,7168,7424,65536,MSAVI,-0.20703125,35294,,,,
3221,0,patch_43_28,11008,11264,7168,7424,65536,NDVI,-0.66015625,5304,7898.0,0.0070699845369592,13364.0,0.0148561251547649
3222,0,patch_43_29,11008,11264,7424,7680,65536,MSAVI,-0.07421875,31237,,,,
3223,0,patch_43_29,11008,11264,7424,7680,65536,NDVI,-0.73828125,15044,7532.0,0.0026767759307174,15046.0,0.0098282703344754
3224,0,patch_43_30,11008,11264,7680,7936,65536,MSAVI,-0.30078125,34300,,,,
3225,0,patch_43_30,11008,11264,7680,7936,65536,NDVI,-0.82421875,13271,10884.0,0.0075980586606881,15613.0,0.0184405472079553
3226,0,patch_43_31,11008,11264,7936,8192,65536,MSAVI,-0.38671875,37316,,,,
3227,0,patch_43_31,11008,11264,7936,8192,65536,NDVI,-0.81640625,11541,11808.0,0.0135151688756263,15604.0,0.0259788740828349
3228,0,patch_43_32,11008,11264,8192,8448,65536,MSAVI,-0.21484375,34037,,,,
3229,0,patch_43_32,11008,11264,8192,8448,65536,NDVI,-0.78515625,11537,12946.0,0.0114395823131574,65536.0,0.0176444800167799
3230,0,patch_43_33,11008,11264,8448,8704,65536,MSAVI,-0.23828125,37414,,,,
3231,0,patch_43_33,11008,11264,8448,8704,65536,NDVI,-0.73046875,16692,8374.0,0.0112189696474731,12267.0,0.0186146978601275
3232,0,patch_43_34,11008,11264,8704,8960,65536,MSAVI,-0.19140625,41590,,,,
3233,0,patch_43_34,11008,11264,8704,8960,65536,NDVI,-0.67578125,17522,11995.0,0.0217169891697477,11949.0,0.0252879930151041
3234,0,patch_43_35,11008,11264,8960,9216,65536,MSAVI,-0.19921875,49539,,,,
3235,0,patch_43_35,11008,11264,8960,9216,65536,NDVI,-0.61328125,14144,10396.0,0.0312761854845576,9560.0,0.0368487434589054
3236,0,patch_43_36,11008,11264,9216,9472,65536,MSAVI,-0.15234375,55676,,,,
3237,0,patch_43_36,11008,11264,9216,9472,65536,NDVI,-0.51171875,9516,5130.0,0.0316894180972743,65536.0,0.0439653384297155
3238,0,patch_43_37,11008,11264,9472,9728,65536,MSAVI,-0.17578125,36065,,,,
3239,0,patch_43_37,11008,11264,9472,9728,65536,NDVI,-0.75390625,23211,14460.0,0.0139864368683952,14756.0,0.0189661214459448
3244,0,patch_44_3,11264,11520,768,1024,65536,MSAVI,-0.20703125,59571,,,,
3245,0,patch_44_3,11264,11520,768,1024,65536,NDVI,-0.43359375,5756,4330.0,0.0241795954047129,4221.0,0.0399342355061121
3246,0,patch_44_4,11264,11520,1024,1280,65536,MSAVI,-0.23046875,42138,,,,
3247,0,patch_44_4,11264,11520,1024,1280,65536,NDVI,-0.39453125,23380,20216.0,0.0153504104377718,20283.0,0.0284840357827438
3248,0,patch_44_5,11264,11520,1280,1536,65536,MSAVI,-0.06640625,45993,,,,
3249,0,patch_44_5,11264,11520,1280,1536,65536,NDVI,-0.45703125,19541,10936.0,0.017015157939447,11476.0,0.0267039644471636
3250,0,patch_44_6,11264,11520,1536,1792,65536,MSAVI,-0.21484375,52438,,,,
3251,0,patch_44_6,11264,11520,1536,1792,65536,NDVI,-0.99609375,13098,8005.0,0.0193056801875154,8043.0,0.0364619171647714
3252,0,patch_44_7,11264,11520,1792,2048,65536,MSAVI,-0.05859375,42253,,,,
3253,0,patch_44_7,11264,11520,1792,2048,65536,NDVI,-0.99609375,23283,18485.0,0.0160361135503334,65536.0,0.0271021897866174
3254,0,patch_44_8,11264,11520,2048,2304,65536,MSAVI,-0.08984375,42034,,,,
3255,0,patch_44_8,11264,11520,2048,2304,65536,NDVI,-0.51171875,23483,9368.0,0.0128444709714777,12234.0,0.0229535762239899
3256,0,patch_44_9,11264,11520,2304,2560,65536,MSAVI,-0.18359375,33827,,,,
3257,0,patch_44_9,11264,11520,2304,2560,65536,NDVI,-0.54296875,31629,25592.0,0.0115925814706884,65536.0,0.0217769918467099
3258,0,patch_44_10,11264,11520,2560,2816,65536,MSAVI,-0.12109375,48508,,,,
3259,0,patch_44_10,11264,11520,2560,2816,65536,NDVI,-0.99609375,17028,12847.0,0.0181222304397619,12844.0,0.0318465120475339
3260,0,patch_44_11,11264,11520,2816,3072,65536,MSAVI,-0.16015625,48656,,,,
3261,0,patch_44_11,11264,11520,2816,3072,65536,NDVI,-0.37890625,16866,13231.0,0.0187160364901841,65536.0,0.0296203047904828
3262,0,patch_44_12,11264,11520,3072,3328,65536,MSAVI,-0.27734375,41321,,,,
3263,0,patch_44_12,11264,11520,3072,3328,65536,NDVI,-0.73828125,24149,10916.0,0.0189855164246121,11246.0,0.0227263938110422
3264,0,patch_44_13,11264,11520,3328,3584,65536,MSAVI,-0.05078125,37619,,,,
3265,0,patch_44_13,11264,11520,3328,3584,65536,NDVI,-0.62109375,27706,16050.0,0.0138116487514974,17170.0,0.021654333655134
3266,0,patch_44_14,11264,11520,3584,3840,65536,MSAVI,-0.33203125,41545,,,,
3267,0,patch_44_14,11264,11520,3584,3840,65536,NDVI,-0.71484375,23436,16663.0,0.0208562610361373,16339.0,0.0289722371317815
3268,0,patch_44_15,11264,11520,3840,4096,65536,MSAVI,-0.07421875,41139,,,,
3269,0,patch_44_15,11264,11520,3840,4096,65536,NDVI,-0.67578125,24089,15365.0,0.0195894901795782,15680.0,0.0270312721127128
3270,0,patch_44_16,11264,11520,4096,4352,65536,MSAVI,-0.03515625,36737,,,,
3271,0,patch_44_16,11264,11520,4096,4352,65536,NDVI,-0.71484375,28795,21056.0,0.0229461215867627,65536.0,0.0261143128106788
3272,0,patch_44_17,11264,11520,4352,4608,65536,MSAVI,-0.19921875,52084,,,,
3273,0,patch_44_17,11264,11520,4352,4608,65536,NDVI,-0.99609375,13452,7061.0,0.0269850763710597,7365.0,0.0389685849852349
3274,0,patch_44_18,11264,11520,4608,4864,65536,MSAVI,-0.33203125,35202,,,,
3275,0,patch_44_18,11264,11520,4608,4864,65536,NDVI,-0.99609375,30334,12235.0,0.0076412717511724,15929.0,0.0160825313233786
3276,0,patch_44_19,11264,11520,4864,5120,65536,MSAVI,0.00390625,35276,,,,
3277,0,patch_44_19,11264,11520,4864,5120,65536,NDVI,-0.99609375,30260,11863.0,0.0100286542128236,16422.0,0.0173937066518028
3278,0,patch_44_20,11264,11520,5120,5376,65536,MSAVI,-0.13671875,34798,,,,
3279,0,patch_44_20,11264,11520,5120,5376,65536,NDVI,-0.99609375,30738,5506.0,0.0058811184334472,9102.0,0.0129830012914927
3280,0,patch_44_21,11264,11520,5376,5632,65536,MSAVI,-0.00390625,37143,,,,
3281,0,patch_44_21,11264,11520,5376,5632,65536,NDVI,-0.99609375,28393,6359.0,0.0095990450762116,7746.0,0.0143131826269841
3282,0,patch_44_22,11264,11520,5632,5888,65536,MSAVI,-0.50390625,49131,,,,
3283,0,patch_44_22,11264,11520,5632,5888,65536,NDVI,-0.72265625,16087,5515.0,0.0207299372837773,5491.0,0.032777267128348
3284,0,patch_44_23,11264,11520,5888,6144,65536,MSAVI,-0.44921875,44581,,,,
3285,0,patch_44_23,11264,11520,5888,6144,65536,NDVI,-0.73828125,10912,7960.0,0.0188407357447,8652.0,0.0285506022664221
3286,0,patch_44_24,11264,11520,6144,6400,65536,MSAVI,-0.42578125,37231,,,,
3287,0,patch_44_24,11264,11520,6144,6400,65536,NDVI,-0.83203125,10469,7425.0,0.0082887465700715,10914.0,0.0165439842248986
3288,0,patch_44_25,11264,11520,6400,6656,65536,MSAVI,-0.30078125,42736,,,,
3289,0,patch_44_25,11264,11520,6400,6656,65536,NDVI,-0.77734375,13682,6897.0,0.0184432178741522,7789.0,0.0230985008761501
3290,0,patch_44_26,11264,11520,6656,6912,65536,MSAVI,-0.19921875,38064,,,,
3291,0,patch_44_26,11264,11520,6656,6912,65536,NDVI,-0.83984375,27464,10142.0,0.0120209609663362,11999.0,0.0198990156583644
3292,0,patch_44_27,11264,11520,6912,7168,65536,MSAVI,-0.30078125,30753,,,,
3293,0,patch_44_27,11264,11520,6912,7168,65536,NDVI,-0.77734375,27137,9367.0,0.0025459270993371,21547.0,0.0142093496479401
3294,0,patch_44_28,11264,11520,7168,7424,65536,MSAVI,-0.08203125,35171,,,,
3295,0,patch_44_28,11264,11520,7168,7424,65536,NDVI,-0.80859375,14105,11265.0,0.008292129865573,16731.0,0.0165582818370311
3296,0,patch_44_29,11264,11520,7424,7680,65536,MSAVI,-0.21484375,37038,,,,
3297,0,patch_44_29,11264,11520,7424,7680,65536,NDVI,-0.67578125,7563,7974.0,0.0108809935459656,12377.0,0.0198032187689549
3298,0,patch_44_30,11264,11520,7680,7936,65536,MSAVI,-0.33984375,37931,,,,
3299,0,patch_44_30,11264,11520,7680,7936,65536,NDVI,-0.67578125,6384,10870.0,0.0133839877378421,14426.0,0.0204519927815499
3300,0,patch_44_31,11264,11520,7936,8192,65536,MSAVI,-0.23046875,35423,,,,
3301,0,patch_44_31,11264,11520,7936,8192,65536,NDVI,-0.76171875,12020,13354.0,0.0130202531764836,15708.0,0.0202118974497882
3302,0,patch_44_32,11264,11520,8192,8448,65536,MSAVI,-0.41015625,32809,,,,
3303,0,patch_44_32,11264,11520,8192,8448,65536,NDVI,-0.79296875,9186,8963.0,0.0060357234938997,13349.0,0.0135480082130924
3304,0,patch_44_33,11264,11520,8448,8704,65536,MSAVI,-0.23828125,53414,,,,
3305,0,patch_44_33,11264,11520,8448,8704,65536,NDVI,-0.64453125,9613,4311.0,0.0329479942063147,4576.0,0.0420834218285827
3306,0,patch_44_34,11264,11520,8704,8960,65536,MSAVI,-0.17578125,42945,,,,
3307,0,patch_44_34,11264,11520,8704,8960,65536,NDVI,-0.73046875,22508,10944.0,0.0235730719454656,11185.0,0.0280920604565825
3308,0,patch_44_35,11264,11520,8960,9216,65536,MSAVI,-0.19921875,47265,,,,
3309,0,patch_44_35,11264,11520,8960,9216,65536,NDVI,-0.68359375,17629,9035.0,0.0290010575570297,8653.0,0.0352839346387018
3310,0,patch_44_36,11264,11520,9216,9472,65536,MSAVI,-0.28515625,42869,,,,
3311,0,patch_44_36,11264,11520,9216,9472,65536,NDVI,-0.69140625,22650,12052.0,0.0225879479966584,11473.0,0.0280775329509276
3316,0,patch_45_4,11520,11776,1024,1280,65536,MSAVI,-0.28515625,43119,,,,
3317,0,patch_45_4,11520,11776,1024,1280,65536,NDVI,-0.80859375,16000,5243.0,0.0161842458886234,6546.0,0.0216531196991083
3318,0,patch_45_5,11520,11776,1280,1536,65536,MSAVI,-0.33203125,48619,,,,
3319,0,patch_45_5,11520,11776,1280,1536,65536,NDVI,-0.75390625,16516,6740.0,0.0266953410519248,6952.0,0.0327318951282644
3320,0,patch_45_6,11520,11776,1536,1792,65536,MSAVI,-0.01171875,50493,,,,
3321,0,patch_45_6,11520,11776,1536,1792,65536,NDVI,-0.62109375,15017,8551.0,0.0250012018372547,8388.0,0.0347577910327835
3322,0,patch_45_7,11520,11776,1792,2048,65536,MSAVI,-0.21484375,54269,,,,
3323,0,patch_45_7,11520,11776,1792,2048,65536,NDVI,-0.38671875,11267,5774.0,0.0185483139584078,5780.0,0.0343259149135421
3324,0,patch_45_8,11520,11776,2048,2304,65536,MSAVI,-0.08203125,49771,,,,
3325,0,patch_45_8,11520,11776,2048,2304,65536,NDVI,-0.48828125,15749,7769.0,0.0208512515556443,7772.0,0.0317053873963623
3326,0,patch_45_9,11520,11776,2304,2560,65536,MSAVI,-0.01171875,48145,,,,
3327,0,patch_45_9,11520,11776,2304,2560,65536,NDVI,-0.47265625,17390,8716.0,0.019051705441191,8526.0,0.0266802768976732
3328,0,patch_45_10,11520,11776,2560,2816,65536,MSAVI,0.01953125,38248,,,,
3329,0,patch_45_10,11520,11776,2560,2816,65536,NDVI,-0.99609375,27288,22088.0,0.0136459001007151,65369.0,0.0225442834725578
3330,0,patch_45_11,11520,11776,2816,3072,65536,MSAVI,0.03515625,29299,,,,
3331,0,patch_45_11,11520,11776,2816,3072,65536,NDVI,-0.99609375,36237,0.0,-0.0116763715800001,28600.0,0.0172960055067185
3332,0,patch_45_12,11520,11776,3072,3328,65536,MSAVI,-0.01171875,47648,,,,
3333,0,patch_45_12,11520,11776,3072,3328,65536,NDVI,-0.34765625,17885,13940.0,0.0183211852953524,13725.0,0.0298850045627185
3334,0,patch_45_13,11520,11776,3328,3584,65536,MSAVI,-0.33203125,53490,,,,
3335,0,patch_45_13,11520,11776,3328,3584,65536,NDVI,-0.48046875,12036,7292.0,0.0211419867545666,7086.0,0.0316806454593109
3336,0,patch_45_14,11520,11776,3584,3840,65536,MSAVI,-0.14453125,53303,,,,
3337,0,patch_45_14,11520,11776,3584,3840,65536,NDVI,-0.57421875,12202,6634.0,0.0285387408407451,6491.0,0.0396829705815816
3338,0,patch_45_15,11520,11776,3840,4096,65536,MSAVI,-0.26171875,43854,,,,
3339,0,patch_45_15,11520,11776,3840,4096,65536,NDVI,-0.60546875,21401,14424.0,0.0254290770651826,13726.0,0.0339789766330278
3340,0,patch_45_16,11520,11776,4096,4352,65536,MSAVI,-0.12890625,47438,,,,
3341,0,patch_45_16,11520,11776,4096,4352,65536,NDVI,-0.60546875,18095,11512.0,0.0280028758606036,11275.0,0.0345699367240681
3342,0,patch_45_17,11520,11776,4352,4608,65536,MSAVI,-0.23828125,48016,,,,
3343,0,patch_45_17,11520,11776,4352,4608,65536,NDVI,-0.58203125,17518,10295.0,0.023085962438151,10128.0,0.0320368841741456
3344,0,patch_45_18,11520,11776,4608,4864,65536,MSAVI,-0.27734375,35735,,,,
3345,0,patch_45_18,11520,11776,4608,4864,65536,NDVI,-0.99609375,29801,12280.0,0.008919713730431,17220.0,0.0193314905228141
3346,0,patch_45_19,11520,11776,4864,5120,65536,MSAVI,0.07421875,35354,,,,
3347,0,patch_45_19,11520,11776,4864,5120,65536,NDVI,-0.99609375,30182,15277.0,0.0101773958044728,18114.0,0.0212081302289415
3348,0,patch_45_20,11520,11776,5120,5376,65536,MSAVI,-0.12109375,40900,,,,
3349,0,patch_45_20,11520,11776,5120,5376,65536,NDVI,-0.99609375,24636,9516.0,0.014144966222233,10786.0,0.0236619611796543
3350,0,patch_45_21,11520,11776,5376,5632,65536,MSAVI,-0.23046875,36319,,,,
3351,0,patch_45_21,11520,11776,5376,5632,65536,NDVI,-0.99609375,29217,15760.0,0.0096190600812856,18918.0,0.021347751990151
3352,0,patch_45_22,11520,11776,5632,5888,65536,MSAVI,-0.19921875,52215,,,,
3353,0,patch_45_22,11520,11776,5632,5888,65536,NDVI,-0.41015625,13316,10209.0,0.0187512284995046,9784.0,0.0334485977302128
3354,0,patch_45_23,11520,11776,5888,6144,65536,MSAVI,-0.14453125,40641,,,,
3355,0,patch_45_23,11520,11776,5888,6144,65536,NDVI,-0.73828125,23660,10627.0,0.0169407364497044,12594.0,0.0239517309012988
3356,0,patch_45_24,11520,11776,6144,6400,65536,MSAVI,-0.26171875,37966,,,,
3357,0,patch_45_24,11520,11776,6144,6400,65536,NDVI,-0.83203125,16226,9131.0,0.0128838818215258,13034.0,0.0205795240949348
3358,0,patch_45_25,11520,11776,6400,6656,65536,MSAVI,-0.44140625,44455,,,,
3359,0,patch_45_25,11520,11776,6400,6656,65536,NDVI,-0.76171875,21081,5700.0,0.0213441002517754,6111.0,0.0285433372534225
3360,0,patch_45_26,11520,11776,6656,6912,65536,MSAVI,-0.23046875,44394,,,,
3361,0,patch_45_26,11520,11776,6656,6912,65536,NDVI,-0.74609375,20563,4283.0,0.0176939095295948,5144.0,0.0256733569814002
3362,0,patch_45_27,11520,11776,6912,7168,65536,MSAVI,-0.42578125,40406,,,,
3363,0,patch_45_27,11520,11776,6912,7168,65536,NDVI,-0.79296875,18209,11553.0,0.0193954096082361,65536.0,0.0258864981958113
3364,0,patch_45_28,11520,11776,7168,7424,65536,MSAVI,-0.01953125,34770,,,,
3365,0,patch_45_28,11520,11776,7168,7424,65536,NDVI,-0.78515625,12624,13517.0,0.008423153177023,18050.0,0.0166659494406629
3366,0,patch_45_29,11520,11776,7424,7680,65536,MSAVI,-0.18359375,38492,,,,
3367,0,patch_45_29,11520,11776,7424,7680,65536,NDVI,-0.74609375,12087,9482.0,0.0115722006221637,11130.0,0.0185235843868963
3368,0,patch_45_30,11520,11776,7680,7936,65536,MSAVI,-0.36328125,37838,,,,
3369,0,patch_45_30,11520,11776,7680,7936,65536,NDVI,-0.79296875,11780,13087.0,0.0163447885771544,14132.0,0.0227917734666267
3370,0,patch_45_31,11520,11776,7936,8192,65536,MSAVI,-0.15234375,35518,,,,
3371,0,patch_45_31,11520,11776,7936,8192,65536,NDVI,-0.75390625,18301,15536.0,0.0149070550756048,17987.0,0.022127383345865
3372,0,patch_45_32,11520,11776,8192,8448,65536,MSAVI,-0.29296875,39213,,,,
3373,0,patch_45_32,11520,11776,8192,8448,65536,NDVI,-0.76953125,12312,12776.0,0.0171385640638618,14879.0,0.0215929194009571
3374,0,patch_45_33,11520,11776,8448,8704,65536,MSAVI,-0.25390625,36704,,,,
3375,0,patch_45_33,11520,11776,8448,8704,65536,NDVI,-0.76953125,22825,14388.0,0.0139943207342459,18022.0,0.0214680897195814
3376,0,patch_45_34,11520,11776,8704,8960,65536,MSAVI,-0.30859375,38232,,,,
3377,0,patch_45_34,11520,11776,8704,8960,65536,NDVI,-0.99609375,27304,11020.0,0.0148498791106235,13430.0,0.0196548393843217
3378,0,patch_45_35,11520,11776,8960,9216,65536,MSAVI,-0.29296875,37622,,,,
3379,0,patch_45_35,11520,11776,8960,9216,65536,NDVI,-0.80078125,27642,13444.0,0.0172691409133163,14669.0,0.0223981449691885
3380,0,patch_45_36,11520,11776,9216,9472,65536,MSAVI,-0.30859375,38988,,,,
3381,0,patch_45_36,11520,11776,9216,9472,65536,NDVI,-0.77734375,26547,12546.0,0.0192084729184583,13212.0,0.0230698473097451
3388,0,patch_46_4,11776,12032,1024,1280,65536,MSAVI,0.01171875,39710,,,,
3389,0,patch_46_4,11776,12032,1024,1280,65536,NDVI,-0.73046875,13407,6350.0,0.0106801469370674,8093.0,0.0180173328816615
3390,0,patch_46_5,11776,12032,1280,1536,65536,MSAVI,0.13671875,40832,,,,
3391,0,patch_46_5,11776,12032,1280,1536,65536,NDVI,-0.73828125,10717,3480.0,0.0151293796867935,4789.0,0.0202589159468941
3392,0,patch_46_6,11776,12032,1536,1792,65536,MSAVI,0.30078125,36115,,,,
3393,0,patch_46_6,11776,12032,1536,1792,65536,NDVI,-0.72265625,12257,18442.0,0.0175504189139131,65536.0,0.0226334242592936
3394,0,patch_46_7,11776,12032,1792,2048,65536,MSAVI,-0.40234375,46200,,,,
3395,0,patch_46_7,11776,12032,1792,2048,65536,NDVI,-0.77734375,19242,9347.0,0.0254263643175487,65536.0,0.0318313098991567
3396,0,patch_46_8,11776,12032,2048,2304,65536,MSAVI,-0.23828125,51451,,,,
3397,0,patch_46_8,11776,12032,2048,2304,65536,NDVI,-0.48046875,14076,6916.0,0.0224545496615495,6424.0,0.0326103124806487
3398,0,patch_46_9,11776,12032,2304,2560,65536,MSAVI,-0.27734375,43219,,,,
3399,0,patch_46_9,11776,12032,2304,2560,65536,NDVI,-0.60546875,22294,16163.0,0.0195526463677409,16220.0,0.0272211115069316
3400,0,patch_46_10,11776,12032,2560,2816,65536,MSAVI,-0.18359375,48943,,,,
3401,0,patch_46_10,11776,12032,2560,2816,65536,NDVI,-0.38671875,16592,12813.0,0.0198922436875882,65536.0,0.0299691600856194
3402,0,patch_46_11,11776,12032,2816,3072,65536,MSAVI,-0.01953125,35572,,,,
3403,0,patch_46_11,11776,12032,2816,3072,65536,NDVI,-0.99609375,29964,26582.0,0.0127078243468116,65448.0,0.0231440141507838
3404,0,patch_46_12,11776,12032,3072,3328,65536,MSAVI,-0.01953125,35981,,,,
3405,0,patch_46_12,11776,12032,3072,3328,65536,NDVI,-0.99609375,29555,23382.0,0.0133132537982239,23231.0,0.0236841476684002
3406,0,patch_46_13,11776,12032,3328,3584,65536,MSAVI,-0.05078125,45377,,,,
3407,0,patch_46_13,11776,12032,3328,3584,65536,NDVI,-0.99609375,20159,15456.0,0.0163824081791657,15158.0,0.0321201186768386
3408,0,patch_46_14,11776,12032,3584,3840,65536,MSAVI,-0.10546875,43100,,,,
3409,0,patch_46_14,11776,12032,3584,3840,65536,NDVI,-0.99609375,22436,11439.0,0.0143753733640112,11899.0,0.0263652871316524
3410,0,patch_46_15,11776,12032,3840,4096,65536,MSAVI,-0.09765625,38623,,,,
3411,0,patch_46_15,11776,12032,3840,4096,65536,NDVI,-0.55078125,26491,23664.0,0.0191713075517454,65397.0,0.0270416143643519
3412,0,patch_46_16,11776,12032,4096,4352,65536,MSAVI,0.05859375,40012,,,,
3413,0,patch_46_16,11776,12032,4096,4352,65536,NDVI,-0.59765625,25523,17784.0,0.0205967676472564,65536.0,0.0268644166431965
3414,0,patch_46_17,11776,12032,4352,4608,65536,MSAVI,-0.17578125,39099,,,,
3415,0,patch_46_17,11776,12032,4352,4608,65536,NDVI,-0.99609375,26437,8788.0,0.0122127380619051,10570.0,0.018004914502712
3416,0,patch_46_18,11776,12032,4608,4864,65536,MSAVI,0.16015625,33323,,,,
3417,0,patch_46_18,11776,12032,4608,4864,65536,NDVI,-0.99609375,32213,11748.0,0.0051237137571001,18143.0,0.0164381708810474
3418,0,patch_46_19,11776,12032,4864,5120,65536,MSAVI,-0.25390625,38557,,,,
3419,0,patch_46_19,11776,12032,4864,5120,65536,NDVI,-0.99609375,26979,14650.0,0.0132555192524997,16431.0,0.0245899101628415
3420,0,patch_46_20,11776,12032,5120,5376,65536,MSAVI,-0.39453125,39498,,,,
3421,0,patch_46_20,11776,12032,5120,5376,65536,NDVI,-0.99609375,26038,8617.0,0.0125032614211216,11430.0,0.0227558008956742
3422,0,patch_46_21,11776,12032,5376,5632,65536,MSAVI,-0.37109375,42755,,,,
3423,0,patch_46_21,11776,12032,5376,5632,65536,NDVI,-0.99609375,22781,8700.0,0.0163105681294759,9276.0,0.0242568503371861
3424,0,patch_46_22,11776,12032,5632,5888,65536,MSAVI,-0.33203125,54585,,,,
3425,0,patch_46_22,11776,12032,5632,5888,65536,NDVI,-0.57421875,10950,2966.0,0.0237481432931456,3055.0,0.0377096918037103
3426,0,patch_46_23,11776,12032,5888,6144,65536,MSAVI,-0.23046875,40747,,,,
3427,0,patch_46_23,11776,12032,5888,6144,65536,NDVI,-0.70703125,24736,7590.0,0.01445132801289,8856.0,0.0216042271089983
3428,0,patch_46_24,11776,12032,6144,6400,65536,MSAVI,-0.20703125,34408,,,,
3429,0,patch_46_24,11776,12032,6144,6400,65536,NDVI,-0.75390625,31084,13301.0,0.0078562305291828,16755.0,0.016993941602996
3430,0,patch_46_25,11776,12032,6400,6656,65536,MSAVI,-0.24609375,40393,,,,
3431,0,patch_46_25,11776,12032,6400,6656,65536,NDVI,-0.77734375,25142,9128.0,0.0190009682694396,11392.0,0.0257744091511983
3432,0,patch_46_26,11776,12032,6656,6912,65536,MSAVI,-0.10546875,33464,,,,
3433,0,patch_46_26,11776,12032,6656,6912,65536,NDVI,-0.79296875,32057,7539.0,0.0048764461743571,15243.0,0.0154045444066363
3434,0,patch_46_27,11776,12032,6912,7168,65536,MSAVI,-0.05078125,31967,,,,
3435,0,patch_46_27,11776,12032,6912,7168,65536,NDVI,-0.77734375,33562,9002.0,0.0024497652278264,20889.0,0.0144681511405155
3436,0,patch_46_28,11776,12032,7168,7424,65536,MSAVI,-0.25390625,37204,,,,
3437,0,patch_46_28,11776,12032,7168,7424,65536,NDVI,-0.76953125,18289,12648.0,0.0135562206768106,14544.0,0.0186230251407457
3438,0,patch_46_29,11776,12032,7424,7680,65536,MSAVI,-0.24609375,33944,,,,
3439,0,patch_46_29,11776,12032,7424,7680,65536,NDVI,-0.76953125,19618,10726.0,0.0050232055925622,18475.0,0.0173037198813479
3440,0,patch_46_30,11776,12032,7680,7936,65536,MSAVI,-0.31640625,45195,,,,
3441,0,patch_46_30,11776,12032,7680,7936,65536,NDVI,-0.76953125,13070,7290.0,0.0245579478736308,8467.0,0.0286331092371714
3442,0,patch_46_31,11776,12032,7936,8192,65536,MSAVI,-0.24609375,34722,,,,
3443,0,patch_46_31,11776,12032,7936,8192,65536,NDVI,-0.74609375,23569,10306.0,0.0080066366178361,16362.0,0.0188686993380166
3444,0,patch_46_32,11776,12032,8192,8448,65536,MSAVI,-0.24609375,33962,,,,
3445,0,patch_46_32,11776,12032,8192,8448,65536,NDVI,-0.79296875,23150,8966.0,0.0067089300397683,14767.0,0.0149605027146591
3446,0,patch_46_33,11776,12032,8448,8704,65536,MSAVI,-0.19921875,34821,,,,
3447,0,patch_46_33,11776,12032,8448,8704,65536,NDVI,-0.75390625,23871,12423.0,0.0102917958443604,16288.0,0.0176352944702676
3448,0,patch_46_34,11776,12032,8704,8960,65536,MSAVI,-0.07421875,32301,,,,
3449,0,patch_46_34,11776,12032,8704,8960,65536,NDVI,-0.72265625,24644,13702.0,0.0060778316243884,65454.0,0.0167726090070187
