,Unnamed: 0,patch,start_vert,end_vert,start_horiz,end_horiz,Patch_Area,VegetationIndex,VI_Thresh,VI_Area,Pure_GaborArea,Pure_GaborThresh,LocalHistEq_GaborArea,LocalHistEq_GaborThresh
80,0,patch_1_10,256,512,2560,2816,65536,MSAVI,-0.08984375,34823,,,,
81,0,patch_1_10,256,512,2560,2816,65536,NDVI,-0.99609375,30713,9095.0,0.0063121316010062,13659.0,0.013923415490585
82,0,patch_1_11,256,512,2816,3072,65536,MSAVI,-0.05859375,34535,,,,
83,0,patch_1_11,256,512,2816,3072,65536,NDVI,-0.99609375,31001,8199.0,0.0057583923527663,14532.0,0.0171946127867748
84,0,patch_1_12,256,512,3072,3328,65536,MSAVI,-0.10546875,36855,,,,
85,0,patch_1_12,256,512,3072,3328,65536,NDVI,-0.63671875,28673,11303.0,0.0092176939175232,17446.0,0.0212723986505813
86,0,patch_1_13,256,512,3328,3584,65536,MSAVI,-0.17578125,34640,,,,
87,0,patch_1_13,256,512,3328,3584,65536,NDVI,-0.99609375,30896,6570.0,0.0052671548357439,13832.0,0.0173659922160065
142,0,patch_2_9,512,768,2304,2560,65536,MSAVI,-0.26171875,35290,,,,
143,0,patch_2_9,512,768,2304,2560,65536,NDVI,-0.99609375,30246,7738.0,0.0057683574229885,14018.0,0.0163622586601367
144,0,patch_2_10,512,768,2560,2816,65536,MSAVI,-0.03515625,36975,,,,
145,0,patch_2_10,512,768,2560,2816,65536,NDVI,-0.99609375,28561,10038.0,0.0100761946527797,15046.0,0.0197523958129589
146,0,patch_2_11,512,768,2816,3072,65536,MSAVI,-0.17578125,37999,,,,
147,0,patch_2_11,512,768,2816,3072,65536,NDVI,-0.99609375,27537,2626.0,0.0086218762029835,6443.0,0.0178117063367269
148,0,patch_2_12,512,768,3072,3328,65536,MSAVI,-0.09765625,35586,,,,
149,0,patch_2_12,512,768,3072,3328,65536,NDVI,-0.99609375,29950,9894.0,0.0083597152131109,14078.0,0.0185921557216108
150,0,patch_2_13,512,768,3328,3584,65536,MSAVI,-0.12890625,36473,,,,
151,0,patch_2_13,512,768,3328,3584,65536,NDVI,-0.99609375,29063,13239.0,0.0111211499960912,65536.0,0.0221956413805775
152,0,patch_2_14,512,768,3584,3840,65536,MSAVI,-0.33984375,38977,,,,
153,0,patch_2_14,512,768,3584,3840,65536,NDVI,-0.99609375,26559,8155.0,0.0126409625064168,11361.0,0.0215284600369876
154,0,patch_2_15,512,768,3840,4096,65536,MSAVI,-0.07421875,35631,,,,
155,0,patch_2_15,512,768,3840,4096,65536,NDVI,-0.99609375,29905,6696.0,0.0073699172837504,10761.0,0.0161966973972659
156,0,patch_2_16,512,768,4096,4352,65536,MSAVI,-0.20703125,37191,,,,
157,0,patch_2_16,512,768,4096,4352,65536,NDVI,-0.99609375,28345,3116.0,0.0090641844533747,5207.0,0.0143106056855077
158,0,patch_2_17,512,768,4352,4608,65503,MSAVI,-0.14453125,36002,,,,
159,0,patch_2_17,512,768,4352,4608,65503,NDVI,-0.64453125,29529,15195.0,0.0123367913944529,17916.0,0.0174270617394657
206,0,patch_3_8,768,1024,2048,2304,65536,MSAVI,-0.17578125,37661,,,,
207,0,patch_3_8,768,1024,2048,2304,65536,NDVI,-0.70703125,19248,9332.0,0.012758204421016,11814.0,0.0203491504219443
208,0,patch_3_9,768,1024,2304,2560,65536,MSAVI,-0.22265625,35086,,,,
209,0,patch_3_9,768,1024,2304,2560,65536,NDVI,-0.69921875,28487,12908.0,0.0080173688289259,17296.0,0.0174683852633914
210,0,patch_3_10,768,1024,2560,2816,65536,MSAVI,-0.15234375,37840,,,,
211,0,patch_3_10,768,1024,2560,2816,65536,NDVI,-0.67578125,18530,12820.0,0.0112754298983341,16794.0,0.0229387124657167
212,0,patch_3_11,768,1024,2816,3072,65536,MSAVI,-0.23828125,35115,,,,
213,0,patch_3_11,768,1024,2816,3072,65536,NDVI,-0.70703125,27179,15075.0,0.0063242465905179,20533.0,0.0204892737539549
214,0,patch_3_12,768,1024,3072,3328,65536,MSAVI,-0.11328125,37602,,,,
215,0,patch_3_12,768,1024,3072,3328,65536,NDVI,-0.65234375,27909,12421.0,0.012796280645358,15779.0,0.0203763523764477
216,0,patch_3_13,768,1024,3328,3584,65536,MSAVI,-0.03515625,38508,,,,
217,0,patch_3_13,768,1024,3328,3584,65536,NDVI,-0.99609375,27028,10674.0,0.0145096438609363,12503.0,0.0216601970196473
218,0,patch_3_14,768,1024,3584,3840,65536,MSAVI,-0.23828125,37620,,,,
219,0,patch_3_14,768,1024,3584,3840,65536,NDVI,-0.99609375,27916,8593.0,0.0096080926421659,11092.0,0.0176793213971998
220,0,patch_3_15,768,1024,3840,4096,65536,MSAVI,-0.33984375,38114,,,,
221,0,patch_3_15,768,1024,3840,4096,65536,NDVI,-0.99609375,27422,6256.0,0.0109578379717769,9303.0,0.0184572178063934
222,0,patch_3_16,768,1024,4096,4352,65536,MSAVI,-0.25390625,37485,,,,
223,0,patch_3_16,768,1024,4096,4352,65536,NDVI,-0.99609375,28051,8208.0,0.0090923358392815,12472.0,0.0186368458210014
224,0,patch_3_17,768,1024,4352,4608,65536,MSAVI,-0.22265625,37325,,,,
225,0,patch_3_17,768,1024,4352,4608,65536,NDVI,-0.99609375,28211,16129.0,0.016244004611141,18490.0,0.0232016082004234
226,0,patch_3_18,768,1024,4608,4864,65536,MSAVI,-0.03515625,37197,,,,
227,0,patch_3_18,768,1024,4608,4864,65536,NDVI,-0.99609375,28339,7688.0,0.0111144382705526,9931.0,0.0160320124249252
228,0,patch_3_19,768,1024,4864,5120,65536,MSAVI,-0.36328125,34053,,,,
229,0,patch_3_19,768,1024,4864,5120,65536,NDVI,-0.99609375,31483,6184.0,0.0040978858261894,11331.0,0.0118673153222559
230,0,patch_3_20,768,1024,5120,5376,65536,MSAVI,-0.10546875,33853,,,,
231,0,patch_3_20,768,1024,5120,5376,65536,NDVI,-0.99609375,31683,5679.0,0.0044921194510365,9941.0,0.0116547319968818
272,0,patch_4_8,1024,1280,2048,2304,65536,MSAVI,-0.12890625,39135,,,,
273,0,patch_4_8,1024,1280,2048,2304,65536,NDVI,-0.99609375,26401,15659.0,0.0195483364466882,65536.0,0.0265664576664456
274,0,patch_4_9,1024,1280,2304,2560,65536,MSAVI,-0.20703125,35853,,,,
275,0,patch_4_9,1024,1280,2304,2560,65536,NDVI,-0.73046875,28953,11710.0,0.0088828151538321,16950.0,0.0179900187188196
276,0,patch_4_10,1024,1280,2560,2816,65536,MSAVI,-0.19140625,36645,,,,
277,0,patch_4_10,1024,1280,2560,2816,65536,NDVI,-0.69140625,15576,12989.0,0.0108330102443552,16713.0,0.0190443474322118
278,0,patch_4_11,1024,1280,2816,3072,65536,MSAVI,-0.09765625,36119,,,,
279,0,patch_4_11,1024,1280,2816,3072,65536,NDVI,-0.66015625,18854,9240.0,0.0091601156505436,12410.0,0.0175310293097941
280,0,patch_4_12,1024,1280,3072,3328,65536,MSAVI,-0.06640625,38527,,,,
281,0,patch_4_12,1024,1280,3072,3328,65536,NDVI,-0.68359375,22739,7388.0,0.0119238522614633,10641.0,0.0208501259287018
282,0,patch_4_13,1024,1280,3328,3584,65536,MSAVI,-0.08984375,37819,,,,
283,0,patch_4_13,1024,1280,3328,3584,65536,NDVI,-0.64453125,27690,17246.0,0.0178816850660872,65536.0,0.025794552100491
284,0,patch_4_14,1024,1280,3584,3840,65536,MSAVI,-0.08203125,37219,,,,
285,0,patch_4_14,1024,1280,3584,3840,65536,NDVI,-0.99609375,28317,5596.0,0.0085991667871729,9556.0,0.0164289259561074
286,0,patch_4_15,1024,1280,3840,4096,65536,MSAVI,-0.16015625,35375,,,,
287,0,patch_4_15,1024,1280,3840,4096,65536,NDVI,-0.70703125,30158,9683.0,0.0081162103045251,13951.0,0.0168482820134465
288,0,patch_4_16,1024,1280,4096,4352,65536,MSAVI,-0.31640625,37465,,,,
289,0,patch_4_16,1024,1280,4096,4352,65536,NDVI,-0.99609375,28071,7808.0,0.0107550981375771,11849.0,0.017992525139772
290,0,patch_4_17,1024,1280,4352,4608,65536,MSAVI,-0.16796875,39243,,,,
291,0,patch_4_17,1024,1280,4352,4608,65536,NDVI,-0.99609375,26293,11260.0,0.0167580213286607,12609.0,0.0233067338225737
292,0,patch_4_18,1024,1280,4608,4864,65536,MSAVI,-0.16796875,36552,,,,
293,0,patch_4_18,1024,1280,4608,4864,65536,NDVI,-0.99609375,28984,8828.0,0.0103664518545016,13107.0,0.0195453403463176
294,0,patch_4_19,1024,1280,4864,5120,65536,MSAVI,-0.19921875,38035,,,,
295,0,patch_4_19,1024,1280,4864,5120,65536,NDVI,-0.99609375,27501,8594.0,0.0138075551217056,10327.0,0.0195896899543724
296,0,patch_4_20,1024,1280,5120,5376,65536,MSAVI,-0.18359375,37081,,,,
297,0,patch_4_20,1024,1280,5120,5376,65536,NDVI,-0.99609375,28455,8627.0,0.0072610865963664,12950.0,0.017524552690243
298,0,patch_4_21,1024,1280,5376,5632,65536,MSAVI,-0.23828125,37430,,,,
299,0,patch_4_21,1024,1280,5376,5632,65536,NDVI,-0.99609375,28106,8865.0,0.0105128690267469,11237.0,0.0171072221978716
300,0,patch_4_22,1024,1280,5632,5888,65536,MSAVI,-0.20703125,37288,,,,
301,0,patch_4_22,1024,1280,5632,5888,65536,NDVI,-0.99609375,28248,6851.0,0.0102517463259869,11320.0,0.0198242039129399
302,0,patch_4_23,1024,1280,5888,6144,65536,MSAVI,-0.19921875,36143,,,,
303,0,patch_4_23,1024,1280,5888,6144,65536,NDVI,-0.99609375,29393,7477.0,0.0100357885594707,11467.0,0.0149202551351889
338,0,patch_5_8,1280,1536,2048,2304,65536,MSAVI,-0.26953125,37388,,,,
339,0,patch_5_8,1280,1536,2048,2304,65536,NDVI,-0.99609375,28148,5263.0,0.0085404010430422,9966.0,0.0167868239837616
340,0,patch_5_9,1280,1536,2304,2560,65536,MSAVI,-0.27734375,41470,,,,
341,0,patch_5_9,1280,1536,2304,2560,65536,NDVI,-0.99609375,24066,10908.0,0.0200782135639063,11611.0,0.0268407060814895
342,0,patch_5_10,1280,1536,2560,2816,65536,MSAVI,-0.15234375,34629,,,,
343,0,patch_5_10,1280,1536,2560,2816,65536,NDVI,-0.71484375,29948,5487.0,0.005100949503016,13159.0,0.0164660535835662
344,0,patch_5_11,1280,1536,2816,3072,65536,MSAVI,-0.05078125,36578,,,,
345,0,patch_5_11,1280,1536,2816,3072,65536,NDVI,-0.66015625,28918,4893.0,0.0082163109833179,7507.0,0.0140204191333392
346,0,patch_5_12,1280,1536,3072,3328,65536,MSAVI,-0.12109375,39359,,,,
347,0,patch_5_12,1280,1536,3072,3328,65536,NDVI,-0.70703125,25998,4776.0,0.0120834031395739,6916.0,0.0180298415328014
348,0,patch_5_13,1280,1536,3328,3584,65536,MSAVI,-0.01953125,35774,,,,
349,0,patch_5_13,1280,1536,3328,3584,65536,NDVI,-0.67578125,29643,7605.0,0.0057058487965773,14022.0,0.0156095487475543
350,0,patch_5_14,1280,1536,3584,3840,65536,MSAVI,-0.04296875,35260,,,,
351,0,patch_5_14,1280,1536,3584,3840,65536,NDVI,-0.69140625,30226,7491.0,0.0070110665688455,13378.0,0.0161272703376532
352,0,patch_5_15,1280,1536,3840,4096,65536,MSAVI,-0.18359375,38414,,,,
353,0,patch_5_15,1280,1536,3840,4096,65536,NDVI,-0.68359375,25902,4039.0,0.0099314544748141,7790.0,0.0193425806270951
354,0,patch_5_16,1280,1536,4096,4352,65536,MSAVI,-0.16015625,37022,,,,
355,0,patch_5_16,1280,1536,4096,4352,65536,NDVI,-0.73828125,28406,4999.0,0.0087698441765388,9144.0,0.0186163785360108
356,0,patch_5_17,1280,1536,4352,4608,65536,MSAVI,-0.19921875,37538,,,,
357,0,patch_5_17,1280,1536,4352,4608,65536,NDVI,-0.71484375,26705,7166.0,0.0105833817524087,10764.0,0.0177458783230649
358,0,patch_5_18,1280,1536,4608,4864,65536,MSAVI,-0.10546875,36201,,,,
359,0,patch_5_18,1280,1536,4608,4864,65536,NDVI,-0.69140625,29305,7893.0,0.0076714760814505,13718.0,0.0165698052727281
360,0,patch_5_19,1280,1536,4864,5120,65536,MSAVI,0.09765625,34435,,,,
361,0,patch_5_19,1280,1536,4864,5120,65536,NDVI,-0.69140625,31099,6210.0,0.0035463128410718,13786.0,0.014101366057892
362,0,patch_5_20,1280,1536,5120,5376,65536,MSAVI,-0.03515625,36773,,,,
363,0,patch_5_20,1280,1536,5120,5376,65536,NDVI,-0.99609375,28763,7677.0,0.0094118633024663,11101.0,0.0167634851157901
364,0,patch_5_21,1280,1536,5376,5632,65536,MSAVI,-0.14453125,36297,,,,
365,0,patch_5_21,1280,1536,5376,5632,65536,NDVI,-0.99609375,29239,8570.0,0.0101164065334057,11574.0,0.0169573818589745
366,0,patch_5_22,1280,1536,5632,5888,65536,MSAVI,-0.18359375,39241,,,,
367,0,patch_5_22,1280,1536,5632,5888,65536,NDVI,-0.99609375,26295,7458.0,0.0142244126066911,10264.0,0.0225464333781717
368,0,patch_5_23,1280,1536,5888,6144,65536,MSAVI,-0.30078125,36085,,,,
369,0,patch_5_23,1280,1536,5888,6144,65536,NDVI,-0.99609375,29451,6710.0,0.0075993665613215,11992.0,0.0148299770124135
370,0,patch_5_24,1280,1536,6144,6400,65536,MSAVI,-0.28515625,35762,,,,
371,0,patch_5_24,1280,1536,6144,6400,65536,NDVI,-0.99609375,29774,8076.0,0.0082594788065664,12681.0,0.0151336713935955
372,0,patch_5_25,1280,1536,6400,6656,65536,MSAVI,-0.04296875,36111,,,,
373,0,patch_5_25,1280,1536,6400,6656,65536,NDVI,-0.99609375,29425,5773.0,0.0086522598574163,11200.0,0.0173053787897671
374,0,patch_5_26,1280,1536,6656,6912,65536,MSAVI,-0.12890625,38330,,,,
375,0,patch_5_26,1280,1536,6656,6912,65536,NDVI,-0.99609375,27206,5866.0,0.0103369783954154,7861.0,0.0160703880761882
376,0,patch_5_27,1280,1536,6912,7168,65534,MSAVI,-0.24609375,39770,,,,
377,0,patch_5_27,1280,1536,6912,7168,65534,NDVI,-0.99609375,25766,7102.0,0.0150345662287506,65487.0,0.0196960510380297
402,0,patch_6_7,1536,1792,1792,2048,65518,MSAVI,-0.17578125,36451,,,,
403,0,patch_6_7,1536,1792,1792,2048,65518,NDVI,-0.73046875,21378,6712.0,0.0073866202927901,11296.0,0.0165865852580499
404,0,patch_6_8,1536,1792,2048,2304,65536,MSAVI,-0.12890625,33956,,,,
405,0,patch_6_8,1536,1792,2048,2304,65536,NDVI,-0.72265625,31522,8248.0,0.0065149197326844,14939.0,0.0154507628161379
406,0,patch_6_9,1536,1792,2304,2560,65536,MSAVI,-0.08984375,35451,,,,
407,0,patch_6_9,1536,1792,2304,2560,65536,NDVI,-0.67578125,30085,9332.0,0.0093720953640454,15054.0,0.0193126616575252
408,0,patch_6_10,1536,1792,2560,2816,65536,MSAVI,-0.10546875,37180,,,,
409,0,patch_6_10,1536,1792,2560,2816,65536,NDVI,-0.69140625,28345,5998.0,0.0086095004944539,9339.0,0.0163221373719027
410,0,patch_6_11,1536,1792,2816,3072,65536,MSAVI,-0.08203125,36904,,,,
411,0,patch_6_11,1536,1792,2816,3072,65536,NDVI,-0.69921875,28626,7247.0,0.0096920611578406,10076.0,0.0178459247459798
412,0,patch_6_12,1536,1792,3072,3328,65536,MSAVI,-0.07421875,36108,,,,
413,0,patch_6_12,1536,1792,3072,3328,65536,NDVI,-0.69140625,29428,4433.0,0.0070113170919397,9698.0,0.0144595554051668
414,0,patch_6_13,1536,1792,3328,3584,65536,MSAVI,-0.15234375,35670,,,,
415,0,patch_6_13,1536,1792,3328,3584,65536,NDVI,-0.69140625,29866,6531.0,0.0069599758450713,11702.0,0.0154506724390399
416,0,patch_6_14,1536,1792,3584,3840,65536,MSAVI,-0.17578125,37677,,,,
417,0,patch_6_14,1536,1792,3584,3840,65536,NDVI,-0.99609375,27859,2736.0,0.0099259181745176,5591.0,0.0171291409091852
418,0,patch_6_15,1536,1792,3840,4096,65536,MSAVI,-0.10546875,35451,,,,
419,0,patch_6_15,1536,1792,3840,4096,65536,NDVI,-0.99609375,30085,6142.0,0.0071731007161652,10027.0,0.0137498269962463
420,0,patch_6_16,1536,1792,4096,4352,65536,MSAVI,0.03515625,35160,,,,
421,0,patch_6_16,1536,1792,4096,4352,65536,NDVI,-0.65234375,30371,13420.0,0.0081187015931884,18270.0,0.0202336673352816
422,0,patch_6_17,1536,1792,4352,4608,65536,MSAVI,-0.12109375,35138,,,,
423,0,patch_6_17,1536,1792,4352,4608,65536,NDVI,-0.69140625,30056,9621.0,0.0074448512298548,14035.0,0.0147026276001576
424,0,patch_6_18,1536,1792,4608,4864,65536,MSAVI,-0.08203125,35780,,,,
425,0,patch_6_18,1536,1792,4608,4864,65536,NDVI,-0.72265625,29311,6909.0,0.0073280322866951,12007.0,0.0151335353695501
426,0,patch_6_19,1536,1792,4864,5120,65536,MSAVI,-0.13671875,36330,,,,
427,0,patch_6_19,1536,1792,4864,5120,65536,NDVI,-0.71484375,27581,5281.0,0.0080446299338204,9194.0,0.0155909527661293
428,0,patch_6_20,1536,1792,5120,5376,65536,MSAVI,-0.17578125,35318,,,,
429,0,patch_6_20,1536,1792,5120,5376,65536,NDVI,-0.69140625,29507,8436.0,0.0079243089101262,14099.0,0.0171055332074014
430,0,patch_6_21,1536,1792,5376,5632,65536,MSAVI,-0.05078125,34140,,,,
431,0,patch_6_21,1536,1792,5376,5632,65536,NDVI,-0.66015625,31358,12974.0,0.0065322375131279,17878.0,0.0171169809745713
432,0,patch_6_22,1536,1792,5632,5888,65536,MSAVI,-0.22265625,40984,,,,
433,0,patch_6_22,1536,1792,5632,5888,65536,NDVI,-0.72265625,24546,4661.0,0.0150023850543656,5530.0,0.022610109149916
434,0,patch_6_23,1536,1792,5888,6144,65536,MSAVI,-0.30078125,39732,,,,
435,0,patch_6_23,1536,1792,5888,6144,65536,NDVI,-0.73046875,25470,5403.0,0.0139579096396713,6877.0,0.022377008251699
436,0,patch_6_24,1536,1792,6144,6400,65536,MSAVI,-0.14453125,38862,,,,
437,0,patch_6_24,1536,1792,6144,6400,65536,NDVI,-0.67578125,26235,6460.0,0.0113893897050916,8763.0,0.0183545299665278
438,0,patch_6_25,1536,1792,6400,6656,65536,MSAVI,-0.23046875,38727,,,,
439,0,patch_6_25,1536,1792,6400,6656,65536,NDVI,-0.70703125,26803,3725.0,0.0108584552679125,6814.0,0.0166676249378713
440,0,patch_6_26,1536,1792,6656,6912,65536,MSAVI,-0.18359375,36388,,,,
441,0,patch_6_26,1536,1792,6656,6912,65536,NDVI,-0.71484375,27895,6972.0,0.0085677751622597,13877.0,0.0167700377610217
442,0,patch_6_27,1536,1792,6912,7168,65536,MSAVI,-0.33203125,37721,,,,
443,0,patch_6_27,1536,1792,6912,7168,65536,NDVI,-0.78515625,27002,6781.0,0.0117071021033969,10320.0,0.0186565432723661
444,0,patch_6_28,1536,1792,7168,7424,65536,MSAVI,-0.22265625,38087,,,,
445,0,patch_6_28,1536,1792,7168,7424,65536,NDVI,-0.99609375,27449,4775.0,0.0109274553835265,7836.0,0.0178523762901712
446,0,patch_6_29,1536,1792,7424,7680,65536,MSAVI,-0.12109375,43697,,,,
447,0,patch_6_29,1536,1792,7424,7680,65536,NDVI,-0.99609375,21839,2195.0,0.0171972697473659,3228.0,0.0226490319311634
448,0,patch_6_30,1536,1792,7680,7936,65536,MSAVI,-0.20703125,40590,,,,
449,0,patch_6_30,1536,1792,7680,7936,65536,NDVI,-0.99609375,24946,4125.0,0.0134294807674549,5232.0,0.0190075067607203
468,0,patch_7_7,1792,2048,1792,2048,65536,MSAVI,-0.17578125,35700,,,,
469,0,patch_7_7,1792,2048,1792,2048,65536,NDVI,-0.63671875,29836,10480.0,0.0083036401222451,13851.0,0.0169332346936005
470,0,patch_7_8,1792,2048,2048,2304,65536,MSAVI,-0.25390625,36814,,,,
471,0,patch_7_8,1792,2048,2048,2304,65536,NDVI,-0.70703125,28673,11314.0,0.0126546902487408,14340.0,0.020683420671049
472,0,patch_7_9,1792,2048,2304,2560,65536,MSAVI,-0.02734375,35548,,,,
473,0,patch_7_9,1792,2048,2304,2560,65536,NDVI,-0.65234375,29970,7860.0,0.0080354594751948,13088.0,0.0176615063047878
474,0,patch_7_10,1792,2048,2560,2816,65536,MSAVI,-0.16015625,37137,,,,
475,0,patch_7_10,1792,2048,2560,2816,65536,NDVI,-0.72265625,28390,6987.0,0.0078095393357867,11020.0,0.0173127992430335
476,0,patch_7_11,1792,2048,2816,3072,65536,MSAVI,-0.14453125,34691,,,,
477,0,patch_7_11,1792,2048,2816,3072,65536,NDVI,-0.73046875,30214,5378.0,0.0054066424024124,11575.0,0.0141276009053117
478,0,patch_7_12,1792,2048,3072,3328,65536,MSAVI,-0.26171875,37209,,,,
479,0,patch_7_12,1792,2048,3072,3328,65536,NDVI,-0.99609375,28327,6837.0,0.0098722721371735,11820.0,0.0195532122020636
480,0,patch_7_13,1792,2048,3328,3584,65536,MSAVI,-0.16796875,32905,,,,
481,0,patch_7_13,1792,2048,3328,3584,65536,NDVI,-0.99609375,32631,9919.0,0.0049749087705321,18591.0,0.0162245426815866
482,0,patch_7_14,1792,2048,3584,3840,65536,MSAVI,-0.13671875,36327,,,,
483,0,patch_7_14,1792,2048,3584,3840,65536,NDVI,-0.66796875,29202,8034.0,0.0079265633256374,11918.0,0.015952333562585
484,0,patch_7_15,1792,2048,3840,4096,65536,MSAVI,-0.14453125,37302,,,,
485,0,patch_7_15,1792,2048,3840,4096,65536,NDVI,-0.99609375,28234,5579.0,0.009247056282144,8431.0,0.0146919463973368
486,0,patch_7_16,1792,2048,4096,4352,65536,MSAVI,-0.14453125,40711,,,,
487,0,patch_7_16,1792,2048,4096,4352,65536,NDVI,-0.99609375,24825,8356.0,0.0180694472265089,8911.0,0.0244765898513946
488,0,patch_7_17,1792,2048,4352,4608,65536,MSAVI,-0.19140625,38778,,,,
489,0,patch_7_17,1792,2048,4352,4608,65536,NDVI,-0.99609375,26758,10258.0,0.0114165468426797,13048.0,0.0199222138394134
490,0,patch_7_18,1792,2048,4608,4864,65536,MSAVI,-0.09765625,36615,,,,
491,0,patch_7_18,1792,2048,4608,4864,65536,NDVI,-0.64453125,28921,9443.0,0.0091378664566122,13969.0,0.0189529339902914
492,0,patch_7_19,1792,2048,4864,5120,65536,MSAVI,-0.23046875,36878,,,,
493,0,patch_7_19,1792,2048,4864,5120,65536,NDVI,-0.71484375,28631,8681.0,0.0100415569129115,13073.0,0.0207890038614874
494,0,patch_7_20,1792,2048,5120,5376,65536,MSAVI,-0.23046875,34761,,,,
495,0,patch_7_20,1792,2048,5120,5376,65536,NDVI,-0.75390625,30617,7311.0,0.0060984980974082,14365.0,0.0156606939838329
496,0,patch_7_21,1792,2048,5376,5632,65536,MSAVI,-0.15234375,35675,,,,
497,0,patch_7_21,1792,2048,5376,5632,65536,NDVI,-0.72265625,29766,5232.0,0.0079613228896738,9016.0,0.0155205199738505
498,0,patch_7_22,1792,2048,5632,5888,65536,MSAVI,-0.21484375,37327,,,,
499,0,patch_7_22,1792,2048,5632,5888,65536,NDVI,-0.72265625,28054,3800.0,0.007431836235747,5959.0,0.0138329591310404
500,0,patch_7_23,1792,2048,5888,6144,65536,MSAVI,-0.12109375,37416,,,,
501,0,patch_7_23,1792,2048,5888,6144,65536,NDVI,-0.99609375,28120,3990.0,0.0078294139274315,7461.0,0.0176898956806566
502,0,patch_7_24,1792,2048,6144,6400,65536,MSAVI,-0.36328125,39966,,,,
503,0,patch_7_24,1792,2048,6144,6400,65536,NDVI,-0.99609375,25570,3344.0,0.01073635330025,5613.0,0.0202773352558929
504,0,patch_7_25,1792,2048,6400,6656,65536,MSAVI,-0.37109375,39068,,,,
505,0,patch_7_25,1792,2048,6400,6656,65536,NDVI,-0.99609375,26468,3738.0,0.0105919885924781,5920.0,0.0175237542509175
506,0,patch_7_26,1792,2048,6656,6912,65536,MSAVI,-0.25390625,39243,,,,
507,0,patch_7_26,1792,2048,6656,6912,65536,NDVI,-0.73046875,26128,8017.0,0.0125086472442231,10695.0,0.0203539008638438
508,0,patch_7_27,1792,2048,6912,7168,65536,MSAVI,-0.12890625,36827,,,,
509,0,patch_7_27,1792,2048,6912,7168,65536,NDVI,-0.66015625,19583,9157.0,0.0096341516043711,11909.0,0.018126299920276
510,0,patch_7_28,1792,2048,7168,7424,65536,MSAVI,-0.15234375,35989,,,,
511,0,patch_7_28,1792,2048,7168,7424,65536,NDVI,-0.71484375,24994,9071.0,0.008353378324645,14342.0,0.018907024970223
512,0,patch_7_29,1792,2048,7424,7680,65536,MSAVI,-0.23828125,40531,,,,
513,0,patch_7_29,1792,2048,7424,7680,65536,NDVI,-0.99609375,25005,5419.0,0.0147639131203402,7167.0,0.019546840158345
514,0,patch_7_30,1792,2048,7680,7936,65536,MSAVI,-0.24609375,38700,,,,
515,0,patch_7_30,1792,2048,7680,7936,65536,NDVI,-0.99609375,26836,7884.0,0.0113782790507156,10788.0,0.018931650432057
516,0,patch_7_31,1792,2048,7936,8192,65536,MSAVI,-0.26953125,37517,,,,
517,0,patch_7_31,1792,2048,7936,8192,65536,NDVI,-0.99609375,28019,6792.0,0.0118234013689917,7862.0,0.0152433024785903
518,0,patch_7_32,1792,2048,8192,8448,65536,MSAVI,-0.06640625,36220,,,,
519,0,patch_7_32,1792,2048,8192,8448,65536,NDVI,-0.99609375,29316,8501.0,0.0088488073415693,13065.0,0.0174918716581567
520,0,patch_7_33,1792,2048,8448,8704,65536,MSAVI,-0.27734375,37590,,,,
521,0,patch_7_33,1792,2048,8448,8704,65536,NDVI,-0.99609375,27946,8620.0,0.012067491821516,9379.0,0.0156291550679426
536,0,patch_8_7,2048,2304,1792,2048,65536,MSAVI,-0.22265625,40480,,,,
537,0,patch_8_7,2048,2304,1792,2048,65536,NDVI,-0.99609375,25056,5266.0,0.0148249645934019,6571.0,0.0225234398781654
538,0,patch_8_8,2048,2304,2048,2304,65536,MSAVI,-0.12109375,37684,,,,
539,0,patch_8_8,2048,2304,2048,2304,65536,NDVI,-0.65234375,27840,8409.0,0.0112397764880807,11658.0,0.0178133261092486
540,0,patch_8_9,2048,2304,2304,2560,65536,MSAVI,0.06640625,36923,,,,
541,0,patch_8_9,2048,2304,2304,2560,65536,NDVI,-0.69921875,27833,7628.0,0.0095446795068777,11219.0,0.0174264981255256
542,0,patch_8_10,2048,2304,2560,2816,65536,MSAVI,-0.09765625,36090,,,,
543,0,patch_8_10,2048,2304,2560,2816,65536,NDVI,-0.67578125,28896,5866.0,0.0078950850060611,10715.0,0.0167707858818645
544,0,patch_8_11,2048,2304,2816,3072,65536,MSAVI,-0.12109375,37661,,,,
545,0,patch_8_11,2048,2304,2816,3072,65536,NDVI,-0.69921875,27838,9658.0,0.0114567653763389,13078.0,0.0209420724250124
546,0,patch_8_12,2048,2304,3072,3328,65536,MSAVI,-0.16015625,37393,,,,
547,0,patch_8_12,2048,2304,3072,3328,65536,NDVI,-0.68359375,28140,14536.0,0.0112418338399089,18107.0,0.0222862847280702
548,0,patch_8_13,2048,2304,3328,3584,65536,MSAVI,-0.35546875,40027,,,,
549,0,patch_8_13,2048,2304,3328,3584,65536,NDVI,-0.74609375,25506,11691.0,0.0199917920519449,12827.0,0.0266458285904309
550,0,patch_8_14,2048,2304,3584,3840,65536,MSAVI,-0.12890625,35992,,,,
551,0,patch_8_14,2048,2304,3584,3840,65536,NDVI,-0.73046875,29496,7766.0,0.0089540432693627,11423.0,0.0153251135349071
552,0,patch_8_15,2048,2304,3840,4096,65536,MSAVI,-0.29296875,35334,,,,
553,0,patch_8_15,2048,2304,3840,4096,65536,NDVI,-0.75390625,30197,4545.0,0.0059416454629648,9553.0,0.0138182165356952
554,0,patch_8_16,2048,2304,4096,4352,65536,MSAVI,-0.05078125,38487,,,,
555,0,patch_8_16,2048,2304,4096,4352,65536,NDVI,-0.99609375,27049,6205.0,0.0107451970916242,8865.0,0.0185402911502111
556,0,patch_8_17,2048,2304,4352,4608,65536,MSAVI,-0.14453125,38522,,,,
557,0,patch_8_17,2048,2304,4352,4608,65536,NDVI,-0.99609375,27014,8122.0,0.0113824184627388,10315.0,0.0182708104861906
558,0,patch_8_18,2048,2304,4608,4864,65536,MSAVI,-0.17578125,34103,,,,
559,0,patch_8_18,2048,2304,4608,4864,65536,NDVI,-0.65234375,31433,14488.0,0.006043984475456,21862.0,0.0180881171512165
560,0,patch_8_19,2048,2304,4864,5120,65536,MSAVI,-0.33984375,37870,,,,
561,0,patch_8_19,2048,2304,4864,5120,65536,NDVI,-0.76171875,27634,11533.0,0.0122704245457496,15500.0,0.0210640213100848
562,0,patch_8_20,2048,2304,5120,5376,65536,MSAVI,-0.28515625,40439,,,,
563,0,patch_8_20,2048,2304,5120,5376,65536,NDVI,-0.99609375,25097,7652.0,0.0160024884774774,9668.0,0.0252447523144301
564,0,patch_8_21,2048,2304,5376,5632,65536,MSAVI,-0.16015625,36823,,,,
565,0,patch_8_21,2048,2304,5376,5632,65536,NDVI,-0.99609375,28713,5025.0,0.0076344634035573,8999.0,0.0150112135131305
566,0,patch_8_22,2048,2304,5632,5888,65536,MSAVI,-0.20703125,36123,,,,
567,0,patch_8_22,2048,2304,5632,5888,65536,NDVI,-0.99609375,29413,5288.0,0.0081031463891645,10272.0,0.0159049303933502
568,0,patch_8_23,2048,2304,5888,6144,65536,MSAVI,-0.23828125,37007,,,,
569,0,patch_8_23,2048,2304,5888,6144,65536,NDVI,-0.99609375,28529,6264.0,0.0093884194478397,10200.0,0.017190134219204
570,0,patch_8_24,2048,2304,6144,6400,65536,MSAVI,-0.13671875,35384,,,,
571,0,patch_8_24,2048,2304,6144,6400,65536,NDVI,-0.65234375,30150,9281.0,0.0081655744230681,14922.0,0.0180903276599931
572,0,patch_8_25,2048,2304,6400,6656,65536,MSAVI,0.10546875,36897,,,,
573,0,patch_8_25,2048,2304,6400,6656,65536,NDVI,-0.63671875,28616,6663.0,0.0085107824517466,11433.0,0.0172704075670358
574,0,patch_8_26,2048,2304,6656,6912,65536,MSAVI,-0.15234375,38518,,,,
575,0,patch_8_26,2048,2304,6656,6912,65536,NDVI,-0.99609375,27018,7427.0,0.0113188626332597,9762.0,0.0206002725773499
576,0,patch_8_27,2048,2304,6912,7168,65536,MSAVI,-0.26171875,37451,,,,
577,0,patch_8_27,2048,2304,6912,7168,65536,NDVI,-0.99609375,28085,11301.0,0.0126172889164716,15618.0,0.0213692060694528
578,0,patch_8_28,2048,2304,7168,7424,65536,MSAVI,-0.15234375,37266,,,,
579,0,patch_8_28,2048,2304,7168,7424,65536,NDVI,-0.69921875,28254,6799.0,0.0098179326772072,9188.0,0.0176403090066423
580,0,patch_8_29,2048,2304,7424,7680,65536,MSAVI,-0.26953125,43188,,,,
581,0,patch_8_29,2048,2304,7424,7680,65536,NDVI,-0.75390625,18142,4771.0,0.0186873418885996,6272.0,0.027236918574902
582,0,patch_8_30,2048,2304,7680,7936,65536,MSAVI,-0.30859375,40794,,,,
583,0,patch_8_30,2048,2304,7680,7936,65536,NDVI,-0.76953125,24695,6315.0,0.0150757422063879,8721.0,0.0225609155203884
584,0,patch_8_31,2048,2304,7936,8192,65536,MSAVI,-0.26953125,38689,,,,
585,0,patch_8_31,2048,2304,7936,8192,65536,NDVI,-0.73828125,26846,5989.0,0.0124813463721591,7657.0,0.0174929046870965
586,0,patch_8_32,2048,2304,8192,8448,65536,MSAVI,-0.32421875,37188,,,,
587,0,patch_8_32,2048,2304,8192,8448,65536,NDVI,-0.99609375,28348,5825.0,0.0093937481577064,8498.0,0.0160787267872367
588,0,patch_8_33,2048,2304,8448,8704,65536,MSAVI,-0.19921875,35303,,,,
589,0,patch_8_33,2048,2304,8448,8704,65536,NDVI,-0.99609375,30233,9750.0,0.0091446469852731,13254.0,0.0155570780245131
590,0,patch_8_34,2048,2304,8704,8960,65536,MSAVI,-0.13671875,35988,,,,
591,0,patch_8_34,2048,2304,8704,8960,65536,NDVI,-0.99609375,29548,6303.0,0.0087648376031072,9879.0,0.0148426867849562
592,0,patch_8_35,2048,2304,8960,9216,65536,MSAVI,-0.28515625,38595,,,,
593,0,patch_8_35,2048,2304,8960,9216,65536,NDVI,-0.99609375,26941,7487.0,0.0122523427220628,8546.0,0.0182967273522225
604,0,patch_9_6,2304,2560,1536,1792,65497,MSAVI,-0.16796875,37840,,,,
605,0,patch_9_6,2304,2560,1536,1792,65497,NDVI,-0.99609375,27696,2608.0,0.0095075821887487,6078.0,0.0169891863074915
606,0,patch_9_7,2304,2560,1792,2048,65536,MSAVI,-0.11328125,37819,,,,
607,0,patch_9_7,2304,2560,1792,2048,65536,NDVI,-0.99609375,27717,3160.0,0.0094560842648086,6510.0,0.0159390945567974
608,0,patch_9_8,2304,2560,2048,2304,65536,MSAVI,-0.12890625,34639,,,,
609,0,patch_9_8,2304,2560,2048,2304,65536,NDVI,-0.99609375,30897,8004.0,0.0067726438442212,11467.0,0.0147990319055215
610,0,patch_9_9,2304,2560,2304,2560,65536,MSAVI,-0.08984375,34144,,,,
611,0,patch_9_9,2304,2560,2304,2560,65536,NDVI,-0.99609375,31392,7025.0,0.0060445648645404,11858.0,0.0129425941838332
612,0,patch_9_10,2304,2560,2560,2816,65536,MSAVI,-0.10546875,35100,,,,
613,0,patch_9_10,2304,2560,2560,2816,65536,NDVI,-0.65234375,25713,11505.0,0.0068434233646031,16012.0,0.0158761766530157
614,0,patch_9_11,2304,2560,2816,3072,65536,MSAVI,-0.04296875,35664,,,,
615,0,patch_9_11,2304,2560,2816,3072,65536,NDVI,-0.66796875,29872,5684.0,0.0082622539057358,10155.0,0.014900391780359
616,0,patch_9_12,2304,2560,3072,3328,65536,MSAVI,-0.11328125,41969,,,,
617,0,patch_9_12,2304,2560,3072,3328,65536,NDVI,-0.99609375,23567,11595.0,0.0219885095285599,11561.0,0.0278438042641395
618,0,patch_9_13,2304,2560,3328,3584,65536,MSAVI,-0.23046875,37454,,,,
619,0,patch_9_13,2304,2560,3328,3584,65536,NDVI,-0.99609375,28082,5194.0,0.0105931855500158,8159.0,0.018200859787582
620,0,patch_9_14,2304,2560,3584,3840,65536,MSAVI,-0.16796875,39773,,,,
621,0,patch_9_14,2304,2560,3584,3840,65536,NDVI,-0.65234375,25763,12139.0,0.0177887511625935,12770.0,0.0229319556031508
622,0,patch_9_15,2304,2560,3840,4096,65536,MSAVI,-0.19921875,38716,,,,
623,0,patch_9_15,2304,2560,3840,4096,65536,NDVI,-0.68359375,26808,14892.0,0.0207919058943632,15027.0,0.0263328351284691
624,0,patch_9_16,2304,2560,4096,4352,65536,MSAVI,-0.12109375,36237,,,,
625,0,patch_9_16,2304,2560,4096,4352,65536,NDVI,-0.99609375,29299,19751.0,0.0137358049281692,21178.0,0.0235142312594504
626,0,patch_9_17,2304,2560,4352,4608,65536,MSAVI,-0.32421875,34691,,,,
627,0,patch_9_17,2304,2560,4352,4608,65536,NDVI,-0.69140625,30845,9682.0,0.0065707399468597,15490.0,0.016013451961696
628,0,patch_9_18,2304,2560,4608,4864,65536,MSAVI,-0.21484375,35272,,,,
629,0,patch_9_18,2304,2560,4608,4864,65536,NDVI,-0.66015625,30260,13592.0,0.0108148701483558,17595.0,0.0203103724597891
630,0,patch_9_19,2304,2560,4864,5120,65536,MSAVI,-0.12109375,35705,,,,
631,0,patch_9_19,2304,2560,4864,5120,65536,NDVI,-0.65234375,29817,15727.0,0.0115122543237371,65536.0,0.0203652099558756
632,0,patch_9_20,2304,2560,5120,5376,65536,MSAVI,-0.14453125,38023,,,,
633,0,patch_9_20,2304,2560,5120,5376,65536,NDVI,-0.67578125,25851,13350.0,0.0135105406631264,15471.0,0.0227628847490047
634,0,patch_9_21,2304,2560,5376,5632,65536,MSAVI,-0.17578125,40003,,,,
635,0,patch_9_21,2304,2560,5376,5632,65536,NDVI,-0.66796875,25532,5272.0,0.0131452131887999,8672.0,0.0206029290488184
636,0,patch_9_22,2304,2560,5632,5888,65536,MSAVI,-0.26953125,37180,,,,
637,0,patch_9_22,2304,2560,5632,5888,65536,NDVI,-0.99609375,28356,8520.0,0.0103604235957619,12375.0,0.0187727265748784
638,0,patch_9_23,2304,2560,5888,6144,65536,MSAVI,-0.26953125,35823,,,,
639,0,patch_9_23,2304,2560,5888,6144,65536,NDVI,-0.99609375,29713,11938.0,0.0086884274805915,16332.0,0.0177204306346172
640,0,patch_9_24,2304,2560,6144,6400,65536,MSAVI,-0.16015625,34483,,,,
641,0,patch_9_24,2304,2560,6144,6400,65536,NDVI,-0.69921875,30843,13609.0,0.0067754076902908,19480.0,0.0182036040944812
642,0,patch_9_25,2304,2560,6400,6656,65536,MSAVI,-0.04296875,35122,,,,
643,0,patch_9_25,2304,2560,6400,6656,65536,NDVI,-0.62109375,22985,5959.0,0.0073443315055845,10718.0,0.0151240756888017
644,0,patch_9_26,2304,2560,6656,6912,65536,MSAVI,-0.20703125,35984,,,,
645,0,patch_9_26,2304,2560,6656,6912,65536,NDVI,-0.70703125,28814,12359.0,0.0087552821999886,15935.0,0.0186921910232342
646,0,patch_9_27,2304,2560,6912,7168,65536,MSAVI,-0.09765625,38879,,,,
647,0,patch_9_27,2304,2560,6912,7168,65536,NDVI,-0.99609375,26657,5354.0,0.0120534135036851,7389.0,0.0180245845778831
648,0,patch_9_28,2304,2560,7168,7424,65536,MSAVI,0.01953125,37308,,,,
649,0,patch_9_28,2304,2560,7168,7424,65536,NDVI,-0.99609375,28228,4852.0,0.0090410446771436,8152.0,0.0152871391871626
650,0,patch_9_29,2304,2560,7424,7680,65536,MSAVI,-0.16015625,39762,,,,
651,0,patch_9_29,2304,2560,7424,7680,65536,NDVI,-0.65234375,25745,9772.0,0.0135460836951366,12169.0,0.0216297131150681
652,0,patch_9_30,2304,2560,7680,7936,65536,MSAVI,-0.22265625,37852,,,,
653,0,patch_9_30,2304,2560,7680,7936,65536,NDVI,-0.77734375,27681,10752.0,0.0114185914228533,13118.0,0.0214346687882843
654,0,patch_9_31,2304,2560,7936,8192,65536,MSAVI,-0.38671875,39437,,,,
655,0,patch_9_31,2304,2560,7936,8192,65536,NDVI,-0.76171875,24833,10083.0,0.0119076924586875,12953.0,0.0226999084442421
656,0,patch_9_32,2304,2560,8192,8448,65536,MSAVI,-0.21484375,37213,,,,
657,0,patch_9_32,2304,2560,8192,8448,65536,NDVI,-0.67578125,27548,6065.0,0.0092622247729405,11145.0,0.0176810061220601
658,0,patch_9_33,2304,2560,8448,8704,65536,MSAVI,-0.07421875,35288,,,,
659,0,patch_9_33,2304,2560,8448,8704,65536,NDVI,-0.99609375,30248,10288.0,0.0095574629076557,65457.0,0.0163620025696601
660,0,patch_9_34,2304,2560,8704,8960,65536,MSAVI,-0.19140625,34293,,,,
661,0,patch_9_34,2304,2560,8704,8960,65536,NDVI,-0.99609375,31243,13716.0,0.0107060276743906,16252.0,0.0173369530759116
662,0,patch_9_35,2304,2560,8960,9216,65536,MSAVI,-0.12109375,36126,,,,
663,0,patch_9_35,2304,2560,8960,9216,65536,NDVI,-0.99609375,29410,12514.0,0.0086114560474447,15120.0,0.0188122106025089
664,0,patch_9_36,2304,2560,9216,9472,65536,MSAVI,-0.12109375,28474,,,,
665,0,patch_9_36,2304,2560,9216,9472,65536,NDVI,-0.99609375,37062,1030.0,-0.0095034040384722,25174.0,0.0150581194553483
676,0,patch_10_6,2560,2816,1536,1792,65536,MSAVI,-0.10546875,36945,,,,
677,0,patch_10_6,2560,2816,1536,1792,65536,NDVI,-0.99609375,28591,4426.0,0.0082763497443472,8055.0,0.0170987104284633
678,0,patch_10_7,2560,2816,1792,2048,65536,MSAVI,-0.17578125,37162,,,,
679,0,patch_10_7,2560,2816,1792,2048,65536,NDVI,-0.99609375,28374,3208.0,0.0074190124896409,6564.0,0.016429871593939
680,0,patch_10_8,2560,2816,2048,2304,65536,MSAVI,-0.19921875,35774,,,,
681,0,patch_10_8,2560,2816,2048,2304,65536,NDVI,-0.99609375,29762,8829.0,0.0091157648037411,12984.0,0.014412734071071
682,0,patch_10_9,2560,2816,2304,2560,65536,MSAVI,-0.11328125,35092,,,,
683,0,patch_10_9,2560,2816,2304,2560,65536,NDVI,-0.99609375,30444,7219.0,0.0064059099104832,11168.0,0.0148876248487912
684,0,patch_10_10,2560,2816,2560,2816,65536,MSAVI,-0.14453125,36936,,,,
685,0,patch_10_10,2560,2816,2560,2816,65536,NDVI,-0.99609375,28600,4632.0,0.0092506108290842,7972.0,0.01589614917978
686,0,patch_10_11,2560,2816,2816,3072,65536,MSAVI,-0.21484375,37417,,,,
687,0,patch_10_11,2560,2816,2816,3072,65536,NDVI,-0.99609375,28119,8111.0,0.0105366794088033,11556.0,0.0178428157614491
688,0,patch_10_12,2560,2816,3072,3328,65536,MSAVI,-0.05859375,33383,,,,
689,0,patch_10_12,2560,2816,3072,3328,65536,NDVI,-0.99609375,32153,12061.0,0.007028262920554,17872.0,0.0171410244651091
690,0,patch_10_13,2560,2816,3328,3584,65536,MSAVI,-0.12109375,36317,,,,
691,0,patch_10_13,2560,2816,3328,3584,65536,NDVI,-0.99609375,29219,6010.0,0.0082507471977887,10628.0,0.0169257876075383
692,0,patch_10_14,2560,2816,3584,3840,65536,MSAVI,-0.13671875,36302,,,,
693,0,patch_10_14,2560,2816,3584,3840,65536,NDVI,-0.69140625,28452,6602.0,0.0074092854075757,10857.0,0.0154897532192702
694,0,patch_10_15,2560,2816,3840,4096,65536,MSAVI,-0.08984375,36409,,,,
695,0,patch_10_15,2560,2816,3840,4096,65536,NDVI,-0.68359375,20792,8055.0,0.0100626842086134,12496.0,0.0164417878643072
696,0,patch_10_16,2560,2816,4096,4352,65536,MSAVI,-0.08203125,35275,,,,
697,0,patch_10_16,2560,2816,4096,4352,65536,NDVI,-0.66015625,29455,12581.0,0.0090568813516565,15817.0,0.0186168859563604
698,0,patch_10_17,2560,2816,4352,4608,65536,MSAVI,-0.16015625,31906,,,,
699,0,patch_10_17,2560,2816,4352,4608,65536,NDVI,-0.99609375,33630,11043.0,0.003326750529929,19784.0,0.014968902819557
700,0,patch_10_18,2560,2816,4608,4864,65536,MSAVI,-0.04296875,34052,,,,
701,0,patch_10_18,2560,2816,4608,4864,65536,NDVI,-0.63671875,31480,8660.0,0.0052484348081209,17195.0,0.0168588530812363
702,0,patch_10_19,2560,2816,4864,5120,65536,MSAVI,-0.06640625,36416,,,,
703,0,patch_10_19,2560,2816,4864,5120,65536,NDVI,-0.99609375,29120,13402.0,0.0149853966652928,16839.0,0.0220497259824663
704,0,patch_10_20,2560,2816,5120,5376,65536,MSAVI,-0.12890625,36624,,,,
705,0,patch_10_20,2560,2816,5120,5376,65536,NDVI,-0.69921875,28911,11244.0,0.0105455417114456,14933.0,0.0217901730367804
706,0,patch_10_21,2560,2816,5376,5632,65536,MSAVI,-0.17578125,40174,,,,
707,0,patch_10_21,2560,2816,5376,5632,65536,NDVI,-0.99609375,25362,12039.0,0.0159272009953895,12571.0,0.0248070797142949
708,0,patch_10_22,2560,2816,5632,5888,65536,MSAVI,-0.20703125,39102,,,,
709,0,patch_10_22,2560,2816,5632,5888,65536,NDVI,-0.99609375,26434,17797.0,0.0221253809965163,17917.0,0.0269508257300973
710,0,patch_10_23,2560,2816,5888,6144,65536,MSAVI,-0.08984375,37332,,,,
711,0,patch_10_23,2560,2816,5888,6144,65536,NDVI,-0.99609375,28204,15735.0,0.0149366506237907,17465.0,0.023886567693854
712,0,patch_10_24,2560,2816,6144,6400,65536,MSAVI,-0.02734375,36443,,,,
713,0,patch_10_24,2560,2816,6144,6400,65536,NDVI,-0.99609375,29093,10142.0,0.009761538014063,13974.0,0.0173035660374973
714,0,patch_10_25,2560,2816,6400,6656,65536,MSAVI,-0.05859375,34540,,,,
715,0,patch_10_25,2560,2816,6400,6656,65536,NDVI,-0.99609375,30996,7511.0,0.0070865724781806,15376.0,0.015118589861366
716,0,patch_10_26,2560,2816,6656,6912,65536,MSAVI,-0.05859375,33244,,,,
717,0,patch_10_26,2560,2816,6656,6912,65536,NDVI,-0.66015625,32269,12513.0,0.0048071727612727,19708.0,0.01755434801266
718,0,patch_10_27,2560,2816,6912,7168,65536,MSAVI,-0.14453125,35224,,,,
719,0,patch_10_27,2560,2816,6912,7168,65536,NDVI,-0.67578125,29751,6086.0,0.0055528651685174,12003.0,0.0154122379130683
720,0,patch_10_28,2560,2816,7168,7424,65536,MSAVI,-0.18359375,40499,,,,
721,0,patch_10_28,2560,2816,7168,7424,65536,NDVI,-0.68359375,25026,3452.0,0.0132851860550806,5084.0,0.0190440132082605
722,0,patch_10_29,2560,2816,7424,7680,65536,MSAVI,-0.17578125,39620,,,,
723,0,patch_10_29,2560,2816,7424,7680,65536,NDVI,-0.99609375,25916,6548.0,0.0160598221844587,8419.0,0.0213936396743146
724,0,patch_10_30,2560,2816,7680,7936,65536,MSAVI,-0.07421875,35923,,,,
725,0,patch_10_30,2560,2816,7680,7936,65536,NDVI,-0.99609375,29613,7162.0,0.0072600904156655,12212.0,0.0171939585501796
726,0,patch_10_31,2560,2816,7936,8192,65536,MSAVI,0.01171875,39034,,,,
727,0,patch_10_31,2560,2816,7936,8192,65536,NDVI,-0.69140625,26498,7550.0,0.0111296395180043,10802.0,0.0187215794504762
728,0,patch_10_32,2560,2816,8192,8448,65536,MSAVI,-0.21484375,34652,,,,
729,0,patch_10_32,2560,2816,8192,8448,65536,NDVI,-0.76171875,30254,9543.0,0.0062517050707817,14964.0,0.0154084917124507
730,0,patch_10_33,2560,2816,8448,8704,65536,MSAVI,-0.14453125,35655,,,,
731,0,patch_10_33,2560,2816,8448,8704,65536,NDVI,-0.70703125,24512,9660.0,0.0079518797179657,15877.0,0.0159314067691988
732,0,patch_10_34,2560,2816,8704,8960,65536,MSAVI,-0.29296875,41932,,,,
733,0,patch_10_34,2560,2816,8704,8960,65536,NDVI,-0.74609375,23597,11051.0,0.0189353582901597,11829.0,0.0258531543084314
734,0,patch_10_35,2560,2816,8960,9216,65536,MSAVI,-0.12109375,37223,,,,
735,0,patch_10_35,2560,2816,8960,9216,65536,NDVI,-0.64453125,28293,15037.0,0.0155145610609313,15928.0,0.0232400105246999
736,0,patch_10_36,2560,2816,9216,9472,65536,MSAVI,-0.23046875,37552,,,,
737,0,patch_10_36,2560,2816,9216,9472,65536,NDVI,-0.62109375,27982,11553.0,0.0133284022017932,13897.0,0.0211785499426194
738,0,patch_10_37,2560,2816,9472,9728,65536,MSAVI,-0.13671875,34543,,,,
739,0,patch_10_37,2560,2816,9472,9728,65536,NDVI,-0.65234375,30988,8609.0,0.0065442721338077,12397.0,0.0138216219998373
750,0,patch_11_6,2816,3072,1536,1792,65536,MSAVI,-0.16015625,37760,,,,
751,0,patch_11_6,2816,3072,1536,1792,65536,NDVI,-0.99609375,27776,2960.0,0.0097221412410243,6625.0,0.0160197231230511
752,0,patch_11_7,2816,3072,1792,2048,65536,MSAVI,-0.18359375,36650,,,,
753,0,patch_11_7,2816,3072,1792,2048,65536,NDVI,-0.99609375,28886,7110.0,0.0089220734058019,11480.0,0.0178124241254439
754,0,patch_11_8,2816,3072,2048,2304,65536,MSAVI,-0.09765625,36186,,,,
755,0,patch_11_8,2816,3072,2048,2304,65536,NDVI,-0.99609375,29350,5401.0,0.0090762371000044,8892.0,0.0156553676103136
756,0,patch_11_9,2816,3072,2304,2560,65536,MSAVI,-0.04296875,33302,,,,
757,0,patch_11_9,2816,3072,2304,2560,65536,NDVI,-0.99609375,32234,8036.0,0.0029146111822864,15244.0,0.0108303756017535
758,0,patch_11_10,2816,3072,2560,2816,65536,MSAVI,-0.07421875,35871,,,,
759,0,patch_11_10,2816,3072,2560,2816,65536,NDVI,-0.64453125,29660,4496.0,0.0073343336619153,7889.0,0.0138481198766378
760,0,patch_11_11,2816,3072,2816,3072,65536,MSAVI,-0.12890625,34247,,,,
761,0,patch_11_11,2816,3072,2816,3072,65536,NDVI,-0.71484375,31288,7473.0,0.0048860356572871,16288.0,0.0160610612014795
762,0,patch_11_12,2816,3072,3072,3328,65536,MSAVI,-0.20703125,36025,,,,
763,0,patch_11_12,2816,3072,3072,3328,65536,NDVI,-0.72265625,23197,11488.0,0.0104128353241123,15262.0,0.0185499538141231
764,0,patch_11_13,2816,3072,3328,3584,65536,MSAVI,-0.20703125,37300,,,,
765,0,patch_11_13,2816,3072,3328,3584,65536,NDVI,-0.73828125,27589,6856.0,0.0103698674490302,11187.0,0.0192582222540056
766,0,patch_11_14,2816,3072,3584,3840,65536,MSAVI,-0.08984375,35767,,,,
767,0,patch_11_14,2816,3072,3584,3840,65536,NDVI,-0.67578125,20925,10288.0,0.0086801419515859,16324.0,0.0173950545188458
768,0,patch_11_15,2816,3072,3840,4096,65536,MSAVI,-0.10546875,35911,,,,
769,0,patch_11_15,2816,3072,3840,4096,65536,NDVI,-0.69140625,25895,10528.0,0.0102207372471008,13416.0,0.0175548466804327
770,0,patch_11_16,2816,3072,4096,4352,65536,MSAVI,-0.09765625,35410,,,,
771,0,patch_11_16,2816,3072,4096,4352,65536,NDVI,-0.71484375,29838,8307.0,0.0070227912897659,13386.0,0.0147223586703919
772,0,patch_11_17,2816,3072,4352,4608,65536,MSAVI,-0.09765625,35240,,,,
773,0,patch_11_17,2816,3072,4352,4608,65536,NDVI,-0.66796875,30183,8902.0,0.0072671424540405,13826.0,0.0155186999980597
774,0,patch_11_18,2816,3072,4608,4864,65536,MSAVI,-0.18359375,37234,,,,
775,0,patch_11_18,2816,3072,4608,4864,65536,NDVI,-0.66796875,28297,12736.0,0.0125059536197076,15168.0,0.0210243370351983
776,0,patch_11_19,2816,3072,4864,5120,65536,MSAVI,-0.06640625,40659,,,,
777,0,patch_11_19,2816,3072,4864,5120,65536,NDVI,-0.69921875,24875,6889.0,0.0164783365062589,8936.0,0.0219758182425723
778,0,patch_11_20,2816,3072,5120,5376,65536,MSAVI,-0.07421875,39277,,,,
779,0,patch_11_20,2816,3072,5120,5376,65536,NDVI,-0.66796875,26176,14052.0,0.0154675221982794,16425.0,0.0251428494193477
780,0,patch_11_21,2816,3072,5376,5632,65536,MSAVI,-0.30859375,40052,,,,
781,0,patch_11_21,2816,3072,5376,5632,65536,NDVI,-0.74609375,25459,7006.0,0.013222524712017,9127.0,0.0193333100517346
782,0,patch_11_22,2816,3072,5632,5888,65536,MSAVI,-0.21484375,41639,,,,
783,0,patch_11_22,2816,3072,5632,5888,65536,NDVI,-0.99609375,23897,6211.0,0.0172012363028131,7830.0,0.0230230169972076
784,0,patch_11_23,2816,3072,5888,6144,65536,MSAVI,-0.30859375,38328,,,,
785,0,patch_11_23,2816,3072,5888,6144,65536,NDVI,-0.99609375,27208,11049.0,0.0131589640114332,13007.0,0.0214054661366034
786,0,patch_11_24,2816,3072,6144,6400,65536,MSAVI,-0.09765625,38413,,,,
787,0,patch_11_24,2816,3072,6144,6400,65536,NDVI,-0.99609375,27123,10137.0,0.0118784774081549,12943.0,0.0191565802136426
788,0,patch_11_25,2816,3072,6400,6656,65536,MSAVI,-0.14453125,38242,,,,
789,0,patch_11_25,2816,3072,6400,6656,65536,NDVI,-0.99609375,27294,8060.0,0.0117322861422344,11696.0,0.0197928533260287
790,0,patch_11_26,2816,3072,6656,6912,65536,MSAVI,-0.26953125,41670,,,,
791,0,patch_11_26,2816,3072,6656,6912,65536,NDVI,-0.99609375,23866,8484.0,0.0188770414339882,10094.0,0.0263751663090951
792,0,patch_11_27,2816,3072,6912,7168,65536,MSAVI,-0.09765625,33692,,,,
793,0,patch_11_27,2816,3072,6912,7168,65536,NDVI,-0.99609375,31844,7406.0,0.003590257410439,14872.0,0.0135512164947106
794,0,patch_11_28,2816,3072,7168,7424,65536,MSAVI,-0.14453125,38759,,,,
795,0,patch_11_28,2816,3072,7168,7424,65536,NDVI,-0.68359375,23110,4654.0,0.0096758003902038,7008.0,0.0173753513619012
796,0,patch_11_29,2816,3072,7424,7680,65536,MSAVI,-0.15234375,40338,,,,
797,0,patch_11_29,2816,3072,7424,7680,65536,NDVI,-0.69140625,24700,5756.0,0.0143850269347212,9357.0,0.0228976026757917
798,0,patch_11_30,2816,3072,7680,7936,65536,MSAVI,-0.21484375,36821,,,,
799,0,patch_11_30,2816,3072,7680,7936,65536,NDVI,-0.99609375,28715,6644.0,0.0089061678420874,12226.0,0.0201654771278571
800,0,patch_11_31,2816,3072,7936,8192,65536,MSAVI,0.07421875,36553,,,,
801,0,patch_11_31,2816,3072,7936,8192,65536,NDVI,-0.99609375,28983,12917.0,0.0079439426940927,15959.0,0.0187918852620165
802,0,patch_11_32,2816,3072,8192,8448,65536,MSAVI,-0.25390625,38273,,,,
803,0,patch_11_32,2816,3072,8192,8448,65536,NDVI,-0.99609375,27263,5057.0,0.0106996277894563,8749.0,0.0190247487035555
804,0,patch_11_33,2816,3072,8448,8704,65536,MSAVI,-0.15234375,34820,,,,
805,0,patch_11_33,2816,3072,8448,8704,65536,NDVI,-0.99609375,30716,13524.0,0.009128401672998,17239.0,0.0176462126161411
806,0,patch_11_34,2816,3072,8704,8960,65536,MSAVI,0.01953125,37586,,,,
807,0,patch_11_34,2816,3072,8704,8960,65536,NDVI,-0.99609375,27950,9250.0,0.010991708211308,11641.0,0.0183380844529664
808,0,patch_11_35,2816,3072,8960,9216,65536,MSAVI,-0.13671875,35289,,,,
809,0,patch_11_35,2816,3072,8960,9216,65536,NDVI,-0.99609375,30247,8099.0,0.0061522887753912,14215.0,0.0161368546365614
810,0,patch_11_36,2816,3072,9216,9472,65536,MSAVI,-0.21484375,37849,,,,
811,0,patch_11_36,2816,3072,9216,9472,65536,NDVI,-0.99609375,27687,8431.0,0.0108950747229268,11249.0,0.0188470997417379
812,0,patch_11_37,2816,3072,9472,9728,65536,MSAVI,-0.23828125,37534,,,,
813,0,patch_11_37,2816,3072,9472,9728,65536,NDVI,-0.99609375,28002,9687.0,0.0094908071030906,12093.0,0.018634621177818
822,0,patch_12_6,3072,3328,1536,1792,65536,MSAVI,-0.30078125,34993,,,,
823,0,patch_12_6,3072,3328,1536,1792,65536,NDVI,-0.99609375,30543,4732.0,0.0059162902939093,11791.0,0.0157481798294693
824,0,patch_12_7,3072,3328,1792,2048,65536,MSAVI,-0.21484375,36971,,,,
825,0,patch_12_7,3072,3328,1792,2048,65536,NDVI,-0.99609375,28565,4750.0,0.0087171801282156,7654.0,0.0153095260605116
826,0,patch_12_8,3072,3328,2048,2304,65536,MSAVI,0.01953125,37759,,,,
827,0,patch_12_8,3072,3328,2048,2304,65536,NDVI,-0.99609375,27777,3651.0,0.0091733022011917,5567.0,0.0151964808262182
828,0,patch_12_9,3072,3328,2304,2560,65536,MSAVI,0.02734375,36717,,,,
829,0,patch_12_9,3072,3328,2304,2560,65536,NDVI,-0.99609375,28819,5754.0,0.0093427254044481,8626.0,0.0144548437937279
830,0,patch_12_10,3072,3328,2560,2816,65536,MSAVI,-0.19921875,37067,,,,
831,0,patch_12_10,3072,3328,2560,2816,65536,NDVI,-0.99609375,28469,6030.0,0.0087330003420783,8830.0,0.0162268819809452
832,0,patch_12_11,3072,3328,2816,3072,65536,MSAVI,-0.26171875,33050,,,,
833,0,patch_12_11,3072,3328,2816,3072,65536,NDVI,-0.76171875,32483,8787.0,0.0038745430252277,15741.0,0.0151223348432651
834,0,patch_12_12,3072,3328,3072,3328,65536,MSAVI,-0.12890625,35298,,,,
835,0,patch_12_12,3072,3328,3072,3328,65536,NDVI,-0.70703125,26627,5125.0,0.0061615379383221,12549.0,0.0153434363438288
836,0,patch_12_13,3072,3328,3328,3584,65536,MSAVI,-0.14453125,39191,,,,
837,0,patch_12_13,3072,3328,3328,3584,65536,NDVI,-0.69140625,26281,11414.0,0.0158283849597584,14351.0,0.0253800158101226
838,0,patch_12_14,3072,3328,3584,3840,65536,MSAVI,-0.26953125,35490,,,,
839,0,patch_12_14,3072,3328,3584,3840,65536,NDVI,-0.73046875,15608,8192.0,0.0082577155171401,11516.0,0.0154793717718589
840,0,patch_12_15,3072,3328,3840,4096,65536,MSAVI,-0.35546875,40804,,,,
841,0,patch_12_15,3072,3328,3840,4096,65536,NDVI,-0.74609375,20891,6381.0,0.0173414820622347,7452.0,0.0239995907417407
842,0,patch_12_16,3072,3328,4096,4352,65536,MSAVI,-0.06640625,37652,,,,
843,0,patch_12_16,3072,3328,4096,4352,65536,NDVI,-0.66015625,23431,6218.0,0.0116039847924517,9602.0,0.0194627411326564
844,0,patch_12_17,3072,3328,4352,4608,65536,MSAVI,-0.19140625,35034,,,,
845,0,patch_12_17,3072,3328,4352,4608,65536,NDVI,-0.71484375,26593,5448.0,0.0055186289099808,10351.0,0.0124721138050445
846,0,patch_12_18,3072,3328,4608,4864,65536,MSAVI,-0.14453125,33048,,,,
847,0,patch_12_18,3072,3328,4608,4864,65536,NDVI,-0.73046875,31818,9871.0,0.005382438941913,16336.0,0.0142634155973719
848,0,patch_12_19,3072,3328,4864,5120,65536,MSAVI,-0.02734375,37670,,,,
849,0,patch_12_19,3072,3328,4864,5120,65536,NDVI,-0.62109375,27864,10184.0,0.0113834145122626,13326.0,0.0208616052191643
850,0,patch_12_20,3072,3328,5120,5376,65536,MSAVI,0.00390625,35884,,,,
851,0,patch_12_20,3072,3328,5120,5376,65536,NDVI,-0.64453125,29649,11439.0,0.0101558338270733,15650.0,0.0189843570943115
852,0,patch_12_21,3072,3328,5376,5632,65536,MSAVI,-0.12109375,35817,,,,
853,0,patch_12_21,3072,3328,5376,5632,65536,NDVI,-0.99609375,29719,8695.0,0.0088444198356423,14243.0,0.0185724320752898
854,0,patch_12_22,3072,3328,5632,5888,65536,MSAVI,-0.31640625,38047,,,,
855,0,patch_12_22,3072,3328,5632,5888,65536,NDVI,-0.99609375,27489,14539.0,0.018057874306447,16336.0,0.0236091067365069
856,0,patch_12_23,3072,3328,5888,6144,65536,MSAVI,-0.06640625,34673,,,,
857,0,patch_12_23,3072,3328,5888,6144,65536,NDVI,-0.99609375,30863,20007.0,0.0125883275129935,22453.0,0.0229062010698676
858,0,patch_12_24,3072,3328,6144,6400,65536,MSAVI,-0.01171875,32483,,,,
859,0,patch_12_24,3072,3328,6144,6400,65536,NDVI,-0.99609375,33053,9963.0,0.0034993840106488,19299.0,0.0118907954549064
860,0,patch_12_25,3072,3328,6400,6656,65536,MSAVI,-0.31640625,35368,,,,
861,0,patch_12_25,3072,3328,6400,6656,65536,NDVI,-0.99609375,30168,6648.0,0.0059007766528708,13349.0,0.0155368349174246
862,0,patch_12_26,3072,3328,6656,6912,65536,MSAVI,-0.22265625,37799,,,,
863,0,patch_12_26,3072,3328,6656,6912,65536,NDVI,-0.99609375,27737,11298.0,0.0097521547662382,14246.0,0.0197079664324274
864,0,patch_12_27,3072,3328,6912,7168,65536,MSAVI,-0.22265625,39092,,,,
865,0,patch_12_27,3072,3328,6912,7168,65536,NDVI,-0.99609375,26444,19450.0,0.0265073114501128,65536.0,0.0284528893080131
866,0,patch_12_28,3072,3328,7168,7424,65536,MSAVI,-0.17578125,39174,,,,
867,0,patch_12_28,3072,3328,7168,7424,65536,NDVI,-0.62109375,26361,18017.0,0.0188865249338423,20228.0,0.0275019880583195
868,0,patch_12_29,3072,3328,7424,7680,65536,MSAVI,-0.32421875,40333,,,,
869,0,patch_12_29,3072,3328,7424,7680,65536,NDVI,-0.76953125,25189,12278.0,0.0204399435290154,12760.0,0.0265437522700774
870,0,patch_12_30,3072,3328,7680,7936,65536,MSAVI,-0.18359375,37738,,,,
871,0,patch_12_30,3072,3328,7680,7936,65536,NDVI,-0.99609375,27798,8135.0,0.0130585523298457,10490.0,0.0207259452410683
872,0,patch_12_31,3072,3328,7936,8192,65536,MSAVI,-0.17578125,35381,,,,
873,0,patch_12_31,3072,3328,7936,8192,65536,NDVI,-0.66796875,30155,9121.0,0.0071199300491053,15516.0,0.016753095881174
874,0,patch_12_32,3072,3328,8192,8448,65536,MSAVI,-0.25390625,36493,,,,
875,0,patch_12_32,3072,3328,8192,8448,65536,NDVI,-0.99609375,29043,5435.0,0.0071770571938915,10808.0,0.0171707030441023
876,0,patch_12_33,3072,3328,8448,8704,65536,MSAVI,-0.10546875,37593,,,,
877,0,patch_12_33,3072,3328,8448,8704,65536,NDVI,-0.99609375,27943,10903.0,0.0106427344085091,14151.0,0.0189195094227065
878,0,patch_12_34,3072,3328,8704,8960,65536,MSAVI,-0.15234375,40059,,,,
879,0,patch_12_34,3072,3328,8704,8960,65536,NDVI,-0.99609375,25477,6400.0,0.0112388930579697,8707.0,0.01901157071542
880,0,patch_12_35,3072,3328,8960,9216,65536,MSAVI,-0.02734375,37258,,,,
881,0,patch_12_35,3072,3328,8960,9216,65536,NDVI,-0.66015625,28273,6842.0,0.0082903209254107,9775.0,0.0156158230490708
882,0,patch_12_36,3072,3328,9216,9472,65536,MSAVI,-0.05078125,38295,,,,
883,0,patch_12_36,3072,3328,9216,9472,65536,NDVI,-0.99609375,27241,7943.0,0.0107349668513369,9240.0,0.0180132271730421
884,0,patch_12_37,3072,3328,9472,9728,65536,MSAVI,-0.16015625,37454,,,,
885,0,patch_12_37,3072,3328,9472,9728,65536,NDVI,-0.99609375,28082,6366.0,0.010604252138696,9631.0,0.0181832233012399
894,0,patch_13_5,3328,3584,1280,1536,65536,MSAVI,-0.29296875,45791,,,,
895,0,patch_13_5,3328,3584,1280,1536,65536,NDVI,-0.99609375,19745,4943.0,0.022115905038733,5419.0,0.0305883574937654
896,0,patch_13_6,3328,3584,1536,1792,65536,MSAVI,-0.01953125,38972,,,,
897,0,patch_13_6,3328,3584,1536,1792,65536,NDVI,-0.99609375,26564,4846.0,0.0118517644220638,7385.0,0.0169151982488043
898,0,patch_13_7,3328,3584,1792,2048,65536,MSAVI,-0.23828125,39411,,,,
899,0,patch_13_7,3328,3584,1792,2048,65536,NDVI,-0.99609375,26125,5179.0,0.0127375965569401,7172.0,0.0186297286001734
900,0,patch_13_8,3328,3584,2048,2304,65536,MSAVI,-0.03515625,38395,,,,
901,0,patch_13_8,3328,3584,2048,2304,65536,NDVI,-0.99609375,27141,2644.0,0.010936319238496,3713.0,0.0166430330733649
902,0,patch_13_9,3328,3584,2304,2560,65536,MSAVI,-0.07421875,36943,,,,
903,0,patch_13_9,3328,3584,2304,2560,65536,NDVI,-0.99609375,28593,4829.0,0.0077709681685722,9471.0,0.0157870133227285
904,0,patch_13_10,3328,3584,2560,2816,65536,MSAVI,-0.08984375,37626,,,,
905,0,patch_13_10,3328,3584,2560,2816,65536,NDVI,-0.99609375,27910,6121.0,0.0078520350175076,11173.0,0.0183993142964058
906,0,patch_13_11,3328,3584,2816,3072,65536,MSAVI,-0.19921875,37158,,,,
907,0,patch_13_11,3328,3584,2816,3072,65536,NDVI,-0.99609375,28378,6352.0,0.0107942612361211,9775.0,0.0194623073039854
908,0,patch_13_12,3328,3584,3072,3328,65536,MSAVI,-0.06640625,35839,,,,
909,0,patch_13_12,3328,3584,3072,3328,65536,NDVI,-0.99609375,29697,8344.0,0.0086021107873194,12908.0,0.0175605777143851
910,0,patch_13_13,3328,3584,3328,3584,65536,MSAVI,-0.07421875,35076,,,,
911,0,patch_13_13,3328,3584,3328,3584,65536,NDVI,-0.99609375,30460,8586.0,0.0077239508225355,14701.0,0.0203088245544272
912,0,patch_13_14,3328,3584,3584,3840,65536,MSAVI,-0.04296875,32033,,,,
913,0,patch_13_14,3328,3584,3584,3840,65536,NDVI,-0.67578125,33027,12186.0,0.0014684485437281,21869.0,0.0138311583850091
914,0,patch_13_15,3328,3584,3840,4096,65536,MSAVI,-0.02734375,34887,,,,
915,0,patch_13_15,3328,3584,3840,4096,65536,NDVI,-0.70703125,30629,9441.0,0.0074947981618963,13676.0,0.0173990060755987
916,0,patch_13_16,3328,3584,4096,4352,65536,MSAVI,-0.10546875,36013,,,,
917,0,patch_13_16,3328,3584,4096,4352,65536,NDVI,-0.69140625,29514,9921.0,0.0097601505362243,13744.0,0.0195145355572912
918,0,patch_13_17,3328,3584,4352,4608,65536,MSAVI,-0.29296875,37041,,,,
919,0,patch_13_17,3328,3584,4352,4608,65536,NDVI,-0.75390625,27991,7256.0,0.0090641613019822,10794.0,0.0174480590016376
920,0,patch_13_18,3328,3584,4608,4864,65536,MSAVI,-0.19140625,34904,,,,
921,0,patch_13_18,3328,3584,4608,4864,65536,NDVI,-0.74609375,29441,10108.0,0.0075313061913723,17178.0,0.0177733796325137
922,0,patch_13_19,3328,3584,4864,5120,65536,MSAVI,-0.03515625,34313,,,,
923,0,patch_13_19,3328,3584,4864,5120,65536,NDVI,-0.71484375,31207,6434.0,0.0067041033513139,12593.0,0.0150070548008238
924,0,patch_13_20,3328,3584,5120,5376,65536,MSAVI,-0.16015625,35887,,,,
925,0,patch_13_20,3328,3584,5120,5376,65536,NDVI,-0.67578125,29649,4230.0,0.0053974943843068,9915.0,0.0134656883490058
926,0,patch_13_21,3328,3584,5376,5632,65536,MSAVI,-0.05859375,34923,,,,
927,0,patch_13_21,3328,3584,5376,5632,65536,NDVI,-0.99609375,30613,5594.0,0.0055850903290551,12662.0,0.0148990280035384
928,0,patch_13_22,3328,3584,5632,5888,65536,MSAVI,-0.18359375,37619,,,,
929,0,patch_13_22,3328,3584,5632,5888,65536,NDVI,-0.99609375,27917,8401.0,0.0114058130486263,13183.0,0.0195069234665347
930,0,patch_13_23,3328,3584,5888,6144,65536,MSAVI,-0.30859375,37272,,,,
931,0,patch_13_23,3328,3584,5888,6144,65536,NDVI,-0.73828125,28264,9950.0,0.0105558469166207,12880.0,0.0161715177124417
932,0,patch_13_24,3328,3584,6144,6400,65536,MSAVI,-0.07421875,35799,,,,
933,0,patch_13_24,3328,3584,6144,6400,65536,NDVI,-0.99609375,29737,10038.0,0.0066612795073433,14204.0,0.0171671068317406
934,0,patch_13_25,3328,3584,6400,6656,65536,MSAVI,-0.05859375,36930,,,,
935,0,patch_13_25,3328,3584,6400,6656,65536,NDVI,-0.99609375,28606,9068.0,0.0091718633246649,13549.0,0.0185795504788289
936,0,patch_13_26,3328,3584,6656,6912,65536,MSAVI,-0.04296875,32758,,,,
937,0,patch_13_26,3328,3584,6656,6912,65536,NDVI,-0.99609375,32778,13365.0,0.0073223477989977,20813.0,0.0200335833974129
938,0,patch_13_27,3328,3584,6912,7168,65536,MSAVI,-0.10546875,37523,,,,
939,0,patch_13_27,3328,3584,6912,7168,65536,NDVI,-0.99609375,28013,8686.0,0.011842289981587,10616.0,0.0184191645273616
940,0,patch_13_28,3328,3584,7168,7424,65536,MSAVI,-0.18359375,36999,,,,
941,0,patch_13_28,3328,3584,7168,7424,65536,NDVI,-0.99609375,28537,8655.0,0.0095336139586467,12231.0,0.0198116439561974
942,0,patch_13_29,3328,3584,7424,7680,65536,MSAVI,-0.29296875,38802,,,,
943,0,patch_13_29,3328,3584,7424,7680,65536,NDVI,-0.99609375,26734,10741.0,0.013938862832663,12472.0,0.0223946524581898
944,0,patch_13_30,3328,3584,7680,7936,65536,MSAVI,-0.23046875,39067,,,,
945,0,patch_13_30,3328,3584,7680,7936,65536,NDVI,-0.71484375,26469,14245.0,0.0205212904595847,14673.0,0.0254676308508432
946,0,patch_13_31,3328,3584,7936,8192,65536,MSAVI,-0.17578125,38408,,,,
947,0,patch_13_31,3328,3584,7936,8192,65536,NDVI,-0.99609375,27128,5526.0,0.0115439062158601,8701.0,0.0188275198069101
948,0,patch_13_32,3328,3584,8192,8448,65536,MSAVI,-0.09765625,36365,,,,
949,0,patch_13_32,3328,3584,8192,8448,65536,NDVI,-0.99609375,29171,18787.0,0.0207412641929875,65536.0,0.0234573804333574
950,0,patch_13_33,3328,3584,8448,8704,65536,MSAVI,-0.08203125,35304,,,,
951,0,patch_13_33,3328,3584,8448,8704,65536,NDVI,-0.99609375,30232,7627.0,0.0098188667987891,13198.0,0.0169427721939839
952,0,patch_13_34,3328,3584,8704,8960,65536,MSAVI,-0.19921875,36687,,,,
953,0,patch_13_34,3328,3584,8704,8960,65536,NDVI,-0.99609375,28849,7384.0,0.0098421484660834,12343.0,0.0174698768668392
954,0,patch_13_35,3328,3584,8960,9216,65536,MSAVI,-0.26171875,36848,,,,
955,0,patch_13_35,3328,3584,8960,9216,65536,NDVI,-0.99609375,28688,7537.0,0.0105866859217748,12296.0,0.0194129660933098
956,0,patch_13_36,3328,3584,9216,9472,65536,MSAVI,-0.19140625,36855,,,,
957,0,patch_13_36,3328,3584,9216,9472,65536,NDVI,-0.99609375,28681,3658.0,0.0103207537888041,5555.0,0.0148443271361521
966,0,patch_14_5,3584,3840,1280,1536,65536,MSAVI,-0.08984375,35274,,,,
967,0,patch_14_5,3584,3840,1280,1536,65536,NDVI,-0.99609375,30262,5240.0,0.0058028787622195,9779.0,0.0155087240104541
968,0,patch_14_6,3584,3840,1536,1792,65536,MSAVI,-0.16796875,37465,,,,
969,0,patch_14_6,3584,3840,1536,1792,65536,NDVI,-0.99609375,28071,4355.0,0.0097330397407404,8729.0,0.0158019104271472
970,0,patch_14_7,3584,3840,1792,2048,65536,MSAVI,-0.23828125,38444,,,,
971,0,patch_14_7,3584,3840,1792,2048,65536,NDVI,-0.99609375,27092,6129.0,0.011686836405184,9207.0,0.0183072076517887
972,0,patch_14_8,3584,3840,2048,2304,65536,MSAVI,-0.24609375,36493,,,,
973,0,patch_14_8,3584,3840,2048,2304,65536,NDVI,-0.99609375,29043,3864.0,0.0089715230160547,6734.0,0.0127615038461519
974,0,patch_14_9,3584,3840,2304,2560,65536,MSAVI,-0.01953125,35635,,,,
975,0,patch_14_9,3584,3840,2304,2560,65536,NDVI,-0.99609375,29901,3378.0,0.0058417616738671,6709.0,0.0111893341673875
976,0,patch_14_10,3584,3840,2560,2816,65536,MSAVI,-0.22265625,37522,,,,
977,0,patch_14_10,3584,3840,2560,2816,65536,NDVI,-0.99609375,28014,3304.0,0.0086446796367077,7371.0,0.0171324891016226
978,0,patch_14_11,3584,3840,2816,3072,65536,MSAVI,0.04296875,36278,,,,
979,0,patch_14_11,3584,3840,2816,3072,65536,NDVI,-0.99609375,29258,4127.0,0.0084851937871903,7256.0,0.0157832810894705
980,0,patch_14_12,3584,3840,3072,3328,65536,MSAVI,-0.07421875,35524,,,,
981,0,patch_14_12,3584,3840,3072,3328,65536,NDVI,-0.99609375,30012,5131.0,0.0073301628044274,7775.0,0.0128353632616207
982,0,patch_14_13,3584,3840,3328,3584,65536,MSAVI,-0.07421875,37769,,,,
983,0,patch_14_13,3584,3840,3328,3584,65536,NDVI,-0.99609375,27767,7006.0,0.0116858584576252,8495.0,0.0176989449504119
984,0,patch_14_14,3584,3840,3584,3840,65536,MSAVI,-0.02734375,34142,,,,
985,0,patch_14_14,3584,3840,3584,3840,65536,NDVI,-0.99609375,31394,4592.0,0.0053107534303204,10643.0,0.0139381300943493
986,0,patch_14_15,3584,3840,3840,4096,65536,MSAVI,-0.05859375,33586,,,,
987,0,patch_14_15,3584,3840,3840,4096,65536,NDVI,-0.67578125,31950,8793.0,0.004622364763419,15041.0,0.0138678575197787
988,0,patch_14_16,3584,3840,4096,4352,65536,MSAVI,-0.14453125,34339,,,,
989,0,patch_14_16,3584,3840,4096,4352,65536,NDVI,-0.69140625,26205,9552.0,0.0052997462654626,15341.0,0.0168134805281885
990,0,patch_14_17,3584,3840,4352,4608,65536,MSAVI,-0.17578125,36679,,,,
991,0,patch_14_17,3584,3840,4352,4608,65536,NDVI,-0.73046875,26385,6837.0,0.0093836696683892,11487.0,0.0173222811787598
992,0,patch_14_18,3584,3840,4608,4864,65536,MSAVI,-0.21484375,35170,,,,
993,0,patch_14_18,3584,3840,4608,4864,65536,NDVI,-0.76171875,30307,6191.0,0.0074079556069321,10882.0,0.0161902586187522
994,0,patch_14_19,3584,3840,4864,5120,65536,MSAVI,-0.20703125,36116,,,,
995,0,patch_14_19,3584,3840,4864,5120,65536,NDVI,-0.73828125,29420,4825.0,0.0073438351391998,8975.0,0.0141528748780691
996,0,patch_14_20,3584,3840,5120,5376,65536,MSAVI,0.05078125,36419,,,,
997,0,patch_14_20,3584,3840,5120,5376,65536,NDVI,-0.99609375,29117,4654.0,0.0087628003900352,7256.0,0.0139894487930687
998,0,patch_14_21,3584,3840,5376,5632,65536,MSAVI,-0.18359375,36384,,,,
999,0,patch_14_21,3584,3840,5376,5632,65536,NDVI,-0.99609375,29152,6611.0,0.0085560661293082,10086.0,0.0150064922904356
1000,0,patch_14_22,3584,3840,5632,5888,65536,MSAVI,-0.20703125,35756,,,,
1001,0,patch_14_22,3584,3840,5632,5888,65536,NDVI,-0.99609375,29780,8510.0,0.0103000770260818,13268.0,0.0170021578626893
1002,0,patch_14_23,3584,3840,5888,6144,65536,MSAVI,-0.25390625,39440,,,,
1003,0,patch_14_23,3584,3840,5888,6144,65536,NDVI,-0.74609375,26018,5882.0,0.012641602940273,7968.0,0.0186730361298841
1004,0,patch_14_24,3584,3840,6144,6400,65536,MSAVI,-0.16015625,37382,,,,
1005,0,patch_14_24,3584,3840,6144,6400,65536,NDVI,-0.71484375,28106,7836.0,0.0109894747747012,11311.0,0.0185648398874725
1006,0,patch_14_25,3584,3840,6400,6656,65536,MSAVI,-0.11328125,36227,,,,
1007,0,patch_14_25,3584,3840,6400,6656,65536,NDVI,-0.99609375,29309,9947.0,0.0111308172775791,14744.0,0.0202080640670957
1008,0,patch_14_26,3584,3840,6656,6912,65536,MSAVI,-0.10546875,36644,,,,
1009,0,patch_14_26,3584,3840,6656,6912,65536,NDVI,-0.99609375,28892,8910.0,0.0095432462181729,12389.0,0.0153143752436495
1010,0,patch_14_27,3584,3840,6912,7168,65536,MSAVI,-0.12890625,36991,,,,
1011,0,patch_14_27,3584,3840,6912,7168,65536,NDVI,-0.99609375,28545,7286.0,0.0091814654850008,9839.0,0.0165109233894316
1012,0,patch_14_28,3584,3840,7168,7424,65536,MSAVI,-0.21484375,36219,,,,
1013,0,patch_14_28,3584,3840,7168,7424,65536,NDVI,-0.99609375,29317,8106.0,0.0098814771073026,12205.0,0.0163606036905612
1014,0,patch_14_29,3584,3840,7424,7680,65536,MSAVI,-0.04296875,36612,,,,
1015,0,patch_14_29,3584,3840,7424,7680,65536,NDVI,-0.99609375,28924,15277.0,0.016680220138838,65536.0,0.0199380494235967
1016,0,patch_14_30,3584,3840,7680,7936,65536,MSAVI,-0.14453125,35235,,,,
1017,0,patch_14_30,3584,3840,7680,7936,65536,NDVI,-0.99609375,30301,11050.0,0.0082756537221584,15430.0,0.0167067496268209
1018,0,patch_14_31,3584,3840,7936,8192,65536,MSAVI,-0.04296875,38241,,,,
1019,0,patch_14_31,3584,3840,7936,8192,65536,NDVI,-0.99609375,27295,5413.0,0.0096316716204805,9377.0,0.0187569031343572
1020,0,patch_14_32,3584,3840,8192,8448,65536,MSAVI,-0.15234375,40473,,,,
1021,0,patch_14_32,3584,3840,8192,8448,65536,NDVI,-0.99609375,25063,13474.0,0.0202997212223106,65536.0,0.0263979038924956
1022,0,patch_14_33,3584,3840,8448,8704,65536,MSAVI,-0.08984375,38928,,,,
1023,0,patch_14_33,3584,3840,8448,8704,65536,NDVI,-0.99609375,26608,20118.0,0.0214563918820076,20569.0,0.0292797074999874
1024,0,patch_14_34,3584,3840,8704,8960,65536,MSAVI,-0.18359375,37272,,,,
1025,0,patch_14_34,3584,3840,8704,8960,65536,NDVI,-0.99609375,28264,12825.0,0.0134467543411233,15064.0,0.0220061517335429
1026,0,patch_14_35,3584,3840,8960,9216,65536,MSAVI,-0.06640625,42593,,,,
1027,0,patch_14_35,3584,3840,8960,9216,65536,NDVI,-0.64453125,22943,7625.0,0.0160626419259023,9015.0,0.0242191433764529
1028,0,patch_14_36,3584,3840,9216,9472,65536,MSAVI,-0.26953125,41193,,,,
1029,0,patch_14_36,3584,3840,9216,9472,65536,NDVI,-0.99609375,24343,2732.0,0.0138736387051905,3705.0,0.0206652916684093
1036,0,patch_15_5,3840,4096,1280,1536,65536,MSAVI,-0.13671875,35846,,,,
1037,0,patch_15_5,3840,4096,1280,1536,65536,NDVI,-0.99609375,29690,6703.0,0.0084832540927782,10188.0,0.0151547373789113
1038,0,patch_15_6,3840,4096,1536,1792,65536,MSAVI,-0.08984375,37013,,,,
1039,0,patch_15_6,3840,4096,1536,1792,65536,NDVI,-0.99609375,28523,4034.0,0.0094297237158465,6848.0,0.0148593846576299
1040,0,patch_15_7,3840,4096,1792,2048,65536,MSAVI,-0.16015625,38809,,,,
1041,0,patch_15_7,3840,4096,1792,2048,65536,NDVI,-0.99609375,26727,3441.0,0.0121875152094683,6063.0,0.0175023665897947
1042,0,patch_15_8,3840,4096,2048,2304,65536,MSAVI,-0.11328125,38886,,,,
1043,0,patch_15_8,3840,4096,2048,2304,65536,NDVI,-0.99609375,26650,2726.0,0.0113983942273864,5289.0,0.018039489967448
1044,0,patch_15_9,3840,4096,2304,2560,65536,MSAVI,-0.26953125,40184,,,,
1045,0,patch_15_9,3840,4096,2304,2560,65536,NDVI,-0.99609375,25352,3270.0,0.0118814503892332,4999.0,0.0199720012209935
1046,0,patch_15_10,3840,4096,2560,2816,65536,MSAVI,-0.14453125,38304,,,,
1047,0,patch_15_10,3840,4096,2560,2816,65536,NDVI,-0.99609375,27232,3274.0,0.0098107645568707,5756.0,0.0175849253224285
1048,0,patch_15_11,3840,4096,2816,3072,65536,MSAVI,-0.10546875,35225,,,,
1049,0,patch_15_11,3840,4096,2816,3072,65536,NDVI,-0.99609375,30311,5200.0,0.0058587566890438,9173.0,0.0145204704633672
1050,0,patch_15_12,3840,4096,3072,3328,65536,MSAVI,-0.12109375,35540,,,,
1051,0,patch_15_12,3840,4096,3072,3328,65536,NDVI,-0.99609375,29996,3978.0,0.0079279502952969,8428.0,0.0138756968629778
1052,0,patch_15_13,3840,4096,3328,3584,65536,MSAVI,-0.05078125,36292,,,,
1053,0,patch_15_13,3840,4096,3328,3584,65536,NDVI,-0.99609375,29244,12289.0,0.0121696295681606,15240.0,0.0197038500606435
1054,0,patch_15_14,3840,4096,3584,3840,65536,MSAVI,-0.08984375,34500,,,,
1055,0,patch_15_14,3840,4096,3584,3840,65536,NDVI,-0.99609375,31036,7306.0,0.0068940617795733,13875.0,0.014989960110377
1056,0,patch_15_15,3840,4096,3840,4096,65536,MSAVI,-0.17578125,37201,,,,
1057,0,patch_15_15,3840,4096,3840,4096,65536,NDVI,-0.99609375,28335,5184.0,0.0083033880121765,10191.0,0.016860892202151
1058,0,patch_15_16,3840,4096,4096,4352,65536,MSAVI,-0.22265625,36358,,,,
1059,0,patch_15_16,3840,4096,4096,4352,65536,NDVI,-0.70703125,29177,12947.0,0.0108409177604202,65425.0,0.0181646639851267
1060,0,patch_15_17,3840,4096,4352,4608,65536,MSAVI,-0.19921875,33932,,,,
1061,0,patch_15_17,3840,4096,4352,4608,65536,NDVI,-0.71484375,31604,12807.0,0.0058372273309757,19075.0,0.0172746980699611
1062,0,patch_15_18,3840,4096,4608,4864,65536,MSAVI,-0.21484375,34639,,,,
1063,0,patch_15_18,3840,4096,4608,4864,65536,NDVI,-0.99609375,30897,7497.0,0.00709143120409,13299.0,0.0155550512657397
1064,0,patch_15_19,3840,4096,4864,5120,65536,MSAVI,-0.23046875,36615,,,,
1065,0,patch_15_19,3840,4096,4864,5120,65536,NDVI,-0.99609375,28921,4197.0,0.0076090144883599,8340.0,0.0155744689025273
1066,0,patch_15_20,3840,4096,5120,5376,65536,MSAVI,-0.19140625,34350,,,,
1067,0,patch_15_20,3840,4096,5120,5376,65536,NDVI,-0.99609375,31186,7148.0,0.0061323465297125,12103.0,0.013074036727859
1068,0,patch_15_21,3840,4096,5376,5632,65536,MSAVI,-0.11328125,35419,,,,
1069,0,patch_15_21,3840,4096,5376,5632,65536,NDVI,-0.99609375,30117,5660.0,0.0061385573832882,11994.0,0.015443121733306
1070,0,patch_15_22,3840,4096,5632,5888,65536,MSAVI,-0.14453125,36172,,,,
1071,0,patch_15_22,3840,4096,5632,5888,65536,NDVI,-0.99609375,29364,5781.0,0.0082003536437002,11544.0,0.0176363544197177
1072,0,patch_15_23,3840,4096,5888,6144,65536,MSAVI,-0.21484375,37562,,,,
1073,0,patch_15_23,3840,4096,5888,6144,65536,NDVI,-0.99609375,27974,7963.0,0.0104598290596652,9266.0,0.0185053873311668
1074,0,patch_15_24,3840,4096,6144,6400,65536,MSAVI,-0.10546875,35665,,,,
1075,0,patch_15_24,3840,4096,6144,6400,65536,NDVI,-0.99609375,29871,11304.0,0.0086127653444995,15126.0,0.0176579461000892
1076,0,patch_15_25,3840,4096,6400,6656,65536,MSAVI,-0.16796875,36697,,,,
1077,0,patch_15_25,3840,4096,6400,6656,65536,NDVI,-0.99609375,28839,5616.0,0.0081498862447488,8977.0,0.0163445504941298
1078,0,patch_15_26,3840,4096,6656,6912,65536,MSAVI,-0.18359375,35354,,,,
1079,0,patch_15_26,3840,4096,6656,6912,65536,NDVI,-0.99609375,30182,7931.0,0.0075335291366305,11371.0,0.0136325127082982
1080,0,patch_15_27,3840,4096,6912,7168,65536,MSAVI,-0.09765625,36301,,,,
1081,0,patch_15_27,3840,4096,6912,7168,65536,NDVI,-0.99609375,29235,6135.0,0.0071459552211902,11710.0,0.0158689518550706
1082,0,patch_15_28,3840,4096,7168,7424,65536,MSAVI,-0.26171875,36042,,,,
1083,0,patch_15_28,3840,4096,7168,7424,65536,NDVI,-0.99609375,29494,10884.0,0.009841791668552,15151.0,0.0171685699792021
1084,0,patch_15_29,3840,4096,7424,7680,65536,MSAVI,-0.19140625,39362,,,,
1085,0,patch_15_29,3840,4096,7424,7680,65536,NDVI,-0.99609375,26174,14078.0,0.0155599010819016,15949.0,0.023927103724751
1086,0,patch_15_30,3840,4096,7680,7936,65536,MSAVI,-0.17578125,37578,,,,
1087,0,patch_15_30,3840,4096,7680,7936,65536,NDVI,-0.99609375,27958,8356.0,0.0107725136612015,12567.0,0.0182938421928737
1088,0,patch_15_31,3840,4096,7936,8192,65536,MSAVI,-0.06640625,34675,,,,
1089,0,patch_15_31,3840,4096,7936,8192,65536,NDVI,-0.63671875,30860,6010.0,0.0054773717932991,12104.0,0.0131745245753774
1090,0,patch_15_32,3840,4096,8192,8448,65536,MSAVI,-0.23046875,35445,,,,
1091,0,patch_15_32,3840,4096,8192,8448,65536,NDVI,-0.99609375,30091,7144.0,0.0071480622930976,13315.0,0.0153341057727327
1092,0,patch_15_33,3840,4096,8448,8704,65536,MSAVI,-0.28515625,38067,,,,
1093,0,patch_15_33,3840,4096,8448,8704,65536,NDVI,-0.99609375,27469,5400.0,0.0114965666521938,8366.0,0.017992730177921
1094,0,patch_15_34,3840,4096,8704,8960,65536,MSAVI,-0.00390625,37604,,,,
1095,0,patch_15_34,3840,4096,8704,8960,65536,NDVI,-0.99609375,27932,7150.0,0.0115316436341931,9488.0,0.0174744450057442
1096,0,patch_15_35,3840,4096,8960,9216,65536,MSAVI,-0.23828125,37568,,,,
1097,0,patch_15_35,3840,4096,8960,9216,65536,NDVI,-0.99609375,27968,12071.0,0.0125921179251466,13959.0,0.0205275494059335
1098,0,patch_15_36,3840,4096,9216,9472,65536,MSAVI,-0.22265625,37862,,,,
1099,0,patch_15_36,3840,4096,9216,9472,65536,NDVI,-0.72265625,27669,9035.0,0.0112167907082421,10960.0,0.0178717967204661
1106,0,patch_16_4,4096,4352,1024,1280,65536,MSAVI,0.05078125,32744,,,,
1107,0,patch_16_4,4096,4352,1024,1280,65536,NDVI,-0.99609375,32792,6688.0,0.0035793626013513,14087.0,0.0126022659058519
1108,0,patch_16_5,4096,4352,1280,1536,65536,MSAVI,0.09765625,35544,,,,
1109,0,patch_16_5,4096,4352,1280,1536,65536,NDVI,-0.99609375,29992,4365.0,0.0069809257002337,8255.0,0.0161238697465616
1110,0,patch_16_6,4096,4352,1536,1792,65536,MSAVI,-0.09765625,36487,,,,
1111,0,patch_16_6,4096,4352,1536,1792,65536,NDVI,-0.99609375,29049,5737.0,0.0077008650797971,8357.0,0.0163417679941671
1112,0,patch_16_7,4096,4352,1792,2048,65536,MSAVI,-0.04296875,35974,,,,
1113,0,patch_16_7,4096,4352,1792,2048,65536,NDVI,-0.99609375,29562,4659.0,0.0082633916048257,8128.0,0.0167170395818908
1114,0,patch_16_8,4096,4352,2048,2304,65536,MSAVI,-0.02734375,39002,,,,
1115,0,patch_16_8,4096,4352,2048,2304,65536,NDVI,-0.99609375,26534,5716.0,0.0105923087457963,7880.0,0.0192335585591657
1116,0,patch_16_9,4096,4352,2304,2560,65536,MSAVI,-0.17578125,37557,,,,
1117,0,patch_16_9,4096,4352,2304,2560,65536,NDVI,-0.99609375,27979,3381.0,0.0100562849177966,5554.0,0.0163991415301524
1118,0,patch_16_10,4096,4352,2560,2816,65536,MSAVI,-0.12890625,36003,,,,
1119,0,patch_16_10,4096,4352,2560,2816,65536,NDVI,-0.99609375,29533,7036.0,0.0073256423467696,11658.0,0.0145209058086436
1120,0,patch_16_11,4096,4352,2816,3072,65536,MSAVI,-0.03515625,34835,,,,
1121,0,patch_16_11,4096,4352,2816,3072,65536,NDVI,-0.99609375,30701,4254.0,0.0039861771705855,9984.0,0.0135741235688482
1122,0,patch_16_12,4096,4352,3072,3328,65536,MSAVI,-0.15234375,35469,,,,
1123,0,patch_16_12,4096,4352,3072,3328,65536,NDVI,-0.99609375,30067,5607.0,0.0068881779447031,10685.0,0.0137781765405289
1124,0,patch_16_13,4096,4352,3328,3584,65536,MSAVI,-0.08984375,36101,,,,
1125,0,patch_16_13,4096,4352,3328,3584,65536,NDVI,-0.99609375,29435,11187.0,0.0087187569363861,14789.0,0.0200036326818241
1126,0,patch_16_14,4096,4352,3584,3840,65536,MSAVI,-0.08203125,35441,,,,
1127,0,patch_16_14,4096,4352,3584,3840,65536,NDVI,-0.99609375,30095,6637.0,0.0064239575030467,11531.0,0.0157828702584837
1128,0,patch_16_15,4096,4352,3840,4096,65536,MSAVI,-0.08203125,35513,,,,
1129,0,patch_16_15,4096,4352,3840,4096,65536,NDVI,-0.99609375,30023,3544.0,0.0061299477492524,8018.0,0.0127056937006458
1130,0,patch_16_16,4096,4352,4096,4352,65536,MSAVI,-0.01171875,34995,,,,
1131,0,patch_16_16,4096,4352,4096,4352,65536,NDVI,-0.99609375,30541,7016.0,0.0061185722215346,11020.0,0.0152953184222168
1132,0,patch_16_17,4096,4352,4352,4608,65536,MSAVI,-0.23828125,34781,,,,
1133,0,patch_16_17,4096,4352,4352,4608,65536,NDVI,-0.99609375,30755,9696.0,0.0071693201173186,14598.0,0.0150568853813433
1134,0,patch_16_18,4096,4352,4608,4864,65536,MSAVI,-0.14453125,35463,,,,
1135,0,patch_16_18,4096,4352,4608,4864,65536,NDVI,-0.99609375,30073,11558.0,0.0080814906982946,17300.0,0.0181238179813372
1136,0,patch_16_19,4096,4352,4864,5120,65536,MSAVI,-0.11328125,38126,,,,
1137,0,patch_16_19,4096,4352,4864,5120,65536,NDVI,-0.99609375,27410,8072.0,0.0126803343250742,11761.0,0.0208927852406152
1138,0,patch_16_20,4096,4352,5120,5376,65536,MSAVI,-0.10546875,37211,,,,
1139,0,patch_16_20,4096,4352,5120,5376,65536,NDVI,-0.99609375,28325,5501.0,0.0095000269329899,9006.0,0.0175267278184401
1140,0,patch_16_21,4096,4352,5376,5632,65536,MSAVI,-0.21484375,35497,,,,
1141,0,patch_16_21,4096,4352,5376,5632,65536,NDVI,-0.75390625,29851,12252.0,0.0069115365678282,17244.0,0.0191066828428098
1142,0,patch_16_22,4096,4352,5632,5888,65536,MSAVI,-0.14453125,37483,,,,
1143,0,patch_16_22,4096,4352,5632,5888,65536,NDVI,-0.99609375,28053,5507.0,0.0093926788004797,10442.0,0.0181634443880293
1144,0,patch_16_23,4096,4352,5888,6144,65536,MSAVI,-0.10546875,36250,,,,
1145,0,patch_16_23,4096,4352,5888,6144,65536,NDVI,-0.99609375,29286,5325.0,0.0063103650854474,8890.0,0.0133477451675122
1146,0,patch_16_24,4096,4352,6144,6400,65536,MSAVI,-0.14453125,35554,,,,
1147,0,patch_16_24,4096,4352,6144,6400,65536,NDVI,-0.99609375,29982,9489.0,0.007348613341357,14509.0,0.0183526099828437
1148,0,patch_16_25,4096,4352,6400,6656,65536,MSAVI,-0.14453125,39286,,,,
1149,0,patch_16_25,4096,4352,6400,6656,65536,NDVI,-0.99609375,26250,5884.0,0.0118924897948174,7619.0,0.0189369084364389
1150,0,patch_16_26,4096,4352,6656,6912,65536,MSAVI,-0.07421875,36810,,,,
1151,0,patch_16_26,4096,4352,6656,6912,65536,NDVI,-0.99609375,28726,5545.0,0.009529215149779,8071.0,0.0155622777354937
1152,0,patch_16_27,4096,4352,6912,7168,65536,MSAVI,-0.07421875,36739,,,,
1153,0,patch_16_27,4096,4352,6912,7168,65536,NDVI,-0.99609375,28797,7605.0,0.0091631268166166,11129.0,0.0171793127358975
1154,0,patch_16_28,4096,4352,7168,7424,65536,MSAVI,0.04296875,34899,,,,
1155,0,patch_16_28,4096,4352,7168,7424,65536,NDVI,-0.99609375,30637,7625.0,0.0075441525552629,13562.0,0.0155836004575375
1156,0,patch_16_29,4096,4352,7424,7680,65536,MSAVI,-0.09765625,37162,,,,
1157,0,patch_16_29,4096,4352,7424,7680,65536,NDVI,-0.99609375,28374,11504.0,0.0131246181409238,65536.0,0.0205119927797787
1158,0,patch_16_30,4096,4352,7680,7936,65536,MSAVI,-0.12890625,38014,,,,
1159,0,patch_16_30,4096,4352,7680,7936,65536,NDVI,-0.99609375,27522,5034.0,0.0098973851320579,7100.0,0.0147817996590622
1160,0,patch_16_31,4096,4352,7936,8192,65536,MSAVI,-0.04296875,35743,,,,
1161,0,patch_16_31,4096,4352,7936,8192,65536,NDVI,-0.67578125,29791,6795.0,0.0082495004041482,11477.0,0.0171237133369792
1162,0,patch_16_32,4096,4352,8192,8448,65536,MSAVI,-0.12890625,35681,,,,
1163,0,patch_16_32,4096,4352,8192,8448,65536,NDVI,-0.69140625,29855,6390.0,0.0066256580815236,11662.0,0.015805048088625
1164,0,patch_16_33,4096,4352,8448,8704,65536,MSAVI,-0.18359375,36533,,,,
1165,0,patch_16_33,4096,4352,8448,8704,65536,NDVI,-0.99609375,29003,5323.0,0.0089893483154575,9768.0,0.0165818309088998
1166,0,patch_16_34,4096,4352,8704,8960,65536,MSAVI,-0.15234375,37380,,,,
1167,0,patch_16_34,4096,4352,8704,8960,65536,NDVI,-0.99609375,28156,9184.0,0.010659445319252,12427.0,0.0196710020584403
1168,0,patch_16_35,4096,4352,8960,9216,65536,MSAVI,-0.03515625,36604,,,,
1169,0,patch_16_35,4096,4352,8960,9216,65536,NDVI,-0.99609375,28932,11728.0,0.0086585548165933,15905.0,0.0173488497854404
1170,0,patch_16_36,4096,4352,9216,9472,65536,MSAVI,-0.12890625,37437,,,,
1171,0,patch_16_36,4096,4352,9216,9472,65536,NDVI,-0.99609375,28099,4584.0,0.0080976527774276,7401.0,0.0152114419511417
1178,0,patch_17_4,4352,4608,1024,1280,65536,MSAVI,0.02734375,35151,,,,
1179,0,patch_17_4,4352,4608,1024,1280,65536,NDVI,-0.99609375,30385,7454.0,0.00745139758194,12708.0,0.0149748007981587
1180,0,patch_17_5,4352,4608,1280,1536,65536,MSAVI,-0.09765625,36186,,,,
1181,0,patch_17_5,4352,4608,1280,1536,65536,NDVI,-0.99609375,29350,2935.0,0.0062008929295883,8409.0,0.0147528471281074
1182,0,patch_17_6,4352,4608,1536,1792,65536,MSAVI,-0.08984375,35948,,,,
1183,0,patch_17_6,4352,4608,1536,1792,65536,NDVI,-0.99609375,29588,3325.0,0.0073795184828943,5797.0,0.0132311943279946
1184,0,patch_17_7,4352,4608,1792,2048,65536,MSAVI,-0.05859375,35843,,,,
1185,0,patch_17_7,4352,4608,1792,2048,65536,NDVI,-0.66796875,29693,5441.0,0.0082545989666636,9141.0,0.0152421209054746
1186,0,patch_17_8,4352,4608,2048,2304,65536,MSAVI,-0.13671875,40470,,,,
1187,0,patch_17_8,4352,4608,2048,2304,65536,NDVI,-0.67578125,24737,5481.0,0.0139065104549268,8251.0,0.0212006520760452
1188,0,patch_17_9,4352,4608,2304,2560,65536,MSAVI,-0.17578125,36339,,,,
1189,0,patch_17_9,4352,4608,2304,2560,65536,NDVI,-0.99609375,29197,4391.0,0.0078080743551262,9502.0,0.0178617152571928
1190,0,patch_17_10,4352,4608,2560,2816,65536,MSAVI,-0.13671875,35779,,,,
1191,0,patch_17_10,4352,4608,2560,2816,65536,NDVI,-0.99609375,29757,6184.0,0.0081564385760592,8691.0,0.0158606308564189
1192,0,patch_17_11,4352,4608,2816,3072,65536,MSAVI,-0.16015625,37150,,,,
1193,0,patch_17_11,4352,4608,2816,3072,65536,NDVI,-0.99609375,28386,4390.0,0.0082600208502752,7625.0,0.017609304373891
1194,0,patch_17_12,4352,4608,3072,3328,65536,MSAVI,0.14453125,36734,,,,
1195,0,patch_17_12,4352,4608,3072,3328,65536,NDVI,-0.99609375,28802,5020.0,0.0074314514543399,10064.0,0.016992593468792
1196,0,patch_17_13,4352,4608,3328,3584,65536,MSAVI,-0.17578125,37244,,,,
1197,0,patch_17_13,4352,4608,3328,3584,65536,NDVI,-0.99609375,28292,5773.0,0.0092697361437508,8630.0,0.0164668151500372
1198,0,patch_17_14,4352,4608,3584,3840,65536,MSAVI,-0.14453125,40726,,,,
1199,0,patch_17_14,4352,4608,3584,3840,65536,NDVI,-0.99609375,24810,5379.0,0.0152325206778154,7037.0,0.0231105824724133
1200,0,patch_17_15,4352,4608,3840,4096,65536,MSAVI,-0.06640625,37458,,,,
1201,0,patch_17_15,4352,4608,3840,4096,65536,NDVI,-0.99609375,28078,3866.0,0.0093249436718871,7777.0,0.0174378252813829
1202,0,patch_17_16,4352,4608,4096,4352,65536,MSAVI,-0.05078125,36085,,,,
1203,0,patch_17_16,4352,4608,4096,4352,65536,NDVI,-0.99609375,29451,7268.0,0.0075402923244083,12269.0,0.0156582408636295
1204,0,patch_17_17,4352,4608,4352,4608,65536,MSAVI,-0.13671875,36226,,,,
1205,0,patch_17_17,4352,4608,4352,4608,65536,NDVI,-0.99609375,29310,7268.0,0.0074453609514519,11566.0,0.0170202648572536
1206,0,patch_17_18,4352,4608,4608,4864,65536,MSAVI,-0.09765625,37845,,,,
1207,0,patch_17_18,4352,4608,4608,4864,65536,NDVI,-0.99609375,27691,6168.0,0.0089382686222718,10565.0,0.0182131417492659
1208,0,patch_17_19,4352,4608,4864,5120,65536,MSAVI,-0.16015625,37571,,,,
1209,0,patch_17_19,4352,4608,4864,5120,65536,NDVI,-0.99609375,27965,4786.0,0.0109447768091881,9459.0,0.0185161843890841
1210,0,patch_17_20,4352,4608,5120,5376,65536,MSAVI,-0.13671875,34849,,,,
1211,0,patch_17_20,4352,4608,5120,5376,65536,NDVI,-0.99609375,30687,4904.0,0.0074934465623084,11778.0,0.0159370673675249
1212,0,patch_17_21,4352,4608,5376,5632,65536,MSAVI,-0.11328125,35465,,,,
1213,0,patch_17_21,4352,4608,5376,5632,65536,NDVI,-0.99609375,30071,5961.0,0.0083437839702957,11446.0,0.0157461345129441
1214,0,patch_17_22,4352,4608,5632,5888,65536,MSAVI,-0.17578125,38149,,,,
1215,0,patch_17_22,4352,4608,5632,5888,65536,NDVI,-0.99609375,27387,7625.0,0.0113940223447364,10111.0,0.0180182742271461
1216,0,patch_17_23,4352,4608,5888,6144,65536,MSAVI,-0.24609375,39399,,,,
1217,0,patch_17_23,4352,4608,5888,6144,65536,NDVI,-0.73046875,26117,6733.0,0.0133908358258418,9094.0,0.0214630802824387
1218,0,patch_17_24,4352,4608,6144,6400,65536,MSAVI,-0.00390625,37285,,,,
1219,0,patch_17_24,4352,4608,6144,6400,65536,NDVI,-0.99609375,28251,9767.0,0.0125040669828634,14214.0,0.0205157395872908
1220,0,patch_17_25,4352,4608,6400,6656,65536,MSAVI,-0.28515625,35856,,,,
1221,0,patch_17_25,4352,4608,6400,6656,65536,NDVI,-0.99609375,29680,5738.0,0.0085768676279501,10774.0,0.0159502332412888
1222,0,patch_17_26,4352,4608,6656,6912,65536,MSAVI,-0.15234375,37209,,,,
1223,0,patch_17_26,4352,4608,6656,6912,65536,NDVI,-0.99609375,28327,3630.0,0.0097762414947375,6945.0,0.0155277520954233
1224,0,patch_17_27,4352,4608,6912,7168,65536,MSAVI,-0.23046875,36968,,,,
1225,0,patch_17_27,4352,4608,6912,7168,65536,NDVI,-0.99609375,28568,4778.0,0.0078316199169514,8245.0,0.0154290835771372
1226,0,patch_17_28,4352,4608,7168,7424,65536,MSAVI,-0.30859375,35453,,,,
1227,0,patch_17_28,4352,4608,7168,7424,65536,NDVI,-0.99609375,30083,4552.0,0.0069589472242636,9558.0,0.0131240557838859
1228,0,patch_17_29,4352,4608,7424,7680,65536,MSAVI,-0.25390625,37381,,,,
1229,0,patch_17_29,4352,4608,7424,7680,65536,NDVI,-0.99609375,28155,9049.0,0.0099279472460504,11105.0,0.0186164095113963
1230,0,patch_17_30,4352,4608,7680,7936,65536,MSAVI,-0.25390625,38477,,,,
1231,0,patch_17_30,4352,4608,7680,7936,65536,NDVI,-0.99609375,27059,4561.0,0.0100071625226157,6529.0,0.0159550158057074
1232,0,patch_17_31,4352,4608,7936,8192,65536,MSAVI,-0.12109375,35607,,,,
1233,0,patch_17_31,4352,4608,7936,8192,65536,NDVI,-0.99609375,29929,10075.0,0.0087120448644937,14906.0,0.017349693523905
1234,0,patch_17_32,4352,4608,8192,8448,65536,MSAVI,-0.23828125,35788,,,,
1235,0,patch_17_32,4352,4608,8192,8448,65536,NDVI,-0.99609375,29748,6313.0,0.0066157608605138,12349.0,0.0147455363773995
1236,0,patch_17_33,4352,4608,8448,8704,65536,MSAVI,-0.07421875,33491,,,,
1237,0,patch_17_33,4352,4608,8448,8704,65536,NDVI,-0.66015625,32043,8673.0,0.0035715938585928,15733.0,0.0123606932387655
1238,0,patch_17_34,4352,4608,8704,8960,65536,MSAVI,-0.12109375,35404,,,,
1239,0,patch_17_34,4352,4608,8704,8960,65536,NDVI,-0.99609375,30132,5126.0,0.0073842116690553,8747.0,0.0124150403552548
1240,0,patch_17_35,4352,4608,8960,9216,65536,MSAVI,-0.08984375,35807,,,,
1241,0,patch_17_35,4352,4608,8960,9216,65536,NDVI,-0.66796875,29728,5436.0,0.006098524596894,9709.0,0.0134046584153135
1248,0,patch_18_4,4608,4864,1024,1280,65536,MSAVI,0.05078125,29911,,,,
1249,0,patch_18_4,4608,4864,1024,1280,65536,NDVI,-0.73828125,35623,5895.0,0.0001158624421124,16892.0,0.0108617498950855
1250,0,patch_18_5,4608,4864,1280,1536,65536,MSAVI,0.43359375,34019,,,,
1251,0,patch_18_5,4608,4864,1280,1536,65536,NDVI,-0.99609375,31517,5731.0,0.004493582112168,13686.0,0.0156397522538791
1252,0,patch_18_6,4608,4864,1536,1792,65536,MSAVI,-0.08984375,37572,,,,
1253,0,patch_18_6,4608,4864,1536,1792,65536,NDVI,-0.99609375,27964,5530.0,0.0099299833933783,8959.0,0.0167143079224322
1254,0,patch_18_7,4608,4864,1792,2048,65536,MSAVI,-0.15234375,37163,,,,
1255,0,patch_18_7,4608,4864,1792,2048,65536,NDVI,-0.99609375,28373,1429.0,0.0062263795538204,3377.0,0.0124042258308054
1256,0,patch_18_8,4608,4864,2048,2304,65536,MSAVI,-0.11328125,37721,,,,
1257,0,patch_18_8,4608,4864,2048,2304,65536,NDVI,-0.99609375,27815,1642.0,0.0091658969341376,4105.0,0.0154213405382534
1258,0,patch_18_9,4608,4864,2304,2560,65536,MSAVI,-0.10546875,35902,,,,
1259,0,patch_18_9,4608,4864,2304,2560,65536,NDVI,-0.99609375,29634,3229.0,0.0065222067721249,7726.0,0.015194000149189
1260,0,patch_18_10,4608,4864,2560,2816,65536,MSAVI,-0.12890625,34758,,,,
1261,0,patch_18_10,4608,4864,2560,2816,65536,NDVI,-0.99609375,30778,5359.0,0.0064762451994799,9431.0,0.0124116067150904
1262,0,patch_18_11,4608,4864,2816,3072,65536,MSAVI,-0.12890625,35121,,,,
1263,0,patch_18_11,4608,4864,2816,3072,65536,NDVI,-0.99609375,30415,5135.0,0.0059067482545041,9066.0,0.0127687678796539
1264,0,patch_18_12,4608,4864,3072,3328,65536,MSAVI,-0.08984375,35355,,,,
1265,0,patch_18_12,4608,4864,3072,3328,65536,NDVI,-0.99609375,30181,11951.0,0.0086696174055928,17273.0,0.0206051656972225
1266,0,patch_18_13,4608,4864,3328,3584,65536,MSAVI,0.12109375,37225,,,,
1267,0,patch_18_13,4608,4864,3328,3584,65536,NDVI,-0.99609375,28311,12946.0,0.0125418665153801,15936.0,0.0234494139760315
1268,0,patch_18_14,4608,4864,3584,3840,65536,MSAVI,-0.15234375,36492,,,,
1269,0,patch_18_14,4608,4864,3584,3840,65536,NDVI,-0.99609375,29044,8371.0,0.0110251161984254,10273.0,0.0164906752503756
1270,0,patch_18_15,4608,4864,3840,4096,65536,MSAVI,-0.12109375,37923,,,,
1271,0,patch_18_15,4608,4864,3840,4096,65536,NDVI,-0.99609375,27613,2992.0,0.0114576775264996,5393.0,0.0169737883595365
1272,0,patch_18_16,4608,4864,4096,4352,65536,MSAVI,-0.10546875,38225,,,,
1273,0,patch_18_16,4608,4864,4096,4352,65536,NDVI,-0.99609375,27311,5828.0,0.0114531149974205,9962.0,0.0195706972950983
1274,0,patch_18_17,4608,4864,4352,4608,65536,MSAVI,0.01953125,38440,,,,
1275,0,patch_18_17,4608,4864,4352,4608,65536,NDVI,-0.99609375,27096,8795.0,0.013303866567082,11333.0,0.0212367634018483
1276,0,patch_18_18,4608,4864,4608,4864,65536,MSAVI,-0.01171875,37550,,,,
1277,0,patch_18_18,4608,4864,4608,4864,65536,NDVI,-0.99609375,27986,8673.0,0.0097444360389953,13545.0,0.0186845265250487
1278,0,patch_18_19,4608,4864,4864,5120,65536,MSAVI,-0.19921875,38076,,,,
1279,0,patch_18_19,4608,4864,4864,5120,65536,NDVI,-0.99609375,27460,7488.0,0.0119002762282649,10752.0,0.0200021468343333
1280,0,patch_18_20,4608,4864,5120,5376,65536,MSAVI,0.17578125,36230,,,,
1281,0,patch_18_20,4608,4864,5120,5376,65536,NDVI,-0.99609375,29306,5759.0,0.0070974366877099,10934.0,0.0159444678974833
1282,0,patch_18_21,4608,4864,5376,5632,65536,MSAVI,-0.04296875,35351,,,,
1283,0,patch_18_21,4608,4864,5376,5632,65536,NDVI,-0.99609375,30185,6026.0,0.0077733856948306,9158.0,0.0131974526660866
1284,0,patch_18_22,4608,4864,5632,5888,65536,MSAVI,0.01953125,36027,,,,
1285,0,patch_18_22,4608,4864,5632,5888,65536,NDVI,-0.99609375,29509,10762.0,0.0095684460425442,14672.0,0.018504994725439
1286,0,patch_18_23,4608,4864,5888,6144,65536,MSAVI,-0.23828125,42174,,,,
1287,0,patch_18_23,4608,4864,5888,6144,65536,NDVI,-0.68359375,23362,3898.0,0.0145607167814166,5440.0,0.0244329505153995
1288,0,patch_18_24,4608,4864,6144,6400,65536,MSAVI,-0.19921875,36969,,,,
1289,0,patch_18_24,4608,4864,6144,6400,65536,NDVI,-0.99609375,28567,6887.0,0.0096146803035884,9756.0,0.0179482833053491
1290,0,patch_18_25,4608,4864,6400,6656,65536,MSAVI,-0.14453125,36051,,,,
1291,0,patch_18_25,4608,4864,6400,6656,65536,NDVI,-0.70703125,29480,4299.0,0.0064350023225699,9533.0,0.0143509189259498
1292,0,patch_18_26,4608,4864,6656,6912,65536,MSAVI,-0.19140625,36454,,,,
1293,0,patch_18_26,4608,4864,6656,6912,65536,NDVI,-0.99609375,29082,9766.0,0.0095697100886593,13498.0,0.0161590161047694
1294,0,patch_18_27,4608,4864,6912,7168,65536,MSAVI,-0.23046875,34773,,,,
1295,0,patch_18_27,4608,4864,6912,7168,65536,NDVI,-0.99609375,30763,8183.0,0.0064284041702405,14699.0,0.0155773873892635
1296,0,patch_18_28,4608,4864,7168,7424,65536,MSAVI,-0.06640625,36551,,,,
1297,0,patch_18_28,4608,4864,7168,7424,65536,NDVI,-0.99609375,28985,15912.0,0.0155013821526611,16844.0,0.0230715624395879
1298,0,patch_18_29,4608,4864,7424,7680,65536,MSAVI,-0.06640625,35961,,,,
1299,0,patch_18_29,4608,4864,7424,7680,65536,NDVI,-0.99609375,29575,5540.0,0.0070714908386921,10336.0,0.0162213108262168
1300,0,patch_18_30,4608,4864,7680,7936,65536,MSAVI,-0.07421875,36034,,,,
1301,0,patch_18_30,4608,4864,7680,7936,65536,NDVI,-0.99609375,29502,7170.0,0.0072031920609196,10634.0,0.0151731769614171
1302,0,patch_18_31,4608,4864,7936,8192,65536,MSAVI,-0.19140625,36838,,,,
1303,0,patch_18_31,4608,4864,7936,8192,65536,NDVI,-0.99609375,28698,9674.0,0.0126854369281769,11235.0,0.0180235629649735
1304,0,patch_18_32,4608,4864,8192,8448,65536,MSAVI,-0.15234375,34775,,,,
1305,0,patch_18_32,4608,4864,8192,8448,65536,NDVI,-0.99609375,30761,8576.0,0.0069238332438687,13895.0,0.0145442987735441
1306,0,patch_18_33,4608,4864,8448,8704,65536,MSAVI,-0.10546875,34716,,,,
1307,0,patch_18_33,4608,4864,8448,8704,65536,NDVI,-0.99609375,30820,7172.0,0.0072999057008049,11319.0,0.0125047853550812
1308,0,patch_18_34,4608,4864,8704,8960,65536,MSAVI,-0.22265625,37129,,,,
1309,0,patch_18_34,4608,4864,8704,8960,65536,NDVI,-0.99609375,28407,8329.0,0.0103779047282559,11466.0,0.0179536165761086
1310,0,patch_18_35,4608,4864,8960,9216,65536,MSAVI,-0.20703125,36420,,,,
1311,0,patch_18_35,4608,4864,8960,9216,65536,NDVI,-0.99609375,29116,6368.0,0.0088058391217453,10067.0,0.0146162271890601
1318,0,patch_19_4,4864,5120,1024,1280,65536,MSAVI,-0.22265625,36556,,,,
1319,0,patch_19_4,4864,5120,1024,1280,65536,NDVI,-0.99609375,28980,4504.0,0.0082805960906428,7773.0,0.0155018789335767
1320,0,patch_19_5,4864,5120,1280,1536,65536,MSAVI,-0.02734375,35487,,,,
1321,0,patch_19_5,4864,5120,1280,1536,65536,NDVI,-0.99609375,30049,14745.0,0.0098778003205886,17527.0,0.0191169096354046
1322,0,patch_19_6,4864,5120,1536,1792,65536,MSAVI,-0.11328125,37888,,,,
1323,0,patch_19_6,4864,5120,1536,1792,65536,NDVI,-0.99609375,27648,3944.0,0.0098692595933586,7755.0,0.0179476306297635
1324,0,patch_19_7,4864,5120,1792,2048,65536,MSAVI,-0.05859375,37388,,,,
1325,0,patch_19_7,4864,5120,1792,2048,65536,NDVI,-0.99609375,28148,4842.0,0.0095809739964899,6851.0,0.0178616738088321
1326,0,patch_19_8,4864,5120,2048,2304,65536,MSAVI,-0.01171875,38547,,,,
1327,0,patch_19_8,4864,5120,2048,2304,65536,NDVI,-0.99609375,26989,4611.0,0.0111324463520957,7020.0,0.018519229793522
1328,0,patch_19_9,4864,5120,2304,2560,65536,MSAVI,-0.06640625,37175,,,,
1329,0,patch_19_9,4864,5120,2304,2560,65536,NDVI,-0.99609375,28361,3085.0,0.0103182100938055,7090.0,0.0181102849005863
1330,0,patch_19_10,4864,5120,2560,2816,65536,MSAVI,-0.12890625,35846,,,,
1331,0,patch_19_10,4864,5120,2560,2816,65536,NDVI,-0.99609375,29690,4784.0,0.0066900938401006,9742.0,0.0137281539216927
1332,0,patch_19_11,4864,5120,2816,3072,65536,MSAVI,-0.06640625,38053,,,,
1333,0,patch_19_11,4864,5120,2816,3072,65536,NDVI,-0.63671875,27482,2013.0,0.0084692448059875,3832.0,0.0143990380355983
1334,0,patch_19_12,4864,5120,3072,3328,65536,MSAVI,-0.16796875,36902,,,,
1335,0,patch_19_12,4864,5120,3072,3328,65536,NDVI,-0.71484375,28633,2869.0,0.0072644443589014,7020.0,0.0153881271301103
1336,0,patch_19_13,4864,5120,3328,3584,65536,MSAVI,-0.12109375,35279,,,,
1337,0,patch_19_13,4864,5120,3328,3584,65536,NDVI,-0.73046875,29983,8222.0,0.008537040543603,12298.0,0.0163835200405561
1338,0,patch_19_14,4864,5120,3584,3840,65536,MSAVI,-0.21484375,37892,,,,
1339,0,patch_19_14,4864,5120,3584,3840,65536,NDVI,-0.71484375,27363,3642.0,0.0092670760121801,7464.0,0.0164443711543375
1340,0,patch_19_15,4864,5120,3840,4096,65536,MSAVI,-0.15234375,35490,,,,
1341,0,patch_19_15,4864,5120,3840,4096,65536,NDVI,-0.99609375,30046,4442.0,0.0065400477825356,8373.0,0.0140903070467406
1342,0,patch_19_16,4864,5120,4096,4352,65536,MSAVI,-0.20703125,35459,,,,
1343,0,patch_19_16,4864,5120,4096,4352,65536,NDVI,-0.99609375,30077,4336.0,0.0077096510713629,6045.0,0.0125328810391243
1344,0,patch_19_17,4864,5120,4352,4608,65536,MSAVI,-0.20703125,37201,,,,
1345,0,patch_19_17,4864,5120,4352,4608,65536,NDVI,-0.99609375,28335,9494.0,0.0121586628806412,11808.0,0.0181990814366466
1346,0,patch_19_18,4864,5120,4608,4864,65536,MSAVI,-0.12109375,37273,,,,
1347,0,patch_19_18,4864,5120,4608,4864,65536,NDVI,-0.99609375,28263,6708.0,0.0112995696043847,9562.0,0.015627793869325
1348,0,patch_19_19,4864,5120,4864,5120,65536,MSAVI,-0.11328125,35521,,,,
1349,0,patch_19_19,4864,5120,4864,5120,65536,NDVI,-0.99609375,30015,6718.0,0.0086132915708083,10984.0,0.0159384288520392
1350,0,patch_19_20,4864,5120,5120,5376,65536,MSAVI,-0.17578125,33395,,,,
1351,0,patch_19_20,4864,5120,5120,5376,65536,NDVI,-0.99609375,32141,10469.0,0.0066355566810523,17800.0,0.0168761971383943
1352,0,patch_19_21,4864,5120,5376,5632,65536,MSAVI,-0.15234375,36653,,,,
1353,0,patch_19_21,4864,5120,5376,5632,65536,NDVI,-0.99609375,28883,5606.0,0.0086940196794905,9862.0,0.0159903153441597
1354,0,patch_19_22,4864,5120,5632,5888,65536,MSAVI,-0.12109375,36941,,,,
1355,0,patch_19_22,4864,5120,5632,5888,65536,NDVI,-0.62890625,28592,3899.0,0.0075703155636338,8090.0,0.0162391297738965
1356,0,patch_19_23,4864,5120,5888,6144,65536,MSAVI,-0.16796875,36696,,,,
1357,0,patch_19_23,4864,5120,5888,6144,65536,NDVI,-0.69921875,28709,9295.0,0.0104022476092492,14849.0,0.0200300714208347
1358,0,patch_19_24,4864,5120,6144,6400,65536,MSAVI,-0.18359375,35932,,,,
1359,0,patch_19_24,4864,5120,6144,6400,65536,NDVI,-0.74609375,29597,7512.0,0.0078891070173206,11438.0,0.0139423485947535
1360,0,patch_19_25,4864,5120,6400,6656,65536,MSAVI,-0.24609375,37068,,,,
1361,0,patch_19_25,4864,5120,6400,6656,65536,NDVI,-0.73828125,28468,4791.0,0.0108907208849005,7298.0,0.0170516517186995
1362,0,patch_19_26,4864,5120,6656,6912,65536,MSAVI,-0.20703125,40570,,,,
1363,0,patch_19_26,4864,5120,6656,6912,65536,NDVI,-0.71484375,24618,4308.0,0.0133073420865326,6021.0,0.0201356722251868
1364,0,patch_19_27,4864,5120,6912,7168,65536,MSAVI,-0.13671875,36020,,,,
1365,0,patch_19_27,4864,5120,6912,7168,65536,NDVI,-0.69921875,29515,13562.0,0.0107361391814164,18470.0,0.0211754087932871
1366,0,patch_19_28,4864,5120,7168,7424,65536,MSAVI,-0.08984375,37377,,,,
1367,0,patch_19_28,4864,5120,7168,7424,65536,NDVI,-0.99609375,28159,8446.0,0.0100934329288117,13175.0,0.0204338020846055
1368,0,patch_19_29,4864,5120,7424,7680,65536,MSAVI,-0.12890625,35189,,,,
1369,0,patch_19_29,4864,5120,7424,7680,65536,NDVI,-0.99609375,30347,5881.0,0.0069138992852425,11375.0,0.0136111213756919
1370,0,patch_19_30,4864,5120,7680,7936,65536,MSAVI,-0.14453125,36855,,,,
1371,0,patch_19_30,4864,5120,7680,7936,65536,NDVI,-0.99609375,28681,3380.0,0.0105358407804753,6977.0,0.0140673677914301
1372,0,patch_19_31,4864,5120,7936,8192,65536,MSAVI,-0.09765625,36610,,,,
1373,0,patch_19_31,4864,5120,7936,8192,65536,NDVI,-0.99609375,28926,5452.0,0.0082376886125244,8554.0,0.0145577422753294
1374,0,patch_19_32,4864,5120,8192,8448,65536,MSAVI,-0.00390625,36197,,,,
1375,0,patch_19_32,4864,5120,8192,8448,65536,NDVI,-0.99609375,29339,5004.0,0.0083983234922165,7872.0,0.0155732428009183
1376,0,patch_19_33,4864,5120,8448,8704,65536,MSAVI,0.09765625,34902,,,,
1377,0,patch_19_33,4864,5120,8448,8704,65536,NDVI,-0.99609375,30634,5658.0,0.0063740195803753,10595.0,0.0141882637336621
1378,0,patch_19_34,4864,5120,8704,8960,65536,MSAVI,-0.15234375,35448,,,,
1379,0,patch_19_34,4864,5120,8704,8960,65536,NDVI,-0.99609375,30088,7596.0,0.0087328717704039,11084.0,0.0141335713422937
1380,0,patch_19_35,4864,5120,8960,9216,65536,MSAVI,-0.08203125,35667,,,,
1381,0,patch_19_35,4864,5120,8960,9216,65536,NDVI,-0.99609375,29869,6882.0,0.0060803692724628,10229.0,0.0149398831030895
1388,0,patch_20_3,5120,5376,768,1024,65536,MSAVI,-0.10546875,35888,,,,
1389,0,patch_20_3,5120,5376,768,1024,65536,NDVI,-0.99609375,29648,11964.0,0.0084137104261526,14384.0,0.0166558462497624
1390,0,patch_20_4,5120,5376,1024,1280,65536,MSAVI,-0.09765625,37867,,,,
1391,0,patch_20_4,5120,5376,1024,1280,65536,NDVI,-0.62109375,27659,2573.0,0.0079040910817294,4547.0,0.014425320068705
1392,0,patch_20_5,5120,5376,1280,1536,65536,MSAVI,-0.03515625,37304,,,,
1393,0,patch_20_5,5120,5376,1280,1536,65536,NDVI,-0.99609375,28232,14930.0,0.0165375311868637,65536.0,0.0196818647395359
1394,0,patch_20_6,5120,5376,1536,1792,65536,MSAVI,-0.11328125,37554,,,,
1395,0,patch_20_6,5120,5376,1536,1792,65536,NDVI,-0.99609375,27982,6841.0,0.0106834783426041,11361.0,0.0190800907671645
1396,0,patch_20_7,5120,5376,1792,2048,65536,MSAVI,-0.14453125,36495,,,,
1397,0,patch_20_7,5120,5376,1792,2048,65536,NDVI,-0.99609375,29041,3521.0,0.0085992024604549,5219.0,0.0135099023373708
1398,0,patch_20_8,5120,5376,2048,2304,65536,MSAVI,-0.07421875,35778,,,,
1399,0,patch_20_8,5120,5376,2048,2304,65536,NDVI,-0.99609375,29758,12218.0,0.0087122145865729,17091.0,0.0196936648838479
1400,0,patch_20_9,5120,5376,2304,2560,65536,MSAVI,-0.08203125,37183,,,,
1401,0,patch_20_9,5120,5376,2304,2560,65536,NDVI,-0.99609375,28353,4687.0,0.0088497335164229,7966.0,0.0174405241791524
1402,0,patch_20_10,5120,5376,2560,2816,65536,MSAVI,-0.08203125,37056,,,,
1403,0,patch_20_10,5120,5376,2560,2816,65536,NDVI,-0.99609375,28480,4414.0,0.0086394533111599,6575.0,0.014746796780491
1404,0,patch_20_11,5120,5376,2816,3072,65536,MSAVI,-0.14453125,38973,,,,
1405,0,patch_20_11,5120,5376,2816,3072,65536,NDVI,-0.99609375,26563,2808.0,0.0119613685361114,4266.0,0.0183425032798935
1406,0,patch_20_12,5120,5376,3072,3328,65536,MSAVI,-0.12890625,36408,,,,
1407,0,patch_20_12,5120,5376,3072,3328,65536,NDVI,-0.99609375,29128,6278.0,0.0089491043619286,10225.0,0.0158565324209622
1408,0,patch_20_13,5120,5376,3328,3584,65536,MSAVI,-0.00390625,36050,,,,
1409,0,patch_20_13,5120,5376,3328,3584,65536,NDVI,-0.99609375,29486,6153.0,0.0080920577308999,11404.0,0.0159481283837982
1410,0,patch_20_14,5120,5376,3584,3840,65536,MSAVI,-0.02734375,38434,,,,
1411,0,patch_20_14,5120,5376,3584,3840,65536,NDVI,-0.66015625,27095,2620.0,0.0103960296100955,5247.0,0.0171299370354888
1412,0,patch_20_15,5120,5376,3840,4096,65536,MSAVI,-0.16015625,37309,,,,
1413,0,patch_20_15,5120,5376,3840,4096,65536,NDVI,-0.99609375,28227,2907.0,0.0095875747939356,6852.0,0.0177694074793258
1414,0,patch_20_16,5120,5376,4096,4352,65536,MSAVI,-0.32421875,41340,,,,
1415,0,patch_20_16,5120,5376,4096,4352,65536,NDVI,-0.99609375,24196,4662.0,0.0158279332646793,6419.0,0.0233991636889806
1416,0,patch_20_17,5120,5376,4352,4608,65536,MSAVI,-0.12890625,35995,,,,
1417,0,patch_20_17,5120,5376,4352,4608,65536,NDVI,-0.99609375,29541,8280.0,0.0080997959928301,13696.0,0.0176956688009168
1418,0,patch_20_18,5120,5376,4608,4864,65536,MSAVI,-0.11328125,33441,,,,
1419,0,patch_20_18,5120,5376,4608,4864,65536,NDVI,-0.99609375,32095,9971.0,0.0050215681055187,19798.0,0.0157779649759183
1420,0,patch_20_19,5120,5376,4864,5120,65536,MSAVI,-0.16015625,32219,,,,
1421,0,patch_20_19,5120,5376,4864,5120,65536,NDVI,-0.99609375,33317,12504.0,0.0042505107934218,20538.0,0.0177973622216496
1422,0,patch_20_20,5120,5376,5120,5376,65536,MSAVI,-0.05859375,37157,,,,
1423,0,patch_20_20,5120,5376,5120,5376,65536,NDVI,-0.99609375,28379,6794.0,0.0093718056701722,10001.0,0.0169222608205226
1424,0,patch_20_21,5120,5376,5376,5632,65536,MSAVI,-0.25390625,37908,,,,
1425,0,patch_20_21,5120,5376,5376,5632,65536,NDVI,-0.99609375,27628,4949.0,0.0090401614416634,7267.0,0.0168268977104863
1426,0,patch_20_22,5120,5376,5632,5888,65536,MSAVI,-0.17578125,36837,,,,
1427,0,patch_20_22,5120,5376,5632,5888,65536,NDVI,-0.99609375,28699,4576.0,0.0079104843526315,8178.0,0.0165801019768022
1428,0,patch_20_23,5120,5376,5888,6144,65536,MSAVI,-0.09765625,34788,,,,
1429,0,patch_20_23,5120,5376,5888,6144,65536,NDVI,-0.64453125,30748,6768.0,0.0052799269815547,12542.0,0.015400375138637
1430,0,patch_20_24,5120,5376,6144,6400,65536,MSAVI,-0.12109375,36923,,,,
1431,0,patch_20_24,5120,5376,6144,6400,65536,NDVI,-0.99609375,28613,7922.0,0.0090947687601194,11812.0,0.0157419468582466
1432,0,patch_20_25,5120,5376,6400,6656,65536,MSAVI,-0.18359375,36194,,,,
1433,0,patch_20_25,5120,5376,6400,6656,65536,NDVI,-0.65234375,29342,7893.0,0.0101649527810539,11664.0,0.0177219731399158
1434,0,patch_20_26,5120,5376,6656,6912,65536,MSAVI,-0.17578125,40162,,,,
1435,0,patch_20_26,5120,5376,6656,6912,65536,NDVI,-0.99609375,25374,3106.0,0.0136968959366418,4449.0,0.0179235280023359
1436,0,patch_20_27,5120,5376,6912,7168,65536,MSAVI,-0.10546875,38023,,,,
1437,0,patch_20_27,5120,5376,6912,7168,65536,NDVI,-0.73046875,27509,7209.0,0.0110716335502425,9355.0,0.0173217428432453
1438,0,patch_20_28,5120,5376,7168,7424,65536,MSAVI,-0.16796875,41170,,,,
1439,0,patch_20_28,5120,5376,7168,7424,65536,NDVI,-0.71484375,23877,4863.0,0.0143660744038351,7406.0,0.0220839492594923
1440,0,patch_20_29,5120,5376,7424,7680,65536,MSAVI,-0.10546875,41386,,,,
1441,0,patch_20_29,5120,5376,7424,7680,65536,NDVI,-0.69140625,24080,4371.0,0.0142137116128339,6128.0,0.0215313364538691
1442,0,patch_20_30,5120,5376,7680,7936,65536,MSAVI,-0.16796875,37449,,,,
1443,0,patch_20_30,5120,5376,7680,7936,65536,NDVI,-0.99609375,28087,3624.0,0.0082979325637441,7051.0,0.0173315982597343
1444,0,patch_20_31,5120,5376,7936,8192,65536,MSAVI,-0.19140625,36564,,,,
1445,0,patch_20_31,5120,5376,7936,8192,65536,NDVI,-0.65234375,28961,7703.0,0.0086511806673506,11246.0,0.0163989012220762
1446,0,patch_20_32,5120,5376,8192,8448,65536,MSAVI,-0.15234375,36705,,,,
1447,0,patch_20_32,5120,5376,8192,8448,65536,NDVI,-0.99609375,28831,7630.0,0.0092891933473424,11141.0,0.0149605397268656
1448,0,patch_20_33,5120,5376,8448,8704,65536,MSAVI,-0.26953125,38607,,,,
1449,0,patch_20_33,5120,5376,8448,8704,65536,NDVI,-0.99609375,26929,2747.0,0.0127298000390791,4925.0,0.01520380201271
1450,0,patch_20_34,5120,5376,8704,8960,65536,MSAVI,-0.20703125,38291,,,,
1451,0,patch_20_34,5120,5376,8704,8960,65536,NDVI,-0.99609375,27245,2119.0,0.0112106516951552,3633.0,0.0157587545854766
1458,0,patch_21_3,5376,5632,768,1024,65536,MSAVI,-0.02734375,36173,,,,
1459,0,patch_21_3,5376,5632,768,1024,65536,NDVI,-0.99609375,29363,7154.0,0.0081930547132373,11409.0,0.0157824766215019
1460,0,patch_21_4,5376,5632,1024,1280,65536,MSAVI,-0.15234375,36351,,,,
1461,0,patch_21_4,5376,5632,1024,1280,65536,NDVI,-0.99609375,29185,6653.0,0.0082548879558526,10650.0,0.0148445148536875
1462,0,patch_21_5,5376,5632,1280,1536,65536,MSAVI,-0.10546875,35536,,,,
1463,0,patch_21_5,5376,5632,1280,1536,65536,NDVI,-0.69140625,30000,5788.0,0.0070682586548648,10067.0,0.0124747040608197
1464,0,patch_21_6,5376,5632,1536,1792,65536,MSAVI,-0.22265625,34363,,,,
1465,0,patch_21_6,5376,5632,1536,1792,65536,NDVI,-0.99609375,31173,7169.0,0.0051127666445706,12673.0,0.0115391349504447
1466,0,patch_21_7,5376,5632,1792,2048,65536,MSAVI,-0.12109375,36441,,,,
1467,0,patch_21_7,5376,5632,1792,2048,65536,NDVI,-0.99609375,29095,3914.0,0.0094075432305464,6622.0,0.0132544069172682
1468,0,patch_21_8,5376,5632,2048,2304,65536,MSAVI,-0.12109375,35159,,,,
1469,0,patch_21_8,5376,5632,2048,2304,65536,NDVI,-0.99609375,30377,13548.0,0.0090931233537366,18383.0,0.017364071382027
1470,0,patch_21_9,5376,5632,2304,2560,65536,MSAVI,-0.15234375,37235,,,,
1471,0,patch_21_9,5376,5632,2304,2560,65536,NDVI,-0.99609375,28301,4677.0,0.0088677804314577,8250.0,0.016836298909816
1472,0,patch_21_10,5376,5632,2560,2816,65536,MSAVI,-0.15234375,39628,,,,
1473,0,patch_21_10,5376,5632,2560,2816,65536,NDVI,-0.66015625,25907,3551.0,0.0115919718717228,5457.0,0.0186266719967853
1474,0,patch_21_11,5376,5632,2816,3072,65536,MSAVI,-0.23046875,38884,,,,
1475,0,patch_21_11,5376,5632,2816,3072,65536,NDVI,-0.99609375,26652,5317.0,0.0113893152862542,7146.0,0.0177992861059161
1476,0,patch_21_12,5376,5632,3072,3328,65536,MSAVI,-0.22265625,37745,,,,
1477,0,patch_21_12,5376,5632,3072,3328,65536,NDVI,-0.99609375,27791,4601.0,0.0107954866828928,8390.0,0.0196726198091888
1478,0,patch_21_13,5376,5632,3328,3584,65536,MSAVI,-0.01953125,36680,,,,
1479,0,patch_21_13,5376,5632,3328,3584,65536,NDVI,-0.99609375,28856,2022.0,0.0082416274566085,5408.0,0.015413529060524
1480,0,patch_21_14,5376,5632,3584,3840,65536,MSAVI,-0.05078125,36505,,,,
1481,0,patch_21_14,5376,5632,3584,3840,65536,NDVI,-0.99609375,29031,5961.0,0.0087819676323759,8433.0,0.0149142839097397
1482,0,patch_21_15,5376,5632,3840,4096,65536,MSAVI,-0.09765625,36786,,,,
1483,0,patch_21_15,5376,5632,3840,4096,65536,NDVI,-0.99609375,28750,9861.0,0.0082099193442569,14025.0,0.018472762456094
1484,0,patch_21_16,5376,5632,4096,4352,65536,MSAVI,-0.37890625,38853,,,,
1485,0,patch_21_16,5376,5632,4096,4352,65536,NDVI,-0.99609375,26683,8847.0,0.0131422691904955,10122.0,0.0199506898582031
1486,0,patch_21_17,5376,5632,4352,4608,65536,MSAVI,-0.34765625,37612,,,,
1487,0,patch_21_17,5376,5632,4352,4608,65536,NDVI,-0.99609375,27924,5977.0,0.0088834893006974,9746.0,0.0184937001812538
1488,0,patch_21_18,5376,5632,4608,4864,65536,MSAVI,-0.21484375,35744,,,,
1489,0,patch_21_18,5376,5632,4608,4864,65536,NDVI,-0.69921875,29792,13164.0,0.0080624631294208,17465.0,0.0197859004208228
1490,0,patch_21_19,5376,5632,4864,5120,65536,MSAVI,-0.05859375,35282,,,,
1491,0,patch_21_19,5376,5632,4864,5120,65536,NDVI,-0.99609375,30254,7856.0,0.0060872152065279,12880.0,0.0157110527563657
1492,0,patch_21_20,5376,5632,5120,5376,65536,MSAVI,-0.16796875,43890,,,,
1493,0,patch_21_20,5376,5632,5120,5376,65536,NDVI,-0.99609375,21646,6723.0,0.020198348698532,6961.0,0.0247798231611976
1494,0,patch_21_21,5376,5632,5376,5632,65536,MSAVI,-0.24609375,35499,,,,
1495,0,patch_21_21,5376,5632,5376,5632,65536,NDVI,-0.99609375,30037,6952.0,0.0067541377309108,11387.0,0.0158915083163697
1496,0,patch_21_22,5376,5632,5632,5888,65536,MSAVI,-0.12109375,37247,,,,
1497,0,patch_21_22,5376,5632,5632,5888,65536,NDVI,-0.99609375,28289,4049.0,0.0106054404021593,7733.0,0.0165284534515502
1498,0,patch_21_23,5376,5632,5888,6144,65536,MSAVI,-0.22265625,36047,,,,
1499,0,patch_21_23,5376,5632,5888,6144,65536,NDVI,-0.73046875,29489,10980.0,0.0099798975591555,16158.0,0.0205763994240142
1500,0,patch_21_24,5376,5632,6144,6400,65536,MSAVI,-0.09765625,37457,,,,
1501,0,patch_21_24,5376,5632,6144,6400,65536,NDVI,-0.99609375,28079,8603.0,0.0126770279685577,12436.0,0.0189212262356985
1502,0,patch_21_25,5376,5632,6400,6656,65536,MSAVI,-0.19140625,37222,,,,
1503,0,patch_21_25,5376,5632,6400,6656,65536,NDVI,-0.99609375,28314,4782.0,0.0090711524463168,7802.0,0.0152767492419748
1504,0,patch_21_26,5376,5632,6656,6912,65536,MSAVI,-0.08203125,37185,,,,
1505,0,patch_21_26,5376,5632,6656,6912,65536,NDVI,-0.99609375,28351,5326.0,0.008212903544187,10104.0,0.0157457098340322
1506,0,patch_21_27,5376,5632,6912,7168,65536,MSAVI,-0.22265625,37095,,,,
1507,0,patch_21_27,5376,5632,6912,7168,65536,NDVI,-0.99609375,28441,6420.0,0.0098231001895084,9385.0,0.0166227393695821
1508,0,patch_21_28,5376,5632,7168,7424,65536,MSAVI,-0.15234375,37786,,,,
1509,0,patch_21_28,5376,5632,7168,7424,65536,NDVI,-0.99609375,27750,5571.0,0.0121526093071969,6842.0,0.0162760134170065
1510,0,patch_21_29,5376,5632,7424,7680,65536,MSAVI,-0.10546875,35965,,,,
1511,0,patch_21_29,5376,5632,7424,7680,65536,NDVI,-0.68359375,29567,5596.0,0.0075868407367488,10222.0,0.0156084370364105
1512,0,patch_21_30,5376,5632,7680,7936,65536,MSAVI,-0.13671875,37575,,,,
1513,0,patch_21_30,5376,5632,7680,7936,65536,NDVI,-0.99609375,27961,8268.0,0.0111174881238209,13173.0,0.0205010571185644
1514,0,patch_21_31,5376,5632,7936,8192,65536,MSAVI,-0.16015625,37011,,,,
1515,0,patch_21_31,5376,5632,7936,8192,65536,NDVI,-0.99609375,28525,4824.0,0.0084537105528627,8268.0,0.0164739384740751
1516,0,patch_21_32,5376,5632,8192,8448,65536,MSAVI,-0.16015625,40405,,,,
1517,0,patch_21_32,5376,5632,8192,8448,65536,NDVI,-0.99609375,25131,6687.0,0.0149155958265231,9026.0,0.0201231777717819
1518,0,patch_21_33,5376,5632,8448,8704,65536,MSAVI,-0.09765625,37351,,,,
1519,0,patch_21_33,5376,5632,8448,8704,65536,NDVI,-0.99609375,28185,6188.0,0.0094355505788215,9800.0,0.0146062655837075
1520,0,patch_21_34,5376,5632,8704,8960,65536,MSAVI,-0.30859375,37382,,,,
1521,0,patch_21_34,5376,5632,8704,8960,65536,NDVI,-0.99609375,28154,5131.0,0.0089240204700775,8737.0,0.0159306430796443
1528,0,patch_22_3,5632,5888,768,1024,65536,MSAVI,-0.15234375,37063,,,,
1529,0,patch_22_3,5632,5888,768,1024,65536,NDVI,-0.99609375,28473,12224.0,0.0104843098224966,15122.0,0.0189177221850913
1530,0,patch_22_4,5632,5888,1024,1280,65536,MSAVI,-0.19140625,40092,,,,
1531,0,patch_22_4,5632,5888,1024,1280,65536,NDVI,-0.99609375,25444,8287.0,0.0142132115193073,8823.0,0.0227368180319822
1532,0,patch_22_5,5632,5888,1280,1536,65536,MSAVI,-0.14453125,36413,,,,
1533,0,patch_22_5,5632,5888,1280,1536,65536,NDVI,-0.64453125,29118,3233.0,0.007886460659587,7267.0,0.0154634334927108
1534,0,patch_22_6,5632,5888,1536,1792,65536,MSAVI,-0.07421875,37150,,,,
1535,0,patch_22_6,5632,5888,1536,1792,65536,NDVI,-0.99609375,28386,7532.0,0.0089096335677547,9721.0,0.0173481661315168
1536,0,patch_22_7,5632,5888,1792,2048,65536,MSAVI,-0.19921875,36556,,,,
1537,0,patch_22_7,5632,5888,1792,2048,65536,NDVI,-0.71484375,28974,7816.0,0.0076951204856331,14285.0,0.0182185179691726
1538,0,patch_22_8,5632,5888,2048,2304,65536,MSAVI,-0.28515625,34368,,,,
1539,0,patch_22_8,5632,5888,2048,2304,65536,NDVI,-0.99609375,31168,8526.0,0.0049775234059028,15357.0,0.0145780621717663
1540,0,patch_22_9,5632,5888,2304,2560,65536,MSAVI,-0.07421875,36603,,,,
1541,0,patch_22_9,5632,5888,2304,2560,65536,NDVI,-0.99609375,28933,8868.0,0.011531438025073,10702.0,0.0163647462569928
1542,0,patch_22_10,5632,5888,2560,2816,65536,MSAVI,-0.18359375,37701,,,,
1543,0,patch_22_10,5632,5888,2560,2816,65536,NDVI,-0.99609375,27835,2957.0,0.0113799299072128,5701.0,0.0172006316237502
1544,0,patch_22_11,5632,5888,2816,3072,65536,MSAVI,-0.11328125,36490,,,,
1545,0,patch_22_11,5632,5888,2816,3072,65536,NDVI,-0.69921875,29046,5912.0,0.0076088278828193,9854.0,0.017050528636265
1546,0,patch_22_12,5632,5888,3072,3328,65536,MSAVI,-0.28515625,36445,,,,
1547,0,patch_22_12,5632,5888,3072,3328,65536,NDVI,-0.99609375,29091,7092.0,0.0080072022163968,12281.0,0.0206082693689062
1548,0,patch_22_13,5632,5888,3328,3584,65536,MSAVI,-0.15234375,37643,,,,
1549,0,patch_22_13,5632,5888,3328,3584,65536,NDVI,-0.62890625,27892,3609.0,0.0077567367828487,6965.0,0.0156150875374274
1550,0,patch_22_14,5632,5888,3584,3840,65536,MSAVI,-0.10546875,36054,,,,
1551,0,patch_22_14,5632,5888,3584,3840,65536,NDVI,-0.99609375,29482,4501.0,0.0075318321139161,8509.0,0.0154494924674085
1552,0,patch_22_15,5632,5888,3840,4096,65536,MSAVI,-0.32421875,35853,,,,
1553,0,patch_22_15,5632,5888,3840,4096,65536,NDVI,-0.99609375,29683,5103.0,0.008140247351319,9488.0,0.0170412143853996
1554,0,patch_22_16,5632,5888,4096,4352,65536,MSAVI,0.01171875,34168,,,,
1555,0,patch_22_16,5632,5888,4096,4352,65536,NDVI,-0.99609375,31368,8205.0,0.0044113665771711,14992.0,0.0149470726555373
1556,0,patch_22_17,5632,5888,4352,4608,65536,MSAVI,-0.19140625,36486,,,,
1557,0,patch_22_17,5632,5888,4352,4608,65536,NDVI,-0.69921875,28812,10281.0,0.008072157051842,15462.0,0.0172922284526996
1558,0,patch_22_18,5632,5888,4608,4864,65536,MSAVI,-0.09765625,35794,,,,
1559,0,patch_22_18,5632,5888,4608,4864,65536,NDVI,-0.67578125,29740,5367.0,0.0065814617533676,9317.0,0.0151983154470643
1560,0,patch_22_19,5632,5888,4864,5120,65536,MSAVI,-0.04296875,37377,,,,
1561,0,patch_22_19,5632,5888,4864,5120,65536,NDVI,-0.99609375,28159,4205.0,0.0102317538468722,7826.0,0.0186885109328817
1562,0,patch_22_20,5632,5888,5120,5376,65536,MSAVI,-0.30078125,36564,,,,
1563,0,patch_22_20,5632,5888,5120,5376,65536,NDVI,-0.99609375,28972,7889.0,0.0092370442670422,12635.0,0.0181942282455492
1564,0,patch_22_21,5632,5888,5376,5632,65536,MSAVI,-0.28515625,37841,,,,
1565,0,patch_22_21,5632,5888,5376,5632,65536,NDVI,-0.76953125,27496,7345.0,0.0129551105640355,9923.0,0.0180859364982886
1566,0,patch_22_22,5632,5888,5632,5888,65536,MSAVI,0.07421875,36493,,,,
1567,0,patch_22_22,5632,5888,5632,5888,65536,NDVI,-0.73046875,29030,8231.0,0.0096788659588569,11896.0,0.019291855754835
1568,0,patch_22_23,5632,5888,5888,6144,65536,MSAVI,-0.15234375,35271,,,,
1569,0,patch_22_23,5632,5888,5888,6144,65536,NDVI,-0.99609375,30265,5561.0,0.0053994004699901,10883.0,0.0156934285180027
1570,0,patch_22_24,5632,5888,6144,6400,65536,MSAVI,-0.16796875,37950,,,,
1571,0,patch_22_24,5632,5888,6144,6400,65536,NDVI,-0.99609375,27586,8937.0,0.0125034753040411,12889.0,0.0194739424130186
1572,0,patch_22_25,5632,5888,6400,6656,65536,MSAVI,-0.26171875,35436,,,,
1573,0,patch_22_25,5632,5888,6400,6656,65536,NDVI,-0.99609375,30100,9338.0,0.0083075707577322,13135.0,0.0161017855581067
1574,0,patch_22_26,5632,5888,6656,6912,65536,MSAVI,-0.17578125,36980,,,,
1575,0,patch_22_26,5632,5888,6656,6912,65536,NDVI,-0.99609375,28556,5796.0,0.0080858308324321,11390.0,0.0187647251131303
1576,0,patch_22_27,5632,5888,6912,7168,65536,MSAVI,-0.13671875,38530,,,,
1577,0,patch_22_27,5632,5888,6912,7168,65536,NDVI,-0.99609375,27006,12207.0,0.0169978085060587,14719.0,0.0245356204169096
1578,0,patch_22_28,5632,5888,7168,7424,65536,MSAVI,-0.24609375,36618,,,,
1579,0,patch_22_28,5632,5888,7168,7424,65536,NDVI,-0.99609375,28918,6960.0,0.0094028343818512,10305.0,0.0182277339454708
1580,0,patch_22_29,5632,5888,7424,7680,65536,MSAVI,-0.30859375,39071,,,,
1581,0,patch_22_29,5632,5888,7424,7680,65536,NDVI,-0.99609375,26465,6601.0,0.0130588932184639,8775.0,0.0188325916756202
1582,0,patch_22_30,5632,5888,7680,7936,65536,MSAVI,-0.19140625,35359,,,,
1583,0,patch_22_30,5632,5888,7680,7936,65536,NDVI,-0.99609375,30177,7041.0,0.0071783759098278,12680.0,0.0161575501323476
1584,0,patch_22_31,5632,5888,7936,8192,65536,MSAVI,-0.15234375,36742,,,,
1585,0,patch_22_31,5632,5888,7936,8192,65536,NDVI,-0.99609375,28794,5806.0,0.0103846876410881,7669.0,0.0155791243212106
1586,0,patch_22_32,5632,5888,8192,8448,65536,MSAVI,-0.11328125,39072,,,,
1587,0,patch_22_32,5632,5888,8192,8448,65536,NDVI,-0.69140625,26123,11571.0,0.0130993873295943,13866.0,0.0202924409094744
1588,0,patch_22_33,5632,5888,8448,8704,65536,MSAVI,-0.15234375,36036,,,,
1589,0,patch_22_33,5632,5888,8448,8704,65536,NDVI,-0.67578125,29499,6299.0,0.0081357347656967,9407.0,0.0137061386608598
1590,0,patch_22_34,5632,5888,8704,8960,65536,MSAVI,-0.19921875,38188,,,,
1591,0,patch_22_34,5632,5888,8704,8960,65536,NDVI,-0.99609375,27348,2988.0,0.0086623606500355,6012.0,0.0137076269743149
1598,0,patch_23_2,5888,6144,512,768,65536,MSAVI,-0.16796875,38332,,,,
1599,0,patch_23_2,5888,6144,512,768,65536,NDVI,-0.99609375,27204,5640.0,0.0102338628030258,7480.0,0.0175619656395757
1600,0,patch_23_3,5888,6144,768,1024,65536,MSAVI,-0.14453125,38737,,,,
1601,0,patch_23_3,5888,6144,768,1024,65536,NDVI,-0.99609375,26799,3802.0,0.0089900343912813,6619.0,0.0175978994282577
1602,0,patch_23_4,5888,6144,1024,1280,65536,MSAVI,-0.22265625,37421,,,,
1603,0,patch_23_4,5888,6144,1024,1280,65536,NDVI,-0.99609375,28115,5432.0,0.0114992803734825,8431.0,0.0169543129060347
1604,0,patch_23_5,5888,6144,1280,1536,65536,MSAVI,-0.16796875,37962,,,,
1605,0,patch_23_5,5888,6144,1280,1536,65536,NDVI,-0.99609375,27574,3516.0,0.0105404962262687,5587.0,0.0163946612302037
1606,0,patch_23_6,5888,6144,1536,1792,65536,MSAVI,-0.12109375,36337,,,,
1607,0,patch_23_6,5888,6144,1536,1792,65536,NDVI,-0.99609375,29199,7523.0,0.0064656625975459,11365.0,0.0155120572886428
1608,0,patch_23_7,5888,6144,1792,2048,65536,MSAVI,0.12890625,36154,,,,
1609,0,patch_23_7,5888,6144,1792,2048,65536,NDVI,-0.66015625,29380,6876.0,0.0074269380846358,10615.0,0.0176338623786874
1610,0,patch_23_8,5888,6144,2048,2304,65536,MSAVI,-0.16015625,39183,,,,
1611,0,patch_23_8,5888,6144,2048,2304,65536,NDVI,-0.69140625,26338,5461.0,0.0132988057759272,7046.0,0.0207632019159642
1612,0,patch_23_9,5888,6144,2304,2560,65536,MSAVI,-0.16015625,37915,,,,
1613,0,patch_23_9,5888,6144,2304,2560,65536,NDVI,-0.68359375,27613,3274.0,0.0088962939346728,5993.0,0.0175315498797584
1614,0,patch_23_10,5888,6144,2560,2816,65536,MSAVI,-0.12109375,38559,,,,
1615,0,patch_23_10,5888,6144,2560,2816,65536,NDVI,-0.99609375,26977,3706.0,0.012178659791082,6478.0,0.0195507909804065
1616,0,patch_23_11,5888,6144,2816,3072,65536,MSAVI,-0.07421875,35202,,,,
1617,0,patch_23_11,5888,6144,2816,3072,65536,NDVI,-0.99609375,30334,5654.0,0.0066601402593471,11411.0,0.0172870910207044
1618,0,patch_23_12,5888,6144,3072,3328,65536,MSAVI,-0.23828125,36354,,,,
1619,0,patch_23_12,5888,6144,3072,3328,65536,NDVI,-0.73046875,29179,11138.0,0.0090967621856765,17184.0,0.0182667120784571
1620,0,patch_23_13,5888,6144,3328,3584,65536,MSAVI,-0.21484375,38125,,,,
1621,0,patch_23_13,5888,6144,3328,3584,65536,NDVI,-0.71484375,27409,4881.0,0.0102056512187819,6708.0,0.0182705303862952
1622,0,patch_23_14,5888,6144,3584,3840,65536,MSAVI,-0.19921875,38049,,,,
1623,0,patch_23_14,5888,6144,3584,3840,65536,NDVI,-0.99609375,27487,5439.0,0.0112609826333943,7467.0,0.0191763191658219
1624,0,patch_23_15,5888,6144,3840,4096,65536,MSAVI,-0.16796875,38909,,,,
1625,0,patch_23_15,5888,6144,3840,4096,65536,NDVI,-0.99609375,26627,11729.0,0.0165024454384329,14072.0,0.0238964113671894
1626,0,patch_23_16,5888,6144,4096,4352,65536,MSAVI,-0.12109375,34269,,,,
1627,0,patch_23_16,5888,6144,4096,4352,65536,NDVI,-0.99609375,31267,7485.0,0.0045763289972799,16847.0,0.0165415999711822
1628,0,patch_23_17,5888,6144,4352,4608,65536,MSAVI,-0.05859375,37266,,,,
1629,0,patch_23_17,5888,6144,4352,4608,65536,NDVI,-0.99609375,28270,3553.0,0.0089684216295881,4701.0,0.0154731988104891
1630,0,patch_23_18,5888,6144,4608,4864,65536,MSAVI,-0.27734375,35550,,,,
1631,0,patch_23_18,5888,6144,4608,4864,65536,NDVI,-0.99609375,29986,4373.0,0.0070119588615401,7294.0,0.0122557949420715
1632,0,patch_23_19,5888,6144,4864,5120,65536,MSAVI,-0.39453125,39955,,,,
1633,0,patch_23_19,5888,6144,4864,5120,65536,NDVI,-0.99609375,25581,4516.0,0.0129629478927691,6511.0,0.0195631441998371
1634,0,patch_23_20,5888,6144,5120,5376,65536,MSAVI,-0.19921875,38798,,,,
1635,0,patch_23_20,5888,6144,5120,5376,65536,NDVI,-0.99609375,26738,3129.0,0.0105347668965607,6918.0,0.0193526036776219
1636,0,patch_23_21,5888,6144,5376,5632,65536,MSAVI,-0.23828125,39305,,,,
1637,0,patch_23_21,5888,6144,5376,5632,65536,NDVI,-0.70703125,26228,6071.0,0.0131645776800351,7723.0,0.0213570814406426
1638,0,patch_23_22,5888,6144,5632,5888,65536,MSAVI,-0.30859375,37699,,,,
1639,0,patch_23_22,5888,6144,5632,5888,65536,NDVI,-0.74609375,27835,12777.0,0.0149949999893831,14509.0,0.0214806026912487
1640,0,patch_23_23,5888,6144,5888,6144,65536,MSAVI,-0.14453125,36730,,,,
1641,0,patch_23_23,5888,6144,5888,6144,65536,NDVI,-0.99609375,28806,8765.0,0.0111992446701109,10382.0,0.0158919281312032
1642,0,patch_23_24,5888,6144,6144,6400,65536,MSAVI,-0.08984375,35375,,,,
1643,0,patch_23_24,5888,6144,6144,6400,65536,NDVI,-0.99609375,30161,6849.0,0.0071319422630658,12569.0,0.0157097185394486
1644,0,patch_23_25,5888,6144,6400,6656,65536,MSAVI,-0.29296875,36464,,,,
1645,0,patch_23_25,5888,6144,6400,6656,65536,NDVI,-0.99609375,29072,8345.0,0.0108282934573869,14848.0,0.0213696258449761
1646,0,patch_23_26,5888,6144,6656,6912,65536,MSAVI,-0.33203125,36689,,,,
1647,0,patch_23_26,5888,6144,6656,6912,65536,NDVI,-0.99609375,28847,6077.0,0.0096567180478807,10704.0,0.0189402275933528
1648,0,patch_23_27,5888,6144,6912,7168,65536,MSAVI,-0.20703125,35299,,,,
1649,0,patch_23_27,5888,6144,6912,7168,65536,NDVI,-0.99609375,30237,8832.0,0.0072212184852038,14938.0,0.0173341102646013
1650,0,patch_23_28,5888,6144,7168,7424,65536,MSAVI,-0.12890625,37816,,,,
1651,0,patch_23_28,5888,6144,7168,7424,65536,NDVI,-0.99609375,27720,7322.0,0.0126751570852938,9708.0,0.0174585875223911
1652,0,patch_23_29,5888,6144,7424,7680,65536,MSAVI,-0.28515625,37569,,,,
1653,0,patch_23_29,5888,6144,7424,7680,65536,NDVI,-0.99609375,27967,7346.0,0.0119199810698709,10731.0,0.0187121053147752
1654,0,patch_23_30,5888,6144,7680,7936,65536,MSAVI,-0.17578125,36630,,,,
1655,0,patch_23_30,5888,6144,7680,7936,65536,NDVI,-0.99609375,28906,5969.0,0.00844959428835,9014.0,0.0152332917346851
1656,0,patch_23_31,5888,6144,7936,8192,65536,MSAVI,-0.05078125,37858,,,,
1657,0,patch_23_31,5888,6144,7936,8192,65536,NDVI,-0.99609375,27678,6654.0,0.0111737209597541,8750.0,0.0171394153203878
1658,0,patch_23_32,5888,6144,8192,8448,65536,MSAVI,-0.12109375,39231,,,,
1659,0,patch_23_32,5888,6144,8192,8448,65536,NDVI,-0.99609375,26305,4118.0,0.0125401612651032,6353.0,0.0172582376711073
1660,0,patch_23_33,5888,6144,8448,8704,65536,MSAVI,-0.00390625,35453,,,,
1661,0,patch_23_33,5888,6144,8448,8704,65536,NDVI,-0.68359375,30077,5077.0,0.0052896541976167,9785.0,0.0131647825908673
1662,0,patch_23_34,5888,6144,8704,8960,65398,MSAVI,-0.13671875,38960,,,,
1663,0,patch_23_34,5888,6144,8704,8960,65398,NDVI,-0.99609375,26576,4443.0,0.0111603391289683,7058.0,0.0188994827506523
1670,0,patch_24_2,6144,6400,512,768,65536,MSAVI,-0.07421875,38403,,,,
1671,0,patch_24_2,6144,6400,512,768,65536,NDVI,-0.99609375,27133,2576.0,0.009164230581607,4959.0,0.0157135591481935
1672,0,patch_24_3,6144,6400,768,1024,65536,MSAVI,-0.22265625,39128,,,,
1673,0,patch_24_3,6144,6400,768,1024,65536,NDVI,-0.99609375,26408,5017.0,0.0121319538830863,6902.0,0.0177437692282383
1674,0,patch_24_4,6144,6400,1024,1280,65536,MSAVI,-0.26953125,37992,,,,
1675,0,patch_24_4,6144,6400,1024,1280,65536,NDVI,-0.99609375,27544,4981.0,0.0108678698636014,8170.0,0.0171348550585349
1676,0,patch_24_5,6144,6400,1280,1536,65536,MSAVI,-0.14453125,38970,,,,
1677,0,patch_24_5,6144,6400,1280,1536,65536,NDVI,-0.99609375,26566,3714.0,0.0115828945246555,4965.0,0.0188562859042659
1678,0,patch_24_6,6144,6400,1536,1792,65536,MSAVI,-0.21484375,36980,,,,
1679,0,patch_24_6,6144,6400,1536,1792,65536,NDVI,-0.99609375,28556,5020.0,0.0098409283571931,7492.0,0.0181096321053271
1680,0,patch_24_7,6144,6400,1792,2048,65536,MSAVI,-0.16796875,35784,,,,
1681,0,patch_24_7,6144,6400,1792,2048,65536,NDVI,-0.99609375,29752,5946.0,0.0068920366759875,10944.0,0.0156907394764489
1682,0,patch_24_8,6144,6400,2048,2304,65536,MSAVI,-0.02734375,34662,,,,
1683,0,patch_24_8,6144,6400,2048,2304,65536,NDVI,-0.63671875,30874,8586.0,0.006110653077184,13138.0,0.0137590729387814
1684,0,patch_24_9,6144,6400,2304,2560,65536,MSAVI,-0.19921875,39370,,,,
1685,0,patch_24_9,6144,6400,2304,2560,65536,NDVI,-0.69921875,26157,1942.0,0.0119059162057686,3174.0,0.0169858616394094
1686,0,patch_24_10,6144,6400,2560,2816,65536,MSAVI,-0.09765625,38604,,,,
1687,0,patch_24_10,6144,6400,2560,2816,65536,NDVI,-0.99609375,26932,5337.0,0.0105812872228954,9353.0,0.0195881958407918
1688,0,patch_24_11,6144,6400,2816,3072,65536,MSAVI,-0.23046875,39304,,,,
1689,0,patch_24_11,6144,6400,2816,3072,65536,NDVI,-0.99609375,26232,4859.0,0.0133353564523612,7398.0,0.0197958223618386
1690,0,patch_24_12,6144,6400,3072,3328,65536,MSAVI,-0.10546875,35779,,,,
1691,0,patch_24_12,6144,6400,3072,3328,65536,NDVI,-0.99609375,29757,2793.0,0.0071929096717066,5907.0,0.0138624025687162
1692,0,patch_24_13,6144,6400,3328,3584,65536,MSAVI,-0.09765625,37456,,,,
1693,0,patch_24_13,6144,6400,3328,3584,65536,NDVI,-0.99609375,28080,6369.0,0.0086865442673573,8758.0,0.0163060398319026
1694,0,patch_24_14,6144,6400,3584,3840,65536,MSAVI,-0.05859375,35542,,,,
1695,0,patch_24_14,6144,6400,3584,3840,65536,NDVI,-0.99609375,29994,5505.0,0.006467115463658,10623.0,0.0153956069766603
1696,0,patch_24_15,6144,6400,3840,4096,65536,MSAVI,-0.23046875,40134,,,,
1697,0,patch_24_15,6144,6400,3840,4096,65536,NDVI,-0.99609375,25402,6169.0,0.0160657230616138,7677.0,0.0215130827982221
1698,0,patch_24_16,6144,6400,4096,4352,65536,MSAVI,-0.09765625,40625,,,,
1699,0,patch_24_16,6144,6400,4096,4352,65536,NDVI,-0.99609375,24911,6441.0,0.0153328025754593,7514.0,0.0234933908250391
1700,0,patch_24_17,6144,6400,4352,4608,65536,MSAVI,-0.14453125,36588,,,,
1701,0,patch_24_17,6144,6400,4352,4608,65536,NDVI,-0.99609375,28948,2737.0,0.0087040336513982,5239.0,0.0137039100697551
1702,0,patch_24_18,6144,6400,4608,4864,65536,MSAVI,0.03515625,36537,,,,
1703,0,patch_24_18,6144,6400,4608,4864,65536,NDVI,-0.99609375,28999,4559.0,0.0082041143854043,9513.0,0.0170251869984564
1704,0,patch_24_19,6144,6400,4864,5120,65536,MSAVI,-0.23828125,38088,,,,
1705,0,patch_24_19,6144,6400,4864,5120,65536,NDVI,-0.99609375,27448,6093.0,0.0115130889721777,8688.0,0.0164312517362696
1706,0,patch_24_20,6144,6400,5120,5376,65536,MSAVI,-0.19140625,36747,,,,
1707,0,patch_24_20,6144,6400,5120,5376,65536,NDVI,-0.99609375,28789,5417.0,0.0094850431491839,8829.0,0.0146651384043832
1708,0,patch_24_21,6144,6400,5376,5632,65536,MSAVI,-0.16015625,35443,,,,
1709,0,patch_24_21,6144,6400,5376,5632,65536,NDVI,-0.99609375,30093,9452.0,0.0073482518468166,15255.0,0.0174822991576658
1710,0,patch_24_22,6144,6400,5632,5888,65536,MSAVI,-0.08984375,35530,,,,
1711,0,patch_24_22,6144,6400,5632,5888,65536,NDVI,-0.99609375,30006,7665.0,0.0088090149976313,12738.0,0.0169300700272707
1712,0,patch_24_23,6144,6400,5888,6144,65536,MSAVI,-0.04296875,33920,,,,
1713,0,patch_24_23,6144,6400,5888,6144,65536,NDVI,-0.99609375,31616,6259.0,0.0055507263404041,11634.0,0.0149316118955121
1714,0,patch_24_24,6144,6400,6144,6400,65536,MSAVI,0.05078125,36873,,,,
1715,0,patch_24_24,6144,6400,6144,6400,65536,NDVI,-0.99609375,28663,3025.0,0.0086056088676231,6448.0,0.0159102954608891
1716,0,patch_24_25,6144,6400,6400,6656,65536,MSAVI,-0.13671875,36357,,,,
1717,0,patch_24_25,6144,6400,6400,6656,65536,NDVI,-0.99609375,29179,10933.0,0.0096170277223939,13878.0,0.0181053997050709
1718,0,patch_24_26,6144,6400,6656,6912,65536,MSAVI,-0.21484375,36209,,,,
1719,0,patch_24_26,6144,6400,6656,6912,65536,NDVI,-0.99609375,29327,5810.0,0.0067682746196855,11673.0,0.0150653356720168
1720,0,patch_24_27,6144,6400,6912,7168,65536,MSAVI,-0.10546875,34019,,,,
1721,0,patch_24_27,6144,6400,6912,7168,65536,NDVI,-0.99609375,31517,7478.0,0.0061832357527284,11507.0,0.0124844463103127
1722,0,patch_24_28,6144,6400,7168,7424,65536,MSAVI,-0.19921875,36970,,,,
1723,0,patch_24_28,6144,6400,7168,7424,65536,NDVI,-0.99609375,28566,6636.0,0.0082221579019446,10916.0,0.0159010709871372
1724,0,patch_24_29,6144,6400,7424,7680,65536,MSAVI,-0.19140625,36022,,,,
1725,0,patch_24_29,6144,6400,7424,7680,65536,NDVI,-0.99609375,29514,10104.0,0.0089689436016818,14019.0,0.0176501882498652
1726,0,patch_24_30,6144,6400,7680,7936,65536,MSAVI,-0.17578125,35270,,,,
1727,0,patch_24_30,6144,6400,7680,7936,65536,NDVI,-0.99609375,30266,2900.0,0.0045479543388799,6194.0,0.0112356336473557
1728,0,patch_24_31,6144,6400,7936,8192,65536,MSAVI,-0.21484375,37405,,,,
1729,0,patch_24_31,6144,6400,7936,8192,65536,NDVI,-0.99609375,28131,4110.0,0.0094177911145677,8062.0,0.0178145366892558
1730,0,patch_24_32,6144,6400,8192,8448,65536,MSAVI,-0.16796875,37791,,,,
1731,0,patch_24_32,6144,6400,8192,8448,65536,NDVI,-0.99609375,27745,3828.0,0.0112217827959263,5637.0,0.0156639177546758
1732,0,patch_24_33,6144,6400,8448,8704,65536,MSAVI,0.09765625,37920,,,,
1733,0,patch_24_33,6144,6400,8448,8704,65536,NDVI,-0.99609375,27616,3859.0,0.011729844549816,6118.0,0.0173464881560064
1740,0,patch_25_2,6400,6656,512,768,65536,MSAVI,-0.20703125,38221,,,,
1741,0,patch_25_2,6400,6656,512,768,65536,NDVI,-0.99609375,27315,3672.0,0.0091588303699829,5158.0,0.0147372865365711
1742,0,patch_25_3,6400,6656,768,1024,65536,MSAVI,-0.12890625,38581,,,,
1743,0,patch_25_3,6400,6656,768,1024,65536,NDVI,-0.99609375,26955,5649.0,0.0113024590428789,8692.0,0.0185074313177627
1744,0,patch_25_4,6400,6656,1024,1280,65536,MSAVI,-0.07421875,37962,,,,
1745,0,patch_25_4,6400,6656,1024,1280,65536,NDVI,-0.99609375,27574,6840.0,0.0111867997020892,10304.0,0.0197045651173124
1746,0,patch_25_5,6400,6656,1280,1536,65536,MSAVI,-0.16015625,39755,,,,
1747,0,patch_25_5,6400,6656,1280,1536,65536,NDVI,-0.66015625,25730,1514.0,0.0127460925276692,2969.0,0.0191442309394601
1748,0,patch_25_6,6400,6656,1536,1792,65536,MSAVI,-0.17578125,37772,,,,
1749,0,patch_25_6,6400,6656,1536,1792,65536,NDVI,-0.66015625,27743,2345.0,0.0091902908143624,4495.0,0.0150139579173652
1750,0,patch_25_7,6400,6656,1792,2048,65536,MSAVI,-0.15234375,36228,,,,
1751,0,patch_25_7,6400,6656,1792,2048,65536,NDVI,-0.99609375,29308,6527.0,0.0067790174741706,11186.0,0.0144897373051775
1752,0,patch_25_8,6400,6656,2048,2304,65536,MSAVI,-0.07421875,36408,,,,
1753,0,patch_25_8,6400,6656,2048,2304,65536,NDVI,-0.99609375,29128,4718.0,0.0076515320339994,8829.0,0.0150056317716599
1754,0,patch_25_9,6400,6656,2304,2560,65536,MSAVI,-0.19921875,39447,,,,
1755,0,patch_25_9,6400,6656,2304,2560,65536,NDVI,-0.99609375,26089,1224.0,0.0106399795999829,3484.0,0.0182438183380495
1756,0,patch_25_10,6400,6656,2560,2816,65536,MSAVI,-0.24609375,39197,,,,
1757,0,patch_25_10,6400,6656,2560,2816,65536,NDVI,-0.99609375,26339,2474.0,0.010673477771066,4592.0,0.0196438558612617
1758,0,patch_25_11,6400,6656,2816,3072,65536,MSAVI,-0.33984375,39827,,,,
1759,0,patch_25_11,6400,6656,2816,3072,65536,NDVI,-0.99609375,25709,2529.0,0.0113168565412887,5255.0,0.02107780971006
1760,0,patch_25_12,6400,6656,3072,3328,65536,MSAVI,-0.08203125,37724,,,,
1761,0,patch_25_12,6400,6656,3072,3328,65536,NDVI,-0.99609375,27812,3695.0,0.0080677163591402,6852.0,0.015239385045936
1762,0,patch_25_13,6400,6656,3328,3584,65536,MSAVI,-0.13671875,39656,,,,
1763,0,patch_25_13,6400,6656,3328,3584,65536,NDVI,-0.99609375,25880,4855.0,0.0116625547153031,7420.0,0.0206083581236656
1764,0,patch_25_14,6400,6656,3584,3840,65536,MSAVI,-0.02734375,37507,,,,
1765,0,patch_25_14,6400,6656,3584,3840,65536,NDVI,-0.99609375,28029,8791.0,0.0134300967765405,11454.0,0.0174533270206263
1766,0,patch_25_15,6400,6656,3840,4096,65536,MSAVI,-0.13671875,36880,,,,
1767,0,patch_25_15,6400,6656,3840,4096,65536,NDVI,-0.99609375,28656,5382.0,0.0078864615697725,9829.0,0.0154812592480691
1768,0,patch_25_16,6400,6656,4096,4352,65536,MSAVI,-0.21484375,39049,,,,
1769,0,patch_25_16,6400,6656,4096,4352,65536,NDVI,-0.71484375,26485,4459.0,0.0108737333101927,6193.0,0.0169624300786146
1770,0,patch_25_17,6400,6656,4352,4608,65536,MSAVI,-0.19921875,37615,,,,
1771,0,patch_25_17,6400,6656,4352,4608,65536,NDVI,-0.99609375,27921,5039.0,0.0092510698574571,8247.0,0.016467905904566
1772,0,patch_25_18,6400,6656,4608,4864,65536,MSAVI,-0.04296875,35342,,,,
1773,0,patch_25_18,6400,6656,4608,4864,65536,NDVI,-0.99609375,30194,8175.0,0.0076438475129792,13699.0,0.0153340236361298
1774,0,patch_25_19,6400,6656,4864,5120,65536,MSAVI,-0.08984375,37387,,,,
1775,0,patch_25_19,6400,6656,4864,5120,65536,NDVI,-0.99609375,28149,4748.0,0.0081444341736266,8755.0,0.0168078662227741
1776,0,patch_25_20,6400,6656,5120,5376,65536,MSAVI,-0.17578125,38064,,,,
1777,0,patch_25_20,6400,6656,5120,5376,65536,NDVI,-0.99609375,27472,4876.0,0.009499437646119,7673.0,0.016559498263793
1778,0,patch_25_21,6400,6656,5376,5632,65536,MSAVI,-0.07421875,37007,,,,
1779,0,patch_25_21,6400,6656,5376,5632,65536,NDVI,-0.99609375,28529,9419.0,0.012361516679818,12302.0,0.0198465872600924
1780,0,patch_25_22,6400,6656,5632,5888,65536,MSAVI,-0.15234375,36313,,,,
1781,0,patch_25_22,6400,6656,5632,5888,65536,NDVI,-0.99609375,29223,10737.0,0.0086999632726713,13983.0,0.0178944205844064
1782,0,patch_25_23,6400,6656,5888,6144,65536,MSAVI,-0.12109375,36615,,,,
1783,0,patch_25_23,6400,6656,5888,6144,65536,NDVI,-0.99609375,28921,5333.0,0.0093737401960072,8187.0,0.0152247323528106
1784,0,patch_25_24,6400,6656,6144,6400,65536,MSAVI,0.01171875,37111,,,,
1785,0,patch_25_24,6400,6656,6144,6400,65536,NDVI,-0.99609375,28425,5466.0,0.0101578112402408,8785.0,0.01696206484263
1786,0,patch_25_25,6400,6656,6400,6656,65536,MSAVI,0.01953125,34890,,,,
1787,0,patch_25_25,6400,6656,6400,6656,65536,NDVI,-0.99609375,30646,4726.0,0.0066476382077309,10111.0,0.0135497034501987
1788,0,patch_25_26,6400,6656,6656,6912,65536,MSAVI,-0.23046875,35056,,,,
1789,0,patch_25_26,6400,6656,6656,6912,65536,NDVI,-0.99609375,30480,5478.0,0.0058957593455156,9424.0,0.0140976777309205
1790,0,patch_25_27,6400,6656,6912,7168,65536,MSAVI,-0.07421875,36220,,,,
1791,0,patch_25_27,6400,6656,6912,7168,65536,NDVI,-0.99609375,29316,5588.0,0.009744744507124,7005.0,0.0135326608325359
1792,0,patch_25_28,6400,6656,7168,7424,65536,MSAVI,-0.03515625,38009,,,,
1793,0,patch_25_28,6400,6656,7168,7424,65536,NDVI,-0.99609375,27527,4417.0,0.0112350078285254,6717.0,0.0167234405090848
1794,0,patch_25_29,6400,6656,7424,7680,65536,MSAVI,-0.29296875,36518,,,,
1795,0,patch_25_29,6400,6656,7424,7680,65536,NDVI,-0.99609375,29018,3354.0,0.0077579879650455,7242.0,0.0157837355284215
1796,0,patch_25_30,6400,6656,7680,7936,65536,MSAVI,-0.19140625,38276,,,,
1797,0,patch_25_30,6400,6656,7680,7936,65536,NDVI,-0.99609375,27260,3581.0,0.0102739764311438,6613.0,0.0156089848702626
1798,0,patch_25_31,6400,6656,7936,8192,65536,MSAVI,-0.06640625,38796,,,,
1799,0,patch_25_31,6400,6656,7936,8192,65536,NDVI,-0.99609375,26740,4002.0,0.0125858795246365,6324.0,0.0157121656768923
1800,0,patch_25_32,6400,6656,8192,8448,65536,MSAVI,-0.09765625,36112,,,,
1801,0,patch_25_32,6400,6656,8192,8448,65536,NDVI,-0.99609375,29424,7927.0,0.0101502445713731,11808.0,0.0159609388626345
1802,0,patch_25_33,6400,6656,8448,8704,65536,MSAVI,-0.17578125,38211,,,,
1803,0,patch_25_33,6400,6656,8448,8704,65536,NDVI,-0.99609375,27325,5027.0,0.0087450558007829,7205.0,0.0145507337261357
1810,0,patch_26_1,6656,6912,256,512,65536,MSAVI,-0.21484375,37953,,,,
1811,0,patch_26_1,6656,6912,256,512,65536,NDVI,-0.99609375,27583,1634.0,0.0101474280466885,2845.0,0.0143988140546744
1812,0,patch_26_2,6656,6912,512,768,65536,MSAVI,-0.16015625,39814,,,,
1813,0,patch_26_2,6656,6912,512,768,65536,NDVI,-0.99609375,25722,4724.0,0.0121444259667788,5910.0,0.0202629452480632
1814,0,patch_26_3,6656,6912,768,1024,65536,MSAVI,-0.16015625,38191,,,,
1815,0,patch_26_3,6656,6912,768,1024,65536,NDVI,-0.99609375,27345,4185.0,0.0115147149529463,7357.0,0.019887030430863
1816,0,patch_26_4,6656,6912,1024,1280,65536,MSAVI,-0.12109375,39655,,,,
1817,0,patch_26_4,6656,6912,1024,1280,65536,NDVI,-0.99609375,25881,4178.0,0.014004794384226,5519.0,0.0199888957561916
1818,0,patch_26_5,6656,6912,1280,1536,65536,MSAVI,-0.16796875,39074,,,,
1819,0,patch_26_5,6656,6912,1280,1536,65536,NDVI,-0.99609375,26462,2908.0,0.0108314836513472,5037.0,0.0174893866026183
1820,0,patch_26_6,6656,6912,1536,1792,65536,MSAVI,-0.20703125,37527,,,,
1821,0,patch_26_6,6656,6912,1536,1792,65536,NDVI,-0.69140625,28006,3577.0,0.0079402653952023,6544.0,0.0157463164642211
1822,0,patch_26_7,6656,6912,1792,2048,65536,MSAVI,-0.24609375,36556,,,,
1823,0,patch_26_7,6656,6912,1792,2048,65536,NDVI,-0.99609375,28980,2368.0,0.0078000086787022,6774.0,0.0139669865913433
1824,0,patch_26_8,6656,6912,2048,2304,65536,MSAVI,-0.11328125,37371,,,,
1825,0,patch_26_8,6656,6912,2048,2304,65536,NDVI,-0.99609375,28165,3975.0,0.0084818313873923,7247.0,0.017171099630056
1826,0,patch_26_9,6656,6912,2304,2560,65536,MSAVI,-0.13671875,37618,,,,
1827,0,patch_26_9,6656,6912,2304,2560,65536,NDVI,-0.99609375,27918,2075.0,0.0107613421180285,5183.0,0.0169448097933473
1828,0,patch_26_10,6656,6912,2560,2816,65536,MSAVI,-0.06640625,35396,,,,
1829,0,patch_26_10,6656,6912,2560,2816,65536,NDVI,-0.99609375,30140,6112.0,0.006853038261827,11388.0,0.0163329927802232
1830,0,patch_26_11,6656,6912,2816,3072,65536,MSAVI,0.08984375,34595,,,,
1831,0,patch_26_11,6656,6912,2816,3072,65536,NDVI,-0.99609375,30941,7083.0,0.0046779285342772,14516.0,0.0166221566110612
1832,0,patch_26_12,6656,6912,3072,3328,65536,MSAVI,-0.16015625,40473,,,,
1833,0,patch_26_12,6656,6912,3072,3328,65536,NDVI,-0.99609375,25063,2799.0,0.013378960009658,3761.0,0.0175463055444556
1834,0,patch_26_13,6656,6912,3328,3584,65536,MSAVI,-0.12890625,36105,,,,
1835,0,patch_26_13,6656,6912,3328,3584,65536,NDVI,-0.99609375,29431,8031.0,0.0076798512522583,10436.0,0.015085862618572
1836,0,patch_26_14,6656,6912,3584,3840,65536,MSAVI,0.05859375,35352,,,,
1837,0,patch_26_14,6656,6912,3584,3840,65536,NDVI,-0.99609375,30184,13947.0,0.0104516217951899,19191.0,0.0202036523879984
1838,0,patch_26_15,6656,6912,3840,4096,65536,MSAVI,-0.12890625,37462,,,,
1839,0,patch_26_15,6656,6912,3840,4096,65536,NDVI,-0.99609375,28074,6637.0,0.0094778112345711,10651.0,0.0171583818901154
1840,0,patch_26_16,6656,6912,4096,4352,65536,MSAVI,-0.21484375,37381,,,,
1841,0,patch_26_16,6656,6912,4096,4352,65536,NDVI,-0.99609375,28155,7904.0,0.0104649639366886,10580.0,0.0147710434499735
1842,0,patch_26_17,6656,6912,4352,4608,65536,MSAVI,-0.08984375,39030,,,,
1843,0,patch_26_17,6656,6912,4352,4608,65536,NDVI,-0.99609375,26506,6027.0,0.0130385083054858,8301.0,0.01681807816064
1844,0,patch_26_18,6656,6912,4608,4864,65536,MSAVI,-0.12890625,36670,,,,
1845,0,patch_26_18,6656,6912,4608,4864,65536,NDVI,-0.99609375,28866,10493.0,0.008768299170059,14876.0,0.0189510560600569
1846,0,patch_26_19,6656,6912,4864,5120,65536,MSAVI,-0.16015625,38942,,,,
1847,0,patch_26_19,6656,6912,4864,5120,65536,NDVI,-0.99609375,26594,3276.0,0.0117743461686675,5325.0,0.0162925916636875
1848,0,patch_26_20,6656,6912,5120,5376,65536,MSAVI,-0.01953125,37842,,,,
1849,0,patch_26_20,6656,6912,5120,5376,65536,NDVI,-0.99609375,27694,4042.0,0.0101685420782691,7293.0,0.0165506921137441
1850,0,patch_26_21,6656,6912,5376,5632,65536,MSAVI,-0.03515625,35877,,,,
1851,0,patch_26_21,6656,6912,5376,5632,65536,NDVI,-0.99609375,29659,5353.0,0.0083516411811417,9949.0,0.0142930583589779
1852,0,patch_26_22,6656,6912,5632,5888,65536,MSAVI,-0.18359375,35786,,,,
1853,0,patch_26_22,6656,6912,5632,5888,65536,NDVI,-0.99609375,29750,5462.0,0.0061001607539467,9402.0,0.0155920946477596
1854,0,patch_26_23,6656,6912,5888,6144,65536,MSAVI,-0.10546875,36601,,,,
1855,0,patch_26_23,6656,6912,5888,6144,65536,NDVI,-0.99609375,28935,5530.0,0.0096752977327426,9059.0,0.0169835400426935
1856,0,patch_26_24,6656,6912,6144,6400,65536,MSAVI,-0.12109375,36667,,,,
1857,0,patch_26_24,6656,6912,6144,6400,65536,NDVI,-0.99609375,28869,8336.0,0.0091066353808962,11070.0,0.0153588870858654
1858,0,patch_26_25,6656,6912,6400,6656,65536,MSAVI,-0.00390625,37228,,,,
1859,0,patch_26_25,6656,6912,6400,6656,65536,NDVI,-0.73046875,28307,10539.0,0.0131167825258195,13419.0,0.019704712596152
1860,0,patch_26_26,6656,6912,6656,6912,65536,MSAVI,-0.06640625,35808,,,,
1861,0,patch_26_26,6656,6912,6656,6912,65536,NDVI,-0.99609375,29728,6174.0,0.0088847991237011,8917.0,0.0144836015355784
1862,0,patch_26_27,6656,6912,6912,7168,65536,MSAVI,-0.08203125,36118,,,,
1863,0,patch_26_27,6656,6912,6912,7168,65536,NDVI,-0.99609375,29418,4686.0,0.0074922522793601,7727.0,0.0146082897098381
1864,0,patch_26_28,6656,6912,7168,7424,65536,MSAVI,-0.17578125,35649,,,,
1865,0,patch_26_28,6656,6912,7168,7424,65536,NDVI,-0.99609375,29887,6818.0,0.0089798938431283,11794.0,0.0176285154702623
1866,0,patch_26_29,6656,6912,7424,7680,65536,MSAVI,-0.28515625,35512,,,,
1867,0,patch_26_29,6656,6912,7424,7680,65536,NDVI,-0.99609375,30024,8142.0,0.0094965431420246,12942.0,0.0172327613423206
1868,0,patch_26_30,6656,6912,7680,7936,65536,MSAVI,-0.08984375,37119,,,,
1869,0,patch_26_30,6656,6912,7680,7936,65536,NDVI,-0.99609375,28417,3993.0,0.0103453960934465,7028.0,0.0152458823087757
1870,0,patch_26_31,6656,6912,7936,8192,65536,MSAVI,-0.20703125,36531,,,,
1871,0,patch_26_31,6656,6912,7936,8192,65536,NDVI,-0.99609375,29005,3014.0,0.0074912068314793,8836.0,0.0145494348621856
1872,0,patch_26_32,6656,6912,8192,8448,65536,MSAVI,-0.16796875,37106,,,,
1873,0,patch_26_32,6656,6912,8192,8448,65536,NDVI,-0.99609375,28430,7735.0,0.0114794274838696,10309.0,0.0185429942939265
1874,0,patch_26_33,6656,6912,8448,8704,65536,MSAVI,-0.11328125,35870,,,,
1875,0,patch_26_33,6656,6912,8448,8704,65536,NDVI,-0.99609375,29666,4501.0,0.0075737438152779,8007.0,0.014806371178045
1882,0,patch_27_1,6912,7168,256,512,65536,MSAVI,-0.13671875,37486,,,,
1883,0,patch_27_1,6912,7168,256,512,65536,NDVI,-0.99609375,28050,4051.0,0.009058387650073,6604.0,0.015472836827985
1884,0,patch_27_2,6912,7168,512,768,65536,MSAVI,-0.09765625,36675,,,,
1885,0,patch_27_2,6912,7168,512,768,65536,NDVI,-0.99609375,28861,3790.0,0.0072633399320992,7037.0,0.0151854855191664
1886,0,patch_27_3,6912,7168,768,1024,65536,MSAVI,-0.19921875,36651,,,,
1887,0,patch_27_3,6912,7168,768,1024,65536,NDVI,-0.99609375,28885,6101.0,0.008687563164367,8545.0,0.0153322835504916
1888,0,patch_27_4,6912,7168,1024,1280,65536,MSAVI,-0.12890625,36346,,,,
1889,0,patch_27_4,6912,7168,1024,1280,65536,NDVI,-0.99609375,29190,5786.0,0.0075821785771836,11961.0,0.0172689190992671
1890,0,patch_27_5,6912,7168,1280,1536,65536,MSAVI,-0.18359375,37264,,,,
1891,0,patch_27_5,6912,7168,1280,1536,65536,NDVI,-0.99609375,28272,6240.0,0.0078510953323691,10610.0,0.0172214512933583
1892,0,patch_27_6,6912,7168,1536,1792,65536,MSAVI,-0.08984375,35854,,,,
1893,0,patch_27_6,6912,7168,1536,1792,65536,NDVI,-0.63671875,29681,6926.0,0.0077920987650959,11529.0,0.0172883096853099
1894,0,patch_27_7,6912,7168,1792,2048,65536,MSAVI,-0.33203125,36043,,,,
1895,0,patch_27_7,6912,7168,1792,2048,65536,NDVI,-0.99609375,29493,8844.0,0.0091279164912064,12465.0,0.0183189257945854
1896,0,patch_27_8,6912,7168,2048,2304,65536,MSAVI,-0.17578125,35799,,,,
1897,0,patch_27_8,6912,7168,2048,2304,65536,NDVI,-0.99609375,29737,7008.0,0.0076041663103352,12172.0,0.0169736562394397
1898,0,patch_27_9,6912,7168,2304,2560,65536,MSAVI,-0.09765625,37537,,,,
1899,0,patch_27_9,6912,7168,2304,2560,65536,NDVI,-0.99609375,27999,2976.0,0.0075360852941585,6164.0,0.0161676555270141
1900,0,patch_27_10,6912,7168,2560,2816,65536,MSAVI,-0.28515625,37821,,,,
1901,0,patch_27_10,6912,7168,2560,2816,65536,NDVI,-0.99609375,27715,5935.0,0.0102150523147264,9136.0,0.0184997912940581
1902,0,patch_27_11,6912,7168,2816,3072,65536,MSAVI,-0.27734375,36829,,,,
1903,0,patch_27_11,6912,7168,2816,3072,65536,NDVI,-0.66796875,28703,2511.0,0.0072400987098986,5557.0,0.0129266862202253
1904,0,patch_27_12,6912,7168,3072,3328,65536,MSAVI,-0.12109375,39015,,,,
1905,0,patch_27_12,6912,7168,3072,3328,65536,NDVI,-0.66015625,26503,4575.0,0.0131246995365677,6848.0,0.0185563502514956
1906,0,patch_27_13,6912,7168,3328,3584,65536,MSAVI,-0.23828125,38487,,,,
1907,0,patch_27_13,6912,7168,3328,3584,65536,NDVI,-0.99609375,27049,3815.0,0.0088251428531653,6626.0,0.0187104964708529
1908,0,patch_27_14,6912,7168,3584,3840,65536,MSAVI,-0.15234375,35284,,,,
1909,0,patch_27_14,6912,7168,3584,3840,65536,NDVI,-0.99609375,30252,6380.0,0.0058687029693968,12214.0,0.0161885552572719
1910,0,patch_27_15,6912,7168,3840,4096,65536,MSAVI,-0.16015625,38349,,,,
1911,0,patch_27_15,6912,7168,3840,4096,65536,NDVI,-0.99609375,27187,7912.0,0.0101188858688342,12000.0,0.0195811659022694
1912,0,patch_27_16,6912,7168,4096,4352,65536,MSAVI,-0.05859375,38387,,,,
1913,0,patch_27_16,6912,7168,4096,4352,65536,NDVI,-0.99609375,27149,6645.0,0.0119778893221977,8631.0,0.01817603739283
1914,0,patch_27_17,6912,7168,4352,4608,65536,MSAVI,-0.05859375,36726,,,,
1915,0,patch_27_17,6912,7168,4352,4608,65536,NDVI,-0.99609375,28810,4985.0,0.0078442944959846,9892.0,0.0139132942606477
1916,0,patch_27_18,6912,7168,4608,4864,65536,MSAVI,0.01171875,35682,,,,
1917,0,patch_27_18,6912,7168,4608,4864,65536,NDVI,-0.99609375,29854,8778.0,0.0085399675047835,13182.0,0.0167862449915109
1918,0,patch_27_19,6912,7168,4864,5120,65536,MSAVI,-0.10546875,37746,,,,
1919,0,patch_27_19,6912,7168,4864,5120,65536,NDVI,-0.67578125,27789,6688.0,0.0106151257233392,9091.0,0.0172944030107969
1920,0,patch_27_20,6912,7168,5120,5376,65536,MSAVI,-0.16015625,36087,,,,
1921,0,patch_27_20,6912,7168,5120,5376,65536,NDVI,-0.68359375,29448,4721.0,0.006637416828049,7644.0,0.0129584989726006
1922,0,patch_27_21,6912,7168,5376,5632,65536,MSAVI,-0.07421875,37852,,,,
1923,0,patch_27_21,6912,7168,5376,5632,65536,NDVI,-0.99609375,27684,6338.0,0.0115987521718063,9256.0,0.0171166298845104
1924,0,patch_27_22,6912,7168,5632,5888,65536,MSAVI,-0.12890625,37756,,,,
1925,0,patch_27_22,6912,7168,5632,5888,65536,NDVI,-0.99609375,27780,5774.0,0.0093137318000957,8343.0,0.0147727650825589
1926,0,patch_27_23,6912,7168,5888,6144,65536,MSAVI,-0.05859375,37651,,,,
1927,0,patch_27_23,6912,7168,5888,6144,65536,NDVI,-0.99609375,27885,1631.0,0.0088108266673806,3435.0,0.0136531652090182
1928,0,patch_27_24,6912,7168,6144,6400,65536,MSAVI,-0.11328125,37873,,,,
1929,0,patch_27_24,6912,7168,6144,6400,65536,NDVI,-0.99609375,27663,3618.0,0.0095328341001564,7028.0,0.0167826700728258
1930,0,patch_27_25,6912,7168,6400,6656,65536,MSAVI,-0.17578125,34778,,,,
1931,0,patch_27_25,6912,7168,6400,6656,65536,NDVI,-0.99609375,30758,5059.0,0.0070430435054218,11798.0,0.0151827045056998
1932,0,patch_27_26,6912,7168,6656,6912,65536,MSAVI,-0.09765625,37987,,,,
1933,0,patch_27_26,6912,7168,6656,6912,65536,NDVI,-0.99609375,27549,5725.0,0.0092624105654769,9366.0,0.0183320398553529
1934,0,patch_27_27,6912,7168,6912,7168,65536,MSAVI,-0.15234375,35405,,,,
1935,0,patch_27_27,6912,7168,6912,7168,65536,NDVI,-0.99609375,30131,6338.0,0.0070280591808556,10578.0,0.0141477177159556
1936,0,patch_27_28,6912,7168,7168,7424,65536,MSAVI,-0.16015625,36540,,,,
1937,0,patch_27_28,6912,7168,7168,7424,65536,NDVI,-0.99609375,28996,5452.0,0.0080003938449786,9552.0,0.0148787868286008
1938,0,patch_27_29,6912,7168,7424,7680,65536,MSAVI,-0.05859375,36178,,,,
1939,0,patch_27_29,6912,7168,7424,7680,65536,NDVI,-0.99609375,29358,6500.0,0.0091322445128066,10049.0,0.0162040105840063
1940,0,patch_27_30,6912,7168,7680,7936,65536,MSAVI,-0.09765625,37372,,,,
1941,0,patch_27_30,6912,7168,7680,7936,65536,NDVI,-0.99609375,28164,4852.0,0.0100307298663013,7841.0,0.0156156535215011
1942,0,patch_27_31,6912,7168,7936,8192,65536,MSAVI,-0.20703125,38921,,,,
1943,0,patch_27_31,6912,7168,7936,8192,65536,NDVI,-0.99609375,26615,3706.0,0.0102497483041471,5811.0,0.01605936870193
1944,0,patch_27_32,6912,7168,8192,8448,65536,MSAVI,-0.18359375,38040,,,,
1945,0,patch_27_32,6912,7168,8192,8448,65536,NDVI,-0.99609375,27496,7184.0,0.0104099261508159,8223.0,0.0168080515105361
1952,0,patch_28_1,7168,7424,256,512,65536,MSAVI,-0.18359375,37666,,,,
1953,0,patch_28_1,7168,7424,256,512,65536,NDVI,-0.99609375,27870,8166.0,0.0094368081679555,12037.0,0.0171332321829651
1954,0,patch_28_2,7168,7424,512,768,65536,MSAVI,-0.06640625,37060,,,,
1955,0,patch_28_2,7168,7424,512,768,65536,NDVI,-0.99609375,28476,8553.0,0.0111338872885753,13218.0,0.0199673852904274
1956,0,patch_28_3,7168,7424,768,1024,65536,MSAVI,-0.13671875,36259,,,,
1957,0,patch_28_3,7168,7424,768,1024,65536,NDVI,-0.99609375,29277,4611.0,0.0070484961683169,10519.0,0.0180214528267287
1958,0,patch_28_4,7168,7424,1024,1280,65536,MSAVI,-0.19140625,37337,,,,
1959,0,patch_28_4,7168,7424,1024,1280,65536,NDVI,-0.99609375,28199,8021.0,0.0077462849190796,11624.0,0.0164806073357487
1960,0,patch_28_5,7168,7424,1280,1536,65536,MSAVI,-0.03515625,36181,,,,
1961,0,patch_28_5,7168,7424,1280,1536,65536,NDVI,-0.99609375,29355,6175.0,0.0073575992732001,10470.0,0.017343332626378
1962,0,patch_28_6,7168,7424,1536,1792,65536,MSAVI,-0.14453125,35900,,,,
1963,0,patch_28_6,7168,7424,1536,1792,65536,NDVI,-0.99609375,29636,4294.0,0.0072389991898134,7604.0,0.0137509068872185
1964,0,patch_28_7,7168,7424,1792,2048,65536,MSAVI,-0.15234375,37287,,,,
1965,0,patch_28_7,7168,7424,1792,2048,65536,NDVI,-0.99609375,28249,6522.0,0.0095155969717184,9432.0,0.0158250510072703
1966,0,patch_28_8,7168,7424,2048,2304,65536,MSAVI,-0.11328125,38725,,,,
1967,0,patch_28_8,7168,7424,2048,2304,65536,NDVI,-0.99609375,26811,3132.0,0.0103977980245115,5492.0,0.0176671598971251
1968,0,patch_28_9,7168,7424,2304,2560,65536,MSAVI,-0.06640625,37529,,,,
1969,0,patch_28_9,7168,7424,2304,2560,65536,NDVI,-0.99609375,28007,5945.0,0.0085910963388929,8261.0,0.0163546225516315
1970,0,patch_28_10,7168,7424,2560,2816,65536,MSAVI,-0.13671875,35205,,,,
1971,0,patch_28_10,7168,7424,2560,2816,65536,NDVI,-0.99609375,30331,7791.0,0.0063395429748517,12699.0,0.0156076012764183
1972,0,patch_28_11,7168,7424,2816,3072,65536,MSAVI,-0.12109375,38532,,,,
1973,0,patch_28_11,7168,7424,2816,3072,65536,NDVI,-0.99609375,27004,2923.0,0.0088235647108135,5837.0,0.0157110940870884
1974,0,patch_28_12,7168,7424,3072,3328,65536,MSAVI,-0.14453125,40213,,,,
1975,0,patch_28_12,7168,7424,3072,3328,65536,NDVI,-0.99609375,25323,4298.0,0.0148325096139913,6088.0,0.0223421747378147
1976,0,patch_28_13,7168,7424,3328,3584,65536,MSAVI,-0.26171875,41347,,,,
1977,0,patch_28_13,7168,7424,3328,3584,65536,NDVI,-0.99609375,24189,6707.0,0.0150683318130736,8506.0,0.0240428294530155
1978,0,patch_28_14,7168,7424,3584,3840,65536,MSAVI,-0.03515625,36048,,,,
1979,0,patch_28_14,7168,7424,3584,3840,65536,NDVI,-0.70703125,29488,8180.0,0.0091263494624517,12132.0,0.0183770305115009
1980,0,patch_28_15,7168,7424,3840,4096,65536,MSAVI,-0.18359375,37999,,,,
1981,0,patch_28_15,7168,7424,3840,4096,65536,NDVI,-0.99609375,27537,6950.0,0.0088102980299123,10022.0,0.0191240874230775
1982,0,patch_28_16,7168,7424,4096,4352,65536,MSAVI,-0.16796875,36303,,,,
1983,0,patch_28_16,7168,7424,4096,4352,65536,NDVI,-0.99609375,29233,3038.0,0.0071074319231315,6174.0,0.0128103282858706
1984,0,patch_28_17,7168,7424,4352,4608,65536,MSAVI,-0.29296875,38131,,,,
1985,0,patch_28_17,7168,7424,4352,4608,65536,NDVI,-0.99609375,27405,7102.0,0.0100000620205064,10581.0,0.0177310161698968
1986,0,patch_28_18,7168,7424,4608,4864,65536,MSAVI,-0.26171875,38932,,,,
1987,0,patch_28_18,7168,7424,4608,4864,65536,NDVI,-0.99609375,26604,7855.0,0.0131743391256478,10577.0,0.019453608257393
1988,0,patch_28_19,7168,7424,4864,5120,65536,MSAVI,-0.12109375,39089,,,,
1989,0,patch_28_19,7168,7424,4864,5120,65536,NDVI,-0.99609375,26447,3822.0,0.01183232487188,6075.0,0.0178184881123037
1990,0,patch_28_20,7168,7424,5120,5376,65536,MSAVI,-0.16015625,35803,,,,
1991,0,patch_28_20,7168,7424,5120,5376,65536,NDVI,-0.71484375,29733,5524.0,0.006924899332594,10819.0,0.0167479959324074
1992,0,patch_28_21,7168,7424,5376,5632,65536,MSAVI,-0.15234375,37689,,,,
1993,0,patch_28_21,7168,7424,5376,5632,65536,NDVI,-0.99609375,27847,8726.0,0.0099920939421819,13320.0,0.0206916306870299
1994,0,patch_28_22,7168,7424,5632,5888,65536,MSAVI,-0.12109375,37345,,,,
1995,0,patch_28_22,7168,7424,5632,5888,65536,NDVI,-0.99609375,28191,4924.0,0.011273319379956,6962.0,0.0160738367491533
1996,0,patch_28_23,7168,7424,5888,6144,65536,MSAVI,-0.03515625,36386,,,,
1997,0,patch_28_23,7168,7424,5888,6144,65536,NDVI,-0.99609375,29150,5574.0,0.0092767648374365,7713.0,0.0153935149189571
1998,0,patch_28_24,7168,7424,6144,6400,65536,MSAVI,-0.24609375,36908,,,,
1999,0,patch_28_24,7168,7424,6144,6400,65536,NDVI,-0.99609375,28628,3490.0,0.0090714094509253,7532.0,0.0165314855345873
2000,0,patch_28_25,7168,7424,6400,6656,65536,MSAVI,-0.16015625,35347,,,,
2001,0,patch_28_25,7168,7424,6400,6656,65536,NDVI,-0.99609375,30189,6705.0,0.0082147535448461,10445.0,0.0144883440877709
2002,0,patch_28_26,7168,7424,6656,6912,65536,MSAVI,-0.09765625,37648,,,,
2003,0,patch_28_26,7168,7424,6656,6912,65536,NDVI,-0.99609375,27888,5406.0,0.0071115242818877,9806.0,0.0159747011855153
2004,0,patch_28_27,7168,7424,6912,7168,65536,MSAVI,-0.08203125,34829,,,,
2005,0,patch_28_27,7168,7424,6912,7168,65536,NDVI,-0.99609375,30707,3521.0,0.0043498163957909,8330.0,0.0127148618442319
2006,0,patch_28_28,7168,7424,7168,7424,65536,MSAVI,-0.10546875,35949,,,,
2007,0,patch_28_28,7168,7424,7168,7424,65536,NDVI,-0.99609375,29587,6684.0,0.0075284082306557,11523.0,0.0154135322080868
2008,0,patch_28_29,7168,7424,7424,7680,65536,MSAVI,-0.03515625,37932,,,,
2009,0,patch_28_29,7168,7424,7424,7680,65536,NDVI,-0.99609375,27604,7649.0,0.0104683283136517,10298.0,0.0166274031267014
2010,0,patch_28_30,7168,7424,7680,7936,65536,MSAVI,-0.19921875,38291,,,,
2011,0,patch_28_30,7168,7424,7680,7936,65536,NDVI,-0.99609375,27245,4300.0,0.0128643208019695,7461.0,0.0186090325653077
2012,0,patch_28_31,7168,7424,7936,8192,65536,MSAVI,-0.18359375,39006,,,,
2013,0,patch_28_31,7168,7424,7936,8192,65536,NDVI,-0.99609375,26530,3539.0,0.0095783409368023,5437.0,0.0147703244702954
2014,0,patch_28_32,7168,7424,8192,8448,65536,MSAVI,-0.22265625,37808,,,,
2015,0,patch_28_32,7168,7424,8192,8448,65536,NDVI,-0.99609375,27728,7448.0,0.0115694241753362,9897.0,0.0160277620808039
2024,0,patch_29_1,7424,7680,256,512,65536,MSAVI,-0.24609375,44605,,,,
2025,0,patch_29_1,7424,7680,256,512,65536,NDVI,-0.99609375,20931,6804.0,0.0204800513268214,7334.0,0.0299269909216884
2026,0,patch_29_2,7424,7680,512,768,65536,MSAVI,-0.20703125,38566,,,,
2027,0,patch_29_2,7424,7680,512,768,65536,NDVI,-0.99609375,26970,4218.0,0.0103512392894155,5611.0,0.0155280997680738
2028,0,patch_29_3,7424,7680,768,1024,65536,MSAVI,-0.19140625,37563,,,,
2029,0,patch_29_3,7424,7680,768,1024,65536,NDVI,-0.99609375,27973,2296.0,0.008599271309957,6154.0,0.0172895523813098
2030,0,patch_29_4,7424,7680,1024,1280,65536,MSAVI,-0.12109375,36448,,,,
2031,0,patch_29_4,7424,7680,1024,1280,65536,NDVI,-0.99609375,29088,3624.0,0.0072023935137309,8475.0,0.0150186773995583
2032,0,patch_29_5,7424,7680,1280,1536,65536,MSAVI,-0.26953125,37845,,,,
2033,0,patch_29_5,7424,7680,1280,1536,65536,NDVI,-0.99609375,27691,5027.0,0.0098358812486564,9098.0,0.0180199577169344
2034,0,patch_29_6,7424,7680,1536,1792,65536,MSAVI,-0.17578125,38422,,,,
2035,0,patch_29_6,7424,7680,1536,1792,65536,NDVI,-0.99609375,27114,8619.0,0.0131604259830749,9248.0,0.0189695524100848
2036,0,patch_29_7,7424,7680,1792,2048,65536,MSAVI,-0.12109375,38202,,,,
2037,0,patch_29_7,7424,7680,1792,2048,65536,NDVI,-0.99609375,27334,2721.0,0.0100792345203185,5343.0,0.0154529344444095
2038,0,patch_29_8,7424,7680,2048,2304,65536,MSAVI,-0.09765625,37078,,,,
2039,0,patch_29_8,7424,7680,2048,2304,65536,NDVI,-0.99609375,28458,3266.0,0.0085945929573235,8279.0,0.0162958034700506
2040,0,patch_29_9,7424,7680,2304,2560,65536,MSAVI,0.01953125,35281,,,,
2041,0,patch_29_9,7424,7680,2304,2560,65536,NDVI,-0.99609375,30255,6493.0,0.0065364410746924,11946.0,0.0162953416421535
2042,0,patch_29_10,7424,7680,2560,2816,65536,MSAVI,-0.23046875,36093,,,,
2043,0,patch_29_10,7424,7680,2560,2816,65536,NDVI,-0.99609375,29443,11865.0,0.0084500598552464,15384.0,0.0168276987854045
2044,0,patch_29_11,7424,7680,2816,3072,65536,MSAVI,-0.20703125,37683,,,,
2045,0,patch_29_11,7424,7680,2816,3072,65536,NDVI,-0.99609375,27853,5710.0,0.0106777068289743,7742.0,0.0177733883368485
2046,0,patch_29_12,7424,7680,3072,3328,65536,MSAVI,-0.12109375,40486,,,,
2047,0,patch_29_12,7424,7680,3072,3328,65536,NDVI,-0.99609375,25050,4428.0,0.0150668953647586,5134.0,0.0188433269333961
2048,0,patch_29_13,7424,7680,3328,3584,65536,MSAVI,-0.30078125,39222,,,,
2049,0,patch_29_13,7424,7680,3328,3584,65536,NDVI,-0.99609375,26314,7710.0,0.0138132105504441,9892.0,0.0210629842805544
2050,0,patch_29_14,7424,7680,3584,3840,65536,MSAVI,-0.21484375,36891,,,,
2051,0,patch_29_14,7424,7680,3584,3840,65536,NDVI,-0.99609375,28645,15362.0,0.0130986159149487,16367.0,0.0212415845818031
2052,0,patch_29_15,7424,7680,3840,4096,65536,MSAVI,-0.19921875,36942,,,,
2053,0,patch_29_15,7424,7680,3840,4096,65536,NDVI,-0.99609375,28594,12968.0,0.0104801256303721,16556.0,0.0199666743841632
2054,0,patch_29_16,7424,7680,4096,4352,65536,MSAVI,-0.19921875,37531,,,,
2055,0,patch_29_16,7424,7680,4096,4352,65536,NDVI,-0.99609375,28005,7902.0,0.0101263712444388,10649.0,0.0188285564633098
2056,0,patch_29_17,7424,7680,4352,4608,65536,MSAVI,-0.23046875,35398,,,,
2057,0,patch_29_17,7424,7680,4352,4608,65536,NDVI,-0.99609375,30138,7682.0,0.0087280329246545,11990.0,0.0158207293875372
2058,0,patch_29_18,7424,7680,4608,4864,65536,MSAVI,-0.01171875,36900,,,,
2059,0,patch_29_18,7424,7680,4608,4864,65536,NDVI,-0.99609375,28636,11837.0,0.0115745507575916,14104.0,0.0189002032648942
2060,0,patch_29_19,7424,7680,4864,5120,65536,MSAVI,-0.17578125,38339,,,,
2061,0,patch_29_19,7424,7680,4864,5120,65536,NDVI,-0.99609375,27197,6516.0,0.0114499518727272,9585.0,0.0184248793041765
2062,0,patch_29_20,7424,7680,5120,5376,65536,MSAVI,-0.15234375,35672,,,,
2063,0,patch_29_20,7424,7680,5120,5376,65536,NDVI,-0.99609375,29864,7531.0,0.0086671158644057,11154.0,0.0152024129130225
2064,0,patch_29_21,7424,7680,5376,5632,65536,MSAVI,-0.30859375,39055,,,,
2065,0,patch_29_21,7424,7680,5376,5632,65536,NDVI,-0.99609375,26481,8384.0,0.0134231862296757,9257.0,0.0218782845238621
2066,0,patch_29_22,7424,7680,5632,5888,65536,MSAVI,-0.03515625,38826,,,,
2067,0,patch_29_22,7424,7680,5632,5888,65536,NDVI,-0.66796875,26676,3893.0,0.0090314092825339,6513.0,0.0187005779036202
2068,0,patch_29_23,7424,7680,5888,6144,65536,MSAVI,-0.06640625,34389,,,,
2069,0,patch_29_23,7424,7680,5888,6144,65536,NDVI,-0.99609375,31147,11510.0,0.0076871347845894,15156.0,0.0176122055066811
2070,0,patch_29_24,7424,7680,6144,6400,65536,MSAVI,-0.18359375,38772,,,,
2071,0,patch_29_24,7424,7680,6144,6400,65536,NDVI,-0.99609375,26764,6231.0,0.0135186922085783,8824.0,0.0208221960543867
2072,0,patch_29_25,7424,7680,6400,6656,65536,MSAVI,-0.02734375,35791,,,,
2073,0,patch_29_25,7424,7680,6400,6656,65536,NDVI,-0.99609375,29745,5302.0,0.0067184558011323,9798.0,0.0143453829499594
2074,0,patch_29_26,7424,7680,6656,6912,65536,MSAVI,-0.25390625,39590,,,,
2075,0,patch_29_26,7424,7680,6656,6912,65536,NDVI,-0.99609375,25946,5505.0,0.0134385572495709,7272.0,0.0194993108860044
2076,0,patch_29_27,7424,7680,6912,7168,65536,MSAVI,-0.16796875,36187,,,,
2077,0,patch_29_27,7424,7680,6912,7168,65536,NDVI,-0.99609375,29349,4030.0,0.0073061783541497,8522.0,0.0142768856438171
2078,0,patch_29_28,7424,7680,7168,7424,65536,MSAVI,-0.12890625,37097,,,,
2079,0,patch_29_28,7424,7680,7168,7424,65536,NDVI,-0.99609375,28439,6505.0,0.0114963884242218,9879.0,0.0164251306010719
2080,0,patch_29_29,7424,7680,7424,7680,65536,MSAVI,-0.28515625,36526,,,,
2081,0,patch_29_29,7424,7680,7424,7680,65536,NDVI,-0.99609375,29010,8035.0,0.0109348592975811,9698.0,0.0158349036414816
2082,0,patch_29_30,7424,7680,7680,7936,65536,MSAVI,-0.12890625,36019,,,,
2083,0,patch_29_30,7424,7680,7680,7936,65536,NDVI,-0.99609375,29517,3933.0,0.0069179675980973,7556.0,0.0148584219685284
2084,0,patch_29_31,7424,7680,7936,8192,65536,MSAVI,-0.17578125,41560,,,,
2085,0,patch_29_31,7424,7680,7936,8192,65536,NDVI,-0.99609375,23976,3783.0,0.0160578623083818,5501.0,0.0237297832253535
2086,0,patch_29_32,7424,7680,8192,8448,65536,MSAVI,-0.19921875,40112,,,,
2087,0,patch_29_32,7424,7680,8192,8448,65536,NDVI,-0.99609375,25424,5733.0,0.016462862857785,6808.0,0.0189271583817075
2096,0,patch_30_1,7680,7936,256,512,65536,MSAVI,-0.08203125,31306,,,,
2097,0,patch_30_1,7680,7936,256,512,65536,NDVI,-0.55078125,34229,14955.0,0.0030091371330086,21548.0,0.0139347470849729
2098,0,patch_30_2,7680,7936,512,768,65536,MSAVI,-0.17578125,33491,,,,
2099,0,patch_30_2,7680,7936,512,768,65536,NDVI,-0.99609375,32045,18832.0,0.0103707473168382,65536.0,0.0207042060120153
2100,0,patch_30_3,7680,7936,768,1024,65536,MSAVI,-0.08984375,35767,,,,
2101,0,patch_30_3,7680,7936,768,1024,65536,NDVI,-0.99609375,29769,7591.0,0.0058286744996206,13074.0,0.0154830265289689
2102,0,patch_30_4,7680,7936,1024,1280,65536,MSAVI,-0.12109375,47008,,,,
2103,0,patch_30_4,7680,7936,1024,1280,65536,NDVI,-0.99609375,18528,13270.0,0.0274338357529335,13097.0,0.035581579275448
2104,0,patch_30_5,7680,7936,1280,1536,65536,MSAVI,0.23828125,34430,,,,
2105,0,patch_30_5,7680,7936,1280,1536,65536,NDVI,-0.99609375,31106,6288.0,0.0076713074501175,11061.0,0.0148510754983201
2106,0,patch_30_6,7680,7936,1536,1792,65536,MSAVI,-0.16015625,35611,,,,
2107,0,patch_30_6,7680,7936,1536,1792,65536,NDVI,-0.99609375,29925,10120.0,0.0095040407949237,13668.0,0.0159892253564989
2108,0,patch_30_7,7680,7936,1792,2048,65536,MSAVI,-0.25390625,41603,,,,
2109,0,patch_30_7,7680,7936,1792,2048,65536,NDVI,-0.99609375,23933,4937.0,0.0151916594096264,5994.0,0.0223448373307552
2110,0,patch_30_8,7680,7936,2048,2304,65536,MSAVI,-0.05078125,36299,,,,
2111,0,patch_30_8,7680,7936,2048,2304,65536,NDVI,-0.99609375,29237,6156.0,0.0072907002337481,10965.0,0.0166350438569796
2112,0,patch_30_9,7680,7936,2304,2560,65536,MSAVI,-0.26171875,37395,,,,
2113,0,patch_30_9,7680,7936,2304,2560,65536,NDVI,-0.99609375,28141,9404.0,0.0111553276223836,12200.0,0.0201446456676481
2114,0,patch_30_10,7680,7936,2560,2816,65536,MSAVI,-0.09765625,36480,,,,
2115,0,patch_30_10,7680,7936,2560,2816,65536,NDVI,-0.99609375,29056,10489.0,0.0105021833622283,13759.0,0.0185412251842792
2116,0,patch_30_11,7680,7936,2816,3072,65536,MSAVI,0.11328125,37339,,,,
2117,0,patch_30_11,7680,7936,2816,3072,65536,NDVI,-0.99609375,28197,4214.0,0.0090233974326924,8243.0,0.0169139290932001
2118,0,patch_30_12,7680,7936,3072,3328,65536,MSAVI,-0.17578125,40137,,,,
2119,0,patch_30_12,7680,7936,3072,3328,65536,NDVI,-0.99609375,25399,7045.0,0.015153374154641,8985.0,0.0224891381517708
2120,0,patch_30_13,7680,7936,3328,3584,65536,MSAVI,-0.05078125,34886,,,,
2121,0,patch_30_13,7680,7936,3328,3584,65536,NDVI,-0.99609375,30650,6284.0,0.0083329405675097,10469.0,0.013417810195143
2122,0,patch_30_14,7680,7936,3584,3840,65536,MSAVI,-0.08984375,37351,,,,
2123,0,patch_30_14,7680,7936,3584,3840,65536,NDVI,-0.99609375,28185,12204.0,0.0108381882051739,13914.0,0.0187805625476002
2124,0,patch_30_15,7680,7936,3840,4096,65536,MSAVI,-0.05859375,37731,,,,
2125,0,patch_30_15,7680,7936,3840,4096,65536,NDVI,-0.99609375,27805,6006.0,0.0103263808532952,9661.0,0.0182147837168655
2126,0,patch_30_16,7680,7936,4096,4352,65536,MSAVI,-0.12890625,35455,,,,
2127,0,patch_30_16,7680,7936,4096,4352,65536,NDVI,-0.99609375,30081,7408.0,0.0076873666497899,13106.0,0.0174443620773293
2128,0,patch_30_17,7680,7936,4352,4608,65536,MSAVI,-0.01953125,34590,,,,
2129,0,patch_30_17,7680,7936,4352,4608,65536,NDVI,-0.99609375,30946,7559.0,0.0075046654904535,14596.0,0.0168496346025872
2130,0,patch_30_18,7680,7936,4608,4864,65536,MSAVI,-0.11328125,36975,,,,
2131,0,patch_30_18,7680,7936,4608,4864,65536,NDVI,-0.99609375,28561,6190.0,0.0078626677158898,11227.0,0.0178599738896711
2132,0,patch_30_19,7680,7936,4864,5120,65536,MSAVI,-0.20703125,42954,,,,
2133,0,patch_30_19,7680,7936,4864,5120,65536,NDVI,-0.99609375,22582,3699.0,0.0186988841151591,4460.0,0.0232582585393738
2134,0,patch_30_20,7680,7936,5120,5376,65536,MSAVI,-0.19921875,40437,,,,
2135,0,patch_30_20,7680,7936,5120,5376,65536,NDVI,-0.99609375,25099,7480.0,0.0192201068239491,7751.0,0.0227401122006142
2136,0,patch_30_21,7680,7936,5376,5632,65536,MSAVI,-0.11328125,38781,,,,
2137,0,patch_30_21,7680,7936,5376,5632,65536,NDVI,-0.99609375,26755,10103.0,0.0140799836825326,11769.0,0.0195141673694846
2138,0,patch_30_22,7680,7936,5632,5888,65536,MSAVI,-0.05078125,37375,,,,
2139,0,patch_30_22,7680,7936,5632,5888,65536,NDVI,-0.99609375,28161,4490.0,0.0082450514170498,7677.0,0.0148514124413985
2140,0,patch_30_23,7680,7936,5888,6144,65536,MSAVI,-0.07421875,40429,,,,
2141,0,patch_30_23,7680,7936,5888,6144,65536,NDVI,-0.99609375,25107,3264.0,0.0118603516501684,5394.0,0.0184759092036062
2142,0,patch_30_24,7680,7936,6144,6400,65536,MSAVI,-0.10546875,36469,,,,
2143,0,patch_30_24,7680,7936,6144,6400,65536,NDVI,-0.99609375,29067,7760.0,0.0083324339428215,13304.0,0.0183842895177646
2144,0,patch_30_25,7680,7936,6400,6656,65536,MSAVI,-0.03515625,35944,,,,
2145,0,patch_30_25,7680,7936,6400,6656,65536,NDVI,-0.99609375,29592,6120.0,0.0080874513202718,9076.0,0.0158994815041844
2146,0,patch_30_26,7680,7936,6656,6912,65536,MSAVI,-0.22265625,38339,,,,
2147,0,patch_30_26,7680,7936,6656,6912,65536,NDVI,-0.99609375,27197,2395.0,0.0112720628934087,4479.0,0.0144697809410216
2148,0,patch_30_27,7680,7936,6912,7168,65536,MSAVI,-0.05859375,37821,,,,
2149,0,patch_30_27,7680,7936,6912,7168,65536,NDVI,-0.99609375,27715,4384.0,0.010926081102893,8089.0,0.0178402397140748
2150,0,patch_30_28,7680,7936,7168,7424,65536,MSAVI,-0.21484375,37123,,,,
2151,0,patch_30_28,7680,7936,7168,7424,65536,NDVI,-0.99609375,28413,5914.0,0.0088426988702292,8969.0,0.0167503042573537
2152,0,patch_30_29,7680,7936,7424,7680,65536,MSAVI,-0.12890625,36167,,,,
2153,0,patch_30_29,7680,7936,7424,7680,65536,NDVI,-0.99609375,29369,6545.0,0.007605594169921,10728.0,0.0150048248630196
2154,0,patch_30_30,7680,7936,7680,7936,65536,MSAVI,-0.09765625,35260,,,,
2155,0,patch_30_30,7680,7936,7680,7936,65536,NDVI,-0.99609375,30276,4412.0,0.0060240064391194,9302.0,0.014507078111649
2156,0,patch_30_31,7680,7936,7936,8192,65536,MSAVI,-0.06640625,36658,,,,
2157,0,patch_30_31,7680,7936,7936,8192,65536,NDVI,-0.99609375,28878,3064.0,0.007774086320703,5112.0,0.0130362436897602
2166,0,patch_31_1,7936,8192,256,512,65536,MSAVI,-0.15234375,36392,,,,
2167,0,patch_31_1,7936,8192,256,512,65536,NDVI,-0.99609375,29144,21230.0,0.0151059125476988,22123.0,0.0222186047063239
2168,0,patch_31_2,7936,8192,512,768,65536,MSAVI,-0.11328125,36606,,,,
2169,0,patch_31_2,7936,8192,512,768,65536,NDVI,-0.99609375,28930,11244.0,0.0128002774200085,13846.0,0.0188632734180131
2170,0,patch_31_3,7936,8192,768,1024,65536,MSAVI,-0.18359375,39026,,,,
2171,0,patch_31_3,7936,8192,768,1024,65536,NDVI,-0.99609375,26510,3475.0,0.0113793653060297,4859.0,0.0165709586641587
2172,0,patch_31_4,7936,8192,1024,1280,65536,MSAVI,-0.15234375,41983,,,,
2173,0,patch_31_4,7936,8192,1024,1280,65536,NDVI,-0.99609375,23553,2380.0,0.0149739923799259,3120.0,0.0208845530156704
2174,0,patch_31_5,7936,8192,1280,1536,65536,MSAVI,-0.01171875,39021,,,,
2175,0,patch_31_5,7936,8192,1280,1536,65536,NDVI,-0.99609375,26515,5677.0,0.0114701745137021,8384.0,0.0195459344335602
2176,0,patch_31_6,7936,8192,1536,1792,65536,MSAVI,-0.04296875,36926,,,,
2177,0,patch_31_6,7936,8192,1536,1792,65536,NDVI,-0.99609375,28610,7816.0,0.0093447064380976,11356.0,0.0160488547614202
2178,0,patch_31_7,7936,8192,1792,2048,65536,MSAVI,-0.19140625,39926,,,,
2179,0,patch_31_7,7936,8192,1792,2048,65536,NDVI,-0.99609375,25610,5305.0,0.0131054274332144,6945.0,0.0199972322826711
2180,0,patch_31_8,7936,8192,2048,2304,65536,MSAVI,-0.18359375,40270,,,,
2181,0,patch_31_8,7936,8192,2048,2304,65536,NDVI,-0.99609375,25266,11226.0,0.0146145439290919,13408.0,0.0221436896632391
2182,0,patch_31_9,7936,8192,2304,2560,65536,MSAVI,-0.13671875,38220,,,,
2183,0,patch_31_9,7936,8192,2304,2560,65536,NDVI,-0.99609375,27316,8641.0,0.0113893269295324,11327.0,0.020139035886852
2184,0,patch_31_10,7936,8192,2560,2816,65536,MSAVI,-0.20703125,35714,,,,
2185,0,patch_31_10,7936,8192,2560,2816,65536,NDVI,-0.99609375,29822,7126.0,0.0085077118080331,11059.0,0.014484253385633
2186,0,patch_31_11,7936,8192,2816,3072,65536,MSAVI,-0.08203125,35110,,,,
2187,0,patch_31_11,7936,8192,2816,3072,65536,NDVI,-0.60546875,30425,7937.0,0.0054451409394961,14826.0,0.014897323677977
2188,0,patch_31_12,7936,8192,3072,3328,65536,MSAVI,-0.10546875,34394,,,,
2189,0,patch_31_12,7936,8192,3072,3328,65536,NDVI,-0.99609375,31142,9361.0,0.0074312673848361,13974.0,0.0155408614557727
2190,0,patch_31_13,7936,8192,3328,3584,65536,MSAVI,-0.05859375,38544,,,,
2191,0,patch_31_13,7936,8192,3328,3584,65536,NDVI,-0.99609375,26992,5052.0,0.0113491666876454,5885.0,0.0162305437925561
2192,0,patch_31_14,7936,8192,3584,3840,65536,MSAVI,-0.13671875,37811,,,,
2193,0,patch_31_14,7936,8192,3584,3840,65536,NDVI,-0.99609375,27725,2295.0,0.0103708744034365,3839.0,0.0146882553892219
2194,0,patch_31_15,7936,8192,3840,4096,65536,MSAVI,-0.05078125,36946,,,,
2195,0,patch_31_15,7936,8192,3840,4096,65536,NDVI,-0.99609375,28590,3804.0,0.0093236258309565,7309.0,0.0154880458719313
2196,0,patch_31_16,7936,8192,4096,4352,65536,MSAVI,-0.16015625,36090,,,,
2197,0,patch_31_16,7936,8192,4096,4352,65536,NDVI,-0.99609375,29446,7056.0,0.0074280274708471,11233.0,0.0160894004783601
2198,0,patch_31_17,7936,8192,4352,4608,65536,MSAVI,-0.14453125,38193,,,,
2199,0,patch_31_17,7936,8192,4352,4608,65536,NDVI,-0.99609375,27343,3432.0,0.0096131640471758,7321.0,0.0181961310947611
2200,0,patch_31_18,7936,8192,4608,4864,65536,MSAVI,-0.13671875,37230,,,,
2201,0,patch_31_18,7936,8192,4608,4864,65536,NDVI,-0.99609375,28306,3334.0,0.008938039997254,7751.0,0.0162463308678372
2202,0,patch_31_19,7936,8192,4864,5120,65536,MSAVI,-0.31640625,38638,,,,
2203,0,patch_31_19,7936,8192,4864,5120,65536,NDVI,-0.99609375,26898,4154.0,0.0123456267832963,6569.0,0.0179622355391614
2204,0,patch_31_20,7936,8192,5120,5376,65536,MSAVI,-0.13671875,36712,,,,
2205,0,patch_31_20,7936,8192,5120,5376,65536,NDVI,-0.99609375,28824,6487.0,0.0102886227865269,10209.0,0.0146868425540992
2206,0,patch_31_21,7936,8192,5376,5632,65536,MSAVI,-0.13671875,41306,,,,
2207,0,patch_31_21,7936,8192,5376,5632,65536,NDVI,-0.99609375,24230,5219.0,0.0134108608425138,8560.0,0.0195286023043171
2208,0,patch_31_22,7936,8192,5632,5888,65536,MSAVI,-0.11328125,39265,,,,
2209,0,patch_31_22,7936,8192,5632,5888,65536,NDVI,-0.99609375,26271,3043.0,0.0113074033691779,5007.0,0.017157577205104
2210,0,patch_31_23,7936,8192,5888,6144,65536,MSAVI,-0.24609375,39255,,,,
2211,0,patch_31_23,7936,8192,5888,6144,65536,NDVI,-0.99609375,26281,6322.0,0.012405279501543,8649.0,0.019878203651326
2212,0,patch_31_24,7936,8192,6144,6400,65536,MSAVI,-0.17578125,36061,,,,
2213,0,patch_31_24,7936,8192,6144,6400,65536,NDVI,-0.99609375,29475,8213.0,0.0090826900078676,12255.0,0.0168605940443808
2214,0,patch_31_25,7936,8192,6400,6656,65536,MSAVI,-0.04296875,37317,,,,
2215,0,patch_31_25,7936,8192,6400,6656,65536,NDVI,-0.99609375,28219,3068.0,0.0090121752939879,6837.0,0.0160551345295492
2216,0,patch_31_26,7936,8192,6656,6912,65536,MSAVI,-0.18359375,38516,,,,
2217,0,patch_31_26,7936,8192,6656,6912,65536,NDVI,-0.99609375,27020,4107.0,0.011243352248957,6566.0,0.0176002256484253
2218,0,patch_31_27,7936,8192,6912,7168,65536,MSAVI,-0.04296875,36213,,,,
2219,0,patch_31_27,7936,8192,6912,7168,65536,NDVI,-0.99609375,29323,6133.0,0.0081774469297708,9566.0,0.0147624871069622
2220,0,patch_31_28,7936,8192,7168,7424,65536,MSAVI,-0.05859375,34713,,,,
2221,0,patch_31_28,7936,8192,7168,7424,65536,NDVI,-0.99609375,30823,6864.0,0.0061453805552738,12615.0,0.0149586844271726
2222,0,patch_31_29,7936,8192,7424,7680,65536,MSAVI,0.01171875,34228,,,,
2223,0,patch_31_29,7936,8192,7424,7680,65536,NDVI,-0.99609375,31308,9425.0,0.0071245381650832,13621.0,0.0148904915948915
2224,0,patch_31_30,7936,8192,7680,7936,65536,MSAVI,-0.03515625,36013,,,,
2225,0,patch_31_30,7936,8192,7680,7936,65536,NDVI,-0.99609375,29523,7971.0,0.0075575713398879,11817.0,0.0143700359297189
2226,0,patch_31_31,7936,8192,7936,8192,65536,MSAVI,-0.11328125,37533,,,,
2227,0,patch_31_31,7936,8192,7936,8192,65536,NDVI,-0.99609375,28003,2300.0,0.0094708631557873,3822.0,0.013966995321842
2238,0,patch_32_4,8192,8448,1024,1280,65536,MSAVI,-0.26953125,39390,,,,
2239,0,patch_32_4,8192,8448,1024,1280,65536,NDVI,-0.99609375,26146,5990.0,0.0129616354477843,7627.0,0.0187756171979594
2240,0,patch_32_5,8192,8448,1280,1536,65536,MSAVI,-0.23046875,39856,,,,
2241,0,patch_32_5,8192,8448,1280,1536,65536,NDVI,-0.99609375,25680,7176.0,0.0130379308336834,10603.0,0.0235208843438261
2242,0,patch_32_6,8192,8448,1536,1792,65536,MSAVI,-0.25390625,36285,,,,
2243,0,patch_32_6,8192,8448,1536,1792,65536,NDVI,-0.99609375,29251,11277.0,0.0100929596179869,14009.0,0.017045508162796
2244,0,patch_32_7,8192,8448,1792,2048,65536,MSAVI,-0.07421875,35488,,,,
2245,0,patch_32_7,8192,8448,1792,2048,65536,NDVI,-0.99609375,30048,13898.0,0.0084504195701521,17703.0,0.0172034957356166
2246,0,patch_32_8,8192,8448,2048,2304,65536,MSAVI,-0.23828125,35087,,,,
2247,0,patch_32_8,8192,8448,2048,2304,65536,NDVI,-0.99609375,30449,21482.0,0.0165429452458147,22791.0,0.0238854589973276
2248,0,patch_32_9,8192,8448,2304,2560,65536,MSAVI,-0.04296875,33798,,,,
2249,0,patch_32_9,8192,8448,2304,2560,65536,NDVI,-0.99609375,31738,24086.0,0.0104840747784819,27671.0,0.0232243931414324
2250,0,patch_32_10,8192,8448,2560,2816,65536,MSAVI,-0.09765625,32574,,,,
2251,0,patch_32_10,8192,8448,2560,2816,65536,NDVI,-0.99609375,32962,14851.0,0.0045965502154691,21168.0,0.0142887682819247
2252,0,patch_32_11,8192,8448,2816,3072,65536,MSAVI,-0.09765625,36197,,,,
2253,0,patch_32_11,8192,8448,2816,3072,65536,NDVI,-0.63671875,29338,10355.0,0.0084649898507493,15160.0,0.0193040095052903
2254,0,patch_32_12,8192,8448,3072,3328,65536,MSAVI,-0.14453125,38695,,,,
2255,0,patch_32_12,8192,8448,3072,3328,65536,NDVI,-0.99609375,26841,1821.0,0.0121882781859755,4429.0,0.0180658710479856
2256,0,patch_32_13,8192,8448,3328,3584,65536,MSAVI,-0.03515625,36425,,,,
2257,0,patch_32_13,8192,8448,3328,3584,65536,NDVI,-0.99609375,29111,7333.0,0.0075784289563943,12292.0,0.0176281029286612
2258,0,patch_32_14,8192,8448,3584,3840,65536,MSAVI,-0.06640625,35808,,,,
2259,0,patch_32_14,8192,8448,3584,3840,65536,NDVI,-0.99609375,29728,4045.0,0.0067458750416411,8355.0,0.0136899995081661
2260,0,patch_32_15,8192,8448,3840,4096,65536,MSAVI,-0.19140625,40917,,,,
2261,0,patch_32_15,8192,8448,3840,4096,65536,NDVI,-0.99609375,24619,4429.0,0.0148967680260821,6500.0,0.0234051414243898
2262,0,patch_32_16,8192,8448,4096,4352,65536,MSAVI,-0.16015625,38851,,,,
2263,0,patch_32_16,8192,8448,4096,4352,65536,NDVI,-0.99609375,26685,5311.0,0.0114669633145098,6428.0,0.0171452895751116
2264,0,patch_32_17,8192,8448,4352,4608,65536,MSAVI,0.00390625,40405,,,,
2265,0,patch_32_17,8192,8448,4352,4608,65536,NDVI,-0.99609375,25131,3610.0,0.0115373638760128,4424.0,0.0187279876551717
2266,0,patch_32_18,8192,8448,4608,4864,65536,MSAVI,-0.06640625,37479,,,,
2267,0,patch_32_18,8192,8448,4608,4864,65536,NDVI,-0.99609375,28057,1496.0,0.0077557242110476,3545.0,0.0145286619896727
2268,0,patch_32_19,8192,8448,4864,5120,65536,MSAVI,-0.22265625,37101,,,,
2269,0,patch_32_19,8192,8448,4864,5120,65536,NDVI,-0.99609375,28435,3271.0,0.0093189463923973,6942.0,0.0154488764770178
2270,0,patch_32_20,8192,8448,5120,5376,65536,MSAVI,-0.13671875,39621,,,,
2271,0,patch_32_20,8192,8448,5120,5376,65536,NDVI,-0.99609375,25915,4034.0,0.0135684359721741,7427.0,0.0222231104331721
2272,0,patch_32_21,8192,8448,5376,5632,65536,MSAVI,-0.23046875,43698,,,,
2273,0,patch_32_21,8192,8448,5376,5632,65536,NDVI,-0.99609375,21838,3655.0,0.017381402587925,4445.0,0.0249646374401508
2274,0,patch_32_22,8192,8448,5632,5888,65536,MSAVI,-0.13671875,38945,,,,
2275,0,patch_32_22,8192,8448,5632,5888,65536,NDVI,-0.99609375,26591,1692.0,0.0099360751791297,3086.0,0.0158582555495898
2276,0,patch_32_23,8192,8448,5888,6144,65536,MSAVI,-0.32421875,37396,,,,
2277,0,patch_32_23,8192,8448,5888,6144,65536,NDVI,-0.99609375,28140,6282.0,0.0095599214550446,8889.0,0.0172594865543658
2278,0,patch_32_24,8192,8448,6144,6400,65536,MSAVI,0.08203125,34943,,,,
2279,0,patch_32_24,8192,8448,6144,6400,65536,NDVI,-0.99609375,30593,5451.0,0.0057024146649256,8876.0,0.0133804230339242
2280,0,patch_32_25,8192,8448,6400,6656,65536,MSAVI,0.09765625,37120,,,,
2281,0,patch_32_25,8192,8448,6400,6656,65536,NDVI,-0.99609375,28416,5308.0,0.0086065615003992,8445.0,0.0144473747868755
2282,0,patch_32_26,8192,8448,6656,6912,65536,MSAVI,-0.17578125,39243,,,,
2283,0,patch_32_26,8192,8448,6656,6912,65536,NDVI,-0.99609375,26293,5884.0,0.0145084971756462,8340.0,0.0185285378084495
2284,0,patch_32_27,8192,8448,6912,7168,65536,MSAVI,-0.21484375,40024,,,,
2285,0,patch_32_27,8192,8448,6912,7168,65536,NDVI,-0.99609375,25512,10042.0,0.01515975395577,12386.0,0.0225387345008824
2286,0,patch_32_28,8192,8448,7168,7424,65536,MSAVI,-0.11328125,37751,,,,
2287,0,patch_32_28,8192,8448,7168,7424,65536,NDVI,-0.99609375,27785,4737.0,0.0097592937389919,6359.0,0.0157057607104557
2288,0,patch_32_29,8192,8448,7424,7680,65536,MSAVI,-0.08203125,35761,,,,
2289,0,patch_32_29,8192,8448,7424,7680,65536,NDVI,-0.99609375,29775,3866.0,0.0065199869226686,8344.0,0.0141594427579278
2290,0,patch_32_30,8192,8448,7680,7936,65536,MSAVI,0.00390625,39136,,,,
2291,0,patch_32_30,8192,8448,7680,7936,65536,NDVI,-0.99609375,26400,11209.0,0.01662900626012,11743.0,0.0204813043484008
2308,0,patch_33_7,8448,8704,1792,2048,65487,MSAVI,-0.21484375,38321,,,,
2309,0,patch_33_7,8448,8704,1792,2048,65487,NDVI,-0.67578125,27213,6839.0,0.010268418541341,10146.0,0.0175192881886894
2310,0,patch_33_8,8448,8704,2048,2304,65536,MSAVI,-0.30078125,35164,,,,
2311,0,patch_33_8,8448,8704,2048,2304,65536,NDVI,-0.99609375,30372,12474.0,0.006527549231144,18591.0,0.0195948917608367
2312,0,patch_33_9,8448,8704,2304,2560,65536,MSAVI,-0.12109375,39189,,,,
2313,0,patch_33_9,8448,8704,2304,2560,65536,NDVI,-0.99609375,26347,14943.0,0.0216895028664503,65536.0,0.024257467518352
2314,0,patch_33_10,8448,8704,2560,2816,65536,MSAVI,0.00390625,34533,,,,
2315,0,patch_33_10,8448,8704,2560,2816,65536,NDVI,-0.58203125,31002,22962.0,0.0139555210428947,65536.0,0.0230863052220056
2316,0,patch_33_11,8448,8704,2816,3072,65536,MSAVI,-0.04296875,35822,,,,
2317,0,patch_33_11,8448,8704,2816,3072,65536,NDVI,-0.99609375,29714,9853.0,0.0068193886068858,13197.0,0.0182475081319326
2318,0,patch_33_12,8448,8704,3072,3328,65536,MSAVI,-0.17578125,40945,,,,
2319,0,patch_33_12,8448,8704,3072,3328,65536,NDVI,-0.99609375,24591,4944.0,0.0145811412407633,5952.0,0.0202281186790958
2320,0,patch_33_13,8448,8704,3328,3584,65536,MSAVI,-0.09765625,38726,,,,
2321,0,patch_33_13,8448,8704,3328,3584,65536,NDVI,-0.99609375,26810,15462.0,0.0204460957769761,65461.0,0.0241538959865224
2322,0,patch_33_14,8448,8704,3584,3840,65536,MSAVI,-0.11328125,36813,,,,
2323,0,patch_33_14,8448,8704,3584,3840,65536,NDVI,-0.99609375,28723,6371.0,0.0077424900284011,9669.0,0.0164937104885766
2324,0,patch_33_15,8448,8704,3840,4096,65536,MSAVI,-0.01171875,36755,,,,
2325,0,patch_33_15,8448,8704,3840,4096,65536,NDVI,-0.99609375,28781,3607.0,0.0092742978810096,5957.0,0.0153246014943567
2326,0,patch_33_16,8448,8704,4096,4352,65536,MSAVI,-0.19921875,39456,,,,
2327,0,patch_33_16,8448,8704,4096,4352,65536,NDVI,-0.99609375,26080,2595.0,0.0111711763430257,5197.0,0.0181814674289919
2328,0,patch_33_17,8448,8704,4352,4608,65536,MSAVI,-0.20703125,37521,,,,
2329,0,patch_33_17,8448,8704,4352,4608,65536,NDVI,-0.99609375,28015,5402.0,0.0085489191512643,7414.0,0.0161105698184808
2330,0,patch_33_18,8448,8704,4608,4864,65536,MSAVI,-0.01171875,36020,,,,
2331,0,patch_33_18,8448,8704,4608,4864,65536,NDVI,-0.62890625,29516,2530.0,0.0091407529403483,4724.0,0.0137861660425193
2332,0,patch_33_19,8448,8704,4864,5120,65536,MSAVI,-0.16015625,36449,,,,
2333,0,patch_33_19,8448,8704,4864,5120,65536,NDVI,-0.64453125,29084,4724.0,0.0079096691187253,8476.0,0.0151543676021589
2334,0,patch_33_20,8448,8704,5120,5376,65536,MSAVI,-0.15234375,38614,,,,
2335,0,patch_33_20,8448,8704,5120,5376,65536,NDVI,-0.99609375,26922,6109.0,0.0133180667758116,7840.0,0.01929766858013
2336,0,patch_33_21,8448,8704,5376,5632,65536,MSAVI,-0.08203125,39530,,,,
2337,0,patch_33_21,8448,8704,5376,5632,65536,NDVI,-0.99609375,26006,2569.0,0.0118540576816534,3770.0,0.018126631813768
2338,0,patch_33_22,8448,8704,5632,5888,65536,MSAVI,-0.05078125,38807,,,,
2339,0,patch_33_22,8448,8704,5632,5888,65536,NDVI,-0.99609375,26729,4888.0,0.0093592517245753,7658.0,0.0171038257296368
2340,0,patch_33_23,8448,8704,5888,6144,65536,MSAVI,-0.31640625,37629,,,,
2341,0,patch_33_23,8448,8704,5888,6144,65536,NDVI,-0.99609375,27907,8893.0,0.0114461395711818,11649.0,0.0189245704570971
2342,0,patch_33_24,8448,8704,6144,6400,65536,MSAVI,-0.24609375,35788,,,,
2343,0,patch_33_24,8448,8704,6144,6400,65536,NDVI,-0.99609375,29748,7886.0,0.0072024251333218,12019.0,0.0166189435852942
2344,0,patch_33_25,8448,8704,6400,6656,65536,MSAVI,-0.24609375,36122,,,,
2345,0,patch_33_25,8448,8704,6400,6656,65536,NDVI,-0.99609375,29414,4574.0,0.0070963900614125,8578.0,0.0148132086000685
2346,0,patch_33_26,8448,8704,6656,6912,65536,MSAVI,-0.13671875,38193,,,,
2347,0,patch_33_26,8448,8704,6656,6912,65536,NDVI,-0.99609375,27343,5422.0,0.0125820866003813,8665.0,0.0194631249686313
2348,0,patch_33_27,8448,8704,6912,7168,65536,MSAVI,0.13671875,36084,,,,
2349,0,patch_33_27,8448,8704,6912,7168,65536,NDVI,-0.99609375,29452,7946.0,0.0095781530149958,13478.0,0.0184935846555207
2350,0,patch_33_28,8448,8704,7168,7424,65536,MSAVI,-0.05078125,33795,,,,
2351,0,patch_33_28,8448,8704,7168,7424,65536,NDVI,-0.99609375,31741,7860.0,0.0048844438409359,15309.0,0.0133313223906535
2352,0,patch_33_29,8448,8704,7424,7680,65536,MSAVI,-0.13671875,36979,,,,
2353,0,patch_33_29,8448,8704,7424,7680,65536,NDVI,-0.99609375,28557,7039.0,0.0082334447636038,10897.0,0.0147433279699234
2354,0,patch_33_30,8448,8704,7680,7936,65536,MSAVI,-0.11328125,37733,,,,
2355,0,patch_33_30,8448,8704,7680,7936,65536,NDVI,-0.99609375,27803,2460.0,0.0083378334936275,5355.0,0.0139844052043704
2382,0,patch_34_11,8704,8960,2816,3072,65536,MSAVI,-0.15234375,36680,,,,
2383,0,patch_34_11,8704,8960,2816,3072,65536,NDVI,-0.99609375,28856,10787.0,0.0103216260791526,11832.0,0.0156800024247526
2384,0,patch_34_12,8704,8960,3072,3328,65536,MSAVI,-0.07421875,43572,,,,
2385,0,patch_34_12,8704,8960,3072,3328,65536,NDVI,-0.99609375,21964,5653.0,0.0211539578085048,5434.0,0.0255411498984806
2386,0,patch_34_13,8704,8960,3328,3584,65536,MSAVI,-0.21484375,44899,,,,
2387,0,patch_34_13,8704,8960,3328,3584,65536,NDVI,-0.99609375,20637,12024.0,0.0249020479595652,65536.0,0.0329548391428034
2388,0,patch_34_14,8704,8960,3584,3840,65536,MSAVI,-0.15234375,38995,,,,
2389,0,patch_34_14,8704,8960,3584,3840,65536,NDVI,-0.99609375,26541,3857.0,0.0112463010080601,5522.0,0.0165514416062498
2390,0,patch_34_15,8704,8960,3840,4096,65536,MSAVI,-0.15234375,38365,,,,
2391,0,patch_34_15,8704,8960,3840,4096,65536,NDVI,-0.99609375,27171,2990.0,0.0099475666823411,3316.0,0.0154768915861353
2392,0,patch_34_16,8704,8960,4096,4352,65536,MSAVI,-0.16015625,37088,,,,
2393,0,patch_34_16,8704,8960,4096,4352,65536,NDVI,-0.99609375,28448,2111.0,0.0094983825189625,4147.0,0.0127475203130753
2394,0,patch_34_17,8704,8960,4352,4608,65536,MSAVI,-0.07421875,36535,,,,
2395,0,patch_34_17,8704,8960,4352,4608,65536,NDVI,-0.99609375,29001,3438.0,0.0076848611044237,6692.0,0.0147801336722701
2396,0,patch_34_18,8704,8960,4608,4864,65536,MSAVI,-0.07421875,36480,,,,
2397,0,patch_34_18,8704,8960,4608,4864,65536,NDVI,-0.60546875,29056,5865.0,0.0081622670977278,9937.0,0.0170228329440806
2398,0,patch_34_19,8704,8960,4864,5120,65536,MSAVI,-0.17578125,37274,,,,
2399,0,patch_34_19,8704,8960,4864,5120,65536,NDVI,-0.68359375,28251,6747.0,0.0088983640535967,8204.0,0.0151469684330882
2400,0,patch_34_20,8704,8960,5120,5376,65536,MSAVI,-0.33984375,37883,,,,
2401,0,patch_34_20,8704,8960,5120,5376,65536,NDVI,-0.99609375,27653,3035.0,0.0092760446895105,4490.0,0.0142120772163832
2402,0,patch_34_21,8704,8960,5376,5632,65536,MSAVI,-0.23828125,37829,,,,
2403,0,patch_34_21,8704,8960,5376,5632,65536,NDVI,-0.99609375,27707,2373.0,0.0088680505699502,5272.0,0.0162498172089688
2404,0,patch_34_22,8704,8960,5632,5888,65536,MSAVI,-0.11328125,37187,,,,
2405,0,patch_34_22,8704,8960,5632,5888,65536,NDVI,-0.99609375,28349,6521.0,0.0100770606311057,9852.0,0.016259313587883
2406,0,patch_34_23,8704,8960,5888,6144,65536,MSAVI,-0.41015625,39334,,,,
2407,0,patch_34_23,8704,8960,5888,6144,65536,NDVI,-0.99609375,26202,8786.0,0.0125595020849345,11461.0,0.0219849196785183
2408,0,patch_34_24,8704,8960,6144,6400,65536,MSAVI,-0.33203125,42616,,,,
2409,0,patch_34_24,8704,8960,6144,6400,65536,NDVI,-0.99609375,22920,8806.0,0.0194147352487772,10010.0,0.0259464375464999
2410,0,patch_34_25,8704,8960,6400,6656,65536,MSAVI,-0.30078125,37394,,,,
2411,0,patch_34_25,8704,8960,6400,6656,65536,NDVI,-0.99609375,28142,3540.0,0.0077905611666182,7122.0,0.0140006855311665
2412,0,patch_34_26,8704,8960,6656,6912,65536,MSAVI,-0.12109375,36762,,,,
2413,0,patch_34_26,8704,8960,6656,6912,65536,NDVI,-0.99609375,28774,4771.0,0.0074742922103294,7822.0,0.0164367239314973
2414,0,patch_34_27,8704,8960,6912,7168,65536,MSAVI,0.03515625,34596,,,,
2415,0,patch_34_27,8704,8960,6912,7168,65536,NDVI,-0.99609375,30940,5127.0,0.0048878095545422,10763.0,0.0136480396599076
2416,0,patch_34_28,8704,8960,7168,7424,65536,MSAVI,-0.16015625,37042,,,,
2417,0,patch_34_28,8704,8960,7168,7424,65536,NDVI,-0.99609375,28494,7597.0,0.0093532227946407,12980.0,0.017729898543675
2418,0,patch_34_29,8704,8960,7424,7680,65536,MSAVI,-0.02734375,34555,,,,
2419,0,patch_34_29,8704,8960,7424,7680,65536,NDVI,-0.99609375,30981,6013.0,0.0053839776556302,12140.0,0.0142230120940962
2420,0,patch_34_30,8704,8960,7680,7936,65536,MSAVI,-0.12890625,35626,,,,
2421,0,patch_34_30,8704,8960,7680,7936,65536,NDVI,-0.99609375,29910,8141.0,0.008218626191717,11675.0,0.0148056121799498
2454,0,patch_35_14,8960,9216,3584,3840,65536,MSAVI,-0.13671875,42060,,,,
2455,0,patch_35_14,8960,9216,3584,3840,65536,NDVI,-0.99609375,23476,2912.0,0.0175543817233143,3953.0,0.0217944623763564
2456,0,patch_35_15,8960,9216,3840,4096,65536,MSAVI,-0.14453125,41380,,,,
2457,0,patch_35_15,8960,9216,3840,4096,65536,NDVI,-0.99609375,24156,1077.0,0.0138937409654967,1773.0,0.0196691141654356
2458,0,patch_35_16,8960,9216,4096,4352,65536,MSAVI,-0.17578125,39213,,,,
2459,0,patch_35_16,8960,9216,4096,4352,65536,NDVI,-0.99609375,26323,1377.0,0.010238653619246,2614.0,0.0160764305597081
2460,0,patch_35_17,8960,9216,4352,4608,65536,MSAVI,-0.10546875,40241,,,,
2461,0,patch_35_17,8960,9216,4352,4608,65536,NDVI,-0.99609375,25295,3162.0,0.0141112249606411,4358.0,0.0185560353065274
2462,0,patch_35_18,8960,9216,4608,4864,65536,MSAVI,-0.10546875,38868,,,,
2463,0,patch_35_18,8960,9216,4608,4864,65536,NDVI,-0.99609375,26668,5834.0,0.0100298553057847,6991.0,0.0161337525095291
2464,0,patch_35_19,8960,9216,4864,5120,65536,MSAVI,-0.09765625,38399,,,,
2465,0,patch_35_19,8960,9216,4864,5120,65536,NDVI,-0.99609375,27137,6100.0,0.0104623778336223,8594.0,0.0174857801719859
2466,0,patch_35_20,8960,9216,5120,5376,65536,MSAVI,-0.09765625,35867,,,,
2467,0,patch_35_20,8960,9216,5120,5376,65536,NDVI,-0.99609375,29669,4200.0,0.0073192806735808,7982.0,0.0135004952697431
2468,0,patch_35_21,8960,9216,5376,5632,65536,MSAVI,0.00390625,36064,,,,
2469,0,patch_35_21,8960,9216,5376,5632,65536,NDVI,-0.99609375,29472,3784.0,0.0069730995732589,8072.0,0.0147795111355228
2470,0,patch_35_22,8960,9216,5632,5888,65536,MSAVI,-0.16015625,35968,,,,
2471,0,patch_35_22,8960,9216,5632,5888,65536,NDVI,-0.99609375,29568,5228.0,0.0076187399519771,9117.0,0.014933574541105
2472,0,patch_35_23,8960,9216,5888,6144,65536,MSAVI,-0.22265625,36524,,,,
2473,0,patch_35_23,8960,9216,5888,6144,65536,NDVI,-0.99609375,29012,8394.0,0.0085588339865917,12754.0,0.0179586305149098
2474,0,patch_35_24,8960,9216,6144,6400,65536,MSAVI,-0.15234375,39497,,,,
2475,0,patch_35_24,8960,9216,6144,6400,65536,NDVI,-0.99609375,26039,2817.0,0.0111017311124501,4322.0,0.0153187034652905
2476,0,patch_35_25,8960,9216,6400,6656,65536,MSAVI,-0.26171875,35778,,,,
2477,0,patch_35_25,8960,9216,6400,6656,65536,NDVI,-0.99609375,29758,7367.0,0.0068807001111567,11802.0,0.0155905695655761
2478,0,patch_35_26,8960,9216,6656,6912,65536,MSAVI,-0.26171875,37047,,,,
2479,0,patch_35_26,8960,9216,6656,6912,65536,NDVI,-0.99609375,28489,5999.0,0.0106866902169606,9977.0,0.0181728174320103
2480,0,patch_35_27,8960,9216,6912,7168,65536,MSAVI,-0.18359375,34944,,,,
2481,0,patch_35_27,8960,9216,6912,7168,65536,NDVI,-0.99609375,30592,7911.0,0.0087055506588415,11756.0,0.0145508325153389
2482,0,patch_35_28,8960,9216,7168,7424,65536,MSAVI,-0.01953125,34897,,,,
2483,0,patch_35_28,8960,9216,7168,7424,65536,NDVI,-0.99609375,30639,11185.0,0.0079260085199247,15433.0,0.0162327700925725
2484,0,patch_35_29,8960,9216,7424,7680,65536,MSAVI,-0.05859375,36829,,,,
2485,0,patch_35_29,8960,9216,7424,7680,65536,NDVI,-0.99609375,28707,7593.0,0.0100158787342753,10700.0,0.0172688496914726
2524,0,patch_36_18,9216,9472,4608,4864,65536,MSAVI,-0.21484375,37525,,,,
2525,0,patch_36_18,9216,9472,4608,4864,65536,NDVI,-0.99609375,28011,6235.0,0.0107125783098823,8170.0,0.0171129732390415
2526,0,patch_36_19,9216,9472,4864,5120,65536,MSAVI,-0.19140625,38550,,,,
2527,0,patch_36_19,9216,9472,4864,5120,65536,NDVI,-0.60546875,26985,7151.0,0.0092290396384553,9781.0,0.0175344419070458
2528,0,patch_36_20,9216,9472,5120,5376,65536,MSAVI,-0.24609375,38384,,,,
2529,0,patch_36_20,9216,9472,5120,5376,65536,NDVI,-0.99609375,27152,9000.0,0.014849858140102,11541.0,0.0203626945672637
2530,0,patch_36_21,9216,9472,5376,5632,65536,MSAVI,-0.21484375,36123,,,,
2531,0,patch_36_21,9216,9472,5376,5632,65536,NDVI,-0.60546875,29413,13621.0,0.010748292481951,17792.0,0.0187246868471528
2532,0,patch_36_22,9216,9472,5632,5888,65536,MSAVI,-0.19140625,39669,,,,
2533,0,patch_36_22,9216,9472,5632,5888,65536,NDVI,-0.99609375,25867,5472.0,0.0110300754378933,9187.0,0.0190903381740079
2534,0,patch_36_23,9216,9472,5888,6144,65536,MSAVI,0.01953125,38959,,,,
2535,0,patch_36_23,9216,9472,5888,6144,65536,NDVI,-0.99609375,26577,6128.0,0.0133130124484615,7885.0,0.0167482851199526
2536,0,patch_36_24,9216,9472,6144,6400,65536,MSAVI,-0.20703125,37078,,,,
2537,0,patch_36_24,9216,9472,6144,6400,65536,NDVI,-0.99609375,28458,3171.0,0.0099807322038217,6302.0,0.0168353037145033
2538,0,patch_36_25,9216,9472,6400,6656,65536,MSAVI,-0.10546875,36537,,,,
2539,0,patch_36_25,9216,9472,6400,6656,65536,NDVI,-0.99609375,28999,4982.0,0.0086893606022916,7697.0,0.0146738491248426
2540,0,patch_36_26,9216,9472,6656,6912,65536,MSAVI,-0.14453125,39549,,,,
2541,0,patch_36_26,9216,9472,6656,6912,65536,NDVI,-0.99609375,25987,6755.0,0.0128175765391167,7773.0,0.0188443515538289
2542,0,patch_36_27,9216,9472,6912,7168,65536,MSAVI,-0.08984375,34530,,,,
2543,0,patch_36_27,9216,9472,6912,7168,65536,NDVI,-0.99609375,31006,8309.0,0.0066170766899481,13083.0,0.0148356984362189
2544,0,patch_36_28,9216,9472,7168,7424,65536,MSAVI,-0.19140625,42610,,,,
2545,0,patch_36_28,9216,9472,7168,7424,65536,NDVI,-0.99609375,22926,6143.0,0.0205951626181801,7266.0,0.0250106363632006
2546,0,patch_36_29,9216,9472,7424,7680,65536,MSAVI,-0.06640625,37244,,,,
2547,0,patch_36_29,9216,9472,7424,7680,65536,NDVI,-0.99609375,28292,5462.0,0.0101481483858679,7404.0,0.0140475874006054
2596,0,patch_37_21,9472,9728,5376,5632,65536,MSAVI,-0.13671875,40151,,,,
2597,0,patch_37_21,9472,9728,5376,5632,65536,NDVI,-0.99609375,25385,11134.0,0.0195039412726621,11363.0,0.0234246458153798
2598,0,patch_37_22,9472,9728,5632,5888,65536,MSAVI,-0.16796875,38752,,,,
2599,0,patch_37_22,9472,9728,5632,5888,65536,NDVI,-0.99609375,26784,5820.0,0.0121982713839557,8248.0,0.018004368310883
2600,0,patch_37_23,9472,9728,5888,6144,65536,MSAVI,-0.23046875,37351,,,,
2601,0,patch_37_23,9472,9728,5888,6144,65536,NDVI,-0.99609375,28185,5082.0,0.0090575458471442,7410.0,0.014285509127674
2602,0,patch_37_24,9472,9728,6144,6400,65536,MSAVI,-0.13671875,33264,,,,
2603,0,patch_37_24,9472,9728,6144,6400,65536,NDVI,-0.99609375,32272,6456.0,0.0042737017947795,14451.0,0.0132369022003736
2604,0,patch_37_25,9472,9728,6400,6656,65536,MSAVI,-0.11328125,38120,,,,
2605,0,patch_37_25,9472,9728,6400,6656,65536,NDVI,-0.99609375,27416,5515.0,0.0097549235691759,9074.0,0.0189266699138435
2606,0,patch_37_26,9472,9728,6656,6912,65536,MSAVI,-0.26171875,37978,,,,
2607,0,patch_37_26,9472,9728,6656,6912,65536,NDVI,-0.99609375,27558,9607.0,0.0113899603064202,13290.0,0.0213627717356976
2608,0,patch_37_27,9472,9728,6912,7168,65536,MSAVI,-0.02734375,36036,,,,
2609,0,patch_37_27,9472,9728,6912,7168,65536,NDVI,-0.99609375,29500,6621.0,0.0069533532273758,10968.0,0.0169965510384771
2610,0,patch_37_28,9472,9728,7168,7424,65536,MSAVI,-0.05078125,38938,,,,
2611,0,patch_37_28,9472,9728,7168,7424,65536,NDVI,-0.99609375,26598,3196.0,0.0108081787392751,5762.0,0.0159035907900153
2666,0,patch_38_25,9728,9984,6400,6656,65536,MSAVI,-0.09765625,38545,,,,
2667,0,patch_38_25,9728,9984,6400,6656,65536,NDVI,-0.99609375,26991,5579.0,0.0122123853220656,6902.0,0.0183890558843821
2668,0,patch_38_26,9728,9984,6656,6912,65536,MSAVI,-0.12109375,39410,,,,
2669,0,patch_38_26,9728,9984,6656,6912,65536,NDVI,-0.99609375,26126,7990.0,0.0150501035115724,10595.0,0.0198021331292925
2670,0,patch_38_27,9728,9984,6912,7168,65536,MSAVI,-0.15234375,37269,,,,
2671,0,patch_38_27,9728,9984,6912,7168,65536,NDVI,-0.99609375,28267,3466.0,0.0079137092155788,7252.0,0.015929057989957
2672,0,patch_38_28,9728,9984,7168,7424,65536,MSAVI,-0.08203125,35556,,,,
2673,0,patch_38_28,9728,9984,7168,7424,65536,NDVI,-0.99609375,29980,5106.0,0.00735066647309,8916.0,0.0141114344627464
