,Unnamed: 0,patch,start_vert,end_vert,start_horiz,end_horiz,Patch_Area,VegetationIndex,VI_Thresh,VI_Area,Pure_GaborArea,Pure_GaborThresh,LocalHistEq_GaborArea,LocalHistEq_GaborThresh
130,0,patch_1_26,256,512,6656,6912,65401,MSAVI,-0.40234375,44472,,,,
131,0,patch_1_26,256,512,6656,6912,65401,NDVI,-0.99609375,21064,1573.0,0.0202586947029175,2033.0,0.028932614378587
132,0,patch_1_27,256,512,6912,7168,65536,MSAVI,-0.20703125,43677,,,,
133,0,patch_1_27,256,512,6912,7168,65536,NDVI,-0.61328125,21859,1538.0,0.0182424178098317,1873.0,0.0227827708449084
134,0,patch_1_28,256,512,7168,7424,65536,MSAVI,-0.19140625,46743,,,,
135,0,patch_1_28,256,512,7168,7424,65536,NDVI,-0.66796875,18792,2621.0,0.024765484305348,3017.0,0.0298205533830762
136,0,patch_1_29,256,512,7424,7680,65536,MSAVI,-0.26171875,47646,,,,
137,0,patch_1_29,256,512,7424,7680,65536,NDVI,-0.77734375,17566,2196.0,0.026707144100706,2738.0,0.0304314173829274
212,0,patch_2_25,512,768,6400,6656,65536,MSAVI,-0.41015625,46557,,,,
213,0,patch_2_25,512,768,6400,6656,65536,NDVI,-0.99609375,18979,888.0,0.024121690385774,1201.0,0.0321746427198356
214,0,patch_2_26,512,768,6656,6912,65536,MSAVI,-0.21484375,45243,,,,
215,0,patch_2_26,512,768,6656,6912,65536,NDVI,-0.99609375,20293,1199.0,0.0210061945494974,1499.0,0.0297411446891076
216,0,patch_2_27,512,768,6912,7168,65536,MSAVI,0.01953125,41825,,,,
217,0,patch_2_27,512,768,6912,7168,65536,NDVI,-0.99609375,23711,2444.0,0.0132318183781784,3380.0,0.0236142985383169
218,0,patch_2_28,512,768,7168,7424,65536,MSAVI,-0.16015625,46363,,,,
219,0,patch_2_28,512,768,7168,7424,65536,NDVI,-0.69921875,18906,1549.0,0.0216832192018033,1823.0,0.0291192157345902
220,0,patch_2_29,512,768,7424,7680,65536,MSAVI,-0.14453125,41919,,,,
221,0,patch_2_29,512,768,7424,7680,65536,NDVI,-0.69921875,23024,5123.0,0.0167732433716696,7197.0,0.0240541394016945
222,0,patch_2_30,512,768,7680,7936,65536,MSAVI,-0.14453125,44022,,,,
223,0,patch_2_30,512,768,7680,7936,65536,NDVI,-0.75390625,21150,2428.0,0.0190684419203618,3379.0,0.0241819128093239
294,0,patch_3_23,768,1024,5888,6144,65536,MSAVI,-0.22265625,41046,,,,
295,0,patch_3_23,768,1024,5888,6144,65536,NDVI,-0.99609375,24490,4706.0,0.016371972587216,5320.0,0.0218878168437523
296,0,patch_3_24,768,1024,6144,6400,65536,MSAVI,-0.23046875,46864,,,,
297,0,patch_3_24,768,1024,6144,6400,65536,NDVI,-0.99609375,18672,495.0,0.0220943390225519,425.0,0.0290139926777499
298,0,patch_3_25,768,1024,6400,6656,65536,MSAVI,-0.37890625,45417,,,,
299,0,patch_3_25,768,1024,6400,6656,65536,NDVI,-0.99609375,20119,178.0,0.0226369167566193,253.0,0.0280170811543815
300,0,patch_3_26,768,1024,6656,6912,65536,MSAVI,-0.04296875,43385,,,,
301,0,patch_3_26,768,1024,6656,6912,65536,NDVI,-0.99609375,22151,1431.0,0.0167840614097689,2206.0,0.0263266085457606
302,0,patch_3_27,768,1024,6912,7168,65536,MSAVI,-0.11328125,42050,,,,
303,0,patch_3_27,768,1024,6912,7168,65536,NDVI,-0.99609375,23486,6463.0,0.0144337530905125,6931.0,0.0271721387656447
304,0,patch_3_28,768,1024,7168,7424,65536,MSAVI,-0.05859375,44658,,,,
305,0,patch_3_28,768,1024,7168,7424,65536,NDVI,-0.68359375,20845,2578.0,0.019071217569463,3600.0,0.0276423329294137
306,0,patch_3_29,768,1024,7424,7680,65536,MSAVI,-0.23828125,45470,,,,
307,0,patch_3_29,768,1024,7424,7680,65536,NDVI,-0.71484375,18875,2622.0,0.0222442689002405,2518.0,0.0291834166820789
308,0,patch_3_30,768,1024,7680,7936,65536,MSAVI,-0.18359375,43189,,,,
309,0,patch_3_30,768,1024,7680,7936,65536,NDVI,-0.76953125,22261,2090.0,0.0191353455065997,2265.0,0.0212520992852521
374,0,patch_4_22,1024,1280,5632,5888,65536,MSAVI,-0.25390625,45991,,,,
375,0,patch_4_22,1024,1280,5632,5888,65536,NDVI,-0.99609375,19545,253.0,0.021107036791785,818.0,0.0291366208115084
376,0,patch_4_23,1024,1280,5888,6144,65536,MSAVI,-0.15234375,42430,,,,
377,0,patch_4_23,1024,1280,5888,6144,65536,NDVI,-0.99609375,23106,2058.0,0.0152410890313718,2371.0,0.0224213541810409
378,0,patch_4_24,1024,1280,6144,6400,65536,MSAVI,-0.16796875,44310,,,,
379,0,patch_4_24,1024,1280,6144,6400,65536,NDVI,-0.99609375,21226,228.0,0.0191286800104131,542.0,0.0242663343356353
380,0,patch_4_25,1024,1280,6400,6656,65536,MSAVI,-0.15234375,46335,,,,
381,0,patch_4_25,1024,1280,6400,6656,65536,NDVI,-0.99609375,19201,52.0,0.0201338357566472,52.0,0.0275829180443835
382,0,patch_4_26,1024,1280,6656,6912,65536,MSAVI,-0.19921875,44026,,,,
383,0,patch_4_26,1024,1280,6656,6912,65536,NDVI,-0.99609375,21510,2976.0,0.0197461641012157,3475.0,0.030620149744475
384,0,patch_4_27,1024,1280,6912,7168,65536,MSAVI,-0.05078125,44646,,,,
385,0,patch_4_27,1024,1280,6912,7168,65536,NDVI,-0.69140625,20888,2133.0,0.0175328434456999,2188.0,0.0278756913401179
386,0,patch_4_28,1024,1280,7168,7424,65536,MSAVI,-0.01953125,40811,,,,
387,0,patch_4_28,1024,1280,7168,7424,65536,NDVI,-0.99609375,24725,2260.0,0.0134287307375332,2480.0,0.0217280227389907
388,0,patch_4_29,1024,1280,7424,7680,65536,MSAVI,-0.00390625,42795,,,,
389,0,patch_4_29,1024,1280,7424,7680,65536,NDVI,-0.66796875,22688,3194.0,0.0150620700226836,4655.0,0.0248561161529761
390,0,patch_4_30,1024,1280,7680,7936,65536,MSAVI,-0.23828125,44455,,,,
391,0,patch_4_30,1024,1280,7680,7936,65536,NDVI,-0.74609375,20386,515.0,0.0202424244873332,1679.0,0.0246165079222825
392,0,patch_4_31,1024,1280,7936,8192,65536,MSAVI,-0.23828125,48379,,,,
393,0,patch_4_31,1024,1280,7936,8192,65536,NDVI,-0.72265625,17032,374.0,0.0260712427345076,384.0,0.0294032798430537
454,0,patch_5_20,1280,1536,5120,5376,65536,MSAVI,-0.13671875,49604,,,,
455,0,patch_5_20,1280,1536,5120,5376,65536,NDVI,-0.99609375,15932,1174.0,0.0274404706698526,1419.0,0.034314786264676
456,0,patch_5_21,1280,1536,5376,5632,65536,MSAVI,-0.19921875,50160,,,,
457,0,patch_5_21,1280,1536,5376,5632,65536,NDVI,-0.99609375,15376,186.0,0.0285795343366504,337.0,0.0350319203785569
458,0,patch_5_22,1280,1536,5632,5888,65536,MSAVI,-0.19921875,45808,,,,
459,0,patch_5_22,1280,1536,5632,5888,65536,NDVI,-0.59765625,19728,3474.0,0.0195425944263269,3777.0,0.0299532043684681
460,0,patch_5_23,1280,1536,5888,6144,65536,MSAVI,-0.37109375,44070,,,,
461,0,patch_5_23,1280,1536,5888,6144,65536,NDVI,-0.99609375,21466,1584.0,0.0168430192276851,1970.0,0.0276809770122358
462,0,patch_5_24,1280,1536,6144,6400,65536,MSAVI,-0.13671875,43927,,,,
463,0,patch_5_24,1280,1536,6144,6400,65536,NDVI,-0.99609375,21609,3057.0,0.0168033366718247,4280.0,0.0264983645833684
464,0,patch_5_25,1280,1536,6400,6656,65536,MSAVI,-0.03515625,41646,,,,
465,0,patch_5_25,1280,1536,6400,6656,65536,NDVI,-0.57421875,23887,5998.0,0.0150834373447408,6139.0,0.0245624905323981
466,0,patch_5_26,1280,1536,6656,6912,65536,MSAVI,-0.21484375,43781,,,,
467,0,patch_5_26,1280,1536,6656,6912,65536,NDVI,-0.99609375,21755,4718.0,0.020266400057948,4749.0,0.0270078896093115
468,0,patch_5_27,1280,1536,6912,7168,65536,MSAVI,-0.24609375,46475,,,,
469,0,patch_5_27,1280,1536,6912,7168,65536,NDVI,-0.99609375,19061,2147.0,0.0205916498501812,2975.0,0.0302748994510696
470,0,patch_5_28,1280,1536,7168,7424,65536,MSAVI,-0.25390625,42049,,,,
471,0,patch_5_28,1280,1536,7168,7424,65536,NDVI,-0.99609375,23487,1581.0,0.0146940382407734,2117.0,0.0218130918456612
472,0,patch_5_29,1280,1536,7424,7680,65536,MSAVI,-0.12109375,43703,,,,
473,0,patch_5_29,1280,1536,7424,7680,65536,NDVI,-0.65234375,21832,3955.0,0.0176590111550061,4152.0,0.0251797775522826
474,0,patch_5_30,1280,1536,7680,7936,65536,MSAVI,-0.21484375,46233,,,,
475,0,patch_5_30,1280,1536,7680,7936,65536,NDVI,-0.72265625,19023,1119.0,0.022420245424716,1376.0,0.0274065342177985
476,0,patch_5_31,1280,1536,7936,8192,65536,MSAVI,-0.31640625,43634,,,,
477,0,patch_5_31,1280,1536,7936,8192,65536,NDVI,-0.76171875,18068,766.0,0.0176702944879237,1313.0,0.0219511911550183
534,0,patch_6_18,1536,1792,4608,4864,65536,MSAVI,-0.39453125,47921,,,,
535,0,patch_6_18,1536,1792,4608,4864,65536,NDVI,-0.99609375,17615,5182.0,0.0237771642487342,5449.0,0.0339894265235879
536,0,patch_6_19,1536,1792,4864,5120,65536,MSAVI,-0.21484375,46026,,,,
537,0,patch_6_19,1536,1792,4864,5120,65536,NDVI,-0.99609375,19510,6218.0,0.0231104783707376,6394.0,0.0321923248146972
538,0,patch_6_20,1536,1792,5120,5376,65536,MSAVI,-0.12109375,46539,,,,
539,0,patch_6_20,1536,1792,5120,5376,65536,NDVI,-0.99609375,18997,184.0,0.0228505313706073,200.0,0.0277071952228039
540,0,patch_6_21,1536,1792,5376,5632,65536,MSAVI,-0.11328125,50051,,,,
541,0,patch_6_21,1536,1792,5376,5632,65536,NDVI,-0.99609375,15485,331.0,0.0288661587511719,333.0,0.0350105510172978
542,0,patch_6_22,1536,1792,5632,5888,65536,MSAVI,-0.30078125,44137,,,,
543,0,patch_6_22,1536,1792,5632,5888,65536,NDVI,-0.61328125,21359,7169.0,0.0174736629976154,7474.0,0.0309169755822762
544,0,patch_6_23,1536,1792,5888,6144,65536,MSAVI,-0.45703125,45160,,,,
545,0,patch_6_23,1536,1792,5888,6144,65536,NDVI,-0.99609375,20376,2253.0,0.0199451576307871,2686.0,0.0283230428565743
546,0,patch_6_24,1536,1792,6144,6400,65536,MSAVI,-0.24609375,46369,,,,
547,0,patch_6_24,1536,1792,6144,6400,65536,NDVI,-0.99609375,19167,532.0,0.0208213540628456,696.0,0.0285911562903523
548,0,patch_6_25,1536,1792,6400,6656,65536,MSAVI,-0.11328125,44256,,,,
549,0,patch_6_25,1536,1792,6400,6656,65536,NDVI,-0.60546875,21280,961.0,0.0191428865003553,981.0,0.0246840954474097
550,0,patch_6_26,1536,1792,6656,6912,65536,MSAVI,-0.05859375,42758,,,,
551,0,patch_6_26,1536,1792,6656,6912,65536,NDVI,-0.99609375,22778,566.0,0.0148244081227094,564.0,0.0204699860821087
552,0,patch_6_27,1536,1792,6912,7168,65536,MSAVI,-0.12109375,42857,,,,
553,0,patch_6_27,1536,1792,6912,7168,65536,NDVI,-0.99609375,22679,362.0,0.0154441189834967,861.0,0.0232661442613368
554,0,patch_6_28,1536,1792,7168,7424,65536,MSAVI,-0.19140625,43992,,,,
555,0,patch_6_28,1536,1792,7168,7424,65536,NDVI,-0.99609375,21544,452.0,0.0165213641251228,614.0,0.025251930628473
556,0,patch_6_29,1536,1792,7424,7680,65536,MSAVI,-0.12890625,44485,,,,
557,0,patch_6_29,1536,1792,7424,7680,65536,NDVI,-0.65234375,21051,3667.0,0.0209484437030698,3750.0,0.028581149775304
558,0,patch_6_30,1536,1792,7680,7936,65536,MSAVI,-0.09765625,42055,,,,
559,0,patch_6_30,1536,1792,7680,7936,65536,NDVI,-0.68359375,22867,7961.0,0.0177829414417821,9198.0,0.0241662031230403
560,0,patch_6_31,1536,1792,7936,8192,65536,MSAVI,-0.18359375,42113,,,,
561,0,patch_6_31,1536,1792,7936,8192,65536,NDVI,-0.70703125,23298,3452.0,0.0139023454929262,4767.0,0.0228453957863514
562,0,patch_6_32,1536,1792,8192,8448,65536,MSAVI,-0.19140625,45302,,,,
563,0,patch_6_32,1536,1792,8192,8448,65536,NDVI,-0.72265625,19371,6732.0,0.0225783606459488,7595.0,0.0293114775824343
616,0,patch_7_17,1792,2048,4352,4608,65536,MSAVI,-0.30078125,46763,,,,
617,0,patch_7_17,1792,2048,4352,4608,65536,NDVI,-0.99609375,18773,5605.0,0.0259387723626759,6268.0,0.0344465490012301
618,0,patch_7_18,1792,2048,4608,4864,65536,MSAVI,-0.33203125,45639,,,,
619,0,patch_7_18,1792,2048,4608,4864,65536,NDVI,-0.99609375,19897,5469.0,0.0224985047803219,5622.0,0.0306177305555825
620,0,patch_7_19,1792,2048,4864,5120,65536,MSAVI,-0.15234375,46781,,,,
621,0,patch_7_19,1792,2048,4864,5120,65536,NDVI,-0.99609375,18755,3688.0,0.0219412510016117,4152.0,0.0303539195404057
622,0,patch_7_20,1792,2048,5120,5376,65536,MSAVI,-0.12890625,43848,,,,
623,0,patch_7_20,1792,2048,5120,5376,65536,NDVI,-0.99609375,21688,1466.0,0.0179979980589794,1616.0,0.0250834907024951
624,0,patch_7_21,1792,2048,5376,5632,65536,MSAVI,-0.16796875,42992,,,,
625,0,patch_7_21,1792,2048,5376,5632,65536,NDVI,-0.63671875,22542,654.0,0.0166834289557096,1531.0,0.0232793281644614
626,0,patch_7_22,1792,2048,5632,5888,65536,MSAVI,-0.07421875,41948,,,,
627,0,patch_7_22,1792,2048,5632,5888,65536,NDVI,-0.63671875,23560,374.0,0.0170510633882011,288.0,0.0206711215267787
628,0,patch_7_23,1792,2048,5888,6144,65536,MSAVI,-0.33203125,43496,,,,
629,0,patch_7_23,1792,2048,5888,6144,65536,NDVI,-0.99609375,22040,1813.0,0.0168689198489676,2494.0,0.0250686209174926
630,0,patch_7_24,1792,2048,6144,6400,65536,MSAVI,-0.19921875,44306,,,,
631,0,patch_7_24,1792,2048,6144,6400,65536,NDVI,-0.99609375,21230,684.0,0.0179599041718314,800.0,0.0277794228136128
632,0,patch_7_25,1792,2048,6400,6656,65536,MSAVI,-0.07421875,43298,,,,
633,0,patch_7_25,1792,2048,6400,6656,65536,NDVI,-0.99609375,22238,141.0,0.0178475318369686,235.0,0.0224803211934087
634,0,patch_7_26,1792,2048,6656,6912,65536,MSAVI,-0.08203125,42179,,,,
635,0,patch_7_26,1792,2048,6656,6912,65536,NDVI,-0.62890625,23348,58.0,0.0149872958256709,156.0,0.0195585254196917
636,0,patch_7_27,1792,2048,6912,7168,65536,MSAVI,-0.18359375,44417,,,,
637,0,patch_7_27,1792,2048,6912,7168,65536,NDVI,-0.99609375,21119,472.0,0.0198298647410158,641.0,0.0238311354926266
638,0,patch_7_28,1792,2048,7168,7424,65536,MSAVI,-0.45703125,46313,,,,
639,0,patch_7_28,1792,2048,7168,7424,65536,NDVI,-0.69921875,19223,926.0,0.0197812091874939,1375.0,0.027738204005896
640,0,patch_7_29,1792,2048,7424,7680,65536,MSAVI,-0.29296875,42292,,,,
641,0,patch_7_29,1792,2048,7424,7680,65536,NDVI,-0.99609375,23244,1456.0,0.0160643525139939,2111.0,0.023499782823903
642,0,patch_7_30,1792,2048,7680,7936,65536,MSAVI,-0.12890625,39897,,,,
643,0,patch_7_30,1792,2048,7680,7936,65536,NDVI,-0.99609375,25639,4573.0,0.0131047940042519,7611.0,0.0222640339697103
644,0,patch_7_31,1792,2048,7936,8192,65536,MSAVI,-0.16015625,41221,,,,
645,0,patch_7_31,1792,2048,7936,8192,65536,NDVI,-0.68359375,24301,3433.0,0.0134462486226793,5119.0,0.0212079076709091
646,0,patch_7_32,1792,2048,8192,8448,65536,MSAVI,-0.16015625,44360,,,,
647,0,patch_7_32,1792,2048,8192,8448,65536,NDVI,-0.69921875,21170,1430.0,0.0199578934554976,2810.0,0.0277546159093999
694,0,patch_8_15,2048,2304,3840,4096,65536,MSAVI,-0.12109375,51950,,,,
695,0,patch_8_15,2048,2304,3840,4096,65536,NDVI,-0.99609375,13586,3087.0,0.0248353678370331,3002.0,0.0419773448489577
696,0,patch_8_16,2048,2304,4096,4352,65536,MSAVI,-0.31640625,50359,,,,
697,0,patch_8_16,2048,2304,4096,4352,65536,NDVI,-0.99609375,15177,4894.0,0.029384040451276,4705.0,0.0384585708053668
698,0,patch_8_17,2048,2304,4352,4608,65536,MSAVI,-0.21484375,50433,,,,
699,0,patch_8_17,2048,2304,4352,4608,65536,NDVI,-0.99609375,15103,1132.0,0.0273075993931815,1183.0,0.0368529286864692
700,0,patch_8_18,2048,2304,4608,4864,65536,MSAVI,-0.26953125,44058,,,,
701,0,patch_8_18,2048,2304,4608,4864,65536,NDVI,-0.99609375,21478,1998.0,0.0192578157188733,2425.0,0.0240774198062889
702,0,patch_8_19,2048,2304,4864,5120,65536,MSAVI,-0.08984375,43865,,,,
703,0,patch_8_19,2048,2304,4864,5120,65536,NDVI,-0.99609375,21671,2571.0,0.0159357194452712,2369.0,0.0256182125429338
704,0,patch_8_20,2048,2304,5120,5376,65536,MSAVI,-0.15234375,44169,,,,
705,0,patch_8_20,2048,2304,5120,5376,65536,NDVI,-0.99609375,21367,1184.0,0.017993901114238,1515.0,0.0277680997574813
706,0,patch_8_21,2048,2304,5376,5632,65536,MSAVI,-0.08203125,45281,,,,
707,0,patch_8_21,2048,2304,5376,5632,65536,NDVI,-0.99609375,20255,926.0,0.0187438577472636,1095.0,0.0245069702089427
708,0,patch_8_22,2048,2304,5632,5888,65536,MSAVI,-0.15234375,42951,,,,
709,0,patch_8_22,2048,2304,5632,5888,65536,NDVI,-0.99609375,22585,0.0,0.0178386219356385,142.0,0.0229431806130668
710,0,patch_8_23,2048,2304,5888,6144,65536,MSAVI,-0.19921875,41420,,,,
711,0,patch_8_23,2048,2304,5888,6144,65536,NDVI,-0.99609375,24116,1741.0,0.0164457395577008,2024.0,0.0216514433748104
712,0,patch_8_24,2048,2304,6144,6400,65536,MSAVI,-0.22265625,42850,,,,
713,0,patch_8_24,2048,2304,6144,6400,65536,NDVI,-0.99609375,22686,3951.0,0.0146495303964436,3982.0,0.023292544618726
714,0,patch_8_25,2048,2304,6400,6656,65536,MSAVI,-0.23046875,45818,,,,
715,0,patch_8_25,2048,2304,6400,6656,65536,NDVI,-0.99609375,19718,1533.0,0.0217211143434904,1707.0,0.028762114528592
716,0,patch_8_26,2048,2304,6656,6912,65536,MSAVI,-0.12890625,44344,,,,
717,0,patch_8_26,2048,2304,6656,6912,65536,NDVI,-0.99609375,21192,131.0,0.0177963982711875,382.0,0.0254565687038428
718,0,patch_8_27,2048,2304,6912,7168,65536,MSAVI,-0.13671875,42903,,,,
719,0,patch_8_27,2048,2304,6912,7168,65536,NDVI,-0.99609375,22633,0.0,0.016910454884725,0.0,0.0206321829996542
720,0,patch_8_28,2048,2304,7168,7424,65536,MSAVI,-0.08203125,41858,,,,
721,0,patch_8_28,2048,2304,7168,7424,65536,NDVI,-0.99609375,23678,3180.0,0.0155521665707889,4379.0,0.0225012831497719
722,0,patch_8_29,2048,2304,7424,7680,65536,MSAVI,-0.38671875,37030,,,,
723,0,patch_8_29,2048,2304,7424,7680,65536,NDVI,-0.99609375,28506,12894.0,0.0118384874993174,15334.0,0.0217562186349465
724,0,patch_8_30,2048,2304,7680,7936,65536,MSAVI,-0.12109375,46537,,,,
725,0,patch_8_30,2048,2304,7680,7936,65536,NDVI,-0.99609375,18999,16014.0,0.0208577911686413,65536.0,0.0329981176071093
726,0,patch_8_31,2048,2304,7936,8192,65536,MSAVI,-0.14453125,39969,,,,
727,0,patch_8_31,2048,2304,7936,8192,65536,NDVI,-0.65234375,25567,3229.0,0.011857643936438,5644.0,0.0175290992670995
728,0,patch_8_32,2048,2304,8192,8448,65536,MSAVI,-0.19921875,39700,,,,
729,0,patch_8_32,2048,2304,8192,8448,65536,NDVI,-0.99609375,25836,2029.0,0.0127890421210599,3943.0,0.0202814986269745
730,0,patch_8_33,2048,2304,8448,8704,65536,MSAVI,-0.19140625,45671,,,,
731,0,patch_8_33,2048,2304,8448,8704,65536,NDVI,-0.99609375,19865,645.0,0.0212365735075904,1311.0,0.0263275615919645
774,0,patch_9_13,2304,2560,3328,3584,65536,MSAVI,-0.07421875,46920,,,,
775,0,patch_9_13,2304,2560,3328,3584,65536,NDVI,-0.99609375,18616,1951.0,0.0229508751171917,2008.0,0.030111538687545
776,0,patch_9_14,2304,2560,3584,3840,65536,MSAVI,-0.41796875,47146,,,,
777,0,patch_9_14,2304,2560,3584,3840,65536,NDVI,-0.99609375,18390,1655.0,0.0229670679209019,1888.0,0.0313552175019841
778,0,patch_9_15,2304,2560,3840,4096,65536,MSAVI,-0.23828125,50993,,,,
779,0,patch_9_15,2304,2560,3840,4096,65536,NDVI,-0.99609375,14543,4073.0,0.0314306151292707,4193.0,0.0382698809925145
780,0,patch_9_16,2304,2560,4096,4352,65536,MSAVI,-0.34765625,47165,,,,
781,0,patch_9_16,2304,2560,4096,4352,65536,NDVI,-0.99609375,18371,6337.0,0.0254795280447389,7011.0,0.0334809785981938
782,0,patch_9_17,2304,2560,4352,4608,65536,MSAVI,-0.14453125,46704,,,,
783,0,patch_9_17,2304,2560,4352,4608,65536,NDVI,-0.99609375,18832,5994.0,0.026322295363709,6285.0,0.0337790158309106
784,0,patch_9_18,2304,2560,4608,4864,65536,MSAVI,-0.19921875,40366,,,,
785,0,patch_9_18,2304,2560,4608,4864,65536,NDVI,-0.99609375,25170,2308.0,0.0145573527542955,2957.0,0.019680760688968
786,0,patch_9_19,2304,2560,4864,5120,65536,MSAVI,-0.31640625,43724,,,,
787,0,patch_9_19,2304,2560,4864,5120,65536,NDVI,-0.99609375,21812,591.0,0.0183948097750601,1207.0,0.0250168448272809
788,0,patch_9_20,2304,2560,5120,5376,65536,MSAVI,-0.22265625,45959,,,,
789,0,patch_9_20,2304,2560,5120,5376,65536,NDVI,-0.58984375,19569,7683.0,0.0208278262758164,7651.0,0.0336958118938536
790,0,patch_9_21,2304,2560,5376,5632,65536,MSAVI,-0.34765625,49866,,,,
791,0,patch_9_21,2304,2560,5376,5632,65536,NDVI,-0.66015625,15663,2132.0,0.0269267823617054,2046.0,0.0361648096951168
792,0,patch_9_22,2304,2560,5632,5888,65536,MSAVI,-0.28515625,44495,,,,
793,0,patch_9_22,2304,2560,5632,5888,65536,NDVI,-0.99609375,21041,2018.0,0.0214358601659374,2232.0,0.0267450117836225
794,0,patch_9_23,2304,2560,5888,6144,65536,MSAVI,-0.19921875,41806,,,,
795,0,patch_9_23,2304,2560,5888,6144,65536,NDVI,-0.99609375,23730,528.0,0.0163892520939099,989.0,0.0198851894404509
796,0,patch_9_24,2304,2560,6144,6400,65536,MSAVI,-0.27734375,43485,,,,
797,0,patch_9_24,2304,2560,6144,6400,65536,NDVI,-0.99609375,22051,2956.0,0.0172908923017474,3359.0,0.02560034857063
798,0,patch_9_25,2304,2560,6400,6656,65536,MSAVI,-0.29296875,44445,,,,
799,0,patch_9_25,2304,2560,6400,6656,65536,NDVI,-0.99609375,21091,1838.0,0.0194251859613993,2060.0,0.0287357739473533
800,0,patch_9_26,2304,2560,6656,6912,65536,MSAVI,-0.00390625,42308,,,,
801,0,patch_9_26,2304,2560,6656,6912,65536,NDVI,-0.99609375,23228,1417.0,0.0137928146614143,2349.0,0.0236716397341463
802,0,patch_9_27,2304,2560,6912,7168,65536,MSAVI,-0.09765625,33481,,,,
803,0,patch_9_27,2304,2560,6912,7168,65536,NDVI,-0.99609375,32055,10084.0,0.0058071690452439,13317.0,0.0145503406628622
804,0,patch_9_28,2304,2560,7168,7424,65536,MSAVI,-0.19140625,38874,,,,
805,0,patch_9_28,2304,2560,7168,7424,65536,NDVI,-0.99609375,26662,1246.0,0.0122396095796533,1978.0,0.0168380513125842
806,0,patch_9_29,2304,2560,7424,7680,65536,MSAVI,-0.12890625,35551,,,,
807,0,patch_9_29,2304,2560,7424,7680,65536,NDVI,-0.99609375,29985,4990.0,0.0068657061601523,7884.0,0.0134454738119918
808,0,patch_9_30,2304,2560,7680,7936,65536,MSAVI,-0.23828125,48261,,,,
809,0,patch_9_30,2304,2560,7680,7936,65536,NDVI,-0.99609375,17275,13382.0,0.0233512387845786,65536.0,0.0337392256701025
810,0,patch_9_31,2304,2560,7936,8192,65536,MSAVI,-0.17578125,36388,,,,
811,0,patch_9_31,2304,2560,7936,8192,65536,NDVI,-0.99609375,29148,6542.0,0.007776189252595,8425.0,0.0167085832327066
812,0,patch_9_32,2304,2560,8192,8448,65536,MSAVI,-0.16796875,41333,,,,
813,0,patch_9_32,2304,2560,8192,8448,65536,NDVI,-0.64453125,24203,687.0,0.0148444890470441,1096.0,0.0201490118624894
814,0,patch_9_33,2304,2560,8448,8704,65536,MSAVI,-0.19140625,47419,,,,
815,0,patch_9_33,2304,2560,8448,8704,65536,NDVI,-0.99609375,18117,538.0,0.0230290297668193,871.0,0.0300856175671314
816,0,patch_9_34,2304,2560,8704,8960,65536,MSAVI,-0.16015625,47311,,,,
817,0,patch_9_34,2304,2560,8704,8960,65536,NDVI,-0.99609375,18225,627.0,0.023079721759184,870.0,0.0268133530482308
856,0,patch_10_12,2560,2816,3072,3328,65536,MSAVI,-0.23046875,44070,,,,
857,0,patch_10_12,2560,2816,3072,3328,65536,NDVI,-0.99609375,21466,5365.0,0.0193689851134529,5256.0,0.0294878624851337
858,0,patch_10_13,2560,2816,3328,3584,65536,MSAVI,-0.18359375,44638,,,,
859,0,patch_10_13,2560,2816,3328,3584,65536,NDVI,-0.99609375,20898,1736.0,0.0180309281501184,1739.0,0.0241139079593809
860,0,patch_10_14,2560,2816,3584,3840,65536,MSAVI,-0.14453125,45869,,,,
861,0,patch_10_14,2560,2816,3584,3840,65536,NDVI,-0.99609375,19667,3069.0,0.0186131964070194,3151.0,0.0291966354904669
862,0,patch_10_15,2560,2816,3840,4096,65536,MSAVI,-0.19140625,44506,,,,
863,0,patch_10_15,2560,2816,3840,4096,65536,NDVI,-0.99609375,21030,4180.0,0.0190637748345529,4657.0,0.0263100779830833
864,0,patch_10_16,2560,2816,4096,4352,65536,MSAVI,-0.27734375,40173,,,,
865,0,patch_10_16,2560,2816,4096,4352,65536,NDVI,-0.99609375,25363,9961.0,0.014514677771145,11848.0,0.0267165342985229
866,0,patch_10_17,2560,2816,4352,4608,65536,MSAVI,-0.18359375,42822,,,,
867,0,patch_10_17,2560,2816,4352,4608,65536,NDVI,-0.99609375,22714,6522.0,0.0171953101181225,7760.0,0.0251796879515811
868,0,patch_10_18,2560,2816,4608,4864,65536,MSAVI,-0.10546875,46674,,,,
869,0,patch_10_18,2560,2816,4608,4864,65536,NDVI,-0.99609375,18862,1194.0,0.0219433656586835,1228.0,0.0299584038372437
870,0,patch_10_19,2560,2816,4864,5120,65536,MSAVI,-0.22265625,45303,,,,
871,0,patch_10_19,2560,2816,4864,5120,65536,NDVI,-0.99609375,20233,1148.0,0.0205673137834371,1264.0,0.0259357556897188
872,0,patch_10_20,2560,2816,5120,5376,65536,MSAVI,-0.26171875,44196,,,,
873,0,patch_10_20,2560,2816,5120,5376,65536,NDVI,-0.99609375,21340,653.0,0.018902019492819,901.0,0.0270842946426941
874,0,patch_10_21,2560,2816,5376,5632,65536,MSAVI,-0.30859375,46955,,,,
875,0,patch_10_21,2560,2816,5376,5632,65536,NDVI,-0.99609375,18581,305.0,0.0246332837472886,351.0,0.0314279299008354
876,0,patch_10_22,2560,2816,5632,5888,65536,MSAVI,-0.12890625,43834,,,,
877,0,patch_10_22,2560,2816,5632,5888,65536,NDVI,-0.99609375,21702,1685.0,0.0173616196983945,2470.0,0.0252434990248944
878,0,patch_10_23,2560,2816,5888,6144,65536,MSAVI,-0.14453125,44558,,,,
879,0,patch_10_23,2560,2816,5888,6144,65536,NDVI,-0.99609375,20978,711.0,0.0211381500826761,1235.0,0.0259030955386297
880,0,patch_10_24,2560,2816,6144,6400,65536,MSAVI,-0.16015625,44328,,,,
881,0,patch_10_24,2560,2816,6144,6400,65536,NDVI,-0.99609375,21208,333.0,0.0192068741762119,575.0,0.0257434891413126
882,0,patch_10_25,2560,2816,6400,6656,65536,MSAVI,-0.19921875,44162,,,,
883,0,patch_10_25,2560,2816,6400,6656,65536,NDVI,-0.99609375,21374,2665.0,0.0172262936650562,3491.0,0.027822423563298
884,0,patch_10_26,2560,2816,6656,6912,65536,MSAVI,-0.21484375,40232,,,,
885,0,patch_10_26,2560,2816,6656,6912,65536,NDVI,-0.99609375,25304,7191.0,0.0111479354833526,9905.0,0.0240034726588498
886,0,patch_10_27,2560,2816,6912,7168,65536,MSAVI,-0.02734375,35569,,,,
887,0,patch_10_27,2560,2816,6912,7168,65536,NDVI,-0.99609375,29967,4638.0,0.0086110083448243,6818.0,0.015663397584973
888,0,patch_10_28,2560,2816,7168,7424,65536,MSAVI,-0.13671875,39108,,,,
889,0,patch_10_28,2560,2816,7168,7424,65536,NDVI,-0.99609375,26428,251.0,0.0122240545433574,676.0,0.0165585408786713
890,0,patch_10_29,2560,2816,7424,7680,65536,MSAVI,-0.14453125,38523,,,,
891,0,patch_10_29,2560,2816,7424,7680,65536,NDVI,-0.99609375,27013,2099.0,0.0110746090507201,3737.0,0.0178710671401666
892,0,patch_10_30,2560,2816,7680,7936,65536,MSAVI,-0.36328125,37473,,,,
893,0,patch_10_30,2560,2816,7680,7936,65536,NDVI,-0.99609375,28063,8989.0,0.0115418465007698,11479.0,0.0217070423176389
894,0,patch_10_31,2560,2816,7936,8192,65536,MSAVI,-0.12109375,34315,,,,
895,0,patch_10_31,2560,2816,7936,8192,65536,NDVI,-0.99609375,31221,7341.0,0.0050568534387389,12876.0,0.0163111047421229
896,0,patch_10_32,2560,2816,8192,8448,65536,MSAVI,-0.19140625,41837,,,,
897,0,patch_10_32,2560,2816,8192,8448,65536,NDVI,-0.99609375,23699,4962.0,0.0127956498032362,6118.0,0.0214297196054836
898,0,patch_10_33,2560,2816,8448,8704,65536,MSAVI,-0.09765625,43489,,,,
899,0,patch_10_33,2560,2816,8448,8704,65536,NDVI,-0.99609375,22047,144.0,0.0177449472939938,115.0,0.0228828163527255
900,0,patch_10_34,2560,2816,8704,8960,65536,MSAVI,-0.15234375,45430,,,,
901,0,patch_10_34,2560,2816,8704,8960,65536,NDVI,-0.99609375,20106,1288.0,0.0216026677644187,1804.0,0.0262780778625189
936,0,patch_11_10,2816,3072,2560,2816,65536,MSAVI,-0.24609375,44369,,,,
937,0,patch_11_10,2816,3072,2560,2816,65536,NDVI,-0.99609375,21167,3091.0,0.0195043118883531,3130.0,0.02805606969081
938,0,patch_11_11,2816,3072,2816,3072,65536,MSAVI,-0.19921875,41188,,,,
939,0,patch_11_11,2816,3072,2816,3072,65536,NDVI,-0.99609375,24348,4011.0,0.0143550836331974,5062.0,0.024589243910773
940,0,patch_11_12,2816,3072,3072,3328,65536,MSAVI,-0.25390625,40327,,,,
941,0,patch_11_12,2816,3072,3072,3328,65536,NDVI,-0.99609375,25209,6512.0,0.0113823576248679,7237.0,0.0229461841307956
942,0,patch_11_13,2816,3072,3328,3584,65536,MSAVI,-0.16796875,43464,,,,
943,0,patch_11_13,2816,3072,3328,3584,65536,NDVI,-0.99609375,22072,2647.0,0.0169690508317645,3328.0,0.0259873288537277
944,0,patch_11_14,2816,3072,3584,3840,65536,MSAVI,-0.20703125,43408,,,,
945,0,patch_11_14,2816,3072,3584,3840,65536,NDVI,-0.99609375,22128,1595.0,0.0156347224601955,2092.0,0.0224092819011538
946,0,patch_11_15,2816,3072,3840,4096,65536,MSAVI,-0.20703125,43338,,,,
947,0,patch_11_15,2816,3072,3840,4096,65536,NDVI,-0.99609375,22198,1218.0,0.0181595624097902,1597.0,0.0225938728347433
948,0,patch_11_16,2816,3072,4096,4352,65536,MSAVI,-0.16015625,43325,,,,
949,0,patch_11_16,2816,3072,4096,4352,65536,NDVI,-0.99609375,22211,3148.0,0.0174238695147802,4290.0,0.0249310184567899
950,0,patch_11_17,2816,3072,4352,4608,65536,MSAVI,-0.31640625,47355,,,,
951,0,patch_11_17,2816,3072,4352,4608,65536,NDVI,-0.64453125,18152,2395.0,0.0211578805309698,2662.0,0.0300241621285657
952,0,patch_11_18,2816,3072,4608,4864,65536,MSAVI,-0.24609375,47741,,,,
953,0,patch_11_18,2816,3072,4608,4864,65536,NDVI,-0.62109375,17792,487.0,0.0227309721608177,532.0,0.0319651495861672
954,0,patch_11_19,2816,3072,4864,5120,65536,MSAVI,-0.16015625,44858,,,,
955,0,patch_11_19,2816,3072,4864,5120,65536,NDVI,-0.47265625,20676,7612.0,0.0221965144370897,7335.0,0.0313222382978035
956,0,patch_11_20,2816,3072,5120,5376,65536,MSAVI,-0.25390625,45202,,,,
957,0,patch_11_20,2816,3072,5120,5376,65536,NDVI,-0.99609375,20334,588.0,0.0203869693755605,1045.0,0.0271916536672424
958,0,patch_11_21,2816,3072,5376,5632,65536,MSAVI,-0.29296875,42438,,,,
959,0,patch_11_21,2816,3072,5376,5632,65536,NDVI,-0.99609375,23098,5796.0,0.0167456688823056,6756.0,0.0234286057072114
960,0,patch_11_22,2816,3072,5632,5888,65536,MSAVI,-0.08984375,42673,,,,
961,0,patch_11_22,2816,3072,5632,5888,65536,NDVI,-0.99609375,22863,3205.0,0.0176839774617043,3304.0,0.0231965702502136
962,0,patch_11_23,2816,3072,5888,6144,65536,MSAVI,-0.16796875,43087,,,,
963,0,patch_11_23,2816,3072,5888,6144,65536,NDVI,-0.99609375,22449,9725.0,0.0195902225684171,9656.0,0.0257322392724033
964,0,patch_11_24,2816,3072,6144,6400,65536,MSAVI,-0.22265625,45140,,,,
965,0,patch_11_24,2816,3072,6144,6400,65536,NDVI,-0.99609375,20396,939.0,0.0209622788707032,1758.0,0.0257382677227781
966,0,patch_11_25,2816,3072,6400,6656,65536,MSAVI,-0.27734375,48279,,,,
967,0,patch_11_25,2816,3072,6400,6656,65536,NDVI,-0.99609375,17257,660.0,0.0271012984267712,822.0,0.0353184251120922
968,0,patch_11_26,2816,3072,6656,6912,65536,MSAVI,-0.36328125,42698,,,,
969,0,patch_11_26,2816,3072,6656,6912,65536,NDVI,-0.99609375,22838,6458.0,0.0176600634201097,7008.0,0.0277882207165593
970,0,patch_11_27,2816,3072,6912,7168,65536,MSAVI,-0.28515625,43267,,,,
971,0,patch_11_27,2816,3072,6912,7168,65536,NDVI,-0.99609375,22269,5517.0,0.020580368382452,5827.0,0.0277156337706216
972,0,patch_11_28,2816,3072,7168,7424,65536,MSAVI,-0.13671875,38701,,,,
973,0,patch_11_28,2816,3072,7168,7424,65536,NDVI,-0.99609375,26835,3935.0,0.0107958458178254,5312.0,0.0166763611891323
974,0,patch_11_29,2816,3072,7424,7680,65536,MSAVI,-0.16015625,39774,,,,
975,0,patch_11_29,2816,3072,7424,7680,65536,NDVI,-0.99609375,25762,9144.0,0.0144006137527592,10461.0,0.0215673430215236
976,0,patch_11_30,2816,3072,7680,7936,65536,MSAVI,-0.21484375,40517,,,,
977,0,patch_11_30,2816,3072,7680,7936,65536,NDVI,-0.99609375,25019,2556.0,0.0141939955510468,4927.0,0.0217809395143434
978,0,patch_11_31,2816,3072,7936,8192,65536,MSAVI,-0.26171875,41557,,,,
979,0,patch_11_31,2816,3072,7936,8192,65536,NDVI,-0.99609375,23979,1766.0,0.0164690923406071,2639.0,0.0228698771812225
980,0,patch_11_32,2816,3072,8192,8448,65536,MSAVI,-0.15234375,41768,,,,
981,0,patch_11_32,2816,3072,8192,8448,65536,NDVI,-0.99609375,23768,2047.0,0.0154376212152443,2917.0,0.0219752464388784
982,0,patch_11_33,2816,3072,8448,8704,65536,MSAVI,-0.21484375,43070,,,,
983,0,patch_11_33,2816,3072,8448,8704,65536,NDVI,-0.99609375,22466,366.0,0.0169561248274217,938.0,0.0215043172523427
984,0,patch_11_34,2816,3072,8704,8960,65536,MSAVI,-0.17578125,39516,,,,
985,0,patch_11_34,2816,3072,8704,8960,65536,NDVI,-0.99609375,26020,3697.0,0.011391461120848,5829.0,0.0169196846813493
986,0,patch_11_35,2816,3072,8960,9216,65536,MSAVI,-0.13671875,48013,,,,
987,0,patch_11_35,2816,3072,8960,9216,65536,NDVI,-0.99609375,17523,607.0,0.0252494329397316,659.0,0.028619682973545
1018,0,patch_12_9,3072,3328,2304,2560,65536,MSAVI,-0.27734375,42164,,,,
1019,0,patch_12_9,3072,3328,2304,2560,65536,NDVI,-0.99609375,23372,5406.0,0.0169146366341619,6735.0,0.0279618855852966
1020,0,patch_12_10,3072,3328,2560,2816,65536,MSAVI,-0.24609375,49392,,,,
1021,0,patch_12_10,3072,3328,2560,2816,65536,NDVI,-0.66015625,13333,3926.0,0.0286028892971773,3944.0,0.0397447820216582
1022,0,patch_12_11,3072,3328,2816,3072,65536,MSAVI,-0.26171875,40188,,,,
1023,0,patch_12_11,3072,3328,2816,3072,65536,NDVI,-0.99609375,25348,5913.0,0.0138005662161048,7193.0,0.0226339456558892
1024,0,patch_12_12,3072,3328,3072,3328,65536,MSAVI,-0.28515625,37224,,,,
1025,0,patch_12_12,3072,3328,3072,3328,65536,NDVI,-0.99609375,28312,9982.0,0.0118349261261967,12344.0,0.0216198390775242
1026,0,patch_12_13,3072,3328,3328,3584,65536,MSAVI,-0.24609375,33710,,,,
1027,0,patch_12_13,3072,3328,3328,3584,65536,NDVI,-0.99609375,31826,11833.0,0.0059937597473221,17215.0,0.0187045244402659
1028,0,patch_12_14,3072,3328,3584,3840,65536,MSAVI,-0.22265625,44130,,,,
1029,0,patch_12_14,3072,3328,3584,3840,65536,NDVI,-0.99609375,21406,522.0,0.0183391402660354,327.0,0.0242722229045476
1030,0,patch_12_15,3072,3328,3840,4096,65536,MSAVI,-0.11328125,45710,,,,
1031,0,patch_12_15,3072,3328,3840,4096,65536,NDVI,-0.99609375,19826,1221.0,0.0210072043407923,1340.0,0.0278641205476427
1032,0,patch_12_16,3072,3328,4096,4352,65536,MSAVI,-0.06640625,45765,,,,
1033,0,patch_12_16,3072,3328,4096,4352,65536,NDVI,-0.99609375,19771,4366.0,0.0199975440674835,4518.0,0.0304383811134141
1034,0,patch_12_17,3072,3328,4352,4608,65536,MSAVI,-0.35546875,42228,,,,
1035,0,patch_12_17,3072,3328,4352,4608,65536,NDVI,-0.99609375,23308,4830.0,0.0178507873902402,5453.0,0.0259275455298339
1036,0,patch_12_18,3072,3328,4608,4864,65536,MSAVI,-0.23046875,41969,,,,
1037,0,patch_12_18,3072,3328,4608,4864,65536,NDVI,-0.99609375,23567,4383.0,0.0133194875380122,4644.0,0.0225817586271988
1038,0,patch_12_19,3072,3328,4864,5120,65536,MSAVI,-0.09765625,42960,,,,
1039,0,patch_12_19,3072,3328,4864,5120,65536,NDVI,-0.99609375,22576,2393.0,0.0174221363324156,3267.0,0.0229175313136033
1040,0,patch_12_20,3072,3328,5120,5376,65536,MSAVI,-0.11328125,44071,,,,
1041,0,patch_12_20,3072,3328,5120,5376,65536,NDVI,-0.99609375,21465,227.0,0.0181087217649844,779.0,0.0248456948047621
1042,0,patch_12_21,3072,3328,5376,5632,65536,MSAVI,-0.15234375,42280,,,,
1043,0,patch_12_21,3072,3328,5376,5632,65536,NDVI,-0.99609375,23256,6018.0,0.0178575829058681,6180.0,0.0236497747842052
1044,0,patch_12_22,3072,3328,5632,5888,65536,MSAVI,-0.26171875,41643,,,,
1045,0,patch_12_22,3072,3328,5632,5888,65536,NDVI,-0.99609375,23893,6793.0,0.0164330442355334,7318.0,0.024442376274391
1046,0,patch_12_23,3072,3328,5888,6144,65536,MSAVI,-0.23046875,54101,,,,
1047,0,patch_12_23,3072,3328,5888,6144,65536,NDVI,-0.53515625,11427,2993.0,0.0283057066952845,2827.0,0.0391685939115866
1048,0,patch_12_24,3072,3328,6144,6400,65536,MSAVI,-0.15234375,52047,,,,
1049,0,patch_12_24,3072,3328,6144,6400,65536,NDVI,-0.49609375,13459,3071.0,0.026718912866636,2935.0,0.039563084974645
1050,0,patch_12_25,3072,3328,6400,6656,65536,MSAVI,-0.29296875,45787,,,,
1051,0,patch_12_25,3072,3328,6400,6656,65536,NDVI,-0.99609375,19749,3586.0,0.0208699798886866,3832.0,0.0279632610617511
1052,0,patch_12_26,3072,3328,6656,6912,65536,MSAVI,-0.32421875,46841,,,,
1053,0,patch_12_26,3072,3328,6656,6912,65536,NDVI,-0.65234375,18694,1515.0,0.0203510660164713,1691.0,0.0315594759241414
1054,0,patch_12_27,3072,3328,6912,7168,65536,MSAVI,-0.25390625,43565,,,,
1055,0,patch_12_27,3072,3328,6912,7168,65536,NDVI,-0.99609375,21971,1771.0,0.0173277553130407,2187.0,0.0247139223854415
1056,0,patch_12_28,3072,3328,7168,7424,65536,MSAVI,-0.23828125,40250,,,,
1057,0,patch_12_28,3072,3328,7168,7424,65536,NDVI,-0.99609375,25286,5888.0,0.0137766534184069,6760.0,0.0238199348672014
1058,0,patch_12_29,3072,3328,7424,7680,65536,MSAVI,-0.24609375,42472,,,,
1059,0,patch_12_29,3072,3328,7424,7680,65536,NDVI,-0.99609375,23064,4253.0,0.0170339643809155,4652.0,0.0233765122734387
1060,0,patch_12_30,3072,3328,7680,7936,65536,MSAVI,-0.19140625,42272,,,,
1061,0,patch_12_30,3072,3328,7680,7936,65536,NDVI,-0.99609375,23264,768.0,0.0176253382133035,1485.0,0.0217954995156029
1062,0,patch_12_31,3072,3328,7936,8192,65536,MSAVI,-0.38671875,43475,,,,
1063,0,patch_12_31,3072,3328,7936,8192,65536,NDVI,-0.99609375,22061,4602.0,0.0192038061528407,4576.0,0.0242777756435476
1064,0,patch_12_32,3072,3328,8192,8448,65536,MSAVI,-0.12109375,42576,,,,
1065,0,patch_12_32,3072,3328,8192,8448,65536,NDVI,-0.99609375,22960,1318.0,0.0152084361474286,1244.0,0.0218779816383875
1066,0,patch_12_33,3072,3328,8448,8704,65536,MSAVI,-0.08203125,44162,,,,
1067,0,patch_12_33,3072,3328,8448,8704,65536,NDVI,-0.99609375,21374,229.0,0.0193266235902058,462.0,0.0239344706720289
1068,0,patch_12_34,3072,3328,8704,8960,65536,MSAVI,-0.11328125,38612,,,,
1069,0,patch_12_34,3072,3328,8704,8960,65536,NDVI,-0.99609375,26924,6038.0,0.0104377686520395,7692.0,0.0156344502998646
1070,0,patch_12_35,3072,3328,8960,9216,65536,MSAVI,-0.15234375,46646,,,,
1071,0,patch_12_35,3072,3328,8960,9216,65536,NDVI,-0.99609375,18890,133.0,0.0218553827402401,127.0,0.0267282593045813
1098,0,patch_13_7,3328,3584,1792,2048,65536,MSAVI,-0.28515625,47865,,,,
1099,0,patch_13_7,3328,3584,1792,2048,65536,NDVI,-0.99609375,17671,476.0,0.0246510978207882,439.0,0.0338198693743355
1100,0,patch_13_8,3328,3584,2048,2304,65536,MSAVI,-0.25390625,45687,,,,
1101,0,patch_13_8,3328,3584,2048,2304,65536,NDVI,-0.99609375,19849,2981.0,0.0206423611577409,3282.0,0.0303657981922699
1102,0,patch_13_9,3328,3584,2304,2560,65536,MSAVI,-0.41015625,44098,,,,
1103,0,patch_13_9,3328,3584,2304,2560,65536,NDVI,-0.99609375,21438,2632.0,0.0205645241398085,3128.0,0.0286494015943086
1104,0,patch_13_10,3328,3584,2560,2816,65536,MSAVI,-0.24609375,53591,,,,
1105,0,patch_13_10,3328,3584,2560,2816,65536,NDVI,-0.69921875,11908,2501.0,0.0339614788520491,2359.0,0.04296250554949
1106,0,patch_13_11,3328,3584,2816,3072,65536,MSAVI,-0.25390625,47546,,,,
1107,0,patch_13_11,3328,3584,2816,3072,65536,NDVI,-0.68359375,17935,1788.0,0.0235989484522709,2225.0,0.0311873727933388
1108,0,patch_13_12,3328,3584,3072,3328,65536,MSAVI,-0.09765625,39580,,,,
1109,0,patch_13_12,3328,3584,3072,3328,65536,NDVI,-0.59765625,25951,3272.0,0.0113548837942063,4844.0,0.0176192012007375
1110,0,patch_13_13,3328,3584,3328,3584,65536,MSAVI,0.09765625,34617,,,,
1111,0,patch_13_13,3328,3584,3328,3584,65536,NDVI,-0.99609375,30919,6126.0,0.0051503773538526,9852.0,0.0145440039176243
1112,0,patch_13_14,3328,3584,3584,3840,65536,MSAVI,-0.11328125,47017,,,,
1113,0,patch_13_14,3328,3584,3584,3840,65536,NDVI,-0.50390625,18515,5510.0,0.019627964445268,5412.0,0.0293944999790153
1114,0,patch_13_15,3328,3584,3840,4096,65536,MSAVI,-0.18359375,47241,,,,
1115,0,patch_13_15,3328,3584,3840,4096,65536,NDVI,-0.62109375,18268,1193.0,0.0223378976709432,1273.0,0.028040336118363
1116,0,patch_13_16,3328,3584,4096,4352,65536,MSAVI,-0.06640625,42900,,,,
1117,0,patch_13_16,3328,3584,4096,4352,65536,NDVI,-0.54296875,22635,2513.0,0.0172942339776424,2694.0,0.0232076495007743
1118,0,patch_13_17,3328,3584,4352,4608,65536,MSAVI,-0.14453125,46532,,,,
1119,0,patch_13_17,3328,3584,4352,4608,65536,NDVI,-0.99609375,19004,3590.0,0.0206110610289564,3535.0,0.0318072925852092
1120,0,patch_13_18,3328,3584,4608,4864,65536,MSAVI,-0.18359375,44627,,,,
1121,0,patch_13_18,3328,3584,4608,4864,65536,NDVI,-0.99609375,20909,1750.0,0.0192952850067124,2322.0,0.0273689354539821
1122,0,patch_13_19,3328,3584,4864,5120,65536,MSAVI,-0.15234375,44041,,,,
1123,0,patch_13_19,3328,3584,4864,5120,65536,NDVI,-0.99609375,21495,1654.0,0.0187736071125126,1787.0,0.0249535429825943
1124,0,patch_13_20,3328,3584,5120,5376,65536,MSAVI,-0.15234375,40938,,,,
1125,0,patch_13_20,3328,3584,5120,5376,65536,NDVI,-0.99609375,24598,10936.0,0.0201683111393036,10749.0,0.0244225925243011
1126,0,patch_13_21,3328,3584,5376,5632,65536,MSAVI,-0.12890625,39349,,,,
1127,0,patch_13_21,3328,3584,5376,5632,65536,NDVI,-0.99609375,26187,4379.0,0.0123837995625648,4838.0,0.0189898981094376
1128,0,patch_13_22,3328,3584,5632,5888,65536,MSAVI,-0.21484375,42494,,,,
1129,0,patch_13_22,3328,3584,5632,5888,65536,NDVI,-0.99609375,23042,7328.0,0.0206334514514401,7242.0,0.0265541651456208
1130,0,patch_13_23,3328,3584,5888,6144,65536,MSAVI,-0.33984375,49776,,,,
1131,0,patch_13_23,3328,3584,5888,6144,65536,NDVI,-0.99609375,15760,3984.0,0.0239289425751987,4079.0,0.035692156294605
1132,0,patch_13_24,3328,3584,6144,6400,65536,MSAVI,-0.23828125,52867,,,,
1133,0,patch_13_24,3328,3584,6144,6400,65536,NDVI,-0.59765625,12662,1390.0,0.026925523351482,1479.0,0.038799921584279
1134,0,patch_13_25,3328,3584,6400,6656,65536,MSAVI,-0.16015625,50614,,,,
1135,0,patch_13_25,3328,3584,6400,6656,65536,NDVI,-0.56640625,14860,626.0,0.0294594728818424,728.0,0.0384467139477026
1136,0,patch_13_26,3328,3584,6656,6912,65536,MSAVI,-0.31640625,47935,,,,
1137,0,patch_13_26,3328,3584,6656,6912,65536,NDVI,-0.62109375,17567,3334.0,0.0222507789154871,3154.0,0.0310985998800748
1138,0,patch_13_27,3328,3584,6912,7168,65536,MSAVI,-0.24609375,49541,,,,
1139,0,patch_13_27,3328,3584,6912,7168,65536,NDVI,-0.68359375,15994,1881.0,0.0218085479758071,1918.0,0.0318137711872959
1140,0,patch_13_28,3328,3584,7168,7424,65536,MSAVI,-0.38671875,43125,,,,
1141,0,patch_13_28,3328,3584,7168,7424,65536,NDVI,-0.99609375,22411,5331.0,0.0161977335940053,6321.0,0.0248086895127906
1142,0,patch_13_29,3328,3584,7424,7680,65536,MSAVI,-0.14453125,43390,,,,
1143,0,patch_13_29,3328,3584,7424,7680,65536,NDVI,-0.99609375,22146,0.0,0.0184776991466913,173.0,0.0237591173778765
1144,0,patch_13_30,3328,3584,7680,7936,65536,MSAVI,-0.16796875,43912,,,,
1145,0,patch_13_30,3328,3584,7680,7936,65536,NDVI,-0.99609375,21624,344.0,0.0176381334082337,436.0,0.024010132208047
1146,0,patch_13_31,3328,3584,7936,8192,65536,MSAVI,-0.14453125,42347,,,,
1147,0,patch_13_31,3328,3584,7936,8192,65536,NDVI,-0.99609375,23189,4239.0,0.0144821842122757,4802.0,0.0218318546019343
1148,0,patch_13_32,3328,3584,8192,8448,65536,MSAVI,-0.06640625,42577,,,,
1149,0,patch_13_32,3328,3584,8192,8448,65536,NDVI,-0.99609375,22959,1073.0,0.0170554954921546,1091.0,0.0229784679240378
1150,0,patch_13_33,3328,3584,8448,8704,65536,MSAVI,-0.17578125,40460,,,,
1151,0,patch_13_33,3328,3584,8448,8704,65536,NDVI,-0.99609375,25076,2897.0,0.0129959107318784,4193.0,0.0190454800119447
1152,0,patch_13_34,3328,3584,8704,8960,65536,MSAVI,-0.13671875,37311,,,,
1153,0,patch_13_34,3328,3584,8704,8960,65536,NDVI,-0.99609375,28225,7681.0,0.0079941935619865,10453.0,0.0163938385656359
1154,0,patch_13_35,3328,3584,8960,9216,65536,MSAVI,-0.16796875,47505,,,,
1155,0,patch_13_35,3328,3584,8960,9216,65536,NDVI,-0.99609375,18031,0.0,0.0221445960160784,113.0,0.0284093154814568
1156,0,patch_13_36,3328,3584,9216,9472,65536,MSAVI,-0.27734375,48844,,,,
1157,0,patch_13_36,3328,3584,9216,9472,65536,NDVI,-0.99609375,16692,80.0,0.0273421887207186,76.0,0.0320275350268983
1180,0,patch_14_6,3584,3840,1536,1792,65536,MSAVI,-0.25390625,50736,,,,
1181,0,patch_14_6,3584,3840,1536,1792,65536,NDVI,-0.99609375,14800,1004.0,0.030223534297741,985.0,0.0358652204795638
1182,0,patch_14_7,3584,3840,1792,2048,65536,MSAVI,-0.33984375,49161,,,,
1183,0,patch_14_7,3584,3840,1792,2048,65536,NDVI,-0.99609375,16375,782.0,0.0275547883577446,817.0,0.0349910539511581
1184,0,patch_14_8,3584,3840,2048,2304,65536,MSAVI,-0.30859375,44947,,,,
1185,0,patch_14_8,3584,3840,2048,2304,65536,NDVI,-0.99609375,20589,2807.0,0.0206795571035113,2900.0,0.0288056278627185
1186,0,patch_14_9,3584,3840,2304,2560,65536,MSAVI,-0.29296875,52848,,,,
1187,0,patch_14_9,3584,3840,2304,2560,65536,NDVI,-0.62109375,12681,2767.0,0.0275933690394363,2663.0,0.0409341245384707
1188,0,patch_14_10,3584,3840,2560,2816,65536,MSAVI,-0.49609375,51637,,,,
1189,0,patch_14_10,3584,3840,2560,2816,65536,NDVI,-0.78515625,13899,1719.0,0.0275054012780791,1718.0,0.0382818282561033
1190,0,patch_14_11,3584,3840,2816,3072,65536,MSAVI,-0.26953125,46757,,,,
1191,0,patch_14_11,3584,3840,2816,3072,65536,NDVI,-0.66796875,11152,5271.0,0.0260666225202,5590.0,0.0333476238518539
1192,0,patch_14_12,3584,3840,3072,3328,65536,MSAVI,-0.11328125,46117,,,,
1193,0,patch_14_12,3584,3840,3072,3328,65536,NDVI,-0.69140625,15105,2970.0,0.0233853799925204,3502.0,0.0303113006574041
1194,0,patch_14_13,3584,3840,3328,3584,65536,MSAVI,-0.17578125,39746,,,,
1195,0,patch_14_13,3584,3840,3328,3584,65536,NDVI,-0.69140625,25788,4762.0,0.012538759514307,5814.0,0.0216155343865669
1196,0,patch_14_14,3584,3840,3584,3840,65536,MSAVI,-0.22265625,36764,,,,
1197,0,patch_14_14,3584,3840,3584,3840,65536,NDVI,-0.99609375,28772,5757.0,0.0078974172250664,9355.0,0.0193281374360989
1198,0,patch_14_15,3584,3840,3840,4096,65536,MSAVI,-0.28515625,49715,,,,
1199,0,patch_14_15,3584,3840,3840,4096,65536,NDVI,-0.59765625,15821,3495.0,0.0274226068567415,3390.0,0.0362928919045979
1200,0,patch_14_16,3584,3840,4096,4352,65536,MSAVI,-0.12890625,44645,,,,
1201,0,patch_14_16,3584,3840,4096,4352,65536,NDVI,-0.58984375,20888,2810.0,0.0189278010131828,3537.0,0.0273899482260734
1202,0,patch_14_17,3584,3840,4352,4608,65536,MSAVI,-0.05859375,47891,,,,
1203,0,patch_14_17,3584,3840,4352,4608,65536,NDVI,-0.49609375,17644,3615.0,0.0210990159109657,3528.0,0.0333379403333104
1204,0,patch_14_18,3584,3840,4608,4864,65536,MSAVI,-0.11328125,44725,,,,
1205,0,patch_14_18,3584,3840,4608,4864,65536,NDVI,-0.99609375,20811,2202.0,0.0176371699727795,3097.0,0.0247646757537103
1206,0,patch_14_19,3584,3840,4864,5120,65536,MSAVI,-0.19921875,42029,,,,
1207,0,patch_14_19,3584,3840,4864,5120,65536,NDVI,-0.99609375,23507,4181.0,0.0154503846600863,4764.0,0.0246839969221788
1208,0,patch_14_20,3584,3840,5120,5376,65536,MSAVI,-0.10546875,41332,,,,
1209,0,patch_14_20,3584,3840,5120,5376,65536,NDVI,-0.52734375,24202,9095.0,0.0169048559022493,9234.0,0.024256119163902
1210,0,patch_14_21,3584,3840,5376,5632,65536,MSAVI,-0.05859375,40986,,,,
1211,0,patch_14_21,3584,3840,5376,5632,65536,NDVI,-0.99609375,24550,5991.0,0.0130313682815158,7377.0,0.0209847687658911
1212,0,patch_14_22,3584,3840,5632,5888,65536,MSAVI,-0.12890625,44952,,,,
1213,0,patch_14_22,3584,3840,5632,5888,65536,NDVI,-0.99609375,20584,2547.0,0.017533816816196,2808.0,0.0299050438401352
1214,0,patch_14_23,3584,3840,5888,6144,65536,MSAVI,-0.36328125,43043,,,,
1215,0,patch_14_23,3584,3840,5888,6144,65536,NDVI,-0.99609375,22493,5255.0,0.01870622954793,6429.0,0.0277850194857964
1216,0,patch_14_24,3584,3840,6144,6400,65536,MSAVI,-0.25390625,41795,,,,
1217,0,patch_14_24,3584,3840,6144,6400,65536,NDVI,-0.99609375,23741,8552.0,0.0160228105001508,9310.0,0.023878377795217
1218,0,patch_14_25,3584,3840,6400,6656,65536,MSAVI,-0.12109375,47201,,,,
1219,0,patch_14_25,3584,3840,6400,6656,65536,NDVI,-0.58203125,18332,6066.0,0.0259263343693451,6254.0,0.0341610217654368
1220,0,patch_14_26,3584,3840,6656,6912,65536,MSAVI,-0.22265625,39684,,,,
1221,0,patch_14_26,3584,3840,6656,6912,65536,NDVI,-0.99609375,25852,11458.0,0.0151093086503428,12956.0,0.022003382359695
1222,0,patch_14_27,3584,3840,6912,7168,65536,MSAVI,-0.21484375,47624,,,,
1223,0,patch_14_27,3584,3840,6912,7168,65536,NDVI,-0.99609375,17912,6184.0,0.0276173088384261,65536.0,0.0331020471224783
1224,0,patch_14_28,3584,3840,7168,7424,65536,MSAVI,-0.03515625,49246,,,,
1225,0,patch_14_28,3584,3840,7168,7424,65536,NDVI,-0.99609375,16290,11742.0,0.0302896090017462,11366.0,0.041168584929898
1226,0,patch_14_29,3584,3840,7424,7680,65536,MSAVI,-0.16796875,47636,,,,
1227,0,patch_14_29,3584,3840,7424,7680,65536,NDVI,-0.99609375,17900,2694.0,0.0250252535766348,3623.0,0.0336309862493906
1228,0,patch_14_30,3584,3840,7680,7936,65536,MSAVI,-0.16796875,38610,,,,
1229,0,patch_14_30,3584,3840,7680,7936,65536,NDVI,-0.99609375,26926,9504.0,0.0131236551354152,10402.0,0.0208579583925261
1230,0,patch_14_31,3584,3840,7936,8192,65536,MSAVI,-0.11328125,44642,,,,
1231,0,patch_14_31,3584,3840,7936,8192,65536,NDVI,-0.99609375,20894,547.0,0.0191957768224618,852.0,0.0247675512168733
1232,0,patch_14_32,3584,3840,8192,8448,65536,MSAVI,-0.28515625,44935,,,,
1233,0,patch_14_32,3584,3840,8192,8448,65536,NDVI,-0.99609375,20601,545.0,0.0197059261147397,764.0,0.0245044038205196
1234,0,patch_14_33,3584,3840,8448,8704,65536,MSAVI,-0.14453125,39166,,,,
1235,0,patch_14_33,3584,3840,8448,8704,65536,NDVI,-0.99609375,26370,6134.0,0.0120286000024865,8324.0,0.0211866888320991
1236,0,patch_14_34,3584,3840,8704,8960,65536,MSAVI,-0.17578125,43118,,,,
1237,0,patch_14_34,3584,3840,8704,8960,65536,NDVI,-0.99609375,22418,2697.0,0.0170057442383596,3690.0,0.0246523955266081
1238,0,patch_14_35,3584,3840,8960,9216,65536,MSAVI,-0.14453125,47165,,,,
1239,0,patch_14_35,3584,3840,8960,9216,65536,NDVI,-0.99609375,18371,161.0,0.0201842391200455,264.0,0.0271424044815054
1240,0,patch_14_36,3584,3840,9216,9472,65536,MSAVI,-0.18359375,53670,,,,
1241,0,patch_14_36,3584,3840,9216,9472,65536,NDVI,-0.99609375,11866,0.0,0.0344520696333023,0.0,0.039594736309941
1260,0,patch_15_4,3840,4096,1024,1280,65536,MSAVI,-0.30859375,53058,,,,
1261,0,patch_15_4,3840,4096,1024,1280,65536,NDVI,-0.58203125,12477,3010.0,0.0308895415721494,3093.0,0.0428834552944547
1262,0,patch_15_5,3840,4096,1280,1536,65536,MSAVI,-0.00390625,46650,,,,
1263,0,patch_15_5,3840,4096,1280,1536,65536,NDVI,-0.99609375,18886,840.0,0.0199718112783246,1026.0,0.0295014301972543
1264,0,patch_15_6,3840,4096,1536,1792,65536,MSAVI,-0.25390625,52461,,,,
1265,0,patch_15_6,3840,4096,1536,1792,65536,NDVI,-0.99609375,13075,4200.0,0.0304091820367752,3865.0,0.0406695009284182
1266,0,patch_15_7,3840,4096,1792,2048,65536,MSAVI,-0.32421875,51397,,,,
1267,0,patch_15_7,3840,4096,1792,2048,65536,NDVI,-0.99609375,14139,2433.0,0.02918754523363,2279.0,0.0355548549502082
1268,0,patch_15_8,3840,4096,2048,2304,65536,MSAVI,-0.25390625,47270,,,,
1269,0,patch_15_8,3840,4096,2048,2304,65536,NDVI,-0.69921875,18265,716.0,0.021747044623056,659.0,0.0303957441663964
1270,0,patch_15_9,3840,4096,2304,2560,65536,MSAVI,-0.16796875,45165,,,,
1271,0,patch_15_9,3840,4096,2304,2560,65536,NDVI,-0.73046875,20364,2736.0,0.0187630981469574,3113.0,0.0292344077563958
1272,0,patch_15_10,3840,4096,2560,2816,65536,MSAVI,-0.21484375,45303,,,,
1273,0,patch_15_10,3840,4096,2560,2816,65536,NDVI,-0.99609375,20233,660.0,0.0193332353559656,785.0,0.0268012543620929
1274,0,patch_15_11,3840,4096,2816,3072,65536,MSAVI,-0.20703125,42183,,,,
1275,0,patch_15_11,3840,4096,2816,3072,65536,NDVI,-0.69921875,16654,3340.0,0.0158639940056801,4705.0,0.0250778602920678
1276,0,patch_15_12,3840,4096,3072,3328,65536,MSAVI,-0.18359375,50433,,,,
1277,0,patch_15_12,3840,4096,3072,3328,65536,NDVI,-0.58984375,8748,287.0,0.0284539479161443,712.0,0.0362396492730793
1278,0,patch_15_13,3840,4096,3328,3584,65536,MSAVI,-0.12109375,39354,,,,
1279,0,patch_15_13,3840,4096,3328,3584,65536,NDVI,-0.71484375,21934,9389.0,0.0131287696559856,11514.0,0.0231530550612971
1280,0,patch_15_14,3840,4096,3584,3840,65536,MSAVI,-0.17578125,34565,,,,
1281,0,patch_15_14,3840,4096,3584,3840,65536,NDVI,-0.66015625,30965,7162.0,0.0048422640389513,12882.0,0.016151066525087
1282,0,patch_15_15,3840,4096,3840,4096,65536,MSAVI,-0.26171875,39429,,,,
1283,0,patch_15_15,3840,4096,3840,4096,65536,NDVI,-0.99609375,26107,5124.0,0.0137639254575699,6544.0,0.0225565001109865
1284,0,patch_15_16,3840,4096,4096,4352,65536,MSAVI,-0.12890625,45025,,,,
1285,0,patch_15_16,3840,4096,4096,4352,65536,NDVI,-0.52734375,20511,2176.0,0.0180295420344491,2814.0,0.0279046453552672
1286,0,patch_15_17,3840,4096,4352,4608,65536,MSAVI,-0.19921875,40993,,,,
1287,0,patch_15_17,3840,4096,4352,4608,65536,NDVI,-0.62109375,24543,2258.0,0.0116256660109344,2307.0,0.0185149116265712
1288,0,patch_15_18,3840,4096,4608,4864,65536,MSAVI,-0.16796875,46783,,,,
1289,0,patch_15_18,3840,4096,4608,4864,65536,NDVI,-0.99609375,18753,1749.0,0.0209501711220637,1881.0,0.0304516269035789
1290,0,patch_15_19,3840,4096,4864,5120,65536,MSAVI,-0.11328125,42423,,,,
1291,0,patch_15_19,3840,4096,4864,5120,65536,NDVI,-0.99609375,23113,7784.0,0.0164325559864678,8013.0,0.026754027262045
1292,0,patch_15_20,3840,4096,5120,5376,65536,MSAVI,-0.25390625,42817,,,,
1293,0,patch_15_20,3840,4096,5120,5376,65536,NDVI,-0.99609375,22719,9907.0,0.0172441977540267,9545.0,0.0257184223396632
1294,0,patch_15_21,3840,4096,5376,5632,65536,MSAVI,-0.18359375,44928,,,,
1295,0,patch_15_21,3840,4096,5376,5632,65536,NDVI,-0.99609375,20608,5464.0,0.0192738197070407,5815.0,0.028968604641308
1296,0,patch_15_22,3840,4096,5632,5888,65536,MSAVI,-0.23046875,41681,,,,
1297,0,patch_15_22,3840,4096,5632,5888,65536,NDVI,-0.99609375,23855,2393.0,0.0143211905975185,3073.0,0.0201121165973264
1298,0,patch_15_23,3840,4096,5888,6144,65536,MSAVI,-0.27734375,43100,,,,
1299,0,patch_15_23,3840,4096,5888,6144,65536,NDVI,-0.99609375,22436,7824.0,0.0209105667112544,65536.0,0.0262206790036666
1300,0,patch_15_24,3840,4096,6144,6400,65536,MSAVI,-0.26171875,43544,,,,
1301,0,patch_15_24,3840,4096,6144,6400,65536,NDVI,-0.99609375,21992,5095.0,0.0163591136802392,6123.0,0.0262255917423497
1302,0,patch_15_25,3840,4096,6400,6656,65536,MSAVI,-0.21484375,44927,,,,
1303,0,patch_15_25,3840,4096,6400,6656,65536,NDVI,-0.99609375,20609,8138.0,0.0209053591808315,8790.0,0.0303746385668854
1304,0,patch_15_26,3840,4096,6656,6912,65536,MSAVI,-0.19921875,42170,,,,
1305,0,patch_15_26,3840,4096,6656,6912,65536,NDVI,-0.99609375,23366,7561.0,0.0159409252929567,9487.0,0.0249993917162082
1306,0,patch_15_27,3840,4096,6912,7168,65536,MSAVI,-0.14453125,49114,,,,
1307,0,patch_15_27,3840,4096,6912,7168,65536,NDVI,-0.99609375,16422,4811.0,0.0291087340693889,4970.0,0.0371070740231171
1308,0,patch_15_28,3840,4096,7168,7424,65536,MSAVI,-0.16796875,44328,,,,
1309,0,patch_15_28,3840,4096,7168,7424,65536,NDVI,-0.99609375,21208,10338.0,0.0250694998902658,10998.0,0.033194550023851
1310,0,patch_15_29,3840,4096,7424,7680,65536,MSAVI,-0.20703125,43559,,,,
1311,0,patch_15_29,3840,4096,7424,7680,65536,NDVI,-0.99609375,21977,6442.0,0.0195333074472012,7977.0,0.0287182329706872
1312,0,patch_15_30,3840,4096,7680,7936,65536,MSAVI,-0.23046875,51972,,,,
1313,0,patch_15_30,3840,4096,7680,7936,65536,NDVI,-0.99609375,13564,1400.0,0.0342417825179567,1460.0,0.0397401743321626
1314,0,patch_15_31,3840,4096,7936,8192,65536,MSAVI,-0.24609375,49936,,,,
1315,0,patch_15_31,3840,4096,7936,8192,65536,NDVI,-0.99609375,15600,57.0,0.0285952149094549,317.0,0.0314052439400508
1316,0,patch_15_32,3840,4096,8192,8448,65536,MSAVI,-0.18359375,47418,,,,
1317,0,patch_15_32,3840,4096,8192,8448,65536,NDVI,-0.99609375,18118,1713.0,0.0226897548462664,1907.0,0.0284257296096192
1318,0,patch_15_33,3840,4096,8448,8704,65536,MSAVI,-0.16796875,39751,,,,
1319,0,patch_15_33,3840,4096,8448,8704,65536,NDVI,-0.99609375,25785,15712.0,0.020889662112722,15485.0,0.0263127944554453
1320,0,patch_15_34,3840,4096,8704,8960,65536,MSAVI,-0.23046875,41646,,,,
1321,0,patch_15_34,3840,4096,8704,8960,65536,NDVI,-0.99609375,23890,1606.0,0.0171089499131023,2558.0,0.0228012300210017
1322,0,patch_15_35,3840,4096,8960,9216,65536,MSAVI,-0.20703125,46379,,,,
1323,0,patch_15_35,3840,4096,8960,9216,65536,NDVI,-0.62890625,19155,420.0,0.0213819006168603,753.0,0.0289373208746355
1324,0,patch_15_36,3840,4096,9216,9472,65536,MSAVI,-0.09765625,47763,,,,
1325,0,patch_15_36,3840,4096,9216,9472,65536,NDVI,-0.65234375,17770,361.0,0.0219408013222762,402.0,0.0289924693710524
1326,0,patch_15_37,3840,4096,9472,9728,65536,MSAVI,-0.21484375,54343,,,,
1327,0,patch_15_37,3840,4096,9472,9728,65536,NDVI,-0.99609375,11193,0.0,0.0356187489108873,0.0,0.0418013791276995
1340,0,patch_16_3,4096,4352,768,1024,65536,MSAVI,-0.30859375,46052,,,,
1341,0,patch_16_3,4096,4352,768,1024,65536,NDVI,-0.99609375,19484,1122.0,0.022807769823746,1531.0,0.0281394123391758
1342,0,patch_16_4,4096,4352,1024,1280,65536,MSAVI,-0.32421875,48755,,,,
1343,0,patch_16_4,4096,4352,1024,1280,65536,NDVI,-0.99609375,16781,185.0,0.025700403695564,211.0,0.0327546273737761
1344,0,patch_16_5,4096,4352,1280,1536,65536,MSAVI,-0.33984375,45849,,,,
1345,0,patch_16_5,4096,4352,1280,1536,65536,NDVI,-0.99609375,19687,1929.0,0.0217592700710262,2397.0,0.0312573538244424
1346,0,patch_16_6,4096,4352,1536,1792,65536,MSAVI,-0.40234375,47946,,,,
1347,0,patch_16_6,4096,4352,1536,1792,65536,NDVI,-0.99609375,17590,614.0,0.0257627721204617,682.0,0.0320433445536438
1348,0,patch_16_7,4096,4352,1792,2048,65536,MSAVI,-0.16796875,47486,,,,
1349,0,patch_16_7,4096,4352,1792,2048,65536,NDVI,-0.99609375,18050,0.0,0.0229941409310755,81.0,0.0289055797948282
1350,0,patch_16_8,4096,4352,2048,2304,65536,MSAVI,-0.19140625,44357,,,,
1351,0,patch_16_8,4096,4352,2048,2304,65536,NDVI,-0.58203125,21170,7208.0,0.0207580928370113,6183.0,0.0294533253226465
1352,0,patch_16_9,4096,4352,2304,2560,65536,MSAVI,-0.24609375,48528,,,,
1353,0,patch_16_9,4096,4352,2304,2560,65536,NDVI,-0.69921875,16977,410.0,0.0236692830262305,592.0,0.0324631631357243
1354,0,patch_16_10,4096,4352,2560,2816,65536,MSAVI,0.03515625,45060,,,,
1355,0,patch_16_10,4096,4352,2560,2816,65536,NDVI,-0.99609375,20476,907.0,0.0204033895117675,1407.0,0.0250436631181789
1356,0,patch_16_11,4096,4352,2816,3072,65536,MSAVI,-0.05078125,45302,,,,
1357,0,patch_16_11,4096,4352,2816,3072,65536,NDVI,-0.71484375,20218,402.0,0.0184190516187135,528.0,0.024342195951902
1358,0,patch_16_12,4096,4352,3072,3328,65536,MSAVI,-0.15234375,47287,,,,
1359,0,patch_16_12,4096,4352,3072,3328,65536,NDVI,-0.55078125,11707,7442.0,0.0257368219176332,7606.0,0.036065312857307
1360,0,patch_16_13,4096,4352,3328,3584,65536,MSAVI,-0.14453125,48433,,,,
1361,0,patch_16_13,4096,4352,3328,3584,65536,NDVI,-0.66015625,9262,2641.0,0.0251139254844138,3176.0,0.0320588326205385
1362,0,patch_16_14,4096,4352,3584,3840,65536,MSAVI,0.01953125,38217,,,,
1363,0,patch_16_14,4096,4352,3584,3840,65536,NDVI,-0.69921875,27110,5116.0,0.0116970073738811,7087.0,0.0217916234699762
1364,0,patch_16_15,4096,4352,3840,4096,65536,MSAVI,0.14453125,37282,,,,
1365,0,patch_16_15,4096,4352,3840,4096,65536,NDVI,-0.99609375,28254,5331.0,0.0100689928825643,6497.0,0.0196153366978446
1366,0,patch_16_16,4096,4352,4096,4352,65536,MSAVI,-0.13671875,43512,,,,
1367,0,patch_16_16,4096,4352,4096,4352,65536,NDVI,-0.58203125,22006,1526.0,0.0160924049050907,1769.0,0.0229967786366968
1368,0,patch_16_17,4096,4352,4352,4608,65536,MSAVI,-0.21484375,41770,,,,
1369,0,patch_16_17,4096,4352,4352,4608,65536,NDVI,-0.66015625,23762,2021.0,0.0148431061106903,2906.0,0.0225695066236978
1370,0,patch_16_18,4096,4352,4608,4864,65536,MSAVI,-0.20703125,41886,,,,
1371,0,patch_16_18,4096,4352,4608,4864,65536,NDVI,-0.99609375,23650,3138.0,0.0165257952553697,3874.0,0.0233920611858316
1372,0,patch_16_19,4096,4352,4864,5120,65536,MSAVI,-0.26171875,49066,,,,
1373,0,patch_16_19,4096,4352,4864,5120,65536,NDVI,-0.69921875,16400,4659.0,0.0273665830017945,4562.0,0.0336421433506735
1374,0,patch_16_20,4096,4352,5120,5376,65536,MSAVI,-0.24609375,47707,,,,
1375,0,patch_16_20,4096,4352,5120,5376,65536,NDVI,-0.62109375,17725,8122.0,0.0211793783661108,7972.0,0.0363211541017181
1376,0,patch_16_21,4096,4352,5376,5632,65536,MSAVI,-0.20703125,44240,,,,
1377,0,patch_16_21,4096,4352,5376,5632,65536,NDVI,-0.99609375,21296,4216.0,0.0183565103177631,5020.0,0.0268200930605521
1378,0,patch_16_22,4096,4352,5632,5888,65536,MSAVI,-0.22265625,45141,,,,
1379,0,patch_16_22,4096,4352,5632,5888,65536,NDVI,-0.99609375,20395,2153.0,0.0194394056195123,2164.0,0.026384999946497
1380,0,patch_16_23,4096,4352,5888,6144,65536,MSAVI,-0.45703125,43657,,,,
1381,0,patch_16_23,4096,4352,5888,6144,65536,NDVI,-0.99609375,21879,5376.0,0.0197973418132012,6243.0,0.0288029222198226
1382,0,patch_16_24,4096,4352,6144,6400,65536,MSAVI,-0.30859375,47402,,,,
1383,0,patch_16_24,4096,4352,6144,6400,65536,NDVI,-0.63671875,18131,1489.0,0.0230948901322706,2403.0,0.0320443627955323
1384,0,patch_16_25,4096,4352,6400,6656,65536,MSAVI,-0.09765625,49200,,,,
1385,0,patch_16_25,4096,4352,6400,6656,65536,NDVI,-0.99609375,16336,3594.0,0.0271565550909482,4060.0,0.0361365559229548
1386,0,patch_16_26,4096,4352,6656,6912,65536,MSAVI,-0.22265625,54641,,,,
1387,0,patch_16_26,4096,4352,6656,6912,65536,NDVI,-0.99609375,10895,817.0,0.0345609969638846,958.0,0.0437923235951246
1388,0,patch_16_27,4096,4352,6912,7168,65536,MSAVI,-0.28515625,50782,,,,
1389,0,patch_16_27,4096,4352,6912,7168,65536,NDVI,-0.99609375,14754,1572.0,0.0306720902546885,1794.0,0.0382175097517982
1390,0,patch_16_28,4096,4352,7168,7424,65536,MSAVI,-0.16015625,38062,,,,
1391,0,patch_16_28,4096,4352,7168,7424,65536,NDVI,-0.99609375,27474,16366.0,0.0226464661618802,16878.0,0.0269333116933954
1392,0,patch_16_29,4096,4352,7424,7680,65536,MSAVI,-0.32421875,45245,,,,
1393,0,patch_16_29,4096,4352,7424,7680,65536,NDVI,-0.99609375,20291,11335.0,0.0266313618146113,11305.0,0.0352118354370601
1394,0,patch_16_30,4096,4352,7680,7936,65536,MSAVI,-0.30078125,41818,,,,
1395,0,patch_16_30,4096,4352,7680,7936,65536,NDVI,-0.99609375,23718,12817.0,0.0202075810693082,14168.0,0.0292980776512047
1396,0,patch_16_31,4096,4352,7936,8192,65536,MSAVI,-0.33203125,44081,,,,
1397,0,patch_16_31,4096,4352,7936,8192,65536,NDVI,-0.99609375,21455,4619.0,0.0191818719744157,5395.0,0.0221844839028486
1398,0,patch_16_32,4096,4352,8192,8448,65536,MSAVI,-0.28515625,48249,,,,
1399,0,patch_16_32,4096,4352,8192,8448,65536,NDVI,-0.99609375,17287,3415.0,0.0255478656745732,3710.0,0.0312521315269308
1400,0,patch_16_33,4096,4352,8448,8704,65536,MSAVI,-0.28515625,38539,,,,
1401,0,patch_16_33,4096,4352,8448,8704,65536,NDVI,-0.99609375,26997,8799.0,0.0101036243615208,11892.0,0.0192495912620729
1402,0,patch_16_34,4096,4352,8704,8960,65536,MSAVI,-0.23828125,44912,,,,
1403,0,patch_16_34,4096,4352,8704,8960,65536,NDVI,-0.99609375,20624,2325.0,0.0210671162592396,2848.0,0.0265318191911786
1404,0,patch_16_35,4096,4352,8960,9216,65536,MSAVI,-0.19140625,49550,,,,
1405,0,patch_16_35,4096,4352,8960,9216,65536,NDVI,-0.99609375,15986,953.0,0.0276055895907002,1171.0,0.0348123179635448
1406,0,patch_16_36,4096,4352,9216,9472,65536,MSAVI,-0.23828125,42754,,,,
1407,0,patch_16_36,4096,4352,9216,9472,65536,NDVI,-0.99609375,22782,116.0,0.014083011071628,572.0,0.0196002751300664
1408,0,patch_16_37,4096,4352,9472,9728,65536,MSAVI,-0.22265625,47387,,,,
1409,0,patch_16_37,4096,4352,9472,9728,65536,NDVI,-0.99609375,18149,165.0,0.0249030975600977,165.0,0.0306680268196092
1410,0,patch_16_38,4096,4352,9728,9984,65536,MSAVI,-0.18359375,46745,,,,
1411,0,patch_16_38,4096,4352,9728,9984,65536,NDVI,-0.99609375,18791,307.0,0.0225587017881112,235.0,0.0289328524016655
1424,0,patch_17_1,4352,4608,256,512,65536,MSAVI,-0.45703125,49425,,,,
1425,0,patch_17_1,4352,4608,256,512,65536,NDVI,-0.99609375,16111,81.0,0.0258581429372377,308.0,0.0333578756204568
1426,0,patch_17_2,4352,4608,512,768,65536,MSAVI,-0.19140625,49803,,,,
1427,0,patch_17_2,4352,4608,512,768,65536,NDVI,-0.99609375,15733,0.0,0.0254870412905272,0.0,0.034021769982943
1428,0,patch_17_3,4352,4608,768,1024,65536,MSAVI,-0.26953125,46122,,,,
1429,0,patch_17_3,4352,4608,768,1024,65536,NDVI,-0.99609375,19414,692.0,0.0192439865172295,1024.0,0.0258120646560915
1430,0,patch_17_4,4352,4608,1024,1280,65536,MSAVI,-0.21484375,50638,,,,
1431,0,patch_17_4,4352,4608,1024,1280,65536,NDVI,-0.99609375,14898,203.0,0.0297677486843709,189.0,0.0357670444030635
1432,0,patch_17_5,4352,4608,1280,1536,65536,MSAVI,-0.30859375,50331,,,,
1433,0,patch_17_5,4352,4608,1280,1536,65536,NDVI,-0.99609375,15205,3382.0,0.0270798158566252,3343.0,0.0369661015354705
1434,0,patch_17_6,4352,4608,1536,1792,65536,MSAVI,-0.23828125,45085,,,,
1435,0,patch_17_6,4352,4608,1536,1792,65536,NDVI,-0.99609375,20451,1265.0,0.0223153687806486,1414.0,0.0271730369380334
1436,0,patch_17_7,4352,4608,1792,2048,65536,MSAVI,-0.16796875,48095,,,,
1437,0,patch_17_7,4352,4608,1792,2048,65536,NDVI,-0.99609375,17441,255.0,0.0234217206506977,299.0,0.0323274870920422
1438,0,patch_17_8,4352,4608,2048,2304,65536,MSAVI,-0.17578125,49073,,,,
1439,0,patch_17_8,4352,4608,2048,2304,65536,NDVI,-0.62890625,16211,317.0,0.0242983427364021,283.0,0.0312387012415393
1440,0,patch_17_9,4352,4608,2304,2560,65536,MSAVI,-0.16796875,50370,,,,
1441,0,patch_17_9,4352,4608,2304,2560,65536,NDVI,-0.58984375,15165,1089.0,0.0292572585535631,1153.0,0.037314341925957
1442,0,patch_17_10,4352,4608,2560,2816,65536,MSAVI,-0.24609375,48175,,,,
1443,0,patch_17_10,4352,4608,2560,2816,65536,NDVI,-0.99609375,17361,1983.0,0.0237248307318122,2024.0,0.03299813716631
1444,0,patch_17_11,4352,4608,2816,3072,65536,MSAVI,-0.29296875,48572,,,,
1445,0,patch_17_11,4352,4608,2816,3072,65536,NDVI,-0.63671875,16952,4704.0,0.0256658943702263,4784.0,0.0331915679684528
1446,0,patch_17_12,4352,4608,3072,3328,65536,MSAVI,-0.11328125,41027,,,,
1447,0,patch_17_12,4352,4608,3072,3328,65536,NDVI,-0.60546875,17845,9704.0,0.0136382362964958,10519.0,0.0243213653230185
1448,0,patch_17_13,4352,4608,3328,3584,65536,MSAVI,-0.06640625,44077,,,,
1449,0,patch_17_13,4352,4608,3328,3584,65536,NDVI,-0.60546875,12565,7405.0,0.0199351391450708,8402.0,0.0293080886000834
1450,0,patch_17_14,4352,4608,3584,3840,65536,MSAVI,-0.18359375,43597,,,,
1451,0,patch_17_14,4352,4608,3584,3840,65536,NDVI,-0.66015625,12093,11124.0,0.0252277926592406,11742.0,0.0333811320962258
1452,0,patch_17_15,4352,4608,3840,4096,65536,MSAVI,0.15234375,39900,,,,
1453,0,patch_17_15,4352,4608,3840,4096,65536,NDVI,-0.66796875,25635,2787.0,0.012876817689224,3696.0,0.0189258863456736
1454,0,patch_17_16,4352,4608,4096,4352,65536,MSAVI,-0.15234375,39872,,,,
1455,0,patch_17_16,4352,4608,4096,4352,65536,NDVI,-0.99609375,25664,3505.0,0.0132759217397085,3649.0,0.0202506687118246
1456,0,patch_17_17,4352,4608,4352,4608,65536,MSAVI,-0.06640625,42145,,,,
1457,0,patch_17_17,4352,4608,4352,4608,65536,NDVI,-0.46484375,23352,9042.0,0.0160344321208999,8813.0,0.0246845003157699
1458,0,patch_17_18,4352,4608,4608,4864,65536,MSAVI,-0.22265625,48545,,,,
1459,0,patch_17_18,4352,4608,4608,4864,65536,NDVI,-0.62890625,16990,0.0,0.0260120937887113,0.0,0.0307086408345335
1460,0,patch_17_19,4352,4608,4864,5120,65536,MSAVI,-0.30859375,46277,,,,
1461,0,patch_17_19,4352,4608,4864,5120,65536,NDVI,-0.71484375,19119,1500.0,0.0213070298229993,1619.0,0.0278762543961477
1462,0,patch_17_20,4352,4608,5120,5376,65536,MSAVI,-0.16015625,41910,,,,
1463,0,patch_17_20,4352,4608,5120,5376,65536,NDVI,-0.68359375,23613,5066.0,0.0157242375542363,5894.0,0.0217884119051674
1464,0,patch_17_21,4352,4608,5376,5632,65536,MSAVI,-0.30859375,45648,,,,
1465,0,patch_17_21,4352,4608,5376,5632,65536,NDVI,-0.99609375,19888,7805.0,0.0221218618108797,8470.0,0.0309151385946765
1466,0,patch_17_22,4352,4608,5632,5888,65536,MSAVI,-0.29296875,41442,,,,
1467,0,patch_17_22,4352,4608,5632,5888,65536,NDVI,-0.99609375,24094,5326.0,0.0152260033137166,6251.0,0.0222414096651104
1468,0,patch_17_23,4352,4608,5888,6144,65536,MSAVI,-0.16796875,42066,,,,
1469,0,patch_17_23,4352,4608,5888,6144,65536,NDVI,-0.99609375,23470,2348.0,0.0142702051700806,2980.0,0.0215399576342121
1470,0,patch_17_24,4352,4608,6144,6400,65536,MSAVI,-0.18359375,41205,,,,
1471,0,patch_17_24,4352,4608,6144,6400,65536,NDVI,-0.99609375,24331,6646.0,0.0136655137789054,8383.0,0.0242748191549161
1472,0,patch_17_25,4352,4608,6400,6656,65536,MSAVI,-0.25390625,47121,,,,
1473,0,patch_17_25,4352,4608,6400,6656,65536,NDVI,-0.99609375,18415,801.0,0.0206458844886847,1164.0,0.0295531372588858
1474,0,patch_17_26,4352,4608,6656,6912,65536,MSAVI,-0.26171875,48650,,,,
1475,0,patch_17_26,4352,4608,6656,6912,65536,NDVI,-0.99609375,16886,1338.0,0.0261945265034437,1878.0,0.0344952436181895
1476,0,patch_17_27,4352,4608,6912,7168,65536,MSAVI,-0.06640625,47657,,,,
1477,0,patch_17_27,4352,4608,6912,7168,65536,NDVI,-0.99609375,17879,1454.0,0.025407811716843,1731.0,0.0309481140790168
1478,0,patch_17_28,4352,4608,7168,7424,65536,MSAVI,-0.33203125,43127,,,,
1479,0,patch_17_28,4352,4608,7168,7424,65536,NDVI,-0.99609375,22409,5399.0,0.0184036666654724,7160.0,0.0240037133429202
1480,0,patch_17_29,4352,4608,7424,7680,65536,MSAVI,-0.27734375,52499,,,,
1481,0,patch_17_29,4352,4608,7424,7680,65536,NDVI,-0.51171875,13022,8783.0,0.0254977717286817,8428.0,0.0366894774176395
1482,0,patch_17_30,4352,4608,7680,7936,65536,MSAVI,-0.30859375,39862,,,,
1483,0,patch_17_30,4352,4608,7680,7936,65536,NDVI,-0.99609375,25674,9336.0,0.0163443913544476,12177.0,0.0252331193603993
1484,0,patch_17_31,4352,4608,7936,8192,65536,MSAVI,-0.19921875,41355,,,,
1485,0,patch_17_31,4352,4608,7936,8192,65536,NDVI,-0.99609375,24181,6617.0,0.0147264831300583,8343.0,0.0225852977264918
1486,0,patch_17_32,4352,4608,8192,8448,65536,MSAVI,-0.14453125,41633,,,,
1487,0,patch_17_32,4352,4608,8192,8448,65536,NDVI,-0.99609375,23903,12418.0,0.0161509741517022,13708.0,0.0272819078425017
1488,0,patch_17_33,4352,4608,8448,8704,65536,MSAVI,-0.31640625,40528,,,,
1489,0,patch_17_33,4352,4608,8448,8704,65536,NDVI,-0.99609375,25008,9299.0,0.0149027916771762,10087.0,0.0223581818488615
1490,0,patch_17_34,4352,4608,8704,8960,65536,MSAVI,-0.30859375,43806,,,,
1491,0,patch_17_34,4352,4608,8704,8960,65536,NDVI,-0.99609375,21730,12804.0,0.0204834708752229,12909.0,0.0315022962072989
1492,0,patch_17_35,4352,4608,8960,9216,65536,MSAVI,-0.23046875,52328,,,,
1493,0,patch_17_35,4352,4608,8960,9216,65536,NDVI,-0.99609375,13208,4344.0,0.0279425581343481,4282.0,0.0399616641566095
1494,0,patch_17_36,4352,4608,9216,9472,65536,MSAVI,-0.21484375,41146,,,,
1495,0,patch_17_36,4352,4608,9216,9472,65536,NDVI,-0.99609375,24390,1530.0,0.0150374239343084,2357.0,0.019412309475445
1496,0,patch_17_37,4352,4608,9472,9728,65536,MSAVI,-0.04296875,41155,,,,
1497,0,patch_17_37,4352,4608,9472,9728,65536,NDVI,-0.99609375,24381,370.0,0.0150795267993881,484.0,0.0194707479122137
1498,0,patch_17_38,4352,4608,9728,9984,65536,MSAVI,-0.16796875,44523,,,,
1499,0,patch_17_38,4352,4608,9728,9984,65536,NDVI,-0.99609375,21013,202.0,0.0208859953889808,318.0,0.0249218220834105
1510,0,patch_18_1,4608,4864,256,512,65536,MSAVI,-0.39453125,46346,,,,
1511,0,patch_18_1,4608,4864,256,512,65536,NDVI,-0.99609375,19190,621.0,0.0209054533882442,668.0,0.030857558829396
1512,0,patch_18_2,4608,4864,512,768,65536,MSAVI,-0.27734375,49045,,,,
1513,0,patch_18_2,4608,4864,512,768,65536,NDVI,-0.55859375,16491,3188.0,0.0238608140484172,2988.0,0.0341908989175974
1514,0,patch_18_3,4608,4864,768,1024,65536,MSAVI,-0.33203125,45798,,,,
1515,0,patch_18_3,4608,4864,768,1024,65536,NDVI,-0.99609375,19738,2185.0,0.0212568762614603,1700.0,0.027726047343384
1516,0,patch_18_4,4608,4864,1024,1280,65536,MSAVI,-0.29296875,45481,,,,
1517,0,patch_18_4,4608,4864,1024,1280,65536,NDVI,-0.99609375,20055,699.0,0.0219260297069916,725.0,0.0259173298552934
1518,0,patch_18_5,4608,4864,1280,1536,65536,MSAVI,-0.22265625,43688,,,,
1519,0,patch_18_5,4608,4864,1280,1536,65536,NDVI,-0.99609375,21848,1064.0,0.0178996884997953,1499.0,0.0254931770498252
1520,0,patch_18_6,4608,4864,1536,1792,65536,MSAVI,-0.35546875,44181,,,,
1521,0,patch_18_6,4608,4864,1536,1792,65536,NDVI,-0.99609375,21355,1194.0,0.0190973985754783,1759.0,0.0267844036344632
1522,0,patch_18_7,4608,4864,1792,2048,65536,MSAVI,-0.26953125,46692,,,,
1523,0,patch_18_7,4608,4864,1792,2048,65536,NDVI,-0.99609375,18844,635.0,0.0202717558199121,679.0,0.0273918168733575
1524,0,patch_18_8,4608,4864,2048,2304,65536,MSAVI,-0.19921875,49024,,,,
1525,0,patch_18_8,4608,4864,2048,2304,65536,NDVI,-0.59765625,16512,0.0,0.0274540541698902,0.0,0.0342327273648009
1526,0,patch_18_9,4608,4864,2304,2560,65536,MSAVI,-0.19140625,49660,,,,
1527,0,patch_18_9,4608,4864,2304,2560,65536,NDVI,-0.99609375,15876,125.0,0.026396581572424,309.0,0.033823834785135
1528,0,patch_18_10,4608,4864,2560,2816,65536,MSAVI,-0.15234375,50733,,,,
1529,0,patch_18_10,4608,4864,2560,2816,65536,NDVI,-0.65234375,14775,1784.0,0.0239466020680706,1876.0,0.0369005419307595
1530,0,patch_18_11,4608,4864,2816,3072,65536,MSAVI,-0.17578125,53040,,,,
1531,0,patch_18_11,4608,4864,2816,3072,65536,NDVI,-0.60546875,12331,3380.0,0.0287611317095894,3323.0,0.0389458074879316
1532,0,patch_18_12,4608,4864,3072,3328,65536,MSAVI,-0.19921875,51888,,,,
1533,0,patch_18_12,4608,4864,3072,3328,65536,NDVI,-0.54296875,12733,5379.0,0.0265004691279847,4968.0,0.0364125308160418
1534,0,patch_18_13,4608,4864,3328,3584,65536,MSAVI,-0.17578125,49218,,,,
1535,0,patch_18_13,4608,4864,3328,3584,65536,NDVI,-0.60546875,8408,1063.0,0.0261872945922316,1849.0,0.0352240296482034
1536,0,patch_18_14,4608,4864,3584,3840,65536,MSAVI,-0.10546875,46190,,,,
1537,0,patch_18_14,4608,4864,3584,3840,65536,NDVI,-0.66015625,9334,6049.0,0.0252224538646629,6690.0,0.0326568600436041
1538,0,patch_18_15,4608,4864,3840,4096,65536,MSAVI,-0.16796875,42213,,,,
1539,0,patch_18_15,4608,4864,3840,4096,65536,NDVI,-0.66015625,17939,4943.0,0.0172036391138618,5369.0,0.0252397452450737
1540,0,patch_18_16,4608,4864,4096,4352,65536,MSAVI,-0.25390625,41597,,,,
1541,0,patch_18_16,4608,4864,4096,4352,65536,NDVI,-0.67578125,23289,5056.0,0.0138591246793329,5662.0,0.0268647537875572
1542,0,patch_18_17,4608,4864,4352,4608,65536,MSAVI,-0.14453125,44544,,,,
1543,0,patch_18_17,4608,4864,4352,4608,65536,NDVI,-0.66796875,20840,539.0,0.0181994168638549,1021.0,0.025968658498443
1544,0,patch_18_18,4608,4864,4608,4864,65536,MSAVI,-0.22265625,45889,,,,
1545,0,patch_18_18,4608,4864,4608,4864,65536,NDVI,-0.62109375,19647,0.0,0.0229906418302681,0.0,0.0279806425766831
1546,0,patch_18_19,4608,4864,4864,5120,65536,MSAVI,-0.12109375,50115,,,,
1547,0,patch_18_19,4608,4864,4864,5120,65536,NDVI,-0.99609375,15421,506.0,0.0266195114898932,526.0,0.034141400389874
1548,0,patch_18_20,4608,4864,5120,5376,65536,MSAVI,-0.17578125,49324,,,,
1549,0,patch_18_20,4608,4864,5120,5376,65536,NDVI,-0.99609375,16212,657.0,0.0259683126270351,785.0,0.0335087200174872
1550,0,patch_18_21,4608,4864,5376,5632,65536,MSAVI,-0.16015625,41751,,,,
1551,0,patch_18_21,4608,4864,5376,5632,65536,NDVI,-0.54296875,23784,11098.0,0.019732828577562,10705.0,0.0295780396947074
1552,0,patch_18_22,4608,4864,5632,5888,65536,MSAVI,-0.28515625,44188,,,,
1553,0,patch_18_22,4608,4864,5632,5888,65536,NDVI,-0.99609375,21348,3049.0,0.0187841098040569,3521.0,0.0258081901204705
1554,0,patch_18_23,4608,4864,5888,6144,65536,MSAVI,-0.30859375,42405,,,,
1555,0,patch_18_23,4608,4864,5888,6144,65536,NDVI,-0.99609375,23131,6005.0,0.0151748773477576,6968.0,0.0216232104872167
1556,0,patch_18_24,4608,4864,6144,6400,65536,MSAVI,-0.19921875,43483,,,,
1557,0,patch_18_24,4608,4864,6144,6400,65536,NDVI,-0.99609375,22053,6938.0,0.0220511198929496,7044.0,0.0296343697620591
1558,0,patch_18_25,4608,4864,6400,6656,65536,MSAVI,-0.23046875,45759,,,,
1559,0,patch_18_25,4608,4864,6400,6656,65536,NDVI,-0.57421875,19776,4928.0,0.019303625242821,5001.0,0.0302411651324163
1560,0,patch_18_26,4608,4864,6656,6912,65536,MSAVI,-0.28515625,51498,,,,
1561,0,patch_18_26,4608,4864,6656,6912,65536,NDVI,-0.66015625,14038,1450.0,0.0283079601832459,1395.0,0.0388047045178632
1562,0,patch_18_27,4608,4864,6912,7168,65536,MSAVI,-0.19140625,45289,,,,
1563,0,patch_18_27,4608,4864,6912,7168,65536,NDVI,-0.99609375,20247,2871.0,0.0196368402442604,4115.0,0.0282159139691628
1564,0,patch_18_28,4608,4864,7168,7424,65536,MSAVI,-0.33203125,42082,,,,
1565,0,patch_18_28,4608,4864,7168,7424,65536,NDVI,-0.99609375,23454,4992.0,0.0153894616114665,6826.0,0.0207787142856048
1566,0,patch_18_29,4608,4864,7424,7680,65536,MSAVI,-0.18359375,51085,,,,
1567,0,patch_18_29,4608,4864,7424,7680,65536,NDVI,-0.44140625,14448,7781.0,0.0255130496304684,7337.0,0.0385308881172588
1568,0,patch_18_30,4608,4864,7680,7936,65536,MSAVI,-0.49609375,46393,,,,
1569,0,patch_18_30,4608,4864,7680,7936,65536,NDVI,-0.99609375,19143,6630.0,0.0242985938963734,7491.0,0.0321245035828952
1570,0,patch_18_31,4608,4864,7936,8192,65536,MSAVI,-0.21484375,40468,,,,
1571,0,patch_18_31,4608,4864,7936,8192,65536,NDVI,-0.99609375,25068,9532.0,0.0157576876236023,12034.0,0.0265797166162619
1572,0,patch_18_32,4608,4864,8192,8448,65536,MSAVI,-0.17578125,39099,,,,
1573,0,patch_18_32,4608,4864,8192,8448,65536,NDVI,-0.99609375,26437,9992.0,0.0115931653747743,13317.0,0.0211371298624549
1574,0,patch_18_33,4608,4864,8448,8704,65536,MSAVI,-0.19140625,37166,,,,
1575,0,patch_18_33,4608,4864,8448,8704,65536,NDVI,-0.99609375,28370,6916.0,0.0097514973118672,10235.0,0.0166292678896191
1576,0,patch_18_34,4608,4864,8704,8960,65536,MSAVI,-0.19921875,45137,,,,
1577,0,patch_18_34,4608,4864,8704,8960,65536,NDVI,-0.99609375,20399,11998.0,0.0253199837567439,12100.0,0.0313224983532217
1578,0,patch_18_35,4608,4864,8960,9216,65536,MSAVI,-0.36328125,48497,,,,
1579,0,patch_18_35,4608,4864,8960,9216,65536,NDVI,-0.99609375,17039,5842.0,0.0269294455867048,5817.0,0.0356956971045821
1580,0,patch_18_36,4608,4864,9216,9472,65536,MSAVI,-0.20703125,40320,,,,
1581,0,patch_18_36,4608,4864,9216,9472,65536,NDVI,-0.99609375,25216,1025.0,0.0133052812804562,1510.0,0.0176536450188536
1582,0,patch_18_37,4608,4864,9472,9728,65536,MSAVI,-0.05078125,40778,,,,
1583,0,patch_18_37,4608,4864,9472,9728,65536,NDVI,-0.61328125,24647,222.0,0.0150070661277287,361.0,0.0188243607955267
1584,0,patch_18_38,4608,4864,9728,9984,65536,MSAVI,-0.12890625,41861,,,,
1585,0,patch_18_38,4608,4864,9728,9984,65536,NDVI,-0.61328125,23675,168.0,0.0143615707251363,460.0,0.0208288878901747
1586,0,patch_18_39,4608,4864,9984,10240,65536,MSAVI,-0.11328125,44401,,,,
1587,0,patch_18_39,4608,4864,9984,10240,65536,NDVI,-0.99609375,21135,583.0,0.0194470564336701,946.0,0.0259311258694139
1598,0,patch_19_1,4864,5120,256,512,65536,MSAVI,-0.36328125,45155,,,,
1599,0,patch_19_1,4864,5120,256,512,65536,NDVI,-0.99609375,20381,3075.0,0.0226114949851105,3299.0,0.0306560350198829
1600,0,patch_19_2,4864,5120,512,768,65536,MSAVI,-0.19140625,43335,,,,
1601,0,patch_19_2,4864,5120,512,768,65536,NDVI,-0.99609375,22201,1144.0,0.0162421762726991,1681.0,0.0247969703127892
1602,0,patch_19_3,4864,5120,768,1024,65536,MSAVI,-0.16796875,43041,,,,
1603,0,patch_19_3,4864,5120,768,1024,65536,NDVI,-0.99609375,22495,863.0,0.0166377269753754,1490.0,0.0240222078483402
1604,0,patch_19_4,4864,5120,1024,1280,65536,MSAVI,-0.30859375,43768,,,,
1605,0,patch_19_4,4864,5120,1024,1280,65536,NDVI,-0.99609375,21768,436.0,0.0184224589356519,633.0,0.0227059753389109
1606,0,patch_19_5,4864,5120,1280,1536,65536,MSAVI,-0.14453125,47121,,,,
1607,0,patch_19_5,4864,5120,1280,1536,65536,NDVI,-0.99609375,18415,252.0,0.023453502000939,457.0,0.0299707126401031
1608,0,patch_19_6,4864,5120,1536,1792,65536,MSAVI,-0.43359375,45151,,,,
1609,0,patch_19_6,4864,5120,1536,1792,65536,NDVI,-0.99609375,20385,2602.0,0.0200777011516746,3483.0,0.0277833566970072
1610,0,patch_19_7,4864,5120,1792,2048,65536,MSAVI,-0.23046875,46923,,,,
1611,0,patch_19_7,4864,5120,1792,2048,65536,NDVI,-0.99609375,18613,8352.0,0.0227075226314404,7986.0,0.0355133737208683
1612,0,patch_19_8,4864,5120,2048,2304,65536,MSAVI,-0.21484375,43194,,,,
1613,0,patch_19_8,4864,5120,2048,2304,65536,NDVI,-0.99609375,22342,6436.0,0.0180646570812502,6311.0,0.0268372554236902
1614,0,patch_19_9,4864,5120,2304,2560,65536,MSAVI,-0.21484375,48270,,,,
1615,0,patch_19_9,4864,5120,2304,2560,65536,NDVI,-0.99609375,17266,0.0,0.0252791932895538,60.0,0.0299849561169784
1616,0,patch_19_10,4864,5120,2560,2816,65536,MSAVI,-0.27734375,47794,,,,
1617,0,patch_19_10,4864,5120,2560,2816,65536,NDVI,-0.69921875,17742,4034.0,0.0262889031133085,3953.0,0.0320895586794896
1618,0,patch_19_11,4864,5120,2816,3072,65536,MSAVI,-0.38671875,48285,,,,
1619,0,patch_19_11,4864,5120,2816,3072,65536,NDVI,-0.99609375,17251,1819.0,0.0249363651780684,1813.0,0.0329636757324978
1620,0,patch_19_12,4864,5120,3072,3328,65536,MSAVI,-0.13671875,47109,,,,
1621,0,patch_19_12,4864,5120,3072,3328,65536,NDVI,-0.64453125,18425,1468.0,0.0240473197756346,1602.0,0.0322576462104298
1622,0,patch_19_13,4864,5120,3328,3584,65536,MSAVI,-0.03515625,46747,,,,
1623,0,patch_19_13,4864,5120,3328,3584,65536,NDVI,-0.63671875,15725,698.0,0.0199694315742721,1120.0,0.0274791450720653
1624,0,patch_19_14,4864,5120,3584,3840,65536,MSAVI,-0.12109375,48448,,,,
1625,0,patch_19_14,4864,5120,3584,3840,65536,NDVI,-0.56640625,9357,2654.0,0.0269314713629205,3192.0,0.0361822884951264
1626,0,patch_19_15,4864,5120,3840,4096,65536,MSAVI,-0.05078125,48226,,,,
1627,0,patch_19_15,4864,5120,3840,4096,65536,NDVI,-0.70703125,9593,1261.0,0.0239620894025456,1512.0,0.0342718545696402
1628,0,patch_19_16,4864,5120,4096,4352,65536,MSAVI,-0.19140625,43719,,,,
1629,0,patch_19_16,4864,5120,4096,4352,65536,NDVI,-0.71484375,17430,2808.0,0.0161658220215417,3018.0,0.0270760029018698
1630,0,patch_19_17,4864,5120,4352,4608,65536,MSAVI,-0.35546875,42200,,,,
1631,0,patch_19_17,4864,5120,4352,4608,65536,NDVI,-0.71484375,23110,2158.0,0.0135525461669581,2860.0,0.0224262002397779
1632,0,patch_19_18,4864,5120,4608,4864,65536,MSAVI,-0.15234375,43283,,,,
1633,0,patch_19_18,4864,5120,4608,4864,65536,NDVI,-0.59765625,22251,609.0,0.0175807518312512,1192.0,0.0231843588362341
1634,0,patch_19_19,4864,5120,4864,5120,65536,MSAVI,-0.13671875,49214,,,,
1635,0,patch_19_19,4864,5120,4864,5120,65536,NDVI,-0.58203125,16315,425.0,0.0250204603508206,480.0,0.0307555490429
1636,0,patch_19_20,4864,5120,5120,5376,65536,MSAVI,-0.22265625,50874,,,,
1637,0,patch_19_20,4864,5120,5120,5376,65536,NDVI,-0.66796875,14659,1125.0,0.0276549167590969,976.0,0.0357516762540271
1638,0,patch_19_21,4864,5120,5376,5632,65536,MSAVI,-0.24609375,43626,,,,
1639,0,patch_19_21,4864,5120,5376,5632,65536,NDVI,-0.67578125,21889,8494.0,0.0220060136619208,9025.0,0.0299687628458344
1640,0,patch_19_22,4864,5120,5632,5888,65536,MSAVI,-0.21484375,42291,,,,
1641,0,patch_19_22,4864,5120,5632,5888,65536,NDVI,-0.72265625,23201,7420.0,0.0159806506590606,8565.0,0.0247918934933994
1642,0,patch_19_23,4864,5120,5888,6144,65536,MSAVI,-0.14453125,43250,,,,
1643,0,patch_19_23,4864,5120,5888,6144,65536,NDVI,-0.99609375,22286,4098.0,0.0169617675690799,6166.0,0.0223507910164416
1644,0,patch_19_24,4864,5120,6144,6400,65536,MSAVI,-0.18359375,42014,,,,
1645,0,patch_19_24,4864,5120,6144,6400,65536,NDVI,-0.99609375,23522,9341.0,0.0178579978183527,65536.0,0.0248388941787153
1646,0,patch_19_25,4864,5120,6400,6656,65536,MSAVI,-0.32421875,46285,,,,
1647,0,patch_19_25,4864,5120,6400,6656,65536,NDVI,-0.99609375,19251,5537.0,0.0235740604763513,5346.0,0.0311517703485448
1648,0,patch_19_26,4864,5120,6656,6912,65536,MSAVI,-0.23828125,47601,,,,
1649,0,patch_19_26,4864,5120,6656,6912,65536,NDVI,-0.99609375,17935,9617.0,0.025284741255415,9606.0,0.0335196826495687
1650,0,patch_19_27,4864,5120,6912,7168,65536,MSAVI,-0.16015625,47406,,,,
1651,0,patch_19_27,4864,5120,6912,7168,65536,NDVI,-0.99609375,18130,2310.0,0.0239210646327975,2412.0,0.0315243594610408
1652,0,patch_19_28,4864,5120,7168,7424,65536,MSAVI,-0.24609375,46531,,,,
1653,0,patch_19_28,4864,5120,7168,7424,65536,NDVI,-0.99609375,19005,6064.0,0.0232460838964605,6324.0,0.0332590752837231
1654,0,patch_19_29,4864,5120,7424,7680,65536,MSAVI,-0.16015625,46792,,,,
1655,0,patch_19_29,4864,5120,7424,7680,65536,NDVI,-0.99609375,18744,2497.0,0.0212349499888832,2778.0,0.0302801204594309
1656,0,patch_19_30,4864,5120,7680,7936,65536,MSAVI,-0.13671875,41577,,,,
1657,0,patch_19_30,4864,5120,7680,7936,65536,NDVI,-0.99609375,23959,9694.0,0.0161803834270478,11515.0,0.0282410786762885
1658,0,patch_19_31,4864,5120,7936,8192,65536,MSAVI,-0.32421875,42502,,,,
1659,0,patch_19_31,4864,5120,7936,8192,65536,NDVI,-0.99609375,23034,10210.0,0.0227948744083771,11300.0,0.0272657237486425
1660,0,patch_19_32,4864,5120,8192,8448,65536,MSAVI,-0.19921875,38570,,,,
1661,0,patch_19_32,4864,5120,8192,8448,65536,NDVI,-0.99609375,26966,11783.0,0.0125045857920971,15056.0,0.0229713023207508
1662,0,patch_19_33,4864,5120,8448,8704,65536,MSAVI,-0.20703125,39508,,,,
1663,0,patch_19_33,4864,5120,8448,8704,65536,NDVI,-0.99609375,26028,6963.0,0.011123137972555,8673.0,0.0191048738845062
1664,0,patch_19_34,4864,5120,8704,8960,65536,MSAVI,-0.14453125,42503,,,,
1665,0,patch_19_34,4864,5120,8704,8960,65536,NDVI,-0.99609375,23033,2120.0,0.0180570547623349,2323.0,0.0257278776993381
1666,0,patch_19_35,4864,5120,8960,9216,65536,MSAVI,-0.23828125,42634,,,,
1667,0,patch_19_35,4864,5120,8960,9216,65536,NDVI,-0.99609375,22902,4985.0,0.0162872237813501,5526.0,0.022589155838259
1668,0,patch_19_36,4864,5120,9216,9472,65536,MSAVI,-0.29296875,41854,,,,
1669,0,patch_19_36,4864,5120,9216,9472,65536,NDVI,-0.99609375,23682,106.0,0.0141900229539273,449.0,0.0189305385450961
1670,0,patch_19_37,4864,5120,9472,9728,65536,MSAVI,-0.07421875,40084,,,,
1671,0,patch_19_37,4864,5120,9472,9728,65536,NDVI,-0.99609375,25452,502.0,0.0125916832041703,1005.0,0.0176131651961758
1672,0,patch_19_38,4864,5120,9728,9984,65536,MSAVI,-0.19921875,42088,,,,
1673,0,patch_19_38,4864,5120,9728,9984,65536,NDVI,-0.66015625,23448,81.0,0.0148324182179507,329.0,0.0215678162473632
1674,0,patch_19_39,4864,5120,9984,10240,65536,MSAVI,-0.23828125,44347,,,,
1675,0,patch_19_39,4864,5120,9984,10240,65536,NDVI,-0.59765625,21189,1432.0,0.0168433908473467,1621.0,0.0233091310232819
1684,0,patch_20_1,5120,5376,256,512,65536,MSAVI,-0.28515625,41859,,,,
1685,0,patch_20_1,5120,5376,256,512,65536,NDVI,-0.99609375,23677,1334.0,0.0157764978913096,2229.0,0.0232915972425355
1686,0,patch_20_2,5120,5376,512,768,65536,MSAVI,-0.14453125,43237,,,,
1687,0,patch_20_2,5120,5376,512,768,65536,NDVI,-0.99609375,22299,1382.0,0.0175823469160545,2135.0,0.0253600853674145
1688,0,patch_20_3,5120,5376,768,1024,65536,MSAVI,-0.12109375,44733,,,,
1689,0,patch_20_3,5120,5376,768,1024,65536,NDVI,-0.99609375,20803,171.0,0.0176557807827672,592.0,0.0235508740272751
1690,0,patch_20_4,5120,5376,1024,1280,65536,MSAVI,-0.13671875,49004,,,,
1691,0,patch_20_4,5120,5376,1024,1280,65536,NDVI,-0.99609375,16532,2313.0,0.0280531780220844,2228.0,0.0328839631971091
1692,0,patch_20_5,5120,5376,1280,1536,65536,MSAVI,-0.09765625,45782,,,,
1693,0,patch_20_5,5120,5376,1280,1536,65536,NDVI,-0.49609375,19753,7908.0,0.0215346848976878,7189.0,0.0306322311124817
1694,0,patch_20_6,5120,5376,1536,1792,65536,MSAVI,-0.23828125,45897,,,,
1695,0,patch_20_6,5120,5376,1536,1792,65536,NDVI,-0.67578125,19639,1661.0,0.0212628213155678,1924.0,0.0283926038291648
1696,0,patch_20_7,5120,5376,1792,2048,65536,MSAVI,-0.10546875,47078,,,,
1697,0,patch_20_7,5120,5376,1792,2048,65536,NDVI,-0.70703125,18414,1935.0,0.0224051812983597,2169.0,0.032160108713137
1698,0,patch_20_8,5120,5376,2048,2304,65536,MSAVI,-0.33203125,47703,,,,
1699,0,patch_20_8,5120,5376,2048,2304,65536,NDVI,-0.68359375,17794,2693.0,0.0216497237812979,2745.0,0.0314960595607935
1700,0,patch_20_9,5120,5376,2304,2560,65536,MSAVI,-0.19921875,49415,,,,
1701,0,patch_20_9,5120,5376,2304,2560,65536,NDVI,-0.99609375,16121,0.0,0.0276777731066768,0.0,0.0312836481304941
1702,0,patch_20_10,5120,5376,2560,2816,65536,MSAVI,-0.19140625,47740,,,,
1703,0,patch_20_10,5120,5376,2560,2816,65536,NDVI,-0.99609375,17796,195.0,0.0250263792492998,333.0,0.0303564697291091
1704,0,patch_20_11,5120,5376,2816,3072,65536,MSAVI,-0.21484375,46654,,,,
1705,0,patch_20_11,5120,5376,2816,3072,65536,NDVI,-0.56640625,18872,5945.0,0.0214398839763272,5797.0,0.0330379464763196
1706,0,patch_20_12,5120,5376,3072,3328,65536,MSAVI,-0.26171875,46404,,,,
1707,0,patch_20_12,5120,5376,3072,3328,65536,NDVI,-0.67578125,19132,534.0,0.0221122122047799,267.0,0.0274533991337633
1708,0,patch_20_13,5120,5376,3328,3584,65536,MSAVI,-0.01171875,40468,,,,
1709,0,patch_20_13,5120,5376,3328,3584,65536,NDVI,-0.44140625,25062,16671.0,0.017801582357022,65536.0,0.0282709860839473
1710,0,patch_20_14,5120,5376,3584,3840,65536,MSAVI,-0.12890625,47336,,,,
1711,0,patch_20_14,5120,5376,3584,3840,65536,NDVI,-0.63671875,15292,863.0,0.0227633270910767,940.0,0.0289285010079574
1712,0,patch_20_15,5120,5376,3840,4096,65536,MSAVI,-0.10546875,46145,,,,
1713,0,patch_20_15,5120,5376,3840,4096,65536,NDVI,-0.62109375,9318,2018.0,0.019553618422991,2698.0,0.0312688270007808
1714,0,patch_20_16,5120,5376,4096,4352,65536,MSAVI,-0.14453125,43419,,,,
1715,0,patch_20_16,5120,5376,4096,4352,65536,NDVI,-0.70703125,15196,3034.0,0.0182572788873331,3399.0,0.0274055499159441
1716,0,patch_20_17,5120,5376,4352,4608,65536,MSAVI,-0.09765625,43561,,,,
1717,0,patch_20_17,5120,5376,4352,4608,65536,NDVI,-0.58203125,21968,9468.0,0.0181990643462182,9204.0,0.0261989811831871
1718,0,patch_20_18,5120,5376,4608,4864,65536,MSAVI,-0.08984375,40017,,,,
1719,0,patch_20_18,5120,5376,4608,4864,65536,NDVI,-0.62890625,25466,4905.0,0.0132797526612805,6067.0,0.020588249568209
1720,0,patch_20_19,5120,5376,4864,5120,65536,MSAVI,-0.15234375,45469,,,,
1721,0,patch_20_19,5120,5376,4864,5120,65536,NDVI,-0.58203125,20018,2363.0,0.0185857371754923,2322.0,0.0267759073486693
1722,0,patch_20_20,5120,5376,5120,5376,65536,MSAVI,-0.15234375,46427,,,,
1723,0,patch_20_20,5120,5376,5120,5376,65536,NDVI,-0.66015625,19107,2357.0,0.0227842283993938,2683.0,0.030605379609826
1724,0,patch_20_21,5120,5376,5376,5632,65536,MSAVI,-0.25390625,42980,,,,
1725,0,patch_20_21,5120,5376,5376,5632,65536,NDVI,-0.69140625,22556,5558.0,0.0179267378820607,5662.0,0.0246996665256812
1726,0,patch_20_22,5120,5376,5632,5888,65536,MSAVI,-0.08984375,37686,,,,
1727,0,patch_20_22,5120,5376,5632,5888,65536,NDVI,-0.99609375,27850,10146.0,0.0089686013900134,14727.0,0.020000095638486
1728,0,patch_20_23,5120,5376,5888,6144,65536,MSAVI,-0.21484375,49173,,,,
1729,0,patch_20_23,5120,5376,5888,6144,65536,NDVI,-0.99609375,16363,3486.0,0.027398732182173,3546.0,0.0351072056362861
1730,0,patch_20_24,5120,5376,6144,6400,65536,MSAVI,-0.19921875,47522,,,,
1731,0,patch_20_24,5120,5376,6144,6400,65536,NDVI,-0.99609375,18014,1896.0,0.0268368465783806,1975.0,0.0315049391373214
1732,0,patch_20_25,5120,5376,6400,6656,65536,MSAVI,-0.14453125,43587,,,,
1733,0,patch_20_25,5120,5376,6400,6656,65536,NDVI,-0.99609375,21949,1732.0,0.0167782498044837,2430.0,0.0239684774677894
1734,0,patch_20_26,5120,5376,6656,6912,65536,MSAVI,-0.16796875,48083,,,,
1735,0,patch_20_26,5120,5376,6656,6912,65536,NDVI,-0.99609375,17453,9555.0,0.0233106322356618,65536.0,0.0345882501512329
1736,0,patch_20_27,5120,5376,6912,7168,65536,MSAVI,-0.22265625,54172,,,,
1737,0,patch_20_27,5120,5376,6912,7168,65536,NDVI,-0.99609375,11364,3661.0,0.0325225142660234,3684.0,0.0443539324193779
1738,0,patch_20_28,5120,5376,7168,7424,65536,MSAVI,-0.19921875,45301,,,,
1739,0,patch_20_28,5120,5376,7168,7424,65536,NDVI,-0.99609375,20235,2833.0,0.0221491814389157,3382.0,0.0277255850850179
1740,0,patch_20_29,5120,5376,7424,7680,65536,MSAVI,-0.38671875,48198,,,,
1741,0,patch_20_29,5120,5376,7424,7680,65536,NDVI,-0.99609375,17338,2151.0,0.0259861201542977,2416.0,0.0323463217320926
1742,0,patch_20_30,5120,5376,7680,7936,65536,MSAVI,-0.25390625,43936,,,,
1743,0,patch_20_30,5120,5376,7680,7936,65536,NDVI,-0.99609375,21600,5429.0,0.020120051530811,5857.0,0.0256384228474461
1744,0,patch_20_31,5120,5376,7936,8192,65536,MSAVI,-0.30078125,49795,,,,
1745,0,patch_20_31,5120,5376,7936,8192,65536,NDVI,-0.99609375,15741,11176.0,0.0272507115153574,11094.0,0.0374970498859403
1746,0,patch_20_32,5120,5376,8192,8448,65536,MSAVI,-0.26171875,42368,,,,
1747,0,patch_20_32,5120,5376,8192,8448,65536,NDVI,-0.99609375,23168,15475.0,0.0245244763637474,65536.0,0.0330483000069616
1748,0,patch_20_33,5120,5376,8448,8704,65536,MSAVI,-0.16015625,40109,,,,
1749,0,patch_20_33,5120,5376,8448,8704,65536,NDVI,-0.58203125,25427,9531.0,0.0152844105523022,10252.0,0.0218724006618759
1750,0,patch_20_34,5120,5376,8704,8960,65536,MSAVI,-0.18359375,37518,,,,
1751,0,patch_20_34,5120,5376,8704,8960,65536,NDVI,-0.99609375,28018,1897.0,0.006832849629176,3848.0,0.0155804471200177
1752,0,patch_20_35,5120,5376,8960,9216,65536,MSAVI,-0.26953125,41550,,,,
1753,0,patch_20_35,5120,5376,8960,9216,65536,NDVI,-0.99609375,23986,4831.0,0.0164569915604038,4359.0,0.0219167117909274
1754,0,patch_20_36,5120,5376,9216,9472,65536,MSAVI,-0.49609375,46311,,,,
1755,0,patch_20_36,5120,5376,9216,9472,65536,NDVI,-0.99609375,19225,7079.0,0.0238336639724999,65536.0,0.0284861536571934
1756,0,patch_20_37,5120,5376,9472,9728,65536,MSAVI,-0.13671875,47365,,,,
1757,0,patch_20_37,5120,5376,9472,9728,65536,NDVI,-0.66015625,18171,869.0,0.0241040573672005,1154.0,0.0298590856400682
1758,0,patch_20_38,5120,5376,9728,9984,65536,MSAVI,-0.16796875,43729,,,,
1759,0,patch_20_38,5120,5376,9728,9984,65536,NDVI,-0.63671875,21798,232.0,0.0184809240781573,186.0,0.0245186445883167
1760,0,patch_20_39,5120,5376,9984,10240,65536,MSAVI,-0.17578125,44097,,,,
1761,0,patch_20_39,5120,5376,9984,10240,65536,NDVI,-0.99609375,21439,519.0,0.0171928665633139,638.0,0.0226228603070004
1762,0,patch_20_40,5120,5376,10240,10496,65536,MSAVI,-0.13671875,41620,,,,
1763,0,patch_20_40,5120,5376,10240,10496,65536,NDVI,-0.99609375,23916,203.0,0.0140312220732098,831.0,0.02045865281208
1772,0,patch_21_1,5376,5632,256,512,65536,MSAVI,-0.33203125,42778,,,,
1773,0,patch_21_1,5376,5632,256,512,65536,NDVI,-0.99609375,22758,5663.0,0.0184119448265873,5675.0,0.0243927845696103
1774,0,patch_21_2,5376,5632,512,768,65536,MSAVI,-0.35546875,44118,,,,
1775,0,patch_21_2,5376,5632,512,768,65536,NDVI,-0.99609375,21418,3509.0,0.0193602407355947,3918.0,0.0279141632489837
1776,0,patch_21_3,5376,5632,768,1024,65536,MSAVI,-0.44921875,45542,,,,
1777,0,patch_21_3,5376,5632,768,1024,65536,NDVI,-0.99609375,19994,261.0,0.0196312163770965,727.0,0.0282103573288151
1778,0,patch_21_4,5376,5632,1024,1280,65536,MSAVI,-0.28515625,46749,,,,
1779,0,patch_21_4,5376,5632,1024,1280,65536,NDVI,-0.99609375,18787,341.0,0.0224989841482926,581.0,0.0279921635556836
1780,0,patch_21_5,5376,5632,1280,1536,65536,MSAVI,-0.16796875,47356,,,,
1781,0,patch_21_5,5376,5632,1280,1536,65536,NDVI,-0.99609375,18180,217.0,0.0247563297967741,245.0,0.0291346528525618
1782,0,patch_21_6,5376,5632,1536,1792,65536,MSAVI,-0.32421875,44460,,,,
1783,0,patch_21_6,5376,5632,1536,1792,65536,NDVI,-0.99609375,21076,389.0,0.0181257578464451,553.0,0.0252505226196689
1784,0,patch_21_7,5376,5632,1792,2048,65536,MSAVI,-0.27734375,42278,,,,
1785,0,patch_21_7,5376,5632,1792,2048,65536,NDVI,-0.69140625,23233,1361.0,0.016757510775487,1668.0,0.0237510027789351
1786,0,patch_21_8,5376,5632,2048,2304,65536,MSAVI,-0.19921875,47411,,,,
1787,0,patch_21_8,5376,5632,2048,2304,65536,NDVI,-0.64453125,18125,718.0,0.023548753962884,922.0,0.0294421848775607
1788,0,patch_21_9,5376,5632,2304,2560,65536,MSAVI,-0.15234375,48741,,,,
1789,0,patch_21_9,5376,5632,2304,2560,65536,NDVI,-0.99609375,16795,92.0,0.0287450105421736,193.0,0.0315919848683915
1790,0,patch_21_10,5376,5632,2560,2816,65536,MSAVI,-0.21484375,44952,,,,
1791,0,patch_21_10,5376,5632,2560,2816,65536,NDVI,-0.99609375,20584,221.0,0.0220814604469666,231.0,0.0243045052987259
1792,0,patch_21_11,5376,5632,2816,3072,65536,MSAVI,-0.19921875,50600,,,,
1793,0,patch_21_11,5376,5632,2816,3072,65536,NDVI,-0.99609375,14936,0.0,0.026505729062153,0.0,0.0351585010072021
1794,0,patch_21_12,5376,5632,3072,3328,65536,MSAVI,-0.23828125,50305,,,,
1795,0,patch_21_12,5376,5632,3072,3328,65536,NDVI,-0.99609375,15231,1344.0,0.0277543572797259,1192.0,0.0354324863180325
1796,0,patch_21_13,5376,5632,3328,3584,65536,MSAVI,-0.30078125,44732,,,,
1797,0,patch_21_13,5376,5632,3328,3584,65536,NDVI,-0.99609375,20804,4333.0,0.0201004456685441,4849.0,0.0285743846414923
1798,0,patch_21_14,5376,5632,3584,3840,65536,MSAVI,-0.23828125,46610,,,,
1799,0,patch_21_14,5376,5632,3584,3840,65536,NDVI,-0.99609375,18926,1507.0,0.0231502605698881,1936.0,0.0305987521025982
1800,0,patch_21_15,5376,5632,3840,4096,65536,MSAVI,-0.06640625,44073,,,,
1801,0,patch_21_15,5376,5632,3840,4096,65536,NDVI,-0.62109375,17287,1844.0,0.0163316344906362,1900.0,0.0227894029989737
1802,0,patch_21_16,5376,5632,4096,4352,65536,MSAVI,-0.04296875,42639,,,,
1803,0,patch_21_16,5376,5632,4096,4352,65536,NDVI,-0.58984375,16307,4457.0,0.0155376175781841,5953.0,0.0252709043571893
1804,0,patch_21_17,5376,5632,4352,4608,65536,MSAVI,-0.15234375,43834,,,,
1805,0,patch_21_17,5376,5632,4352,4608,65536,NDVI,-0.51953125,21539,12361.0,0.0188803795404522,12163.0,0.0305913408857821
1806,0,patch_21_18,5376,5632,4608,4864,65536,MSAVI,-0.34765625,39960,,,,
1807,0,patch_21_18,5376,5632,4608,4864,65536,NDVI,-0.71484375,25438,3371.0,0.0101445662777877,4091.0,0.021380240204332
1808,0,patch_21_19,5376,5632,4864,5120,65536,MSAVI,-0.18359375,39671,,,,
1809,0,patch_21_19,5376,5632,4864,5120,65536,NDVI,-0.62890625,25779,869.0,0.0107597440649848,1386.0,0.0198316335041939
1810,0,patch_21_20,5376,5632,5120,5376,65536,MSAVI,-0.14453125,44120,,,,
1811,0,patch_21_20,5376,5632,5120,5376,65536,NDVI,-0.62109375,21416,2641.0,0.0189663168778649,3893.0,0.0268811656581121
1812,0,patch_21_21,5376,5632,5376,5632,65536,MSAVI,-0.19921875,47411,,,,
1813,0,patch_21_21,5376,5632,5376,5632,65536,NDVI,-0.99609375,18125,4683.0,0.023706830399165,4464.0,0.0305366251057126
1814,0,patch_21_22,5376,5632,5632,5888,65536,MSAVI,-0.25390625,45771,,,,
1815,0,patch_21_22,5376,5632,5632,5888,65536,NDVI,-0.99609375,19765,6488.0,0.021927635751866,6695.0,0.0308621115874112
1816,0,patch_21_23,5376,5632,5888,6144,65536,MSAVI,-0.31640625,42098,,,,
1817,0,patch_21_23,5376,5632,5888,6144,65536,NDVI,-0.99609375,23438,8028.0,0.0186841533601251,9308.0,0.026079704723248
1818,0,patch_21_24,5376,5632,6144,6400,65536,MSAVI,-0.19921875,48494,,,,
1819,0,patch_21_24,5376,5632,6144,6400,65536,NDVI,-0.99609375,17042,822.0,0.0264194895974938,821.0,0.0313486252320032
1820,0,patch_21_25,5376,5632,6400,6656,65536,MSAVI,-0.23828125,43583,,,,
1821,0,patch_21_25,5376,5632,6400,6656,65536,NDVI,-0.99609375,21953,1955.0,0.0193600387491249,1825.0,0.0233286510999474
1822,0,patch_21_26,5376,5632,6656,6912,65536,MSAVI,-0.24609375,42835,,,,
1823,0,patch_21_26,5376,5632,6656,6912,65536,NDVI,-0.99609375,22701,5993.0,0.0171440098791103,7477.0,0.0248045480071241
1824,0,patch_21_27,5376,5632,6912,7168,65536,MSAVI,-0.23828125,47587,,,,
1825,0,patch_21_27,5376,5632,6912,7168,65536,NDVI,-0.99609375,17949,7340.0,0.0201309098446539,7555.0,0.0356911326631318
1826,0,patch_21_28,5376,5632,7168,7424,65536,MSAVI,-0.13671875,43634,,,,
1827,0,patch_21_28,5376,5632,7168,7424,65536,NDVI,-0.99609375,21902,11620.0,0.0223455954211535,11399.0,0.0321074113468589
1828,0,patch_21_29,5376,5632,7424,7680,65536,MSAVI,-0.23828125,46261,,,,
1829,0,patch_21_29,5376,5632,7424,7680,65536,NDVI,-0.99609375,19275,1729.0,0.0219070702360909,2770.0,0.028026834548555
1830,0,patch_21_30,5376,5632,7680,7936,65536,MSAVI,-0.20703125,45446,,,,
1831,0,patch_21_30,5376,5632,7680,7936,65536,NDVI,-0.99609375,20090,4381.0,0.0224011836201062,5052.0,0.0283510123027562
1832,0,patch_21_31,5376,5632,7936,8192,65536,MSAVI,-0.29296875,54915,,,,
1833,0,patch_21_31,5376,5632,7936,8192,65536,NDVI,-0.99609375,10621,5719.0,0.0347755516021875,5748.0,0.0450415728379216
1834,0,patch_21_32,5376,5632,8192,8448,65536,MSAVI,-0.31640625,41447,,,,
1835,0,patch_21_32,5376,5632,8192,8448,65536,NDVI,-0.99609375,24089,16974.0,0.0204396932827034,17944.0,0.0310167505939711
1836,0,patch_21_33,5376,5632,8448,8704,65536,MSAVI,-0.32421875,41789,,,,
1837,0,patch_21_33,5376,5632,8448,8704,65536,NDVI,-0.99609375,23747,6500.0,0.0156915518861446,8440.0,0.0244045526138216
1838,0,patch_21_34,5376,5632,8704,8960,65536,MSAVI,-0.25390625,37253,,,,
1839,0,patch_21_34,5376,5632,8704,8960,65536,NDVI,-0.99609375,28283,6590.0,0.0106454429925739,6597.0,0.0153483580224143
1840,0,patch_21_35,5376,5632,8960,9216,65536,MSAVI,-0.26953125,40747,,,,
1841,0,patch_21_35,5376,5632,8960,9216,65536,NDVI,-0.99609375,24789,2362.0,0.0105897631777405,2838.0,0.0177052659217473
1842,0,patch_21_36,5376,5632,9216,9472,65536,MSAVI,-0.36328125,39883,,,,
1843,0,patch_21_36,5376,5632,9216,9472,65536,NDVI,-0.99609375,25653,2128.0,0.0127314314589414,2323.0,0.0173053546186943
1844,0,patch_21_37,5376,5632,9472,9728,65536,MSAVI,-0.20703125,42829,,,,
1845,0,patch_21_37,5376,5632,9472,9728,65536,NDVI,-0.99609375,22707,1245.0,0.016031020718858,2139.0,0.024633249538035
1846,0,patch_21_38,5376,5632,9728,9984,65536,MSAVI,-0.04296875,41266,,,,
1847,0,patch_21_38,5376,5632,9728,9984,65536,NDVI,-0.99609375,24270,1266.0,0.0132872540424738,1891.0,0.0213806478714379
1848,0,patch_21_39,5376,5632,9984,10240,65536,MSAVI,-0.12109375,46167,,,,
1849,0,patch_21_39,5376,5632,9984,10240,65536,NDVI,-0.99609375,19369,80.0,0.0209787135331671,132.0,0.0267881616898867
1850,0,patch_21_40,5376,5632,10240,10496,65536,MSAVI,-0.23828125,42033,,,,
1851,0,patch_21_40,5376,5632,10240,10496,65536,NDVI,-0.99609375,23503,145.0,0.0163482301919563,145.0,0.0190422691418432
1858,0,patch_22_2,5632,5888,512,768,65536,MSAVI,-0.25390625,45208,,,,
1859,0,patch_22_2,5632,5888,512,768,65536,NDVI,-0.99609375,20328,4465.0,0.0223466416567723,4699.0,0.0300891900627289
1860,0,patch_22_3,5632,5888,768,1024,65536,MSAVI,-0.20703125,45492,,,,
1861,0,patch_22_3,5632,5888,768,1024,65536,NDVI,-0.99609375,20044,10527.0,0.0246591069691798,9817.0,0.0334978724340811
1862,0,patch_22_4,5632,5888,1024,1280,65536,MSAVI,-0.37109375,43776,,,,
1863,0,patch_22_4,5632,5888,1024,1280,65536,NDVI,-0.99609375,21760,1861.0,0.0173493865837159,2192.0,0.0238764816692153
1864,0,patch_22_5,5632,5888,1280,1536,65536,MSAVI,-0.20703125,47339,,,,
1865,0,patch_22_5,5632,5888,1280,1536,65536,NDVI,-0.99609375,18197,220.0,0.0217153670139659,245.0,0.0283046440569656
1866,0,patch_22_6,5632,5888,1536,1792,65536,MSAVI,-0.19921875,47715,,,,
1867,0,patch_22_6,5632,5888,1536,1792,65536,NDVI,-0.56640625,17821,4437.0,0.0231108985675191,4744.0,0.0324295715039995
1868,0,patch_22_7,5632,5888,1792,2048,65536,MSAVI,-0.12890625,49999,,,,
1869,0,patch_22_7,5632,5888,1792,2048,65536,NDVI,-0.99609375,15537,1030.0,0.0279685847321817,1044.0,0.035038245747523
1870,0,patch_22_8,5632,5888,2048,2304,65536,MSAVI,-0.16796875,44382,,,,
1871,0,patch_22_8,5632,5888,2048,2304,65536,NDVI,-0.99609375,21154,233.0,0.017071994597864,528.0,0.0254864819322853
1872,0,patch_22_9,5632,5888,2304,2560,65536,MSAVI,-0.24609375,42662,,,,
1873,0,patch_22_9,5632,5888,2304,2560,65536,NDVI,-0.99609375,22874,1093.0,0.0188710559985827,1207.0,0.0239505431356324
1874,0,patch_22_10,5632,5888,2560,2816,65536,MSAVI,0.01953125,42677,,,,
1875,0,patch_22_10,5632,5888,2560,2816,65536,NDVI,-0.99609375,22859,402.0,0.0168152372416731,603.0,0.0229922044205957
1876,0,patch_22_11,5632,5888,2816,3072,65536,MSAVI,-0.18359375,44357,,,,
1877,0,patch_22_11,5632,5888,2816,3072,65536,NDVI,-0.99609375,21179,228.0,0.0202357557369941,409.0,0.0252484099508518
1878,0,patch_22_12,5632,5888,3072,3328,65536,MSAVI,-0.29296875,48899,,,,
1879,0,patch_22_12,5632,5888,3072,3328,65536,NDVI,-0.99609375,16637,2157.0,0.0282918406107031,2359.0,0.0356089427196681
1880,0,patch_22_13,5632,5888,3328,3584,65536,MSAVI,-0.16015625,45298,,,,
1881,0,patch_22_13,5632,5888,3328,3584,65536,NDVI,-0.99609375,20238,2530.0,0.0176723158600074,2488.0,0.0284551199876932
1882,0,patch_22_14,5632,5888,3584,3840,65536,MSAVI,-0.30078125,46501,,,,
1883,0,patch_22_14,5632,5888,3584,3840,65536,NDVI,-0.99609375,19035,906.0,0.0236046573976865,1106.0,0.0283925713536125
1884,0,patch_22_15,5632,5888,3840,4096,65536,MSAVI,-0.22265625,49887,,,,
1885,0,patch_22_15,5632,5888,3840,4096,65536,NDVI,-0.63671875,15643,4069.0,0.0291853586811046,4054.0,0.0344790320846666
1886,0,patch_22_16,5632,5888,4096,4352,65536,MSAVI,-0.08203125,43308,,,,
1887,0,patch_22_16,5632,5888,4096,4352,65536,NDVI,-0.62109375,20669,1694.0,0.0151375029478181,2373.0,0.0236188238378274
1888,0,patch_22_17,5632,5888,4352,4608,65536,MSAVI,-0.04296875,41236,,,,
1889,0,patch_22_17,5632,5888,4352,4608,65536,NDVI,-0.70703125,21809,5364.0,0.0130383517784157,6449.0,0.0221104133883209
1890,0,patch_22_18,5632,5888,4608,4864,65536,MSAVI,-0.32421875,41791,,,,
1891,0,patch_22_18,5632,5888,4608,4864,65536,NDVI,-0.76171875,23433,4760.0,0.0129149851773189,5574.0,0.0226179378579145
1892,0,patch_22_19,5632,5888,4864,5120,65536,MSAVI,-0.19921875,38659,,,,
1893,0,patch_22_19,5632,5888,4864,5120,65536,NDVI,-0.99609375,26877,2351.0,0.0102327678407553,5019.0,0.0185609657641873
1894,0,patch_22_20,5632,5888,5120,5376,65536,MSAVI,-0.12890625,40678,,,,
1895,0,patch_22_20,5632,5888,5120,5376,65536,NDVI,-0.99609375,24858,2475.0,0.0130620354402239,2698.0,0.0182811201256646
1896,0,patch_22_21,5632,5888,5376,5632,65536,MSAVI,-0.20703125,42667,,,,
1897,0,patch_22_21,5632,5888,5376,5632,65536,NDVI,-0.55859375,22869,6470.0,0.01723455626773,6771.0,0.026957247526873
1898,0,patch_22_22,5632,5888,5632,5888,65536,MSAVI,-0.26953125,45937,,,,
1899,0,patch_22_22,5632,5888,5632,5888,65536,NDVI,-0.99609375,19599,6956.0,0.0231113681720392,7171.0,0.0317700755395259
1900,0,patch_22_23,5632,5888,5888,6144,65536,MSAVI,-0.30078125,46390,,,,
1901,0,patch_22_23,5632,5888,5888,6144,65536,NDVI,-0.99609375,19146,6889.0,0.0242083880692048,7066.0,0.0331772279959557
1902,0,patch_22_24,5632,5888,6144,6400,65536,MSAVI,-0.19140625,49267,,,,
1903,0,patch_22_24,5632,5888,6144,6400,65536,NDVI,-0.99609375,16269,6048.0,0.0272953239582332,5514.0,0.0384997748414601
1904,0,patch_22_25,5632,5888,6400,6656,65536,MSAVI,-0.24609375,47432,,,,
1905,0,patch_22_25,5632,5888,6400,6656,65536,NDVI,-0.99609375,18104,4588.0,0.0265682690262464,3913.0,0.031966214685793
1906,0,patch_22_26,5632,5888,6656,6912,65536,MSAVI,-0.08984375,44597,,,,
1907,0,patch_22_26,5632,5888,6656,6912,65536,NDVI,-0.99609375,20939,1003.0,0.01713676419666,1320.0,0.0259816989408174
1908,0,patch_22_27,5632,5888,6912,7168,65536,MSAVI,-0.16015625,47069,,,,
1909,0,patch_22_27,5632,5888,6912,7168,65536,NDVI,-0.99609375,18467,1717.0,0.0246137052138959,2019.0,0.0316365956597031
1910,0,patch_22_28,5632,5888,7168,7424,65536,MSAVI,-0.13671875,45824,,,,
1911,0,patch_22_28,5632,5888,7168,7424,65536,NDVI,-0.99609375,19712,3227.0,0.0211243613144296,3810.0,0.032342388936352
1912,0,patch_22_29,5632,5888,7424,7680,65536,MSAVI,-0.21484375,47461,,,,
1913,0,patch_22_29,5632,5888,7424,7680,65536,NDVI,-0.99609375,18075,233.0,0.0256891250333953,653.0,0.032003130350988
1914,0,patch_22_30,5632,5888,7680,7936,65536,MSAVI,-0.23046875,44964,,,,
1915,0,patch_22_30,5632,5888,7680,7936,65536,NDVI,-0.99609375,20572,5248.0,0.0212569926633724,6123.0,0.0265899037965252
1916,0,patch_22_31,5632,5888,7936,8192,65536,MSAVI,-0.19921875,49823,,,,
1917,0,patch_22_31,5632,5888,7936,8192,65536,NDVI,-0.99609375,15713,13078.0,0.0294847348211929,12832.0,0.0388605751855617
1918,0,patch_22_32,5632,5888,8192,8448,65536,MSAVI,-0.19921875,38479,,,,
1919,0,patch_22_32,5632,5888,8192,8448,65536,NDVI,-0.99609375,27057,15784.0,0.0165407539369156,17064.0,0.0247368942567036
1920,0,patch_22_33,5632,5888,8448,8704,65536,MSAVI,-0.12109375,40928,,,,
1921,0,patch_22_33,5632,5888,8448,8704,65536,NDVI,-0.99609375,24608,12236.0,0.0192672840234219,11614.0,0.0269608788348859
1922,0,patch_22_34,5632,5888,8704,8960,65536,MSAVI,-0.12109375,38431,,,,
1923,0,patch_22_34,5632,5888,8704,8960,65536,NDVI,-0.99609375,27105,4524.0,0.0103909292280423,5518.0,0.0172725456669453
1924,0,patch_22_35,5632,5888,8960,9216,65536,MSAVI,-0.15234375,39394,,,,
1925,0,patch_22_35,5632,5888,8960,9216,65536,NDVI,-0.99609375,26142,2355.0,0.011351176361926,4113.0,0.018568856755963
1926,0,patch_22_36,5632,5888,9216,9472,65536,MSAVI,-0.14453125,39248,,,,
1927,0,patch_22_36,5632,5888,9216,9472,65536,NDVI,-0.99609375,26288,2481.0,0.0112544363420979,4213.0,0.0210319789067904
1928,0,patch_22_37,5632,5888,9472,9728,65536,MSAVI,-0.30078125,39740,,,,
1929,0,patch_22_37,5632,5888,9472,9728,65536,NDVI,-0.99609375,25796,2054.0,0.0123242775186028,3375.0,0.0210340304415082
1930,0,patch_22_38,5632,5888,9728,9984,65536,MSAVI,-0.32421875,40863,,,,
1931,0,patch_22_38,5632,5888,9728,9984,65536,NDVI,-0.99609375,24673,1407.0,0.0138895982618675,2211.0,0.0231718232625928
1932,0,patch_22_39,5632,5888,9984,10240,65536,MSAVI,-0.15234375,48071,,,,
1933,0,patch_22_39,5632,5888,9984,10240,65536,NDVI,-0.99609375,17465,40.0,0.0235337458191043,42.0,0.0290536888274049
1934,0,patch_22_40,5632,5888,10240,10496,65536,MSAVI,-0.14453125,44979,,,,
1935,0,patch_22_40,5632,5888,10240,10496,65536,NDVI,-0.99609375,20557,52.0,0.0204662121642411,52.0,0.024909423983492
1936,0,patch_22_41,5632,5888,10496,10752,65536,MSAVI,-0.02734375,44261,,,,
1937,0,patch_22_41,5632,5888,10496,10752,65536,NDVI,-0.99609375,21275,123.0,0.0180995015938332,155.0,0.0234107219256866
1946,0,patch_23_2,5888,6144,512,768,65536,MSAVI,-0.05859375,41865,,,,
1947,0,patch_23_2,5888,6144,512,768,65536,NDVI,-0.99609375,23671,2499.0,0.0152435877740818,3818.0,0.0253160968822177
1948,0,patch_23_3,5888,6144,768,1024,65536,MSAVI,-0.21484375,46029,,,,
1949,0,patch_23_3,5888,6144,768,1024,65536,NDVI,-0.99609375,19507,3199.0,0.0244772611005371,3285.0,0.0327680332182545
1950,0,patch_23_4,5888,6144,1024,1280,65536,MSAVI,-0.27734375,47250,,,,
1951,0,patch_23_4,5888,6144,1024,1280,65536,NDVI,-0.99609375,18286,627.0,0.0213478471187434,622.0,0.0302100432938737
1952,0,patch_23_5,5888,6144,1280,1536,65536,MSAVI,-0.11328125,50289,,,,
1953,0,patch_23_5,5888,6144,1280,1536,65536,NDVI,-0.99609375,15247,1336.0,0.0239182935172358,1553.0,0.0363198120253003
1954,0,patch_23_6,5888,6144,1536,1792,65536,MSAVI,-0.20703125,49381,,,,
1955,0,patch_23_6,5888,6144,1536,1792,65536,NDVI,-0.99609375,16155,1499.0,0.0254679952331547,1739.0,0.0321636297105543
1956,0,patch_23_7,5888,6144,1792,2048,65536,MSAVI,-0.25390625,50363,,,,
1957,0,patch_23_7,5888,6144,1792,2048,65536,NDVI,-0.99609375,15173,1472.0,0.0293339424193506,1543.0,0.0346379697268229
1958,0,patch_23_8,5888,6144,2048,2304,65536,MSAVI,-0.05078125,43491,,,,
1959,0,patch_23_8,5888,6144,2048,2304,65536,NDVI,-0.99609375,22045,2523.0,0.0181846818972046,2710.0,0.0234891840275144
1960,0,patch_23_9,5888,6144,2304,2560,65536,MSAVI,-0.08984375,43620,,,,
1961,0,patch_23_9,5888,6144,2304,2560,65536,NDVI,-0.99609375,21916,1557.0,0.018371382982164,1500.0,0.0238984758860245
1962,0,patch_23_10,5888,6144,2560,2816,65536,MSAVI,-0.18359375,48099,,,,
1963,0,patch_23_10,5888,6144,2560,2816,65536,NDVI,-0.99609375,17437,2366.0,0.0222437041742209,2380.0,0.030987880873716
1964,0,patch_23_11,5888,6144,2816,3072,65536,MSAVI,-0.20703125,47110,,,,
1965,0,patch_23_11,5888,6144,2816,3072,65536,NDVI,-0.99609375,18426,3709.0,0.0229096407084168,3605.0,0.0301886940420467
1966,0,patch_23_12,5888,6144,3072,3328,65536,MSAVI,-0.26171875,47316,,,,
1967,0,patch_23_12,5888,6144,3072,3328,65536,NDVI,-0.51953125,18218,8586.0,0.0271591233630525,8210.0,0.0354698583727155
1968,0,patch_23_13,5888,6144,3328,3584,65536,MSAVI,-0.27734375,48587,,,,
1969,0,patch_23_13,5888,6144,3328,3584,65536,NDVI,-0.99609375,16949,1161.0,0.0268985470398303,1400.0,0.0333606686993766
1970,0,patch_23_14,5888,6144,3584,3840,65536,MSAVI,-0.33203125,46854,,,,
1971,0,patch_23_14,5888,6144,3584,3840,65536,NDVI,-0.99609375,18682,2977.0,0.0221148515650993,2995.0,0.0294933415037473
1972,0,patch_23_15,5888,6144,3840,4096,65536,MSAVI,-0.16796875,45964,,,,
1973,0,patch_23_15,5888,6144,3840,4096,65536,NDVI,-0.53515625,19488,5597.0,0.0194038067919725,5927.0,0.0316386281970958
1974,0,patch_23_16,5888,6144,4096,4352,65536,MSAVI,-0.05859375,41990,,,,
1975,0,patch_23_16,5888,6144,4096,4352,65536,NDVI,-0.64453125,23515,2384.0,0.0144701673859749,2940.0,0.0217793262024146
1976,0,patch_23_17,5888,6144,4352,4608,65536,MSAVI,-0.10546875,44006,,,,
1977,0,patch_23_17,5888,6144,4352,4608,65536,NDVI,-0.60546875,15933,5816.0,0.0194812873210087,6669.0,0.0296896596324492
1978,0,patch_23_18,5888,6144,4608,4864,65536,MSAVI,-0.15234375,42581,,,,
1979,0,patch_23_18,5888,6144,4608,4864,65536,NDVI,-0.76171875,22941,1351.0,0.0148039772844875,2215.0,0.0223558773760815
1980,0,patch_23_19,5888,6144,4864,5120,65536,MSAVI,-0.23828125,37363,,,,
1981,0,patch_23_19,5888,6144,4864,5120,65536,NDVI,-0.99609375,28173,6873.0,0.0108043660605096,65536.0,0.0204752532897136
1982,0,patch_23_20,5888,6144,5120,5376,65536,MSAVI,-0.08984375,34338,,,,
1983,0,patch_23_20,5888,6144,5120,5376,65536,NDVI,-0.99609375,31198,7538.0,0.0077534370968108,11087.0,0.017391572400372
1984,0,patch_23_21,5888,6144,5376,5632,65536,MSAVI,-0.12890625,40886,,,,
1985,0,patch_23_21,5888,6144,5376,5632,65536,NDVI,-0.99609375,24650,4713.0,0.0152442595687605,5674.0,0.0203728392471648
1986,0,patch_23_22,5888,6144,5632,5888,65536,MSAVI,-0.11328125,44543,,,,
1987,0,patch_23_22,5888,6144,5632,5888,65536,NDVI,-0.99609375,20993,3455.0,0.0186259137479972,4085.0,0.0260015464483258
1988,0,patch_23_23,5888,6144,5888,6144,65536,MSAVI,-0.48828125,48486,,,,
1989,0,patch_23_23,5888,6144,5888,6144,65536,NDVI,-0.99609375,17050,1574.0,0.0224760152047096,1727.0,0.0319216212208422
1990,0,patch_23_24,5888,6144,6144,6400,65536,MSAVI,-0.34765625,48017,,,,
1991,0,patch_23_24,5888,6144,6144,6400,65536,NDVI,-0.66015625,17519,4462.0,0.0231563086869441,4307.0,0.0324788792176559
1992,0,patch_23_25,5888,6144,6400,6656,65536,MSAVI,-0.10546875,46025,,,,
1993,0,patch_23_25,5888,6144,6400,6656,65536,NDVI,-0.56640625,19510,986.0,0.0203482614395079,1177.0,0.0290521031214895
1994,0,patch_23_26,5888,6144,6656,6912,65536,MSAVI,-0.22265625,41343,,,,
1995,0,patch_23_26,5888,6144,6656,6912,65536,NDVI,-0.99609375,24193,963.0,0.013042982442033,1774.0,0.0188976110827675
1996,0,patch_23_27,5888,6144,6912,7168,65536,MSAVI,-0.22265625,44458,,,,
1997,0,patch_23_27,5888,6144,6912,7168,65536,NDVI,-0.99609375,21078,2743.0,0.0184821831943816,2989.0,0.0278765492897014
1998,0,patch_23_28,5888,6144,7168,7424,65536,MSAVI,-0.20703125,42264,,,,
1999,0,patch_23_28,5888,6144,7168,7424,65536,NDVI,-0.99609375,23272,2678.0,0.0137942905337309,3671.0,0.0248111139875711
2000,0,patch_23_29,5888,6144,7424,7680,65536,MSAVI,-0.25390625,46281,,,,
2001,0,patch_23_29,5888,6144,7424,7680,65536,NDVI,-0.99609375,19255,288.0,0.0215455596045458,415.0,0.0275881816586837
2002,0,patch_23_30,5888,6144,7680,7936,65536,MSAVI,-0.23828125,50013,,,,
2003,0,patch_23_30,5888,6144,7680,7936,65536,NDVI,-0.99609375,15523,5506.0,0.0299779947193703,5830.0,0.0361285405827471
2004,0,patch_23_31,5888,6144,7936,8192,65536,MSAVI,-0.16015625,43645,,,,
2005,0,patch_23_31,5888,6144,7936,8192,65536,NDVI,-0.99609375,21891,6829.0,0.0200066970149079,7865.0,0.0277461492309368
2006,0,patch_23_32,5888,6144,8192,8448,65536,MSAVI,-0.16015625,35976,,,,
2007,0,patch_23_32,5888,6144,8192,8448,65536,NDVI,-0.99609375,29560,17222.0,0.0135598738693779,19056.0,0.0203192382361881
2008,0,patch_23_33,5888,6144,8448,8704,65536,MSAVI,-0.21484375,42043,,,,
2009,0,patch_23_33,5888,6144,8448,8704,65536,NDVI,-0.99609375,23493,8918.0,0.0199140000325723,9102.0,0.0281371428704249
2010,0,patch_23_34,5888,6144,8704,8960,65536,MSAVI,-0.08984375,39892,,,,
2011,0,patch_23_34,5888,6144,8704,8960,65536,NDVI,-0.99609375,25644,4976.0,0.0127825306975551,7437.0,0.0233503340189229
2012,0,patch_23_35,5888,6144,8960,9216,65536,MSAVI,-0.15234375,37129,,,,
2013,0,patch_23_35,5888,6144,8960,9216,65536,NDVI,-0.99609375,28407,4932.0,0.0090917935231875,7179.0,0.0165486208776175
2014,0,patch_23_36,5888,6144,9216,9472,65536,MSAVI,-0.14453125,35199,,,,
2015,0,patch_23_36,5888,6144,9216,9472,65536,NDVI,-0.99609375,30337,5422.0,0.0065744929584155,9320.0,0.0163481251850332
2016,0,patch_23_37,5888,6144,9472,9728,65536,MSAVI,-0.16796875,40851,,,,
2017,0,patch_23_37,5888,6144,9472,9728,65536,NDVI,-0.99609375,24685,1970.0,0.0132570147262413,3321.0,0.0210781853061488
2018,0,patch_23_38,5888,6144,9728,9984,65536,MSAVI,-0.35546875,39977,,,,
2019,0,patch_23_38,5888,6144,9728,9984,65536,NDVI,-0.99609375,25559,4553.0,0.0139173676457387,6210.0,0.0236970522502573
2020,0,patch_23_39,5888,6144,9984,10240,65536,MSAVI,-0.19921875,43736,,,,
2021,0,patch_23_39,5888,6144,9984,10240,65536,NDVI,-0.99609375,21800,74.0,0.0180881219672938,128.0,0.0238894915542503
2022,0,patch_23_40,5888,6144,10240,10496,65536,MSAVI,-0.12890625,43854,,,,
2023,0,patch_23_40,5888,6144,10240,10496,65536,NDVI,-0.63671875,21682,2502.0,0.0190720390988207,2843.0,0.0239189097633869
2024,0,patch_23_41,5888,6144,10496,10752,65536,MSAVI,-0.14453125,45610,,,,
2025,0,patch_23_41,5888,6144,10496,10752,65536,NDVI,-0.99609375,19926,52.0,0.0215977775607542,52.0,0.0268546334034947
2032,0,patch_24_3,6144,6400,768,1024,65536,MSAVI,-0.30078125,50246,,,,
2033,0,patch_24_3,6144,6400,768,1024,65536,NDVI,-0.99609375,15290,923.0,0.0303045815896748,1068.0,0.0376972262896119
2034,0,patch_24_4,6144,6400,1024,1280,65536,MSAVI,-0.27734375,49107,,,,
2035,0,patch_24_4,6144,6400,1024,1280,65536,NDVI,-0.99609375,16429,309.0,0.0262953235480144,439.0,0.0338733298962313
2036,0,patch_24_5,6144,6400,1280,1536,65536,MSAVI,-0.40234375,52110,,,,
2037,0,patch_24_5,6144,6400,1280,1536,65536,NDVI,-0.99609375,13426,910.0,0.0311981610291702,695.0,0.0385457183347187
2038,0,patch_24_6,6144,6400,1536,1792,65536,MSAVI,-0.26953125,50305,,,,
2039,0,patch_24_6,6144,6400,1536,1792,65536,NDVI,-0.99609375,15231,329.0,0.028256644656785,363.0,0.0370305358139583
2040,0,patch_24_7,6144,6400,1792,2048,65536,MSAVI,-0.11328125,44575,,,,
2041,0,patch_24_7,6144,6400,1792,2048,65536,NDVI,-0.99609375,20961,476.0,0.0177719550647278,960.0,0.0242797400925507
2042,0,patch_24_8,6144,6400,2048,2304,65536,MSAVI,-0.26171875,48412,,,,
2043,0,patch_24_8,6144,6400,2048,2304,65536,NDVI,-0.99609375,17124,604.0,0.0277341577790588,656.0,0.0317079839043866
2044,0,patch_24_9,6144,6400,2304,2560,65536,MSAVI,-0.24609375,47834,,,,
2045,0,patch_24_9,6144,6400,2304,2560,65536,NDVI,-0.99609375,17702,641.0,0.0252445752013428,961.0,0.0322375481322116
2046,0,patch_24_10,6144,6400,2560,2816,65536,MSAVI,-0.13671875,44655,,,,
2047,0,patch_24_10,6144,6400,2560,2816,65536,NDVI,-0.70703125,20880,1469.0,0.018334800339777,1953.0,0.0250296049973995
2048,0,patch_24_11,6144,6400,2816,3072,65536,MSAVI,-0.18359375,47730,,,,
2049,0,patch_24_11,6144,6400,2816,3072,65536,NDVI,-0.99609375,17806,1129.0,0.0215759727098325,1044.0,0.0311970843452972
2050,0,patch_24_12,6144,6400,3072,3328,65536,MSAVI,-0.16015625,49007,,,,
2051,0,patch_24_12,6144,6400,3072,3328,65536,NDVI,-0.99609375,16529,5659.0,0.0297655244226113,5465.0,0.0372072863194552
2052,0,patch_24_13,6144,6400,3328,3584,65536,MSAVI,-0.28515625,47719,,,,
2053,0,patch_24_13,6144,6400,3328,3584,65536,NDVI,-0.99609375,17817,2015.0,0.026539630538029,1937.0,0.0311978772710654
2054,0,patch_24_14,6144,6400,3584,3840,65536,MSAVI,-0.37890625,46993,,,,
2055,0,patch_24_14,6144,6400,3584,3840,65536,NDVI,-0.99609375,18543,2032.0,0.0235027122754107,2203.0,0.0313478075777323
2056,0,patch_24_15,6144,6400,3840,4096,65536,MSAVI,-0.33203125,44787,,,,
2057,0,patch_24_15,6144,6400,3840,4096,65536,NDVI,-0.99609375,20749,1933.0,0.0192430292020761,2367.0,0.0273192502086866
2058,0,patch_24_16,6144,6400,4096,4352,65536,MSAVI,-0.21484375,46556,,,,
2059,0,patch_24_16,6144,6400,4096,4352,65536,NDVI,-0.65234375,18974,984.0,0.0222493517644555,1163.0,0.0281652385886904
2060,0,patch_24_17,6144,6400,4352,4608,65536,MSAVI,-0.16015625,47105,,,,
2061,0,patch_24_17,6144,6400,4352,4608,65536,NDVI,-0.63671875,17316,537.0,0.0238635932912541,700.0,0.0303535191284893
2062,0,patch_24_18,6144,6400,4608,4864,65536,MSAVI,-0.17578125,43159,,,,
2063,0,patch_24_18,6144,6400,4608,4864,65536,NDVI,-0.70703125,18366,2120.0,0.0169624727451375,3119.0,0.0252198030615959
2064,0,patch_24_19,6144,6400,4864,5120,65536,MSAVI,-0.26171875,41898,,,,
2065,0,patch_24_19,6144,6400,4864,5120,65536,NDVI,-0.99609375,23638,5627.0,0.0167023181729199,65536.0,0.0236725538824482
2066,0,patch_24_20,6144,6400,5120,5376,65536,MSAVI,-0.08203125,37335,,,,
2067,0,patch_24_20,6144,6400,5120,5376,65536,NDVI,-0.99609375,28201,9219.0,0.0102862235607123,9738.0,0.0194949747727452
2068,0,patch_24_21,6144,6400,5376,5632,65536,MSAVI,-0.16015625,38468,,,,
2069,0,patch_24_21,6144,6400,5376,5632,65536,NDVI,-0.99609375,27068,2244.0,0.0119982504128694,3549.0,0.0168811483994372
2070,0,patch_24_22,6144,6400,5632,5888,65536,MSAVI,-0.17578125,45661,,,,
2071,0,patch_24_22,6144,6400,5632,5888,65536,NDVI,-0.62109375,19875,1190.0,0.0213029096956064,1163.0,0.0291706711873402
2072,0,patch_24_23,6144,6400,5888,6144,65536,MSAVI,-0.35546875,49552,,,,
2073,0,patch_24_23,6144,6400,5888,6144,65536,NDVI,-0.67578125,15732,1581.0,0.0255920541082898,1633.0,0.0365738865294218
2074,0,patch_24_24,6144,6400,6144,6400,65536,MSAVI,-0.28515625,45236,,,,
2075,0,patch_24_24,6144,6400,6144,6400,65536,NDVI,-0.69921875,20200,3868.0,0.0187756740137366,4227.0,0.0310657587927844
2076,0,patch_24_25,6144,6400,6400,6656,65536,MSAVI,-0.25390625,44702,,,,
2077,0,patch_24_25,6144,6400,6400,6656,65536,NDVI,-0.99609375,20834,1196.0,0.0182656373463027,1172.0,0.0244973922179374
2078,0,patch_24_26,6144,6400,6656,6912,65536,MSAVI,-0.08203125,41778,,,,
2079,0,patch_24_26,6144,6400,6656,6912,65536,NDVI,-0.99609375,23758,1558.0,0.0149941432921851,2009.0,0.0221244943872892
2080,0,patch_24_27,6144,6400,6912,7168,65536,MSAVI,-0.15234375,40473,,,,
2081,0,patch_24_27,6144,6400,6912,7168,65536,NDVI,-0.53515625,25063,6864.0,0.0131361637852023,8015.0,0.0223076609920115
2082,0,patch_24_28,6144,6400,7168,7424,65536,MSAVI,-0.20703125,42643,,,,
2083,0,patch_24_28,6144,6400,7168,7424,65536,NDVI,-0.99609375,22893,1141.0,0.0156642664741827,1773.0,0.021922881899725
2084,0,patch_24_29,6144,6400,7424,7680,65536,MSAVI,-0.33203125,47275,,,,
2085,0,patch_24_29,6144,6400,7424,7680,65536,NDVI,-0.99609375,18261,5494.0,0.0230364317252589,5421.0,0.0304377404802148
2086,0,patch_24_30,6144,6400,7680,7936,65536,MSAVI,-0.25390625,46253,,,,
2087,0,patch_24_30,6144,6400,7680,7936,65536,NDVI,-0.99609375,19283,5252.0,0.0237421400725666,5557.0,0.0320096328147473
2088,0,patch_24_31,6144,6400,7936,8192,65536,MSAVI,-0.22265625,43309,,,,
2089,0,patch_24_31,6144,6400,7936,8192,65536,NDVI,-0.99609375,22227,5116.0,0.0175852494442164,7361.0,0.0257313870966362
2090,0,patch_24_32,6144,6400,8192,8448,65536,MSAVI,-0.16015625,42515,,,,
2091,0,patch_24_32,6144,6400,8192,8448,65536,NDVI,-0.99609375,23021,7955.0,0.0181052159183751,9209.0,0.0280781445769731
2092,0,patch_24_33,6144,6400,8448,8704,65536,MSAVI,-0.18359375,46385,,,,
2093,0,patch_24_33,6144,6400,8448,8704,65536,NDVI,-0.99609375,19151,2955.0,0.0235226397592494,2981.0,0.0302868627049413
2094,0,patch_24_34,6144,6400,8704,8960,65536,MSAVI,-0.35546875,43721,,,,
2095,0,patch_24_34,6144,6400,8704,8960,65536,NDVI,-0.99609375,21815,7048.0,0.0204322328480777,7668.0,0.0303392213498574
2096,0,patch_24_35,6144,6400,8960,9216,65536,MSAVI,-0.16015625,41704,,,,
2097,0,patch_24_35,6144,6400,8960,9216,65536,NDVI,-0.99609375,23832,4611.0,0.0149893646021049,5506.0,0.0220837323477665
2098,0,patch_24_36,6144,6400,9216,9472,65536,MSAVI,-0.19921875,35977,,,,
2099,0,patch_24_36,6144,6400,9216,9472,65536,NDVI,-0.99609375,29559,4559.0,0.0084339268365354,7366.0,0.0174594876772596
2100,0,patch_24_37,6144,6400,9472,9728,65536,MSAVI,-0.14453125,41515,,,,
2101,0,patch_24_37,6144,6400,9472,9728,65536,NDVI,-0.99609375,24021,1450.0,0.0151337065161592,1876.0,0.0211565012127086
2102,0,patch_24_38,6144,6400,9728,9984,65536,MSAVI,-0.12890625,37850,,,,
2103,0,patch_24_38,6144,6400,9728,9984,65536,NDVI,-0.99609375,27686,4035.0,0.0104375525531938,6192.0,0.0180261320123714
2104,0,patch_24_39,6144,6400,9984,10240,65536,MSAVI,-0.16015625,41402,,,,
2105,0,patch_24_39,6144,6400,9984,10240,65536,NDVI,-0.99609375,24134,1127.0,0.0148981876112352,1792.0,0.0186458012154402
2106,0,patch_24_40,6144,6400,10240,10496,65536,MSAVI,-0.25390625,45460,,,,
2107,0,patch_24_40,6144,6400,10240,10496,65536,NDVI,-0.68359375,20075,5629.0,0.0211136269648395,5889.0,0.0283546446991802
2108,0,patch_24_41,6144,6400,10496,10752,65536,MSAVI,-0.15234375,46625,,,,
2109,0,patch_24_41,6144,6400,10496,10752,65536,NDVI,-0.99609375,18911,189.0,0.0234682345887965,235.0,0.0293454438320187
2110,0,patch_24_42,6144,6400,10752,11008,65536,MSAVI,-0.21484375,45247,,,,
2111,0,patch_24_42,6144,6400,10752,11008,65536,NDVI,-0.99609375,20289,281.0,0.0220884617355924,164.0,0.0256274417404333
2120,0,patch_25_3,6400,6656,768,1024,65536,MSAVI,-0.30859375,48250,,,,
2121,0,patch_25_3,6400,6656,768,1024,65536,NDVI,-0.99609375,17286,2372.0,0.0256978418114242,2933.0,0.0352289977779572
2122,0,patch_25_4,6400,6656,1024,1280,65536,MSAVI,-0.17578125,47860,,,,
2123,0,patch_25_4,6400,6656,1024,1280,65536,NDVI,-0.99609375,17676,3895.0,0.0254155641191424,3933.0,0.034258846568368
2124,0,patch_25_5,6400,6656,1280,1536,65536,MSAVI,-0.43359375,51629,,,,
2125,0,patch_25_5,6400,6656,1280,1536,65536,NDVI,-0.99609375,13907,1043.0,0.0294860008484951,828.0,0.0376178122717419
2126,0,patch_25_6,6400,6656,1536,1792,65536,MSAVI,-0.31640625,48488,,,,
2127,0,patch_25_6,6400,6656,1536,1792,65536,NDVI,-0.99609375,17048,3434.0,0.0257688364324236,3083.0,0.0323719078961323
2128,0,patch_25_7,6400,6656,1792,2048,65536,MSAVI,-0.15234375,46337,,,,
2129,0,patch_25_7,6400,6656,1792,2048,65536,NDVI,-0.99609375,19199,319.0,0.0242772859079294,359.0,0.0296327628684191
2130,0,patch_25_8,6400,6656,2048,2304,65536,MSAVI,-0.12890625,41880,,,,
2131,0,patch_25_8,6400,6656,2048,2304,65536,NDVI,-0.47265625,23655,12426.0,0.019267485278574,12023.0,0.0272201068952623
2132,0,patch_25_9,6400,6656,2304,2560,65536,MSAVI,-0.33203125,50265,,,,
2133,0,patch_25_9,6400,6656,2304,2560,65536,NDVI,-0.99609375,15271,3510.0,0.0269754277634752,3175.0,0.0358746598797577
2134,0,patch_25_10,6400,6656,2560,2816,65536,MSAVI,-0.26171875,45343,,,,
2135,0,patch_25_10,6400,6656,2560,2816,65536,NDVI,-0.69921875,20161,2746.0,0.0215017880718771,3160.0,0.0281710725255997
2136,0,patch_25_11,6400,6656,2816,3072,65536,MSAVI,-0.23046875,44881,,,,
2137,0,patch_25_11,6400,6656,2816,3072,65536,NDVI,-0.99609375,20655,1997.0,0.0203045291520229,2064.0,0.0257539100901754
2138,0,patch_25_12,6400,6656,3072,3328,65536,MSAVI,-0.27734375,52648,,,,
2139,0,patch_25_12,6400,6656,3072,3328,65536,NDVI,-0.99609375,12888,329.0,0.033581336462699,303.0,0.0392483047427513
2140,0,patch_25_13,6400,6656,3328,3584,65536,MSAVI,-0.25390625,44989,,,,
2141,0,patch_25_13,6400,6656,3328,3584,65536,NDVI,-0.99609375,20547,1441.0,0.0210611137242588,1490.0,0.0261342361337548
2142,0,patch_25_14,6400,6656,3584,3840,65536,MSAVI,-0.34765625,45349,,,,
2143,0,patch_25_14,6400,6656,3584,3840,65536,NDVI,-0.99609375,20187,5017.0,0.0214551776409712,5684.0,0.0280754552501036
2144,0,patch_25_15,6400,6656,3840,4096,65536,MSAVI,-0.32421875,46051,,,,
2145,0,patch_25_15,6400,6656,3840,4096,65536,NDVI,-0.99609375,19485,908.0,0.0214173159300445,843.0,0.0276056417071467
2146,0,patch_25_16,6400,6656,4096,4352,65536,MSAVI,-0.24609375,47400,,,,
2147,0,patch_25_16,6400,6656,4096,4352,65536,NDVI,-0.66796875,18136,891.0,0.0245797731617066,1248.0,0.0310908566413077
2148,0,patch_25_17,6400,6656,4352,4608,65536,MSAVI,-0.17578125,50202,,,,
2149,0,patch_25_17,6400,6656,4352,4608,65536,NDVI,-0.59765625,15334,208.0,0.0260242935274418,209.0,0.0329308399247589
2150,0,patch_25_18,6400,6656,4608,4864,65536,MSAVI,-0.19140625,48148,,,,
2151,0,patch_25_18,6400,6656,4608,4864,65536,NDVI,-0.63671875,15845,244.0,0.0246564045599127,158.0,0.0337413603808244
2152,0,patch_25_19,6400,6656,4864,5120,65536,MSAVI,-0.24609375,42025,,,,
2153,0,patch_25_19,6400,6656,4864,5120,65536,NDVI,-0.69140625,22972,4616.0,0.0175385370020751,6344.0,0.0295127492786627
2154,0,patch_25_20,6400,6656,5120,5376,65536,MSAVI,-0.03515625,36150,,,,
2155,0,patch_25_20,6400,6656,5120,5376,65536,NDVI,-0.99609375,29386,10292.0,0.0088435782055531,12535.0,0.0191482844698598
2156,0,patch_25_21,6400,6656,5376,5632,65536,MSAVI,-0.15234375,36596,,,,
2157,0,patch_25_21,6400,6656,5376,5632,65536,NDVI,-0.99609375,28940,3615.0,0.0075271469647787,5529.0,0.014710625927036
2158,0,patch_25_22,6400,6656,5632,5888,65536,MSAVI,-0.12890625,38519,,,,
2159,0,patch_25_22,6400,6656,5632,5888,65536,NDVI,-0.99609375,27017,6090.0,0.0105711702939373,8644.0,0.0212743862762669
2160,0,patch_25_23,6400,6656,5888,6144,65536,MSAVI,-0.23046875,45429,,,,
2161,0,patch_25_23,6400,6656,5888,6144,65536,NDVI,-0.66015625,20105,946.0,0.0188842855572268,1300.0,0.0271396033829874
2162,0,patch_25_24,6400,6656,6144,6400,65536,MSAVI,-0.01953125,50869,,,,
2163,0,patch_25_24,6400,6656,6144,6400,65536,NDVI,-0.58984375,14605,2827.0,0.0221121210107581,2963.0,0.0331874915425842
2164,0,patch_25_25,6400,6656,6400,6656,65536,MSAVI,-0.32421875,42394,,,,
2165,0,patch_25_25,6400,6656,6400,6656,65536,NDVI,-0.99609375,23142,2376.0,0.0160416082596782,3093.0,0.0243192340899418
2166,0,patch_25_26,6400,6656,6656,6912,65536,MSAVI,-0.22265625,41962,,,,
2167,0,patch_25_26,6400,6656,6656,6912,65536,NDVI,-0.99609375,23574,979.0,0.0156477753902967,1503.0,0.0207873298639268
2168,0,patch_25_27,6400,6656,6912,7168,65536,MSAVI,-0.19921875,44152,,,,
2169,0,patch_25_27,6400,6656,6912,7168,65536,NDVI,-0.99609375,21384,1087.0,0.0173829532401242,1529.0,0.02369136372742
2170,0,patch_25_28,6400,6656,7168,7424,65536,MSAVI,-0.25390625,49402,,,,
2171,0,patch_25_28,6400,6656,7168,7424,65536,NDVI,-0.99609375,16134,518.0,0.0264968123302223,1045.0,0.0340556508006343
2172,0,patch_25_29,6400,6656,7424,7680,65536,MSAVI,0.06640625,45764,,,,
2173,0,patch_25_29,6400,6656,7424,7680,65536,NDVI,-0.99609375,19772,3520.0,0.0193266795948215,3717.0,0.0317021708267029
2174,0,patch_25_30,6400,6656,7680,7936,65536,MSAVI,-0.37109375,50211,,,,
2175,0,patch_25_30,6400,6656,7680,7936,65536,NDVI,-0.55078125,15300,4650.0,0.0255976163619975,4774.0,0.0360558328065689
2176,0,patch_25_31,6400,6656,7936,8192,65536,MSAVI,-0.18359375,49290,,,,
2177,0,patch_25_31,6400,6656,7936,8192,65536,NDVI,-0.99609375,16246,2566.0,0.0289566291172786,2532.0,0.0354048660834453
2178,0,patch_25_32,6400,6656,8192,8448,65536,MSAVI,-0.12109375,44282,,,,
2179,0,patch_25_32,6400,6656,8192,8448,65536,NDVI,-0.99609375,21254,2402.0,0.0180359993520803,3189.0,0.0268592147772798
2180,0,patch_25_33,6400,6656,8448,8704,65536,MSAVI,-0.01953125,51665,,,,
2181,0,patch_25_33,6400,6656,8448,8704,65536,NDVI,-0.99609375,13871,1651.0,0.0280066223047881,1353.0,0.0383988577859083
2182,0,patch_25_34,6400,6656,8704,8960,65536,MSAVI,-0.42578125,47931,,,,
2183,0,patch_25_34,6400,6656,8704,8960,65536,NDVI,-0.99609375,17605,595.0,0.0251133429855228,497.0,0.0296426159418752
2184,0,patch_25_35,6400,6656,8960,9216,65536,MSAVI,-0.20703125,45233,,,,
2185,0,patch_25_35,6400,6656,8960,9216,65536,NDVI,-0.99609375,20303,3729.0,0.0193831156129408,4414.0,0.0289791500760806
2186,0,patch_25_36,6400,6656,9216,9472,65536,MSAVI,-0.16796875,37091,,,,
2187,0,patch_25_36,6400,6656,9216,9472,65536,NDVI,-0.99609375,28445,3358.0,0.0095608985848869,4781.0,0.0173516746811014
2188,0,patch_25_37,6400,6656,9472,9728,65536,MSAVI,-0.17578125,38552,,,,
2189,0,patch_25_37,6400,6656,9472,9728,65536,NDVI,-0.99609375,26984,996.0,0.0104487119853641,3149.0,0.0184735014027183
2190,0,patch_25_38,6400,6656,9728,9984,65536,MSAVI,-0.25390625,41170,,,,
2191,0,patch_25_38,6400,6656,9728,9984,65536,NDVI,-0.99609375,24366,1525.0,0.0149832059133626,2459.0,0.0211045343334884
2192,0,patch_25_39,6400,6656,9984,10240,65536,MSAVI,-0.15234375,39133,,,,
2193,0,patch_25_39,6400,6656,9984,10240,65536,NDVI,-0.99609375,26403,3486.0,0.010917109368299,4752.0,0.0182478179106491
2194,0,patch_25_40,6400,6656,10240,10496,65536,MSAVI,-0.08203125,42025,,,,
2195,0,patch_25_40,6400,6656,10240,10496,65536,NDVI,-0.65234375,23510,7858.0,0.0164694150637427,8062.0,0.0233930592984767
2196,0,patch_25_41,6400,6656,10496,10752,65536,MSAVI,-0.14453125,44146,,,,
2197,0,patch_25_41,6400,6656,10496,10752,65536,NDVI,-0.52734375,21384,10026.0,0.0246397159458499,10017.0,0.0318575867095251
2198,0,patch_25_42,6400,6656,10752,11008,65536,MSAVI,-0.04296875,42023,,,,
2199,0,patch_25_42,6400,6656,10752,11008,65536,NDVI,-0.60546875,23507,4353.0,0.017713779604017,4514.0,0.0241925948915211
2208,0,patch_26_4,6656,6912,1024,1280,65536,MSAVI,-0.34765625,51435,,,,
2209,0,patch_26_4,6656,6912,1024,1280,65536,NDVI,-0.99609375,14101,0.0,0.0285918799411381,0.0,0.0362039620974993
2210,0,patch_26_5,6656,6912,1280,1536,65536,MSAVI,-0.23828125,51911,,,,
2211,0,patch_26_5,6656,6912,1280,1536,65536,NDVI,-0.99609375,13625,64.0,0.0302721493164248,64.0,0.0370413985154799
2212,0,patch_26_6,6656,6912,1536,1792,65536,MSAVI,-0.32421875,47152,,,,
2213,0,patch_26_6,6656,6912,1536,1792,65536,NDVI,-0.99609375,18384,1851.0,0.0204511019208906,1982.0,0.0289348926788858
2214,0,patch_26_7,6656,6912,1792,2048,65536,MSAVI,-0.16796875,52071,,,,
2215,0,patch_26_7,6656,6912,1792,2048,65536,NDVI,-0.99609375,13465,180.0,0.0306846250740672,180.0,0.0363676870746688
2216,0,patch_26_8,6656,6912,2048,2304,65536,MSAVI,-0.05859375,46086,,,,
2217,0,patch_26_8,6656,6912,2048,2304,65536,NDVI,-0.99609375,19450,3572.0,0.0220097379195015,3796.0,0.0303991112193493
2218,0,patch_26_9,6656,6912,2304,2560,65536,MSAVI,-0.27734375,49025,,,,
2219,0,patch_26_9,6656,6912,2304,2560,65536,NDVI,-0.99609375,16511,2851.0,0.0264718069018238,3283.0,0.0328617286739913
2220,0,patch_26_10,6656,6912,2560,2816,65536,MSAVI,-0.05078125,45040,,,,
2221,0,patch_26_10,6656,6912,2560,2816,65536,NDVI,-0.99609375,20496,708.0,0.0188025316551653,968.0,0.0253839100153498
2222,0,patch_26_11,6656,6912,2816,3072,65536,MSAVI,-0.39453125,49376,,,,
2223,0,patch_26_11,6656,6912,2816,3072,65536,NDVI,-0.99609375,16160,2147.0,0.0283748915628374,2193.0,0.0349264570002918
2224,0,patch_26_12,6656,6912,3072,3328,65536,MSAVI,-0.33203125,50676,,,,
2225,0,patch_26_12,6656,6912,3072,3328,65536,NDVI,-0.56640625,14859,1745.0,0.0282283680867854,1606.0,0.0356628825856457
2226,0,patch_26_13,6656,6912,3328,3584,65536,MSAVI,-0.31640625,50572,,,,
2227,0,patch_26_13,6656,6912,3328,3584,65536,NDVI,-0.99609375,14964,207.0,0.0294992004039403,223.0,0.0344475995601331
2228,0,patch_26_14,6656,6912,3584,3840,65536,MSAVI,-0.24609375,46230,,,,
2229,0,patch_26_14,6656,6912,3584,3840,65536,NDVI,-0.62109375,19306,1440.0,0.0197435377824408,1624.0,0.0292080999362318
2230,0,patch_26_15,6656,6912,3840,4096,65536,MSAVI,0.12890625,45441,,,,
2231,0,patch_26_15,6656,6912,3840,4096,65536,NDVI,-0.99609375,20095,486.0,0.0188642418828065,511.0,0.0258202719369945
2232,0,patch_26_16,6656,6912,4096,4352,65536,MSAVI,-0.24609375,53167,,,,
2233,0,patch_26_16,6656,6912,4096,4352,65536,NDVI,-0.48046875,12348,7037.0,0.0224533856064675,6915.0,0.0379188407743067
2234,0,patch_26_17,6656,6912,4352,4608,65536,MSAVI,-0.23828125,44297,,,,
2235,0,patch_26_17,6656,6912,4352,4608,65536,NDVI,-0.69140625,21236,1731.0,0.018802501684636,1902.0,0.0256199164315786
2236,0,patch_26_18,6656,6912,4608,4864,65536,MSAVI,-0.16796875,43426,,,,
2237,0,patch_26_18,6656,6912,4608,4864,65536,NDVI,-0.60546875,22110,382.0,0.0173919043807773,668.0,0.0245085304685781
2238,0,patch_26_19,6656,6912,4864,5120,65536,MSAVI,-0.12109375,47934,,,,
2239,0,patch_26_19,6656,6912,4864,5120,65536,NDVI,-0.62890625,15549,2688.0,0.0272049308947724,3012.0,0.0329382509417215
2240,0,patch_26_20,6656,6912,5120,5376,65536,MSAVI,-0.25390625,41218,,,,
2241,0,patch_26_20,6656,6912,5120,5376,65536,NDVI,-0.65234375,24293,2999.0,0.0110738899194917,4738.0,0.0203957360987175
2242,0,patch_26_21,6656,6912,5376,5632,65536,MSAVI,-0.15234375,35189,,,,
2243,0,patch_26_21,6656,6912,5376,5632,65536,NDVI,-0.99609375,30347,5640.0,0.0068816414290208,9040.0,0.0154820154192123
2244,0,patch_26_22,6656,6912,5632,5888,65536,MSAVI,-0.16015625,39862,,,,
2245,0,patch_26_22,6656,6912,5632,5888,65536,NDVI,-0.99609375,25674,2468.0,0.0105506980075818,3525.0,0.0183059258647406
2246,0,patch_26_23,6656,6912,5888,6144,65536,MSAVI,-0.08203125,40618,,,,
2247,0,patch_26_23,6656,6912,5888,6144,65536,NDVI,-0.99609375,24918,1818.0,0.0134690732985945,2178.0,0.0203706285211329
2248,0,patch_26_24,6656,6912,6144,6400,65536,MSAVI,-0.05859375,45271,,,,
2249,0,patch_26_24,6656,6912,6144,6400,65536,NDVI,-0.99609375,20265,9941.0,0.0197982643117472,9621.0,0.0326351201333827
2250,0,patch_26_25,6656,6912,6400,6656,65536,MSAVI,-0.21484375,46446,,,,
2251,0,patch_26_25,6656,6912,6400,6656,65536,NDVI,-0.99609375,19090,2461.0,0.0233160530861837,2556.0,0.0309787495933755
2252,0,patch_26_26,6656,6912,6656,6912,65536,MSAVI,-0.21484375,46257,,,,
2253,0,patch_26_26,6656,6912,6656,6912,65536,NDVI,-0.99609375,19279,894.0,0.0234968419588118,960.0,0.030723166692215
2254,0,patch_26_27,6656,6912,6912,7168,65536,MSAVI,-0.19921875,45132,,,,
2255,0,patch_26_27,6656,6912,6912,7168,65536,NDVI,-0.99609375,20404,789.0,0.0193498985030778,1403.0,0.0263031250432508
2256,0,patch_26_28,6656,6912,7168,7424,65536,MSAVI,-0.16796875,50457,,,,
2257,0,patch_26_28,6656,6912,7168,7424,65536,NDVI,-0.99609375,15079,242.0,0.028182841251142,257.0,0.0345727818880136
2258,0,patch_26_29,6656,6912,7424,7680,65536,MSAVI,-0.19921875,50160,,,,
2259,0,patch_26_29,6656,6912,7424,7680,65536,NDVI,-0.64453125,15375,4435.0,0.0255531574023042,4409.0,0.0380333610371357
2260,0,patch_26_30,6656,6912,7680,7936,65536,MSAVI,0.01171875,51707,,,,
2261,0,patch_26_30,6656,6912,7680,7936,65536,NDVI,-0.64453125,13820,2015.0,0.0273179153704871,1973.0,0.0368232311431361
2262,0,patch_26_31,6656,6912,7936,8192,65536,MSAVI,-0.17578125,49322,,,,
2263,0,patch_26_31,6656,6912,7936,8192,65536,NDVI,-0.60546875,16210,1559.0,0.0242883060331857,1772.0,0.0334318777981382
2264,0,patch_26_32,6656,6912,8192,8448,65536,MSAVI,-0.19140625,48432,,,,
2265,0,patch_26_32,6656,6912,8192,8448,65536,NDVI,-0.99609375,17104,364.0,0.0255061580600055,540.0,0.0297118034021603
2266,0,patch_26_33,6656,6912,8448,8704,65536,MSAVI,-0.20703125,49675,,,,
2267,0,patch_26_33,6656,6912,8448,8704,65536,NDVI,-0.63671875,15860,195.0,0.0267244651550878,325.0,0.0334960870583327
2268,0,patch_26_34,6656,6912,8704,8960,65536,MSAVI,-0.33203125,48076,,,,
2269,0,patch_26_34,6656,6912,8704,8960,65536,NDVI,-0.99609375,17460,892.0,0.0246673307128806,1000.0,0.0319348763096539
2270,0,patch_26_35,6656,6912,8960,9216,65536,MSAVI,-0.42578125,46499,,,,
2271,0,patch_26_35,6656,6912,8960,9216,65536,NDVI,-0.99609375,19037,699.0,0.0211235463222804,873.0,0.0285551060326499
2272,0,patch_26_36,6656,6912,9216,9472,65536,MSAVI,-0.25390625,41278,,,,
2273,0,patch_26_36,6656,6912,9216,9472,65536,NDVI,-0.99609375,24258,3393.0,0.0151027812330924,4450.0,0.022254443741788
2274,0,patch_26_37,6656,6912,9472,9728,65536,MSAVI,-0.17578125,39841,,,,
2275,0,patch_26_37,6656,6912,9472,9728,65536,NDVI,-0.99609375,25695,1235.0,0.0118056647509768,1505.0,0.0179933726254665
2276,0,patch_26_38,6656,6912,9728,9984,65536,MSAVI,-0.18359375,40121,,,,
2277,0,patch_26_38,6656,6912,9728,9984,65536,NDVI,-0.99609375,25415,1678.0,0.0120816360996783,2848.0,0.0182692613179804
2278,0,patch_26_39,6656,6912,9984,10240,65536,MSAVI,-0.12890625,38663,,,,
2279,0,patch_26_39,6656,6912,9984,10240,65536,NDVI,-0.60546875,26873,8799.0,0.0140699029876301,10385.0,0.0233998227830153
2280,0,patch_26_40,6656,6912,10240,10496,65536,MSAVI,-0.15234375,35231,,,,
2281,0,patch_26_40,6656,6912,10240,10496,65536,NDVI,-0.99609375,30305,16500.0,0.0146493258730068,16880.0,0.0204933174384432
2282,0,patch_26_41,6656,6912,10496,10752,65536,MSAVI,-0.19921875,43529,,,,
2283,0,patch_26_41,6656,6912,10496,10752,65536,NDVI,-0.99609375,22007,1286.0,0.0182005478096362,1515.0,0.02420135777986
2284,0,patch_26_42,6656,6912,10752,11008,65536,MSAVI,-0.11328125,41478,,,,
2285,0,patch_26_42,6656,6912,10752,11008,65536,NDVI,-0.99609375,24058,472.0,0.0147731774987622,563.0,0.0203801575818149
2286,0,patch_26_43,6656,6912,11008,11264,65536,MSAVI,-0.12109375,43723,,,,
2287,0,patch_26_43,6656,6912,11008,11264,65536,NDVI,-0.99609375,21813,85.0,0.0195807802352813,166.0,0.0247552327558251
2296,0,patch_27_5,6912,7168,1280,1536,65536,MSAVI,-0.29296875,52990,,,,
2297,0,patch_27_5,6912,7168,1280,1536,65536,NDVI,-0.99609375,12546,3646.0,0.0289999337852164,3613.0,0.0385540395836934
2298,0,patch_27_6,6912,7168,1536,1792,65536,MSAVI,-0.37109375,54301,,,,
2299,0,patch_27_6,6912,7168,1536,1792,65536,NDVI,-0.99609375,11235,5419.0,0.031839791454458,5025.0,0.0406535068598305
2300,0,patch_27_7,6912,7168,1792,2048,65536,MSAVI,-0.16796875,47532,,,,
2301,0,patch_27_7,6912,7168,1792,2048,65536,NDVI,-0.99609375,18004,1073.0,0.0243813644992274,1154.0,0.0326928142250594
2302,0,patch_27_8,6912,7168,2048,2304,65536,MSAVI,-0.16796875,47376,,,,
2303,0,patch_27_8,6912,7168,2048,2304,65536,NDVI,-0.99609375,18160,276.0,0.026069704099135,389.0,0.0301728052522841
2304,0,patch_27_9,6912,7168,2304,2560,65536,MSAVI,-0.26171875,43873,,,,
2305,0,patch_27_9,6912,7168,2304,2560,65536,NDVI,-0.99609375,21663,230.0,0.0200388582573042,900.0,0.0244702662805742
2306,0,patch_27_10,6912,7168,2560,2816,65536,MSAVI,-0.12109375,44078,,,,
2307,0,patch_27_10,6912,7168,2560,2816,65536,NDVI,-0.99609375,21458,1000.0,0.0195813768239855,1185.0,0.0244189114289208
2308,0,patch_27_11,6912,7168,2816,3072,65536,MSAVI,-0.30859375,47466,,,,
2309,0,patch_27_11,6912,7168,2816,3072,65536,NDVI,-0.99609375,18070,5604.0,0.0246834887988841,6338.0,0.0356539729764701
2310,0,patch_27_12,6912,7168,3072,3328,65536,MSAVI,-0.26953125,48998,,,,
2311,0,patch_27_12,6912,7168,3072,3328,65536,NDVI,-0.99609375,16538,1963.0,0.0277712525474477,1945.0,0.0351324863467252
2312,0,patch_27_13,6912,7168,3328,3584,65536,MSAVI,-0.25390625,48464,,,,
2313,0,patch_27_13,6912,7168,3328,3584,65536,NDVI,-0.63671875,17071,0.0,0.0253131381116152,80.0,0.0318609688470694
2314,0,patch_27_14,6912,7168,3584,3840,65536,MSAVI,-0.02734375,45189,,,,
2315,0,patch_27_14,6912,7168,3584,3840,65536,NDVI,-0.99609375,20347,418.0,0.0163815576671032,400.0,0.0263093495492564
2316,0,patch_27_15,6912,7168,3840,4096,65536,MSAVI,-0.17578125,46408,,,,
2317,0,patch_27_15,6912,7168,3840,4096,65536,NDVI,-0.99609375,19128,129.0,0.022242662389556,130.0,0.0267073131748284
2318,0,patch_27_16,6912,7168,4096,4352,65536,MSAVI,-0.33203125,52032,,,,
2319,0,patch_27_16,6912,7168,4096,4352,65536,NDVI,-0.69921875,13485,3942.0,0.0286587629014306,3893.0,0.0370469515606361
2320,0,patch_27_17,6912,7168,4352,4608,65536,MSAVI,-0.27734375,47157,,,,
2321,0,patch_27_17,6912,7168,4352,4608,65536,NDVI,-0.70703125,18377,408.0,0.0238904579652337,498.0,0.0306331497383609
2322,0,patch_27_18,6912,7168,4608,4864,65536,MSAVI,-0.14453125,47167,,,,
2323,0,patch_27_18,6912,7168,4608,4864,65536,NDVI,-0.62109375,18364,834.0,0.0211628279710731,801.0,0.0293020437193625
2324,0,patch_27_19,6912,7168,4864,5120,65536,MSAVI,-0.04296875,42561,,,,
2325,0,patch_27_19,6912,7168,4864,5120,65536,NDVI,-0.66015625,22914,1856.0,0.0155598346996772,2710.0,0.0237093710807753
2326,0,patch_27_20,6912,7168,5120,5376,65536,MSAVI,-0.24609375,48242,,,,
2327,0,patch_27_20,6912,7168,5120,5376,65536,NDVI,-0.69140625,14635,4733.0,0.0286479926637221,4800.0,0.0391853513840578
2328,0,patch_27_21,6912,7168,5376,5632,65536,MSAVI,-0.35546875,41592,,,,
2329,0,patch_27_21,6912,7168,5376,5632,65536,NDVI,-0.99609375,23944,5403.0,0.0167857821528334,6557.0,0.0240575064031042
2330,0,patch_27_22,6912,7168,5632,5888,65536,MSAVI,-0.07421875,42667,,,,
2331,0,patch_27_22,6912,7168,5632,5888,65536,NDVI,-0.99609375,22869,2179.0,0.0169512978075057,1904.0,0.0226242773278357
2332,0,patch_27_23,6912,7168,5888,6144,65536,MSAVI,-0.15234375,43828,,,,
2333,0,patch_27_23,6912,7168,5888,6144,65536,NDVI,-0.99609375,21708,1175.0,0.0191602055786522,1176.0,0.0246375424858597
2334,0,patch_27_24,6912,7168,6144,6400,65536,MSAVI,-0.10546875,44817,,,,
2335,0,patch_27_24,6912,7168,6144,6400,65536,NDVI,-0.99609375,20719,2292.0,0.0206115967432036,2382.0,0.0270956172345322
2336,0,patch_27_25,6912,7168,6400,6656,65536,MSAVI,-0.23828125,42913,,,,
2337,0,patch_27_25,6912,7168,6400,6656,65536,NDVI,-0.99609375,22623,3388.0,0.0163141968715419,3833.0,0.0264886490955613
2338,0,patch_27_26,6912,7168,6656,6912,65536,MSAVI,-0.21484375,45754,,,,
2339,0,patch_27_26,6912,7168,6656,6912,65536,NDVI,-0.99609375,19782,1843.0,0.0220565532263662,2375.0,0.0311277357089011
2340,0,patch_27_27,6912,7168,6912,7168,65536,MSAVI,-0.13671875,47345,,,,
2341,0,patch_27_27,6912,7168,6912,7168,65536,NDVI,-0.58984375,18189,1131.0,0.0236720977416531,1464.0,0.0304931878643332
2342,0,patch_27_28,6912,7168,7168,7424,65536,MSAVI,-0.17578125,46584,,,,
2343,0,patch_27_28,6912,7168,7168,7424,65536,NDVI,-0.55078125,18949,1116.0,0.0192172044588561,987.0,0.0295411504768551
2344,0,patch_27_29,6912,7168,7424,7680,65536,MSAVI,-0.20703125,46495,,,,
2345,0,patch_27_29,6912,7168,7424,7680,65536,NDVI,-0.99609375,19041,487.0,0.0214055954295133,379.0,0.0278854570029195
2346,0,patch_27_30,6912,7168,7680,7936,65536,MSAVI,-0.20703125,43627,,,,
2347,0,patch_27_30,6912,7168,7680,7936,65536,NDVI,-0.99609375,21909,2525.0,0.0177881363136412,2348.0,0.0243941691137461
2348,0,patch_27_31,6912,7168,7936,8192,65536,MSAVI,-0.24609375,47401,,,,
2349,0,patch_27_31,6912,7168,7936,8192,65536,NDVI,-0.99609375,18135,5039.0,0.024358407986377,4751.0,0.034491124126077
2350,0,patch_27_32,6912,7168,8192,8448,65536,MSAVI,-0.18359375,44955,,,,
2351,0,patch_27_32,6912,7168,8192,8448,65536,NDVI,-0.99609375,20581,1205.0,0.0203188623450253,1437.0,0.0265674452579445
2352,0,patch_27_33,6912,7168,8448,8704,65536,MSAVI,-0.23046875,49666,,,,
2353,0,patch_27_33,6912,7168,8448,8704,65536,NDVI,-0.99609375,15870,2897.0,0.0303313429553645,2936.0,0.0359552427012301
2354,0,patch_27_34,6912,7168,8704,8960,65536,MSAVI,-0.12890625,47824,,,,
2355,0,patch_27_34,6912,7168,8704,8960,65536,NDVI,-0.99609375,17712,8155.0,0.0270525469141186,7799.0,0.0393011193081854
2356,0,patch_27_35,6912,7168,8960,9216,65536,MSAVI,-0.30859375,49942,,,,
2357,0,patch_27_35,6912,7168,8960,9216,65536,NDVI,-0.99609375,15594,323.0,0.0272791617081464,331.0,0.032806041741542
2358,0,patch_27_36,6912,7168,9216,9472,65536,MSAVI,-0.30859375,44872,,,,
2359,0,patch_27_36,6912,7168,9216,9472,65536,NDVI,-0.99609375,20664,828.0,0.019802646742156,1241.0,0.0258314030044145
2360,0,patch_27_37,6912,7168,9472,9728,65536,MSAVI,-0.30078125,41448,,,,
2361,0,patch_27_37,6912,7168,9472,9728,65536,NDVI,-0.99609375,24088,824.0,0.0154324153423829,1750.0,0.0216598752296086
2362,0,patch_27_38,6912,7168,9728,9984,65536,MSAVI,-0.23046875,39518,,,,
2363,0,patch_27_38,6912,7168,9728,9984,65536,NDVI,-0.99609375,26018,3260.0,0.0123095823033841,4306.0,0.020431220433539
2364,0,patch_27_39,6912,7168,9984,10240,65536,MSAVI,-0.12890625,43571,,,,
2365,0,patch_27_39,6912,7168,9984,10240,65536,NDVI,-0.66015625,21965,2243.0,0.0187304656896301,3511.0,0.024849816753496
2366,0,patch_27_40,6912,7168,10240,10496,65536,MSAVI,-0.14453125,40228,,,,
2367,0,patch_27_40,6912,7168,10240,10496,65536,NDVI,-0.99609375,25308,3847.0,0.013610057063747,4532.0,0.0181031618995347
2368,0,patch_27_41,6912,7168,10496,10752,65536,MSAVI,-0.15234375,42795,,,,
2369,0,patch_27_41,6912,7168,10496,10752,65536,NDVI,-0.99609375,22741,1481.0,0.0171920711728547,2118.0,0.022785548422427
2370,0,patch_27_42,6912,7168,10752,11008,65536,MSAVI,-0.17578125,43706,,,,
2371,0,patch_27_42,6912,7168,10752,11008,65536,NDVI,-0.99609375,21830,514.0,0.0177967995594642,641.0,0.0267425240898445
2372,0,patch_27_43,6912,7168,11008,11264,65536,MSAVI,-0.16796875,44405,,,,
2373,0,patch_27_43,6912,7168,11008,11264,65536,NDVI,-0.99609375,21131,0.0,0.0200441626660934,81.0,0.0243684054098521
2382,0,patch_28_5,7168,7424,1280,1536,65536,MSAVI,-0.33984375,53412,,,,
2383,0,patch_28_5,7168,7424,1280,1536,65536,NDVI,-0.99609375,12124,1862.0,0.0296693292377017,1415.0,0.0397222901886719
2384,0,patch_28_6,7168,7424,1536,1792,65536,MSAVI,-0.32421875,55670,,,,
2385,0,patch_28_6,7168,7424,1536,1792,65536,NDVI,-0.99609375,9866,4785.0,0.0325161028555412,4740.0,0.0473191892994133
2386,0,patch_28_7,7168,7424,1792,2048,65536,MSAVI,-0.41015625,51188,,,,
2387,0,patch_28_7,7168,7424,1792,2048,65536,NDVI,-0.99609375,14348,950.0,0.0313631256769224,1024.0,0.0376344499245198
2388,0,patch_28_8,7168,7424,2048,2304,65536,MSAVI,-0.23046875,45852,,,,
2389,0,patch_28_8,7168,7424,2048,2304,65536,NDVI,-0.99609375,19684,2255.0,0.0188519835687692,2462.0,0.0275899301469134
2390,0,patch_28_9,7168,7424,2304,2560,65536,MSAVI,-0.22265625,46434,,,,
2391,0,patch_28_9,7168,7424,2304,2560,65536,NDVI,-0.99609375,19102,46.0,0.0202895375197897,138.0,0.0262985108460926
2392,0,patch_28_10,7168,7424,2560,2816,65536,MSAVI,-0.14453125,46167,,,,
2393,0,patch_28_10,7168,7424,2560,2816,65536,NDVI,-0.99609375,19369,46.0,0.0219958102666526,313.0,0.0273196278607013
2394,0,patch_28_11,7168,7424,2816,3072,65536,MSAVI,-0.32421875,47500,,,,
2395,0,patch_28_11,7168,7424,2816,3072,65536,NDVI,-0.99609375,18036,4777.0,0.0230608101180282,4758.0,0.0311279554979083
2396,0,patch_28_12,7168,7424,3072,3328,65536,MSAVI,-0.09765625,41911,,,,
2397,0,patch_28_12,7168,7424,3072,3328,65536,NDVI,-0.99609375,23625,2828.0,0.0166627959664471,3501.0,0.0229098461909173
2398,0,patch_28_13,7168,7424,3328,3584,65536,MSAVI,-0.16015625,44643,,,,
2399,0,patch_28_13,7168,7424,3328,3584,65536,NDVI,-0.99609375,20893,253.0,0.0201066979806484,283.0,0.0258884674897423
2400,0,patch_28_14,7168,7424,3584,3840,65536,MSAVI,-0.16796875,43097,,,,
2401,0,patch_28_14,7168,7424,3584,3840,65536,NDVI,-0.53515625,22422,6528.0,0.0184243866642311,6608.0,0.0257319614691115
2402,0,patch_28_15,7168,7424,3840,4096,65536,MSAVI,-0.19921875,48095,,,,
2403,0,patch_28_15,7168,7424,3840,4096,65536,NDVI,-0.99609375,17441,818.0,0.024727441301544,819.0,0.0316162136048285
2404,0,patch_28_16,7168,7424,4096,4352,65536,MSAVI,-0.26171875,49027,,,,
2405,0,patch_28_16,7168,7424,4096,4352,65536,NDVI,-0.99609375,16509,163.0,0.0256324051491657,169.0,0.0327322899252583
2406,0,patch_28_17,7168,7424,4352,4608,65536,MSAVI,-0.21484375,46769,,,,
2407,0,patch_28_17,7168,7424,4352,4608,65536,NDVI,-0.99609375,18767,7008.0,0.0225443410952903,6666.0,0.0329065768010266
2408,0,patch_28_18,7168,7424,4608,4864,65536,MSAVI,-0.25390625,46783,,,,
2409,0,patch_28_18,7168,7424,4608,4864,65536,NDVI,-0.99609375,18753,1969.0,0.0197144926965933,2229.0,0.029647885576898
2410,0,patch_28_19,7168,7424,4864,5120,65536,MSAVI,-0.19921875,44816,,,,
2411,0,patch_28_19,7168,7424,4864,5120,65536,NDVI,-0.58203125,20720,2694.0,0.0175437647234299,2915.0,0.0248908896299947
2412,0,patch_28_20,7168,7424,5120,5376,65536,MSAVI,-0.25390625,46627,,,,
2413,0,patch_28_20,7168,7424,5120,5376,65536,NDVI,-0.68359375,18542,3720.0,0.0246060313070715,3866.0,0.0353994140653959
2414,0,patch_28_21,7168,7424,5376,5632,65536,MSAVI,-0.24609375,46509,,,,
2415,0,patch_28_21,7168,7424,5376,5632,65536,NDVI,-0.73046875,16963,4107.0,0.0232678474654114,4340.0,0.0350994902012991
2416,0,patch_28_22,7168,7424,5632,5888,65536,MSAVI,-0.14453125,39796,,,,
2417,0,patch_28_22,7168,7424,5632,5888,65536,NDVI,-0.99609375,25740,6744.0,0.0131570195234638,8256.0,0.0228324825984176
2418,0,patch_28_23,7168,7424,5888,6144,65536,MSAVI,-0.01171875,40479,,,,
2419,0,patch_28_23,7168,7424,5888,6144,65536,NDVI,-0.99609375,25057,3744.0,0.0115747171518264,5277.0,0.0224623258422413
2420,0,patch_28_24,7168,7424,6144,6400,65536,MSAVI,-0.08984375,40024,,,,
2421,0,patch_28_24,7168,7424,6144,6400,65536,NDVI,-0.54296875,25511,4203.0,0.0138523107352697,5202.0,0.0199886762249441
2422,0,patch_28_25,7168,7424,6400,6656,65536,MSAVI,-0.21484375,46581,,,,
2423,0,patch_28_25,7168,7424,6400,6656,65536,NDVI,-0.99609375,18955,4288.0,0.0220140963408451,4421.0,0.0318743623565807
2424,0,patch_28_26,7168,7424,6656,6912,65536,MSAVI,-0.14453125,47476,,,,
2425,0,patch_28_26,7168,7424,6656,6912,65536,NDVI,-0.99609375,18060,1781.0,0.0238073990749433,1901.0,0.0314550967637904
2426,0,patch_28_27,7168,7424,6912,7168,65536,MSAVI,-0.28515625,49106,,,,
2427,0,patch_28_27,7168,7424,6912,7168,65536,NDVI,-0.69921875,16420,480.0,0.0246751309944079,453.0,0.0341083587162321
2428,0,patch_28_28,7168,7424,7168,7424,65536,MSAVI,-0.16015625,52822,,,,
2429,0,patch_28_28,7168,7424,7168,7424,65536,NDVI,-0.99609375,12714,122.0,0.0333574669834447,122.0,0.0387225831916037
2430,0,patch_28_29,7168,7424,7424,7680,65536,MSAVI,-0.19140625,50221,,,,
2431,0,patch_28_29,7168,7424,7424,7680,65536,NDVI,-0.99609375,15315,1771.0,0.0273476417871179,1633.0,0.0372807892549554
2432,0,patch_28_30,7168,7424,7680,7936,65536,MSAVI,-0.20703125,50970,,,,
2433,0,patch_28_30,7168,7424,7680,7936,65536,NDVI,-0.99609375,14566,997.0,0.0303578094797453,1009.0,0.0372554819292544
2434,0,patch_28_31,7168,7424,7936,8192,65536,MSAVI,-0.30859375,47524,,,,
2435,0,patch_28_31,7168,7424,7936,8192,65536,NDVI,-0.99609375,18012,8156.0,0.0267039152204028,8056.0,0.0355495392807606
2436,0,patch_28_32,7168,7424,8192,8448,65536,MSAVI,-0.30859375,47472,,,,
2437,0,patch_28_32,7168,7424,8192,8448,65536,NDVI,-0.99609375,18064,571.0,0.026761948282143,859.0,0.0300972172446196
2438,0,patch_28_33,7168,7424,8448,8704,65536,MSAVI,-0.17578125,48990,,,,
2439,0,patch_28_33,7168,7424,8448,8704,65536,NDVI,-0.99609375,16546,606.0,0.0268245455017566,667.0,0.0332652735422282
2440,0,patch_28_34,7168,7424,8704,8960,65536,MSAVI,-0.19140625,49141,,,,
2441,0,patch_28_34,7168,7424,8704,8960,65536,NDVI,-0.99609375,16395,59.0,0.0277729631176711,59.0,0.0328722049273413
2442,0,patch_28_35,7168,7424,8960,9216,65536,MSAVI,-0.08203125,51329,,,,
2443,0,patch_28_35,7168,7424,8960,9216,65536,NDVI,-0.99609375,14207,355.0,0.0241695437855785,227.0,0.034367608327376
2444,0,patch_28_36,7168,7424,9216,9472,65536,MSAVI,-0.26171875,44811,,,,
2445,0,patch_28_36,7168,7424,9216,9472,65536,NDVI,-0.99609375,20725,526.0,0.0210362103989723,751.0,0.0273205472709783
2446,0,patch_28_37,7168,7424,9472,9728,65536,MSAVI,-0.21484375,45597,,,,
2447,0,patch_28_37,7168,7424,9472,9728,65536,NDVI,-0.99609375,19939,3153.0,0.0227270395885122,3033.0,0.0297729015796062
2448,0,patch_28_38,7168,7424,9728,9984,65536,MSAVI,-0.16796875,41712,,,,
2449,0,patch_28_38,7168,7424,9728,9984,65536,NDVI,-0.50390625,23823,10750.0,0.020593938010162,65536.0,0.0265895431861062
2450,0,patch_28_39,7168,7424,9984,10240,65536,MSAVI,-0.12109375,39174,,,,
2451,0,patch_28_39,7168,7424,9984,10240,65536,NDVI,-0.99609375,26362,6390.0,0.0107706057603955,8092.0,0.0201469145970924
2452,0,patch_28_40,7168,7424,10240,10496,65536,MSAVI,-0.16796875,39040,,,,
2453,0,patch_28_40,7168,7424,10240,10496,65536,NDVI,-0.63671875,26496,2621.0,0.010849667956212,4267.0,0.0199754573309123
2454,0,patch_28_41,7168,7424,10496,10752,65536,MSAVI,-0.19140625,41050,,,,
2455,0,patch_28_41,7168,7424,10496,10752,65536,NDVI,-0.69140625,24483,1184.0,0.0154752772596204,2057.0,0.0227288071945544
2456,0,patch_28_42,7168,7424,10752,11008,65536,MSAVI,-0.22265625,40946,,,,
2457,0,patch_28_42,7168,7424,10752,11008,65536,NDVI,-0.99609375,24590,912.0,0.0155207900027715,2070.0,0.0215321659241074
2458,0,patch_28_43,7168,7424,11008,11264,65536,MSAVI,-0.21484375,42650,,,,
2459,0,patch_28_43,7168,7424,11008,11264,65536,NDVI,-0.66796875,22885,2841.0,0.0158246591669888,2533.0,0.0224288974455701
2460,0,patch_28_44,7168,7424,11264,11520,65536,MSAVI,-0.19921875,43796,,,,
2461,0,patch_28_44,7168,7424,11264,11520,65536,NDVI,-0.56640625,21711,7158.0,0.0208894779122097,5787.0,0.026922182322498
2470,0,patch_29_6,7424,7680,1536,1792,65536,MSAVI,-0.33984375,46391,,,,
2471,0,patch_29_6,7424,7680,1536,1792,65536,NDVI,-0.99609375,19145,11240.0,0.0246037423089702,11428.0,0.0329999846149698
2472,0,patch_29_7,7424,7680,1792,2048,65536,MSAVI,-0.43359375,44743,,,,
2473,0,patch_29_7,7424,7680,1792,2048,65536,NDVI,-0.99609375,20793,1386.0,0.0195391344901188,1816.0,0.0264809976801271
2474,0,patch_29_8,7424,7680,2048,2304,65536,MSAVI,-0.26953125,43172,,,,
2475,0,patch_29_8,7424,7680,2048,2304,65536,NDVI,-0.99609375,22364,2504.0,0.0158036135735704,3794.0,0.0252693568580283
2476,0,patch_29_9,7424,7680,2304,2560,65536,MSAVI,-0.08203125,50211,,,,
2477,0,patch_29_9,7424,7680,2304,2560,65536,NDVI,-0.99609375,15325,2151.0,0.025293451893888,2135.0,0.0359664836768036
2478,0,patch_29_10,7424,7680,2560,2816,65536,MSAVI,-0.17578125,44840,,,,
2479,0,patch_29_10,7424,7680,2560,2816,65536,NDVI,-0.99609375,20696,3696.0,0.0199378355603136,4410.0,0.0277084996685296
2480,0,patch_29_11,7424,7680,2816,3072,65536,MSAVI,-0.42578125,44129,,,,
2481,0,patch_29_11,7424,7680,2816,3072,65536,NDVI,-0.99609375,21407,865.0,0.0149932194397457,1430.0,0.0226849531949
2482,0,patch_29_12,7424,7680,3072,3328,65536,MSAVI,-0.25390625,47767,,,,
2483,0,patch_29_12,7424,7680,3072,3328,65536,NDVI,-0.69921875,17721,4927.0,0.0207532212914381,5015.0,0.0327279295005763
2484,0,patch_29_13,7424,7680,3328,3584,65536,MSAVI,-0.09765625,42317,,,,
2485,0,patch_29_13,7424,7680,3328,3584,65536,NDVI,-0.70703125,23118,7048.0,0.0170859681190519,7663.0,0.0256046299838087
2486,0,patch_29_14,7424,7680,3584,3840,65536,MSAVI,-0.15234375,42460,,,,
2487,0,patch_29_14,7424,7680,3584,3840,65536,NDVI,-0.62109375,23075,5041.0,0.0162719195573844,5815.0,0.0242210113242074
2488,0,patch_29_15,7424,7680,3840,4096,65536,MSAVI,-0.12890625,47752,,,,
2489,0,patch_29_15,7424,7680,3840,4096,65536,NDVI,-0.99609375,17784,2708.0,0.0241391261790974,3080.0,0.0318665072631665
2490,0,patch_29_16,7424,7680,4096,4352,65536,MSAVI,-0.12890625,52671,,,,
2491,0,patch_29_16,7424,7680,4096,4352,65536,NDVI,-0.99609375,12865,576.0,0.0300600019433235,842.0,0.0387776607038073
2492,0,patch_29_17,7424,7680,4352,4608,65536,MSAVI,-0.23046875,46832,,,,
2493,0,patch_29_17,7424,7680,4352,4608,65536,NDVI,-0.66796875,18703,2002.0,0.019812445324873,2336.0,0.0294152119121166
2494,0,patch_29_18,7424,7680,4608,4864,65536,MSAVI,-0.16015625,46273,,,,
2495,0,patch_29_18,7424,7680,4608,4864,65536,NDVI,-0.99609375,19263,1608.0,0.0190992209343695,1926.0,0.0258401121134939
2496,0,patch_29_19,7424,7680,4864,5120,65536,MSAVI,-0.11328125,48376,,,,
2497,0,patch_29_19,7424,7680,4864,5120,65536,NDVI,-0.99609375,17160,231.0,0.0259482931767797,292.0,0.0296052007324929
2498,0,patch_29_20,7424,7680,5120,5376,65536,MSAVI,-0.15234375,43467,,,,
2499,0,patch_29_20,7424,7680,5120,5376,65536,NDVI,-0.99609375,22069,4190.0,0.0179812861649475,4625.0,0.0258436273493082
2500,0,patch_29_21,7424,7680,5376,5632,65536,MSAVI,-0.26171875,43835,,,,
2501,0,patch_29_21,7424,7680,5376,5632,65536,NDVI,-0.74609375,16160,7629.0,0.0188524882229492,8209.0,0.0324672252188041
2502,0,patch_29_22,7424,7680,5632,5888,65536,MSAVI,-0.11328125,39299,,,,
2503,0,patch_29_22,7424,7680,5632,5888,65536,NDVI,-0.67578125,25444,7099.0,0.0134339217014838,8718.0,0.0231347049373664
2504,0,patch_29_23,7424,7680,5888,6144,65536,MSAVI,-0.15234375,37439,,,,
2505,0,patch_29_23,7424,7680,5888,6144,65536,NDVI,-0.61328125,28092,5940.0,0.0088065530811888,7771.0,0.0173833255496317
2506,0,patch_29_24,7424,7680,6144,6400,65536,MSAVI,-0.22265625,42670,,,,
2507,0,patch_29_24,7424,7680,6144,6400,65536,NDVI,-0.99609375,22866,1241.0,0.0164546836196859,1880.0,0.0217146193484882
2508,0,patch_29_25,7424,7680,6400,6656,65536,MSAVI,-0.23046875,45130,,,,
2509,0,patch_29_25,7424,7680,6400,6656,65536,NDVI,-0.99609375,20406,2709.0,0.0202295088363173,2957.0,0.025423794102429
2510,0,patch_29_26,7424,7680,6656,6912,65536,MSAVI,-0.25390625,46215,,,,
2511,0,patch_29_26,7424,7680,6656,6912,65536,NDVI,-0.99609375,19321,4767.0,0.0275354565197678,5034.0,0.0330460179807964
2512,0,patch_29_27,7424,7680,6912,7168,65536,MSAVI,-0.11328125,45841,,,,
2513,0,patch_29_27,7424,7680,6912,7168,65536,NDVI,-0.99609375,19695,0.0,0.0184828775123168,96.0,0.0267576560092379
2514,0,patch_29_28,7424,7680,7168,7424,65536,MSAVI,-0.33203125,53427,,,,
2515,0,patch_29_28,7424,7680,7168,7424,65536,NDVI,-0.99609375,12109,359.0,0.0318658144449431,379.0,0.0419058748031455
2516,0,patch_29_29,7424,7680,7424,7680,65536,MSAVI,-0.08203125,49640,,,,
2517,0,patch_29_29,7424,7680,7424,7680,65536,NDVI,-0.51171875,15877,1763.0,0.0247524389267723,1713.0,0.0364508588833697
2518,0,patch_29_30,7424,7680,7680,7936,65536,MSAVI,-0.16796875,48463,,,,
2519,0,patch_29_30,7424,7680,7680,7936,65536,NDVI,-0.99609375,17073,2911.0,0.0253558434806628,2621.0,0.0322756553378784
2520,0,patch_29_31,7424,7680,7936,8192,65536,MSAVI,-0.08984375,53162,,,,
2521,0,patch_29_31,7424,7680,7936,8192,65536,NDVI,-0.99609375,12374,3119.0,0.0258279500007542,2896.0,0.0402266186550982
2522,0,patch_29_32,7424,7680,8192,8448,65536,MSAVI,-0.32421875,41453,,,,
2523,0,patch_29_32,7424,7680,8192,8448,65536,NDVI,-0.99609375,24083,3367.0,0.0145865041016257,4217.0,0.0206122548365287
2524,0,patch_29_33,7424,7680,8448,8704,65536,MSAVI,-0.22265625,46208,,,,
2525,0,patch_29_33,7424,7680,8448,8704,65536,NDVI,-0.99609375,19328,1573.0,0.0220287238575324,1426.0,0.0279129921865919
2526,0,patch_29_34,7424,7680,8704,8960,65536,MSAVI,-0.21484375,47346,,,,
2527,0,patch_29_34,7424,7680,8704,8960,65536,NDVI,-0.99609375,18190,483.0,0.0247603876476054,619.0,0.030976418633441
2528,0,patch_29_35,7424,7680,8960,9216,65536,MSAVI,-0.19921875,49202,,,,
2529,0,patch_29_35,7424,7680,8960,9216,65536,NDVI,-0.99609375,16334,2907.0,0.0271790886407077,2997.0,0.0330929704696446
2530,0,patch_29_36,7424,7680,9216,9472,65536,MSAVI,-0.25390625,46095,,,,
2531,0,patch_29_36,7424,7680,9216,9472,65536,NDVI,-0.99609375,19441,1542.0,0.0225604641044385,1557.0,0.029475357255236
2532,0,patch_29_37,7424,7680,9472,9728,65536,MSAVI,-0.37109375,43302,,,,
2533,0,patch_29_37,7424,7680,9472,9728,65536,NDVI,-0.99609375,22234,3535.0,0.0174879951333961,4120.0,0.0259875638054369
2534,0,patch_29_38,7424,7680,9728,9984,65536,MSAVI,-0.26171875,48319,,,,
2535,0,patch_29_38,7424,7680,9728,9984,65536,NDVI,-0.99609375,17217,7059.0,0.0267896657094609,6582.0,0.0361943621736695
2536,0,patch_29_39,7424,7680,9984,10240,65536,MSAVI,-0.30078125,44132,,,,
2537,0,patch_29_39,7424,7680,9984,10240,65536,NDVI,-0.99609375,21404,6234.0,0.0194175209603777,6239.0,0.0270611097326248
2538,0,patch_29_40,7424,7680,10240,10496,65536,MSAVI,-0.27734375,40654,,,,
2539,0,patch_29_40,7424,7680,10240,10496,65536,NDVI,-0.99609375,24882,2761.0,0.0143719434909996,4594.0,0.0207999689772409
2540,0,patch_29_41,7424,7680,10496,10752,65536,MSAVI,-0.23828125,39885,,,,
2541,0,patch_29_41,7424,7680,10496,10752,65536,NDVI,-0.66796875,25649,3369.0,0.0112681865692157,5027.0,0.0188840949955127
2542,0,patch_29_42,7424,7680,10752,11008,65536,MSAVI,-0.13671875,40975,,,,
2543,0,patch_29_42,7424,7680,10752,11008,65536,NDVI,-0.99609375,24561,3978.0,0.013157871487522,5117.0,0.021696439186953
2544,0,patch_29_43,7424,7680,11008,11264,65536,MSAVI,-0.07421875,42857,,,,
2545,0,patch_29_43,7424,7680,11008,11264,65536,NDVI,-0.58203125,22679,3613.0,0.01663976763807,4130.0,0.025770191111792
2546,0,patch_29_44,7424,7680,11264,11520,65536,MSAVI,-0.30859375,41303,,,,
2547,0,patch_29_44,7424,7680,11264,11520,65536,NDVI,-0.62890625,24225,6618.0,0.0162817610706573,6880.0,0.0233426347687095
2558,0,patch_30_6,7680,7936,1536,1792,65536,MSAVI,-0.21484375,43664,,,,
2559,0,patch_30_6,7680,7936,1536,1792,65536,NDVI,-0.99609375,21872,8640.0,0.0221504019545808,9145.0,0.0297513874869791
2560,0,patch_30_7,7680,7936,1792,2048,65536,MSAVI,-0.33203125,44929,,,,
2561,0,patch_30_7,7680,7936,1792,2048,65536,NDVI,-0.99609375,20607,4516.0,0.0236603106671378,5465.0,0.0322097499815295
2562,0,patch_30_8,7680,7936,2048,2304,65536,MSAVI,-0.26171875,42392,,,,
2563,0,patch_30_8,7680,7936,2048,2304,65536,NDVI,-0.99609375,23144,3235.0,0.0161778228670944,4112.0,0.0223147234381447
2564,0,patch_30_9,7680,7936,2304,2560,65536,MSAVI,-0.21484375,46931,,,,
2565,0,patch_30_9,7680,7936,2304,2560,65536,NDVI,-0.99609375,18605,2608.0,0.0226613485702849,2892.0,0.0313598935987276
2566,0,patch_30_10,7680,7936,2560,2816,65536,MSAVI,-0.02734375,46967,,,,
2567,0,patch_30_10,7680,7936,2560,2816,65536,NDVI,-0.45703125,18569,4280.0,0.0217166254055614,4207.0,0.033701264099117
2568,0,patch_30_11,7680,7936,2816,3072,65536,MSAVI,-0.27734375,44426,,,,
2569,0,patch_30_11,7680,7936,2816,3072,65536,NDVI,-0.99609375,21110,2522.0,0.0181099071688817,3279.0,0.0258142742468989
2570,0,patch_30_12,7680,7936,3072,3328,65536,MSAVI,-0.16796875,41337,,,,
2571,0,patch_30_12,7680,7936,3072,3328,65536,NDVI,-0.99609375,24199,3205.0,0.0126404539524312,4778.0,0.0198976212711217
2572,0,patch_30_13,7680,7936,3328,3584,65536,MSAVI,0.02734375,45708,,,,
2573,0,patch_30_13,7680,7936,3328,3584,65536,NDVI,-0.70703125,19827,4702.0,0.0214510458906967,4466.0,0.0297728325115975
2574,0,patch_30_14,7680,7936,3584,3840,65536,MSAVI,-0.16015625,44790,,,,
2575,0,patch_30_14,7680,7936,3584,3840,65536,NDVI,-0.99609375,20746,2140.0,0.017322940237391,2601.0,0.0263402797513455
2576,0,patch_30_15,7680,7936,3840,4096,65536,MSAVI,-0.25390625,45861,,,,
2577,0,patch_30_15,7680,7936,3840,4096,65536,NDVI,-0.61328125,19658,3980.0,0.0198967401035538,3929.0,0.0274050115156632
2578,0,patch_30_16,7680,7936,4096,4352,65536,MSAVI,-0.23046875,52667,,,,
2579,0,patch_30_16,7680,7936,4096,4352,65536,NDVI,-0.62109375,12862,2487.0,0.0318131621791072,2643.0,0.0416809961347049
2580,0,patch_30_17,7680,7936,4352,4608,65536,MSAVI,-0.27734375,47809,,,,
2581,0,patch_30_17,7680,7936,4352,4608,65536,NDVI,-0.99609375,17727,3009.0,0.027014626646501,3000.0,0.0311409064153423
2582,0,patch_30_18,7680,7936,4608,4864,65536,MSAVI,-0.24609375,46032,,,,
2583,0,patch_30_18,7680,7936,4608,4864,65536,NDVI,-0.99609375,19504,7069.0,0.0223670354918821,7148.0,0.0320128085829754
2584,0,patch_30_19,7680,7936,4864,5120,65536,MSAVI,-0.21484375,44241,,,,
2585,0,patch_30_19,7680,7936,4864,5120,65536,NDVI,-0.99609375,21295,6215.0,0.0205590701451265,6391.0,0.0285715062218935
2586,0,patch_30_20,7680,7936,5120,5376,65536,MSAVI,-0.17578125,44485,,,,
2587,0,patch_30_20,7680,7936,5120,5376,65536,NDVI,-0.99609375,21051,3241.0,0.0181992465847875,3422.0,0.0250687615472844
2588,0,patch_30_21,7680,7936,5376,5632,65536,MSAVI,-0.16015625,41933,,,,
2589,0,patch_30_21,7680,7936,5376,5632,65536,NDVI,-0.99609375,23603,1417.0,0.0132084206201135,2492.0,0.0239521451600353
2590,0,patch_30_22,7680,7936,5632,5888,65536,MSAVI,-0.06640625,38052,,,,
2591,0,patch_30_22,7680,7936,5632,5888,65536,NDVI,-0.71484375,22897,16807.0,0.0160579330109063,18136.0,0.0269328206362186
2592,0,patch_30_23,7680,7936,5888,6144,65536,MSAVI,-0.19921875,42808,,,,
2593,0,patch_30_23,7680,7936,5888,6144,65536,NDVI,-0.99609375,22728,12560.0,0.01951080116492,13268.0,0.0318452457101607
2594,0,patch_30_24,7680,7936,6144,6400,65536,MSAVI,-0.23046875,42903,,,,
2595,0,patch_30_24,7680,7936,6144,6400,65536,NDVI,-0.99609375,22633,3005.0,0.0167386146459767,3541.0,0.0218918644572204
2596,0,patch_30_25,7680,7936,6400,6656,65536,MSAVI,-0.23046875,42959,,,,
2597,0,patch_30_25,7680,7936,6400,6656,65536,NDVI,-0.99609375,22577,180.0,0.0183436335045862,499.0,0.0221056310398231
2598,0,patch_30_26,7680,7936,6656,6912,65536,MSAVI,-0.26171875,46997,,,,
2599,0,patch_30_26,7680,7936,6656,6912,65536,NDVI,-0.99609375,18539,5014.0,0.0244687534316123,5079.0,0.0320881553700812
2600,0,patch_30_27,7680,7936,6912,7168,65536,MSAVI,-0.36328125,51032,,,,
2601,0,patch_30_27,7680,7936,6912,7168,65536,NDVI,-0.99609375,14504,4496.0,0.0293619369631445,4083.0,0.0373214527971642
2602,0,patch_30_28,7680,7936,7168,7424,65536,MSAVI,-0.33984375,49775,,,,
2603,0,patch_30_28,7680,7936,7168,7424,65536,NDVI,-0.99609375,15761,2282.0,0.0288998257964653,2136.0,0.0353992024198996
2604,0,patch_30_29,7680,7936,7424,7680,65536,MSAVI,-0.22265625,52552,,,,
2605,0,patch_30_29,7680,7936,7424,7680,65536,NDVI,-0.55859375,12983,1645.0,0.0298262155809353,1706.0,0.0396814925742748
2606,0,patch_30_30,7680,7936,7680,7936,65536,MSAVI,-0.12109375,45546,,,,
2607,0,patch_30_30,7680,7936,7680,7936,65536,NDVI,-0.99609375,19990,7068.0,0.0231146788396378,7357.0,0.0322109951536787
2608,0,patch_30_31,7680,7936,7936,8192,65536,MSAVI,-0.21484375,51197,,,,
2609,0,patch_30_31,7680,7936,7936,8192,65536,NDVI,-0.99609375,14339,2948.0,0.0302727209904382,2656.0,0.0359844437608495
2610,0,patch_30_32,7680,7936,8192,8448,65536,MSAVI,-0.37890625,42848,,,,
2611,0,patch_30_32,7680,7936,8192,8448,65536,NDVI,-0.99609375,22688,1321.0,0.0179273168549111,1626.0,0.0222753571550626
2612,0,patch_30_33,7680,7936,8448,8704,65536,MSAVI,-0.25390625,45509,,,,
2613,0,patch_30_33,7680,7936,8448,8704,65536,NDVI,-0.99609375,20027,2511.0,0.0210909762005274,2682.0,0.0280230595429727
2614,0,patch_30_34,7680,7936,8704,8960,65536,MSAVI,-0.21484375,47375,,,,
2615,0,patch_30_34,7680,7936,8704,8960,65536,NDVI,-0.99609375,18161,424.0,0.0242855812035792,644.0,0.0286706904942548
2616,0,patch_30_35,7680,7936,8960,9216,65536,MSAVI,-0.24609375,46986,,,,
2617,0,patch_30_35,7680,7936,8960,9216,65536,NDVI,-0.99609375,18550,114.0,0.0229882606698038,237.0,0.0291404547486408
2618,0,patch_30_36,7680,7936,9216,9472,65536,MSAVI,-0.42578125,44093,,,,
2619,0,patch_30_36,7680,7936,9216,9472,65536,NDVI,-0.99609375,21443,4427.0,0.019165748938719,5282.0,0.028022737688152
2620,0,patch_30_37,7680,7936,9472,9728,65536,MSAVI,-0.37109375,47134,,,,
2621,0,patch_30_37,7680,7936,9472,9728,65536,NDVI,-0.99609375,18402,1845.0,0.0215752117116324,2048.0,0.0299516439329147
2622,0,patch_30_38,7680,7936,9728,9984,65536,MSAVI,-0.34765625,51134,,,,
2623,0,patch_30_38,7680,7936,9728,9984,65536,NDVI,-0.67578125,14402,2905.0,0.0277794679999995,2659.0,0.0394586483455972
2624,0,patch_30_39,7680,7936,9984,10240,65536,MSAVI,-0.33203125,49444,,,,
2625,0,patch_30_39,7680,7936,9984,10240,65536,NDVI,-0.99609375,16092,2155.0,0.0277285818611656,2418.0,0.0325840505159541
2626,0,patch_30_40,7680,7936,10240,10496,65536,MSAVI,-0.26171875,47189,,,,
2627,0,patch_30_40,7680,7936,10240,10496,65536,NDVI,-0.99609375,18347,1785.0,0.0249464438972606,1827.0,0.0297748138119388
2628,0,patch_30_41,7680,7936,10496,10752,65536,MSAVI,-0.08984375,39473,,,,
2629,0,patch_30_41,7680,7936,10496,10752,65536,NDVI,-0.99609375,26063,5960.0,0.0129464355414977,7363.0,0.0210815303204994
2630,0,patch_30_42,7680,7936,10752,11008,65536,MSAVI,-0.23828125,45766,,,,
2631,0,patch_30_42,7680,7936,10752,11008,65536,NDVI,-0.99609375,19770,8001.0,0.0223452075039513,7964.0,0.0310526016539304
2632,0,patch_30_43,7680,7936,11008,11264,65536,MSAVI,0.01171875,38444,,,,
2633,0,patch_30_43,7680,7936,11008,11264,65536,NDVI,-0.99609375,27092,9670.0,0.0134185544901118,10522.0,0.0201313142273115
2634,0,patch_30_44,7680,7936,11264,11520,65536,MSAVI,-0.15234375,42481,,,,
2635,0,patch_30_44,7680,7936,11264,11520,65536,NDVI,-0.61328125,23036,491.0,0.0172454965867907,903.0,0.0221879634865461
2636,0,patch_30_45,7680,7936,11520,11776,65536,MSAVI,-0.23828125,41108,,,,
2637,0,patch_30_45,7680,7936,11520,11776,65536,NDVI,-0.61328125,24322,722.0,0.0121653791842957,1115.0,0.0183720308331497
2648,0,patch_31_7,7936,8192,1792,2048,65536,MSAVI,-0.23828125,41099,,,,
2649,0,patch_31_7,7936,8192,1792,2048,65536,NDVI,-0.99609375,24437,16104.0,0.0207655921307276,15201.0,0.0275903291258228
2650,0,patch_31_8,7936,8192,2048,2304,65536,MSAVI,-0.26171875,44049,,,,
2651,0,patch_31_8,7936,8192,2048,2304,65536,NDVI,-0.99609375,21487,10137.0,0.0184788909260308,65536.0,0.0295896327382449
2652,0,patch_31_9,7936,8192,2304,2560,65536,MSAVI,-0.17578125,48909,,,,
2653,0,patch_31_9,7936,8192,2304,2560,65536,NDVI,-0.99609375,16627,992.0,0.0258202619653844,932.0,0.0323203593251462
2654,0,patch_31_10,7936,8192,2560,2816,65536,MSAVI,-0.32421875,48168,,,,
2655,0,patch_31_10,7936,8192,2560,2816,65536,NDVI,-0.99609375,17368,1475.0,0.025891482336486,1433.0,0.0316498597099401
2656,0,patch_31_11,7936,8192,2816,3072,65536,MSAVI,-0.30078125,52211,,,,
2657,0,patch_31_11,7936,8192,2816,3072,65536,NDVI,-0.99609375,13325,2291.0,0.0290439668216814,2561.0,0.0382824500305077
2658,0,patch_31_12,7936,8192,3072,3328,65536,MSAVI,-0.11328125,42575,,,,
2659,0,patch_31_12,7936,8192,3072,3328,65536,NDVI,-0.99609375,22961,10903.0,0.0242178481047085,10821.0,0.028697032394289
2660,0,patch_31_13,7936,8192,3328,3584,65536,MSAVI,-0.16015625,43410,,,,
2661,0,patch_31_13,7936,8192,3328,3584,65536,NDVI,-0.99609375,22126,3679.0,0.0204391792816142,4460.0,0.0268206907323292
2662,0,patch_31_14,7936,8192,3584,3840,65536,MSAVI,-0.43359375,42420,,,,
2663,0,patch_31_14,7936,8192,3584,3840,65536,NDVI,-0.99609375,23116,2631.0,0.017082602049544,3567.0,0.0224718227804501
2664,0,patch_31_15,7936,8192,3840,4096,65536,MSAVI,-0.16015625,44923,,,,
2665,0,patch_31_15,7936,8192,3840,4096,65536,NDVI,-0.99609375,20613,2931.0,0.0174667713063833,3682.0,0.0235834219016823
2666,0,patch_31_16,7936,8192,4096,4352,65536,MSAVI,-0.13671875,44636,,,,
2667,0,patch_31_16,7936,8192,4096,4352,65536,NDVI,-0.55078125,20884,13904.0,0.0238397933891471,14389.0,0.034714236858595
2668,0,patch_31_17,7936,8192,4352,4608,65536,MSAVI,-0.19921875,45312,,,,
2669,0,patch_31_17,7936,8192,4352,4608,65536,NDVI,-0.99609375,20224,2904.0,0.0198146706125541,3679.0,0.0292465113005541
2670,0,patch_31_18,7936,8192,4608,4864,65536,MSAVI,-0.23046875,53252,,,,
2671,0,patch_31_18,7936,8192,4608,4864,65536,NDVI,-0.99609375,12284,8353.0,0.0313405900103396,8321.0,0.0405311892141207
2672,0,patch_31_19,7936,8192,4864,5120,65536,MSAVI,-0.37109375,46373,,,,
2673,0,patch_31_19,7936,8192,4864,5120,65536,NDVI,-0.99609375,19163,5903.0,0.0227313132702382,6089.0,0.0299226502233181
2674,0,patch_31_20,7936,8192,5120,5376,65536,MSAVI,-0.23828125,44068,,,,
2675,0,patch_31_20,7936,8192,5120,5376,65536,NDVI,-0.99609375,21468,1030.0,0.0192073525017824,1515.0,0.0256707823268042
2676,0,patch_31_21,7936,8192,5376,5632,65536,MSAVI,-0.11328125,43098,,,,
2677,0,patch_31_21,7936,8192,5376,5632,65536,NDVI,-0.99609375,22438,2841.0,0.0178825012423355,2972.0,0.0246488081364998
2678,0,patch_31_22,7936,8192,5632,5888,65536,MSAVI,-0.23046875,40867,,,,
2679,0,patch_31_22,7936,8192,5632,5888,65536,NDVI,-0.77734375,24658,1982.0,0.0132287290728032,3141.0,0.0213019370323132
2680,0,patch_31_23,7936,8192,5888,6144,65536,MSAVI,-0.20703125,40660,,,,
2681,0,patch_31_23,7936,8192,5888,6144,65536,NDVI,-0.69921875,24770,11527.0,0.0168394059388043,13577.0,0.0289625104058575
2682,0,patch_31_24,7936,8192,6144,6400,65536,MSAVI,-0.17578125,40373,,,,
2683,0,patch_31_24,7936,8192,6144,6400,65536,NDVI,-0.99609375,25163,2486.0,0.0144170973039378,2902.0,0.020699397409075
2684,0,patch_31_25,7936,8192,6400,6656,65536,MSAVI,-0.24609375,44442,,,,
2685,0,patch_31_25,7936,8192,6400,6656,65536,NDVI,-0.99609375,21094,161.0,0.01923076511593,330.0,0.0243091172680663
2686,0,patch_31_26,7936,8192,6656,6912,65536,MSAVI,-0.18359375,45576,,,,
2687,0,patch_31_26,7936,8192,6656,6912,65536,NDVI,-0.99609375,19960,4710.0,0.0213588122113739,5137.0,0.0273814538443577
2688,0,patch_31_27,7936,8192,6912,7168,65536,MSAVI,-0.31640625,48755,,,,
2689,0,patch_31_27,7936,8192,6912,7168,65536,NDVI,-0.99609375,16781,5495.0,0.0273255124142015,5167.0,0.0346970033784358
2690,0,patch_31_28,7936,8192,7168,7424,65536,MSAVI,-0.17578125,49591,,,,
2691,0,patch_31_28,7936,8192,7168,7424,65536,NDVI,-0.99609375,15945,1339.0,0.0283702739201215,1119.0,0.0339086442790438
2692,0,patch_31_29,7936,8192,7424,7680,65536,MSAVI,-0.17578125,50324,,,,
2693,0,patch_31_29,7936,8192,7424,7680,65536,NDVI,-0.46484375,15210,5701.0,0.0261972594964203,5523.0,0.0361301902364829
2694,0,patch_31_30,7936,8192,7680,7936,65536,MSAVI,-0.13671875,46849,,,,
2695,0,patch_31_30,7936,8192,7680,7936,65536,NDVI,-0.99609375,18687,5924.0,0.02295729085144,6123.0,0.0329025179460086
2696,0,patch_31_31,7936,8192,7936,8192,65536,MSAVI,-0.33984375,44194,,,,
2697,0,patch_31_31,7936,8192,7936,8192,65536,NDVI,-0.99609375,21342,4701.0,0.0207816354991929,5019.0,0.0283602234077636
2698,0,patch_31_32,7936,8192,8192,8448,65536,MSAVI,-0.16796875,42197,,,,
2699,0,patch_31_32,7936,8192,8192,8448,65536,NDVI,-0.99609375,23339,1841.0,0.0164266761446148,2383.0,0.0209253327836164
2700,0,patch_31_33,7936,8192,8448,8704,65536,MSAVI,-0.33203125,46279,,,,
2701,0,patch_31_33,7936,8192,8448,8704,65536,NDVI,-0.99609375,19257,5157.0,0.0246745653893392,5208.0,0.0339616359192088
2702,0,patch_31_34,7936,8192,8704,8960,65536,MSAVI,-0.20703125,46698,,,,
2703,0,patch_31_34,7936,8192,8704,8960,65536,NDVI,-0.99609375,18838,666.0,0.0234212720206397,991.0,0.0291583045645757
2704,0,patch_31_35,7936,8192,8960,9216,65536,MSAVI,-0.24609375,48577,,,,
2705,0,patch_31_35,7936,8192,8960,9216,65536,NDVI,-0.99609375,16959,188.0,0.0263945259220138,233.0,0.0304986489053573
2706,0,patch_31_36,7936,8192,9216,9472,65536,MSAVI,-0.35546875,50204,,,,
2707,0,patch_31_36,7936,8192,9216,9472,65536,NDVI,-0.99609375,15332,776.0,0.0260642581303307,1231.0,0.0343295571706829
2708,0,patch_31_37,7936,8192,9472,9728,65536,MSAVI,-0.44140625,49059,,,,
2709,0,patch_31_37,7936,8192,9472,9728,65536,NDVI,-0.99609375,16477,843.0,0.0274386585377947,982.0,0.034843251974893
2710,0,patch_31_38,7936,8192,9728,9984,65536,MSAVI,-0.36328125,47390,,,,
2711,0,patch_31_38,7936,8192,9728,9984,65536,NDVI,-0.99609375,18146,1397.0,0.0236302728812471,1598.0,0.0325099360042916
2712,0,patch_31_39,7936,8192,9984,10240,65536,MSAVI,-0.29296875,51705,,,,
2713,0,patch_31_39,7936,8192,9984,10240,65536,NDVI,-0.99609375,13831,60.0,0.0311554986216582,0.0,0.0389569365977407
2714,0,patch_31_40,7936,8192,10240,10496,65536,MSAVI,-0.14453125,40559,,,,
2715,0,patch_31_40,7936,8192,10240,10496,65536,NDVI,-0.99609375,24977,6280.0,0.0143288282921958,7422.0,0.0261819978035648
2716,0,patch_31_41,7936,8192,10496,10752,65536,MSAVI,-0.26171875,41159,,,,
2717,0,patch_31_41,7936,8192,10496,10752,65536,NDVI,-0.99609375,24377,5390.0,0.0148561199881875,5777.0,0.0234411685846157
2718,0,patch_31_42,7936,8192,10752,11008,65536,MSAVI,-0.26953125,40143,,,,
2719,0,patch_31_42,7936,8192,10752,11008,65536,NDVI,-0.99609375,25393,7125.0,0.0130922161657048,9006.0,0.021959448467224
2720,0,patch_31_43,7936,8192,11008,11264,65536,MSAVI,-0.30859375,38310,,,,
2721,0,patch_31_43,7936,8192,11008,11264,65536,NDVI,-0.99609375,27226,4266.0,0.0112754664690317,6201.0,0.017272881780427
2722,0,patch_31_44,7936,8192,11264,11520,65536,MSAVI,-0.14453125,39538,,,,
2723,0,patch_31_44,7936,8192,11264,11520,65536,NDVI,-0.99609375,25998,2069.0,0.0124011854401044,3434.0,0.0185077068469796
2724,0,patch_31_45,7936,8192,11520,11776,65536,MSAVI,-0.19140625,41230,,,,
2725,0,patch_31_45,7936,8192,11520,11776,65536,NDVI,-0.64453125,24300,1374.0,0.0144528231063677,2017.0,0.0201662886252166
2738,0,patch_32_7,8192,8448,1792,2048,65536,MSAVI,-0.14453125,41620,,,,
2739,0,patch_32_7,8192,8448,1792,2048,65536,NDVI,-0.99609375,23916,9154.0,0.0178327081372809,9347.0,0.0292252229068068
2740,0,patch_32_8,8192,8448,2048,2304,65536,MSAVI,-0.07421875,43775,,,,
2741,0,patch_32_8,8192,8448,2048,2304,65536,NDVI,-0.99609375,21761,7899.0,0.0180307207554516,8100.0,0.0293238036439417
2742,0,patch_32_9,8192,8448,2304,2560,65536,MSAVI,-0.10546875,45923,,,,
2743,0,patch_32_9,8192,8448,2304,2560,65536,NDVI,-0.66796875,19612,1622.0,0.0217245208677848,2114.0,0.0279117826872838
2744,0,patch_32_10,8192,8448,2560,2816,65536,MSAVI,-0.22265625,50000,,,,
2745,0,patch_32_10,8192,8448,2560,2816,65536,NDVI,-0.99609375,15536,1745.0,0.0292447803171372,1905.0,0.0345776719191759
2746,0,patch_32_11,8192,8448,2816,3072,65536,MSAVI,-0.14453125,53520,,,,
2747,0,patch_32_11,8192,8448,2816,3072,65536,NDVI,-0.99609375,12016,2129.0,0.0356456129223869,2244.0,0.0440828049082588
2748,0,patch_32_12,8192,8448,3072,3328,65536,MSAVI,-0.24609375,45616,,,,
2749,0,patch_32_12,8192,8448,3072,3328,65536,NDVI,-0.99609375,19920,1272.0,0.023605128901619,1889.0,0.0287227964252392
2750,0,patch_32_13,8192,8448,3328,3584,65536,MSAVI,-0.07421875,44808,,,,
2751,0,patch_32_13,8192,8448,3328,3584,65536,NDVI,-0.99609375,20728,3314.0,0.0202852548943715,3768.0,0.0296173411205863
2752,0,patch_32_14,8192,8448,3584,3840,65536,MSAVI,-0.34765625,45115,,,,
2753,0,patch_32_14,8192,8448,3584,3840,65536,NDVI,-0.99609375,20421,6263.0,0.0200094622460323,6521.0,0.0302518576382606
2754,0,patch_32_15,8192,8448,3840,4096,65536,MSAVI,-0.32421875,48475,,,,
2755,0,patch_32_15,8192,8448,3840,4096,65536,NDVI,-0.99609375,17061,5376.0,0.0247142134555137,5448.0,0.0338386483044245
2756,0,patch_32_16,8192,8448,4096,4352,65536,MSAVI,-0.13671875,51275,,,,
2757,0,patch_32_16,8192,8448,4096,4352,65536,NDVI,-0.58203125,14256,4910.0,0.029233014854466,5074.0,0.0391397002112328
2758,0,patch_32_17,8192,8448,4352,4608,65536,MSAVI,-0.20703125,47779,,,,
2759,0,patch_32_17,8192,8448,4352,4608,65536,NDVI,-0.99609375,17757,1883.0,0.025931771576187,2272.0,0.032742722795633
2760,0,patch_32_18,8192,8448,4608,4864,65536,MSAVI,-0.19140625,44496,,,,
2761,0,patch_32_18,8192,8448,4608,4864,65536,NDVI,-0.99609375,21040,5710.0,0.0208380492031848,5820.0,0.0279032187236686
2762,0,patch_32_19,8192,8448,4864,5120,65536,MSAVI,-0.30078125,48296,,,,
2763,0,patch_32_19,8192,8448,4864,5120,65536,NDVI,-0.70703125,17105,5146.0,0.0268215046902717,5075.0,0.0336762176692022
2764,0,patch_32_20,8192,8448,5120,5376,65536,MSAVI,-0.14453125,53062,,,,
2765,0,patch_32_20,8192,8448,5120,5376,65536,NDVI,-0.99609375,12474,316.0,0.0325746196936471,407.0,0.0406386067314033
2766,0,patch_32_21,8192,8448,5376,5632,65536,MSAVI,-0.21484375,45701,,,,
2767,0,patch_32_21,8192,8448,5376,5632,65536,NDVI,-0.99609375,19835,1033.0,0.0200431735163559,1563.0,0.0298010278696485
2768,0,patch_32_22,8192,8448,5632,5888,65536,MSAVI,-0.22265625,39978,,,,
2769,0,patch_32_22,8192,8448,5632,5888,65536,NDVI,-0.99609375,25558,681.0,0.0115110986100702,1224.0,0.0188613198349347
2770,0,patch_32_23,8192,8448,5888,6144,65536,MSAVI,-0.29296875,42008,,,,
2771,0,patch_32_23,8192,8448,5888,6144,65536,NDVI,-0.73046875,23446,4102.0,0.0160948549685207,5682.0,0.0268788225423496
2772,0,patch_32_24,8192,8448,6144,6400,65536,MSAVI,-0.26171875,42124,,,,
2773,0,patch_32_24,8192,8448,6144,6400,65536,NDVI,-0.69140625,23279,13249.0,0.0225451130742808,13220.0,0.0316818387052421
2774,0,patch_32_25,8192,8448,6400,6656,65536,MSAVI,-0.23046875,41128,,,,
2775,0,patch_32_25,8192,8448,6400,6656,65536,NDVI,-0.99609375,24408,1728.0,0.0114199866481831,2432.0,0.0196657914168071
2776,0,patch_32_26,8192,8448,6656,6912,65536,MSAVI,-0.17578125,43689,,,,
2777,0,patch_32_26,8192,8448,6656,6912,65536,NDVI,-0.99609375,21847,377.0,0.0197827582977166,1238.0,0.0248301117133042
2778,0,patch_32_27,8192,8448,6912,7168,65536,MSAVI,-0.16796875,45138,,,,
2779,0,patch_32_27,8192,8448,6912,7168,65536,NDVI,-0.99609375,20398,977.0,0.0203018300417612,1196.0,0.0270514730730807
2780,0,patch_32_28,8192,8448,7168,7424,65536,MSAVI,0.03515625,50422,,,,
2781,0,patch_32_28,8192,8448,7168,7424,65536,NDVI,-0.99609375,15114,117.0,0.0292645589360919,435.0,0.0355706013833466
2782,0,patch_32_29,8192,8448,7424,7680,65536,MSAVI,-0.36328125,50980,,,,
2783,0,patch_32_29,8192,8448,7424,7680,65536,NDVI,-0.99609375,14556,489.0,0.0319056252629726,516.0,0.0366106236445014
2784,0,patch_32_30,8192,8448,7680,7936,65536,MSAVI,-0.17578125,47757,,,,
2785,0,patch_32_30,8192,8448,7680,7936,65536,NDVI,-0.99609375,17779,5599.0,0.0272473578700208,5783.0,0.035721425304107
2786,0,patch_32_31,8192,8448,7936,8192,65536,MSAVI,-0.27734375,44899,,,,
2787,0,patch_32_31,8192,8448,7936,8192,65536,NDVI,-0.99609375,20637,1341.0,0.019584898846135,1272.0,0.0267598715775238
2788,0,patch_32_32,8192,8448,8192,8448,65536,MSAVI,-0.29296875,43692,,,,
2789,0,patch_32_32,8192,8448,8192,8448,65536,NDVI,-0.99609375,21844,1884.0,0.0177592766286781,2350.0,0.0234230405454989
2790,0,patch_32_33,8192,8448,8448,8704,65536,MSAVI,-0.17578125,45577,,,,
2791,0,patch_32_33,8192,8448,8448,8704,65536,NDVI,-0.99609375,19959,16303.0,0.0272884412565132,15908.0,0.0365632433561407
2792,0,patch_32_34,8192,8448,8704,8960,65536,MSAVI,-0.30078125,42031,,,,
2793,0,patch_32_34,8192,8448,8704,8960,65536,NDVI,-0.99609375,23505,952.0,0.016985808181786,1798.0,0.0210524149224475
2794,0,patch_32_35,8192,8448,8960,9216,65536,MSAVI,-0.30859375,51045,,,,
2795,0,patch_32_35,8192,8448,8960,9216,65536,NDVI,-0.99609375,14491,0.0,0.0313238756797705,0.0,0.0348838932231696
2796,0,patch_32_36,8192,8448,9216,9472,65536,MSAVI,-0.30859375,45153,,,,
2797,0,patch_32_36,8192,8448,9216,9472,65536,NDVI,-0.99609375,20383,4136.0,0.0205907950648398,4580.0,0.0270398755321419
2798,0,patch_32_37,8192,8448,9472,9728,65536,MSAVI,-0.11328125,46393,,,,
2799,0,patch_32_37,8192,8448,9472,9728,65536,NDVI,-0.99609375,19143,2501.0,0.0211988624679328,2693.0,0.0297803560912659
2800,0,patch_32_38,8192,8448,9728,9984,65536,MSAVI,-0.33984375,46447,,,,
2801,0,patch_32_38,8192,8448,9728,9984,65536,NDVI,-0.99609375,19089,1811.0,0.0229350587068019,2345.0,0.0311065364117506
2802,0,patch_32_39,8192,8448,9984,10240,65536,MSAVI,-0.21484375,43458,,,,
2803,0,patch_32_39,8192,8448,9984,10240,65536,NDVI,-0.99609375,22078,7324.0,0.0216499303628746,8251.0,0.0315848657238411
2804,0,patch_32_40,8192,8448,10240,10496,65536,MSAVI,-0.16796875,47440,,,,
2805,0,patch_32_40,8192,8448,10240,10496,65536,NDVI,-0.99609375,18096,2188.0,0.0247280886541142,2425.0,0.0313845101954486
2806,0,patch_32_41,8192,8448,10496,10752,65536,MSAVI,-0.26171875,47368,,,,
2807,0,patch_32_41,8192,8448,10496,10752,65536,NDVI,-0.99609375,18168,540.0,0.0242929710614506,691.0,0.0295899623481143
2808,0,patch_32_42,8192,8448,10752,11008,65536,MSAVI,-0.20703125,46493,,,,
2809,0,patch_32_42,8192,8448,10752,11008,65536,NDVI,-0.99609375,19043,2379.0,0.0235396830422947,2795.0,0.0329779708172108
2810,0,patch_32_43,8192,8448,11008,11264,65536,MSAVI,-0.20703125,39824,,,,
2811,0,patch_32_43,8192,8448,11008,11264,65536,NDVI,-0.99609375,25712,3359.0,0.0129381869219893,3795.0,0.0198923062699717
2812,0,patch_32_44,8192,8448,11264,11520,65536,MSAVI,-0.02734375,39638,,,,
2813,0,patch_32_44,8192,8448,11264,11520,65536,NDVI,-0.99609375,25898,2772.0,0.0112870189201183,4651.0,0.0191523790279372
2826,0,patch_33_8,8448,8704,2048,2304,65536,MSAVI,-0.33203125,46648,,,,
2827,0,patch_33_8,8448,8704,2048,2304,65536,NDVI,-0.99609375,18888,3024.0,0.0207653408787557,3595.0,0.0310962058494001
2828,0,patch_33_9,8448,8704,2304,2560,65536,MSAVI,-0.26171875,43399,,,,
2829,0,patch_33_9,8448,8704,2304,2560,65536,NDVI,-0.99609375,22137,5145.0,0.0202838590861674,5297.0,0.0262376464444364
2830,0,patch_33_10,8448,8704,2560,2816,65536,MSAVI,-0.29296875,43561,,,,
2831,0,patch_33_10,8448,8704,2560,2816,65536,NDVI,-0.99609375,21975,4465.0,0.0202181000816357,4997.0,0.0268859237017006
2832,0,patch_33_11,8448,8704,2816,3072,65536,MSAVI,-0.19140625,51041,,,,
2833,0,patch_33_11,8448,8704,2816,3072,65536,NDVI,-0.99609375,14495,2974.0,0.0298222447357074,2892.0,0.0411965306118822
2834,0,patch_33_12,8448,8704,3072,3328,65536,MSAVI,-0.04296875,51661,,,,
2835,0,patch_33_12,8448,8704,3072,3328,65536,NDVI,-0.99609375,13875,365.0,0.0330361033655152,802.0,0.0402724833940199
2836,0,patch_33_13,8448,8704,3328,3584,65536,MSAVI,-0.19140625,48738,,,,
2837,0,patch_33_13,8448,8704,3328,3584,65536,NDVI,-0.99609375,16798,769.0,0.0270864146951607,915.0,0.0342058931999857
2838,0,patch_33_14,8448,8704,3584,3840,65536,MSAVI,-0.28515625,42481,,,,
2839,0,patch_33_14,8448,8704,3584,3840,65536,NDVI,-0.99609375,23055,4172.0,0.0176188333225482,5211.0,0.0265219702592719
2840,0,patch_33_15,8448,8704,3840,4096,65536,MSAVI,-0.26171875,44215,,,,
2841,0,patch_33_15,8448,8704,3840,4096,65536,NDVI,-0.99609375,21321,3815.0,0.0195317665651905,4395.0,0.0282009773841266
2842,0,patch_33_16,8448,8704,4096,4352,65536,MSAVI,-0.19921875,47034,,,,
2843,0,patch_33_16,8448,8704,4096,4352,65536,NDVI,-0.99609375,18502,4966.0,0.024761972712979,5807.0,0.0339398326009257
2844,0,patch_33_17,8448,8704,4352,4608,65536,MSAVI,-0.21484375,45136,,,,
2845,0,patch_33_17,8448,8704,4352,4608,65536,NDVI,-0.99609375,20400,4457.0,0.0218559025940406,5060.0,0.0267605874832392
2846,0,patch_33_18,8448,8704,4608,4864,65536,MSAVI,-0.12890625,48018,,,,
2847,0,patch_33_18,8448,8704,4608,4864,65536,NDVI,-0.99609375,17518,4131.0,0.0260139373948448,4089.0,0.0326826264207579
2848,0,patch_33_19,8448,8704,4864,5120,65536,MSAVI,-0.32421875,49797,,,,
2849,0,patch_33_19,8448,8704,4864,5120,65536,NDVI,-0.66796875,15686,2468.0,0.0242470150538541,2609.0,0.0366155469354927
2850,0,patch_33_20,8448,8704,5120,5376,65536,MSAVI,-0.28515625,45239,,,,
2851,0,patch_33_20,8448,8704,5120,5376,65536,NDVI,-0.99609375,20297,4919.0,0.0243211554929696,5710.0,0.032016729361878
2852,0,patch_33_21,8448,8704,5376,5632,65536,MSAVI,-0.26171875,50959,,,,
2853,0,patch_33_21,8448,8704,5376,5632,65536,NDVI,-0.99609375,14577,1767.0,0.0319855840678824,1611.0,0.0374463121606509
2854,0,patch_33_22,8448,8704,5632,5888,65536,MSAVI,-0.19140625,41985,,,,
2855,0,patch_33_22,8448,8704,5632,5888,65536,NDVI,-0.99609375,23551,699.0,0.0160045080480534,792.0,0.0216651069696099
2856,0,patch_33_23,8448,8704,5888,6144,65536,MSAVI,-0.23046875,43377,,,,
2857,0,patch_33_23,8448,8704,5888,6144,65536,NDVI,-0.99609375,22159,4418.0,0.0192882506689341,4520.0,0.0251578166936261
2858,0,patch_33_24,8448,8704,6144,6400,65536,MSAVI,-0.23046875,40327,,,,
2859,0,patch_33_24,8448,8704,6144,6400,65536,NDVI,-0.76171875,25200,8608.0,0.0162111797400856,8576.0,0.0254633136033874
2860,0,patch_33_25,8448,8704,6400,6656,65536,MSAVI,-0.25390625,44657,,,,
2861,0,patch_33_25,8448,8704,6400,6656,65536,NDVI,-0.73828125,19411,4670.0,0.0197240725605742,5221.0,0.0300261339201373
2862,0,patch_33_26,8448,8704,6656,6912,65536,MSAVI,-0.08984375,40911,,,,
2863,0,patch_33_26,8448,8704,6656,6912,65536,NDVI,-0.99609375,24625,617.0,0.0132099543143394,1151.0,0.0176939344011471
2864,0,patch_33_27,8448,8704,6912,7168,65536,MSAVI,-0.17578125,46046,,,,
2865,0,patch_33_27,8448,8704,6912,7168,65536,NDVI,-0.99609375,19490,2218.0,0.0230736024109673,2243.0,0.0290109690362512
2866,0,patch_33_28,8448,8704,7168,7424,65536,MSAVI,-0.23046875,50135,,,,
2867,0,patch_33_28,8448,8704,7168,7424,65536,NDVI,-0.99609375,15401,1008.0,0.0301043797898677,1047.0,0.03690609403099
2868,0,patch_33_29,8448,8704,7424,7680,65536,MSAVI,-0.37890625,48348,,,,
2869,0,patch_33_29,8448,8704,7424,7680,65536,NDVI,-0.99609375,17188,1749.0,0.0260623746248078,2025.0,0.0323235738334782
2870,0,patch_33_30,8448,8704,7680,7936,65536,MSAVI,-0.26953125,45756,,,,
2871,0,patch_33_30,8448,8704,7680,7936,65536,NDVI,-0.99609375,19780,5013.0,0.0233013048275873,5024.0,0.0293375114166349
2872,0,patch_33_31,8448,8704,7936,8192,65536,MSAVI,-0.30078125,47327,,,,
2873,0,patch_33_31,8448,8704,7936,8192,65536,NDVI,-0.99609375,18209,276.0,0.0240388807324774,692.0,0.0288722565172493
2874,0,patch_33_32,8448,8704,8192,8448,65536,MSAVI,-0.20703125,47874,,,,
2875,0,patch_33_32,8448,8704,8192,8448,65536,NDVI,-0.99609375,17662,92.0,0.0268081241788596,144.0,0.0310665776833375
2876,0,patch_33_33,8448,8704,8448,8704,65536,MSAVI,-0.16796875,44090,,,,
2877,0,patch_33_33,8448,8704,8448,8704,65536,NDVI,-0.99609375,21446,893.0,0.0199308000339192,1498.0,0.025815606132952
2878,0,patch_33_34,8448,8704,8704,8960,65536,MSAVI,-0.35546875,43053,,,,
2879,0,patch_33_34,8448,8704,8704,8960,65536,NDVI,-0.99609375,22483,1579.0,0.0177500484198666,1915.0,0.0233520764761824
2880,0,patch_33_35,8448,8704,8960,9216,65536,MSAVI,-0.37890625,49011,,,,
2881,0,patch_33_35,8448,8704,8960,9216,65536,NDVI,-0.99609375,16525,1783.0,0.02871214209669,1939.0,0.035841606443387
2882,0,patch_33_36,8448,8704,9216,9472,65536,MSAVI,-0.18359375,50223,,,,
2883,0,patch_33_36,8448,8704,9216,9472,65536,NDVI,-0.99609375,15313,519.0,0.0308043269132162,711.0,0.0353859611900535
2884,0,patch_33_37,8448,8704,9472,9728,65536,MSAVI,-0.32421875,50685,,,,
2885,0,patch_33_37,8448,8704,9472,9728,65536,NDVI,-0.99609375,14851,5485.0,0.0299528377444997,5009.0,0.038662758444485
2886,0,patch_33_38,8448,8704,9728,9984,65536,MSAVI,-0.37890625,53996,,,,
2887,0,patch_33_38,8448,8704,9728,9984,65536,NDVI,-0.99609375,11540,3094.0,0.0351465466504716,2873.0,0.0425913138995651
2888,0,patch_33_39,8448,8704,9984,10240,65536,MSAVI,-0.21484375,49396,,,,
2889,0,patch_33_39,8448,8704,9984,10240,65536,NDVI,-0.99609375,16140,2992.0,0.0259688780102887,3632.0,0.0348336565734077
2890,0,patch_33_40,8448,8704,10240,10496,65536,MSAVI,-0.21484375,52796,,,,
2891,0,patch_33_40,8448,8704,10240,10496,65536,NDVI,-0.99609375,12740,847.0,0.0297286953187295,1029.0,0.0382489099569603
2892,0,patch_33_41,8448,8704,10496,10752,65536,MSAVI,-0.12890625,48589,,,,
2893,0,patch_33_41,8448,8704,10496,10752,65536,NDVI,-0.45703125,16920,6347.0,0.027911928919433,5736.0,0.0359132937105532
2894,0,patch_33_42,8448,8704,10752,11008,65536,MSAVI,-0.18359375,49214,,,,
2895,0,patch_33_42,8448,8704,10752,11008,65536,NDVI,-0.48046875,16322,5099.0,0.0258712134572654,4805.0,0.0370434496435641
2896,0,patch_33_43,8448,8704,11008,11264,65536,MSAVI,-0.30078125,37993,,,,
2897,0,patch_33_43,8448,8704,11008,11264,65536,NDVI,-0.99609375,27543,10082.0,0.0114037425260255,11423.0,0.0204499431604969
2912,0,patch_34_9,8704,8960,2304,2560,65536,MSAVI,-0.23828125,49016,,,,
2913,0,patch_34_9,8704,8960,2304,2560,65536,NDVI,-0.99609375,16520,3162.0,0.0321659098027529,3194.0,0.0365699057727852
2914,0,patch_34_10,8704,8960,2560,2816,65536,MSAVI,-0.36328125,45110,,,,
2915,0,patch_34_10,8704,8960,2560,2816,65536,NDVI,-0.99609375,20426,985.0,0.0208143020277752,1894.0,0.0300062266113705
2916,0,patch_34_11,8704,8960,2816,3072,65536,MSAVI,-0.37109375,51108,,,,
2917,0,patch_34_11,8704,8960,2816,3072,65536,NDVI,-0.99609375,14428,1922.0,0.0297419154025275,1977.0,0.0368048451704531
2918,0,patch_34_12,8704,8960,3072,3328,65536,MSAVI,-0.32421875,51194,,,,
2919,0,patch_34_12,8704,8960,3072,3328,65536,NDVI,-0.99609375,14342,81.0,0.033125186162828,81.0,0.0395967068526835
2920,0,patch_34_13,8704,8960,3328,3584,65536,MSAVI,-0.44140625,49050,,,,
2921,0,patch_34_13,8704,8960,3328,3584,65536,NDVI,-0.99609375,16486,559.0,0.026246162759666,735.0,0.0342120623477863
2922,0,patch_34_14,8704,8960,3584,3840,65536,MSAVI,-0.24609375,44790,,,,
2923,0,patch_34_14,8704,8960,3584,3840,65536,NDVI,-0.99609375,20746,1382.0,0.0187329432131527,1786.0,0.0244795809496051
2924,0,patch_34_15,8704,8960,3840,4096,65536,MSAVI,-0.26953125,39947,,,,
2925,0,patch_34_15,8704,8960,3840,4096,65536,NDVI,-0.99609375,25589,3384.0,0.0149140943866189,4928.0,0.0210836402280661
2926,0,patch_34_16,8704,8960,4096,4352,65536,MSAVI,-0.27734375,45015,,,,
2927,0,patch_34_16,8704,8960,4096,4352,65536,NDVI,-0.99609375,20521,3950.0,0.0240678716735333,4138.0,0.0314809948853118
2928,0,patch_34_17,8704,8960,4352,4608,65536,MSAVI,-0.12890625,41934,,,,
2929,0,patch_34_17,8704,8960,4352,4608,65536,NDVI,-0.61328125,23539,5725.0,0.0127881193737182,6200.0,0.022946754016658
2930,0,patch_34_18,8704,8960,4608,4864,65536,MSAVI,-0.03515625,49289,,,,
2931,0,patch_34_18,8704,8960,4608,4864,65536,NDVI,-0.57421875,16245,1155.0,0.0245586536148507,1251.0,0.0358852194590936
2932,0,patch_34_19,8704,8960,4864,5120,65536,MSAVI,-0.08984375,44149,,,,
2933,0,patch_34_19,8704,8960,4864,5120,65536,NDVI,-0.99609375,21387,5013.0,0.0171338093198852,5976.0,0.0256065597444358
2934,0,patch_34_20,8704,8960,5120,5376,65536,MSAVI,-0.20703125,48750,,,,
2935,0,patch_34_20,8704,8960,5120,5376,65536,NDVI,-0.99609375,16786,2850.0,0.0273379050055846,3234.0,0.0341378573571953
2936,0,patch_34_21,8704,8960,5376,5632,65536,MSAVI,-0.29296875,52260,,,,
2937,0,patch_34_21,8704,8960,5376,5632,65536,NDVI,-0.99609375,13276,1853.0,0.0311187654295271,1947.0,0.0399581922525964
2938,0,patch_34_22,8704,8960,5632,5888,65536,MSAVI,-0.30078125,45299,,,,
2939,0,patch_34_22,8704,8960,5632,5888,65536,NDVI,-0.99609375,20237,605.0,0.0218141358791764,810.0,0.0278021977897767
2940,0,patch_34_23,8704,8960,5888,6144,65536,MSAVI,-0.13671875,41298,,,,
2941,0,patch_34_23,8704,8960,5888,6144,65536,NDVI,-0.99609375,24238,1270.0,0.0144214362989907,1404.0,0.02110765770834
2942,0,patch_34_24,8704,8960,6144,6400,65536,MSAVI,-0.23046875,44094,,,,
2943,0,patch_34_24,8704,8960,6144,6400,65536,NDVI,-0.99609375,21442,970.0,0.0180006846691598,1483.0,0.0264612672899842
2944,0,patch_34_25,8704,8960,6400,6656,65536,MSAVI,-0.26953125,43443,,,,
2945,0,patch_34_25,8704,8960,6400,6656,65536,NDVI,-0.66015625,17797,5224.0,0.0188836858151178,5595.0,0.0317404634039089
2946,0,patch_34_26,8704,8960,6656,6912,65536,MSAVI,-0.14453125,39863,,,,
2947,0,patch_34_26,8704,8960,6656,6912,65536,NDVI,-0.69921875,25128,2539.0,0.0132916372830991,4724.0,0.023052077832682
2948,0,patch_34_27,8704,8960,6912,7168,65536,MSAVI,-0.08203125,40409,,,,
2949,0,patch_34_27,8704,8960,6912,7168,65536,NDVI,-0.99609375,25127,2218.0,0.0139922746780689,2821.0,0.0191654318905527
2950,0,patch_34_28,8704,8960,7168,7424,65536,MSAVI,-0.14453125,45873,,,,
2951,0,patch_34_28,8704,8960,7168,7424,65536,NDVI,-0.99609375,19663,5484.0,0.0236530491804825,5734.0,0.0303273008406608
2952,0,patch_34_29,8704,8960,7424,7680,65536,MSAVI,-0.16015625,47384,,,,
2953,0,patch_34_29,8704,8960,7424,7680,65536,NDVI,-0.99609375,18152,7116.0,0.0284753450137586,7186.0,0.0346362839546373
2954,0,patch_34_30,8704,8960,7680,7936,65536,MSAVI,-0.23046875,43344,,,,
2955,0,patch_34_30,8704,8960,7680,7936,65536,NDVI,-0.99609375,22192,8615.0,0.0201978159036414,8461.0,0.0289605389994442
2956,0,patch_34_31,8704,8960,7936,8192,65536,MSAVI,-0.17578125,44981,,,,
2957,0,patch_34_31,8704,8960,7936,8192,65536,NDVI,-0.99609375,20555,583.0,0.0206713338046134,1504.0,0.0282061575980539
2958,0,patch_34_32,8704,8960,8192,8448,65536,MSAVI,-0.28515625,50073,,,,
2959,0,patch_34_32,8704,8960,8192,8448,65536,NDVI,-0.99609375,15463,603.0,0.0285446714309999,632.0,0.0347415301752437
2960,0,patch_34_33,8704,8960,8448,8704,65536,MSAVI,-0.21484375,52710,,,,
2961,0,patch_34_33,8704,8960,8448,8704,65536,NDVI,-0.99609375,12826,204.0,0.0346745469578455,195.0,0.0393518066768194
2962,0,patch_34_34,8704,8960,8704,8960,65536,MSAVI,-0.38671875,46707,,,,
2963,0,patch_34_34,8704,8960,8704,8960,65536,NDVI,-0.99609375,18829,885.0,0.0224560268873681,1288.0,0.0299675743204834
2964,0,patch_34_35,8704,8960,8960,9216,65536,MSAVI,-0.16015625,50341,,,,
2965,0,patch_34_35,8704,8960,8960,9216,65536,NDVI,-0.62890625,15192,4061.0,0.0282269810137048,4127.0,0.0366152729839966
2966,0,patch_34_36,8704,8960,9216,9472,65536,MSAVI,-0.19140625,49584,,,,
2967,0,patch_34_36,8704,8960,9216,9472,65536,NDVI,-0.99609375,15952,2487.0,0.0271329705164748,2241.0,0.0352507914137264
2968,0,patch_34_37,8704,8960,9472,9728,65536,MSAVI,-0.22265625,53664,,,,
2969,0,patch_34_37,8704,8960,9472,9728,65536,NDVI,-0.99609375,11872,528.0,0.0341766175651657,529.0,0.0421985906931951
2970,0,patch_34_38,8704,8960,9728,9984,65536,MSAVI,-0.24609375,49887,,,,
2971,0,patch_34_38,8704,8960,9728,9984,65536,NDVI,-0.99609375,15649,302.0,0.0282378872049232,365.0,0.0341918706833777
2972,0,patch_34_39,8704,8960,9984,10240,65536,MSAVI,-0.33203125,49104,,,,
2973,0,patch_34_39,8704,8960,9984,10240,65536,NDVI,-0.99609375,16432,3203.0,0.0262683717883232,3109.0,0.0339299727947393
2974,0,patch_34_40,8704,8960,10240,10496,65536,MSAVI,-0.29296875,49675,,,,
2975,0,patch_34_40,8704,8960,10240,10496,65536,NDVI,-0.99609375,15861,2685.0,0.026135917694587,2970.0,0.0344351732834902
2976,0,patch_34_41,8704,8960,10496,10752,65536,MSAVI,-0.28515625,52654,,,,
2977,0,patch_34_41,8704,8960,10496,10752,65536,NDVI,-0.53515625,12872,2666.0,0.0298918233048713,2647.0,0.0394648849700061
2978,0,patch_34_42,8704,8960,10752,11008,65536,MSAVI,-0.30078125,54143,,,,
2979,0,patch_34_42,8704,8960,10752,11008,65536,NDVI,-0.53515625,11391,359.0,0.0319452480835156,293.0,0.0397404866033
2998,0,patch_35_9,8960,9216,2304,2560,65536,MSAVI,-0.35546875,49779,,,,
2999,0,patch_35_9,8960,9216,2304,2560,65536,NDVI,-0.99609375,15757,781.0,0.0277253811028782,1026.0,0.0363734087373119
3000,0,patch_35_10,8960,9216,2560,2816,65536,MSAVI,-0.29296875,47790,,,,
3001,0,patch_35_10,8960,9216,2560,2816,65536,NDVI,-0.99609375,17746,698.0,0.026504018873328,651.0,0.0320461412956734
3002,0,patch_35_11,8960,9216,2816,3072,65536,MSAVI,-0.48828125,46261,,,,
3003,0,patch_35_11,8960,9216,2816,3072,65536,NDVI,-0.99609375,19275,737.0,0.0196022087248699,977.0,0.0286193556274398
3004,0,patch_35_12,8960,9216,3072,3328,65536,MSAVI,-0.24609375,43149,,,,
3005,0,patch_35_12,8960,9216,3072,3328,65536,NDVI,-0.99609375,22387,2365.0,0.0206426388429407,3965.0,0.026312589078482
3006,0,patch_35_13,8960,9216,3328,3584,65536,MSAVI,-0.30859375,54358,,,,
3007,0,patch_35_13,8960,9216,3328,3584,65536,NDVI,-0.99609375,11178,1443.0,0.0332582614245659,1114.0,0.0446770030542906
3008,0,patch_35_14,8960,9216,3584,3840,65536,MSAVI,-0.21484375,48060,,,,
3009,0,patch_35_14,8960,9216,3584,3840,65536,NDVI,-0.99609375,17476,6066.0,0.0246066265868675,5739.0,0.0368411027666425
3010,0,patch_35_15,8960,9216,3840,4096,65536,MSAVI,-0.29296875,46615,,,,
3011,0,patch_35_15,8960,9216,3840,4096,65536,NDVI,-0.99609375,18921,5895.0,0.0230874422413829,5696.0,0.0322355716346992
3012,0,patch_35_16,8960,9216,4096,4352,65536,MSAVI,-0.17578125,42687,,,,
3013,0,patch_35_16,8960,9216,4096,4352,65536,NDVI,-0.99609375,22849,7523.0,0.0199441648999505,7774.0,0.0257388051850617
3014,0,patch_35_17,8960,9216,4352,4608,65536,MSAVI,-0.23046875,48209,,,,
3015,0,patch_35_17,8960,9216,4352,4608,65536,NDVI,-0.62109375,17311,1856.0,0.0265758850082616,1944.0,0.0321913419655497
3016,0,patch_35_18,8960,9216,4608,4864,65536,MSAVI,-0.13671875,45915,,,,
3017,0,patch_35_18,8960,9216,4608,4864,65536,NDVI,-0.99609375,19621,1240.0,0.0208803350037155,1560.0,0.0276948958331272
3018,0,patch_35_19,8960,9216,4864,5120,65536,MSAVI,-0.13671875,43384,,,,
3019,0,patch_35_19,8960,9216,4864,5120,65536,NDVI,-0.99609375,22152,5981.0,0.02043021390051,6897.0,0.0288183380954394
3020,0,patch_35_20,8960,9216,5120,5376,65536,MSAVI,-0.21484375,51485,,,,
3021,0,patch_35_20,8960,9216,5120,5376,65536,NDVI,-0.99609375,14051,5498.0,0.0277574154974725,4822.0,0.0383576267159455
3022,0,patch_35_21,8960,9216,5376,5632,65536,MSAVI,-0.26953125,54667,,,,
3023,0,patch_35_21,8960,9216,5376,5632,65536,NDVI,-0.53515625,10868,1304.0,0.0328467716059634,1303.0,0.0417070175794166
3024,0,patch_35_22,8960,9216,5632,5888,65536,MSAVI,-0.08984375,45348,,,,
3025,0,patch_35_22,8960,9216,5632,5888,65536,NDVI,-0.99609375,20188,96.0,0.020974971736659,95.0,0.0253058775904978
3026,0,patch_35_23,8960,9216,5888,6144,65536,MSAVI,-0.15234375,42360,,,,
3027,0,patch_35_23,8960,9216,5888,6144,65536,NDVI,-0.99609375,23176,1544.0,0.0146307969352228,1601.0,0.0231096838839859
3028,0,patch_35_24,8960,9216,6144,6400,65536,MSAVI,-0.15234375,41491,,,,
3029,0,patch_35_24,8960,9216,6144,6400,65536,NDVI,-0.99609375,24045,1916.0,0.0144860947168947,2547.0,0.0206413425642136
3030,0,patch_35_25,8960,9216,6400,6656,65536,MSAVI,-0.05078125,35981,,,,
3031,0,patch_35_25,8960,9216,6400,6656,65536,NDVI,-0.58984375,29555,10214.0,0.0073389277698763,13294.0,0.0207108065746889
3032,0,patch_35_26,8960,9216,6656,6912,65536,MSAVI,-0.19921875,39367,,,,
3033,0,patch_35_26,8960,9216,6656,6912,65536,NDVI,-0.65234375,22025,12185.0,0.0184341628889392,12233.0,0.0300055337249962
3034,0,patch_35_27,8960,9216,6912,7168,65536,MSAVI,-0.04296875,39145,,,,
3035,0,patch_35_27,8960,9216,6912,7168,65536,NDVI,-0.64453125,25554,1270.0,0.0091712806782491,2574.0,0.0180123303469411
3036,0,patch_35_28,8960,9216,7168,7424,65536,MSAVI,-0.12890625,41942,,,,
3037,0,patch_35_28,8960,9216,7168,7424,65536,NDVI,-0.99609375,23594,467.0,0.017432194216695,1126.0,0.0229086302803211
3038,0,patch_35_29,8960,9216,7424,7680,65536,MSAVI,-0.12890625,43556,,,,
3039,0,patch_35_29,8960,9216,7424,7680,65536,NDVI,-0.99609375,21980,7861.0,0.0214513229110247,7841.0,0.0276935513896836
3040,0,patch_35_30,8960,9216,7680,7936,65536,MSAVI,-0.20703125,47717,,,,
3041,0,patch_35_30,8960,9216,7680,7936,65536,NDVI,-0.99609375,17819,6942.0,0.0268528277130234,6834.0,0.0334603970372023
3042,0,patch_35_31,8960,9216,7936,8192,65536,MSAVI,-0.27734375,47002,,,,
3043,0,patch_35_31,8960,9216,7936,8192,65536,NDVI,-0.99609375,18534,1751.0,0.0244268303525189,1655.0,0.0316478565517079
3044,0,patch_35_32,8960,9216,8192,8448,65536,MSAVI,-0.31640625,48845,,,,
3045,0,patch_35_32,8960,9216,8192,8448,65536,NDVI,-0.99609375,16691,1372.0,0.0252880180360514,1474.0,0.0331514926946935
3046,0,patch_35_33,8960,9216,8448,8704,65536,MSAVI,-0.26171875,54434,,,,
3047,0,patch_35_33,8960,9216,8448,8704,65536,NDVI,-0.99609375,11102,0.0,0.0337877939810961,0.0,0.0410593933195037
3048,0,patch_35_34,8960,9216,8704,8960,65536,MSAVI,-0.05078125,53242,,,,
3049,0,patch_35_34,8960,9216,8704,8960,65536,NDVI,-0.99609375,12294,36.0,0.0297933369849351,36.0,0.0384597353067194
3050,0,patch_35_35,8960,9216,8960,9216,65536,MSAVI,-0.26171875,50371,,,,
3051,0,patch_35_35,8960,9216,8960,9216,65536,NDVI,-0.99609375,15165,2471.0,0.0310899932608193,2481.0,0.0387484813054767
3052,0,patch_35_36,8960,9216,9216,9472,65536,MSAVI,-0.35546875,52257,,,,
3053,0,patch_35_36,8960,9216,9216,9472,65536,NDVI,-0.99609375,13279,1196.0,0.0292452905760122,1205.0,0.0393113989254438
3054,0,patch_35_37,8960,9216,9472,9728,65536,MSAVI,-0.20703125,50568,,,,
3055,0,patch_35_37,8960,9216,9472,9728,65536,NDVI,-0.99609375,14968,3457.0,0.0297567602893062,3556.0,0.038237837999629
3056,0,patch_35_38,8960,9216,9728,9984,65536,MSAVI,-0.26171875,46958,,,,
3057,0,patch_35_38,8960,9216,9728,9984,65536,NDVI,-0.99609375,18578,2628.0,0.0212758246915278,2676.0,0.0299051889208951
3058,0,patch_35_39,8960,9216,9984,10240,65536,MSAVI,-0.26171875,51664,,,,
3059,0,patch_35_39,8960,9216,9984,10240,65536,NDVI,-0.99609375,13872,892.0,0.0304517512370536,805.0,0.0385177124447383
3060,0,patch_35_40,8960,9216,10240,10496,65536,MSAVI,-0.35546875,49904,,,,
3061,0,patch_35_40,8960,9216,10240,10496,65536,NDVI,-0.99609375,15632,903.0,0.0283035789294517,702.0,0.0342533959595881
3062,0,patch_35_41,8960,9216,10496,10752,65536,MSAVI,-0.30078125,47828,,,,
3063,0,patch_35_41,8960,9216,10496,10752,65536,NDVI,-0.99609375,17708,1611.0,0.0248578629654342,1789.0,0.0304560702912733
3084,0,patch_36_10,9216,9472,2560,2816,65536,MSAVI,-0.43359375,41484,,,,
3085,0,patch_36_10,9216,9472,2560,2816,65536,NDVI,-0.99609375,24052,1990.0,0.0159757775262821,2810.0,0.0234727411519746
3086,0,patch_36_11,9216,9472,2816,3072,65536,MSAVI,-0.02734375,41222,,,,
3087,0,patch_36_11,9216,9472,2816,3072,65536,NDVI,-0.99609375,24314,2291.0,0.0144569664403919,3382.0,0.020907074682668
3088,0,patch_36_12,9216,9472,3072,3328,65536,MSAVI,-0.19140625,42208,,,,
3089,0,patch_36_12,9216,9472,3072,3328,65536,NDVI,-0.99609375,23328,3152.0,0.0172896884516513,3754.0,0.0264883048386623
3090,0,patch_36_13,9216,9472,3328,3584,65536,MSAVI,-0.12109375,52278,,,,
3091,0,patch_36_13,9216,9472,3328,3584,65536,NDVI,-0.99609375,13258,282.0,0.0336452696843349,166.0,0.0387470826348484
3092,0,patch_36_14,9216,9472,3584,3840,65536,MSAVI,-0.16015625,44580,,,,
3093,0,patch_36_14,9216,9472,3584,3840,65536,NDVI,-0.99609375,20956,8422.0,0.0208867393226806,9008.0,0.0285811157283174
3094,0,patch_36_15,9216,9472,3840,4096,65536,MSAVI,-0.19140625,47216,,,,
3095,0,patch_36_15,9216,9472,3840,4096,65536,NDVI,-0.99609375,18320,4986.0,0.023201601421124,5044.0,0.0316802072780285
3096,0,patch_36_16,9216,9472,4096,4352,65536,MSAVI,-0.33984375,44463,,,,
3097,0,patch_36_16,9216,9472,4096,4352,65536,NDVI,-0.99609375,21073,3098.0,0.0187715979500247,3675.0,0.0289259730028325
3098,0,patch_36_17,9216,9472,4352,4608,65536,MSAVI,-0.30078125,46370,,,,
3099,0,patch_36_17,9216,9472,4352,4608,65536,NDVI,-0.99609375,19166,3933.0,0.0226601231130858,4430.0,0.0314169506501262
3100,0,patch_36_18,9216,9472,4608,4864,65536,MSAVI,-0.21484375,46773,,,,
3101,0,patch_36_18,9216,9472,4608,4864,65536,NDVI,-0.99609375,18763,3103.0,0.0239765250798619,3765.0,0.030054121215702
3102,0,patch_36_19,9216,9472,4864,5120,65536,MSAVI,-0.12109375,49299,,,,
3103,0,patch_36_19,9216,9472,4864,5120,65536,NDVI,-0.99609375,16237,1552.0,0.0267774526115485,1772.0,0.0329270093378573
3104,0,patch_36_20,9216,9472,5120,5376,65536,MSAVI,-0.21484375,50598,,,,
3105,0,patch_36_20,9216,9472,5120,5376,65536,NDVI,-0.99609375,14938,847.0,0.030741882331132,877.0,0.0351656612402473
3106,0,patch_36_21,9216,9472,5376,5632,65536,MSAVI,-0.15234375,52345,,,,
3107,0,patch_36_21,9216,9472,5376,5632,65536,NDVI,-0.99609375,13191,0.0,0.0322472902685519,46.0,0.0372243878919275
3108,0,patch_36_22,9216,9472,5632,5888,65536,MSAVI,-0.25390625,48876,,,,
3109,0,patch_36_22,9216,9472,5632,5888,65536,NDVI,-0.99609375,16660,71.0,0.026170748321637,0.0,0.0321868897678012
3110,0,patch_36_23,9216,9472,5888,6144,65536,MSAVI,-0.00390625,42898,,,,
3111,0,patch_36_23,9216,9472,5888,6144,65536,NDVI,-0.99609375,22638,6289.0,0.0188186137686243,6459.0,0.0263791669856048
3112,0,patch_36_24,9216,9472,6144,6400,65536,MSAVI,-0.04296875,42080,,,,
3113,0,patch_36_24,9216,9472,6144,6400,65536,NDVI,-0.99609375,23456,2042.0,0.0149853706652594,2670.0,0.0225988940646841
3114,0,patch_36_25,9216,9472,6400,6656,65536,MSAVI,-0.08984375,39630,,,,
3115,0,patch_36_25,9216,9472,6400,6656,65536,NDVI,-0.99609375,25906,1353.0,0.0104646145468684,3649.0,0.02104137852451
3116,0,patch_36_26,9216,9472,6656,6912,65536,MSAVI,-0.05859375,34148,,,,
3117,0,patch_36_26,9216,9472,6656,6912,65536,NDVI,-0.63671875,31374,8286.0,0.0083151541645341,10826.0,0.0191598599285402
3118,0,patch_36_27,9216,9472,6912,7168,65536,MSAVI,-0.02734375,36066,,,,
3119,0,patch_36_27,9216,9472,6912,7168,65536,NDVI,-0.70703125,26636,5245.0,0.0069170452866969,9399.0,0.0171251865566782
3120,0,patch_36_28,9216,9472,7168,7424,65536,MSAVI,-0.05859375,38406,,,,
3121,0,patch_36_28,9216,9472,7168,7424,65536,NDVI,-0.65234375,25887,1415.0,0.0107532119050138,2166.0,0.0166161839729799
3122,0,patch_36_29,9216,9472,7424,7680,65536,MSAVI,-0.09765625,43444,,,,
3123,0,patch_36_29,9216,9472,7424,7680,65536,NDVI,-0.59765625,22079,7216.0,0.0198417630991529,7196.0,0.0279562223104934
3124,0,patch_36_30,9216,9472,7680,7936,65536,MSAVI,-0.11328125,43617,,,,
3125,0,patch_36_30,9216,9472,7680,7936,65536,NDVI,-0.99609375,21919,2866.0,0.0206981568492441,3795.0,0.0278938680109967
3126,0,patch_36_31,9216,9472,7936,8192,65536,MSAVI,-0.38671875,46851,,,,
3127,0,patch_36_31,9216,9472,7936,8192,65536,NDVI,-0.99609375,18685,3459.0,0.0253515369728287,3971.0,0.0344995655081484
3128,0,patch_36_32,9216,9472,8192,8448,65536,MSAVI,-0.18359375,53274,,,,
3129,0,patch_36_32,9216,9472,8192,8448,65536,NDVI,-0.99609375,12262,6084.0,0.0302951184587751,6125.0,0.0448144745963931
3130,0,patch_36_33,9216,9472,8448,8704,65536,MSAVI,-0.31640625,54306,,,,
3131,0,patch_36_33,9216,9472,8448,8704,65536,NDVI,-0.99609375,11230,1412.0,0.0353283039116361,1514.0,0.0425677249620022
3132,0,patch_36_34,9216,9472,8704,8960,65536,MSAVI,-0.30078125,54955,,,,
3133,0,patch_36_34,9216,9472,8704,8960,65536,NDVI,-0.99609375,10581,1750.0,0.0329459668556632,1709.0,0.0429294885375194
3134,0,patch_36_35,9216,9472,8960,9216,65536,MSAVI,-0.27734375,49494,,,,
3135,0,patch_36_35,9216,9472,8960,9216,65536,NDVI,-0.99609375,16042,2031.0,0.0268700559905155,2336.0,0.0352070549536648
3136,0,patch_36_36,9216,9472,9216,9472,65536,MSAVI,-0.23828125,51779,,,,
3137,0,patch_36_36,9216,9472,9216,9472,65536,NDVI,-0.63671875,13755,415.0,0.0279974799723515,433.0,0.0373489257499965
3138,0,patch_36_37,9216,9472,9472,9728,65536,MSAVI,-0.35546875,49772,,,,
3139,0,patch_36_37,9216,9472,9472,9728,65536,NDVI,-0.99609375,15764,3156.0,0.0267796845303178,3171.0,0.0365623229128661
3140,0,patch_36_38,9216,9472,9728,9984,65536,MSAVI,-0.24609375,49976,,,,
3141,0,patch_36_38,9216,9472,9728,9984,65536,NDVI,-0.99609375,15560,0.0,0.0274347502674393,57.0,0.0332758994343312
3142,0,patch_36_39,9216,9472,9984,10240,65536,MSAVI,-0.32421875,52433,,,,
3143,0,patch_36_39,9216,9472,9984,10240,65536,NDVI,-0.99609375,13103,505.0,0.0306936274570285,494.0,0.0373129993323695
3144,0,patch_36_40,9216,9472,10240,10496,65536,MSAVI,-0.29296875,50177,,,,
3145,0,patch_36_40,9216,9472,10240,10496,65536,NDVI,-0.99609375,15359,502.0,0.0297011018537132,426.0,0.0342242824043144
3170,0,patch_37_10,9472,9728,2560,2816,65536,MSAVI,-0.28515625,38547,,,,
3171,0,patch_37_10,9472,9728,2560,2816,65536,NDVI,-0.99609375,26989,5398.0,0.0108630013704882,8113.0,0.0199602371201414
3172,0,patch_37_11,9472,9728,2816,3072,65536,MSAVI,-0.29296875,42908,,,,
3173,0,patch_37_11,9472,9728,2816,3072,65536,NDVI,-0.99609375,22628,6532.0,0.0186006313584334,7026.0,0.0257383733440653
3174,0,patch_37_12,9472,9728,3072,3328,65536,MSAVI,-0.14453125,42630,,,,
3175,0,patch_37_12,9472,9728,3072,3328,65536,NDVI,-0.99609375,22906,2294.0,0.0164637277438339,3240.0,0.0241243707368843
3176,0,patch_37_13,9472,9728,3328,3584,65536,MSAVI,-0.19140625,46483,,,,
3177,0,patch_37_13,9472,9728,3328,3584,65536,NDVI,-0.99609375,19053,2907.0,0.0185482337638767,3158.0,0.0271604769722659
3178,0,patch_37_14,9472,9728,3584,3840,65536,MSAVI,-0.17578125,42769,,,,
3179,0,patch_37_14,9472,9728,3584,3840,65536,NDVI,-0.99609375,22767,3128.0,0.0169727602200391,3627.0,0.0231366144030432
3180,0,patch_37_15,9472,9728,3840,4096,65536,MSAVI,-0.23828125,41432,,,,
3181,0,patch_37_15,9472,9728,3840,4096,65536,NDVI,-0.99609375,24104,1505.0,0.0147566846355063,2570.0,0.0197544409376497
3182,0,patch_37_16,9472,9728,4096,4352,65536,MSAVI,-0.33203125,46233,,,,
3183,0,patch_37_16,9472,9728,4096,4352,65536,NDVI,-0.99609375,19303,2660.0,0.0227086891849521,2945.0,0.0319338311265737
3184,0,patch_37_17,9472,9728,4352,4608,65536,MSAVI,-0.24609375,43525,,,,
3185,0,patch_37_17,9472,9728,4352,4608,65536,NDVI,-0.67578125,22011,8888.0,0.0206493189644295,10675.0,0.0320648772307327
3186,0,patch_37_18,9472,9728,4608,4864,65536,MSAVI,-0.14453125,47263,,,,
3187,0,patch_37_18,9472,9728,4608,4864,65536,NDVI,-0.99609375,18273,6669.0,0.0253240315371519,7209.0,0.0332273055912991
3188,0,patch_37_19,9472,9728,4864,5120,65536,MSAVI,-0.18359375,45052,,,,
3189,0,patch_37_19,9472,9728,4864,5120,65536,NDVI,-0.99609375,20484,4153.0,0.0205046936194436,5717.0,0.0293872648583972
3190,0,patch_37_20,9472,9728,5120,5376,65536,MSAVI,-0.26171875,48259,,,,
3191,0,patch_37_20,9472,9728,5120,5376,65536,NDVI,-0.99609375,17277,3473.0,0.0267287877353764,3729.0,0.0353196943575302
3192,0,patch_37_21,9472,9728,5376,5632,65536,MSAVI,-0.26171875,50255,,,,
3193,0,patch_37_21,9472,9728,5376,5632,65536,NDVI,-0.99609375,15281,770.0,0.0256572792487868,880.0,0.0336683480369819
3194,0,patch_37_22,9472,9728,5632,5888,65536,MSAVI,-0.36328125,48818,,,,
3195,0,patch_37_22,9472,9728,5632,5888,65536,NDVI,-0.63671875,16717,5664.0,0.0281908039456664,5545.0,0.0340032705957761
3196,0,patch_37_23,9472,9728,5888,6144,65536,MSAVI,-0.30078125,46337,,,,
3197,0,patch_37_23,9472,9728,5888,6144,65536,NDVI,-0.99609375,19199,8156.0,0.0286851307176911,65536.0,0.0335917527437431
3198,0,patch_37_24,9472,9728,6144,6400,65536,MSAVI,-0.12109375,44664,,,,
3199,0,patch_37_24,9472,9728,6144,6400,65536,NDVI,-0.99609375,20872,2648.0,0.0205539015442537,2783.0,0.0238690855378368
3200,0,patch_37_25,9472,9728,6400,6656,65536,MSAVI,-0.12890625,39213,,,,
3201,0,patch_37_25,9472,9728,6400,6656,65536,NDVI,-0.99609375,26323,758.0,0.0114539574660705,2772.0,0.018296315922063
3202,0,patch_37_26,9472,9728,6656,6912,65536,MSAVI,-0.23046875,37461,,,,
3203,0,patch_37_26,9472,9728,6656,6912,65536,NDVI,-0.65234375,28075,4893.0,0.0093430135442472,6776.0,0.0192042562105502
3204,0,patch_37_27,9472,9728,6912,7168,65536,MSAVI,-0.13671875,42270,,,,
3205,0,patch_37_27,9472,9728,6912,7168,65536,NDVI,-0.62109375,23252,6969.0,0.0178824519239445,7080.0,0.0269463082019318
3206,0,patch_37_28,9472,9728,7168,7424,65536,MSAVI,-0.02734375,37822,,,,
3207,0,patch_37_28,9472,9728,7168,7424,65536,NDVI,-0.62890625,27663,7489.0,0.0141601724535274,8998.0,0.0226509649699008
3208,0,patch_37_29,9472,9728,7424,7680,65536,MSAVI,-0.12109375,43905,,,,
3209,0,patch_37_29,9472,9728,7424,7680,65536,NDVI,-0.62890625,21215,2757.0,0.0175690099759738,3625.0,0.026590674467774
3210,0,patch_37_30,9472,9728,7680,7936,65536,MSAVI,-0.20703125,42512,,,,
3211,0,patch_37_30,9472,9728,7680,7936,65536,NDVI,-0.99609375,23024,1842.0,0.016479717995567,1924.0,0.022258124658249
3212,0,patch_37_31,9472,9728,7936,8192,65536,MSAVI,-0.38671875,42624,,,,
3213,0,patch_37_31,9472,9728,7936,8192,65536,NDVI,-0.99609375,22912,2578.0,0.0164680160614171,3844.0,0.0239263898308009
3214,0,patch_37_32,9472,9728,8192,8448,65536,MSAVI,-0.29296875,43777,,,,
3215,0,patch_37_32,9472,9728,8192,8448,65536,NDVI,-0.99609375,21759,2854.0,0.0192078317905347,3557.0,0.0264516417083144
3216,0,patch_37_33,9472,9728,8448,8704,65536,MSAVI,-0.14453125,48377,,,,
3217,0,patch_37_33,9472,9728,8448,8704,65536,NDVI,-0.99609375,17159,1017.0,0.0271011215425262,918.0,0.0305943797502743
3218,0,patch_37_34,9472,9728,8704,8960,65536,MSAVI,-0.25390625,51878,,,,
3219,0,patch_37_34,9472,9728,8704,8960,65536,NDVI,-0.99609375,13658,2779.0,0.0301703308743018,2647.0,0.039213008187397
3220,0,patch_37_35,9472,9728,8960,9216,65536,MSAVI,-0.20703125,51539,,,,
3221,0,patch_37_35,9472,9728,8960,9216,65536,NDVI,-0.99609375,13997,1265.0,0.0291359251622215,1383.0,0.0365783655765981
3222,0,patch_37_36,9472,9728,9216,9472,65536,MSAVI,-0.29296875,49615,,,,
3223,0,patch_37_36,9472,9728,9216,9472,65536,NDVI,-0.99609375,15921,432.0,0.027248168673044,546.0,0.0341948328251882
3224,0,patch_37_37,9472,9728,9472,9728,65536,MSAVI,-0.34765625,46944,,,,
3225,0,patch_37_37,9472,9728,9472,9728,65536,NDVI,-0.99609375,18592,858.0,0.0213803768292269,1270.0,0.0311131297067262
3226,0,patch_37_38,9472,9728,9728,9984,65536,MSAVI,-0.30859375,49020,,,,
3227,0,patch_37_38,9472,9728,9728,9984,65536,NDVI,-0.99609375,16516,1038.0,0.0271438128719595,1239.0,0.0330073690255054
3228,0,patch_37_39,9472,9728,9984,10240,65536,MSAVI,-0.34765625,53055,,,,
3229,0,patch_37_39,9472,9728,9984,10240,65536,NDVI,-0.99609375,12481,112.0,0.0302423475420939,115.0,0.0365365137881284
3256,0,patch_38_11,9728,9984,2816,3072,65536,MSAVI,-0.37890625,44068,,,,
3257,0,patch_38_11,9728,9984,2816,3072,65536,NDVI,-0.99609375,21468,2175.0,0.0211621162824178,2516.0,0.0252849301210474
3258,0,patch_38_12,9728,9984,3072,3328,65536,MSAVI,-0.21484375,46786,,,,
3259,0,patch_38_12,9728,9984,3072,3328,65536,NDVI,-0.99609375,18750,4206.0,0.0249350447228968,4473.0,0.0333900810922704
3260,0,patch_38_13,9728,9984,3328,3584,65536,MSAVI,-0.36328125,42735,,,,
3261,0,patch_38_13,9728,9984,3328,3584,65536,NDVI,-0.99609375,22801,8042.0,0.0183961668870103,8882.0,0.028014179307856
3262,0,patch_38_14,9728,9984,3584,3840,65536,MSAVI,-0.12890625,45697,,,,
3263,0,patch_38_14,9728,9984,3584,3840,65536,NDVI,-0.99609375,19839,3701.0,0.0243636504046645,3702.0,0.0293552456566251
3264,0,patch_38_15,9728,9984,3840,4096,65536,MSAVI,-0.24609375,44408,,,,
3265,0,patch_38_15,9728,9984,3840,4096,65536,NDVI,-0.99609375,21128,192.0,0.0223475374876157,762.0,0.0268239548926651
3266,0,patch_38_16,9728,9984,4096,4352,65536,MSAVI,-0.14453125,46781,,,,
3267,0,patch_38_16,9728,9984,4096,4352,65536,NDVI,-0.60546875,18754,3676.0,0.0218593904123911,3906.0,0.0321897875100396
3268,0,patch_38_17,9728,9984,4352,4608,65536,MSAVI,-0.14453125,50196,,,,
3269,0,patch_38_17,9728,9984,4352,4608,65536,NDVI,-0.62890625,15338,2489.0,0.0242040731299151,2423.0,0.0370964105752681
3270,0,patch_38_18,9728,9984,4608,4864,65536,MSAVI,-0.25390625,46902,,,,
3271,0,patch_38_18,9728,9984,4608,4864,65536,NDVI,-0.99609375,18634,4101.0,0.0230812804753548,4179.0,0.0314899147231686
3272,0,patch_38_19,9728,9984,4864,5120,65536,MSAVI,-0.19140625,47218,,,,
3273,0,patch_38_19,9728,9984,4864,5120,65536,NDVI,-0.99609375,18318,1931.0,0.0238604874289079,2128.0,0.0303595530651155
3274,0,patch_38_20,9728,9984,5120,5376,65536,MSAVI,-0.16015625,50427,,,,
3275,0,patch_38_20,9728,9984,5120,5376,65536,NDVI,-0.99609375,15109,1694.0,0.0307561587922522,1666.0,0.0380208203413376
3276,0,patch_38_21,9728,9984,5376,5632,65536,MSAVI,-0.23046875,45624,,,,
3277,0,patch_38_21,9728,9984,5376,5632,65536,NDVI,-0.99609375,19912,5210.0,0.0244427828641531,5106.0,0.0315988693244259
3278,0,patch_38_22,9728,9984,5632,5888,65536,MSAVI,-0.38671875,43951,,,,
3279,0,patch_38_22,9728,9984,5632,5888,65536,NDVI,-0.99609375,21585,4623.0,0.0191524869001754,4739.0,0.0269759252207215
3280,0,patch_38_23,9728,9984,5888,6144,65536,MSAVI,-0.20703125,47405,,,,
3281,0,patch_38_23,9728,9984,5888,6144,65536,NDVI,-0.99609375,18131,5813.0,0.0264192481462399,65536.0,0.0315241043975698
3282,0,patch_38_24,9728,9984,6144,6400,65536,MSAVI,-0.25390625,43930,,,,
3283,0,patch_38_24,9728,9984,6144,6400,65536,NDVI,-0.99609375,21606,118.0,0.020139397795146,384.0,0.0246254638705209
3284,0,patch_38_25,9728,9984,6400,6656,65536,MSAVI,-0.18359375,40078,,,,
3285,0,patch_38_25,9728,9984,6400,6656,65536,NDVI,-0.99609375,25458,1242.0,0.0119288868770321,1719.0,0.0173708558250617
3286,0,patch_38_26,9728,9984,6656,6912,65536,MSAVI,-0.23046875,36501,,,,
3287,0,patch_38_26,9728,9984,6656,6912,65536,NDVI,-0.69140625,29032,4878.0,0.0078680999190717,6425.0,0.0163087973353363
3288,0,patch_38_27,9728,9984,6912,7168,65536,MSAVI,-0.25390625,37676,,,,
3289,0,patch_38_27,9728,9984,6912,7168,65536,NDVI,-0.99609375,27860,7025.0,0.0102416869390543,8541.0,0.01973850832113
3290,0,patch_38_28,9728,9984,7168,7424,65536,MSAVI,-0.14453125,49295,,,,
3291,0,patch_38_28,9728,9984,7168,7424,65536,NDVI,-0.57421875,15952,9883.0,0.0262565741357845,9794.0,0.0413578127781999
3292,0,patch_38_29,9728,9984,7424,7680,65536,MSAVI,-0.14453125,41272,,,,
3293,0,patch_38_29,9728,9984,7424,7680,65536,NDVI,-0.64453125,24259,5085.0,0.0136733084694052,7312.0,0.0228127659629007
3294,0,patch_38_30,9728,9984,7680,7936,65536,MSAVI,-0.17578125,43626,,,,
3295,0,patch_38_30,9728,9984,7680,7936,65536,NDVI,-0.99609375,21910,536.0,0.0175534814132572,973.0,0.0238308071166449
3296,0,patch_38_31,9728,9984,7936,8192,65536,MSAVI,-0.12890625,41223,,,,
3297,0,patch_38_31,9728,9984,7936,8192,65536,NDVI,-0.99609375,24313,2353.0,0.0134042417282612,4547.0,0.022201205695867
3298,0,patch_38_32,9728,9984,8192,8448,65536,MSAVI,-0.37109375,44889,,,,
3299,0,patch_38_32,9728,9984,8192,8448,65536,NDVI,-0.99609375,20647,6067.0,0.0220935033507134,6551.0,0.030066951426132
3300,0,patch_38_33,9728,9984,8448,8704,65536,MSAVI,-0.26953125,42753,,,,
3301,0,patch_38_33,9728,9984,8448,8704,65536,NDVI,-0.99609375,22783,4745.0,0.0170403294892909,5010.0,0.0240098685469978
3302,0,patch_38_34,9728,9984,8704,8960,65536,MSAVI,-0.14453125,48777,,,,
3303,0,patch_38_34,9728,9984,8704,8960,65536,NDVI,-0.99609375,16759,114.0,0.0239697738118943,184.0,0.0302979678684917
3304,0,patch_38_35,9728,9984,8960,9216,65536,MSAVI,-0.19921875,48314,,,,
3305,0,patch_38_35,9728,9984,8960,9216,65536,NDVI,-0.99609375,17222,1059.0,0.0267546163850159,712.0,0.0333931958767646
3306,0,patch_38_36,9728,9984,9216,9472,65536,MSAVI,-0.27734375,48879,,,,
3307,0,patch_38_36,9728,9984,9216,9472,65536,NDVI,-0.99609375,16657,2571.0,0.0273011547437586,2663.0,0.0348048048214837
3308,0,patch_38_37,9728,9984,9472,9728,65536,MSAVI,-0.33203125,44046,,,,
3309,0,patch_38_37,9728,9984,9472,9728,65536,NDVI,-0.99609375,21490,556.0,0.0189865920288509,929.0,0.0257078939450661
3340,0,patch_39_11,9984,10240,2816,3072,65536,MSAVI,-0.28515625,42459,,,,
3341,0,patch_39_11,9984,10240,2816,3072,65536,NDVI,-0.99609375,23077,2257.0,0.0177737093795888,2965.0,0.0239491087257394
3342,0,patch_39_12,9984,10240,3072,3328,65536,MSAVI,-0.09765625,42225,,,,
3343,0,patch_39_12,9984,10240,3072,3328,65536,NDVI,-0.99609375,23311,2831.0,0.014339555226282,3640.0,0.025721707380088
3344,0,patch_39_13,9984,10240,3328,3584,65536,MSAVI,-0.17578125,41981,,,,
3345,0,patch_39_13,9984,10240,3328,3584,65536,NDVI,-0.99609375,23555,8732.0,0.01777853358557,9265.0,0.0245818393766791
3346,0,patch_39_14,9984,10240,3584,3840,65536,MSAVI,-0.18359375,52689,,,,
3347,0,patch_39_14,9984,10240,3584,3840,65536,NDVI,-0.99609375,12847,6273.0,0.0298937177754429,6273.0,0.0407189920980583
3348,0,patch_39_15,9984,10240,3840,4096,65536,MSAVI,-0.20703125,48261,,,,
3349,0,patch_39_15,9984,10240,3840,4096,65536,NDVI,-0.99609375,17275,1582.0,0.0230715613405042,1598.0,0.0316945461944514
3350,0,patch_39_16,9984,10240,4096,4352,65536,MSAVI,-0.20703125,48027,,,,
3351,0,patch_39_16,9984,10240,4096,4352,65536,NDVI,-0.99609375,17509,460.0,0.0259995074962952,538.0,0.0315268330509358
3352,0,patch_39_17,9984,10240,4352,4608,65536,MSAVI,-0.27734375,44577,,,,
3353,0,patch_39_17,9984,10240,4352,4608,65536,NDVI,-0.56640625,20959,11240.0,0.0278057320432525,10785.0,0.034412589968789
3354,0,patch_39_18,9984,10240,4608,4864,65536,MSAVI,0.01953125,42371,,,,
3355,0,patch_39_18,9984,10240,4608,4864,65536,NDVI,-0.99609375,23165,6125.0,0.0150328341760782,6728.0,0.0261846926977239
3356,0,patch_39_19,9984,10240,4864,5120,65536,MSAVI,-0.26953125,44743,,,,
3357,0,patch_39_19,9984,10240,4864,5120,65536,NDVI,-0.99609375,20793,2788.0,0.021014695026536,2616.0,0.0265254168995149
3358,0,patch_39_20,9984,10240,5120,5376,65536,MSAVI,-0.04296875,45121,,,,
3359,0,patch_39_20,9984,10240,5120,5376,65536,NDVI,-0.99609375,20415,9700.0,0.0241624690443054,10134.0,0.0323066297721794
3360,0,patch_39_21,9984,10240,5376,5632,65536,MSAVI,-0.26953125,46940,,,,
3361,0,patch_39_21,9984,10240,5376,5632,65536,NDVI,-0.99609375,18596,3605.0,0.022541001920528,3666.0,0.0308570394169206
3362,0,patch_39_22,9984,10240,5632,5888,65536,MSAVI,-0.26171875,43489,,,,
3363,0,patch_39_22,9984,10240,5632,5888,65536,NDVI,-0.99609375,22047,5776.0,0.02095817924801,6418.0,0.03046437107304
3364,0,patch_39_23,9984,10240,5888,6144,65536,MSAVI,-0.36328125,42457,,,,
3365,0,patch_39_23,9984,10240,5888,6144,65536,NDVI,-0.99609375,23079,3622.0,0.0152281739697781,3861.0,0.0249538193476296
3366,0,patch_39_24,9984,10240,6144,6400,65536,MSAVI,-0.25390625,44047,,,,
3367,0,patch_39_24,9984,10240,6144,6400,65536,NDVI,-0.99609375,21489,1033.0,0.0188073663645016,1633.0,0.0259611798410171
3368,0,patch_39_25,9984,10240,6400,6656,65536,MSAVI,-0.14453125,44088,,,,
3369,0,patch_39_25,9984,10240,6400,6656,65536,NDVI,-0.60546875,21448,1086.0,0.0170663411098499,1283.0,0.0247651546742607
3370,0,patch_39_26,9984,10240,6656,6912,65536,MSAVI,-0.05859375,38511,,,,
3371,0,patch_39_26,9984,10240,6656,6912,65536,NDVI,-0.60546875,26802,3198.0,0.0099438156914229,4227.0,0.0192671109859288
3372,0,patch_39_27,9984,10240,6912,7168,65536,MSAVI,-0.10546875,37467,,,,
3373,0,patch_39_27,9984,10240,6912,7168,65536,NDVI,-0.65234375,27658,7692.0,0.0101248861238913,9245.0,0.0206247191395527
3374,0,patch_39_28,9984,10240,7168,7424,65536,MSAVI,-0.00390625,40407,,,,
3375,0,patch_39_28,9984,10240,7168,7424,65536,NDVI,-0.99609375,25129,8135.0,0.0165366925614869,9425.0,0.0249301569298634
3376,0,patch_39_29,9984,10240,7424,7680,65536,MSAVI,-0.27734375,50155,,,,
3377,0,patch_39_29,9984,10240,7424,7680,65536,NDVI,-0.66796875,15363,6519.0,0.0306360171675663,6640.0,0.0411244863814017
3378,0,patch_39_30,9984,10240,7680,7936,65536,MSAVI,-0.05859375,43281,,,,
3379,0,patch_39_30,9984,10240,7680,7936,65536,NDVI,-0.99609375,22255,905.0,0.0157946930686539,1614.0,0.0216528220494061
3380,0,patch_39_31,9984,10240,7936,8192,65536,MSAVI,-0.08984375,41613,,,,
3381,0,patch_39_31,9984,10240,7936,8192,65536,NDVI,-0.99609375,23923,1226.0,0.0142711809465539,1697.0,0.0221683116082245
3382,0,patch_39_32,9984,10240,8192,8448,65536,MSAVI,-0.23046875,44145,,,,
3383,0,patch_39_32,9984,10240,8192,8448,65536,NDVI,-0.99609375,21391,4438.0,0.0187198734855587,4686.0,0.0264335063973027
3384,0,patch_39_33,9984,10240,8448,8704,65536,MSAVI,-0.17578125,41582,,,,
3385,0,patch_39_33,9984,10240,8448,8704,65536,NDVI,-0.99609375,23954,2593.0,0.0170248229674419,3828.0,0.0233584550177216
3386,0,patch_39_34,9984,10240,8704,8960,65536,MSAVI,-0.16015625,43292,,,,
3387,0,patch_39_34,9984,10240,8704,8960,65536,NDVI,-0.99609375,22244,1839.0,0.0205999408767846,3055.0,0.026290807842846
3388,0,patch_39_35,9984,10240,8960,9216,65536,MSAVI,-0.27734375,51455,,,,
3389,0,patch_39_35,9984,10240,8960,9216,65536,NDVI,-0.99609375,14081,110.0,0.0314609010120059,116.0,0.0356720723478288
3424,0,patch_40_12,10240,10496,3072,3328,65536,MSAVI,-0.04296875,44671,,,,
3425,0,patch_40_12,10240,10496,3072,3328,65536,NDVI,-0.99609375,20865,7581.0,0.0193213263585864,8418.0,0.0326395926731497
3426,0,patch_40_13,10240,10496,3328,3584,65536,MSAVI,-0.29296875,45005,,,,
3427,0,patch_40_13,10240,10496,3328,3584,65536,NDVI,-0.99609375,20531,5667.0,0.0239487920279718,5934.0,0.0321367987861331
3428,0,patch_40_14,10240,10496,3584,3840,65536,MSAVI,-0.39453125,44604,,,,
3429,0,patch_40_14,10240,10496,3584,3840,65536,NDVI,-0.99609375,20932,4680.0,0.0210496739146741,4952.0,0.0288210979572433
3430,0,patch_40_15,10240,10496,3840,4096,65536,MSAVI,-0.24609375,45223,,,,
3431,0,patch_40_15,10240,10496,3840,4096,65536,NDVI,-0.99609375,20313,6003.0,0.0226064695817775,6031.0,0.0314841833072511
3432,0,patch_40_16,10240,10496,4096,4352,65536,MSAVI,-0.16796875,46254,,,,
3433,0,patch_40_16,10240,10496,4096,4352,65536,NDVI,-0.99609375,19282,637.0,0.022500703791648,1598.0,0.0293066814775843
3434,0,patch_40_17,10240,10496,4352,4608,65536,MSAVI,-0.16015625,44908,,,,
3435,0,patch_40_17,10240,10496,4352,4608,65536,NDVI,-0.99609375,20628,2551.0,0.0219284775973937,3221.0,0.0265643467976816
3436,0,patch_40_18,10240,10496,4608,4864,65536,MSAVI,-0.14453125,43693,,,,
3437,0,patch_40_18,10240,10496,4608,4864,65536,NDVI,-0.99609375,21843,2148.0,0.0205018660828349,2524.0,0.0272085712631261
3438,0,patch_40_19,10240,10496,4864,5120,65536,MSAVI,-0.22265625,46062,,,,
3439,0,patch_40_19,10240,10496,4864,5120,65536,NDVI,-0.99609375,19474,5001.0,0.0239770905488955,5168.0,0.0310008936511935
3440,0,patch_40_20,10240,10496,5120,5376,65536,MSAVI,-0.16015625,46548,,,,
3441,0,patch_40_20,10240,10496,5120,5376,65536,NDVI,-0.99609375,18988,870.0,0.0212139466077695,1241.0,0.0273945127333926
3442,0,patch_40_21,10240,10496,5376,5632,65536,MSAVI,-0.16796875,47481,,,,
3443,0,patch_40_21,10240,10496,5376,5632,65536,NDVI,-0.99609375,18055,969.0,0.023523686320781,791.0,0.0303479077780477
3444,0,patch_40_22,10240,10496,5632,5888,65536,MSAVI,-0.26953125,46672,,,,
3445,0,patch_40_22,10240,10496,5632,5888,65536,NDVI,-0.99609375,18864,1347.0,0.0226261746253894,1471.0,0.0278444218023002
3446,0,patch_40_23,10240,10496,5888,6144,65536,MSAVI,-0.24609375,43175,,,,
3447,0,patch_40_23,10240,10496,5888,6144,65536,NDVI,-0.99609375,22361,3076.0,0.0165370131725731,3863.0,0.0249212689646989
3448,0,patch_40_24,10240,10496,6144,6400,65536,MSAVI,-0.17578125,44829,,,,
3449,0,patch_40_24,10240,10496,6144,6400,65536,NDVI,-0.99609375,20707,2352.0,0.0213345644494307,2580.0,0.0279583119785762
3450,0,patch_40_25,10240,10496,6400,6656,65536,MSAVI,-0.09765625,39235,,,,
3451,0,patch_40_25,10240,10496,6400,6656,65536,NDVI,-0.99609375,26301,13728.0,0.0155898181344336,65493.0,0.0235950612438407
3452,0,patch_40_26,10240,10496,6656,6912,65536,MSAVI,-0.06640625,39473,,,,
3453,0,patch_40_26,10240,10496,6656,6912,65536,NDVI,-0.48828125,26060,6940.0,0.0117377665136954,8493.0,0.0221526023480313
3454,0,patch_40_27,10240,10496,6912,7168,65536,MSAVI,-0.15234375,41574,,,,
3455,0,patch_40_27,10240,10496,6912,7168,65536,NDVI,-0.62109375,23506,2520.0,0.0126275779478991,3118.0,0.0208591353453068
3456,0,patch_40_28,10240,10496,7168,7424,65536,MSAVI,-0.15234375,40587,,,,
3457,0,patch_40_28,10240,10496,7168,7424,65536,NDVI,-0.99609375,24949,3496.0,0.0135137337669433,3538.0,0.0210534819896555
3458,0,patch_40_29,10240,10496,7424,7680,65536,MSAVI,-0.12890625,42753,,,,
3459,0,patch_40_29,10240,10496,7424,7680,65536,NDVI,-0.63671875,22742,9064.0,0.0194983330915483,9873.0,0.0290486722379348
3460,0,patch_40_30,10240,10496,7680,7936,65536,MSAVI,-0.24609375,48632,,,,
3461,0,patch_40_30,10240,10496,7680,7936,65536,NDVI,-0.99609375,16904,363.0,0.0269511639217132,478.0,0.0342495398354055
3462,0,patch_40_31,10240,10496,7936,8192,65536,MSAVI,-0.20703125,44114,,,,
3463,0,patch_40_31,10240,10496,7936,8192,65536,NDVI,-0.99609375,21422,453.0,0.0175445150687395,591.0,0.0248831752098619
3464,0,patch_40_32,10240,10496,8192,8448,65536,MSAVI,-0.18359375,41277,,,,
3465,0,patch_40_32,10240,10496,8192,8448,65536,NDVI,-0.99609375,24259,3050.0,0.0165995226875852,3546.0,0.0243698196719743
3466,0,patch_40_33,10240,10496,8448,8704,65536,MSAVI,-0.36328125,45133,,,,
3467,0,patch_40_33,10240,10496,8448,8704,65536,NDVI,-0.99609375,20403,7126.0,0.0234404112081545,7371.0,0.0310237622527743
3468,0,patch_40_34,10240,10496,8704,8960,65486,MSAVI,-0.30078125,44760,,,,
3469,0,patch_40_34,10240,10496,8704,8960,65486,NDVI,-0.99609375,20776,1401.0,0.0182773683757293,1666.0,0.023085827541069
3510,0,patch_41_12,10496,10752,3072,3328,65307,MSAVI,-0.23046875,46435,,,,
3511,0,patch_41_12,10496,10752,3072,3328,65307,NDVI,-0.99609375,19101,7105.0,0.0226384991863913,6746.0,0.0343025834602526
3512,0,patch_41_13,10496,10752,3328,3584,65536,MSAVI,-0.43359375,51228,,,,
3513,0,patch_41_13,10496,10752,3328,3584,65536,NDVI,-0.99609375,14308,2310.0,0.0289025255655601,1805.0,0.0380044438965886
3514,0,patch_41_14,10496,10752,3584,3840,65536,MSAVI,-0.34765625,53717,,,,
3515,0,patch_41_14,10496,10752,3584,3840,65536,NDVI,-0.99609375,11819,2327.0,0.0382224527884555,2491.0,0.0427509099346357
3516,0,patch_41_15,10496,10752,3840,4096,65536,MSAVI,-0.21484375,51188,,,,
3517,0,patch_41_15,10496,10752,3840,4096,65536,NDVI,-0.99609375,14348,5044.0,0.029774770337856,5118.0,0.0375333771886698
3518,0,patch_41_16,10496,10752,4096,4352,65536,MSAVI,-0.17578125,43523,,,,
3519,0,patch_41_16,10496,10752,4096,4352,65536,NDVI,-0.99609375,22013,4152.0,0.0170424485372445,5149.0,0.0242647526069019
3520,0,patch_41_17,10496,10752,4352,4608,65536,MSAVI,-0.12109375,47356,,,,
3521,0,patch_41_17,10496,10752,4352,4608,65536,NDVI,-0.99609375,18180,757.0,0.0219623750563184,1279.0,0.0315809912789462
3522,0,patch_41_18,10496,10752,4608,4864,65536,MSAVI,-0.21484375,48200,,,,
3523,0,patch_41_18,10496,10752,4608,4864,65536,NDVI,-0.99609375,17336,3384.0,0.0297903251936515,3636.0,0.036899865841146
3524,0,patch_41_19,10496,10752,4864,5120,65536,MSAVI,-0.02734375,45323,,,,
3525,0,patch_41_19,10496,10752,4864,5120,65536,NDVI,-0.99609375,20213,5350.0,0.0223046087217463,5343.0,0.0293292775751422
3526,0,patch_41_20,10496,10752,5120,5376,65536,MSAVI,-0.27734375,45047,,,,
3527,0,patch_41_20,10496,10752,5120,5376,65536,NDVI,-0.99609375,20489,4246.0,0.0204828792032952,4576.0,0.0297950222596352
3528,0,patch_41_21,10496,10752,5376,5632,65536,MSAVI,-0.13671875,49531,,,,
3529,0,patch_41_21,10496,10752,5376,5632,65536,NDVI,-0.99609375,16005,1942.0,0.0275658533302033,1936.0,0.0346790578813333
3530,0,patch_41_22,10496,10752,5632,5888,65536,MSAVI,-0.17578125,48567,,,,
3531,0,patch_41_22,10496,10752,5632,5888,65536,NDVI,-0.99609375,16969,847.0,0.0271202793227894,785.0,0.0325740568342713
3532,0,patch_41_23,10496,10752,5888,6144,65536,MSAVI,-0.21484375,40515,,,,
3533,0,patch_41_23,10496,10752,5888,6144,65536,NDVI,-0.99609375,25021,4679.0,0.0145277780840642,5503.0,0.020269822145376
3534,0,patch_41_24,10496,10752,6144,6400,65536,MSAVI,-0.25390625,44289,,,,
3535,0,patch_41_24,10496,10752,6144,6400,65536,NDVI,-0.99609375,21247,10271.0,0.0233630763149486,10155.0,0.0313735592857056
3536,0,patch_41_25,10496,10752,6400,6656,65536,MSAVI,-0.19921875,44546,,,,
3537,0,patch_41_25,10496,10752,6400,6656,65536,NDVI,-0.57421875,20990,9033.0,0.0234209095643053,8857.0,0.0295341197234619
3538,0,patch_41_26,10496,10752,6656,6912,65536,MSAVI,-0.08984375,45163,,,,
3539,0,patch_41_26,10496,10752,6656,6912,65536,NDVI,-0.57421875,20348,1739.0,0.0157045198611781,1667.0,0.0266413485046188
3540,0,patch_41_27,10496,10752,6912,7168,65536,MSAVI,-0.09765625,47005,,,,
3541,0,patch_41_27,10496,10752,6912,7168,65536,NDVI,-0.55078125,18077,1742.0,0.0203696839044283,2178.0,0.0303429725398432
3542,0,patch_41_28,10496,10752,7168,7424,65536,MSAVI,-0.17578125,39030,,,,
3543,0,patch_41_28,10496,10752,7168,7424,65536,NDVI,-0.65234375,26473,7180.0,0.0112952798441347,7507.0,0.0201402918588889
3544,0,patch_41_29,10496,10752,7424,7680,65536,MSAVI,-0.14453125,40808,,,,
3545,0,patch_41_29,10496,10752,7424,7680,65536,NDVI,-0.66015625,24295,8024.0,0.0191802219332463,8557.0,0.0284848401682244
3546,0,patch_41_30,10496,10752,7680,7936,65536,MSAVI,-0.21484375,45918,,,,
3547,0,patch_41_30,10496,10752,7680,7936,65536,NDVI,-0.99609375,19618,1693.0,0.0203105292139474,1869.0,0.0280486307393711
3548,0,patch_41_31,10496,10752,7936,8192,65536,MSAVI,-0.14453125,46686,,,,
3549,0,patch_41_31,10496,10752,7936,8192,65536,NDVI,-0.55078125,18848,3718.0,0.0216022098129083,3748.0,0.0275886375706199
3550,0,patch_41_32,10496,10752,8192,8448,65536,MSAVI,-0.29296875,44776,,,,
3551,0,patch_41_32,10496,10752,8192,8448,65536,NDVI,-0.99609375,20760,1620.0,0.0225726969184494,1894.0,0.028637124369513
3598,0,patch_42_13,10752,11008,3328,3584,65536,MSAVI,-0.10546875,42926,,,,
3599,0,patch_42_13,10752,11008,3328,3584,65536,NDVI,-0.99609375,22610,2433.0,0.0170214944909285,3039.0,0.0267016498295506
3600,0,patch_42_14,10752,11008,3584,3840,65536,MSAVI,-0.16015625,46049,,,,
3601,0,patch_42_14,10752,11008,3584,3840,65536,NDVI,-0.99609375,19487,4015.0,0.0267669225613615,4478.0,0.0318704981723318
3602,0,patch_42_15,10752,11008,3840,4096,65536,MSAVI,-0.19921875,53038,,,,
3603,0,patch_42_15,10752,11008,3840,4096,65536,NDVI,-0.99609375,12498,3593.0,0.0327730274087615,3633.0,0.0421293607725903
3604,0,patch_42_16,10752,11008,4096,4352,65536,MSAVI,-0.17578125,48840,,,,
3605,0,patch_42_16,10752,11008,4096,4352,65536,NDVI,-0.99609375,16696,6480.0,0.0288520601690297,6313.0,0.0336750277564521
3606,0,patch_42_17,10752,11008,4352,4608,65536,MSAVI,-0.09765625,47897,,,,
3607,0,patch_42_17,10752,11008,4352,4608,65536,NDVI,-0.99609375,17639,219.0,0.024450479305677,173.0,0.029737475168888
3608,0,patch_42_18,10752,11008,4608,4864,65536,MSAVI,-0.08984375,50917,,,,
3609,0,patch_42_18,10752,11008,4608,4864,65536,NDVI,-0.99609375,14619,142.0,0.0273134460288849,142.0,0.0348136973186079
3610,0,patch_42_19,10752,11008,4864,5120,65536,MSAVI,-0.04296875,43605,,,,
3611,0,patch_42_19,10752,11008,4864,5120,65536,NDVI,-0.99609375,21931,6558.0,0.0209020440881677,7556.0,0.0282119354167001
3612,0,patch_42_20,10752,11008,5120,5376,65536,MSAVI,-0.15234375,40440,,,,
3613,0,patch_42_20,10752,11008,5120,5376,65536,NDVI,-0.99609375,25096,6574.0,0.0140494423387116,8129.0,0.0221345284608547
3614,0,patch_42_21,10752,11008,5376,5632,65536,MSAVI,-0.18359375,50959,,,,
3615,0,patch_42_21,10752,11008,5376,5632,65536,NDVI,-0.99609375,14577,1061.0,0.0305518394943689,1183.0,0.0368412672900635
3616,0,patch_42_22,10752,11008,5632,5888,65536,MSAVI,-0.23828125,47646,,,,
3617,0,patch_42_22,10752,11008,5632,5888,65536,NDVI,-0.99609375,17890,1220.0,0.0234381242439067,1324.0,0.0301850029905712
3618,0,patch_42_23,10752,11008,5888,6144,65536,MSAVI,-0.23828125,41601,,,,
3619,0,patch_42_23,10752,11008,5888,6144,65536,NDVI,-0.99609375,23935,5096.0,0.0140452929579001,6426.0,0.021492066115591
3620,0,patch_42_24,10752,11008,6144,6400,65536,MSAVI,-0.19140625,40659,,,,
3621,0,patch_42_24,10752,11008,6144,6400,65536,NDVI,-0.99609375,24877,3412.0,0.0123963140505531,4795.0,0.020448896698512
3622,0,patch_42_25,10752,11008,6400,6656,65536,MSAVI,-0.19140625,45150,,,,
3623,0,patch_42_25,10752,11008,6400,6656,65536,NDVI,-0.99609375,20386,4026.0,0.0209879731156436,4115.0,0.0282605257549725
3624,0,patch_42_26,10752,11008,6656,6912,65536,MSAVI,-0.10546875,45725,,,,
3625,0,patch_42_26,10752,11008,6656,6912,65536,NDVI,-0.99609375,19811,1016.0,0.0190282971392936,1363.0,0.0275316789137345
3626,0,patch_42_27,10752,11008,6912,7168,65536,MSAVI,-0.09765625,47195,,,,
3627,0,patch_42_27,10752,11008,6912,7168,65536,NDVI,-0.58984375,16639,1909.0,0.0200826909193435,1897.0,0.0290565287419331
3628,0,patch_42_28,10752,11008,7168,7424,65536,MSAVI,-0.19140625,44325,,,,
3629,0,patch_42_28,10752,11008,7168,7424,65536,NDVI,-0.61328125,18433,4225.0,0.0173127156505017,4506.0,0.0274534055589896
3630,0,patch_42_29,10752,11008,7424,7680,65536,MSAVI,-0.07421875,39052,,,,
3631,0,patch_42_29,10752,11008,7424,7680,65536,NDVI,-0.67578125,26357,3826.0,0.0143919900056483,4909.0,0.0215420964978201
3632,0,patch_42_30,10752,11008,7680,7936,65536,MSAVI,-0.22265625,42608,,,,
3633,0,patch_42_30,10752,11008,7680,7936,65536,NDVI,-0.99609375,22928,1703.0,0.0153862720754316,1982.0,0.0205783002736356
3682,0,patch_43_14,11008,11264,3584,3840,65536,MSAVI,-0.14453125,53751,,,,
3683,0,patch_43_14,11008,11264,3584,3840,65536,NDVI,-0.99609375,11785,5822.0,0.0301277657922339,5719.0,0.0420650584115832
3684,0,patch_43_15,11008,11264,3840,4096,65536,MSAVI,-0.16015625,53936,,,,
3685,0,patch_43_15,11008,11264,3840,4096,65536,NDVI,-0.99609375,11600,6503.0,0.0319495327315761,6082.0,0.043087287362277
3686,0,patch_43_16,11008,11264,4096,4352,65536,MSAVI,-0.23046875,42043,,,,
3687,0,patch_43_16,11008,11264,4096,4352,65536,NDVI,-0.99609375,23493,9428.0,0.0193799366104127,10115.0,0.0291076673073499
3688,0,patch_43_17,11008,11264,4352,4608,65536,MSAVI,-0.16796875,45585,,,,
3689,0,patch_43_17,11008,11264,4352,4608,65536,NDVI,-0.99609375,19951,3532.0,0.0236193216636503,3488.0,0.0302787286828666
3690,0,patch_43_18,11008,11264,4608,4864,65536,MSAVI,-0.16015625,44825,,,,
3691,0,patch_43_18,11008,11264,4608,4864,65536,NDVI,-0.99609375,20711,702.0,0.020353847533344,1309.0,0.0280803980577125
3692,0,patch_43_19,11008,11264,4864,5120,65536,MSAVI,-0.19140625,53292,,,,
3693,0,patch_43_19,11008,11264,4864,5120,65536,NDVI,-0.99609375,12244,2137.0,0.0360796106401445,2133.0,0.0414486407172672
3694,0,patch_43_20,11008,11264,5120,5376,65536,MSAVI,-0.28515625,51556,,,,
3695,0,patch_43_20,11008,11264,5120,5376,65536,NDVI,-0.99609375,13980,7201.0,0.0299701969782134,7066.0,0.0389427111999464
3696,0,patch_43_21,11008,11264,5376,5632,65536,MSAVI,-0.30078125,41952,,,,
3697,0,patch_43_21,11008,11264,5376,5632,65536,NDVI,-0.99609375,23584,9171.0,0.0183216579076596,10367.0,0.0261455543862925
3698,0,patch_43_22,11008,11264,5632,5888,65536,MSAVI,-0.14453125,47661,,,,
3699,0,patch_43_22,11008,11264,5632,5888,65536,NDVI,-0.99609375,17875,4311.0,0.0236606244661453,4357.0,0.0333946648270047
3700,0,patch_43_23,11008,11264,5888,6144,65536,MSAVI,-0.23046875,44818,,,,
3701,0,patch_43_23,11008,11264,5888,6144,65536,NDVI,-0.99609375,20718,1379.0,0.0191309012846882,1353.0,0.0247812591553994
3702,0,patch_43_24,11008,11264,6144,6400,65536,MSAVI,-0.16796875,47261,,,,
3703,0,patch_43_24,11008,11264,6144,6400,65536,NDVI,-0.99609375,18275,4235.0,0.023777788139364,4579.0,0.0316938608318663
3704,0,patch_43_25,11008,11264,6400,6656,65536,MSAVI,-0.38671875,45072,,,,
3705,0,patch_43_25,11008,11264,6400,6656,65536,NDVI,-0.99609375,20464,2891.0,0.0210008874152933,3264.0,0.0283956692212029
3706,0,patch_43_26,11008,11264,6656,6912,65536,MSAVI,-0.19140625,47705,,,,
3707,0,patch_43_26,11008,11264,6656,6912,65536,NDVI,-0.99609375,17831,1463.0,0.0232045958892757,1547.0,0.0306860279336924
3708,0,patch_43_27,11008,11264,6912,7168,65536,MSAVI,-0.08984375,42259,,,,
3709,0,patch_43_27,11008,11264,6912,7168,65536,NDVI,-0.56640625,22831,5147.0,0.0137912914789873,4968.0,0.0226562842054332
3710,0,patch_43_28,11008,11264,7168,7424,65536,MSAVI,-0.18359375,43640,,,,
3711,0,patch_43_28,11008,11264,7168,7424,65536,NDVI,-0.60546875,19071,4641.0,0.018133906427629,4876.0,0.0286232267075826
3766,0,patch_44_14,11264,11520,3584,3840,65536,MSAVI,-0.06640625,44140,,,,
3767,0,patch_44_14,11264,11520,3584,3840,65536,NDVI,-0.99609375,21396,6863.0,0.0238151533686028,6957.0,0.0315175424407076
3768,0,patch_44_15,11264,11520,3840,4096,65536,MSAVI,-0.34765625,38855,,,,
3769,0,patch_44_15,11264,11520,3840,4096,65536,NDVI,-0.99609375,26681,11415.0,0.0135560497606258,14420.0,0.0241114782881426
3770,0,patch_44_16,11264,11520,4096,4352,65536,MSAVI,-0.21484375,41816,,,,
3771,0,patch_44_16,11264,11520,4096,4352,65536,NDVI,-0.99609375,23720,8800.0,0.0195075347066676,10304.0,0.026951021025887
3772,0,patch_44_17,11264,11520,4352,4608,65536,MSAVI,-0.17578125,43794,,,,
3773,0,patch_44_17,11264,11520,4352,4608,65536,NDVI,-0.61328125,21741,11846.0,0.0205059386243828,11203.0,0.0317377201579519
3774,0,patch_44_18,11264,11520,4608,4864,65536,MSAVI,-0.16796875,43702,,,,
3775,0,patch_44_18,11264,11520,4608,4864,65536,NDVI,-0.99609375,21834,1020.0,0.0206523721210609,1384.0,0.0256978841971716
3776,0,patch_44_19,11264,11520,4864,5120,65536,MSAVI,-0.22265625,50622,,,,
3777,0,patch_44_19,11264,11520,4864,5120,65536,NDVI,-0.99609375,14914,2176.0,0.0301244909442054,2202.0,0.0378025937622061
3778,0,patch_44_20,11264,11520,5120,5376,65536,MSAVI,-0.24609375,48091,,,,
3779,0,patch_44_20,11264,11520,5120,5376,65536,NDVI,-0.99609375,17445,6580.0,0.0268414696279725,6539.0,0.0373498968642249
3780,0,patch_44_21,11264,11520,5376,5632,65536,MSAVI,-0.07421875,41368,,,,
3781,0,patch_44_21,11264,11520,5376,5632,65536,NDVI,-0.99609375,24168,8823.0,0.017028303616064,9504.0,0.0265418300209839
3782,0,patch_44_22,11264,11520,5632,5888,65536,MSAVI,-0.17578125,45309,,,,
3783,0,patch_44_22,11264,11520,5632,5888,65536,NDVI,-0.99609375,20227,2691.0,0.0198075796542826,3216.0,0.0296640401786677
3784,0,patch_44_23,11264,11520,5888,6144,65536,MSAVI,-0.16015625,46018,,,,
3785,0,patch_44_23,11264,11520,5888,6144,65536,NDVI,-0.99609375,19518,2680.0,0.0216818192683833,3161.0,0.0305235886993528
3786,0,patch_44_24,11264,11520,6144,6400,65536,MSAVI,-0.16015625,46150,,,,
3787,0,patch_44_24,11264,11520,6144,6400,65536,NDVI,-0.59765625,19386,936.0,0.0194459023140466,1538.0,0.0261899430606493
3788,0,patch_44_25,11264,11520,6400,6656,65536,MSAVI,-0.20703125,43072,,,,
3789,0,patch_44_25,11264,11520,6400,6656,65536,NDVI,-0.99609375,22464,6700.0,0.01707581400869,7219.0,0.0242384106470104
3790,0,patch_44_26,11264,11520,6656,6912,65536,MSAVI,-0.30078125,46434,,,,
3791,0,patch_44_26,11264,11520,6656,6912,65536,NDVI,-0.58984375,19102,1800.0,0.0184568862074315,1815.0,0.0270665113382337
3792,0,patch_44_27,11264,11520,6912,7168,65536,MSAVI,-0.19921875,47846,,,,
3793,0,patch_44_27,11264,11520,6912,7168,65536,NDVI,-0.57421875,17684,1860.0,0.0189593221261243,2016.0,0.0271982729307018
3852,0,patch_45_15,11520,11776,3840,4096,65536,MSAVI,-0.19140625,44009,,,,
3853,0,patch_45_15,11520,11776,3840,4096,65536,NDVI,-0.99609375,21527,6164.0,0.0210160360234331,6901.0,0.0299571124175702
3854,0,patch_45_16,11520,11776,4096,4352,65536,MSAVI,-0.24609375,40392,,,,
3855,0,patch_45_16,11520,11776,4096,4352,65536,NDVI,-0.99609375,25144,9750.0,0.0155947112887736,12368.0,0.0263952628686278
3856,0,patch_45_17,11520,11776,4352,4608,65536,MSAVI,-0.28515625,40506,,,,
3857,0,patch_45_17,11520,11776,4352,4608,65536,NDVI,-0.99609375,25030,8881.0,0.0158987202309821,9621.0,0.0229884812335746
3858,0,patch_45_18,11520,11776,4608,4864,65536,MSAVI,-0.16015625,49594,,,,
3859,0,patch_45_18,11520,11776,4608,4864,65536,NDVI,-0.99609375,15942,7805.0,0.0292754808492777,65536.0,0.0402216471271935
3860,0,patch_45_19,11520,11776,4864,5120,65536,MSAVI,-0.12109375,47807,,,,
3861,0,patch_45_19,11520,11776,4864,5120,65536,NDVI,-0.99609375,17729,6334.0,0.0267866414655125,6651.0,0.0360196986203839
3862,0,patch_45_20,11520,11776,5120,5376,65536,MSAVI,-0.33984375,50865,,,,
3863,0,patch_45_20,11520,11776,5120,5376,65536,NDVI,-0.99609375,14671,701.0,0.032837436182851,981.0,0.0374899302357523
3864,0,patch_45_21,11520,11776,5376,5632,65536,MSAVI,-0.11328125,54919,,,,
3865,0,patch_45_21,11520,11776,5376,5632,65536,NDVI,-0.55859375,10616,5113.0,0.0323467059793638,4799.0,0.0430079658004233
3866,0,patch_45_22,11520,11776,5632,5888,65536,MSAVI,-0.26953125,49803,,,,
3867,0,patch_45_22,11520,11776,5632,5888,65536,NDVI,-0.47265625,15733,7768.0,0.0236276651365359,7295.0,0.0366166007177058
3868,0,patch_45_23,11520,11776,5888,6144,65536,MSAVI,-0.16015625,49459,,,,
3869,0,patch_45_23,11520,11776,5888,6144,65536,NDVI,-0.58203125,16077,146.0,0.0260190149095914,150.0,0.0322794904788363
3870,0,patch_45_24,11520,11776,6144,6400,65536,MSAVI,-0.12109375,40439,,,,
3871,0,patch_45_24,11520,11776,6144,6400,65536,NDVI,-0.55859375,25095,5638.0,0.0117645139686889,7566.0,0.0199359634071079
3872,0,patch_45_25,11520,11776,6400,6656,65536,MSAVI,-0.15234375,43535,,,,
3873,0,patch_45_25,11520,11776,6400,6656,65536,NDVI,-0.61328125,22000,2701.0,0.0156685832380198,3441.0,0.0258655962585103
3936,0,patch_46_15,11776,12032,3840,4096,65536,MSAVI,-0.18359375,45954,,,,
3937,0,patch_46_15,11776,12032,3840,4096,65536,NDVI,-0.99609375,19582,7075.0,0.0248793854084561,7006.0,0.0316230132975902
3938,0,patch_46_16,11776,12032,4096,4352,65536,MSAVI,-0.02734375,43844,,,,
3939,0,patch_46_16,11776,12032,4096,4352,65536,NDVI,-0.99609375,21692,8246.0,0.0192002488791621,9917.0,0.0288839725005496
3940,0,patch_46_17,11776,12032,4352,4608,65536,MSAVI,-0.20703125,55658,,,,
3941,0,patch_46_17,11776,12032,4352,4608,65536,NDVI,-0.58984375,9878,2461.0,0.0296320695292233,2154.0,0.0395071557257975
3942,0,patch_46_18,11776,12032,4608,4864,65536,MSAVI,-0.24609375,48330,,,,
3943,0,patch_46_18,11776,12032,4608,4864,65536,NDVI,-0.99609375,17206,2656.0,0.0258726977785638,2820.0,0.0351600486328324
3944,0,patch_46_19,11776,12032,4864,5120,65536,MSAVI,-0.17578125,49864,,,,
3945,0,patch_46_19,11776,12032,4864,5120,65536,NDVI,-0.99609375,15672,741.0,0.0282907689095376,838.0,0.0349030432304272
3946,0,patch_46_20,11776,12032,5120,5376,65536,MSAVI,-0.18359375,53388,,,,
3947,0,patch_46_20,11776,12032,5120,5376,65536,NDVI,-0.99609375,12148,2283.0,0.0286753723895816,2067.0,0.0448490938078123
3948,0,patch_46_21,11776,12032,5376,5632,65536,MSAVI,-0.40234375,52528,,,,
3949,0,patch_46_21,11776,12032,5376,5632,65536,NDVI,-0.99609375,13008,5522.0,0.0343886406558933,65536.0,0.0400495495606287
3950,0,patch_46_22,11776,12032,5632,5888,65536,MSAVI,-0.30078125,53257,,,,
3951,0,patch_46_22,11776,12032,5632,5888,65536,NDVI,-0.58203125,12274,4912.0,0.0310374106750921,4833.0,0.0420285471186434
3952,0,patch_46_23,11776,12032,5888,6144,65536,MSAVI,-0.26171875,48241,,,,
3953,0,patch_46_23,11776,12032,5888,6144,65536,NDVI,-0.55078125,17292,7641.0,0.0261883199877505,7171.0,0.033895299243509
4020,0,patch_47_16,12032,12288,4096,4352,65536,MSAVI,-0.14453125,47674,,,,
4021,0,patch_47_16,12032,12288,4096,4352,65536,NDVI,-0.99609375,17862,4176.0,0.0234420687470718,4415.0,0.0330192045008501
4022,0,patch_47_17,12032,12288,4352,4608,65536,MSAVI,-0.28515625,47513,,,,
4023,0,patch_47_17,12032,12288,4352,4608,65536,NDVI,-0.99609375,18023,5036.0,0.024831691726105,5195.0,0.0326423748592829
4024,0,patch_47_18,12032,12288,4608,4864,65536,MSAVI,-0.21484375,43902,,,,
4025,0,patch_47_18,12032,12288,4608,4864,65536,NDVI,-0.99609375,21634,6441.0,0.0217425096104537,6697.0,0.0304699347366648
4026,0,patch_47_19,12032,12288,4864,5120,65536,MSAVI,-0.27734375,39905,,,,
4027,0,patch_47_19,12032,12288,4864,5120,65536,NDVI,-0.99609375,25631,4050.0,0.011167075937972,6437.0,0.0207959127094895
4028,0,patch_47_20,12032,12288,5120,5376,65536,MSAVI,-0.27734375,48696,,,,
4029,0,patch_47_20,12032,12288,5120,5376,65536,NDVI,-0.99609375,16840,3633.0,0.0266330925262007,3085.0,0.0339577428995973
4030,0,patch_47_21,12032,12288,5376,5632,65536,MSAVI,-0.22265625,46875,,,,
4031,0,patch_47_21,12032,12288,5376,5632,65536,NDVI,-0.99609375,18661,2047.0,0.0230537871675289,2024.0,0.0291110211111112
4032,0,patch_47_22,12032,12288,5632,5888,65414,MSAVI,-0.29296875,45858,,,,
4033,0,patch_47_22,12032,12288,5632,5888,65414,NDVI,-0.99609375,19678,1895.0,0.0212655946782606,1955.0,0.0270036103834045
4106,0,patch_48_17,12288,12544,4352,4608,65536,MSAVI,-0.23046875,46503,,,,
4107,0,patch_48_17,12288,12544,4352,4608,65536,NDVI,-0.99609375,19033,1744.0,0.0236240954965739,2056.0,0.032136143112691
4108,0,patch_48_18,12288,12544,4608,4864,65536,MSAVI,-0.31640625,48999,,,,
4109,0,patch_48_18,12288,12544,4608,4864,65536,NDVI,-0.99609375,16537,4178.0,0.0240817699798367,4421.0,0.0332101449308125
4110,0,patch_48_19,12288,12544,4864,5120,65536,MSAVI,-0.23046875,48807,,,,
4111,0,patch_48_19,12288,12544,4864,5120,65536,NDVI,-0.99609375,16729,4639.0,0.0260963874115705,4447.0,0.0345831329831736
4112,0,patch_48_20,12288,12544,5120,5376,65536,MSAVI,-0.25390625,45144,,,,
4113,0,patch_48_20,12288,12544,5120,5376,65536,NDVI,-0.99609375,20392,389.0,0.0208361485569413,641.0,0.0260288226583748
4192,0,patch_49_18,12544,12800,4608,4864,65536,MSAVI,0.05859375,38912,,,,
4193,0,patch_49_18,12544,12800,4608,4864,65536,NDVI,-0.99609375,26624,4161.0,0.0087879882986458,6103.0,0.0207187662862914
