,patch_number,VegetationIndex,Patch_Area,VI_Area,Pure_GaborArea,AreaSum,Unknown_Area,class,Normalized_VI_Area,Normalized_Pure_GaborArea,Normalized_Unknown_Area
0,256_512_2560_2816,MSAVI,65536,33778,4278.0,38056.0,27480.0,best,0.515411376953125,0.065277099609375,0.4193115234375
1,256_512_2816_3072,MSAVI,65536,36756,10828.0,47584.0,17952.0,best,0.56085205078125,0.16522216796875,0.27392578125
2,256_512_3072_3328,MSAVI,65536,37704,4912.0,42616.0,22920.0,best,0.5753173828125,0.074951171875,0.3497314453125
3,256_512_3328_3584,MSAVI,65536,32763,2346.0,35109.0,30427.0,best,0.4999237060546875,0.035797119140625,0.4642791748046875
4,256_512_3584_3840,MSAVI,65536,32927,7043.0,39970.0,25566.0,best,0.5024261474609375,0.1074676513671875,0.390106201171875
5,256_512_3840_4096,MSAVI,65536,34432,4105.0,38537.0,26999.0,best,0.525390625,0.0626373291015625,0.4119720458984375
6,256_512_4096_4352,MSAVI,65410,34160,4631.0,38791.0,26619.0,best,0.5222443051521174,0.07079957193089742,0.4069561229169852
7,512_768_2304_2560,MSAVI,65536,32630,5794.0,38424.0,27112.0,best,0.497894287109375,0.088409423828125,0.4136962890625
8,512_768_2560_2816,MSAVI,65536,35486,3740.0,39226.0,26310.0,best,0.541473388671875,0.05706787109375,0.401458740234375
9,512_768_2816_3072,MSAVI,65536,39208,3071.0,42279.0,23257.0,best,0.5982666015625,0.0468597412109375,0.3548736572265625
10,512_768_3072_3328,MSAVI,65536,38057,4662.0,42719.0,22817.0,best,0.5807037353515625,0.071136474609375,0.3481597900390625
11,512_768_3328_3584,MSAVI,65536,37126,4913.0,42039.0,23497.0,best,0.566497802734375,0.0749664306640625,0.3585357666015625
12,512_768_3584_3840,MSAVI,65536,36151,5074.0,41225.0,24311.0,best,0.5516204833984375,0.077423095703125,0.3709564208984375
13,512_768_3840_4096,MSAVI,65536,40896,10232.0,51128.0,14408.0,best,0.6240234375,0.1561279296875,0.2198486328125
14,512_768_4096_4352,MSAVI,65536,37254,8328.0,45582.0,19954.0,best,0.568450927734375,0.1270751953125,0.304473876953125
15,512_768_4352_4608,MSAVI,65536,34635,6257.0,40892.0,24644.0,best,0.5284881591796875,0.0954742431640625,0.37603759765625
16,512_768_4608_4864,MSAVI,65536,36490,3776.0,40266.0,25270.0,best,0.556793212890625,0.0576171875,0.385589599609375
17,512_768_4864_5120,MSAVI,65485,36912,12109.0,49021.0,16464.0,best,0.5636710697106208,0.18491257539894632,0.2514163548904329
18,768_1024_2304_2560,MSAVI,65536,34185,11643.0,45828.0,19708.0,best,0.5216217041015625,0.1776580810546875,0.30072021484375
19,768_1024_2560_2816,MSAVI,65536,39593,9905.0,49498.0,16038.0,best,0.6041412353515625,0.1511383056640625,0.244720458984375
20,768_1024_2816_3072,MSAVI,65536,37190,9046.0,46236.0,19300.0,best,0.567474365234375,0.138031005859375,0.29449462890625
21,768_1024_3072_3328,MSAVI,65536,38464,3555.0,42019.0,23517.0,best,0.5869140625,0.0542449951171875,0.3588409423828125
22,768_1024_3328_3584,MSAVI,65536,36846,4701.0,41547.0,23989.0,best,0.562225341796875,0.0717315673828125,0.3660430908203125
23,768_1024_3584_3840,MSAVI,65536,37951,8090.0,46041.0,19495.0,best,0.5790863037109375,0.123443603515625,0.2974700927734375
24,768_1024_3840_4096,MSAVI,65536,38895,5258.0,44153.0,21383.0,best,0.5934906005859375,0.080230712890625,0.3262786865234375
25,768_1024_4096_4352,MSAVI,65536,39882,6374.0,46256.0,19280.0,best,0.608551025390625,0.097259521484375,0.294189453125
26,768_1024_4352_4608,MSAVI,65536,37723,4565.0,42288.0,23248.0,best,0.5756072998046875,0.0696563720703125,0.354736328125
27,768_1024_4608_4864,MSAVI,65536,42757,2284.0,45041.0,20495.0,best,0.6524200439453125,0.03485107421875,0.3127288818359375
28,768_1024_4864_5120,MSAVI,65536,43176,5668.0,48844.0,16692.0,best,0.6588134765625,0.08648681640625,0.25469970703125
29,768_1024_5120_5376,MSAVI,65536,37040,2901.0,39941.0,25595.0,best,0.565185546875,0.0442657470703125,0.3905487060546875
30,768_1024_5376_5632,MSAVI,65536,34117,3586.0,37703.0,27833.0,best,0.5205841064453125,0.054718017578125,0.4246978759765625
31,768_1024_5632_5888,MSAVI,65527,37609,2157.0,39766.0,25761.0,best,0.5739466174248783,0.03291772856990248,0.3931356540052192
32,1024_1280_2048_2304,MSAVI,65536,32622,10234.0,42856.0,22680.0,best,0.497772216796875,0.156158447265625,0.3460693359375
33,1024_1280_2304_2560,MSAVI,65536,38170,8162.0,46332.0,19204.0,best,0.582427978515625,0.124542236328125,0.29302978515625
34,1024_1280_2560_2816,MSAVI,65536,35558,5046.0,40604.0,24932.0,best,0.542572021484375,0.076995849609375,0.38043212890625
35,1024_1280_2816_3072,MSAVI,65536,36207,4937.0,41144.0,24392.0,best,0.5524749755859375,0.0753326416015625,0.3721923828125
36,1024_1280_3072_3328,MSAVI,65536,36266,11543.0,47809.0,17727.0,best,0.553375244140625,0.1761322021484375,0.2704925537109375
37,1024_1280_3328_3584,MSAVI,65536,32413,7389.0,39802.0,25734.0,best,0.4945831298828125,0.1127471923828125,0.392669677734375
38,1024_1280_3584_3840,MSAVI,65536,38519,6537.0,45056.0,20480.0,best,0.5877532958984375,0.0997467041015625,0.3125
39,1024_1280_3840_4096,MSAVI,65536,43822,9197.0,53019.0,12517.0,best,0.668670654296875,0.1403350830078125,0.1909942626953125
40,1024_1280_4096_4352,MSAVI,65536,40421,4438.0,44859.0,20677.0,best,0.6167755126953125,0.067718505859375,0.3155059814453125
41,1024_1280_4352_4608,MSAVI,65536,41533,5952.0,47485.0,18051.0,best,0.6337432861328125,0.0908203125,0.2754364013671875
42,1024_1280_4608_4864,MSAVI,65536,38687,3450.0,42137.0,23399.0,best,0.5903167724609375,0.052642822265625,0.3570404052734375
43,1024_1280_4864_5120,MSAVI,65536,39435,6575.0,46010.0,19526.0,best,0.6017303466796875,0.1003265380859375,0.297943115234375
44,1024_1280_5120_5376,MSAVI,65536,39462,4102.0,43564.0,21972.0,best,0.602142333984375,0.062591552734375,0.33526611328125
45,1024_1280_5376_5632,MSAVI,65536,39194,2053.0,41247.0,24289.0,best,0.598052978515625,0.0313262939453125,0.3706207275390625
46,1024_1280_5632_5888,MSAVI,65536,36580,5047.0,41627.0,23909.0,best,0.55816650390625,0.0770111083984375,0.3648223876953125
47,1024_1280_5888_6144,MSAVI,65536,37513,6721.0,44234.0,21302.0,best,0.5724029541015625,0.1025543212890625,0.325042724609375
48,1024_1280_6144_6400,MSAVI,65536,35947,5202.0,41149.0,24387.0,best,0.5485076904296875,0.079376220703125,0.3721160888671875
49,1024_1280_6400_6656,MSAVI,65461,36793,3204.0,39997.0,25464.0,best,0.5620598524312186,0.04894517346206138,0.38899497410672
50,1280_1536_1792_2048,MSAVI,65536,35838,3785.0,39623.0,25913.0,best,0.546844482421875,0.0577545166015625,0.3954010009765625
51,1280_1536_2048_2304,MSAVI,65536,33839,4937.0,38776.0,26760.0,best,0.5163421630859375,0.0753326416015625,0.4083251953125
52,1280_1536_2304_2560,MSAVI,65536,36894,5955.0,42849.0,22687.0,best,0.562957763671875,0.0908660888671875,0.3461761474609375
53,1280_1536_2560_2816,MSAVI,65536,38860,4035.0,42895.0,22641.0,best,0.59295654296875,0.0615692138671875,0.3454742431640625
54,1280_1536_2816_3072,MSAVI,65536,38861,5787.0,44648.0,20888.0,best,0.5929718017578125,0.0883026123046875,0.3187255859375
55,1280_1536_3072_3328,MSAVI,65536,38806,5157.0,43963.0,21573.0,best,0.592132568359375,0.0786895751953125,0.3291778564453125
56,1280_1536_3328_3584,MSAVI,65536,36402,8262.0,44664.0,20872.0,best,0.555450439453125,0.126068115234375,0.3184814453125
57,1280_1536_3584_3840,MSAVI,65536,33130,10789.0,43919.0,21617.0,best,0.505523681640625,0.1646270751953125,0.3298492431640625
58,1280_1536_3840_4096,MSAVI,65536,34015,11622.0,45637.0,19899.0,best,0.5190277099609375,0.177337646484375,0.3036346435546875
59,1280_1536_4096_4352,MSAVI,65536,36882,7358.0,44240.0,21296.0,best,0.562774658203125,0.112274169921875,0.324951171875
60,1280_1536_4352_4608,MSAVI,65536,38159,5495.0,43654.0,21882.0,best,0.5822601318359375,0.0838470458984375,0.333892822265625
61,1280_1536_4608_4864,MSAVI,65536,36504,5859.0,42363.0,23173.0,best,0.5570068359375,0.0894012451171875,0.3535919189453125
62,1280_1536_4864_5120,MSAVI,65536,34688,4340.0,39028.0,26508.0,best,0.529296875,0.06622314453125,0.40447998046875
63,1280_1536_5120_5376,MSAVI,65536,36949,4725.0,41674.0,23862.0,best,0.5637969970703125,0.0720977783203125,0.364105224609375
64,1280_1536_5376_5632,MSAVI,65536,38644,6728.0,45372.0,20164.0,best,0.58966064453125,0.1026611328125,0.30767822265625
65,1280_1536_5632_5888,MSAVI,65536,41454,5495.0,46949.0,18587.0,best,0.632537841796875,0.0838470458984375,0.2836151123046875
66,1280_1536_5888_6144,MSAVI,65536,39270,8898.0,48168.0,17368.0,best,0.599212646484375,0.135772705078125,0.2650146484375
67,1280_1536_6144_6400,MSAVI,65536,34380,4341.0,38721.0,26815.0,best,0.52459716796875,0.0662384033203125,0.4091644287109375
68,1280_1536_6400_6656,MSAVI,65536,37251,6734.0,43985.0,21551.0,best,0.5684051513671875,0.102752685546875,0.3288421630859375
69,1280_1536_6656_6912,MSAVI,65536,37093,6757.0,43850.0,21686.0,best,0.5659942626953125,0.1031036376953125,0.330902099609375
70,1280_1536_6912_7168,MSAVI,65536,35741,9065.0,44806.0,20730.0,best,0.5453643798828125,0.1383209228515625,0.316314697265625
71,1280_1536_7168_7424,MSAVI,65398,37948,6820.0,44768.0,20630.0,best,0.5802623933453622,0.10428453469525062,0.31545307195938715
72,1536_1792_1792_2048,MSAVI,65536,33891,7103.0,40994.0,24542.0,best,0.5171356201171875,0.1083831787109375,0.374481201171875
73,1536_1792_2048_2304,MSAVI,65536,35057,5903.0,40960.0,24576.0,best,0.5349273681640625,0.0900726318359375,0.375
74,1536_1792_2304_2560,MSAVI,65536,36013,3343.0,39356.0,26180.0,best,0.5495147705078125,0.0510101318359375,0.39947509765625
75,1536_1792_2560_2816,MSAVI,65536,39306,7093.0,46399.0,19137.0,best,0.599761962890625,0.1082305908203125,0.2920074462890625
76,1536_1792_2816_3072,MSAVI,65536,40682,6068.0,46750.0,18786.0,best,0.620758056640625,0.09259033203125,0.286651611328125
77,1536_1792_3072_3328,MSAVI,65536,39500,5976.0,45476.0,20060.0,best,0.60272216796875,0.0911865234375,0.30609130859375
78,1536_1792_3328_3584,MSAVI,65536,38933,10068.0,49001.0,16535.0,best,0.5940704345703125,0.15362548828125,0.2523040771484375
79,1536_1792_3584_3840,MSAVI,65536,37848,6328.0,44176.0,21360.0,best,0.5775146484375,0.0965576171875,0.325927734375
80,1536_1792_3840_4096,MSAVI,65536,35622,4665.0,40287.0,25249.0,best,0.543548583984375,0.0711822509765625,0.3852691650390625
81,1536_1792_4096_4352,MSAVI,65536,35952,3078.0,39030.0,26506.0,best,0.548583984375,0.046966552734375,0.404449462890625
82,1536_1792_4352_4608,MSAVI,65536,35417,5036.0,40453.0,25083.0,best,0.5404205322265625,0.07684326171875,0.3827362060546875
83,1536_1792_4608_4864,MSAVI,65536,38220,13552.0,51772.0,13764.0,best,0.58319091796875,0.206787109375,0.21002197265625
84,1536_1792_4864_5120,MSAVI,65536,33630,4892.0,38522.0,27014.0,best,0.513153076171875,0.07464599609375,0.412200927734375
85,1536_1792_5120_5376,MSAVI,65536,34214,10907.0,45121.0,20415.0,best,0.522064208984375,0.1664276123046875,0.3115081787109375
86,1536_1792_5376_5632,MSAVI,65536,31496,7433.0,38929.0,26607.0,best,0.4805908203125,0.1134185791015625,0.4059906005859375
87,1536_1792_5632_5888,MSAVI,65536,41887,5763.0,47650.0,17886.0,best,0.6391448974609375,0.0879364013671875,0.272918701171875
88,1536_1792_5888_6144,MSAVI,65536,38002,6162.0,44164.0,21372.0,best,0.579864501953125,0.094024658203125,0.32611083984375
89,1536_1792_6144_6400,MSAVI,65536,34308,6470.0,40778.0,24758.0,best,0.52349853515625,0.098724365234375,0.377777099609375
90,1536_1792_6400_6656,MSAVI,65536,36189,9401.0,45590.0,19946.0,best,0.5522003173828125,0.1434478759765625,0.304351806640625
91,1536_1792_6656_6912,MSAVI,65536,39713,6945.0,46658.0,18878.0,best,0.6059722900390625,0.1059722900390625,0.288055419921875
92,1536_1792_6912_7168,MSAVI,65536,38012,7518.0,45530.0,20006.0,best,0.58001708984375,0.114715576171875,0.305267333984375
93,1536_1792_7168_7424,MSAVI,65536,39933,2391.0,42324.0,23212.0,best,0.6093292236328125,0.0364837646484375,0.35418701171875
94,1536_1792_7424_7680,MSAVI,65536,44995,9007.0,54002.0,11534.0,best,0.6865692138671875,0.1374359130859375,0.175994873046875
95,1536_1792_7680_7936,MSAVI,65536,45072,7182.0,52254.0,13282.0,best,0.687744140625,0.109588623046875,0.202667236328125
96,1792_2048_1792_2048,MSAVI,65536,31301,4057.0,35358.0,30178.0,best,0.4776153564453125,0.0619049072265625,0.460479736328125
97,1792_2048_2048_2304,MSAVI,65536,31901,7315.0,39216.0,26320.0,best,0.4867706298828125,0.1116180419921875,0.401611328125
98,1792_2048_2304_2560,MSAVI,65536,34398,6199.0,40597.0,24939.0,best,0.524871826171875,0.0945892333984375,0.3805389404296875
99,1792_2048_2560_2816,MSAVI,65536,39949,11224.0,51173.0,14363.0,best,0.6095733642578125,0.1712646484375,0.2191619873046875
100,1792_2048_2816_3072,MSAVI,65536,37886,3490.0,41376.0,24160.0,best,0.578094482421875,0.053253173828125,0.36865234375
101,1792_2048_3072_3328,MSAVI,65536,38313,3988.0,42301.0,23235.0,best,0.5846099853515625,0.06085205078125,0.3545379638671875
102,1792_2048_3328_3584,MSAVI,65536,42004,3359.0,45363.0,20173.0,best,0.64093017578125,0.0512542724609375,0.3078155517578125
103,1792_2048_3584_3840,MSAVI,65536,37714,6318.0,44032.0,21504.0,best,0.575469970703125,0.096405029296875,0.328125
104,1792_2048_3840_4096,MSAVI,65536,37451,3066.0,40517.0,25019.0,best,0.5714569091796875,0.046783447265625,0.3817596435546875
105,1792_2048_4096_4352,MSAVI,65536,34536,5242.0,39778.0,25758.0,best,0.5269775390625,0.079986572265625,0.393035888671875
106,1792_2048_4352_4608,MSAVI,65536,41382,5521.0,46903.0,18633.0,best,0.631439208984375,0.0842437744140625,0.2843170166015625
107,1792_2048_4608_4864,MSAVI,65536,37879,13651.0,51530.0,14006.0,best,0.5779876708984375,0.2082977294921875,0.213714599609375
108,1792_2048_4864_5120,MSAVI,65536,37782,7002.0,44784.0,20752.0,best,0.576507568359375,0.106842041015625,0.316650390625
109,1792_2048_5120_5376,MSAVI,65536,35726,8245.0,43971.0,21565.0,best,0.545135498046875,0.1258087158203125,0.3290557861328125
110,1792_2048_5376_5632,MSAVI,65536,35559,6112.0,41671.0,23865.0,best,0.5425872802734375,0.09326171875,0.3641510009765625
111,1792_2048_5632_5888,MSAVI,65536,35983,4054.0,40037.0,25499.0,best,0.5490570068359375,0.061859130859375,0.3890838623046875
112,1792_2048_5888_6144,MSAVI,65536,35696,4166.0,39862.0,25674.0,best,0.544677734375,0.063568115234375,0.391754150390625
113,1792_2048_6144_6400,MSAVI,65536,38993,5296.0,44289.0,21247.0,best,0.5949859619140625,0.080810546875,0.3242034912109375
114,1792_2048_6400_6656,MSAVI,65536,39209,3793.0,43002.0,22534.0,best,0.5982818603515625,0.0578765869140625,0.343841552734375
115,1792_2048_6656_6912,MSAVI,65536,39453,6327.0,45780.0,19756.0,best,0.6020050048828125,0.0965423583984375,0.30145263671875
116,1792_2048_6912_7168,MSAVI,65536,37718,3656.0,41374.0,24162.0,best,0.575531005859375,0.0557861328125,0.368682861328125
117,1792_2048_7168_7424,MSAVI,65536,40049,3199.0,43248.0,22288.0,best,0.6110992431640625,0.0488128662109375,0.340087890625
118,1792_2048_7424_7680,MSAVI,65536,48489,4290.0,52779.0,12757.0,best,0.7398834228515625,0.065460205078125,0.1946563720703125
119,1792_2048_7680_7936,MSAVI,65536,44324,3068.0,47392.0,18144.0,best,0.67633056640625,0.04681396484375,0.27685546875
120,1792_2048_7936_8192,MSAVI,65536,41072,2769.0,43841.0,21695.0,best,0.626708984375,0.0422515869140625,0.3310394287109375
121,1792_2048_8192_8448,MSAVI,65536,45849,4786.0,50635.0,14901.0,best,0.6996002197265625,0.073028564453125,0.2273712158203125
122,2048_2304_1536_1792,MSAVI,65536,39886,6155.0,46041.0,19495.0,best,0.608612060546875,0.0939178466796875,0.2974700927734375
123,2048_2304_1792_2048,MSAVI,65536,38084,2776.0,40860.0,24676.0,best,0.58111572265625,0.0423583984375,0.37652587890625
124,2048_2304_2048_2304,MSAVI,65536,37049,1812.0,38861.0,26675.0,best,0.5653228759765625,0.02764892578125,0.4070281982421875
125,2048_2304_2304_2560,MSAVI,65536,35981,9163.0,45144.0,20392.0,best,0.5490264892578125,0.1398162841796875,0.3111572265625
126,2048_2304_2560_2816,MSAVI,65536,40670,7008.0,47678.0,17858.0,best,0.620574951171875,0.10693359375,0.272491455078125
127,2048_2304_2816_3072,MSAVI,65536,36025,5431.0,41456.0,24080.0,best,0.5496978759765625,0.0828704833984375,0.367431640625
128,2048_2304_3072_3328,MSAVI,65536,36550,7988.0,44538.0,20998.0,best,0.557708740234375,0.12188720703125,0.320404052734375
129,2048_2304_3328_3584,MSAVI,65536,40393,8286.0,48679.0,16857.0,best,0.6163482666015625,0.126434326171875,0.2572174072265625
130,2048_2304_3584_3840,MSAVI,65536,43742,2401.0,46143.0,19393.0,best,0.667449951171875,0.0366363525390625,0.2959136962890625
131,2048_2304_3840_4096,MSAVI,65536,38917,1361.0,40278.0,25258.0,best,0.5938262939453125,0.0207672119140625,0.385406494140625
132,2048_2304_4096_4352,MSAVI,65536,38261,3276.0,41537.0,23999.0,best,0.5838165283203125,0.04998779296875,0.3661956787109375
133,2048_2304_4352_4608,MSAVI,65536,40704,670.0,41374.0,24162.0,best,0.62109375,0.010223388671875,0.368682861328125
134,2048_2304_4608_4864,MSAVI,65536,35003,5832.0,40835.0,24701.0,best,0.5341033935546875,0.0889892578125,0.3769073486328125
135,2048_2304_4864_5120,MSAVI,65536,35925,3059.0,38984.0,26552.0,best,0.5481719970703125,0.0466766357421875,0.4051513671875
136,2048_2304_5120_5376,MSAVI,65536,41550,3778.0,45328.0,20208.0,best,0.634002685546875,0.057647705078125,0.308349609375
137,2048_2304_5376_5632,MSAVI,65536,43500,9266.0,52766.0,12770.0,best,0.66375732421875,0.141387939453125,0.194854736328125
138,2048_2304_5632_5888,MSAVI,65536,34846,5369.0,40215.0,25321.0,best,0.531707763671875,0.0819244384765625,0.3863677978515625
139,2048_2304_5888_6144,MSAVI,65536,35709,6492.0,42201.0,23335.0,best,0.5448760986328125,0.09906005859375,0.3560638427734375
140,2048_2304_6144_6400,MSAVI,65536,33932,3744.0,37676.0,27860.0,best,0.51776123046875,0.05712890625,0.42510986328125
141,2048_2304_6400_6656,MSAVI,65536,41666,7712.0,49378.0,16158.0,best,0.635772705078125,0.11767578125,0.246551513671875
142,2048_2304_6656_6912,MSAVI,65536,37030,3987.0,41017.0,24519.0,best,0.565032958984375,0.0608367919921875,0.3741302490234375
143,2048_2304_6912_7168,MSAVI,65536,38100,3980.0,42080.0,23456.0,best,0.58135986328125,0.06072998046875,0.35791015625
144,2048_2304_7168_7424,MSAVI,65536,35185,4533.0,39718.0,25818.0,best,0.5368804931640625,0.0691680908203125,0.393951416015625
145,2048_2304_7424_7680,MSAVI,65536,45084,10532.0,55616.0,9920.0,best,0.68792724609375,0.16070556640625,0.1513671875
146,2048_2304_7680_7936,MSAVI,65536,50629,6577.0,57206.0,8330.0,best,0.7725372314453125,0.1003570556640625,0.127105712890625
147,2048_2304_7936_8192,MSAVI,65536,41523,6290.0,47813.0,17723.0,best,0.6335906982421875,0.095977783203125,0.2704315185546875
148,2048_2304_8192_8448,MSAVI,65536,40701,3825.0,44526.0,21010.0,best,0.6210479736328125,0.0583648681640625,0.320587158203125
149,2048_2304_8448_8704,MSAVI,65536,36978,5861.0,42839.0,22697.0,best,0.564239501953125,0.0894317626953125,0.3463287353515625
150,2048_2304_8704_8960,MSAVI,65536,35483,4710.0,40193.0,25343.0,best,0.5414276123046875,0.071868896484375,0.3867034912109375
151,2304_2560_1536_1792,MSAVI,65536,37491,2403.0,39894.0,25642.0,best,0.5720672607421875,0.0366668701171875,0.391265869140625
152,2304_2560_1792_2048,MSAVI,65536,38898,2500.0,41398.0,24138.0,best,0.593536376953125,0.03814697265625,0.368316650390625
153,2304_2560_2048_2304,MSAVI,65536,40007,2198.0,42205.0,23331.0,best,0.6104583740234375,0.033538818359375,0.3560028076171875
154,2304_2560_2304_2560,MSAVI,65536,41174,7945.0,49119.0,16417.0,best,0.628265380859375,0.1212310791015625,0.2505035400390625
155,2304_2560_2560_2816,MSAVI,65536,38443,8087.0,46530.0,19006.0,best,0.5865936279296875,0.1233978271484375,0.290008544921875
156,2304_2560_2816_3072,MSAVI,65536,35433,6365.0,41798.0,23738.0,best,0.5406646728515625,0.0971221923828125,0.362213134765625
157,2304_2560_3072_3328,MSAVI,65536,38907,7412.0,46319.0,19217.0,best,0.5936737060546875,0.11309814453125,0.2932281494140625
158,2304_2560_3328_3584,MSAVI,65536,41486,11747.0,53233.0,12303.0,best,0.633026123046875,0.1792449951171875,0.1877288818359375
159,2304_2560_3584_3840,MSAVI,65536,40098,9555.0,49653.0,15883.0,best,0.611846923828125,0.1457977294921875,0.2423553466796875
160,2304_2560_3840_4096,MSAVI,65536,36810,10211.0,47021.0,18515.0,best,0.561676025390625,0.1558074951171875,0.2825164794921875
161,2304_2560_4096_4352,MSAVI,65536,34001,7734.0,41735.0,23801.0,best,0.5188140869140625,0.118011474609375,0.3631744384765625
162,2304_2560_4352_4608,MSAVI,65536,37551,1630.0,39181.0,26355.0,best,0.5729827880859375,0.024871826171875,0.4021453857421875
163,2304_2560_4608_4864,MSAVI,65536,39268,8884.0,48152.0,17384.0,best,0.59918212890625,0.13555908203125,0.2652587890625
164,2304_2560_4864_5120,MSAVI,65536,36811,4076.0,40887.0,24649.0,best,0.5616912841796875,0.06219482421875,0.3761138916015625
165,2304_2560_5120_5376,MSAVI,65536,40243,5561.0,45804.0,19732.0,best,0.6140594482421875,0.0848541259765625,0.30108642578125
166,2304_2560_5376_5632,MSAVI,65536,43526,4477.0,48003.0,17533.0,best,0.664154052734375,0.0683135986328125,0.2675323486328125
167,2304_2560_5632_5888,MSAVI,65536,39540,3824.0,43364.0,22172.0,best,0.60333251953125,0.058349609375,0.33831787109375
168,2304_2560_5888_6144,MSAVI,65536,40856,3960.0,44816.0,20720.0,best,0.6234130859375,0.0604248046875,0.316162109375
169,2304_2560_6144_6400,MSAVI,65536,39762,3512.0,43274.0,22262.0,best,0.606719970703125,0.0535888671875,0.339691162109375
170,2304_2560_6400_6656,MSAVI,65536,34666,3338.0,38004.0,27532.0,best,0.528961181640625,0.050933837890625,0.42010498046875
171,2304_2560_6656_6912,MSAVI,65536,33373,4116.0,37489.0,28047.0,best,0.5092315673828125,0.06280517578125,0.4279632568359375
172,2304_2560_6912_7168,MSAVI,65536,38489,1155.0,39644.0,25892.0,best,0.5872955322265625,0.0176239013671875,0.39508056640625
173,2304_2560_7168_7424,MSAVI,65536,42005,7342.0,49347.0,16189.0,best,0.6409454345703125,0.112030029296875,0.2470245361328125
174,2304_2560_7424_7680,MSAVI,65536,28702,5986.0,34688.0,30848.0,best,0.437957763671875,0.091339111328125,0.470703125
175,2304_2560_7680_7936,MSAVI,65536,41333,7853.0,49186.0,16350.0,best,0.6306915283203125,0.1198272705078125,0.249481201171875
176,2304_2560_7936_8192,MSAVI,65536,39422,13267.0,52689.0,12847.0,best,0.601531982421875,0.2024383544921875,0.1960296630859375
177,2304_2560_8192_8448,MSAVI,65536,43241,9371.0,52612.0,12924.0,best,0.6598052978515625,0.1429901123046875,0.19720458984375
178,2304_2560_8448_8704,MSAVI,65536,40189,2926.0,43115.0,22421.0,best,0.6132354736328125,0.044647216796875,0.3421173095703125
179,2304_2560_8704_8960,MSAVI,65536,40970,2935.0,43905.0,21631.0,best,0.625152587890625,0.0447845458984375,0.3300628662109375
180,2304_2560_8960_9216,MSAVI,65536,34048,12499.0,46547.0,18989.0,best,0.51953125,0.1907196044921875,0.2897491455078125
181,2304_2560_9216_9472,MSAVI,65373,36103,2464.0,38567.0,26806.0,best,0.5522616370672908,0.03769140164899882,0.4100469612837104
182,2560_2816_1536_1792,MSAVI,65536,35403,1426.0,36829.0,28707.0,best,0.5402069091796875,0.021759033203125,0.4380340576171875
183,2560_2816_1792_2048,MSAVI,65536,35947,1975.0,37922.0,27614.0,best,0.5485076904296875,0.0301361083984375,0.421356201171875
184,2560_2816_2048_2304,MSAVI,65536,43212,2780.0,45992.0,19544.0,best,0.65936279296875,0.04241943359375,0.2982177734375
185,2560_2816_2304_2560,MSAVI,65536,47584,4582.0,52166.0,13370.0,best,0.72607421875,0.069915771484375,0.204010009765625
186,2560_2816_2560_2816,MSAVI,65536,46579,6568.0,53147.0,12389.0,best,0.7107391357421875,0.1002197265625,0.1890411376953125
187,2560_2816_2816_3072,MSAVI,65536,39584,8169.0,47753.0,17783.0,best,0.60400390625,0.1246490478515625,0.2713470458984375
188,2560_2816_3072_3328,MSAVI,65536,38207,6374.0,44581.0,20955.0,best,0.5829925537109375,0.097259521484375,0.3197479248046875
189,2560_2816_3328_3584,MSAVI,65536,38026,6313.0,44339.0,21197.0,best,0.580230712890625,0.0963287353515625,0.3234405517578125
190,2560_2816_3584_3840,MSAVI,65536,35419,3044.0,38463.0,27073.0,best,0.5404510498046875,0.04644775390625,0.4131011962890625
191,2560_2816_3840_4096,MSAVI,65536,37461,4664.0,42125.0,23411.0,best,0.5716094970703125,0.0711669921875,0.3572235107421875
192,2560_2816_4096_4352,MSAVI,65536,38189,9693.0,47882.0,17654.0,best,0.5827178955078125,0.1479034423828125,0.269378662109375
193,2560_2816_4352_4608,MSAVI,65536,34900,5641.0,40541.0,24995.0,best,0.53253173828125,0.0860748291015625,0.3813934326171875
194,2560_2816_4608_4864,MSAVI,65536,30707,6222.0,36929.0,28607.0,best,0.4685516357421875,0.094940185546875,0.4365081787109375
195,2560_2816_4864_5120,MSAVI,65536,35780,5263.0,41043.0,24493.0,best,0.54595947265625,0.0803070068359375,0.3737335205078125
196,2560_2816_5120_5376,MSAVI,65536,40659,8186.0,48845.0,16691.0,best,0.6204071044921875,0.124908447265625,0.2546844482421875
197,2560_2816_5376_5632,MSAVI,65536,45244,4821.0,50065.0,15471.0,best,0.69036865234375,0.0735626220703125,0.2360687255859375
198,2560_2816_5632_5888,MSAVI,65536,38556,5497.0,44053.0,21483.0,best,0.58831787109375,0.0838775634765625,0.3278045654296875
199,2560_2816_5888_6144,MSAVI,65536,38071,5335.0,43406.0,22130.0,best,0.5809173583984375,0.0814056396484375,0.337677001953125
200,2560_2816_6144_6400,MSAVI,65536,39574,8294.0,47868.0,17668.0,best,0.603851318359375,0.126556396484375,0.26959228515625
201,2560_2816_6400_6656,MSAVI,65536,37771,4070.0,41841.0,23695.0,best,0.5763397216796875,0.062103271484375,0.3615570068359375
202,2560_2816_6656_6912,MSAVI,65536,36204,1627.0,37831.0,27705.0,best,0.55242919921875,0.0248260498046875,0.4227447509765625
203,2560_2816_6912_7168,MSAVI,65536,34542,1904.0,36446.0,29090.0,best,0.527069091796875,0.029052734375,0.443878173828125
204,2560_2816_7168_7424,MSAVI,65536,39132,8083.0,47215.0,18321.0,best,0.59710693359375,0.1233367919921875,0.2795562744140625
205,2560_2816_7424_7680,MSAVI,65536,42350,5649.0,47999.0,17537.0,best,0.646209716796875,0.0861968994140625,0.2675933837890625
206,2560_2816_7680_7936,MSAVI,65536,40508,5609.0,46117.0,19419.0,best,0.61810302734375,0.0855865478515625,0.2963104248046875
207,2560_2816_7936_8192,MSAVI,65536,49655,7130.0,56785.0,8751.0,best,0.7576751708984375,0.108795166015625,0.1335296630859375
208,2560_2816_8192_8448,MSAVI,65536,42836,10193.0,53029.0,12507.0,best,0.65362548828125,0.1555328369140625,0.1908416748046875
209,2560_2816_8448_8704,MSAVI,65536,50539,9711.0,60250.0,5286.0,best,0.7711639404296875,0.1481781005859375,0.080657958984375
210,2560_2816_8704_8960,MSAVI,65536,40653,7477.0,48130.0,17406.0,best,0.6203155517578125,0.1140899658203125,0.265594482421875
211,2560_2816_8960_9216,MSAVI,65536,35503,9391.0,44894.0,20642.0,best,0.5417327880859375,0.1432952880859375,0.314971923828125
212,2560_2816_9216_9472,MSAVI,65536,39154,6097.0,45251.0,20285.0,best,0.597442626953125,0.0930328369140625,0.3095245361328125
213,2560_2816_9472_9728,MSAVI,65536,34545,3794.0,38339.0,27197.0,best,0.5271148681640625,0.057891845703125,0.4149932861328125
214,2816_3072_1280_1536,MSAVI,65536,38352,4578.0,42930.0,22606.0,best,0.585205078125,0.069854736328125,0.344940185546875
215,2816_3072_1536_1792,MSAVI,65536,35802,2448.0,38250.0,27286.0,best,0.546295166015625,0.037353515625,0.416351318359375
216,2816_3072_1792_2048,MSAVI,65536,37676,3651.0,41327.0,24209.0,best,0.57489013671875,0.0557098388671875,0.3694000244140625
217,2816_3072_2048_2304,MSAVI,65536,44181,4471.0,48652.0,16884.0,best,0.6741485595703125,0.0682220458984375,0.25762939453125
218,2816_3072_2304_2560,MSAVI,65536,43609,8750.0,52359.0,13177.0,best,0.6654205322265625,0.133514404296875,0.2010650634765625
219,2816_3072_2560_2816,MSAVI,65536,37408,6509.0,43917.0,21619.0,best,0.57080078125,0.0993194580078125,0.3298797607421875
220,2816_3072_2816_3072,MSAVI,65536,38371,7017.0,45388.0,20148.0,best,0.5854949951171875,0.1070709228515625,0.30743408203125
221,2816_3072_3072_3328,MSAVI,65536,31958,13036.0,44994.0,20542.0,best,0.487640380859375,0.19891357421875,0.313446044921875
222,2816_3072_3328_3584,MSAVI,65536,40119,6340.0,46459.0,19077.0,best,0.6121673583984375,0.09674072265625,0.2910919189453125
223,2816_3072_3584_3840,MSAVI,65536,34603,2744.0,37347.0,28189.0,best,0.5279998779296875,0.0418701171875,0.4301300048828125
224,2816_3072_3840_4096,MSAVI,65536,35559,2935.0,38494.0,27042.0,best,0.5425872802734375,0.0447845458984375,0.412628173828125
225,2816_3072_4096_4352,MSAVI,65536,36930,14183.0,51113.0,14423.0,best,0.563507080078125,0.2164154052734375,0.2200775146484375
226,2816_3072_4352_4608,MSAVI,65536,34257,15581.0,49838.0,15698.0,best,0.5227203369140625,0.2377471923828125,0.239532470703125
227,2816_3072_4608_4864,MSAVI,65536,32058,5673.0,37731.0,27805.0,best,0.489166259765625,0.0865631103515625,0.4242706298828125
228,2816_3072_4864_5120,MSAVI,65536,42097,5384.0,47481.0,18055.0,best,0.6423492431640625,0.0821533203125,0.2754974365234375
229,2816_3072_5120_5376,MSAVI,65536,45130,10768.0,55898.0,9638.0,best,0.688629150390625,0.164306640625,0.147064208984375
230,2816_3072_5376_5632,MSAVI,65536,44517,6042.0,50559.0,14977.0,best,0.6792755126953125,0.092193603515625,0.2285308837890625
231,2816_3072_5632_5888,MSAVI,65536,40679,4569.0,45248.0,20288.0,best,0.6207122802734375,0.0697174072265625,0.3095703125
232,2816_3072_5888_6144,MSAVI,65536,36099,5773.0,41872.0,23664.0,best,0.5508270263671875,0.0880889892578125,0.361083984375
233,2816_3072_6144_6400,MSAVI,65536,40720,12568.0,53288.0,12248.0,best,0.621337890625,0.1917724609375,0.1868896484375
234,2816_3072_6400_6656,MSAVI,65536,42129,4864.0,46993.0,18543.0,best,0.6428375244140625,0.07421875,0.2829437255859375
235,2816_3072_6656_6912,MSAVI,65536,44086,4773.0,48859.0,16677.0,best,0.672698974609375,0.0728302001953125,0.2544708251953125
236,2816_3072_6912_7168,MSAVI,65536,38513,7573.0,46086.0,19450.0,best,0.5876617431640625,0.1155548095703125,0.296783447265625
237,2816_3072_7168_7424,MSAVI,65536,39748,8422.0,48170.0,17366.0,best,0.60650634765625,0.128509521484375,0.264984130859375
238,2816_3072_7424_7680,MSAVI,65536,37609,4581.0,42190.0,23346.0,best,0.5738677978515625,0.0699005126953125,0.356231689453125
239,2816_3072_7680_7936,MSAVI,65536,36924,2296.0,39220.0,26316.0,best,0.56341552734375,0.0350341796875,0.40155029296875
240,2816_3072_7936_8192,MSAVI,65536,35092,1858.0,36950.0,28586.0,best,0.53546142578125,0.028350830078125,0.436187744140625
241,2816_3072_8192_8448,MSAVI,65536,37790,8785.0,46575.0,18961.0,best,0.576629638671875,0.1340484619140625,0.2893218994140625
242,2816_3072_8448_8704,MSAVI,65536,34296,9024.0,43320.0,22216.0,best,0.5233154296875,0.1376953125,0.3389892578125
243,2816_3072_8704_8960,MSAVI,65536,26503,3216.0,29719.0,35817.0,best,0.4044036865234375,0.049072265625,0.5465240478515625
244,2816_3072_8960_9216,MSAVI,65536,42662,4821.0,47483.0,18053.0,best,0.650970458984375,0.0735626220703125,0.2754669189453125
245,2816_3072_9216_9472,MSAVI,65536,37566,12452.0,50018.0,15518.0,best,0.573211669921875,0.19000244140625,0.236785888671875
246,2816_3072_9472_9728,MSAVI,65536,38035,17634.0,55669.0,9867.0,best,0.5803680419921875,0.269073486328125,0.1505584716796875
247,3072_3328_1280_1536,MSAVI,65536,40971,1018.0,41989.0,23547.0,best,0.6251678466796875,0.015533447265625,0.3592987060546875
248,3072_3328_1536_1792,MSAVI,65536,38118,3407.0,41525.0,24011.0,best,0.581634521484375,0.0519866943359375,0.3663787841796875
249,3072_3328_1792_2048,MSAVI,65536,45469,4248.0,49717.0,15819.0,best,0.6938018798828125,0.0648193359375,0.2413787841796875
250,3072_3328_2048_2304,MSAVI,65536,41526,7091.0,48617.0,16919.0,best,0.633636474609375,0.1082000732421875,0.2581634521484375
251,3072_3328_2304_2560,MSAVI,65536,44053,12338.0,56391.0,9145.0,best,0.6721954345703125,0.188262939453125,0.1395416259765625
252,3072_3328_2560_2816,MSAVI,65536,37223,6266.0,43489.0,22047.0,best,0.5679779052734375,0.095611572265625,0.3364105224609375
253,3072_3328_2816_3072,MSAVI,65536,39998,5506.0,45504.0,20032.0,best,0.610321044921875,0.084014892578125,0.3056640625
254,3072_3328_3072_3328,MSAVI,65536,35552,9830.0,45382.0,20154.0,best,0.54248046875,0.149993896484375,0.307525634765625
255,3072_3328_3328_3584,MSAVI,65536,35183,17842.0,53025.0,12511.0,best,0.5368499755859375,0.272247314453125,0.1909027099609375
256,3072_3328_3584_3840,MSAVI,65536,35740,5030.0,40770.0,24766.0,best,0.54534912109375,0.076751708984375,0.377899169921875
257,3072_3328_3840_4096,MSAVI,65536,38230,11702.0,49932.0,15604.0,best,0.583343505859375,0.178558349609375,0.23809814453125
258,3072_3328_4096_4352,MSAVI,65536,37751,13101.0,50852.0,14684.0,best,0.5760345458984375,0.1999053955078125,0.22406005859375
259,3072_3328_4352_4608,MSAVI,65536,31144,6189.0,37333.0,28203.0,best,0.4752197265625,0.0944366455078125,0.4303436279296875
260,3072_3328_4608_4864,MSAVI,65536,36639,6710.0,43349.0,22187.0,best,0.5590667724609375,0.102386474609375,0.3385467529296875
261,3072_3328_4864_5120,MSAVI,65536,32600,7969.0,40569.0,24967.0,best,0.4974365234375,0.1215972900390625,0.3809661865234375
262,3072_3328_5120_5376,MSAVI,65536,39191,7714.0,46905.0,18631.0,best,0.5980072021484375,0.117706298828125,0.2842864990234375
263,3072_3328_5376_5632,MSAVI,65536,38850,6550.0,45400.0,20136.0,best,0.592803955078125,0.099945068359375,0.3072509765625
264,3072_3328_5632_5888,MSAVI,65536,36548,12082.0,48630.0,16906.0,best,0.55767822265625,0.184356689453125,0.257965087890625
265,3072_3328_5888_6144,MSAVI,65536,36583,3964.0,40547.0,24989.0,best,0.5582122802734375,0.06048583984375,0.3813018798828125
266,3072_3328_6144_6400,MSAVI,65536,38748,5854.0,44602.0,20934.0,best,0.59124755859375,0.089324951171875,0.319427490234375
267,3072_3328_6400_6656,MSAVI,65536,36706,7240.0,43946.0,21590.0,best,0.560089111328125,0.1104736328125,0.329437255859375
268,3072_3328_6656_6912,MSAVI,65536,36620,8767.0,45387.0,20149.0,best,0.55877685546875,0.1337738037109375,0.3074493408203125
269,3072_3328_6912_7168,MSAVI,65536,40367,13834.0,54201.0,11335.0,best,0.6159515380859375,0.211090087890625,0.1729583740234375
270,3072_3328_7168_7424,MSAVI,65536,43607,11984.0,55591.0,9945.0,best,0.6653900146484375,0.182861328125,0.1517486572265625
271,3072_3328_7424_7680,MSAVI,65536,37133,5647.0,42780.0,22756.0,best,0.5666046142578125,0.0861663818359375,0.34722900390625
272,3072_3328_7680_7936,MSAVI,65536,37612,4123.0,41735.0,23801.0,best,0.57391357421875,0.0629119873046875,0.3631744384765625
273,3072_3328_7936_8192,MSAVI,65536,35951,3979.0,39930.0,25606.0,best,0.5485687255859375,0.0607147216796875,0.390716552734375
274,3072_3328_8192_8448,MSAVI,65536,37124,5373.0,42497.0,23039.0,best,0.56646728515625,0.0819854736328125,0.3515472412109375
275,3072_3328_8448_8704,MSAVI,65536,38640,3437.0,42077.0,23459.0,best,0.589599609375,0.0524444580078125,0.3579559326171875
276,3072_3328_8704_8960,MSAVI,65536,39164,2110.0,41274.0,24262.0,best,0.59759521484375,0.032196044921875,0.370208740234375
277,3072_3328_8960_9216,MSAVI,65536,36214,4962.0,41176.0,24360.0,best,0.552581787109375,0.075714111328125,0.3717041015625
278,3072_3328_9216_9472,MSAVI,65536,37895,4460.0,42355.0,23181.0,best,0.5782318115234375,0.06805419921875,0.3537139892578125
279,3072_3328_9472_9728,MSAVI,65523,44446,7836.0,52282.0,13241.0,best,0.6783266944431726,0.11959159379149306,0.20208171176533432
280,3328_3584_1280_1536,MSAVI,65536,43668,6482.0,50150.0,15386.0,best,0.66632080078125,0.098907470703125,0.234771728515625
281,3328_3584_1536_1792,MSAVI,65536,38938,8130.0,47068.0,18468.0,best,0.594146728515625,0.124053955078125,0.28179931640625
282,3328_3584_1792_2048,MSAVI,65536,48489,3657.0,52146.0,13390.0,best,0.7398834228515625,0.0558013916015625,0.204315185546875
283,3328_3584_2048_2304,MSAVI,65536,44576,1715.0,46291.0,19245.0,best,0.68017578125,0.0261688232421875,0.2936553955078125
284,3328_3584_2304_2560,MSAVI,65536,42111,2993.0,45104.0,20432.0,best,0.6425628662109375,0.0456695556640625,0.311767578125
285,3328_3584_2560_2816,MSAVI,65536,39971,4362.0,44333.0,21203.0,best,0.6099090576171875,0.066558837890625,0.3235321044921875
286,3328_3584_2816_3072,MSAVI,65536,39333,4463.0,43796.0,21740.0,best,0.6001739501953125,0.0680999755859375,0.33172607421875
287,3328_3584_3072_3328,MSAVI,65536,37188,9074.0,46262.0,19274.0,best,0.56744384765625,0.138458251953125,0.294097900390625
288,3328_3584_3328_3584,MSAVI,65536,34342,4803.0,39145.0,26391.0,best,0.524017333984375,0.0732879638671875,0.4026947021484375
289,3328_3584_3584_3840,MSAVI,65536,36153,4931.0,41084.0,24452.0,best,0.5516510009765625,0.0752410888671875,0.37310791015625
290,3328_3584_3840_4096,MSAVI,65536,36889,4574.0,41463.0,24073.0,best,0.5628814697265625,0.069793701171875,0.3673248291015625
291,3328_3584_4096_4352,MSAVI,65536,40038,5642.0,45680.0,19856.0,best,0.610931396484375,0.086090087890625,0.302978515625
292,3328_3584_4352_4608,MSAVI,65536,46476,3453.0,49929.0,15607.0,best,0.70916748046875,0.0526885986328125,0.2381439208984375
293,3328_3584_4608_4864,MSAVI,65536,37657,4218.0,41875.0,23661.0,best,0.5746002197265625,0.064361572265625,0.3610382080078125
294,3328_3584_4864_5120,MSAVI,65536,42909,1414.0,44323.0,21213.0,best,0.6547393798828125,0.021575927734375,0.3236846923828125
295,3328_3584_5120_5376,MSAVI,65536,37793,3335.0,41128.0,24408.0,best,0.5766754150390625,0.0508880615234375,0.3724365234375
296,3328_3584_5376_5632,MSAVI,65536,44404,6242.0,50646.0,14890.0,best,0.67755126953125,0.095245361328125,0.227203369140625
297,3328_3584_5632_5888,MSAVI,65536,44921,6372.0,51293.0,14243.0,best,0.6854400634765625,0.09722900390625,0.2173309326171875
298,3328_3584_5888_6144,MSAVI,65536,44237,6725.0,50962.0,14574.0,best,0.6750030517578125,0.1026153564453125,0.222381591796875
299,3328_3584_6144_6400,MSAVI,65536,41194,5089.0,46283.0,19253.0,best,0.628570556640625,0.0776519775390625,0.2937774658203125
300,3328_3584_6400_6656,MSAVI,65536,36783,1682.0,38465.0,27071.0,best,0.5612640380859375,0.025665283203125,0.4130706787109375
301,3328_3584_6656_6912,MSAVI,65536,39544,5451.0,44995.0,20541.0,best,0.6033935546875,0.0831756591796875,0.3134307861328125
302,3328_3584_6912_7168,MSAVI,65536,36958,11274.0,48232.0,17304.0,best,0.563934326171875,0.172027587890625,0.2640380859375
303,3328_3584_7168_7424,MSAVI,65536,43141,7913.0,51054.0,14482.0,best,0.6582794189453125,0.1207427978515625,0.220977783203125
304,3328_3584_7424_7680,MSAVI,65536,39428,10076.0,49504.0,16032.0,best,0.60162353515625,0.15374755859375,0.24462890625
305,3328_3584_7680_7936,MSAVI,65536,37832,5172.0,43004.0,22532.0,best,0.5772705078125,0.07891845703125,0.34381103515625
306,3328_3584_7936_8192,MSAVI,65536,40430,11559.0,51989.0,13547.0,best,0.616912841796875,0.1763763427734375,0.2067108154296875
307,3328_3584_8192_8448,MSAVI,65536,38653,4871.0,43524.0,22012.0,best,0.5897979736328125,0.0743255615234375,0.33587646484375
308,3328_3584_8448_8704,MSAVI,65536,38574,3620.0,42194.0,23342.0,best,0.588592529296875,0.05523681640625,0.356170654296875
309,3328_3584_8704_8960,MSAVI,65536,44464,5597.0,50061.0,15475.0,best,0.678466796875,0.0854034423828125,0.2361297607421875
310,3328_3584_8960_9216,MSAVI,65536,39815,5198.0,45013.0,20523.0,best,0.6075286865234375,0.079315185546875,0.3131561279296875
311,3328_3584_9216_9472,MSAVI,65536,41238,6433.0,47671.0,17865.0,best,0.629241943359375,0.0981597900390625,0.2725982666015625
312,3584_3840_1024_1280,MSAVI,65333,39221,1431.0,40652.0,24681.0,best,0.600324491451487,0.021903172975372323,0.37777233557314066
313,3584_3840_1280_1536,MSAVI,65536,36362,2177.0,38539.0,26997.0,best,0.554840087890625,0.0332183837890625,0.4119415283203125
314,3584_3840_1536_1792,MSAVI,65536,36191,3231.0,39422.0,26114.0,best,0.5522308349609375,0.0493011474609375,0.398468017578125
315,3584_3840_1792_2048,MSAVI,65536,47413,4754.0,52167.0,13369.0,best,0.7234649658203125,0.072540283203125,0.2039947509765625
316,3584_3840_2048_2304,MSAVI,65536,49359,1155.0,50514.0,15022.0,best,0.7531585693359375,0.0176239013671875,0.229217529296875
317,3584_3840_2304_2560,MSAVI,65536,41932,2721.0,44653.0,20883.0,best,0.63983154296875,0.0415191650390625,0.3186492919921875
318,3584_3840_2560_2816,MSAVI,65536,41100,1541.0,42641.0,22895.0,best,0.62713623046875,0.0235137939453125,0.3493499755859375
319,3584_3840_2816_3072,MSAVI,65536,43716,5849.0,49565.0,15971.0,best,0.66705322265625,0.0892486572265625,0.2436981201171875
320,3584_3840_3072_3328,MSAVI,65536,42814,3753.0,46567.0,18969.0,best,0.653289794921875,0.0572662353515625,0.2894439697265625
321,3584_3840_3328_3584,MSAVI,65536,41462,3104.0,44566.0,20970.0,best,0.632659912109375,0.04736328125,0.319976806640625
322,3584_3840_3584_3840,MSAVI,65536,38438,2110.0,40548.0,24988.0,best,0.586517333984375,0.032196044921875,0.38128662109375
323,3584_3840_3840_4096,MSAVI,65536,40040,5418.0,45458.0,20078.0,best,0.6109619140625,0.082672119140625,0.306365966796875
324,3584_3840_4096_4352,MSAVI,65536,38046,10374.0,48420.0,17116.0,best,0.580535888671875,0.158294677734375,0.26116943359375
325,3584_3840_4352_4608,MSAVI,65536,40355,7435.0,47790.0,17746.0,best,0.6157684326171875,0.1134490966796875,0.270782470703125
326,3584_3840_4608_4864,MSAVI,65536,45036,2950.0,47986.0,17550.0,best,0.68719482421875,0.045013427734375,0.267791748046875
327,3584_3840_4864_5120,MSAVI,65536,46294,6133.0,52427.0,13109.0,best,0.706390380859375,0.0935821533203125,0.2000274658203125
328,3584_3840_5120_5376,MSAVI,65536,42465,8352.0,50817.0,14719.0,best,0.6479644775390625,0.12744140625,0.2245941162109375
329,3584_3840_5376_5632,MSAVI,65536,40636,6405.0,47041.0,18495.0,best,0.62005615234375,0.0977325439453125,0.2822113037109375
330,3584_3840_5632_5888,MSAVI,65536,44371,8305.0,52676.0,12860.0,best,0.6770477294921875,0.1267242431640625,0.19622802734375
331,3584_3840_5888_6144,MSAVI,65536,41919,6505.0,48424.0,17112.0,best,0.6396331787109375,0.0992584228515625,0.2611083984375
332,3584_3840_6144_6400,MSAVI,65536,42290,6560.0,48850.0,16686.0,best,0.645294189453125,0.10009765625,0.254608154296875
333,3584_3840_6400_6656,MSAVI,65536,39957,2706.0,42663.0,22873.0,best,0.6096954345703125,0.041290283203125,0.3490142822265625
334,3584_3840_6656_6912,MSAVI,65536,44079,5825.0,49904.0,15632.0,best,0.6725921630859375,0.0888824462890625,0.238525390625
335,3584_3840_6912_7168,MSAVI,65536,39349,2347.0,41696.0,23840.0,best,0.6004180908203125,0.0358123779296875,0.36376953125
336,3584_3840_7168_7424,MSAVI,65536,39473,11568.0,51041.0,14495.0,best,0.6023101806640625,0.176513671875,0.2211761474609375
337,3584_3840_7424_7680,MSAVI,65536,38677,5879.0,44556.0,20980.0,best,0.5901641845703125,0.0897064208984375,0.32012939453125
338,3584_3840_7680_7936,MSAVI,65536,42876,7735.0,50611.0,14925.0,best,0.65423583984375,0.1180267333984375,0.2277374267578125
339,3584_3840_7936_8192,MSAVI,65536,42110,7392.0,49502.0,16034.0,best,0.642547607421875,0.11279296875,0.244659423828125
340,3584_3840_8192_8448,MSAVI,65536,38363,4374.0,42737.0,22799.0,best,0.5853729248046875,0.066741943359375,0.3478851318359375
341,3584_3840_8448_8704,MSAVI,65536,39524,7485.0,47009.0,18527.0,best,0.60308837890625,0.1142120361328125,0.2826995849609375
342,3584_3840_8704_8960,MSAVI,65536,38640,11884.0,50524.0,15012.0,best,0.589599609375,0.18133544921875,0.22906494140625
343,3584_3840_8960_9216,MSAVI,65536,43590,9862.0,53452.0,12084.0,best,0.665130615234375,0.150482177734375,0.18438720703125
344,3584_3840_9216_9472,MSAVI,65536,39117,9609.0,48726.0,16810.0,best,0.5968780517578125,0.1466217041015625,0.256500244140625
345,3840_4096_1024_1280,MSAVI,65536,35480,4187.0,39667.0,25869.0,best,0.5413818359375,0.0638885498046875,0.3947296142578125
346,3840_4096_1280_1536,MSAVI,65536,34519,2836.0,37355.0,28181.0,best,0.5267181396484375,0.04327392578125,0.4300079345703125
347,3840_4096_1536_1792,MSAVI,65536,36207,3293.0,39500.0,26036.0,best,0.5524749755859375,0.0502471923828125,0.39727783203125
348,3840_4096_1792_2048,MSAVI,65536,40379,1413.0,41792.0,23744.0,best,0.6161346435546875,0.0215606689453125,0.3623046875
349,3840_4096_2048_2304,MSAVI,65536,45604,2320.0,47924.0,17612.0,best,0.69586181640625,0.035400390625,0.26873779296875
350,3840_4096_2304_2560,MSAVI,65536,41097,3045.0,44142.0,21394.0,best,0.6270904541015625,0.0464630126953125,0.326446533203125
351,3840_4096_2560_2816,MSAVI,65536,42222,1873.0,44095.0,21441.0,best,0.644256591796875,0.0285797119140625,0.3271636962890625
352,3840_4096_2816_3072,MSAVI,65536,38024,4973.0,42997.0,22539.0,best,0.5802001953125,0.0758819580078125,0.3439178466796875
353,3840_4096_3072_3328,MSAVI,65536,40488,3002.0,43490.0,22046.0,best,0.6177978515625,0.045806884765625,0.336395263671875
354,3840_4096_3328_3584,MSAVI,65536,37662,2456.0,40118.0,25418.0,best,0.574676513671875,0.0374755859375,0.387847900390625
355,3840_4096_3584_3840,MSAVI,65536,42422,3565.0,45987.0,19549.0,best,0.647308349609375,0.0543975830078125,0.2982940673828125
356,3840_4096_3840_4096,MSAVI,65536,40795,4265.0,45060.0,20476.0,best,0.6224822998046875,0.0650787353515625,0.31243896484375
357,3840_4096_4096_4352,MSAVI,65536,35414,5890.0,41304.0,24232.0,best,0.540374755859375,0.089874267578125,0.3697509765625
358,3840_4096_4352_4608,MSAVI,65536,39139,4436.0,43575.0,21961.0,best,0.5972137451171875,0.06768798828125,0.3350982666015625
359,3840_4096_4608_4864,MSAVI,65536,40468,3260.0,43728.0,21808.0,best,0.61749267578125,0.04974365234375,0.332763671875
360,3840_4096_4864_5120,MSAVI,65536,41919,8276.0,50195.0,15341.0,best,0.6396331787109375,0.12628173828125,0.2340850830078125
361,3840_4096_5120_5376,MSAVI,65536,41302,8545.0,49847.0,15689.0,best,0.630218505859375,0.1303863525390625,0.2393951416015625
362,3840_4096_5376_5632,MSAVI,65536,40577,3720.0,44297.0,21239.0,best,0.6191558837890625,0.0567626953125,0.3240814208984375
363,3840_4096_5632_5888,MSAVI,65536,31005,7533.0,38538.0,26998.0,best,0.4730987548828125,0.1149444580078125,0.411956787109375
364,3840_4096_5888_6144,MSAVI,65536,41622,6481.0,48103.0,17433.0,best,0.635101318359375,0.0988922119140625,0.2660064697265625
365,3840_4096_6144_6400,MSAVI,65536,39951,1099.0,41050.0,24486.0,best,0.6096038818359375,0.0167694091796875,0.373626708984375
366,3840_4096_6400_6656,MSAVI,65536,37947,2892.0,40839.0,24697.0,best,0.5790252685546875,0.04412841796875,0.3768463134765625
367,3840_4096_6656_6912,MSAVI,65536,36470,5273.0,41743.0,23793.0,best,0.556488037109375,0.0804595947265625,0.3630523681640625
368,3840_4096_6912_7168,MSAVI,65536,39388,3858.0,43246.0,22290.0,best,0.60101318359375,0.058868408203125,0.340118408203125
369,3840_4096_7168_7424,MSAVI,65536,38418,3841.0,42259.0,23277.0,best,0.586212158203125,0.0586090087890625,0.3551788330078125
370,3840_4096_7424_7680,MSAVI,65536,49191,4249.0,53440.0,12096.0,best,0.7505950927734375,0.0648345947265625,0.1845703125
371,3840_4096_7680_7936,MSAVI,65536,36022,7375.0,43397.0,22139.0,best,0.549652099609375,0.1125335693359375,0.3378143310546875
372,3840_4096_7936_8192,MSAVI,65536,42289,3093.0,45382.0,20154.0,best,0.6452789306640625,0.0471954345703125,0.307525634765625
373,3840_4096_8192_8448,MSAVI,65536,38722,3294.0,42016.0,23520.0,best,0.590850830078125,0.050262451171875,0.35888671875
374,3840_4096_8448_8704,MSAVI,65536,39813,6405.0,46218.0,19318.0,best,0.6074981689453125,0.0977325439453125,0.294769287109375
375,3840_4096_8704_8960,MSAVI,65536,42186,7841.0,50027.0,15509.0,best,0.643707275390625,0.1196441650390625,0.2366485595703125
376,3840_4096_8960_9216,MSAVI,65536,39343,11951.0,51294.0,14242.0,best,0.6003265380859375,0.1823577880859375,0.217315673828125
377,3840_4096_9216_9472,MSAVI,65536,37256,15961.0,53217.0,12319.0,best,0.5684814453125,0.2435455322265625,0.1879730224609375
378,4096_4352_1024_1280,MSAVI,65536,34416,4602.0,39018.0,26518.0,best,0.525146484375,0.070220947265625,0.404632568359375
379,4096_4352_1280_1536,MSAVI,65536,34373,6828.0,41201.0,24335.0,best,0.5244903564453125,0.10418701171875,0.3713226318359375
380,4096_4352_1536_1792,MSAVI,65536,38296,4984.0,43280.0,22256.0,best,0.5843505859375,0.0760498046875,0.339599609375
381,4096_4352_1792_2048,MSAVI,65536,39859,5285.0,45144.0,20392.0,best,0.6082000732421875,0.0806427001953125,0.3111572265625
382,4096_4352_2048_2304,MSAVI,65536,44110,2626.0,46736.0,18800.0,best,0.673065185546875,0.040069580078125,0.286865234375
383,4096_4352_2304_2560,MSAVI,65536,39424,3244.0,42668.0,22868.0,best,0.6015625,0.04949951171875,0.34893798828125
384,4096_4352_2560_2816,MSAVI,65536,34947,5719.0,40666.0,24870.0,best,0.5332489013671875,0.0872650146484375,0.379486083984375
385,4096_4352_2816_3072,MSAVI,65536,39014,7091.0,46105.0,19431.0,best,0.595306396484375,0.1082000732421875,0.2964935302734375
386,4096_4352_3072_3328,MSAVI,65536,46966,4925.0,51891.0,13645.0,best,0.716644287109375,0.0751495361328125,0.2082061767578125
387,4096_4352_3328_3584,MSAVI,65536,39274,6450.0,45724.0,19812.0,best,0.599273681640625,0.098419189453125,0.30230712890625
388,4096_4352_3584_3840,MSAVI,65536,39100,2914.0,42014.0,23522.0,best,0.59661865234375,0.044464111328125,0.358917236328125
389,4096_4352_3840_4096,MSAVI,65536,39603,4238.0,43841.0,21695.0,best,0.6042938232421875,0.064666748046875,0.3310394287109375
390,4096_4352_4096_4352,MSAVI,65536,35312,4919.0,40231.0,25305.0,best,0.538818359375,0.0750579833984375,0.3861236572265625
391,4096_4352_4352_4608,MSAVI,65536,36216,3038.0,39254.0,26282.0,best,0.5526123046875,0.046356201171875,0.401031494140625
392,4096_4352_4608_4864,MSAVI,65536,40371,1900.0,42271.0,23265.0,best,0.6160125732421875,0.02899169921875,0.3549957275390625
393,4096_4352_4864_5120,MSAVI,65536,47119,10507.0,57626.0,7910.0,best,0.7189788818359375,0.1603240966796875,0.120697021484375
394,4096_4352_5120_5376,MSAVI,65536,46123,10264.0,56387.0,9149.0,best,0.7037811279296875,0.1566162109375,0.1396026611328125
395,4096_4352_5376_5632,MSAVI,65536,40355,3455.0,43810.0,21726.0,best,0.6157684326171875,0.0527191162109375,0.331512451171875
396,4096_4352_5632_5888,MSAVI,65536,46016,3564.0,49580.0,15956.0,best,0.7021484375,0.05438232421875,0.24346923828125
397,4096_4352_5888_6144,MSAVI,65536,39152,3416.0,42568.0,22968.0,best,0.597412109375,0.0521240234375,0.3504638671875
398,4096_4352_6144_6400,MSAVI,65536,34417,2366.0,36783.0,28753.0,best,0.5251617431640625,0.036102294921875,0.4387359619140625
399,4096_4352_6400_6656,MSAVI,65536,39352,3664.0,43016.0,22520.0,best,0.6004638671875,0.055908203125,0.3436279296875
400,4096_4352_6656_6912,MSAVI,65536,40856,1849.0,42705.0,22831.0,best,0.6234130859375,0.0282135009765625,0.3483734130859375
401,4096_4352_6912_7168,MSAVI,65536,39673,6707.0,46380.0,19156.0,best,0.6053619384765625,0.1023406982421875,0.29229736328125
402,4096_4352_7168_7424,MSAVI,65536,43693,3710.0,47403.0,18133.0,best,0.6667022705078125,0.056610107421875,0.2766876220703125
403,4096_4352_7424_7680,MSAVI,65536,44450,4225.0,48675.0,16861.0,best,0.678253173828125,0.0644683837890625,0.2572784423828125
404,4096_4352_7680_7936,MSAVI,65536,43647,4352.0,47999.0,17537.0,best,0.6660003662109375,0.06640625,0.2675933837890625
405,4096_4352_7936_8192,MSAVI,65536,39220,5368.0,44588.0,20948.0,best,0.59844970703125,0.0819091796875,0.31964111328125
406,4096_4352_8192_8448,MSAVI,65536,38670,3839.0,42509.0,23027.0,best,0.590057373046875,0.0585784912109375,0.3513641357421875
407,4096_4352_8448_8704,MSAVI,65536,40224,10901.0,51125.0,14411.0,best,0.61376953125,0.1663360595703125,0.2198944091796875
408,4096_4352_8704_8960,MSAVI,65536,40309,10899.0,51208.0,14328.0,best,0.6150665283203125,0.1663055419921875,0.2186279296875
409,4096_4352_8960_9216,MSAVI,65536,40129,9150.0,49279.0,16257.0,best,0.6123199462890625,0.139617919921875,0.2480621337890625
410,4096_4352_9216_9472,MSAVI,65535,41223,8416.0,49639.0,15896.0,best,0.6290226596475166,0.12841992828259707,0.24255741206988632
411,4352_4608_1024_1280,MSAVI,65536,36255,4734.0,40989.0,24547.0,best,0.5532073974609375,0.072235107421875,0.3745574951171875
412,4352_4608_1280_1536,MSAVI,65536,37199,4648.0,41847.0,23689.0,best,0.5676116943359375,0.0709228515625,0.3614654541015625
413,4352_4608_1536_1792,MSAVI,65536,39540,4729.0,44269.0,21267.0,best,0.60333251953125,0.0721588134765625,0.3245086669921875
414,4352_4608_1792_2048,MSAVI,65536,39889,9567.0,49456.0,16080.0,best,0.6086578369140625,0.1459808349609375,0.245361328125
415,4352_4608_2048_2304,MSAVI,65536,39281,11931.0,51212.0,14324.0,best,0.5993804931640625,0.1820526123046875,0.21856689453125
416,4352_4608_2304_2560,MSAVI,65536,39733,3715.0,43448.0,22088.0,best,0.6062774658203125,0.0566864013671875,0.3370361328125
417,4352_4608_2560_2816,MSAVI,65536,37993,4712.0,42705.0,22831.0,best,0.5797271728515625,0.0718994140625,0.3483734130859375
418,4352_4608_2816_3072,MSAVI,65536,39394,4217.0,43611.0,21925.0,best,0.601104736328125,0.0643463134765625,0.3345489501953125
419,4352_4608_3072_3328,MSAVI,65536,43290,7018.0,50308.0,15228.0,best,0.660552978515625,0.107086181640625,0.23236083984375
420,4352_4608_3328_3584,MSAVI,65536,41912,1261.0,43173.0,22363.0,best,0.6395263671875,0.0192413330078125,0.3412322998046875
421,4352_4608_3584_3840,MSAVI,65536,41533,4659.0,46192.0,19344.0,best,0.6337432861328125,0.0710906982421875,0.295166015625
422,4352_4608_3840_4096,MSAVI,65536,41931,3836.0,45767.0,19769.0,best,0.6398162841796875,0.05853271484375,0.3016510009765625
423,4352_4608_4096_4352,MSAVI,65536,39217,1716.0,40933.0,24603.0,best,0.5984039306640625,0.02618408203125,0.3754119873046875
424,4352_4608_4352_4608,MSAVI,65536,38048,1568.0,39616.0,25920.0,best,0.58056640625,0.02392578125,0.3955078125
425,4352_4608_4608_4864,MSAVI,65536,42312,3458.0,45770.0,19766.0,best,0.6456298828125,0.052764892578125,0.301605224609375
426,4352_4608_4864_5120,MSAVI,65536,41127,2631.0,43758.0,21778.0,best,0.6275482177734375,0.0401458740234375,0.332305908203125
427,4352_4608_5120_5376,MSAVI,65536,39678,2422.0,42100.0,23436.0,best,0.605438232421875,0.036956787109375,0.35760498046875
428,4352_4608_5376_5632,MSAVI,65536,40097,3134.0,43231.0,22305.0,best,0.6118316650390625,0.047821044921875,0.3403472900390625
429,4352_4608_5632_5888,MSAVI,65536,44323,5708.0,50031.0,15505.0,best,0.6763153076171875,0.08709716796875,0.2365875244140625
430,4352_4608_5888_6144,MSAVI,65536,43589,9373.0,52962.0,12574.0,best,0.6651153564453125,0.1430206298828125,0.191864013671875
431,4352_4608_6144_6400,MSAVI,65536,38466,4392.0,42858.0,22678.0,best,0.586944580078125,0.0670166015625,0.346038818359375
432,4352_4608_6400_6656,MSAVI,65536,40173,1676.0,41849.0,23687.0,best,0.6129913330078125,0.02557373046875,0.3614349365234375
433,4352_4608_6656_6912,MSAVI,65536,40014,2569.0,42583.0,22953.0,best,0.610565185546875,0.0391998291015625,0.3502349853515625
434,4352_4608_6912_7168,MSAVI,65536,40438,10380.0,50818.0,14718.0,best,0.617034912109375,0.15838623046875,0.224578857421875
435,4352_4608_7168_7424,MSAVI,65536,41365,2999.0,44364.0,21172.0,best,0.6311798095703125,0.0457611083984375,0.32305908203125
436,4352_4608_7424_7680,MSAVI,65536,44709,4669.0,49378.0,16158.0,best,0.6822052001953125,0.0712432861328125,0.246551513671875
437,4352_4608_7680_7936,MSAVI,65536,39520,1376.0,40896.0,24640.0,best,0.60302734375,0.02099609375,0.3759765625
438,4352_4608_7936_8192,MSAVI,65536,37397,2877.0,40274.0,25262.0,best,0.5706329345703125,0.0438995361328125,0.385467529296875
439,4352_4608_8192_8448,MSAVI,65536,38340,2867.0,41207.0,24329.0,best,0.58502197265625,0.0437469482421875,0.3712310791015625
440,4352_4608_8448_8704,MSAVI,65536,40978,5044.0,46022.0,19514.0,best,0.625274658203125,0.07696533203125,0.297760009765625
441,4352_4608_8704_8960,MSAVI,65536,41205,6422.0,47627.0,17909.0,best,0.6287384033203125,0.097991943359375,0.2732696533203125
442,4352_4608_8960_9216,MSAVI,65536,42595,4842.0,47437.0,18099.0,best,0.6499481201171875,0.073883056640625,0.2761688232421875
443,4608_4864_768_1024,MSAVI,65536,36606,4357.0,40963.0,24573.0,best,0.558563232421875,0.0664825439453125,0.3749542236328125
444,4608_4864_1024_1280,MSAVI,65536,37243,3357.0,40600.0,24936.0,best,0.5682830810546875,0.0512237548828125,0.3804931640625
445,4608_4864_1280_1536,MSAVI,65536,36495,4335.0,40830.0,24706.0,best,0.5568695068359375,0.0661468505859375,0.376983642578125
446,4608_4864_1536_1792,MSAVI,65536,47516,6383.0,53899.0,11637.0,best,0.72503662109375,0.0973968505859375,0.1775665283203125
447,4608_4864_1792_2048,MSAVI,65536,43048,6032.0,49080.0,16456.0,best,0.6568603515625,0.092041015625,0.2510986328125
448,4608_4864_2048_2304,MSAVI,65536,41344,4656.0,46000.0,19536.0,best,0.630859375,0.071044921875,0.298095703125
449,4608_4864_2304_2560,MSAVI,65536,37716,9052.0,46768.0,18768.0,best,0.57550048828125,0.13812255859375,0.286376953125
450,4608_4864_2560_2816,MSAVI,65536,36416,7577.0,43993.0,21543.0,best,0.5556640625,0.1156158447265625,0.3287200927734375
451,4608_4864_2816_3072,MSAVI,65536,37979,5713.0,43692.0,21844.0,best,0.5795135498046875,0.0871734619140625,0.33331298828125
452,4608_4864_3072_3328,MSAVI,65536,41581,4479.0,46060.0,19476.0,best,0.6344757080078125,0.0683441162109375,0.29718017578125
453,4608_4864_3328_3584,MSAVI,65536,40193,4145.0,44338.0,21198.0,best,0.6132965087890625,0.0632476806640625,0.323455810546875
454,4608_4864_3584_3840,MSAVI,65536,45078,2974.0,48052.0,17484.0,best,0.687835693359375,0.045379638671875,0.26678466796875
455,4608_4864_3840_4096,MSAVI,65536,42332,5467.0,47799.0,17737.0,best,0.64593505859375,0.0834197998046875,0.2706451416015625
456,4608_4864_4096_4352,MSAVI,65536,38303,3529.0,41832.0,23704.0,best,0.5844573974609375,0.0538482666015625,0.3616943359375
457,4608_4864_4352_4608,MSAVI,65536,38440,3614.0,42054.0,23482.0,best,0.5865478515625,0.055145263671875,0.358306884765625
458,4608_4864_4608_4864,MSAVI,65536,38821,4610.0,43431.0,22105.0,best,0.5923614501953125,0.070343017578125,0.3372955322265625
459,4608_4864_4864_5120,MSAVI,65536,39705,4053.0,43758.0,21778.0,best,0.6058502197265625,0.0618438720703125,0.332305908203125
460,4608_4864_5120_5376,MSAVI,65536,36404,2744.0,39148.0,26388.0,best,0.55548095703125,0.0418701171875,0.40264892578125
461,4608_4864_5376_5632,MSAVI,65536,37415,3909.0,41324.0,24212.0,best,0.5709075927734375,0.0596466064453125,0.36944580078125
462,4608_4864_5632_5888,MSAVI,65536,42713,3851.0,46564.0,18972.0,best,0.6517486572265625,0.0587615966796875,0.28948974609375
463,4608_4864_5888_6144,MSAVI,65536,40046,7094.0,47140.0,18396.0,best,0.611053466796875,0.108245849609375,0.28070068359375
464,4608_4864_6144_6400,MSAVI,65536,35858,1847.0,37705.0,27831.0,best,0.547149658203125,0.0281829833984375,0.4246673583984375
465,4608_4864_6400_6656,MSAVI,65536,43191,2358.0,45549.0,19987.0,best,0.6590423583984375,0.035980224609375,0.3049774169921875
466,4608_4864_6656_6912,MSAVI,65536,42537,8823.0,51360.0,14176.0,best,0.6490631103515625,0.1346282958984375,0.21630859375
467,4608_4864_6912_7168,MSAVI,65536,33575,6232.0,39807.0,25729.0,best,0.5123138427734375,0.0950927734375,0.3925933837890625
468,4608_4864_7168_7424,MSAVI,65536,40842,7867.0,48709.0,16827.0,best,0.623199462890625,0.1200408935546875,0.2567596435546875
469,4608_4864_7424_7680,MSAVI,65536,40410,6499.0,46909.0,18627.0,best,0.616607666015625,0.0991668701171875,0.2842254638671875
470,4608_4864_7680_7936,MSAVI,65536,38427,1538.0,39965.0,25571.0,best,0.5863494873046875,0.023468017578125,0.3901824951171875
471,4608_4864_7936_8192,MSAVI,65536,35790,1722.0,37512.0,28024.0,best,0.546112060546875,0.026275634765625,0.4276123046875
472,4608_4864_8192_8448,MSAVI,65536,36836,3576.0,40412.0,25124.0,best,0.56207275390625,0.0545654296875,0.38336181640625
473,4608_4864_8448_8704,MSAVI,65536,38886,5699.0,44585.0,20951.0,best,0.593353271484375,0.0869598388671875,0.3196868896484375
474,4608_4864_8704_8960,MSAVI,65536,45134,9795.0,54929.0,10607.0,best,0.688690185546875,0.1494598388671875,0.1618499755859375
475,4608_4864_8960_9216,MSAVI,65536,42542,10699.0,53241.0,12295.0,best,0.649139404296875,0.1632537841796875,0.1876068115234375
476,4864_5120_768_1024,MSAVI,65536,38507,3105.0,41612.0,23924.0,best,0.5875701904296875,0.0473785400390625,0.36505126953125
477,4864_5120_1024_1280,MSAVI,65536,36100,3412.0,39512.0,26024.0,best,0.55084228515625,0.05206298828125,0.3970947265625
478,4864_5120_1280_1536,MSAVI,65536,31668,9319.0,40987.0,24549.0,best,0.48321533203125,0.1421966552734375,0.3745880126953125
479,4864_5120_1536_1792,MSAVI,65536,36269,14431.0,50700.0,14836.0,best,0.5534210205078125,0.2201995849609375,0.22637939453125
480,4864_5120_1792_2048,MSAVI,65536,40738,3273.0,44011.0,21525.0,best,0.621612548828125,0.0499420166015625,0.3284454345703125
481,4864_5120_2048_2304,MSAVI,65536,39320,532.0,39852.0,25684.0,best,0.5999755859375,0.00811767578125,0.39190673828125
482,4864_5120_2304_2560,MSAVI,65536,41548,1983.0,43531.0,22005.0,best,0.63397216796875,0.0302581787109375,0.3357696533203125
483,4864_5120_2560_2816,MSAVI,65536,39339,1434.0,40773.0,24763.0,best,0.6002655029296875,0.021881103515625,0.3778533935546875
484,4864_5120_2816_3072,MSAVI,65536,39896,456.0,40352.0,25184.0,best,0.6087646484375,0.0069580078125,0.38427734375
485,4864_5120_3072_3328,MSAVI,65536,38618,4806.0,43424.0,22112.0,best,0.589263916015625,0.073333740234375,0.33740234375
486,4864_5120_3328_3584,MSAVI,65536,45757,7428.0,53185.0,12351.0,best,0.6981964111328125,0.11334228515625,0.1884613037109375
487,4864_5120_3584_3840,MSAVI,65536,41334,2786.0,44120.0,21416.0,best,0.630706787109375,0.042510986328125,0.3267822265625
488,4864_5120_3840_4096,MSAVI,65536,37572,3872.0,41444.0,24092.0,best,0.57330322265625,0.05908203125,0.36761474609375
489,4864_5120_4096_4352,MSAVI,65536,38870,1121.0,39991.0,25545.0,best,0.593109130859375,0.0171051025390625,0.3897857666015625
490,4864_5120_4352_4608,MSAVI,65536,43048,3049.0,46097.0,19439.0,best,0.6568603515625,0.0465240478515625,0.2966156005859375
491,4864_5120_4608_4864,MSAVI,65536,43251,5083.0,48334.0,17202.0,best,0.6599578857421875,0.0775604248046875,0.262481689453125
492,4864_5120_4864_5120,MSAVI,65536,38511,5805.0,44316.0,21220.0,best,0.5876312255859375,0.0885772705078125,0.32379150390625
493,4864_5120_5120_5376,MSAVI,65536,38153,3535.0,41688.0,23848.0,best,0.5821685791015625,0.0539398193359375,0.3638916015625
494,4864_5120_5376_5632,MSAVI,65536,36279,6678.0,42957.0,22579.0,best,0.5535736083984375,0.101898193359375,0.3445281982421875
495,4864_5120_5632_5888,MSAVI,65536,39657,3263.0,42920.0,22616.0,best,0.6051177978515625,0.0497894287109375,0.3450927734375
496,4864_5120_5888_6144,MSAVI,65536,41223,5564.0,46787.0,18749.0,best,0.6290130615234375,0.08489990234375,0.2860870361328125
497,4864_5120_6144_6400,MSAVI,65536,37529,4205.0,41734.0,23802.0,best,0.5726470947265625,0.0641632080078125,0.363189697265625
498,4864_5120_6400_6656,MSAVI,65536,40827,4475.0,45302.0,20234.0,best,0.6229705810546875,0.0682830810546875,0.308746337890625
499,4864_5120_6656_6912,MSAVI,65536,38814,11559.0,50373.0,15163.0,best,0.592254638671875,0.1763763427734375,0.2313690185546875
500,4864_5120_6912_7168,MSAVI,65536,40688,2072.0,42760.0,22776.0,best,0.620849609375,0.0316162109375,0.3475341796875
501,4864_5120_7168_7424,MSAVI,65536,40693,2552.0,43245.0,22291.0,best,0.6209259033203125,0.0389404296875,0.3401336669921875
502,4864_5120_7424_7680,MSAVI,65536,40036,4910.0,44946.0,20590.0,best,0.61090087890625,0.074920654296875,0.314178466796875
503,4864_5120_7680_7936,MSAVI,65536,36224,1514.0,37738.0,27798.0,best,0.552734375,0.023101806640625,0.424163818359375
504,4864_5120_7936_8192,MSAVI,65536,35434,1579.0,37013.0,28523.0,best,0.540679931640625,0.0240936279296875,0.4352264404296875
505,4864_5120_8192_8448,MSAVI,65536,36843,3027.0,39870.0,25666.0,best,0.5621795654296875,0.0461883544921875,0.391632080078125
506,4864_5120_8448_8704,MSAVI,65536,35043,7728.0,42771.0,22765.0,best,0.5347137451171875,0.117919921875,0.3473663330078125
507,4864_5120_8704_8960,MSAVI,65536,40608,11668.0,52276.0,13260.0,best,0.61962890625,0.17803955078125,0.20233154296875
508,4864_5120_8960_9216,MSAVI,65536,42521,9274.0,51795.0,13741.0,best,0.6488189697265625,0.141510009765625,0.2096710205078125
509,5120_5376_768_1024,MSAVI,65536,37607,2573.0,40180.0,25356.0,best,0.5738372802734375,0.0392608642578125,0.38690185546875
510,5120_5376_1024_1280,MSAVI,65536,36944,3988.0,40932.0,24604.0,best,0.563720703125,0.06085205078125,0.37542724609375
511,5120_5376_1280_1536,MSAVI,65536,39863,4864.0,44727.0,20809.0,best,0.6082611083984375,0.07421875,0.3175201416015625
512,5120_5376_1536_1792,MSAVI,65536,37091,5555.0,42646.0,22890.0,best,0.5659637451171875,0.0847625732421875,0.349273681640625
513,5120_5376_1792_2048,MSAVI,65536,41817,5958.0,47775.0,17761.0,best,0.6380767822265625,0.090911865234375,0.2710113525390625
514,5120_5376_2048_2304,MSAVI,65536,39669,1779.0,41448.0,24088.0,best,0.6053009033203125,0.0271453857421875,0.3675537109375
515,5120_5376_2304_2560,MSAVI,65536,38580,2217.0,40797.0,24739.0,best,0.58868408203125,0.0338287353515625,0.3774871826171875
516,5120_5376_2560_2816,MSAVI,65536,39583,2374.0,41957.0,23579.0,best,0.6039886474609375,0.036224365234375,0.3597869873046875
517,5120_5376_2816_3072,MSAVI,65536,40840,1019.0,41859.0,23677.0,best,0.6231689453125,0.0155487060546875,0.3612823486328125
518,5120_5376_3072_3328,MSAVI,65536,38864,3903.0,42767.0,22769.0,best,0.593017578125,0.0595550537109375,0.3474273681640625
519,5120_5376_3328_3584,MSAVI,65536,43411,5815.0,49226.0,16310.0,best,0.6623992919921875,0.0887298583984375,0.248870849609375
520,5120_5376_3584_3840,MSAVI,65536,42927,3937.0,46864.0,18672.0,best,0.6550140380859375,0.0600738525390625,0.284912109375
521,5120_5376_3840_4096,MSAVI,65536,40301,4349.0,44650.0,20886.0,best,0.6149444580078125,0.0663604736328125,0.318695068359375
522,5120_5376_4096_4352,MSAVI,65536,42996,6637.0,49633.0,15903.0,best,0.65606689453125,0.1012725830078125,0.2426605224609375
523,5120_5376_4352_4608,MSAVI,65536,39629,5031.0,44660.0,20876.0,best,0.6046905517578125,0.0767669677734375,0.31854248046875
524,5120_5376_4608_4864,MSAVI,65536,40029,9099.0,49128.0,16408.0,best,0.6107940673828125,0.1388397216796875,0.2503662109375
525,5120_5376_4864_5120,MSAVI,65536,38818,3854.0,42672.0,22864.0,best,0.592315673828125,0.058807373046875,0.348876953125
526,5120_5376_5120_5376,MSAVI,65536,39586,1638.0,41224.0,24312.0,best,0.604034423828125,0.024993896484375,0.3709716796875
527,5120_5376_5376_5632,MSAVI,65536,39961,7620.0,47581.0,17955.0,best,0.6097564697265625,0.11627197265625,0.2739715576171875
528,5120_5376_5632_5888,MSAVI,65536,38411,2705.0,41116.0,24420.0,best,0.5861053466796875,0.0412750244140625,0.37261962890625
529,5120_5376_5888_6144,MSAVI,65536,37782,2129.0,39911.0,25625.0,best,0.576507568359375,0.0324859619140625,0.3910064697265625
530,5120_5376_6144_6400,MSAVI,65536,35880,4609.0,40489.0,25047.0,best,0.5474853515625,0.0703277587890625,0.3821868896484375
531,5120_5376_6400_6656,MSAVI,65536,39665,3375.0,43040.0,22496.0,best,0.6052398681640625,0.0514984130859375,0.34326171875
532,5120_5376_6656_6912,MSAVI,65536,36133,1910.0,38043.0,27493.0,best,0.5513458251953125,0.029144287109375,0.4195098876953125
533,5120_5376_6912_7168,MSAVI,65536,39026,3143.0,42169.0,23367.0,best,0.595489501953125,0.0479583740234375,0.3565521240234375
534,5120_5376_7168_7424,MSAVI,65536,40553,4781.0,45334.0,20202.0,best,0.6187896728515625,0.0729522705078125,0.308258056640625
535,5120_5376_7424_7680,MSAVI,65536,37054,5967.0,43021.0,22515.0,best,0.565399169921875,0.0910491943359375,0.3435516357421875
536,5120_5376_7680_7936,MSAVI,65536,42090,2540.0,44630.0,20906.0,best,0.642242431640625,0.03875732421875,0.319000244140625
537,5120_5376_7936_8192,MSAVI,65536,36166,2735.0,38901.0,26635.0,best,0.551849365234375,0.0417327880859375,0.4064178466796875
538,5120_5376_8192_8448,MSAVI,65536,41374,1374.0,42748.0,22788.0,best,0.631317138671875,0.020965576171875,0.34771728515625
539,5120_5376_8448_8704,MSAVI,65536,40426,3997.0,44423.0,21113.0,best,0.616851806640625,0.0609893798828125,0.3221588134765625
540,5120_5376_8704_8960,MSAVI,65536,40342,4885.0,45227.0,20309.0,best,0.615570068359375,0.0745391845703125,0.3098907470703125
541,5376_5632_768_1024,MSAVI,65536,38055,2501.0,40556.0,24980.0,best,0.5806732177734375,0.0381622314453125,0.38116455078125
542,5376_5632_1024_1280,MSAVI,65536,35452,1165.0,36617.0,28919.0,best,0.54095458984375,0.0177764892578125,0.4412689208984375
543,5376_5632_1280_1536,MSAVI,65536,43840,5112.0,48952.0,16584.0,best,0.6689453125,0.0780029296875,0.2530517578125
544,5376_5632_1536_1792,MSAVI,65536,41006,5283.0,46289.0,19247.0,best,0.625701904296875,0.0806121826171875,0.2936859130859375
545,5376_5632_1792_2048,MSAVI,65536,39046,2551.0,41597.0,23939.0,best,0.595794677734375,0.0389251708984375,0.3652801513671875
546,5376_5632_2048_2304,MSAVI,65536,38920,1878.0,40798.0,24738.0,best,0.5938720703125,0.028656005859375,0.377471923828125
547,5376_5632_2304_2560,MSAVI,65536,40495,3827.0,44322.0,21214.0,best,0.6179046630859375,0.0583953857421875,0.323699951171875
548,5376_5632_2560_2816,MSAVI,65536,40596,8330.0,48926.0,16610.0,best,0.61944580078125,0.127105712890625,0.253448486328125
549,5376_5632_2816_3072,MSAVI,65536,37925,3656.0,41581.0,23955.0,best,0.5786895751953125,0.0557861328125,0.3655242919921875
550,5376_5632_3072_3328,MSAVI,65536,41092,3699.0,44791.0,20745.0,best,0.62701416015625,0.0564422607421875,0.3165435791015625
551,5376_5632_3328_3584,MSAVI,65536,37463,4134.0,41597.0,23939.0,best,0.5716400146484375,0.063079833984375,0.3652801513671875
552,5376_5632_3584_3840,MSAVI,65536,38162,7259.0,45421.0,20115.0,best,0.582305908203125,0.1107635498046875,0.3069305419921875
553,5376_5632_3840_4096,MSAVI,65536,35597,5213.0,40810.0,24726.0,best,0.5431671142578125,0.0795440673828125,0.377288818359375
554,5376_5632_4096_4352,MSAVI,65536,42201,3650.0,45851.0,19685.0,best,0.6439361572265625,0.055694580078125,0.3003692626953125
555,5376_5632_4352_4608,MSAVI,65536,41393,8790.0,50183.0,15353.0,best,0.6316070556640625,0.134124755859375,0.2342681884765625
556,5376_5632_4608_4864,MSAVI,65536,44429,4796.0,49225.0,16311.0,best,0.6779327392578125,0.07318115234375,0.2488861083984375
557,5376_5632_4864_5120,MSAVI,65536,37961,4501.0,42462.0,23074.0,best,0.5792388916015625,0.0686798095703125,0.352081298828125
558,5376_5632_5120_5376,MSAVI,65536,41357,5406.0,46763.0,18773.0,best,0.6310577392578125,0.082489013671875,0.2864532470703125
559,5376_5632_5376_5632,MSAVI,65536,41846,5398.0,47244.0,18292.0,best,0.638519287109375,0.082366943359375,0.27911376953125
560,5376_5632_5632_5888,MSAVI,65536,38271,6296.0,44567.0,20969.0,best,0.5839691162109375,0.0960693359375,0.3199615478515625
561,5376_5632_5888_6144,MSAVI,65536,34900,3683.0,38583.0,26953.0,best,0.53253173828125,0.0561981201171875,0.4112701416015625
562,5376_5632_6144_6400,MSAVI,65536,35836,5212.0,41048.0,24488.0,best,0.54681396484375,0.07952880859375,0.3736572265625
563,5376_5632_6400_6656,MSAVI,65536,38806,4937.0,43743.0,21793.0,best,0.592132568359375,0.0753326416015625,0.3325347900390625
564,5376_5632_6656_6912,MSAVI,65536,38972,3807.0,42779.0,22757.0,best,0.59466552734375,0.0580902099609375,0.3472442626953125
565,5376_5632_6912_7168,MSAVI,65536,37448,1576.0,39024.0,26512.0,best,0.5714111328125,0.0240478515625,0.404541015625
566,5376_5632_7168_7424,MSAVI,65536,39516,1787.0,41303.0,24233.0,best,0.60296630859375,0.0272674560546875,0.3697662353515625
567,5376_5632_7424_7680,MSAVI,65536,39454,2007.0,41461.0,24075.0,best,0.602020263671875,0.0306243896484375,0.3673553466796875
568,5376_5632_7680_7936,MSAVI,65536,35851,2578.0,38429.0,27107.0,best,0.5470428466796875,0.039337158203125,0.4136199951171875
569,5376_5632_7936_8192,MSAVI,65536,37277,2400.0,39677.0,25859.0,best,0.5688018798828125,0.03662109375,0.3945770263671875
570,5376_5632_8192_8448,MSAVI,65536,42652,7136.0,49788.0,15748.0,best,0.65081787109375,0.10888671875,0.24029541015625
571,5376_5632_8448_8704,MSAVI,65536,41478,10915.0,52393.0,13143.0,best,0.632904052734375,0.1665496826171875,0.2005462646484375
572,5376_5632_8704_8960,MSAVI,65536,41239,8819.0,50058.0,15478.0,best,0.6292572021484375,0.1345672607421875,0.236175537109375
573,5632_5888_512_768,MSAVI,65536,34341,2590.0,36931.0,28605.0,best,0.5240020751953125,0.039520263671875,0.4364776611328125
574,5632_5888_768_1024,MSAVI,65536,38329,2997.0,41326.0,24210.0,best,0.5848541259765625,0.0457305908203125,0.369415283203125
575,5632_5888_1024_1280,MSAVI,65536,42571,11750.0,54321.0,11215.0,best,0.6495819091796875,0.179290771484375,0.1711273193359375
576,5632_5888_1280_1536,MSAVI,65536,40164,7718.0,47882.0,17654.0,best,0.61285400390625,0.117767333984375,0.269378662109375
577,5632_5888_1536_1792,MSAVI,65536,36406,7075.0,43481.0,22055.0,best,0.555511474609375,0.1079559326171875,0.3365325927734375
578,5632_5888_1792_2048,MSAVI,65536,40439,1923.0,42362.0,23174.0,best,0.6170501708984375,0.0293426513671875,0.353607177734375
579,5632_5888_2048_2304,MSAVI,65536,37793,4939.0,42732.0,22804.0,best,0.5766754150390625,0.0753631591796875,0.34796142578125
580,5632_5888_2304_2560,MSAVI,65536,38651,5032.0,43683.0,21853.0,best,0.5897674560546875,0.0767822265625,0.3334503173828125
581,5632_5888_2560_2816,MSAVI,65536,41496,1510.0,43006.0,22530.0,best,0.6331787109375,0.023040771484375,0.343780517578125
582,5632_5888_2816_3072,MSAVI,65536,39171,3520.0,42691.0,22845.0,best,0.5977020263671875,0.0537109375,0.3485870361328125
583,5632_5888_3072_3328,MSAVI,65536,36841,3677.0,40518.0,25018.0,best,0.5621490478515625,0.0561065673828125,0.381744384765625
584,5632_5888_3328_3584,MSAVI,65536,39811,2857.0,42668.0,22868.0,best,0.6074676513671875,0.0435943603515625,0.34893798828125
585,5632_5888_3584_3840,MSAVI,65536,39802,3822.0,43624.0,21912.0,best,0.607330322265625,0.058319091796875,0.3343505859375
586,5632_5888_3840_4096,MSAVI,65536,36341,3148.0,39489.0,26047.0,best,0.5545196533203125,0.04803466796875,0.3974456787109375
587,5632_5888_4096_4352,MSAVI,65536,37312,5210.0,42522.0,23014.0,best,0.5693359375,0.079498291015625,0.351165771484375
588,5632_5888_4352_4608,MSAVI,65536,39199,8721.0,47920.0,17616.0,best,0.5981292724609375,0.1330718994140625,0.268798828125
589,5632_5888_4608_4864,MSAVI,65536,42259,5032.0,47291.0,18245.0,best,0.6448211669921875,0.0767822265625,0.2783966064453125
590,5632_5888_4864_5120,MSAVI,65536,39392,3701.0,43093.0,22443.0,best,0.60107421875,0.0564727783203125,0.3424530029296875
591,5632_5888_5120_5376,MSAVI,65536,44836,6678.0,51514.0,14022.0,best,0.68414306640625,0.101898193359375,0.213958740234375
592,5632_5888_5376_5632,MSAVI,65536,39268,4352.0,43620.0,21916.0,best,0.59918212890625,0.06640625,0.33441162109375
593,5632_5888_5632_5888,MSAVI,65536,40712,2576.0,43288.0,22248.0,best,0.6212158203125,0.039306640625,0.3394775390625
594,5632_5888_5888_6144,MSAVI,65536,36437,2026.0,38463.0,27073.0,best,0.5559844970703125,0.030914306640625,0.4131011962890625
595,5632_5888_6144_6400,MSAVI,65536,30416,7329.0,37745.0,27791.0,best,0.464111328125,0.1118316650390625,0.4240570068359375
596,5632_5888_6400_6656,MSAVI,65536,38129,5300.0,43429.0,22107.0,best,0.5818023681640625,0.08087158203125,0.3373260498046875
597,5632_5888_6656_6912,MSAVI,65536,34356,4441.0,38797.0,26739.0,best,0.52423095703125,0.0677642822265625,0.4080047607421875
598,5632_5888_6912_7168,MSAVI,65536,35586,3757.0,39343.0,26193.0,best,0.542999267578125,0.0573272705078125,0.3996734619140625
599,5632_5888_7168_7424,MSAVI,65536,37775,3463.0,41238.0,24298.0,best,0.5764007568359375,0.0528411865234375,0.370758056640625
600,5632_5888_7424_7680,MSAVI,65536,39252,1494.0,40746.0,24790.0,best,0.59893798828125,0.022796630859375,0.378265380859375
601,5632_5888_7680_7936,MSAVI,65536,36689,2384.0,39073.0,26463.0,best,0.5598297119140625,0.036376953125,0.4037933349609375
602,5632_5888_7936_8192,MSAVI,65536,35818,6399.0,42217.0,23319.0,best,0.546539306640625,0.0976409912109375,0.3558197021484375
603,5632_5888_8192_8448,MSAVI,65536,48759,5089.0,53848.0,11688.0,best,0.7440032958984375,0.0776519775390625,0.1783447265625
604,5632_5888_8448_8704,MSAVI,65536,41060,7335.0,48395.0,17141.0,best,0.62652587890625,0.1119232177734375,0.2615509033203125
605,5632_5888_8704_8960,MSAVI,65536,41638,4239.0,45877.0,19659.0,best,0.635345458984375,0.0646820068359375,0.2999725341796875
606,5888_6144_512_768,MSAVI,65536,38232,2119.0,40351.0,25185.0,best,0.5833740234375,0.0323333740234375,0.3842926025390625
607,5888_6144_768_1024,MSAVI,65536,36688,2442.0,39130.0,26406.0,best,0.559814453125,0.037261962890625,0.402923583984375
608,5888_6144_1024_1280,MSAVI,65536,37802,4250.0,42052.0,23484.0,best,0.576812744140625,0.064849853515625,0.35833740234375
609,5888_6144_1280_1536,MSAVI,65536,39144,7589.0,46733.0,18803.0,best,0.5972900390625,0.1157989501953125,0.2869110107421875
610,5888_6144_1536_1792,MSAVI,65536,38894,3131.0,42025.0,23511.0,best,0.593475341796875,0.0477752685546875,0.3587493896484375
611,5888_6144_1792_2048,MSAVI,65536,38702,4258.0,42960.0,22576.0,best,0.590545654296875,0.064971923828125,0.344482421875
612,5888_6144_2048_2304,MSAVI,65536,40432,1776.0,42208.0,23328.0,best,0.616943359375,0.027099609375,0.35595703125
613,5888_6144_2304_2560,MSAVI,65536,41763,1791.0,43554.0,21982.0,best,0.6372528076171875,0.0273284912109375,0.335418701171875
614,5888_6144_2560_2816,MSAVI,65536,39232,854.0,40086.0,25450.0,best,0.5986328125,0.013031005859375,0.388336181640625
615,5888_6144_2816_3072,MSAVI,65536,38599,3009.0,41608.0,23928.0,best,0.5889739990234375,0.0459136962890625,0.3651123046875
616,5888_6144_3072_3328,MSAVI,65536,41996,5191.0,47187.0,18349.0,best,0.64080810546875,0.0792083740234375,0.2799835205078125
617,5888_6144_3328_3584,MSAVI,65536,44046,1500.0,45546.0,19990.0,best,0.672088623046875,0.02288818359375,0.305023193359375
618,5888_6144_3584_3840,MSAVI,65536,39399,2028.0,41427.0,24109.0,best,0.6011810302734375,0.03094482421875,0.3678741455078125
619,5888_6144_3840_4096,MSAVI,65536,34281,5839.0,40120.0,25416.0,best,0.5230865478515625,0.0890960693359375,0.3878173828125
620,5888_6144_4096_4352,MSAVI,65536,40158,5081.0,45239.0,20297.0,best,0.612762451171875,0.0775299072265625,0.3097076416015625
621,5888_6144_4352_4608,MSAVI,65536,40148,4249.0,44397.0,21139.0,best,0.61260986328125,0.0648345947265625,0.3225555419921875
622,5888_6144_4608_4864,MSAVI,65536,43220,1518.0,44738.0,20798.0,best,0.65948486328125,0.023162841796875,0.317352294921875
623,5888_6144_4864_5120,MSAVI,65536,39372,3833.0,43205.0,22331.0,best,0.60076904296875,0.0584869384765625,0.3407440185546875
624,5888_6144_5120_5376,MSAVI,65536,46116,1315.0,47431.0,18105.0,best,0.70367431640625,0.0200653076171875,0.2762603759765625
625,5888_6144_5376_5632,MSAVI,65536,43237,9669.0,52906.0,12630.0,best,0.6597442626953125,0.1475372314453125,0.192718505859375
626,5888_6144_5632_5888,MSAVI,65536,38797,2652.0,41449.0,24087.0,best,0.5919952392578125,0.04046630859375,0.3675384521484375
627,5888_6144_5888_6144,MSAVI,65536,36698,8528.0,45226.0,20310.0,best,0.559967041015625,0.130126953125,0.309906005859375
628,5888_6144_6144_6400,MSAVI,65536,37202,2822.0,40024.0,25512.0,best,0.567657470703125,0.043060302734375,0.3892822265625
629,5888_6144_6400_6656,MSAVI,65536,1067,40722.0,41789.0,23747.0,best,0.0162811279296875,0.621368408203125,0.3623504638671875
630,5888_6144_6656_6912,MSAVI,65536,9622,54851.0,64473.0,1063.0,best,0.146820068359375,0.8369598388671875,0.0162200927734375
631,5888_6144_6912_7168,MSAVI,65536,39559,12255.0,51814.0,13722.0,best,0.6036224365234375,0.1869964599609375,0.209381103515625
632,5888_6144_7168_7424,MSAVI,65536,37850,9032.0,46882.0,18654.0,best,0.577545166015625,0.1378173828125,0.284637451171875
633,5888_6144_7424_7680,MSAVI,65536,39620,5744.0,45364.0,20172.0,best,0.60455322265625,0.087646484375,0.30780029296875
634,5888_6144_7680_7936,MSAVI,65536,36040,4608.0,40648.0,24888.0,best,0.5499267578125,0.0703125,0.3797607421875
635,5888_6144_7936_8192,MSAVI,65536,35881,8921.0,44802.0,20734.0,best,0.5475006103515625,0.1361236572265625,0.316375732421875
636,5888_6144_8192_8448,MSAVI,65536,46360,4342.0,50702.0,14834.0,best,0.7073974609375,0.066253662109375,0.226348876953125
637,5888_6144_8448_8704,MSAVI,65536,39769,6220.0,45989.0,19547.0,best,0.6068267822265625,0.09490966796875,0.2982635498046875
638,6144_6400_512_768,MSAVI,65536,37648,2716.0,40364.0,25172.0,best,0.574462890625,0.04144287109375,0.38409423828125
639,6144_6400_768_1024,MSAVI,65536,36940,4987.0,41927.0,23609.0,best,0.56365966796875,0.0760955810546875,0.3602447509765625
640,6144_6400_1024_1280,MSAVI,65536,41078,5393.0,46471.0,19065.0,best,0.626800537109375,0.0822906494140625,0.2909088134765625
641,6144_6400_1280_1536,MSAVI,65536,42602,3476.0,46078.0,19458.0,best,0.650054931640625,0.05303955078125,0.296905517578125
642,6144_6400_1536_1792,MSAVI,65536,39096,5108.0,44204.0,21332.0,best,0.5965576171875,0.07794189453125,0.32550048828125
643,6144_6400_1792_2048,MSAVI,65536,37118,2855.0,39973.0,25563.0,best,0.566375732421875,0.0435638427734375,0.3900604248046875
644,6144_6400_2048_2304,MSAVI,65536,41279,4217.0,45496.0,20040.0,best,0.6298675537109375,0.0643463134765625,0.3057861328125
645,6144_6400_2304_2560,MSAVI,65536,40595,3543.0,44138.0,21398.0,best,0.6194305419921875,0.0540618896484375,0.326507568359375
646,6144_6400_2560_2816,MSAVI,65536,37797,1889.0,39686.0,25850.0,best,0.5767364501953125,0.0288238525390625,0.394439697265625
647,6144_6400_2816_3072,MSAVI,65536,40665,2963.0,43628.0,21908.0,best,0.6204986572265625,0.0452117919921875,0.33428955078125
648,6144_6400_3072_3328,MSAVI,65536,39408,2515.0,41923.0,23613.0,best,0.601318359375,0.0383758544921875,0.3603057861328125
649,6144_6400_3328_3584,MSAVI,65536,40089,4503.0,44592.0,20944.0,best,0.6117095947265625,0.0687103271484375,0.319580078125
650,6144_6400_3584_3840,MSAVI,65536,45219,3266.0,48485.0,17051.0,best,0.6899871826171875,0.049835205078125,0.2601776123046875
651,6144_6400_3840_4096,MSAVI,65536,47018,2561.0,49579.0,15957.0,best,0.717437744140625,0.0390777587890625,0.2434844970703125
652,6144_6400_4096_4352,MSAVI,65536,41330,6414.0,47744.0,17792.0,best,0.630645751953125,0.097869873046875,0.271484375
653,6144_6400_4352_4608,MSAVI,65536,37874,1979.0,39853.0,25683.0,best,0.577911376953125,0.0301971435546875,0.3918914794921875
654,6144_6400_4608_4864,MSAVI,65536,41634,1028.0,42662.0,22874.0,best,0.635284423828125,0.01568603515625,0.349029541015625
655,6144_6400_4864_5120,MSAVI,65536,44481,1341.0,45822.0,19714.0,best,0.6787261962890625,0.0204620361328125,0.300811767578125
656,6144_6400_5120_5376,MSAVI,65536,47658,483.0,48141.0,17395.0,best,0.727203369140625,0.0073699951171875,0.2654266357421875
657,6144_6400_5376_5632,MSAVI,65536,42287,1751.0,44038.0,21498.0,best,0.6452484130859375,0.0267181396484375,0.328033447265625
658,6144_6400_5632_5888,MSAVI,65536,41573,1077.0,42650.0,22886.0,best,0.6343536376953125,0.0164337158203125,0.349212646484375
659,6144_6400_5888_6144,MSAVI,65536,39510,2750.0,42260.0,23276.0,best,0.602874755859375,0.041961669921875,0.35516357421875
660,6144_6400_6144_6400,MSAVI,65536,38161,6476.0,44637.0,20899.0,best,0.5822906494140625,0.09881591796875,0.3188934326171875
661,6144_6400_6400_6656,MSAVI,65536,10331,52992.0,63323.0,2213.0,best,0.1576385498046875,0.80859375,0.0337677001953125
662,6144_6400_6656_6912,MSAVI,65536,28787,8715.0,37502.0,28034.0,best,0.4392547607421875,0.1329803466796875,0.427764892578125
663,6144_6400_6912_7168,MSAVI,65536,40102,8057.0,48159.0,17377.0,best,0.611907958984375,0.1229400634765625,0.2651519775390625
664,6144_6400_7168_7424,MSAVI,65536,40573,10877.0,51450.0,14086.0,best,0.6190948486328125,0.1659698486328125,0.214935302734375
665,6144_6400_7424_7680,MSAVI,65536,40787,5888.0,46675.0,18861.0,best,0.6223602294921875,0.08984375,0.2877960205078125
666,6144_6400_7680_7936,MSAVI,65536,38537,1906.0,40443.0,25093.0,best,0.5880279541015625,0.029083251953125,0.3828887939453125
667,6144_6400_7936_8192,MSAVI,65536,38780,3755.0,42535.0,23001.0,best,0.59173583984375,0.0572967529296875,0.3509674072265625
668,6144_6400_8192_8448,MSAVI,65536,41253,7051.0,48304.0,17232.0,best,0.6294708251953125,0.1075897216796875,0.262939453125
669,6144_6400_8448_8704,MSAVI,65536,42689,1521.0,44210.0,21326.0,best,0.6513824462890625,0.0232086181640625,0.325408935546875
670,6400_6656_256_512,MSAVI,65536,40207,1045.0,41252.0,24284.0,best,0.6135101318359375,0.0159454345703125,0.37054443359375
671,6400_6656_512_768,MSAVI,65536,35763,4898.0,40661.0,24875.0,best,0.5457000732421875,0.074737548828125,0.3795623779296875
672,6400_6656_768_1024,MSAVI,65536,39790,5240.0,45030.0,20506.0,best,0.607147216796875,0.0799560546875,0.312896728515625
673,6400_6656_1024_1280,MSAVI,65536,43023,3702.0,46725.0,18811.0,best,0.6564788818359375,0.056488037109375,0.2870330810546875
674,6400_6656_1280_1536,MSAVI,65536,42721,7198.0,49919.0,15617.0,best,0.6518707275390625,0.109832763671875,0.2382965087890625
675,6400_6656_1536_1792,MSAVI,65536,36436,1922.0,38358.0,27178.0,best,0.55596923828125,0.029327392578125,0.414703369140625
676,6400_6656_1792_2048,MSAVI,65536,37214,3063.0,40277.0,25259.0,best,0.567840576171875,0.0467376708984375,0.3854217529296875
677,6400_6656_2048_2304,MSAVI,65536,40160,2898.0,43058.0,22478.0,best,0.61279296875,0.044219970703125,0.342987060546875
678,6400_6656_2304_2560,MSAVI,65536,42913,1561.0,44474.0,21062.0,best,0.6548004150390625,0.0238189697265625,0.321380615234375
679,6400_6656_2560_2816,MSAVI,65536,41477,4964.0,46441.0,19095.0,best,0.6328887939453125,0.07574462890625,0.2913665771484375
680,6400_6656_2816_3072,MSAVI,65536,43798,5950.0,49748.0,15788.0,best,0.668304443359375,0.090789794921875,0.24090576171875
681,6400_6656_3072_3328,MSAVI,65536,39918,3224.0,43142.0,22394.0,best,0.609100341796875,0.0491943359375,0.341705322265625
682,6400_6656_3328_3584,MSAVI,65536,35493,4448.0,39941.0,25595.0,best,0.5415802001953125,0.06787109375,0.3905487060546875
683,6400_6656_3584_3840,MSAVI,65536,37510,2055.0,39565.0,25971.0,best,0.572357177734375,0.0313568115234375,0.3962860107421875
684,6400_6656_3840_4096,MSAVI,65536,43759,3383.0,47142.0,18394.0,best,0.6677093505859375,0.0516204833984375,0.280670166015625
685,6400_6656_4096_4352,MSAVI,65536,43152,6015.0,49167.0,16369.0,best,0.658447265625,0.0917816162109375,0.2497711181640625
686,6400_6656_4352_4608,MSAVI,65536,37678,4939.0,42617.0,22919.0,best,0.574920654296875,0.0753631591796875,0.3497161865234375
687,6400_6656_4608_4864,MSAVI,65536,38710,1701.0,40411.0,25125.0,best,0.590667724609375,0.0259552001953125,0.3833770751953125
688,6400_6656_4864_5120,MSAVI,65536,44641,7545.0,52186.0,13350.0,best,0.6811676025390625,0.1151275634765625,0.203704833984375
689,6400_6656_5120_5376,MSAVI,65536,43944,3277.0,47221.0,18315.0,best,0.6705322265625,0.0500030517578125,0.2794647216796875
690,6400_6656_5376_5632,MSAVI,65536,42375,748.0,43123.0,22413.0,best,0.6465911865234375,0.01141357421875,0.3419952392578125
691,6400_6656_5632_5888,MSAVI,65536,38682,2764.0,41446.0,24090.0,best,0.590240478515625,0.04217529296875,0.367584228515625
692,6400_6656_5888_6144,MSAVI,65536,41614,5649.0,47263.0,18273.0,best,0.634979248046875,0.0861968994140625,0.2788238525390625
693,6400_6656_6144_6400,MSAVI,65536,39672,4202.0,43874.0,21662.0,best,0.6053466796875,0.064117431640625,0.330535888671875
694,6400_6656_6400_6656,MSAVI,65536,33194,4225.0,37419.0,28117.0,best,0.506500244140625,0.0644683837890625,0.4290313720703125
695,6400_6656_6656_6912,MSAVI,65536,13137,46010.0,59147.0,6389.0,best,0.2004547119140625,0.702056884765625,0.0974884033203125
696,6400_6656_6912_7168,MSAVI,65536,35992,4129.0,40121.0,25415.0,best,0.5491943359375,0.0630035400390625,0.3878021240234375
697,6400_6656_7168_7424,MSAVI,65536,38239,7720.0,45959.0,19577.0,best,0.5834808349609375,0.1177978515625,0.2987213134765625
698,6400_6656_7424_7680,MSAVI,65536,35884,2567.0,38451.0,27085.0,best,0.54754638671875,0.0391693115234375,0.4132843017578125
699,6400_6656_7680_7936,MSAVI,65536,39693,2226.0,41919.0,23617.0,best,0.6056671142578125,0.033966064453125,0.3603668212890625
700,6400_6656_7936_8192,MSAVI,65536,42029,9266.0,51295.0,14241.0,best,0.6413116455078125,0.141387939453125,0.2173004150390625
701,6400_6656_8192_8448,MSAVI,65536,39815,3590.0,43405.0,22131.0,best,0.6075286865234375,0.054779052734375,0.3376922607421875
702,6400_6656_8448_8704,MSAVI,65536,42118,7587.0,49705.0,15831.0,best,0.642669677734375,0.1157684326171875,0.2415618896484375
703,6656_6912_256_512,MSAVI,65536,37626,3089.0,40715.0,24821.0,best,0.574127197265625,0.0471343994140625,0.3787384033203125
704,6656_6912_512_768,MSAVI,65536,37364,2770.0,40134.0,25402.0,best,0.57012939453125,0.042266845703125,0.387603759765625
705,6656_6912_768_1024,MSAVI,65536,41256,4176.0,45432.0,20104.0,best,0.6295166015625,0.063720703125,0.3067626953125
706,6656_6912_1024_1280,MSAVI,65536,42049,2125.0,44174.0,21362.0,best,0.6416168212890625,0.0324249267578125,0.325958251953125
707,6656_6912_1280_1536,MSAVI,65536,41157,2711.0,43868.0,21668.0,best,0.6280059814453125,0.0413665771484375,0.33062744140625
708,6656_6912_1536_1792,MSAVI,65536,41076,2563.0,43639.0,21897.0,best,0.62677001953125,0.0391082763671875,0.3341217041015625
709,6656_6912_1792_2048,MSAVI,65536,40870,4278.0,45148.0,20388.0,best,0.623626708984375,0.065277099609375,0.31109619140625
710,6656_6912_2048_2304,MSAVI,65536,42025,2892.0,44917.0,20619.0,best,0.6412506103515625,0.04412841796875,0.3146209716796875
711,6656_6912_2304_2560,MSAVI,65536,54157,2661.0,56818.0,8718.0,best,0.8263702392578125,0.0406036376953125,0.133026123046875
712,6656_6912_2560_2816,MSAVI,65536,35890,5692.0,41582.0,23954.0,best,0.547637939453125,0.08685302734375,0.365509033203125
713,6656_6912_2816_3072,MSAVI,65536,37113,7766.0,44879.0,20657.0,best,0.5662994384765625,0.118499755859375,0.3152008056640625
714,6656_6912_3072_3328,MSAVI,65536,39070,4801.0,43871.0,21665.0,best,0.596160888671875,0.0732574462890625,0.3305816650390625
715,6656_6912_3328_3584,MSAVI,65536,38896,4178.0,43074.0,22462.0,best,0.593505859375,0.063751220703125,0.342742919921875
716,6656_6912_3584_3840,MSAVI,65536,36877,2539.0,39416.0,26120.0,best,0.5626983642578125,0.0387420654296875,0.3985595703125
717,6656_6912_3840_4096,MSAVI,65536,40383,7021.0,47404.0,18132.0,best,0.6161956787109375,0.1071319580078125,0.27667236328125
718,6656_6912_4096_4352,MSAVI,65536,41966,4081.0,46047.0,19489.0,best,0.640350341796875,0.0622711181640625,0.2973785400390625
719,6656_6912_4352_4608,MSAVI,65536,40798,1578.0,42376.0,23160.0,best,0.622528076171875,0.024078369140625,0.3533935546875
720,6656_6912_4608_4864,MSAVI,65536,37855,3700.0,41555.0,23981.0,best,0.5776214599609375,0.05645751953125,0.3659210205078125
721,6656_6912_4864_5120,MSAVI,65536,42297,1511.0,43808.0,21728.0,best,0.6454010009765625,0.0230560302734375,0.33154296875
722,6656_6912_5120_5376,MSAVI,65536,44501,3224.0,47725.0,17811.0,best,0.6790313720703125,0.0491943359375,0.2717742919921875
723,6656_6912_5376_5632,MSAVI,65536,40649,1384.0,42033.0,23503.0,best,0.6202545166015625,0.0211181640625,0.3586273193359375
724,6656_6912_5632_5888,MSAVI,65536,39668,3406.0,43074.0,22462.0,best,0.60528564453125,0.051971435546875,0.342742919921875
725,6656_6912_5888_6144,MSAVI,65536,37605,5644.0,43249.0,22287.0,best,0.5738067626953125,0.08612060546875,0.3400726318359375
726,6656_6912_6144_6400,MSAVI,65536,44183,4599.0,48782.0,16754.0,best,0.6741790771484375,0.0701751708984375,0.255645751953125
727,6656_6912_6400_6656,MSAVI,65536,36402,2741.0,39143.0,26393.0,best,0.555450439453125,0.0418243408203125,0.4027252197265625
728,6656_6912_6656_6912,MSAVI,65536,38980,4374.0,43354.0,22182.0,best,0.59478759765625,0.066741943359375,0.338470458984375
729,6656_6912_6912_7168,MSAVI,65536,39688,2655.0,42343.0,23193.0,best,0.6055908203125,0.0405120849609375,0.3538970947265625
730,6656_6912_7168_7424,MSAVI,65536,39798,2612.0,42410.0,23126.0,best,0.607269287109375,0.03985595703125,0.352874755859375
731,6656_6912_7424_7680,MSAVI,65536,35971,1148.0,37119.0,28417.0,best,0.5488739013671875,0.01751708984375,0.4336090087890625
732,6656_6912_7680_7936,MSAVI,65536,38473,1377.0,39850.0,25686.0,best,0.5870513916015625,0.0210113525390625,0.391937255859375
733,6656_6912_7936_8192,MSAVI,65536,39796,3709.0,43505.0,22031.0,best,0.60723876953125,0.0565948486328125,0.3361663818359375
734,6656_6912_8192_8448,MSAVI,65536,38246,4934.0,43180.0,22356.0,best,0.583587646484375,0.075286865234375,0.34112548828125
735,6912_7168_256_512,MSAVI,65536,38204,1532.0,39736.0,25800.0,best,0.58294677734375,0.02337646484375,0.3936767578125
736,6912_7168_512_768,MSAVI,65536,34441,5791.0,40232.0,25304.0,best,0.5255279541015625,0.0883636474609375,0.3861083984375
737,6912_7168_768_1024,MSAVI,65536,36656,3753.0,40409.0,25127.0,best,0.559326171875,0.0572662353515625,0.3834075927734375
738,6912_7168_1024_1280,MSAVI,65536,39084,2643.0,41727.0,23809.0,best,0.59637451171875,0.0403289794921875,0.3632965087890625
739,6912_7168_1280_1536,MSAVI,65536,39072,1930.0,41002.0,24534.0,best,0.59619140625,0.029449462890625,0.374359130859375
740,6912_7168_1536_1792,MSAVI,65536,35938,3143.0,39081.0,26455.0,best,0.548370361328125,0.0479583740234375,0.4036712646484375
741,6912_7168_1792_2048,MSAVI,65536,38728,4736.0,43464.0,22072.0,best,0.5909423828125,0.072265625,0.3367919921875
742,6912_7168_2048_2304,MSAVI,65536,38956,8634.0,47590.0,17946.0,best,0.59442138671875,0.131744384765625,0.273834228515625
743,6912_7168_2304_2560,MSAVI,65536,44088,2613.0,46701.0,18835.0,best,0.6727294921875,0.0398712158203125,0.2873992919921875
744,6912_7168_2560_2816,MSAVI,65536,42021,3107.0,45128.0,20408.0,best,0.6411895751953125,0.0474090576171875,0.3114013671875
745,6912_7168_2816_3072,MSAVI,65536,39763,2690.0,42453.0,23083.0,best,0.6067352294921875,0.041046142578125,0.3522186279296875
746,6912_7168_3072_3328,MSAVI,65536,38042,4058.0,42100.0,23436.0,best,0.580474853515625,0.061920166015625,0.35760498046875
747,6912_7168_3328_3584,MSAVI,65536,40433,2112.0,42545.0,22991.0,best,0.6169586181640625,0.0322265625,0.3508148193359375
748,6912_7168_3584_3840,MSAVI,65536,38733,1793.0,40526.0,25010.0,best,0.5910186767578125,0.0273590087890625,0.381622314453125
749,6912_7168_3840_4096,MSAVI,65536,45386,1365.0,46751.0,18785.0,best,0.692535400390625,0.0208282470703125,0.2866363525390625
750,6912_7168_4096_4352,MSAVI,65536,40784,5340.0,46124.0,19412.0,best,0.622314453125,0.08148193359375,0.29620361328125
751,6912_7168_4352_4608,MSAVI,65536,40951,850.0,41801.0,23735.0,best,0.6248626708984375,0.012969970703125,0.3621673583984375
752,6912_7168_4608_4864,MSAVI,65536,37523,2781.0,40304.0,25232.0,best,0.5725555419921875,0.0424346923828125,0.385009765625
753,6912_7168_4864_5120,MSAVI,65536,39423,3452.0,42875.0,22661.0,best,0.6015472412109375,0.05267333984375,0.3457794189453125
754,6912_7168_5120_5376,MSAVI,65536,57315,3210.0,60525.0,5011.0,best,0.8745574951171875,0.048980712890625,0.0764617919921875
755,6912_7168_5376_5632,MSAVI,65536,40877,3673.0,44550.0,20986.0,best,0.6237335205078125,0.0560455322265625,0.320220947265625
756,6912_7168_5632_5888,MSAVI,65536,49034,1580.0,50614.0,14922.0,best,0.748199462890625,0.02410888671875,0.227691650390625
757,6912_7168_5888_6144,MSAVI,65536,45886,5106.0,50992.0,14544.0,best,0.700164794921875,0.077911376953125,0.221923828125
758,6912_7168_6144_6400,MSAVI,65536,37358,1259.0,38617.0,26919.0,best,0.570037841796875,0.0192108154296875,0.4107513427734375
759,6912_7168_6400_6656,MSAVI,65536,37196,2407.0,39603.0,25933.0,best,0.56756591796875,0.0367279052734375,0.3957061767578125
760,6912_7168_6656_6912,MSAVI,65536,36885,3058.0,39943.0,25593.0,best,0.5628204345703125,0.046661376953125,0.3905181884765625
761,6912_7168_6912_7168,MSAVI,65536,35906,6212.0,42118.0,23418.0,best,0.547882080078125,0.09478759765625,0.357330322265625
762,6912_7168_7168_7424,MSAVI,65536,39561,5942.0,45503.0,20033.0,best,0.6036529541015625,0.090667724609375,0.3056793212890625
763,6912_7168_7424_7680,MSAVI,65536,33581,2844.0,36425.0,29111.0,best,0.5124053955078125,0.04339599609375,0.4441986083984375
764,6912_7168_7680_7936,MSAVI,65536,42204,3564.0,45768.0,19768.0,best,0.64398193359375,0.05438232421875,0.3016357421875
765,6912_7168_7936_8192,MSAVI,65536,39536,4802.0,44338.0,21198.0,best,0.603271484375,0.073272705078125,0.323455810546875
766,6912_7168_8192_8448,MSAVI,65536,35344,3724.0,39068.0,26468.0,best,0.539306640625,0.05682373046875,0.40386962890625
767,7168_7424_256_512,MSAVI,65536,39484,1811.0,41295.0,24241.0,best,0.60247802734375,0.0276336669921875,0.3698883056640625
768,7168_7424_512_768,MSAVI,65536,38499,4595.0,43094.0,22442.0,best,0.5874481201171875,0.0701141357421875,0.342437744140625
769,7168_7424_768_1024,MSAVI,65536,35459,5936.0,41395.0,24141.0,best,0.5410614013671875,0.090576171875,0.3683624267578125
770,7168_7424_1024_1280,MSAVI,65536,37217,3663.0,40880.0,24656.0,best,0.5678863525390625,0.0558929443359375,0.376220703125
771,7168_7424_1280_1536,MSAVI,65536,38264,3478.0,41742.0,23794.0,best,0.5838623046875,0.053070068359375,0.363067626953125
772,7168_7424_1536_1792,MSAVI,65536,39018,3224.0,42242.0,23294.0,best,0.595367431640625,0.0491943359375,0.355438232421875
773,7168_7424_1792_2048,MSAVI,65536,38633,4287.0,42920.0,22616.0,best,0.5894927978515625,0.0654144287109375,0.3450927734375
774,7168_7424_2048_2304,MSAVI,65536,38380,2435.0,40815.0,24721.0,best,0.58563232421875,0.0371551513671875,0.3772125244140625
775,7168_7424_2304_2560,MSAVI,65536,39794,1024.0,40818.0,24718.0,best,0.607208251953125,0.015625,0.377166748046875
776,7168_7424_2560_2816,MSAVI,65536,39253,5567.0,44820.0,20716.0,best,0.5989532470703125,0.0849456787109375,0.31610107421875
777,7168_7424_2816_3072,MSAVI,65536,41725,5281.0,47006.0,18530.0,best,0.6366729736328125,0.0805816650390625,0.282745361328125
778,7168_7424_3072_3328,MSAVI,65536,52447,4893.0,57340.0,8196.0,best,0.8002777099609375,0.0746612548828125,0.12506103515625
779,7168_7424_3328_3584,MSAVI,65536,42733,3191.0,45924.0,19612.0,best,0.6520538330078125,0.0486907958984375,0.29925537109375
780,7168_7424_3584_3840,MSAVI,65536,37060,4430.0,41490.0,24046.0,best,0.56549072265625,0.067596435546875,0.366912841796875
781,7168_7424_3840_4096,MSAVI,65536,39975,2725.0,42700.0,22836.0,best,0.6099700927734375,0.0415802001953125,0.34844970703125
782,7168_7424_4096_4352,MSAVI,65536,38053,1490.0,39543.0,25993.0,best,0.5806427001953125,0.022735595703125,0.3966217041015625
783,7168_7424_4352_4608,MSAVI,65536,41296,702.0,41998.0,23538.0,best,0.630126953125,0.010711669921875,0.359161376953125
784,7168_7424_4608_4864,MSAVI,65536,43585,2468.0,46053.0,19483.0,best,0.6650543212890625,0.03765869140625,0.2972869873046875
785,7168_7424_4864_5120,MSAVI,65536,39589,3681.0,43270.0,22266.0,best,0.6040802001953125,0.0561676025390625,0.339752197265625
786,7168_7424_5120_5376,MSAVI,65536,23560,21507.0,45067.0,20469.0,best,0.3594970703125,0.3281707763671875,0.3123321533203125
787,7168_7424_5376_5632,MSAVI,65536,42231,3385.0,45616.0,19920.0,best,0.6443939208984375,0.0516510009765625,0.303955078125
788,7168_7424_5632_5888,MSAVI,65536,57720,899.0,58619.0,6917.0,best,0.8807373046875,0.0137176513671875,0.1055450439453125
789,7168_7424_5888_6144,MSAVI,65536,43080,6231.0,49311.0,16225.0,best,0.6573486328125,0.0950775146484375,0.2475738525390625
790,7168_7424_6144_6400,MSAVI,65536,40377,3800.0,44177.0,21359.0,best,0.6161041259765625,0.0579833984375,0.3259124755859375
791,7168_7424_6400_6656,MSAVI,65536,35956,1898.0,37854.0,27682.0,best,0.54864501953125,0.028961181640625,0.422393798828125
792,7168_7424_6656_6912,MSAVI,65536,37020,3551.0,40571.0,24965.0,best,0.56488037109375,0.0541839599609375,0.3809356689453125
793,7168_7424_6912_7168,MSAVI,65536,37675,5539.0,43214.0,22322.0,best,0.5748748779296875,0.0845184326171875,0.340606689453125
794,7168_7424_7168_7424,MSAVI,65536,35974,1276.0,37250.0,28286.0,best,0.548919677734375,0.01947021484375,0.431610107421875
795,7168_7424_7424_7680,MSAVI,65536,34050,1322.0,35372.0,30164.0,best,0.519561767578125,0.020172119140625,0.46026611328125
796,7168_7424_7680_7936,MSAVI,65536,30340,1896.0,32236.0,33300.0,best,0.46295166015625,0.0289306640625,0.50811767578125
797,7168_7424_7936_8192,MSAVI,65536,40596,2086.0,42682.0,22854.0,best,0.61944580078125,0.031829833984375,0.348724365234375
798,7424_7680_256_512,MSAVI,65536,39478,3686.0,43164.0,22372.0,best,0.602386474609375,0.056243896484375,0.34136962890625
799,7424_7680_512_768,MSAVI,65536,41021,1544.0,42565.0,22971.0,best,0.6259307861328125,0.0235595703125,0.3505096435546875
800,7424_7680_768_1024,MSAVI,65536,38504,5735.0,44239.0,21297.0,best,0.5875244140625,0.0875091552734375,0.3249664306640625
801,7424_7680_1024_1280,MSAVI,65536,39851,1798.0,41649.0,23887.0,best,0.6080780029296875,0.027435302734375,0.3644866943359375
802,7424_7680_1280_1536,MSAVI,65536,38788,1685.0,40473.0,25063.0,best,0.59185791015625,0.0257110595703125,0.3824310302734375
803,7424_7680_1536_1792,MSAVI,65536,37733,4282.0,42015.0,23521.0,best,0.5757598876953125,0.065338134765625,0.3589019775390625
804,7424_7680_1792_2048,MSAVI,65536,36636,4122.0,40758.0,24778.0,best,0.55902099609375,0.062896728515625,0.378082275390625
805,7424_7680_2048_2304,MSAVI,65536,35808,7418.0,43226.0,22310.0,best,0.54638671875,0.113189697265625,0.340423583984375
806,7424_7680_2304_2560,MSAVI,65536,32235,7578.0,39813.0,25723.0,best,0.4918670654296875,0.115631103515625,0.3925018310546875
807,7424_7680_2560_2816,MSAVI,65536,35672,6051.0,41723.0,23813.0,best,0.5443115234375,0.0923309326171875,0.3633575439453125
808,7424_7680_2816_3072,MSAVI,65536,41532,5997.0,47529.0,18007.0,best,0.63372802734375,0.0915069580078125,0.2747650146484375
809,7424_7680_3072_3328,MSAVI,65536,51298,4989.0,56287.0,9249.0,best,0.782745361328125,0.0761260986328125,0.1411285400390625
810,7424_7680_3328_3584,MSAVI,65536,40126,4426.0,44552.0,20984.0,best,0.612274169921875,0.067535400390625,0.3201904296875
811,7424_7680_3584_3840,MSAVI,65536,37548,9761.0,47309.0,18227.0,best,0.57293701171875,0.1489410400390625,0.2781219482421875
812,7424_7680_3840_4096,MSAVI,65536,40289,6631.0,46920.0,18616.0,best,0.6147613525390625,0.1011810302734375,0.2840576171875
813,7424_7680_4096_4352,MSAVI,65536,38397,4253.0,42650.0,22886.0,best,0.5858917236328125,0.0648956298828125,0.349212646484375
814,7424_7680_4352_4608,MSAVI,65536,39683,878.0,40561.0,24975.0,best,0.6055145263671875,0.013397216796875,0.3810882568359375
815,7424_7680_4608_4864,MSAVI,65536,40272,3405.0,43677.0,21859.0,best,0.614501953125,0.0519561767578125,0.3335418701171875
816,7424_7680_4864_5120,MSAVI,65536,41288,1282.0,42570.0,22966.0,best,0.6300048828125,0.019561767578125,0.350433349609375
817,7424_7680_5120_5376,MSAVI,65536,37694,4920.0,42614.0,22922.0,best,0.575164794921875,0.0750732421875,0.349761962890625
818,7424_7680_5376_5632,MSAVI,65536,39466,5631.0,45097.0,20439.0,best,0.602203369140625,0.0859222412109375,0.3118743896484375
819,7424_7680_5632_5888,MSAVI,65536,37726,5311.0,43037.0,22499.0,best,0.575653076171875,0.0810394287109375,0.3433074951171875
820,7424_7680_5888_6144,MSAVI,65536,37051,5663.0,42714.0,22822.0,best,0.5653533935546875,0.0864105224609375,0.348236083984375
821,7424_7680_6144_6400,MSAVI,65536,37410,4705.0,42115.0,23421.0,best,0.570831298828125,0.0717926025390625,0.3573760986328125
822,7424_7680_6400_6656,MSAVI,65536,42831,5348.0,48179.0,17357.0,best,0.6535491943359375,0.08160400390625,0.2648468017578125
823,7424_7680_6656_6912,MSAVI,65536,40764,8408.0,49172.0,16364.0,best,0.62200927734375,0.1282958984375,0.24969482421875
824,7424_7680_6912_7168,MSAVI,65536,39077,7417.0,46494.0,19042.0,best,0.5962677001953125,0.1131744384765625,0.290557861328125
825,7424_7680_7168_7424,MSAVI,65536,36788,2136.0,38924.0,26612.0,best,0.56134033203125,0.0325927734375,0.40606689453125
826,7424_7680_7424_7680,MSAVI,65536,37650,2964.0,40614.0,24922.0,best,0.574493408203125,0.04522705078125,0.380279541015625
827,7424_7680_7680_7936,MSAVI,65536,34484,4416.0,38900.0,26636.0,best,0.52618408203125,0.0673828125,0.40643310546875
828,7424_7680_7936_8192,MSAVI,65536,39632,15821.0,55453.0,10083.0,best,0.604736328125,0.2414093017578125,0.1538543701171875
829,7680_7936_512_768,MSAVI,65536,34002,6249.0,40251.0,25285.0,best,0.518829345703125,0.0953521728515625,0.3858184814453125
830,7680_7936_768_1024,MSAVI,65536,36929,6283.0,43212.0,22324.0,best,0.5634918212890625,0.0958709716796875,0.34063720703125
831,7680_7936_1024_1280,MSAVI,65536,39500,4819.0,44319.0,21217.0,best,0.60272216796875,0.0735321044921875,0.3237457275390625
832,7680_7936_1280_1536,MSAVI,65536,38337,3837.0,42174.0,23362.0,best,0.5849761962890625,0.0585479736328125,0.356475830078125
833,7680_7936_1536_1792,MSAVI,65536,40792,6111.0,46903.0,18633.0,best,0.6224365234375,0.0932464599609375,0.2843170166015625
834,7680_7936_1792_2048,MSAVI,65536,41485,4898.0,46383.0,19153.0,best,0.6330108642578125,0.074737548828125,0.2922515869140625
835,7680_7936_2048_2304,MSAVI,65536,36508,4002.0,40510.0,25026.0,best,0.55706787109375,0.061065673828125,0.381866455078125
836,7680_7936_2304_2560,MSAVI,65536,36747,4843.0,41590.0,23946.0,best,0.5607147216796875,0.0738983154296875,0.365386962890625
837,7680_7936_2560_2816,MSAVI,65536,36937,7804.0,44741.0,20795.0,best,0.5636138916015625,0.11907958984375,0.3173065185546875
838,7680_7936_2816_3072,MSAVI,65536,38094,10152.0,48246.0,17290.0,best,0.581268310546875,0.1549072265625,0.263824462890625
839,7680_7936_3072_3328,MSAVI,65536,37455,4763.0,42218.0,23318.0,best,0.5715179443359375,0.0726776123046875,0.355804443359375
840,7680_7936_3328_3584,MSAVI,65536,44927,3442.0,48369.0,17167.0,best,0.6855316162109375,0.052520751953125,0.2619476318359375
841,7680_7936_3584_3840,MSAVI,65536,38681,9973.0,48654.0,16882.0,best,0.5902252197265625,0.1521759033203125,0.257598876953125
842,7680_7936_3840_4096,MSAVI,65536,38562,1408.0,39970.0,25566.0,best,0.588409423828125,0.021484375,0.390106201171875
843,7680_7936_4096_4352,MSAVI,65536,38385,2592.0,40977.0,24559.0,best,0.5857086181640625,0.03955078125,0.3747406005859375
844,7680_7936_4352_4608,MSAVI,65536,41076,3371.0,44447.0,21089.0,best,0.62677001953125,0.0514373779296875,0.3217926025390625
845,7680_7936_4608_4864,MSAVI,65536,40242,6485.0,46727.0,18809.0,best,0.614044189453125,0.0989532470703125,0.2870025634765625
846,7680_7936_4864_5120,MSAVI,65536,40398,2682.0,43080.0,22456.0,best,0.616424560546875,0.040924072265625,0.3426513671875
847,7680_7936_5120_5376,MSAVI,65536,41992,2280.0,44272.0,21264.0,best,0.6407470703125,0.0347900390625,0.324462890625
848,7680_7936_5376_5632,MSAVI,65536,39221,5627.0,44848.0,20688.0,best,0.5984649658203125,0.0858612060546875,0.315673828125
849,7680_7936_5632_5888,MSAVI,65536,42762,4985.0,47747.0,17789.0,best,0.652496337890625,0.0760650634765625,0.2714385986328125
850,7680_7936_5888_6144,MSAVI,65536,37520,2909.0,40429.0,25107.0,best,0.572509765625,0.0443878173828125,0.3831024169921875
851,7680_7936_6144_6400,MSAVI,65536,35391,4528.0,39919.0,25617.0,best,0.5400238037109375,0.069091796875,0.3908843994140625
852,7680_7936_6400_6656,MSAVI,65536,35835,3066.0,38901.0,26635.0,best,0.5467987060546875,0.046783447265625,0.4064178466796875
853,7680_7936_6656_6912,MSAVI,65536,41395,4745.0,46140.0,19396.0,best,0.6316375732421875,0.0724029541015625,0.29595947265625
854,7680_7936_6912_7168,MSAVI,65536,37145,6710.0,43855.0,21681.0,best,0.5667877197265625,0.102386474609375,0.3308258056640625
855,7680_7936_7168_7424,MSAVI,65536,39319,3637.0,42956.0,22580.0,best,0.5999603271484375,0.0554962158203125,0.34454345703125
856,7680_7936_7424_7680,MSAVI,65536,39670,2563.0,42233.0,23303.0,best,0.605316162109375,0.0391082763671875,0.3555755615234375
857,7680_7936_7680_7936,MSAVI,65536,40344,4952.0,45296.0,20240.0,best,0.6156005859375,0.0755615234375,0.308837890625
858,7680_7936_7936_8192,MSAVI,65536,42096,4970.0,47066.0,18470.0,best,0.642333984375,0.075836181640625,0.281829833984375
859,7936_8192_1024_1280,MSAVI,65536,41713,2748.0,44461.0,21075.0,best,0.6364898681640625,0.04193115234375,0.3215789794921875
860,7936_8192_1280_1536,MSAVI,65536,42721,1458.0,44179.0,21357.0,best,0.6518707275390625,0.022247314453125,0.3258819580078125
861,7936_8192_1536_1792,MSAVI,65536,37292,6812.0,44104.0,21432.0,best,0.56903076171875,0.10394287109375,0.3270263671875
862,7936_8192_1792_2048,MSAVI,65536,41339,6297.0,47636.0,17900.0,best,0.6307830810546875,0.0960845947265625,0.27313232421875
863,7936_8192_2048_2304,MSAVI,65536,35246,5695.0,40941.0,24595.0,best,0.537811279296875,0.0868988037109375,0.3752899169921875
864,7936_8192_2304_2560,MSAVI,65536,38238,2147.0,40385.0,25151.0,best,0.583465576171875,0.0327606201171875,0.3837738037109375
865,7936_8192_2560_2816,MSAVI,65536,39175,2904.0,42079.0,23457.0,best,0.5977630615234375,0.0443115234375,0.3579254150390625
866,7936_8192_2816_3072,MSAVI,65536,31990,6649.0,38639.0,26897.0,best,0.488128662109375,0.1014556884765625,0.4104156494140625
867,7936_8192_3072_3328,MSAVI,65536,40593,4498.0,45091.0,20445.0,best,0.6194000244140625,0.068634033203125,0.3119659423828125
868,7936_8192_3328_3584,MSAVI,65536,40682,2568.0,43250.0,22286.0,best,0.620758056640625,0.0391845703125,0.340057373046875
869,7936_8192_3584_3840,MSAVI,65536,39032,3725.0,42757.0,22779.0,best,0.5955810546875,0.0568389892578125,0.3475799560546875
870,7936_8192_3840_4096,MSAVI,65536,35305,4093.0,39398.0,26138.0,best,0.5387115478515625,0.0624542236328125,0.398834228515625
871,7936_8192_4096_4352,MSAVI,65536,37842,5124.0,42966.0,22570.0,best,0.577423095703125,0.07818603515625,0.344390869140625
872,7936_8192_4352_4608,MSAVI,65536,40311,1122.0,41433.0,24103.0,best,0.6150970458984375,0.017120361328125,0.3677825927734375
873,7936_8192_4608_4864,MSAVI,65536,42483,4551.0,47034.0,18502.0,best,0.6482391357421875,0.0694427490234375,0.282318115234375
874,7936_8192_4864_5120,MSAVI,65536,38957,4296.0,43253.0,22283.0,best,0.5944366455078125,0.0655517578125,0.3400115966796875
875,7936_8192_5120_5376,MSAVI,65536,38120,2644.0,40764.0,24772.0,best,0.5816650390625,0.04034423828125,0.37799072265625
876,7936_8192_5376_5632,MSAVI,65536,44707,3809.0,48516.0,17020.0,best,0.6821746826171875,0.0581207275390625,0.25970458984375
877,7936_8192_5632_5888,MSAVI,65536,38420,6481.0,44901.0,20635.0,best,0.58624267578125,0.0988922119140625,0.3148651123046875
878,7936_8192_5888_6144,MSAVI,65536,38808,4954.0,43762.0,21774.0,best,0.5921630859375,0.075592041015625,0.332244873046875
879,7936_8192_6144_6400,MSAVI,65536,35684,4395.0,40079.0,25457.0,best,0.54449462890625,0.0670623779296875,0.3884429931640625
880,7936_8192_6400_6656,MSAVI,65536,39596,5294.0,44890.0,20646.0,best,0.60418701171875,0.080780029296875,0.315032958984375
881,7936_8192_6656_6912,MSAVI,65536,38402,6708.0,45110.0,20426.0,best,0.585968017578125,0.10235595703125,0.311676025390625
882,7936_8192_6912_7168,MSAVI,65536,37592,4639.0,42231.0,23305.0,best,0.5736083984375,0.0707855224609375,0.3556060791015625
883,7936_8192_7168_7424,MSAVI,65536,41437,1032.0,42469.0,23067.0,best,0.6322784423828125,0.0157470703125,0.3519744873046875
884,7936_8192_7424_7680,MSAVI,65536,42344,2616.0,44960.0,20576.0,best,0.6461181640625,0.0399169921875,0.31396484375
885,7936_8192_7680_7936,MSAVI,65536,42139,6108.0,48247.0,17289.0,best,0.6429901123046875,0.09320068359375,0.2638092041015625
886,8192_8448_1792_2048,MSAVI,65536,35001,6148.0,41149.0,24387.0,best,0.5340728759765625,0.09381103515625,0.3721160888671875
887,8192_8448_2048_2304,MSAVI,65536,39327,9729.0,49056.0,16480.0,best,0.6000823974609375,0.1484527587890625,0.25146484375
888,8192_8448_2304_2560,MSAVI,65536,40580,10766.0,51346.0,14190.0,best,0.61920166015625,0.164276123046875,0.216522216796875
889,8192_8448_2560_2816,MSAVI,65536,37951,4023.0,41974.0,23562.0,best,0.5790863037109375,0.0613861083984375,0.359527587890625
890,8192_8448_2816_3072,MSAVI,65536,35452,6710.0,42162.0,23374.0,best,0.54095458984375,0.102386474609375,0.356658935546875
891,8192_8448_3072_3328,MSAVI,65536,41254,866.0,42120.0,23416.0,best,0.629486083984375,0.013214111328125,0.3572998046875
892,8192_8448_3328_3584,MSAVI,65536,33570,5581.0,39151.0,26385.0,best,0.512237548828125,0.0851593017578125,0.4026031494140625
893,8192_8448_3584_3840,MSAVI,65536,39532,5554.0,45086.0,20450.0,best,0.60321044921875,0.084747314453125,0.312042236328125
894,8192_8448_3840_4096,MSAVI,65536,38557,3422.0,41979.0,23557.0,best,0.5883331298828125,0.052215576171875,0.3594512939453125
895,8192_8448_4096_4352,MSAVI,65536,35752,5445.0,41197.0,24339.0,best,0.5455322265625,0.0830841064453125,0.3713836669921875
896,8192_8448_4352_4608,MSAVI,65536,39327,2353.0,41680.0,23856.0,best,0.6000823974609375,0.0359039306640625,0.364013671875
897,8192_8448_4608_4864,MSAVI,65536,42812,5309.0,48121.0,17415.0,best,0.65325927734375,0.0810089111328125,0.2657318115234375
898,8192_8448_4864_5120,MSAVI,65536,38970,1821.0,40791.0,24745.0,best,0.594635009765625,0.0277862548828125,0.3775787353515625
899,8192_8448_5120_5376,MSAVI,65536,38166,676.0,38842.0,26694.0,best,0.582366943359375,0.01031494140625,0.407318115234375
900,8192_8448_5376_5632,MSAVI,65536,41798,8377.0,50175.0,15361.0,best,0.637786865234375,0.1278228759765625,0.2343902587890625
901,8192_8448_5632_5888,MSAVI,65536,37951,1643.0,39594.0,25942.0,best,0.5790863037109375,0.0250701904296875,0.395843505859375
902,8192_8448_5888_6144,MSAVI,65536,37776,2930.0,40706.0,24830.0,best,0.576416015625,0.044708251953125,0.378875732421875
903,8192_8448_6144_6400,MSAVI,65536,37798,2658.0,40456.0,25080.0,best,0.576751708984375,0.040557861328125,0.3826904296875
904,8192_8448_6400_6656,MSAVI,65536,38761,4941.0,43702.0,21834.0,best,0.5914459228515625,0.0753936767578125,0.333160400390625
905,8192_8448_6656_6912,MSAVI,65536,41008,7045.0,48053.0,17483.0,best,0.625732421875,0.1074981689453125,0.2667694091796875
906,8192_8448_6912_7168,MSAVI,65536,39920,8034.0,47954.0,17582.0,best,0.609130859375,0.122589111328125,0.268280029296875
907,8192_8448_7168_7424,MSAVI,65536,50540,4578.0,55118.0,10418.0,best,0.77117919921875,0.069854736328125,0.158966064453125
908,8192_8448_7424_7680,MSAVI,65536,42449,2846.0,45295.0,20241.0,best,0.6477203369140625,0.043426513671875,0.3088531494140625
909,8192_8448_7680_7936,MSAVI,65536,46005,9475.0,55480.0,10056.0,best,0.7019805908203125,0.1445770263671875,0.1534423828125
910,8448_8704_2560_2816,MSAVI,65536,38250,1670.0,39920.0,25616.0,best,0.583648681640625,0.025482177734375,0.390869140625
911,8448_8704_2816_3072,MSAVI,65536,33212,4004.0,37216.0,28320.0,best,0.50677490234375,0.06109619140625,0.43212890625
912,8448_8704_3072_3328,MSAVI,65536,37803,4823.0,42626.0,22910.0,best,0.5768280029296875,0.0735931396484375,0.349578857421875
913,8448_8704_3328_3584,MSAVI,65536,36757,2083.0,38840.0,26696.0,best,0.5608673095703125,0.0317840576171875,0.4073486328125
914,8448_8704_3584_3840,MSAVI,65536,36807,7317.0,44124.0,21412.0,best,0.5616302490234375,0.1116485595703125,0.32672119140625
915,8448_8704_3840_4096,MSAVI,65536,36498,2865.0,39363.0,26173.0,best,0.556915283203125,0.0437164306640625,0.3993682861328125
916,8448_8704_4096_4352,MSAVI,65536,38355,5083.0,43438.0,22098.0,best,0.5852508544921875,0.0775604248046875,0.337188720703125
917,8448_8704_4352_4608,MSAVI,65536,36399,4857.0,41256.0,24280.0,best,0.5554046630859375,0.0741119384765625,0.3704833984375
918,8448_8704_4608_4864,MSAVI,65536,37793,2384.0,40177.0,25359.0,best,0.5766754150390625,0.036376953125,0.3869476318359375
919,8448_8704_4864_5120,MSAVI,65536,36146,703.0,36849.0,28687.0,best,0.551544189453125,0.0107269287109375,0.4377288818359375
920,8448_8704_5120_5376,MSAVI,65536,37184,2113.0,39297.0,26239.0,best,0.5673828125,0.0322418212890625,0.4003753662109375
921,8448_8704_5376_5632,MSAVI,65536,37386,3970.0,41356.0,24180.0,best,0.570465087890625,0.060577392578125,0.36895751953125
922,8448_8704_5632_5888,MSAVI,65536,36090,3634.0,39724.0,25812.0,best,0.550689697265625,0.055450439453125,0.39385986328125
923,8448_8704_5888_6144,MSAVI,65536,34452,6125.0,40577.0,24959.0,best,0.52569580078125,0.0934600830078125,0.3808441162109375
924,8448_8704_6144_6400,MSAVI,65536,39854,1954.0,41808.0,23728.0,best,0.608123779296875,0.029815673828125,0.362060546875
925,8448_8704_6400_6656,MSAVI,65536,38712,4022.0,42734.0,22802.0,best,0.5906982421875,0.061370849609375,0.347930908203125
926,8448_8704_6656_6912,MSAVI,65536,38425,4023.0,42448.0,23088.0,best,0.5863189697265625,0.0613861083984375,0.352294921875
927,8448_8704_6912_7168,MSAVI,65536,38747,840.0,39587.0,25949.0,best,0.5912322998046875,0.0128173828125,0.3959503173828125
928,8448_8704_7168_7424,MSAVI,65536,41033,2302.0,43335.0,22201.0,best,0.6261138916015625,0.035125732421875,0.3387603759765625
929,8448_8704_7424_7680,MSAVI,65536,41462,6122.0,47584.0,17952.0,best,0.632659912109375,0.093414306640625,0.27392578125
930,8704_8960_3328_3584,MSAVI,65536,39561,6601.0,46162.0,19374.0,best,0.6036529541015625,0.1007232666015625,0.295623779296875
931,8704_8960_3584_3840,MSAVI,65536,35801,5418.0,41219.0,24317.0,best,0.5462799072265625,0.082672119140625,0.3710479736328125
932,8704_8960_3840_4096,MSAVI,65536,33957,3911.0,37868.0,27668.0,best,0.5181427001953125,0.0596771240234375,0.42218017578125
933,8704_8960_4096_4352,MSAVI,65536,37209,5919.0,43128.0,22408.0,best,0.5677642822265625,0.0903167724609375,0.3419189453125
934,8704_8960_4352_4608,MSAVI,65536,38874,7108.0,45982.0,19554.0,best,0.593170166015625,0.10845947265625,0.298370361328125
935,8704_8960_4608_4864,MSAVI,65536,35221,4597.0,39818.0,25718.0,best,0.5374298095703125,0.0701446533203125,0.392425537109375
936,8704_8960_4864_5120,MSAVI,65536,35942,3950.0,39892.0,25644.0,best,0.548431396484375,0.060272216796875,0.39129638671875
937,8704_8960_5120_5376,MSAVI,65536,37324,1041.0,38365.0,27171.0,best,0.56951904296875,0.0158843994140625,0.4145965576171875
938,8704_8960_5376_5632,MSAVI,65536,32597,3291.0,35888.0,29648.0,best,0.4973907470703125,0.0502166748046875,0.452392578125
939,8704_8960_5632_5888,MSAVI,65536,35838,5674.0,41512.0,24024.0,best,0.546844482421875,0.086578369140625,0.3665771484375
940,8704_8960_5888_6144,MSAVI,65536,36232,3482.0,39714.0,25822.0,best,0.5528564453125,0.053131103515625,0.394012451171875
941,8704_8960_6144_6400,MSAVI,65536,37133,2107.0,39240.0,26296.0,best,0.5666046142578125,0.0321502685546875,0.4012451171875
942,8704_8960_6400_6656,MSAVI,65536,33855,6808.0,40663.0,24873.0,best,0.5165863037109375,0.1038818359375,0.3795318603515625
943,8704_8960_6656_6912,MSAVI,65536,39635,6218.0,45853.0,19683.0,best,0.6047821044921875,0.094879150390625,0.3003387451171875
944,8704_8960_6912_7168,MSAVI,65536,39948,4526.0,44474.0,21062.0,best,0.60955810546875,0.069061279296875,0.321380615234375
945,8704_8960_7168_7424,MSAVI,65536,36726,7255.0,43981.0,21555.0,best,0.560394287109375,0.1107025146484375,0.3289031982421875
946,8704_8960_7424_7680,MSAVI,65536,36439,1229.0,37668.0,27868.0,best,0.5560150146484375,0.0187530517578125,0.42523193359375
947,8960_9216_4096_4352,MSAVI,65536,37807,4499.0,42306.0,23230.0,best,0.5768890380859375,0.0686492919921875,0.354461669921875
948,8960_9216_4352_4608,MSAVI,65536,38347,7308.0,45655.0,19881.0,best,0.5851287841796875,0.11151123046875,0.3033599853515625
949,8960_9216_4608_4864,MSAVI,65536,36046,4106.0,40152.0,25384.0,best,0.550018310546875,0.062652587890625,0.3873291015625
950,8960_9216_4864_5120,MSAVI,65536,34818,2596.0,37414.0,28122.0,best,0.531280517578125,0.03961181640625,0.429107666015625
951,8960_9216_5120_5376,MSAVI,65536,37178,3784.0,40962.0,24574.0,best,0.567291259765625,0.0577392578125,0.374969482421875
952,8960_9216_5376_5632,MSAVI,65536,25243,5288.0,30531.0,35005.0,best,0.3851776123046875,0.0806884765625,0.5341339111328125
953,8960_9216_5632_5888,MSAVI,65536,35525,4150.0,39675.0,25861.0,best,0.5420684814453125,0.063323974609375,0.3946075439453125
954,8960_9216_5888_6144,MSAVI,65536,41716,10999.0,52715.0,12821.0,best,0.63653564453125,0.1678314208984375,0.1956329345703125
955,8960_9216_6144_6400,MSAVI,65536,39146,12305.0,51451.0,14085.0,best,0.597320556640625,0.1877593994140625,0.2149200439453125
956,8960_9216_6400_6656,MSAVI,65536,37125,6815.0,43940.0,21596.0,best,0.5664825439453125,0.1039886474609375,0.32952880859375
957,8960_9216_6656_6912,MSAVI,65536,39578,4798.0,44376.0,21160.0,best,0.603912353515625,0.073211669921875,0.3228759765625
958,8960_9216_6912_7168,MSAVI,65536,40001,4491.0,44492.0,21044.0,best,0.6103668212890625,0.0685272216796875,0.32110595703125
959,8960_9216_7168_7424,MSAVI,65536,37702,6559.0,44261.0,21275.0,best,0.575286865234375,0.1000823974609375,0.3246307373046875
960,8960_9216_7424_7680,MSAVI,65536,39540,6186.0,45726.0,19810.0,best,0.60333251953125,0.094390869140625,0.302276611328125
961,9216_9472_5120_5376,MSAVI,65525,34991,3611.0,38602.0,26923.0,best,0.5340099198779092,0.055108737123235406,0.4108813429988554
962,9216_9472_5376_5632,MSAVI,65536,27294,3188.0,30482.0,35054.0,best,0.416473388671875,0.04864501953125,0.534881591796875
963,9216_9472_5632_5888,MSAVI,65536,35775,4205.0,39980.0,25556.0,best,0.5458831787109375,0.0641632080078125,0.38995361328125
964,9216_9472_5888_6144,MSAVI,65536,36231,3358.0,39589.0,25947.0,best,0.5528411865234375,0.051239013671875,0.3959197998046875
965,9216_9472_6144_6400,MSAVI,65536,36988,5961.0,42949.0,22587.0,best,0.56439208984375,0.0909576416015625,0.3446502685546875
966,9216_9472_6400_6656,MSAVI,65536,37945,4505.0,42450.0,23086.0,best,0.5789947509765625,0.0687408447265625,0.352264404296875
967,9216_9472_6656_6912,MSAVI,65536,37755,6530.0,44285.0,21251.0,best,0.5760955810546875,0.099639892578125,0.3242645263671875
968,9216_9472_6912_7168,MSAVI,65536,35986,5448.0,41434.0,24102.0,best,0.549102783203125,0.0831298828125,0.367767333984375
969,9216_9472_7168_7424,MSAVI,65536,38476,5565.0,44041.0,21495.0,best,0.58709716796875,0.0849151611328125,0.3279876708984375
970,9472_9728_6400_6656,MSAVI,65536,34364,9261.0,43625.0,21911.0,best,0.52435302734375,0.1413116455078125,0.3343353271484375
971,9472_9728_6656_6912,MSAVI,65536,35373,3178.0,38551.0,26985.0,best,0.5397491455078125,0.048492431640625,0.4117584228515625
972,9472_9728_6912_7168,MSAVI,65536,37312,1198.0,38510.0,27026.0,best,0.5693359375,0.018280029296875,0.412384033203125
973,256_512_7168_7424,MSAVI,65536,45425,6181.0,51606.0,13930.0,good,0.6931304931640625,0.0943145751953125,0.212554931640625
974,256_512_7424_7680,MSAVI,65536,42303,10908.0,53211.0,12325.0,good,0.6454925537109375,0.16644287109375,0.1880645751953125
975,256_512_7680_7936,MSAVI,65536,45324,6925.0,52249.0,13287.0,good,0.69158935546875,0.1056671142578125,0.2027435302734375
976,256_512_7936_8192,MSAVI,65536,41153,9815.0,50968.0,14568.0,good,0.6279449462890625,0.1497650146484375,0.2222900390625
977,256_512_8192_8448,MSAVI,65536,38099,2663.0,40762.0,24774.0,good,0.5813446044921875,0.0406341552734375,0.378021240234375
978,512_768_5632_5888,MSAVI,65492,39940,3603.0,43543.0,21949.0,good,0.6098454773102058,0.05501435289806388,0.3351401697917303
979,512_768_5888_6144,MSAVI,65536,40086,9444.0,49530.0,16006.0,good,0.611663818359375,0.14410400390625,0.244232177734375
980,512_768_6144_6400,MSAVI,65536,39139,11660.0,50799.0,14737.0,good,0.5972137451171875,0.17791748046875,0.2248687744140625
981,512_768_6400_6656,MSAVI,65536,37621,5463.0,43084.0,22452.0,good,0.5740509033203125,0.0833587646484375,0.34259033203125
982,512_768_6656_6912,MSAVI,65536,37305,8684.0,45989.0,19547.0,good,0.5692291259765625,0.13250732421875,0.2982635498046875
983,512_768_6912_7168,MSAVI,65536,41561,3946.0,45507.0,20029.0,good,0.6341705322265625,0.060211181640625,0.3056182861328125
984,512_768_7168_7424,MSAVI,65536,44600,7876.0,52476.0,13060.0,good,0.6805419921875,0.12017822265625,0.19927978515625
985,512_768_7424_7680,MSAVI,65536,46924,4584.0,51508.0,14028.0,good,0.71600341796875,0.0699462890625,0.21405029296875
986,512_768_7680_7936,MSAVI,65536,46200,6157.0,52357.0,13179.0,good,0.7049560546875,0.0939483642578125,0.2010955810546875
987,512_768_7936_8192,MSAVI,65536,44262,5137.0,49399.0,16137.0,good,0.675384521484375,0.0783843994140625,0.2462310791015625
988,512_768_8192_8448,MSAVI,65536,40863,5508.0,46371.0,19165.0,good,0.6235198974609375,0.08404541015625,0.2924346923828125
989,512_768_8448_8704,MSAVI,65536,37933,12240.0,50173.0,15363.0,good,0.5788116455078125,0.186767578125,0.2344207763671875
990,768_1024_4352_4608,MSAVI,65536,49926,1188.0,51114.0,14422.0,good,0.761810302734375,0.01812744140625,0.220062255859375
991,768_1024_4608_4864,MSAVI,65536,45353,6266.0,51619.0,13917.0,good,0.6920318603515625,0.095611572265625,0.2123565673828125
992,768_1024_4864_5120,MSAVI,65536,47828,4939.0,52767.0,12769.0,good,0.72979736328125,0.0753631591796875,0.1948394775390625
993,768_1024_5120_5376,MSAVI,65536,45369,3995.0,49364.0,16172.0,good,0.6922760009765625,0.0609588623046875,0.24676513671875
994,768_1024_5376_5632,MSAVI,65536,42200,3606.0,45806.0,19730.0,good,0.6439208984375,0.055023193359375,0.301055908203125
995,768_1024_5632_5888,MSAVI,65536,41456,9099.0,50555.0,14981.0,good,0.632568359375,0.1388397216796875,0.2285919189453125
996,768_1024_5888_6144,MSAVI,65536,42343,4367.0,46710.0,18826.0,good,0.6461029052734375,0.0666351318359375,0.287261962890625
997,768_1024_6144_6400,MSAVI,65536,38507,14802.0,53309.0,12227.0,good,0.5875701904296875,0.225860595703125,0.1865692138671875
998,768_1024_6400_6656,MSAVI,65536,39236,7325.0,46561.0,18975.0,good,0.59869384765625,0.1117706298828125,0.2895355224609375
999,768_1024_6656_6912,MSAVI,65536,40839,4598.0,45437.0,20099.0,good,0.6231536865234375,0.070159912109375,0.3066864013671875
1000,768_1024_6912_7168,MSAVI,65536,42798,6938.0,49736.0,15800.0,good,0.653045654296875,0.105865478515625,0.2410888671875
1001,768_1024_7168_7424,MSAVI,65536,46341,5652.0,51993.0,13543.0,good,0.7071075439453125,0.08624267578125,0.2066497802734375
1002,768_1024_7424_7680,MSAVI,65536,42998,6753.0,49751.0,15785.0,good,0.656097412109375,0.1030426025390625,0.2408599853515625
1003,768_1024_7680_7936,MSAVI,65536,40511,13760.0,54271.0,11265.0,good,0.6181488037109375,0.2099609375,0.1718902587890625
1004,768_1024_7936_8192,MSAVI,65536,42202,7368.0,49570.0,15966.0,good,0.643951416015625,0.1124267578125,0.243621826171875
1005,768_1024_8192_8448,MSAVI,65536,37017,3967.0,40984.0,24552.0,good,0.5648345947265625,0.0605316162109375,0.3746337890625
1006,768_1024_8448_8704,MSAVI,65536,36410,3664.0,40074.0,25462.0,good,0.555572509765625,0.055908203125,0.388519287109375
1007,1024_1280_2816_3072,MSAVI,65437,41826,12957.0,54783.0,10654.0,good,0.6391796689946055,0.19800724360835611,0.16281308739703837
1008,1024_1280_3072_3328,MSAVI,65536,39865,11768.0,51633.0,13903.0,good,0.6082916259765625,0.1795654296875,0.2121429443359375
1009,1024_1280_3328_3584,MSAVI,65536,41777,6914.0,48691.0,16845.0,good,0.6374664306640625,0.105499267578125,0.2570343017578125
1010,1024_1280_3584_3840,MSAVI,65536,47225,6420.0,53645.0,11891.0,good,0.7205963134765625,0.09796142578125,0.1814422607421875
1011,1024_1280_3840_4096,MSAVI,65536,43739,7882.0,51621.0,13915.0,good,0.6674041748046875,0.120269775390625,0.2123260498046875
1012,1024_1280_4096_4352,MSAVI,65536,47312,5838.0,53150.0,12386.0,good,0.721923828125,0.089080810546875,0.188995361328125
1013,1024_1280_4352_4608,MSAVI,65536,46013,5917.0,51930.0,13606.0,good,0.7021026611328125,0.0902862548828125,0.207611083984375
1014,1024_1280_4608_4864,MSAVI,65536,47668,4470.0,52138.0,13398.0,good,0.72735595703125,0.068206787109375,0.204437255859375
1015,1024_1280_4864_5120,MSAVI,65536,45327,5341.0,50668.0,14868.0,good,0.6916351318359375,0.0814971923828125,0.22686767578125
1016,1024_1280_5120_5376,MSAVI,65536,46101,6501.0,52602.0,12934.0,good,0.7034454345703125,0.0991973876953125,0.197357177734375
1017,1024_1280_5376_5632,MSAVI,65536,46151,6142.0,52293.0,13243.0,good,0.7042083740234375,0.093719482421875,0.2020721435546875
1018,1024_1280_5632_5888,MSAVI,65536,47085,10966.0,58051.0,7485.0,good,0.7184600830078125,0.167327880859375,0.1142120361328125
1019,1024_1280_5888_6144,MSAVI,65536,40054,9616.0,49670.0,15866.0,good,0.611175537109375,0.146728515625,0.242095947265625
1020,1024_1280_6144_6400,MSAVI,65536,43120,5736.0,48856.0,16680.0,good,0.657958984375,0.0875244140625,0.2545166015625
1021,1024_1280_6400_6656,MSAVI,65536,43696,5505.0,49201.0,16335.0,good,0.666748046875,0.0839996337890625,0.2492523193359375
1022,1024_1280_6656_6912,MSAVI,65536,44943,3854.0,48797.0,16739.0,good,0.6857757568359375,0.058807373046875,0.2554168701171875
1023,1024_1280_6912_7168,MSAVI,65536,44356,6207.0,50563.0,14973.0,good,0.67681884765625,0.0947113037109375,0.2284698486328125
1024,1024_1280_7168_7424,MSAVI,65536,53697,4324.0,58021.0,7515.0,good,0.8193511962890625,0.06597900390625,0.1146697998046875
1025,1024_1280_7424_7680,MSAVI,65536,45463,8903.0,54366.0,11170.0,good,0.6937103271484375,0.1358489990234375,0.170440673828125
1026,1024_1280_7680_7936,MSAVI,65536,41466,12294.0,53760.0,11776.0,good,0.632720947265625,0.187591552734375,0.1796875
1027,1024_1280_7936_8192,MSAVI,65536,44275,11328.0,55603.0,9933.0,good,0.6755828857421875,0.1728515625,0.1515655517578125
1028,1024_1280_8192_8448,MSAVI,65536,37360,7925.0,45285.0,20251.0,good,0.570068359375,0.1209259033203125,0.3090057373046875
1029,1024_1280_8448_8704,MSAVI,65536,34489,2589.0,37078.0,28458.0,good,0.5262603759765625,0.0395050048828125,0.434234619140625
1030,1280_1536_1536_1792,MSAVI,65536,41223,2285.0,43508.0,22028.0,good,0.6290130615234375,0.0348663330078125,0.33612060546875
1031,1280_1536_1792_2048,MSAVI,65536,39761,4518.0,44279.0,21257.0,good,0.6067047119140625,0.068939208984375,0.3243560791015625
1032,1280_1536_2048_2304,MSAVI,65536,44774,10773.0,55547.0,9989.0,good,0.683197021484375,0.1643829345703125,0.1524200439453125
1033,1280_1536_2304_2560,MSAVI,65536,49658,2763.0,52421.0,13115.0,good,0.757720947265625,0.0421600341796875,0.2001190185546875
1034,1280_1536_2560_2816,MSAVI,65536,44511,4075.0,48586.0,16950.0,good,0.6791839599609375,0.0621795654296875,0.258636474609375
1035,1280_1536_2816_3072,MSAVI,65536,46309,6796.0,53105.0,12431.0,good,0.7066192626953125,0.10369873046875,0.1896820068359375
1036,1280_1536_3072_3328,MSAVI,65536,44897,10234.0,55131.0,10405.0,good,0.6850738525390625,0.156158447265625,0.1587677001953125
1037,1280_1536_3328_3584,MSAVI,65536,42160,5796.0,47956.0,17580.0,good,0.643310546875,0.08843994140625,0.26824951171875
1038,1280_1536_3584_3840,MSAVI,65536,44804,4439.0,49243.0,16293.0,good,0.68365478515625,0.0677337646484375,0.2486114501953125
1039,1280_1536_3840_4096,MSAVI,65536,51253,6951.0,58204.0,7332.0,good,0.7820587158203125,0.1060638427734375,0.11187744140625
1040,1280_1536_4096_4352,MSAVI,65536,48303,3730.0,52033.0,13503.0,good,0.7370452880859375,0.056915283203125,0.2060394287109375
1041,1280_1536_4352_4608,MSAVI,65536,45633,8567.0,54200.0,11336.0,good,0.6963043212890625,0.1307220458984375,0.1729736328125
1042,1280_1536_4608_4864,MSAVI,65536,47854,2853.0,50707.0,14829.0,good,0.730194091796875,0.0435333251953125,0.2262725830078125
1043,1280_1536_4864_5120,MSAVI,65536,48236,2551.0,50787.0,14749.0,good,0.73602294921875,0.0389251708984375,0.2250518798828125
1044,1280_1536_5120_5376,MSAVI,65536,46279,5769.0,52048.0,13488.0,good,0.7061614990234375,0.0880279541015625,0.205810546875
1045,1280_1536_5376_5632,MSAVI,65536,46517,4036.0,50553.0,14983.0,good,0.7097930908203125,0.06158447265625,0.2286224365234375
1046,1280_1536_5632_5888,MSAVI,65536,41691,8530.0,50221.0,15315.0,good,0.6361541748046875,0.130157470703125,0.2336883544921875
1047,1280_1536_5888_6144,MSAVI,65536,42758,9208.0,51966.0,13570.0,good,0.652435302734375,0.1405029296875,0.207061767578125
1048,1280_1536_6144_6400,MSAVI,65536,43219,7396.0,50615.0,14921.0,good,0.6594696044921875,0.11285400390625,0.2276763916015625
1049,1280_1536_6400_6656,MSAVI,65536,40024,9541.0,49565.0,15971.0,good,0.6107177734375,0.1455841064453125,0.2436981201171875
1050,1280_1536_6656_6912,MSAVI,65536,48205,1870.0,50075.0,15461.0,good,0.7355499267578125,0.028533935546875,0.2359161376953125
1051,1280_1536_6912_7168,MSAVI,65536,46964,3174.0,50138.0,15398.0,good,0.71661376953125,0.048431396484375,0.234954833984375
1052,1280_1536_7168_7424,MSAVI,65536,45076,6899.0,51975.0,13561.0,good,0.68780517578125,0.1052703857421875,0.2069244384765625
1053,1280_1536_7424_7680,MSAVI,65536,41325,5458.0,46783.0,18753.0,good,0.6305694580078125,0.083282470703125,0.2861480712890625
1054,1280_1536_7680_7936,MSAVI,65536,44671,6423.0,51094.0,14442.0,good,0.6816253662109375,0.0980072021484375,0.220367431640625
1055,1280_1536_7936_8192,MSAVI,65536,38719,10314.0,49033.0,16503.0,good,0.5908050537109375,0.157379150390625,0.2518157958984375
1056,1280_1536_8192_8448,MSAVI,65536,38484,14487.0,52971.0,12565.0,good,0.58721923828125,0.2210540771484375,0.1917266845703125
1057,1280_1536_8448_8704,MSAVI,65536,35302,8812.0,44114.0,21422.0,good,0.538665771484375,0.13446044921875,0.326873779296875
1058,1280_1536_8704_8960,MSAVI,65536,37253,6121.0,43374.0,22162.0,good,0.5684356689453125,0.0933990478515625,0.338165283203125
1059,1536_1792_768_1024,MSAVI,65536,43327,5455.0,48782.0,16754.0,good,0.6611175537109375,0.0832366943359375,0.255645751953125
1060,1536_1792_1024_1280,MSAVI,65536,39464,10062.0,49526.0,16010.0,good,0.6021728515625,0.153533935546875,0.244293212890625
1061,1536_1792_1280_1536,MSAVI,65536,42370,3906.0,46276.0,19260.0,good,0.646514892578125,0.059600830078125,0.29388427734375
1062,1536_1792_1536_1792,MSAVI,65536,39949,1150.0,41099.0,24437.0,good,0.6095733642578125,0.017547607421875,0.3728790283203125
1063,1536_1792_1792_2048,MSAVI,65536,40973,2696.0,43669.0,21867.0,good,0.6251983642578125,0.0411376953125,0.3336639404296875
1064,1536_1792_2048_2304,MSAVI,65536,45716,1985.0,47701.0,17835.0,good,0.69757080078125,0.0302886962890625,0.2721405029296875
1065,1536_1792_2304_2560,MSAVI,65536,44222,4696.0,48918.0,16618.0,good,0.674774169921875,0.0716552734375,0.253570556640625
1066,1536_1792_2560_2816,MSAVI,65536,46124,4538.0,50662.0,14874.0,good,0.70379638671875,0.069244384765625,0.226959228515625
1067,1536_1792_2816_3072,MSAVI,65536,40930,4970.0,45900.0,19636.0,good,0.624542236328125,0.075836181640625,0.29962158203125
1068,1536_1792_3072_3328,MSAVI,65536,45548,4576.0,50124.0,15412.0,good,0.69500732421875,0.06982421875,0.23516845703125
1069,1536_1792_3328_3584,MSAVI,65536,43211,4712.0,47923.0,17613.0,good,0.6593475341796875,0.0718994140625,0.2687530517578125
1070,1536_1792_3584_3840,MSAVI,65536,47363,9522.0,56885.0,8651.0,good,0.7227020263671875,0.145294189453125,0.1320037841796875
1071,1536_1792_3840_4096,MSAVI,65536,49966,3750.0,53716.0,11820.0,good,0.762420654296875,0.057220458984375,0.18035888671875
1072,1536_1792_4096_4352,MSAVI,65536,47846,5431.0,53277.0,12259.0,good,0.730072021484375,0.0828704833984375,0.1870574951171875
1073,1536_1792_4352_4608,MSAVI,65536,47194,8574.0,55768.0,9768.0,good,0.720123291015625,0.130828857421875,0.1490478515625
1074,1536_1792_4608_4864,MSAVI,65536,49005,4242.0,53247.0,12289.0,good,0.7477569580078125,0.064727783203125,0.1875152587890625
1075,1536_1792_4864_5120,MSAVI,65536,48779,7995.0,56774.0,8762.0,good,0.7443084716796875,0.1219940185546875,0.133697509765625
1076,1536_1792_5120_5376,MSAVI,65536,49094,9554.0,58648.0,6888.0,good,0.749114990234375,0.145782470703125,0.1051025390625
1077,1536_1792_5376_5632,MSAVI,65536,44099,3504.0,47603.0,17933.0,good,0.6728973388671875,0.053466796875,0.2736358642578125
1078,1536_1792_5632_5888,MSAVI,65536,37933,3629.0,41562.0,23974.0,good,0.5788116455078125,0.0553741455078125,0.365814208984375
1079,1536_1792_5888_6144,MSAVI,65536,39103,4906.0,44009.0,21527.0,good,0.5966644287109375,0.074859619140625,0.3284759521484375
1080,1536_1792_6144_6400,MSAVI,65536,40788,12983.0,53771.0,11765.0,good,0.62237548828125,0.1981048583984375,0.1795196533203125
1081,1536_1792_6400_6656,MSAVI,65536,44134,5447.0,49581.0,15955.0,good,0.673431396484375,0.0831146240234375,0.2434539794921875
1082,1536_1792_6656_6912,MSAVI,65536,46115,4204.0,50319.0,15217.0,good,0.7036590576171875,0.06414794921875,0.2321929931640625
1083,1536_1792_6912_7168,MSAVI,65536,44960,3881.0,48841.0,16695.0,good,0.68603515625,0.0592193603515625,0.2547454833984375
1084,1536_1792_7168_7424,MSAVI,65536,46025,5716.0,51741.0,13795.0,good,0.7022857666015625,0.08721923828125,0.2104949951171875
1085,1536_1792_7424_7680,MSAVI,65536,39455,4732.0,44187.0,21349.0,good,0.6020355224609375,0.07220458984375,0.3257598876953125
1086,1536_1792_7680_7936,MSAVI,65536,41428,4097.0,45525.0,20011.0,good,0.63214111328125,0.0625152587890625,0.3053436279296875
1087,1536_1792_7936_8192,MSAVI,65536,39669,5237.0,44906.0,20630.0,good,0.6053009033203125,0.0799102783203125,0.314788818359375
1088,1536_1792_8192_8448,MSAVI,65536,43178,8571.0,51749.0,13787.0,good,0.658843994140625,0.1307830810546875,0.2103729248046875
1089,1536_1792_8448_8704,MSAVI,65536,34008,12961.0,46969.0,18567.0,good,0.5189208984375,0.1977691650390625,0.2833099365234375
1090,1536_1792_8704_8960,MSAVI,65536,35246,8222.0,43468.0,22068.0,good,0.537811279296875,0.125457763671875,0.33673095703125
1091,1792_2048_512_768,MSAVI,65536,39131,4242.0,43373.0,22163.0,good,0.5970916748046875,0.064727783203125,0.3381805419921875
1092,1792_2048_768_1024,MSAVI,65536,38605,7887.0,46492.0,19044.0,good,0.5890655517578125,0.1203460693359375,0.29058837890625
1093,1792_2048_1024_1280,MSAVI,65536,42336,7666.0,50002.0,15534.0,good,0.64599609375,0.116973876953125,0.237030029296875
1094,1792_2048_1280_1536,MSAVI,65536,43781,6170.0,49951.0,15585.0,good,0.6680450439453125,0.094146728515625,0.2378082275390625
1095,1792_2048_1536_1792,MSAVI,65536,41931,1661.0,43592.0,21944.0,good,0.6398162841796875,0.0253448486328125,0.3348388671875
1096,1792_2048_1792_2048,MSAVI,65536,38898,5003.0,43901.0,21635.0,good,0.593536376953125,0.0763397216796875,0.3301239013671875
1097,1792_2048_2048_2304,MSAVI,65536,44154,2574.0,46728.0,18808.0,good,0.673736572265625,0.039276123046875,0.2869873046875
1098,1792_2048_2304_2560,MSAVI,65536,46507,2658.0,49165.0,16371.0,good,0.7096405029296875,0.040557861328125,0.2498016357421875
1099,1792_2048_2560_2816,MSAVI,65536,42510,6087.0,48597.0,16939.0,good,0.648651123046875,0.0928802490234375,0.2584686279296875
1100,1792_2048_2816_3072,MSAVI,65536,45964,6864.0,52828.0,12708.0,good,0.70135498046875,0.104736328125,0.19390869140625
1101,1792_2048_3072_3328,MSAVI,65536,42829,2747.0,45576.0,19960.0,good,0.6535186767578125,0.0419158935546875,0.3045654296875
1102,1792_2048_3328_3584,MSAVI,65536,40643,5530.0,46173.0,19363.0,good,0.6201629638671875,0.084381103515625,0.2954559326171875
1103,1792_2048_3584_3840,MSAVI,65536,43312,6647.0,49959.0,15577.0,good,0.660888671875,0.1014251708984375,0.2376861572265625
1104,1792_2048_3840_4096,MSAVI,65536,44343,14688.0,59031.0,6505.0,good,0.6766204833984375,0.22412109375,0.0992584228515625
1105,1792_2048_4096_4352,MSAVI,65536,39816,14838.0,54654.0,10882.0,good,0.6075439453125,0.226409912109375,0.166046142578125
1106,1792_2048_4352_4608,MSAVI,65536,44066,4604.0,48670.0,16866.0,good,0.672393798828125,0.07025146484375,0.257354736328125
1107,1792_2048_4608_4864,MSAVI,65536,44004,9946.0,53950.0,11586.0,good,0.67144775390625,0.151763916015625,0.176788330078125
1108,1792_2048_4864_5120,MSAVI,65536,43021,7997.0,51018.0,14518.0,good,0.6564483642578125,0.1220245361328125,0.221527099609375
1109,1792_2048_5120_5376,MSAVI,65536,44768,4682.0,49450.0,16086.0,good,0.68310546875,0.071441650390625,0.245452880859375
1110,1792_2048_5376_5632,MSAVI,65536,43872,3180.0,47052.0,18484.0,good,0.66943359375,0.04852294921875,0.28204345703125
1111,1792_2048_5632_5888,MSAVI,65536,42793,9832.0,52625.0,12911.0,good,0.6529693603515625,0.1500244140625,0.1970062255859375
1112,1792_2048_5888_6144,MSAVI,65536,38701,5627.0,44328.0,21208.0,good,0.5905303955078125,0.0858612060546875,0.3236083984375
1113,1792_2048_6144_6400,MSAVI,65536,37491,10086.0,47577.0,17959.0,good,0.5720672607421875,0.153900146484375,0.2740325927734375
1114,1792_2048_6400_6656,MSAVI,65536,46279,5707.0,51986.0,13550.0,good,0.7061614990234375,0.0870819091796875,0.206756591796875
1115,1792_2048_6656_6912,MSAVI,65536,46595,7654.0,54249.0,11287.0,good,0.7109832763671875,0.116790771484375,0.1722259521484375
1116,1792_2048_6912_7168,MSAVI,65536,43596,4529.0,48125.0,17411.0,good,0.66522216796875,0.0691070556640625,0.2656707763671875
1117,1792_2048_7168_7424,MSAVI,65536,46829,4331.0,51160.0,14376.0,good,0.7145538330078125,0.0660858154296875,0.2193603515625
1118,1792_2048_7424_7680,MSAVI,65536,44691,7987.0,52678.0,12858.0,good,0.6819305419921875,0.1218719482421875,0.196197509765625
1119,1792_2048_7680_7936,MSAVI,65536,42704,5384.0,48088.0,17448.0,good,0.651611328125,0.0821533203125,0.2662353515625
1120,1792_2048_7936_8192,MSAVI,65536,44576,8682.0,53258.0,12278.0,good,0.68017578125,0.132476806640625,0.187347412109375
1121,1792_2048_8192_8448,MSAVI,65536,42650,8431.0,51081.0,14455.0,good,0.650787353515625,0.1286468505859375,0.2205657958984375
1122,1792_2048_8448_8704,MSAVI,65536,39187,5109.0,44296.0,21240.0,good,0.5979461669921875,0.0779571533203125,0.3240966796875
1123,1792_2048_8704_8960,MSAVI,65536,40543,11992.0,52535.0,13001.0,good,0.6186370849609375,0.1829833984375,0.1983795166015625
1124,2048_2304_512_768,MSAVI,65536,41719,3830.0,45549.0,19987.0,good,0.6365814208984375,0.058441162109375,0.3049774169921875
1125,2048_2304_768_1024,MSAVI,65536,39964,3998.0,43962.0,21574.0,good,0.60980224609375,0.061004638671875,0.329193115234375
1126,2048_2304_1024_1280,MSAVI,65536,42148,3063.0,45211.0,20325.0,good,0.64312744140625,0.0467376708984375,0.3101348876953125
1127,2048_2304_1280_1536,MSAVI,65536,40471,7341.0,47812.0,17724.0,good,0.6175384521484375,0.1120147705078125,0.27044677734375
1128,2048_2304_1536_1792,MSAVI,65536,39970,5446.0,45416.0,20120.0,good,0.609893798828125,0.083099365234375,0.3070068359375
1129,2048_2304_1792_2048,MSAVI,65536,40103,4119.0,44222.0,21314.0,good,0.6119232177734375,0.0628509521484375,0.325225830078125
1130,2048_2304_2048_2304,MSAVI,65536,39770,6831.0,46601.0,18935.0,good,0.606842041015625,0.1042327880859375,0.2889251708984375
1131,2048_2304_2304_2560,MSAVI,65536,43434,4869.0,48303.0,17233.0,good,0.662750244140625,0.0742950439453125,0.2629547119140625
1132,2048_2304_2560_2816,MSAVI,65536,42990,2694.0,45684.0,19852.0,good,0.655975341796875,0.041107177734375,0.30291748046875
1133,2048_2304_2816_3072,MSAVI,65536,39889,5103.0,44992.0,20544.0,good,0.6086578369140625,0.0778656005859375,0.3134765625
1134,2048_2304_3072_3328,MSAVI,65536,39323,5381.0,44704.0,20832.0,good,0.6000213623046875,0.0821075439453125,0.31787109375
1135,2048_2304_3328_3584,MSAVI,65536,42826,4324.0,47150.0,18386.0,good,0.653472900390625,0.06597900390625,0.280548095703125
1136,2048_2304_3584_3840,MSAVI,65536,41870,10561.0,52431.0,13105.0,good,0.638885498046875,0.1611480712890625,0.1999664306640625
1137,2048_2304_3840_4096,MSAVI,65536,43100,13666.0,56766.0,8770.0,good,0.65765380859375,0.208526611328125,0.133819580078125
1138,2048_2304_4096_4352,MSAVI,65536,43428,6197.0,49625.0,15911.0,good,0.66265869140625,0.0945587158203125,0.2427825927734375
1139,2048_2304_4352_4608,MSAVI,65536,42540,3025.0,45565.0,19971.0,good,0.64910888671875,0.0461578369140625,0.3047332763671875
1140,2048_2304_4608_4864,MSAVI,65536,42221,6328.0,48549.0,16987.0,good,0.6442413330078125,0.0965576171875,0.2592010498046875
1141,2048_2304_4864_5120,MSAVI,65536,42613,9740.0,52353.0,13183.0,good,0.6502227783203125,0.14862060546875,0.2011566162109375
1142,2048_2304_5120_5376,MSAVI,65536,45612,5691.0,51303.0,14233.0,good,0.69598388671875,0.0868377685546875,0.2171783447265625
1143,2048_2304_5376_5632,MSAVI,65536,39129,8906.0,48035.0,17501.0,good,0.5970611572265625,0.135894775390625,0.2670440673828125
1144,2048_2304_5632_5888,MSAVI,65536,40467,6391.0,46858.0,18678.0,good,0.6174774169921875,0.0975189208984375,0.285003662109375
1145,2048_2304_5888_6144,MSAVI,65536,45365,12088.0,57453.0,8083.0,good,0.6922149658203125,0.1844482421875,0.1233367919921875
1146,2048_2304_6144_6400,MSAVI,65536,41173,8540.0,49713.0,15823.0,good,0.6282501220703125,0.13031005859375,0.2414398193359375
1147,2048_2304_6400_6656,MSAVI,65536,41340,3357.0,44697.0,20839.0,good,0.63079833984375,0.0512237548828125,0.3179779052734375
1148,2048_2304_6656_6912,MSAVI,65536,46960,2401.0,49361.0,16175.0,good,0.716552734375,0.0366363525390625,0.2468109130859375
1149,2048_2304_6912_7168,MSAVI,65536,39787,7264.0,47051.0,18485.0,good,0.6071014404296875,0.11083984375,0.2820587158203125
1150,2048_2304_7168_7424,MSAVI,65536,41871,7196.0,49067.0,16469.0,good,0.6389007568359375,0.10980224609375,0.2512969970703125
1151,2048_2304_7424_7680,MSAVI,65536,48429,4319.0,52748.0,12788.0,good,0.7389678955078125,0.0659027099609375,0.19512939453125
1152,2048_2304_7680_7936,MSAVI,65536,43211,8300.0,51511.0,14025.0,good,0.6593475341796875,0.12664794921875,0.2140045166015625
1153,2048_2304_7936_8192,MSAVI,65536,40661,4079.0,44740.0,20796.0,good,0.6204376220703125,0.0622406005859375,0.31732177734375
1154,2048_2304_8192_8448,MSAVI,65536,37688,4284.0,41972.0,23564.0,good,0.5750732421875,0.06536865234375,0.35955810546875
1155,2048_2304_8448_8704,MSAVI,65536,37270,5695.0,42965.0,22571.0,good,0.568695068359375,0.0868988037109375,0.3444061279296875
1156,2048_2304_8704_8960,MSAVI,65536,37468,4430.0,41898.0,23638.0,good,0.57171630859375,0.067596435546875,0.360687255859375
1157,2304_2560_256_512,MSAVI,65536,36705,5810.0,42515.0,23021.0,good,0.5600738525390625,0.088653564453125,0.3512725830078125
1158,2304_2560_512_768,MSAVI,65536,42328,3126.0,45454.0,20082.0,good,0.6458740234375,0.047698974609375,0.306427001953125
1159,2304_2560_768_1024,MSAVI,65536,45096,2065.0,47161.0,18375.0,good,0.6881103515625,0.0315093994140625,0.2803802490234375
1160,2304_2560_1024_1280,MSAVI,65536,41699,4713.0,46412.0,19124.0,good,0.6362762451171875,0.0719146728515625,0.29180908203125
1161,2304_2560_1280_1536,MSAVI,65536,43075,5726.0,48801.0,16735.0,good,0.6572723388671875,0.087371826171875,0.2553558349609375
1162,2304_2560_1536_1792,MSAVI,65536,39560,3698.0,43258.0,22278.0,good,0.6036376953125,0.056427001953125,0.339935302734375
1163,2304_2560_1792_2048,MSAVI,65536,39703,3188.0,42891.0,22645.0,good,0.6058197021484375,0.04864501953125,0.3455352783203125
1164,2304_2560_2048_2304,MSAVI,65536,39246,4890.0,44136.0,21400.0,good,0.598846435546875,0.074615478515625,0.3265380859375
1165,2304_2560_2304_2560,MSAVI,65536,43334,7179.0,50513.0,15023.0,good,0.661224365234375,0.1095428466796875,0.2292327880859375
1166,2304_2560_2560_2816,MSAVI,65536,43725,3007.0,46732.0,18804.0,good,0.6671905517578125,0.0458831787109375,0.28692626953125
1167,2304_2560_2816_3072,MSAVI,65536,39358,7117.0,46475.0,19061.0,good,0.600555419921875,0.1085968017578125,0.2908477783203125
1168,2304_2560_3072_3328,MSAVI,65536,42434,4609.0,47043.0,18493.0,good,0.647491455078125,0.0703277587890625,0.2821807861328125
1169,2304_2560_3328_3584,MSAVI,65536,43438,5982.0,49420.0,16116.0,good,0.662811279296875,0.091278076171875,0.24591064453125
1170,2304_2560_3584_3840,MSAVI,65536,40835,9709.0,50544.0,14992.0,good,0.6230926513671875,0.1481475830078125,0.228759765625
1171,2304_2560_3840_4096,MSAVI,65536,40459,12862.0,53321.0,12215.0,good,0.6173553466796875,0.196258544921875,0.1863861083984375
1172,2304_2560_4096_4352,MSAVI,65536,46912,3182.0,50094.0,15442.0,good,0.7158203125,0.048553466796875,0.235626220703125
1173,2304_2560_4352_4608,MSAVI,65536,43467,4389.0,47856.0,17680.0,good,0.6632537841796875,0.0669708251953125,0.269775390625
1174,2304_2560_4608_4864,MSAVI,65536,39087,10207.0,49294.0,16242.0,good,0.5964202880859375,0.1557464599609375,0.247833251953125
1175,2304_2560_4864_5120,MSAVI,65536,41711,13739.0,55450.0,10086.0,good,0.6364593505859375,0.2096405029296875,0.153900146484375
1176,2304_2560_5120_5376,MSAVI,65536,42961,2235.0,45196.0,20340.0,good,0.6555328369140625,0.0341033935546875,0.31036376953125
1177,2304_2560_5376_5632,MSAVI,65536,42679,7143.0,49822.0,15714.0,good,0.6512298583984375,0.1089935302734375,0.239776611328125
1178,2304_2560_5632_5888,MSAVI,65536,36742,6573.0,43315.0,22221.0,good,0.560638427734375,0.1002960205078125,0.3390655517578125
1179,2304_2560_5888_6144,MSAVI,65536,45783,10912.0,56695.0,8841.0,good,0.6985931396484375,0.16650390625,0.1349029541015625
1180,2304_2560_6144_6400,MSAVI,65536,41359,6497.0,47856.0,17680.0,good,0.6310882568359375,0.0991363525390625,0.269775390625
1181,2304_2560_6400_6656,MSAVI,65536,39317,5503.0,44820.0,20716.0,good,0.5999298095703125,0.0839691162109375,0.31610107421875
1182,2304_2560_6656_6912,MSAVI,65536,43433,13507.0,56940.0,8596.0,good,0.6627349853515625,0.2061004638671875,0.13116455078125
1183,2304_2560_6912_7168,MSAVI,65536,43107,8489.0,51596.0,13940.0,good,0.6577606201171875,0.1295318603515625,0.21270751953125
1184,2304_2560_7168_7424,MSAVI,65536,44155,3288.0,47443.0,18093.0,good,0.6737518310546875,0.0501708984375,0.2760772705078125
1185,2304_2560_7424_7680,MSAVI,65536,46416,5965.0,52381.0,13155.0,good,0.708251953125,0.0910186767578125,0.2007293701171875
1186,2304_2560_7680_7936,MSAVI,65536,43928,4288.0,48216.0,17320.0,good,0.6702880859375,0.0654296875,0.2642822265625
1187,2304_2560_7936_8192,MSAVI,65536,41553,4037.0,45590.0,19946.0,good,0.6340484619140625,0.0615997314453125,0.304351806640625
1188,2304_2560_8192_8448,MSAVI,65536,38011,3218.0,41229.0,24307.0,good,0.5800018310546875,0.049102783203125,0.3708953857421875
1189,2304_2560_8448_8704,MSAVI,65536,49978,6116.0,56094.0,9442.0,good,0.762603759765625,0.09332275390625,0.144073486328125
1190,2304_2560_8704_8960,MSAVI,65536,39495,8119.0,47614.0,17922.0,good,0.6026458740234375,0.1238861083984375,0.273468017578125
1191,2560_2816_256_512,MSAVI,65536,40653,5645.0,46298.0,19238.0,good,0.6203155517578125,0.0861358642578125,0.293548583984375
1192,2560_2816_512_768,MSAVI,65536,40539,3364.0,43903.0,21633.0,good,0.6185760498046875,0.05133056640625,0.3300933837890625
1193,2560_2816_768_1024,MSAVI,65536,43123,1592.0,44715.0,20821.0,good,0.6580047607421875,0.0242919921875,0.3177032470703125
1194,2560_2816_1024_1280,MSAVI,65536,45883,2043.0,47926.0,17610.0,good,0.7001190185546875,0.0311737060546875,0.268707275390625
1195,2560_2816_1280_1536,MSAVI,65536,44496,1593.0,46089.0,19447.0,good,0.678955078125,0.0243072509765625,0.2967376708984375
1196,2560_2816_1536_1792,MSAVI,65536,36104,14674.0,50778.0,14758.0,good,0.5509033203125,0.223907470703125,0.225189208984375
1197,2560_2816_1792_2048,MSAVI,65536,39685,3991.0,43676.0,21860.0,good,0.6055450439453125,0.0608978271484375,0.33355712890625
1198,2560_2816_2048_2304,MSAVI,65536,43479,1541.0,45020.0,20516.0,good,0.6634368896484375,0.0235137939453125,0.31304931640625
1199,2560_2816_2304_2560,MSAVI,65536,38367,6133.0,44500.0,21036.0,good,0.5854339599609375,0.0935821533203125,0.32098388671875
1200,2560_2816_2560_2816,MSAVI,65536,42681,3068.0,45749.0,19787.0,good,0.6512603759765625,0.04681396484375,0.3019256591796875
1201,2560_2816_2816_3072,MSAVI,65536,41016,3312.0,44328.0,21208.0,good,0.6258544921875,0.050537109375,0.3236083984375
1202,2560_2816_3072_3328,MSAVI,65536,44729,3662.0,48391.0,17145.0,good,0.6825103759765625,0.055877685546875,0.2616119384765625
1203,2560_2816_3328_3584,MSAVI,65536,40655,5731.0,46386.0,19150.0,good,0.6203460693359375,0.0874481201171875,0.292205810546875
1204,2560_2816_3584_3840,MSAVI,65536,37622,21259.0,58881.0,6655.0,good,0.574066162109375,0.3243865966796875,0.1015472412109375
1205,2560_2816_3840_4096,MSAVI,65536,39013,15458.0,54471.0,11065.0,good,0.5952911376953125,0.235870361328125,0.1688385009765625
1206,2560_2816_4096_4352,MSAVI,65536,41747,7817.0,49564.0,15972.0,good,0.6370086669921875,0.1192779541015625,0.24371337890625
1207,2560_2816_4352_4608,MSAVI,65536,48093,992.0,49085.0,16451.0,good,0.7338409423828125,0.01513671875,0.2510223388671875
1208,2560_2816_4608_4864,MSAVI,65536,42128,3695.0,45823.0,19713.0,good,0.642822265625,0.0563812255859375,0.3007965087890625
1209,2560_2816_4864_5120,MSAVI,65536,39937,10595.0,50532.0,15004.0,good,0.6093902587890625,0.1616668701171875,0.22894287109375
1210,2560_2816_5120_5376,MSAVI,65536,43931,6226.0,50157.0,15379.0,good,0.6703338623046875,0.095001220703125,0.2346649169921875
1211,2560_2816_5376_5632,MSAVI,65536,41318,8111.0,49429.0,16107.0,good,0.630462646484375,0.1237640380859375,0.2457733154296875
1212,2560_2816_5632_5888,MSAVI,65536,38711,13658.0,52369.0,13167.0,good,0.5906829833984375,0.208404541015625,0.2009124755859375
1213,2560_2816_5888_6144,MSAVI,65536,34324,8461.0,42785.0,22751.0,good,0.52374267578125,0.1291046142578125,0.3471527099609375
1214,2560_2816_6144_6400,MSAVI,65536,39911,9156.0,49067.0,16469.0,good,0.6089935302734375,0.13970947265625,0.2512969970703125
1215,2560_2816_6400_6656,MSAVI,65536,37127,5963.0,43090.0,22446.0,good,0.5665130615234375,0.0909881591796875,0.342498779296875
1216,2560_2816_6656_6912,MSAVI,65536,39899,9892.0,49791.0,15745.0,good,0.6088104248046875,0.15093994140625,0.2402496337890625
1217,2560_2816_6912_7168,MSAVI,65536,47182,2991.0,50173.0,15363.0,good,0.719940185546875,0.0456390380859375,0.2344207763671875
1218,2560_2816_7168_7424,MSAVI,65536,44918,4817.0,49735.0,15801.0,good,0.685394287109375,0.0735015869140625,0.2411041259765625
1219,2560_2816_7424_7680,MSAVI,65536,41059,14487.0,55546.0,9990.0,good,0.6265106201171875,0.2210540771484375,0.152435302734375
1220,2560_2816_7680_7936,MSAVI,65536,41796,13441.0,55237.0,10299.0,good,0.63775634765625,0.2050933837890625,0.1571502685546875
1221,2560_2816_7936_8192,MSAVI,65536,39117,10051.0,49168.0,16368.0,good,0.5968780517578125,0.1533660888671875,0.249755859375
1222,2560_2816_8192_8448,MSAVI,65536,39964,8671.0,48635.0,16901.0,good,0.60980224609375,0.1323089599609375,0.2578887939453125
1223,2560_2816_8448_8704,MSAVI,65536,45417,6059.0,51476.0,14060.0,good,0.6930084228515625,0.0924530029296875,0.21453857421875
1224,2560_2816_8704_8960,MSAVI,65536,42348,10123.0,52471.0,13065.0,good,0.64617919921875,0.1544647216796875,0.1993560791015625
1225,2560_2816_8960_9216,MSAVI,65536,40356,18223.0,58579.0,6957.0,good,0.61578369140625,0.2780609130859375,0.1061553955078125
1226,2816_3072_256_512,MSAVI,65536,41561,3020.0,44581.0,20955.0,good,0.6341705322265625,0.04608154296875,0.3197479248046875
1227,2816_3072_512_768,MSAVI,65536,37871,5561.0,43432.0,22104.0,good,0.5778656005859375,0.0848541259765625,0.3372802734375
1228,2816_3072_768_1024,MSAVI,65536,42372,3157.0,45529.0,20007.0,good,0.64654541015625,0.0481719970703125,0.3052825927734375
1229,2816_3072_1024_1280,MSAVI,65536,44505,3738.0,48243.0,17293.0,good,0.6790924072265625,0.057037353515625,0.2638702392578125
1230,2816_3072_1280_1536,MSAVI,65536,42189,2699.0,44888.0,20648.0,good,0.6437530517578125,0.0411834716796875,0.3150634765625
1231,2816_3072_1536_1792,MSAVI,65536,42635,3969.0,46604.0,18932.0,good,0.6505584716796875,0.0605621337890625,0.28887939453125
1232,2816_3072_1792_2048,MSAVI,65536,41088,3409.0,44497.0,21039.0,good,0.626953125,0.0520172119140625,0.3210296630859375
1233,2816_3072_2048_2304,MSAVI,65536,44809,4265.0,49074.0,16462.0,good,0.6837310791015625,0.0650787353515625,0.251190185546875
1234,2816_3072_2304_2560,MSAVI,65536,40831,2551.0,43382.0,22154.0,good,0.6230316162109375,0.0389251708984375,0.338043212890625
1235,2816_3072_2560_2816,MSAVI,65536,42236,9116.0,51352.0,14184.0,good,0.64447021484375,0.13909912109375,0.2164306640625
1236,2816_3072_2816_3072,MSAVI,65536,41439,5212.0,46651.0,18885.0,good,0.6323089599609375,0.07952880859375,0.2881622314453125
1237,2816_3072_3072_3328,MSAVI,65536,42977,5645.0,48622.0,16914.0,good,0.6557769775390625,0.0861358642578125,0.258087158203125
1238,2816_3072_3328_3584,MSAVI,65536,39738,11061.0,50799.0,14737.0,good,0.606353759765625,0.1687774658203125,0.2248687744140625
1239,2816_3072_3584_3840,MSAVI,65536,43482,8415.0,51897.0,13639.0,good,0.663482666015625,0.1284027099609375,0.2081146240234375
1240,2816_3072_3840_4096,MSAVI,65536,37455,10994.0,48449.0,17087.0,good,0.5715179443359375,0.167755126953125,0.2607269287109375
1241,2816_3072_4096_4352,MSAVI,65536,46662,3337.0,49999.0,15537.0,good,0.712005615234375,0.0509185791015625,0.2370758056640625
1242,2816_3072_4352_4608,MSAVI,65536,45071,2323.0,47394.0,18142.0,good,0.6877288818359375,0.0354461669921875,0.276824951171875
1243,2816_3072_4608_4864,MSAVI,65536,43175,3701.0,46876.0,18660.0,good,0.6587982177734375,0.0564727783203125,0.28472900390625
1244,2816_3072_4864_5120,MSAVI,65536,40462,5705.0,46167.0,19369.0,good,0.617401123046875,0.0870513916015625,0.2955474853515625
1245,2816_3072_5120_5376,MSAVI,65536,44193,7355.0,51548.0,13988.0,good,0.6743316650390625,0.1122283935546875,0.21343994140625
1246,2816_3072_5376_5632,MSAVI,65536,43865,4504.0,48369.0,17167.0,good,0.6693267822265625,0.0687255859375,0.2619476318359375
1247,2816_3072_5632_5888,MSAVI,65536,45212,6573.0,51785.0,13751.0,good,0.68988037109375,0.1002960205078125,0.2098236083984375
1248,2816_3072_5888_6144,MSAVI,65536,45606,8033.0,53639.0,11897.0,good,0.695892333984375,0.1225738525390625,0.1815338134765625
1249,2816_3072_6144_6400,MSAVI,65536,41406,7063.0,48469.0,17067.0,good,0.631805419921875,0.1077728271484375,0.2604217529296875
1250,2816_3072_6400_6656,MSAVI,65536,40422,6922.0,47344.0,18192.0,good,0.616790771484375,0.105621337890625,0.277587890625
1251,2816_3072_6656_6912,MSAVI,65536,42782,11856.0,54638.0,10898.0,good,0.652801513671875,0.180908203125,0.166290283203125
1252,2816_3072_6912_7168,MSAVI,65536,49769,2586.0,52355.0,13181.0,good,0.7594146728515625,0.039459228515625,0.2011260986328125
1253,2816_3072_7168_7424,MSAVI,65536,40252,12284.0,52536.0,13000.0,good,0.61419677734375,0.18743896484375,0.1983642578125
1254,2816_3072_7424_7680,MSAVI,65536,46136,5161.0,51297.0,14239.0,good,0.7039794921875,0.0787506103515625,0.2172698974609375
1255,2816_3072_7680_7936,MSAVI,65536,48446,2203.0,50649.0,14887.0,good,0.739227294921875,0.0336151123046875,0.2271575927734375
1256,2816_3072_7936_8192,MSAVI,65536,42271,5831.0,48102.0,17434.0,good,0.6450042724609375,0.0889739990234375,0.266021728515625
1257,2816_3072_8192_8448,MSAVI,65536,40643,6022.0,46665.0,18871.0,good,0.6201629638671875,0.091888427734375,0.2879486083984375
1258,2816_3072_8448_8704,MSAVI,65536,34843,7573.0,42416.0,23120.0,good,0.5316619873046875,0.1155548095703125,0.352783203125
1259,2816_3072_8704_8960,MSAVI,65536,36403,8859.0,45262.0,20274.0,good,0.5554656982421875,0.1351776123046875,0.309356689453125
1260,2816_3072_8960_9216,MSAVI,65536,23173,695.0,23868.0,41668.0,good,0.3535919189453125,0.0106048583984375,0.63580322265625
1261,3072_3328_256_512,MSAVI,65536,32934,11817.0,44751.0,20785.0,good,0.502532958984375,0.1803131103515625,0.3171539306640625
1262,3072_3328_512_768,MSAVI,65536,39514,17873.0,57387.0,8149.0,good,0.602935791015625,0.2727203369140625,0.1243438720703125
1263,3072_3328_768_1024,MSAVI,65536,37663,6210.0,43873.0,21663.0,good,0.5746917724609375,0.094757080078125,0.3305511474609375
1264,3072_3328_1024_1280,MSAVI,65536,44913,4582.0,49495.0,16041.0,good,0.6853179931640625,0.069915771484375,0.2447662353515625
1265,3072_3328_1280_1536,MSAVI,65536,49607,9477.0,59084.0,6452.0,good,0.7569427490234375,0.1446075439453125,0.09844970703125
1266,3072_3328_1536_1792,MSAVI,65536,45397,1915.0,47312.0,18224.0,good,0.6927032470703125,0.0292205810546875,0.278076171875
1267,3072_3328_1792_2048,MSAVI,65536,45558,1530.0,47088.0,18448.0,good,0.695159912109375,0.023345947265625,0.281494140625
1268,3072_3328_2048_2304,MSAVI,65536,41445,6367.0,47812.0,17724.0,good,0.6324005126953125,0.0971527099609375,0.27044677734375
1269,3072_3328_2304_2560,MSAVI,65536,40835,5721.0,46556.0,18980.0,good,0.6230926513671875,0.0872955322265625,0.28961181640625
1270,3072_3328_2560_2816,MSAVI,65536,38562,5011.0,43573.0,21963.0,good,0.588409423828125,0.0764617919921875,0.3351287841796875
1271,3072_3328_2816_3072,MSAVI,65536,45670,2594.0,48264.0,17272.0,good,0.696868896484375,0.039581298828125,0.2635498046875
1272,3072_3328_3072_3328,MSAVI,65536,44041,2049.0,46090.0,19446.0,good,0.6720123291015625,0.0312652587890625,0.296722412109375
1273,3072_3328_3328_3584,MSAVI,65536,43307,2280.0,45587.0,19949.0,good,0.6608123779296875,0.0347900390625,0.3043975830078125
1274,3072_3328_3584_3840,MSAVI,65536,42998,2591.0,45589.0,19947.0,good,0.656097412109375,0.0395355224609375,0.3043670654296875
1275,3072_3328_3840_4096,MSAVI,65536,45597,2921.0,48518.0,17018.0,good,0.6957550048828125,0.0445709228515625,0.259674072265625
1276,3072_3328_4096_4352,MSAVI,65536,43425,1960.0,45385.0,20151.0,good,0.6626129150390625,0.0299072265625,0.3074798583984375
1277,3072_3328_4352_4608,MSAVI,65536,47563,2942.0,50505.0,15031.0,good,0.7257537841796875,0.044891357421875,0.2293548583984375
1278,3072_3328_4608_4864,MSAVI,65536,46314,3927.0,50241.0,15295.0,good,0.706695556640625,0.0599212646484375,0.2333831787109375
1279,3072_3328_4864_5120,MSAVI,65536,40616,5754.0,46370.0,19166.0,good,0.6197509765625,0.087799072265625,0.292449951171875
1280,3072_3328_5120_5376,MSAVI,65536,43141,7531.0,50672.0,14864.0,good,0.6582794189453125,0.1149139404296875,0.226806640625
1281,3072_3328_5376_5632,MSAVI,65536,49027,4163.0,53190.0,12346.0,good,0.7480926513671875,0.0635223388671875,0.188385009765625
1282,3072_3328_5632_5888,MSAVI,65536,43964,5579.0,49543.0,15993.0,good,0.67083740234375,0.0851287841796875,0.2440338134765625
1283,3072_3328_5888_6144,MSAVI,65536,45014,14307.0,59321.0,6215.0,good,0.686859130859375,0.2183074951171875,0.0948333740234375
1284,3072_3328_6144_6400,MSAVI,65536,43027,4338.0,47365.0,18171.0,good,0.6565399169921875,0.066192626953125,0.2772674560546875
1285,3072_3328_6400_6656,MSAVI,65536,39155,10937.0,50092.0,15444.0,good,0.5974578857421875,0.1668853759765625,0.23565673828125
1286,3072_3328_6656_6912,MSAVI,65536,36761,5681.0,42442.0,23094.0,good,0.5609283447265625,0.0866851806640625,0.352386474609375
1287,3072_3328_6912_7168,MSAVI,65536,46493,4124.0,50617.0,14919.0,good,0.7094268798828125,0.06292724609375,0.2276458740234375
1288,3072_3328_7168_7424,MSAVI,65536,42525,7245.0,49770.0,15766.0,good,0.6488800048828125,0.1105499267578125,0.240570068359375
1289,3072_3328_7424_7680,MSAVI,65536,41745,4496.0,46241.0,19295.0,good,0.6369781494140625,0.068603515625,0.2944183349609375
1290,3072_3328_7680_7936,MSAVI,65536,45638,5046.0,50684.0,14852.0,good,0.696380615234375,0.076995849609375,0.22662353515625
1291,3072_3328_7936_8192,MSAVI,65536,39327,13862.0,53189.0,12347.0,good,0.6000823974609375,0.211517333984375,0.1884002685546875
1292,3072_3328_8192_8448,MSAVI,65536,40393,11129.0,51522.0,14014.0,good,0.6163482666015625,0.1698150634765625,0.213836669921875
1293,3072_3328_8448_8704,MSAVI,65536,43060,10872.0,53932.0,11604.0,good,0.65704345703125,0.1658935546875,0.17706298828125
1294,3072_3328_8704_8960,MSAVI,65536,35299,10403.0,45702.0,19834.0,good,0.5386199951171875,0.1587371826171875,0.302642822265625
1295,3072_3328_8960_9216,MSAVI,65536,34126,13762.0,47888.0,17648.0,good,0.520721435546875,0.209991455078125,0.269287109375
1296,3328_3584_256_512,MSAVI,65536,32597,8276.0,40873.0,24663.0,good,0.4973907470703125,0.12628173828125,0.3763275146484375
1297,3328_3584_512_768,MSAVI,65536,34770,7201.0,41971.0,23565.0,good,0.530548095703125,0.1098785400390625,0.3595733642578125
1298,3328_3584_768_1024,MSAVI,65536,44576,3615.0,48191.0,17345.0,good,0.68017578125,0.0551605224609375,0.2646636962890625
1299,3328_3584_1024_1280,MSAVI,65536,44507,1826.0,46333.0,19203.0,good,0.6791229248046875,0.027862548828125,0.2930145263671875
1300,3328_3584_1280_1536,MSAVI,65536,49064,7183.0,56247.0,9289.0,good,0.7486572265625,0.1096038818359375,0.1417388916015625
1301,3328_3584_1536_1792,MSAVI,65536,45091,1624.0,46715.0,18821.0,good,0.6880340576171875,0.0247802734375,0.2871856689453125
1302,3328_3584_1792_2048,MSAVI,65536,42290,3068.0,45358.0,20178.0,good,0.645294189453125,0.04681396484375,0.307891845703125
1303,3328_3584_2048_2304,MSAVI,65536,38256,1681.0,39937.0,25599.0,good,0.583740234375,0.0256500244140625,0.3906097412109375
1304,3328_3584_2304_2560,MSAVI,65536,37722,4432.0,42154.0,23382.0,good,0.575592041015625,0.067626953125,0.356781005859375
1305,3328_3584_2560_2816,MSAVI,65536,39479,5572.0,45051.0,20485.0,good,0.6024017333984375,0.08502197265625,0.3125762939453125
1306,3328_3584_2816_3072,MSAVI,65536,44132,3088.0,47220.0,18316.0,good,0.67340087890625,0.047119140625,0.27947998046875
1307,3328_3584_3072_3328,MSAVI,65536,43315,2145.0,45460.0,20076.0,good,0.6609344482421875,0.0327301025390625,0.30633544921875
1308,3328_3584_3328_3584,MSAVI,65536,43353,2001.0,45354.0,20182.0,good,0.6615142822265625,0.0305328369140625,0.307952880859375
1309,3328_3584_3584_3840,MSAVI,65536,42441,6036.0,48477.0,17059.0,good,0.6475982666015625,0.09210205078125,0.2602996826171875
1310,3328_3584_3840_4096,MSAVI,65536,44470,3336.0,47806.0,17730.0,good,0.678558349609375,0.0509033203125,0.270538330078125
1311,3328_3584_4096_4352,MSAVI,65536,46331,3038.0,49369.0,16167.0,good,0.7069549560546875,0.046356201171875,0.2466888427734375
1312,3328_3584_4352_4608,MSAVI,65536,46425,2021.0,48446.0,17090.0,good,0.7083892822265625,0.0308380126953125,0.260772705078125
1313,3328_3584_4608_4864,MSAVI,65536,38010,8755.0,46765.0,18771.0,good,0.579986572265625,0.1335906982421875,0.2864227294921875
1314,3328_3584_4864_5120,MSAVI,65536,40649,16345.0,56994.0,8542.0,good,0.6202545166015625,0.2494049072265625,0.130340576171875
1315,3328_3584_5120_5376,MSAVI,65536,38654,11215.0,49869.0,15667.0,good,0.589813232421875,0.1711273193359375,0.2390594482421875
1316,3328_3584_5376_5632,MSAVI,65536,39937,8034.0,47971.0,17565.0,good,0.6093902587890625,0.122589111328125,0.2680206298828125
1317,3328_3584_5632_5888,MSAVI,65536,43337,4947.0,48284.0,17252.0,good,0.6612701416015625,0.0754852294921875,0.26324462890625
1318,3328_3584_5888_6144,MSAVI,65536,45514,8805.0,54319.0,11217.0,good,0.694488525390625,0.1343536376953125,0.1711578369140625
1319,3328_3584_6144_6400,MSAVI,65536,41123,5619.0,46742.0,18794.0,good,0.6274871826171875,0.0857391357421875,0.286773681640625
1320,3328_3584_6400_6656,MSAVI,65536,38934,9619.0,48553.0,16983.0,good,0.594085693359375,0.1467742919921875,0.2591400146484375
1321,3328_3584_6656_6912,MSAVI,65536,43641,6301.0,49942.0,15594.0,good,0.6659088134765625,0.0961456298828125,0.237945556640625
1322,3328_3584_6912_7168,MSAVI,65536,50320,5177.0,55497.0,10039.0,good,0.767822265625,0.0789947509765625,0.1531829833984375
1323,3328_3584_7168_7424,MSAVI,65536,47294,3413.0,50707.0,14829.0,good,0.721649169921875,0.0520782470703125,0.2262725830078125
1324,3328_3584_7424_7680,MSAVI,65536,46462,1806.0,48268.0,17268.0,good,0.708953857421875,0.027557373046875,0.26348876953125
1325,3328_3584_7680_7936,MSAVI,65536,42903,4544.0,47447.0,18089.0,good,0.6546478271484375,0.0693359375,0.2760162353515625
1326,3328_3584_7936_8192,MSAVI,65536,38042,13646.0,51688.0,13848.0,good,0.580474853515625,0.208221435546875,0.2113037109375
1327,3328_3584_8192_8448,MSAVI,65536,37628,11071.0,48699.0,16837.0,good,0.57415771484375,0.1689300537109375,0.2569122314453125
1328,3328_3584_8448_8704,MSAVI,65536,38825,17821.0,56646.0,8890.0,good,0.5924224853515625,0.2719268798828125,0.135650634765625
1329,3328_3584_8704_8960,MSAVI,65536,34847,14419.0,49266.0,16270.0,good,0.5317230224609375,0.2200164794921875,0.248260498046875
1330,3328_3584_8960_9216,MSAVI,65536,35657,8197.0,43854.0,21682.0,good,0.5440826416015625,0.1250762939453125,0.330841064453125
1331,3584_3840_256_512,MSAVI,65536,41495,4126.0,45621.0,19915.0,good,0.6331634521484375,0.062957763671875,0.3038787841796875
1332,3584_3840_512_768,MSAVI,65536,35398,7345.0,42743.0,22793.0,good,0.540130615234375,0.1120758056640625,0.3477935791015625
1333,3584_3840_768_1024,MSAVI,65536,36634,6723.0,43357.0,22179.0,good,0.558990478515625,0.1025848388671875,0.3384246826171875
1334,3584_3840_1024_1280,MSAVI,65536,41537,6637.0,48174.0,17362.0,good,0.6338043212890625,0.1012725830078125,0.264923095703125
1335,3584_3840_1280_1536,MSAVI,65536,43606,3896.0,47502.0,18034.0,good,0.665374755859375,0.0594482421875,0.275177001953125
1336,3584_3840_1536_1792,MSAVI,65536,40493,6352.0,46845.0,18691.0,good,0.6178741455078125,0.096923828125,0.2852020263671875
1337,3584_3840_1792_2048,MSAVI,65536,43360,969.0,44329.0,21207.0,good,0.66162109375,0.0147857666015625,0.3235931396484375
1338,3584_3840_2048_2304,MSAVI,65536,41765,3890.0,45655.0,19881.0,good,0.6372833251953125,0.059356689453125,0.3033599853515625
1339,3584_3840_2304_2560,MSAVI,65536,38269,7694.0,45963.0,19573.0,good,0.5839385986328125,0.117401123046875,0.2986602783203125
1340,3584_3840_2560_2816,MSAVI,65536,34364,10083.0,44447.0,21089.0,good,0.52435302734375,0.1538543701171875,0.3217926025390625
1341,3584_3840_2816_3072,MSAVI,65536,35122,10721.0,45843.0,19693.0,good,0.535919189453125,0.1635894775390625,0.3004913330078125
1342,3584_3840_3072_3328,MSAVI,65536,45807,11728.0,57535.0,8001.0,good,0.6989593505859375,0.178955078125,0.1220855712890625
1343,3584_3840_3328_3584,MSAVI,65536,44404,5884.0,50288.0,15248.0,good,0.67755126953125,0.08978271484375,0.232666015625
1344,3584_3840_3584_3840,MSAVI,65536,45417,4388.0,49805.0,15731.0,good,0.6930084228515625,0.06695556640625,0.2400360107421875
1345,3584_3840_3840_4096,MSAVI,65536,46043,2195.0,48238.0,17298.0,good,0.7025604248046875,0.0334930419921875,0.263946533203125
1346,3584_3840_4096_4352,MSAVI,65536,46063,5463.0,51526.0,14010.0,good,0.7028656005859375,0.0833587646484375,0.213775634765625
1347,3584_3840_4352_4608,MSAVI,65536,42111,4948.0,47059.0,18477.0,good,0.6425628662109375,0.07550048828125,0.2819366455078125
1348,3584_3840_4608_4864,MSAVI,65536,37614,7241.0,44855.0,20681.0,good,0.573944091796875,0.1104888916015625,0.3155670166015625
1349,3584_3840_4864_5120,MSAVI,65536,35034,11070.0,46104.0,19432.0,good,0.534576416015625,0.168914794921875,0.2965087890625
1350,3584_3840_5120_5376,MSAVI,65536,36418,17930.0,54348.0,11188.0,good,0.555694580078125,0.273590087890625,0.17071533203125
1351,3584_3840_5376_5632,MSAVI,65536,42850,6437.0,49287.0,16249.0,good,0.653839111328125,0.0982208251953125,0.2479400634765625
1352,3584_3840_5632_5888,MSAVI,65536,45598,6892.0,52490.0,13046.0,good,0.695770263671875,0.10516357421875,0.199066162109375
1353,3584_3840_5888_6144,MSAVI,65536,44123,3091.0,47214.0,18322.0,good,0.6732635498046875,0.0471649169921875,0.279571533203125
1354,3584_3840_6144_6400,MSAVI,65536,39127,15841.0,54968.0,10568.0,good,0.5970306396484375,0.2417144775390625,0.1612548828125
1355,3584_3840_6400_6656,MSAVI,65536,40112,14503.0,54615.0,10921.0,good,0.612060546875,0.2212982177734375,0.1666412353515625
1356,3584_3840_6656_6912,MSAVI,65536,46534,3602.0,50136.0,15400.0,good,0.710052490234375,0.054962158203125,0.2349853515625
1357,3584_3840_6912_7168,MSAVI,65536,46855,5490.0,52345.0,13191.0,good,0.7149505615234375,0.083770751953125,0.2012786865234375
1358,3584_3840_7168_7424,MSAVI,65536,45147,5439.0,50586.0,14950.0,good,0.6888885498046875,0.0829925537109375,0.228118896484375
1359,3584_3840_7424_7680,MSAVI,65536,43426,8855.0,52281.0,13255.0,good,0.662628173828125,0.1351165771484375,0.2022552490234375
1360,3584_3840_7680_7936,MSAVI,65536,43150,8123.0,51273.0,14263.0,good,0.658416748046875,0.1239471435546875,0.2176361083984375
1361,3584_3840_7936_8192,MSAVI,65536,40253,14560.0,54813.0,10723.0,good,0.6142120361328125,0.22216796875,0.1636199951171875
1362,3584_3840_8192_8448,MSAVI,65536,36123,11724.0,47847.0,17689.0,good,0.5511932373046875,0.17889404296875,0.2699127197265625
1363,3584_3840_8448_8704,MSAVI,65536,38806,13425.0,52231.0,13305.0,good,0.592132568359375,0.2048492431640625,0.2030181884765625
1364,3584_3840_8704_8960,MSAVI,65536,38284,12703.0,50987.0,14549.0,good,0.58416748046875,0.1938323974609375,0.2220001220703125
1365,3584_3840_8960_9216,MSAVI,65536,39571,9800.0,49371.0,16165.0,good,0.6038055419921875,0.1495361328125,0.2466583251953125
1366,3840_4096_256_512,MSAVI,65536,41912,728.0,42640.0,22896.0,good,0.6395263671875,0.0111083984375,0.349365234375
1367,3840_4096_512_768,MSAVI,65536,37609,4641.0,42250.0,23286.0,good,0.5738677978515625,0.0708160400390625,0.355316162109375
1368,3840_4096_768_1024,MSAVI,65536,38520,11051.0,49571.0,15965.0,good,0.5877685546875,0.1686248779296875,0.2436065673828125
1369,3840_4096_1024_1280,MSAVI,65536,40327,5627.0,45954.0,19582.0,good,0.6153411865234375,0.0858612060546875,0.298797607421875
1370,3840_4096_1280_1536,MSAVI,65536,44717,2140.0,46857.0,18679.0,good,0.6823272705078125,0.03265380859375,0.2850189208984375
1371,3840_4096_1536_1792,MSAVI,65536,44182,2941.0,47123.0,18413.0,good,0.674163818359375,0.0448760986328125,0.2809600830078125
1372,3840_4096_1792_2048,MSAVI,65536,43306,1205.0,44511.0,21025.0,good,0.660797119140625,0.0183868408203125,0.3208160400390625
1373,3840_4096_2048_2304,MSAVI,65536,40607,5935.0,46542.0,18994.0,good,0.6196136474609375,0.0905609130859375,0.289825439453125
1374,3840_4096_2304_2560,MSAVI,65536,42347,3986.0,46333.0,19203.0,good,0.6461639404296875,0.060821533203125,0.2930145263671875
1375,3840_4096_2560_2816,MSAVI,65536,41464,3447.0,44911.0,20625.0,good,0.6326904296875,0.0525970458984375,0.3147125244140625
1376,3840_4096_2816_3072,MSAVI,65536,45042,1467.0,46509.0,19027.0,good,0.687286376953125,0.0223846435546875,0.2903289794921875
1377,3840_4096_3072_3328,MSAVI,65536,44331,2527.0,46858.0,18678.0,good,0.6764373779296875,0.0385589599609375,0.285003662109375
1378,3840_4096_3328_3584,MSAVI,65536,48712,2190.0,50902.0,14634.0,good,0.7432861328125,0.033416748046875,0.223297119140625
1379,3840_4096_3584_3840,MSAVI,65536,41101,3946.0,45047.0,20489.0,good,0.6271514892578125,0.060211181640625,0.3126373291015625
1380,3840_4096_3840_4096,MSAVI,65536,45489,3974.0,49463.0,16073.0,good,0.6941070556640625,0.060638427734375,0.2452545166015625
1381,3840_4096_4096_4352,MSAVI,65536,41377,4162.0,45539.0,19997.0,good,0.6313629150390625,0.063507080078125,0.3051300048828125
1382,3840_4096_4352_4608,MSAVI,65536,44236,7490.0,51726.0,13810.0,good,0.67498779296875,0.114288330078125,0.210723876953125
1383,3840_4096_4608_4864,MSAVI,65536,39275,9015.0,48290.0,17246.0,good,0.5992889404296875,0.1375579833984375,0.263153076171875
1384,3840_4096_4864_5120,MSAVI,65536,36858,11640.0,48498.0,17038.0,good,0.562408447265625,0.1776123046875,0.259979248046875
1385,3840_4096_5120_5376,MSAVI,65536,37745,10011.0,47756.0,17780.0,good,0.5759429931640625,0.1527557373046875,0.27130126953125
1386,3840_4096_5376_5632,MSAVI,65536,43268,8722.0,51990.0,13546.0,good,0.66021728515625,0.133087158203125,0.206695556640625
1387,3840_4096_5632_5888,MSAVI,65536,38973,12639.0,51612.0,13924.0,good,0.5946807861328125,0.1928558349609375,0.21246337890625
1388,3840_4096_5888_6144,MSAVI,65536,33870,9763.0,43633.0,21903.0,good,0.516815185546875,0.1489715576171875,0.3342132568359375
1389,3840_4096_6144_6400,MSAVI,65536,42319,3047.0,45366.0,20170.0,good,0.6457366943359375,0.0464935302734375,0.307769775390625
1390,3840_4096_6400_6656,MSAVI,65536,45750,3529.0,49279.0,16257.0,good,0.698089599609375,0.0538482666015625,0.2480621337890625
1391,3840_4096_6656_6912,MSAVI,65536,50334,1915.0,52249.0,13287.0,good,0.768035888671875,0.0292205810546875,0.2027435302734375
1392,3840_4096_6912_7168,MSAVI,65536,41106,6881.0,47987.0,17549.0,good,0.627227783203125,0.1049957275390625,0.2677764892578125
1393,3840_4096_7168_7424,MSAVI,65536,40940,16225.0,57165.0,8371.0,good,0.62469482421875,0.2475738525390625,0.1277313232421875
1394,3840_4096_7424_7680,MSAVI,65536,41455,6996.0,48451.0,17085.0,good,0.6325531005859375,0.10675048828125,0.2606964111328125
1395,3840_4096_7680_7936,MSAVI,65536,42989,5958.0,48947.0,16589.0,good,0.6559600830078125,0.090911865234375,0.2531280517578125
1396,3840_4096_7936_8192,MSAVI,65536,45967,4481.0,50448.0,15088.0,good,0.7014007568359375,0.0683746337890625,0.230224609375
1397,3840_4096_8192_8448,MSAVI,65536,39580,4906.0,44486.0,21050.0,good,0.60394287109375,0.074859619140625,0.321197509765625
1398,3840_4096_8448_8704,MSAVI,65536,36797,14282.0,51079.0,14457.0,good,0.5614776611328125,0.217926025390625,0.2205963134765625
1399,3840_4096_8704_8960,MSAVI,65536,38968,15231.0,54199.0,11337.0,good,0.5946044921875,0.2324066162109375,0.1729888916015625
1400,3840_4096_8960_9216,MSAVI,65536,40424,6787.0,47211.0,18325.0,good,0.6168212890625,0.1035614013671875,0.2796173095703125
1401,4096_4352_256_512,MSAVI,65536,33439,8899.0,42338.0,23198.0,good,0.5102386474609375,0.1357879638671875,0.353973388671875
1402,4096_4352_512_768,MSAVI,65536,32654,12815.0,45469.0,20067.0,good,0.498260498046875,0.1955413818359375,0.3061981201171875
1403,4096_4352_768_1024,MSAVI,65536,40298,5808.0,46106.0,19430.0,good,0.614898681640625,0.088623046875,0.296478271484375
1404,4096_4352_1024_1280,MSAVI,65536,39660,9109.0,48769.0,16767.0,good,0.60516357421875,0.1389923095703125,0.2558441162109375
1405,4096_4352_1280_1536,MSAVI,65536,39420,6716.0,46136.0,19400.0,good,0.60150146484375,0.10247802734375,0.2960205078125
1406,4096_4352_1536_1792,MSAVI,65536,43015,1796.0,44811.0,20725.0,good,0.6563568115234375,0.02740478515625,0.3162384033203125
1407,4096_4352_1792_2048,MSAVI,65536,42685,3704.0,46389.0,19147.0,good,0.6513214111328125,0.0565185546875,0.2921600341796875
1408,4096_4352_2048_2304,MSAVI,65536,43723,3771.0,47494.0,18042.0,good,0.6671600341796875,0.0575408935546875,0.275299072265625
1409,4096_4352_2304_2560,MSAVI,65536,43663,2755.0,46418.0,19118.0,good,0.6662445068359375,0.0420379638671875,0.291717529296875
1410,4096_4352_2560_2816,MSAVI,65536,40845,9052.0,49897.0,15639.0,good,0.6232452392578125,0.13812255859375,0.2386322021484375
1411,4096_4352_2816_3072,MSAVI,65536,43199,1220.0,44419.0,21117.0,good,0.6591644287109375,0.01861572265625,0.3222198486328125
1412,4096_4352_3072_3328,MSAVI,65536,41673,5737.0,47410.0,18126.0,good,0.6358795166015625,0.0875396728515625,0.276580810546875
1413,4096_4352_3328_3584,MSAVI,65536,43386,6210.0,49596.0,15940.0,good,0.662017822265625,0.094757080078125,0.24322509765625
1414,4096_4352_3584_3840,MSAVI,65536,41180,4558.0,45738.0,19798.0,good,0.62835693359375,0.069549560546875,0.302093505859375
1415,4096_4352_3840_4096,MSAVI,65536,39759,8652.0,48411.0,17125.0,good,0.6066741943359375,0.13201904296875,0.2613067626953125
1416,4096_4352_4096_4352,MSAVI,65536,39740,10521.0,50261.0,15275.0,good,0.60638427734375,0.1605377197265625,0.2330780029296875
1417,4096_4352_4352_4608,MSAVI,65536,42717,3307.0,46024.0,19512.0,good,0.6518096923828125,0.0504608154296875,0.2977294921875
1418,4096_4352_4608_4864,MSAVI,65536,42963,5308.0,48271.0,17265.0,good,0.6555633544921875,0.08099365234375,0.2634429931640625
1419,4096_4352_4864_5120,MSAVI,65536,35310,9111.0,44421.0,21115.0,good,0.538787841796875,0.1390228271484375,0.3221893310546875
1420,4096_4352_5120_5376,MSAVI,65536,42895,11189.0,54084.0,11452.0,good,0.6545257568359375,0.1707305908203125,0.17474365234375
1421,4096_4352_5376_5632,MSAVI,65536,44716,12824.0,57540.0,7996.0,good,0.68231201171875,0.1956787109375,0.12200927734375
1422,4096_4352_5632_5888,MSAVI,65536,39769,9988.0,49757.0,15779.0,good,0.6068267822265625,0.15240478515625,0.2407684326171875
1423,4096_4352_5888_6144,MSAVI,65536,15931,0.0,15931.0,49605.0,good,0.2430877685546875,0.0,0.7569122314453125
1424,4096_4352_6144_6400,MSAVI,65536,45447,4811.0,50258.0,15278.0,good,0.6934661865234375,0.0734100341796875,0.233123779296875
1425,4096_4352_6400_6656,MSAVI,65536,45584,7856.0,53440.0,12096.0,good,0.695556640625,0.119873046875,0.1845703125
1426,4096_4352_6656_6912,MSAVI,65536,45333,3099.0,48432.0,17104.0,good,0.6917266845703125,0.0472869873046875,0.260986328125
1427,4096_4352_6912_7168,MSAVI,65536,45136,2945.0,48081.0,17455.0,good,0.688720703125,0.0449371337890625,0.2663421630859375
1428,4096_4352_7168_7424,MSAVI,65536,39735,12989.0,52724.0,12812.0,good,0.6063079833984375,0.1981964111328125,0.19549560546875
1429,4096_4352_7424_7680,MSAVI,65536,38577,5931.0,44508.0,21028.0,good,0.5886383056640625,0.0904998779296875,0.32086181640625
1430,4096_4352_7680_7936,MSAVI,65536,36881,9487.0,46368.0,19168.0,good,0.5627593994140625,0.1447601318359375,0.29248046875
1431,4096_4352_7936_8192,MSAVI,65536,45353,8560.0,53913.0,11623.0,good,0.6920318603515625,0.130615234375,0.1773529052734375
1432,4096_4352_8192_8448,MSAVI,65536,41924,7813.0,49737.0,15799.0,good,0.63970947265625,0.1192169189453125,0.2410736083984375
1433,4096_4352_8448_8704,MSAVI,65536,39181,10256.0,49437.0,16099.0,good,0.5978546142578125,0.156494140625,0.2456512451171875
1434,4096_4352_8704_8960,MSAVI,65536,41460,4765.0,46225.0,19311.0,good,0.63262939453125,0.0727081298828125,0.2946624755859375
1435,4096_4352_8960_9216,MSAVI,65536,40726,5724.0,46450.0,19086.0,good,0.621429443359375,0.08734130859375,0.291229248046875
1436,4096_4352_9216_9472,MSAVI,65536,36858,12482.0,49340.0,16196.0,good,0.562408447265625,0.190460205078125,0.24713134765625
1437,4352_4608_256_512,MSAVI,65536,33856,9450.0,43306.0,22230.0,good,0.5166015625,0.144195556640625,0.339202880859375
1438,4352_4608_512_768,MSAVI,65536,33861,7323.0,41184.0,24352.0,good,0.5166778564453125,0.1117401123046875,0.37158203125
1439,4352_4608_768_1024,MSAVI,65536,43437,4209.0,47646.0,17890.0,good,0.6627960205078125,0.0642242431640625,0.272979736328125
1440,4352_4608_1024_1280,MSAVI,65536,43911,2087.0,45998.0,19538.0,good,0.6700286865234375,0.0318450927734375,0.298126220703125
1441,4352_4608_1280_1536,MSAVI,65536,43683,3871.0,47554.0,17982.0,good,0.6665496826171875,0.0590667724609375,0.274383544921875
1442,4352_4608_1536_1792,MSAVI,65536,42001,4289.0,46290.0,19246.0,good,0.6408843994140625,0.0654449462890625,0.293670654296875
1443,4352_4608_1792_2048,MSAVI,65536,43617,1747.0,45364.0,20172.0,good,0.6655426025390625,0.0266571044921875,0.30780029296875
1444,4352_4608_2048_2304,MSAVI,65536,39053,5494.0,44547.0,20989.0,good,0.5959014892578125,0.083831787109375,0.3202667236328125
1445,4352_4608_2304_2560,MSAVI,65536,44481,2765.0,47246.0,18290.0,good,0.6787261962890625,0.0421905517578125,0.279083251953125
1446,4352_4608_2560_2816,MSAVI,65536,48484,1485.0,49969.0,15567.0,good,0.73980712890625,0.0226593017578125,0.2375335693359375
1447,4352_4608_2816_3072,MSAVI,65536,43453,396.0,43849.0,21687.0,good,0.6630401611328125,0.00604248046875,0.3309173583984375
1448,4352_4608_3072_3328,MSAVI,65536,40038,953.0,40991.0,24545.0,good,0.610931396484375,0.0145416259765625,0.3745269775390625
1449,4352_4608_3328_3584,MSAVI,65536,41011,4838.0,45849.0,19687.0,good,0.6257781982421875,0.073822021484375,0.3003997802734375
1450,4352_4608_3584_3840,MSAVI,65536,35957,7460.0,43417.0,22119.0,good,0.5486602783203125,0.11383056640625,0.3375091552734375
1451,4352_4608_3840_4096,MSAVI,65536,37234,6939.0,44173.0,21363.0,good,0.568145751953125,0.1058807373046875,0.3259735107421875
1452,4352_4608_4096_4352,MSAVI,65536,37473,7960.0,45433.0,20103.0,good,0.5717926025390625,0.1214599609375,0.3067474365234375
1453,4352_4608_4352_4608,MSAVI,65536,38440,7578.0,46018.0,19518.0,good,0.5865478515625,0.115631103515625,0.297821044921875
1454,4352_4608_4608_4864,MSAVI,65536,42015,5235.0,47250.0,18286.0,good,0.6410980224609375,0.0798797607421875,0.279022216796875
1455,4352_4608_4864_5120,MSAVI,65536,38252,10128.0,48380.0,17156.0,good,0.58367919921875,0.154541015625,0.26177978515625
1456,4352_4608_5120_5376,MSAVI,65536,46535,12727.0,59262.0,6274.0,good,0.7100677490234375,0.1941986083984375,0.095733642578125
1457,4352_4608_5376_5632,MSAVI,65536,35523,20686.0,56209.0,9327.0,good,0.5420379638671875,0.315643310546875,0.1423187255859375
1458,4352_4608_5632_5888,MSAVI,65536,35691,14505.0,50196.0,15340.0,good,0.5446014404296875,0.2213287353515625,0.23406982421875
1459,4352_4608_5888_6144,MSAVI,65536,37052,16294.0,53346.0,12190.0,good,0.56536865234375,0.248626708984375,0.186004638671875
1460,4352_4608_6144_6400,MSAVI,65536,45153,5478.0,50631.0,14905.0,good,0.6889801025390625,0.083587646484375,0.2274322509765625
1461,4352_4608_6400_6656,MSAVI,65536,42915,4640.0,47555.0,17981.0,good,0.6548309326171875,0.07080078125,0.2743682861328125
1462,4352_4608_6656_6912,MSAVI,65536,44731,11535.0,56266.0,9270.0,good,0.6825408935546875,0.1760101318359375,0.141448974609375
1463,4352_4608_6912_7168,MSAVI,65536,40493,5778.0,46271.0,19265.0,good,0.6178741455078125,0.088165283203125,0.2939605712890625
1464,4352_4608_7168_7424,MSAVI,65536,37148,4936.0,42084.0,23452.0,good,0.56683349609375,0.0753173828125,0.35784912109375
1465,4352_4608_7424_7680,MSAVI,65536,42314,2502.0,44816.0,20720.0,good,0.645660400390625,0.038177490234375,0.316162109375
1466,4352_4608_7680_7936,MSAVI,65536,39492,8907.0,48399.0,17137.0,good,0.60260009765625,0.1359100341796875,0.2614898681640625
1467,4352_4608_7936_8192,MSAVI,65536,40816,7628.0,48444.0,17092.0,good,0.622802734375,0.11639404296875,0.26080322265625
1468,4352_4608_8192_8448,MSAVI,65536,45273,6582.0,51855.0,13681.0,good,0.6908111572265625,0.100433349609375,0.2087554931640625
1469,4352_4608_8448_8704,MSAVI,65536,42783,9357.0,52140.0,13396.0,good,0.6528167724609375,0.1427764892578125,0.20440673828125
1470,4352_4608_8704_8960,MSAVI,65536,43675,2474.0,46149.0,19387.0,good,0.6664276123046875,0.037750244140625,0.2958221435546875
1471,4352_4608_8960_9216,MSAVI,65536,43927,1986.0,45913.0,19623.0,good,0.6702728271484375,0.030303955078125,0.2994232177734375
1472,4352_4608_9216_9472,MSAVI,65536,39947,4126.0,44073.0,21463.0,good,0.6095428466796875,0.062957763671875,0.3274993896484375
1473,4608_4864_512_768,MSAVI,65536,45752,3267.0,49019.0,16517.0,good,0.6981201171875,0.0498504638671875,0.2520294189453125
1474,4608_4864_768_1024,MSAVI,65536,48295,2777.0,51072.0,14464.0,good,0.7369232177734375,0.0423736572265625,0.220703125
1475,4608_4864_1024_1280,MSAVI,65536,48808,1134.0,49942.0,15594.0,good,0.7447509765625,0.017303466796875,0.237945556640625
1476,4608_4864_1280_1536,MSAVI,65536,43583,3803.0,47386.0,18150.0,good,0.6650238037109375,0.0580291748046875,0.276947021484375
1477,4608_4864_1536_1792,MSAVI,65536,44259,876.0,45135.0,20401.0,good,0.6753387451171875,0.01336669921875,0.3112945556640625
1478,4608_4864_1792_2048,MSAVI,65536,46080,2170.0,48250.0,17286.0,good,0.703125,0.033111572265625,0.263763427734375
1479,4608_4864_2048_2304,MSAVI,65536,40347,1258.0,41605.0,23931.0,good,0.6156463623046875,0.019195556640625,0.3651580810546875
1480,4608_4864_2304_2560,MSAVI,65536,41246,2033.0,43279.0,22257.0,good,0.629364013671875,0.0310211181640625,0.3396148681640625
1481,4608_4864_2560_2816,MSAVI,65536,42864,3279.0,46143.0,19393.0,good,0.654052734375,0.0500335693359375,0.2959136962890625
1482,4608_4864_2816_3072,MSAVI,65536,43963,1187.0,45150.0,20386.0,good,0.6708221435546875,0.0181121826171875,0.311065673828125
1483,4608_4864_3072_3328,MSAVI,65536,45120,3384.0,48504.0,17032.0,good,0.6884765625,0.0516357421875,0.2598876953125
1484,4608_4864_3328_3584,MSAVI,65536,47059,2935.0,49994.0,15542.0,good,0.7180633544921875,0.0447845458984375,0.237152099609375
1485,4608_4864_3584_3840,MSAVI,65536,37039,9512.0,46551.0,18985.0,good,0.5651702880859375,0.1451416015625,0.2896881103515625
1486,4608_4864_3840_4096,MSAVI,65536,37158,11150.0,48308.0,17228.0,good,0.566986083984375,0.170135498046875,0.26287841796875
1487,4608_4864_4096_4352,MSAVI,65536,38020,13442.0,51462.0,14074.0,good,0.58013916015625,0.205108642578125,0.214752197265625
1488,4608_4864_4352_4608,MSAVI,65536,39180,7664.0,46844.0,18692.0,good,0.59783935546875,0.116943359375,0.28521728515625
1489,4608_4864_4608_4864,MSAVI,65536,37096,11262.0,48358.0,17178.0,good,0.5660400390625,0.171844482421875,0.262115478515625
1490,4608_4864_4864_5120,MSAVI,65536,40383,7145.0,47528.0,18008.0,good,0.6161956787109375,0.1090240478515625,0.2747802734375
1491,4608_4864_5120_5376,MSAVI,65536,38658,9033.0,47691.0,17845.0,good,0.589874267578125,0.1378326416015625,0.2722930908203125
1492,4608_4864_5376_5632,MSAVI,65536,39040,10404.0,49444.0,16092.0,good,0.595703125,0.15875244140625,0.24554443359375
1493,4608_4864_5632_5888,MSAVI,65536,41185,8519.0,49704.0,15832.0,good,0.6284332275390625,0.1299896240234375,0.2415771484375
1494,4608_4864_5888_6144,MSAVI,65536,41461,9254.0,50715.0,14821.0,good,0.6326446533203125,0.141204833984375,0.2261505126953125
1495,4608_4864_6144_6400,MSAVI,65536,48135,9382.0,57517.0,8019.0,good,0.7344818115234375,0.143157958984375,0.1223602294921875
1496,4608_4864_6400_6656,MSAVI,65536,42966,3526.0,46492.0,19044.0,good,0.655609130859375,0.053802490234375,0.29058837890625
1497,4608_4864_6656_6912,MSAVI,65536,41229,3610.0,44839.0,20697.0,good,0.6291046142578125,0.055084228515625,0.3158111572265625
1498,4608_4864_6912_7168,MSAVI,65536,36960,5455.0,42415.0,23121.0,good,0.56396484375,0.0832366943359375,0.3527984619140625
1499,4608_4864_7168_7424,MSAVI,65536,37817,18572.0,56389.0,9147.0,good,0.5770416259765625,0.28338623046875,0.1395721435546875
1500,4608_4864_7424_7680,MSAVI,65536,44357,3495.0,47852.0,17684.0,good,0.6768341064453125,0.0533294677734375,0.26983642578125
1501,4608_4864_7680_7936,MSAVI,65536,39884,7476.0,47360.0,18176.0,good,0.60858154296875,0.11407470703125,0.27734375
1502,4608_4864_7936_8192,MSAVI,65536,42113,2838.0,44951.0,20585.0,good,0.6425933837890625,0.043304443359375,0.3141021728515625
1503,4608_4864_8192_8448,MSAVI,65536,43610,4086.0,47696.0,17840.0,good,0.665435791015625,0.062347412109375,0.272216796875
1504,4608_4864_8448_8704,MSAVI,65536,43232,6559.0,49791.0,15745.0,good,0.65966796875,0.1000823974609375,0.2402496337890625
1505,4608_4864_8704_8960,MSAVI,65536,45222,1751.0,46973.0,18563.0,good,0.690032958984375,0.0267181396484375,0.2832489013671875
1506,4608_4864_8960_9216,MSAVI,65536,42119,10166.0,52285.0,13251.0,good,0.6426849365234375,0.155120849609375,0.2021942138671875
1507,4608_4864_9216_9472,MSAVI,65536,38675,3861.0,42536.0,23000.0,good,0.5901336669921875,0.0589141845703125,0.3509521484375
1508,4864_5120_512_768,MSAVI,65536,44699,4933.0,49632.0,15904.0,good,0.6820526123046875,0.0752716064453125,0.24267578125
1509,4864_5120_768_1024,MSAVI,65536,42613,6318.0,48931.0,16605.0,good,0.6502227783203125,0.096405029296875,0.2533721923828125
1510,4864_5120_1024_1280,MSAVI,65536,46437,3082.0,49519.0,16017.0,good,0.7085723876953125,0.047027587890625,0.2444000244140625
1511,4864_5120_1280_1536,MSAVI,65536,42470,2576.0,45046.0,20490.0,good,0.648040771484375,0.039306640625,0.312652587890625
1512,4864_5120_1536_1792,MSAVI,65536,41110,3364.0,44474.0,21062.0,good,0.627288818359375,0.05133056640625,0.321380615234375
1513,4864_5120_1792_2048,MSAVI,65536,41441,864.0,42305.0,23231.0,good,0.6323394775390625,0.01318359375,0.3544769287109375
1514,4864_5120_2048_2304,MSAVI,65536,43069,3068.0,46137.0,19399.0,good,0.6571807861328125,0.04681396484375,0.2960052490234375
1515,4864_5120_2304_2560,MSAVI,65536,43995,2391.0,46386.0,19150.0,good,0.6713104248046875,0.0364837646484375,0.292205810546875
1516,4864_5120_2560_2816,MSAVI,65536,45291,1392.0,46683.0,18853.0,good,0.6910858154296875,0.021240234375,0.2876739501953125
1517,4864_5120_2816_3072,MSAVI,65536,45033,1347.0,46380.0,19156.0,good,0.6871490478515625,0.0205535888671875,0.29229736328125
1518,4864_5120_3072_3328,MSAVI,65536,44380,5000.0,49380.0,16156.0,good,0.67718505859375,0.0762939453125,0.24652099609375
1519,4864_5120_3328_3584,MSAVI,65536,25576,8221.0,33797.0,31739.0,good,0.3902587890625,0.1254425048828125,0.4842987060546875
1520,4864_5120_3584_3840,MSAVI,65536,35539,11974.0,47513.0,18023.0,good,0.5422821044921875,0.182708740234375,0.2750091552734375
1521,4864_5120_3840_4096,MSAVI,65536,40664,10752.0,51416.0,14120.0,good,0.6204833984375,0.1640625,0.2154541015625
1522,4864_5120_4096_4352,MSAVI,65536,38197,8911.0,47108.0,18428.0,good,0.5828399658203125,0.1359710693359375,0.28118896484375
1523,4864_5120_4352_4608,MSAVI,65536,35714,14919.0,50633.0,14903.0,good,0.544952392578125,0.2276458740234375,0.2274017333984375
1524,4864_5120_4608_4864,MSAVI,65536,42105,3515.0,45620.0,19916.0,good,0.6424713134765625,0.0536346435546875,0.30389404296875
1525,4864_5120_4864_5120,MSAVI,65536,44379,9643.0,54022.0,11514.0,good,0.6771697998046875,0.1471405029296875,0.175689697265625
1526,4864_5120_5120_5376,MSAVI,65536,43925,8973.0,52898.0,12638.0,good,0.6702423095703125,0.1369171142578125,0.192840576171875
1527,4864_5120_5376_5632,MSAVI,65536,42902,1639.0,44541.0,20995.0,good,0.654632568359375,0.0250091552734375,0.3203582763671875
1528,4864_5120_5632_5888,MSAVI,65536,43031,1663.0,44694.0,20842.0,good,0.6566009521484375,0.0253753662109375,0.318023681640625
1529,4864_5120_5888_6144,MSAVI,65536,41573,7200.0,48773.0,16763.0,good,0.6343536376953125,0.10986328125,0.2557830810546875
1530,4864_5120_6144_6400,MSAVI,65536,42393,5515.0,47908.0,17628.0,good,0.6468658447265625,0.0841522216796875,0.26898193359375
1531,4864_5120_6400_6656,MSAVI,65536,42296,4959.0,47255.0,18281.0,good,0.6453857421875,0.0756683349609375,0.2789459228515625
1532,4864_5120_6656_6912,MSAVI,65536,40326,1755.0,42081.0,23455.0,good,0.615325927734375,0.0267791748046875,0.3578948974609375
1533,4864_5120_6912_7168,MSAVI,65536,41579,7158.0,48737.0,16799.0,good,0.6344451904296875,0.109222412109375,0.2563323974609375
1534,4864_5120_7168_7424,MSAVI,65536,42917,6166.0,49083.0,16453.0,good,0.6548614501953125,0.094085693359375,0.2510528564453125
1535,4864_5120_7424_7680,MSAVI,65536,50449,2595.0,53044.0,12492.0,good,0.7697906494140625,0.0395965576171875,0.19061279296875
1536,4864_5120_7680_7936,MSAVI,65536,42719,2302.0,45021.0,20515.0,good,0.6518402099609375,0.035125732421875,0.3130340576171875
1537,4864_5120_7936_8192,MSAVI,65536,42009,13316.0,55325.0,10211.0,good,0.6410064697265625,0.20318603515625,0.1558074951171875
1538,4864_5120_8192_8448,MSAVI,65536,38273,16313.0,54586.0,10950.0,good,0.5839996337890625,0.2489166259765625,0.167083740234375
1539,4864_5120_8448_8704,MSAVI,65536,37723,7874.0,45597.0,19939.0,good,0.5756072998046875,0.120147705078125,0.3042449951171875
1540,4864_5120_8704_8960,MSAVI,65536,39233,8453.0,47686.0,17850.0,good,0.5986480712890625,0.1289825439453125,0.272369384765625
1541,4864_5120_8960_9216,MSAVI,65536,44057,6976.0,51033.0,14503.0,good,0.6722564697265625,0.1064453125,0.2212982177734375
1542,4864_5120_9216_9472,MSAVI,65536,37853,6778.0,44631.0,20905.0,good,0.5775909423828125,0.103424072265625,0.3189849853515625
1543,5120_5376_512_768,MSAVI,65536,34714,12031.0,46745.0,18791.0,good,0.529693603515625,0.1835784912109375,0.2867279052734375
1544,5120_5376_768_1024,MSAVI,65536,35682,5785.0,41467.0,24069.0,good,0.544464111328125,0.0882720947265625,0.3672637939453125
1545,5120_5376_1024_1280,MSAVI,65536,41296,5075.0,46371.0,19165.0,good,0.630126953125,0.0774383544921875,0.2924346923828125
1546,5120_5376_1280_1536,MSAVI,65536,39488,2957.0,42445.0,23091.0,good,0.6025390625,0.0451202392578125,0.3523406982421875
1547,5120_5376_1536_1792,MSAVI,65536,44178,1933.0,46111.0,19425.0,good,0.674102783203125,0.0294952392578125,0.2964019775390625
1548,5120_5376_1792_2048,MSAVI,65536,44627,5166.0,49793.0,15743.0,good,0.6809539794921875,0.078826904296875,0.2402191162109375
1549,5120_5376_2048_2304,MSAVI,65536,43547,1429.0,44976.0,20560.0,good,0.6644744873046875,0.0218048095703125,0.313720703125
1550,5120_5376_2304_2560,MSAVI,65536,44013,4542.0,48555.0,16981.0,good,0.6715850830078125,0.069305419921875,0.2591094970703125
1551,5120_5376_2560_2816,MSAVI,65536,47831,740.0,48571.0,16965.0,good,0.7298431396484375,0.01129150390625,0.2588653564453125
1552,5120_5376_2816_3072,MSAVI,65536,50310,653.0,50963.0,14573.0,good,0.767669677734375,0.0099639892578125,0.2223663330078125
1553,5120_5376_3072_3328,MSAVI,65536,41796,1512.0,43308.0,22228.0,good,0.63775634765625,0.0230712890625,0.33917236328125
1554,5120_5376_3328_3584,MSAVI,65536,36277,14724.0,51001.0,14535.0,good,0.5535430908203125,0.22467041015625,0.2217864990234375
1555,5120_5376_3584_3840,MSAVI,65536,40127,8135.0,48262.0,17274.0,good,0.6122894287109375,0.1241302490234375,0.263580322265625
1556,5120_5376_3840_4096,MSAVI,65536,41701,4724.0,46425.0,19111.0,good,0.6363067626953125,0.07208251953125,0.2916107177734375
1557,5120_5376_4096_4352,MSAVI,65536,38068,10587.0,48655.0,16881.0,good,0.58087158203125,0.1615447998046875,0.2575836181640625
1558,5120_5376_4352_4608,MSAVI,65536,35739,10716.0,46455.0,19081.0,good,0.5453338623046875,0.16351318359375,0.2911529541015625
1559,5120_5376_4608_4864,MSAVI,65536,41076,7780.0,48856.0,16680.0,good,0.62677001953125,0.11871337890625,0.2545166015625
1560,5120_5376_4864_5120,MSAVI,65536,43309,8541.0,51850.0,13686.0,good,0.6608428955078125,0.1303253173828125,0.208831787109375
1561,5120_5376_5120_5376,MSAVI,65536,41534,4580.0,46114.0,19422.0,good,0.633758544921875,0.06988525390625,0.296356201171875
1562,5120_5376_5376_5632,MSAVI,65536,42335,4641.0,46976.0,18560.0,good,0.6459808349609375,0.0708160400390625,0.283203125
1563,5120_5376_5632_5888,MSAVI,65536,42083,5980.0,48063.0,17473.0,good,0.6421356201171875,0.09124755859375,0.2666168212890625
1564,5120_5376_5888_6144,MSAVI,65536,39974,7358.0,47332.0,18204.0,good,0.609954833984375,0.112274169921875,0.27777099609375
1565,5120_5376_6144_6400,MSAVI,65536,41232,3832.0,45064.0,20472.0,good,0.629150390625,0.0584716796875,0.3123779296875
1566,5120_5376_6400_6656,MSAVI,65536,42897,6543.0,49440.0,16096.0,good,0.6545562744140625,0.0998382568359375,0.24560546875
1567,5120_5376_6656_6912,MSAVI,65536,43546,2694.0,46240.0,19296.0,good,0.664459228515625,0.041107177734375,0.29443359375
1568,5120_5376_6912_7168,MSAVI,65536,47313,5783.0,53096.0,12440.0,good,0.7219390869140625,0.0882415771484375,0.1898193359375
1569,5120_5376_7168_7424,MSAVI,65536,43054,3190.0,46244.0,19292.0,good,0.656951904296875,0.048675537109375,0.29437255859375
1570,5120_5376_7424_7680,MSAVI,65536,51905,1653.0,53558.0,11978.0,good,0.7920074462890625,0.0252227783203125,0.182769775390625
1571,5120_5376_7680_7936,MSAVI,65536,48088,4099.0,52187.0,13349.0,good,0.7337646484375,0.0625457763671875,0.2036895751953125
1572,5120_5376_7936_8192,MSAVI,65536,44588,10438.0,55026.0,10510.0,good,0.68035888671875,0.159271240234375,0.160369873046875
1573,5120_5376_8192_8448,MSAVI,65536,36683,9352.0,46035.0,19501.0,good,0.5597381591796875,0.1427001953125,0.2975616455078125
1574,5120_5376_8448_8704,MSAVI,65536,38430,6150.0,44580.0,20956.0,good,0.586395263671875,0.093841552734375,0.31976318359375
1575,5120_5376_8704_8960,MSAVI,65536,35466,8789.0,44255.0,21281.0,good,0.541168212890625,0.1341094970703125,0.3247222900390625
1576,5120_5376_8960_9216,MSAVI,65536,39033,5941.0,44974.0,20562.0,good,0.5955963134765625,0.0906524658203125,0.313751220703125
1577,5120_5376_9216_9472,MSAVI,65536,41080,11298.0,52378.0,13158.0,good,0.6268310546875,0.172393798828125,0.200775146484375
1578,5376_5632_512_768,MSAVI,65536,34949,7542.0,42491.0,23045.0,good,0.5332794189453125,0.115081787109375,0.3516387939453125
1579,5376_5632_768_1024,MSAVI,65536,33274,17897.0,51171.0,14365.0,good,0.507720947265625,0.2730865478515625,0.2191925048828125
1580,5376_5632_1024_1280,MSAVI,65536,43918,5409.0,49327.0,16209.0,good,0.670135498046875,0.0825347900390625,0.2473297119140625
1581,5376_5632_1280_1536,MSAVI,65536,41792,1259.0,43051.0,22485.0,good,0.6376953125,0.0192108154296875,0.3430938720703125
1582,5376_5632_1536_1792,MSAVI,65536,44678,1098.0,45776.0,19760.0,good,0.681732177734375,0.016754150390625,0.301513671875
1583,5376_5632_1792_2048,MSAVI,65536,43574,2471.0,46045.0,19491.0,good,0.664886474609375,0.0377044677734375,0.2974090576171875
1584,5376_5632_2048_2304,MSAVI,65536,46389,1849.0,48238.0,17298.0,good,0.7078399658203125,0.0282135009765625,0.263946533203125
1585,5376_5632_2304_2560,MSAVI,65536,38241,10958.0,49199.0,16337.0,good,0.5835113525390625,0.167205810546875,0.2492828369140625
1586,5376_5632_2560_2816,MSAVI,65536,41408,8776.0,50184.0,15352.0,good,0.6318359375,0.1339111328125,0.2342529296875
1587,5376_5632_2816_3072,MSAVI,65536,44957,5841.0,50798.0,14738.0,good,0.6859893798828125,0.0891265869140625,0.224884033203125
1588,5376_5632_3072_3328,MSAVI,65536,46342,6368.0,52710.0,12826.0,good,0.707122802734375,0.09716796875,0.195709228515625
1589,5376_5632_3328_3584,MSAVI,65536,47756,1080.0,48836.0,16700.0,good,0.72869873046875,0.0164794921875,0.25482177734375
1590,5376_5632_3584_3840,MSAVI,65536,46171,4883.0,51054.0,14482.0,good,0.7045135498046875,0.0745086669921875,0.220977783203125
1591,5376_5632_3840_4096,MSAVI,65536,46986,1601.0,48587.0,16949.0,good,0.716949462890625,0.0244293212890625,0.2586212158203125
1592,5376_5632_4096_4352,MSAVI,65536,37399,9729.0,47128.0,18408.0,good,0.5706634521484375,0.1484527587890625,0.2808837890625
1593,5376_5632_4352_4608,MSAVI,65536,40912,6251.0,47163.0,18373.0,good,0.624267578125,0.0953826904296875,0.2803497314453125
1594,5376_5632_4608_4864,MSAVI,65536,42175,6562.0,48737.0,16799.0,good,0.6435394287109375,0.100128173828125,0.2563323974609375
1595,5376_5632_4864_5120,MSAVI,65536,44004,6618.0,50622.0,14914.0,good,0.67144775390625,0.100982666015625,0.227569580078125
1596,5376_5632_5120_5376,MSAVI,65536,42194,2327.0,44521.0,21015.0,good,0.643829345703125,0.0355072021484375,0.3206634521484375
1597,5376_5632_5376_5632,MSAVI,65536,42372,7678.0,50050.0,15486.0,good,0.64654541015625,0.117156982421875,0.236297607421875
1598,5376_5632_5632_5888,MSAVI,65536,46147,3841.0,49988.0,15548.0,good,0.7041473388671875,0.0586090087890625,0.23724365234375
1599,5376_5632_5888_6144,MSAVI,65536,43524,8172.0,51696.0,13840.0,good,0.66412353515625,0.12469482421875,0.211181640625
1600,5376_5632_6144_6400,MSAVI,65536,43224,5568.0,48792.0,16744.0,good,0.6595458984375,0.0849609375,0.2554931640625
1601,5376_5632_6400_6656,MSAVI,65536,43340,6064.0,49404.0,16132.0,good,0.66131591796875,0.092529296875,0.24615478515625
1602,5376_5632_6656_6912,MSAVI,65536,39576,9311.0,48887.0,16649.0,good,0.6038818359375,0.1420745849609375,0.2540435791015625
1603,5376_5632_6912_7168,MSAVI,65536,45263,3740.0,49003.0,16533.0,good,0.6906585693359375,0.05706787109375,0.2522735595703125
1604,5376_5632_7168_7424,MSAVI,65536,46271,4094.0,50365.0,15171.0,good,0.7060394287109375,0.062469482421875,0.2314910888671875
1605,5376_5632_7424_7680,MSAVI,65536,49405,4370.0,53775.0,11761.0,good,0.7538604736328125,0.066680908203125,0.1794586181640625
1606,5376_5632_7680_7936,MSAVI,65536,43843,4894.0,48737.0,16799.0,good,0.6689910888671875,0.074676513671875,0.2563323974609375
1607,5376_5632_7936_8192,MSAVI,65536,43853,1924.0,45777.0,19759.0,good,0.6691436767578125,0.02935791015625,0.3014984130859375
1608,5376_5632_8192_8448,MSAVI,65536,40304,3553.0,43857.0,21679.0,good,0.614990234375,0.0542144775390625,0.3307952880859375
1609,5376_5632_8448_8704,MSAVI,65536,41756,8856.0,50612.0,14924.0,good,0.63714599609375,0.1351318359375,0.22772216796875
1610,5376_5632_8704_8960,MSAVI,65536,42547,9131.0,51678.0,13858.0,good,0.6492156982421875,0.1393280029296875,0.211456298828125
1611,5376_5632_8960_9216,MSAVI,65536,37437,12216.0,49653.0,15883.0,good,0.5712432861328125,0.1864013671875,0.2423553466796875
1612,5376_5632_9216_9472,MSAVI,65536,39054,9070.0,48124.0,17412.0,good,0.595916748046875,0.138397216796875,0.26568603515625
1613,5632_5888_512_768,MSAVI,65536,40292,2833.0,43125.0,22411.0,good,0.61480712890625,0.0432281494140625,0.3419647216796875
1614,5632_5888_768_1024,MSAVI,65536,38296,12707.0,51003.0,14533.0,good,0.5843505859375,0.1938934326171875,0.2217559814453125
1615,5632_5888_1024_1280,MSAVI,65536,41103,8300.0,49403.0,16133.0,good,0.6271820068359375,0.12664794921875,0.2461700439453125
1616,5632_5888_1280_1536,MSAVI,65536,43370,3829.0,47199.0,18337.0,good,0.661773681640625,0.0584259033203125,0.2798004150390625
1617,5632_5888_1536_1792,MSAVI,65536,43600,7418.0,51018.0,14518.0,good,0.665283203125,0.113189697265625,0.221527099609375
1618,5632_5888_1792_2048,MSAVI,65536,43367,2657.0,46024.0,19512.0,good,0.6617279052734375,0.0405426025390625,0.2977294921875
1619,5632_5888_2048_2304,MSAVI,65536,48711,1233.0,49944.0,15592.0,good,0.7432708740234375,0.0188140869140625,0.2379150390625
1620,5632_5888_2304_2560,MSAVI,65536,44943,4819.0,49762.0,15774.0,good,0.6857757568359375,0.0735321044921875,0.240692138671875
1621,5632_5888_2560_2816,MSAVI,65536,47555,5731.0,53286.0,12250.0,good,0.7256317138671875,0.0874481201171875,0.186920166015625
1622,5632_5888_2816_3072,MSAVI,65536,46934,5130.0,52064.0,13472.0,good,0.716156005859375,0.078277587890625,0.20556640625
1623,5632_5888_3072_3328,MSAVI,65536,42207,4442.0,46649.0,18887.0,good,0.6440277099609375,0.067779541015625,0.2881927490234375
1624,5632_5888_3328_3584,MSAVI,65536,49509,1162.0,50671.0,14865.0,good,0.7554473876953125,0.017730712890625,0.2268218994140625
1625,5632_5888_3584_3840,MSAVI,65536,44552,3338.0,47890.0,17646.0,good,0.6798095703125,0.050933837890625,0.269256591796875
1626,5632_5888_3840_4096,MSAVI,65536,41199,8153.0,49352.0,16184.0,good,0.6286468505859375,0.1244049072265625,0.2469482421875
1627,5632_5888_4096_4352,MSAVI,65536,26520,1731.0,28251.0,37285.0,good,0.4046630859375,0.0264129638671875,0.5689239501953125
1628,5632_5888_4352_4608,MSAVI,65536,44120,5854.0,49974.0,15562.0,good,0.6732177734375,0.089324951171875,0.237457275390625
1629,5632_5888_4608_4864,MSAVI,65536,41185,7695.0,48880.0,16656.0,good,0.6284332275390625,0.1174163818359375,0.254150390625
1630,5632_5888_4864_5120,MSAVI,65536,40543,8905.0,49448.0,16088.0,good,0.6186370849609375,0.1358795166015625,0.2454833984375
1631,5632_5888_5120_5376,MSAVI,65536,42047,4297.0,46344.0,19192.0,good,0.6415863037109375,0.0655670166015625,0.2928466796875
1632,5632_5888_5376_5632,MSAVI,65536,48948,8862.0,57810.0,7726.0,good,0.74688720703125,0.135223388671875,0.117889404296875
1633,5632_5888_5632_5888,MSAVI,65536,42683,2667.0,45350.0,20186.0,good,0.6512908935546875,0.0406951904296875,0.308013916015625
1634,5632_5888_5888_6144,MSAVI,65536,40664,3854.0,44518.0,21018.0,good,0.6204833984375,0.058807373046875,0.320709228515625
1635,5632_5888_6144_6400,MSAVI,65536,41749,5308.0,47057.0,18479.0,good,0.6370391845703125,0.08099365234375,0.2819671630859375
1636,5632_5888_6400_6656,MSAVI,65536,36600,5691.0,42291.0,23245.0,good,0.5584716796875,0.0868377685546875,0.3546905517578125
1637,5632_5888_6656_6912,MSAVI,65536,35682,8339.0,44021.0,21515.0,good,0.544464111328125,0.1272430419921875,0.3282928466796875
1638,5632_5888_6912_7168,MSAVI,65536,39911,6235.0,46146.0,19390.0,good,0.6089935302734375,0.0951385498046875,0.295867919921875
1639,5632_5888_7168_7424,MSAVI,65536,39314,11693.0,51007.0,14529.0,good,0.599884033203125,0.1784210205078125,0.2216949462890625
1640,5632_5888_7424_7680,MSAVI,65536,43618,3138.0,46756.0,18780.0,good,0.665557861328125,0.047882080078125,0.28656005859375
1641,5632_5888_7680_7936,MSAVI,65536,38938,6072.0,45010.0,20526.0,good,0.594146728515625,0.0926513671875,0.313201904296875
1642,5632_5888_7936_8192,MSAVI,65536,42329,2771.0,45100.0,20436.0,good,0.6458892822265625,0.0422821044921875,0.31182861328125
1643,5632_5888_8192_8448,MSAVI,65536,49128,1170.0,50298.0,15238.0,good,0.7496337890625,0.017852783203125,0.232513427734375
1644,5632_5888_8448_8704,MSAVI,65536,39618,6584.0,46202.0,19334.0,good,0.604522705078125,0.1004638671875,0.295013427734375
1645,5632_5888_8704_8960,MSAVI,65536,42560,8392.0,50952.0,14584.0,good,0.6494140625,0.1280517578125,0.2225341796875
1646,5632_5888_8960_9216,MSAVI,65536,42197,5327.0,47524.0,18012.0,good,0.6438751220703125,0.0812835693359375,0.27484130859375
1647,5632_5888_9216_9472,MSAVI,65536,38060,8118.0,46178.0,19358.0,good,0.58074951171875,0.123870849609375,0.295379638671875
1648,5888_6144_512_768,MSAVI,65536,40442,2687.0,43129.0,22407.0,good,0.617095947265625,0.0410003662109375,0.3419036865234375
1649,5888_6144_768_1024,MSAVI,65536,43468,2307.0,45775.0,19761.0,good,0.66326904296875,0.0352020263671875,0.3015289306640625
1650,5888_6144_1024_1280,MSAVI,65536,41619,4836.0,46455.0,19081.0,good,0.6350555419921875,0.07379150390625,0.2911529541015625
1651,5888_6144_1280_1536,MSAVI,65536,44009,7229.0,51238.0,14298.0,good,0.6715240478515625,0.1103057861328125,0.218170166015625
1652,5888_6144_1536_1792,MSAVI,65536,38006,16035.0,54041.0,11495.0,good,0.579925537109375,0.2446746826171875,0.1753997802734375
1653,5888_6144_1792_2048,MSAVI,65536,32028,26069.0,58097.0,7439.0,good,0.48870849609375,0.3977813720703125,0.1135101318359375
1654,5888_6144_2048_2304,MSAVI,65536,46672,1030.0,47702.0,17834.0,good,0.712158203125,0.015716552734375,0.272125244140625
1655,5888_6144_2304_2560,MSAVI,65536,48289,3013.0,51302.0,14234.0,good,0.7368316650390625,0.0459747314453125,0.217193603515625
1656,5888_6144_2560_2816,MSAVI,65536,46273,2774.0,49047.0,16489.0,good,0.7060699462890625,0.042327880859375,0.2516021728515625
1657,5888_6144_2816_3072,MSAVI,65536,48634,2690.0,51324.0,14212.0,good,0.742095947265625,0.041046142578125,0.21685791015625
1658,5888_6144_3072_3328,MSAVI,65536,38554,7255.0,45809.0,19727.0,good,0.588287353515625,0.1107025146484375,0.3010101318359375
1659,5888_6144_3328_3584,MSAVI,65536,41751,6795.0,48546.0,16990.0,good,0.6370697021484375,0.1036834716796875,0.259246826171875
1660,5888_6144_3584_3840,MSAVI,65536,46811,4132.0,50943.0,14593.0,good,0.7142791748046875,0.06304931640625,0.2226715087890625
1661,5888_6144_3840_4096,MSAVI,65536,45585,2194.0,47779.0,17757.0,good,0.6955718994140625,0.033477783203125,0.2709503173828125
1662,5888_6144_4096_4352,MSAVI,65536,46223,9404.0,55627.0,9909.0,good,0.7053070068359375,0.14349365234375,0.1511993408203125
1663,5888_6144_4352_4608,MSAVI,65536,48088,2235.0,50323.0,15213.0,good,0.7337646484375,0.0341033935546875,0.2321319580078125
1664,5888_6144_4608_4864,MSAVI,65536,43564,4685.0,48249.0,17287.0,good,0.66473388671875,0.0714874267578125,0.2637786865234375
1665,5888_6144_4864_5120,MSAVI,65536,44938,3351.0,48289.0,17247.0,good,0.685699462890625,0.0511322021484375,0.2631683349609375
1666,5888_6144_5120_5376,MSAVI,65536,44469,2825.0,47294.0,18242.0,good,0.6785430908203125,0.0431060791015625,0.278350830078125
1667,5888_6144_5376_5632,MSAVI,65536,44013,10444.0,54457.0,11079.0,good,0.6715850830078125,0.15936279296875,0.1690521240234375
1668,5888_6144_5632_5888,MSAVI,65536,43618,1562.0,45180.0,20356.0,good,0.665557861328125,0.023834228515625,0.31060791015625
1669,5888_6144_5888_6144,MSAVI,65536,42551,2902.0,45453.0,20083.0,good,0.6492767333984375,0.044281005859375,0.3064422607421875
1670,5888_6144_6144_6400,MSAVI,65536,43912,7813.0,51725.0,13811.0,good,0.6700439453125,0.1192169189453125,0.2107391357421875
1671,5888_6144_6400_6656,MSAVI,65536,40498,4834.0,45332.0,20204.0,good,0.617950439453125,0.073760986328125,0.30828857421875
1672,5888_6144_6656_6912,MSAVI,65536,39153,5426.0,44579.0,20957.0,good,0.5974273681640625,0.082794189453125,0.3197784423828125
1673,5888_6144_6912_7168,MSAVI,65536,46975,3182.0,50157.0,15379.0,good,0.7167816162109375,0.048553466796875,0.2346649169921875
1674,5888_6144_7168_7424,MSAVI,65536,44042,5005.0,49047.0,16489.0,good,0.672027587890625,0.0763702392578125,0.2516021728515625
1675,5888_6144_7424_7680,MSAVI,65536,42391,4393.0,46784.0,18752.0,good,0.6468353271484375,0.0670318603515625,0.2861328125
1676,5888_6144_7680_7936,MSAVI,65536,38448,11883.0,50331.0,15205.0,good,0.586669921875,0.1813201904296875,0.2320098876953125
1677,5888_6144_7936_8192,MSAVI,65536,41032,10451.0,51483.0,14053.0,good,0.6260986328125,0.1594696044921875,0.2144317626953125
1678,5888_6144_8192_8448,MSAVI,65536,46770,2916.0,49686.0,15850.0,good,0.713653564453125,0.04449462890625,0.241851806640625
1679,5888_6144_8448_8704,MSAVI,65536,40465,11558.0,52023.0,13513.0,good,0.6174468994140625,0.176361083984375,0.2061920166015625
1680,5888_6144_8704_8960,MSAVI,65536,39297,9575.0,48872.0,16664.0,good,0.5996246337890625,0.1461029052734375,0.2542724609375
1681,5888_6144_8960_9216,MSAVI,65536,44771,7157.0,51928.0,13608.0,good,0.6831512451171875,0.1092071533203125,0.2076416015625
1682,5888_6144_9216_9472,MSAVI,65536,40993,3541.0,44534.0,21002.0,good,0.6255035400390625,0.0540313720703125,0.320465087890625
1683,5888_6144_9472_9728,MSAVI,65536,40487,5952.0,46439.0,19097.0,good,0.6177825927734375,0.0908203125,0.2913970947265625
1684,6144_6400_512_768,MSAVI,65536,45002,5226.0,50228.0,15308.0,good,0.686676025390625,0.079742431640625,0.23358154296875
1685,6144_6400_768_1024,MSAVI,65536,42648,6585.0,49233.0,16303.0,good,0.6507568359375,0.1004791259765625,0.2487640380859375
1686,6144_6400_1024_1280,MSAVI,65536,47096,3728.0,50824.0,14712.0,good,0.7186279296875,0.056884765625,0.2244873046875
1687,6144_6400_1280_1536,MSAVI,65536,43807,2795.0,46602.0,18934.0,good,0.6684417724609375,0.0426483154296875,0.288909912109375
1688,6144_6400_1536_1792,MSAVI,65536,39451,5143.0,44594.0,20942.0,good,0.6019744873046875,0.0784759521484375,0.319549560546875
1689,6144_6400_1792_2048,MSAVI,65536,27126,31505.0,58631.0,6905.0,good,0.413909912109375,0.4807281494140625,0.1053619384765625
1690,6144_6400_2048_2304,MSAVI,65536,37639,11138.0,48777.0,16759.0,good,0.5743255615234375,0.169952392578125,0.2557220458984375
1691,6144_6400_2304_2560,MSAVI,65536,46434,2472.0,48906.0,16630.0,good,0.708526611328125,0.0377197265625,0.253753662109375
1692,6144_6400_2560_2816,MSAVI,65536,47102,3063.0,50165.0,15371.0,good,0.718719482421875,0.0467376708984375,0.2345428466796875
1693,6144_6400_2816_3072,MSAVI,65536,42151,4531.0,46682.0,18854.0,good,0.6431732177734375,0.0691375732421875,0.287689208984375
1694,6144_6400_3072_3328,MSAVI,65536,43723,4401.0,48124.0,17412.0,good,0.6671600341796875,0.0671539306640625,0.26568603515625
1695,6144_6400_3328_3584,MSAVI,65536,40054,10707.0,50761.0,14775.0,good,0.611175537109375,0.1633758544921875,0.2254486083984375
1696,6144_6400_3584_3840,MSAVI,65536,44791,4819.0,49610.0,15926.0,good,0.6834564208984375,0.0735321044921875,0.243011474609375
1697,6144_6400_3840_4096,MSAVI,65536,47947,1194.0,49141.0,16395.0,good,0.7316131591796875,0.018218994140625,0.2501678466796875
1698,6144_6400_4096_4352,MSAVI,65536,39856,10641.0,50497.0,15039.0,good,0.608154296875,0.1623687744140625,0.2294769287109375
1699,6144_6400_4352_4608,MSAVI,65536,48109,1633.0,49742.0,15794.0,good,0.7340850830078125,0.0249176025390625,0.240997314453125
1700,6144_6400_4608_4864,MSAVI,65536,44740,4842.0,49582.0,15954.0,good,0.68267822265625,0.073883056640625,0.243438720703125
1701,6144_6400_4864_5120,MSAVI,65536,44389,4328.0,48717.0,16819.0,good,0.6773223876953125,0.0660400390625,0.2566375732421875
1702,6144_6400_5120_5376,MSAVI,65536,44507,776.0,45283.0,20253.0,good,0.6791229248046875,0.0118408203125,0.3090362548828125
1703,6144_6400_5376_5632,MSAVI,65536,42758,1637.0,44395.0,21141.0,good,0.652435302734375,0.0249786376953125,0.3225860595703125
1704,6144_6400_5632_5888,MSAVI,65536,42880,888.0,43768.0,21768.0,good,0.654296875,0.0135498046875,0.3321533203125
1705,6144_6400_5888_6144,MSAVI,65536,41610,2308.0,43918.0,21618.0,good,0.634918212890625,0.03521728515625,0.329864501953125
1706,6144_6400_6144_6400,MSAVI,65536,44865,10811.0,55676.0,9860.0,good,0.6845855712890625,0.1649627685546875,0.15045166015625
1707,6144_6400_6400_6656,MSAVI,65536,44990,3338.0,48328.0,17208.0,good,0.686492919921875,0.050933837890625,0.2625732421875
1708,6144_6400_6656_6912,MSAVI,65536,38899,6035.0,44934.0,20602.0,good,0.5935516357421875,0.0920867919921875,0.314361572265625
1709,6144_6400_6912_7168,MSAVI,65536,47017,4972.0,51989.0,13547.0,good,0.7174224853515625,0.07586669921875,0.2067108154296875
1710,6144_6400_7168_7424,MSAVI,65536,42356,10196.0,52552.0,12984.0,good,0.64630126953125,0.15557861328125,0.1981201171875
1711,6144_6400_7424_7680,MSAVI,65536,40237,6117.0,46354.0,19182.0,good,0.6139678955078125,0.0933380126953125,0.292694091796875
1712,6144_6400_7680_7936,MSAVI,65536,43975,3047.0,47022.0,18514.0,good,0.6710052490234375,0.0464935302734375,0.282501220703125
1713,6144_6400_7936_8192,MSAVI,65536,42976,5036.0,48012.0,17524.0,good,0.65576171875,0.07684326171875,0.26739501953125
1714,6144_6400_8192_8448,MSAVI,65536,41492,5705.0,47197.0,18339.0,good,0.63311767578125,0.0870513916015625,0.2798309326171875
1715,6144_6400_8448_8704,MSAVI,65536,41266,7801.0,49067.0,16469.0,good,0.629669189453125,0.1190338134765625,0.2512969970703125
1716,6144_6400_8704_8960,MSAVI,65536,43184,2421.0,45605.0,19931.0,good,0.658935546875,0.0369415283203125,0.3041229248046875
1717,6144_6400_8960_9216,MSAVI,65536,46412,4065.0,50477.0,15059.0,good,0.70819091796875,0.0620269775390625,0.2297821044921875
1718,6144_6400_9216_9472,MSAVI,65536,42611,2463.0,45074.0,20462.0,good,0.6501922607421875,0.0375823974609375,0.312225341796875
1719,6144_6400_9472_9728,MSAVI,65536,44028,2884.0,46912.0,18624.0,good,0.67181396484375,0.04400634765625,0.2841796875
1720,6400_6656_768_1024,MSAVI,65536,46946,6411.0,53357.0,12179.0,good,0.716339111328125,0.0978240966796875,0.1858367919921875
1721,6400_6656_1024_1280,MSAVI,65536,43215,7103.0,50318.0,15218.0,good,0.6594085693359375,0.1083831787109375,0.232208251953125
1722,6400_6656_1280_1536,MSAVI,65536,42393,4146.0,46539.0,18997.0,good,0.6468658447265625,0.063262939453125,0.2898712158203125
1723,6400_6656_1536_1792,MSAVI,65536,41969,2946.0,44915.0,20621.0,good,0.6403961181640625,0.044952392578125,0.3146514892578125
1724,6400_6656_1792_2048,MSAVI,65536,45860,2192.0,48052.0,17484.0,good,0.69976806640625,0.033447265625,0.26678466796875
1725,6400_6656_2048_2304,MSAVI,65536,44577,2454.0,47031.0,18505.0,good,0.6801910400390625,0.037445068359375,0.2823638916015625
1726,6400_6656_2304_2560,MSAVI,65536,45319,1949.0,47268.0,18268.0,good,0.6915130615234375,0.0297393798828125,0.27874755859375
1727,6400_6656_2560_2816,MSAVI,65536,50368,880.0,51248.0,14288.0,good,0.7685546875,0.013427734375,0.218017578125
1728,6400_6656_2816_3072,MSAVI,65536,48996,2726.0,51722.0,13814.0,good,0.74761962890625,0.041595458984375,0.210784912109375
1729,6400_6656_3072_3328,MSAVI,65536,44386,1014.0,45400.0,20136.0,good,0.677276611328125,0.015472412109375,0.3072509765625
1730,6400_6656_3328_3584,MSAVI,65536,46996,1804.0,48800.0,16736.0,good,0.71710205078125,0.02752685546875,0.25537109375
1731,6400_6656_3584_3840,MSAVI,65536,46776,1356.0,48132.0,17404.0,good,0.7137451171875,0.02069091796875,0.26556396484375
1732,6400_6656_3840_4096,MSAVI,65536,43789,3710.0,47499.0,18037.0,good,0.6681671142578125,0.056610107421875,0.2752227783203125
1733,6400_6656_4096_4352,MSAVI,65536,45823,3457.0,49280.0,16256.0,good,0.6992034912109375,0.0527496337890625,0.248046875
1734,6400_6656_4352_4608,MSAVI,65536,40475,8621.0,49096.0,16440.0,good,0.6175994873046875,0.1315460205078125,0.2508544921875
1735,6400_6656_4608_4864,MSAVI,65536,40757,6397.0,47154.0,18382.0,good,0.6219024658203125,0.0976104736328125,0.280487060546875
1736,6400_6656_4864_5120,MSAVI,65536,40479,7715.0,48194.0,17342.0,good,0.6176605224609375,0.1177215576171875,0.264617919921875
1737,6400_6656_5120_5376,MSAVI,65536,44683,2282.0,46965.0,18571.0,good,0.6818084716796875,0.034820556640625,0.2833709716796875
1738,6400_6656_5376_5632,MSAVI,65536,41712,8463.0,50175.0,15361.0,good,0.636474609375,0.1291351318359375,0.2343902587890625
1739,6400_6656_5632_5888,MSAVI,65536,43888,3648.0,47536.0,18000.0,good,0.669677734375,0.0556640625,0.274658203125
1740,6400_6656_5888_6144,MSAVI,65536,36807,5614.0,42421.0,23115.0,good,0.5616302490234375,0.085662841796875,0.3527069091796875
1741,6400_6656_6144_6400,MSAVI,65536,39084,6174.0,45258.0,20278.0,good,0.59637451171875,0.094207763671875,0.309417724609375
1742,6400_6656_6400_6656,MSAVI,65536,41287,9360.0,50647.0,14889.0,good,0.6299896240234375,0.142822265625,0.2271881103515625
1743,6400_6656_6656_6912,MSAVI,65536,47536,3630.0,51166.0,14370.0,good,0.725341796875,0.055389404296875,0.219268798828125
1744,6400_6656_6912_7168,MSAVI,65536,46115,3233.0,49348.0,16188.0,good,0.7036590576171875,0.0493316650390625,0.24700927734375
1745,6400_6656_7168_7424,MSAVI,65536,42782,4550.0,47332.0,18204.0,good,0.652801513671875,0.069427490234375,0.27777099609375
1746,6400_6656_7424_7680,MSAVI,65536,40853,4924.0,45777.0,19759.0,good,0.6233673095703125,0.07513427734375,0.3014984130859375
1747,6400_6656_7680_7936,MSAVI,65536,45874,652.0,46526.0,19010.0,good,0.699981689453125,0.00994873046875,0.290069580078125
1748,6400_6656_7936_8192,MSAVI,65536,47103,753.0,47856.0,17680.0,good,0.7187347412109375,0.0114898681640625,0.269775390625
1749,6400_6656_8192_8448,MSAVI,65536,44145,2696.0,46841.0,18695.0,good,0.6735992431640625,0.0411376953125,0.2852630615234375
1750,6400_6656_8448_8704,MSAVI,65536,43459,3125.0,46584.0,18952.0,good,0.6631317138671875,0.0476837158203125,0.2891845703125
1751,6400_6656_8704_8960,MSAVI,65536,43554,1673.0,45227.0,20309.0,good,0.664581298828125,0.0255279541015625,0.3098907470703125
1752,6400_6656_8960_9216,MSAVI,65536,45157,4771.0,49928.0,15608.0,good,0.6890411376953125,0.0727996826171875,0.2381591796875
1753,6400_6656_9216_9472,MSAVI,65536,42208,3942.0,46150.0,19386.0,good,0.64404296875,0.060150146484375,0.295806884765625
1754,6400_6656_9472_9728,MSAVI,65536,40655,5917.0,46572.0,18964.0,good,0.6203460693359375,0.0902862548828125,0.28936767578125
1755,6656_6912_768_1024,MSAVI,65536,45249,5411.0,50660.0,14876.0,good,0.6904449462890625,0.0825653076171875,0.22698974609375
1756,6656_6912_1024_1280,MSAVI,65536,42095,4134.0,46229.0,19307.0,good,0.6423187255859375,0.063079833984375,0.2946014404296875
1757,6656_6912_1280_1536,MSAVI,65536,45478,3338.0,48816.0,16720.0,good,0.693939208984375,0.050933837890625,0.255126953125
1758,6656_6912_1536_1792,MSAVI,65536,42851,1698.0,44549.0,20987.0,good,0.6538543701171875,0.025909423828125,0.3202362060546875
1759,6656_6912_1792_2048,MSAVI,65536,43694,1876.0,45570.0,19966.0,good,0.666717529296875,0.02862548828125,0.304656982421875
1760,6656_6912_2048_2304,MSAVI,65536,49039,875.0,49914.0,15622.0,good,0.7482757568359375,0.0133514404296875,0.238372802734375
1761,6656_6912_2304_2560,MSAVI,65536,47375,1329.0,48704.0,16832.0,good,0.7228851318359375,0.0202789306640625,0.2568359375
1762,6656_6912_2560_2816,MSAVI,65536,47896,1094.0,48990.0,16546.0,good,0.7308349609375,0.016693115234375,0.252471923828125
1763,6656_6912_2816_3072,MSAVI,65536,47941,2214.0,50155.0,15381.0,good,0.7315216064453125,0.033782958984375,0.2346954345703125
1764,6656_6912_3072_3328,MSAVI,65536,43692,2562.0,46254.0,19282.0,good,0.66668701171875,0.039093017578125,0.294219970703125
1765,6656_6912_3328_3584,MSAVI,65536,51797,2118.0,53915.0,11621.0,good,0.7903594970703125,0.032318115234375,0.1773223876953125
1766,6656_6912_3584_3840,MSAVI,65536,46947,1104.0,48051.0,17485.0,good,0.7163543701171875,0.016845703125,0.2667999267578125
1767,6656_6912_3840_4096,MSAVI,65536,45341,2395.0,47736.0,17800.0,good,0.6918487548828125,0.0365447998046875,0.2716064453125
1768,6656_6912_4096_4352,MSAVI,65536,38624,5084.0,43708.0,21828.0,good,0.58935546875,0.07757568359375,0.33306884765625
1769,6656_6912_4352_4608,MSAVI,65536,36200,11049.0,47249.0,18287.0,good,0.5523681640625,0.1685943603515625,0.2790374755859375
1770,6656_6912_4608_4864,MSAVI,65536,41062,7409.0,48471.0,17065.0,good,0.626556396484375,0.1130523681640625,0.2603912353515625
1771,6656_6912_4864_5120,MSAVI,65536,41781,4707.0,46488.0,19048.0,good,0.6375274658203125,0.0718231201171875,0.2906494140625
1772,6656_6912_5120_5376,MSAVI,65536,44113,2866.0,46979.0,18557.0,good,0.6731109619140625,0.043731689453125,0.2831573486328125
1773,6656_6912_5376_5632,MSAVI,65536,43454,5432.0,48886.0,16650.0,good,0.663055419921875,0.0828857421875,0.254058837890625
1774,6656_6912_5632_5888,MSAVI,65536,40084,2969.0,43053.0,22483.0,good,0.61163330078125,0.0453033447265625,0.3430633544921875
1775,6656_6912_5888_6144,MSAVI,65536,39165,6141.0,45306.0,20230.0,good,0.5976104736328125,0.0937042236328125,0.308685302734375
1776,6656_6912_6144_6400,MSAVI,65536,39157,3460.0,42617.0,22919.0,good,0.5974884033203125,0.05279541015625,0.3497161865234375
1777,6656_6912_6400_6656,MSAVI,65536,49809,7996.0,57805.0,7731.0,good,0.7600250244140625,0.12200927734375,0.1179656982421875
1778,6656_6912_6656_6912,MSAVI,65536,49931,10776.0,60707.0,4829.0,good,0.7618865966796875,0.1644287109375,0.0736846923828125
1779,6656_6912_6912_7168,MSAVI,65536,45249,2881.0,48130.0,17406.0,good,0.6904449462890625,0.0439605712890625,0.265594482421875
1780,6656_6912_7168_7424,MSAVI,65536,44634,3319.0,47953.0,17583.0,good,0.681060791015625,0.0506439208984375,0.2682952880859375
1781,6656_6912_7424_7680,MSAVI,65536,42301,7522.0,49823.0,15713.0,good,0.6454620361328125,0.114776611328125,0.2397613525390625
1782,6656_6912_7680_7936,MSAVI,65536,50817,1081.0,51898.0,13638.0,good,0.7754058837890625,0.0164947509765625,0.208099365234375
1783,6656_6912_7936_8192,MSAVI,65536,45820,3658.0,49478.0,16058.0,good,0.69915771484375,0.055816650390625,0.245025634765625
1784,6656_6912_8192_8448,MSAVI,65536,42702,6359.0,49061.0,16475.0,good,0.651580810546875,0.0970306396484375,0.2513885498046875
1785,6656_6912_8448_8704,MSAVI,65536,41354,11316.0,52670.0,12866.0,good,0.631011962890625,0.17266845703125,0.196319580078125
1786,6656_6912_8704_8960,MSAVI,65536,49927,911.0,50838.0,14698.0,good,0.7618255615234375,0.0139007568359375,0.224273681640625
1787,6656_6912_8960_9216,MSAVI,65536,42892,4733.0,47625.0,17911.0,good,0.65447998046875,0.0722198486328125,0.2733001708984375
1788,6656_6912_9216_9472,MSAVI,65536,42658,6707.0,49365.0,16171.0,good,0.650909423828125,0.1023406982421875,0.2467498779296875
1789,6656_6912_9472_9728,MSAVI,65536,37001,6339.0,43340.0,22196.0,good,0.5645904541015625,0.0967254638671875,0.33868408203125
1790,6912_7168_768_1024,MSAVI,65536,42784,5011.0,47795.0,17741.0,good,0.65283203125,0.0764617919921875,0.2707061767578125
1791,6912_7168_1024_1280,MSAVI,65536,40228,8657.0,48885.0,16651.0,good,0.61383056640625,0.1320953369140625,0.2540740966796875
1792,6912_7168_1280_1536,MSAVI,65536,44827,6075.0,50902.0,14634.0,good,0.6840057373046875,0.0926971435546875,0.223297119140625
1793,6912_7168_1536_1792,MSAVI,65536,47612,2257.0,49869.0,15667.0,good,0.72650146484375,0.0344390869140625,0.2390594482421875
1794,6912_7168_1792_2048,MSAVI,65536,47751,1203.0,48954.0,16582.0,good,0.7286224365234375,0.0183563232421875,0.253021240234375
1795,6912_7168_2048_2304,MSAVI,65536,41998,4978.0,46976.0,18560.0,good,0.640838623046875,0.075958251953125,0.283203125
1796,6912_7168_2304_2560,MSAVI,65536,39258,6482.0,45740.0,19796.0,good,0.599029541015625,0.098907470703125,0.30206298828125
1797,6912_7168_2560_2816,MSAVI,65536,47764,5071.0,52835.0,12701.0,good,0.72882080078125,0.0773773193359375,0.1938018798828125
1798,6912_7168_2816_3072,MSAVI,65536,48063,2750.0,50813.0,14723.0,good,0.7333831787109375,0.041961669921875,0.2246551513671875
1799,6912_7168_3072_3328,MSAVI,65536,46675,9347.0,56022.0,9514.0,good,0.7122039794921875,0.1426239013671875,0.145172119140625
1800,6912_7168_3328_3584,MSAVI,65536,44144,6744.0,50888.0,14648.0,good,0.673583984375,0.1029052734375,0.2235107421875
1801,6912_7168_3584_3840,MSAVI,65536,41443,7809.0,49252.0,16284.0,good,0.6323699951171875,0.1191558837890625,0.24847412109375
1802,6912_7168_3840_4096,MSAVI,65536,43740,6077.0,49817.0,15719.0,good,0.66741943359375,0.0927276611328125,0.2398529052734375
1803,6912_7168_4096_4352,MSAVI,65536,42685,5334.0,48019.0,17517.0,good,0.6513214111328125,0.081390380859375,0.2672882080078125
1804,6912_7168_4352_4608,MSAVI,65536,39912,5707.0,45619.0,19917.0,good,0.6090087890625,0.0870819091796875,0.3039093017578125
1805,6912_7168_4608_4864,MSAVI,65536,43679,3412.0,47091.0,18445.0,good,0.6664886474609375,0.05206298828125,0.2814483642578125
1806,6912_7168_4864_5120,MSAVI,65536,44594,3639.0,48233.0,17303.0,good,0.680450439453125,0.0555267333984375,0.2640228271484375
1807,6912_7168_5120_5376,MSAVI,65536,45054,3011.0,48065.0,17471.0,good,0.687469482421875,0.0459442138671875,0.2665863037109375
1808,6912_7168_5376_5632,MSAVI,65536,43529,2235.0,45764.0,19772.0,good,0.6641998291015625,0.0341033935546875,0.30169677734375
1809,6912_7168_5632_5888,MSAVI,65536,44362,7744.0,52106.0,13430.0,good,0.676910400390625,0.1181640625,0.204925537109375
1810,6912_7168_5888_6144,MSAVI,65536,40574,6508.0,47082.0,18454.0,good,0.619110107421875,0.09930419921875,0.281585693359375
1811,6912_7168_6144_6400,MSAVI,65536,39021,2560.0,41581.0,23955.0,good,0.5954132080078125,0.0390625,0.3655242919921875
1812,6912_7168_6400_6656,MSAVI,65536,46431,1366.0,47797.0,17739.0,good,0.7084808349609375,0.020843505859375,0.2706756591796875
1813,6912_7168_6656_6912,MSAVI,65536,45069,4192.0,49261.0,16275.0,good,0.6876983642578125,0.06396484375,0.2483367919921875
1814,6912_7168_6912_7168,MSAVI,65536,45246,3118.0,48364.0,17172.0,good,0.690399169921875,0.047576904296875,0.26202392578125
1815,6912_7168_7168_7424,MSAVI,65536,46090,3270.0,49360.0,16176.0,good,0.703277587890625,0.049896240234375,0.246826171875
1816,6912_7168_7424_7680,MSAVI,65536,44676,3280.0,47956.0,17580.0,good,0.68170166015625,0.050048828125,0.26824951171875
1817,6912_7168_7680_7936,MSAVI,65536,49047,2992.0,52039.0,13497.0,good,0.7483978271484375,0.045654296875,0.2059478759765625
1818,6912_7168_7936_8192,MSAVI,65536,41510,4172.0,45682.0,19854.0,good,0.633392333984375,0.06365966796875,0.302947998046875
1819,6912_7168_8192_8448,MSAVI,65536,43167,3882.0,47049.0,18487.0,good,0.6586761474609375,0.059234619140625,0.2820892333984375
1820,6912_7168_8448_8704,MSAVI,65536,39168,5812.0,44980.0,20556.0,good,0.59765625,0.08868408203125,0.31365966796875
1821,6912_7168_8704_8960,MSAVI,65536,42418,12717.0,55135.0,10401.0,good,0.647247314453125,0.1940460205078125,0.1587066650390625
1822,6912_7168_8960_9216,MSAVI,65536,44718,3100.0,47818.0,17718.0,good,0.682342529296875,0.04730224609375,0.270355224609375
1823,6912_7168_9216_9472,MSAVI,65536,38906,6539.0,45445.0,20091.0,good,0.593658447265625,0.0997772216796875,0.3065643310546875
1824,6912_7168_9472_9728,MSAVI,65536,36173,6150.0,42323.0,23213.0,good,0.5519561767578125,0.093841552734375,0.3542022705078125
1825,7168_7424_768_1024,MSAVI,65536,38770,13660.0,52430.0,13106.0,good,0.591583251953125,0.20843505859375,0.199981689453125
1826,7168_7424_1024_1280,MSAVI,65536,40852,6510.0,47362.0,18174.0,good,0.62335205078125,0.099334716796875,0.277313232421875
1827,7168_7424_1280_1536,MSAVI,65536,44628,10556.0,55184.0,10352.0,good,0.68096923828125,0.16107177734375,0.157958984375
1828,7168_7424_1536_1792,MSAVI,65536,48699,3273.0,51972.0,13564.0,good,0.7430877685546875,0.0499420166015625,0.20697021484375
1829,7168_7424_1792_2048,MSAVI,65536,47858,9466.0,57324.0,8212.0,good,0.730255126953125,0.144439697265625,0.12530517578125
1830,7168_7424_2048_2304,MSAVI,65536,47394,2375.0,49769.0,15767.0,good,0.723175048828125,0.0362396240234375,0.2405853271484375
1831,7168_7424_2304_2560,MSAVI,65536,39861,11559.0,51420.0,14116.0,good,0.6082305908203125,0.1763763427734375,0.21539306640625
1832,7168_7424_2560_2816,MSAVI,65536,36883,14781.0,51664.0,13872.0,good,0.5627899169921875,0.2255401611328125,0.211669921875
1833,7168_7424_2816_3072,MSAVI,65536,42775,1920.0,44695.0,20841.0,good,0.6526947021484375,0.029296875,0.3180084228515625
1834,7168_7424_3072_3328,MSAVI,65536,49026,3083.0,52109.0,13427.0,good,0.748077392578125,0.0470428466796875,0.2048797607421875
1835,7168_7424_3328_3584,MSAVI,65536,46285,3828.0,50113.0,15423.0,good,0.7062530517578125,0.05841064453125,0.2353363037109375
1836,7168_7424_3584_3840,MSAVI,65536,44150,4627.0,48777.0,16759.0,good,0.673675537109375,0.0706024169921875,0.2557220458984375
1837,7168_7424_3840_4096,MSAVI,65536,41499,3699.0,45198.0,20338.0,good,0.6332244873046875,0.0564422607421875,0.310333251953125
1838,7168_7424_4096_4352,MSAVI,65536,44480,8054.0,52534.0,13002.0,good,0.6787109375,0.122894287109375,0.198394775390625
1839,7168_7424_4352_4608,MSAVI,65536,41090,10142.0,51232.0,14304.0,good,0.626983642578125,0.154754638671875,0.21826171875
1840,7168_7424_4608_4864,MSAVI,65536,41174,8540.0,49714.0,15822.0,good,0.628265380859375,0.13031005859375,0.241424560546875
1841,7168_7424_4864_5120,MSAVI,65536,37861,10450.0,48311.0,17225.0,good,0.5777130126953125,0.159454345703125,0.2628326416015625
1842,7168_7424_5120_5376,MSAVI,65536,46435,5929.0,52364.0,13172.0,good,0.7085418701171875,0.0904693603515625,0.20098876953125
1843,7168_7424_5376_5632,MSAVI,65536,43481,6727.0,50208.0,15328.0,good,0.6634674072265625,0.1026458740234375,0.23388671875
1844,7168_7424_5632_5888,MSAVI,65536,47218,2241.0,49459.0,16077.0,good,0.720489501953125,0.0341949462890625,0.2453155517578125
1845,7168_7424_5888_6144,MSAVI,65536,45530,4080.0,49610.0,15926.0,good,0.694732666015625,0.062255859375,0.243011474609375
1846,7168_7424_6144_6400,MSAVI,65536,38848,8054.0,46902.0,18634.0,good,0.5927734375,0.122894287109375,0.284332275390625
1847,7168_7424_6400_6656,MSAVI,65536,45055,3026.0,48081.0,17455.0,good,0.6874847412109375,0.046173095703125,0.2663421630859375
1848,7168_7424_6656_6912,MSAVI,65536,49363,2352.0,51715.0,13821.0,good,0.7532196044921875,0.035888671875,0.2108917236328125
1849,7168_7424_6912_7168,MSAVI,65536,52212,988.0,53200.0,12336.0,good,0.79669189453125,0.01507568359375,0.188232421875
1850,7168_7424_7168_7424,MSAVI,65536,47056,1836.0,48892.0,16644.0,good,0.718017578125,0.02801513671875,0.25396728515625
1851,7168_7424_7424_7680,MSAVI,65536,45579,2040.0,47619.0,17917.0,good,0.6954803466796875,0.0311279296875,0.2733917236328125
1852,7168_7424_7680_7936,MSAVI,65536,45362,1639.0,47001.0,18535.0,good,0.692169189453125,0.0250091552734375,0.2828216552734375
1853,7168_7424_7936_8192,MSAVI,65536,44780,2892.0,47672.0,17864.0,good,0.68328857421875,0.04412841796875,0.2725830078125
1854,7168_7424_8192_8448,MSAVI,65536,37480,10211.0,47691.0,17845.0,good,0.5718994140625,0.1558074951171875,0.2722930908203125
1855,7168_7424_8448_8704,MSAVI,65536,36854,8624.0,45478.0,20058.0,good,0.562347412109375,0.131591796875,0.306060791015625
1856,7168_7424_8704_8960,MSAVI,65536,41819,7330.0,49149.0,16387.0,good,0.6381072998046875,0.111846923828125,0.2500457763671875
1857,7168_7424_8960_9216,MSAVI,65536,46825,885.0,47710.0,17826.0,good,0.7144927978515625,0.0135040283203125,0.272003173828125
1858,7168_7424_9216_9472,MSAVI,65536,42756,2046.0,44802.0,20734.0,good,0.65240478515625,0.031219482421875,0.316375732421875
1859,7168_7424_9472_9728,MSAVI,65536,39649,7218.0,46867.0,18669.0,good,0.6049957275390625,0.110137939453125,0.2848663330078125
1860,7424_7680_768_1024,MSAVI,65536,38857,7716.0,46573.0,18963.0,good,0.5929107666015625,0.11773681640625,0.2893524169921875
1861,7424_7680_1024_1280,MSAVI,65536,40268,7117.0,47385.0,18151.0,good,0.61444091796875,0.1085968017578125,0.2769622802734375
1862,7424_7680_1280_1536,MSAVI,65536,46658,3748.0,50406.0,15130.0,good,0.711944580078125,0.05718994140625,0.230865478515625
1863,7424_7680_1536_1792,MSAVI,65536,44647,6036.0,50683.0,14853.0,good,0.6812591552734375,0.09210205078125,0.2266387939453125
1864,7424_7680_1792_2048,MSAVI,65536,46408,3067.0,49475.0,16061.0,good,0.7081298828125,0.0467987060546875,0.2450714111328125
1865,7424_7680_2048_2304,MSAVI,65536,47261,2468.0,49729.0,15807.0,good,0.7211456298828125,0.03765869140625,0.2411956787109375
1866,7424_7680_2304_2560,MSAVI,65536,46334,4263.0,50597.0,14939.0,good,0.707000732421875,0.0650482177734375,0.2279510498046875
1867,7424_7680_2560_2816,MSAVI,65536,36941,16792.0,53733.0,11803.0,good,0.5636749267578125,0.2562255859375,0.1800994873046875
1868,7424_7680_2816_3072,MSAVI,65536,44602,3881.0,48483.0,17053.0,good,0.680572509765625,0.0592193603515625,0.2602081298828125
1869,7424_7680_3072_3328,MSAVI,65536,42087,15995.0,58082.0,7454.0,good,0.6421966552734375,0.2440643310546875,0.113739013671875
1870,7424_7680_3328_3584,MSAVI,65536,45795,5052.0,50847.0,14689.0,good,0.6987762451171875,0.07708740234375,0.2241363525390625
1871,7424_7680_3584_3840,MSAVI,65536,36936,19338.0,56274.0,9262.0,good,0.5635986328125,0.295074462890625,0.141326904296875
1872,7424_7680_3840_4096,MSAVI,65536,34429,22322.0,56751.0,8785.0,good,0.5253448486328125,0.340606689453125,0.1340484619140625
1873,7424_7680_4096_4352,MSAVI,65536,42417,16448.0,58865.0,6671.0,good,0.6472320556640625,0.2509765625,0.1017913818359375
1874,7424_7680_4352_4608,MSAVI,65536,43518,13395.0,56913.0,8623.0,good,0.664031982421875,0.2043914794921875,0.1315765380859375
1875,7424_7680_4608_4864,MSAVI,65536,47061,10560.0,57621.0,7915.0,good,0.7180938720703125,0.1611328125,0.1207733154296875
1876,7424_7680_4864_5120,MSAVI,65536,45544,5751.0,51295.0,14241.0,good,0.6949462890625,0.0877532958984375,0.2173004150390625
1877,7424_7680_5120_5376,MSAVI,65536,46450,6817.0,53267.0,12269.0,good,0.708770751953125,0.1040191650390625,0.1872100830078125
1878,7424_7680_5376_5632,MSAVI,65536,43352,6945.0,50297.0,15239.0,good,0.6614990234375,0.1059722900390625,0.2325286865234375
1879,7424_7680_5632_5888,MSAVI,65536,41387,2283.0,43670.0,21866.0,good,0.6315155029296875,0.0348358154296875,0.333648681640625
1880,7424_7680_5888_6144,MSAVI,65536,48066,1051.0,49117.0,16419.0,good,0.733428955078125,0.0160369873046875,0.2505340576171875
1881,7424_7680_6144_6400,MSAVI,65536,40601,2982.0,43583.0,21953.0,good,0.6195220947265625,0.045501708984375,0.3349761962890625
1882,7424_7680_6400_6656,MSAVI,65536,43404,1454.0,44858.0,20678.0,good,0.66229248046875,0.022186279296875,0.315521240234375
1883,7424_7680_6656_6912,MSAVI,65536,45622,1251.0,46873.0,18663.0,good,0.696136474609375,0.0190887451171875,0.2847747802734375
1884,7424_7680_6912_7168,MSAVI,65536,49525,2334.0,51859.0,13677.0,good,0.7556915283203125,0.035614013671875,0.2086944580078125
1885,7424_7680_7168_7424,MSAVI,65536,44957,7700.0,52657.0,12879.0,good,0.6859893798828125,0.11749267578125,0.1965179443359375
1886,7424_7680_7424_7680,MSAVI,65536,45683,4040.0,49723.0,15813.0,good,0.6970672607421875,0.0616455078125,0.2412872314453125
1887,7424_7680_7680_7936,MSAVI,65536,46411,1750.0,48161.0,17375.0,good,0.7081756591796875,0.026702880859375,0.2651214599609375
1888,7424_7680_7936_8192,MSAVI,65536,47384,2691.0,50075.0,15461.0,good,0.7230224609375,0.0410614013671875,0.2359161376953125
1889,7424_7680_8192_8448,MSAVI,65536,41521,3519.0,45040.0,20496.0,good,0.6335601806640625,0.0536956787109375,0.312744140625
1890,7424_7680_8448_8704,MSAVI,65536,47811,1171.0,48982.0,16554.0,good,0.7295379638671875,0.0178680419921875,0.252593994140625
1891,7424_7680_8704_8960,MSAVI,65536,45482,1540.0,47022.0,18514.0,good,0.694000244140625,0.02349853515625,0.282501220703125
1892,7424_7680_8960_9216,MSAVI,65536,45932,2815.0,48747.0,16789.0,good,0.70086669921875,0.0429534912109375,0.2561798095703125
1893,7424_7680_9216_9472,MSAVI,65536,42567,2874.0,45441.0,20095.0,good,0.6495208740234375,0.043853759765625,0.3066253662109375
1894,7424_7680_9472_9728,MSAVI,65536,38813,5829.0,44642.0,20894.0,good,0.5922393798828125,0.0889434814453125,0.318817138671875
1895,7680_7936_768_1024,MSAVI,65536,35428,8303.0,43731.0,21805.0,good,0.54058837890625,0.1266937255859375,0.3327178955078125
1896,7680_7936_1024_1280,MSAVI,65536,37357,9784.0,47141.0,18395.0,good,0.5700225830078125,0.1492919921875,0.2806854248046875
1897,7680_7936_1280_1536,MSAVI,65536,41625,2404.0,44029.0,21507.0,good,0.6351470947265625,0.03668212890625,0.3281707763671875
1898,7680_7936_1536_1792,MSAVI,65536,45545,3854.0,49399.0,16137.0,good,0.6949615478515625,0.058807373046875,0.2462310791015625
1899,7680_7936_1792_2048,MSAVI,65536,43118,4401.0,47519.0,18017.0,good,0.657928466796875,0.0671539306640625,0.2749176025390625
1900,7680_7936_2048_2304,MSAVI,65536,46137,4947.0,51084.0,14452.0,good,0.7039947509765625,0.0754852294921875,0.22052001953125
1901,7680_7936_2304_2560,MSAVI,65536,48076,2308.0,50384.0,15152.0,good,0.73358154296875,0.03521728515625,0.231201171875
1902,7680_7936_2560_2816,MSAVI,65536,36258,8334.0,44592.0,20944.0,good,0.553253173828125,0.127166748046875,0.319580078125
1903,7680_7936_2816_3072,MSAVI,65536,44499,4235.0,48734.0,16802.0,good,0.6790008544921875,0.0646209716796875,0.256378173828125
1904,7680_7936_3072_3328,MSAVI,65536,39396,10160.0,49556.0,15980.0,good,0.60113525390625,0.155029296875,0.24383544921875
1905,7680_7936_3328_3584,MSAVI,65536,43658,14136.0,57794.0,7742.0,good,0.666168212890625,0.2156982421875,0.118133544921875
1906,7680_7936_3584_3840,MSAVI,65536,40879,17682.0,58561.0,6975.0,good,0.6237640380859375,0.269805908203125,0.1064300537109375
1907,7680_7936_3840_4096,MSAVI,65536,39324,19995.0,59319.0,6217.0,good,0.60003662109375,0.3050994873046875,0.0948638916015625
1908,7680_7936_4096_4352,MSAVI,65536,46537,10334.0,56871.0,8665.0,good,0.7100982666015625,0.157684326171875,0.1322174072265625
1909,7680_7936_4352_4608,MSAVI,65536,46081,6566.0,52647.0,12889.0,good,0.7031402587890625,0.100189208984375,0.1966705322265625
1910,7680_7936_4608_4864,MSAVI,65536,46097,4505.0,50602.0,14934.0,good,0.7033843994140625,0.0687408447265625,0.227874755859375
1911,7680_7936_4864_5120,MSAVI,65536,42095,8974.0,51069.0,14467.0,good,0.6423187255859375,0.136932373046875,0.2207489013671875
1912,7680_7936_5120_5376,MSAVI,65536,40459,8270.0,48729.0,16807.0,good,0.6173553466796875,0.126190185546875,0.2564544677734375
1913,7680_7936_5376_5632,MSAVI,65536,43976,5256.0,49232.0,16304.0,good,0.6710205078125,0.0802001953125,0.248779296875
1914,7680_7936_5632_5888,MSAVI,65536,35874,3316.0,39190.0,26346.0,good,0.547393798828125,0.05059814453125,0.402008056640625
1915,7680_7936_5888_6144,MSAVI,65536,43301,1984.0,45285.0,20251.0,good,0.6607208251953125,0.0302734375,0.3090057373046875
1916,7680_7936_6144_6400,MSAVI,65536,43322,4359.0,47681.0,17855.0,good,0.661041259765625,0.0665130615234375,0.2724456787109375
1917,7680_7936_6400_6656,MSAVI,65536,40104,10748.0,50852.0,14684.0,good,0.6119384765625,0.16400146484375,0.22406005859375
1918,7680_7936_6656_6912,MSAVI,65536,45034,1433.0,46467.0,19069.0,good,0.687164306640625,0.0218658447265625,0.2909698486328125
1919,7680_7936_6912_7168,MSAVI,65536,41010,3958.0,44968.0,20568.0,good,0.625762939453125,0.060394287109375,0.3138427734375
1920,7680_7936_7168_7424,MSAVI,65536,44461,2370.0,46831.0,18705.0,good,0.6784210205078125,0.036163330078125,0.2854156494140625
1921,7680_7936_7424_7680,MSAVI,65536,47535,1155.0,48690.0,16846.0,good,0.7253265380859375,0.0176239013671875,0.257049560546875
1922,7680_7936_7680_7936,MSAVI,65536,51858,1686.0,53544.0,11992.0,good,0.791290283203125,0.025726318359375,0.1829833984375
1923,7680_7936_7936_8192,MSAVI,65536,42698,8967.0,51665.0,13871.0,good,0.651519775390625,0.1368255615234375,0.2116546630859375
1924,7680_7936_8192_8448,MSAVI,65536,39768,5315.0,45083.0,20453.0,good,0.6068115234375,0.0811004638671875,0.3120880126953125
1925,7680_7936_8448_8704,MSAVI,65536,50366,484.0,50850.0,14686.0,good,0.768524169921875,0.00738525390625,0.224090576171875
1926,7680_7936_8704_8960,MSAVI,65536,44181,2359.0,46540.0,18996.0,good,0.6741485595703125,0.0359954833984375,0.28985595703125
1927,7680_7936_8960_9216,MSAVI,65536,40164,12302.0,52466.0,13070.0,good,0.61285400390625,0.187713623046875,0.199432373046875
1928,7680_7936_9216_9472,MSAVI,65536,37934,8799.0,46733.0,18803.0,good,0.578826904296875,0.1342620849609375,0.2869110107421875
1929,7680_7936_9472_9728,MSAVI,65536,39817,3339.0,43156.0,22380.0,good,0.6075592041015625,0.0509490966796875,0.34149169921875
1930,7936_8192_768_1024,MSAVI,65536,34503,12427.0,46930.0,18606.0,good,0.5264739990234375,0.1896209716796875,0.283905029296875
1931,7936_8192_1024_1280,MSAVI,65536,43501,9229.0,52730.0,12806.0,good,0.6637725830078125,0.1408233642578125,0.195404052734375
1932,7936_8192_1280_1536,MSAVI,65536,45174,5670.0,50844.0,14692.0,good,0.689300537109375,0.086517333984375,0.22418212890625
1933,7936_8192_1536_1792,MSAVI,65536,43104,8198.0,51302.0,14234.0,good,0.65771484375,0.125091552734375,0.217193603515625
1934,7936_8192_1792_2048,MSAVI,65536,44939,3884.0,48823.0,16713.0,good,0.6857147216796875,0.05926513671875,0.2550201416015625
1935,7936_8192_2048_2304,MSAVI,65536,43090,4074.0,47164.0,18372.0,good,0.657501220703125,0.062164306640625,0.28033447265625
1936,7936_8192_2304_2560,MSAVI,65536,41508,9854.0,51362.0,14174.0,good,0.63336181640625,0.150360107421875,0.216278076171875
1937,7936_8192_2560_2816,MSAVI,65536,39790,8745.0,48535.0,17001.0,good,0.607147216796875,0.1334381103515625,0.2594146728515625
1938,7936_8192_2816_3072,MSAVI,65536,45114,6990.0,52104.0,13432.0,good,0.688385009765625,0.106658935546875,0.2049560546875
1939,7936_8192_3072_3328,MSAVI,65536,35356,20920.0,56276.0,9260.0,good,0.53948974609375,0.3192138671875,0.14129638671875
1940,7936_8192_3328_3584,MSAVI,65536,43973,12396.0,56369.0,9167.0,good,0.6709747314453125,0.18914794921875,0.1398773193359375
1941,7936_8192_3584_3840,MSAVI,65536,42959,12686.0,55645.0,9891.0,good,0.6555023193359375,0.193572998046875,0.1509246826171875
1942,7936_8192_3840_4096,MSAVI,65536,37569,18806.0,56375.0,9161.0,good,0.5732574462890625,0.286956787109375,0.1397857666015625
1943,7936_8192_4096_4352,MSAVI,65536,40306,12088.0,52394.0,13142.0,good,0.615020751953125,0.1844482421875,0.200531005859375
1944,7936_8192_4352_4608,MSAVI,65536,40029,11102.0,51131.0,14405.0,good,0.6107940673828125,0.169403076171875,0.2198028564453125
1945,7936_8192_4608_4864,MSAVI,65536,40798,4421.0,45219.0,20317.0,good,0.622528076171875,0.0674591064453125,0.3100128173828125
1946,7936_8192_4864_5120,MSAVI,65536,42424,1785.0,44209.0,21327.0,good,0.6473388671875,0.0272369384765625,0.3254241943359375
1947,7936_8192_5120_5376,MSAVI,65536,44463,4894.0,49357.0,16179.0,good,0.6784515380859375,0.074676513671875,0.2468719482421875
1948,7936_8192_5376_5632,MSAVI,65536,41879,8224.0,50103.0,15433.0,good,0.6390228271484375,0.12548828125,0.2354888916015625
1949,7936_8192_5632_5888,MSAVI,65536,37980,3179.0,41159.0,24377.0,good,0.57952880859375,0.0485076904296875,0.3719635009765625
1950,7936_8192_5888_6144,MSAVI,65536,42343,2666.0,45009.0,20527.0,good,0.6461029052734375,0.040679931640625,0.3132171630859375
1951,7936_8192_6144_6400,MSAVI,65536,47830,2491.0,50321.0,15215.0,good,0.729827880859375,0.0380096435546875,0.2321624755859375
1952,7936_8192_6400_6656,MSAVI,65536,44828,2161.0,46989.0,18547.0,good,0.68402099609375,0.0329742431640625,0.2830047607421875
1953,7936_8192_6656_6912,MSAVI,65536,40288,4575.0,44863.0,20673.0,good,0.61474609375,0.0698089599609375,0.3154449462890625
1954,7936_8192_6912_7168,MSAVI,65536,42015,2252.0,44267.0,21269.0,good,0.6410980224609375,0.03436279296875,0.3245391845703125
1955,7936_8192_7168_7424,MSAVI,65536,47748,2444.0,50192.0,15344.0,good,0.72857666015625,0.03729248046875,0.234130859375
1956,7936_8192_7424_7680,MSAVI,65536,43745,9684.0,53429.0,12107.0,good,0.6674957275390625,0.14776611328125,0.1847381591796875
1957,7936_8192_7680_7936,MSAVI,65536,45716,1474.0,47190.0,18346.0,good,0.69757080078125,0.022491455078125,0.279937744140625
1958,7936_8192_7936_8192,MSAVI,65536,44643,4556.0,49199.0,16337.0,good,0.6811981201171875,0.06951904296875,0.2492828369140625
1959,7936_8192_8192_8448,MSAVI,65536,42720,6613.0,49333.0,16203.0,good,0.65185546875,0.1009063720703125,0.2472381591796875
1960,7936_8192_8448_8704,MSAVI,65536,48255,2440.0,50695.0,14841.0,good,0.7363128662109375,0.0372314453125,0.2264556884765625
1961,7936_8192_8704_8960,MSAVI,65536,44881,2135.0,47016.0,18520.0,good,0.6848297119140625,0.0325775146484375,0.2825927734375
1962,7936_8192_8960_9216,MSAVI,65536,41642,5959.0,47601.0,17935.0,good,0.635406494140625,0.0909271240234375,0.2736663818359375
1963,7936_8192_9216_9472,MSAVI,65536,39432,3980.0,43412.0,22124.0,good,0.6016845703125,0.06072998046875,0.33758544921875
1964,7936_8192_9472_9728,MSAVI,65536,40747,3866.0,44613.0,20923.0,good,0.6217498779296875,0.058990478515625,0.3192596435546875
1965,8192_8448_1024_1280,MSAVI,65536,46625,2872.0,49497.0,16039.0,good,0.7114410400390625,0.0438232421875,0.2447357177734375
1966,8192_8448_1280_1536,MSAVI,65536,45359,8875.0,54234.0,11302.0,good,0.6921234130859375,0.1354217529296875,0.172454833984375
1967,8192_8448_1536_1792,MSAVI,65536,46876,2806.0,49682.0,15854.0,good,0.71527099609375,0.042816162109375,0.241912841796875
1968,8192_8448_1792_2048,MSAVI,65536,42731,9601.0,52332.0,13204.0,good,0.6520233154296875,0.1464996337890625,0.20147705078125
1969,8192_8448_2048_2304,MSAVI,65536,46744,3975.0,50719.0,14817.0,good,0.7132568359375,0.0606536865234375,0.2260894775390625
1970,8192_8448_2304_2560,MSAVI,65536,45993,4364.0,50357.0,15179.0,good,0.7017974853515625,0.06658935546875,0.2316131591796875
1971,8192_8448_2560_2816,MSAVI,65536,42559,5832.0,48391.0,17145.0,good,0.6493988037109375,0.0889892578125,0.2616119384765625
1972,8192_8448_2816_3072,MSAVI,65536,40894,13545.0,54439.0,11097.0,good,0.623992919921875,0.2066802978515625,0.1693267822265625
1973,8192_8448_3072_3328,MSAVI,65536,47540,8754.0,56294.0,9242.0,good,0.72540283203125,0.133575439453125,0.141021728515625
1974,8192_8448_3328_3584,MSAVI,65536,38873,20717.0,59590.0,5946.0,good,0.5931549072265625,0.3161163330078125,0.090728759765625
1975,8192_8448_3584_3840,MSAVI,65536,35951,12191.0,48142.0,17394.0,good,0.5485687255859375,0.1860198974609375,0.265411376953125
1976,8192_8448_3840_4096,MSAVI,65536,44753,9918.0,54671.0,10865.0,good,0.6828765869140625,0.151336669921875,0.1657867431640625
1977,8192_8448_4096_4352,MSAVI,65536,42597,11126.0,53723.0,11813.0,good,0.6499786376953125,0.169769287109375,0.1802520751953125
1978,8192_8448_4352_4608,MSAVI,65536,44200,8046.0,52246.0,13290.0,good,0.6744384765625,0.122772216796875,0.202789306640625
1979,8192_8448_4608_4864,MSAVI,65536,44552,4428.0,48980.0,16556.0,good,0.6798095703125,0.06756591796875,0.25262451171875
1980,8192_8448_4864_5120,MSAVI,65536,45127,3027.0,48154.0,17382.0,good,0.6885833740234375,0.0461883544921875,0.265228271484375
1981,8192_8448_5120_5376,MSAVI,65536,44465,3845.0,48310.0,17226.0,good,0.6784820556640625,0.0586700439453125,0.262847900390625
1982,8192_8448_5376_5632,MSAVI,65536,42012,5013.0,47025.0,18511.0,good,0.64105224609375,0.0764923095703125,0.2824554443359375
1983,8192_8448_5632_5888,MSAVI,65536,41294,1875.0,43169.0,22367.0,good,0.630096435546875,0.0286102294921875,0.3412933349609375
1984,8192_8448_5888_6144,MSAVI,65536,45002,6042.0,51044.0,14492.0,good,0.686676025390625,0.092193603515625,0.22113037109375
1985,8192_8448_6144_6400,MSAVI,65536,49228,3365.0,52593.0,12943.0,good,0.75115966796875,0.0513458251953125,0.1974945068359375
1986,8192_8448_6400_6656,MSAVI,65536,48791,3417.0,52208.0,13328.0,good,0.7444915771484375,0.0521392822265625,0.203369140625
1987,8192_8448_6656_6912,MSAVI,65536,44330,2009.0,46339.0,19197.0,good,0.676422119140625,0.0306549072265625,0.2929229736328125
1988,8192_8448_6912_7168,MSAVI,65536,39901,3123.0,43024.0,22512.0,good,0.6088409423828125,0.0476531982421875,0.343505859375
1989,8192_8448_7168_7424,MSAVI,65536,45940,1485.0,47425.0,18111.0,good,0.70098876953125,0.0226593017578125,0.2763519287109375
1990,8192_8448_7424_7680,MSAVI,65536,42289,6771.0,49060.0,16476.0,good,0.6452789306640625,0.1033172607421875,0.25140380859375
1991,8192_8448_7680_7936,MSAVI,65536,45586,3587.0,49173.0,16363.0,good,0.695587158203125,0.0547332763671875,0.2496795654296875
1992,8192_8448_7936_8192,MSAVI,65536,48735,4408.0,53143.0,12393.0,good,0.7436370849609375,0.0672607421875,0.1891021728515625
1993,8192_8448_8192_8448,MSAVI,65536,43062,5125.0,48187.0,17349.0,good,0.657073974609375,0.0782012939453125,0.2647247314453125
1994,8192_8448_8448_8704,MSAVI,65536,47287,2075.0,49362.0,16174.0,good,0.7215423583984375,0.0316619873046875,0.246795654296875
1995,8192_8448_8704_8960,MSAVI,65536,44628,2242.0,46870.0,18666.0,good,0.68096923828125,0.034210205078125,0.284820556640625
1996,8192_8448_8960_9216,MSAVI,65536,44419,3801.0,48220.0,17316.0,good,0.6777801513671875,0.0579986572265625,0.26422119140625
1997,8192_8448_9216_9472,MSAVI,65536,41113,6368.0,47481.0,18055.0,good,0.6273345947265625,0.09716796875,0.2754974365234375
1998,8192_8448_9472_9728,MSAVI,65536,38725,6948.0,45673.0,19863.0,good,0.5908966064453125,0.10601806640625,0.3030853271484375
1999,8448_8704_1024_1280,MSAVI,65536,42063,9126.0,51189.0,14347.0,good,0.6418304443359375,0.139251708984375,0.2189178466796875
2000,8448_8704_1280_1536,MSAVI,65536,46135,2121.0,48256.0,17280.0,good,0.7039642333984375,0.0323638916015625,0.263671875
2001,8448_8704_1536_1792,MSAVI,65536,47581,3760.0,51341.0,14195.0,good,0.7260284423828125,0.057373046875,0.2165985107421875
2002,8448_8704_1792_2048,MSAVI,65536,44245,3353.0,47598.0,17938.0,good,0.6751251220703125,0.0511627197265625,0.273712158203125
2003,8448_8704_2048_2304,MSAVI,65536,42392,2256.0,44648.0,20888.0,good,0.6468505859375,0.034423828125,0.3187255859375
2004,8448_8704_2304_2560,MSAVI,65536,45497,4003.0,49500.0,16036.0,good,0.6942291259765625,0.0610809326171875,0.24468994140625
2005,8448_8704_2560_2816,MSAVI,65536,43756,3492.0,47248.0,18288.0,good,0.66766357421875,0.05328369140625,0.279052734375
2006,8448_8704_2816_3072,MSAVI,65536,42461,7537.0,49998.0,15538.0,good,0.6479034423828125,0.1150054931640625,0.237091064453125
2007,8448_8704_3072_3328,MSAVI,65536,37595,20493.0,58088.0,7448.0,good,0.5736541748046875,0.3126983642578125,0.1136474609375
2008,8448_8704_3328_3584,MSAVI,65536,42879,14076.0,56955.0,8581.0,good,0.6542816162109375,0.21478271484375,0.1309356689453125
2009,8448_8704_3584_3840,MSAVI,65536,36762,17002.0,53764.0,11772.0,good,0.560943603515625,0.259429931640625,0.17962646484375
2010,8448_8704_3840_4096,MSAVI,65536,39672,18881.0,58553.0,6983.0,good,0.6053466796875,0.2881011962890625,0.1065521240234375
2011,8448_8704_4096_4352,MSAVI,65536,36925,9580.0,46505.0,19031.0,good,0.5634307861328125,0.14617919921875,0.2903900146484375
2012,8448_8704_4352_4608,MSAVI,65536,46142,5161.0,51303.0,14233.0,good,0.704071044921875,0.0787506103515625,0.2171783447265625
2013,8448_8704_4608_4864,MSAVI,65536,50192,1931.0,52123.0,13413.0,good,0.765869140625,0.0294647216796875,0.2046661376953125
2014,8448_8704_4864_5120,MSAVI,65536,48023,2092.0,50115.0,15421.0,good,0.7327728271484375,0.03192138671875,0.2353057861328125
2015,8448_8704_5120_5376,MSAVI,65536,44606,7084.0,51690.0,13846.0,good,0.680633544921875,0.10809326171875,0.211273193359375
2016,8448_8704_5376_5632,MSAVI,65536,42741,4741.0,47482.0,18054.0,good,0.6521759033203125,0.0723419189453125,0.275482177734375
2017,8448_8704_5632_5888,MSAVI,65536,42769,3732.0,46501.0,19035.0,good,0.6526031494140625,0.05694580078125,0.2904510498046875
2018,8448_8704_5888_6144,MSAVI,65536,40960,3321.0,44281.0,21255.0,good,0.625,0.0506744384765625,0.3243255615234375
2019,8448_8704_6144_6400,MSAVI,65536,41596,760.0,42356.0,23180.0,good,0.63470458984375,0.0115966796875,0.35369873046875
2020,8448_8704_6400_6656,MSAVI,65536,39064,7578.0,46642.0,18894.0,good,0.5960693359375,0.115631103515625,0.288299560546875
2021,8448_8704_6656_6912,MSAVI,65536,40813,3714.0,44527.0,21009.0,good,0.6227569580078125,0.056671142578125,0.3205718994140625
2022,8448_8704_6912_7168,MSAVI,65536,42506,961.0,43467.0,22069.0,good,0.648590087890625,0.0146636962890625,0.3367462158203125
2023,8448_8704_7168_7424,MSAVI,65536,45161,1552.0,46713.0,18823.0,good,0.6891021728515625,0.023681640625,0.2872161865234375
2024,8448_8704_7424_7680,MSAVI,65536,43062,1252.0,44314.0,21222.0,good,0.657073974609375,0.01910400390625,0.323822021484375
2025,8448_8704_7680_7936,MSAVI,65536,45220,2213.0,47433.0,18103.0,good,0.69000244140625,0.0337677001953125,0.2762298583984375
2026,8448_8704_7936_8192,MSAVI,65536,42474,1313.0,43787.0,21749.0,good,0.648101806640625,0.0200347900390625,0.3318634033203125
2027,8448_8704_8192_8448,MSAVI,65536,41617,1790.0,43407.0,22129.0,good,0.6350250244140625,0.027313232421875,0.3376617431640625
2028,8448_8704_8448_8704,MSAVI,65536,42403,3382.0,45785.0,19751.0,good,0.6470184326171875,0.051605224609375,0.3013763427734375
2029,8448_8704_8704_8960,MSAVI,65536,44469,3956.0,48425.0,17111.0,good,0.6785430908203125,0.06036376953125,0.2610931396484375
2030,8448_8704_8960_9216,MSAVI,65536,40062,3918.0,43980.0,21556.0,good,0.611297607421875,0.059783935546875,0.32891845703125
2031,8448_8704_9216_9472,MSAVI,65536,38575,4530.0,43105.0,22431.0,good,0.5886077880859375,0.069122314453125,0.3422698974609375
2032,8448_8704_9472_9728,MSAVI,65536,40095,2733.0,42828.0,22708.0,good,0.6118011474609375,0.0417022705078125,0.34649658203125
2033,8704_8960_1024_1280,MSAVI,65536,41604,3432.0,45036.0,20500.0,good,0.63482666015625,0.0523681640625,0.31280517578125
2034,8704_8960_1280_1536,MSAVI,65536,44224,4463.0,48687.0,16849.0,good,0.6748046875,0.0680999755859375,0.2570953369140625
2035,8704_8960_1536_1792,MSAVI,65536,47145,1783.0,48928.0,16608.0,good,0.7193756103515625,0.0272064208984375,0.25341796875
2036,8704_8960_1792_2048,MSAVI,65536,41273,4241.0,45514.0,20022.0,good,0.6297760009765625,0.0647125244140625,0.305511474609375
2037,8704_8960_2048_2304,MSAVI,65536,39173,6873.0,46046.0,19490.0,good,0.5977325439453125,0.1048736572265625,0.297393798828125
2038,8704_8960_2304_2560,MSAVI,65536,44025,2931.0,46956.0,18580.0,good,0.6717681884765625,0.0447235107421875,0.28350830078125
2039,8704_8960_2560_2816,MSAVI,65536,50516,779.0,51295.0,14241.0,good,0.77081298828125,0.0118865966796875,0.2173004150390625
2040,8704_8960_2816_3072,MSAVI,65536,45590,6374.0,51964.0,13572.0,good,0.695648193359375,0.097259521484375,0.20709228515625
2041,8704_8960_3072_3328,MSAVI,65536,39771,10040.0,49811.0,15725.0,good,0.6068572998046875,0.1531982421875,0.2399444580078125
2042,8704_8960_3328_3584,MSAVI,65536,42597,2781.0,45378.0,20158.0,good,0.6499786376953125,0.0424346923828125,0.307586669921875
2043,8704_8960_3584_3840,MSAVI,65536,40853,14239.0,55092.0,10444.0,good,0.6233673095703125,0.2172698974609375,0.15936279296875
2044,8704_8960_3840_4096,MSAVI,65536,38159,19968.0,58127.0,7409.0,good,0.5822601318359375,0.3046875,0.1130523681640625
2045,8704_8960_4096_4352,MSAVI,65536,40293,11099.0,51392.0,14144.0,good,0.6148223876953125,0.1693572998046875,0.2158203125
2046,8704_8960_4352_4608,MSAVI,65536,38229,7951.0,46180.0,19356.0,good,0.5833282470703125,0.1213226318359375,0.29534912109375
2047,8704_8960_4608_4864,MSAVI,65536,44595,2090.0,46685.0,18851.0,good,0.6804656982421875,0.031890869140625,0.2876434326171875
2048,8704_8960_4864_5120,MSAVI,65536,47676,1843.0,49519.0,16017.0,good,0.72747802734375,0.0281219482421875,0.2444000244140625
2049,8704_8960_5120_5376,MSAVI,65536,39706,5716.0,45422.0,20114.0,good,0.605865478515625,0.08721923828125,0.306915283203125
2050,8704_8960_5376_5632,MSAVI,65536,47237,4246.0,51483.0,14053.0,good,0.7207794189453125,0.064788818359375,0.2144317626953125
2051,8704_8960_5632_5888,MSAVI,65536,43516,3855.0,47371.0,18165.0,good,0.66400146484375,0.0588226318359375,0.2771759033203125
2052,8704_8960_5888_6144,MSAVI,65536,39336,6767.0,46103.0,19433.0,good,0.6002197265625,0.1032562255859375,0.2965240478515625
2053,8704_8960_6144_6400,MSAVI,65536,41671,4221.0,45892.0,19644.0,good,0.6358489990234375,0.0644073486328125,0.29974365234375
2054,8704_8960_6400_6656,MSAVI,65536,38570,7263.0,45833.0,19703.0,good,0.588531494140625,0.1108245849609375,0.3006439208984375
2055,8704_8960_6656_6912,MSAVI,65536,37751,3633.0,41384.0,24152.0,good,0.5760345458984375,0.0554351806640625,0.3685302734375
2056,8704_8960_6912_7168,MSAVI,65536,45101,2166.0,47267.0,18269.0,good,0.6881866455078125,0.033050537109375,0.2787628173828125
2057,8704_8960_7168_7424,MSAVI,65536,46855,1029.0,47884.0,17652.0,good,0.7149505615234375,0.0157012939453125,0.26934814453125
2058,8704_8960_7424_7680,MSAVI,65536,46276,295.0,46571.0,18965.0,good,0.70611572265625,0.0045013427734375,0.2893829345703125
2059,8704_8960_7680_7936,MSAVI,65536,37334,9061.0,46395.0,19141.0,good,0.569671630859375,0.1382598876953125,0.2920684814453125
2060,8704_8960_7936_8192,MSAVI,65536,47267,2820.0,50087.0,15449.0,good,0.7212371826171875,0.04302978515625,0.2357330322265625
2061,8704_8960_8192_8448,MSAVI,65536,40440,3305.0,43745.0,21791.0,good,0.6170654296875,0.0504302978515625,0.3325042724609375
2062,8704_8960_8448_8704,MSAVI,65536,51276,2370.0,53646.0,11890.0,good,0.78240966796875,0.036163330078125,0.181427001953125
2063,8704_8960_8704_8960,MSAVI,65536,39654,3677.0,43331.0,22205.0,good,0.605072021484375,0.0561065673828125,0.3388214111328125
2064,8704_8960_8960_9216,MSAVI,65536,39168,1399.0,40567.0,24969.0,good,0.59765625,0.0213470458984375,0.3809967041015625
2065,8704_8960_9216_9472,MSAVI,65536,40118,3496.0,43614.0,21922.0,good,0.612152099609375,0.0533447265625,0.334503173828125
2066,8704_8960_9472_9728,MSAVI,65536,38418,4543.0,42961.0,22575.0,good,0.586212158203125,0.0693206787109375,0.3444671630859375
2067,8960_9216_1024_1280,MSAVI,65536,38451,18801.0,57252.0,8284.0,good,0.5867156982421875,0.2868804931640625,0.12640380859375
2068,8960_9216_1280_1536,MSAVI,65536,45237,5236.0,50473.0,15063.0,good,0.6902618408203125,0.07989501953125,0.2298431396484375
2069,8960_9216_1536_1792,MSAVI,65536,45476,6579.0,52055.0,13481.0,good,0.69390869140625,0.1003875732421875,0.2057037353515625
2070,8960_9216_1792_2048,MSAVI,65536,45161,5536.0,50697.0,14839.0,good,0.6891021728515625,0.08447265625,0.2264251708984375
2071,8960_9216_2048_2304,MSAVI,65536,45542,935.0,46477.0,19059.0,good,0.694915771484375,0.0142669677734375,0.2908172607421875
2072,8960_9216_2304_2560,MSAVI,65536,46399,1095.0,47494.0,18042.0,good,0.7079925537109375,0.0167083740234375,0.275299072265625
2073,8960_9216_2560_2816,MSAVI,65536,50493,1990.0,52483.0,13053.0,good,0.7704620361328125,0.030364990234375,0.1991729736328125
2074,8960_9216_2816_3072,MSAVI,65536,43216,5660.0,48876.0,16660.0,good,0.659423828125,0.08636474609375,0.25421142578125
2075,8960_9216_3072_3328,MSAVI,65536,44805,7846.0,52651.0,12885.0,good,0.6836700439453125,0.119720458984375,0.1966094970703125
2076,8960_9216_3328_3584,MSAVI,65536,49542,5967.0,55509.0,10027.0,good,0.755950927734375,0.0910491943359375,0.1529998779296875
2077,8960_9216_3584_3840,MSAVI,65536,39655,7979.0,47634.0,17902.0,good,0.6050872802734375,0.1217498779296875,0.273162841796875
2078,8960_9216_3840_4096,MSAVI,65536,39867,15363.0,55230.0,10306.0,good,0.6083221435546875,0.2344207763671875,0.157257080078125
2079,8960_9216_4096_4352,MSAVI,65536,40980,6179.0,47159.0,18377.0,good,0.62530517578125,0.0942840576171875,0.2804107666015625
2080,8960_9216_4352_4608,MSAVI,65536,42012,14234.0,56246.0,9290.0,good,0.64105224609375,0.217193603515625,0.141754150390625
2081,8960_9216_4608_4864,MSAVI,65536,39976,6001.0,45977.0,19559.0,good,0.6099853515625,0.0915679931640625,0.2984466552734375
2082,8960_9216_4864_5120,MSAVI,65536,48378,2020.0,50398.0,15138.0,good,0.738189697265625,0.03082275390625,0.230987548828125
2083,8960_9216_5120_5376,MSAVI,65536,46818,2804.0,49622.0,15914.0,good,0.714385986328125,0.04278564453125,0.242828369140625
2084,8960_9216_5376_5632,MSAVI,65536,44407,2391.0,46798.0,18738.0,good,0.6775970458984375,0.0364837646484375,0.285919189453125
2085,8960_9216_5632_5888,MSAVI,65536,43661,3181.0,46842.0,18694.0,good,0.6662139892578125,0.0485382080078125,0.285247802734375
2086,8960_9216_5888_6144,MSAVI,65536,39481,8451.0,47932.0,17604.0,good,0.6024322509765625,0.1289520263671875,0.26861572265625
2087,8960_9216_6144_6400,MSAVI,65536,36797,9886.0,46683.0,18853.0,good,0.5614776611328125,0.150848388671875,0.2876739501953125
2088,8960_9216_6400_6656,MSAVI,65536,43503,3344.0,46847.0,18689.0,good,0.6638031005859375,0.051025390625,0.2851715087890625
2089,8960_9216_6656_6912,MSAVI,65536,45856,2386.0,48242.0,17294.0,good,0.69970703125,0.036407470703125,0.263885498046875
2090,8960_9216_6912_7168,MSAVI,65536,47980,1755.0,49735.0,15801.0,good,0.73211669921875,0.0267791748046875,0.2411041259765625
2091,8960_9216_7168_7424,MSAVI,65536,45266,570.0,45836.0,19700.0,good,0.690704345703125,0.008697509765625,0.30059814453125
2092,8960_9216_7424_7680,MSAVI,65536,48779,629.0,49408.0,16128.0,good,0.7443084716796875,0.0095977783203125,0.24609375
2093,8960_9216_7680_7936,MSAVI,65536,49563,6865.0,56428.0,9108.0,good,0.7562713623046875,0.1047515869140625,0.13897705078125
2094,8960_9216_7936_8192,MSAVI,65536,47133,4484.0,51617.0,13919.0,good,0.7191925048828125,0.06842041015625,0.2123870849609375
2095,8960_9216_8192_8448,MSAVI,65536,46334,6061.0,52395.0,13141.0,good,0.707000732421875,0.0924835205078125,0.2005157470703125
2096,8960_9216_8448_8704,MSAVI,65536,50794,2120.0,52914.0,12622.0,good,0.775054931640625,0.0323486328125,0.192596435546875
2097,8960_9216_8704_8960,MSAVI,65536,46846,2871.0,49717.0,15819.0,good,0.714813232421875,0.0438079833984375,0.2413787841796875
2098,8960_9216_8960_9216,MSAVI,65536,44929,1295.0,46224.0,19312.0,good,0.6855621337890625,0.0197601318359375,0.294677734375
2099,9216_9472_1024_1280,MSAVI,65536,46692,2927.0,49619.0,15917.0,good,0.71246337890625,0.0446624755859375,0.2428741455078125
2100,9216_9472_1280_1536,MSAVI,65536,49678,428.0,50106.0,15430.0,good,0.758026123046875,0.00653076171875,0.235443115234375
2101,9216_9472_1536_1792,MSAVI,65536,45392,5889.0,51281.0,14255.0,good,0.692626953125,0.0898590087890625,0.2175140380859375
2102,9216_9472_1792_2048,MSAVI,65536,41273,10294.0,51567.0,13969.0,good,0.6297760009765625,0.157073974609375,0.2131500244140625
2103,9216_9472_2048_2304,MSAVI,65536,44871,5512.0,50383.0,15153.0,good,0.6846771240234375,0.0841064453125,0.2312164306640625
2104,9216_9472_2304_2560,MSAVI,65536,48016,2887.0,50903.0,14633.0,good,0.732666015625,0.0440521240234375,0.2232818603515625
2105,9216_9472_2560_2816,MSAVI,65536,45829,7617.0,53446.0,12090.0,good,0.6992950439453125,0.1162261962890625,0.184478759765625
2106,9216_9472_2816_3072,MSAVI,65536,43254,3710.0,46964.0,18572.0,good,0.660003662109375,0.056610107421875,0.28338623046875
2107,9216_9472_3072_3328,MSAVI,65536,47259,4071.0,51330.0,14206.0,good,0.7211151123046875,0.0621185302734375,0.216766357421875
2108,9216_9472_3328_3584,MSAVI,65536,44080,10594.0,54674.0,10862.0,good,0.672607421875,0.161651611328125,0.165740966796875
2109,9216_9472_3584_3840,MSAVI,65536,42827,5834.0,48661.0,16875.0,good,0.6534881591796875,0.089019775390625,0.2574920654296875
2110,9216_9472_3840_4096,MSAVI,65536,43764,8213.0,51977.0,13559.0,good,0.66778564453125,0.1253204345703125,0.2068939208984375
2111,9216_9472_4096_4352,MSAVI,65536,44425,6873.0,51298.0,14238.0,good,0.6778717041015625,0.1048736572265625,0.217254638671875
2112,9216_9472_4352_4608,MSAVI,65536,45202,3550.0,48752.0,16784.0,good,0.689727783203125,0.054168701171875,0.256103515625
2113,9216_9472_4608_4864,MSAVI,65536,50261,2681.0,52942.0,12594.0,good,0.7669219970703125,0.0409088134765625,0.192169189453125
2114,9216_9472_4864_5120,MSAVI,65536,49872,2544.0,52416.0,13120.0,good,0.760986328125,0.038818359375,0.2001953125
2115,9216_9472_5120_5376,MSAVI,65536,49001,1191.0,50192.0,15344.0,good,0.7476959228515625,0.0181732177734375,0.234130859375
2116,9216_9472_5376_5632,MSAVI,65536,47578,3307.0,50885.0,14651.0,good,0.725982666015625,0.0504608154296875,0.2235565185546875
2117,9216_9472_5632_5888,MSAVI,65536,43121,8959.0,52080.0,13456.0,good,0.6579742431640625,0.1367034912109375,0.205322265625
2118,9216_9472_5888_6144,MSAVI,65536,41089,4113.0,45202.0,20334.0,good,0.6269683837890625,0.0627593994140625,0.310272216796875
2119,9216_9472_6144_6400,MSAVI,65536,40760,2422.0,43182.0,22354.0,good,0.6219482421875,0.036956787109375,0.341094970703125
2120,9216_9472_6400_6656,MSAVI,65536,42827,4373.0,47200.0,18336.0,good,0.6534881591796875,0.0667266845703125,0.27978515625
2121,9216_9472_6656_6912,MSAVI,65536,51319,1029.0,52348.0,13188.0,good,0.7830657958984375,0.0157012939453125,0.20123291015625
2122,9216_9472_6912_7168,MSAVI,65536,47593,982.0,48575.0,16961.0,good,0.7262115478515625,0.014984130859375,0.2588043212890625
2123,9216_9472_7168_7424,MSAVI,65536,50965,263.0,51228.0,14308.0,good,0.7776641845703125,0.0040130615234375,0.21832275390625
2124,9216_9472_7424_7680,MSAVI,65536,53363,4606.0,57969.0,7567.0,good,0.8142547607421875,0.070281982421875,0.1154632568359375
2125,9216_9472_7680_7936,MSAVI,65536,50139,4021.0,54160.0,11376.0,good,0.7650604248046875,0.0613555908203125,0.173583984375
2126,9472_9728_1280_1536,MSAVI,65536,46614,1640.0,48254.0,17282.0,good,0.711273193359375,0.0250244140625,0.263702392578125
2127,9472_9728_1536_1792,MSAVI,65536,41756,2802.0,44558.0,20978.0,good,0.63714599609375,0.042755126953125,0.320098876953125
2128,9472_9728_1792_2048,MSAVI,65536,45695,4598.0,50293.0,15243.0,good,0.6972503662109375,0.070159912109375,0.2325897216796875
2129,9472_9728_2048_2304,MSAVI,65536,44432,5120.0,49552.0,15984.0,good,0.677978515625,0.078125,0.243896484375
2130,9472_9728_2304_2560,MSAVI,65536,42638,3128.0,45766.0,19770.0,good,0.650604248046875,0.0477294921875,0.301666259765625
2131,9472_9728_2560_2816,MSAVI,65536,45384,5402.0,50786.0,14750.0,good,0.6925048828125,0.082427978515625,0.225067138671875
2132,9472_9728_2816_3072,MSAVI,65536,42339,5760.0,48099.0,17437.0,good,0.6460418701171875,0.087890625,0.2660675048828125
2133,9472_9728_3072_3328,MSAVI,65536,48796,2824.0,51620.0,13916.0,good,0.74456787109375,0.0430908203125,0.21234130859375
2134,9472_9728_3328_3584,MSAVI,65536,51954,2153.0,54107.0,11429.0,good,0.792755126953125,0.0328521728515625,0.1743927001953125
2135,9472_9728_3584_3840,MSAVI,65536,49792,3117.0,52909.0,12627.0,good,0.759765625,0.0475616455078125,0.1926727294921875
2136,9472_9728_3840_4096,MSAVI,65536,46485,1991.0,48476.0,17060.0,good,0.7093048095703125,0.0303802490234375,0.26031494140625
2137,9472_9728_4096_4352,MSAVI,65536,45850,1936.0,47786.0,17750.0,good,0.699615478515625,0.029541015625,0.270843505859375
2138,9472_9728_4352_4608,MSAVI,65536,48361,3670.0,52031.0,13505.0,good,0.7379302978515625,0.055999755859375,0.2060699462890625
2139,9472_9728_4608_4864,MSAVI,65536,41896,9324.0,51220.0,14316.0,good,0.6392822265625,0.14227294921875,0.21844482421875
2140,9472_9728_4864_5120,MSAVI,65536,47490,2739.0,50229.0,15307.0,good,0.724639892578125,0.0417938232421875,0.2335662841796875
2141,9472_9728_5120_5376,MSAVI,65536,47461,3961.0,51422.0,14114.0,good,0.7241973876953125,0.0604400634765625,0.215362548828125
2142,9472_9728_5376_5632,MSAVI,65536,46907,1914.0,48821.0,16715.0,good,0.7157440185546875,0.029205322265625,0.2550506591796875
2143,9472_9728_5632_5888,MSAVI,65536,45877,3430.0,49307.0,16229.0,good,0.7000274658203125,0.052337646484375,0.2476348876953125
2144,9472_9728_5888_6144,MSAVI,65536,43479,5207.0,48686.0,16850.0,good,0.6634368896484375,0.0794525146484375,0.257110595703125
2145,9472_9728_6144_6400,MSAVI,65536,39204,6544.0,45748.0,19788.0,good,0.59820556640625,0.099853515625,0.30194091796875
2146,9728_9984_1280_1536,MSAVI,65536,35740,14115.0,49855.0,15681.0,good,0.54534912109375,0.2153778076171875,0.2392730712890625
2147,9728_9984_1536_1792,MSAVI,65536,40475,2877.0,43352.0,22184.0,good,0.6175994873046875,0.0438995361328125,0.3385009765625
2148,9728_9984_1792_2048,MSAVI,65536,46461,1622.0,48083.0,17453.0,good,0.7089385986328125,0.024749755859375,0.2663116455078125
2149,9728_9984_2048_2304,MSAVI,65536,48929,1551.0,50480.0,15056.0,good,0.7465972900390625,0.0236663818359375,0.229736328125
2150,9728_9984_2304_2560,MSAVI,65536,46174,5488.0,51662.0,13874.0,good,0.704559326171875,0.083740234375,0.211700439453125
2151,9728_9984_2560_2816,MSAVI,65536,47080,846.0,47926.0,17610.0,good,0.7183837890625,0.012908935546875,0.268707275390625
2152,9728_9984_2816_3072,MSAVI,65536,47563,1549.0,49112.0,16424.0,good,0.7257537841796875,0.0236358642578125,0.2506103515625
2153,9728_9984_3072_3328,MSAVI,65536,40994,2691.0,43685.0,21851.0,good,0.625518798828125,0.0410614013671875,0.3334197998046875
2154,9728_9984_3328_3584,MSAVI,65536,38697,7264.0,45961.0,19575.0,good,0.5904693603515625,0.11083984375,0.2986907958984375
2155,9728_9984_3584_3840,MSAVI,65536,42564,3191.0,45755.0,19781.0,good,0.64947509765625,0.0486907958984375,0.3018341064453125
2156,9728_9984_3840_4096,MSAVI,65536,43661,3976.0,47637.0,17899.0,good,0.6662139892578125,0.0606689453125,0.2731170654296875
2157,9728_9984_4096_4352,MSAVI,65536,38029,15327.0,53356.0,12180.0,good,0.5802764892578125,0.2338714599609375,0.18585205078125
2158,9728_9984_4352_4608,MSAVI,65536,46695,2816.0,49511.0,16025.0,good,0.7125091552734375,0.04296875,0.2445220947265625
2159,9728_9984_4608_4864,MSAVI,65536,44409,5559.0,49968.0,15568.0,good,0.6776275634765625,0.0848236083984375,0.237548828125
2160,9984_10240_1280_1536,MSAVI,65536,37118,11269.0,48387.0,17149.0,good,0.566375732421875,0.1719512939453125,0.2616729736328125
2161,9984_10240_1536_1792,MSAVI,65536,42781,2800.0,45581.0,19955.0,good,0.6527862548828125,0.042724609375,0.3044891357421875
2162,9984_10240_1792_2048,MSAVI,65536,47669,2749.0,50418.0,15118.0,good,0.7273712158203125,0.0419464111328125,0.230682373046875
2163,9984_10240_2048_2304,MSAVI,65536,44253,1562.0,45815.0,19721.0,good,0.6752471923828125,0.023834228515625,0.3009185791015625
2164,9984_10240_2304_2560,MSAVI,65536,45734,1136.0,46870.0,18666.0,good,0.697845458984375,0.017333984375,0.284820556640625
2165,9984_10240_2560_2816,MSAVI,65536,49825,1367.0,51192.0,14344.0,good,0.7602691650390625,0.0208587646484375,0.2188720703125
2166,9984_10240_2816_3072,MSAVI,65536,44764,2891.0,47655.0,17881.0,good,0.68304443359375,0.0441131591796875,0.2728424072265625
2167,9984_10240_3072_3328,MSAVI,65536,44756,1407.0,46163.0,19373.0,good,0.68292236328125,0.0214691162109375,0.2956085205078125
2168,9984_10240_3328_3584,MSAVI,65536,40079,4315.0,44394.0,21142.0,good,0.6115570068359375,0.0658416748046875,0.322601318359375
2169,9984_10240_3584_3840,MSAVI,65536,37540,4294.0,41834.0,23702.0,good,0.57281494140625,0.065521240234375,0.361663818359375
2170,10240_10496_1536_1792,MSAVI,65536,49105,1850.0,50955.0,14581.0,good,0.7492828369140625,0.028228759765625,0.2224884033203125
2171,10240_10496_1792_2048,MSAVI,65536,47015,1167.0,48182.0,17354.0,good,0.7173919677734375,0.0178070068359375,0.264801025390625
2172,10240_10496_2048_2304,MSAVI,65536,45264,3484.0,48748.0,16788.0,good,0.690673828125,0.05316162109375,0.25616455078125
2173,10240_10496_2304_2560,MSAVI,65536,50639,352.0,50991.0,14545.0,good,0.7726898193359375,0.00537109375,0.2219390869140625
2174,10240_10496_2560_2816,MSAVI,65536,45620,7206.0,52826.0,12710.0,good,0.69610595703125,0.109954833984375,0.193939208984375
2175,10240_10496_2816_3072,MSAVI,65536,41793,9508.0,51301.0,14235.0,good,0.6377105712890625,0.14508056640625,0.2172088623046875
2176,10240_10496_3072_3328,MSAVI,65536,45106,3961.0,49067.0,16469.0,good,0.688262939453125,0.0604400634765625,0.2512969970703125
2177,10240_10496_3328_3584,MSAVI,65393,37718,5197.0,42915.0,22478.0,good,0.5767895646323001,0.07947333812487575,0.34373709724282414
2178,256_512_6144_6400,MSAVI,65536,36239,5861.0,42100.0,23436.0,medium,0.5529632568359375,0.0894317626953125,0.35760498046875
2179,256_512_6400_6656,MSAVI,65536,32939,14098.0,47037.0,18499.0,medium,0.5026092529296875,0.215118408203125,0.2822723388671875
2180,256_512_6656_6912,MSAVI,65536,36878,7718.0,44596.0,20940.0,medium,0.562713623046875,0.117767333984375,0.31951904296875
2181,512_768_5632_5888,MSAVI,65536,34486,7022.0,41508.0,24028.0,medium,0.526214599609375,0.107147216796875,0.36663818359375
2182,512_768_5888_6144,MSAVI,65536,38511,1091.0,39602.0,25934.0,medium,0.5876312255859375,0.0166473388671875,0.395721435546875
2183,512_768_6144_6400,MSAVI,65536,37320,3498.0,40818.0,24718.0,medium,0.5694580078125,0.053375244140625,0.377166748046875
2184,512_768_6400_6656,MSAVI,65536,37553,4686.0,42239.0,23297.0,medium,0.5730133056640625,0.071502685546875,0.3554840087890625
2185,512_768_6656_6912,MSAVI,65536,39220,8623.0,47843.0,17693.0,medium,0.59844970703125,0.1315765380859375,0.2699737548828125
2186,512_768_6912_7168,MSAVI,65536,38231,5192.0,43423.0,22113.0,medium,0.5833587646484375,0.0792236328125,0.3374176025390625
2187,768_1024_5376_5632,MSAVI,65536,45882,3468.0,49350.0,16186.0,medium,0.700103759765625,0.05291748046875,0.246978759765625
2188,768_1024_5632_5888,MSAVI,65536,38135,4884.0,43019.0,22517.0,medium,0.5818939208984375,0.07452392578125,0.3435821533203125
2189,768_1024_5888_6144,MSAVI,65536,42337,3129.0,45466.0,20070.0,medium,0.6460113525390625,0.0477447509765625,0.306243896484375
2190,768_1024_6144_6400,MSAVI,65536,43744,2506.0,46250.0,19286.0,medium,0.66748046875,0.038238525390625,0.294281005859375
2191,768_1024_6400_6656,MSAVI,65536,42787,4433.0,47220.0,18316.0,medium,0.6528778076171875,0.0676422119140625,0.27947998046875
2192,768_1024_6656_6912,MSAVI,65536,36188,7302.0,43490.0,22046.0,medium,0.55218505859375,0.111419677734375,0.336395263671875
2193,768_1024_6912_7168,MSAVI,65536,36827,6842.0,43669.0,21867.0,medium,0.5619354248046875,0.104400634765625,0.3336639404296875
2194,1024_1280_4864_5120,MSAVI,65536,38943,1156.0,40099.0,25437.0,medium,0.5942230224609375,0.01763916015625,0.3881378173828125
2195,1024_1280_5120_5376,MSAVI,65536,40478,713.0,41191.0,24345.0,medium,0.617645263671875,0.0108795166015625,0.3714752197265625
2196,1024_1280_5376_5632,MSAVI,65536,38284,1922.0,40206.0,25330.0,medium,0.58416748046875,0.029327392578125,0.386505126953125
2197,1024_1280_5632_5888,MSAVI,65536,43267,745.0,44012.0,21524.0,medium,0.6602020263671875,0.0113677978515625,0.32843017578125
2198,1024_1280_5888_6144,MSAVI,65536,41876,258.0,42134.0,23402.0,medium,0.63897705078125,0.003936767578125,0.357086181640625
2199,1024_1280_6144_6400,MSAVI,65536,46492,816.0,47308.0,18228.0,medium,0.70941162109375,0.012451171875,0.27813720703125
2200,1024_1280_6400_6656,MSAVI,65536,43087,969.0,44056.0,21480.0,medium,0.6574554443359375,0.0147857666015625,0.3277587890625
2201,1024_1280_6656_6912,MSAVI,65536,37518,5366.0,42884.0,22652.0,medium,0.572479248046875,0.081878662109375,0.34564208984375
2202,1024_1280_6912_7168,MSAVI,65536,38353,4553.0,42906.0,22630.0,medium,0.5852203369140625,0.0694732666015625,0.345306396484375
2203,1024_1280_7168_7424,MSAVI,65536,41097,3189.0,44286.0,21250.0,medium,0.6270904541015625,0.0486602783203125,0.324249267578125
2204,1280_1536_4608_4864,MSAVI,65536,41951,7995.0,49946.0,15590.0,medium,0.6401214599609375,0.1219940185546875,0.237884521484375
2205,1280_1536_4864_5120,MSAVI,65536,41903,3399.0,45302.0,20234.0,medium,0.6393890380859375,0.0518646240234375,0.308746337890625
2206,1280_1536_5120_5376,MSAVI,65536,42119,1489.0,43608.0,21928.0,medium,0.6426849365234375,0.0227203369140625,0.3345947265625
2207,1280_1536_5376_5632,MSAVI,65536,39383,998.0,40381.0,25155.0,medium,0.6009368896484375,0.015228271484375,0.3838348388671875
2208,1280_1536_5632_5888,MSAVI,65536,39398,2692.0,42090.0,23446.0,medium,0.601165771484375,0.04107666015625,0.357757568359375
2209,1280_1536_5888_6144,MSAVI,65536,36079,5358.0,41437.0,24099.0,medium,0.5505218505859375,0.081756591796875,0.3677215576171875
2210,1280_1536_6144_6400,MSAVI,65536,40303,2205.0,42508.0,23028.0,medium,0.6149749755859375,0.0336456298828125,0.35137939453125
2211,1280_1536_6400_6656,MSAVI,65536,37510,5616.0,43126.0,22410.0,medium,0.572357177734375,0.085693359375,0.341949462890625
2212,1280_1536_6656_6912,MSAVI,65536,37518,6504.0,44022.0,21514.0,medium,0.572479248046875,0.0992431640625,0.328277587890625
2213,1280_1536_6912_7168,MSAVI,65536,37859,8671.0,46530.0,19006.0,medium,0.5776824951171875,0.1323089599609375,0.290008544921875
2214,1280_1536_7168_7424,MSAVI,65536,38535,5365.0,43900.0,21636.0,medium,0.5879974365234375,0.0818634033203125,0.33013916015625
2215,1280_1536_7424_7680,MSAVI,65337,40547,3706.0,44253.0,21084.0,medium,0.620582518328053,0.05672130645729066,0.3226961752146563
2216,1536_1792_4096_4352,MSAVI,65536,38085,1843.0,39928.0,25608.0,medium,0.5811309814453125,0.0281219482421875,0.3907470703125
2217,1536_1792_4352_4608,MSAVI,65536,38314,8761.0,47075.0,18461.0,medium,0.584625244140625,0.1336822509765625,0.2816925048828125
2218,1536_1792_4608_4864,MSAVI,65536,45098,3583.0,48681.0,16855.0,medium,0.688140869140625,0.0546722412109375,0.2571868896484375
2219,1536_1792_4864_5120,MSAVI,65536,47678,1919.0,49597.0,15939.0,medium,0.727508544921875,0.0292816162109375,0.2432098388671875
2220,1536_1792_5120_5376,MSAVI,65536,36902,6024.0,42926.0,22610.0,medium,0.563079833984375,0.0919189453125,0.345001220703125
2221,1536_1792_5376_5632,MSAVI,65536,41909,579.0,42488.0,23048.0,medium,0.6394805908203125,0.0088348388671875,0.3516845703125
2222,1536_1792_5632_5888,MSAVI,65536,41184,1858.0,43042.0,22494.0,medium,0.62841796875,0.028350830078125,0.343231201171875
2223,1536_1792_5888_6144,MSAVI,65536,37870,904.0,38774.0,26762.0,medium,0.577850341796875,0.0137939453125,0.408355712890625
2224,1536_1792_6144_6400,MSAVI,65536,38968,705.0,39673.0,25863.0,medium,0.5946044921875,0.0107574462890625,0.3946380615234375
2225,1536_1792_6400_6656,MSAVI,65536,38076,2555.0,40631.0,24905.0,medium,0.58099365234375,0.0389862060546875,0.3800201416015625
2226,1536_1792_6656_6912,MSAVI,65536,41101,1785.0,42886.0,22650.0,medium,0.6271514892578125,0.0272369384765625,0.345611572265625
2227,1536_1792_6912_7168,MSAVI,65536,36010,9358.0,45368.0,20168.0,medium,0.549468994140625,0.142791748046875,0.3077392578125
2228,1536_1792_7168_7424,MSAVI,65536,36817,7185.0,44002.0,21534.0,medium,0.5617828369140625,0.1096343994140625,0.328582763671875
2229,1536_1792_7424_7680,MSAVI,65536,33651,9623.0,43274.0,22262.0,medium,0.5134735107421875,0.1468353271484375,0.339691162109375
2230,1792_2048_3584_3840,MSAVI,65536,46562,2730.0,49292.0,16244.0,medium,0.710479736328125,0.041656494140625,0.24786376953125
2231,1792_2048_3840_4096,MSAVI,65536,41782,10347.0,52129.0,13407.0,medium,0.637542724609375,0.1578826904296875,0.2045745849609375
2232,1792_2048_4096_4352,MSAVI,65536,45384,4244.0,49628.0,15908.0,medium,0.6925048828125,0.06475830078125,0.24273681640625
2233,1792_2048_4352_4608,MSAVI,65536,35416,3508.0,38924.0,26612.0,medium,0.5404052734375,0.05352783203125,0.40606689453125
2234,1792_2048_4608_4864,MSAVI,65536,44490,4015.0,48505.0,17031.0,medium,0.678863525390625,0.0612640380859375,0.2598724365234375
2235,1792_2048_4864_5120,MSAVI,65536,50166,3727.0,53893.0,11643.0,medium,0.765472412109375,0.0568695068359375,0.1776580810546875
2236,1792_2048_5120_5376,MSAVI,65536,40125,3502.0,43627.0,21909.0,medium,0.6122589111328125,0.053436279296875,0.3343048095703125
2237,1792_2048_5376_5632,MSAVI,65536,37721,4047.0,41768.0,23768.0,medium,0.5755767822265625,0.0617523193359375,0.3626708984375
2238,1792_2048_5632_5888,MSAVI,65536,38570,1559.0,40129.0,25407.0,medium,0.588531494140625,0.0237884521484375,0.3876800537109375
2239,1792_2048_5888_6144,MSAVI,65536,35001,3354.0,38355.0,27181.0,medium,0.5340728759765625,0.051177978515625,0.4147491455078125
2240,1792_2048_6144_6400,MSAVI,65536,38490,611.0,39101.0,26435.0,medium,0.587310791015625,0.0093231201171875,0.4033660888671875
2241,1792_2048_6400_6656,MSAVI,65536,39171,1462.0,40633.0,24903.0,medium,0.5977020263671875,0.022308349609375,0.3799896240234375
2242,1792_2048_6656_6912,MSAVI,65536,40087,3905.0,43992.0,21544.0,medium,0.6116790771484375,0.0595855712890625,0.3287353515625
2243,1792_2048_6912_7168,MSAVI,65536,39694,8783.0,48477.0,17059.0,medium,0.605682373046875,0.1340179443359375,0.2602996826171875
2244,1792_2048_7168_7424,MSAVI,65536,36468,7368.0,43836.0,21700.0,medium,0.55645751953125,0.1124267578125,0.33111572265625
2245,1792_2048_7424_7680,MSAVI,65536,38533,3620.0,42153.0,23383.0,medium,0.5879669189453125,0.05523681640625,0.3567962646484375
2246,1792_2048_7680_7936,MSAVI,65536,39955,2663.0,42618.0,22918.0,medium,0.6096649169921875,0.0406341552734375,0.349700927734375
2247,2048_2304_3328_3584,MSAVI,65536,34819,13681.0,48500.0,17036.0,medium,0.5312957763671875,0.2087554931640625,0.25994873046875
2248,2048_2304_3584_3840,MSAVI,65536,43496,3266.0,46762.0,18774.0,medium,0.6636962890625,0.049835205078125,0.286468505859375
2249,2048_2304_3840_4096,MSAVI,65536,44605,3586.0,48191.0,17345.0,medium,0.6806182861328125,0.054718017578125,0.2646636962890625
2250,2048_2304_4096_4352,MSAVI,65536,41627,3277.0,44904.0,20632.0,medium,0.6351776123046875,0.0500030517578125,0.3148193359375
2251,2048_2304_4352_4608,MSAVI,65536,39279,3470.0,42749.0,22787.0,medium,0.5993499755859375,0.052947998046875,0.3477020263671875
2252,2048_2304_4608_4864,MSAVI,65536,45436,3179.0,48615.0,16921.0,medium,0.69329833984375,0.0485076904296875,0.2581939697265625
2253,2048_2304_4864_5120,MSAVI,65536,47605,2565.0,50170.0,15366.0,medium,0.7263946533203125,0.0391387939453125,0.234466552734375
2254,2048_2304_5120_5376,MSAVI,65536,42790,2920.0,45710.0,19826.0,medium,0.652923583984375,0.0445556640625,0.302520751953125
2255,2048_2304_5376_5632,MSAVI,65536,41927,4917.0,46844.0,18692.0,medium,0.6397552490234375,0.0750274658203125,0.28521728515625
2256,2048_2304_5632_5888,MSAVI,65536,39518,2012.0,41530.0,24006.0,medium,0.602996826171875,0.03070068359375,0.366302490234375
2257,2048_2304_5888_6144,MSAVI,65536,43786,1750.0,45536.0,20000.0,medium,0.668121337890625,0.026702880859375,0.30517578125
2258,2048_2304_6144_6400,MSAVI,65536,36966,4355.0,41321.0,24215.0,medium,0.564056396484375,0.0664520263671875,0.3694915771484375
2259,2048_2304_6400_6656,MSAVI,65536,40920,3321.0,44241.0,21295.0,medium,0.6243896484375,0.0506744384765625,0.3249359130859375
2260,2048_2304_6656_6912,MSAVI,65536,38343,13607.0,51950.0,13586.0,medium,0.5850677490234375,0.2076263427734375,0.207305908203125
2261,2048_2304_6912_7168,MSAVI,65536,39277,16738.0,56015.0,9521.0,medium,0.5993194580078125,0.255401611328125,0.1452789306640625
2262,2048_2304_7168_7424,MSAVI,65536,41599,10975.0,52574.0,12962.0,medium,0.6347503662109375,0.1674652099609375,0.197784423828125
2263,2048_2304_7424_7680,MSAVI,65536,37574,6042.0,43616.0,21920.0,medium,0.573333740234375,0.092193603515625,0.33447265625
2264,2048_2304_7680_7936,MSAVI,65536,39986,2719.0,42705.0,22831.0,medium,0.610137939453125,0.0414886474609375,0.3483734130859375
2265,2304_2560_2816_3072,MSAVI,65536,35752,5352.0,41104.0,24432.0,medium,0.5455322265625,0.0816650390625,0.372802734375
2266,2304_2560_3072_3328,MSAVI,65536,34645,5039.0,39684.0,25852.0,medium,0.5286407470703125,0.0768890380859375,0.39447021484375
2267,2304_2560_3328_3584,MSAVI,65536,38273,4199.0,42472.0,23064.0,medium,0.5839996337890625,0.0640716552734375,0.3519287109375
2268,2304_2560_3584_3840,MSAVI,65536,43004,7678.0,50682.0,14854.0,medium,0.65618896484375,0.117156982421875,0.226654052734375
2269,2304_2560_3840_4096,MSAVI,65536,38875,13568.0,52443.0,13093.0,medium,0.5931854248046875,0.20703125,0.1997833251953125
2270,2304_2560_4096_4352,MSAVI,65536,39359,5043.0,44402.0,21134.0,medium,0.6005706787109375,0.0769500732421875,0.322479248046875
2271,2304_2560_4352_4608,MSAVI,65536,41037,1897.0,42934.0,22602.0,medium,0.6261749267578125,0.0289459228515625,0.344879150390625
2272,2304_2560_4608_4864,MSAVI,65536,43661,1176.0,44837.0,20699.0,medium,0.6662139892578125,0.0179443359375,0.3158416748046875
2273,2304_2560_4864_5120,MSAVI,65536,47726,3162.0,50888.0,14648.0,medium,0.728240966796875,0.048248291015625,0.2235107421875
2274,2304_2560_5120_5376,MSAVI,65536,41724,2408.0,44132.0,21404.0,medium,0.63665771484375,0.0367431640625,0.32659912109375
2275,2304_2560_5376_5632,MSAVI,65536,40384,4089.0,44473.0,21063.0,medium,0.6162109375,0.0623931884765625,0.3213958740234375
2276,2304_2560_5632_5888,MSAVI,65536,46675,1752.0,48427.0,17109.0,medium,0.7122039794921875,0.0267333984375,0.2610626220703125
2277,2304_2560_5888_6144,MSAVI,65536,42211,1901.0,44112.0,21424.0,medium,0.6440887451171875,0.0290069580078125,0.326904296875
2278,2304_2560_6144_6400,MSAVI,65536,35214,6415.0,41629.0,23907.0,medium,0.537322998046875,0.0978851318359375,0.3647918701171875
2279,2304_2560_6400_6656,MSAVI,65536,36068,7107.0,43175.0,22361.0,medium,0.55035400390625,0.1084442138671875,0.3412017822265625
2280,2304_2560_6656_6912,MSAVI,65536,35012,6173.0,41185.0,24351.0,medium,0.53424072265625,0.0941925048828125,0.3715667724609375
2281,2304_2560_6912_7168,MSAVI,65536,35929,10611.0,46540.0,18996.0,medium,0.5482330322265625,0.1619110107421875,0.28985595703125
2282,2304_2560_7168_7424,MSAVI,65536,36600,4671.0,41271.0,24265.0,medium,0.5584716796875,0.0712738037109375,0.3702545166015625
2283,2304_2560_7424_7680,MSAVI,65536,33574,6337.0,39911.0,25625.0,medium,0.512298583984375,0.0966949462890625,0.3910064697265625
2284,2304_2560_7680_7936,MSAVI,65536,38467,1013.0,39480.0,26056.0,medium,0.5869598388671875,0.0154571533203125,0.3975830078125
2285,2304_2560_7936_8192,MSAVI,65536,36935,8639.0,45574.0,19962.0,medium,0.5635833740234375,0.1318206787109375,0.304595947265625
2286,2560_2816_2560_2816,MSAVI,65536,34551,5638.0,40189.0,25347.0,medium,0.5272064208984375,0.086029052734375,0.3867645263671875
2287,2560_2816_2816_3072,MSAVI,65536,37511,2846.0,40357.0,25179.0,medium,0.5723724365234375,0.043426513671875,0.3842010498046875
2288,2560_2816_3072_3328,MSAVI,65536,38477,8851.0,47328.0,18208.0,medium,0.5871124267578125,0.1350555419921875,0.27783203125
2289,2560_2816_3328_3584,MSAVI,65536,40926,2267.0,43193.0,22343.0,medium,0.624481201171875,0.0345916748046875,0.3409271240234375
2290,2560_2816_3584_3840,MSAVI,65536,42452,4577.0,47029.0,18507.0,medium,0.64776611328125,0.0698394775390625,0.2823944091796875
2291,2560_2816_3840_4096,MSAVI,65536,41762,8693.0,50455.0,15081.0,medium,0.637237548828125,0.1326446533203125,0.2301177978515625
2292,2560_2816_4096_4352,MSAVI,65536,43510,4240.0,47750.0,17786.0,medium,0.663909912109375,0.064697265625,0.271392822265625
2293,2560_2816_4352_4608,MSAVI,65536,43028,1525.0,44553.0,20983.0,medium,0.65655517578125,0.0232696533203125,0.3201751708984375
2294,2560_2816_4608_4864,MSAVI,65536,43193,637.0,43830.0,21706.0,medium,0.6590728759765625,0.0097198486328125,0.331207275390625
2295,2560_2816_4864_5120,MSAVI,65536,43177,3646.0,46823.0,18713.0,medium,0.6588287353515625,0.055633544921875,0.2855377197265625
2296,2560_2816_5120_5376,MSAVI,65536,39759,4875.0,44634.0,20902.0,medium,0.6066741943359375,0.0743865966796875,0.318939208984375
2297,2560_2816_5376_5632,MSAVI,65536,41774,2464.0,44238.0,21298.0,medium,0.637420654296875,0.03759765625,0.324981689453125
2298,2560_2816_5632_5888,MSAVI,65536,41066,2042.0,43108.0,22428.0,medium,0.626617431640625,0.031158447265625,0.34222412109375
2299,2560_2816_5888_6144,MSAVI,65536,39693,2678.0,42371.0,23165.0,medium,0.6056671142578125,0.040863037109375,0.3534698486328125
2300,2560_2816_6144_6400,MSAVI,65536,37390,6330.0,43720.0,21816.0,medium,0.570526123046875,0.096588134765625,0.3328857421875
2301,2560_2816_6400_6656,MSAVI,65536,34641,2454.0,37095.0,28441.0,medium,0.5285797119140625,0.037445068359375,0.4339752197265625
2302,2560_2816_6656_6912,MSAVI,65536,34396,3528.0,37924.0,27612.0,medium,0.52484130859375,0.0538330078125,0.42132568359375
2303,2560_2816_6912_7168,MSAVI,65536,35292,5777.0,41069.0,24467.0,medium,0.53851318359375,0.0881500244140625,0.3733367919921875
2304,2560_2816_7168_7424,MSAVI,65536,35171,9595.0,44766.0,20770.0,medium,0.5366668701171875,0.1464080810546875,0.316925048828125
2305,2560_2816_7424_7680,MSAVI,65536,42210,8145.0,50355.0,15181.0,medium,0.644073486328125,0.1242828369140625,0.2316436767578125
2306,2560_2816_7680_7936,MSAVI,65536,37701,1740.0,39441.0,26095.0,medium,0.5752716064453125,0.02655029296875,0.3981781005859375
2307,2560_2816_7936_8192,MSAVI,65536,37289,7438.0,44727.0,20809.0,medium,0.5689849853515625,0.113494873046875,0.3175201416015625
2308,2816_3072_2048_2304,MSAVI,65536,27593,34130.0,61723.0,3813.0,medium,0.4210357666015625,0.520782470703125,0.0581817626953125
2309,2816_3072_2304_2560,MSAVI,65536,35045,8104.0,43149.0,22387.0,medium,0.5347442626953125,0.1236572265625,0.3415985107421875
2310,2816_3072_2560_2816,MSAVI,65536,33800,6494.0,40294.0,25242.0,medium,0.5157470703125,0.099090576171875,0.385162353515625
2311,2816_3072_2816_3072,MSAVI,65536,32061,10370.0,42431.0,23105.0,medium,0.4892120361328125,0.158233642578125,0.3525543212890625
2312,2816_3072_3072_3328,MSAVI,65536,43212,4477.0,47689.0,17847.0,medium,0.65936279296875,0.0683135986328125,0.2723236083984375
2313,2816_3072_3328_3584,MSAVI,65536,40274,1293.0,41567.0,23969.0,medium,0.614532470703125,0.0197296142578125,0.3657379150390625
2314,2816_3072_3584_3840,MSAVI,65536,42031,1869.0,43900.0,21636.0,medium,0.6413421630859375,0.0285186767578125,0.33013916015625
2315,2816_3072_3840_4096,MSAVI,65536,40538,6145.0,46683.0,18853.0,medium,0.618560791015625,0.0937652587890625,0.2876739501953125
2316,2816_3072_4096_4352,MSAVI,65536,39959,3695.0,43654.0,21882.0,medium,0.6097259521484375,0.0563812255859375,0.333892822265625
2317,2816_3072_4352_4608,MSAVI,65536,39548,2723.0,42271.0,23265.0,medium,0.60345458984375,0.0415496826171875,0.3549957275390625
2318,2816_3072_4608_4864,MSAVI,65536,38942,1307.0,40249.0,25287.0,medium,0.594207763671875,0.0199432373046875,0.3858489990234375
2319,2816_3072_4864_5120,MSAVI,65536,37908,2996.0,40904.0,24632.0,medium,0.57843017578125,0.04571533203125,0.3758544921875
2320,2816_3072_5120_5376,MSAVI,65536,40654,2929.0,43583.0,21953.0,medium,0.620330810546875,0.0446929931640625,0.3349761962890625
2321,2816_3072_5376_5632,MSAVI,65536,40507,11249.0,51756.0,13780.0,medium,0.6180877685546875,0.1716461181640625,0.21026611328125
2322,2816_3072_5632_5888,MSAVI,65536,37985,7219.0,45204.0,20332.0,medium,0.5796051025390625,0.1101531982421875,0.31024169921875
2323,2816_3072_5888_6144,MSAVI,65536,40761,1644.0,42405.0,23131.0,medium,0.6219635009765625,0.02508544921875,0.3529510498046875
2324,2816_3072_6144_6400,MSAVI,65536,34550,10326.0,44876.0,20660.0,medium,0.527191162109375,0.157562255859375,0.31524658203125
2325,2816_3072_6400_6656,MSAVI,65536,34768,3003.0,37771.0,27765.0,medium,0.530517578125,0.0458221435546875,0.4236602783203125
2326,2816_3072_6656_6912,MSAVI,65536,33485,5717.0,39202.0,26334.0,medium,0.5109405517578125,0.0872344970703125,0.401824951171875
2327,2816_3072_6912_7168,MSAVI,65536,39429,4365.0,43794.0,21742.0,medium,0.6016387939453125,0.0666046142578125,0.331756591796875
2328,2816_3072_7168_7424,MSAVI,65536,34964,6211.0,41175.0,24361.0,medium,0.53350830078125,0.0947723388671875,0.3717193603515625
2329,2816_3072_7424_7680,MSAVI,65536,37441,6933.0,44374.0,21162.0,medium,0.5713043212890625,0.1057891845703125,0.322906494140625
2330,2816_3072_7680_7936,MSAVI,65536,35600,2087.0,37687.0,27849.0,medium,0.543212890625,0.0318450927734375,0.4249420166015625
2331,2816_3072_7936_8192,MSAVI,65536,37166,5031.0,42197.0,23339.0,medium,0.567108154296875,0.0767669677734375,0.3561248779296875
2332,2816_3072_8192_8448,MSAVI,65536,43139,2124.0,45263.0,20273.0,medium,0.6582489013671875,0.03240966796875,0.3093414306640625
2333,3072_3328_1792_2048,MSAVI,65536,37548,2713.0,40261.0,25275.0,medium,0.57293701171875,0.0413970947265625,0.3856658935546875
2334,3072_3328_2048_2304,MSAVI,65536,23961,5876.0,29837.0,35699.0,medium,0.3656158447265625,0.08966064453125,0.5447235107421875
2335,3072_3328_2304_2560,MSAVI,65536,28159,4308.0,32467.0,33069.0,medium,0.4296722412109375,0.06573486328125,0.5045928955078125
2336,3072_3328_2560_2816,MSAVI,65536,41218,5383.0,46601.0,18935.0,medium,0.628936767578125,0.0821380615234375,0.2889251708984375
2337,3072_3328_2816_3072,MSAVI,65536,37487,6772.0,44259.0,21277.0,medium,0.5720062255859375,0.10333251953125,0.3246612548828125
2338,3072_3328_3072_3328,MSAVI,65536,35969,11626.0,47595.0,17941.0,medium,0.5488433837890625,0.177398681640625,0.2737579345703125
2339,3072_3328_3328_3584,MSAVI,65536,41606,1395.0,43001.0,22535.0,medium,0.634857177734375,0.0212860107421875,0.3438568115234375
2340,3072_3328_3584_3840,MSAVI,65536,42709,1179.0,43888.0,21648.0,medium,0.6516876220703125,0.0179901123046875,0.330322265625
2341,3072_3328_3840_4096,MSAVI,65536,39850,3527.0,43377.0,22159.0,medium,0.608062744140625,0.0538177490234375,0.3381195068359375
2342,3072_3328_4096_4352,MSAVI,65536,39476,1780.0,41256.0,24280.0,medium,0.60235595703125,0.02716064453125,0.3704833984375
2343,3072_3328_4352_4608,MSAVI,65536,37210,2214.0,39424.0,26112.0,medium,0.567779541015625,0.033782958984375,0.3984375
2344,3072_3328_4608_4864,MSAVI,65536,41027,5193.0,46220.0,19316.0,medium,0.6260223388671875,0.0792388916015625,0.29473876953125
2345,3072_3328_4864_5120,MSAVI,65536,39435,3993.0,43428.0,22108.0,medium,0.6017303466796875,0.0609283447265625,0.33734130859375
2346,3072_3328_5120_5376,MSAVI,65536,40597,4890.0,45487.0,20049.0,medium,0.6194610595703125,0.074615478515625,0.3059234619140625
2347,3072_3328_5376_5632,MSAVI,65536,45708,1303.0,47011.0,18525.0,medium,0.69744873046875,0.0198822021484375,0.2826690673828125
2348,3072_3328_5632_5888,MSAVI,65536,44119,6441.0,50560.0,14976.0,medium,0.6732025146484375,0.0982818603515625,0.228515625
2349,3072_3328_5888_6144,MSAVI,65536,43005,5761.0,48766.0,16770.0,medium,0.6562042236328125,0.0879058837890625,0.255889892578125
2350,3072_3328_6144_6400,MSAVI,65536,39966,428.0,40394.0,25142.0,medium,0.609832763671875,0.00653076171875,0.383636474609375
2351,3072_3328_6400_6656,MSAVI,65536,40032,2965.0,42997.0,22539.0,medium,0.61083984375,0.0452423095703125,0.3439178466796875
2352,3072_3328_6656_6912,MSAVI,65536,36040,4515.0,40555.0,24981.0,medium,0.5499267578125,0.0688934326171875,0.3811798095703125
2353,3072_3328_6912_7168,MSAVI,65536,40087,2692.0,42779.0,22757.0,medium,0.6116790771484375,0.04107666015625,0.3472442626953125
2354,3072_3328_7168_7424,MSAVI,65536,39448,8324.0,47772.0,17764.0,medium,0.6019287109375,0.12701416015625,0.27105712890625
2355,3072_3328_7424_7680,MSAVI,65536,34406,4157.0,38563.0,26973.0,medium,0.524993896484375,0.0634307861328125,0.4115753173828125
2356,3072_3328_7680_7936,MSAVI,65536,35552,4345.0,39897.0,25639.0,medium,0.54248046875,0.0662994384765625,0.3912200927734375
2357,3072_3328_7936_8192,MSAVI,65536,34517,15138.0,49655.0,15881.0,medium,0.5266876220703125,0.230987548828125,0.2423248291015625
2358,3072_3328_8192_8448,MSAVI,65536,41259,1667.0,42926.0,22610.0,medium,0.6295623779296875,0.0254364013671875,0.345001220703125
2359,3072_3328_8448_8704,MSAVI,65536,43132,916.0,44048.0,21488.0,medium,0.65814208984375,0.01397705078125,0.327880859375
2360,3328_3584_1536_1792,MSAVI,65536,43205,2120.0,45325.0,20211.0,medium,0.6592559814453125,0.0323486328125,0.3083953857421875
2361,3328_3584_1792_2048,MSAVI,65536,41858,615.0,42473.0,23063.0,medium,0.638702392578125,0.0093841552734375,0.3519134521484375
2362,3328_3584_2048_2304,MSAVI,65536,45023,1775.0,46798.0,18738.0,medium,0.6869964599609375,0.0270843505859375,0.285919189453125
2363,3328_3584_2304_2560,MSAVI,65536,26262,2679.0,28941.0,36595.0,medium,0.400726318359375,0.0408782958984375,0.5583953857421875
2364,3328_3584_2560_2816,MSAVI,65536,34186,13067.0,47253.0,18283.0,medium,0.521636962890625,0.1993865966796875,0.2789764404296875
2365,3328_3584_2816_3072,MSAVI,65536,41517,10238.0,51755.0,13781.0,medium,0.6334991455078125,0.156219482421875,0.2102813720703125
2366,3328_3584_3072_3328,MSAVI,65536,39939,5312.0,45251.0,20285.0,medium,0.6094207763671875,0.0810546875,0.3095245361328125
2367,3328_3584_3328_3584,MSAVI,65536,39367,6799.0,46166.0,19370.0,medium,0.6006927490234375,0.1037445068359375,0.295562744140625
2368,3328_3584_3584_3840,MSAVI,65536,41006,4291.0,45297.0,20239.0,medium,0.625701904296875,0.0654754638671875,0.3088226318359375
2369,3328_3584_3840_4096,MSAVI,65536,38458,3777.0,42235.0,23301.0,medium,0.586822509765625,0.0576324462890625,0.3555450439453125
2370,3328_3584_4096_4352,MSAVI,65536,39801,5758.0,45559.0,19977.0,medium,0.6073150634765625,0.087860107421875,0.3048248291015625
2371,3328_3584_4352_4608,MSAVI,65536,40387,1836.0,42223.0,23313.0,medium,0.6162567138671875,0.02801513671875,0.3557281494140625
2372,3328_3584_4608_4864,MSAVI,65536,39345,9455.0,48800.0,16736.0,medium,0.6003570556640625,0.1442718505859375,0.25537109375
2373,3328_3584_4864_5120,MSAVI,65536,38683,4565.0,43248.0,22288.0,medium,0.5902557373046875,0.0696563720703125,0.340087890625
2374,3328_3584_5120_5376,MSAVI,65536,39663,5844.0,45507.0,20029.0,medium,0.6052093505859375,0.08917236328125,0.3056182861328125
2375,3328_3584_5376_5632,MSAVI,65536,43556,8646.0,52202.0,13334.0,medium,0.66461181640625,0.131927490234375,0.203460693359375
2376,3328_3584_5632_5888,MSAVI,65536,46436,7930.0,54366.0,11170.0,medium,0.70855712890625,0.121002197265625,0.170440673828125
2377,3328_3584_5888_6144,MSAVI,65536,44199,8887.0,53086.0,12450.0,medium,0.6744232177734375,0.1356048583984375,0.189971923828125
2378,3328_3584_6144_6400,MSAVI,65536,38294,14004.0,52298.0,13238.0,medium,0.584320068359375,0.21368408203125,0.201995849609375
2379,3328_3584_6400_6656,MSAVI,65536,37421,4660.0,42081.0,23455.0,medium,0.5709991455078125,0.07110595703125,0.3578948974609375
2380,3328_3584_6656_6912,MSAVI,65536,36404,4125.0,40529.0,25007.0,medium,0.55548095703125,0.0629425048828125,0.3815765380859375
2381,3328_3584_6912_7168,MSAVI,65536,39043,6029.0,45072.0,20464.0,medium,0.5957489013671875,0.0919952392578125,0.312255859375
2382,3328_3584_7168_7424,MSAVI,65536,45617,5126.0,50743.0,14793.0,medium,0.6960601806640625,0.078216552734375,0.2257232666015625
2383,3328_3584_7424_7680,MSAVI,65536,38684,1798.0,40482.0,25054.0,medium,0.59027099609375,0.027435302734375,0.382293701171875
2384,3328_3584_7680_7936,MSAVI,65536,40727,6049.0,46776.0,18760.0,medium,0.6214447021484375,0.0923004150390625,0.2862548828125
2385,3328_3584_7936_8192,MSAVI,65536,36028,13774.0,49802.0,15734.0,medium,0.54974365234375,0.210174560546875,0.240081787109375
2386,3328_3584_8192_8448,MSAVI,65536,40541,555.0,41096.0,24440.0,medium,0.6186065673828125,0.0084686279296875,0.3729248046875
2387,3328_3584_8448_8704,MSAVI,65536,46339,613.0,46952.0,18584.0,medium,0.7070770263671875,0.0093536376953125,0.2835693359375
2388,3584_3840_1024_1280,MSAVI,65536,40439,1276.0,41715.0,23821.0,medium,0.6170501708984375,0.01947021484375,0.3634796142578125
2389,3584_3840_1280_1536,MSAVI,65536,42438,3178.0,45616.0,19920.0,medium,0.647552490234375,0.048492431640625,0.303955078125
2390,3584_3840_1536_1792,MSAVI,65536,40686,5671.0,46357.0,19179.0,medium,0.620819091796875,0.0865325927734375,0.2926483154296875
2391,3584_3840_1792_2048,MSAVI,65536,44888,1448.0,46336.0,19200.0,medium,0.6849365234375,0.0220947265625,0.29296875
2392,3584_3840_2048_2304,MSAVI,65536,41958,2157.0,44115.0,21421.0,medium,0.640228271484375,0.0329132080078125,0.3268585205078125
2393,3584_3840_2304_2560,MSAVI,65536,47313,2960.0,50273.0,15263.0,medium,0.7219390869140625,0.045166015625,0.2328948974609375
2394,3584_3840_2560_2816,MSAVI,65536,36095,13231.0,49326.0,16210.0,medium,0.5507659912109375,0.2018890380859375,0.247344970703125
2395,3584_3840_2816_3072,MSAVI,65536,36513,10679.0,47192.0,18344.0,medium,0.5571441650390625,0.1629486083984375,0.2799072265625
2396,3584_3840_3072_3328,MSAVI,65536,35639,6643.0,42282.0,23254.0,medium,0.5438079833984375,0.1013641357421875,0.354827880859375
2397,3584_3840_3328_3584,MSAVI,65536,37825,9825.0,47650.0,17886.0,medium,0.5771636962890625,0.1499176025390625,0.272918701171875
2398,3584_3840_3584_3840,MSAVI,65536,40752,9582.0,50334.0,15202.0,medium,0.621826171875,0.146209716796875,0.231964111328125
2399,3584_3840_3840_4096,MSAVI,65536,33681,14309.0,47990.0,17546.0,medium,0.5139312744140625,0.2183380126953125,0.267730712890625
2400,3584_3840_4096_4352,MSAVI,65536,39310,7251.0,46561.0,18975.0,medium,0.599822998046875,0.1106414794921875,0.2895355224609375
2401,3584_3840_4352_4608,MSAVI,65536,40630,5156.0,45786.0,19750.0,medium,0.619964599609375,0.07867431640625,0.301361083984375
2402,3584_3840_4608_4864,MSAVI,65536,38458,4878.0,43336.0,22200.0,medium,0.586822509765625,0.074432373046875,0.3387451171875
2403,3584_3840_4864_5120,MSAVI,65536,37429,7909.0,45338.0,20198.0,medium,0.5711212158203125,0.1206817626953125,0.308197021484375
2404,3584_3840_5120_5376,MSAVI,65536,41576,3731.0,45307.0,20229.0,medium,0.6343994140625,0.0569305419921875,0.3086700439453125
2405,3584_3840_5376_5632,MSAVI,65536,40968,6989.0,47957.0,17579.0,medium,0.6251220703125,0.1066436767578125,0.2682342529296875
2406,3584_3840_5632_5888,MSAVI,65536,42209,7903.0,50112.0,15424.0,medium,0.6440582275390625,0.1205902099609375,0.2353515625
2407,3584_3840_5888_6144,MSAVI,65536,38234,17375.0,55609.0,9927.0,medium,0.583404541015625,0.2651214599609375,0.1514739990234375
2408,3584_3840_6144_6400,MSAVI,65536,37875,10964.0,48839.0,16697.0,medium,0.5779266357421875,0.16729736328125,0.2547760009765625
2409,3584_3840_6400_6656,MSAVI,65536,36163,13486.0,49649.0,15887.0,medium,0.5518035888671875,0.205780029296875,0.2424163818359375
2410,3584_3840_6656_6912,MSAVI,65536,39535,1977.0,41512.0,24024.0,medium,0.6032562255859375,0.0301666259765625,0.3665771484375
2411,3584_3840_6912_7168,MSAVI,65536,39124,7842.0,46966.0,18570.0,medium,0.59698486328125,0.119659423828125,0.283355712890625
2412,3584_3840_7168_7424,MSAVI,65536,45474,2945.0,48419.0,17117.0,medium,0.693878173828125,0.0449371337890625,0.2611846923828125
2413,3584_3840_7424_7680,MSAVI,65536,42114,2093.0,44207.0,21329.0,medium,0.642608642578125,0.0319366455078125,0.3254547119140625
2414,3584_3840_7680_7936,MSAVI,65536,39036,7098.0,46134.0,19402.0,medium,0.59564208984375,0.108306884765625,0.296051025390625
2415,3584_3840_7936_8192,MSAVI,65536,39693,12967.0,52660.0,12876.0,medium,0.6056671142578125,0.1978607177734375,0.19647216796875
2416,3584_3840_8192_8448,MSAVI,65536,40278,1732.0,42010.0,23526.0,medium,0.614593505859375,0.02642822265625,0.358978271484375
2417,3584_3840_8448_8704,MSAVI,65536,42831,1113.0,43944.0,21592.0,medium,0.6535491943359375,0.0169830322265625,0.3294677734375
2418,3584_3840_8704_8960,MSAVI,65536,47157,798.0,47955.0,17581.0,medium,0.7195587158203125,0.012176513671875,0.2682647705078125
2419,3840_4096_768_1024,MSAVI,65536,42695,667.0,43362.0,22174.0,medium,0.6514739990234375,0.0101776123046875,0.338348388671875
2420,3840_4096_1024_1280,MSAVI,65536,42660,207.0,42867.0,22669.0,medium,0.65093994140625,0.0031585693359375,0.3459014892578125
2421,3840_4096_1280_1536,MSAVI,65536,45655,1616.0,47271.0,18265.0,medium,0.6966400146484375,0.024658203125,0.2787017822265625
2422,3840_4096_1536_1792,MSAVI,65536,38980,4983.0,43963.0,21573.0,medium,0.59478759765625,0.0760345458984375,0.3291778564453125
2423,3840_4096_1792_2048,MSAVI,65536,43477,1452.0,44929.0,20607.0,medium,0.6634063720703125,0.02215576171875,0.3144378662109375
2424,3840_4096_2048_2304,MSAVI,65536,42413,2225.0,44638.0,20898.0,medium,0.6471710205078125,0.0339508056640625,0.318878173828125
2425,3840_4096_2304_2560,MSAVI,65536,38140,5044.0,43184.0,22352.0,medium,0.58197021484375,0.07696533203125,0.341064453125
2426,3840_4096_2560_2816,MSAVI,65536,36668,13334.0,50002.0,15534.0,medium,0.55950927734375,0.203460693359375,0.237030029296875
2427,3840_4096_2816_3072,MSAVI,65536,44402,7090.0,51492.0,14044.0,medium,0.677520751953125,0.108184814453125,0.21429443359375
2428,3840_4096_3072_3328,MSAVI,65536,36180,6059.0,42239.0,23297.0,medium,0.55206298828125,0.0924530029296875,0.3554840087890625
2429,3840_4096_3328_3584,MSAVI,65536,33684,3595.0,37279.0,28257.0,medium,0.51397705078125,0.0548553466796875,0.4311676025390625
2430,3840_4096_3584_3840,MSAVI,65536,39116,5854.0,44970.0,20566.0,medium,0.59686279296875,0.089324951171875,0.313812255859375
2431,3840_4096_3840_4096,MSAVI,65536,28646,21086.0,49732.0,15804.0,medium,0.437103271484375,0.321746826171875,0.24114990234375
2432,3840_4096_4096_4352,MSAVI,65536,38859,5517.0,44376.0,21160.0,medium,0.5929412841796875,0.0841827392578125,0.3228759765625
2433,3840_4096_4352_4608,MSAVI,65536,42778,1034.0,43812.0,21724.0,medium,0.652740478515625,0.015777587890625,0.33148193359375
2434,3840_4096_4608_4864,MSAVI,65536,37630,6244.0,43874.0,21662.0,medium,0.574188232421875,0.09527587890625,0.330535888671875
2435,3840_4096_4864_5120,MSAVI,65536,36815,6741.0,43556.0,21980.0,medium,0.5617523193359375,0.1028594970703125,0.33538818359375
2436,3840_4096_5120_5376,MSAVI,65536,39921,9697.0,49618.0,15918.0,medium,0.6091461181640625,0.1479644775390625,0.242889404296875
2437,3840_4096_5376_5632,MSAVI,65536,39005,6766.0,45771.0,19765.0,medium,0.5951690673828125,0.103240966796875,0.3015899658203125
2438,3840_4096_5632_5888,MSAVI,65536,45536,2146.0,47682.0,17854.0,medium,0.69482421875,0.032745361328125,0.272430419921875
2439,3840_4096_5888_6144,MSAVI,65536,50308,3713.0,54021.0,11515.0,medium,0.76763916015625,0.0566558837890625,0.1757049560546875
2440,3840_4096_6144_6400,MSAVI,65536,41810,10241.0,52051.0,13485.0,medium,0.637969970703125,0.1562652587890625,0.2057647705078125
2441,3840_4096_6400_6656,MSAVI,65536,39120,9092.0,48212.0,17324.0,medium,0.596923828125,0.13873291015625,0.26434326171875
2442,3840_4096_6656_6912,MSAVI,65536,37488,9221.0,46709.0,18827.0,medium,0.572021484375,0.1407012939453125,0.2872772216796875
2443,3840_4096_6912_7168,MSAVI,65536,38531,9557.0,48088.0,17448.0,medium,0.5879364013671875,0.1458282470703125,0.2662353515625
2444,3840_4096_7168_7424,MSAVI,65536,41720,6153.0,47873.0,17663.0,medium,0.6365966796875,0.0938873291015625,0.2695159912109375
2445,3840_4096_7424_7680,MSAVI,65536,40784,2938.0,43722.0,21814.0,medium,0.622314453125,0.044830322265625,0.332855224609375
2446,3840_4096_7680_7936,MSAVI,65536,39003,7796.0,46799.0,18737.0,medium,0.5951385498046875,0.11895751953125,0.2859039306640625
2447,3840_4096_7936_8192,MSAVI,65536,37721,5729.0,43450.0,22086.0,medium,0.5755767822265625,0.0874176025390625,0.337005615234375
2448,3840_4096_8192_8448,MSAVI,65536,43441,1310.0,44751.0,20785.0,medium,0.6628570556640625,0.019989013671875,0.3171539306640625
2449,3840_4096_8448_8704,MSAVI,65536,38950,1298.0,40248.0,25288.0,medium,0.594329833984375,0.019805908203125,0.3858642578125
2450,3840_4096_8704_8960,MSAVI,65536,44549,633.0,45182.0,20354.0,medium,0.6797637939453125,0.0096588134765625,0.310577392578125
2451,4096_4352_512_768,MSAVI,65536,37648,3226.0,40874.0,24662.0,medium,0.574462890625,0.049224853515625,0.376312255859375
2452,4096_4352_768_1024,MSAVI,65536,39222,3636.0,42858.0,22678.0,medium,0.598480224609375,0.05548095703125,0.346038818359375
2453,4096_4352_1024_1280,MSAVI,65536,38789,4715.0,43504.0,22032.0,medium,0.5918731689453125,0.0719451904296875,0.336181640625
2454,4096_4352_1280_1536,MSAVI,65536,44956,703.0,45659.0,19877.0,medium,0.68597412109375,0.0107269287109375,0.3032989501953125
2455,4096_4352_1536_1792,MSAVI,65536,42869,910.0,43779.0,21757.0,medium,0.6541290283203125,0.013885498046875,0.3319854736328125
2456,4096_4352_1792_2048,MSAVI,65536,42408,2783.0,45191.0,20345.0,medium,0.6470947265625,0.0424652099609375,0.3104400634765625
2457,4096_4352_2048_2304,MSAVI,65536,41476,4313.0,45789.0,19747.0,medium,0.63287353515625,0.0658111572265625,0.3013153076171875
2458,4096_4352_2304_2560,MSAVI,65536,40716,5140.0,45856.0,19680.0,medium,0.62127685546875,0.07843017578125,0.30029296875
2459,4096_4352_2560_2816,MSAVI,65536,29569,24311.0,53880.0,11656.0,medium,0.4511871337890625,0.3709564208984375,0.1778564453125
2460,4096_4352_2816_3072,MSAVI,65536,34051,21227.0,55278.0,10258.0,medium,0.5195770263671875,0.3238983154296875,0.156524658203125
2461,4096_4352_3072_3328,MSAVI,65536,39795,18099.0,57894.0,7642.0,medium,0.6072235107421875,0.2761688232421875,0.116607666015625
2462,4096_4352_3328_3584,MSAVI,65536,32471,9928.0,42399.0,23137.0,medium,0.4954681396484375,0.1514892578125,0.3530426025390625
2463,4096_4352_3584_3840,MSAVI,65536,34994,7557.0,42551.0,22985.0,medium,0.533966064453125,0.1153106689453125,0.3507232666015625
2464,4096_4352_3840_4096,MSAVI,65536,41347,8700.0,50047.0,15489.0,medium,0.6309051513671875,0.13275146484375,0.2363433837890625
2465,4096_4352_4096_4352,MSAVI,65536,43698,501.0,44199.0,21337.0,medium,0.666778564453125,0.0076446533203125,0.3255767822265625
2466,4096_4352_4352_4608,MSAVI,65536,43935,2931.0,46866.0,18670.0,medium,0.6703948974609375,0.0447235107421875,0.284881591796875
2467,4096_4352_4608_4864,MSAVI,65536,41782,1868.0,43650.0,21886.0,medium,0.637542724609375,0.02850341796875,0.333953857421875
2468,4096_4352_4864_5120,MSAVI,65536,39246,8664.0,47910.0,17626.0,medium,0.598846435546875,0.1322021484375,0.268951416015625
2469,4096_4352_5120_5376,MSAVI,65536,38598,6564.0,45162.0,20374.0,medium,0.588958740234375,0.10015869140625,0.310882568359375
2470,4096_4352_5376_5632,MSAVI,65536,38045,6853.0,44898.0,20638.0,medium,0.5805206298828125,0.1045684814453125,0.314910888671875
2471,4096_4352_5632_5888,MSAVI,65536,40507,4808.0,45315.0,20221.0,medium,0.6180877685546875,0.0733642578125,0.3085479736328125
2472,4096_4352_5888_6144,MSAVI,65536,44773,2371.0,47144.0,18392.0,medium,0.6831817626953125,0.0361785888671875,0.2806396484375
2473,4096_4352_6144_6400,MSAVI,65536,43937,6459.0,50396.0,15140.0,medium,0.6704254150390625,0.0985565185546875,0.23101806640625
2474,4096_4352_6400_6656,MSAVI,65536,36335,10225.0,46560.0,18976.0,medium,0.5544281005859375,0.1560211181640625,0.28955078125
2475,4096_4352_6656_6912,MSAVI,65536,35586,10641.0,46227.0,19309.0,medium,0.542999267578125,0.1623687744140625,0.2946319580078125
2476,4096_4352_6912_7168,MSAVI,65536,35861,14125.0,49986.0,15550.0,medium,0.5471954345703125,0.2155303955078125,0.237274169921875
2477,4096_4352_7168_7424,MSAVI,65536,34793,12007.0,46800.0,18736.0,medium,0.5308990478515625,0.1832122802734375,0.285888671875
2478,4096_4352_7424_7680,MSAVI,65536,38854,11001.0,49855.0,15681.0,medium,0.592864990234375,0.1678619384765625,0.2392730712890625
2479,4096_4352_7680_7936,MSAVI,65536,35109,10631.0,45740.0,19796.0,medium,0.5357208251953125,0.1622161865234375,0.30206298828125
2480,4096_4352_7936_8192,MSAVI,65536,37649,9106.0,46755.0,18781.0,medium,0.5744781494140625,0.138946533203125,0.2865753173828125
2481,4096_4352_8192_8448,MSAVI,65536,43761,2947.0,46708.0,18828.0,medium,0.6677398681640625,0.0449676513671875,0.28729248046875
2482,4096_4352_8448_8704,MSAVI,65536,35376,2240.0,37616.0,27920.0,medium,0.539794921875,0.0341796875,0.426025390625
2483,4096_4352_8704_8960,MSAVI,65536,36545,2246.0,38791.0,26745.0,medium,0.5576324462890625,0.034271240234375,0.4080963134765625
2484,4096_4352_8960_9216,MSAVI,65536,37320,852.0,38172.0,27364.0,medium,0.5694580078125,0.01300048828125,0.41754150390625
2485,4352_4608_256_512,MSAVI,65536,42435,883.0,43318.0,22218.0,medium,0.6475067138671875,0.0134735107421875,0.339019775390625
2486,4352_4608_512_768,MSAVI,65536,41923,2688.0,44611.0,20925.0,medium,0.6396942138671875,0.041015625,0.3192901611328125
2487,4352_4608_768_1024,MSAVI,65536,43121,312.0,43433.0,22103.0,medium,0.6579742431640625,0.0047607421875,0.3372650146484375
2488,4352_4608_1024_1280,MSAVI,65536,44056,1119.0,45175.0,20361.0,medium,0.6722412109375,0.0170745849609375,0.3106842041015625
2489,4352_4608_1280_1536,MSAVI,65536,44656,2719.0,47375.0,18161.0,medium,0.681396484375,0.0414886474609375,0.2771148681640625
2490,4352_4608_1536_1792,MSAVI,65536,39762,1976.0,41738.0,23798.0,medium,0.606719970703125,0.0301513671875,0.363128662109375
2491,4352_4608_1792_2048,MSAVI,65536,44928,532.0,45460.0,20076.0,medium,0.685546875,0.00811767578125,0.30633544921875
2492,4352_4608_2048_2304,MSAVI,65536,46936,3106.0,50042.0,15494.0,medium,0.7161865234375,0.047393798828125,0.236419677734375
2493,4352_4608_2304_2560,MSAVI,65536,44445,3863.0,48308.0,17228.0,medium,0.6781768798828125,0.0589447021484375,0.26287841796875
2494,4352_4608_2560_2816,MSAVI,65536,42192,4983.0,47175.0,18361.0,medium,0.643798828125,0.0760345458984375,0.2801666259765625
2495,4352_4608_2816_3072,MSAVI,65536,31828,14033.0,45861.0,19675.0,medium,0.48565673828125,0.2141265869140625,0.3002166748046875
2496,4352_4608_3072_3328,MSAVI,65536,38616,20515.0,59131.0,6405.0,medium,0.5892333984375,0.3130340576171875,0.0977325439453125
2497,4352_4608_3328_3584,MSAVI,65536,35370,16750.0,52120.0,13416.0,medium,0.539703369140625,0.255584716796875,0.2047119140625
2498,4352_4608_3584_3840,MSAVI,65536,39423,6806.0,46229.0,19307.0,medium,0.6015472412109375,0.103851318359375,0.2946014404296875
2499,4352_4608_3840_4096,MSAVI,65536,40433,3142.0,43575.0,21961.0,medium,0.6169586181640625,0.047943115234375,0.3350982666015625
2500,4352_4608_4096_4352,MSAVI,65536,43898,1112.0,45010.0,20526.0,medium,0.669830322265625,0.0169677734375,0.313201904296875
2501,4352_4608_4352_4608,MSAVI,65536,44122,1148.0,45270.0,20266.0,medium,0.673248291015625,0.01751708984375,0.309234619140625
2502,4352_4608_4608_4864,MSAVI,65536,46394,676.0,47070.0,18466.0,medium,0.707916259765625,0.01031494140625,0.281768798828125
2503,4352_4608_4864_5120,MSAVI,65536,38570,5995.0,44565.0,20971.0,medium,0.588531494140625,0.0914764404296875,0.3199920654296875
2504,4352_4608_5120_5376,MSAVI,65536,37705,5801.0,43506.0,22030.0,medium,0.5753326416015625,0.0885162353515625,0.336151123046875
2505,4352_4608_5376_5632,MSAVI,65536,35092,9514.0,44606.0,20930.0,medium,0.53546142578125,0.145172119140625,0.319366455078125
2506,4352_4608_5632_5888,MSAVI,65536,41902,6516.0,48418.0,17118.0,medium,0.639373779296875,0.09942626953125,0.261199951171875
2507,4352_4608_5888_6144,MSAVI,65536,42543,3473.0,46016.0,19520.0,medium,0.6491546630859375,0.0529937744140625,0.2978515625
2508,4352_4608_6144_6400,MSAVI,65536,39374,8181.0,47555.0,17981.0,medium,0.600799560546875,0.1248321533203125,0.2743682861328125
2509,4352_4608_6400_6656,MSAVI,65536,38811,8229.0,47040.0,18496.0,medium,0.5922088623046875,0.1255645751953125,0.2822265625
2510,4352_4608_6656_6912,MSAVI,65536,44107,7592.0,51699.0,13837.0,medium,0.6730194091796875,0.1158447265625,0.2111358642578125
2511,4352_4608_6912_7168,MSAVI,65536,40831,5635.0,46466.0,19070.0,medium,0.6230316162109375,0.0859832763671875,0.290985107421875
2512,4352_4608_7168_7424,MSAVI,65536,37691,12630.0,50321.0,15215.0,medium,0.5751190185546875,0.192718505859375,0.2321624755859375
2513,4352_4608_7424_7680,MSAVI,65536,37584,9163.0,46747.0,18789.0,medium,0.573486328125,0.1398162841796875,0.2866973876953125
2514,4352_4608_7680_7936,MSAVI,65536,32137,16222.0,48359.0,17177.0,medium,0.4903717041015625,0.247528076171875,0.2621002197265625
2515,4352_4608_7936_8192,MSAVI,65536,39775,12647.0,52422.0,13114.0,medium,0.6069183349609375,0.1929779052734375,0.200103759765625
2516,4352_4608_8192_8448,MSAVI,65536,42098,5850.0,47948.0,17588.0,medium,0.642364501953125,0.089263916015625,0.26837158203125
2517,4352_4608_8448_8704,MSAVI,65536,36377,1468.0,37845.0,27691.0,medium,0.5550689697265625,0.02239990234375,0.4225311279296875
2518,4352_4608_8704_8960,MSAVI,65536,34793,2231.0,37024.0,28512.0,medium,0.5308990478515625,0.0340423583984375,0.43505859375
2519,4352_4608_8960_9216,MSAVI,65536,38293,2530.0,40823.0,24713.0,medium,0.5843048095703125,0.038604736328125,0.3770904541015625
2520,4352_4608_9216_9472,MSAVI,65376,37431,1184.0,38615.0,26761.0,medium,0.5725495594713657,0.01811062163485071,0.4093398188937836
2521,4608_4864_256_512,MSAVI,65536,39127,945.0,40072.0,25464.0,medium,0.5970306396484375,0.0144195556640625,0.3885498046875
2522,4608_4864_512_768,MSAVI,65536,38486,2697.0,41183.0,24353.0,medium,0.587249755859375,0.0411529541015625,0.3715972900390625
2523,4608_4864_768_1024,MSAVI,65536,44231,627.0,44858.0,20678.0,medium,0.6749114990234375,0.0095672607421875,0.315521240234375
2524,4608_4864_1024_1280,MSAVI,65536,45546,898.0,46444.0,19092.0,medium,0.694976806640625,0.013702392578125,0.29132080078125
2525,4608_4864_1280_1536,MSAVI,65536,44923,1374.0,46297.0,19239.0,medium,0.6854705810546875,0.020965576171875,0.2935638427734375
2526,4608_4864_1536_1792,MSAVI,65536,43842,2928.0,46770.0,18766.0,medium,0.668975830078125,0.044677734375,0.286346435546875
2527,4608_4864_1792_2048,MSAVI,65536,39889,432.0,40321.0,25215.0,medium,0.6086578369140625,0.006591796875,0.3847503662109375
2528,4608_4864_2048_2304,MSAVI,65536,45308,1017.0,46325.0,19211.0,medium,0.69134521484375,0.0155181884765625,0.2931365966796875
2529,4608_4864_2304_2560,MSAVI,65536,44629,2465.0,47094.0,18442.0,medium,0.6809844970703125,0.0376129150390625,0.281402587890625
2530,4608_4864_2560_2816,MSAVI,65536,43457,1422.0,44879.0,20657.0,medium,0.6631011962890625,0.021697998046875,0.3152008056640625
2531,4608_4864_2816_3072,MSAVI,65536,40018,8096.0,48114.0,17422.0,medium,0.610626220703125,0.12353515625,0.265838623046875
2532,4608_4864_3072_3328,MSAVI,65536,31556,16303.0,47859.0,17677.0,medium,0.48150634765625,0.2487640380859375,0.2697296142578125
2533,4608_4864_3328_3584,MSAVI,65536,35326,16608.0,51934.0,13602.0,medium,0.539031982421875,0.25341796875,0.207550048828125
2534,4608_4864_3584_3840,MSAVI,65536,35371,6544.0,41915.0,23621.0,medium,0.5397186279296875,0.099853515625,0.3604278564453125
2535,4608_4864_3840_4096,MSAVI,65536,38970,5493.0,44463.0,21073.0,medium,0.594635009765625,0.0838165283203125,0.3215484619140625
2536,4608_4864_4096_4352,MSAVI,65536,40225,6957.0,47182.0,18354.0,medium,0.6137847900390625,0.1061553955078125,0.280059814453125
2537,4608_4864_4352_4608,MSAVI,65536,46977,1656.0,48633.0,16903.0,medium,0.7168121337890625,0.0252685546875,0.2579193115234375
2538,4608_4864_4608_4864,MSAVI,65536,44973,2928.0,47901.0,17635.0,medium,0.6862335205078125,0.044677734375,0.2690887451171875
2539,4608_4864_4864_5120,MSAVI,65536,35397,13370.0,48767.0,16769.0,medium,0.5401153564453125,0.204010009765625,0.2558746337890625
2540,4608_4864_5120_5376,MSAVI,65536,38272,9374.0,47646.0,17890.0,medium,0.583984375,0.143035888671875,0.272979736328125
2541,4608_4864_5376_5632,MSAVI,65536,35995,9804.0,45799.0,19737.0,medium,0.5492401123046875,0.14959716796875,0.3011627197265625
2542,4608_4864_5632_5888,MSAVI,65536,34871,10699.0,45570.0,19966.0,medium,0.5320892333984375,0.1632537841796875,0.304656982421875
2543,4608_4864_5888_6144,MSAVI,65536,37732,11366.0,49098.0,16438.0,medium,0.57574462890625,0.173431396484375,0.250823974609375
2544,4608_4864_6144_6400,MSAVI,65536,40157,7288.0,47445.0,18091.0,medium,0.6127471923828125,0.1112060546875,0.2760467529296875
2545,4608_4864_6400_6656,MSAVI,65536,43134,5535.0,48669.0,16867.0,medium,0.658172607421875,0.0844573974609375,0.2573699951171875
2546,4608_4864_6656_6912,MSAVI,65536,42598,6382.0,48980.0,16556.0,medium,0.649993896484375,0.097381591796875,0.25262451171875
2547,4608_4864_6912_7168,MSAVI,65536,39354,7073.0,46427.0,19109.0,medium,0.600494384765625,0.1079254150390625,0.2915802001953125
2548,4608_4864_7168_7424,MSAVI,65536,37175,11527.0,48702.0,16834.0,medium,0.5672454833984375,0.1758880615234375,0.256866455078125
2549,4608_4864_7424_7680,MSAVI,65536,36598,14837.0,51435.0,14101.0,medium,0.558441162109375,0.2263946533203125,0.2151641845703125
2550,4608_4864_7680_7936,MSAVI,65536,34463,18591.0,53054.0,12482.0,medium,0.5258636474609375,0.2836761474609375,0.190460205078125
2551,4608_4864_7936_8192,MSAVI,65536,43375,3896.0,47271.0,18265.0,medium,0.6618499755859375,0.0594482421875,0.2787017822265625
2552,4608_4864_8192_8448,MSAVI,65536,39122,6479.0,45601.0,19935.0,medium,0.596954345703125,0.0988616943359375,0.3041839599609375
2553,4608_4864_8448_8704,MSAVI,65536,38599,1132.0,39731.0,25805.0,medium,0.5889739990234375,0.01727294921875,0.3937530517578125
2554,4608_4864_8704_8960,MSAVI,65536,35217,2028.0,37245.0,28291.0,medium,0.5373687744140625,0.03094482421875,0.4316864013671875
2555,4608_4864_8960_9216,MSAVI,65536,36549,1856.0,38405.0,27131.0,medium,0.5576934814453125,0.0283203125,0.4139862060546875
2556,4608_4864_9216_9472,MSAVI,65536,37341,4477.0,41818.0,23718.0,medium,0.5697784423828125,0.0683135986328125,0.361907958984375
2557,4864_5120_256_512,MSAVI,65536,38893,4699.0,43592.0,21944.0,medium,0.5934600830078125,0.0717010498046875,0.3348388671875
2558,4864_5120_512_768,MSAVI,65536,34829,6815.0,41644.0,23892.0,medium,0.5314483642578125,0.1039886474609375,0.36456298828125
2559,4864_5120_768_1024,MSAVI,65536,43838,1644.0,45482.0,20054.0,medium,0.668914794921875,0.02508544921875,0.305999755859375
2560,4864_5120_1024_1280,MSAVI,65536,43110,3435.0,46545.0,18991.0,medium,0.657806396484375,0.0524139404296875,0.2897796630859375
2561,4864_5120_1280_1536,MSAVI,65536,46768,625.0,47393.0,18143.0,medium,0.713623046875,0.0095367431640625,0.2768402099609375
2562,4864_5120_1536_1792,MSAVI,65536,39102,2512.0,41614.0,23922.0,medium,0.596649169921875,0.038330078125,0.365020751953125
2563,4864_5120_1792_2048,MSAVI,65536,43443,2046.0,45489.0,20047.0,medium,0.6628875732421875,0.031219482421875,0.3058929443359375
2564,4864_5120_2048_2304,MSAVI,65536,45842,181.0,46023.0,19513.0,medium,0.699493408203125,0.0027618408203125,0.2977447509765625
2565,4864_5120_2304_2560,MSAVI,65536,44298,722.0,45020.0,20516.0,medium,0.675933837890625,0.011016845703125,0.31304931640625
2566,4864_5120_2560_2816,MSAVI,65536,42425,4607.0,47032.0,18504.0,medium,0.6473541259765625,0.0702972412109375,0.2823486328125
2567,4864_5120_2816_3072,MSAVI,65536,46997,8127.0,55124.0,10412.0,medium,0.7171173095703125,0.1240081787109375,0.15887451171875
2568,4864_5120_3072_3328,MSAVI,65536,40801,14991.0,55792.0,9744.0,medium,0.6225738525390625,0.2287445068359375,0.148681640625
2569,4864_5120_3328_3584,MSAVI,65536,32263,14632.0,46895.0,18641.0,medium,0.4922943115234375,0.2232666015625,0.2844390869140625
2570,4864_5120_3584_3840,MSAVI,65536,37095,11202.0,48297.0,17239.0,medium,0.5660247802734375,0.170928955078125,0.2630462646484375
2571,4864_5120_3840_4096,MSAVI,65536,41197,8241.0,49438.0,16098.0,medium,0.6286163330078125,0.1257476806640625,0.245635986328125
2572,4864_5120_4096_4352,MSAVI,65536,38250,7139.0,45389.0,20147.0,medium,0.583648681640625,0.1089324951171875,0.3074188232421875
2573,4864_5120_4352_4608,MSAVI,65536,42566,2916.0,45482.0,20054.0,medium,0.649505615234375,0.04449462890625,0.305999755859375
2574,4864_5120_4608_4864,MSAVI,65536,42432,4990.0,47422.0,18114.0,medium,0.6474609375,0.076141357421875,0.276397705078125
2575,4864_5120_4864_5120,MSAVI,65536,37407,7013.0,44420.0,21116.0,medium,0.5707855224609375,0.1070098876953125,0.32220458984375
2576,4864_5120_5120_5376,MSAVI,65536,39837,9646.0,49483.0,16053.0,medium,0.6078643798828125,0.147186279296875,0.2449493408203125
2577,4864_5120_5376_5632,MSAVI,65536,39610,5450.0,45060.0,20476.0,medium,0.604400634765625,0.083160400390625,0.31243896484375
2578,4864_5120_5632_5888,MSAVI,65536,41382,3607.0,44989.0,20547.0,medium,0.631439208984375,0.0550384521484375,0.3135223388671875
2579,4864_5120_5888_6144,MSAVI,65536,36445,8519.0,44964.0,20572.0,medium,0.5561065673828125,0.1299896240234375,0.31390380859375
2580,4864_5120_6144_6400,MSAVI,65536,37938,9406.0,47344.0,18192.0,medium,0.578887939453125,0.143524169921875,0.277587890625
2581,4864_5120_6400_6656,MSAVI,65536,43951,5461.0,49412.0,16124.0,medium,0.6706390380859375,0.0833282470703125,0.24603271484375
2582,4864_5120_6656_6912,MSAVI,65536,41479,9671.0,51150.0,14386.0,medium,0.6329193115234375,0.1475677490234375,0.219512939453125
2583,4864_5120_6912_7168,MSAVI,65536,46390,4977.0,51367.0,14169.0,medium,0.707855224609375,0.0759429931640625,0.2162017822265625
2584,4864_5120_7168_7424,MSAVI,65536,40009,10285.0,50294.0,15242.0,medium,0.6104888916015625,0.1569366455078125,0.232574462890625
2585,4864_5120_7424_7680,MSAVI,65536,37323,17393.0,54716.0,10820.0,medium,0.5695037841796875,0.2653961181640625,0.16510009765625
2586,4864_5120_7680_7936,MSAVI,65536,35520,12468.0,47988.0,17548.0,medium,0.5419921875,0.19024658203125,0.26776123046875
2587,4864_5120_7936_8192,MSAVI,65536,36728,2579.0,39307.0,26229.0,medium,0.5604248046875,0.0393524169921875,0.4002227783203125
2588,4864_5120_8192_8448,MSAVI,65536,34899,4033.0,38932.0,26604.0,medium,0.5325164794921875,0.0615386962890625,0.40594482421875
2589,4864_5120_8448_8704,MSAVI,65536,39050,1537.0,40587.0,24949.0,medium,0.595855712890625,0.0234527587890625,0.3806915283203125
2590,4864_5120_8704_8960,MSAVI,65536,38849,1240.0,40089.0,25447.0,medium,0.5927886962890625,0.0189208984375,0.3882904052734375
2591,4864_5120_8960_9216,MSAVI,65536,40536,791.0,41327.0,24209.0,medium,0.6185302734375,0.0120697021484375,0.3694000244140625
2592,4864_5120_9216_9472,MSAVI,65536,42497,1614.0,44111.0,21425.0,medium,0.6484527587890625,0.024627685546875,0.3269195556640625
2593,4864_5120_9472_9728,MSAVI,65536,36455,1903.0,38358.0,27178.0,medium,0.5562591552734375,0.0290374755859375,0.414703369140625
2594,5120_5376_256_512,MSAVI,65536,39762,5488.0,45250.0,20286.0,medium,0.606719970703125,0.083740234375,0.309539794921875
2595,5120_5376_512_768,MSAVI,65536,38476,8933.0,47409.0,18127.0,medium,0.58709716796875,0.1363067626953125,0.2765960693359375
2596,5120_5376_768_1024,MSAVI,65536,41584,4144.0,45728.0,19808.0,medium,0.634521484375,0.063232421875,0.30224609375
2597,5120_5376_1024_1280,MSAVI,65536,43832,1207.0,45039.0,20497.0,medium,0.6688232421875,0.0184173583984375,0.3127593994140625
2598,5120_5376_1280_1536,MSAVI,65536,40827,2591.0,43418.0,22118.0,medium,0.6229705810546875,0.0395355224609375,0.337493896484375
2599,5120_5376_1536_1792,MSAVI,65536,42292,408.0,42700.0,22836.0,medium,0.64532470703125,0.0062255859375,0.34844970703125
2600,5120_5376_1792_2048,MSAVI,65536,44625,262.0,44887.0,20649.0,medium,0.6809234619140625,0.003997802734375,0.3150787353515625
2601,5120_5376_2048_2304,MSAVI,65536,47487,60.0,47547.0,17989.0,medium,0.7245941162109375,0.00091552734375,0.2744903564453125
2602,5120_5376_2304_2560,MSAVI,65536,44918,573.0,45491.0,20045.0,medium,0.685394287109375,0.0087432861328125,0.3058624267578125
2603,5120_5376_2560_2816,MSAVI,65536,49653,885.0,50538.0,14998.0,medium,0.7576446533203125,0.0135040283203125,0.228851318359375
2604,5120_5376_2816_3072,MSAVI,65536,42187,4794.0,46981.0,18555.0,medium,0.6437225341796875,0.073150634765625,0.2831268310546875
2605,5120_5376_3072_3328,MSAVI,65536,43260,3831.0,47091.0,18445.0,medium,0.66009521484375,0.0584564208984375,0.2814483642578125
2606,5120_5376_3328_3584,MSAVI,65536,38818,4508.0,43326.0,22210.0,medium,0.592315673828125,0.06878662109375,0.338897705078125
2607,5120_5376_3584_3840,MSAVI,65536,31135,9636.0,40771.0,24765.0,medium,0.4750823974609375,0.14703369140625,0.3778839111328125
2608,5120_5376_3840_4096,MSAVI,65536,37674,4668.0,42342.0,23194.0,medium,0.574859619140625,0.07122802734375,0.353912353515625
2609,5120_5376_4096_4352,MSAVI,65536,37345,3485.0,40830.0,24706.0,medium,0.5698394775390625,0.0531768798828125,0.376983642578125
2610,5120_5376_4352_4608,MSAVI,65536,39878,2035.0,41913.0,23623.0,medium,0.608489990234375,0.0310516357421875,0.3604583740234375
2611,5120_5376_4608_4864,MSAVI,65536,41905,4993.0,46898.0,18638.0,medium,0.6394195556640625,0.0761871337890625,0.284393310546875
2612,5120_5376_4864_5120,MSAVI,65536,39859,5821.0,45680.0,19856.0,medium,0.6082000732421875,0.0888214111328125,0.302978515625
2613,5120_5376_5120_5376,MSAVI,65536,40994,6549.0,47543.0,17993.0,medium,0.625518798828125,0.0999298095703125,0.2745513916015625
2614,5120_5376_5376_5632,MSAVI,65536,39141,9674.0,48815.0,16721.0,medium,0.5972442626953125,0.147613525390625,0.2551422119140625
2615,5120_5376_5632_5888,MSAVI,65536,42979,1033.0,44012.0,21524.0,medium,0.6558074951171875,0.0157623291015625,0.32843017578125
2616,5120_5376_5888_6144,MSAVI,65536,38490,4653.0,43143.0,22393.0,medium,0.587310791015625,0.0709991455078125,0.3416900634765625
2617,5120_5376_6144_6400,MSAVI,65536,39496,7681.0,47177.0,18359.0,medium,0.6026611328125,0.1172027587890625,0.2801361083984375
2618,5120_5376_6400_6656,MSAVI,65536,39419,6811.0,46230.0,19306.0,medium,0.6014862060546875,0.1039276123046875,0.294586181640625
2619,5120_5376_6656_6912,MSAVI,65536,38677,14621.0,53298.0,12238.0,medium,0.5901641845703125,0.2230987548828125,0.186737060546875
2620,5120_5376_6912_7168,MSAVI,65536,41904,5473.0,47377.0,18159.0,medium,0.639404296875,0.0835113525390625,0.2770843505859375
2621,5120_5376_7168_7424,MSAVI,65536,39670,5645.0,45315.0,20221.0,medium,0.605316162109375,0.0861358642578125,0.3085479736328125
2622,5120_5376_7424_7680,MSAVI,65536,32481,17434.0,49915.0,15621.0,medium,0.4956207275390625,0.266021728515625,0.2383575439453125
2623,5120_5376_7680_7936,MSAVI,65536,37843,9203.0,47046.0,18490.0,medium,0.5774383544921875,0.1404266357421875,0.282135009765625
2624,5120_5376_7936_8192,MSAVI,65536,33537,4443.0,37980.0,27556.0,medium,0.5117340087890625,0.0677947998046875,0.42047119140625
2625,5120_5376_8192_8448,MSAVI,65536,38438,3152.0,41590.0,23946.0,medium,0.586517333984375,0.048095703125,0.365386962890625
2626,5120_5376_8448_8704,MSAVI,65536,36573,2151.0,38724.0,26812.0,medium,0.5580596923828125,0.0328216552734375,0.40911865234375
2627,5120_5376_8704_8960,MSAVI,65536,37367,1962.0,39329.0,26207.0,medium,0.5701751708984375,0.029937744140625,0.3998870849609375
2628,5120_5376_8960_9216,MSAVI,65536,38326,936.0,39262.0,26274.0,medium,0.584808349609375,0.0142822265625,0.400909423828125
2629,5120_5376_9216_9472,MSAVI,65536,45787,196.0,45983.0,19553.0,medium,0.6986541748046875,0.00299072265625,0.2983551025390625
2630,5120_5376_9472_9728,MSAVI,65536,39809,81.0,39890.0,25646.0,medium,0.6074371337890625,0.0012359619140625,0.391326904296875
2631,5376_5632_256_512,MSAVI,65414,37856,6636.0,44492.0,20922.0,medium,0.5787140367505427,0.10144617360198123,0.31983978964747606
2632,5376_5632_512_768,MSAVI,65536,43499,5222.0,48721.0,16815.0,medium,0.6637420654296875,0.079681396484375,0.2565765380859375
2633,5376_5632_768_1024,MSAVI,65536,43423,3910.0,47333.0,18203.0,medium,0.6625823974609375,0.059661865234375,0.2777557373046875
2634,5376_5632_1024_1280,MSAVI,65536,40248,4090.0,44338.0,21198.0,medium,0.6141357421875,0.062408447265625,0.323455810546875
2635,5376_5632_1280_1536,MSAVI,65536,41156,5757.0,46913.0,18623.0,medium,0.62799072265625,0.0878448486328125,0.2841644287109375
2636,5376_5632_1536_1792,MSAVI,65536,44903,759.0,45662.0,19874.0,medium,0.6851654052734375,0.0115814208984375,0.303253173828125
2637,5376_5632_1792_2048,MSAVI,65536,43210,702.0,43912.0,21624.0,medium,0.659332275390625,0.010711669921875,0.3299560546875
2638,5376_5632_2048_2304,MSAVI,65536,43459,1005.0,44464.0,21072.0,medium,0.6631317138671875,0.0153350830078125,0.321533203125
2639,5376_5632_2304_2560,MSAVI,65536,42229,922.0,43151.0,22385.0,medium,0.6443634033203125,0.014068603515625,0.3415679931640625
2640,5376_5632_2560_2816,MSAVI,65536,41994,3263.0,45257.0,20279.0,medium,0.640777587890625,0.0497894287109375,0.3094329833984375
2641,5376_5632_2816_3072,MSAVI,65536,43260,2154.0,45414.0,20122.0,medium,0.66009521484375,0.032867431640625,0.307037353515625
2642,5376_5632_3072_3328,MSAVI,65536,43471,82.0,43553.0,21983.0,medium,0.6633148193359375,0.001251220703125,0.3354339599609375
2643,5376_5632_3328_3584,MSAVI,65536,46782,1845.0,48627.0,16909.0,medium,0.713836669921875,0.0281524658203125,0.2580108642578125
2644,5376_5632_3584_3840,MSAVI,65536,38352,10356.0,48708.0,16828.0,medium,0.585205078125,0.15802001953125,0.25677490234375
2645,5376_5632_3840_4096,MSAVI,65536,35301,10329.0,45630.0,19906.0,medium,0.5386505126953125,0.1576080322265625,0.303741455078125
2646,5376_5632_4096_4352,MSAVI,65536,38537,2405.0,40942.0,24594.0,medium,0.5880279541015625,0.0366973876953125,0.375274658203125
2647,5376_5632_4352_4608,MSAVI,65536,38005,1478.0,39483.0,26053.0,medium,0.5799102783203125,0.022552490234375,0.3975372314453125
2648,5376_5632_4608_4864,MSAVI,65536,39686,5356.0,45042.0,20494.0,medium,0.605560302734375,0.08172607421875,0.312713623046875
2649,5376_5632_4864_5120,MSAVI,65536,40595,3821.0,44416.0,21120.0,medium,0.6194305419921875,0.0583038330078125,0.322265625
2650,5376_5632_5120_5376,MSAVI,65536,42303,2961.0,45264.0,20272.0,medium,0.6454925537109375,0.0451812744140625,0.309326171875
2651,5376_5632_5376_5632,MSAVI,65536,42521,4552.0,47073.0,18463.0,medium,0.6488189697265625,0.0694580078125,0.2817230224609375
2652,5376_5632_5632_5888,MSAVI,65536,45654,891.0,46545.0,18991.0,medium,0.696624755859375,0.0135955810546875,0.2897796630859375
2653,5376_5632_5888_6144,MSAVI,65536,43755,3844.0,47599.0,17937.0,medium,0.6676483154296875,0.05865478515625,0.2736968994140625
2654,5376_5632_6144_6400,MSAVI,65536,40195,3197.0,43392.0,22144.0,medium,0.6133270263671875,0.0487823486328125,0.337890625
2655,5376_5632_6400_6656,MSAVI,65536,40762,2493.0,43255.0,22281.0,medium,0.621978759765625,0.0380401611328125,0.3399810791015625
2656,5376_5632_6656_6912,MSAVI,65536,42593,2071.0,44664.0,20872.0,medium,0.6499176025390625,0.0316009521484375,0.3184814453125
2657,5376_5632_6912_7168,MSAVI,65536,41147,4064.0,45211.0,20325.0,medium,0.6278533935546875,0.06201171875,0.3101348876953125
2658,5376_5632_7168_7424,MSAVI,65536,35854,12833.0,48687.0,16849.0,medium,0.547088623046875,0.1958160400390625,0.2570953369140625
2659,5376_5632_7424_7680,MSAVI,65536,37172,9290.0,46462.0,19074.0,medium,0.56719970703125,0.141754150390625,0.291046142578125
2660,5376_5632_7680_7936,MSAVI,65536,38750,6652.0,45402.0,20134.0,medium,0.591278076171875,0.10150146484375,0.307220458984375
2661,5376_5632_7936_8192,MSAVI,65536,38355,2953.0,41308.0,24228.0,medium,0.5852508544921875,0.0450592041015625,0.36968994140625
2662,5376_5632_8192_8448,MSAVI,65536,37244,1701.0,38945.0,26591.0,medium,0.56829833984375,0.0259552001953125,0.4057464599609375
2663,5376_5632_8448_8704,MSAVI,65536,37918,6869.0,44787.0,20749.0,medium,0.578582763671875,0.1048126220703125,0.3166046142578125
2664,5376_5632_8704_8960,MSAVI,65536,34992,3495.0,38487.0,27049.0,medium,0.533935546875,0.0533294677734375,0.4127349853515625
2665,5376_5632_8960_9216,MSAVI,65536,37753,1016.0,38769.0,26767.0,medium,0.5760650634765625,0.0155029296875,0.4084320068359375
2666,5376_5632_9216_9472,MSAVI,65536,43280,191.0,43471.0,22065.0,medium,0.660400390625,0.0029144287109375,0.3366851806640625
2667,5376_5632_9472_9728,MSAVI,65536,42624,808.0,43432.0,22104.0,medium,0.650390625,0.0123291015625,0.3372802734375
2668,5376_5632_9728_9984,MSAVI,65536,40498,0.0,40498.0,25038.0,medium,0.617950439453125,0.0,0.382049560546875
2669,5632_5888_512_768,MSAVI,65536,45134,3732.0,48866.0,16670.0,medium,0.688690185546875,0.05694580078125,0.254364013671875
2670,5632_5888_768_1024,MSAVI,65536,40906,8863.0,49769.0,15767.0,medium,0.624176025390625,0.1352386474609375,0.2405853271484375
2671,5632_5888_1024_1280,MSAVI,65536,41567,7015.0,48582.0,16954.0,medium,0.6342620849609375,0.1070404052734375,0.258697509765625
2672,5632_5888_1280_1536,MSAVI,65536,41759,2747.0,44506.0,21030.0,medium,0.6371917724609375,0.0419158935546875,0.320892333984375
2673,5632_5888_1536_1792,MSAVI,65536,48747,433.0,49180.0,16356.0,medium,0.7438201904296875,0.0066070556640625,0.24957275390625
2674,5632_5888_1792_2048,MSAVI,65536,44257,883.0,45140.0,20396.0,medium,0.6753082275390625,0.0134735107421875,0.31121826171875
2675,5632_5888_2048_2304,MSAVI,65536,45092,349.0,45441.0,20095.0,medium,0.68804931640625,0.0053253173828125,0.3066253662109375
2676,5632_5888_2304_2560,MSAVI,65536,42651,1999.0,44650.0,20886.0,medium,0.6508026123046875,0.0305023193359375,0.318695068359375
2677,5632_5888_2560_2816,MSAVI,65536,44522,2513.0,47035.0,18501.0,medium,0.679351806640625,0.0383453369140625,0.2823028564453125
2678,5632_5888_2816_3072,MSAVI,65536,44782,2955.0,47737.0,17799.0,medium,0.683319091796875,0.0450897216796875,0.2715911865234375
2679,5632_5888_3072_3328,MSAVI,65536,46859,692.0,47551.0,17985.0,medium,0.7150115966796875,0.01055908203125,0.2744293212890625
2680,5632_5888_3328_3584,MSAVI,65536,46488,81.0,46569.0,18967.0,medium,0.7093505859375,0.0012359619140625,0.2894134521484375
2681,5632_5888_3584_3840,MSAVI,65536,39318,5150.0,44468.0,21068.0,medium,0.599945068359375,0.078582763671875,0.32147216796875
2682,5632_5888_3840_4096,MSAVI,65536,31647,6278.0,37925.0,27611.0,medium,0.4828948974609375,0.095794677734375,0.4213104248046875
2683,5632_5888_4096_4352,MSAVI,65536,41475,1365.0,42840.0,22696.0,medium,0.6328582763671875,0.0208282470703125,0.3463134765625
2684,5632_5888_4352_4608,MSAVI,65536,40986,4706.0,45692.0,19844.0,medium,0.625396728515625,0.071807861328125,0.30279541015625
2685,5632_5888_4608_4864,MSAVI,65536,43053,5478.0,48531.0,17005.0,medium,0.6569366455078125,0.083587646484375,0.2594757080078125
2686,5632_5888_4864_5120,MSAVI,65536,42052,2886.0,44938.0,20598.0,medium,0.64166259765625,0.044036865234375,0.314300537109375
2687,5632_5888_5120_5376,MSAVI,65536,35224,12751.0,47975.0,17561.0,medium,0.5374755859375,0.1945648193359375,0.2679595947265625
2688,5632_5888_5376_5632,MSAVI,65536,40436,1599.0,42035.0,23501.0,medium,0.61700439453125,0.0243988037109375,0.3585968017578125
2689,5632_5888_5632_5888,MSAVI,65536,43422,3871.0,47293.0,18243.0,medium,0.662567138671875,0.0590667724609375,0.2783660888671875
2690,5632_5888_5888_6144,MSAVI,65536,44123,1066.0,45189.0,20347.0,medium,0.6732635498046875,0.016265869140625,0.3104705810546875
2691,5632_5888_6144_6400,MSAVI,65536,41078,1395.0,42473.0,23063.0,medium,0.626800537109375,0.0212860107421875,0.3519134521484375
2692,5632_5888_6400_6656,MSAVI,65536,36638,2552.0,39190.0,26346.0,medium,0.559051513671875,0.0389404296875,0.402008056640625
2693,5632_5888_6656_6912,MSAVI,65536,40316,1119.0,41435.0,24101.0,medium,0.61517333984375,0.0170745849609375,0.3677520751953125
2694,5632_5888_6912_7168,MSAVI,65536,44998,2145.0,47143.0,18393.0,medium,0.686614990234375,0.0327301025390625,0.2806549072265625
2695,5632_5888_7168_7424,MSAVI,65536,36982,7671.0,44653.0,20883.0,medium,0.564300537109375,0.1170501708984375,0.3186492919921875
2696,5632_5888_7424_7680,MSAVI,65536,37968,14561.0,52529.0,13007.0,medium,0.579345703125,0.2221832275390625,0.1984710693359375
2697,5632_5888_7680_7936,MSAVI,65536,39722,6584.0,46306.0,19230.0,medium,0.606109619140625,0.1004638671875,0.293426513671875
2698,5632_5888_7936_8192,MSAVI,65536,40684,5910.0,46594.0,18942.0,medium,0.62078857421875,0.090179443359375,0.289031982421875
2699,5632_5888_8192_8448,MSAVI,65536,37219,8005.0,45224.0,20312.0,medium,0.5679168701171875,0.1221466064453125,0.3099365234375
2700,5632_5888_8448_8704,MSAVI,65536,36694,5741.0,42435.0,23101.0,medium,0.559906005859375,0.0876007080078125,0.3524932861328125
2701,5632_5888_8704_8960,MSAVI,65536,33102,7686.0,40788.0,24748.0,medium,0.505096435546875,0.117279052734375,0.37762451171875
2702,5632_5888_8960_9216,MSAVI,65536,36707,2312.0,39019.0,26517.0,medium,0.5601043701171875,0.0352783203125,0.4046173095703125
2703,5632_5888_9216_9472,MSAVI,65536,39401,63.0,39464.0,26072.0,medium,0.6012115478515625,0.0009613037109375,0.3978271484375
2704,5632_5888_9472_9728,MSAVI,65536,41004,2795.0,43799.0,21737.0,medium,0.62567138671875,0.0426483154296875,0.3316802978515625
2705,5632_5888_9728_9984,MSAVI,65536,40591,0.0,40591.0,24945.0,medium,0.6193695068359375,0.0,0.3806304931640625
2706,5888_6144_768_1024,MSAVI,65536,42312,3323.0,45635.0,19901.0,medium,0.6456298828125,0.0507049560546875,0.3036651611328125
2707,5888_6144_1024_1280,MSAVI,65536,40442,4362.0,44804.0,20732.0,medium,0.617095947265625,0.066558837890625,0.31634521484375
2708,5888_6144_1280_1536,MSAVI,65536,47636,2398.0,50034.0,15502.0,medium,0.72686767578125,0.036590576171875,0.236541748046875
2709,5888_6144_1536_1792,MSAVI,65536,43416,3328.0,46744.0,18792.0,medium,0.6624755859375,0.05078125,0.2867431640625
2710,5888_6144_1792_2048,MSAVI,65536,47252,396.0,47648.0,17888.0,medium,0.72100830078125,0.00604248046875,0.27294921875
2711,5888_6144_2048_2304,MSAVI,65536,47636,1237.0,48873.0,16663.0,medium,0.72686767578125,0.0188751220703125,0.2542572021484375
2712,5888_6144_2304_2560,MSAVI,65536,45671,1996.0,47667.0,17869.0,medium,0.6968841552734375,0.03045654296875,0.2726593017578125
2713,5888_6144_2560_2816,MSAVI,65536,47362,1100.0,48462.0,17074.0,medium,0.722686767578125,0.01678466796875,0.260528564453125
2714,5888_6144_2816_3072,MSAVI,65536,51691,529.0,52220.0,13316.0,medium,0.7887420654296875,0.0080718994140625,0.20318603515625
2715,5888_6144_3072_3328,MSAVI,65536,42636,3976.0,46612.0,18924.0,medium,0.65057373046875,0.0606689453125,0.28875732421875
2716,5888_6144_3328_3584,MSAVI,65536,43503,2296.0,45799.0,19737.0,medium,0.6638031005859375,0.0350341796875,0.3011627197265625
2717,5888_6144_3584_3840,MSAVI,65536,46342,716.0,47058.0,18478.0,medium,0.707122802734375,0.01092529296875,0.281951904296875
2718,5888_6144_3840_4096,MSAVI,65536,41659,3874.0,45533.0,20003.0,medium,0.6356658935546875,0.059112548828125,0.3052215576171875
2719,5888_6144_4096_4352,MSAVI,65536,42935,4536.0,47471.0,18065.0,medium,0.6551361083984375,0.0692138671875,0.2756500244140625
2720,5888_6144_4352_4608,MSAVI,65536,36909,2050.0,38959.0,26577.0,medium,0.5631866455078125,0.031280517578125,0.4055328369140625
2721,5888_6144_4608_4864,MSAVI,65536,40227,4303.0,44530.0,21006.0,medium,0.6138153076171875,0.0656585693359375,0.320526123046875
2722,5888_6144_4864_5120,MSAVI,65536,39997,4778.0,44775.0,20761.0,medium,0.6103057861328125,0.072906494140625,0.3167877197265625
2723,5888_6144_5120_5376,MSAVI,65536,42422,2932.0,45354.0,20182.0,medium,0.647308349609375,0.04473876953125,0.307952880859375
2724,5888_6144_5376_5632,MSAVI,65536,46158,3932.0,50090.0,15446.0,medium,0.704315185546875,0.05999755859375,0.235687255859375
2725,5888_6144_5632_5888,MSAVI,65536,43744,1476.0,45220.0,20316.0,medium,0.66748046875,0.02252197265625,0.30999755859375
2726,5888_6144_5888_6144,MSAVI,65536,41212,3053.0,44265.0,21271.0,medium,0.62884521484375,0.0465850830078125,0.3245697021484375
2727,5888_6144_6144_6400,MSAVI,65536,36063,3428.0,39491.0,26045.0,medium,0.5502777099609375,0.05230712890625,0.3974151611328125
2728,5888_6144_6400_6656,MSAVI,65536,38563,3554.0,42117.0,23419.0,medium,0.5884246826171875,0.054229736328125,0.3573455810546875
2729,5888_6144_6656_6912,MSAVI,65536,38472,3122.0,41594.0,23942.0,medium,0.5870361328125,0.047637939453125,0.365325927734375
2730,5888_6144_6912_7168,MSAVI,65536,39880,5028.0,44908.0,20628.0,medium,0.6085205078125,0.07672119140625,0.31475830078125
2731,5888_6144_7168_7424,MSAVI,65536,39893,5701.0,45594.0,19942.0,medium,0.6087188720703125,0.0869903564453125,0.304290771484375
2732,5888_6144_7424_7680,MSAVI,65536,38809,11391.0,50200.0,15336.0,medium,0.5921783447265625,0.1738128662109375,0.2340087890625
2733,5888_6144_7680_7936,MSAVI,65536,41816,3668.0,45484.0,20052.0,medium,0.6380615234375,0.05596923828125,0.30596923828125
2734,5888_6144_7936_8192,MSAVI,65536,42024,2377.0,44401.0,21135.0,medium,0.6412353515625,0.0362701416015625,0.3224945068359375
2735,5888_6144_8192_8448,MSAVI,65536,35152,9885.0,45037.0,20499.0,medium,0.536376953125,0.1508331298828125,0.3127899169921875
2736,5888_6144_8448_8704,MSAVI,65536,34882,9978.0,44860.0,20676.0,medium,0.532257080078125,0.152252197265625,0.31549072265625
2737,5888_6144_8704_8960,MSAVI,65536,37676,3854.0,41530.0,24006.0,medium,0.57489013671875,0.058807373046875,0.366302490234375
2738,5888_6144_8960_9216,MSAVI,65536,34317,8135.0,42452.0,23084.0,medium,0.5236358642578125,0.1241302490234375,0.35223388671875
2739,5888_6144_9216_9472,MSAVI,65536,37424,518.0,37942.0,27594.0,medium,0.571044921875,0.007904052734375,0.421051025390625
2740,5888_6144_9472_9728,MSAVI,65536,38076,5136.0,43212.0,22324.0,medium,0.58099365234375,0.078369140625,0.34063720703125
2741,5888_6144_9728_9984,MSAVI,65536,43418,176.0,43594.0,21942.0,medium,0.662506103515625,0.002685546875,0.334808349609375
2742,5888_6144_9984_10240,MSAVI,65536,40070,675.0,40745.0,24791.0,medium,0.611419677734375,0.0102996826171875,0.3782806396484375
2743,6144_6400_768_1024,MSAVI,65536,46020,1248.0,47268.0,18268.0,medium,0.70220947265625,0.01904296875,0.27874755859375
2744,6144_6400_1024_1280,MSAVI,65536,46328,881.0,47209.0,18327.0,medium,0.7069091796875,0.0134429931640625,0.2796478271484375
2745,6144_6400_1280_1536,MSAVI,65536,43195,1149.0,44344.0,21192.0,medium,0.6591033935546875,0.0175323486328125,0.3233642578125
2746,6144_6400_1536_1792,MSAVI,65536,47129,1860.0,48989.0,16547.0,medium,0.7191314697265625,0.02838134765625,0.2524871826171875
2747,6144_6400_1792_2048,MSAVI,65536,43786,1465.0,45251.0,20285.0,medium,0.668121337890625,0.0223541259765625,0.3095245361328125
2748,6144_6400_2048_2304,MSAVI,65536,46278,1163.0,47441.0,18095.0,medium,0.706146240234375,0.0177459716796875,0.2761077880859375
2749,6144_6400_2304_2560,MSAVI,65536,45033,1713.0,46746.0,18790.0,medium,0.6871490478515625,0.0261383056640625,0.286712646484375
2750,6144_6400_2560_2816,MSAVI,65536,49677,1702.0,51379.0,14157.0,medium,0.7580108642578125,0.025970458984375,0.2160186767578125
2751,6144_6400_2816_3072,MSAVI,65536,48143,356.0,48499.0,17037.0,medium,0.7346038818359375,0.00543212890625,0.2599639892578125
2752,6144_6400_3072_3328,MSAVI,65536,44009,500.0,44509.0,21027.0,medium,0.6715240478515625,0.00762939453125,0.3208465576171875
2753,6144_6400_3328_3584,MSAVI,65536,45776,2563.0,48339.0,17197.0,medium,0.698486328125,0.0391082763671875,0.2624053955078125
2754,6144_6400_3584_3840,MSAVI,65536,47020,1149.0,48169.0,17367.0,medium,0.71746826171875,0.0175323486328125,0.2649993896484375
2755,6144_6400_3840_4096,MSAVI,65536,41442,4537.0,45979.0,19557.0,medium,0.632354736328125,0.0692291259765625,0.2984161376953125
2756,6144_6400_4096_4352,MSAVI,65536,41307,1428.0,42735.0,22801.0,medium,0.6302947998046875,0.02178955078125,0.3479156494140625
2757,6144_6400_4352_4608,MSAVI,65536,38183,8860.0,47043.0,18493.0,medium,0.5826263427734375,0.13519287109375,0.2821807861328125
2758,6144_6400_4608_4864,MSAVI,65536,40340,12772.0,53112.0,12424.0,medium,0.61553955078125,0.19488525390625,0.1895751953125
2759,6144_6400_4864_5120,MSAVI,65536,38629,4990.0,43619.0,21917.0,medium,0.5894317626953125,0.076141357421875,0.3344268798828125
2760,6144_6400_5120_5376,MSAVI,65536,38430,4500.0,42930.0,22606.0,medium,0.586395263671875,0.06866455078125,0.344940185546875
2761,6144_6400_5376_5632,MSAVI,65536,43005,2229.0,45234.0,20302.0,medium,0.6562042236328125,0.0340118408203125,0.309783935546875
2762,6144_6400_5632_5888,MSAVI,65536,40949,6474.0,47423.0,18113.0,medium,0.6248321533203125,0.098785400390625,0.2763824462890625
2763,6144_6400_5888_6144,MSAVI,65536,41170,899.0,42069.0,23467.0,medium,0.628204345703125,0.0137176513671875,0.3580780029296875
2764,6144_6400_6144_6400,MSAVI,65536,39653,991.0,40644.0,24892.0,medium,0.6050567626953125,0.0151214599609375,0.37982177734375
2765,6144_6400_6400_6656,MSAVI,65536,43136,1326.0,44462.0,21074.0,medium,0.658203125,0.020233154296875,0.321563720703125
2766,6144_6400_6656_6912,MSAVI,65536,41210,1028.0,42238.0,23298.0,medium,0.628814697265625,0.01568603515625,0.355499267578125
2767,6144_6400_6912_7168,MSAVI,65536,43179,3546.0,46725.0,18811.0,medium,0.6588592529296875,0.054107666015625,0.2870330810546875
2768,6144_6400_7168_7424,MSAVI,65536,46967,5607.0,52574.0,12962.0,medium,0.7166595458984375,0.0855560302734375,0.197784423828125
2769,6144_6400_7424_7680,MSAVI,65536,47518,3463.0,50981.0,14555.0,medium,0.725067138671875,0.0528411865234375,0.2220916748046875
2770,6144_6400_7680_7936,MSAVI,65536,41848,2728.0,44576.0,20960.0,medium,0.6385498046875,0.0416259765625,0.31982421875
2771,6144_6400_7936_8192,MSAVI,65536,44253,2152.0,46405.0,19131.0,medium,0.6752471923828125,0.0328369140625,0.2919158935546875
2772,6144_6400_8192_8448,MSAVI,65536,35550,2784.0,38334.0,27202.0,medium,0.542449951171875,0.04248046875,0.415069580078125
2773,6144_6400_8448_8704,MSAVI,65536,38106,5737.0,43843.0,21693.0,medium,0.581451416015625,0.0875396728515625,0.3310089111328125
2774,6144_6400_8704_8960,MSAVI,65536,36581,3751.0,40332.0,25204.0,medium,0.5581817626953125,0.0572357177734375,0.38458251953125
2775,6144_6400_8960_9216,MSAVI,65536,35895,2914.0,38809.0,26727.0,medium,0.5477142333984375,0.044464111328125,0.4078216552734375
2776,6144_6400_9216_9472,MSAVI,65536,34265,6181.0,40446.0,25090.0,medium,0.5228424072265625,0.0943145751953125,0.382843017578125
2777,6144_6400_9472_9728,MSAVI,65536,39680,8950.0,48630.0,16906.0,medium,0.60546875,0.136566162109375,0.257965087890625
2778,6144_6400_9728_9984,MSAVI,65536,33384,3528.0,36912.0,28624.0,medium,0.5093994140625,0.0538330078125,0.436767578125
2779,6144_6400_9984_10240,MSAVI,65536,39851,620.0,40471.0,25065.0,medium,0.6080780029296875,0.00946044921875,0.3824615478515625
2780,6144_6400_10240_10496,MSAVI,65536,41774,428.0,42202.0,23334.0,medium,0.637420654296875,0.00653076171875,0.356048583984375
2781,6400_6656_1024_1280,MSAVI,65536,49300,250.0,49550.0,15986.0,medium,0.75225830078125,0.003814697265625,0.243927001953125
2782,6400_6656_1280_1536,MSAVI,65536,43942,1884.0,45826.0,19710.0,medium,0.670501708984375,0.02874755859375,0.300750732421875
2783,6400_6656_1536_1792,MSAVI,65536,48630,189.0,48819.0,16717.0,medium,0.742034912109375,0.0028839111328125,0.2550811767578125
2784,6400_6656_1792_2048,MSAVI,65536,47996,855.0,48851.0,16685.0,medium,0.73236083984375,0.0130462646484375,0.2545928955078125
2785,6400_6656_2048_2304,MSAVI,65536,47314,1488.0,48802.0,16734.0,medium,0.721954345703125,0.022705078125,0.255340576171875
2786,6400_6656_2304_2560,MSAVI,65536,48136,210.0,48346.0,17190.0,medium,0.7344970703125,0.003204345703125,0.262298583984375
2787,6400_6656_2560_2816,MSAVI,65536,48107,638.0,48745.0,16791.0,medium,0.7340545654296875,0.009735107421875,0.2562103271484375
2788,6400_6656_2816_3072,MSAVI,65536,47733,1006.0,48739.0,16797.0,medium,0.7283477783203125,0.015350341796875,0.2563018798828125
2789,6400_6656_3072_3328,MSAVI,65536,44940,652.0,45592.0,19944.0,medium,0.68572998046875,0.00994873046875,0.3043212890625
2790,6400_6656_3328_3584,MSAVI,65536,45141,2389.0,47530.0,18006.0,medium,0.6887969970703125,0.0364532470703125,0.274749755859375
2791,6400_6656_3584_3840,MSAVI,65536,42532,2602.0,45134.0,20402.0,medium,0.64898681640625,0.039703369140625,0.311309814453125
2792,6400_6656_3840_4096,MSAVI,65536,42741,1177.0,43918.0,21618.0,medium,0.6521759033203125,0.0179595947265625,0.329864501953125
2793,6400_6656_4096_4352,MSAVI,65536,41463,470.0,41933.0,23603.0,medium,0.6326751708984375,0.007171630859375,0.3601531982421875
2794,6400_6656_4352_4608,MSAVI,65536,28556,5397.0,33953.0,31583.0,medium,0.43572998046875,0.0823516845703125,0.4819183349609375
2795,6400_6656_4608_4864,MSAVI,65536,33291,9002.0,42293.0,23243.0,medium,0.5079803466796875,0.137359619140625,0.3546600341796875
2796,6400_6656_4864_5120,MSAVI,65536,39445,4899.0,44344.0,21192.0,medium,0.6018829345703125,0.0747528076171875,0.3233642578125
2797,6400_6656_5120_5376,MSAVI,65536,40162,3003.0,43165.0,22371.0,medium,0.612823486328125,0.0458221435546875,0.3413543701171875
2798,6400_6656_5376_5632,MSAVI,65536,41307,922.0,42229.0,23307.0,medium,0.6302947998046875,0.014068603515625,0.3556365966796875
2799,6400_6656_5632_5888,MSAVI,65536,42421,2785.0,45206.0,20330.0,medium,0.6472930908203125,0.0424957275390625,0.310211181640625
2800,6400_6656_5888_6144,MSAVI,65536,42818,3011.0,45829.0,19707.0,medium,0.653350830078125,0.0459442138671875,0.3007049560546875
2801,6400_6656_6144_6400,MSAVI,65536,44560,2800.0,47360.0,18176.0,medium,0.679931640625,0.042724609375,0.27734375
2802,6400_6656_6400_6656,MSAVI,65536,41591,811.0,42402.0,23134.0,medium,0.6346282958984375,0.0123748779296875,0.352996826171875
2803,6400_6656_6656_6912,MSAVI,65536,39485,3054.0,42539.0,22997.0,medium,0.6024932861328125,0.046600341796875,0.3509063720703125
2804,6400_6656_6912_7168,MSAVI,65536,45273,1328.0,46601.0,18935.0,medium,0.6908111572265625,0.020263671875,0.2889251708984375
2805,6400_6656_7168_7424,MSAVI,65536,44907,1462.0,46369.0,19167.0,medium,0.6852264404296875,0.022308349609375,0.2924652099609375
2806,6400_6656_7424_7680,MSAVI,65536,41246,3366.0,44612.0,20924.0,medium,0.629364013671875,0.051361083984375,0.31927490234375
2807,6400_6656_7680_7936,MSAVI,65536,43171,929.0,44100.0,21436.0,medium,0.6587371826171875,0.0141754150390625,0.32708740234375
2808,6400_6656_7936_8192,MSAVI,65536,42152,2969.0,45121.0,20415.0,medium,0.6431884765625,0.0453033447265625,0.3115081787109375
2809,6400_6656_8192_8448,MSAVI,65536,40198,1830.0,42028.0,23508.0,medium,0.613372802734375,0.027923583984375,0.35870361328125
2810,6400_6656_8448_8704,MSAVI,65536,38418,2122.0,40540.0,24996.0,medium,0.586212158203125,0.032379150390625,0.38140869140625
2811,6400_6656_8704_8960,MSAVI,65536,37645,2057.0,39702.0,25834.0,medium,0.5744171142578125,0.0313873291015625,0.394195556640625
2812,6400_6656_8960_9216,MSAVI,65536,38466,3862.0,42328.0,23208.0,medium,0.586944580078125,0.058929443359375,0.3541259765625
2813,6400_6656_9216_9472,MSAVI,65536,37060,10683.0,47743.0,17793.0,medium,0.56549072265625,0.1630096435546875,0.2714996337890625
2814,6400_6656_9472_9728,MSAVI,65536,36109,12590.0,48699.0,16837.0,medium,0.5509796142578125,0.192108154296875,0.2569122314453125
2815,6400_6656_9728_9984,MSAVI,65536,39859,1468.0,41327.0,24209.0,medium,0.6082000732421875,0.02239990234375,0.3694000244140625
2816,6400_6656_9984_10240,MSAVI,65536,39839,118.0,39957.0,25579.0,medium,0.6078948974609375,0.001800537109375,0.3903045654296875
2817,6400_6656_10240_10496,MSAVI,65536,41267,607.0,41874.0,23662.0,medium,0.6296844482421875,0.0092620849609375,0.361053466796875
2818,6656_6912_1024_1280,MSAVI,65536,46482,1691.0,48173.0,17363.0,medium,0.709259033203125,0.0258026123046875,0.2649383544921875
2819,6656_6912_1280_1536,MSAVI,65536,46001,4018.0,50019.0,15517.0,medium,0.7019195556640625,0.061309814453125,0.2367706298828125
2820,6656_6912_1536_1792,MSAVI,65536,47020,1729.0,48749.0,16787.0,medium,0.71746826171875,0.0263824462890625,0.2561492919921875
2821,6656_6912_1792_2048,MSAVI,65536,45723,1426.0,47149.0,18387.0,medium,0.6976776123046875,0.021759033203125,0.2805633544921875
2822,6656_6912_2048_2304,MSAVI,65536,45276,721.0,45997.0,19539.0,medium,0.69085693359375,0.0110015869140625,0.2981414794921875
2823,6656_6912_2304_2560,MSAVI,65536,44607,1823.0,46430.0,19106.0,medium,0.6806488037109375,0.0278167724609375,0.291534423828125
2824,6656_6912_2560_2816,MSAVI,65536,42030,564.0,42594.0,22942.0,medium,0.641326904296875,0.00860595703125,0.350067138671875
2825,6656_6912_2816_3072,MSAVI,65536,42289,1287.0,43576.0,21960.0,medium,0.6452789306640625,0.0196380615234375,0.3350830078125
2826,6656_6912_3072_3328,MSAVI,65536,42378,803.0,43181.0,22355.0,medium,0.646636962890625,0.0122528076171875,0.3411102294921875
2827,6656_6912_3328_3584,MSAVI,65536,41973,2747.0,44720.0,20816.0,medium,0.6404571533203125,0.0419158935546875,0.317626953125
2828,6656_6912_3584_3840,MSAVI,65536,42272,4790.0,47062.0,18474.0,medium,0.64501953125,0.073089599609375,0.281890869140625
2829,6656_6912_3840_4096,MSAVI,65536,44850,675.0,45525.0,20011.0,medium,0.684356689453125,0.0102996826171875,0.3053436279296875
2830,6656_6912_4096_4352,MSAVI,65536,42076,1583.0,43659.0,21877.0,medium,0.64202880859375,0.0241546630859375,0.3338165283203125
2831,6656_6912_4352_4608,MSAVI,65536,38952,5486.0,44438.0,21098.0,medium,0.5943603515625,0.083709716796875,0.321929931640625
2832,6656_6912_4608_4864,MSAVI,65536,19111,45066.0,64177.0,1359.0,medium,0.2916107177734375,0.687652587890625,0.0207366943359375
2833,6656_6912_4864_5120,MSAVI,65536,42612,783.0,43395.0,22141.0,medium,0.65020751953125,0.0119476318359375,0.3378448486328125
2834,6656_6912_5120_5376,MSAVI,65536,41535,6331.0,47866.0,17670.0,medium,0.6337738037109375,0.0966033935546875,0.269622802734375
2835,6656_6912_5376_5632,MSAVI,65536,40215,2716.0,42931.0,22605.0,medium,0.6136322021484375,0.04144287109375,0.3449249267578125
2836,6656_6912_5632_5888,MSAVI,65536,40612,2194.0,42806.0,22730.0,medium,0.61968994140625,0.033477783203125,0.346832275390625
2837,6656_6912_5888_6144,MSAVI,65536,40237,4416.0,44653.0,20883.0,medium,0.6139678955078125,0.0673828125,0.3186492919921875
2838,6656_6912_6144_6400,MSAVI,65536,50246,512.0,50758.0,14778.0,medium,0.766693115234375,0.0078125,0.225494384765625
2839,6656_6912_6400_6656,MSAVI,65536,42748,1757.0,44505.0,21031.0,medium,0.65228271484375,0.0268096923828125,0.3209075927734375
2840,6656_6912_6656_6912,MSAVI,65536,44792,989.0,45781.0,19755.0,medium,0.6834716796875,0.0150909423828125,0.3014373779296875
2841,6656_6912_6912_7168,MSAVI,65536,51517,607.0,52124.0,13412.0,medium,0.7860870361328125,0.0092620849609375,0.20465087890625
2842,6656_6912_7168_7424,MSAVI,65536,47712,3682.0,51394.0,14142.0,medium,0.72802734375,0.056182861328125,0.215789794921875
2843,6656_6912_7424_7680,MSAVI,65536,42906,3659.0,46565.0,18971.0,medium,0.654693603515625,0.0558319091796875,0.2894744873046875
2844,6656_6912_7680_7936,MSAVI,65536,44603,619.0,45222.0,20314.0,medium,0.6805877685546875,0.0094451904296875,0.309967041015625
2845,6656_6912_7936_8192,MSAVI,65536,45137,3150.0,48287.0,17249.0,medium,0.6887359619140625,0.048065185546875,0.2631988525390625
2846,6656_6912_8192_8448,MSAVI,65536,45395,1716.0,47111.0,18425.0,medium,0.6926727294921875,0.02618408203125,0.2811431884765625
2847,6656_6912_8448_8704,MSAVI,65536,42999,665.0,43664.0,21872.0,medium,0.6561126708984375,0.0101470947265625,0.333740234375
2848,6656_6912_8704_8960,MSAVI,65536,38453,1716.0,40169.0,25367.0,medium,0.5867462158203125,0.02618408203125,0.3870697021484375
2849,6656_6912_8960_9216,MSAVI,65536,37953,8632.0,46585.0,18951.0,medium,0.5791168212890625,0.1317138671875,0.2891693115234375
2850,6656_6912_9216_9472,MSAVI,65536,37055,3549.0,40604.0,24932.0,medium,0.5654144287109375,0.0541534423828125,0.38043212890625
2851,6656_6912_9472_9728,MSAVI,65536,37380,2351.0,39731.0,25805.0,medium,0.57037353515625,0.0358734130859375,0.3937530517578125
2852,6656_6912_9728_9984,MSAVI,65536,36621,2597.0,39218.0,26318.0,medium,0.5587921142578125,0.0396270751953125,0.401580810546875
2853,6656_6912_9984_10240,MSAVI,65536,40035,289.0,40324.0,25212.0,medium,0.6108856201171875,0.0044097900390625,0.38470458984375
2854,6656_6912_10240_10496,MSAVI,65536,39201,4038.0,43239.0,22297.0,medium,0.5981597900390625,0.061614990234375,0.3402252197265625
2855,6656_6912_10496_10752,MSAVI,65536,39598,577.0,40175.0,25361.0,medium,0.604217529296875,0.0088043212890625,0.3869781494140625
2856,6912_7168_1280_1536,MSAVI,65536,44008,1193.0,45201.0,20335.0,medium,0.6715087890625,0.0182037353515625,0.3102874755859375
2857,6912_7168_1536_1792,MSAVI,65536,44396,782.0,45178.0,20358.0,medium,0.67742919921875,0.011932373046875,0.310638427734375
2858,6912_7168_1792_2048,MSAVI,65536,44412,415.0,44827.0,20709.0,medium,0.67767333984375,0.0063323974609375,0.3159942626953125
2859,6912_7168_2048_2304,MSAVI,65536,47572,280.0,47852.0,17684.0,medium,0.72589111328125,0.0042724609375,0.26983642578125
2860,6912_7168_2304_2560,MSAVI,65536,49056,96.0,49152.0,16384.0,medium,0.74853515625,0.00146484375,0.25
2861,6912_7168_2560_2816,MSAVI,65536,41163,3759.0,44922.0,20614.0,medium,0.6280975341796875,0.0573577880859375,0.314544677734375
2862,6912_7168_2816_3072,MSAVI,65536,40419,2401.0,42820.0,22716.0,medium,0.6167449951171875,0.0366363525390625,0.34661865234375
2863,6912_7168_3072_3328,MSAVI,65536,40188,4248.0,44436.0,21100.0,medium,0.61322021484375,0.0648193359375,0.32196044921875
2864,6912_7168_3328_3584,MSAVI,65536,39683,4154.0,43837.0,21699.0,medium,0.6055145263671875,0.063385009765625,0.3311004638671875
2865,6912_7168_3584_3840,MSAVI,65536,45384,1930.0,47314.0,18222.0,medium,0.6925048828125,0.029449462890625,0.278045654296875
2866,6912_7168_3840_4096,MSAVI,65536,41317,1949.0,43266.0,22270.0,medium,0.6304473876953125,0.0297393798828125,0.339813232421875
2867,6912_7168_4096_4352,MSAVI,65536,37320,5190.0,42510.0,23026.0,medium,0.5694580078125,0.079193115234375,0.351348876953125
2868,6912_7168_4352_4608,MSAVI,65536,41387,2522.0,43909.0,21627.0,medium,0.6315155029296875,0.038482666015625,0.3300018310546875
2869,6912_7168_4608_4864,MSAVI,65536,40156,5220.0,45376.0,20160.0,medium,0.61273193359375,0.07965087890625,0.3076171875
2870,6912_7168_4864_5120,MSAVI,65536,38990,12723.0,51713.0,13823.0,medium,0.594940185546875,0.1941375732421875,0.2109222412109375
2871,6912_7168_5120_5376,MSAVI,65536,38722,5516.0,44238.0,21298.0,medium,0.590850830078125,0.08416748046875,0.324981689453125
2872,6912_7168_5376_5632,MSAVI,65536,40677,5719.0,46396.0,19140.0,medium,0.6206817626953125,0.0872650146484375,0.29205322265625
2873,6912_7168_5632_5888,MSAVI,65536,39527,1374.0,40901.0,24635.0,medium,0.6031341552734375,0.020965576171875,0.3759002685546875
2874,6912_7168_5888_6144,MSAVI,65536,43019,1823.0,44842.0,20694.0,medium,0.6564178466796875,0.0278167724609375,0.315765380859375
2875,6912_7168_6144_6400,MSAVI,65536,46667,1813.0,48480.0,17056.0,medium,0.7120819091796875,0.0276641845703125,0.26025390625
2876,6912_7168_6400_6656,MSAVI,65536,45638,909.0,46547.0,18989.0,medium,0.696380615234375,0.0138702392578125,0.2897491455078125
2877,6912_7168_6656_6912,MSAVI,65536,49451,1748.0,51199.0,14337.0,medium,0.7545623779296875,0.02667236328125,0.2187652587890625
2878,6912_7168_6912_7168,MSAVI,65536,44608,2211.0,46819.0,18717.0,medium,0.6806640625,0.0337371826171875,0.2855987548828125
2879,6912_7168_7168_7424,MSAVI,65536,44229,7507.0,51736.0,13800.0,medium,0.6748809814453125,0.1145477294921875,0.2105712890625
2880,6912_7168_7424_7680,MSAVI,65536,42431,1449.0,43880.0,21656.0,medium,0.6474456787109375,0.0221099853515625,0.3304443359375
2881,6912_7168_7680_7936,MSAVI,65536,40637,3328.0,43965.0,21571.0,medium,0.6200714111328125,0.05078125,0.3291473388671875
2882,6912_7168_7936_8192,MSAVI,65536,44483,2214.0,46697.0,18839.0,medium,0.6787567138671875,0.033782958984375,0.2874603271484375
2883,6912_7168_8192_8448,MSAVI,65536,47683,2618.0,50301.0,15235.0,medium,0.7275848388671875,0.039947509765625,0.2324676513671875
2884,6912_7168_8448_8704,MSAVI,65536,44174,378.0,44552.0,20984.0,medium,0.674041748046875,0.005767822265625,0.3201904296875
2885,6912_7168_8704_8960,MSAVI,65536,40354,2432.0,42786.0,22750.0,medium,0.615753173828125,0.037109375,0.347137451171875
2886,6912_7168_8960_9216,MSAVI,65536,36298,3148.0,39446.0,26090.0,medium,0.553863525390625,0.04803466796875,0.398101806640625
2887,6912_7168_9216_9472,MSAVI,65536,34719,4371.0,39090.0,26446.0,medium,0.5297698974609375,0.0666961669921875,0.403533935546875
2888,6912_7168_9472_9728,MSAVI,65536,36704,3080.0,39784.0,25752.0,medium,0.56005859375,0.0469970703125,0.3929443359375
2889,6912_7168_9728_9984,MSAVI,65536,38053,4924.0,42977.0,22559.0,medium,0.5806427001953125,0.07513427734375,0.3442230224609375
2890,6912_7168_9984_10240,MSAVI,65536,38002,2387.0,40389.0,25147.0,medium,0.579864501953125,0.0364227294921875,0.3837127685546875
2891,6912_7168_10240_10496,MSAVI,65536,34517,4323.0,38840.0,26696.0,medium,0.5266876220703125,0.0659637451171875,0.4073486328125
2892,6912_7168_10496_10752,MSAVI,65536,40001,412.0,40413.0,25123.0,medium,0.6103668212890625,0.00628662109375,0.3833465576171875
2893,7168_7424_1280_1536,MSAVI,65536,35687,8363.0,44050.0,21486.0,medium,0.5445404052734375,0.1276092529296875,0.327850341796875
2894,7168_7424_1536_1792,MSAVI,65536,41271,1960.0,43231.0,22305.0,medium,0.6297454833984375,0.0299072265625,0.3403472900390625
2895,7168_7424_1792_2048,MSAVI,65536,43096,3002.0,46098.0,19438.0,medium,0.6575927734375,0.045806884765625,0.296600341796875
2896,7168_7424_2048_2304,MSAVI,65536,51726,518.0,52244.0,13292.0,medium,0.789276123046875,0.007904052734375,0.20281982421875
2897,7168_7424_2304_2560,MSAVI,65536,43169,4012.0,47181.0,18355.0,medium,0.6587066650390625,0.06121826171875,0.2800750732421875
2898,7168_7424_2560_2816,MSAVI,65536,36249,8321.0,44570.0,20966.0,medium,0.5531158447265625,0.1269683837890625,0.319915771484375
2899,7168_7424_2816_3072,MSAVI,65536,40784,1817.0,42601.0,22935.0,medium,0.622314453125,0.0277252197265625,0.3499603271484375
2900,7168_7424_3072_3328,MSAVI,65536,39185,5035.0,44220.0,21316.0,medium,0.5979156494140625,0.0768280029296875,0.32525634765625
2901,7168_7424_3328_3584,MSAVI,65536,38617,2664.0,41281.0,24255.0,medium,0.5892486572265625,0.0406494140625,0.3701019287109375
2902,7168_7424_3584_3840,MSAVI,65536,36489,8850.0,45339.0,20197.0,medium,0.5567779541015625,0.135040283203125,0.3081817626953125
2903,7168_7424_3840_4096,MSAVI,65536,38015,4915.0,42930.0,22606.0,medium,0.5800628662109375,0.0749969482421875,0.344940185546875
2904,7168_7424_4096_4352,MSAVI,65536,36985,7360.0,44345.0,21191.0,medium,0.5643463134765625,0.1123046875,0.3233489990234375
2905,7168_7424_4352_4608,MSAVI,65536,50123,833.0,50956.0,14580.0,medium,0.7648162841796875,0.0127105712890625,0.22247314453125
2906,7168_7424_4608_4864,MSAVI,65536,43080,5781.0,48861.0,16675.0,medium,0.6573486328125,0.0882110595703125,0.2544403076171875
2907,7168_7424_4864_5120,MSAVI,65536,8291,56496.0,64787.0,749.0,medium,0.1265106201171875,0.862060546875,0.0114288330078125
2908,7168_7424_5120_5376,MSAVI,65536,33810,16239.0,50049.0,15487.0,medium,0.515899658203125,0.2477874755859375,0.2363128662109375
2909,7168_7424_5376_5632,MSAVI,65536,43838,6860.0,50698.0,14838.0,medium,0.668914794921875,0.10467529296875,0.226409912109375
2910,7168_7424_5632_5888,MSAVI,65536,40015,2778.0,42793.0,22743.0,medium,0.6105804443359375,0.042388916015625,0.3470306396484375
2911,7168_7424_5888_6144,MSAVI,65536,40139,543.0,40682.0,24854.0,medium,0.6124725341796875,0.0082855224609375,0.379241943359375
2912,7168_7424_6144_6400,MSAVI,65536,43265,336.0,43601.0,21935.0,medium,0.6601715087890625,0.005126953125,0.3347015380859375
2913,7168_7424_6400_6656,MSAVI,65536,43917,380.0,44297.0,21239.0,medium,0.6701202392578125,0.00579833984375,0.3240814208984375
2914,7168_7424_6656_6912,MSAVI,65536,48316,6149.0,54465.0,11071.0,medium,0.73724365234375,0.0938262939453125,0.1689300537109375
2915,7168_7424_6912_7168,MSAVI,65536,46937,6421.0,53358.0,12178.0,medium,0.7162017822265625,0.0979766845703125,0.185821533203125
2916,7168_7424_7168_7424,MSAVI,65536,46726,7959.0,54685.0,10851.0,medium,0.712982177734375,0.1214447021484375,0.1655731201171875
2917,7168_7424_7424_7680,MSAVI,65536,37542,4622.0,42164.0,23372.0,medium,0.572845458984375,0.070526123046875,0.35662841796875
2918,7168_7424_7680_7936,MSAVI,65536,36957,3200.0,40157.0,25379.0,medium,0.5639190673828125,0.048828125,0.3872528076171875
2919,7168_7424_7936_8192,MSAVI,65536,39720,3571.0,43291.0,22245.0,medium,0.6060791015625,0.0544891357421875,0.3394317626953125
2920,7168_7424_8192_8448,MSAVI,65536,42177,5394.0,47571.0,17965.0,medium,0.6435699462890625,0.082305908203125,0.2741241455078125
2921,7168_7424_8448_8704,MSAVI,65536,42306,2181.0,44487.0,21049.0,medium,0.645538330078125,0.0332794189453125,0.3211822509765625
2922,7168_7424_8704_8960,MSAVI,65536,41952,1726.0,43678.0,21858.0,medium,0.64013671875,0.026336669921875,0.333526611328125
2923,7168_7424_8960_9216,MSAVI,65536,40912,2668.0,43580.0,21956.0,medium,0.624267578125,0.04071044921875,0.33502197265625
2924,7168_7424_9216_9472,MSAVI,65536,45046,1589.0,46635.0,18901.0,medium,0.687347412109375,0.0242462158203125,0.2884063720703125
2925,7168_7424_9472_9728,MSAVI,65536,37366,3248.0,40614.0,24922.0,medium,0.570159912109375,0.049560546875,0.380279541015625
2926,7168_7424_9728_9984,MSAVI,65536,33232,6682.0,39914.0,25622.0,medium,0.507080078125,0.101959228515625,0.390960693359375
2927,7168_7424_9984_10240,MSAVI,65536,35026,4680.0,39706.0,25830.0,medium,0.534454345703125,0.0714111328125,0.394134521484375
2928,7168_7424_10240_10496,MSAVI,65536,35585,5098.0,40683.0,24853.0,medium,0.5429840087890625,0.077789306640625,0.3792266845703125
2929,7168_7424_10496_10752,MSAVI,65536,38805,1239.0,40044.0,25492.0,medium,0.5921173095703125,0.0189056396484375,0.38897705078125
2930,7424_7680_1536_1792,MSAVI,65536,43266,2098.0,45364.0,20172.0,medium,0.660186767578125,0.032012939453125,0.30780029296875
2931,7424_7680_1792_2048,MSAVI,65536,46193,1026.0,47219.0,18317.0,medium,0.7048492431640625,0.015655517578125,0.2794952392578125
2932,7424_7680_2048_2304,MSAVI,65536,51663,1645.0,53308.0,12228.0,medium,0.7883148193359375,0.0251007080078125,0.18658447265625
2933,7424_7680_2304_2560,MSAVI,65536,48698,3881.0,52579.0,12957.0,medium,0.743072509765625,0.0592193603515625,0.1977081298828125
2934,7424_7680_2560_2816,MSAVI,65536,40672,13020.0,53692.0,11844.0,medium,0.62060546875,0.19866943359375,0.18072509765625
2935,7424_7680_2816_3072,MSAVI,65536,39839,4676.0,44515.0,21021.0,medium,0.6078948974609375,0.07135009765625,0.3207550048828125
2936,7424_7680_3072_3328,MSAVI,65536,38866,3627.0,42493.0,23043.0,medium,0.593048095703125,0.0553436279296875,0.3516082763671875
2937,7424_7680_3328_3584,MSAVI,65536,42175,3372.0,45547.0,19989.0,medium,0.6435394287109375,0.05145263671875,0.3050079345703125
2938,7424_7680_3584_3840,MSAVI,65536,38212,11352.0,49564.0,15972.0,medium,0.58306884765625,0.1732177734375,0.24371337890625
2939,7424_7680_3840_4096,MSAVI,65536,38930,6722.0,45652.0,19884.0,medium,0.594024658203125,0.102569580078125,0.30340576171875
2940,7424_7680_4096_4352,MSAVI,65536,42129,4378.0,46507.0,19029.0,medium,0.6428375244140625,0.066802978515625,0.2903594970703125
2941,7424_7680_4352_4608,MSAVI,65536,43647,5748.0,49395.0,16141.0,medium,0.6660003662109375,0.08770751953125,0.2462921142578125
2942,7424_7680_4608_4864,MSAVI,65536,42942,2875.0,45817.0,19719.0,medium,0.655242919921875,0.0438690185546875,0.3008880615234375
2943,7424_7680_4864_5120,MSAVI,65536,40139,5803.0,45942.0,19594.0,medium,0.6124725341796875,0.0885467529296875,0.298980712890625
2944,7424_7680_5120_5376,MSAVI,65536,36604,9341.0,45945.0,19591.0,medium,0.55853271484375,0.1425323486328125,0.2989349365234375
2945,7424_7680_5376_5632,MSAVI,65536,36763,7288.0,44051.0,21485.0,medium,0.5609588623046875,0.1112060546875,0.3278350830078125
2946,7424_7680_5632_5888,MSAVI,65536,39557,2725.0,42282.0,23254.0,medium,0.6035919189453125,0.0415802001953125,0.354827880859375
2947,7424_7680_5888_6144,MSAVI,65536,35742,2682.0,38424.0,27112.0,medium,0.545379638671875,0.040924072265625,0.4136962890625
2948,7424_7680_6144_6400,MSAVI,65536,37093,3091.0,40184.0,25352.0,medium,0.5659942626953125,0.0471649169921875,0.3868408203125
2949,7424_7680_6400_6656,MSAVI,65536,44464,473.0,44937.0,20599.0,medium,0.678466796875,0.0072174072265625,0.3143157958984375
2950,7424_7680_6656_6912,MSAVI,65536,49172,974.0,50146.0,15390.0,medium,0.75030517578125,0.014862060546875,0.234832763671875
2951,7424_7680_6912_7168,MSAVI,65536,45329,5560.0,50889.0,14647.0,medium,0.6916656494140625,0.0848388671875,0.2234954833984375
2952,7424_7680_7168_7424,MSAVI,65536,37481,14245.0,51726.0,13810.0,medium,0.5719146728515625,0.2173614501953125,0.210723876953125
2953,7424_7680_7424_7680,MSAVI,65536,40408,2160.0,42568.0,22968.0,medium,0.6165771484375,0.032958984375,0.3504638671875
2954,7424_7680_7680_7936,MSAVI,65536,40614,2046.0,42660.0,22876.0,medium,0.619720458984375,0.031219482421875,0.34906005859375
2955,7424_7680_7936_8192,MSAVI,65536,40932,1504.0,42436.0,23100.0,medium,0.62457275390625,0.02294921875,0.35247802734375
2956,7424_7680_8192_8448,MSAVI,65536,43936,1055.0,44991.0,20545.0,medium,0.67041015625,0.0160980224609375,0.3134918212890625
2957,7424_7680_8448_8704,MSAVI,65536,40286,4627.0,44913.0,20623.0,medium,0.614715576171875,0.0706024169921875,0.3146820068359375
2958,7424_7680_8704_8960,MSAVI,65536,40188,1745.0,41933.0,23603.0,medium,0.61322021484375,0.0266265869140625,0.3601531982421875
2959,7424_7680_8960_9216,MSAVI,65536,41608,958.0,42566.0,22970.0,medium,0.6348876953125,0.014617919921875,0.350494384765625
2960,7424_7680_9216_9472,MSAVI,65536,44274,3698.0,47972.0,17564.0,medium,0.675567626953125,0.056427001953125,0.26800537109375
2961,7424_7680_9472_9728,MSAVI,65536,37955,5145.0,43100.0,22436.0,medium,0.5791473388671875,0.0785064697265625,0.34234619140625
2962,7424_7680_9728_9984,MSAVI,65536,33316,8013.0,41329.0,24207.0,medium,0.50836181640625,0.1222686767578125,0.3693695068359375
2963,7424_7680_9984_10240,MSAVI,65536,36101,6454.0,42555.0,22981.0,medium,0.5508575439453125,0.098480224609375,0.3506622314453125
2964,7424_7680_10240_10496,MSAVI,65536,36291,9485.0,45776.0,19760.0,medium,0.5537567138671875,0.1447296142578125,0.301513671875
2965,7424_7680_10496_10752,MSAVI,65536,34418,5760.0,40178.0,25358.0,medium,0.525177001953125,0.087890625,0.386932373046875
2966,7680_7936_1536_1792,MSAVI,65536,42437,3517.0,45954.0,19582.0,medium,0.6475372314453125,0.0536651611328125,0.298797607421875
2967,7680_7936_1792_2048,MSAVI,65536,44857,1191.0,46048.0,19488.0,medium,0.6844635009765625,0.0181732177734375,0.29736328125
2968,7680_7936_2048_2304,MSAVI,65536,45213,492.0,45705.0,19831.0,medium,0.6898956298828125,0.00750732421875,0.3025970458984375
2969,7680_7936_2304_2560,MSAVI,65536,48612,3721.0,52333.0,13203.0,medium,0.74176025390625,0.0567779541015625,0.2014617919921875
2970,7680_7936_2560_2816,MSAVI,65536,50508,4308.0,54816.0,10720.0,medium,0.77069091796875,0.06573486328125,0.16357421875
2971,7680_7936_2816_3072,MSAVI,65536,53117,1432.0,54549.0,10987.0,medium,0.8105010986328125,0.0218505859375,0.1676483154296875
2972,7680_7936_3072_3328,MSAVI,65536,38308,7033.0,45341.0,20195.0,medium,0.58453369140625,0.1073150634765625,0.3081512451171875
2973,7680_7936_3328_3584,MSAVI,65536,39367,3533.0,42900.0,22636.0,medium,0.6006927490234375,0.0539093017578125,0.34539794921875
2974,7680_7936_3584_3840,MSAVI,65536,40433,7532.0,47965.0,17571.0,medium,0.6169586181640625,0.11492919921875,0.2681121826171875
2975,7680_7936_3840_4096,MSAVI,65536,38107,6513.0,44620.0,20916.0,medium,0.5814666748046875,0.0993804931640625,0.31915283203125
2976,7680_7936_4096_4352,MSAVI,65536,42678,3850.0,46528.0,19008.0,medium,0.651214599609375,0.058746337890625,0.2900390625
2977,7680_7936_4352_4608,MSAVI,65536,40833,9029.0,49862.0,15674.0,medium,0.6230621337890625,0.1377716064453125,0.239166259765625
2978,7680_7936_4608_4864,MSAVI,65536,41771,7549.0,49320.0,16216.0,medium,0.6373748779296875,0.1151885986328125,0.2474365234375
2979,7680_7936_4864_5120,MSAVI,65536,47534,3746.0,51280.0,14256.0,medium,0.725311279296875,0.057159423828125,0.217529296875
2980,7680_7936_5120_5376,MSAVI,65536,41085,6024.0,47109.0,18427.0,medium,0.6269073486328125,0.0919189453125,0.2811737060546875
2981,7680_7936_5376_5632,MSAVI,65536,40996,5184.0,46180.0,19356.0,medium,0.62554931640625,0.0791015625,0.29534912109375
2982,7680_7936_5632_5888,MSAVI,65536,41793,7606.0,49399.0,16137.0,medium,0.6377105712890625,0.116058349609375,0.2462310791015625
2983,7680_7936_5888_6144,MSAVI,65536,38455,2780.0,41235.0,24301.0,medium,0.5867767333984375,0.04241943359375,0.3708038330078125
2984,7680_7936_6144_6400,MSAVI,65536,38294,1789.0,40083.0,25453.0,medium,0.584320068359375,0.0272979736328125,0.3883819580078125
2985,7680_7936_6400_6656,MSAVI,65536,44037,847.0,44884.0,20652.0,medium,0.6719512939453125,0.0129241943359375,0.31512451171875
2986,7680_7936_6656_6912,MSAVI,65536,42547,1118.0,43665.0,21871.0,medium,0.6492156982421875,0.017059326171875,0.3337249755859375
2987,7680_7936_6912_7168,MSAVI,65536,42710,7726.0,50436.0,15100.0,medium,0.651702880859375,0.117889404296875,0.23040771484375
2988,7680_7936_7168_7424,MSAVI,65536,40211,3823.0,44034.0,21502.0,medium,0.6135711669921875,0.0583343505859375,0.328094482421875
2989,7680_7936_7424_7680,MSAVI,65536,39089,2377.0,41466.0,24070.0,medium,0.5964508056640625,0.0362701416015625,0.367279052734375
2990,7680_7936_7680_7936,MSAVI,65536,40722,1312.0,42034.0,23502.0,medium,0.621368408203125,0.02001953125,0.358612060546875
2991,7680_7936_7936_8192,MSAVI,65536,39961,1699.0,41660.0,23876.0,medium,0.6097564697265625,0.0259246826171875,0.36431884765625
2992,7680_7936_8192_8448,MSAVI,65536,43559,355.0,43914.0,21622.0,medium,0.6646575927734375,0.0054168701171875,0.329925537109375
2993,7680_7936_8448_8704,MSAVI,65536,44247,1842.0,46089.0,19447.0,medium,0.6751556396484375,0.028106689453125,0.2967376708984375
2994,7680_7936_8704_8960,MSAVI,65536,40465,3098.0,43563.0,21973.0,medium,0.6174468994140625,0.047271728515625,0.3352813720703125
2995,7680_7936_8960_9216,MSAVI,65536,42231,1549.0,43780.0,21756.0,medium,0.6443939208984375,0.0236358642578125,0.33197021484375
2996,7680_7936_9216_9472,MSAVI,65536,41468,7882.0,49350.0,16186.0,medium,0.63275146484375,0.120269775390625,0.246978759765625
2997,7680_7936_9472_9728,MSAVI,65536,40013,6693.0,46706.0,18830.0,medium,0.6105499267578125,0.1021270751953125,0.287322998046875
2998,7680_7936_9728_9984,MSAVI,65536,40768,1781.0,42549.0,22987.0,medium,0.6220703125,0.0271759033203125,0.3507537841796875
2999,7680_7936_9984_10240,MSAVI,65536,36500,4220.0,40720.0,24816.0,medium,0.55694580078125,0.06439208984375,0.378662109375
3000,7680_7936_10240_10496,MSAVI,65536,37393,4064.0,41457.0,24079.0,medium,0.5705718994140625,0.06201171875,0.3674163818359375
3001,7680_7936_10496_10752,MSAVI,65536,33257,7666.0,40923.0,24613.0,medium,0.5074615478515625,0.116973876953125,0.3755645751953125
3002,7936_8192_1792_2048,MSAVI,65536,40262,4117.0,44379.0,21157.0,medium,0.614349365234375,0.0628204345703125,0.3228302001953125
3003,7936_8192_2048_2304,MSAVI,65536,42120,3554.0,45674.0,19862.0,medium,0.6427001953125,0.054229736328125,0.303070068359375
3004,7936_8192_2304_2560,MSAVI,65536,44604,6500.0,51104.0,14432.0,medium,0.68060302734375,0.09918212890625,0.22021484375
3005,7936_8192_2560_2816,MSAVI,65536,52222,602.0,52824.0,12712.0,medium,0.796844482421875,0.009185791015625,0.1939697265625
3006,7936_8192_2816_3072,MSAVI,65536,47849,2541.0,50390.0,15146.0,medium,0.7301177978515625,0.0387725830078125,0.231109619140625
3007,7936_8192_3072_3328,MSAVI,65536,42915,1052.0,43967.0,21569.0,medium,0.6548309326171875,0.01605224609375,0.3291168212890625
3008,7936_8192_3328_3584,MSAVI,65536,41004,2638.0,43642.0,21894.0,medium,0.62567138671875,0.040252685546875,0.334075927734375
3009,7936_8192_3584_3840,MSAVI,65536,42290,2281.0,44571.0,20965.0,medium,0.645294189453125,0.0348052978515625,0.3199005126953125
3010,7936_8192_3840_4096,MSAVI,65536,42187,2173.0,44360.0,21176.0,medium,0.6437225341796875,0.0331573486328125,0.3231201171875
3011,7936_8192_4096_4352,MSAVI,65536,43470,2966.0,46436.0,19100.0,medium,0.663299560546875,0.045257568359375,0.29144287109375
3012,7936_8192_4352_4608,MSAVI,65536,41392,4220.0,45612.0,19924.0,medium,0.631591796875,0.06439208984375,0.30401611328125
3013,7936_8192_4608_4864,MSAVI,65536,45632,4649.0,50281.0,15255.0,medium,0.6962890625,0.0709381103515625,0.2327728271484375
3014,7936_8192_4864_5120,MSAVI,65536,45220,6091.0,51311.0,14225.0,medium,0.69000244140625,0.0929412841796875,0.2170562744140625
3015,7936_8192_5120_5376,MSAVI,65536,37728,3982.0,41710.0,23826.0,medium,0.57568359375,0.060760498046875,0.363555908203125
3016,7936_8192_5376_5632,MSAVI,65536,39449,3996.0,43445.0,22091.0,medium,0.6019439697265625,0.06097412109375,0.3370819091796875
3017,7936_8192_5632_5888,MSAVI,65536,41208,7709.0,48917.0,16619.0,medium,0.6287841796875,0.1176300048828125,0.2535858154296875
3018,7936_8192_5888_6144,MSAVI,65536,43761,3178.0,46939.0,18597.0,medium,0.6677398681640625,0.048492431640625,0.2837677001953125
3019,7936_8192_6144_6400,MSAVI,65536,38631,2685.0,41316.0,24220.0,medium,0.5894622802734375,0.0409698486328125,0.36956787109375
3020,7936_8192_6400_6656,MSAVI,65536,41730,3268.0,44998.0,20538.0,medium,0.636749267578125,0.04986572265625,0.313385009765625
3021,7936_8192_6656_6912,MSAVI,65536,42444,452.0,42896.0,22640.0,medium,0.64764404296875,0.00689697265625,0.345458984375
3022,7936_8192_6912_7168,MSAVI,65536,43168,5426.0,48594.0,16942.0,medium,0.65869140625,0.082794189453125,0.258514404296875
3023,7936_8192_7168_7424,MSAVI,65536,41677,1162.0,42839.0,22697.0,medium,0.6359405517578125,0.017730712890625,0.3463287353515625
3024,7936_8192_7424_7680,MSAVI,65536,42601,862.0,43463.0,22073.0,medium,0.6500396728515625,0.013153076171875,0.3368072509765625
3025,7936_8192_7680_7936,MSAVI,65536,40496,228.0,40724.0,24812.0,medium,0.617919921875,0.00347900390625,0.37860107421875
3026,7936_8192_7936_8192,MSAVI,65536,38837,2110.0,40947.0,24589.0,medium,0.5926055908203125,0.032196044921875,0.3751983642578125
3027,7936_8192_8192_8448,MSAVI,65536,40393,7480.0,47873.0,17663.0,medium,0.6163482666015625,0.1141357421875,0.2695159912109375
3028,7936_8192_8448_8704,MSAVI,65536,42714,820.0,43534.0,22002.0,medium,0.651763916015625,0.01251220703125,0.335723876953125
3029,7936_8192_8704_8960,MSAVI,65536,42487,1108.0,43595.0,21941.0,medium,0.6483001708984375,0.01690673828125,0.3347930908203125
3030,7936_8192_8960_9216,MSAVI,65536,43205,1752.0,44957.0,20579.0,medium,0.6592559814453125,0.0267333984375,0.3140106201171875
3031,7936_8192_9216_9472,MSAVI,65536,39877,3243.0,43120.0,22416.0,medium,0.6084747314453125,0.0494842529296875,0.342041015625
3032,7936_8192_9472_9728,MSAVI,65536,47503,1886.0,49389.0,16147.0,medium,0.7248382568359375,0.028778076171875,0.2463836669921875
3033,7936_8192_9728_9984,MSAVI,65536,43069,2225.0,45294.0,20242.0,medium,0.6571807861328125,0.0339508056640625,0.308868408203125
3034,7936_8192_9984_10240,MSAVI,65536,37123,3887.0,41010.0,24526.0,medium,0.5664520263671875,0.0593109130859375,0.374237060546875
3035,7936_8192_10240_10496,MSAVI,65536,36789,2842.0,39631.0,25905.0,medium,0.5613555908203125,0.043365478515625,0.3952789306640625
3036,8192_8448_1792_2048,MSAVI,65398,43129,3445.0,46574.0,18824.0,medium,0.6594849995412704,0.05267745190984434,0.28783754854888527
3037,8192_8448_2048_2304,MSAVI,65536,41398,6267.0,47665.0,17871.0,medium,0.631683349609375,0.0956268310546875,0.2726898193359375
3038,8192_8448_2304_2560,MSAVI,65536,44219,2215.0,46434.0,19102.0,medium,0.6747283935546875,0.0337982177734375,0.291473388671875
3039,8192_8448_2560_2816,MSAVI,65536,47405,4254.0,51659.0,13877.0,medium,0.7233428955078125,0.064910888671875,0.2117462158203125
3040,8192_8448_2816_3072,MSAVI,65536,47820,2592.0,50412.0,15124.0,medium,0.72967529296875,0.03955078125,0.23077392578125
3041,8192_8448_3072_3328,MSAVI,65536,42200,1094.0,43294.0,22242.0,medium,0.6439208984375,0.016693115234375,0.339385986328125
3042,8192_8448_3328_3584,MSAVI,65536,42504,1268.0,43772.0,21764.0,medium,0.6485595703125,0.01934814453125,0.33209228515625
3043,8192_8448_3584_3840,MSAVI,65536,43961,2517.0,46478.0,19058.0,medium,0.6707916259765625,0.0384063720703125,0.290802001953125
3044,8192_8448_3840_4096,MSAVI,65536,31343,14743.0,46086.0,19450.0,medium,0.4782562255859375,0.2249603271484375,0.296783447265625
3045,8192_8448_4096_4352,MSAVI,65536,39241,6343.0,45584.0,19952.0,medium,0.5987701416015625,0.0967864990234375,0.304443359375
3046,8192_8448_4352_4608,MSAVI,65536,44394,2722.0,47116.0,18420.0,medium,0.677398681640625,0.041534423828125,0.28106689453125
3047,8192_8448_4608_4864,MSAVI,65536,43952,5707.0,49659.0,15877.0,medium,0.670654296875,0.0870819091796875,0.2422637939453125
3048,8192_8448_4864_5120,MSAVI,65536,47136,2920.0,50056.0,15480.0,medium,0.71923828125,0.0445556640625,0.2362060546875
3049,8192_8448_5120_5376,MSAVI,65536,39235,1782.0,41017.0,24519.0,medium,0.5986785888671875,0.027191162109375,0.3741302490234375
3050,8192_8448_5376_5632,MSAVI,65536,36300,7101.0,43401.0,22135.0,medium,0.55389404296875,0.1083526611328125,0.3377532958984375
3051,8192_8448_5632_5888,MSAVI,65536,41772,1488.0,43260.0,22276.0,medium,0.63739013671875,0.022705078125,0.33990478515625
3052,8192_8448_5888_6144,MSAVI,65536,48835,826.0,49661.0,15875.0,medium,0.7451629638671875,0.012603759765625,0.2422332763671875
3053,8192_8448_6144_6400,MSAVI,65536,35127,6687.0,41814.0,23722.0,medium,0.5359954833984375,0.1020355224609375,0.361968994140625
3054,8192_8448_6400_6656,MSAVI,65536,39113,3171.0,42284.0,23252.0,medium,0.5968170166015625,0.0483856201171875,0.35479736328125
3055,8192_8448_6656_6912,MSAVI,65536,42349,792.0,43141.0,22395.0,medium,0.6461944580078125,0.0120849609375,0.3417205810546875
3056,8192_8448_6912_7168,MSAVI,65536,41361,11310.0,52671.0,12865.0,medium,0.6311187744140625,0.172576904296875,0.1963043212890625
3057,8192_8448_7168_7424,MSAVI,65536,39775,1933.0,41708.0,23828.0,medium,0.6069183349609375,0.0294952392578125,0.36358642578125
3058,8192_8448_7424_7680,MSAVI,65536,43406,2694.0,46100.0,19436.0,medium,0.662322998046875,0.041107177734375,0.29656982421875
3059,8192_8448_7680_7936,MSAVI,65536,43587,2442.0,46029.0,19507.0,medium,0.6650848388671875,0.037261962890625,0.2976531982421875
3060,8192_8448_7936_8192,MSAVI,65536,40462,2991.0,43453.0,22083.0,medium,0.617401123046875,0.0456390380859375,0.3369598388671875
3061,8192_8448_8192_8448,MSAVI,65536,44922,3628.0,48550.0,16986.0,medium,0.685455322265625,0.05535888671875,0.259185791015625
3062,8192_8448_8448_8704,MSAVI,65536,43372,1866.0,45238.0,20298.0,medium,0.66180419921875,0.028472900390625,0.309722900390625
3063,8192_8448_8704_8960,MSAVI,65536,46410,699.0,47109.0,18427.0,medium,0.708160400390625,0.0106658935546875,0.2811737060546875
3064,8192_8448_8960_9216,MSAVI,65536,44502,2990.0,47492.0,18044.0,medium,0.679046630859375,0.045623779296875,0.27532958984375
3065,8192_8448_9216_9472,MSAVI,65536,46088,1874.0,47962.0,17574.0,medium,0.7032470703125,0.028594970703125,0.268157958984375
3066,8192_8448_9472_9728,MSAVI,65536,47708,2730.0,50438.0,15098.0,medium,0.72796630859375,0.041656494140625,0.230377197265625
3067,8192_8448_9728_9984,MSAVI,65536,46770,4668.0,51438.0,14098.0,medium,0.713653564453125,0.07122802734375,0.215118408203125
3068,8192_8448_9984_10240,MSAVI,65536,36216,6228.0,42444.0,23092.0,medium,0.5526123046875,0.09503173828125,0.35235595703125
3069,8448_8704_2048_2304,MSAVI,65536,43923,2046.0,45969.0,19567.0,medium,0.6702117919921875,0.031219482421875,0.2985687255859375
3070,8448_8704_2304_2560,MSAVI,65536,48906,294.0,49200.0,16336.0,medium,0.746246337890625,0.004486083984375,0.249267578125
3071,8448_8704_2560_2816,MSAVI,65536,44527,2077.0,46604.0,18932.0,medium,0.6794281005859375,0.0316925048828125,0.28887939453125
3072,8448_8704_2816_3072,MSAVI,65536,45780,1203.0,46983.0,18553.0,medium,0.69854736328125,0.0183563232421875,0.2830963134765625
3073,8448_8704_3072_3328,MSAVI,65536,47553,1219.0,48772.0,16764.0,medium,0.7256011962890625,0.0186004638671875,0.25579833984375
3074,8448_8704_3328_3584,MSAVI,65536,43173,2511.0,45684.0,19852.0,medium,0.6587677001953125,0.0383148193359375,0.30291748046875
3075,8448_8704_3584_3840,MSAVI,65536,39886,3773.0,43659.0,21877.0,medium,0.608612060546875,0.0575714111328125,0.3338165283203125
3076,8448_8704_3840_4096,MSAVI,65536,41647,8993.0,50640.0,14896.0,medium,0.6354827880859375,0.1372222900390625,0.227294921875
3077,8448_8704_4096_4352,MSAVI,65536,42356,6553.0,48909.0,16627.0,medium,0.64630126953125,0.0999908447265625,0.2537078857421875
3078,8448_8704_4352_4608,MSAVI,65536,38586,10949.0,49535.0,16001.0,medium,0.588775634765625,0.1670684814453125,0.2441558837890625
3079,8448_8704_4608_4864,MSAVI,65536,46495,1673.0,48168.0,17368.0,medium,0.7094573974609375,0.0255279541015625,0.2650146484375
3080,8448_8704_4864_5120,MSAVI,65536,49288,489.0,49777.0,15759.0,medium,0.7520751953125,0.0074615478515625,0.2404632568359375
3081,8448_8704_5120_5376,MSAVI,65536,44677,2090.0,46767.0,18769.0,medium,0.6817169189453125,0.031890869140625,0.2863922119140625
3082,8448_8704_5376_5632,MSAVI,65536,42537,3378.0,45915.0,19621.0,medium,0.6490631103515625,0.051544189453125,0.2993927001953125
3083,8448_8704_5632_5888,MSAVI,65536,19758,1899.0,21657.0,43879.0,medium,0.301483154296875,0.0289764404296875,0.6695404052734375
3084,8448_8704_5888_6144,MSAVI,65536,35967,6778.0,42745.0,22791.0,medium,0.5488128662109375,0.103424072265625,0.3477630615234375
3085,8448_8704_6144_6400,MSAVI,65536,39557,5356.0,44913.0,20623.0,medium,0.6035919189453125,0.08172607421875,0.3146820068359375
3086,8448_8704_6400_6656,MSAVI,65536,34700,5427.0,40127.0,25409.0,medium,0.52947998046875,0.0828094482421875,0.3877105712890625
3087,8448_8704_6656_6912,MSAVI,65536,42380,6458.0,48838.0,16698.0,medium,0.64666748046875,0.098541259765625,0.254791259765625
3088,8448_8704_6912_7168,MSAVI,65536,38113,11947.0,50060.0,15476.0,medium,0.5815582275390625,0.1822967529296875,0.23614501953125
3089,8448_8704_7168_7424,MSAVI,65536,38683,1909.0,40592.0,24944.0,medium,0.5902557373046875,0.0291290283203125,0.380615234375
3090,8448_8704_7424_7680,MSAVI,65536,46744,859.0,47603.0,17933.0,medium,0.7132568359375,0.0131072998046875,0.2736358642578125
3091,8448_8704_7680_7936,MSAVI,65536,49561,46.0,49607.0,15929.0,medium,0.7562408447265625,0.000701904296875,0.2430572509765625
3092,8448_8704_7936_8192,MSAVI,65536,47558,584.0,48142.0,17394.0,medium,0.725677490234375,0.0089111328125,0.265411376953125
3093,8448_8704_8192_8448,MSAVI,65536,49087,2637.0,51724.0,13812.0,medium,0.7490081787109375,0.0402374267578125,0.21075439453125
3094,8448_8704_8448_8704,MSAVI,65536,44794,2632.0,47426.0,18110.0,medium,0.683502197265625,0.0401611328125,0.276336669921875
3095,8448_8704_8704_8960,MSAVI,65536,43159,4743.0,47902.0,17634.0,medium,0.6585540771484375,0.0723724365234375,0.269073486328125
3096,8448_8704_8960_9216,MSAVI,65536,32492,8475.0,40967.0,24569.0,medium,0.49578857421875,0.1293182373046875,0.3748931884765625
3097,8448_8704_9216_9472,MSAVI,65536,39721,4234.0,43955.0,21581.0,medium,0.6060943603515625,0.064605712890625,0.3292999267578125
3098,8448_8704_9472_9728,MSAVI,65536,43209,1975.0,45184.0,20352.0,medium,0.6593170166015625,0.0301361083984375,0.310546875
3099,8704_8960_2304_2560,MSAVI,65536,43001,1804.0,44805.0,20731.0,medium,0.6561431884765625,0.02752685546875,0.3163299560546875
3100,8704_8960_2560_2816,MSAVI,65536,44978,454.0,45432.0,20104.0,medium,0.686309814453125,0.006927490234375,0.3067626953125
3101,8704_8960_2816_3072,MSAVI,65536,42259,896.0,43155.0,22381.0,medium,0.6448211669921875,0.013671875,0.3415069580078125
3102,8704_8960_3072_3328,MSAVI,65536,41700,5038.0,46738.0,18798.0,medium,0.63629150390625,0.076873779296875,0.286834716796875
3103,8704_8960_3328_3584,MSAVI,65536,39849,5505.0,45354.0,20182.0,medium,0.6080474853515625,0.0839996337890625,0.307952880859375
3104,8704_8960_3584_3840,MSAVI,65536,40486,4305.0,44791.0,20745.0,medium,0.617767333984375,0.0656890869140625,0.3165435791015625
3105,8704_8960_3840_4096,MSAVI,65536,40784,5486.0,46270.0,19266.0,medium,0.622314453125,0.083709716796875,0.293975830078125
3106,8704_8960_4096_4352,MSAVI,65536,43725,6418.0,50143.0,15393.0,medium,0.6671905517578125,0.097930908203125,0.2348785400390625
3107,8704_8960_4352_4608,MSAVI,65536,45714,2802.0,48516.0,17020.0,medium,0.697540283203125,0.042755126953125,0.25970458984375
3108,8704_8960_4608_4864,MSAVI,65536,49426,1167.0,50593.0,14943.0,medium,0.754180908203125,0.0178070068359375,0.2280120849609375
3109,8704_8960_4864_5120,MSAVI,65536,48289,302.0,48591.0,16945.0,medium,0.7368316650390625,0.004608154296875,0.2585601806640625
3110,8704_8960_5120_5376,MSAVI,65536,47587,404.0,47991.0,17545.0,medium,0.7261199951171875,0.00616455078125,0.2677154541015625
3111,8704_8960_5376_5632,MSAVI,65536,43232,2233.0,45465.0,20071.0,medium,0.65966796875,0.0340728759765625,0.3062591552734375
3112,8704_8960_5632_5888,MSAVI,65536,38555,3345.0,41900.0,23636.0,medium,0.5883026123046875,0.0510406494140625,0.36065673828125
3113,8704_8960_5888_6144,MSAVI,65536,33685,11555.0,45240.0,20296.0,medium,0.5139923095703125,0.1763153076171875,0.3096923828125
3114,8704_8960_6144_6400,MSAVI,65536,32389,17261.0,49650.0,15886.0,medium,0.4942169189453125,0.2633819580078125,0.242401123046875
3115,8704_8960_6400_6656,MSAVI,65536,33482,8243.0,41725.0,23811.0,medium,0.510894775390625,0.1257781982421875,0.3633270263671875
3116,8704_8960_6656_6912,MSAVI,65536,31514,9991.0,41505.0,24031.0,medium,0.480865478515625,0.1524505615234375,0.3666839599609375
3117,8704_8960_6912_7168,MSAVI,65536,41956,8154.0,50110.0,15426.0,medium,0.64019775390625,0.124420166015625,0.235382080078125
3118,8704_8960_7168_7424,MSAVI,65536,48883,4954.0,53837.0,11699.0,medium,0.7458953857421875,0.075592041015625,0.1785125732421875
3119,8704_8960_7424_7680,MSAVI,65536,43591,898.0,44489.0,21047.0,medium,0.6651458740234375,0.013702392578125,0.3211517333984375
3120,8704_8960_7680_7936,MSAVI,65536,45741,1225.0,46966.0,18570.0,medium,0.6979522705078125,0.0186920166015625,0.283355712890625
3121,8704_8960_7936_8192,MSAVI,65536,44238,2102.0,46340.0,19196.0,medium,0.675018310546875,0.032073974609375,0.29290771484375
3122,8704_8960_8192_8448,MSAVI,65536,44665,4358.0,49023.0,16513.0,medium,0.6815338134765625,0.066497802734375,0.2519683837890625
3123,8704_8960_8448_8704,MSAVI,65536,45140,2085.0,47225.0,18311.0,medium,0.68878173828125,0.0318145751953125,0.2794036865234375
3124,8704_8960_8704_8960,MSAVI,65536,41948,1889.0,43837.0,21699.0,medium,0.64007568359375,0.0288238525390625,0.3311004638671875
3125,8704_8960_8960_9216,MSAVI,65536,33014,7372.0,40386.0,25150.0,medium,0.503753662109375,0.11248779296875,0.383758544921875
3126,8704_8960_9216_9472,MSAVI,65536,31900,5611.0,37511.0,28025.0,medium,0.48675537109375,0.0856170654296875,0.4276275634765625
3127,8960_9216_2304_2560,MSAVI,65536,42414,901.0,43315.0,22221.0,medium,0.647186279296875,0.0137481689453125,0.3390655517578125
3128,8960_9216_2560_2816,MSAVI,65536,43250,1501.0,44751.0,20785.0,medium,0.659942626953125,0.0229034423828125,0.3171539306640625
3129,8960_9216_2816_3072,MSAVI,65536,43416,4352.0,47768.0,17768.0,medium,0.6624755859375,0.06640625,0.2711181640625
3130,8960_9216_3072_3328,MSAVI,65536,38676,4013.0,42689.0,22847.0,medium,0.59014892578125,0.0612335205078125,0.3486175537109375
3131,8960_9216_3328_3584,MSAVI,65536,39518,2802.0,42320.0,23216.0,medium,0.602996826171875,0.042755126953125,0.354248046875
3132,8960_9216_3584_3840,MSAVI,65536,41417,1705.0,43122.0,22414.0,medium,0.6319732666015625,0.0260162353515625,0.342010498046875
3133,8960_9216_3840_4096,MSAVI,65536,36950,8684.0,45634.0,19902.0,medium,0.563812255859375,0.13250732421875,0.303680419921875
3134,8960_9216_4096_4352,MSAVI,65536,41203,7157.0,48360.0,17176.0,medium,0.6287078857421875,0.1092071533203125,0.2620849609375
3135,8960_9216_4352_4608,MSAVI,65536,40540,9877.0,50417.0,15119.0,medium,0.61859130859375,0.1507110595703125,0.2306976318359375
3136,8960_9216_4608_4864,MSAVI,65536,39854,8876.0,48730.0,16806.0,medium,0.608123779296875,0.13543701171875,0.256439208984375
3137,8960_9216_4864_5120,MSAVI,65536,46305,2024.0,48329.0,17207.0,medium,0.7065582275390625,0.0308837890625,0.2625579833984375
3138,8960_9216_5120_5376,MSAVI,65536,45541,1896.0,47437.0,18099.0,medium,0.6949005126953125,0.0289306640625,0.2761688232421875
3139,8960_9216_5376_5632,MSAVI,65536,48975,1429.0,50404.0,15132.0,medium,0.7472991943359375,0.0218048095703125,0.23089599609375
3140,8960_9216_5632_5888,MSAVI,65536,40473,3801.0,44274.0,21262.0,medium,0.6175689697265625,0.0579986572265625,0.324432373046875
3141,8960_9216_5888_6144,MSAVI,65536,37358,4600.0,41958.0,23578.0,medium,0.570037841796875,0.0701904296875,0.359771728515625
3142,8960_9216_6144_6400,MSAVI,65536,32304,8213.0,40517.0,25019.0,medium,0.492919921875,0.1253204345703125,0.3817596435546875
3143,8960_9216_6400_6656,MSAVI,65536,34517,11776.0,46293.0,19243.0,medium,0.5266876220703125,0.1796875,0.2936248779296875
3144,8960_9216_6656_6912,MSAVI,65536,37843,7495.0,45338.0,20198.0,medium,0.5774383544921875,0.1143646240234375,0.308197021484375
3145,8960_9216_6912_7168,MSAVI,65536,36835,4910.0,41745.0,23791.0,medium,0.5620574951171875,0.074920654296875,0.3630218505859375
3146,8960_9216_7168_7424,MSAVI,65536,37424,2003.0,39427.0,26109.0,medium,0.571044921875,0.0305633544921875,0.3983917236328125
3147,8960_9216_7424_7680,MSAVI,65536,37518,1365.0,38883.0,26653.0,medium,0.572479248046875,0.0208282470703125,0.4066925048828125
3148,8960_9216_7680_7936,MSAVI,65536,41818,856.0,42674.0,22862.0,medium,0.638092041015625,0.0130615234375,0.348846435546875
3149,8960_9216_7936_8192,MSAVI,65536,40832,5007.0,45839.0,19697.0,medium,0.623046875,0.0764007568359375,0.3005523681640625
3150,8960_9216_8192_8448,MSAVI,65536,39655,3397.0,43052.0,22484.0,medium,0.6050872802734375,0.0518341064453125,0.34307861328125
3151,8960_9216_8448_8704,MSAVI,65536,45069,1217.0,46286.0,19250.0,medium,0.6876983642578125,0.0185699462890625,0.293731689453125
3152,8960_9216_8704_8960,MSAVI,65536,42375,741.0,43116.0,22420.0,medium,0.6465911865234375,0.0113067626953125,0.34210205078125
3153,9216_9472_2560_2816,MSAVI,65536,42475,4255.0,46730.0,18806.0,medium,0.6481170654296875,0.0649261474609375,0.286956787109375
3154,9216_9472_2816_3072,MSAVI,65536,44666,2134.0,46800.0,18736.0,medium,0.681549072265625,0.032562255859375,0.285888671875
3155,9216_9472_3072_3328,MSAVI,65536,43874,1947.0,45821.0,19715.0,medium,0.669464111328125,0.0297088623046875,0.3008270263671875
3156,9216_9472_3328_3584,MSAVI,65536,43806,444.0,44250.0,21286.0,medium,0.668426513671875,0.00677490234375,0.324798583984375
3157,9216_9472_3584_3840,MSAVI,65536,46544,637.0,47181.0,18355.0,medium,0.710205078125,0.0097198486328125,0.2800750732421875
3158,9216_9472_3840_4096,MSAVI,65536,42106,5850.0,47956.0,17580.0,medium,0.642486572265625,0.089263916015625,0.26824951171875
3159,9216_9472_4096_4352,MSAVI,65536,43970,3353.0,47323.0,18213.0,medium,0.670928955078125,0.0511627197265625,0.2779083251953125
3160,9216_9472_4352_4608,MSAVI,65536,47690,3849.0,51539.0,13997.0,medium,0.727691650390625,0.0587310791015625,0.2135772705078125
3161,9216_9472_4608_4864,MSAVI,65536,45626,6816.0,52442.0,13094.0,medium,0.696197509765625,0.10400390625,0.199798583984375
3162,9216_9472_4864_5120,MSAVI,65536,47288,4525.0,51813.0,13723.0,medium,0.7215576171875,0.0690460205078125,0.2093963623046875
3163,9216_9472_5120_5376,MSAVI,65536,42179,1517.0,43696.0,21840.0,medium,0.6436004638671875,0.0231475830078125,0.333251953125
3164,9216_9472_5376_5632,MSAVI,65536,41396,2761.0,44157.0,21379.0,medium,0.63165283203125,0.0421295166015625,0.3262176513671875
3165,9216_9472_5632_5888,MSAVI,65536,46251,2390.0,48641.0,16895.0,medium,0.7057342529296875,0.036468505859375,0.2577972412109375
3166,9216_9472_5888_6144,MSAVI,65536,39437,3330.0,42767.0,22769.0,medium,0.6017608642578125,0.050811767578125,0.3474273681640625
3167,9216_9472_6144_6400,MSAVI,65536,34580,9471.0,44051.0,21485.0,medium,0.52764892578125,0.1445159912109375,0.3278350830078125
3168,9216_9472_6400_6656,MSAVI,65536,43876,6611.0,50487.0,15049.0,medium,0.66949462890625,0.1008758544921875,0.2296295166015625
3169,9216_9472_6656_6912,MSAVI,65536,44698,9505.0,54203.0,11333.0,medium,0.682037353515625,0.1450347900390625,0.1729278564453125
3170,9216_9472_6912_7168,MSAVI,65536,37112,5677.0,42789.0,22747.0,medium,0.5662841796875,0.0866241455078125,0.3470916748046875
3171,9216_9472_7168_7424,MSAVI,65536,36031,3910.0,39941.0,25595.0,medium,0.5497894287109375,0.059661865234375,0.3905487060546875
3172,9216_9472_7424_7680,MSAVI,65536,35638,1584.0,37222.0,28314.0,medium,0.543792724609375,0.024169921875,0.432037353515625
3173,9216_9472_7680_7936,MSAVI,65536,37676,1862.0,39538.0,25998.0,medium,0.57489013671875,0.028411865234375,0.396697998046875
3174,9216_9472_7936_8192,MSAVI,65536,36505,4389.0,40894.0,24642.0,medium,0.5570220947265625,0.0669708251953125,0.376007080078125
3175,9216_9472_8192_8448,MSAVI,65536,36637,2871.0,39508.0,26028.0,medium,0.5590362548828125,0.0438079833984375,0.39715576171875
3176,9216_9472_8448_8704,MSAVI,65536,40971,5407.0,46378.0,19158.0,medium,0.6251678466796875,0.0825042724609375,0.292327880859375
3177,9472_9728_2560_2816,MSAVI,65536,40834,1426.0,42260.0,23276.0,medium,0.623077392578125,0.021759033203125,0.35516357421875
3178,9472_9728_2816_3072,MSAVI,65536,39333,5831.0,45164.0,20372.0,medium,0.6001739501953125,0.0889739990234375,0.31085205078125
3179,9472_9728_3072_3328,MSAVI,65536,38621,4741.0,43362.0,22174.0,medium,0.5893096923828125,0.0723419189453125,0.338348388671875
3180,9472_9728_3328_3584,MSAVI,65536,44484,2323.0,46807.0,18729.0,medium,0.67877197265625,0.0354461669921875,0.2857818603515625
3181,9472_9728_3584_3840,MSAVI,65536,45304,1333.0,46637.0,18899.0,medium,0.6912841796875,0.0203399658203125,0.2883758544921875
3182,9472_9728_3840_4096,MSAVI,65536,46096,523.0,46619.0,18917.0,medium,0.703369140625,0.0079803466796875,0.2886505126953125
3183,9472_9728_4096_4352,MSAVI,65536,43909,1677.0,45586.0,19950.0,medium,0.6699981689453125,0.0255889892578125,0.304412841796875
3184,9472_9728_4352_4608,MSAVI,65536,50001,82.0,50083.0,15453.0,medium,0.7629547119140625,0.001251220703125,0.2357940673828125
3185,9472_9728_4608_4864,MSAVI,65536,43202,8968.0,52170.0,13366.0,medium,0.659210205078125,0.1368408203125,0.203948974609375
3186,9472_9728_4864_5120,MSAVI,65536,44169,2669.0,46838.0,18698.0,medium,0.6739654541015625,0.0407257080078125,0.285308837890625
3187,9472_9728_5120_5376,MSAVI,65536,39332,4197.0,43529.0,22007.0,medium,0.60015869140625,0.0640411376953125,0.3358001708984375
3188,9472_9728_5376_5632,MSAVI,65536,41589,2724.0,44313.0,21223.0,medium,0.6345977783203125,0.04156494140625,0.3238372802734375
3189,9472_9728_5632_5888,MSAVI,65536,43928,1943.0,45871.0,19665.0,medium,0.6702880859375,0.0296478271484375,0.3000640869140625
3190,9472_9728_5888_6144,MSAVI,65536,44148,6004.0,50152.0,15384.0,medium,0.67364501953125,0.09161376953125,0.2347412109375
3191,9472_9728_6144_6400,MSAVI,65536,35195,9234.0,44429.0,21107.0,medium,0.5370330810546875,0.140899658203125,0.3220672607421875
3192,9472_9728_6400_6656,MSAVI,65536,35972,5413.0,41385.0,24151.0,medium,0.54888916015625,0.0825958251953125,0.3685150146484375
3193,9472_9728_6656_6912,MSAVI,65536,38667,9995.0,48662.0,16874.0,medium,0.5900115966796875,0.1525115966796875,0.257476806640625
3194,9472_9728_6912_7168,MSAVI,65536,38629,4681.0,43310.0,22226.0,medium,0.5894317626953125,0.0714263916015625,0.339141845703125
3195,9472_9728_7168_7424,MSAVI,65536,36025,5617.0,41642.0,23894.0,medium,0.5496978759765625,0.0857086181640625,0.364593505859375
3196,9472_9728_7424_7680,MSAVI,65536,35454,2216.0,37670.0,27866.0,medium,0.540985107421875,0.0338134765625,0.425201416015625
3197,9472_9728_7680_7936,MSAVI,65536,35937,3026.0,38963.0,26573.0,medium,0.5483551025390625,0.046173095703125,0.4054718017578125
3198,9472_9728_7936_8192,MSAVI,65536,36928,2477.0,39405.0,26131.0,medium,0.5634765625,0.0377960205078125,0.3987274169921875
3199,9728_9984_2816_3072,MSAVI,65536,43270,1254.0,44524.0,21012.0,medium,0.660247802734375,0.019134521484375,0.32061767578125
3200,9728_9984_3072_3328,MSAVI,65536,47746,667.0,48413.0,17123.0,medium,0.728546142578125,0.0101776123046875,0.2612762451171875
3201,9728_9984_3328_3584,MSAVI,65536,41598,3751.0,45349.0,20187.0,medium,0.634735107421875,0.0572357177734375,0.3080291748046875
3202,9728_9984_3584_3840,MSAVI,65536,42083,4887.0,46970.0,18566.0,medium,0.6421356201171875,0.0745697021484375,0.283294677734375
3203,9728_9984_3840_4096,MSAVI,65536,46468,2148.0,48616.0,16920.0,medium,0.70904541015625,0.03277587890625,0.2581787109375
3204,9728_9984_4096_4352,MSAVI,65536,44098,2778.0,46876.0,18660.0,medium,0.672882080078125,0.042388916015625,0.28472900390625
3205,9728_9984_4352_4608,MSAVI,65536,46113,1593.0,47706.0,17830.0,medium,0.7036285400390625,0.0243072509765625,0.272064208984375
3206,9728_9984_4608_4864,MSAVI,65536,45920,2061.0,47981.0,17555.0,medium,0.70068359375,0.0314483642578125,0.2678680419921875
3207,9728_9984_4864_5120,MSAVI,65536,43639,2820.0,46459.0,19077.0,medium,0.6658782958984375,0.04302978515625,0.2910919189453125
3208,9728_9984_5120_5376,MSAVI,65536,42987,3645.0,46632.0,18904.0,medium,0.6559295654296875,0.0556182861328125,0.2884521484375
3209,9728_9984_5376_5632,MSAVI,65536,39830,4146.0,43976.0,21560.0,medium,0.607757568359375,0.063262939453125,0.3289794921875
3210,9728_9984_5632_5888,MSAVI,65536,43148,1672.0,44820.0,20716.0,medium,0.65838623046875,0.0255126953125,0.31610107421875
3211,9728_9984_5888_6144,MSAVI,65536,44938,3964.0,48902.0,16634.0,medium,0.685699462890625,0.06048583984375,0.253814697265625
3212,9728_9984_6144_6400,MSAVI,65536,39380,8008.0,47388.0,18148.0,medium,0.60089111328125,0.1221923828125,0.27691650390625
3213,9728_9984_6400_6656,MSAVI,65536,36315,2841.0,39156.0,26380.0,medium,0.5541229248046875,0.0433502197265625,0.40252685546875
3214,9728_9984_6656_6912,MSAVI,65536,42160,6619.0,48779.0,16757.0,medium,0.643310546875,0.1009979248046875,0.2556915283203125
3215,9728_9984_6912_7168,MSAVI,65536,45799,5057.0,50856.0,14680.0,medium,0.6988372802734375,0.0771636962890625,0.2239990234375
3216,9728_9984_7168_7424,MSAVI,65536,37773,2922.0,40695.0,24841.0,medium,0.5763702392578125,0.044586181640625,0.3790435791015625
3217,9728_9984_7424_7680,MSAVI,65536,35108,2507.0,37615.0,27921.0,medium,0.53570556640625,0.0382537841796875,0.4260406494140625
3218,9984_10240_2816_3072,MSAVI,65308,43719,883.0,44602.0,20706.0,medium,0.6694279414466834,0.013520548784222453,0.31705150976909413
3219,9984_10240_3072_3328,MSAVI,65536,53041,60.0,53101.0,12435.0,medium,0.8093414306640625,0.00091552734375,0.1897430419921875
3220,9984_10240_3328_3584,MSAVI,65536,48964,2680.0,51644.0,13892.0,medium,0.74713134765625,0.0408935546875,0.21197509765625
3221,9984_10240_3584_3840,MSAVI,65536,34934,11495.0,46429.0,19107.0,medium,0.533050537109375,0.1753997802734375,0.2915496826171875
3222,9984_10240_3840_4096,MSAVI,65536,46150,2326.0,48476.0,17060.0,medium,0.704193115234375,0.035491943359375,0.26031494140625
3223,9984_10240_4096_4352,MSAVI,65536,46936,4430.0,51366.0,14170.0,medium,0.7161865234375,0.067596435546875,0.216217041015625
3224,9984_10240_4352_4608,MSAVI,65536,45471,3812.0,49283.0,16253.0,medium,0.6938323974609375,0.05816650390625,0.2480010986328125
3225,9984_10240_4608_4864,MSAVI,65536,44058,2927.0,46985.0,18551.0,medium,0.672271728515625,0.0446624755859375,0.2830657958984375
3226,9984_10240_4864_5120,MSAVI,65536,47003,2017.0,49020.0,16516.0,medium,0.7172088623046875,0.0307769775390625,0.25201416015625
3227,9984_10240_5120_5376,MSAVI,65536,45849,859.0,46708.0,18828.0,medium,0.6996002197265625,0.0131072998046875,0.28729248046875
3228,9984_10240_5376_5632,MSAVI,65536,37350,7108.0,44458.0,21078.0,medium,0.569915771484375,0.10845947265625,0.321624755859375
3229,9984_10240_5632_5888,MSAVI,65536,41030,2792.0,43822.0,21714.0,medium,0.626068115234375,0.0426025390625,0.331329345703125
3230,9984_10240_5888_6144,MSAVI,65536,43089,4936.0,48025.0,17511.0,medium,0.6574859619140625,0.0753173828125,0.2671966552734375
3231,9984_10240_6144_6400,MSAVI,65536,42323,3956.0,46279.0,19257.0,medium,0.6457977294921875,0.06036376953125,0.2938385009765625
3232,9984_10240_6400_6656,MSAVI,65536,33622,8862.0,42484.0,23052.0,medium,0.513031005859375,0.135223388671875,0.35174560546875
3233,9984_10240_6656_6912,MSAVI,65536,34281,6485.0,40766.0,24770.0,medium,0.5230865478515625,0.0989532470703125,0.377960205078125
3234,9984_10240_6912_7168,MSAVI,65536,38155,2872.0,41027.0,24509.0,medium,0.5821990966796875,0.0438232421875,0.3739776611328125
3235,9984_10240_7168_7424,MSAVI,65536,39484,3033.0,42517.0,23019.0,medium,0.60247802734375,0.0462799072265625,0.3512420654296875
3236,10240_10496_3072_3328,MSAVI,65536,45514,339.0,45853.0,19683.0,medium,0.694488525390625,0.0051727294921875,0.3003387451171875
3237,10240_10496_3328_3584,MSAVI,65536,50200,2994.0,53194.0,12342.0,medium,0.7659912109375,0.045684814453125,0.188323974609375
3238,10240_10496_3584_3840,MSAVI,65536,38396,12051.0,50447.0,15089.0,medium,0.58587646484375,0.1838836669921875,0.2302398681640625
3239,10240_10496_3840_4096,MSAVI,65536,43081,3107.0,46188.0,19348.0,medium,0.6573638916015625,0.0474090576171875,0.29522705078125
3240,10240_10496_4096_4352,MSAVI,65536,45700,1122.0,46822.0,18714.0,medium,0.69732666015625,0.017120361328125,0.285552978515625
3241,10240_10496_4352_4608,MSAVI,65536,53339,96.0,53435.0,12101.0,medium,0.8138885498046875,0.00146484375,0.1846466064453125
3242,10240_10496_4608_4864,MSAVI,65536,46027,2665.0,48692.0,16844.0,medium,0.7023162841796875,0.0406646728515625,0.25701904296875
3243,10240_10496_4864_5120,MSAVI,65536,45587,2344.0,47931.0,17605.0,medium,0.6956024169921875,0.0357666015625,0.2686309814453125
3244,10240_10496_5120_5376,MSAVI,65536,41607,1769.0,43376.0,22160.0,medium,0.6348724365234375,0.0269927978515625,0.338134765625
3245,10240_10496_5376_5632,MSAVI,65536,40306,1625.0,41931.0,23605.0,medium,0.615020751953125,0.0247955322265625,0.3601837158203125
3246,10240_10496_5632_5888,MSAVI,65536,38824,6546.0,45370.0,20166.0,medium,0.5924072265625,0.099884033203125,0.307708740234375
3247,10240_10496_5888_6144,MSAVI,65536,42007,2848.0,44855.0,20681.0,medium,0.6409759521484375,0.04345703125,0.3155670166015625
3248,10240_10496_6144_6400,MSAVI,65536,37578,5527.0,43105.0,22431.0,medium,0.573394775390625,0.0843353271484375,0.3422698974609375
3249,10240_10496_6400_6656,MSAVI,65536,34755,7404.0,42159.0,23377.0,medium,0.5303192138671875,0.11297607421875,0.3567047119140625
3250,10240_10496_6656_6912,MSAVI,65536,30766,13165.0,43931.0,21605.0,medium,0.469451904296875,0.2008819580078125,0.3296661376953125
3251,10496_10752_3328_3584,MSAVI,65536,42404,4873.0,47277.0,18259.0,medium,0.64703369140625,0.0743560791015625,0.2786102294921875
3252,10496_10752_3584_3840,MSAVI,65536,37048,10685.0,47733.0,17803.0,medium,0.5653076171875,0.1630401611328125,0.2716522216796875
3253,10496_10752_3840_4096,MSAVI,65536,41653,5783.0,47436.0,18100.0,medium,0.6355743408203125,0.0882415771484375,0.27618408203125
3254,10496_10752_4096_4352,MSAVI,65536,43988,2307.0,46295.0,19241.0,medium,0.67120361328125,0.0352020263671875,0.2935943603515625
3255,10496_10752_4352_4608,MSAVI,65536,51360,884.0,52244.0,13292.0,medium,0.78369140625,0.01348876953125,0.20281982421875
3256,10496_10752_4608_4864,MSAVI,65536,41912,3526.0,45438.0,20098.0,medium,0.6395263671875,0.053802490234375,0.306671142578125
3257,10496_10752_4864_5120,MSAVI,65536,40878,5764.0,46642.0,18894.0,medium,0.623748779296875,0.08795166015625,0.288299560546875
3258,10496_10752_5120_5376,MSAVI,65536,41129,1496.0,42625.0,22911.0,medium,0.6275787353515625,0.0228271484375,0.3495941162109375
3259,10496_10752_5376_5632,MSAVI,65536,43399,974.0,44373.0,21163.0,medium,0.6622161865234375,0.014862060546875,0.3229217529296875
3260,10496_10752_5632_5888,MSAVI,65536,38225,5836.0,44061.0,21475.0,medium,0.5832672119140625,0.08905029296875,0.3276824951171875
3261,10496_10752_5888_6144,MSAVI,65536,36814,5976.0,42790.0,22746.0,medium,0.561737060546875,0.0911865234375,0.347076416015625
3262,10496_10752_6144_6400,MSAVI,65536,42363,1517.0,43880.0,21656.0,medium,0.6464080810546875,0.0231475830078125,0.3304443359375
3263,10496_10752_6400_6656,MSAVI,65536,34217,6590.0,40807.0,24729.0,medium,0.5221099853515625,0.100555419921875,0.3773345947265625
3264,10752_11008_3328_3584,MSAVI,65536,44640,2970.0,47610.0,17926.0,medium,0.68115234375,0.045318603515625,0.273529052734375
3265,10752_11008_3584_3840,MSAVI,65536,33115,15125.0,48240.0,17296.0,medium,0.5052947998046875,0.2307891845703125,0.263916015625
3266,10752_11008_3840_4096,MSAVI,65536,34871,10111.0,44982.0,20554.0,medium,0.5320892333984375,0.1542816162109375,0.313629150390625
3267,10752_11008_4096_4352,MSAVI,65536,42129,4808.0,46937.0,18599.0,medium,0.6428375244140625,0.0733642578125,0.2837982177734375
3268,10752_11008_4352_4608,MSAVI,65536,42977,6330.0,49307.0,16229.0,medium,0.6557769775390625,0.096588134765625,0.2476348876953125
3269,10752_11008_4608_4864,MSAVI,65536,47925,1855.0,49780.0,15756.0,medium,0.7312774658203125,0.0283050537109375,0.24041748046875
3270,10752_11008_4864_5120,MSAVI,65536,44948,3476.0,48424.0,17112.0,medium,0.68585205078125,0.05303955078125,0.2611083984375
3271,10752_11008_5120_5376,MSAVI,65536,41765,2039.0,43804.0,21732.0,medium,0.6372833251953125,0.0311126708984375,0.33160400390625
3272,10752_11008_5376_5632,MSAVI,65536,42005,1953.0,43958.0,21578.0,medium,0.6409454345703125,0.0298004150390625,0.329254150390625
3273,10752_11008_5632_5888,MSAVI,65536,39894,6396.0,46290.0,19246.0,medium,0.608734130859375,0.09759521484375,0.293670654296875
3274,10752_11008_5888_6144,MSAVI,65536,43087,2572.0,45659.0,19877.0,medium,0.6574554443359375,0.03924560546875,0.3032989501953125
3275,11008_11264_3584_3840,MSAVI,65536,50184,1426.0,51610.0,13926.0,medium,0.7657470703125,0.021759033203125,0.212493896484375
3276,11008_11264_3840_4096,MSAVI,65536,43318,6677.0,49995.0,15541.0,medium,0.660980224609375,0.1018829345703125,0.2371368408203125
3277,11008_11264_4096_4352,MSAVI,65536,43317,3920.0,47237.0,18299.0,medium,0.6609649658203125,0.059814453125,0.2792205810546875
3278,11008_11264_4352_4608,MSAVI,65536,47643,3164.0,50807.0,14729.0,medium,0.7269744873046875,0.04827880859375,0.2247467041015625
3279,11008_11264_4608_4864,MSAVI,65536,47226,5736.0,52962.0,12574.0,medium,0.720611572265625,0.0875244140625,0.191864013671875
3280,11008_11264_4864_5120,MSAVI,65536,45032,3216.0,48248.0,17288.0,medium,0.6871337890625,0.049072265625,0.2637939453125
3281,11008_11264_5120_5376,MSAVI,65536,47993,433.0,48426.0,17110.0,medium,0.7323150634765625,0.0066070556640625,0.261077880859375
3282,11008_11264_5376_5632,MSAVI,65536,39594,5320.0,44914.0,20622.0,medium,0.604156494140625,0.0811767578125,0.314666748046875
3283,11008_11264_5632_5888,MSAVI,65536,38860,5136.0,43996.0,21540.0,medium,0.59295654296875,0.078369140625,0.32867431640625
3284,11264_11520_3584_3840,MSAVI,65536,55168,111.0,55279.0,10257.0,medium,0.841796875,0.0016937255859375,0.1565093994140625
3285,11264_11520_3840_4096,MSAVI,65536,51898,468.0,52366.0,13170.0,medium,0.791900634765625,0.00714111328125,0.200958251953125
3286,11264_11520_4096_4352,MSAVI,65536,39357,2674.0,42031.0,23505.0,medium,0.6005401611328125,0.040802001953125,0.3586578369140625
3287,11264_11520_4352_4608,MSAVI,65536,40803,3302.0,44105.0,21431.0,medium,0.6226043701171875,0.050384521484375,0.3270111083984375
3288,11264_11520_4608_4864,MSAVI,65536,40365,6702.0,47067.0,18469.0,medium,0.6159210205078125,0.102264404296875,0.2818145751953125
3289,11264_11520_4864_5120,MSAVI,65536,40319,3665.0,43984.0,21552.0,medium,0.6152191162109375,0.0559234619140625,0.328857421875
3290,11264_11520_5120_5376,MSAVI,65536,45162,985.0,46147.0,19389.0,medium,0.689117431640625,0.0150299072265625,0.2958526611328125
3291,11520_11776_3840_4096,MSAVI,65536,49402,104.0,49506.0,16030.0,medium,0.753814697265625,0.0015869140625,0.244598388671875
3292,11520_11776_4096_4352,MSAVI,65536,46850,946.0,47796.0,17740.0,medium,0.714874267578125,0.014434814453125,0.27069091796875
3293,11520_11776_4352_4608,MSAVI,65536,41568,1918.0,43486.0,22050.0,medium,0.63427734375,0.029266357421875,0.336456298828125
3294,11520_11776_4608_4864,MSAVI,65536,37880,4093.0,41973.0,23563.0,medium,0.5780029296875,0.0624542236328125,0.3595428466796875
3295,256_512_512_768,MSAVI,65434,47493,14011.0,61504.0,3930.0,bad,0.7258153253660177,0.21412415563774184,0.060060518996240486
3296,256_512_768_1024,MSAVI,65536,40998,7235.0,48233.0,17303.0,bad,0.625579833984375,0.1103973388671875,0.2640228271484375
3297,256_512_1024_1280,MSAVI,65536,44100,11646.0,55746.0,9790.0,bad,0.67291259765625,0.177703857421875,0.149383544921875
3298,256_512_1280_1536,MSAVI,65536,44710,12139.0,56849.0,8687.0,bad,0.682220458984375,0.1852264404296875,0.1325531005859375
3299,256_512_1536_1792,MSAVI,65536,42663,8638.0,51301.0,14235.0,bad,0.6509857177734375,0.131805419921875,0.2172088623046875
3300,256_512_1792_2048,MSAVI,65536,44325,9383.0,53708.0,11828.0,bad,0.6763458251953125,0.1431732177734375,0.18048095703125
3301,256_512_2048_2304,MSAVI,65536,42633,9960.0,52593.0,12943.0,bad,0.6505279541015625,0.1519775390625,0.1974945068359375
3302,256_512_2304_2560,MSAVI,65536,41162,4863.0,46025.0,19511.0,bad,0.628082275390625,0.0742034912109375,0.2977142333984375
3303,256_512_2560_2816,MSAVI,65536,42140,7736.0,49876.0,15660.0,bad,0.64300537109375,0.1180419921875,0.23895263671875
3304,256_512_2816_3072,MSAVI,65536,39497,14206.0,53703.0,11833.0,bad,0.6026763916015625,0.216766357421875,0.1805572509765625
3305,256_512_3072_3328,MSAVI,65536,40533,8187.0,48720.0,16816.0,bad,0.6184844970703125,0.1249237060546875,0.256591796875
3306,256_512_3328_3584,MSAVI,65536,43753,8551.0,52304.0,13232.0,bad,0.6676177978515625,0.1304779052734375,0.201904296875
3307,256_512_3584_3840,MSAVI,65536,44447,10777.0,55224.0,10312.0,bad,0.6782073974609375,0.1644439697265625,0.1573486328125
3308,256_512_3840_4096,MSAVI,65536,41283,8937.0,50220.0,15316.0,bad,0.6299285888671875,0.1363677978515625,0.23370361328125
3309,256_512_4096_4352,MSAVI,65536,42581,9108.0,51689.0,13847.0,bad,0.6497344970703125,0.13897705078125,0.2112884521484375
3310,256_512_4352_4608,MSAVI,65536,39727,14048.0,53775.0,11761.0,bad,0.6061859130859375,0.21435546875,0.1794586181640625
3311,256_512_4608_4864,MSAVI,65536,40625,8564.0,49189.0,16347.0,bad,0.6198883056640625,0.13067626953125,0.2494354248046875
3312,256_512_4864_5120,MSAVI,65536,43396,15594.0,58990.0,6546.0,bad,0.66217041015625,0.237945556640625,0.099884033203125
3313,256_512_5120_5376,MSAVI,65536,49912,13949.0,63861.0,1675.0,bad,0.7615966796875,0.2128448486328125,0.0255584716796875
3314,256_512_5376_5632,MSAVI,65536,47888,6685.0,54573.0,10963.0,bad,0.730712890625,0.1020050048828125,0.1672821044921875
3315,256_512_5632_5888,MSAVI,65536,42335,9080.0,51415.0,14121.0,bad,0.6459808349609375,0.1385498046875,0.2154693603515625
3316,256_512_5888_6144,MSAVI,65536,41405,14675.0,56080.0,9456.0,bad,0.6317901611328125,0.2239227294921875,0.144287109375
3317,256_512_6144_6400,MSAVI,65536,42385,7624.0,50009.0,15527.0,bad,0.6467437744140625,0.1163330078125,0.2369232177734375
3318,256_512_6400_6656,MSAVI,65536,40018,4821.0,44839.0,20697.0,bad,0.610626220703125,0.0735626220703125,0.3158111572265625
3319,256_512_6656_6912,MSAVI,65536,46896,12552.0,59448.0,6088.0,bad,0.715576171875,0.1915283203125,0.0928955078125
3320,512_768_256_512,MSAVI,65536,49102,12042.0,61144.0,4392.0,bad,0.749237060546875,0.183746337890625,0.0670166015625
3321,512_768_512_768,MSAVI,65536,48649,13109.0,61758.0,3778.0,bad,0.7423248291015625,0.2000274658203125,0.057647705078125
3322,512_768_768_1024,MSAVI,65536,42215,7381.0,49596.0,15940.0,bad,0.6441497802734375,0.1126251220703125,0.24322509765625
3323,512_768_1024_1280,MSAVI,65536,45605,7772.0,53377.0,12159.0,bad,0.6958770751953125,0.11859130859375,0.1855316162109375
3324,512_768_1280_1536,MSAVI,65536,43838,15089.0,58927.0,6609.0,bad,0.668914794921875,0.2302398681640625,0.1008453369140625
3325,512_768_1536_1792,MSAVI,65536,40506,9441.0,49947.0,15589.0,bad,0.618072509765625,0.1440582275390625,0.2378692626953125
3326,512_768_1792_2048,MSAVI,65536,42022,10224.0,52246.0,13290.0,bad,0.641204833984375,0.156005859375,0.202789306640625
3327,512_768_2048_2304,MSAVI,65536,48571,9883.0,58454.0,7082.0,bad,0.7411346435546875,0.1508026123046875,0.108062744140625
3328,512_768_2304_2560,MSAVI,65536,43880,9392.0,53272.0,12264.0,bad,0.6695556640625,0.143310546875,0.1871337890625
3329,512_768_2560_2816,MSAVI,65536,50865,5044.0,55909.0,9627.0,bad,0.7761383056640625,0.07696533203125,0.1468963623046875
3330,512_768_2816_3072,MSAVI,65536,43035,8671.0,51706.0,13830.0,bad,0.6566619873046875,0.1323089599609375,0.211029052734375
3331,512_768_3072_3328,MSAVI,65536,39776,10831.0,50607.0,14929.0,bad,0.60693359375,0.1652679443359375,0.2277984619140625
3332,512_768_3328_3584,MSAVI,65536,38233,4864.0,43097.0,22439.0,bad,0.5833892822265625,0.07421875,0.3423919677734375
3333,512_768_3584_3840,MSAVI,65536,37541,10303.0,47844.0,17692.0,bad,0.5728302001953125,0.1572113037109375,0.26995849609375
3334,512_768_3840_4096,MSAVI,65536,43698,11140.0,54838.0,10698.0,bad,0.666778564453125,0.16998291015625,0.163238525390625
3335,512_768_4096_4352,MSAVI,65536,41231,9445.0,50676.0,14860.0,bad,0.6291351318359375,0.1441192626953125,0.22674560546875
3336,512_768_4352_4608,MSAVI,65536,39737,7991.0,47728.0,17808.0,bad,0.6063385009765625,0.1219329833984375,0.271728515625
3337,512_768_4608_4864,MSAVI,65536,42557,12287.0,54844.0,10692.0,bad,0.6493682861328125,0.1874847412109375,0.16314697265625
3338,512_768_4864_5120,MSAVI,65536,45687,10639.0,56326.0,9210.0,bad,0.6971282958984375,0.1623382568359375,0.140533447265625
3339,512_768_5120_5376,MSAVI,65536,45975,9985.0,55960.0,9576.0,bad,0.7015228271484375,0.1523590087890625,0.1461181640625
3340,512_768_5376_5632,MSAVI,65536,43872,9254.0,53126.0,12410.0,bad,0.66943359375,0.141204833984375,0.189361572265625
3341,512_768_5632_5888,MSAVI,65536,44026,11620.0,55646.0,9890.0,bad,0.671783447265625,0.17730712890625,0.150909423828125
3342,512_768_5888_6144,MSAVI,65536,43767,3941.0,47708.0,17828.0,bad,0.6678314208984375,0.0601348876953125,0.27203369140625
3343,512_768_6144_6400,MSAVI,65536,41512,11255.0,52767.0,12769.0,bad,0.6334228515625,0.1717376708984375,0.1948394775390625
3344,512_768_6400_6656,MSAVI,65536,39062,12253.0,51315.0,14221.0,bad,0.596038818359375,0.1869659423828125,0.2169952392578125
3345,512_768_6656_6912,MSAVI,65536,43858,9202.0,53060.0,12476.0,bad,0.669219970703125,0.140411376953125,0.19036865234375
3346,512_768_6912_7168,MSAVI,65536,43455,9788.0,53243.0,12293.0,bad,0.6630706787109375,0.14935302734375,0.1875762939453125
3347,512_768_7168_7424,MSAVI,65536,45482,10000.0,55482.0,10054.0,bad,0.694000244140625,0.152587890625,0.153411865234375
3348,768_1024_256_512,MSAVI,65536,43032,8270.0,51302.0,14234.0,bad,0.6566162109375,0.126190185546875,0.217193603515625
3349,768_1024_512_768,MSAVI,65536,44822,10392.0,55214.0,10322.0,bad,0.683929443359375,0.1585693359375,0.157501220703125
3350,768_1024_768_1024,MSAVI,65536,42224,5595.0,47819.0,17717.0,bad,0.644287109375,0.0853729248046875,0.2703399658203125
3351,768_1024_1024_1280,MSAVI,65536,41955,3109.0,45064.0,20472.0,bad,0.6401824951171875,0.0474395751953125,0.3123779296875
3352,768_1024_1280_1536,MSAVI,65536,41088,2079.0,43167.0,22369.0,bad,0.626953125,0.0317230224609375,0.3413238525390625
3353,768_1024_1536_1792,MSAVI,65536,43844,5088.0,48932.0,16604.0,bad,0.66900634765625,0.07763671875,0.25335693359375
3354,768_1024_1792_2048,MSAVI,65536,42078,5532.0,47610.0,17926.0,bad,0.642059326171875,0.08441162109375,0.273529052734375
3355,768_1024_2048_2304,MSAVI,65536,53098,9468.0,62566.0,2970.0,bad,0.810211181640625,0.14447021484375,0.045318603515625
3356,768_1024_2304_2560,MSAVI,65536,41670,11021.0,52691.0,12845.0,bad,0.635833740234375,0.1681671142578125,0.1959991455078125
3357,768_1024_2560_2816,MSAVI,65536,45079,7645.0,52724.0,12812.0,bad,0.6878509521484375,0.1166534423828125,0.19549560546875
3358,768_1024_2816_3072,MSAVI,65536,44427,6109.0,50536.0,15000.0,bad,0.6779022216796875,0.0932159423828125,0.2288818359375
3359,768_1024_3072_3328,MSAVI,65536,41155,2497.0,43652.0,21884.0,bad,0.6279754638671875,0.0381011962890625,0.33392333984375
3360,768_1024_3328_3584,MSAVI,65536,40461,4418.0,44879.0,20657.0,bad,0.6173858642578125,0.067413330078125,0.3152008056640625
3361,768_1024_3584_3840,MSAVI,65536,41277,4211.0,45488.0,20048.0,bad,0.6298370361328125,0.0642547607421875,0.305908203125
3362,768_1024_3840_4096,MSAVI,65536,45453,9250.0,54703.0,10833.0,bad,0.6935577392578125,0.141143798828125,0.1652984619140625
3363,768_1024_4096_4352,MSAVI,65536,49613,10416.0,60029.0,5507.0,bad,0.7570343017578125,0.158935546875,0.0840301513671875
3364,768_1024_4352_4608,MSAVI,65536,45170,13976.0,59146.0,6390.0,bad,0.689239501953125,0.2132568359375,0.097503662109375
3365,768_1024_4608_4864,MSAVI,65536,47091,14055.0,61146.0,4390.0,bad,0.7185516357421875,0.2144622802734375,0.066986083984375
3366,768_1024_4864_5120,MSAVI,65536,45763,9804.0,55567.0,9969.0,bad,0.6982879638671875,0.14959716796875,0.1521148681640625
3367,768_1024_5120_5376,MSAVI,65536,37962,16682.0,54644.0,10892.0,bad,0.579254150390625,0.254547119140625,0.16619873046875
3368,768_1024_5376_5632,MSAVI,65536,43144,5517.0,48661.0,16875.0,bad,0.6583251953125,0.0841827392578125,0.2574920654296875
3369,768_1024_5632_5888,MSAVI,65536,43407,11134.0,54541.0,10995.0,bad,0.6623382568359375,0.169891357421875,0.1677703857421875
3370,768_1024_5888_6144,MSAVI,65536,44385,6492.0,50877.0,14659.0,bad,0.6772613525390625,0.09906005859375,0.2236785888671875
3371,768_1024_6144_6400,MSAVI,65536,49910,8851.0,58761.0,6775.0,bad,0.761566162109375,0.1350555419921875,0.1033782958984375
3372,768_1024_6400_6656,MSAVI,65536,38344,5221.0,43565.0,21971.0,bad,0.5850830078125,0.0796661376953125,0.3352508544921875
3373,768_1024_6656_6912,MSAVI,65536,39654,10854.0,50508.0,15028.0,bad,0.605072021484375,0.165618896484375,0.22930908203125
3374,768_1024_6912_7168,MSAVI,65536,42105,8076.0,50181.0,15355.0,bad,0.6424713134765625,0.12322998046875,0.2342987060546875
3375,768_1024_7168_7424,MSAVI,65536,41610,6877.0,48487.0,17049.0,bad,0.634918212890625,0.1049346923828125,0.2601470947265625
3376,1024_1280_256_512,MSAVI,65536,41650,9149.0,50799.0,14737.0,bad,0.635528564453125,0.1396026611328125,0.2248687744140625
3377,1024_1280_512_768,MSAVI,65536,43323,15722.0,59045.0,6491.0,bad,0.6610565185546875,0.239898681640625,0.0990447998046875
3378,1024_1280_768_1024,MSAVI,65536,40786,11561.0,52347.0,13189.0,bad,0.622344970703125,0.1764068603515625,0.2012481689453125
3379,1024_1280_1024_1280,MSAVI,65536,53876,7721.0,61597.0,3939.0,bad,0.82208251953125,0.1178131103515625,0.0601043701171875
3380,1024_1280_1280_1536,MSAVI,65536,49581,6487.0,56068.0,9468.0,bad,0.7565460205078125,0.0989837646484375,0.14447021484375
3381,1024_1280_1536_1792,MSAVI,65536,48116,9268.0,57384.0,8152.0,bad,0.73419189453125,0.14141845703125,0.1243896484375
3382,1024_1280_1792_2048,MSAVI,65536,53547,8447.0,61994.0,3542.0,bad,0.8170623779296875,0.1288909912109375,0.054046630859375
3383,1024_1280_2048_2304,MSAVI,65536,52133,4945.0,57078.0,8458.0,bad,0.7954864501953125,0.0754547119140625,0.129058837890625
3384,1024_1280_2304_2560,MSAVI,65536,42957,4867.0,47824.0,17712.0,bad,0.6554718017578125,0.0742645263671875,0.270263671875
3385,1024_1280_2560_2816,MSAVI,65536,43782,9897.0,53679.0,11857.0,bad,0.668060302734375,0.1510162353515625,0.1809234619140625
3386,1024_1280_2816_3072,MSAVI,65536,46344,10486.0,56830.0,8706.0,bad,0.7071533203125,0.160003662109375,0.132843017578125
3387,1024_1280_3072_3328,MSAVI,65536,39404,6837.0,46241.0,19295.0,bad,0.60125732421875,0.1043243408203125,0.2944183349609375
3388,1024_1280_3328_3584,MSAVI,65536,40170,6377.0,46547.0,18989.0,bad,0.612945556640625,0.0973052978515625,0.2897491455078125
3389,1024_1280_3584_3840,MSAVI,65536,41404,11068.0,52472.0,13064.0,bad,0.63177490234375,0.16888427734375,0.1993408203125
3390,1024_1280_3840_4096,MSAVI,65536,46892,3740.0,50632.0,14904.0,bad,0.71551513671875,0.05706787109375,0.2274169921875
3391,1024_1280_4096_4352,MSAVI,65536,41539,4789.0,46328.0,19208.0,bad,0.6338348388671875,0.0730743408203125,0.2930908203125
3392,1024_1280_4352_4608,MSAVI,65536,39103,15830.0,54933.0,10603.0,bad,0.5966644287109375,0.241546630859375,0.1617889404296875
3393,1024_1280_4608_4864,MSAVI,65536,39384,12077.0,51461.0,14075.0,bad,0.6009521484375,0.1842803955078125,0.2147674560546875
3394,1024_1280_4864_5120,MSAVI,65536,43512,11650.0,55162.0,10374.0,bad,0.6639404296875,0.177764892578125,0.158294677734375
3395,1024_1280_5120_5376,MSAVI,65536,42368,10784.0,53152.0,12384.0,bad,0.646484375,0.16455078125,0.18896484375
3396,1024_1280_5376_5632,MSAVI,65536,50103,9506.0,59609.0,5927.0,bad,0.7645111083984375,0.145050048828125,0.0904388427734375
3397,1024_1280_5632_5888,MSAVI,65536,52704,9807.0,62511.0,3025.0,bad,0.80419921875,0.1496429443359375,0.0461578369140625
3398,1024_1280_5888_6144,MSAVI,65536,43200,4911.0,48111.0,17425.0,bad,0.6591796875,0.0749359130859375,0.2658843994140625
3399,1024_1280_6144_6400,MSAVI,65536,47912,12573.0,60485.0,5051.0,bad,0.7310791015625,0.1918487548828125,0.0770721435546875
3400,1024_1280_6400_6656,MSAVI,65536,39654,14268.0,53922.0,11614.0,bad,0.605072021484375,0.21771240234375,0.177215576171875
3401,1024_1280_6656_6912,MSAVI,65536,42305,8375.0,50680.0,14856.0,bad,0.6455230712890625,0.1277923583984375,0.2266845703125
3402,1024_1280_6912_7168,MSAVI,65536,39255,16979.0,56234.0,9302.0,bad,0.5989837646484375,0.2590789794921875,0.141937255859375
3403,1024_1280_7168_7424,MSAVI,65536,40631,10202.0,50833.0,14703.0,bad,0.6199798583984375,0.155670166015625,0.2243499755859375
3404,1280_1536_0_256,MSAVI,65320,44290,9698.0,53988.0,11332.0,bad,0.6780465401102266,0.14846907532149417,0.17348438456827925
3405,1280_1536_256_512,MSAVI,65536,42246,8447.0,50693.0,14843.0,bad,0.644622802734375,0.1288909912109375,0.2264862060546875
3406,1280_1536_512_768,MSAVI,65536,42636,6809.0,49445.0,16091.0,bad,0.65057373046875,0.1038970947265625,0.2455291748046875
3407,1280_1536_768_1024,MSAVI,65536,43600,9818.0,53418.0,12118.0,bad,0.665283203125,0.149810791015625,0.184906005859375
3408,1280_1536_1024_1280,MSAVI,65536,42362,10031.0,52393.0,13143.0,bad,0.646392822265625,0.1530609130859375,0.2005462646484375
3409,1280_1536_1280_1536,MSAVI,65536,43789,3849.0,47638.0,17898.0,bad,0.6681671142578125,0.0587310791015625,0.273101806640625
3410,1280_1536_1536_1792,MSAVI,65536,48760,12493.0,61253.0,4283.0,bad,0.7440185546875,0.1906280517578125,0.0653533935546875
3411,1280_1536_1792_2048,MSAVI,65536,48920,12230.0,61150.0,4386.0,bad,0.7464599609375,0.186614990234375,0.066925048828125
3412,1280_1536_2048_2304,MSAVI,65536,49786,8928.0,58714.0,6822.0,bad,0.759674072265625,0.13623046875,0.104095458984375
3413,1280_1536_2304_2560,MSAVI,65536,41573,10805.0,52378.0,13158.0,bad,0.6343536376953125,0.1648712158203125,0.200775146484375
3414,1280_1536_2560_2816,MSAVI,65536,43985,10569.0,54554.0,10982.0,bad,0.6711578369140625,0.1612701416015625,0.167572021484375
3415,1280_1536_2816_3072,MSAVI,65536,39763,5872.0,45635.0,19901.0,bad,0.6067352294921875,0.089599609375,0.3036651611328125
3416,1280_1536_3072_3328,MSAVI,65536,51136,5457.0,56593.0,8943.0,bad,0.7802734375,0.0832672119140625,0.1364593505859375
3417,1280_1536_3328_3584,MSAVI,65536,47515,12530.0,60045.0,5491.0,bad,0.7250213623046875,0.191192626953125,0.0837860107421875
3418,1280_1536_3584_3840,MSAVI,65536,47700,7747.0,55447.0,10089.0,bad,0.72784423828125,0.1182098388671875,0.1539459228515625
3419,1280_1536_3840_4096,MSAVI,65536,49293,11992.0,61285.0,4251.0,bad,0.7521514892578125,0.1829833984375,0.0648651123046875
3420,1280_1536_4096_4352,MSAVI,65536,46203,11215.0,57418.0,8118.0,bad,0.7050018310546875,0.1711273193359375,0.123870849609375
3421,1280_1536_4352_4608,MSAVI,65536,43793,13230.0,57023.0,8513.0,bad,0.6682281494140625,0.201873779296875,0.1298980712890625
3422,1280_1536_4608_4864,MSAVI,65536,42441,12123.0,54564.0,10972.0,bad,0.6475982666015625,0.1849822998046875,0.16741943359375
3423,1280_1536_4864_5120,MSAVI,65536,41171,11995.0,53166.0,12370.0,bad,0.6282196044921875,0.1830291748046875,0.188751220703125
3424,1280_1536_5120_5376,MSAVI,65536,38905,4960.0,43865.0,21671.0,bad,0.5936431884765625,0.07568359375,0.3306732177734375
3425,1280_1536_5376_5632,MSAVI,65536,38240,5657.0,43897.0,21639.0,bad,0.58349609375,0.0863189697265625,0.3301849365234375
3426,1280_1536_5632_5888,MSAVI,65536,46146,5600.0,51746.0,13790.0,bad,0.704132080078125,0.08544921875,0.210418701171875
3427,1280_1536_5888_6144,MSAVI,65536,42323,3359.0,45682.0,19854.0,bad,0.6457977294921875,0.0512542724609375,0.302947998046875
3428,1280_1536_6144_6400,MSAVI,65536,45791,5152.0,50943.0,14593.0,bad,0.6987152099609375,0.07861328125,0.2226715087890625
3429,1280_1536_6400_6656,MSAVI,65536,38553,15304.0,53857.0,11679.0,bad,0.5882720947265625,0.2335205078125,0.1782073974609375
3430,1280_1536_6656_6912,MSAVI,65536,38069,13248.0,51317.0,14219.0,bad,0.5808868408203125,0.2021484375,0.2169647216796875
3431,1280_1536_6912_7168,MSAVI,65536,42345,7988.0,50333.0,15203.0,bad,0.6461334228515625,0.12188720703125,0.2319793701171875
3432,1280_1536_7168_7424,MSAVI,65536,41220,9248.0,50468.0,15068.0,bad,0.62896728515625,0.14111328125,0.22991943359375
3433,1536_1792_0_256,MSAVI,65536,42667,13694.0,56361.0,9175.0,bad,0.6510467529296875,0.208953857421875,0.1399993896484375
3434,1536_1792_256_512,MSAVI,65536,42635,15420.0,58055.0,7481.0,bad,0.6505584716796875,0.23529052734375,0.1141510009765625
3435,1536_1792_512_768,MSAVI,65536,44065,10708.0,54773.0,10763.0,bad,0.6723785400390625,0.16339111328125,0.1642303466796875
3436,1536_1792_768_1024,MSAVI,65536,43622,11697.0,55319.0,10217.0,bad,0.665618896484375,0.1784820556640625,0.1558990478515625
3437,1536_1792_1024_1280,MSAVI,65536,43545,7326.0,50871.0,14665.0,bad,0.6644439697265625,0.111785888671875,0.2237701416015625
3438,1536_1792_1280_1536,MSAVI,65536,45038,3567.0,48605.0,16931.0,bad,0.687225341796875,0.0544281005859375,0.2583465576171875
3439,1536_1792_1536_1792,MSAVI,65536,47261,7178.0,54439.0,11097.0,bad,0.7211456298828125,0.109527587890625,0.1693267822265625
3440,1536_1792_1792_2048,MSAVI,65536,42810,9393.0,52203.0,13333.0,bad,0.653228759765625,0.1433258056640625,0.2034454345703125
3441,1536_1792_2048_2304,MSAVI,65536,39934,9478.0,49412.0,16124.0,bad,0.609344482421875,0.144622802734375,0.24603271484375
3442,1536_1792_2304_2560,MSAVI,65536,39792,7321.0,47113.0,18423.0,bad,0.607177734375,0.1117095947265625,0.2811126708984375
3443,1536_1792_2560_2816,MSAVI,65536,40909,14122.0,55031.0,10505.0,bad,0.6242218017578125,0.215484619140625,0.1602935791015625
3444,1536_1792_2816_3072,MSAVI,65536,43556,10041.0,53597.0,11939.0,bad,0.66461181640625,0.1532135009765625,0.1821746826171875
3445,1536_1792_3072_3328,MSAVI,65536,41872,10719.0,52591.0,12945.0,bad,0.638916015625,0.1635589599609375,0.1975250244140625
3446,1536_1792_3328_3584,MSAVI,65536,42772,12006.0,54778.0,10758.0,bad,0.65264892578125,0.183197021484375,0.164154052734375
3447,1536_1792_3584_3840,MSAVI,65536,47236,8417.0,55653.0,9883.0,bad,0.72076416015625,0.1284332275390625,0.1508026123046875
3448,1536_1792_3840_4096,MSAVI,65536,47213,8696.0,55909.0,9627.0,bad,0.7204132080078125,0.1326904296875,0.1468963623046875
3449,1536_1792_4096_4352,MSAVI,65536,41191,11041.0,52232.0,13304.0,bad,0.6285247802734375,0.1684722900390625,0.2030029296875
3450,1536_1792_4352_4608,MSAVI,65536,41573,14708.0,56281.0,9255.0,bad,0.6343536376953125,0.22442626953125,0.1412200927734375
3451,1536_1792_4608_4864,MSAVI,65536,47938,13114.0,61052.0,4484.0,bad,0.731475830078125,0.200103759765625,0.06842041015625
3452,1536_1792_4864_5120,MSAVI,65536,53660,7807.0,61467.0,4069.0,bad,0.81878662109375,0.1191253662109375,0.0620880126953125
3453,1536_1792_5120_5376,MSAVI,65536,51483,6584.0,58067.0,7469.0,bad,0.7855682373046875,0.1004638671875,0.1139678955078125
3454,1536_1792_5376_5632,MSAVI,65536,40790,8246.0,49036.0,16500.0,bad,0.622406005859375,0.125823974609375,0.25177001953125
3455,1536_1792_5632_5888,MSAVI,65536,45815,12068.0,57883.0,7653.0,bad,0.6990814208984375,0.18414306640625,0.1167755126953125
3456,1536_1792_5888_6144,MSAVI,65536,43669,15681.0,59350.0,6186.0,bad,0.6663360595703125,0.2392730712890625,0.094390869140625
3457,1536_1792_6144_6400,MSAVI,65536,43056,9071.0,52127.0,13409.0,bad,0.656982421875,0.1384124755859375,0.2046051025390625
3458,1536_1792_6400_6656,MSAVI,65536,43152,5614.0,48766.0,16770.0,bad,0.658447265625,0.085662841796875,0.255889892578125
3459,1536_1792_6656_6912,MSAVI,65536,44141,14635.0,58776.0,6760.0,bad,0.6735382080078125,0.2233123779296875,0.1031494140625
3460,1536_1792_6912_7168,MSAVI,65536,38737,8026.0,46763.0,18773.0,bad,0.5910797119140625,0.122467041015625,0.2864532470703125
3461,1536_1792_7168_7424,MSAVI,65536,39908,10144.0,50052.0,15484.0,bad,0.60894775390625,0.15478515625,0.23626708984375
3462,1792_2048_0_256,MSAVI,65536,39839,3901.0,43740.0,21796.0,bad,0.6078948974609375,0.0595245361328125,0.33258056640625
3463,1792_2048_256_512,MSAVI,65536,44087,12902.0,56989.0,8547.0,bad,0.6727142333984375,0.196868896484375,0.1304168701171875
3464,1792_2048_512_768,MSAVI,65536,44695,6661.0,51356.0,14180.0,bad,0.6819915771484375,0.1016387939453125,0.21636962890625
3465,1792_2048_768_1024,MSAVI,65536,41330,8844.0,50174.0,15362.0,bad,0.630645751953125,0.13494873046875,0.234405517578125
3466,1792_2048_1024_1280,MSAVI,65536,46527,12583.0,59110.0,6426.0,bad,0.7099456787109375,0.1920013427734375,0.098052978515625
3467,1792_2048_1280_1536,MSAVI,65536,44577,1784.0,46361.0,19175.0,bad,0.6801910400390625,0.0272216796875,0.2925872802734375
3468,1792_2048_1536_1792,MSAVI,65536,41977,5393.0,47370.0,18166.0,bad,0.6405181884765625,0.0822906494140625,0.277191162109375
3469,1792_2048_1792_2048,MSAVI,65536,42706,7451.0,50157.0,15379.0,bad,0.651641845703125,0.1136932373046875,0.2346649169921875
3470,1792_2048_2048_2304,MSAVI,65536,42196,8793.0,50989.0,14547.0,bad,0.64385986328125,0.1341705322265625,0.2219696044921875
3471,1792_2048_2304_2560,MSAVI,65536,41422,10123.0,51545.0,13991.0,bad,0.632049560546875,0.1544647216796875,0.2134857177734375
3472,1792_2048_2560_2816,MSAVI,65536,43061,7817.0,50878.0,14658.0,bad,0.6570587158203125,0.1192779541015625,0.223663330078125
3473,1792_2048_2816_3072,MSAVI,65536,42785,7457.0,50242.0,15294.0,bad,0.6528472900390625,0.1137847900390625,0.233367919921875
3474,1792_2048_3072_3328,MSAVI,65536,42360,5801.0,48161.0,17375.0,bad,0.6463623046875,0.0885162353515625,0.2651214599609375
3475,1792_2048_3328_3584,MSAVI,65536,45810,6903.0,52713.0,12823.0,bad,0.699005126953125,0.1053314208984375,0.1956634521484375
3476,1792_2048_3584_3840,MSAVI,65536,43026,12138.0,55164.0,10372.0,bad,0.656524658203125,0.185211181640625,0.15826416015625
3477,1792_2048_3840_4096,MSAVI,65536,40003,16313.0,56316.0,9220.0,bad,0.6103973388671875,0.2489166259765625,0.14068603515625
3478,1792_2048_4096_4352,MSAVI,65536,39616,4809.0,44425.0,21111.0,bad,0.6044921875,0.0733795166015625,0.3221282958984375
3479,1792_2048_4352_4608,MSAVI,65536,40963,10501.0,51464.0,14072.0,bad,0.6250457763671875,0.1602325439453125,0.2147216796875
3480,1792_2048_4608_4864,MSAVI,65536,39983,7430.0,47413.0,18123.0,bad,0.6100921630859375,0.113372802734375,0.2765350341796875
3481,1792_2048_4864_5120,MSAVI,65536,50117,9723.0,59840.0,5696.0,bad,0.7647247314453125,0.1483612060546875,0.0869140625
3482,1792_2048_5120_5376,MSAVI,65536,44642,11942.0,56584.0,8952.0,bad,0.681182861328125,0.182220458984375,0.1365966796875
3483,1792_2048_5376_5632,MSAVI,65536,44194,10435.0,54629.0,10907.0,bad,0.674346923828125,0.1592254638671875,0.1664276123046875
3484,1792_2048_5632_5888,MSAVI,65536,47557,9504.0,57061.0,8475.0,bad,0.7256622314453125,0.14501953125,0.1293182373046875
3485,1792_2048_5888_6144,MSAVI,65536,45365,10148.0,55513.0,10023.0,bad,0.6922149658203125,0.15484619140625,0.1529388427734375
3486,1792_2048_6144_6400,MSAVI,65536,42761,7810.0,50571.0,14965.0,bad,0.6524810791015625,0.119171142578125,0.2283477783203125
3487,1792_2048_6400_6656,MSAVI,65536,44738,6831.0,51569.0,13967.0,bad,0.682647705078125,0.1042327880859375,0.2131195068359375
3488,1792_2048_6656_6912,MSAVI,65536,46612,13922.0,60534.0,5002.0,bad,0.71124267578125,0.212432861328125,0.076324462890625
3489,1792_2048_6912_7168,MSAVI,65536,42338,10837.0,53175.0,12361.0,bad,0.646026611328125,0.1653594970703125,0.1886138916015625
3490,1792_2048_7168_7424,MSAVI,65536,39024,6018.0,45042.0,20494.0,bad,0.595458984375,0.091827392578125,0.312713623046875
3491,2048_2304_0_256,MSAVI,65536,44329,2727.0,47056.0,18480.0,bad,0.6764068603515625,0.0416107177734375,0.281982421875
3492,2048_2304_256_512,MSAVI,65536,41642,8929.0,50571.0,14965.0,bad,0.635406494140625,0.1362457275390625,0.2283477783203125
3493,2048_2304_512_768,MSAVI,65536,42925,9838.0,52763.0,12773.0,bad,0.6549835205078125,0.150115966796875,0.1949005126953125
3494,2048_2304_768_1024,MSAVI,65536,45819,6852.0,52671.0,12865.0,bad,0.6991424560546875,0.10455322265625,0.1963043212890625
3495,2048_2304_1024_1280,MSAVI,65536,40756,11173.0,51929.0,13607.0,bad,0.62188720703125,0.1704864501953125,0.2076263427734375
3496,2048_2304_1280_1536,MSAVI,65536,41995,10065.0,52060.0,13476.0,bad,0.6407928466796875,0.1535797119140625,0.20562744140625
3497,2048_2304_1536_1792,MSAVI,65536,46565,7067.0,53632.0,11904.0,bad,0.7105255126953125,0.1078338623046875,0.181640625
3498,2048_2304_1792_2048,MSAVI,65536,44545,10216.0,54761.0,10775.0,bad,0.6797027587890625,0.1558837890625,0.1644134521484375
3499,2048_2304_2048_2304,MSAVI,65536,45046,10157.0,55203.0,10333.0,bad,0.687347412109375,0.1549835205078125,0.1576690673828125
3500,2048_2304_2304_2560,MSAVI,65536,41939,6938.0,48877.0,16659.0,bad,0.6399383544921875,0.105865478515625,0.2541961669921875
3501,2048_2304_2560_2816,MSAVI,65536,40392,6648.0,47040.0,18496.0,bad,0.6163330078125,0.1014404296875,0.2822265625
3502,2048_2304_2816_3072,MSAVI,65536,41719,11996.0,53715.0,11821.0,bad,0.6365814208984375,0.18304443359375,0.1803741455078125
3503,2048_2304_3072_3328,MSAVI,65536,43309,14840.0,58149.0,7387.0,bad,0.6608428955078125,0.2264404296875,0.1127166748046875
3504,2048_2304_3328_3584,MSAVI,65536,43906,9345.0,53251.0,12285.0,bad,0.669952392578125,0.1425933837890625,0.1874542236328125
3505,2048_2304_3584_3840,MSAVI,65536,37153,6066.0,43219.0,22317.0,bad,0.5669097900390625,0.092559814453125,0.3405303955078125
3506,2048_2304_3840_4096,MSAVI,65536,43736,11904.0,55640.0,9896.0,bad,0.6673583984375,0.181640625,0.1510009765625
3507,2048_2304_4096_4352,MSAVI,65536,40200,5947.0,46147.0,19389.0,bad,0.6134033203125,0.0907440185546875,0.2958526611328125
3508,2048_2304_4352_4608,MSAVI,65536,38749,8238.0,46987.0,18549.0,bad,0.5912628173828125,0.125701904296875,0.2830352783203125
3509,2048_2304_4608_4864,MSAVI,65536,37834,12572.0,50406.0,15130.0,bad,0.577301025390625,0.19183349609375,0.230865478515625
3510,2048_2304_4864_5120,MSAVI,65536,42271,11347.0,53618.0,11918.0,bad,0.6450042724609375,0.1731414794921875,0.181854248046875
3511,2048_2304_5120_5376,MSAVI,65536,43252,11829.0,55081.0,10455.0,bad,0.65997314453125,0.1804962158203125,0.1595306396484375
3512,2048_2304_5376_5632,MSAVI,65536,41068,9855.0,50923.0,14613.0,bad,0.62664794921875,0.1503753662109375,0.2229766845703125
3513,2048_2304_5632_5888,MSAVI,65536,47528,6868.0,54396.0,11140.0,bad,0.7252197265625,0.10479736328125,0.16998291015625
3514,2048_2304_5888_6144,MSAVI,65536,46921,9323.0,56244.0,9292.0,bad,0.7159576416015625,0.1422576904296875,0.14178466796875
3515,2048_2304_6144_6400,MSAVI,65536,42430,10957.0,53387.0,12149.0,bad,0.647430419921875,0.1671905517578125,0.1853790283203125
3516,2048_2304_6400_6656,MSAVI,65536,44918,7125.0,52043.0,13493.0,bad,0.685394287109375,0.1087188720703125,0.2058868408203125
3517,2048_2304_6656_6912,MSAVI,65536,39526,8649.0,48175.0,17361.0,bad,0.603118896484375,0.1319732666015625,0.2649078369140625
3518,2048_2304_6912_7168,MSAVI,65536,48270,7850.0,56120.0,9416.0,bad,0.736541748046875,0.119781494140625,0.1436767578125
3519,2048_2304_7168_7424,MSAVI,65536,41657,9011.0,50668.0,14868.0,bad,0.6356353759765625,0.1374969482421875,0.22686767578125
3520,2304_2560_0_256,MSAVI,65536,44283,3144.0,47427.0,18109.0,bad,0.6757049560546875,0.0479736328125,0.2763214111328125
3521,2304_2560_256_512,MSAVI,65536,45856,3602.0,49458.0,16078.0,bad,0.69970703125,0.054962158203125,0.245330810546875
3522,2304_2560_512_768,MSAVI,65536,46206,5660.0,51866.0,13670.0,bad,0.705047607421875,0.08636474609375,0.208587646484375
3523,2304_2560_768_1024,MSAVI,65536,41440,11992.0,53432.0,12104.0,bad,0.63232421875,0.1829833984375,0.1846923828125
3524,2304_2560_1024_1280,MSAVI,65536,40591,9556.0,50147.0,15389.0,bad,0.6193695068359375,0.14581298828125,0.2348175048828125
3525,2304_2560_1280_1536,MSAVI,65536,38243,7546.0,45789.0,19747.0,bad,0.5835418701171875,0.115142822265625,0.3013153076171875
3526,2304_2560_1536_1792,MSAVI,65536,42846,11197.0,54043.0,11493.0,bad,0.653778076171875,0.1708526611328125,0.1753692626953125
3527,2304_2560_1792_2048,MSAVI,65536,42061,12144.0,54205.0,11331.0,bad,0.6417999267578125,0.185302734375,0.1728973388671875
3528,2304_2560_2048_2304,MSAVI,65536,38778,4043.0,42821.0,22715.0,bad,0.591705322265625,0.0616912841796875,0.3466033935546875
3529,2304_2560_2304_2560,MSAVI,65536,39003,3768.0,42771.0,22765.0,bad,0.5951385498046875,0.0574951171875,0.3473663330078125
3530,2304_2560_2560_2816,MSAVI,65536,43980,15130.0,59110.0,6426.0,bad,0.67108154296875,0.230865478515625,0.098052978515625
3531,2304_2560_2816_3072,MSAVI,65536,41595,5067.0,46662.0,18874.0,bad,0.6346893310546875,0.0773162841796875,0.287994384765625
3532,2304_2560_3072_3328,MSAVI,65536,41861,11508.0,53369.0,12167.0,bad,0.6387481689453125,0.17559814453125,0.1856536865234375
3533,2304_2560_3328_3584,MSAVI,65536,38713,14917.0,53630.0,11906.0,bad,0.5907135009765625,0.2276153564453125,0.181671142578125
3534,2304_2560_3584_3840,MSAVI,65536,44373,12542.0,56915.0,8621.0,bad,0.6770782470703125,0.191375732421875,0.1315460205078125
3535,2304_2560_3840_4096,MSAVI,65536,39865,8443.0,48308.0,17228.0,bad,0.6082916259765625,0.1288299560546875,0.26287841796875
3536,2304_2560_4096_4352,MSAVI,65536,41501,12122.0,53623.0,11913.0,bad,0.6332550048828125,0.184967041015625,0.1817779541015625
3537,2304_2560_4352_4608,MSAVI,65536,38244,1726.0,39970.0,25566.0,bad,0.58355712890625,0.026336669921875,0.390106201171875
3538,2304_2560_4608_4864,MSAVI,65536,44058,9471.0,53529.0,12007.0,bad,0.672271728515625,0.1445159912109375,0.1832122802734375
3539,2304_2560_4864_5120,MSAVI,65536,38309,6120.0,44429.0,21107.0,bad,0.5845489501953125,0.0933837890625,0.3220672607421875
3540,2304_2560_5120_5376,MSAVI,65536,38063,8319.0,46382.0,19154.0,bad,0.5807952880859375,0.1269378662109375,0.292266845703125
3541,2304_2560_5376_5632,MSAVI,65536,37448,4566.0,42014.0,23522.0,bad,0.5714111328125,0.069671630859375,0.358917236328125
3542,2304_2560_5632_5888,MSAVI,65536,40905,6875.0,47780.0,17756.0,bad,0.6241607666015625,0.1049041748046875,0.27093505859375
3543,2304_2560_5888_6144,MSAVI,65536,40797,12594.0,53391.0,12145.0,bad,0.6225128173828125,0.192169189453125,0.1853179931640625
3544,2304_2560_6144_6400,MSAVI,65536,37592,10005.0,47597.0,17939.0,bad,0.5736083984375,0.1526641845703125,0.2737274169921875
3545,2304_2560_6400_6656,MSAVI,65536,42675,7438.0,50113.0,15423.0,bad,0.6511688232421875,0.113494873046875,0.2353363037109375
3546,2304_2560_6656_6912,MSAVI,65536,38774,10166.0,48940.0,16596.0,bad,0.591644287109375,0.155120849609375,0.25323486328125
3547,2304_2560_6912_7168,MSAVI,65536,47318,12814.0,60132.0,5404.0,bad,0.722015380859375,0.195526123046875,0.08245849609375
3548,2304_2560_7168_7424,MSAVI,65536,47052,8535.0,55587.0,9949.0,bad,0.71795654296875,0.1302337646484375,0.1518096923828125
3549,2560_2816_0_256,MSAVI,65536,43979,11622.0,55601.0,9935.0,bad,0.6710662841796875,0.177337646484375,0.1515960693359375
3550,2560_2816_256_512,MSAVI,65536,45910,8019.0,53929.0,11607.0,bad,0.700531005859375,0.1223602294921875,0.1771087646484375
3551,2560_2816_512_768,MSAVI,65536,45464,3005.0,48469.0,17067.0,bad,0.6937255859375,0.0458526611328125,0.2604217529296875
3552,2560_2816_768_1024,MSAVI,65536,43923,7502.0,51425.0,14111.0,bad,0.6702117919921875,0.114471435546875,0.2153167724609375
3553,2560_2816_1024_1280,MSAVI,65536,48602,10565.0,59167.0,6369.0,bad,0.741607666015625,0.1612091064453125,0.0971832275390625
3554,2560_2816_1280_1536,MSAVI,65536,40296,8106.0,48402.0,17134.0,bad,0.6148681640625,0.123687744140625,0.261444091796875
3555,2560_2816_1536_1792,MSAVI,65536,42817,12366.0,55183.0,10353.0,bad,0.6533355712890625,0.188690185546875,0.1579742431640625
3556,2560_2816_1792_2048,MSAVI,65536,43958,7519.0,51477.0,14059.0,bad,0.670745849609375,0.1147308349609375,0.2145233154296875
3557,2560_2816_2048_2304,MSAVI,65536,44560,7187.0,51747.0,13789.0,bad,0.679931640625,0.1096649169921875,0.2104034423828125
3558,2560_2816_2304_2560,MSAVI,65536,46873,8732.0,55605.0,9931.0,bad,0.7152252197265625,0.13323974609375,0.1515350341796875
3559,2560_2816_2560_2816,MSAVI,65536,43518,6305.0,49823.0,15713.0,bad,0.664031982421875,0.0962066650390625,0.2397613525390625
3560,2560_2816_2816_3072,MSAVI,65536,41148,12630.0,53778.0,11758.0,bad,0.62786865234375,0.192718505859375,0.179412841796875
3561,2560_2816_3072_3328,MSAVI,65536,41371,6869.0,48240.0,17296.0,bad,0.6312713623046875,0.1048126220703125,0.263916015625
3562,2560_2816_3328_3584,MSAVI,65536,39255,7301.0,46556.0,18980.0,bad,0.5989837646484375,0.1114044189453125,0.28961181640625
3563,2560_2816_3584_3840,MSAVI,65536,41394,11484.0,52878.0,12658.0,bad,0.631622314453125,0.17523193359375,0.193145751953125
3564,2560_2816_3840_4096,MSAVI,65536,48065,10482.0,58547.0,6989.0,bad,0.7334136962890625,0.159942626953125,0.1066436767578125
3565,2560_2816_4096_4352,MSAVI,65536,38142,3850.0,41992.0,23544.0,bad,0.582000732421875,0.058746337890625,0.3592529296875
3566,2560_2816_4352_4608,MSAVI,65536,38103,3676.0,41779.0,23757.0,bad,0.5814056396484375,0.05609130859375,0.3625030517578125
3567,2560_2816_4608_4864,MSAVI,65536,42952,9211.0,52163.0,13373.0,bad,0.6553955078125,0.1405487060546875,0.2040557861328125
3568,2560_2816_4864_5120,MSAVI,65536,39275,4611.0,43886.0,21650.0,bad,0.5992889404296875,0.0703582763671875,0.330352783203125
3569,2560_2816_5120_5376,MSAVI,65536,41338,3456.0,44794.0,20742.0,bad,0.630767822265625,0.052734375,0.316497802734375
3570,2560_2816_5376_5632,MSAVI,65536,38097,5454.0,43551.0,21985.0,bad,0.5813140869140625,0.083221435546875,0.3354644775390625
3571,2560_2816_5632_5888,MSAVI,65536,36938,6166.0,43104.0,22432.0,bad,0.563629150390625,0.094085693359375,0.34228515625
3572,2560_2816_5888_6144,MSAVI,65536,34925,6262.0,41187.0,24349.0,bad,0.5329132080078125,0.095550537109375,0.3715362548828125
3573,2560_2816_6144_6400,MSAVI,65536,40764,10919.0,51683.0,13853.0,bad,0.62200927734375,0.1666107177734375,0.2113800048828125
3574,2560_2816_6400_6656,MSAVI,65536,40773,12051.0,52824.0,12712.0,bad,0.6221466064453125,0.1838836669921875,0.1939697265625
3575,2560_2816_6656_6912,MSAVI,65536,38081,5361.0,43442.0,22094.0,bad,0.5810699462890625,0.0818023681640625,0.337127685546875
3576,2560_2816_6912_7168,MSAVI,65536,37092,5887.0,42979.0,22557.0,bad,0.56597900390625,0.0898284912109375,0.3441925048828125
3577,2560_2816_7168_7424,MSAVI,65536,40841,9658.0,50499.0,15037.0,bad,0.6231842041015625,0.147369384765625,0.2294464111328125
3578,2816_3072_0_256,MSAVI,65536,41508,7176.0,48684.0,16852.0,bad,0.63336181640625,0.1094970703125,0.25714111328125
3579,2816_3072_256_512,MSAVI,65536,43009,7108.0,50117.0,15419.0,bad,0.6562652587890625,0.10845947265625,0.2352752685546875
3580,2816_3072_512_768,MSAVI,65536,44715,3945.0,48660.0,16876.0,bad,0.6822967529296875,0.0601959228515625,0.25750732421875
3581,2816_3072_768_1024,MSAVI,65536,45879,5224.0,51103.0,14433.0,bad,0.7000579833984375,0.0797119140625,0.2202301025390625
3582,2816_3072_1024_1280,MSAVI,65536,44130,7424.0,51554.0,13982.0,bad,0.673370361328125,0.11328125,0.213348388671875
3583,2816_3072_1280_1536,MSAVI,65536,43470,7082.0,50552.0,14984.0,bad,0.663299560546875,0.108062744140625,0.2286376953125
3584,2816_3072_1536_1792,MSAVI,65536,41560,6402.0,47962.0,17574.0,bad,0.6341552734375,0.097686767578125,0.268157958984375
3585,2816_3072_1792_2048,MSAVI,65536,42282,9181.0,51463.0,14073.0,bad,0.645172119140625,0.1400909423828125,0.2147369384765625
3586,2816_3072_2048_2304,MSAVI,65536,44076,10903.0,54979.0,10557.0,bad,0.67254638671875,0.1663665771484375,0.1610870361328125
3587,2816_3072_2304_2560,MSAVI,65536,40061,7347.0,47408.0,18128.0,bad,0.6112823486328125,0.1121063232421875,0.276611328125
3588,2816_3072_2560_2816,MSAVI,65536,38559,7542.0,46101.0,19435.0,bad,0.5883636474609375,0.115081787109375,0.2965545654296875
3589,2816_3072_2816_3072,MSAVI,65536,36700,7631.0,44331.0,21205.0,bad,0.55999755859375,0.1164398193359375,0.3235626220703125
3590,2816_3072_3072_3328,MSAVI,65536,35985,5514.0,41499.0,24037.0,bad,0.5490875244140625,0.084136962890625,0.3667755126953125
3591,2816_3072_3328_3584,MSAVI,65536,38923,5083.0,44006.0,21530.0,bad,0.5939178466796875,0.0775604248046875,0.328521728515625
3592,2816_3072_3584_3840,MSAVI,65536,51795,7996.0,59791.0,5745.0,bad,0.7903289794921875,0.12200927734375,0.0876617431640625
3593,2816_3072_3840_4096,MSAVI,65536,46160,9179.0,55339.0,10197.0,bad,0.704345703125,0.1400604248046875,0.1555938720703125
3594,2816_3072_4096_4352,MSAVI,65536,40788,5088.0,45876.0,19660.0,bad,0.62237548828125,0.07763671875,0.29998779296875
3595,2816_3072_4352_4608,MSAVI,65536,39268,6939.0,46207.0,19329.0,bad,0.59918212890625,0.1058807373046875,0.2949371337890625
3596,2816_3072_4608_4864,MSAVI,65536,42450,4878.0,47328.0,18208.0,bad,0.647735595703125,0.074432373046875,0.27783203125
3597,2816_3072_4864_5120,MSAVI,65536,39080,4599.0,43679.0,21857.0,bad,0.5963134765625,0.0701751708984375,0.3335113525390625
3598,2816_3072_5120_5376,MSAVI,65536,38547,4475.0,43022.0,22514.0,bad,0.5881805419921875,0.0682830810546875,0.343536376953125
3599,2816_3072_5376_5632,MSAVI,65536,38005,7334.0,45339.0,20197.0,bad,0.5799102783203125,0.111907958984375,0.3081817626953125
3600,2816_3072_5632_5888,MSAVI,65536,39346,7292.0,46638.0,18898.0,bad,0.600372314453125,0.11126708984375,0.288360595703125
3601,2816_3072_5888_6144,MSAVI,65536,39446,6959.0,46405.0,19131.0,bad,0.601898193359375,0.1061859130859375,0.2919158935546875
3602,2816_3072_6144_6400,MSAVI,65536,38039,6406.0,44445.0,21091.0,bad,0.5804290771484375,0.097747802734375,0.3218231201171875
3603,2816_3072_6400_6656,MSAVI,65536,37144,5155.0,42299.0,23237.0,bad,0.5667724609375,0.0786590576171875,0.3545684814453125
3604,2816_3072_6656_6912,MSAVI,65536,36767,5032.0,41799.0,23737.0,bad,0.5610198974609375,0.0767822265625,0.3621978759765625
3605,2816_3072_6912_7168,MSAVI,65536,40445,8265.0,48710.0,16826.0,bad,0.6171417236328125,0.1261138916015625,0.256744384765625
3606,2816_3072_7168_7424,MSAVI,65536,49980,11242.0,61222.0,4314.0,bad,0.76263427734375,0.171539306640625,0.065826416015625
3607,3072_3328_0_256,MSAVI,65536,45097,2560.0,47657.0,17879.0,bad,0.6881256103515625,0.0390625,0.2728118896484375
3608,3072_3328_256_512,MSAVI,65536,44959,1937.0,46896.0,18640.0,bad,0.6860198974609375,0.0295562744140625,0.284423828125
3609,3072_3328_512_768,MSAVI,65536,44853,7932.0,52785.0,12751.0,bad,0.6844024658203125,0.12103271484375,0.1945648193359375
3610,3072_3328_768_1024,MSAVI,65536,43563,6088.0,49651.0,15885.0,bad,0.6647186279296875,0.0928955078125,0.2423858642578125
3611,3072_3328_1024_1280,MSAVI,65536,39304,16034.0,55338.0,10198.0,bad,0.5997314453125,0.244659423828125,0.155609130859375
3612,3072_3328_1280_1536,MSAVI,65536,50010,8078.0,58088.0,7448.0,bad,0.763092041015625,0.123260498046875,0.1136474609375
3613,3072_3328_1536_1792,MSAVI,65536,38766,6296.0,45062.0,20474.0,bad,0.591522216796875,0.0960693359375,0.312408447265625
3614,3072_3328_1792_2048,MSAVI,65536,41321,7691.0,49012.0,16524.0,bad,0.6305084228515625,0.1173553466796875,0.25213623046875
3615,3072_3328_2048_2304,MSAVI,65536,43333,7554.0,50887.0,14649.0,bad,0.6612091064453125,0.115264892578125,0.2235260009765625
3616,3072_3328_2304_2560,MSAVI,65536,41128,8054.0,49182.0,16354.0,bad,0.6275634765625,0.122894287109375,0.249542236328125
3617,3072_3328_2560_2816,MSAVI,65536,36262,6642.0,42904.0,22632.0,bad,0.553314208984375,0.101348876953125,0.3453369140625
3618,3072_3328_2816_3072,MSAVI,65536,41282,4485.0,45767.0,19769.0,bad,0.629913330078125,0.0684356689453125,0.3016510009765625
3619,3072_3328_3072_3328,MSAVI,65536,37576,8961.0,46537.0,18999.0,bad,0.5733642578125,0.1367340087890625,0.2899017333984375
3620,3072_3328_3328_3584,MSAVI,65536,38253,7620.0,45873.0,19663.0,bad,0.5836944580078125,0.11627197265625,0.3000335693359375
3621,3072_3328_3584_3840,MSAVI,65536,38383,8855.0,47238.0,18298.0,bad,0.5856781005859375,0.1351165771484375,0.279205322265625
3622,3072_3328_3840_4096,MSAVI,65536,44393,11776.0,56169.0,9367.0,bad,0.6773834228515625,0.1796875,0.1429290771484375
3623,3072_3328_4096_4352,MSAVI,65536,38500,2612.0,41112.0,24424.0,bad,0.58746337890625,0.03985595703125,0.3726806640625
3624,3072_3328_4352_4608,MSAVI,65536,37159,6085.0,43244.0,22292.0,bad,0.5670013427734375,0.0928497314453125,0.34014892578125
3625,3072_3328_4608_4864,MSAVI,65536,41815,6495.0,48310.0,17226.0,bad,0.6380462646484375,0.0991058349609375,0.262847900390625
3626,3072_3328_4864_5120,MSAVI,65536,42280,3507.0,45787.0,19749.0,bad,0.6451416015625,0.0535125732421875,0.3013458251953125
3627,3072_3328_5120_5376,MSAVI,65536,39499,6814.0,46313.0,19223.0,bad,0.6027069091796875,0.103973388671875,0.2933197021484375
3628,3072_3328_5376_5632,MSAVI,65536,40541,12465.0,53006.0,12530.0,bad,0.6186065673828125,0.1902008056640625,0.191192626953125
3629,3072_3328_5632_5888,MSAVI,65536,38882,10339.0,49221.0,16315.0,bad,0.593292236328125,0.1577606201171875,0.2489471435546875
3630,3072_3328_5888_6144,MSAVI,65536,42014,8260.0,50274.0,15262.0,bad,0.641082763671875,0.12603759765625,0.232879638671875
3631,3072_3328_6144_6400,MSAVI,65536,45088,6835.0,51923.0,13613.0,bad,0.68798828125,0.1042938232421875,0.2077178955078125
3632,3072_3328_6400_6656,MSAVI,65536,37126,1999.0,39125.0,26411.0,bad,0.566497802734375,0.0305023193359375,0.4029998779296875
3633,3072_3328_6656_6912,MSAVI,65536,42174,13952.0,56126.0,9410.0,bad,0.643524169921875,0.212890625,0.143585205078125
3634,3072_3328_6912_7168,MSAVI,65536,41479,13243.0,54722.0,10814.0,bad,0.6329193115234375,0.2020721435546875,0.165008544921875
3635,3072_3328_7168_7424,MSAVI,65536,45250,8898.0,54148.0,11388.0,bad,0.690460205078125,0.135772705078125,0.17376708984375
3636,3328_3584_0_256,MSAVI,65536,46055,1380.0,47435.0,18101.0,bad,0.7027435302734375,0.02105712890625,0.2761993408203125
3637,3328_3584_256_512,MSAVI,65536,44848,2052.0,46900.0,18636.0,bad,0.684326171875,0.03131103515625,0.28436279296875
3638,3328_3584_512_768,MSAVI,65536,42869,2666.0,45535.0,20001.0,bad,0.6541290283203125,0.040679931640625,0.3051910400390625
3639,3328_3584_768_1024,MSAVI,65536,41612,11344.0,52956.0,12580.0,bad,0.63494873046875,0.173095703125,0.19195556640625
3640,3328_3584_1024_1280,MSAVI,65536,43296,14018.0,57314.0,8222.0,bad,0.66064453125,0.213897705078125,0.125457763671875
3641,3328_3584_1280_1536,MSAVI,65536,45063,12257.0,57320.0,8216.0,bad,0.6876068115234375,0.1870269775390625,0.1253662109375
3642,3328_3584_1536_1792,MSAVI,65536,40881,12292.0,53173.0,12363.0,bad,0.6237945556640625,0.18756103515625,0.1886444091796875
3643,3328_3584_1792_2048,MSAVI,65536,43891,12804.0,56695.0,8841.0,bad,0.6697235107421875,0.19537353515625,0.1349029541015625
3644,3328_3584_2048_2304,MSAVI,65536,46040,9070.0,55110.0,10426.0,bad,0.7025146484375,0.138397216796875,0.159088134765625
3645,3328_3584_2304_2560,MSAVI,65536,40914,5151.0,46065.0,19471.0,bad,0.624298095703125,0.0785980224609375,0.2971038818359375
3646,3328_3584_2560_2816,MSAVI,65536,47445,6702.0,54147.0,11389.0,bad,0.7239532470703125,0.102264404296875,0.1737823486328125
3647,3328_3584_2816_3072,MSAVI,65536,40511,8724.0,49235.0,16301.0,bad,0.6181488037109375,0.13311767578125,0.2487335205078125
3648,3328_3584_3072_3328,MSAVI,65536,45404,6366.0,51770.0,13766.0,bad,0.69281005859375,0.097137451171875,0.210052490234375
3649,3328_3584_3328_3584,MSAVI,65536,38537,5546.0,44083.0,21453.0,bad,0.5880279541015625,0.084625244140625,0.3273468017578125
3650,3328_3584_3584_3840,MSAVI,65536,39771,9724.0,49495.0,16041.0,bad,0.6068572998046875,0.14837646484375,0.2447662353515625
3651,3328_3584_3840_4096,MSAVI,65536,46304,9429.0,55733.0,9803.0,bad,0.70654296875,0.1438751220703125,0.1495819091796875
3652,3328_3584_4096_4352,MSAVI,65536,39840,14732.0,54572.0,10964.0,bad,0.60791015625,0.22479248046875,0.16729736328125
3653,3328_3584_4352_4608,MSAVI,65536,40521,11127.0,51648.0,13888.0,bad,0.6183013916015625,0.1697845458984375,0.2119140625
3654,3328_3584_4608_4864,MSAVI,65536,46523,8128.0,54651.0,10885.0,bad,0.7098846435546875,0.1240234375,0.1660919189453125
3655,3328_3584_4864_5120,MSAVI,65536,42110,2381.0,44491.0,21045.0,bad,0.642547607421875,0.0363311767578125,0.3211212158203125
3656,3328_3584_5120_5376,MSAVI,65536,42223,10346.0,52569.0,12967.0,bad,0.6442718505859375,0.157867431640625,0.1978607177734375
3657,3328_3584_5376_5632,MSAVI,65536,38794,6463.0,45257.0,20279.0,bad,0.591949462890625,0.0986175537109375,0.3094329833984375
3658,3328_3584_5632_5888,MSAVI,65536,43916,7994.0,51910.0,13626.0,bad,0.67010498046875,0.121978759765625,0.207916259765625
3659,3328_3584_5888_6144,MSAVI,65536,41610,5613.0,47223.0,18313.0,bad,0.634918212890625,0.0856475830078125,0.2794342041015625
3660,3328_3584_6144_6400,MSAVI,65536,44978,5282.0,50260.0,15276.0,bad,0.686309814453125,0.080596923828125,0.23309326171875
3661,3328_3584_6400_6656,MSAVI,65536,42978,10373.0,53351.0,12185.0,bad,0.655792236328125,0.1582794189453125,0.1859283447265625
3662,3328_3584_6656_6912,MSAVI,65536,42212,11473.0,53685.0,11851.0,bad,0.64410400390625,0.1750640869140625,0.1808319091796875
3663,3328_3584_6912_7168,MSAVI,65536,45772,12071.0,57843.0,7693.0,bad,0.69842529296875,0.1841888427734375,0.1173858642578125
3664,3328_3584_7168_7424,MSAVI,65536,39836,13302.0,53138.0,12398.0,bad,0.60784912109375,0.202972412109375,0.189178466796875
3665,3584_3840_0_256,MSAVI,65536,42776,2989.0,45765.0,19771.0,bad,0.6527099609375,0.0456085205078125,0.3016815185546875
3666,3584_3840_256_512,MSAVI,65536,41782,4588.0,46370.0,19166.0,bad,0.637542724609375,0.07000732421875,0.292449951171875
3667,3584_3840_512_768,MSAVI,65536,49875,3326.0,53201.0,12335.0,bad,0.7610321044921875,0.050750732421875,0.1882171630859375
3668,3584_3840_768_1024,MSAVI,65536,47258,9191.0,56449.0,9087.0,bad,0.721099853515625,0.1402435302734375,0.1386566162109375
3669,3584_3840_1024_1280,MSAVI,65536,42629,9991.0,52620.0,12916.0,bad,0.6504669189453125,0.1524505615234375,0.19708251953125
3670,3584_3840_1280_1536,MSAVI,65536,43567,10851.0,54418.0,11118.0,bad,0.6647796630859375,0.1655731201171875,0.169647216796875
3671,3584_3840_1536_1792,MSAVI,65536,41141,10291.0,51432.0,14104.0,bad,0.6277618408203125,0.1570281982421875,0.2152099609375
3672,3584_3840_1792_2048,MSAVI,65536,45303,12250.0,57553.0,7983.0,bad,0.6912689208984375,0.186920166015625,0.1218109130859375
3673,3584_3840_2048_2304,MSAVI,65536,45826,7721.0,53547.0,11989.0,bad,0.699249267578125,0.1178131103515625,0.1829376220703125
3674,3584_3840_2304_2560,MSAVI,65536,42757,5147.0,47904.0,17632.0,bad,0.6524200439453125,0.0785369873046875,0.26904296875
3675,3584_3840_2560_2816,MSAVI,65536,49154,8483.0,57637.0,7899.0,bad,0.750030517578125,0.1294403076171875,0.1205291748046875
3676,3584_3840_2816_3072,MSAVI,65536,42356,5298.0,47654.0,17882.0,bad,0.64630126953125,0.080841064453125,0.272857666015625
3677,3584_3840_3072_3328,MSAVI,65536,39862,5349.0,45211.0,20325.0,bad,0.608245849609375,0.0816192626953125,0.3101348876953125
3678,3584_3840_3328_3584,MSAVI,65536,41795,4781.0,46576.0,18960.0,bad,0.6377410888671875,0.0729522705078125,0.289306640625
3679,3584_3840_3584_3840,MSAVI,65536,41986,7915.0,49901.0,15635.0,bad,0.640655517578125,0.1207733154296875,0.2385711669921875
3680,3584_3840_3840_4096,MSAVI,65536,41213,7127.0,48340.0,17196.0,bad,0.6288604736328125,0.1087493896484375,0.26239013671875
3681,3584_3840_4096_4352,MSAVI,65536,42417,9518.0,51935.0,13601.0,bad,0.6472320556640625,0.145233154296875,0.2075347900390625
3682,3584_3840_4352_4608,MSAVI,65536,38656,5494.0,44150.0,21386.0,bad,0.58984375,0.083831787109375,0.326324462890625
3683,3584_3840_4608_4864,MSAVI,65536,40621,7332.0,47953.0,17583.0,bad,0.6198272705078125,0.11187744140625,0.2682952880859375
3684,3584_3840_4864_5120,MSAVI,65536,41388,5877.0,47265.0,18271.0,bad,0.63153076171875,0.0896759033203125,0.2787933349609375
3685,3584_3840_5120_5376,MSAVI,65536,42465,7898.0,50363.0,15173.0,bad,0.6479644775390625,0.120513916015625,0.2315216064453125
3686,3584_3840_5376_5632,MSAVI,65536,43308,6610.0,49918.0,15618.0,bad,0.66082763671875,0.100860595703125,0.238311767578125
3687,3584_3840_5632_5888,MSAVI,65536,45611,9745.0,55356.0,10180.0,bad,0.6959686279296875,0.1486968994140625,0.15533447265625
3688,3584_3840_5888_6144,MSAVI,65536,42313,8640.0,50953.0,14583.0,bad,0.6456451416015625,0.1318359375,0.2225189208984375
3689,3584_3840_6144_6400,MSAVI,65536,47312,6514.0,53826.0,11710.0,bad,0.721923828125,0.099395751953125,0.178680419921875
3690,3584_3840_6400_6656,MSAVI,65536,44564,10776.0,55340.0,10196.0,bad,0.67999267578125,0.1644287109375,0.15557861328125
3691,3584_3840_6656_6912,MSAVI,65536,53863,7541.0,61404.0,4132.0,bad,0.8218841552734375,0.1150665283203125,0.06304931640625
3692,3584_3840_6912_7168,MSAVI,65536,55000,5902.0,60902.0,4634.0,bad,0.8392333984375,0.090057373046875,0.070709228515625
3693,3584_3840_7168_7424,MSAVI,65536,50043,8020.0,58063.0,7473.0,bad,0.7635955810546875,0.12237548828125,0.1140289306640625
3694,3840_4096_0_256,MSAVI,65536,41888,4698.0,46586.0,18950.0,bad,0.63916015625,0.071685791015625,0.289154052734375
3695,3840_4096_256_512,MSAVI,65536,41161,5170.0,46331.0,19205.0,bad,0.6280670166015625,0.078887939453125,0.2930450439453125
3696,3840_4096_512_768,MSAVI,65536,35462,13612.0,49074.0,16462.0,bad,0.541107177734375,0.20770263671875,0.251190185546875
3697,3840_4096_768_1024,MSAVI,65536,44074,16718.0,60792.0,4744.0,bad,0.672515869140625,0.255096435546875,0.0723876953125
3698,3840_4096_1024_1280,MSAVI,65536,42876,12984.0,55860.0,9676.0,bad,0.65423583984375,0.1981201171875,0.14764404296875
3699,3840_4096_1280_1536,MSAVI,65536,39217,7087.0,46304.0,19232.0,bad,0.5984039306640625,0.1081390380859375,0.29345703125
3700,3840_4096_1536_1792,MSAVI,65536,44536,9379.0,53915.0,11621.0,bad,0.6795654296875,0.1431121826171875,0.1773223876953125
3701,3840_4096_1792_2048,MSAVI,65536,45358,8122.0,53480.0,12056.0,bad,0.692108154296875,0.123931884765625,0.1839599609375
3702,3840_4096_2048_2304,MSAVI,65536,42787,7782.0,50569.0,14967.0,bad,0.6528778076171875,0.118743896484375,0.2283782958984375
3703,3840_4096_2304_2560,MSAVI,65536,42956,5088.0,48044.0,17492.0,bad,0.65545654296875,0.07763671875,0.26690673828125
3704,3840_4096_2560_2816,MSAVI,65536,41827,13049.0,54876.0,10660.0,bad,0.6382293701171875,0.1991119384765625,0.16265869140625
3705,3840_4096_2816_3072,MSAVI,65536,41790,5094.0,46884.0,18652.0,bad,0.637664794921875,0.077728271484375,0.28460693359375
3706,3840_4096_3072_3328,MSAVI,65536,39925,7375.0,47300.0,18236.0,bad,0.6092071533203125,0.1125335693359375,0.27825927734375
3707,3840_4096_3328_3584,MSAVI,65536,40940,3369.0,44309.0,21227.0,bad,0.62469482421875,0.0514068603515625,0.3238983154296875
3708,3840_4096_3584_3840,MSAVI,65536,41011,2609.0,43620.0,21916.0,bad,0.6257781982421875,0.0398101806640625,0.33441162109375
3709,3840_4096_3840_4096,MSAVI,65536,40538,6961.0,47499.0,18037.0,bad,0.618560791015625,0.1062164306640625,0.2752227783203125
3710,3840_4096_4096_4352,MSAVI,65536,38474,7322.0,45796.0,19740.0,bad,0.587066650390625,0.111724853515625,0.30120849609375
3711,3840_4096_4352_4608,MSAVI,65536,41246,12299.0,53545.0,11991.0,bad,0.629364013671875,0.1876678466796875,0.1829681396484375
3712,3840_4096_4608_4864,MSAVI,65536,46546,9497.0,56043.0,9493.0,bad,0.710235595703125,0.1449127197265625,0.1448516845703125
3713,3840_4096_4864_5120,MSAVI,65536,42292,8455.0,50747.0,14789.0,bad,0.64532470703125,0.1290130615234375,0.2256622314453125
3714,3840_4096_5120_5376,MSAVI,65536,37489,5384.0,42873.0,22663.0,bad,0.5720367431640625,0.0821533203125,0.3458099365234375
3715,3840_4096_5376_5632,MSAVI,65536,37790,3833.0,41623.0,23913.0,bad,0.576629638671875,0.0584869384765625,0.3648834228515625
3716,3840_4096_5632_5888,MSAVI,65536,40047,3826.0,43873.0,21663.0,bad,0.6110687255859375,0.058380126953125,0.3305511474609375
3717,3840_4096_5888_6144,MSAVI,65536,38385,9686.0,48071.0,17465.0,bad,0.5857086181640625,0.147796630859375,0.2664947509765625
3718,3840_4096_6144_6400,MSAVI,65536,34529,9580.0,44109.0,21427.0,bad,0.5268707275390625,0.14617919921875,0.3269500732421875
3719,3840_4096_6400_6656,MSAVI,65536,43373,10808.0,54181.0,11355.0,bad,0.6618194580078125,0.1649169921875,0.1732635498046875
3720,3840_4096_6656_6912,MSAVI,65536,42937,8869.0,51806.0,13730.0,bad,0.6551666259765625,0.1353302001953125,0.209503173828125
3721,3840_4096_6912_7168,MSAVI,65536,40595,14347.0,54942.0,10594.0,bad,0.6194305419921875,0.2189178466796875,0.161651611328125
3722,3840_4096_7168_7424,MSAVI,65536,47531,11024.0,58555.0,6981.0,bad,0.7252655029296875,0.168212890625,0.1065216064453125
3723,4096_4352_0_256,MSAVI,65536,42172,1511.0,43683.0,21853.0,bad,0.64349365234375,0.0230560302734375,0.3334503173828125
3724,4096_4352_256_512,MSAVI,65536,42424,9960.0,52384.0,13152.0,bad,0.6473388671875,0.1519775390625,0.20068359375
3725,4096_4352_512_768,MSAVI,65536,41439,9129.0,50568.0,14968.0,bad,0.6323089599609375,0.1392974853515625,0.2283935546875
3726,4096_4352_768_1024,MSAVI,65536,48049,4450.0,52499.0,13037.0,bad,0.7331695556640625,0.067901611328125,0.1989288330078125
3727,4096_4352_1024_1280,MSAVI,65536,41873,6580.0,48453.0,17083.0,bad,0.6389312744140625,0.10040283203125,0.2606658935546875
3728,4096_4352_1280_1536,MSAVI,65536,43026,4259.0,47285.0,18251.0,bad,0.656524658203125,0.0649871826171875,0.2784881591796875
3729,4096_4352_1536_1792,MSAVI,65536,43092,7339.0,50431.0,15105.0,bad,0.65753173828125,0.1119842529296875,0.2304840087890625
3730,4096_4352_1792_2048,MSAVI,65536,41338,9395.0,50733.0,14803.0,bad,0.630767822265625,0.1433563232421875,0.2258758544921875
3731,4096_4352_2048_2304,MSAVI,65536,43357,12284.0,55641.0,9895.0,bad,0.6615753173828125,0.18743896484375,0.1509857177734375
3732,4096_4352_2304_2560,MSAVI,65536,41422,3462.0,44884.0,20652.0,bad,0.632049560546875,0.052825927734375,0.31512451171875
3733,4096_4352_2560_2816,MSAVI,65536,49849,9799.0,59648.0,5888.0,bad,0.7606353759765625,0.1495208740234375,0.08984375
3734,4096_4352_2816_3072,MSAVI,65536,45528,10896.0,56424.0,9112.0,bad,0.6947021484375,0.166259765625,0.1390380859375
3735,4096_4352_3072_3328,MSAVI,65536,38816,7835.0,46651.0,18885.0,bad,0.59228515625,0.1195526123046875,0.2881622314453125
3736,4096_4352_3328_3584,MSAVI,65536,42223,7551.0,49774.0,15762.0,bad,0.6442718505859375,0.1152191162109375,0.240509033203125
3737,4096_4352_3584_3840,MSAVI,65536,40387,3014.0,43401.0,22135.0,bad,0.6162567138671875,0.045989990234375,0.3377532958984375
3738,4096_4352_3840_4096,MSAVI,65536,43737,7255.0,50992.0,14544.0,bad,0.6673736572265625,0.1107025146484375,0.221923828125
3739,4096_4352_4096_4352,MSAVI,65536,51656,9525.0,61181.0,4355.0,bad,0.7882080078125,0.1453399658203125,0.0664520263671875
3740,4096_4352_4352_4608,MSAVI,65536,37247,14362.0,51609.0,13927.0,bad,0.5683441162109375,0.219146728515625,0.2125091552734375
3741,4096_4352_4608_4864,MSAVI,65536,43309,10931.0,54240.0,11296.0,bad,0.6608428955078125,0.1667938232421875,0.17236328125
3742,4096_4352_4864_5120,MSAVI,65536,42895,5306.0,48201.0,17335.0,bad,0.6545257568359375,0.080963134765625,0.2645111083984375
3743,4096_4352_5120_5376,MSAVI,65536,44204,9931.0,54135.0,11401.0,bad,0.67449951171875,0.1515350341796875,0.1739654541015625
3744,4096_4352_5376_5632,MSAVI,65536,41364,5366.0,46730.0,18806.0,bad,0.63116455078125,0.081878662109375,0.286956787109375
3745,4096_4352_5632_5888,MSAVI,65536,37612,6278.0,43890.0,21646.0,bad,0.57391357421875,0.095794677734375,0.330291748046875
3746,4096_4352_5888_6144,MSAVI,65536,37788,10404.0,48192.0,17344.0,bad,0.57659912109375,0.15875244140625,0.2646484375
3747,4096_4352_6144_6400,MSAVI,65536,36768,6390.0,43158.0,22378.0,bad,0.56103515625,0.097503662109375,0.341461181640625
3748,4096_4352_6400_6656,MSAVI,65536,36202,4753.0,40955.0,24581.0,bad,0.552398681640625,0.0725250244140625,0.3750762939453125
3749,4096_4352_6656_6912,MSAVI,65536,49552,6835.0,56387.0,9149.0,bad,0.756103515625,0.1042938232421875,0.1396026611328125
3750,4096_4352_6912_7168,MSAVI,65536,44641,9926.0,54567.0,10969.0,bad,0.6811676025390625,0.151458740234375,0.1673736572265625
3751,4096_4352_7168_7424,MSAVI,65536,45210,12541.0,57751.0,7785.0,bad,0.689849853515625,0.1913604736328125,0.1187896728515625
3752,4352_4608_0_256,MSAVI,65536,40471,5349.0,45820.0,19716.0,bad,0.6175384521484375,0.0816192626953125,0.30084228515625
3753,4352_4608_256_512,MSAVI,65536,39451,8334.0,47785.0,17751.0,bad,0.6019744873046875,0.127166748046875,0.2708587646484375
3754,4352_4608_512_768,MSAVI,65536,44403,7727.0,52130.0,13406.0,bad,0.6775360107421875,0.1179046630859375,0.204559326171875
3755,4352_4608_768_1024,MSAVI,65536,44420,9570.0,53990.0,11546.0,bad,0.67779541015625,0.146026611328125,0.176177978515625
3756,4352_4608_1024_1280,MSAVI,65536,41978,9629.0,51607.0,13929.0,bad,0.640533447265625,0.1469268798828125,0.2125396728515625
3757,4352_4608_1280_1536,MSAVI,65536,42773,9285.0,52058.0,13478.0,bad,0.6526641845703125,0.1416778564453125,0.205657958984375
3758,4352_4608_1536_1792,MSAVI,65536,44278,2935.0,47213.0,18323.0,bad,0.675628662109375,0.0447845458984375,0.2795867919921875
3759,4352_4608_1792_2048,MSAVI,65536,42480,6651.0,49131.0,16405.0,bad,0.648193359375,0.1014862060546875,0.2503204345703125
3760,4352_4608_2048_2304,MSAVI,65536,40314,3379.0,43693.0,21843.0,bad,0.615142822265625,0.0515594482421875,0.3332977294921875
3761,4352_4608_2304_2560,MSAVI,65536,45521,5061.0,50582.0,14954.0,bad,0.6945953369140625,0.0772247314453125,0.228179931640625
3762,4352_4608_2560_2816,MSAVI,65536,50898,4306.0,55204.0,10332.0,bad,0.776641845703125,0.065704345703125,0.15765380859375
3763,4352_4608_2816_3072,MSAVI,65536,43104,9628.0,52732.0,12804.0,bad,0.65771484375,0.14691162109375,0.19537353515625
3764,4352_4608_3072_3328,MSAVI,65536,40900,9188.0,50088.0,15448.0,bad,0.62408447265625,0.14019775390625,0.2357177734375
3765,4352_4608_3328_3584,MSAVI,65536,38897,8467.0,47364.0,18172.0,bad,0.5935211181640625,0.1291961669921875,0.27728271484375
3766,4352_4608_3584_3840,MSAVI,65536,36510,16882.0,53392.0,12144.0,bad,0.557098388671875,0.257598876953125,0.185302734375
3767,4352_4608_3840_4096,MSAVI,65536,39276,13242.0,52518.0,13018.0,bad,0.59930419921875,0.202056884765625,0.198638916015625
3768,4352_4608_4096_4352,MSAVI,65536,45546,8195.0,53741.0,11795.0,bad,0.694976806640625,0.1250457763671875,0.1799774169921875
3769,4352_4608_4352_4608,MSAVI,65536,41679,7724.0,49403.0,16133.0,bad,0.6359710693359375,0.11785888671875,0.2461700439453125
3770,4352_4608_4608_4864,MSAVI,65536,42678,13734.0,56412.0,9124.0,bad,0.651214599609375,0.209564208984375,0.13922119140625
3771,4352_4608_4864_5120,MSAVI,65536,41194,11042.0,52236.0,13300.0,bad,0.628570556640625,0.168487548828125,0.20294189453125
3772,4352_4608_5120_5376,MSAVI,65536,54453,9351.0,63804.0,1732.0,bad,0.8308868408203125,0.1426849365234375,0.02642822265625
3773,4352_4608_5376_5632,MSAVI,65536,42124,6147.0,48271.0,17265.0,bad,0.64276123046875,0.0937957763671875,0.2634429931640625
3774,4352_4608_5632_5888,MSAVI,65536,44006,3966.0,47972.0,17564.0,bad,0.671478271484375,0.060516357421875,0.26800537109375
3775,4352_4608_5888_6144,MSAVI,65536,45605,12215.0,57820.0,7716.0,bad,0.6958770751953125,0.1863861083984375,0.11773681640625
3776,4352_4608_6144_6400,MSAVI,65536,37583,5759.0,43342.0,22194.0,bad,0.5734710693359375,0.0878753662109375,0.338653564453125
3777,4352_4608_6400_6656,MSAVI,65536,42331,8328.0,50659.0,14877.0,bad,0.6459197998046875,0.1270751953125,0.2270050048828125
3778,4352_4608_6656_6912,MSAVI,65536,49594,5645.0,55239.0,10297.0,bad,0.756744384765625,0.0861358642578125,0.1571197509765625
3779,4352_4608_6912_7168,MSAVI,65536,41837,5995.0,47832.0,17704.0,bad,0.6383819580078125,0.0914764404296875,0.2701416015625
3780,4352_4608_7168_7424,MSAVI,65536,49130,12852.0,61982.0,3554.0,bad,0.749664306640625,0.19610595703125,0.054229736328125
3781,4608_4864_0_256,MSAVI,65536,39783,3177.0,42960.0,22576.0,bad,0.6070404052734375,0.0484771728515625,0.344482421875
3782,4608_4864_256_512,MSAVI,65536,40157,1519.0,41676.0,23860.0,bad,0.6127471923828125,0.0231781005859375,0.36407470703125
3783,4608_4864_512_768,MSAVI,65536,36934,8742.0,45676.0,19860.0,bad,0.563568115234375,0.133392333984375,0.30303955078125
3784,4608_4864_768_1024,MSAVI,65536,41454,18214.0,59668.0,5868.0,bad,0.632537841796875,0.277923583984375,0.08953857421875
3785,4608_4864_1024_1280,MSAVI,65536,45005,8999.0,54004.0,11532.0,bad,0.6867218017578125,0.1373138427734375,0.17596435546875
3786,4608_4864_1280_1536,MSAVI,65536,45164,5322.0,50486.0,15050.0,bad,0.68914794921875,0.081207275390625,0.229644775390625
3787,4608_4864_1536_1792,MSAVI,65536,44819,6603.0,51422.0,14114.0,bad,0.6838836669921875,0.1007537841796875,0.215362548828125
3788,4608_4864_1792_2048,MSAVI,65536,43751,4804.0,48555.0,16981.0,bad,0.6675872802734375,0.07330322265625,0.2591094970703125
3789,4608_4864_2048_2304,MSAVI,65536,43727,5997.0,49724.0,15812.0,bad,0.6672210693359375,0.0915069580078125,0.24127197265625
3790,4608_4864_2304_2560,MSAVI,65536,44248,4441.0,48689.0,16847.0,bad,0.6751708984375,0.0677642822265625,0.2570648193359375
3791,4608_4864_2560_2816,MSAVI,65536,44104,3686.0,47790.0,17746.0,bad,0.6729736328125,0.056243896484375,0.270782470703125
3792,4608_4864_2816_3072,MSAVI,65536,43425,6232.0,49657.0,15879.0,bad,0.6626129150390625,0.0950927734375,0.2422943115234375
3793,4608_4864_3072_3328,MSAVI,65536,44140,8770.0,52910.0,12626.0,bad,0.67352294921875,0.133819580078125,0.192657470703125
3794,4608_4864_3328_3584,MSAVI,65536,40720,8416.0,49136.0,16400.0,bad,0.621337890625,0.12841796875,0.250244140625
3795,4608_4864_3584_3840,MSAVI,65536,41245,9963.0,51208.0,14328.0,bad,0.6293487548828125,0.1520233154296875,0.2186279296875
3796,4608_4864_3840_4096,MSAVI,65536,43763,10073.0,53836.0,11700.0,bad,0.6677703857421875,0.1537017822265625,0.17852783203125
3797,4608_4864_4096_4352,MSAVI,65536,40662,5420.0,46082.0,19454.0,bad,0.620452880859375,0.08270263671875,0.296844482421875
3798,4608_4864_4352_4608,MSAVI,65536,36819,6016.0,42835.0,22701.0,bad,0.5618133544921875,0.091796875,0.3463897705078125
3799,4608_4864_4608_4864,MSAVI,65536,41005,10229.0,51234.0,14302.0,bad,0.6256866455078125,0.1560821533203125,0.218231201171875
3800,4608_4864_4864_5120,MSAVI,65536,41083,9778.0,50861.0,14675.0,bad,0.6268768310546875,0.149200439453125,0.2239227294921875
3801,4608_4864_5120_5376,MSAVI,65536,42417,8176.0,50593.0,14943.0,bad,0.6472320556640625,0.124755859375,0.2280120849609375
3802,4608_4864_5376_5632,MSAVI,65536,45592,12620.0,58212.0,7324.0,bad,0.6956787109375,0.19256591796875,0.11175537109375
3803,4608_4864_5632_5888,MSAVI,65536,45999,9383.0,55382.0,10154.0,bad,0.7018890380859375,0.1431732177734375,0.154937744140625
3804,4608_4864_5888_6144,MSAVI,65536,46395,14065.0,60460.0,5076.0,bad,0.7079315185546875,0.2146148681640625,0.07745361328125
3805,4608_4864_6144_6400,MSAVI,65536,39572,12347.0,51919.0,13617.0,bad,0.60382080078125,0.1884002685546875,0.2077789306640625
3806,4608_4864_6400_6656,MSAVI,65536,52721,6150.0,58871.0,6665.0,bad,0.8044586181640625,0.093841552734375,0.1016998291015625
3807,4608_4864_6656_6912,MSAVI,65536,47166,10329.0,57495.0,8041.0,bad,0.719696044921875,0.1576080322265625,0.1226959228515625
3808,4608_4864_6912_7168,MSAVI,65536,43912,7742.0,51654.0,13882.0,bad,0.6700439453125,0.118133544921875,0.211822509765625
3809,4608_4864_7168_7424,MSAVI,65536,49650,11431.0,61081.0,4455.0,bad,0.757598876953125,0.1744232177734375,0.0679779052734375
3810,4864_5120_0_256,MSAVI,65536,42664,4172.0,46836.0,18700.0,bad,0.6510009765625,0.06365966796875,0.28533935546875
3811,4864_5120_256_512,MSAVI,65536,39084,3889.0,42973.0,22563.0,bad,0.59637451171875,0.0593414306640625,0.3442840576171875
3812,4864_5120_512_768,MSAVI,65536,46966,6802.0,53768.0,11768.0,bad,0.716644287109375,0.103790283203125,0.1795654296875
3813,4864_5120_768_1024,MSAVI,65536,41990,11639.0,53629.0,11907.0,bad,0.640716552734375,0.1775970458984375,0.1816864013671875
3814,4864_5120_1024_1280,MSAVI,65536,42566,13501.0,56067.0,9469.0,bad,0.649505615234375,0.2060089111328125,0.1444854736328125
3815,4864_5120_1280_1536,MSAVI,65536,45132,9375.0,54507.0,11029.0,bad,0.68865966796875,0.1430511474609375,0.1682891845703125
3816,4864_5120_1536_1792,MSAVI,65536,50187,5346.0,55533.0,10003.0,bad,0.7657928466796875,0.081573486328125,0.1526336669921875
3817,4864_5120_1792_2048,MSAVI,65536,48190,2694.0,50884.0,14652.0,bad,0.735321044921875,0.041107177734375,0.22357177734375
3818,4864_5120_2048_2304,MSAVI,65536,44578,5082.0,49660.0,15876.0,bad,0.680206298828125,0.077545166015625,0.24224853515625
3819,4864_5120_2304_2560,MSAVI,65536,44690,3898.0,48588.0,16948.0,bad,0.681915283203125,0.059478759765625,0.25860595703125
3820,4864_5120_2560_2816,MSAVI,65536,42794,4715.0,47509.0,18027.0,bad,0.652984619140625,0.0719451904296875,0.2750701904296875
3821,4864_5120_2816_3072,MSAVI,65536,44695,2929.0,47624.0,17912.0,bad,0.6819915771484375,0.0446929931640625,0.2733154296875
3822,4864_5120_3072_3328,MSAVI,65536,45362,9600.0,54962.0,10574.0,bad,0.692169189453125,0.146484375,0.161346435546875
3823,4864_5120_3328_3584,MSAVI,65536,40225,15677.0,55902.0,9634.0,bad,0.6137847900390625,0.2392120361328125,0.147003173828125
3824,4864_5120_3584_3840,MSAVI,65536,43495,9538.0,53033.0,12503.0,bad,0.6636810302734375,0.145538330078125,0.1907806396484375
3825,4864_5120_3840_4096,MSAVI,65536,40321,4359.0,44680.0,20856.0,bad,0.6152496337890625,0.0665130615234375,0.3182373046875
3826,4864_5120_4096_4352,MSAVI,65536,43476,4767.0,48243.0,17293.0,bad,0.66339111328125,0.0727386474609375,0.2638702392578125
3827,4864_5120_4352_4608,MSAVI,65536,42849,5954.0,48803.0,16733.0,bad,0.6538238525390625,0.090850830078125,0.2553253173828125
3828,4864_5120_4608_4864,MSAVI,65536,46516,5147.0,51663.0,13873.0,bad,0.70977783203125,0.0785369873046875,0.2116851806640625
3829,4864_5120_4864_5120,MSAVI,65536,42016,10208.0,52224.0,13312.0,bad,0.64111328125,0.15576171875,0.203125
3830,4864_5120_5120_5376,MSAVI,65536,43249,12378.0,55627.0,9909.0,bad,0.6599273681640625,0.188873291015625,0.1511993408203125
3831,4864_5120_5376_5632,MSAVI,65536,41503,8842.0,50345.0,15191.0,bad,0.6332855224609375,0.134918212890625,0.2317962646484375
3832,4864_5120_5632_5888,MSAVI,65536,46469,10288.0,56757.0,8779.0,bad,0.7090606689453125,0.156982421875,0.1339569091796875
3833,4864_5120_5888_6144,MSAVI,65536,40717,7871.0,48588.0,16948.0,bad,0.6212921142578125,0.1201019287109375,0.25860595703125
3834,4864_5120_6144_6400,MSAVI,65536,38766,8884.0,47650.0,17886.0,bad,0.591522216796875,0.13555908203125,0.272918701171875
3835,4864_5120_6400_6656,MSAVI,65536,39513,10171.0,49684.0,15852.0,bad,0.6029205322265625,0.1551971435546875,0.24188232421875
3836,4864_5120_6656_6912,MSAVI,65536,43487,8176.0,51663.0,13873.0,bad,0.6635589599609375,0.124755859375,0.2116851806640625
3837,4864_5120_6912_7168,MSAVI,65536,41514,13959.0,55473.0,10063.0,bad,0.633453369140625,0.2129974365234375,0.1535491943359375
3838,4864_5120_7168_7424,MSAVI,65536,48048,10676.0,58724.0,6812.0,bad,0.733154296875,0.16290283203125,0.10394287109375
3839,5120_5376_0_256,MSAVI,65536,40631,6224.0,46855.0,18681.0,bad,0.6199798583984375,0.094970703125,0.2850494384765625
3840,5120_5376_256_512,MSAVI,65536,41430,8385.0,49815.0,15721.0,bad,0.632171630859375,0.1279449462890625,0.2398834228515625
3841,5120_5376_512_768,MSAVI,65536,45669,6331.0,52000.0,13536.0,bad,0.6968536376953125,0.0966033935546875,0.20654296875
3842,5120_5376_768_1024,MSAVI,65536,39256,10267.0,49523.0,16013.0,bad,0.5989990234375,0.1566619873046875,0.2443389892578125
3843,5120_5376_1024_1280,MSAVI,65536,37270,15283.0,52553.0,12983.0,bad,0.568695068359375,0.2332000732421875,0.1981048583984375
3844,5120_5376_1280_1536,MSAVI,65536,44870,9144.0,54014.0,11522.0,bad,0.684661865234375,0.1395263671875,0.175811767578125
3845,5120_5376_1536_1792,MSAVI,65536,44350,3925.0,48275.0,17261.0,bad,0.676727294921875,0.0598907470703125,0.2633819580078125
3846,5120_5376_1792_2048,MSAVI,65536,46189,3039.0,49228.0,16308.0,bad,0.7047882080078125,0.0463714599609375,0.24884033203125
3847,5120_5376_2048_2304,MSAVI,65536,48954,3021.0,51975.0,13561.0,bad,0.746978759765625,0.0460968017578125,0.2069244384765625
3848,5120_5376_2304_2560,MSAVI,65536,43189,2209.0,45398.0,20138.0,bad,0.6590118408203125,0.0337066650390625,0.307281494140625
3849,5120_5376_2560_2816,MSAVI,65536,48545,3105.0,51650.0,13886.0,bad,0.7407379150390625,0.0473785400390625,0.211883544921875
3850,5120_5376_2816_3072,MSAVI,65536,46519,5451.0,51970.0,13566.0,bad,0.7098236083984375,0.0831756591796875,0.207000732421875
3851,5120_5376_3072_3328,MSAVI,65536,42169,3362.0,45531.0,20005.0,bad,0.6434478759765625,0.051300048828125,0.3052520751953125
3852,5120_5376_3328_3584,MSAVI,65536,44257,5327.0,49584.0,15952.0,bad,0.6753082275390625,0.0812835693359375,0.243408203125
3853,5120_5376_3584_3840,MSAVI,65536,41148,14122.0,55270.0,10266.0,bad,0.62786865234375,0.215484619140625,0.156646728515625
3854,5120_5376_3840_4096,MSAVI,65536,43070,6494.0,49564.0,15972.0,bad,0.657196044921875,0.099090576171875,0.24371337890625
3855,5120_5376_4096_4352,MSAVI,65536,41024,7551.0,48575.0,16961.0,bad,0.6259765625,0.1152191162109375,0.2588043212890625
3856,5120_5376_4352_4608,MSAVI,65536,43796,9246.0,53042.0,12494.0,bad,0.66827392578125,0.141082763671875,0.190643310546875
3857,5120_5376_4608_4864,MSAVI,65536,44887,7983.0,52870.0,12666.0,bad,0.6849212646484375,0.1218109130859375,0.193267822265625
3858,5120_5376_4864_5120,MSAVI,65536,48594,9006.0,57600.0,7936.0,bad,0.741485595703125,0.137420654296875,0.12109375
3859,5120_5376_5120_5376,MSAVI,65536,45267,7917.0,53184.0,12352.0,bad,0.6907196044921875,0.1208038330078125,0.1884765625
3860,5120_5376_5376_5632,MSAVI,65536,44296,10281.0,54577.0,10959.0,bad,0.6759033203125,0.1568756103515625,0.1672210693359375
3861,5120_5376_5632_5888,MSAVI,65536,44684,13251.0,57935.0,7601.0,bad,0.68182373046875,0.2021942138671875,0.1159820556640625
3862,5120_5376_5888_6144,MSAVI,65536,38408,6578.0,44986.0,20550.0,bad,0.5860595703125,0.100372314453125,0.313568115234375
3863,5120_5376_6144_6400,MSAVI,65536,39510,7896.0,47406.0,18130.0,bad,0.602874755859375,0.1204833984375,0.276641845703125
3864,5120_5376_6400_6656,MSAVI,65536,46511,12677.0,59188.0,6348.0,bad,0.7097015380859375,0.1934356689453125,0.09686279296875
3865,5120_5376_6656_6912,MSAVI,65536,41959,7830.0,49789.0,15747.0,bad,0.6402435302734375,0.119476318359375,0.2402801513671875
3866,5120_5376_6912_7168,MSAVI,65536,46627,14944.0,61571.0,3965.0,bad,0.7114715576171875,0.22802734375,0.0605010986328125
3867,5120_5376_7168_7424,MSAVI,65536,44989,10659.0,55648.0,9888.0,bad,0.6864776611328125,0.1626434326171875,0.15087890625
3868,5376_5632_0_256,MSAVI,65536,43250,3763.0,47013.0,18523.0,bad,0.659942626953125,0.0574188232421875,0.2826385498046875
3869,5376_5632_256_512,MSAVI,65536,43625,1821.0,45446.0,20090.0,bad,0.6656646728515625,0.0277862548828125,0.306549072265625
3870,5376_5632_512_768,MSAVI,65536,41659,6424.0,48083.0,17453.0,bad,0.6356658935546875,0.0980224609375,0.2663116455078125
3871,5376_5632_768_1024,MSAVI,65536,43230,9928.0,53158.0,12378.0,bad,0.659637451171875,0.1514892578125,0.188873291015625
3872,5376_5632_1024_1280,MSAVI,65536,43123,12056.0,55179.0,10357.0,bad,0.6580047607421875,0.1839599609375,0.1580352783203125
3873,5376_5632_1280_1536,MSAVI,65536,41624,4403.0,46027.0,19509.0,bad,0.6351318359375,0.0671844482421875,0.2976837158203125
3874,5376_5632_1536_1792,MSAVI,65536,42422,9053.0,51475.0,14061.0,bad,0.647308349609375,0.1381378173828125,0.2145538330078125
3875,5376_5632_1792_2048,MSAVI,65536,43779,6239.0,50018.0,15518.0,bad,0.6680145263671875,0.0951995849609375,0.236785888671875
3876,5376_5632_2048_2304,MSAVI,65536,46203,3982.0,50185.0,15351.0,bad,0.7050018310546875,0.060760498046875,0.2342376708984375
3877,5376_5632_2304_2560,MSAVI,65536,46075,1460.0,47535.0,18001.0,bad,0.7030487060546875,0.02227783203125,0.2746734619140625
3878,5376_5632_2560_2816,MSAVI,65536,45954,3678.0,49632.0,15904.0,bad,0.701202392578125,0.056121826171875,0.24267578125
3879,5376_5632_2816_3072,MSAVI,65536,48061,4446.0,52507.0,13029.0,bad,0.7333526611328125,0.067840576171875,0.1988067626953125
3880,5376_5632_3072_3328,MSAVI,65536,42753,3730.0,46483.0,19053.0,bad,0.6523590087890625,0.056915283203125,0.2907257080078125
3881,5376_5632_3328_3584,MSAVI,65536,40403,4481.0,44884.0,20652.0,bad,0.6165008544921875,0.0683746337890625,0.31512451171875
3882,5376_5632_3584_3840,MSAVI,65536,42070,5753.0,47823.0,17713.0,bad,0.641937255859375,0.0877838134765625,0.2702789306640625
3883,5376_5632_3840_4096,MSAVI,65536,40635,9755.0,50390.0,15146.0,bad,0.6200408935546875,0.1488494873046875,0.231109619140625
3884,5376_5632_4096_4352,MSAVI,65536,41526,7514.0,49040.0,16496.0,bad,0.633636474609375,0.114654541015625,0.251708984375
3885,5376_5632_4352_4608,MSAVI,65536,44717,8679.0,53396.0,12140.0,bad,0.6823272705078125,0.1324310302734375,0.18524169921875
3886,5376_5632_4608_4864,MSAVI,65536,38037,9032.0,47069.0,18467.0,bad,0.5803985595703125,0.1378173828125,0.2817840576171875
3887,5376_5632_4864_5120,MSAVI,65536,46217,6336.0,52553.0,12983.0,bad,0.7052154541015625,0.0966796875,0.1981048583984375
3888,5376_5632_5120_5376,MSAVI,65536,41488,7133.0,48621.0,16915.0,bad,0.633056640625,0.1088409423828125,0.2581024169921875
3889,5376_5632_5376_5632,MSAVI,65536,46705,6833.0,53538.0,11998.0,bad,0.7126617431640625,0.1042633056640625,0.183074951171875
3890,5376_5632_5632_5888,MSAVI,65536,42803,12045.0,54848.0,10688.0,bad,0.6531219482421875,0.1837921142578125,0.1630859375
3891,5376_5632_5888_6144,MSAVI,65536,38388,9941.0,48329.0,17207.0,bad,0.58575439453125,0.1516876220703125,0.2625579833984375
3892,5376_5632_6144_6400,MSAVI,65536,40034,5530.0,45564.0,19972.0,bad,0.610870361328125,0.084381103515625,0.30474853515625
3893,5376_5632_6400_6656,MSAVI,65536,43442,7620.0,51062.0,14474.0,bad,0.662872314453125,0.11627197265625,0.220855712890625
3894,5376_5632_6656_6912,MSAVI,65536,38836,16299.0,55135.0,10401.0,bad,0.59259033203125,0.2487030029296875,0.1587066650390625
3895,5376_5632_6912_7168,MSAVI,65536,49597,9934.0,59531.0,6005.0,bad,0.7567901611328125,0.151580810546875,0.0916290283203125
3896,5376_5632_7168_7424,MSAVI,65536,40070,8888.0,48958.0,16578.0,bad,0.611419677734375,0.1356201171875,0.252960205078125
3897,5632_5888_0_256,MSAVI,65536,43078,7340.0,50418.0,15118.0,bad,0.657318115234375,0.11199951171875,0.230682373046875
3898,5632_5888_256_512,MSAVI,65536,42766,4572.0,47338.0,18198.0,bad,0.652557373046875,0.06976318359375,0.277679443359375
3899,5632_5888_512_768,MSAVI,65536,43055,3674.0,46729.0,18807.0,bad,0.6569671630859375,0.056060791015625,0.2869720458984375
3900,5632_5888_768_1024,MSAVI,65536,41338,3957.0,45295.0,20241.0,bad,0.630767822265625,0.0603790283203125,0.3088531494140625
3901,5632_5888_1024_1280,MSAVI,65536,46293,9023.0,55316.0,10220.0,bad,0.7063751220703125,0.1376800537109375,0.15594482421875
3902,5632_5888_1280_1536,MSAVI,65536,38838,4089.0,42927.0,22609.0,bad,0.592620849609375,0.0623931884765625,0.3449859619140625
3903,5632_5888_1536_1792,MSAVI,65536,43181,4068.0,47249.0,18287.0,bad,0.6588897705078125,0.06207275390625,0.2790374755859375
3904,5632_5888_1792_2048,MSAVI,65536,42991,2881.0,45872.0,19664.0,bad,0.6559906005859375,0.0439605712890625,0.300048828125
3905,5632_5888_2048_2304,MSAVI,65536,41277,4635.0,45912.0,19624.0,bad,0.6298370361328125,0.0707244873046875,0.2994384765625
3906,5632_5888_2304_2560,MSAVI,65536,43993,2948.0,46941.0,18595.0,bad,0.6712799072265625,0.04498291015625,0.2837371826171875
3907,5632_5888_2560_2816,MSAVI,65536,45457,2444.0,47901.0,17635.0,bad,0.6936187744140625,0.03729248046875,0.2690887451171875
3908,5632_5888_2816_3072,MSAVI,65536,49027,4997.0,54024.0,11512.0,bad,0.7480926513671875,0.0762481689453125,0.1756591796875
3909,5632_5888_3072_3328,MSAVI,65536,42640,8128.0,50768.0,14768.0,bad,0.650634765625,0.1240234375,0.225341796875
3910,5632_5888_3328_3584,MSAVI,65536,41517,8678.0,50195.0,15341.0,bad,0.6334991455078125,0.132415771484375,0.2340850830078125
3911,5632_5888_3584_3840,MSAVI,65536,40706,12718.0,53424.0,12112.0,bad,0.621124267578125,0.194061279296875,0.184814453125
3912,5632_5888_3840_4096,MSAVI,65536,45231,9419.0,54650.0,10886.0,bad,0.6901702880859375,0.1437225341796875,0.166107177734375
3913,5632_5888_4096_4352,MSAVI,65536,40918,6512.0,47430.0,18106.0,bad,0.624359130859375,0.099365234375,0.276275634765625
3914,5632_5888_4352_4608,MSAVI,65536,35631,11835.0,47466.0,18070.0,bad,0.5436859130859375,0.1805877685546875,0.275726318359375
3915,5632_5888_4608_4864,MSAVI,65536,48091,11053.0,59144.0,6392.0,bad,0.7338104248046875,0.1686553955078125,0.0975341796875
3916,5632_5888_4864_5120,MSAVI,65536,39914,3796.0,43710.0,21826.0,bad,0.609039306640625,0.05792236328125,0.333038330078125
3917,5632_5888_5120_5376,MSAVI,65536,40581,6601.0,47182.0,18354.0,bad,0.6192169189453125,0.1007232666015625,0.280059814453125
3918,5632_5888_5376_5632,MSAVI,65536,43632,6630.0,50262.0,15274.0,bad,0.665771484375,0.101165771484375,0.233062744140625
3919,5632_5888_5632_5888,MSAVI,65536,44610,13608.0,58218.0,7318.0,bad,0.680694580078125,0.2076416015625,0.111663818359375
3920,5632_5888_5888_6144,MSAVI,65536,41498,4457.0,45955.0,19581.0,bad,0.633209228515625,0.0680084228515625,0.2987823486328125
3921,5632_5888_6144_6400,MSAVI,65536,45666,12543.0,58209.0,7327.0,bad,0.696807861328125,0.1913909912109375,0.1118011474609375
3922,5632_5888_6400_6656,MSAVI,65536,41373,4926.0,46299.0,19237.0,bad,0.6313018798828125,0.075164794921875,0.2935333251953125
3923,5632_5888_6656_6912,MSAVI,65536,41405,14315.0,55720.0,9816.0,bad,0.6317901611328125,0.2184295654296875,0.1497802734375
3924,5632_5888_6912_7168,MSAVI,65536,47695,10471.0,58166.0,7370.0,bad,0.7277679443359375,0.1597747802734375,0.112457275390625
3925,5632_5888_7168_7424,MSAVI,65536,41097,6724.0,47821.0,17715.0,bad,0.6270904541015625,0.10260009765625,0.2703094482421875
3926,5888_6144_0_256,MSAVI,65536,41883,8303.0,50186.0,15350.0,bad,0.6390838623046875,0.1266937255859375,0.234222412109375
3927,5888_6144_256_512,MSAVI,65536,40447,3394.0,43841.0,21695.0,bad,0.6171722412109375,0.051788330078125,0.3310394287109375
3928,5888_6144_512_768,MSAVI,65536,40519,1580.0,42099.0,23437.0,bad,0.6182708740234375,0.02410888671875,0.3576202392578125
3929,5888_6144_768_1024,MSAVI,65536,40705,3676.0,44381.0,21155.0,bad,0.6211090087890625,0.05609130859375,0.3227996826171875
3930,5888_6144_1024_1280,MSAVI,65536,45857,9814.0,55671.0,9865.0,bad,0.6997222900390625,0.149749755859375,0.1505279541015625
3931,5888_6144_1280_1536,MSAVI,65536,40116,2135.0,42251.0,23285.0,bad,0.61212158203125,0.0325775146484375,0.3553009033203125
3932,5888_6144_1536_1792,MSAVI,65536,47595,6553.0,54148.0,11388.0,bad,0.7262420654296875,0.0999908447265625,0.17376708984375
3933,5888_6144_1792_2048,MSAVI,65536,40849,2212.0,43061.0,22475.0,bad,0.6233062744140625,0.03375244140625,0.3429412841796875
3934,5888_6144_2048_2304,MSAVI,65536,37599,2837.0,40436.0,25100.0,bad,0.5737152099609375,0.0432891845703125,0.38299560546875
3935,5888_6144_2304_2560,MSAVI,65536,42092,3446.0,45538.0,19998.0,bad,0.64227294921875,0.052581787109375,0.305145263671875
3936,5888_6144_2560_2816,MSAVI,65536,43922,3105.0,47027.0,18509.0,bad,0.670196533203125,0.0473785400390625,0.2824249267578125
3937,5888_6144_2816_3072,MSAVI,65536,49032,5852.0,54884.0,10652.0,bad,0.7481689453125,0.08929443359375,0.16253662109375
3938,5888_6144_3072_3328,MSAVI,65536,46005,4895.0,50900.0,14636.0,bad,0.7019805908203125,0.0746917724609375,0.22332763671875
3939,5888_6144_3328_3584,MSAVI,65536,41235,3097.0,44332.0,21204.0,bad,0.6291961669921875,0.0472564697265625,0.32354736328125
3940,5888_6144_3584_3840,MSAVI,65536,42077,5103.0,47180.0,18356.0,bad,0.6420440673828125,0.0778656005859375,0.28009033203125
3941,5888_6144_3840_4096,MSAVI,65536,41593,10625.0,52218.0,13318.0,bad,0.6346588134765625,0.1621246337890625,0.203216552734375
3942,5888_6144_4096_4352,MSAVI,65536,47503,12257.0,59760.0,5776.0,bad,0.7248382568359375,0.1870269775390625,0.088134765625
3943,5888_6144_4352_4608,MSAVI,65536,42064,18674.0,60738.0,4798.0,bad,0.641845703125,0.284942626953125,0.073211669921875
3944,5888_6144_4608_4864,MSAVI,65536,42780,11608.0,54388.0,11148.0,bad,0.65277099609375,0.1771240234375,0.17010498046875
3945,5888_6144_4864_5120,MSAVI,65536,40282,4375.0,44657.0,20879.0,bad,0.614654541015625,0.0667572021484375,0.3185882568359375
3946,5888_6144_5120_5376,MSAVI,65536,41453,8031.0,49484.0,16052.0,bad,0.6325225830078125,0.1225433349609375,0.24493408203125
3947,5888_6144_5376_5632,MSAVI,65536,39834,5203.0,45037.0,20499.0,bad,0.607818603515625,0.0793914794921875,0.3127899169921875
3948,5888_6144_5632_5888,MSAVI,65536,42707,7529.0,50236.0,15300.0,bad,0.6516571044921875,0.1148834228515625,0.23345947265625
3949,5888_6144_5888_6144,MSAVI,65536,43354,10433.0,53787.0,11749.0,bad,0.661529541015625,0.1591949462890625,0.1792755126953125
3950,5888_6144_6144_6400,MSAVI,65536,40800,12229.0,53029.0,12507.0,bad,0.62255859375,0.1865997314453125,0.1908416748046875
3951,5888_6144_6400_6656,MSAVI,65536,41157,16942.0,58099.0,7437.0,bad,0.6280059814453125,0.258514404296875,0.1134796142578125
3952,5888_6144_6656_6912,MSAVI,65536,45954,14085.0,60039.0,5497.0,bad,0.701202392578125,0.2149200439453125,0.0838775634765625
3953,5888_6144_6912_7168,MSAVI,65536,44200,11091.0,55291.0,10245.0,bad,0.6744384765625,0.1692352294921875,0.1563262939453125
3954,5888_6144_7168_7424,MSAVI,65536,38987,8801.0,47788.0,17748.0,bad,0.5948944091796875,0.1342926025390625,0.27081298828125
3955,6144_6400_0_256,MSAVI,65536,38105,8849.0,46954.0,18582.0,bad,0.5814361572265625,0.1350250244140625,0.283538818359375
3956,6144_6400_256_512,MSAVI,65536,39455,3066.0,42521.0,23015.0,bad,0.6020355224609375,0.046783447265625,0.3511810302734375
3957,6144_6400_512_768,MSAVI,65536,40116,2911.0,43027.0,22509.0,bad,0.61212158203125,0.0444183349609375,0.3434600830078125
3958,6144_6400_768_1024,MSAVI,65536,40668,4919.0,45587.0,19949.0,bad,0.62054443359375,0.0750579833984375,0.3043975830078125
3959,6144_6400_1024_1280,MSAVI,65536,39924,3901.0,43825.0,21711.0,bad,0.60919189453125,0.0595245361328125,0.3312835693359375
3960,6144_6400_1280_1536,MSAVI,65536,35581,10660.0,46241.0,19295.0,bad,0.5429229736328125,0.16265869140625,0.2944183349609375
3961,6144_6400_1536_1792,MSAVI,65536,38289,10475.0,48764.0,16772.0,bad,0.5842437744140625,0.1598358154296875,0.25592041015625
3962,6144_6400_1792_2048,MSAVI,65536,39372,3290.0,42662.0,22874.0,bad,0.60076904296875,0.050201416015625,0.349029541015625
3963,6144_6400_2048_2304,MSAVI,65536,39439,3989.0,43428.0,22108.0,bad,0.6017913818359375,0.0608673095703125,0.33734130859375
3964,6144_6400_2304_2560,MSAVI,65536,41127,6523.0,47650.0,17886.0,bad,0.6275482177734375,0.0995330810546875,0.272918701171875
3965,6144_6400_2560_2816,MSAVI,65536,45141,5772.0,50913.0,14623.0,bad,0.6887969970703125,0.08807373046875,0.2231292724609375
3966,6144_6400_2816_3072,MSAVI,65536,45135,5706.0,50841.0,14695.0,bad,0.6887054443359375,0.087066650390625,0.2242279052734375
3967,6144_6400_3072_3328,MSAVI,65536,42802,7890.0,50692.0,14844.0,bad,0.653106689453125,0.120391845703125,0.22650146484375
3968,6144_6400_3328_3584,MSAVI,65536,38691,3897.0,42588.0,22948.0,bad,0.5903778076171875,0.0594635009765625,0.35015869140625
3969,6144_6400_3584_3840,MSAVI,65536,49111,9475.0,58586.0,6950.0,bad,0.7493743896484375,0.1445770263671875,0.106048583984375
3970,6144_6400_3840_4096,MSAVI,65536,45529,12911.0,58440.0,7096.0,bad,0.6947174072265625,0.1970062255859375,0.1082763671875
3971,6144_6400_4096_4352,MSAVI,65536,41806,8234.0,50040.0,15496.0,bad,0.637908935546875,0.125640869140625,0.2364501953125
3972,6144_6400_4352_4608,MSAVI,65536,43598,3325.0,46923.0,18613.0,bad,0.665252685546875,0.0507354736328125,0.2840118408203125
3973,6144_6400_4608_4864,MSAVI,65536,37884,6727.0,44611.0,20925.0,bad,0.57806396484375,0.1026458740234375,0.3192901611328125
3974,6144_6400_4864_5120,MSAVI,65536,46566,11707.0,58273.0,7263.0,bad,0.710540771484375,0.1786346435546875,0.1108245849609375
3975,6144_6400_5120_5376,MSAVI,65536,43498,10237.0,53735.0,11801.0,bad,0.663726806640625,0.1562042236328125,0.1800689697265625
3976,6144_6400_5376_5632,MSAVI,65536,40388,9280.0,49668.0,15868.0,bad,0.61627197265625,0.1416015625,0.24212646484375
3977,6144_6400_5632_5888,MSAVI,65536,39972,13761.0,53733.0,11803.0,bad,0.60992431640625,0.2099761962890625,0.1800994873046875
3978,6144_6400_5888_6144,MSAVI,65536,43913,8879.0,52792.0,12744.0,bad,0.6700592041015625,0.1354827880859375,0.1944580078125
3979,6144_6400_6144_6400,MSAVI,65536,40905,6406.0,47311.0,18225.0,bad,0.6241607666015625,0.097747802734375,0.2780914306640625
3980,6144_6400_6400_6656,MSAVI,65536,41464,10944.0,52408.0,13128.0,bad,0.6326904296875,0.1669921875,0.2003173828125
3981,6144_6400_6656_6912,MSAVI,65536,48393,11066.0,59459.0,6077.0,bad,0.7384185791015625,0.168853759765625,0.0927276611328125
3982,6144_6400_6912_7168,MSAVI,65536,44195,15664.0,59859.0,5677.0,bad,0.6743621826171875,0.239013671875,0.0866241455078125
3983,6144_6400_7168_7424,MSAVI,65536,37940,8338.0,46278.0,19258.0,bad,0.57891845703125,0.127227783203125,0.293853759765625
3984,6400_6656_0_256,MSAVI,65536,38872,4034.0,42906.0,22630.0,bad,0.5931396484375,0.061553955078125,0.345306396484375
3985,6400_6656_256_512,MSAVI,65536,37497,3199.0,40696.0,24840.0,bad,0.5721588134765625,0.0488128662109375,0.3790283203125
3986,6400_6656_512_768,MSAVI,65536,41619,5711.0,47330.0,18206.0,bad,0.6350555419921875,0.0871429443359375,0.277801513671875
3987,6400_6656_768_1024,MSAVI,65536,42709,4496.0,47205.0,18331.0,bad,0.6516876220703125,0.068603515625,0.2797088623046875
3988,6400_6656_1024_1280,MSAVI,65536,47794,8022.0,55816.0,9720.0,bad,0.729278564453125,0.122406005859375,0.1483154296875
3989,6400_6656_1280_1536,MSAVI,65536,32456,6414.0,38870.0,26666.0,bad,0.4952392578125,0.097869873046875,0.406890869140625
3990,6400_6656_1536_1792,MSAVI,65536,33506,6946.0,40452.0,25084.0,bad,0.511260986328125,0.105987548828125,0.38275146484375
3991,6400_6656_1792_2048,MSAVI,65536,35302,2141.0,37443.0,28093.0,bad,0.538665771484375,0.0326690673828125,0.4286651611328125
3992,6400_6656_2048_2304,MSAVI,65536,39650,3246.0,42896.0,22640.0,bad,0.605010986328125,0.049530029296875,0.345458984375
3993,6400_6656_2304_2560,MSAVI,65536,39658,5006.0,44664.0,20872.0,bad,0.605133056640625,0.076385498046875,0.3184814453125
3994,6400_6656_2560_2816,MSAVI,65536,38720,5697.0,44417.0,21119.0,bad,0.5908203125,0.0869293212890625,0.3222503662109375
3995,6400_6656_2816_3072,MSAVI,65536,39517,5105.0,44622.0,20914.0,bad,0.6029815673828125,0.0778961181640625,0.319122314453125
3996,6400_6656_3072_3328,MSAVI,65536,37543,6933.0,44476.0,21060.0,bad,0.5728607177734375,0.1057891845703125,0.32135009765625
3997,6400_6656_3328_3584,MSAVI,65536,45338,8460.0,53798.0,11738.0,bad,0.691802978515625,0.12908935546875,0.179107666015625
3998,6400_6656_3584_3840,MSAVI,65536,46034,7864.0,53898.0,11638.0,bad,0.702423095703125,0.1199951171875,0.177581787109375
3999,6400_6656_3840_4096,MSAVI,65536,46484,9917.0,56401.0,9135.0,bad,0.70928955078125,0.1513214111328125,0.1393890380859375
4000,6400_6656_4096_4352,MSAVI,65536,44932,9265.0,54197.0,11339.0,bad,0.68560791015625,0.1413726806640625,0.1730194091796875
4001,6400_6656_4352_4608,MSAVI,65536,45516,10462.0,55978.0,9558.0,bad,0.69451904296875,0.159637451171875,0.145843505859375
4002,6400_6656_4608_4864,MSAVI,65536,46866,15858.0,62724.0,2812.0,bad,0.715118408203125,0.241973876953125,0.04290771484375
4003,6400_6656_4864_5120,MSAVI,65536,48388,10277.0,58665.0,6871.0,bad,0.73834228515625,0.1568145751953125,0.1048431396484375
4004,6400_6656_5120_5376,MSAVI,65536,40556,8891.0,49447.0,16089.0,bad,0.61883544921875,0.1356658935546875,0.2454986572265625
4005,6400_6656_5376_5632,MSAVI,65536,45325,7766.0,53091.0,12445.0,bad,0.6916046142578125,0.118499755859375,0.1898956298828125
4006,6400_6656_5632_5888,MSAVI,65536,37644,14256.0,51900.0,13636.0,bad,0.57440185546875,0.217529296875,0.20806884765625
4007,6400_6656_5888_6144,MSAVI,65536,48516,9851.0,58367.0,7169.0,bad,0.74029541015625,0.1503143310546875,0.1093902587890625
4008,6400_6656_6144_6400,MSAVI,65536,48418,9575.0,57993.0,7543.0,bad,0.738800048828125,0.1461029052734375,0.1150970458984375
4009,6400_6656_6400_6656,MSAVI,65536,40925,15098.0,56023.0,9513.0,bad,0.6244659423828125,0.230377197265625,0.1451568603515625
4010,6400_6656_6656_6912,MSAVI,65536,35923,19926.0,55849.0,9687.0,bad,0.5481414794921875,0.304046630859375,0.1478118896484375
4011,6400_6656_6912_7168,MSAVI,65536,41854,6800.0,48654.0,16882.0,bad,0.638641357421875,0.103759765625,0.257598876953125
4012,6400_6656_7168_7424,MSAVI,65536,42308,10857.0,53165.0,12371.0,bad,0.64556884765625,0.1656646728515625,0.1887664794921875
4013,6656_6912_0_256,MSAVI,65536,39805,5184.0,44989.0,20547.0,bad,0.6073760986328125,0.0791015625,0.3135223388671875
4014,6656_6912_256_512,MSAVI,65536,36625,3927.0,40552.0,24984.0,bad,0.5588531494140625,0.0599212646484375,0.3812255859375
4015,6656_6912_512_768,MSAVI,65536,41076,6654.0,47730.0,17806.0,bad,0.62677001953125,0.101531982421875,0.271697998046875
4016,6656_6912_768_1024,MSAVI,65536,40496,5595.0,46091.0,19445.0,bad,0.617919921875,0.0853729248046875,0.2967071533203125
4017,6656_6912_1024_1280,MSAVI,65536,39919,7437.0,47356.0,18180.0,bad,0.6091156005859375,0.1134796142578125,0.27740478515625
4018,6656_6912_1280_1536,MSAVI,65536,31055,7844.0,38899.0,26637.0,bad,0.4738616943359375,0.11968994140625,0.4064483642578125
4019,6656_6912_1536_1792,MSAVI,65536,33923,13691.0,47614.0,17922.0,bad,0.5176239013671875,0.2089080810546875,0.273468017578125
4020,6656_6912_1792_2048,MSAVI,65536,40213,3608.0,43821.0,21715.0,bad,0.6136016845703125,0.0550537109375,0.3313446044921875
4021,6656_6912_2048_2304,MSAVI,65536,43297,5343.0,48640.0,16896.0,bad,0.6606597900390625,0.0815277099609375,0.2578125
4022,6656_6912_2304_2560,MSAVI,65536,46474,7135.0,53609.0,11927.0,bad,0.709136962890625,0.1088714599609375,0.1819915771484375
4023,6656_6912_2560_2816,MSAVI,65536,40841,5865.0,46706.0,18830.0,bad,0.6231842041015625,0.0894927978515625,0.287322998046875
4024,6656_6912_2816_3072,MSAVI,65536,43740,3790.0,47530.0,18006.0,bad,0.66741943359375,0.057830810546875,0.274749755859375
4025,6656_6912_3072_3328,MSAVI,65536,38542,7662.0,46204.0,19332.0,bad,0.588104248046875,0.116912841796875,0.29498291015625
4026,6656_6912_3328_3584,MSAVI,65536,37051,13262.0,50313.0,15223.0,bad,0.5653533935546875,0.202362060546875,0.2322845458984375
4027,6656_6912_3584_3840,MSAVI,65536,41407,7167.0,48574.0,16962.0,bad,0.6318206787109375,0.1093597412109375,0.258819580078125
4028,6656_6912_3840_4096,MSAVI,65536,46044,7703.0,53747.0,11789.0,bad,0.70257568359375,0.1175384521484375,0.1798858642578125
4029,6656_6912_4096_4352,MSAVI,65536,43356,5108.0,48464.0,17072.0,bad,0.66156005859375,0.07794189453125,0.260498046875
4030,6656_6912_4352_4608,MSAVI,65536,44958,7536.0,52494.0,13042.0,bad,0.686004638671875,0.114990234375,0.199005126953125
4031,6656_6912_4608_4864,MSAVI,65536,45311,6617.0,51928.0,13608.0,bad,0.6913909912109375,0.1009674072265625,0.2076416015625
4032,6656_6912_4864_5120,MSAVI,65536,46198,7694.0,53892.0,11644.0,bad,0.704925537109375,0.117401123046875,0.17767333984375
4033,6656_6912_5120_5376,MSAVI,65536,42520,2691.0,45211.0,20325.0,bad,0.6488037109375,0.0410614013671875,0.3101348876953125
4034,6656_6912_5376_5632,MSAVI,65536,51742,5376.0,57118.0,8418.0,bad,0.789520263671875,0.08203125,0.128448486328125
4035,6656_6912_5632_5888,MSAVI,65536,43058,5597.0,48655.0,16881.0,bad,0.657012939453125,0.0854034423828125,0.2575836181640625
4036,6656_6912_5888_6144,MSAVI,65536,45950,13354.0,59304.0,6232.0,bad,0.701141357421875,0.203765869140625,0.0950927734375
4037,6656_6912_6144_6400,MSAVI,65536,42299,10943.0,53242.0,12294.0,bad,0.6454315185546875,0.1669769287109375,0.187591552734375
4038,6656_6912_6400_6656,MSAVI,65536,43539,14468.0,58007.0,7529.0,bad,0.6643524169921875,0.22076416015625,0.1148834228515625
4039,6656_6912_6656_6912,MSAVI,65536,42211,12596.0,54807.0,10729.0,bad,0.6440887451171875,0.19219970703125,0.1637115478515625
4040,6656_6912_6912_7168,MSAVI,65536,39816,8510.0,48326.0,17210.0,bad,0.6075439453125,0.129852294921875,0.262603759765625
4041,6656_6912_7168_7424,MSAVI,65536,42900,11346.0,54246.0,11290.0,bad,0.65460205078125,0.173126220703125,0.172271728515625
4042,6912_7168_0_256,MSAVI,65368,39621,3668.0,43289.0,22079.0,bad,0.6061222616570799,0.05611308285399584,0.33776465548892426
4043,6912_7168_256_512,MSAVI,65536,40113,7584.0,47697.0,17839.0,bad,0.6120758056640625,0.11572265625,0.2722015380859375
4044,6912_7168_512_768,MSAVI,65536,42650,9512.0,52162.0,13374.0,bad,0.650787353515625,0.1451416015625,0.204071044921875
4045,6912_7168_768_1024,MSAVI,65536,37778,4892.0,42670.0,22866.0,bad,0.576446533203125,0.07464599609375,0.348907470703125
4046,6912_7168_1024_1280,MSAVI,65536,41154,8772.0,49926.0,15610.0,bad,0.627960205078125,0.13385009765625,0.238189697265625
4047,6912_7168_1280_1536,MSAVI,65536,41086,12399.0,53485.0,12051.0,bad,0.626922607421875,0.1891937255859375,0.1838836669921875
4048,6912_7168_1536_1792,MSAVI,65536,47860,9306.0,57166.0,8370.0,bad,0.73028564453125,0.141998291015625,0.127716064453125
4049,6912_7168_1792_2048,MSAVI,65536,42943,7801.0,50744.0,14792.0,bad,0.6552581787109375,0.1190338134765625,0.2257080078125
4050,6912_7168_2048_2304,MSAVI,65536,44192,4937.0,49129.0,16407.0,bad,0.67431640625,0.0753326416015625,0.2503509521484375
4051,6912_7168_2304_2560,MSAVI,65536,41363,6539.0,47902.0,17634.0,bad,0.6311492919921875,0.0997772216796875,0.269073486328125
4052,6912_7168_2560_2816,MSAVI,65536,39037,3410.0,42447.0,23089.0,bad,0.5956573486328125,0.052032470703125,0.3523101806640625
4053,6912_7168_2816_3072,MSAVI,65536,39445,5826.0,45271.0,20265.0,bad,0.6018829345703125,0.088897705078125,0.3092193603515625
4054,6912_7168_3072_3328,MSAVI,65536,35211,5667.0,40878.0,24658.0,bad,0.5372772216796875,0.0864715576171875,0.376251220703125
4055,6912_7168_3328_3584,MSAVI,65536,45801,3942.0,49743.0,15793.0,bad,0.6988677978515625,0.060150146484375,0.2409820556640625
4056,6912_7168_3584_3840,MSAVI,65536,44215,5321.0,49536.0,16000.0,bad,0.6746673583984375,0.0811920166015625,0.244140625
4057,6912_7168_3840_4096,MSAVI,65536,40926,6177.0,47103.0,18433.0,bad,0.624481201171875,0.0942535400390625,0.2812652587890625
4058,6912_7168_4096_4352,MSAVI,65536,39708,9153.0,48861.0,16675.0,bad,0.60589599609375,0.1396636962890625,0.2544403076171875
4059,6912_7168_4352_4608,MSAVI,65536,48287,4283.0,52570.0,12966.0,bad,0.7368011474609375,0.0653533935546875,0.197845458984375
4060,6912_7168_4608_4864,MSAVI,65536,50546,3627.0,54173.0,11363.0,bad,0.771270751953125,0.0553436279296875,0.1733856201171875
4061,6912_7168_4864_5120,MSAVI,65536,53219,5564.0,58783.0,6753.0,bad,0.8120574951171875,0.08489990234375,0.1030426025390625
4062,6912_7168_5120_5376,MSAVI,65536,54700,4835.0,59535.0,6001.0,bad,0.83465576171875,0.0737762451171875,0.0915679931640625
4063,6912_7168_5376_5632,MSAVI,65536,44657,11908.0,56565.0,8971.0,bad,0.6814117431640625,0.18170166015625,0.1368865966796875
4064,6912_7168_5632_5888,MSAVI,65536,46602,7350.0,53952.0,11584.0,bad,0.711090087890625,0.112152099609375,0.1767578125
4065,6912_7168_5888_6144,MSAVI,65536,38951,17344.0,56295.0,9241.0,bad,0.5943450927734375,0.2646484375,0.1410064697265625
4066,6912_7168_6144_6400,MSAVI,65536,40715,15088.0,55803.0,9733.0,bad,0.6212615966796875,0.230224609375,0.1485137939453125
4067,6912_7168_6400_6656,MSAVI,65536,39542,20001.0,59543.0,5993.0,bad,0.603363037109375,0.3051910400390625,0.0914459228515625
4068,6912_7168_6656_6912,MSAVI,65536,39899,7186.0,47085.0,18451.0,bad,0.6088104248046875,0.109649658203125,0.2815399169921875
4069,6912_7168_6912_7168,MSAVI,65536,39125,12213.0,51338.0,14198.0,bad,0.5970001220703125,0.1863555908203125,0.216644287109375
4070,6912_7168_7168_7424,MSAVI,65536,40087,16000.0,56087.0,9449.0,bad,0.6116790771484375,0.244140625,0.1441802978515625
4071,7168_7424_256_512,MSAVI,65536,40281,3188.0,43469.0,22067.0,bad,0.6146392822265625,0.04864501953125,0.3367156982421875
4072,7168_7424_512_768,MSAVI,65536,41927,3179.0,45106.0,20430.0,bad,0.6397552490234375,0.0485076904296875,0.311737060546875
4073,7168_7424_768_1024,MSAVI,65536,37554,3833.0,41387.0,24149.0,bad,0.573028564453125,0.0584869384765625,0.3684844970703125
4074,7168_7424_1024_1280,MSAVI,65536,39347,8231.0,47578.0,17958.0,bad,0.6003875732421875,0.1255950927734375,0.274017333984375
4075,7168_7424_1280_1536,MSAVI,65536,30618,30744.0,61362.0,4174.0,bad,0.467193603515625,0.4691162109375,0.063690185546875
4076,7168_7424_1536_1792,MSAVI,65536,28517,282.0,28799.0,36737.0,bad,0.4351348876953125,0.004302978515625,0.5605621337890625
4077,7168_7424_1792_2048,MSAVI,65536,41842,2183.0,44025.0,21511.0,bad,0.638458251953125,0.0333099365234375,0.3282318115234375
4078,7168_7424_2048_2304,MSAVI,65536,38189,3147.0,41336.0,24200.0,bad,0.5827178955078125,0.0480194091796875,0.3692626953125
4079,7168_7424_2304_2560,MSAVI,65536,41640,1891.0,43531.0,22005.0,bad,0.6353759765625,0.0288543701171875,0.3357696533203125
4080,7168_7424_2560_2816,MSAVI,65536,39943,3907.0,43850.0,21686.0,bad,0.6094818115234375,0.0596160888671875,0.330902099609375
4081,7168_7424_2816_3072,MSAVI,65536,47082,6245.0,53327.0,12209.0,bad,0.718414306640625,0.0952911376953125,0.1862945556640625
4082,7168_7424_3072_3328,MSAVI,65536,39907,3697.0,43604.0,21932.0,bad,0.6089324951171875,0.0564117431640625,0.33465576171875
4083,7168_7424_3328_3584,MSAVI,65536,45539,2818.0,48357.0,17179.0,bad,0.6948699951171875,0.042999267578125,0.2621307373046875
4084,7168_7424_3584_3840,MSAVI,65536,41338,1596.0,42934.0,22602.0,bad,0.630767822265625,0.02435302734375,0.344879150390625
4085,7168_7424_3840_4096,MSAVI,65536,38873,7158.0,46031.0,19505.0,bad,0.5931549072265625,0.109222412109375,0.2976226806640625
4086,7168_7424_4096_4352,MSAVI,65536,37858,6987.0,44845.0,20691.0,bad,0.577667236328125,0.1066131591796875,0.3157196044921875
4087,7168_7424_4352_4608,MSAVI,65536,42491,4580.0,47071.0,18465.0,bad,0.6483612060546875,0.06988525390625,0.2817535400390625
4088,7168_7424_4608_4864,MSAVI,65536,47292,5920.0,53212.0,12324.0,bad,0.72161865234375,0.09033203125,0.18804931640625
4089,7168_7424_4864_5120,MSAVI,65536,51892,5102.0,56994.0,8542.0,bad,0.79180908203125,0.077850341796875,0.130340576171875
4090,7168_7424_5120_5376,MSAVI,65536,47711,7455.0,55166.0,10370.0,bad,0.7280120849609375,0.1137542724609375,0.158233642578125
4091,7168_7424_5376_5632,MSAVI,65536,48231,4922.0,53153.0,12383.0,bad,0.7359466552734375,0.075103759765625,0.1889495849609375
4092,7168_7424_5632_5888,MSAVI,65536,48145,6169.0,54314.0,11222.0,bad,0.7346343994140625,0.0941314697265625,0.171234130859375
4093,7168_7424_5888_6144,MSAVI,65536,42736,12965.0,55701.0,9835.0,bad,0.652099609375,0.1978302001953125,0.1500701904296875
4094,7168_7424_6144_6400,MSAVI,65536,46859,14070.0,60929.0,4607.0,bad,0.7150115966796875,0.214691162109375,0.0702972412109375
4095,7168_7424_6400_6656,MSAVI,65536,42052,8242.0,50294.0,15242.0,bad,0.64166259765625,0.125762939453125,0.232574462890625
4096,7168_7424_6656_6912,MSAVI,65536,41458,10871.0,52329.0,13207.0,bad,0.632598876953125,0.1658782958984375,0.2015228271484375
4097,7168_7424_6912_7168,MSAVI,65536,37748,13652.0,51400.0,14136.0,bad,0.57598876953125,0.20831298828125,0.2156982421875
4098,7168_7424_7168_7424,MSAVI,65536,38022,5926.0,43948.0,21588.0,bad,0.580169677734375,0.090423583984375,0.32940673828125
4099,7168_7424_7424_7680,MSAVI,65320,39171,11989.0,51160.0,14160.0,bad,0.5996785058175138,0.18354255970606245,0.21677893447642377
4100,7424_7680_256_512,MSAVI,65536,40819,2718.0,43537.0,21999.0,bad,0.6228485107421875,0.041473388671875,0.3356781005859375
4101,7424_7680_512_768,MSAVI,65536,39740,2132.0,41872.0,23664.0,bad,0.60638427734375,0.03253173828125,0.361083984375
4102,7424_7680_768_1024,MSAVI,65536,38813,3017.0,41830.0,23706.0,bad,0.5922393798828125,0.0460357666015625,0.361724853515625
4103,7424_7680_1024_1280,MSAVI,65536,33562,6912.0,40474.0,25062.0,bad,0.512115478515625,0.10546875,0.382415771484375
4104,7424_7680_1280_1536,MSAVI,65536,36836,8424.0,45260.0,20276.0,bad,0.56207275390625,0.1285400390625,0.30938720703125
4105,7424_7680_1536_1792,MSAVI,65536,33507,14600.0,48107.0,17429.0,bad,0.5112762451171875,0.2227783203125,0.2659454345703125
4106,7424_7680_1792_2048,MSAVI,65536,40048,1995.0,42043.0,23493.0,bad,0.611083984375,0.0304412841796875,0.3584747314453125
4107,7424_7680_2048_2304,MSAVI,65536,45896,7363.0,53259.0,12277.0,bad,0.7003173828125,0.1123504638671875,0.1873321533203125
4108,7424_7680_2304_2560,MSAVI,65536,40890,1227.0,42117.0,23419.0,bad,0.623931884765625,0.0187225341796875,0.3573455810546875
4109,7424_7680_2560_2816,MSAVI,65536,38675,5910.0,44585.0,20951.0,bad,0.5901336669921875,0.090179443359375,0.3196868896484375
4110,7424_7680_2816_3072,MSAVI,65536,39148,4438.0,43586.0,21950.0,bad,0.59735107421875,0.067718505859375,0.334930419921875
4111,7424_7680_3072_3328,MSAVI,65536,40653,4681.0,45334.0,20202.0,bad,0.6203155517578125,0.0714263916015625,0.308258056640625
4112,7424_7680_3328_3584,MSAVI,65536,40794,5242.0,46036.0,19500.0,bad,0.622467041015625,0.079986572265625,0.29754638671875
4113,7424_7680_3584_3840,MSAVI,65536,41478,1883.0,43361.0,22175.0,bad,0.632904052734375,0.0287322998046875,0.3383636474609375
4114,7424_7680_3840_4096,MSAVI,65536,42786,4457.0,47243.0,18293.0,bad,0.652862548828125,0.0680084228515625,0.2791290283203125
4115,7424_7680_4096_4352,MSAVI,65536,37182,7739.0,44921.0,20615.0,bad,0.567352294921875,0.1180877685546875,0.3145599365234375
4116,7424_7680_4352_4608,MSAVI,65536,38494,5699.0,44193.0,21343.0,bad,0.587371826171875,0.0869598388671875,0.3256683349609375
4117,7424_7680_4608_4864,MSAVI,65536,42764,3552.0,46316.0,19220.0,bad,0.65252685546875,0.05419921875,0.29327392578125
4118,7424_7680_4864_5120,MSAVI,65536,47758,4231.0,51989.0,13547.0,bad,0.728729248046875,0.0645599365234375,0.2067108154296875
4119,7424_7680_5120_5376,MSAVI,65536,46010,4710.0,50720.0,14816.0,bad,0.702056884765625,0.071868896484375,0.22607421875
4120,7424_7680_5376_5632,MSAVI,65536,44205,5430.0,49635.0,15901.0,bad,0.6745147705078125,0.082855224609375,0.2426300048828125
4121,7424_7680_5632_5888,MSAVI,65536,47083,4960.0,52043.0,13493.0,bad,0.7184295654296875,0.07568359375,0.2058868408203125
4122,7424_7680_5888_6144,MSAVI,65536,38871,9962.0,48833.0,16703.0,bad,0.5931243896484375,0.152008056640625,0.2548675537109375
4123,7424_7680_6144_6400,MSAVI,65536,53816,7978.0,61794.0,3742.0,bad,0.8211669921875,0.121734619140625,0.057098388671875
4124,7424_7680_6400_6656,MSAVI,65536,40384,5097.0,45481.0,20055.0,bad,0.6162109375,0.0777740478515625,0.3060150146484375
4125,7424_7680_6656_6912,MSAVI,65536,41469,5289.0,46758.0,18778.0,bad,0.6327667236328125,0.0807037353515625,0.286529541015625
4126,7424_7680_6912_7168,MSAVI,65536,39026,5518.0,44544.0,20992.0,bad,0.595489501953125,0.084197998046875,0.3203125
4127,7424_7680_7168_7424,MSAVI,65536,39298,8178.0,47476.0,18060.0,bad,0.599639892578125,0.124786376953125,0.27557373046875
4128,7424_7680_7424_7680,MSAVI,65536,39810,8839.0,48649.0,16887.0,bad,0.607452392578125,0.1348724365234375,0.2576751708984375
4129,7680_7936_256_512,MSAVI,65536,41889,3443.0,45332.0,20204.0,bad,0.6391754150390625,0.0525360107421875,0.30828857421875
4130,7680_7936_512_768,MSAVI,65536,40305,3746.0,44051.0,21485.0,bad,0.6150054931640625,0.057159423828125,0.3278350830078125
4131,7680_7936_768_1024,MSAVI,65536,38463,4571.0,43034.0,22502.0,bad,0.5868988037109375,0.0697479248046875,0.343353271484375
4132,7680_7936_1024_1280,MSAVI,65536,38746,4733.0,43479.0,22057.0,bad,0.591217041015625,0.0722198486328125,0.3365631103515625
4133,7680_7936_1280_1536,MSAVI,65536,26327,236.0,26563.0,38973.0,bad,0.4017181396484375,0.00360107421875,0.5946807861328125
4134,7680_7936_1536_1792,MSAVI,65536,56512,3394.0,59906.0,5630.0,bad,0.8623046875,0.051788330078125,0.085906982421875
4135,7680_7936_1792_2048,MSAVI,65536,46489,6145.0,52634.0,12902.0,bad,0.7093658447265625,0.0937652587890625,0.196868896484375
4136,7680_7936_2048_2304,MSAVI,65536,37466,5509.0,42975.0,22561.0,bad,0.571685791015625,0.0840606689453125,0.3442535400390625
4137,7680_7936_2304_2560,MSAVI,65536,40563,3782.0,44345.0,21191.0,bad,0.6189422607421875,0.057708740234375,0.3233489990234375
4138,7680_7936_2560_2816,MSAVI,65536,42953,3043.0,45996.0,19540.0,bad,0.6554107666015625,0.0464324951171875,0.29815673828125
4139,7680_7936_2816_3072,MSAVI,65536,41135,3162.0,44297.0,21239.0,bad,0.6276702880859375,0.048248291015625,0.3240814208984375
4140,7680_7936_3072_3328,MSAVI,65536,35883,3447.0,39330.0,26206.0,bad,0.5475311279296875,0.0525970458984375,0.399871826171875
4141,7680_7936_3328_3584,MSAVI,65536,42959,3613.0,46572.0,18964.0,bad,0.6555023193359375,0.0551300048828125,0.28936767578125
4142,7680_7936_3584_3840,MSAVI,65536,41120,4718.0,45838.0,19698.0,bad,0.62744140625,0.071990966796875,0.300567626953125
4143,7680_7936_3840_4096,MSAVI,65536,39754,4292.0,44046.0,21490.0,bad,0.606597900390625,0.06549072265625,0.327911376953125
4144,7680_7936_4096_4352,MSAVI,65536,42531,2990.0,45521.0,20015.0,bad,0.6489715576171875,0.045623779296875,0.3054046630859375
4145,7680_7936_4352_4608,MSAVI,65536,41645,3314.0,44959.0,20577.0,bad,0.6354522705078125,0.050567626953125,0.3139801025390625
4146,7680_7936_4608_4864,MSAVI,65536,42455,3050.0,45505.0,20031.0,bad,0.6478118896484375,0.046539306640625,0.3056488037109375
4147,7680_7936_4864_5120,MSAVI,65536,43428,5141.0,48569.0,16967.0,bad,0.66265869140625,0.0784454345703125,0.2588958740234375
4148,7680_7936_5120_5376,MSAVI,65536,43653,4489.0,48142.0,17394.0,bad,0.6660919189453125,0.0684967041015625,0.265411376953125
4149,7680_7936_5376_5632,MSAVI,65536,48108,5396.0,53504.0,12032.0,bad,0.73406982421875,0.08233642578125,0.18359375
4150,7680_7936_5632_5888,MSAVI,65536,44291,5788.0,50079.0,15457.0,bad,0.6758270263671875,0.08831787109375,0.2358551025390625
4151,7680_7936_5888_6144,MSAVI,65536,42212,12543.0,54755.0,10781.0,bad,0.64410400390625,0.1913909912109375,0.1645050048828125
4152,7680_7936_6144_6400,MSAVI,65536,51556,6289.0,57845.0,7691.0,bad,0.78668212890625,0.0959625244140625,0.1173553466796875
4153,7680_7936_6400_6656,MSAVI,65536,44171,9048.0,53219.0,12317.0,bad,0.6739959716796875,0.1380615234375,0.1879425048828125
4154,7680_7936_6656_6912,MSAVI,65536,43144,5082.0,48226.0,17310.0,bad,0.6583251953125,0.077545166015625,0.264129638671875
4155,7680_7936_6912_7168,MSAVI,65536,39619,20223.0,59842.0,5694.0,bad,0.6045379638671875,0.3085784912109375,0.086883544921875
4156,7680_7936_7168_7424,MSAVI,65536,38625,11390.0,50015.0,15521.0,bad,0.5893707275390625,0.173797607421875,0.2368316650390625
4157,7680_7936_7424_7680,MSAVI,65536,38978,11909.0,50887.0,14649.0,bad,0.594757080078125,0.1817169189453125,0.2235260009765625
4158,7936_8192_256_512,MSAVI,65536,44914,8282.0,53196.0,12340.0,bad,0.685333251953125,0.126373291015625,0.18829345703125
4159,7936_8192_512_768,MSAVI,65536,40031,6601.0,46632.0,18904.0,bad,0.6108245849609375,0.1007232666015625,0.2884521484375
4160,7936_8192_768_1024,MSAVI,65536,38521,5184.0,43705.0,21831.0,bad,0.5877838134765625,0.0791015625,0.3331146240234375
4161,7936_8192_1024_1280,MSAVI,65536,39229,5525.0,44754.0,20782.0,bad,0.5985870361328125,0.0843048095703125,0.317108154296875
4162,7936_8192_1280_1536,MSAVI,65536,36554,6321.0,42875.0,22661.0,bad,0.557769775390625,0.0964508056640625,0.3457794189453125
4163,7936_8192_1536_1792,MSAVI,65536,40102,12506.0,52608.0,12928.0,bad,0.611907958984375,0.190826416015625,0.197265625
4164,7936_8192_1792_2048,MSAVI,65536,42792,6005.0,48797.0,16739.0,bad,0.6529541015625,0.0916290283203125,0.2554168701171875
4165,7936_8192_2048_2304,MSAVI,65536,40762,9058.0,49820.0,15716.0,bad,0.621978759765625,0.138214111328125,0.23980712890625
4166,7936_8192_2304_2560,MSAVI,65536,39672,5056.0,44728.0,20808.0,bad,0.6053466796875,0.0771484375,0.3175048828125
4167,7936_8192_2560_2816,MSAVI,65536,44737,5587.0,50324.0,15212.0,bad,0.6826324462890625,0.0852508544921875,0.23211669921875
4168,7936_8192_2816_3072,MSAVI,65536,42761,4304.0,47065.0,18471.0,bad,0.6524810791015625,0.065673828125,0.2818450927734375
4169,7936_8192_3072_3328,MSAVI,65536,40864,5153.0,46017.0,19519.0,bad,0.62353515625,0.0786285400390625,0.2978363037109375
4170,7936_8192_3328_3584,MSAVI,65536,38067,2563.0,40630.0,24906.0,bad,0.5808563232421875,0.0391082763671875,0.380035400390625
4171,7936_8192_3584_3840,MSAVI,65536,43602,2857.0,46459.0,19077.0,bad,0.665313720703125,0.0435943603515625,0.2910919189453125
4172,7936_8192_3840_4096,MSAVI,65536,40140,1748.0,41888.0,23648.0,bad,0.61248779296875,0.02667236328125,0.36083984375
4173,7936_8192_4096_4352,MSAVI,65536,42195,8990.0,51185.0,14351.0,bad,0.6438446044921875,0.137176513671875,0.2189788818359375
4174,7936_8192_4352_4608,MSAVI,65536,40085,2426.0,42511.0,23025.0,bad,0.6116485595703125,0.037017822265625,0.3513336181640625
4175,7936_8192_4608_4864,MSAVI,65536,40293,2534.0,42827.0,22709.0,bad,0.6148223876953125,0.038665771484375,0.3465118408203125
4176,7936_8192_4864_5120,MSAVI,65536,44296,7670.0,51966.0,13570.0,bad,0.6759033203125,0.117034912109375,0.207061767578125
4177,7936_8192_5120_5376,MSAVI,65536,45999,6969.0,52968.0,12568.0,bad,0.7018890380859375,0.1063385009765625,0.1917724609375
4178,7936_8192_5376_5632,MSAVI,65536,44080,4073.0,48153.0,17383.0,bad,0.672607421875,0.0621490478515625,0.2652435302734375
4179,7936_8192_5632_5888,MSAVI,65536,41145,5492.0,46637.0,18899.0,bad,0.6278228759765625,0.08380126953125,0.2883758544921875
4180,7936_8192_5888_6144,MSAVI,65536,44785,13356.0,58141.0,7395.0,bad,0.6833648681640625,0.20379638671875,0.1128387451171875
4181,7936_8192_6144_6400,MSAVI,65536,43390,5831.0,49221.0,16315.0,bad,0.662078857421875,0.0889739990234375,0.2489471435546875
4182,7936_8192_6400_6656,MSAVI,65536,42980,8350.0,51330.0,14206.0,bad,0.65582275390625,0.127410888671875,0.216766357421875
4183,7936_8192_6656_6912,MSAVI,65536,37692,12837.0,50529.0,15007.0,bad,0.57513427734375,0.1958770751953125,0.2289886474609375
4184,7936_8192_6912_7168,MSAVI,65536,46558,10968.0,57526.0,8010.0,bad,0.710418701171875,0.1673583984375,0.122222900390625
4185,7936_8192_7168_7424,MSAVI,65536,44780,9846.0,54626.0,10910.0,bad,0.68328857421875,0.150238037109375,0.166473388671875
4186,7936_8192_7424_7680,MSAVI,65536,41083,6455.0,47538.0,17998.0,bad,0.6268768310546875,0.0984954833984375,0.274627685546875
4187,8192_8448_256_512,MSAVI,65536,43566,5985.0,49551.0,15985.0,bad,0.664764404296875,0.0913238525390625,0.2439117431640625
4188,8192_8448_512_768,MSAVI,65536,40079,2103.0,42182.0,23354.0,bad,0.6115570068359375,0.0320892333984375,0.356353759765625
4189,8192_8448_768_1024,MSAVI,65536,44742,11162.0,55904.0,9632.0,bad,0.682708740234375,0.170318603515625,0.14697265625
4190,8192_8448_1024_1280,MSAVI,65536,39538,6051.0,45589.0,19947.0,bad,0.603302001953125,0.0923309326171875,0.3043670654296875
4191,8192_8448_1280_1536,MSAVI,65536,38827,10786.0,49613.0,15923.0,bad,0.5924530029296875,0.164581298828125,0.2429656982421875
4192,8192_8448_1536_1792,MSAVI,65536,36632,5282.0,41914.0,23622.0,bad,0.5589599609375,0.080596923828125,0.360443115234375
4193,8192_8448_1792_2048,MSAVI,65536,38402,4884.0,43286.0,22250.0,bad,0.585968017578125,0.07452392578125,0.339508056640625
4194,8192_8448_2048_2304,MSAVI,65536,40968,4492.0,45460.0,20076.0,bad,0.6251220703125,0.06854248046875,0.30633544921875
4195,8192_8448_2304_2560,MSAVI,65536,39893,597.0,40490.0,25046.0,bad,0.6087188720703125,0.0091094970703125,0.382171630859375
4196,8192_8448_2560_2816,MSAVI,65536,38813,3897.0,42710.0,22826.0,bad,0.5922393798828125,0.0594635009765625,0.348297119140625
4197,8192_8448_2816_3072,MSAVI,65536,42666,4476.0,47142.0,18394.0,bad,0.651031494140625,0.06829833984375,0.280670166015625
4198,8192_8448_3072_3328,MSAVI,65536,39733,1943.0,41676.0,23860.0,bad,0.6062774658203125,0.0296478271484375,0.36407470703125
4199,8192_8448_3328_3584,MSAVI,65536,40072,3055.0,43127.0,22409.0,bad,0.6114501953125,0.0466156005859375,0.3419342041015625
4200,8192_8448_3584_3840,MSAVI,65536,38361,3060.0,41421.0,24115.0,bad,0.5853424072265625,0.04669189453125,0.3679656982421875
4201,8192_8448_3840_4096,MSAVI,65536,41440,5121.0,46561.0,18975.0,bad,0.63232421875,0.0781402587890625,0.2895355224609375
4202,8192_8448_4096_4352,MSAVI,65536,41062,4569.0,45631.0,19905.0,bad,0.626556396484375,0.0697174072265625,0.3037261962890625
4203,8192_8448_4352_4608,MSAVI,65536,42138,5261.0,47399.0,18137.0,bad,0.642974853515625,0.0802764892578125,0.2767486572265625
4204,8192_8448_4608_4864,MSAVI,65536,42702,5794.0,48496.0,17040.0,bad,0.651580810546875,0.088409423828125,0.260009765625
4205,8192_8448_4864_5120,MSAVI,65536,40496,7063.0,47559.0,17977.0,bad,0.617919921875,0.1077728271484375,0.2743072509765625
4206,8192_8448_5120_5376,MSAVI,65536,44005,4607.0,48612.0,16924.0,bad,0.6714630126953125,0.0702972412109375,0.25823974609375
4207,8192_8448_5376_5632,MSAVI,65536,38708,7098.0,45806.0,19730.0,bad,0.59063720703125,0.108306884765625,0.301055908203125
4208,8192_8448_5632_5888,MSAVI,65536,41425,13086.0,54511.0,11025.0,bad,0.6320953369140625,0.199676513671875,0.1682281494140625
4209,8192_8448_5888_6144,MSAVI,65536,37703,17033.0,54736.0,10800.0,bad,0.5753021240234375,0.2599029541015625,0.164794921875
4210,8192_8448_6144_6400,MSAVI,65536,49135,2953.0,52088.0,13448.0,bad,0.7497406005859375,0.0450592041015625,0.2052001953125
4211,8192_8448_6400_6656,MSAVI,65536,42358,10049.0,52407.0,13129.0,bad,0.646331787109375,0.1533355712890625,0.2003326416015625
4212,8192_8448_6656_6912,MSAVI,65536,39895,6767.0,46662.0,18874.0,bad,0.6087493896484375,0.1032562255859375,0.287994384765625
4213,8192_8448_6912_7168,MSAVI,65536,42839,10371.0,53210.0,12326.0,bad,0.6536712646484375,0.1582489013671875,0.188079833984375
4214,8192_8448_7168_7424,MSAVI,65536,41988,7801.0,49789.0,15747.0,bad,0.64068603515625,0.1190338134765625,0.2402801513671875
4215,8192_8448_7424_7680,MSAVI,65536,39341,7572.0,46913.0,18623.0,bad,0.6002960205078125,0.11553955078125,0.2841644287109375
4216,8448_8704_512_768,MSAVI,65536,39415,1255.0,40670.0,24866.0,bad,0.6014251708984375,0.0191497802734375,0.379425048828125
4217,8448_8704_768_1024,MSAVI,65536,36711,3990.0,40701.0,24835.0,bad,0.5601654052734375,0.060882568359375,0.3789520263671875
4218,8448_8704_1024_1280,MSAVI,65536,41319,9808.0,51127.0,14409.0,bad,0.6304779052734375,0.149658203125,0.2198638916015625
4219,8448_8704_1280_1536,MSAVI,65536,47993,6128.0,54121.0,11415.0,bad,0.7323150634765625,0.093505859375,0.1741790771484375
4220,8448_8704_1536_1792,MSAVI,65536,42767,14438.0,57205.0,8331.0,bad,0.6525726318359375,0.220306396484375,0.1271209716796875
4221,8448_8704_1792_2048,MSAVI,65536,42096,9614.0,51710.0,13826.0,bad,0.642333984375,0.146697998046875,0.210968017578125
4222,8448_8704_2048_2304,MSAVI,65536,43739,8973.0,52712.0,12824.0,bad,0.6674041748046875,0.1369171142578125,0.1956787109375
4223,8448_8704_2304_2560,MSAVI,65536,40050,4552.0,44602.0,20934.0,bad,0.611114501953125,0.0694580078125,0.319427490234375
4224,8448_8704_2560_2816,MSAVI,65536,38396,3280.0,41676.0,23860.0,bad,0.58587646484375,0.050048828125,0.36407470703125
4225,8448_8704_2816_3072,MSAVI,65536,39327,2861.0,42188.0,23348.0,bad,0.6000823974609375,0.0436553955078125,0.35626220703125
4226,8448_8704_3072_3328,MSAVI,65536,41049,5062.0,46111.0,19425.0,bad,0.6263580322265625,0.077239990234375,0.2964019775390625
4227,8448_8704_3328_3584,MSAVI,65536,40258,2798.0,43056.0,22480.0,bad,0.614288330078125,0.042694091796875,0.343017578125
4228,8448_8704_3584_3840,MSAVI,65536,36644,4028.0,40672.0,24864.0,bad,0.55914306640625,0.06146240234375,0.37939453125
4229,8448_8704_3840_4096,MSAVI,65536,39273,7605.0,46878.0,18658.0,bad,0.5992584228515625,0.1160430908203125,0.284698486328125
4230,8448_8704_4096_4352,MSAVI,65536,39201,2577.0,41778.0,23758.0,bad,0.5981597900390625,0.0393218994140625,0.362518310546875
4231,8448_8704_4352_4608,MSAVI,65536,37376,3986.0,41362.0,24174.0,bad,0.5703125,0.060821533203125,0.368865966796875
4232,8448_8704_4608_4864,MSAVI,65536,41281,2527.0,43808.0,21728.0,bad,0.6298980712890625,0.0385589599609375,0.33154296875
4233,8448_8704_4864_5120,MSAVI,65536,44853,7264.0,52117.0,13419.0,bad,0.6844024658203125,0.11083984375,0.2047576904296875
4234,8448_8704_5120_5376,MSAVI,65536,42225,7836.0,50061.0,15475.0,bad,0.6443023681640625,0.11956787109375,0.2361297607421875
4235,8448_8704_5376_5632,MSAVI,65536,36942,9442.0,46384.0,19152.0,bad,0.563690185546875,0.144073486328125,0.292236328125
4236,8448_8704_5632_5888,MSAVI,65536,29598,0.0,29598.0,35938.0,bad,0.451629638671875,0.0,0.548370361328125
4237,8448_8704_5888_6144,MSAVI,65536,42593,4476.0,47069.0,18467.0,bad,0.6499176025390625,0.06829833984375,0.2817840576171875
4238,8448_8704_6144_6400,MSAVI,65536,45777,3007.0,48784.0,16752.0,bad,0.6985015869140625,0.0458831787109375,0.255615234375
4239,8448_8704_6400_6656,MSAVI,65536,46760,5720.0,52480.0,13056.0,bad,0.7135009765625,0.0872802734375,0.19921875
4240,8448_8704_6656_6912,MSAVI,65536,41533,8851.0,50384.0,15152.0,bad,0.6337432861328125,0.1350555419921875,0.231201171875
4241,8448_8704_6912_7168,MSAVI,65536,40901,8013.0,48914.0,16622.0,bad,0.6240997314453125,0.1222686767578125,0.253631591796875
4242,8448_8704_7168_7424,MSAVI,65536,37126,8664.0,45790.0,19746.0,bad,0.566497802734375,0.1322021484375,0.301300048828125
4243,8448_8704_7424_7680,MSAVI,65536,45333,10718.0,56051.0,9485.0,bad,0.6917266845703125,0.163543701171875,0.1447296142578125
4244,8704_8960_512_768,MSAVI,65536,38748,3133.0,41881.0,23655.0,bad,0.59124755859375,0.0478057861328125,0.3609466552734375
4245,8704_8960_768_1024,MSAVI,65536,38511,1836.0,40347.0,25189.0,bad,0.5876312255859375,0.02801513671875,0.3843536376953125
4246,8704_8960_1024_1280,MSAVI,65536,36037,2833.0,38870.0,26666.0,bad,0.5498809814453125,0.0432281494140625,0.406890869140625
4247,8704_8960_1280_1536,MSAVI,65536,41547,11591.0,53138.0,12398.0,bad,0.6339569091796875,0.1768646240234375,0.189178466796875
4248,8704_8960_1536_1792,MSAVI,65536,42155,12735.0,54890.0,10646.0,bad,0.6432342529296875,0.1943206787109375,0.162445068359375
4249,8704_8960_1792_2048,MSAVI,65536,38631,8166.0,46797.0,18739.0,bad,0.5894622802734375,0.124603271484375,0.2859344482421875
4250,8704_8960_2048_2304,MSAVI,65536,41881,5707.0,47588.0,17948.0,bad,0.6390533447265625,0.0870819091796875,0.27386474609375
4251,8704_8960_2304_2560,MSAVI,65536,41690,2807.0,44497.0,21039.0,bad,0.636138916015625,0.0428314208984375,0.3210296630859375
4252,8704_8960_2560_2816,MSAVI,65536,38237,4173.0,42410.0,23126.0,bad,0.5834503173828125,0.0636749267578125,0.352874755859375
4253,8704_8960_2816_3072,MSAVI,65536,40405,3746.0,44151.0,21385.0,bad,0.6165313720703125,0.057159423828125,0.3263092041015625
4254,8704_8960_3072_3328,MSAVI,65536,41007,5125.0,46132.0,19404.0,bad,0.6257171630859375,0.0782012939453125,0.29608154296875
4255,8704_8960_3328_3584,MSAVI,65536,37979,6004.0,43983.0,21553.0,bad,0.5795135498046875,0.09161376953125,0.3288726806640625
4256,8704_8960_3584_3840,MSAVI,65536,41715,4752.0,46467.0,19069.0,bad,0.6365203857421875,0.072509765625,0.2909698486328125
4257,8704_8960_3840_4096,MSAVI,65536,39715,5733.0,45448.0,20088.0,bad,0.6060028076171875,0.0874786376953125,0.3065185546875
4258,8704_8960_4096_4352,MSAVI,65536,40014,3458.0,43472.0,22064.0,bad,0.610565185546875,0.052764892578125,0.336669921875
4259,8704_8960_4352_4608,MSAVI,65536,39853,2690.0,42543.0,22993.0,bad,0.6081085205078125,0.041046142578125,0.3508453369140625
4260,8704_8960_4608_4864,MSAVI,65536,40975,1983.0,42958.0,22578.0,bad,0.6252288818359375,0.0302581787109375,0.344512939453125
4261,8704_8960_4864_5120,MSAVI,65536,43424,3963.0,47387.0,18149.0,bad,0.66259765625,0.0604705810546875,0.2769317626953125
4262,8704_8960_5120_5376,MSAVI,65536,41700,11287.0,52987.0,12549.0,bad,0.63629150390625,0.1722259521484375,0.1914825439453125
4263,8704_8960_5376_5632,MSAVI,65536,29869,20475.0,50344.0,15192.0,bad,0.4557647705078125,0.3124237060546875,0.2318115234375
4264,8704_8960_5632_5888,MSAVI,65536,26945,0.0,26945.0,38591.0,bad,0.4111480712890625,0.0,0.5888519287109375
4265,8704_8960_5888_6144,MSAVI,65536,42443,3992.0,46435.0,19101.0,bad,0.6476287841796875,0.0609130859375,0.2914581298828125
4266,8704_8960_6144_6400,MSAVI,65536,45224,2920.0,48144.0,17392.0,bad,0.6900634765625,0.0445556640625,0.265380859375
4267,8704_8960_6400_6656,MSAVI,65536,47820,3191.0,51011.0,14525.0,bad,0.72967529296875,0.0486907958984375,0.2216339111328125
4268,8704_8960_6656_6912,MSAVI,65536,44839,6915.0,51754.0,13782.0,bad,0.6841888427734375,0.1055145263671875,0.210296630859375
4269,8704_8960_6912_7168,MSAVI,65536,40858,15082.0,55940.0,9596.0,bad,0.623443603515625,0.230133056640625,0.14642333984375
4270,8704_8960_7168_7424,MSAVI,65536,43278,11223.0,54501.0,11035.0,bad,0.660369873046875,0.1712493896484375,0.1683807373046875
4271,8704_8960_7424_7680,MSAVI,65536,40564,12757.0,53321.0,12215.0,bad,0.61895751953125,0.1946563720703125,0.1863861083984375
4272,8960_9216_512_768,MSAVI,65536,40588,7662.0,48250.0,17286.0,bad,0.61932373046875,0.116912841796875,0.263763427734375
4273,8960_9216_768_1024,MSAVI,65536,42860,6167.0,49027.0,16509.0,bad,0.65399169921875,0.0941009521484375,0.2519073486328125
4274,8960_9216_1024_1280,MSAVI,65536,36899,2825.0,39724.0,25812.0,bad,0.5630340576171875,0.0431060791015625,0.39385986328125
4275,8960_9216_1280_1536,MSAVI,65536,40967,15568.0,56535.0,9001.0,bad,0.6251068115234375,0.237548828125,0.1373443603515625
4276,8960_9216_1536_1792,MSAVI,65536,40309,9762.0,50071.0,15465.0,bad,0.6150665283203125,0.148956298828125,0.2359771728515625
4277,8960_9216_1792_2048,MSAVI,65536,39770,6041.0,45811.0,19725.0,bad,0.606842041015625,0.0921783447265625,0.3009796142578125
4278,8960_9216_2048_2304,MSAVI,65536,38316,3226.0,41542.0,23994.0,bad,0.58465576171875,0.049224853515625,0.366119384765625
4279,8960_9216_2304_2560,MSAVI,65536,38850,2538.0,41388.0,24148.0,bad,0.592803955078125,0.038726806640625,0.36846923828125
4280,8960_9216_2560_2816,MSAVI,65536,40758,2201.0,42959.0,22577.0,bad,0.621917724609375,0.0335845947265625,0.3444976806640625
4281,8960_9216_2816_3072,MSAVI,65536,40488,3601.0,44089.0,21447.0,bad,0.6177978515625,0.0549468994140625,0.3272552490234375
4282,8960_9216_3072_3328,MSAVI,65536,41998,4152.0,46150.0,19386.0,bad,0.640838623046875,0.0633544921875,0.295806884765625
4283,8960_9216_3328_3584,MSAVI,65536,45161,7315.0,52476.0,13060.0,bad,0.6891021728515625,0.1116180419921875,0.19927978515625
4284,8960_9216_3584_3840,MSAVI,65536,42754,5350.0,48104.0,17432.0,bad,0.652374267578125,0.081634521484375,0.2659912109375
4285,8960_9216_3840_4096,MSAVI,65536,41104,2806.0,43910.0,21626.0,bad,0.627197265625,0.042816162109375,0.329986572265625
4286,8960_9216_4096_4352,MSAVI,65536,38080,5362.0,43442.0,22094.0,bad,0.5810546875,0.081817626953125,0.337127685546875
4287,8960_9216_4352_4608,MSAVI,65536,40737,4104.0,44841.0,20695.0,bad,0.6215972900390625,0.0626220703125,0.3157806396484375
4288,8960_9216_4608_4864,MSAVI,65536,40520,7858.0,48378.0,17158.0,bad,0.6182861328125,0.119903564453125,0.261810302734375
4289,8960_9216_4864_5120,MSAVI,65536,42812,8428.0,51240.0,14296.0,bad,0.65325927734375,0.12860107421875,0.2181396484375
4290,8960_9216_5120_5376,MSAVI,65536,36031,8362.0,44393.0,21143.0,bad,0.5497894287109375,0.127593994140625,0.3226165771484375
4291,8960_9216_5376_5632,MSAVI,65536,24831,0.0,24831.0,40705.0,bad,0.3788909912109375,0.0,0.6211090087890625
4292,8960_9216_5632_5888,MSAVI,65536,40733,10666.0,51399.0,14137.0,bad,0.6215362548828125,0.162750244140625,0.2157135009765625
4293,8960_9216_5888_6144,MSAVI,65536,46977,7327.0,54304.0,11232.0,bad,0.7168121337890625,0.1118011474609375,0.17138671875
4294,8960_9216_6144_6400,MSAVI,65536,45453,3901.0,49354.0,16182.0,bad,0.6935577392578125,0.0595245361328125,0.246917724609375
4295,8960_9216_6400_6656,MSAVI,65536,45040,2956.0,47996.0,17540.0,bad,0.687255859375,0.04510498046875,0.26763916015625
4296,8960_9216_6656_6912,MSAVI,65536,49307,4128.0,53435.0,12101.0,bad,0.7523651123046875,0.06298828125,0.1846466064453125
4297,8960_9216_6912_7168,MSAVI,65536,42813,12501.0,55314.0,10222.0,bad,0.6532745361328125,0.1907501220703125,0.155975341796875
4298,8960_9216_7168_7424,MSAVI,65536,37970,12885.0,50855.0,14681.0,bad,0.579376220703125,0.1966094970703125,0.2240142822265625
4299,8960_9216_7424_7680,MSAVI,65536,38824,8527.0,47351.0,18185.0,bad,0.5924072265625,0.1301116943359375,0.2774810791015625
4300,9216_9472_512_768,MSAVI,65536,36984,10982.0,47966.0,17570.0,bad,0.5643310546875,0.167572021484375,0.268096923828125
4301,9216_9472_768_1024,MSAVI,65536,45300,8429.0,53729.0,11807.0,bad,0.69122314453125,0.1286163330078125,0.1801605224609375
4302,9216_9472_1024_1280,MSAVI,65536,41830,8580.0,50410.0,15126.0,bad,0.638275146484375,0.13092041015625,0.230804443359375
4303,9216_9472_1280_1536,MSAVI,65536,47911,12154.0,60065.0,5471.0,bad,0.7310638427734375,0.185455322265625,0.0834808349609375
4304,9216_9472_1536_1792,MSAVI,65536,36554,17139.0,53693.0,11843.0,bad,0.557769775390625,0.2615203857421875,0.1807098388671875
4305,9216_9472_1792_2048,MSAVI,65536,38785,6506.0,45291.0,20245.0,bad,0.5918121337890625,0.099273681640625,0.3089141845703125
4306,9216_9472_2048_2304,MSAVI,65536,40374,7712.0,48086.0,17450.0,bad,0.616058349609375,0.11767578125,0.266265869140625
4307,9216_9472_2304_2560,MSAVI,65536,39069,2928.0,41997.0,23539.0,bad,0.5961456298828125,0.044677734375,0.3591766357421875
4308,9216_9472_2560_2816,MSAVI,65536,39280,6735.0,46015.0,19521.0,bad,0.599365234375,0.1027679443359375,0.2978668212890625
4309,9216_9472_2816_3072,MSAVI,65536,39765,8073.0,47838.0,17698.0,bad,0.6067657470703125,0.1231842041015625,0.270050048828125
4310,9216_9472_3072_3328,MSAVI,65536,38320,8292.0,46612.0,18924.0,bad,0.584716796875,0.12652587890625,0.28875732421875
4311,9216_9472_3328_3584,MSAVI,65536,38972,5038.0,44010.0,21526.0,bad,0.59466552734375,0.076873779296875,0.328460693359375
4312,9216_9472_3584_3840,MSAVI,65536,40232,6376.0,46608.0,18928.0,bad,0.6138916015625,0.0972900390625,0.288818359375
4313,9216_9472_3840_4096,MSAVI,65536,39041,9152.0,48193.0,17343.0,bad,0.5957183837890625,0.1396484375,0.2646331787109375
4314,9216_9472_4096_4352,MSAVI,65536,40148,6210.0,46358.0,19178.0,bad,0.61260986328125,0.094757080078125,0.292633056640625
4315,9216_9472_4352_4608,MSAVI,65536,38803,2087.0,40890.0,24646.0,bad,0.5920867919921875,0.0318450927734375,0.376068115234375
4316,9216_9472_4608_4864,MSAVI,65536,39365,5604.0,44969.0,20567.0,bad,0.6006622314453125,0.08551025390625,0.3138275146484375
4317,9216_9472_4864_5120,MSAVI,65536,41352,10526.0,51878.0,13658.0,bad,0.6309814453125,0.160614013671875,0.208404541015625
4318,9216_9472_5120_5376,MSAVI,65536,37876,6829.0,44705.0,20831.0,bad,0.57794189453125,0.1042022705078125,0.3178558349609375
4319,9216_9472_5376_5632,MSAVI,65536,24868,68.0,24936.0,40600.0,bad,0.37945556640625,0.00103759765625,0.6195068359375
4320,9216_9472_5632_5888,MSAVI,65536,42812,5541.0,48353.0,17183.0,bad,0.65325927734375,0.0845489501953125,0.2621917724609375
4321,9216_9472_5888_6144,MSAVI,65536,45373,6467.0,51840.0,13696.0,bad,0.6923370361328125,0.0986785888671875,0.208984375
4322,9216_9472_6144_6400,MSAVI,65536,47173,3068.0,50241.0,15295.0,bad,0.7198028564453125,0.04681396484375,0.2333831787109375
4323,9216_9472_6400_6656,MSAVI,65536,44582,6078.0,50660.0,14876.0,bad,0.680267333984375,0.092742919921875,0.22698974609375
4324,9216_9472_6656_6912,MSAVI,65536,45173,5179.0,50352.0,15184.0,bad,0.6892852783203125,0.0790252685546875,0.231689453125
4325,9216_9472_6912_7168,MSAVI,65536,48602,7951.0,56553.0,8983.0,bad,0.741607666015625,0.1213226318359375,0.1370697021484375
4326,9216_9472_7168_7424,MSAVI,65536,44179,11058.0,55237.0,10299.0,bad,0.6741180419921875,0.168731689453125,0.1571502685546875
4327,9216_9472_7424_7680,MSAVI,65536,43484,13712.0,57196.0,8340.0,bad,0.66351318359375,0.209228515625,0.12725830078125
4328,9472_9728_512_768,MSAVI,65536,41153,14444.0,55597.0,9939.0,bad,0.6279449462890625,0.22039794921875,0.1516571044921875
4329,9472_9728_768_1024,MSAVI,65536,39439,12798.0,52237.0,13299.0,bad,0.6017913818359375,0.195281982421875,0.2029266357421875
4330,9472_9728_1024_1280,MSAVI,65536,38494,5493.0,43987.0,21549.0,bad,0.587371826171875,0.0838165283203125,0.3288116455078125
4331,9472_9728_1280_1536,MSAVI,65536,45424,9353.0,54777.0,10759.0,bad,0.693115234375,0.1427154541015625,0.1641693115234375
4332,9472_9728_1536_1792,MSAVI,65536,36635,4506.0,41141.0,24395.0,bad,0.5590057373046875,0.068756103515625,0.3722381591796875
4333,9472_9728_1792_2048,MSAVI,65536,39464,3062.0,42526.0,23010.0,bad,0.6021728515625,0.046722412109375,0.351104736328125
4334,9472_9728_2048_2304,MSAVI,65536,39100,4073.0,43173.0,22363.0,bad,0.59661865234375,0.0621490478515625,0.3412322998046875
4335,9472_9728_2304_2560,MSAVI,65536,38243,1773.0,40016.0,25520.0,bad,0.5835418701171875,0.0270538330078125,0.389404296875
4336,9472_9728_2560_2816,MSAVI,65536,40634,5190.0,45824.0,19712.0,bad,0.620025634765625,0.079193115234375,0.30078125
4337,9472_9728_2816_3072,MSAVI,65536,39363,9501.0,48864.0,16672.0,bad,0.6006317138671875,0.1449737548828125,0.25439453125
4338,9472_9728_3072_3328,MSAVI,65536,37794,9443.0,47237.0,18299.0,bad,0.576690673828125,0.1440887451171875,0.2792205810546875
4339,9472_9728_3328_3584,MSAVI,65536,39677,4882.0,44559.0,20977.0,bad,0.6054229736328125,0.074493408203125,0.3200836181640625
4340,9472_9728_3584_3840,MSAVI,65536,38389,2501.0,40890.0,24646.0,bad,0.5857696533203125,0.0381622314453125,0.376068115234375
4341,9472_9728_3840_4096,MSAVI,65536,39474,6133.0,45607.0,19929.0,bad,0.602325439453125,0.0935821533203125,0.3040924072265625
4342,9472_9728_4096_4352,MSAVI,65536,40897,2428.0,43325.0,22211.0,bad,0.6240386962890625,0.03704833984375,0.3389129638671875
4343,9472_9728_4352_4608,MSAVI,65536,40623,5766.0,46389.0,19147.0,bad,0.6198577880859375,0.087982177734375,0.2921600341796875
4344,9472_9728_4608_4864,MSAVI,65536,38842,8332.0,47174.0,18362.0,bad,0.592681884765625,0.12713623046875,0.280181884765625
4345,9472_9728_4864_5120,MSAVI,65536,37721,12036.0,49757.0,15779.0,bad,0.5755767822265625,0.18365478515625,0.2407684326171875
4346,9472_9728_5120_5376,MSAVI,65536,33263,14821.0,48084.0,17452.0,bad,0.5075531005859375,0.2261505126953125,0.26629638671875
4347,9472_9728_5376_5632,MSAVI,65536,30280,245.0,30525.0,35011.0,bad,0.4620361328125,0.0037384033203125,0.5342254638671875
4348,9472_9728_5632_5888,MSAVI,65536,38145,4147.0,42292.0,23244.0,bad,0.5820465087890625,0.0632781982421875,0.35467529296875
4349,9472_9728_5888_6144,MSAVI,65536,42386,7262.0,49648.0,15888.0,bad,0.646759033203125,0.110809326171875,0.242431640625
4350,9472_9728_6144_6400,MSAVI,65536,47085,4254.0,51339.0,14197.0,bad,0.7184600830078125,0.064910888671875,0.2166290283203125
4351,9472_9728_6400_6656,MSAVI,65536,51674,2915.0,54589.0,10947.0,bad,0.788482666015625,0.0444793701171875,0.1670379638671875
4352,9472_9728_6656_6912,MSAVI,65536,49850,5266.0,55116.0,10420.0,bad,0.760650634765625,0.080352783203125,0.15899658203125
4353,9472_9728_6912_7168,MSAVI,65536,40177,5129.0,45306.0,20230.0,bad,0.6130523681640625,0.0782623291015625,0.308685302734375
4354,9472_9728_7168_7424,MSAVI,65536,41561,4831.0,46392.0,19144.0,bad,0.6341705322265625,0.0737152099609375,0.2921142578125
4355,9472_9728_7424_7680,MSAVI,65536,43039,11535.0,54574.0,10962.0,bad,0.6567230224609375,0.1760101318359375,0.167266845703125
4356,9728_9984_512_768,MSAVI,65536,46831,6718.0,53549.0,11987.0,bad,0.7145843505859375,0.102508544921875,0.1829071044921875
4357,9728_9984_768_1024,MSAVI,65536,40753,6985.0,47738.0,17798.0,bad,0.6218414306640625,0.1065826416015625,0.271575927734375
4358,9728_9984_1024_1280,MSAVI,65536,38850,9383.0,48233.0,17303.0,bad,0.592803955078125,0.1431732177734375,0.2640228271484375
4359,9728_9984_1280_1536,MSAVI,65536,37530,11746.0,49276.0,16260.0,bad,0.572662353515625,0.179229736328125,0.24810791015625
4360,9728_9984_1536_1792,MSAVI,65536,36614,12315.0,48929.0,16607.0,bad,0.558685302734375,0.1879119873046875,0.2534027099609375
4361,9728_9984_1792_2048,MSAVI,65536,43957,12421.0,56378.0,9158.0,bad,0.6707305908203125,0.1895294189453125,0.139739990234375
4362,9728_9984_2048_2304,MSAVI,65536,40337,4375.0,44712.0,20824.0,bad,0.6154937744140625,0.0667572021484375,0.3177490234375
4363,9728_9984_2304_2560,MSAVI,65536,38876,1810.0,40686.0,24850.0,bad,0.59320068359375,0.027618408203125,0.379180908203125
4364,9728_9984_2560_2816,MSAVI,65536,45069,7361.0,52430.0,13106.0,bad,0.6876983642578125,0.1123199462890625,0.199981689453125
4365,9728_9984_2816_3072,MSAVI,65536,41966,10526.0,52492.0,13044.0,bad,0.640350341796875,0.160614013671875,0.19903564453125
4366,9728_9984_3072_3328,MSAVI,65536,41260,6119.0,47379.0,18157.0,bad,0.62957763671875,0.0933685302734375,0.2770538330078125
4367,9728_9984_3328_3584,MSAVI,65536,38594,1860.0,40454.0,25082.0,bad,0.588897705078125,0.02838134765625,0.382720947265625
4368,9728_9984_3584_3840,MSAVI,65536,37293,6450.0,43743.0,21793.0,bad,0.5690460205078125,0.098419189453125,0.3325347900390625
4369,9728_9984_3840_4096,MSAVI,65536,47113,8131.0,55244.0,10292.0,bad,0.7188873291015625,0.1240692138671875,0.15704345703125
4370,9728_9984_4096_4352,MSAVI,65536,40690,5578.0,46268.0,19268.0,bad,0.620880126953125,0.085113525390625,0.29400634765625
4371,9728_9984_4352_4608,MSAVI,65536,40541,3780.0,44321.0,21215.0,bad,0.6186065673828125,0.05767822265625,0.3237152099609375
4372,9728_9984_4608_4864,MSAVI,65536,40776,3288.0,44064.0,21472.0,bad,0.6221923828125,0.0501708984375,0.32763671875
4373,9728_9984_4864_5120,MSAVI,65536,40393,11120.0,51513.0,14023.0,bad,0.6163482666015625,0.169677734375,0.2139739990234375
4374,9728_9984_5120_5376,MSAVI,65536,37977,21825.0,59802.0,5734.0,bad,0.5794830322265625,0.3330230712890625,0.087493896484375
4375,9728_9984_5376_5632,MSAVI,65536,45626,8155.0,53781.0,11755.0,bad,0.696197509765625,0.1244354248046875,0.1793670654296875
4376,9728_9984_5632_5888,MSAVI,65536,41721,2566.0,44287.0,21249.0,bad,0.6366119384765625,0.039154052734375,0.3242340087890625
4377,9728_9984_5888_6144,MSAVI,65536,44282,2543.0,46825.0,18711.0,bad,0.675689697265625,0.0388031005859375,0.2855072021484375
4378,9728_9984_6144_6400,MSAVI,65536,47141,3990.0,51131.0,14405.0,bad,0.7193145751953125,0.060882568359375,0.2198028564453125
4379,9728_9984_6400_6656,MSAVI,65536,47172,2540.0,49712.0,15824.0,bad,0.71978759765625,0.03875732421875,0.241455078125
4380,9728_9984_6656_6912,MSAVI,65536,45021,13012.0,58033.0,7503.0,bad,0.6869659423828125,0.19854736328125,0.1144866943359375
4381,9728_9984_6912_7168,MSAVI,65536,43974,11738.0,55712.0,9824.0,bad,0.670989990234375,0.179107666015625,0.14990234375
4382,9728_9984_7168_7424,MSAVI,65536,41217,9844.0,51061.0,14475.0,bad,0.6289215087890625,0.15020751953125,0.2208709716796875
4383,9728_9984_7424_7680,MSAVI,65536,40442,11894.0,52336.0,13200.0,bad,0.617095947265625,0.181488037109375,0.201416015625
4384,9984_10240_512_768,MSAVI,65536,44663,7341.0,52004.0,13532.0,bad,0.6815032958984375,0.1120147705078125,0.20648193359375
4385,9984_10240_768_1024,MSAVI,65536,40011,8364.0,48375.0,17161.0,bad,0.6105194091796875,0.12762451171875,0.2618560791015625
4386,9984_10240_1024_1280,MSAVI,65536,39093,8891.0,47984.0,17552.0,bad,0.5965118408203125,0.1356658935546875,0.267822265625
4387,9984_10240_1280_1536,MSAVI,65536,31796,24410.0,56206.0,9330.0,bad,0.48516845703125,0.372467041015625,0.142364501953125
4388,9984_10240_1536_1792,MSAVI,65536,38930,10864.0,49794.0,15742.0,bad,0.594024658203125,0.165771484375,0.240203857421875
4389,9984_10240_1792_2048,MSAVI,65536,44950,11480.0,56430.0,9106.0,bad,0.685882568359375,0.1751708984375,0.138946533203125
4390,9984_10240_2048_2304,MSAVI,65536,41115,3046.0,44161.0,21375.0,bad,0.6273651123046875,0.046478271484375,0.3261566162109375
4391,9984_10240_2304_2560,MSAVI,65536,38248,1005.0,39253.0,26283.0,bad,0.5836181640625,0.0153350830078125,0.4010467529296875
4392,9984_10240_2560_2816,MSAVI,65536,37556,2434.0,39990.0,25546.0,bad,0.57305908203125,0.037139892578125,0.389801025390625
4393,9984_10240_2816_3072,MSAVI,65536,38635,5373.0,44008.0,21528.0,bad,0.5895233154296875,0.0819854736328125,0.3284912109375
4394,9984_10240_3072_3328,MSAVI,65536,36418,11750.0,48168.0,17368.0,bad,0.555694580078125,0.179290771484375,0.2650146484375
4395,9984_10240_3328_3584,MSAVI,65536,37236,4406.0,41642.0,23894.0,bad,0.56817626953125,0.067230224609375,0.364593505859375
4396,9984_10240_3584_3840,MSAVI,65536,38007,4506.0,42513.0,23023.0,bad,0.5799407958984375,0.068756103515625,0.3513031005859375
4397,9984_10240_3840_4096,MSAVI,65536,37793,9334.0,47127.0,18409.0,bad,0.5766754150390625,0.142425537109375,0.2808990478515625
4398,9984_10240_4096_4352,MSAVI,65536,38449,4795.0,43244.0,22292.0,bad,0.5866851806640625,0.0731658935546875,0.34014892578125
4399,9984_10240_4352_4608,MSAVI,65536,39874,2867.0,42741.0,22795.0,bad,0.608428955078125,0.0437469482421875,0.3478240966796875
4400,9984_10240_4608_4864,MSAVI,65536,44572,6762.0,51334.0,14202.0,bad,0.68011474609375,0.103179931640625,0.216705322265625
4401,9984_10240_4864_5120,MSAVI,65536,43135,7677.0,50812.0,14724.0,bad,0.6581878662109375,0.1171417236328125,0.22467041015625
4402,9984_10240_5120_5376,MSAVI,65536,39417,21003.0,60420.0,5116.0,bad,0.6014556884765625,0.3204803466796875,0.07806396484375
4403,9984_10240_5376_5632,MSAVI,65536,39579,2469.0,42048.0,23488.0,bad,0.6039276123046875,0.0376739501953125,0.3583984375
4404,9984_10240_5632_5888,MSAVI,65536,42313,3838.0,46151.0,19385.0,bad,0.6456451416015625,0.058563232421875,0.2957916259765625
4405,9984_10240_5888_6144,MSAVI,65536,43472,6842.0,50314.0,15222.0,bad,0.663330078125,0.104400634765625,0.232269287109375
4406,9984_10240_6144_6400,MSAVI,65536,48565,7354.0,55919.0,9617.0,bad,0.7410430908203125,0.112213134765625,0.1467437744140625
4407,9984_10240_6400_6656,MSAVI,65536,47902,6013.0,53915.0,11621.0,bad,0.730926513671875,0.0917510986328125,0.1773223876953125
4408,9984_10240_6656_6912,MSAVI,65536,47332,9585.0,56917.0,8619.0,bad,0.72222900390625,0.1462554931640625,0.1315155029296875
4409,9984_10240_6912_7168,MSAVI,65536,48457,12455.0,60912.0,4624.0,bad,0.7393951416015625,0.1900482177734375,0.070556640625
4410,9984_10240_7168_7424,MSAVI,65536,44431,4979.0,49410.0,16126.0,bad,0.6779632568359375,0.0759735107421875,0.246063232421875
4411,9984_10240_7424_7680,MSAVI,65536,40786,12210.0,52996.0,12540.0,bad,0.622344970703125,0.186309814453125,0.19134521484375
4412,10240_10496_512_768,MSAVI,65536,46113,8112.0,54225.0,11311.0,bad,0.7036285400390625,0.123779296875,0.1725921630859375
4413,10240_10496_768_1024,MSAVI,65536,39968,7782.0,47750.0,17786.0,bad,0.60986328125,0.118743896484375,0.271392822265625
4414,10240_10496_1024_1280,MSAVI,65536,43598,10956.0,54554.0,10982.0,bad,0.665252685546875,0.16717529296875,0.167572021484375
4415,10240_10496_1280_1536,MSAVI,65536,45928,11838.0,57766.0,7770.0,bad,0.7008056640625,0.180633544921875,0.118560791015625
4416,10240_10496_1536_1792,MSAVI,65536,42360,7729.0,50089.0,15447.0,bad,0.6463623046875,0.1179351806640625,0.2357025146484375
4417,10240_10496_1792_2048,MSAVI,65536,37943,5922.0,43865.0,21671.0,bad,0.5789642333984375,0.090362548828125,0.3306732177734375
4418,10240_10496_2048_2304,MSAVI,65536,39984,6091.0,46075.0,19461.0,bad,0.610107421875,0.0929412841796875,0.2969512939453125
4419,10240_10496_2304_2560,MSAVI,65536,40423,7917.0,48340.0,17196.0,bad,0.6168060302734375,0.1208038330078125,0.26239013671875
4420,10240_10496_2560_2816,MSAVI,65536,40468,6455.0,46923.0,18613.0,bad,0.61749267578125,0.0984954833984375,0.2840118408203125
4421,10240_10496_2816_3072,MSAVI,65536,37036,6473.0,43509.0,22027.0,bad,0.56512451171875,0.0987701416015625,0.3361053466796875
4422,10240_10496_3072_3328,MSAVI,65536,40490,5970.0,46460.0,19076.0,bad,0.617828369140625,0.091094970703125,0.29107666015625
4423,10240_10496_3328_3584,MSAVI,65536,43042,7003.0,50045.0,15491.0,bad,0.656768798828125,0.1068572998046875,0.2363739013671875
4424,10240_10496_3584_3840,MSAVI,65536,38600,5387.0,43987.0,21549.0,bad,0.5889892578125,0.0821990966796875,0.3288116455078125
4425,10240_10496_3840_4096,MSAVI,65536,43862,9348.0,53210.0,12326.0,bad,0.669281005859375,0.14263916015625,0.188079833984375
4426,10240_10496_4096_4352,MSAVI,65536,40293,6654.0,46947.0,18589.0,bad,0.6148223876953125,0.101531982421875,0.2836456298828125
4427,10240_10496_4352_4608,MSAVI,65536,44590,5334.0,49924.0,15612.0,bad,0.680389404296875,0.081390380859375,0.23822021484375
4428,10240_10496_4608_4864,MSAVI,65536,39866,6480.0,46346.0,19190.0,bad,0.608306884765625,0.098876953125,0.292816162109375
4429,10240_10496_4864_5120,MSAVI,65536,40073,12562.0,52635.0,12901.0,bad,0.6114654541015625,0.191680908203125,0.1968536376953125
4430,10240_10496_5120_5376,MSAVI,65536,32213,119.0,32332.0,33204.0,bad,0.4915313720703125,0.0018157958984375,0.50665283203125
4431,10240_10496_5376_5632,MSAVI,65536,39232,5852.0,45084.0,20452.0,bad,0.5986328125,0.08929443359375,0.31207275390625
4432,10240_10496_5632_5888,MSAVI,65536,41616,6484.0,48100.0,17436.0,bad,0.635009765625,0.09893798828125,0.26605224609375
4433,10240_10496_5888_6144,MSAVI,65536,40400,4857.0,45257.0,20279.0,bad,0.616455078125,0.0741119384765625,0.3094329833984375
4434,10240_10496_6144_6400,MSAVI,65536,41364,5320.0,46684.0,18852.0,bad,0.63116455078125,0.0811767578125,0.28765869140625
4435,10240_10496_6400_6656,MSAVI,65536,46031,4851.0,50882.0,14654.0,bad,0.7023773193359375,0.0740203857421875,0.223602294921875
4436,10240_10496_6656_6912,MSAVI,65536,43128,9642.0,52770.0,12766.0,bad,0.6580810546875,0.147125244140625,0.194793701171875
4437,10240_10496_6912_7168,MSAVI,65536,45840,8457.0,54297.0,11239.0,bad,0.699462890625,0.1290435791015625,0.1714935302734375
4438,10240_10496_7168_7424,MSAVI,65536,45663,5593.0,51256.0,14280.0,bad,0.6967620849609375,0.0853424072265625,0.2178955078125
4439,10240_10496_7424_7680,MSAVI,65536,46548,9405.0,55953.0,9583.0,bad,0.71026611328125,0.1435089111328125,0.1462249755859375
4440,10496_10752_512_768,MSAVI,65536,43748,7744.0,51492.0,14044.0,bad,0.66754150390625,0.1181640625,0.21429443359375
4441,10496_10752_768_1024,MSAVI,65536,44395,7072.0,51467.0,14069.0,bad,0.6774139404296875,0.10791015625,0.2146759033203125
4442,10496_10752_1024_1280,MSAVI,65536,40099,6838.0,46937.0,18599.0,bad,0.6118621826171875,0.104339599609375,0.2837982177734375
4443,10496_10752_1280_1536,MSAVI,65536,34783,23092.0,57875.0,7661.0,bad,0.5307464599609375,0.35235595703125,0.1168975830078125
4444,10496_10752_1536_1792,MSAVI,65536,39492,12974.0,52466.0,13070.0,bad,0.60260009765625,0.197967529296875,0.199432373046875
4445,10496_10752_1792_2048,MSAVI,65536,46627,8188.0,54815.0,10721.0,bad,0.7114715576171875,0.12493896484375,0.1635894775390625
4446,10496_10752_2048_2304,MSAVI,65536,48580,9970.0,58550.0,6986.0,bad,0.74127197265625,0.152130126953125,0.106597900390625
4447,10496_10752_2304_2560,MSAVI,65536,39186,7103.0,46289.0,19247.0,bad,0.597930908203125,0.1083831787109375,0.2936859130859375
4448,10496_10752_2560_2816,MSAVI,65536,38796,2900.0,41696.0,23840.0,bad,0.59197998046875,0.04425048828125,0.36376953125
4449,10496_10752_2816_3072,MSAVI,65536,41277,7984.0,49261.0,16275.0,bad,0.6298370361328125,0.121826171875,0.2483367919921875
4450,10496_10752_3072_3328,MSAVI,65536,38457,6655.0,45112.0,20424.0,bad,0.5868072509765625,0.1015472412109375,0.3116455078125
4451,10496_10752_3328_3584,MSAVI,65536,37879,4851.0,42730.0,22806.0,bad,0.5779876708984375,0.0740203857421875,0.347991943359375
4452,10496_10752_3584_3840,MSAVI,65536,45017,7762.0,52779.0,12757.0,bad,0.6869049072265625,0.118438720703125,0.1946563720703125
4453,10496_10752_3840_4096,MSAVI,65536,42375,3898.0,46273.0,19263.0,bad,0.6465911865234375,0.059478759765625,0.2939300537109375
4454,10496_10752_4096_4352,MSAVI,65536,40125,5724.0,45849.0,19687.0,bad,0.6122589111328125,0.08734130859375,0.3003997802734375
4455,10496_10752_4352_4608,MSAVI,65536,40384,3534.0,43918.0,21618.0,bad,0.6162109375,0.053924560546875,0.329864501953125
4456,10496_10752_4608_4864,MSAVI,65536,38656,3369.0,42025.0,23511.0,bad,0.58984375,0.0514068603515625,0.3587493896484375
4457,10496_10752_4864_5120,MSAVI,65536,31255,17104.0,48359.0,17177.0,bad,0.4769134521484375,0.260986328125,0.2621002197265625
4458,10496_10752_5120_5376,MSAVI,65536,34938,9531.0,44469.0,21067.0,bad,0.533111572265625,0.1454315185546875,0.3214569091796875
4459,10496_10752_5376_5632,MSAVI,65536,37923,4556.0,42479.0,23057.0,bad,0.5786590576171875,0.06951904296875,0.3518218994140625
4460,10496_10752_5632_5888,MSAVI,65536,38368,5678.0,44046.0,21490.0,bad,0.58544921875,0.086639404296875,0.327911376953125
4461,10496_10752_5888_6144,MSAVI,65536,40642,1448.0,42090.0,23446.0,bad,0.620147705078125,0.0220947265625,0.357757568359375
4462,10496_10752_6144_6400,MSAVI,65536,41056,4849.0,45905.0,19631.0,bad,0.62646484375,0.0739898681640625,0.2995452880859375
4463,10496_10752_6400_6656,MSAVI,65536,41266,5827.0,47093.0,18443.0,bad,0.629669189453125,0.0889129638671875,0.2814178466796875
4464,10496_10752_6656_6912,MSAVI,65536,41907,5038.0,46945.0,18591.0,bad,0.6394500732421875,0.076873779296875,0.2836761474609375
4465,10496_10752_6912_7168,MSAVI,65536,42513,7225.0,49738.0,15798.0,bad,0.6486968994140625,0.1102447509765625,0.241058349609375
4466,10496_10752_7168_7424,MSAVI,65536,47946,7923.0,55869.0,9667.0,bad,0.731597900390625,0.1208953857421875,0.1475067138671875
4467,10496_10752_7424_7680,MSAVI,65536,47065,8472.0,55537.0,9999.0,bad,0.7181549072265625,0.1292724609375,0.1525726318359375
4468,10752_11008_768_1024,MSAVI,65536,44005,9088.0,53093.0,12443.0,bad,0.6714630126953125,0.138671875,0.1898651123046875
4469,10752_11008_1024_1280,MSAVI,65536,41185,6911.0,48096.0,17440.0,bad,0.6284332275390625,0.1054534912109375,0.26611328125
4470,10752_11008_1280_1536,MSAVI,65536,45708,9618.0,55326.0,10210.0,bad,0.69744873046875,0.146759033203125,0.155792236328125
4471,10752_11008_1536_1792,MSAVI,65536,46086,11598.0,57684.0,7852.0,bad,0.703216552734375,0.176971435546875,0.11981201171875
4472,10752_11008_1792_2048,MSAVI,65536,45576,10754.0,56330.0,9206.0,bad,0.6954345703125,0.164093017578125,0.140472412109375
4473,10752_11008_2048_2304,MSAVI,65536,46724,7816.0,54540.0,10996.0,bad,0.71295166015625,0.1192626953125,0.16778564453125
4474,10752_11008_2304_2560,MSAVI,65536,42250,13319.0,55569.0,9967.0,bad,0.644683837890625,0.2032318115234375,0.1520843505859375
4475,10752_11008_2560_2816,MSAVI,65536,43533,8866.0,52399.0,13137.0,bad,0.6642608642578125,0.135284423828125,0.2004547119140625
4476,10752_11008_2816_3072,MSAVI,65536,42678,5575.0,48253.0,17283.0,bad,0.651214599609375,0.0850677490234375,0.2637176513671875
4477,10752_11008_3072_3328,MSAVI,65536,41628,9040.0,50668.0,14868.0,bad,0.63519287109375,0.137939453125,0.22686767578125
4478,10752_11008_3328_3584,MSAVI,65536,44335,7399.0,51734.0,13802.0,bad,0.6764984130859375,0.1128997802734375,0.210601806640625
4479,10752_11008_3584_3840,MSAVI,65536,51488,8248.0,59736.0,5800.0,bad,0.78564453125,0.1258544921875,0.0885009765625
4480,10752_11008_3840_4096,MSAVI,65536,51253,7668.0,58921.0,6615.0,bad,0.7820587158203125,0.11700439453125,0.1009368896484375
4481,10752_11008_4096_4352,MSAVI,65536,40420,8473.0,48893.0,16643.0,bad,0.61676025390625,0.1292877197265625,0.2539520263671875
4482,10752_11008_4352_4608,MSAVI,65536,39036,6615.0,45651.0,19885.0,bad,0.59564208984375,0.1009368896484375,0.3034210205078125
4483,10752_11008_4608_4864,MSAVI,65536,41227,7615.0,48842.0,16694.0,bad,0.6290740966796875,0.1161956787109375,0.254730224609375
4484,10752_11008_4864_5120,MSAVI,65536,32809,24008.0,56817.0,8719.0,bad,0.5006256103515625,0.3663330078125,0.1330413818359375
4485,10752_11008_5120_5376,MSAVI,65536,39873,1394.0,41267.0,24269.0,bad,0.6084136962890625,0.021270751953125,0.3703155517578125
4486,10752_11008_5376_5632,MSAVI,65536,36902,5486.0,42388.0,23148.0,bad,0.563079833984375,0.083709716796875,0.35321044921875
4487,10752_11008_5632_5888,MSAVI,65536,39404,3362.0,42766.0,22770.0,bad,0.60125732421875,0.051300048828125,0.347442626953125
4488,10752_11008_5888_6144,MSAVI,65536,43892,6538.0,50430.0,15106.0,bad,0.66973876953125,0.099761962890625,0.230499267578125
4489,10752_11008_6144_6400,MSAVI,65536,38046,4391.0,42437.0,23099.0,bad,0.580535888671875,0.0670013427734375,0.3524627685546875
4490,10752_11008_6400_6656,MSAVI,65536,40586,2814.0,43400.0,22136.0,bad,0.619293212890625,0.042938232421875,0.3377685546875
4491,10752_11008_6656_6912,MSAVI,65536,42829,5106.0,47935.0,17601.0,bad,0.6535186767578125,0.077911376953125,0.2685699462890625
4492,10752_11008_6912_7168,MSAVI,65536,42331,10408.0,52739.0,12797.0,bad,0.6459197998046875,0.1588134765625,0.1952667236328125
4493,10752_11008_7168_7424,MSAVI,65536,39482,11333.0,50815.0,14721.0,bad,0.602447509765625,0.1729278564453125,0.2246246337890625
4494,11008_11264_768_1024,MSAVI,65503,47874,10755.0,58629.0,6874.0,bad,0.7308672885211365,0.1641909530861182,0.10494175839274537
4495,11008_11264_1024_1280,MSAVI,65536,41102,5399.0,46501.0,19035.0,bad,0.627166748046875,0.0823822021484375,0.2904510498046875
4496,11008_11264_1280_1536,MSAVI,65536,37098,12146.0,49244.0,16292.0,bad,0.566070556640625,0.185333251953125,0.24859619140625
4497,11008_11264_1536_1792,MSAVI,65536,42231,10143.0,52374.0,13162.0,bad,0.6443939208984375,0.1547698974609375,0.200836181640625
4498,11008_11264_1792_2048,MSAVI,65536,43277,12885.0,56162.0,9374.0,bad,0.6603546142578125,0.1966094970703125,0.143035888671875
4499,11008_11264_2048_2304,MSAVI,65536,40129,6883.0,47012.0,18524.0,bad,0.6123199462890625,0.1050262451171875,0.28265380859375
4500,11008_11264_2304_2560,MSAVI,65536,43292,2718.0,46010.0,19526.0,bad,0.66058349609375,0.041473388671875,0.297943115234375
4501,11008_11264_2560_2816,MSAVI,65536,44583,8916.0,53499.0,12037.0,bad,0.6802825927734375,0.13604736328125,0.1836700439453125
4502,11008_11264_2816_3072,MSAVI,65536,41857,11598.0,53455.0,12081.0,bad,0.6386871337890625,0.176971435546875,0.1843414306640625
4503,11008_11264_3072_3328,MSAVI,65536,43142,10588.0,53730.0,11806.0,bad,0.658294677734375,0.16156005859375,0.180145263671875
4504,11008_11264_3328_3584,MSAVI,65536,46386,9861.0,56247.0,9289.0,bad,0.707794189453125,0.1504669189453125,0.1417388916015625
4505,11008_11264_3584_3840,MSAVI,65536,45331,11837.0,57168.0,8368.0,bad,0.6916961669921875,0.1806182861328125,0.127685546875
4506,11008_11264_3840_4096,MSAVI,65536,46983,8160.0,55143.0,10393.0,bad,0.7169036865234375,0.12451171875,0.1585845947265625
4507,11008_11264_4096_4352,MSAVI,65536,45786,13371.0,59157.0,6379.0,bad,0.698638916015625,0.2040252685546875,0.0973358154296875
4508,11008_11264_4352_4608,MSAVI,65536,48132,8083.0,56215.0,9321.0,bad,0.73443603515625,0.1233367919921875,0.1422271728515625
4509,11008_11264_4608_4864,MSAVI,65536,41209,11298.0,52507.0,13029.0,bad,0.6287994384765625,0.172393798828125,0.1988067626953125
4510,11008_11264_4864_5120,MSAVI,65536,30651,0.0,30651.0,34885.0,bad,0.4676971435546875,0.0,0.5323028564453125
4511,11008_11264_5120_5376,MSAVI,65536,39048,5561.0,44609.0,20927.0,bad,0.5958251953125,0.0848541259765625,0.3193206787109375
4512,11008_11264_5376_5632,MSAVI,65536,41725,3053.0,44778.0,20758.0,bad,0.6366729736328125,0.0465850830078125,0.316741943359375
4513,11008_11264_5632_5888,MSAVI,65536,40625,4410.0,45035.0,20501.0,bad,0.6198883056640625,0.067291259765625,0.3128204345703125
4514,11008_11264_5888_6144,MSAVI,65536,42162,2462.0,44624.0,20912.0,bad,0.643341064453125,0.037567138671875,0.319091796875
4515,11008_11264_6144_6400,MSAVI,65536,34095,5086.0,39181.0,26355.0,bad,0.5202484130859375,0.077606201171875,0.4021453857421875
4516,11008_11264_6400_6656,MSAVI,65536,38052,7265.0,45317.0,20219.0,bad,0.58062744140625,0.1108551025390625,0.3085174560546875
4517,11008_11264_6656_6912,MSAVI,65536,41064,3870.0,44934.0,20602.0,bad,0.6265869140625,0.059051513671875,0.314361572265625
4518,11008_11264_6912_7168,MSAVI,65536,42407,5809.0,48216.0,17320.0,bad,0.6470794677734375,0.0886383056640625,0.2642822265625
4519,11008_11264_7168_7424,MSAVI,65536,40002,13312.0,53314.0,12222.0,bad,0.610382080078125,0.203125,0.186492919921875
4520,11264_11520_1792_2048,MSAVI,65536,39587,19591.0,59178.0,6358.0,bad,0.6040496826171875,0.2989349365234375,0.097015380859375
4521,11264_11520_2048_2304,MSAVI,65536,42494,2838.0,45332.0,20204.0,bad,0.648406982421875,0.043304443359375,0.30828857421875
4522,11264_11520_2304_2560,MSAVI,65536,43994,815.0,44809.0,20727.0,bad,0.671295166015625,0.0124359130859375,0.3162689208984375
4523,11264_11520_2560_2816,MSAVI,65536,43104,3412.0,46516.0,19020.0,bad,0.65771484375,0.05206298828125,0.29022216796875
4524,11264_11520_2816_3072,MSAVI,65536,44682,10877.0,55559.0,9977.0,bad,0.681793212890625,0.1659698486328125,0.1522369384765625
4525,11264_11520_3072_3328,MSAVI,65536,43425,12897.0,56322.0,9214.0,bad,0.6626129150390625,0.1967926025390625,0.140594482421875
4526,11264_11520_3328_3584,MSAVI,65536,40760,9969.0,50729.0,14807.0,bad,0.6219482421875,0.1521148681640625,0.2259368896484375
4527,11264_11520_3584_3840,MSAVI,65536,43960,10391.0,54351.0,11185.0,bad,0.6707763671875,0.1585540771484375,0.1706695556640625
4528,11264_11520_3840_4096,MSAVI,65536,46132,8080.0,54212.0,11324.0,bad,0.70391845703125,0.123291015625,0.17279052734375
4529,11264_11520_4096_4352,MSAVI,65536,47127,8526.0,55653.0,9883.0,bad,0.7191009521484375,0.130096435546875,0.1508026123046875
4530,11264_11520_4352_4608,MSAVI,65536,47757,10013.0,57770.0,7766.0,bad,0.7287139892578125,0.1527862548828125,0.118499755859375
4531,11264_11520_4608_4864,MSAVI,65536,39672,14292.0,53964.0,11572.0,bad,0.6053466796875,0.21807861328125,0.17657470703125
4532,11264_11520_4864_5120,MSAVI,65536,25892,0.0,25892.0,39644.0,bad,0.39508056640625,0.0,0.60491943359375
4533,11264_11520_5120_5376,MSAVI,65536,36366,9292.0,45658.0,19878.0,bad,0.554901123046875,0.14178466796875,0.303314208984375
4534,11264_11520_5376_5632,MSAVI,65536,36554,4951.0,41505.0,24031.0,bad,0.557769775390625,0.0755462646484375,0.3666839599609375
4535,11264_11520_5632_5888,MSAVI,65536,39075,11652.0,50727.0,14809.0,bad,0.5962371826171875,0.17779541015625,0.2259674072265625
4536,11264_11520_5888_6144,MSAVI,65536,39217,4110.0,43327.0,22209.0,bad,0.5984039306640625,0.062713623046875,0.3388824462890625
4537,11264_11520_6144_6400,MSAVI,65536,38591,4195.0,42786.0,22750.0,bad,0.5888519287109375,0.0640106201171875,0.347137451171875
4538,11264_11520_6400_6656,MSAVI,65536,42817,3965.0,46782.0,18754.0,bad,0.6533355712890625,0.0605010986328125,0.286163330078125
4539,11264_11520_6656_6912,MSAVI,65536,40507,4147.0,44654.0,20882.0,bad,0.6180877685546875,0.0632781982421875,0.318634033203125
4540,11264_11520_6912_7168,MSAVI,65527,42331,4570.0,46901.0,18626.0,bad,0.646008515573733,0.06974224365528714,0.2842492407709799
4541,0_256_6144_6400,MSAVI,65395,36343,20780.0,57123.0,8272.0,worst,0.5557458521293677,0.3177612967352244,0.1264928511354079
4542,0_256_6400_6656,MSAVI,65536,31580,22854.0,54434.0,11102.0,worst,0.48187255859375,0.348724365234375,0.169403076171875
4543,0_256_6656_6912,MSAVI,65536,36484,22151.0,58635.0,6901.0,worst,0.55670166015625,0.3379974365234375,0.1053009033203125
4544,0_256_6912_7168,MSAVI,65536,37637,19702.0,57339.0,8197.0,worst,0.5742950439453125,0.300628662109375,0.1250762939453125
4545,0_256_7168_7424,MSAVI,65536,35161,16202.0,51363.0,14173.0,worst,0.5365142822265625,0.247222900390625,0.2162628173828125
4546,0_256_7424_7680,MSAVI,65390,40418,17742.0,58160.0,7230.0,worst,0.6181067441504817,0.2713258908089922,0.11056736504052607
4547,256_512_1024_1280,MSAVI,65536,32636,31137.0,63773.0,1763.0,worst,0.49798583984375,0.4751129150390625,0.0269012451171875
4548,256_512_1280_1536,MSAVI,65536,36052,18076.0,54128.0,11408.0,worst,0.55010986328125,0.27581787109375,0.174072265625
4549,256_512_1536_1792,MSAVI,65536,35011,16138.0,51149.0,14387.0,worst,0.5342254638671875,0.246246337890625,0.2195281982421875
4550,256_512_1792_2048,MSAVI,65536,36500,14811.0,51311.0,14225.0,worst,0.55694580078125,0.2259979248046875,0.2170562744140625
4551,256_512_2048_2304,MSAVI,65536,34877,10844.0,45721.0,19815.0,worst,0.5321807861328125,0.16546630859375,0.3023529052734375
4552,256_512_2304_2560,MSAVI,65536,35391,12301.0,47692.0,17844.0,worst,0.5400238037109375,0.1876983642578125,0.27227783203125
4553,256_512_2560_2816,MSAVI,65536,38963,15827.0,54790.0,10746.0,worst,0.5945281982421875,0.2415008544921875,0.163970947265625
4554,256_512_2816_3072,MSAVI,65536,34846,20192.0,55038.0,10498.0,worst,0.531707763671875,0.30810546875,0.160186767578125
4555,256_512_3072_3328,MSAVI,65536,37342,17406.0,54748.0,10788.0,worst,0.569793701171875,0.265594482421875,0.16461181640625
4556,256_512_3328_3584,MSAVI,65536,34057,16434.0,50491.0,15045.0,worst,0.5196685791015625,0.250762939453125,0.2295684814453125
4557,256_512_3584_3840,MSAVI,65536,36102,20441.0,56543.0,8993.0,worst,0.550872802734375,0.3119049072265625,0.1372222900390625
4558,256_512_3840_4096,MSAVI,65536,30487,24681.0,55168.0,10368.0,worst,0.4651947021484375,0.3766021728515625,0.158203125
4559,256_512_4096_4352,MSAVI,65536,38343,19401.0,57744.0,7792.0,worst,0.5850677490234375,0.2960357666015625,0.118896484375
4560,256_512_4352_4608,MSAVI,65536,33802,28027.0,61829.0,3707.0,worst,0.515777587890625,0.4276580810546875,0.0565643310546875
4561,256_512_4608_4864,MSAVI,65536,31599,28681.0,60280.0,5256.0,worst,0.4821624755859375,0.4376373291015625,0.0802001953125
4562,256_512_4864_5120,MSAVI,65536,39083,22059.0,61142.0,4394.0,worst,0.5963592529296875,0.3365936279296875,0.067047119140625
4563,256_512_5120_5376,MSAVI,65536,33129,27271.0,60400.0,5136.0,worst,0.5055084228515625,0.4161224365234375,0.078369140625
4564,256_512_5376_5632,MSAVI,65536,35985,17717.0,53702.0,11834.0,worst,0.5490875244140625,0.2703399658203125,0.180572509765625
4565,256_512_5632_5888,MSAVI,65536,36396,22887.0,59283.0,6253.0,worst,0.55535888671875,0.3492279052734375,0.0954132080078125
4566,256_512_5888_6144,MSAVI,65536,33667,14253.0,47920.0,17616.0,worst,0.5137176513671875,0.2174835205078125,0.268798828125
4567,256_512_6144_6400,MSAVI,65536,33060,21771.0,54831.0,10705.0,worst,0.50445556640625,0.3321990966796875,0.1633453369140625
4568,256_512_6400_6656,MSAVI,65536,29697,24798.0,54495.0,11041.0,worst,0.4531402587890625,0.378387451171875,0.1684722900390625
4569,256_512_6656_6912,MSAVI,65536,32257,17115.0,49372.0,16164.0,worst,0.4922027587890625,0.2611541748046875,0.24664306640625
4570,256_512_6912_7168,MSAVI,65536,32379,20470.0,52849.0,12687.0,worst,0.4940643310546875,0.312347412109375,0.1935882568359375
4571,256_512_7168_7424,MSAVI,65536,34407,19066.0,53473.0,12063.0,worst,0.5250091552734375,0.290924072265625,0.1840667724609375
4572,256_512_7424_7680,MSAVI,65536,34985,20380.0,55365.0,10171.0,worst,0.5338287353515625,0.31097412109375,0.1551971435546875
4573,256_512_7680_7936,MSAVI,65536,35512,18550.0,54062.0,11474.0,worst,0.5418701171875,0.283050537109375,0.175079345703125
4574,256_512_7936_8192,MSAVI,65536,33496,22651.0,56147.0,9389.0,worst,0.5111083984375,0.3456268310546875,0.1432647705078125
4575,256_512_8192_8448,MSAVI,65536,36041,27650.0,63691.0,1845.0,worst,0.5499420166015625,0.421905517578125,0.0281524658203125
4576,256_512_8448_8704,MSAVI,65536,31422,14485.0,45907.0,19629.0,worst,0.479461669921875,0.2210235595703125,0.2995147705078125
4577,512_768_512_768,MSAVI,65536,34851,14373.0,49224.0,16312.0,worst,0.5317840576171875,0.2193145751953125,0.2489013671875
4578,512_768_768_1024,MSAVI,65536,31374,29469.0,60843.0,4693.0,worst,0.478729248046875,0.4496612548828125,0.0716094970703125
4579,512_768_1024_1280,MSAVI,65536,33568,23339.0,56907.0,8629.0,worst,0.51220703125,0.3561248779296875,0.1316680908203125
4580,512_768_1280_1536,MSAVI,65536,34520,17807.0,52327.0,13209.0,worst,0.5267333984375,0.2717132568359375,0.2015533447265625
4581,512_768_1536_1792,MSAVI,65536,29303,33109.0,62412.0,3124.0,worst,0.4471282958984375,0.5052032470703125,0.04766845703125
4582,512_768_1792_2048,MSAVI,65536,31228,29445.0,60673.0,4863.0,worst,0.47650146484375,0.4492950439453125,0.0742034912109375
4583,512_768_2048_2304,MSAVI,65536,30203,20057.0,50260.0,15276.0,worst,0.4608612060546875,0.3060455322265625,0.23309326171875
4584,512_768_2304_2560,MSAVI,65536,32753,12370.0,45123.0,20413.0,worst,0.4997711181640625,0.188751220703125,0.3114776611328125
4585,512_768_2560_2816,MSAVI,65536,34575,17286.0,51861.0,13675.0,worst,0.5275726318359375,0.263763427734375,0.2086639404296875
4586,512_768_2816_3072,MSAVI,65536,37035,17083.0,54118.0,11418.0,worst,0.5651092529296875,0.2606658935546875,0.174224853515625
4587,512_768_3072_3328,MSAVI,65536,38376,15786.0,54162.0,11374.0,worst,0.5855712890625,0.240875244140625,0.173553466796875
4588,512_768_3328_3584,MSAVI,65536,39777,17165.0,56942.0,8594.0,worst,0.6069488525390625,0.2619171142578125,0.131134033203125
4589,512_768_3584_3840,MSAVI,65536,45115,12385.0,57500.0,8036.0,worst,0.6884002685546875,0.1889801025390625,0.12261962890625
4590,512_768_3840_4096,MSAVI,65536,30868,18619.0,49487.0,16049.0,worst,0.47100830078125,0.2841033935546875,0.2448883056640625
4591,512_768_4096_4352,MSAVI,65536,30807,20243.0,51050.0,14486.0,worst,0.4700775146484375,0.3088836669921875,0.221038818359375
4592,512_768_4352_4608,MSAVI,65536,35323,26220.0,61543.0,3993.0,worst,0.5389862060546875,0.40008544921875,0.0609283447265625
4593,512_768_4608_4864,MSAVI,65536,37523,16029.0,53552.0,11984.0,worst,0.5725555419921875,0.2445831298828125,0.182861328125
4594,512_768_4864_5120,MSAVI,65536,38031,15417.0,53448.0,12088.0,worst,0.5803070068359375,0.2352447509765625,0.1844482421875
4595,512_768_5120_5376,MSAVI,65536,35530,23894.0,59424.0,6112.0,worst,0.542144775390625,0.364593505859375,0.09326171875
4596,512_768_5376_5632,MSAVI,65536,39663,15882.0,55545.0,9991.0,worst,0.6052093505859375,0.242340087890625,0.1524505615234375
4597,512_768_5632_5888,MSAVI,65536,35106,22251.0,57357.0,8179.0,worst,0.535675048828125,0.3395233154296875,0.1248016357421875
4598,512_768_5888_6144,MSAVI,65536,35597,15803.0,51400.0,14136.0,worst,0.5431671142578125,0.2411346435546875,0.2156982421875
4599,512_768_6144_6400,MSAVI,65536,34118,20220.0,54338.0,11198.0,worst,0.520599365234375,0.30853271484375,0.170867919921875
4600,512_768_6400_6656,MSAVI,65536,31771,24354.0,56125.0,9411.0,worst,0.4847869873046875,0.371612548828125,0.1436004638671875
4601,512_768_6656_6912,MSAVI,65536,32607,23596.0,56203.0,9333.0,worst,0.4975433349609375,0.36004638671875,0.1424102783203125
4602,512_768_6912_7168,MSAVI,65536,32077,19001.0,51078.0,14458.0,worst,0.4894561767578125,0.2899322509765625,0.220611572265625
4603,512_768_7168_7424,MSAVI,65536,31319,17796.0,49115.0,16421.0,worst,0.4778900146484375,0.27154541015625,0.2505645751953125
4604,512_768_7424_7680,MSAVI,65536,37874,25054.0,62928.0,2608.0,worst,0.577911376953125,0.382293701171875,0.039794921875
4605,512_768_7680_7936,MSAVI,65536,34947,16257.0,51204.0,14332.0,worst,0.5332489013671875,0.2480621337890625,0.21868896484375
4606,512_768_7936_8192,MSAVI,65536,35164,17615.0,52779.0,12757.0,worst,0.53656005859375,0.2687835693359375,0.1946563720703125
4607,512_768_8192_8448,MSAVI,65536,34462,14698.0,49160.0,16376.0,worst,0.525848388671875,0.224273681640625,0.2498779296875
4608,512_768_8448_8704,MSAVI,65536,29902,14515.0,44417.0,21119.0,worst,0.456268310546875,0.2214813232421875,0.3222503662109375
4609,768_1024_256_512,MSAVI,65536,37177,14463.0,51640.0,13896.0,worst,0.5672760009765625,0.2206878662109375,0.2120361328125
4610,768_1024_512_768,MSAVI,65536,50421,13110.0,63531.0,2005.0,worst,0.7693634033203125,0.200042724609375,0.0305938720703125
4611,768_1024_768_1024,MSAVI,65536,40434,20515.0,60949.0,4587.0,worst,0.616973876953125,0.3130340576171875,0.0699920654296875
4612,768_1024_1024_1280,MSAVI,65536,33764,24688.0,58452.0,7084.0,worst,0.51519775390625,0.376708984375,0.10809326171875
4613,768_1024_1280_1536,MSAVI,65536,39207,20579.0,59786.0,5750.0,worst,0.5982513427734375,0.3140106201171875,0.087738037109375
4614,768_1024_1536_1792,MSAVI,65536,34293,27237.0,61530.0,4006.0,worst,0.5232696533203125,0.4156036376953125,0.061126708984375
4615,768_1024_1792_2048,MSAVI,65536,40719,15679.0,56398.0,9138.0,worst,0.6213226318359375,0.2392425537109375,0.139434814453125
4616,768_1024_2048_2304,MSAVI,65536,33729,18053.0,51782.0,13754.0,worst,0.5146636962890625,0.2754669189453125,0.209869384765625
4617,768_1024_2304_2560,MSAVI,65536,34486,14621.0,49107.0,16429.0,worst,0.526214599609375,0.2230987548828125,0.2506866455078125
4618,768_1024_2560_2816,MSAVI,65536,34993,22911.0,57904.0,7632.0,worst,0.5339508056640625,0.3495941162109375,0.116455078125
4619,768_1024_2816_3072,MSAVI,65536,34193,19952.0,54145.0,11391.0,worst,0.5217437744140625,0.304443359375,0.1738128662109375
4620,768_1024_3072_3328,MSAVI,65536,43056,10817.0,53873.0,11663.0,worst,0.656982421875,0.1650543212890625,0.1779632568359375
4621,768_1024_3328_3584,MSAVI,65536,36335,15656.0,51991.0,13545.0,worst,0.5544281005859375,0.2388916015625,0.2066802978515625
4622,768_1024_3584_3840,MSAVI,65536,36109,16892.0,53001.0,12535.0,worst,0.5509796142578125,0.25775146484375,0.1912689208984375
4623,768_1024_3840_4096,MSAVI,65536,39157,11183.0,50340.0,15196.0,worst,0.5974884033203125,0.1706390380859375,0.23187255859375
4624,768_1024_4096_4352,MSAVI,65536,34967,11522.0,46489.0,19047.0,worst,0.5335540771484375,0.175811767578125,0.2906341552734375
4625,768_1024_4352_4608,MSAVI,65536,37055,18837.0,55892.0,9644.0,worst,0.5654144287109375,0.2874298095703125,0.14715576171875
4626,768_1024_4608_4864,MSAVI,65536,36234,21901.0,58135.0,7401.0,worst,0.552886962890625,0.3341827392578125,0.1129302978515625
4627,768_1024_4864_5120,MSAVI,65536,40592,22169.0,62761.0,2775.0,worst,0.619384765625,0.3382720947265625,0.0423431396484375
4628,768_1024_5120_5376,MSAVI,65536,30519,3031.0,33550.0,31986.0,worst,0.4656829833984375,0.0462493896484375,0.488067626953125
4629,768_1024_5376_5632,MSAVI,65536,35644,19640.0,55284.0,10252.0,worst,0.54388427734375,0.2996826171875,0.15643310546875
4630,768_1024_5632_5888,MSAVI,65536,38398,22967.0,61365.0,4171.0,worst,0.585906982421875,0.3504486083984375,0.0636444091796875
4631,768_1024_5888_6144,MSAVI,65536,32879,21622.0,54501.0,11035.0,worst,0.5016937255859375,0.329925537109375,0.1683807373046875
4632,768_1024_6144_6400,MSAVI,65536,38931,17778.0,56709.0,8827.0,worst,0.5940399169921875,0.271270751953125,0.1346893310546875
4633,768_1024_6400_6656,MSAVI,65536,26824,23295.0,50119.0,15417.0,worst,0.4093017578125,0.3554534912109375,0.2352447509765625
4634,768_1024_6656_6912,MSAVI,65536,39190,21150.0,60340.0,5196.0,worst,0.597991943359375,0.322723388671875,0.07928466796875
4635,768_1024_6912_7168,MSAVI,65536,29091,17768.0,46859.0,18677.0,worst,0.4438934326171875,0.2711181640625,0.2849884033203125
4636,768_1024_7168_7424,MSAVI,65536,30367,15074.0,45441.0,20095.0,worst,0.4633636474609375,0.230010986328125,0.3066253662109375
4637,768_1024_7424_7680,MSAVI,65536,35446,25289.0,60735.0,4801.0,worst,0.540863037109375,0.3858795166015625,0.0732574462890625
4638,768_1024_7680_7936,MSAVI,65536,38064,19843.0,57907.0,7629.0,worst,0.580810546875,0.3027801513671875,0.1164093017578125
4639,768_1024_7936_8192,MSAVI,65536,35337,18702.0,54039.0,11497.0,worst,0.5391998291015625,0.285369873046875,0.1754302978515625
4640,768_1024_8192_8448,MSAVI,65536,33770,16014.0,49784.0,15752.0,worst,0.515289306640625,0.244354248046875,0.2403564453125
4641,768_1024_8448_8704,MSAVI,65536,32297,16902.0,49199.0,16337.0,worst,0.4928131103515625,0.257904052734375,0.2492828369140625
4642,1024_1280_256_512,MSAVI,65536,49527,13081.0,62608.0,2928.0,worst,0.7557220458984375,0.1996002197265625,0.044677734375
4643,1024_1280_512_768,MSAVI,65536,54623,10077.0,64700.0,836.0,worst,0.8334808349609375,0.1537628173828125,0.01275634765625
4644,1024_1280_768_1024,MSAVI,65536,39316,21284.0,60600.0,4936.0,worst,0.59991455078125,0.32476806640625,0.0753173828125
4645,1024_1280_1024_1280,MSAVI,65536,34282,15834.0,50116.0,15420.0,worst,0.523101806640625,0.241607666015625,0.23529052734375
4646,1024_1280_1280_1536,MSAVI,65536,38108,20202.0,58310.0,7226.0,worst,0.58148193359375,0.308258056640625,0.110260009765625
4647,1024_1280_1536_1792,MSAVI,65536,42783,11960.0,54743.0,10793.0,worst,0.6528167724609375,0.1824951171875,0.1646881103515625
4648,1024_1280_1792_2048,MSAVI,65536,47938,14431.0,62369.0,3167.0,worst,0.731475830078125,0.2201995849609375,0.0483245849609375
4649,1024_1280_2048_2304,MSAVI,65536,37336,25619.0,62955.0,2581.0,worst,0.5697021484375,0.3909149169921875,0.0393829345703125
4650,1024_1280_2304_2560,MSAVI,65536,33791,11959.0,45750.0,19786.0,worst,0.5156097412109375,0.1824798583984375,0.301910400390625
4651,1024_1280_2560_2816,MSAVI,65536,36544,15558.0,52102.0,13434.0,worst,0.5576171875,0.237396240234375,0.204986572265625
4652,1024_1280_2816_3072,MSAVI,65536,37571,9787.0,47358.0,18178.0,worst,0.5732879638671875,0.1493377685546875,0.277374267578125
4653,1024_1280_3072_3328,MSAVI,65536,43193,10503.0,53696.0,11840.0,worst,0.6590728759765625,0.1602630615234375,0.1806640625
4654,1024_1280_3328_3584,MSAVI,65536,39441,20210.0,59651.0,5885.0,worst,0.6018218994140625,0.308380126953125,0.0897979736328125
4655,1024_1280_3584_3840,MSAVI,65536,44763,14560.0,59323.0,6213.0,worst,0.6830291748046875,0.22216796875,0.0948028564453125
4656,1024_1280_3840_4096,MSAVI,65536,50382,6537.0,56919.0,8617.0,worst,0.768768310546875,0.0997467041015625,0.1314849853515625
4657,1024_1280_4096_4352,MSAVI,65536,34478,12088.0,46566.0,18970.0,worst,0.526092529296875,0.1844482421875,0.289459228515625
4658,1024_1280_4352_4608,MSAVI,65536,35419,16510.0,51929.0,13607.0,worst,0.5404510498046875,0.251922607421875,0.2076263427734375
4659,1024_1280_4608_4864,MSAVI,65536,32182,27382.0,59564.0,5972.0,worst,0.491058349609375,0.417816162109375,0.09112548828125
4660,1024_1280_4864_5120,MSAVI,65536,32327,14703.0,47030.0,18506.0,worst,0.4932708740234375,0.2243499755859375,0.282379150390625
4661,1024_1280_5120_5376,MSAVI,65536,34516,19407.0,53923.0,11613.0,worst,0.52667236328125,0.2961273193359375,0.1772003173828125
4662,1024_1280_5376_5632,MSAVI,65536,33099,13846.0,46945.0,18591.0,worst,0.5050506591796875,0.211273193359375,0.2836761474609375
4663,1024_1280_5632_5888,MSAVI,65536,39460,20222.0,59682.0,5854.0,worst,0.60211181640625,0.308563232421875,0.089324951171875
4664,1024_1280_5888_6144,MSAVI,65536,35975,17888.0,53863.0,11673.0,worst,0.5489349365234375,0.27294921875,0.1781158447265625
4665,1024_1280_6144_6400,MSAVI,65536,40428,19535.0,59963.0,5573.0,worst,0.61688232421875,0.2980804443359375,0.0850372314453125
4666,1024_1280_6400_6656,MSAVI,65536,33187,13859.0,47046.0,18490.0,worst,0.5063934326171875,0.2114715576171875,0.282135009765625
4667,1024_1280_6656_6912,MSAVI,65536,36092,17118.0,53210.0,12326.0,worst,0.55072021484375,0.261199951171875,0.188079833984375
4668,1024_1280_6912_7168,MSAVI,65536,29697,20684.0,50381.0,15155.0,worst,0.4531402587890625,0.31561279296875,0.2312469482421875
4669,1024_1280_7168_7424,MSAVI,65536,31058,17466.0,48524.0,17012.0,worst,0.473907470703125,0.266510009765625,0.25958251953125
4670,1024_1280_7424_7680,MSAVI,65536,35641,17364.0,53005.0,12531.0,worst,0.5438385009765625,0.26495361328125,0.1912078857421875
4671,1024_1280_7680_7936,MSAVI,65536,33329,24164.0,57493.0,8043.0,worst,0.5085601806640625,0.36871337890625,0.1227264404296875
4672,1024_1280_7936_8192,MSAVI,65536,32529,23241.0,55770.0,9766.0,worst,0.4963531494140625,0.3546295166015625,0.149017333984375
4673,1024_1280_8192_8448,MSAVI,65536,34468,15837.0,50305.0,15231.0,worst,0.52593994140625,0.2416534423828125,0.2324066162109375
4674,1024_1280_8448_8704,MSAVI,65536,35118,13027.0,48145.0,17391.0,worst,0.535858154296875,0.1987762451171875,0.2653656005859375
4675,1280_1536_256_512,MSAVI,65536,40611,18819.0,59430.0,6106.0,worst,0.6196746826171875,0.2871551513671875,0.093170166015625
4676,1280_1536_512_768,MSAVI,65536,36191,27669.0,63860.0,1676.0,worst,0.5522308349609375,0.4221954345703125,0.02557373046875
4677,1280_1536_768_1024,MSAVI,65536,39326,21872.0,61198.0,4338.0,worst,0.600067138671875,0.333740234375,0.066192626953125
4678,1280_1536_1024_1280,MSAVI,65536,40255,18677.0,58932.0,6604.0,worst,0.6142425537109375,0.2849884033203125,0.10076904296875
4679,1280_1536_1280_1536,MSAVI,65536,35789,15769.0,51558.0,13978.0,worst,0.5460968017578125,0.2406158447265625,0.213287353515625
4680,1280_1536_1536_1792,MSAVI,65536,38697,17827.0,56524.0,9012.0,worst,0.5904693603515625,0.2720184326171875,0.13751220703125
4681,1280_1536_1792_2048,MSAVI,65536,38661,10034.0,48695.0,16841.0,worst,0.5899200439453125,0.153106689453125,0.2569732666015625
4682,1280_1536_2048_2304,MSAVI,65536,44871,12224.0,57095.0,8441.0,worst,0.6846771240234375,0.1865234375,0.1287994384765625
4683,1280_1536_2304_2560,MSAVI,65536,36430,14235.0,50665.0,14871.0,worst,0.555877685546875,0.2172088623046875,0.2269134521484375
4684,1280_1536_2560_2816,MSAVI,65536,37699,21373.0,59072.0,6464.0,worst,0.5752410888671875,0.3261260986328125,0.0986328125
4685,1280_1536_2816_3072,MSAVI,65536,32785,21000.0,53785.0,11751.0,worst,0.5002593994140625,0.3204345703125,0.1793060302734375
4686,1280_1536_3072_3328,MSAVI,65536,36388,8342.0,44730.0,20806.0,worst,0.55523681640625,0.127288818359375,0.317474365234375
4687,1280_1536_3328_3584,MSAVI,65536,40155,12076.0,52231.0,13305.0,worst,0.6127166748046875,0.18426513671875,0.2030181884765625
4688,1280_1536_3584_3840,MSAVI,65536,43221,16108.0,59329.0,6207.0,worst,0.6595001220703125,0.24578857421875,0.0947113037109375
4689,1280_1536_3840_4096,MSAVI,65536,39010,10497.0,49507.0,16029.0,worst,0.595245361328125,0.1601715087890625,0.2445831298828125
4690,1280_1536_4096_4352,MSAVI,65536,34775,10095.0,44870.0,20666.0,worst,0.5306243896484375,0.1540374755859375,0.315338134765625
4691,1280_1536_4352_4608,MSAVI,65536,31486,15097.0,46583.0,18953.0,worst,0.480438232421875,0.2303619384765625,0.2891998291015625
4692,1280_1536_4608_4864,MSAVI,65536,33903,19381.0,53284.0,12252.0,worst,0.5173187255859375,0.2957305908203125,0.18695068359375
4693,1280_1536_4864_5120,MSAVI,65536,39246,11199.0,50445.0,15091.0,worst,0.598846435546875,0.1708831787109375,0.2302703857421875
4694,1280_1536_5120_5376,MSAVI,65536,36046,9019.0,45065.0,20471.0,worst,0.550018310546875,0.1376190185546875,0.3123626708984375
4695,1280_1536_5376_5632,MSAVI,65536,33572,14289.0,47861.0,17675.0,worst,0.51226806640625,0.2180328369140625,0.2696990966796875
4696,1280_1536_5632_5888,MSAVI,65536,36057,18216.0,54273.0,11263.0,worst,0.5501861572265625,0.2779541015625,0.1718597412109375
4697,1280_1536_5888_6144,MSAVI,65536,33521,9928.0,43449.0,22087.0,worst,0.5114898681640625,0.1514892578125,0.3370208740234375
4698,1280_1536_6144_6400,MSAVI,65536,35754,9682.0,45436.0,20100.0,worst,0.545562744140625,0.147735595703125,0.30670166015625
4699,1280_1536_6400_6656,MSAVI,65536,37860,15998.0,53858.0,11678.0,worst,0.57769775390625,0.244110107421875,0.178192138671875
4700,1280_1536_6656_6912,MSAVI,65536,30788,27513.0,58301.0,7235.0,worst,0.46978759765625,0.4198150634765625,0.1103973388671875
4701,1280_1536_6912_7168,MSAVI,65536,32749,18184.0,50933.0,14603.0,worst,0.4997100830078125,0.2774658203125,0.2228240966796875
4702,1280_1536_7168_7424,MSAVI,65536,33700,14737.0,48437.0,17099.0,worst,0.51422119140625,0.2248687744140625,0.2609100341796875
4703,1280_1536_7424_7680,MSAVI,65536,38425,18963.0,57388.0,8148.0,worst,0.5863189697265625,0.2893524169921875,0.12432861328125
4704,1280_1536_7680_7936,MSAVI,65536,40031,16489.0,56520.0,9016.0,worst,0.6108245849609375,0.2516021728515625,0.1375732421875
4705,1280_1536_7936_8192,MSAVI,65536,32794,20775.0,53569.0,11967.0,worst,0.500396728515625,0.3170013427734375,0.1826019287109375
4706,1280_1536_8192_8448,MSAVI,65536,35431,15420.0,50851.0,14685.0,worst,0.5406341552734375,0.23529052734375,0.2240753173828125
4707,1280_1536_8448_8704,MSAVI,65536,34642,15159.0,49801.0,15735.0,worst,0.528594970703125,0.2313079833984375,0.2400970458984375
4708,1536_1792_256_512,MSAVI,65536,39732,11268.0,51000.0,14536.0,worst,0.60626220703125,0.17193603515625,0.2218017578125
4709,1536_1792_512_768,MSAVI,65536,32838,34889.0,67727.0,-2191.0,worst,0.501068115234375,0.5323638916015625,-0.0334320068359375
4710,1536_1792_768_1024,MSAVI,65536,36888,28416.0,65304.0,232.0,worst,0.5628662109375,0.43359375,0.0035400390625
4711,1536_1792_1024_1280,MSAVI,65536,36432,21893.0,58325.0,7211.0,worst,0.555908203125,0.3340606689453125,0.1100311279296875
4712,1536_1792_1280_1536,MSAVI,65536,34191,16160.0,50351.0,15185.0,worst,0.5217132568359375,0.24658203125,0.2317047119140625
4713,1536_1792_1536_1792,MSAVI,65536,35244,13940.0,49184.0,16352.0,worst,0.53778076171875,0.21270751953125,0.24951171875
4714,1536_1792_1792_2048,MSAVI,65536,38676,16750.0,55426.0,10110.0,worst,0.59014892578125,0.255584716796875,0.154266357421875
4715,1536_1792_2048_2304,MSAVI,65536,39290,20580.0,59870.0,5666.0,worst,0.599517822265625,0.31402587890625,0.086456298828125
4716,1536_1792_2304_2560,MSAVI,65536,38699,19568.0,58267.0,7269.0,worst,0.5904998779296875,0.298583984375,0.1109161376953125
4717,1536_1792_2560_2816,MSAVI,65536,28302,591.0,28893.0,36643.0,worst,0.431854248046875,0.0090179443359375,0.5591278076171875
4718,1536_1792_2816_3072,MSAVI,65536,29920,15984.0,45904.0,19632.0,worst,0.45654296875,0.243896484375,0.299560546875
4719,1536_1792_3072_3328,MSAVI,65536,36425,15027.0,51452.0,14084.0,worst,0.5558013916015625,0.2292938232421875,0.21490478515625
4720,1536_1792_3328_3584,MSAVI,65536,30435,11523.0,41958.0,23578.0,worst,0.4644012451171875,0.1758270263671875,0.359771728515625
4721,1536_1792_3584_3840,MSAVI,65536,40758,16075.0,56833.0,8703.0,worst,0.621917724609375,0.2452850341796875,0.1327972412109375
4722,1536_1792_3840_4096,MSAVI,65536,48811,10402.0,59213.0,6323.0,worst,0.7447967529296875,0.158721923828125,0.0964813232421875
4723,1536_1792_4096_4352,MSAVI,65536,42393,8087.0,50480.0,15056.0,worst,0.6468658447265625,0.1233978271484375,0.229736328125
4724,1536_1792_4352_4608,MSAVI,65536,39531,13698.0,53229.0,12307.0,worst,0.6031951904296875,0.209014892578125,0.1877899169921875
4725,1536_1792_4608_4864,MSAVI,65536,36360,13995.0,50355.0,15181.0,worst,0.5548095703125,0.2135467529296875,0.2316436767578125
4726,1536_1792_4864_5120,MSAVI,65536,38557,10424.0,48981.0,16555.0,worst,0.5883331298828125,0.1590576171875,0.2526092529296875
4727,1536_1792_5120_5376,MSAVI,65536,37782,6855.0,44637.0,20899.0,worst,0.576507568359375,0.1045989990234375,0.3188934326171875
4728,1536_1792_5376_5632,MSAVI,65536,34407,15162.0,49569.0,15967.0,worst,0.5250091552734375,0.231353759765625,0.2436370849609375
4729,1536_1792_5632_5888,MSAVI,65536,34001,19212.0,53213.0,12323.0,worst,0.5188140869140625,0.29315185546875,0.1880340576171875
4730,1536_1792_5888_6144,MSAVI,65536,31448,20799.0,52247.0,13289.0,worst,0.4798583984375,0.3173675537109375,0.2027740478515625
4731,1536_1792_6144_6400,MSAVI,65536,36764,16585.0,53349.0,12187.0,worst,0.56097412109375,0.2530670166015625,0.1859588623046875
4732,1536_1792_6400_6656,MSAVI,65536,42353,13927.0,56280.0,9256.0,worst,0.6462554931640625,0.2125091552734375,0.1412353515625
4733,1536_1792_6656_6912,MSAVI,65536,37336,15857.0,53193.0,12343.0,worst,0.5697021484375,0.2419586181640625,0.1883392333984375
4734,1536_1792_6912_7168,MSAVI,65536,32655,17618.0,50273.0,15263.0,worst,0.4982757568359375,0.268829345703125,0.2328948974609375
4735,1536_1792_7168_7424,MSAVI,65536,35407,16403.0,51810.0,13726.0,worst,0.5402679443359375,0.2502899169921875,0.209442138671875
4736,1536_1792_7424_7680,MSAVI,65536,34423,23667.0,58090.0,7446.0,worst,0.5252532958984375,0.3611297607421875,0.113616943359375
4737,1536_1792_7680_7936,MSAVI,65536,42176,17121.0,59297.0,6239.0,worst,0.6435546875,0.2612457275390625,0.0951995849609375
4738,1536_1792_7936_8192,MSAVI,65536,36121,20061.0,56182.0,9354.0,worst,0.5511627197265625,0.3061065673828125,0.142730712890625
4739,1536_1792_8192_8448,MSAVI,65536,32441,15576.0,48017.0,17519.0,worst,0.4950103759765625,0.2376708984375,0.2673187255859375
4740,1536_1792_8448_8704,MSAVI,65536,33740,13974.0,47714.0,17822.0,worst,0.51483154296875,0.213226318359375,0.271942138671875
4741,1792_2048_256_512,MSAVI,65536,30629,17047.0,47676.0,17860.0,worst,0.4673614501953125,0.2601165771484375,0.27252197265625
4742,1792_2048_512_768,MSAVI,65536,34719,17666.0,52385.0,13151.0,worst,0.5297698974609375,0.269561767578125,0.2006683349609375
4743,1792_2048_768_1024,MSAVI,65536,37781,24449.0,62230.0,3306.0,worst,0.5764923095703125,0.3730621337890625,0.050445556640625
4744,1792_2048_1024_1280,MSAVI,65536,38337,23457.0,61794.0,3742.0,worst,0.5849761962890625,0.3579254150390625,0.057098388671875
4745,1792_2048_1280_1536,MSAVI,65536,37449,22215.0,59664.0,5872.0,worst,0.5714263916015625,0.3389739990234375,0.089599609375
4746,1792_2048_1536_1792,MSAVI,65536,29963,14468.0,44431.0,21105.0,worst,0.4571990966796875,0.22076416015625,0.3220367431640625
4747,1792_2048_1792_2048,MSAVI,65536,37968,13143.0,51111.0,14425.0,worst,0.579345703125,0.2005462646484375,0.2201080322265625
4748,1792_2048_2048_2304,MSAVI,65536,34631,28648.0,63279.0,2257.0,worst,0.5284271240234375,0.4371337890625,0.0344390869140625
4749,1792_2048_2304_2560,MSAVI,65536,50209,14268.0,64477.0,1059.0,worst,0.7661285400390625,0.21771240234375,0.0161590576171875
4750,1792_2048_2560_2816,MSAVI,65536,37735,9125.0,46860.0,18676.0,worst,0.5757904052734375,0.1392364501953125,0.28497314453125
4751,1792_2048_2816_3072,MSAVI,65536,47272,14328.0,61600.0,3936.0,worst,0.7213134765625,0.2186279296875,0.06005859375
4752,1792_2048_3072_3328,MSAVI,65536,34134,14211.0,48345.0,17191.0,worst,0.520843505859375,0.2168426513671875,0.2623138427734375
4753,1792_2048_3328_3584,MSAVI,65536,36105,27126.0,63231.0,2305.0,worst,0.5509185791015625,0.413909912109375,0.0351715087890625
4754,1792_2048_3584_3840,MSAVI,65536,40837,14230.0,55067.0,10469.0,worst,0.6231231689453125,0.217132568359375,0.1597442626953125
4755,1792_2048_3840_4096,MSAVI,65536,44723,11077.0,55800.0,9736.0,worst,0.6824188232421875,0.1690216064453125,0.1485595703125
4756,1792_2048_4096_4352,MSAVI,65536,41762,10017.0,51779.0,13757.0,worst,0.637237548828125,0.1528472900390625,0.2099151611328125
4757,1792_2048_4352_4608,MSAVI,65536,40319,15019.0,55338.0,10198.0,worst,0.6152191162109375,0.2291717529296875,0.155609130859375
4758,1792_2048_4608_4864,MSAVI,65536,44483,15230.0,59713.0,5823.0,worst,0.6787567138671875,0.232391357421875,0.0888519287109375
4759,1792_2048_4864_5120,MSAVI,65536,36922,18269.0,55191.0,10345.0,worst,0.563385009765625,0.2787628173828125,0.1578521728515625
4760,1792_2048_5120_5376,MSAVI,65536,34722,11244.0,45966.0,19570.0,worst,0.529815673828125,0.17156982421875,0.298614501953125
4761,1792_2048_5376_5632,MSAVI,65536,34686,20169.0,54855.0,10681.0,worst,0.529266357421875,0.3077545166015625,0.1629791259765625
4762,1792_2048_5632_5888,MSAVI,65536,33876,15138.0,49014.0,16522.0,worst,0.51690673828125,0.230987548828125,0.252105712890625
4763,1792_2048_5888_6144,MSAVI,65536,35756,18406.0,54162.0,11374.0,worst,0.54559326171875,0.280853271484375,0.173553466796875
4764,1792_2048_6144_6400,MSAVI,65536,36117,10838.0,46955.0,18581.0,worst,0.5511016845703125,0.165374755859375,0.2835235595703125
4765,1792_2048_6400_6656,MSAVI,65536,38229,10426.0,48655.0,16881.0,worst,0.5833282470703125,0.159088134765625,0.2575836181640625
4766,1792_2048_6656_6912,MSAVI,65536,35025,19792.0,54817.0,10719.0,worst,0.5344390869140625,0.302001953125,0.1635589599609375
4767,1792_2048_6912_7168,MSAVI,65536,32877,14440.0,47317.0,18219.0,worst,0.5016632080078125,0.2203369140625,0.2779998779296875
4768,1792_2048_7168_7424,MSAVI,65536,35008,12205.0,47213.0,18323.0,worst,0.5341796875,0.1862335205078125,0.2795867919921875
4769,1792_2048_7424_7680,MSAVI,65536,32732,19062.0,51794.0,13742.0,worst,0.49945068359375,0.290863037109375,0.209686279296875
4770,1792_2048_7680_7936,MSAVI,65536,37494,19515.0,57009.0,8527.0,worst,0.572113037109375,0.2977752685546875,0.1301116943359375
4771,1792_2048_7936_8192,MSAVI,65536,27345,30717.0,58062.0,7474.0,worst,0.4172515869140625,0.4687042236328125,0.114044189453125
4772,1792_2048_8192_8448,MSAVI,65536,30551,24234.0,54785.0,10751.0,worst,0.4661712646484375,0.369781494140625,0.1640472412109375
4773,1792_2048_8448_8704,MSAVI,65536,29441,20051.0,49492.0,16044.0,worst,0.4492340087890625,0.3059539794921875,0.24481201171875
4774,2048_2304_256_512,MSAVI,65536,39657,13963.0,53620.0,11916.0,worst,0.6051177978515625,0.2130584716796875,0.18182373046875
4775,2048_2304_512_768,MSAVI,65536,39594,23389.0,62983.0,2553.0,worst,0.604156494140625,0.3568878173828125,0.0389556884765625
4776,2048_2304_768_1024,MSAVI,65536,45356,16135.0,61491.0,4045.0,worst,0.69207763671875,0.2462005615234375,0.0617218017578125
4777,2048_2304_1024_1280,MSAVI,65536,35030,18327.0,53357.0,12179.0,worst,0.534515380859375,0.2796478271484375,0.1858367919921875
4778,2048_2304_1280_1536,MSAVI,65536,37123,12150.0,49273.0,16263.0,worst,0.5664520263671875,0.185394287109375,0.2481536865234375
4779,2048_2304_1536_1792,MSAVI,65536,29481,17797.0,47278.0,18258.0,worst,0.4498443603515625,0.2715606689453125,0.278594970703125
4780,2048_2304_1792_2048,MSAVI,65536,35641,11304.0,46945.0,18591.0,worst,0.5438385009765625,0.1724853515625,0.2836761474609375
4781,2048_2304_2048_2304,MSAVI,65536,35062,23970.0,59032.0,6504.0,worst,0.535003662109375,0.365753173828125,0.0992431640625
4782,2048_2304_2304_2560,MSAVI,65536,31526,25637.0,57163.0,8373.0,worst,0.481048583984375,0.3911895751953125,0.1277618408203125
4783,2048_2304_2560_2816,MSAVI,65536,42447,10705.0,53152.0,12384.0,worst,0.6476898193359375,0.1633453369140625,0.18896484375
4784,2048_2304_2816_3072,MSAVI,65536,47410,5826.0,53236.0,12300.0,worst,0.723419189453125,0.088897705078125,0.18768310546875
4785,2048_2304_3072_3328,MSAVI,65536,39483,8004.0,47487.0,18049.0,worst,0.6024627685546875,0.12213134765625,0.2754058837890625
4786,2048_2304_3328_3584,MSAVI,65536,49918,7095.0,57013.0,8523.0,worst,0.761688232421875,0.1082611083984375,0.1300506591796875
4787,2048_2304_3584_3840,MSAVI,65536,45288,11528.0,56816.0,8720.0,worst,0.6910400390625,0.1759033203125,0.133056640625
4788,2048_2304_3840_4096,MSAVI,65536,37450,8410.0,45860.0,19676.0,worst,0.571441650390625,0.128326416015625,0.30023193359375
4789,2048_2304_4096_4352,MSAVI,65536,35480,16930.0,52410.0,13126.0,worst,0.5413818359375,0.258331298828125,0.200286865234375
4790,2048_2304_4352_4608,MSAVI,65536,45622,13468.0,59090.0,6446.0,worst,0.696136474609375,0.20550537109375,0.098358154296875
4791,2048_2304_4608_4864,MSAVI,65536,37843,22508.0,60351.0,5185.0,worst,0.5774383544921875,0.34344482421875,0.0791168212890625
4792,2048_2304_4864_5120,MSAVI,65536,45772,13960.0,59732.0,5804.0,worst,0.69842529296875,0.2130126953125,0.08856201171875
4793,2048_2304_5120_5376,MSAVI,65536,35818,12165.0,47983.0,17553.0,worst,0.546539306640625,0.1856231689453125,0.2678375244140625
4794,2048_2304_5376_5632,MSAVI,65536,33505,16758.0,50263.0,15273.0,worst,0.5112457275390625,0.255706787109375,0.2330474853515625
4795,2048_2304_5632_5888,MSAVI,65536,33681,15953.0,49634.0,15902.0,worst,0.5139312744140625,0.2434234619140625,0.242645263671875
4796,2048_2304_5888_6144,MSAVI,65536,34619,18836.0,53455.0,12081.0,worst,0.5282440185546875,0.28741455078125,0.1843414306640625
4797,2048_2304_6144_6400,MSAVI,65536,36749,11308.0,48057.0,17479.0,worst,0.5607452392578125,0.17254638671875,0.2667083740234375
4798,2048_2304_6400_6656,MSAVI,65536,45423,12604.0,58027.0,7509.0,worst,0.6930999755859375,0.19232177734375,0.1145782470703125
4799,2048_2304_6656_6912,MSAVI,65536,34179,18164.0,52343.0,13193.0,worst,0.5215301513671875,0.27716064453125,0.2013092041015625
4800,2048_2304_6912_7168,MSAVI,65536,33922,12694.0,46616.0,18920.0,worst,0.517608642578125,0.193695068359375,0.2886962890625
4801,2048_2304_7168_7424,MSAVI,65536,34240,9845.0,44085.0,21451.0,worst,0.5224609375,0.1502227783203125,0.3273162841796875
4802,2048_2304_7424_7680,MSAVI,65536,37063,15623.0,52686.0,12850.0,worst,0.5655364990234375,0.2383880615234375,0.196075439453125
4803,2048_2304_7680_7936,MSAVI,65536,37956,19957.0,57913.0,7623.0,worst,0.57916259765625,0.3045196533203125,0.1163177490234375
4804,2048_2304_7936_8192,MSAVI,65536,34258,21962.0,56220.0,9316.0,worst,0.522735595703125,0.335113525390625,0.14215087890625
4805,2048_2304_8192_8448,MSAVI,65536,32819,16215.0,49034.0,16502.0,worst,0.5007781982421875,0.2474212646484375,0.251800537109375
4806,2048_2304_8448_8704,MSAVI,65536,36070,12201.0,48271.0,17265.0,worst,0.550384521484375,0.1861724853515625,0.2634429931640625
4807,2304_2560_256_512,MSAVI,65536,39166,12867.0,52033.0,13503.0,worst,0.597625732421875,0.1963348388671875,0.2060394287109375
4808,2304_2560_512_768,MSAVI,65536,46311,17361.0,63672.0,1864.0,worst,0.7066497802734375,0.2649078369140625,0.0284423828125
4809,2304_2560_768_1024,MSAVI,65536,42829,19462.0,62291.0,3245.0,worst,0.6535186767578125,0.296966552734375,0.0495147705078125
4810,2304_2560_1024_1280,MSAVI,65536,31540,14604.0,46144.0,19392.0,worst,0.48126220703125,0.22283935546875,0.2958984375
4811,2304_2560_1280_1536,MSAVI,65536,42734,13157.0,55891.0,9645.0,worst,0.652069091796875,0.2007598876953125,0.1471710205078125
4812,2304_2560_1536_1792,MSAVI,65536,29220,22386.0,51606.0,13930.0,worst,0.44586181640625,0.341583251953125,0.212554931640625
4813,2304_2560_1792_2048,MSAVI,65536,33338,13543.0,46881.0,18655.0,worst,0.508697509765625,0.2066497802734375,0.2846527099609375
4814,2304_2560_2048_2304,MSAVI,65536,41645,22285.0,63930.0,1606.0,worst,0.6354522705078125,0.3400421142578125,0.024505615234375
4815,2304_2560_2304_2560,MSAVI,65536,33657,19890.0,53547.0,11989.0,worst,0.5135650634765625,0.303497314453125,0.1829376220703125
4816,2304_2560_2560_2816,MSAVI,65536,33319,29337.0,62656.0,2880.0,worst,0.5084075927734375,0.4476470947265625,0.0439453125
4817,2304_2560_2816_3072,MSAVI,65536,37644,16997.0,54641.0,10895.0,worst,0.57440185546875,0.2593536376953125,0.1662445068359375
4818,2304_2560_3072_3328,MSAVI,65536,41129,7594.0,48723.0,16813.0,worst,0.6275787353515625,0.115875244140625,0.2565460205078125
4819,2304_2560_3328_3584,MSAVI,65536,46222,8770.0,54992.0,10544.0,worst,0.705291748046875,0.133819580078125,0.160888671875
4820,2304_2560_3584_3840,MSAVI,65536,45037,17317.0,62354.0,3182.0,worst,0.6872100830078125,0.2642364501953125,0.048553466796875
4821,2304_2560_3840_4096,MSAVI,65536,36850,13324.0,50174.0,15362.0,worst,0.562286376953125,0.20330810546875,0.234405517578125
4822,2304_2560_4096_4352,MSAVI,65536,41431,13150.0,54581.0,10955.0,worst,0.6321868896484375,0.200653076171875,0.1671600341796875
4823,2304_2560_4352_4608,MSAVI,65536,35347,18413.0,53760.0,11776.0,worst,0.5393524169921875,0.2809600830078125,0.1796875
4824,2304_2560_4608_4864,MSAVI,65536,35947,24774.0,60721.0,4815.0,worst,0.5485076904296875,0.378021240234375,0.0734710693359375
4825,2304_2560_4864_5120,MSAVI,65536,35818,16278.0,52096.0,13440.0,worst,0.546539306640625,0.248382568359375,0.205078125
4826,2304_2560_5120_5376,MSAVI,65536,33358,15786.0,49144.0,16392.0,worst,0.509002685546875,0.240875244140625,0.2501220703125
4827,2304_2560_5376_5632,MSAVI,65536,33488,15345.0,48833.0,16703.0,worst,0.510986328125,0.2341461181640625,0.2548675537109375
4828,2304_2560_5632_5888,MSAVI,65536,36284,16876.0,53160.0,12376.0,worst,0.55364990234375,0.25750732421875,0.1888427734375
4829,2304_2560_5888_6144,MSAVI,65536,34388,14962.0,49350.0,16186.0,worst,0.52471923828125,0.228302001953125,0.246978759765625
4830,2304_2560_6144_6400,MSAVI,65536,35057,11335.0,46392.0,19144.0,worst,0.5349273681640625,0.1729583740234375,0.2921142578125
4831,2304_2560_6400_6656,MSAVI,65536,35471,13762.0,49233.0,16303.0,worst,0.5412445068359375,0.209991455078125,0.2487640380859375
4832,2304_2560_6656_6912,MSAVI,65536,46779,15619.0,62398.0,3138.0,worst,0.7137908935546875,0.2383270263671875,0.047882080078125
4833,2304_2560_6912_7168,MSAVI,65536,34140,12579.0,46719.0,18817.0,worst,0.52093505859375,0.1919403076171875,0.2871246337890625
4834,2304_2560_7168_7424,MSAVI,65536,35455,13822.0,49277.0,16259.0,worst,0.5410003662109375,0.210906982421875,0.2480926513671875
4835,2304_2560_7424_7680,MSAVI,65536,38943,19984.0,58927.0,6609.0,worst,0.5942230224609375,0.304931640625,0.1008453369140625
4836,2304_2560_7680_7936,MSAVI,65536,39167,15701.0,54868.0,10668.0,worst,0.5976409912109375,0.2395782470703125,0.16278076171875
4837,2304_2560_7936_8192,MSAVI,65536,32696,17277.0,49973.0,15563.0,worst,0.4989013671875,0.2636260986328125,0.2374725341796875
4838,2304_2560_8192_8448,MSAVI,65536,32987,14475.0,47462.0,18074.0,worst,0.5033416748046875,0.2208709716796875,0.275787353515625
4839,2304_2560_8448_8704,MSAVI,65536,33141,14508.0,47649.0,17887.0,worst,0.5056915283203125,0.22137451171875,0.2729339599609375
4840,2560_2816_256_512,MSAVI,65536,42990,4987.0,47977.0,17559.0,worst,0.655975341796875,0.0760955810546875,0.2679290771484375
4841,2560_2816_512_768,MSAVI,65536,37034,6484.0,43518.0,22018.0,worst,0.565093994140625,0.09893798828125,0.335968017578125
4842,2560_2816_768_1024,MSAVI,65536,43801,17104.0,60905.0,4631.0,worst,0.6683502197265625,0.260986328125,0.0706634521484375
4843,2560_2816_1024_1280,MSAVI,65536,41848,16030.0,57878.0,7658.0,worst,0.6385498046875,0.244598388671875,0.116851806640625
4844,2560_2816_1280_1536,MSAVI,65536,40483,19617.0,60100.0,5436.0,worst,0.6177215576171875,0.2993316650390625,0.08294677734375
4845,2560_2816_1536_1792,MSAVI,65536,40457,11028.0,51485.0,14051.0,worst,0.6173248291015625,0.16827392578125,0.2144012451171875
4846,2560_2816_1792_2048,MSAVI,65536,35112,30993.0,66105.0,-569.0,worst,0.5357666015625,0.4729156494140625,-0.0086822509765625
4847,2560_2816_2048_2304,MSAVI,65536,32182,30799.0,62981.0,2555.0,worst,0.491058349609375,0.4699554443359375,0.0389862060546875
4848,2560_2816_2304_2560,MSAVI,65536,32189,32445.0,64634.0,902.0,worst,0.4911651611328125,0.4950714111328125,0.013763427734375
4849,2560_2816_2560_2816,MSAVI,65536,38620,20064.0,58684.0,6852.0,worst,0.58929443359375,0.30615234375,0.10455322265625
4850,2560_2816_2816_3072,MSAVI,65536,37854,16873.0,54727.0,10809.0,worst,0.577606201171875,0.2574615478515625,0.1649322509765625
4851,2560_2816_3072_3328,MSAVI,65536,34962,13131.0,48093.0,17443.0,worst,0.533477783203125,0.2003631591796875,0.2661590576171875
4852,2560_2816_3328_3584,MSAVI,65536,45443,16327.0,61770.0,3766.0,worst,0.6934051513671875,0.2491302490234375,0.057464599609375
4853,2560_2816_3584_3840,MSAVI,65536,61135,2983.0,64118.0,1418.0,worst,0.9328460693359375,0.0455169677734375,0.021636962890625
4854,2560_2816_3840_4096,MSAVI,65536,41871,8980.0,50851.0,14685.0,worst,0.6389007568359375,0.13702392578125,0.2240753173828125
4855,2560_2816_4096_4352,MSAVI,65536,34545,10650.0,45195.0,20341.0,worst,0.5271148681640625,0.162506103515625,0.3103790283203125
4856,2560_2816_4352_4608,MSAVI,65536,43380,15116.0,58496.0,7040.0,worst,0.66192626953125,0.23065185546875,0.107421875
4857,2560_2816_4608_4864,MSAVI,65536,32359,23692.0,56051.0,9485.0,worst,0.4937591552734375,0.36151123046875,0.1447296142578125
4858,2560_2816_4864_5120,MSAVI,65536,43452,16990.0,60442.0,5094.0,worst,0.66302490234375,0.259246826171875,0.077728271484375
4859,2560_2816_5120_5376,MSAVI,65536,33878,13394.0,47272.0,18264.0,worst,0.516937255859375,0.204376220703125,0.2786865234375
4860,2560_2816_5376_5632,MSAVI,65536,32266,15163.0,47429.0,18107.0,worst,0.492340087890625,0.2313690185546875,0.2762908935546875
4861,2560_2816_5632_5888,MSAVI,65536,33092,17509.0,50601.0,14935.0,worst,0.50494384765625,0.2671661376953125,0.2278900146484375
4862,2560_2816_5888_6144,MSAVI,65536,34346,11275.0,45621.0,19915.0,worst,0.524078369140625,0.1720428466796875,0.3038787841796875
4863,2560_2816_6144_6400,MSAVI,65536,34154,14002.0,48156.0,17380.0,worst,0.521148681640625,0.213653564453125,0.26519775390625
4864,2560_2816_6400_6656,MSAVI,65536,42814,13082.0,55896.0,9640.0,worst,0.653289794921875,0.199615478515625,0.1470947265625
4865,2560_2816_6656_6912,MSAVI,65536,40372,18220.0,58592.0,6944.0,worst,0.61602783203125,0.27801513671875,0.10595703125
4866,2560_2816_6912_7168,MSAVI,65536,33828,16080.0,49908.0,15628.0,worst,0.51617431640625,0.245361328125,0.23846435546875
4867,2560_2816_7168_7424,MSAVI,65536,32666,9654.0,42320.0,23216.0,worst,0.498443603515625,0.147308349609375,0.354248046875
4868,2560_2816_7424_7680,MSAVI,65536,52104,10169.0,62273.0,3263.0,worst,0.7950439453125,0.1551666259765625,0.0497894287109375
4869,2560_2816_7680_7936,MSAVI,65536,36049,18897.0,54946.0,10590.0,worst,0.5500640869140625,0.2883453369140625,0.161590576171875
4870,2560_2816_7936_8192,MSAVI,65536,30688,17770.0,48458.0,17078.0,worst,0.46826171875,0.271148681640625,0.260589599609375
4871,2560_2816_8192_8448,MSAVI,65536,36015,15827.0,51842.0,13694.0,worst,0.5495452880859375,0.2415008544921875,0.208953857421875
4872,2560_2816_8448_8704,MSAVI,65536,33348,12337.0,45685.0,19851.0,worst,0.50885009765625,0.1882476806640625,0.3029022216796875
4873,2816_3072_256_512,MSAVI,65536,36865,4389.0,41254.0,24282.0,worst,0.5625152587890625,0.0669708251953125,0.370513916015625
4874,2816_3072_512_768,MSAVI,65536,43113,5369.0,48482.0,17054.0,worst,0.6578521728515625,0.0819244384765625,0.260223388671875
4875,2816_3072_768_1024,MSAVI,65536,57245,5350.0,62595.0,2941.0,worst,0.8734893798828125,0.081634521484375,0.0448760986328125
4876,2816_3072_1024_1280,MSAVI,65536,34357,20440.0,54797.0,10739.0,worst,0.5242462158203125,0.3118896484375,0.1638641357421875
4877,2816_3072_1280_1536,MSAVI,65536,34106,19230.0,53336.0,12200.0,worst,0.520416259765625,0.293426513671875,0.1861572265625
4878,2816_3072_1536_1792,MSAVI,65536,40939,22849.0,63788.0,1748.0,worst,0.6246795654296875,0.3486480712890625,0.02667236328125
4879,2816_3072_1792_2048,MSAVI,65536,48321,16797.0,65118.0,418.0,worst,0.7373199462890625,0.2563018798828125,0.006378173828125
4880,2816_3072_2048_2304,MSAVI,65536,42925,10663.0,53588.0,11948.0,worst,0.6549835205078125,0.1627044677734375,0.18231201171875
4881,2816_3072_2304_2560,MSAVI,65536,41707,19714.0,61421.0,4115.0,worst,0.6363983154296875,0.300811767578125,0.0627899169921875
4882,2816_3072_2560_2816,MSAVI,65536,36039,28592.0,64631.0,905.0,worst,0.5499114990234375,0.436279296875,0.0138092041015625
4883,2816_3072_2816_3072,MSAVI,65536,34372,25422.0,59794.0,5742.0,worst,0.52447509765625,0.387908935546875,0.087615966796875
4884,2816_3072_3072_3328,MSAVI,65536,32788,16645.0,49433.0,16103.0,worst,0.50030517578125,0.2539825439453125,0.2457122802734375
4885,2816_3072_3328_3584,MSAVI,65536,52653,5434.0,58087.0,7449.0,worst,0.8034210205078125,0.082916259765625,0.1136627197265625
4886,2816_3072_3584_3840,MSAVI,65536,54561,6972.0,61533.0,4003.0,worst,0.8325347900390625,0.10638427734375,0.0610809326171875
4887,2816_3072_3840_4096,MSAVI,65536,47479,10314.0,57793.0,7743.0,worst,0.7244720458984375,0.157379150390625,0.1181488037109375
4888,2816_3072_4096_4352,MSAVI,65536,35535,11500.0,47035.0,18501.0,worst,0.5422210693359375,0.17547607421875,0.2823028564453125
4889,2816_3072_4352_4608,MSAVI,65536,39701,11417.0,51118.0,14418.0,worst,0.6057891845703125,0.1742095947265625,0.220001220703125
4890,2816_3072_4608_4864,MSAVI,65536,38354,15500.0,53854.0,11682.0,worst,0.585235595703125,0.23651123046875,0.178253173828125
4891,2816_3072_4864_5120,MSAVI,65536,35127,18458.0,53585.0,11951.0,worst,0.5359954833984375,0.281646728515625,0.1823577880859375
4892,2816_3072_5120_5376,MSAVI,65536,34219,15844.0,50063.0,15473.0,worst,0.5221405029296875,0.24176025390625,0.2360992431640625
4893,2816_3072_5376_5632,MSAVI,65536,34296,17244.0,51540.0,13996.0,worst,0.5233154296875,0.26312255859375,0.21356201171875
4894,2816_3072_5632_5888,MSAVI,65536,38631,18060.0,56691.0,8845.0,worst,0.5894622802734375,0.27557373046875,0.1349639892578125
4895,2816_3072_5888_6144,MSAVI,65536,34489,14369.0,48858.0,16678.0,worst,0.5262603759765625,0.2192535400390625,0.254486083984375
4896,2816_3072_6144_6400,MSAVI,65536,34718,8838.0,43556.0,21980.0,worst,0.529754638671875,0.134857177734375,0.33538818359375
4897,2816_3072_6400_6656,MSAVI,65536,38369,8023.0,46392.0,19144.0,worst,0.5854644775390625,0.1224212646484375,0.2921142578125
4898,2816_3072_6656_6912,MSAVI,65536,40722,13254.0,53976.0,11560.0,worst,0.621368408203125,0.202239990234375,0.1763916015625
4899,2816_3072_6912_7168,MSAVI,65536,34431,10844.0,45275.0,20261.0,worst,0.5253753662109375,0.16546630859375,0.3091583251953125
4900,2816_3072_7168_7424,MSAVI,65536,35551,12792.0,48343.0,17193.0,worst,0.5424652099609375,0.1951904296875,0.2623443603515625
4901,2816_3072_7424_7680,MSAVI,65536,34073,13889.0,47962.0,17574.0,worst,0.5199127197265625,0.2119293212890625,0.268157958984375
4902,2816_3072_7680_7936,MSAVI,65536,51337,8517.0,59854.0,5682.0,worst,0.7833404541015625,0.1299591064453125,0.086700439453125
4903,2816_3072_7936_8192,MSAVI,65536,35622,19094.0,54716.0,10820.0,worst,0.543548583984375,0.291351318359375,0.16510009765625
4904,2816_3072_8192_8448,MSAVI,65536,33231,16587.0,49818.0,15718.0,worst,0.5070648193359375,0.2530975341796875,0.239837646484375
4905,2816_3072_8448_8704,MSAVI,65536,32538,18591.0,51129.0,14407.0,worst,0.496490478515625,0.2836761474609375,0.2198333740234375
4906,3072_3328_256_512,MSAVI,65536,47294,13669.0,60963.0,4573.0,worst,0.721649169921875,0.2085723876953125,0.0697784423828125
4907,3072_3328_512_768,MSAVI,65536,39163,18082.0,57245.0,8291.0,worst,0.5975799560546875,0.275909423828125,0.1265106201171875
4908,3072_3328_768_1024,MSAVI,65536,37218,24023.0,61241.0,4295.0,worst,0.567901611328125,0.3665618896484375,0.0655364990234375
4909,3072_3328_1024_1280,MSAVI,65536,36061,14048.0,50109.0,15427.0,worst,0.5502471923828125,0.21435546875,0.2353973388671875
4910,3072_3328_1280_1536,MSAVI,65536,32802,10501.0,43303.0,22233.0,worst,0.500518798828125,0.1602325439453125,0.3392486572265625
4911,3072_3328_1536_1792,MSAVI,65536,34363,26880.0,61243.0,4293.0,worst,0.5243377685546875,0.41015625,0.0655059814453125
4912,3072_3328_1792_2048,MSAVI,65536,34710,16552.0,51262.0,14274.0,worst,0.529632568359375,0.2525634765625,0.217803955078125
4913,3072_3328_2048_2304,MSAVI,65536,37705,8804.0,46509.0,19027.0,worst,0.5753326416015625,0.13433837890625,0.2903289794921875
4914,3072_3328_2304_2560,MSAVI,65536,37446,18825.0,56271.0,9265.0,worst,0.571380615234375,0.2872467041015625,0.1413726806640625
4915,3072_3328_2560_2816,MSAVI,65536,59791,5706.0,65497.0,39.0,worst,0.9123382568359375,0.087066650390625,0.0005950927734375
4916,3072_3328_2816_3072,MSAVI,65536,46343,15726.0,62069.0,3467.0,worst,0.7071380615234375,0.239959716796875,0.0529022216796875
4917,3072_3328_3072_3328,MSAVI,65536,38098,23460.0,61558.0,3978.0,worst,0.581329345703125,0.35797119140625,0.060699462890625
4918,3072_3328_3328_3584,MSAVI,65536,53366,4131.0,57497.0,8039.0,worst,0.814300537109375,0.0630340576171875,0.1226654052734375
4919,3072_3328_3584_3840,MSAVI,65536,58663,1047.0,59710.0,5826.0,worst,0.8951263427734375,0.0159759521484375,0.088897705078125
4920,3072_3328_3840_4096,MSAVI,65536,50273,5553.0,55826.0,9710.0,worst,0.7671051025390625,0.0847320556640625,0.148162841796875
4921,3072_3328_4096_4352,MSAVI,65536,47638,10265.0,57903.0,7633.0,worst,0.726898193359375,0.1566314697265625,0.1164703369140625
4922,3072_3328_4352_4608,MSAVI,65536,35497,16898.0,52395.0,13141.0,worst,0.5416412353515625,0.257843017578125,0.2005157470703125
4923,3072_3328_4608_4864,MSAVI,65536,35414,17202.0,52616.0,12920.0,worst,0.540374755859375,0.262481689453125,0.1971435546875
4924,3072_3328_4864_5120,MSAVI,65536,32250,23620.0,55870.0,9666.0,worst,0.492095947265625,0.36041259765625,0.147491455078125
4925,3072_3328_5120_5376,MSAVI,65536,32054,13379.0,45433.0,20103.0,worst,0.489105224609375,0.2041473388671875,0.3067474365234375
4926,3072_3328_5376_5632,MSAVI,65536,31240,17179.0,48419.0,17117.0,worst,0.4766845703125,0.2621307373046875,0.2611846923828125
4927,3072_3328_5632_5888,MSAVI,65536,35907,16283.0,52190.0,13346.0,worst,0.5478973388671875,0.2484588623046875,0.203643798828125
4928,3072_3328_5888_6144,MSAVI,65536,33926,16100.0,50026.0,15510.0,worst,0.517669677734375,0.24566650390625,0.236663818359375
4929,3072_3328_6144_6400,MSAVI,65536,36443,17598.0,54041.0,11495.0,worst,0.5560760498046875,0.268524169921875,0.1753997802734375
4930,3072_3328_6400_6656,MSAVI,65536,33909,16393.0,50302.0,15234.0,worst,0.5174102783203125,0.2501373291015625,0.232452392578125
4931,3072_3328_6656_6912,MSAVI,65536,33078,13925.0,47003.0,18533.0,worst,0.504730224609375,0.2124786376953125,0.2827911376953125
4932,3072_3328_6912_7168,MSAVI,65536,37478,16284.0,53762.0,11774.0,worst,0.571868896484375,0.24847412109375,0.179656982421875
4933,3072_3328_7168_7424,MSAVI,65536,32899,9840.0,42739.0,22797.0,worst,0.5019989013671875,0.150146484375,0.3478546142578125
4934,3072_3328_7424_7680,MSAVI,65536,35768,12993.0,48761.0,16775.0,worst,0.5457763671875,0.1982574462890625,0.2559661865234375
4935,3072_3328_7680_7936,MSAVI,65536,32580,18031.0,50611.0,14925.0,worst,0.49713134765625,0.2751312255859375,0.2277374267578125
4936,3072_3328_7936_8192,MSAVI,65536,32883,16118.0,49001.0,16535.0,worst,0.5017547607421875,0.245941162109375,0.2523040771484375
4937,3072_3328_8192_8448,MSAVI,65536,37779,11629.0,49408.0,16128.0,worst,0.5764617919921875,0.1774444580078125,0.24609375
4938,3072_3328_8448_8704,MSAVI,65536,30652,20946.0,51598.0,13938.0,worst,0.46771240234375,0.319610595703125,0.212677001953125
4939,3328_3584_256_512,MSAVI,65536,44059,16277.0,60336.0,5200.0,worst,0.6722869873046875,0.2483673095703125,0.079345703125
4940,3328_3584_512_768,MSAVI,65536,43592,14799.0,58391.0,7145.0,worst,0.6651611328125,0.2258148193359375,0.1090240478515625
4941,3328_3584_768_1024,MSAVI,65536,37245,19851.0,57096.0,8440.0,worst,0.5683135986328125,0.3029022216796875,0.1287841796875
4942,3328_3584_1024_1280,MSAVI,65536,35073,13224.0,48297.0,17239.0,worst,0.5351715087890625,0.2017822265625,0.2630462646484375
4943,3328_3584_1280_1536,MSAVI,65536,32584,16904.0,49488.0,16048.0,worst,0.4971923828125,0.2579345703125,0.244873046875
4944,3328_3584_1536_1792,MSAVI,65536,29855,25068.0,54923.0,10613.0,worst,0.4555511474609375,0.38250732421875,0.1619415283203125
4945,3328_3584_1792_2048,MSAVI,65536,32585,18645.0,51230.0,14306.0,worst,0.4972076416015625,0.2845001220703125,0.218292236328125
4946,3328_3584_2048_2304,MSAVI,65536,33096,24754.0,57850.0,7686.0,worst,0.5050048828125,0.377716064453125,0.117279052734375
4947,3328_3584_2304_2560,MSAVI,65536,38312,18626.0,56938.0,8598.0,worst,0.5845947265625,0.284210205078125,0.131195068359375
4948,3328_3584_2560_2816,MSAVI,65536,40688,11111.0,51799.0,13737.0,worst,0.620849609375,0.1695404052734375,0.2096099853515625
4949,3328_3584_2816_3072,MSAVI,65536,37041,29445.0,66486.0,-950.0,worst,0.5652008056640625,0.4492950439453125,-0.014495849609375
4950,3328_3584_3072_3328,MSAVI,65536,33805,31458.0,65263.0,273.0,worst,0.5158233642578125,0.480010986328125,0.0041656494140625
4951,3328_3584_3328_3584,MSAVI,65536,47704,13974.0,61678.0,3858.0,worst,0.7279052734375,0.213226318359375,0.058868408203125
4952,3328_3584_3584_3840,MSAVI,65536,51367,11037.0,62404.0,3132.0,worst,0.7837982177734375,0.1684112548828125,0.04779052734375
4953,3328_3584_3840_4096,MSAVI,65536,48611,7236.0,55847.0,9689.0,worst,0.7417449951171875,0.11041259765625,0.1478424072265625
4954,3328_3584_4096_4352,MSAVI,65536,51768,6238.0,58006.0,7530.0,worst,0.7899169921875,0.095184326171875,0.114898681640625
4955,3328_3584_4352_4608,MSAVI,65536,41650,15719.0,57369.0,8167.0,worst,0.635528564453125,0.2398529052734375,0.1246185302734375
4956,3328_3584_4608_4864,MSAVI,65536,42116,17320.0,59436.0,6100.0,worst,0.64263916015625,0.2642822265625,0.09307861328125
4957,3328_3584_4864_5120,MSAVI,65536,33609,15777.0,49386.0,16150.0,worst,0.5128326416015625,0.2407379150390625,0.246429443359375
4958,3328_3584_5120_5376,MSAVI,65536,33842,12634.0,46476.0,19060.0,worst,0.516387939453125,0.192779541015625,0.29083251953125
4959,3328_3584_5376_5632,MSAVI,65536,35899,15663.0,51562.0,13974.0,worst,0.5477752685546875,0.2389984130859375,0.213226318359375
4960,3328_3584_5632_5888,MSAVI,65536,33740,19131.0,52871.0,12665.0,worst,0.51483154296875,0.2919158935546875,0.1932525634765625
4961,3328_3584_5888_6144,MSAVI,65536,34088,13548.0,47636.0,17900.0,worst,0.5201416015625,0.20672607421875,0.27313232421875
4962,3328_3584_6144_6400,MSAVI,65536,33235,9158.0,42393.0,23143.0,worst,0.5071258544921875,0.139739990234375,0.3531341552734375
4963,3328_3584_6400_6656,MSAVI,65536,30691,14599.0,45290.0,20246.0,worst,0.4683074951171875,0.2227630615234375,0.308929443359375
4964,3328_3584_6656_6912,MSAVI,65536,42435,16641.0,59076.0,6460.0,worst,0.6475067138671875,0.2539215087890625,0.09857177734375
4965,3328_3584_6912_7168,MSAVI,65536,39285,22296.0,61581.0,3955.0,worst,0.5994415283203125,0.3402099609375,0.0603485107421875
4966,3328_3584_7168_7424,MSAVI,65536,31657,11681.0,43338.0,22198.0,worst,0.4830474853515625,0.1782379150390625,0.338714599609375
4967,3328_3584_7424_7680,MSAVI,65536,36500,21707.0,58207.0,7329.0,worst,0.55694580078125,0.3312225341796875,0.1118316650390625
4968,3328_3584_7680_7936,MSAVI,65536,37883,12675.0,50558.0,14978.0,worst,0.5780487060546875,0.1934051513671875,0.228546142578125
4969,3328_3584_7936_8192,MSAVI,65536,36465,15603.0,52068.0,13468.0,worst,0.5564117431640625,0.2380828857421875,0.20550537109375
4970,3328_3584_8192_8448,MSAVI,65536,34739,11617.0,46356.0,19180.0,worst,0.5300750732421875,0.1772613525390625,0.29266357421875
4971,3328_3584_8448_8704,MSAVI,65536,35780,14813.0,50593.0,14943.0,worst,0.54595947265625,0.2260284423828125,0.2280120849609375
4972,3584_3840_256_512,MSAVI,65536,47238,13903.0,61141.0,4395.0,worst,0.720794677734375,0.2121429443359375,0.0670623779296875
4973,3584_3840_512_768,MSAVI,65536,40519,8668.0,49187.0,16349.0,worst,0.6182708740234375,0.13226318359375,0.2494659423828125
4974,3584_3840_768_1024,MSAVI,65536,44441,7466.0,51907.0,13629.0,worst,0.6781158447265625,0.113922119140625,0.2079620361328125
4975,3584_3840_1024_1280,MSAVI,65536,47017,10358.0,57375.0,8161.0,worst,0.7174224853515625,0.158050537109375,0.1245269775390625
4976,3584_3840_1280_1536,MSAVI,65536,45903,15030.0,60933.0,4603.0,worst,0.7004241943359375,0.229339599609375,0.0702362060546875
4977,3584_3840_1536_1792,MSAVI,65536,39433,18954.0,58387.0,7149.0,worst,0.6016998291015625,0.289215087890625,0.1090850830078125
4978,3584_3840_1792_2048,MSAVI,65536,35417,15151.0,50568.0,14968.0,worst,0.5404205322265625,0.2311859130859375,0.2283935546875
4979,3584_3840_2048_2304,MSAVI,65536,39619,22755.0,62374.0,3162.0,worst,0.6045379638671875,0.3472137451171875,0.048248291015625
4980,3584_3840_2304_2560,MSAVI,65536,37887,12534.0,50421.0,15115.0,worst,0.5781097412109375,0.191253662109375,0.2306365966796875
4981,3584_3840_2560_2816,MSAVI,65536,28710,18191.0,46901.0,18635.0,worst,0.438079833984375,0.2775726318359375,0.2843475341796875
4982,3584_3840_2816_3072,MSAVI,65536,30292,16006.0,46298.0,19238.0,worst,0.46221923828125,0.244232177734375,0.293548583984375
4983,3584_3840_3072_3328,MSAVI,65536,37588,13989.0,51577.0,13959.0,worst,0.57354736328125,0.2134552001953125,0.2129974365234375
4984,3584_3840_3328_3584,MSAVI,65536,35615,24734.0,60349.0,5187.0,worst,0.5434417724609375,0.377410888671875,0.0791473388671875
4985,3584_3840_3584_3840,MSAVI,65536,43615,12619.0,56234.0,9302.0,worst,0.6655120849609375,0.1925506591796875,0.141937255859375
4986,3584_3840_3840_4096,MSAVI,65536,42870,7975.0,50845.0,14691.0,worst,0.654144287109375,0.1216888427734375,0.2241668701171875
4987,3584_3840_4096_4352,MSAVI,65536,40981,12779.0,53760.0,11776.0,worst,0.6253204345703125,0.1949920654296875,0.1796875
4988,3584_3840_4352_4608,MSAVI,65536,33565,18512.0,52077.0,13459.0,worst,0.5121612548828125,0.282470703125,0.2053680419921875
4989,3584_3840_4608_4864,MSAVI,65536,35514,19594.0,55108.0,10428.0,worst,0.541900634765625,0.298980712890625,0.15911865234375
4990,3584_3840_4864_5120,MSAVI,65536,35405,12438.0,47843.0,17693.0,worst,0.5402374267578125,0.189788818359375,0.2699737548828125
4991,3584_3840_5120_5376,MSAVI,65536,31610,14245.0,45855.0,19681.0,worst,0.482330322265625,0.2173614501953125,0.3003082275390625
4992,3584_3840_5376_5632,MSAVI,65536,32878,15906.0,48784.0,16752.0,worst,0.501678466796875,0.242706298828125,0.255615234375
4993,3584_3840_5632_5888,MSAVI,65536,34778,15772.0,50550.0,14986.0,worst,0.530670166015625,0.24066162109375,0.228668212890625
4994,3584_3840_5888_6144,MSAVI,65536,32954,19126.0,52080.0,13456.0,worst,0.502838134765625,0.291839599609375,0.205322265625
4995,3584_3840_6144_6400,MSAVI,65536,36758,8984.0,45742.0,19794.0,worst,0.560882568359375,0.1370849609375,0.302032470703125
4996,3584_3840_6400_6656,MSAVI,65536,35615,13007.0,48622.0,16914.0,worst,0.5434417724609375,0.1984710693359375,0.258087158203125
4997,3584_3840_6656_6912,MSAVI,65536,36892,18429.0,55321.0,10215.0,worst,0.56292724609375,0.2812042236328125,0.1558685302734375
4998,3584_3840_6912_7168,MSAVI,65536,34061,16884.0,50945.0,14591.0,worst,0.5197296142578125,0.25762939453125,0.2226409912109375
4999,3584_3840_7168_7424,MSAVI,65536,33817,13262.0,47079.0,18457.0,worst,0.5160064697265625,0.202362060546875,0.2816314697265625
5000,3584_3840_7424_7680,MSAVI,65536,40451,19088.0,59539.0,5997.0,worst,0.6172332763671875,0.291259765625,0.0915069580078125
5001,3584_3840_7680_7936,MSAVI,65536,36853,19352.0,56205.0,9331.0,worst,0.5623321533203125,0.2952880859375,0.1423797607421875
5002,3584_3840_7936_8192,MSAVI,65536,33740,13904.0,47644.0,17892.0,worst,0.51483154296875,0.212158203125,0.27301025390625
5003,3584_3840_8192_8448,MSAVI,65536,34951,11195.0,46146.0,19390.0,worst,0.5333099365234375,0.1708221435546875,0.295867919921875
5004,3584_3840_8448_8704,MSAVI,65536,35923,15656.0,51579.0,13957.0,worst,0.5481414794921875,0.2388916015625,0.2129669189453125
5005,3840_4096_256_512,MSAVI,65536,43021,16397.0,59418.0,6118.0,worst,0.6564483642578125,0.2501983642578125,0.093353271484375
5006,3840_4096_512_768,MSAVI,65536,40638,14875.0,55513.0,10023.0,worst,0.620086669921875,0.2269744873046875,0.1529388427734375
5007,3840_4096_768_1024,MSAVI,65536,53352,4954.0,58306.0,7230.0,worst,0.8140869140625,0.075592041015625,0.110321044921875
5008,3840_4096_1024_1280,MSAVI,65536,43420,1016.0,44436.0,21100.0,worst,0.66253662109375,0.0155029296875,0.32196044921875
5009,3840_4096_1280_1536,MSAVI,65536,37241,11840.0,49081.0,16455.0,worst,0.5682525634765625,0.1806640625,0.2510833740234375
5010,3840_4096_1536_1792,MSAVI,65536,44114,15219.0,59333.0,6203.0,worst,0.673126220703125,0.2322235107421875,0.0946502685546875
5011,3840_4096_1792_2048,MSAVI,65536,46834,11830.0,58664.0,6872.0,worst,0.714630126953125,0.180511474609375,0.1048583984375
5012,3840_4096_2048_2304,MSAVI,65536,40431,10440.0,50871.0,14665.0,worst,0.6169281005859375,0.1593017578125,0.2237701416015625
5013,3840_4096_2304_2560,MSAVI,65536,32336,16358.0,48694.0,16842.0,worst,0.493408203125,0.249603271484375,0.256988525390625
5014,3840_4096_2560_2816,MSAVI,65536,30152,16542.0,46694.0,18842.0,worst,0.4600830078125,0.252410888671875,0.287506103515625
5015,3840_4096_2816_3072,MSAVI,65536,45741,7493.0,53234.0,12302.0,worst,0.6979522705078125,0.1143341064453125,0.187713623046875
5016,3840_4096_3072_3328,MSAVI,65536,45140,16454.0,61594.0,3942.0,worst,0.68878173828125,0.251068115234375,0.060150146484375
5017,3840_4096_3328_3584,MSAVI,65536,42018,16570.0,58588.0,6948.0,worst,0.641143798828125,0.252838134765625,0.10601806640625
5018,3840_4096_3584_3840,MSAVI,65536,58565,1273.0,59838.0,5698.0,worst,0.8936309814453125,0.0194244384765625,0.086944580078125
5019,3840_4096_3840_4096,MSAVI,65536,48173,4720.0,52893.0,12643.0,worst,0.7350616455078125,0.072021484375,0.1929168701171875
5020,3840_4096_4096_4352,MSAVI,65536,39818,15445.0,55263.0,10273.0,worst,0.607574462890625,0.2356719970703125,0.1567535400390625
5021,3840_4096_4352_4608,MSAVI,65536,34586,16684.0,51270.0,14266.0,worst,0.527740478515625,0.25457763671875,0.217681884765625
5022,3840_4096_4608_4864,MSAVI,65536,39496,17128.0,56624.0,8912.0,worst,0.6026611328125,0.2613525390625,0.135986328125
5023,3840_4096_4864_5120,MSAVI,65536,30496,15113.0,45609.0,19927.0,worst,0.46533203125,0.2306060791015625,0.3040618896484375
5024,3840_4096_5120_5376,MSAVI,65536,31080,14654.0,45734.0,19802.0,worst,0.4742431640625,0.223602294921875,0.302154541015625
5025,3840_4096_5376_5632,MSAVI,65536,30817,15501.0,46318.0,19218.0,worst,0.4702301025390625,0.2365264892578125,0.293243408203125
5026,3840_4096_5632_5888,MSAVI,65536,34241,13396.0,47637.0,17899.0,worst,0.5224761962890625,0.20440673828125,0.2731170654296875
5027,3840_4096_5888_6144,MSAVI,65536,34970,17923.0,52893.0,12643.0,worst,0.533599853515625,0.2734832763671875,0.1929168701171875
5028,3840_4096_6144_6400,MSAVI,65536,31799,12977.0,44776.0,20760.0,worst,0.4852142333984375,0.1980133056640625,0.3167724609375
5029,3840_4096_6400_6656,MSAVI,65536,35811,11468.0,47279.0,18257.0,worst,0.5464324951171875,0.17498779296875,0.2785797119140625
5030,3840_4096_6656_6912,MSAVI,65536,33234,19345.0,52579.0,12957.0,worst,0.507110595703125,0.2951812744140625,0.1977081298828125
5031,3840_4096_6912_7168,MSAVI,65536,32069,19630.0,51699.0,13837.0,worst,0.4893341064453125,0.299530029296875,0.2111358642578125
5032,3840_4096_7168_7424,MSAVI,65536,34109,13880.0,47989.0,17547.0,worst,0.5204620361328125,0.2117919921875,0.2677459716796875
5033,3840_4096_7424_7680,MSAVI,65536,36444,11712.0,48156.0,17380.0,worst,0.55609130859375,0.1787109375,0.26519775390625
5034,3840_4096_7680_7936,MSAVI,65536,38195,11925.0,50120.0,15416.0,worst,0.5828094482421875,0.1819610595703125,0.2352294921875
5035,3840_4096_7936_8192,MSAVI,65536,33040,13367.0,46407.0,19129.0,worst,0.504150390625,0.2039642333984375,0.2918853759765625
5036,3840_4096_8192_8448,MSAVI,65536,31512,15686.0,47198.0,18338.0,worst,0.4808349609375,0.239349365234375,0.279815673828125
5037,3840_4096_8448_8704,MSAVI,65536,35967,15692.0,51659.0,13877.0,worst,0.5488128662109375,0.23944091796875,0.2117462158203125
5038,4096_4352_256_512,MSAVI,65536,34720,11113.0,45833.0,19703.0,worst,0.52978515625,0.1695709228515625,0.3006439208984375
5039,4096_4352_512_768,MSAVI,65536,37680,12629.0,50309.0,15227.0,worst,0.574951171875,0.1927032470703125,0.2323455810546875
5040,4096_4352_768_1024,MSAVI,65536,42942,17544.0,60486.0,5050.0,worst,0.655242919921875,0.2677001953125,0.077056884765625
5041,4096_4352_1024_1280,MSAVI,65536,42360,12356.0,54716.0,10820.0,worst,0.6463623046875,0.18853759765625,0.16510009765625
5042,4096_4352_1280_1536,MSAVI,65536,42837,5614.0,48451.0,17085.0,worst,0.6536407470703125,0.085662841796875,0.2606964111328125
5043,4096_4352_1536_1792,MSAVI,65536,44542,8403.0,52945.0,12591.0,worst,0.679656982421875,0.1282196044921875,0.1921234130859375
5044,4096_4352_1792_2048,MSAVI,65536,47957,16082.0,64039.0,1497.0,worst,0.7317657470703125,0.245391845703125,0.0228424072265625
5045,4096_4352_2048_2304,MSAVI,65536,45438,9747.0,55185.0,10351.0,worst,0.693328857421875,0.1487274169921875,0.1579437255859375
5046,4096_4352_2304_2560,MSAVI,65536,41605,5446.0,47051.0,18485.0,worst,0.6348419189453125,0.083099365234375,0.2820587158203125
5047,4096_4352_2560_2816,MSAVI,65536,35320,12625.0,47945.0,17591.0,worst,0.5389404296875,0.1926422119140625,0.2684173583984375
5048,4096_4352_2816_3072,MSAVI,65536,37365,24249.0,61614.0,3922.0,worst,0.5701446533203125,0.3700103759765625,0.059844970703125
5049,4096_4352_3072_3328,MSAVI,65536,35440,22776.0,58216.0,7320.0,worst,0.540771484375,0.3475341796875,0.1116943359375
5050,4096_4352_3328_3584,MSAVI,65536,37476,16544.0,54020.0,11516.0,worst,0.57183837890625,0.25244140625,0.17572021484375
5051,4096_4352_3584_3840,MSAVI,65536,39529,16338.0,55867.0,9669.0,worst,0.6031646728515625,0.249298095703125,0.1475372314453125
5052,4096_4352_3840_4096,MSAVI,65536,47597,7473.0,55070.0,10466.0,worst,0.7262725830078125,0.1140289306640625,0.159698486328125
5053,4096_4352_4096_4352,MSAVI,65536,42320,7610.0,49930.0,15606.0,worst,0.645751953125,0.116119384765625,0.238128662109375
5054,4096_4352_4352_4608,MSAVI,65536,35936,15429.0,51365.0,14171.0,worst,0.54833984375,0.2354278564453125,0.2162322998046875
5055,4096_4352_4608_4864,MSAVI,65536,39745,17351.0,57096.0,8440.0,worst,0.6064605712890625,0.2647552490234375,0.1287841796875
5056,4096_4352_4864_5120,MSAVI,65536,40242,12989.0,53231.0,12305.0,worst,0.614044189453125,0.1981964111328125,0.1877593994140625
5057,4096_4352_5120_5376,MSAVI,65536,32592,10239.0,42831.0,22705.0,worst,0.497314453125,0.1562347412109375,0.3464508056640625
5058,4096_4352_5376_5632,MSAVI,65536,33268,9671.0,42939.0,22597.0,worst,0.50762939453125,0.1475677490234375,0.3448028564453125
5059,4096_4352_5632_5888,MSAVI,65536,35357,10724.0,46081.0,19455.0,worst,0.5395050048828125,0.16363525390625,0.2968597412109375
5060,4096_4352_5888_6144,MSAVI,65536,33894,12530.0,46424.0,19112.0,worst,0.517181396484375,0.191192626953125,0.2916259765625
5061,4096_4352_6144_6400,MSAVI,65536,34388,10522.0,44910.0,20626.0,worst,0.52471923828125,0.160552978515625,0.314727783203125
5062,4096_4352_6400_6656,MSAVI,65536,37582,13734.0,51316.0,14220.0,worst,0.573455810546875,0.209564208984375,0.21697998046875
5063,4096_4352_6656_6912,MSAVI,65536,35412,15453.0,50865.0,14671.0,worst,0.54034423828125,0.2357940673828125,0.2238616943359375
5064,4096_4352_6912_7168,MSAVI,65536,34895,14078.0,48973.0,16563.0,worst,0.5324554443359375,0.214813232421875,0.2527313232421875
5065,4096_4352_7168_7424,MSAVI,65536,34502,18181.0,52683.0,12853.0,worst,0.526458740234375,0.2774200439453125,0.1961212158203125
5066,4096_4352_7424_7680,MSAVI,65536,35088,14056.0,49144.0,16392.0,worst,0.535400390625,0.2144775390625,0.2501220703125
5067,4096_4352_7680_7936,MSAVI,65536,38238,17164.0,55402.0,10134.0,worst,0.583465576171875,0.26190185546875,0.154632568359375
5068,4096_4352_7936_8192,MSAVI,65536,36590,14455.0,51045.0,14491.0,worst,0.558319091796875,0.2205657958984375,0.2211151123046875
5069,4096_4352_8192_8448,MSAVI,65536,38339,17452.0,55791.0,9745.0,worst,0.5850067138671875,0.26629638671875,0.1486968994140625
5070,4096_4352_8448_8704,MSAVI,65536,31676,10488.0,42164.0,23372.0,worst,0.48333740234375,0.1600341796875,0.35662841796875
5071,4352_4608_512_768,MSAVI,65536,43981,8580.0,52561.0,12975.0,worst,0.6710968017578125,0.13092041015625,0.1979827880859375
5072,4352_4608_768_1024,MSAVI,65536,47300,8765.0,56065.0,9471.0,worst,0.72174072265625,0.1337432861328125,0.1445159912109375
5073,4352_4608_1024_1280,MSAVI,65536,36634,18480.0,55114.0,10422.0,worst,0.558990478515625,0.281982421875,0.159027099609375
5074,4352_4608_1280_1536,MSAVI,65536,45945,5891.0,51836.0,13700.0,worst,0.7010650634765625,0.0898895263671875,0.20904541015625
5075,4352_4608_1536_1792,MSAVI,65536,38693,4619.0,43312.0,22224.0,worst,0.5904083251953125,0.0704803466796875,0.339111328125
5076,4352_4608_1792_2048,MSAVI,65536,40855,12545.0,53400.0,12136.0,worst,0.6233978271484375,0.1914215087890625,0.1851806640625
5077,4352_4608_2048_2304,MSAVI,65536,40107,8590.0,48697.0,16839.0,worst,0.6119842529296875,0.131072998046875,0.2569427490234375
5078,4352_4608_2304_2560,MSAVI,65536,39760,11680.0,51440.0,14096.0,worst,0.606689453125,0.17822265625,0.215087890625
5079,4352_4608_2560_2816,MSAVI,65536,42444,6845.0,49289.0,16247.0,worst,0.64764404296875,0.1044464111328125,0.2479095458984375
5080,4352_4608_2816_3072,MSAVI,65536,45451,15514.0,60965.0,4571.0,worst,0.6935272216796875,0.236724853515625,0.0697479248046875
5081,4352_4608_3072_3328,MSAVI,65536,43552,12382.0,55934.0,9602.0,worst,0.66455078125,0.188934326171875,0.146514892578125
5082,4352_4608_3328_3584,MSAVI,65536,36870,11826.0,48696.0,16840.0,worst,0.562591552734375,0.180450439453125,0.2569580078125
5083,4352_4608_3584_3840,MSAVI,65536,38924,16987.0,55911.0,9625.0,worst,0.59393310546875,0.2592010498046875,0.1468658447265625
5084,4352_4608_3840_4096,MSAVI,65536,32831,25061.0,57892.0,7644.0,worst,0.5009613037109375,0.3824005126953125,0.11663818359375
5085,4352_4608_4096_4352,MSAVI,65536,41225,13461.0,54686.0,10850.0,worst,0.6290435791015625,0.2053985595703125,0.165557861328125
5086,4352_4608_4352_4608,MSAVI,65536,37754,18672.0,56426.0,9110.0,worst,0.576080322265625,0.284912109375,0.139007568359375
5087,4352_4608_4608_4864,MSAVI,65536,40793,19515.0,60308.0,5228.0,worst,0.6224517822265625,0.2977752685546875,0.07977294921875
5088,4352_4608_4864_5120,MSAVI,65536,37845,15949.0,53794.0,11742.0,worst,0.5774688720703125,0.2433624267578125,0.179168701171875
5089,4352_4608_5120_5376,MSAVI,65536,32745,11125.0,43870.0,21666.0,worst,0.4996490478515625,0.1697540283203125,0.330596923828125
5090,4352_4608_5376_5632,MSAVI,65536,32975,10923.0,43898.0,21638.0,worst,0.5031585693359375,0.1666717529296875,0.330169677734375
5091,4352_4608_5632_5888,MSAVI,65536,33191,15585.0,48776.0,16760.0,worst,0.5064544677734375,0.2378082275390625,0.2557373046875
5092,4352_4608_5888_6144,MSAVI,65536,33410,16196.0,49606.0,15930.0,worst,0.509796142578125,0.24713134765625,0.243072509765625
5093,4352_4608_6144_6400,MSAVI,65536,32101,16602.0,48703.0,16833.0,worst,0.4898223876953125,0.253326416015625,0.2568511962890625
5094,4352_4608_6400_6656,MSAVI,65536,34939,18457.0,53396.0,12140.0,worst,0.5331268310546875,0.2816314697265625,0.18524169921875
5095,4352_4608_6656_6912,MSAVI,65536,46384,16416.0,62800.0,2736.0,worst,0.707763671875,0.25048828125,0.041748046875
5096,4352_4608_6912_7168,MSAVI,65536,35971,16914.0,52885.0,12651.0,worst,0.5488739013671875,0.258087158203125,0.1930389404296875
5097,4352_4608_7168_7424,MSAVI,65536,31481,12635.0,44116.0,21420.0,worst,0.4803619384765625,0.1927947998046875,0.32684326171875
5098,4352_4608_7424_7680,MSAVI,65536,41875,15158.0,57033.0,8503.0,worst,0.6389617919921875,0.231292724609375,0.1297454833984375
5099,4352_4608_7680_7936,MSAVI,65536,36011,21248.0,57259.0,8277.0,worst,0.5494842529296875,0.32421875,0.1262969970703125
5100,4352_4608_7936_8192,MSAVI,65536,36410,13592.0,50002.0,15534.0,worst,0.555572509765625,0.2073974609375,0.237030029296875
5101,4352_4608_8192_8448,MSAVI,65536,35832,16241.0,52073.0,13463.0,worst,0.5467529296875,0.2478179931640625,0.2054290771484375
5102,4352_4608_8448_8704,MSAVI,65536,32583,16721.0,49304.0,16232.0,worst,0.4971771240234375,0.2551422119140625,0.2476806640625
5103,4608_4864_256_512,MSAVI,65536,43152,5192.0,48344.0,17192.0,worst,0.658447265625,0.0792236328125,0.2623291015625
5104,4608_4864_512_768,MSAVI,65536,38034,9626.0,47660.0,17876.0,worst,0.580352783203125,0.146881103515625,0.27276611328125
5105,4608_4864_768_1024,MSAVI,65536,35040,14134.0,49174.0,16362.0,worst,0.53466796875,0.215667724609375,0.249664306640625
5106,4608_4864_1024_1280,MSAVI,65536,41589,12324.0,53913.0,11623.0,worst,0.6345977783203125,0.18804931640625,0.1773529052734375
5107,4608_4864_1280_1536,MSAVI,65536,37898,14468.0,52366.0,13170.0,worst,0.578277587890625,0.22076416015625,0.200958251953125
5108,4608_4864_1536_1792,MSAVI,65536,44027,6251.0,50278.0,15258.0,worst,0.6717987060546875,0.0953826904296875,0.232818603515625
5109,4608_4864_1792_2048,MSAVI,65536,53782,7477.0,61259.0,4277.0,worst,0.820648193359375,0.1140899658203125,0.0652618408203125
5110,4608_4864_2048_2304,MSAVI,65536,43222,18086.0,61308.0,4228.0,worst,0.659515380859375,0.275970458984375,0.06451416015625
5111,4608_4864_2304_2560,MSAVI,65536,43375,16161.0,59536.0,6000.0,worst,0.6618499755859375,0.2465972900390625,0.091552734375
5112,4608_4864_2560_2816,MSAVI,65536,42645,8956.0,51601.0,13935.0,worst,0.6507110595703125,0.13665771484375,0.2126312255859375
5113,4608_4864_2816_3072,MSAVI,65536,40034,8294.0,48328.0,17208.0,worst,0.610870361328125,0.126556396484375,0.2625732421875
5114,4608_4864_3072_3328,MSAVI,65536,45099,16804.0,61903.0,3633.0,worst,0.6881561279296875,0.25640869140625,0.0554351806640625
5115,4608_4864_3328_3584,MSAVI,65536,34436,17935.0,52371.0,13165.0,worst,0.52545166015625,0.2736663818359375,0.2008819580078125
5116,4608_4864_3584_3840,MSAVI,65536,35386,18174.0,53560.0,11976.0,worst,0.539947509765625,0.277313232421875,0.1827392578125
5117,4608_4864_3840_4096,MSAVI,65536,32391,29197.0,61588.0,3948.0,worst,0.4942474365234375,0.4455108642578125,0.06024169921875
5118,4608_4864_4096_4352,MSAVI,65536,34509,12835.0,47344.0,18192.0,worst,0.5265655517578125,0.1958465576171875,0.277587890625
5119,4608_4864_4352_4608,MSAVI,65536,41150,11005.0,52155.0,13381.0,worst,0.627899169921875,0.1679229736328125,0.2041778564453125
5120,4608_4864_4608_4864,MSAVI,65536,36287,13425.0,49712.0,15824.0,worst,0.5536956787109375,0.2048492431640625,0.241455078125
5121,4608_4864_4864_5120,MSAVI,65536,31871,9971.0,41842.0,23694.0,worst,0.4863128662109375,0.1521453857421875,0.361541748046875
5122,4608_4864_5120_5376,MSAVI,65536,33066,8365.0,41431.0,24105.0,worst,0.504547119140625,0.1276397705078125,0.3678131103515625
5123,4608_4864_5376_5632,MSAVI,65536,39717,14930.0,54647.0,10889.0,worst,0.6060333251953125,0.227813720703125,0.1661529541015625
5124,4608_4864_5632_5888,MSAVI,65536,35576,17262.0,52838.0,12698.0,worst,0.5428466796875,0.263397216796875,0.193756103515625
5125,4608_4864_5888_6144,MSAVI,65536,34364,15164.0,49528.0,16008.0,worst,0.52435302734375,0.23138427734375,0.2442626953125
5126,4608_4864_6144_6400,MSAVI,65536,26922,9824.0,36746.0,28790.0,worst,0.410797119140625,0.14990234375,0.439300537109375
5127,4608_4864_6400_6656,MSAVI,65536,42747,12219.0,54966.0,10570.0,worst,0.6522674560546875,0.1864471435546875,0.161285400390625
5128,4608_4864_6656_6912,MSAVI,65536,42917,15153.0,58070.0,7466.0,worst,0.6548614501953125,0.2312164306640625,0.113922119140625
5129,4608_4864_6912_7168,MSAVI,65536,36321,15740.0,52061.0,13475.0,worst,0.5542144775390625,0.24017333984375,0.2056121826171875
5130,4608_4864_7168_7424,MSAVI,65536,34244,10632.0,44876.0,20660.0,worst,0.52252197265625,0.1622314453125,0.31524658203125
5131,4608_4864_7424_7680,MSAVI,65536,37826,16777.0,54603.0,10933.0,worst,0.577178955078125,0.2559967041015625,0.1668243408203125
5132,4608_4864_7680_7936,MSAVI,65536,45637,16540.0,62177.0,3359.0,worst,0.6963653564453125,0.25238037109375,0.0512542724609375
5133,4608_4864_7936_8192,MSAVI,65536,35525,11243.0,46768.0,18768.0,worst,0.5420684814453125,0.1715545654296875,0.286376953125
5134,4608_4864_8192_8448,MSAVI,65536,34392,13674.0,48066.0,17470.0,worst,0.5247802734375,0.208648681640625,0.266571044921875
5135,4608_4864_8448_8704,MSAVI,65536,32118,10876.0,42994.0,22542.0,worst,0.490081787109375,0.16595458984375,0.343963623046875
5136,4864_5120_256_512,MSAVI,65536,36795,14064.0,50859.0,14677.0,worst,0.5614471435546875,0.214599609375,0.2239532470703125
5137,4864_5120_512_768,MSAVI,65536,39793,8393.0,48186.0,17350.0,worst,0.6071929931640625,0.1280670166015625,0.264739990234375
5138,4864_5120_768_1024,MSAVI,65536,40527,8635.0,49162.0,16374.0,worst,0.6183929443359375,0.1317596435546875,0.249847412109375
5139,4864_5120_1024_1280,MSAVI,65536,42743,4298.0,47041.0,18495.0,worst,0.6522064208984375,0.065582275390625,0.2822113037109375
5140,4864_5120_1280_1536,MSAVI,65536,43797,16205.0,60002.0,5534.0,worst,0.6682891845703125,0.2472686767578125,0.084442138671875
5141,4864_5120_1536_1792,MSAVI,65536,31675,30078.0,61753.0,3783.0,worst,0.4833221435546875,0.458953857421875,0.0577239990234375
5142,4864_5120_1792_2048,MSAVI,65536,40063,17006.0,57069.0,8467.0,worst,0.6113128662109375,0.259490966796875,0.1291961669921875
5143,4864_5120_2048_2304,MSAVI,65536,36194,26293.0,62487.0,3049.0,worst,0.552276611328125,0.4011993408203125,0.0465240478515625
5144,4864_5120_2304_2560,MSAVI,65536,39365,19293.0,58658.0,6878.0,worst,0.6006622314453125,0.2943878173828125,0.104949951171875
5145,4864_5120_2560_2816,MSAVI,65536,42876,14881.0,57757.0,7779.0,worst,0.65423583984375,0.2270660400390625,0.1186981201171875
5146,4864_5120_2816_3072,MSAVI,65536,45162,12677.0,57839.0,7697.0,worst,0.689117431640625,0.1934356689453125,0.1174468994140625
5147,4864_5120_3072_3328,MSAVI,65536,40935,17703.0,58638.0,6898.0,worst,0.6246185302734375,0.2701263427734375,0.105255126953125
5148,4864_5120_3328_3584,MSAVI,65536,38661,17821.0,56482.0,9054.0,worst,0.5899200439453125,0.2719268798828125,0.138153076171875
5149,4864_5120_3584_3840,MSAVI,65536,39363,13081.0,52444.0,13092.0,worst,0.6006317138671875,0.1996002197265625,0.19976806640625
5150,4864_5120_3840_4096,MSAVI,65536,41476,4627.0,46103.0,19433.0,worst,0.63287353515625,0.0706024169921875,0.2965240478515625
5151,4864_5120_4096_4352,MSAVI,65536,39464,6783.0,46247.0,19289.0,worst,0.6021728515625,0.1035003662109375,0.2943267822265625
5152,4864_5120_4352_4608,MSAVI,65536,34148,14217.0,48365.0,17171.0,worst,0.52105712890625,0.2169342041015625,0.2620086669921875
5153,4864_5120_4608_4864,MSAVI,65536,34786,19153.0,53939.0,11597.0,worst,0.530792236328125,0.2922515869140625,0.1769561767578125
5154,4864_5120_4864_5120,MSAVI,65536,37525,14155.0,51680.0,13856.0,worst,0.5725860595703125,0.2159881591796875,0.21142578125
5155,4864_5120_5120_5376,MSAVI,65536,37700,16820.0,54520.0,11016.0,worst,0.57525634765625,0.25665283203125,0.1680908203125
5156,4864_5120_5376_5632,MSAVI,65536,34495,13443.0,47938.0,17598.0,worst,0.5263519287109375,0.2051239013671875,0.268524169921875
5157,4864_5120_5632_5888,MSAVI,65536,32274,19820.0,52094.0,13442.0,worst,0.492462158203125,0.30242919921875,0.205108642578125
5158,4864_5120_5888_6144,MSAVI,65536,32093,19462.0,51555.0,13981.0,worst,0.4897003173828125,0.296966552734375,0.2133331298828125
5159,4864_5120_6144_6400,MSAVI,65536,37129,11351.0,48480.0,17056.0,worst,0.5665435791015625,0.1732025146484375,0.26025390625
5160,4864_5120_6400_6656,MSAVI,65536,39234,12803.0,52037.0,13499.0,worst,0.598663330078125,0.1953582763671875,0.2059783935546875
5161,4864_5120_6656_6912,MSAVI,65536,42629,14622.0,57251.0,8285.0,worst,0.6504669189453125,0.223114013671875,0.1264190673828125
5162,4864_5120_6912_7168,MSAVI,65536,36791,20352.0,57143.0,8393.0,worst,0.5613861083984375,0.310546875,0.1280670166015625
5163,4864_5120_7168_7424,MSAVI,65536,34327,16468.0,50795.0,14741.0,worst,0.5237884521484375,0.25128173828125,0.2249298095703125
5164,4864_5120_7424_7680,MSAVI,65536,37728,25144.0,62872.0,2664.0,worst,0.57568359375,0.3836669921875,0.0406494140625
5165,4864_5120_7680_7936,MSAVI,65536,39918,21466.0,61384.0,4152.0,worst,0.609100341796875,0.327545166015625,0.0633544921875
5166,4864_5120_7936_8192,MSAVI,65536,39239,17662.0,56901.0,8635.0,worst,0.5987396240234375,0.269500732421875,0.1317596435546875
5167,4864_5120_8192_8448,MSAVI,65536,33992,11391.0,45383.0,20153.0,worst,0.5186767578125,0.1738128662109375,0.3075103759765625
5168,4864_5120_8448_8704,MSAVI,65536,33191,10044.0,43235.0,22301.0,worst,0.5064544677734375,0.15325927734375,0.3402862548828125
5169,5120_5376_512_768,MSAVI,65536,45879,12214.0,58093.0,7443.0,worst,0.7000579833984375,0.186370849609375,0.1135711669921875
5170,5120_5376_768_1024,MSAVI,65536,44357,8696.0,53053.0,12483.0,worst,0.6768341064453125,0.1326904296875,0.1904754638671875
5171,5120_5376_1024_1280,MSAVI,65536,49037,4906.0,53943.0,11593.0,worst,0.7482452392578125,0.074859619140625,0.1768951416015625
5172,5120_5376_1280_1536,MSAVI,65536,34686,20023.0,54709.0,10827.0,worst,0.529266357421875,0.3055267333984375,0.1652069091796875
5173,5120_5376_1536_1792,MSAVI,65536,35911,14181.0,50092.0,15444.0,worst,0.5479583740234375,0.2163848876953125,0.23565673828125
5174,5120_5376_1792_2048,MSAVI,65536,37518,19174.0,56692.0,8844.0,worst,0.572479248046875,0.292572021484375,0.13494873046875
5175,5120_5376_2048_2304,MSAVI,65536,33049,17296.0,50345.0,15191.0,worst,0.5042877197265625,0.263916015625,0.2317962646484375
5176,5120_5376_2304_2560,MSAVI,65536,39877,19369.0,59246.0,6290.0,worst,0.6084747314453125,0.2955474853515625,0.095977783203125
5177,5120_5376_2560_2816,MSAVI,65536,43405,16155.0,59560.0,5976.0,worst,0.6623077392578125,0.2465057373046875,0.0911865234375
5178,5120_5376_2816_3072,MSAVI,65536,44315,4922.0,49237.0,16299.0,worst,0.6761932373046875,0.075103759765625,0.2487030029296875
5179,5120_5376_3072_3328,MSAVI,65536,38533,13093.0,51626.0,13910.0,worst,0.5879669189453125,0.1997833251953125,0.212249755859375
5180,5120_5376_3328_3584,MSAVI,65536,33968,11727.0,45695.0,19841.0,worst,0.518310546875,0.1789398193359375,0.3027496337890625
5181,5120_5376_3584_3840,MSAVI,65536,35540,14507.0,50047.0,15489.0,worst,0.54229736328125,0.2213592529296875,0.2363433837890625
5182,5120_5376_3840_4096,MSAVI,65536,41708,11802.0,53510.0,12026.0,worst,0.63641357421875,0.180084228515625,0.183502197265625
5183,5120_5376_4096_4352,MSAVI,65536,44127,7340.0,51467.0,14069.0,worst,0.6733245849609375,0.11199951171875,0.2146759033203125
5184,5120_5376_4352_4608,MSAVI,65536,39599,16846.0,56445.0,9091.0,worst,0.6042327880859375,0.257049560546875,0.1387176513671875
5185,5120_5376_4608_4864,MSAVI,65536,37682,22556.0,60238.0,5298.0,worst,0.574981689453125,0.34417724609375,0.080841064453125
5186,5120_5376_4864_5120,MSAVI,65536,33687,9118.0,42805.0,22731.0,worst,0.5140228271484375,0.139129638671875,0.3468475341796875
5187,5120_5376_5120_5376,MSAVI,65536,32226,9143.0,41369.0,24167.0,worst,0.491729736328125,0.1395111083984375,0.3687591552734375
5188,5120_5376_5376_5632,MSAVI,65536,32628,12981.0,45609.0,19927.0,worst,0.49786376953125,0.1980743408203125,0.3040618896484375
5189,5120_5376_5632_5888,MSAVI,65536,36989,21047.0,58036.0,7500.0,worst,0.5644073486328125,0.3211517333984375,0.11444091796875
5190,5120_5376_5888_6144,MSAVI,65536,34895,7813.0,42708.0,22828.0,worst,0.5324554443359375,0.1192169189453125,0.34832763671875
5191,5120_5376_6144_6400,MSAVI,65536,32350,13604.0,45954.0,19582.0,worst,0.493621826171875,0.20758056640625,0.298797607421875
5192,5120_5376_6400_6656,MSAVI,65536,36203,12305.0,48508.0,17028.0,worst,0.5524139404296875,0.1877593994140625,0.25982666015625
5193,5120_5376_6656_6912,MSAVI,65536,36242,20116.0,56358.0,9178.0,worst,0.553009033203125,0.30694580078125,0.140045166015625
5194,5120_5376_6912_7168,MSAVI,65536,39293,9307.0,48600.0,16936.0,worst,0.5995635986328125,0.1420135498046875,0.2584228515625
5195,5120_5376_7168_7424,MSAVI,65536,36188,12013.0,48201.0,17335.0,worst,0.55218505859375,0.1833038330078125,0.2645111083984375
5196,5120_5376_7424_7680,MSAVI,65536,36697,16295.0,52992.0,12544.0,worst,0.5599517822265625,0.2486419677734375,0.19140625
5197,5120_5376_7680_7936,MSAVI,65536,40559,18012.0,58571.0,6965.0,worst,0.6188812255859375,0.27484130859375,0.1062774658203125
5198,5120_5376_7936_8192,MSAVI,65536,36571,13449.0,50020.0,15516.0,worst,0.5580291748046875,0.2052154541015625,0.23675537109375
5199,5120_5376_8192_8448,MSAVI,65536,34697,11281.0,45978.0,19558.0,worst,0.5294342041015625,0.1721343994140625,0.298431396484375
5200,5120_5376_8448_8704,MSAVI,65536,37663,16714.0,54377.0,11159.0,worst,0.5746917724609375,0.255035400390625,0.1702728271484375
5201,5376_5632_256_512,MSAVI,65536,40570,8106.0,48676.0,16860.0,worst,0.619049072265625,0.123687744140625,0.25726318359375
5202,5376_5632_512_768,MSAVI,65536,41620,9010.0,50630.0,14906.0,worst,0.63507080078125,0.137481689453125,0.227447509765625
5203,5376_5632_768_1024,MSAVI,65536,37994,15008.0,53002.0,12534.0,worst,0.579742431640625,0.22900390625,0.191253662109375
5204,5376_5632_1024_1280,MSAVI,65536,43051,6539.0,49590.0,15946.0,worst,0.6569061279296875,0.0997772216796875,0.243316650390625
5205,5376_5632_1280_1536,MSAVI,65536,42812,13184.0,55996.0,9540.0,worst,0.65325927734375,0.201171875,0.14556884765625
5206,5376_5632_1536_1792,MSAVI,65536,35282,21621.0,56903.0,8633.0,worst,0.538360595703125,0.3299102783203125,0.1317291259765625
5207,5376_5632_1792_2048,MSAVI,65536,35081,12128.0,47209.0,18327.0,worst,0.5352935791015625,0.18505859375,0.2796478271484375
5208,5376_5632_2048_2304,MSAVI,65536,37289,4797.0,42086.0,23450.0,worst,0.5689849853515625,0.0731964111328125,0.357818603515625
5209,5376_5632_2304_2560,MSAVI,65536,39091,18244.0,57335.0,8201.0,worst,0.5964813232421875,0.27838134765625,0.1251373291015625
5210,5376_5632_2560_2816,MSAVI,65536,38589,19535.0,58124.0,7412.0,worst,0.5888214111328125,0.2980804443359375,0.11309814453125
5211,5376_5632_2816_3072,MSAVI,65536,41199,14268.0,55467.0,10069.0,worst,0.6286468505859375,0.21771240234375,0.1536407470703125
5212,5376_5632_3072_3328,MSAVI,65536,38846,9191.0,48037.0,17499.0,worst,0.592742919921875,0.1402435302734375,0.2670135498046875
5213,5376_5632_3328_3584,MSAVI,65536,37709,6444.0,44153.0,21383.0,worst,0.5753936767578125,0.09832763671875,0.3262786865234375
5214,5376_5632_3584_3840,MSAVI,65536,39172,14315.0,53487.0,12049.0,worst,0.59771728515625,0.2184295654296875,0.1838531494140625
5215,5376_5632_3840_4096,MSAVI,65536,37281,18161.0,55442.0,10094.0,worst,0.5688629150390625,0.2771148681640625,0.154022216796875
5216,5376_5632_4096_4352,MSAVI,65536,45217,7780.0,52997.0,12539.0,worst,0.6899566650390625,0.11871337890625,0.1913299560546875
5217,5376_5632_4352_4608,MSAVI,65536,37955,9811.0,47766.0,17770.0,worst,0.5791473388671875,0.1497039794921875,0.271148681640625
5218,5376_5632_4608_4864,MSAVI,65536,34615,13147.0,47762.0,17774.0,worst,0.5281829833984375,0.2006072998046875,0.271209716796875
5219,5376_5632_4864_5120,MSAVI,65536,38711,12716.0,51427.0,14109.0,worst,0.5906829833984375,0.19403076171875,0.2152862548828125
5220,5376_5632_5120_5376,MSAVI,65536,34506,14183.0,48689.0,16847.0,worst,0.526519775390625,0.2164154052734375,0.2570648193359375
5221,5376_5632_5376_5632,MSAVI,65536,30743,25399.0,56142.0,9394.0,worst,0.4691009521484375,0.3875579833984375,0.143341064453125
5222,5376_5632_5632_5888,MSAVI,65536,39224,17726.0,56950.0,8586.0,worst,0.5985107421875,0.270477294921875,0.131011962890625
5223,5376_5632_5888_6144,MSAVI,65536,40737,12492.0,53229.0,12307.0,worst,0.6215972900390625,0.19061279296875,0.1877899169921875
5224,5376_5632_6144_6400,MSAVI,65536,34202,9125.0,43327.0,22209.0,worst,0.521881103515625,0.1392364501953125,0.3388824462890625
5225,5376_5632_6400_6656,MSAVI,65536,35855,10973.0,46828.0,18708.0,worst,0.5471038818359375,0.1674346923828125,0.28546142578125
5226,5376_5632_6656_6912,MSAVI,65536,37659,13241.0,50900.0,14636.0,worst,0.5746307373046875,0.2020416259765625,0.22332763671875
5227,5376_5632_6912_7168,MSAVI,65536,35284,10259.0,45543.0,19993.0,worst,0.53839111328125,0.1565399169921875,0.3050689697265625
5228,5376_5632_7168_7424,MSAVI,65536,36140,14840.0,50980.0,14556.0,worst,0.55145263671875,0.2264404296875,0.22210693359375
5229,5376_5632_7424_7680,MSAVI,65536,40156,11810.0,51966.0,13570.0,worst,0.61273193359375,0.180206298828125,0.207061767578125
5230,5376_5632_7680_7936,MSAVI,65536,40143,16475.0,56618.0,8918.0,worst,0.6125335693359375,0.2513885498046875,0.136077880859375
5231,5376_5632_7936_8192,MSAVI,65536,39287,16460.0,55747.0,9789.0,worst,0.5994720458984375,0.25115966796875,0.1493682861328125
5232,5376_5632_8192_8448,MSAVI,65536,33821,7993.0,41814.0,23722.0,worst,0.5160675048828125,0.1219635009765625,0.361968994140625
5233,5376_5632_8448_8704,MSAVI,65536,34755,18457.0,53212.0,12324.0,worst,0.5303192138671875,0.2816314697265625,0.18804931640625
5234,5632_5888_512_768,MSAVI,65536,38544,14417.0,52961.0,12575.0,worst,0.588134765625,0.2199859619140625,0.1918792724609375
5235,5632_5888_768_1024,MSAVI,65536,43171,8522.0,51693.0,13843.0,worst,0.6587371826171875,0.130035400390625,0.2112274169921875
5236,5632_5888_1024_1280,MSAVI,65536,47343,2600.0,49943.0,15593.0,worst,0.7223968505859375,0.0396728515625,0.2379302978515625
5237,5632_5888_1280_1536,MSAVI,65536,50433,1407.0,51840.0,13696.0,worst,0.7695465087890625,0.0214691162109375,0.208984375
5238,5632_5888_1536_1792,MSAVI,65536,40632,6174.0,46806.0,18730.0,worst,0.6199951171875,0.094207763671875,0.285797119140625
5239,5632_5888_1792_2048,MSAVI,65536,39117,6123.0,45240.0,20296.0,worst,0.5968780517578125,0.0934295654296875,0.3096923828125
5240,5632_5888_2048_2304,MSAVI,65536,36421,5377.0,41798.0,23738.0,worst,0.5557403564453125,0.0820465087890625,0.362213134765625
5241,5632_5888_2304_2560,MSAVI,65536,35844,23300.0,59144.0,6392.0,worst,0.54693603515625,0.35552978515625,0.0975341796875
5242,5632_5888_2560_2816,MSAVI,65536,37945,19885.0,57830.0,7706.0,worst,0.5789947509765625,0.3034210205078125,0.117584228515625
5243,5632_5888_2816_3072,MSAVI,65536,42504,6555.0,49059.0,16477.0,worst,0.6485595703125,0.1000213623046875,0.2514190673828125
5244,5632_5888_3072_3328,MSAVI,65536,42365,1835.0,44200.0,21336.0,worst,0.6464385986328125,0.0279998779296875,0.3255615234375
5245,5632_5888_3328_3584,MSAVI,65536,37474,3950.0,41424.0,24112.0,worst,0.571807861328125,0.060272216796875,0.367919921875
5246,5632_5888_3584_3840,MSAVI,65536,43079,9067.0,52146.0,13390.0,worst,0.6573333740234375,0.1383514404296875,0.204315185546875
5247,5632_5888_3840_4096,MSAVI,65536,49936,6433.0,56369.0,9167.0,worst,0.761962890625,0.0981597900390625,0.1398773193359375
5248,5632_5888_4096_4352,MSAVI,65536,48237,5096.0,53333.0,12203.0,worst,0.7360382080078125,0.0777587890625,0.1862030029296875
5249,5632_5888_4352_4608,MSAVI,65536,35087,15195.0,50282.0,15254.0,worst,0.5353851318359375,0.2318572998046875,0.232757568359375
5250,5632_5888_4608_4864,MSAVI,65536,33975,25179.0,59154.0,6382.0,worst,0.5184173583984375,0.3842010498046875,0.097381591796875
5251,5632_5888_4864_5120,MSAVI,65536,49007,5406.0,54413.0,11123.0,worst,0.7477874755859375,0.082489013671875,0.1697235107421875
5252,5632_5888_5120_5376,MSAVI,65536,31429,12525.0,43954.0,21582.0,worst,0.4795684814453125,0.1911163330078125,0.329315185546875
5253,5632_5888_5376_5632,MSAVI,65536,34371,20504.0,54875.0,10661.0,worst,0.5244598388671875,0.3128662109375,0.1626739501953125
5254,5632_5888_5632_5888,MSAVI,65536,37260,22217.0,59477.0,6059.0,worst,0.56854248046875,0.3390045166015625,0.0924530029296875
5255,5632_5888_5888_6144,MSAVI,65536,38517,6351.0,44868.0,20668.0,worst,0.5877227783203125,0.0969085693359375,0.31536865234375
5256,5632_5888_6144_6400,MSAVI,65536,45397,3356.0,48753.0,16783.0,worst,0.6927032470703125,0.05120849609375,0.2560882568359375
5257,5632_5888_6400_6656,MSAVI,65536,39544,13055.0,52599.0,12937.0,worst,0.6033935546875,0.1992034912109375,0.1974029541015625
5258,5632_5888_6656_6912,MSAVI,65536,38093,14278.0,52371.0,13165.0,worst,0.5812530517578125,0.217864990234375,0.2008819580078125
5259,5632_5888_6912_7168,MSAVI,65536,37372,12932.0,50304.0,15232.0,worst,0.57025146484375,0.19732666015625,0.232421875
5260,5632_5888_7168_7424,MSAVI,65536,35470,19668.0,55138.0,10398.0,worst,0.541229248046875,0.30010986328125,0.158660888671875
5261,5632_5888_7424_7680,MSAVI,65536,35253,10310.0,45563.0,19973.0,worst,0.5379180908203125,0.157318115234375,0.3047637939453125
5262,5632_5888_7680_7936,MSAVI,65536,33628,24891.0,58519.0,7017.0,worst,0.51312255859375,0.3798065185546875,0.1070709228515625
5263,5632_5888_7936_8192,MSAVI,65536,32820,14101.0,46921.0,18615.0,worst,0.50079345703125,0.2151641845703125,0.2840423583984375
5264,5632_5888_8192_8448,MSAVI,65536,34450,7426.0,41876.0,23660.0,worst,0.525665283203125,0.113311767578125,0.36102294921875
5265,5632_5888_8448_8704,MSAVI,65536,35656,14070.0,49726.0,15810.0,worst,0.5440673828125,0.214691162109375,0.241241455078125
5266,5888_6144_256_512,MSAVI,65536,43337,16418.0,59755.0,5781.0,worst,0.6612701416015625,0.250518798828125,0.0882110595703125
5267,5888_6144_512_768,MSAVI,65536,30982,18377.0,49359.0,16177.0,worst,0.472747802734375,0.2804107666015625,0.2468414306640625
5268,5888_6144_768_1024,MSAVI,65536,37602,16783.0,54385.0,11151.0,worst,0.573760986328125,0.2560882568359375,0.1701507568359375
5269,5888_6144_1024_1280,MSAVI,65536,39203,11730.0,50933.0,14603.0,worst,0.5981903076171875,0.178985595703125,0.2228240966796875
5270,5888_6144_1280_1536,MSAVI,65536,46882,3757.0,50639.0,14897.0,worst,0.715362548828125,0.0573272705078125,0.2273101806640625
5271,5888_6144_1536_1792,MSAVI,65536,53450,1952.0,55402.0,10134.0,worst,0.815582275390625,0.02978515625,0.154632568359375
5272,5888_6144_1792_2048,MSAVI,65536,49200,5009.0,54209.0,11327.0,worst,0.750732421875,0.0764312744140625,0.1728363037109375
5273,5888_6144_2048_2304,MSAVI,65536,44283,6767.0,51050.0,14486.0,worst,0.6757049560546875,0.1032562255859375,0.221038818359375
5274,5888_6144_2304_2560,MSAVI,65536,37429,14735.0,52164.0,13372.0,worst,0.5711212158203125,0.2248382568359375,0.20404052734375
5275,5888_6144_2560_2816,MSAVI,65536,39389,20576.0,59965.0,5571.0,worst,0.6010284423828125,0.31396484375,0.0850067138671875
5276,5888_6144_2816_3072,MSAVI,65536,43460,7753.0,51213.0,14323.0,worst,0.66314697265625,0.1183013916015625,0.2185516357421875
5277,5888_6144_3072_3328,MSAVI,65536,44296,917.0,45213.0,20323.0,worst,0.6759033203125,0.0139923095703125,0.3101043701171875
5278,5888_6144_3328_3584,MSAVI,65536,40192,5403.0,45595.0,19941.0,worst,0.61328125,0.0824432373046875,0.3042755126953125
5279,5888_6144_3584_3840,MSAVI,65536,40958,3797.0,44755.0,20781.0,worst,0.624969482421875,0.0579376220703125,0.3170928955078125
5280,5888_6144_3840_4096,MSAVI,65536,46840,8333.0,55173.0,10363.0,worst,0.7147216796875,0.1271514892578125,0.1581268310546875
5281,5888_6144_4096_4352,MSAVI,65536,39174,9916.0,49090.0,16446.0,worst,0.597747802734375,0.15130615234375,0.250946044921875
5282,5888_6144_4352_4608,MSAVI,65536,33328,19785.0,53113.0,12423.0,worst,0.508544921875,0.3018951416015625,0.1895599365234375
5283,5888_6144_4608_4864,MSAVI,65536,38740,22403.0,61143.0,4393.0,worst,0.59112548828125,0.3418426513671875,0.0670318603515625
5284,5888_6144_4864_5120,MSAVI,65536,41163,22207.0,63370.0,2166.0,worst,0.6280975341796875,0.3388519287109375,0.033050537109375
5285,5888_6144_5120_5376,MSAVI,65536,43564,14315.0,57879.0,7657.0,worst,0.66473388671875,0.2184295654296875,0.1168365478515625
5286,5888_6144_5376_5632,MSAVI,65536,36073,21585.0,57658.0,7878.0,worst,0.5504302978515625,0.3293609619140625,0.120208740234375
5287,5888_6144_5632_5888,MSAVI,65536,40324,17280.0,57604.0,7932.0,worst,0.61529541015625,0.263671875,0.12103271484375
5288,5888_6144_5888_6144,MSAVI,65536,48027,6327.0,54354.0,11182.0,worst,0.7328338623046875,0.0965423583984375,0.170623779296875
5289,5888_6144_6144_6400,MSAVI,65536,48769,2312.0,51081.0,14455.0,worst,0.7441558837890625,0.0352783203125,0.2205657958984375
5290,5888_6144_6400_6656,MSAVI,65536,44442,5979.0,50421.0,15115.0,worst,0.678131103515625,0.0912322998046875,0.2306365966796875
5291,5888_6144_6656_6912,MSAVI,65536,42003,9658.0,51661.0,13875.0,worst,0.6409149169921875,0.147369384765625,0.2117156982421875
5292,5888_6144_6912_7168,MSAVI,65536,39620,14855.0,54475.0,11061.0,worst,0.60455322265625,0.2266693115234375,0.1687774658203125
5293,5888_6144_7168_7424,MSAVI,65536,35568,13530.0,49098.0,16438.0,worst,0.542724609375,0.206451416015625,0.250823974609375
5294,5888_6144_7424_7680,MSAVI,65536,34360,16315.0,50675.0,14861.0,worst,0.5242919921875,0.2489471435546875,0.2267608642578125
5295,5888_6144_7680_7936,MSAVI,65536,38673,18304.0,56977.0,8559.0,worst,0.5901031494140625,0.279296875,0.1305999755859375
5296,5888_6144_7936_8192,MSAVI,65536,31041,17828.0,48869.0,16667.0,worst,0.4736480712890625,0.27203369140625,0.2543182373046875
5297,5888_6144_8192_8448,MSAVI,65536,33510,10931.0,44441.0,21095.0,worst,0.511322021484375,0.1667938232421875,0.3218841552734375
5298,5888_6144_8448_8704,MSAVI,65536,35740,12372.0,48112.0,17424.0,worst,0.54534912109375,0.18878173828125,0.265869140625
5299,6144_6400_256_512,MSAVI,65536,33262,21180.0,54442.0,11094.0,worst,0.507537841796875,0.32318115234375,0.169281005859375
5300,6144_6400_512_768,MSAVI,65536,32355,16843.0,49198.0,16338.0,worst,0.4936981201171875,0.2570037841796875,0.249298095703125
5301,6144_6400_768_1024,MSAVI,65536,33705,22509.0,56214.0,9322.0,worst,0.5142974853515625,0.3434600830078125,0.142242431640625
5302,6144_6400_1024_1280,MSAVI,65536,35499,7895.0,43394.0,22142.0,worst,0.5416717529296875,0.1204681396484375,0.337860107421875
5303,6144_6400_1280_1536,MSAVI,65536,40961,5569.0,46530.0,19006.0,worst,0.6250152587890625,0.0849761962890625,0.290008544921875
5304,6144_6400_1536_1792,MSAVI,65536,43397,9876.0,53273.0,12263.0,worst,0.6621856689453125,0.15069580078125,0.1871185302734375
5305,6144_6400_1792_2048,MSAVI,65536,46932,5859.0,52791.0,12745.0,worst,0.71612548828125,0.0894012451171875,0.1944732666015625
5306,6144_6400_2048_2304,MSAVI,65536,45127,4466.0,49593.0,15943.0,worst,0.6885833740234375,0.068145751953125,0.2432708740234375
5307,6144_6400_2304_2560,MSAVI,65536,42914,6453.0,49367.0,16169.0,worst,0.654815673828125,0.0984649658203125,0.2467193603515625
5308,6144_6400_2560_2816,MSAVI,65536,45830,3858.0,49688.0,15848.0,worst,0.699310302734375,0.058868408203125,0.2418212890625
5309,6144_6400_2816_3072,MSAVI,65536,39026,6970.0,45996.0,19540.0,worst,0.595489501953125,0.106353759765625,0.29815673828125
5310,6144_6400_3072_3328,MSAVI,65536,41632,910.0,42542.0,22994.0,worst,0.63525390625,0.013885498046875,0.350860595703125
5311,6144_6400_3328_3584,MSAVI,65536,40617,1912.0,42529.0,23007.0,worst,0.6197662353515625,0.0291748046875,0.3510589599609375
5312,6144_6400_3584_3840,MSAVI,65536,35802,11475.0,47277.0,18259.0,worst,0.546295166015625,0.1750946044921875,0.2786102294921875
5313,6144_6400_3840_4096,MSAVI,65536,38008,4360.0,42368.0,23168.0,worst,0.5799560546875,0.0665283203125,0.353515625
5314,6144_6400_4096_4352,MSAVI,65536,42891,2001.0,44892.0,20644.0,worst,0.6544647216796875,0.0305328369140625,0.31500244140625
5315,6144_6400_4352_4608,MSAVI,65536,42393,18269.0,60662.0,4874.0,worst,0.6468658447265625,0.2787628173828125,0.074371337890625
5316,6144_6400_4608_4864,MSAVI,65536,38645,18954.0,57599.0,7937.0,worst,0.5896759033203125,0.289215087890625,0.1211090087890625
5317,6144_6400_4864_5120,MSAVI,65536,36406,20406.0,56812.0,8724.0,worst,0.555511474609375,0.311370849609375,0.13311767578125
5318,6144_6400_5120_5376,MSAVI,65536,33030,13508.0,46538.0,18998.0,worst,0.503997802734375,0.20611572265625,0.289886474609375
5319,6144_6400_5376_5632,MSAVI,65536,32291,15966.0,48257.0,17279.0,worst,0.4927215576171875,0.243621826171875,0.2636566162109375
5320,6144_6400_5632_5888,MSAVI,65536,35117,24224.0,59341.0,6195.0,worst,0.5358428955078125,0.36962890625,0.0945281982421875
5321,6144_6400_5888_6144,MSAVI,65536,42020,9947.0,51967.0,13569.0,worst,0.64117431640625,0.1517791748046875,0.2070465087890625
5322,6144_6400_6144_6400,MSAVI,65536,38387,12107.0,50494.0,15042.0,worst,0.5857391357421875,0.1847381591796875,0.229522705078125
5323,6144_6400_6400_6656,MSAVI,65536,43490,11128.0,54618.0,10918.0,worst,0.663604736328125,0.1697998046875,0.166595458984375
5324,6144_6400_6656_6912,MSAVI,65536,37300,8969.0,46269.0,19267.0,worst,0.56915283203125,0.1368560791015625,0.2939910888671875
5325,6144_6400_6912_7168,MSAVI,65536,33138,13722.0,46860.0,18676.0,worst,0.505645751953125,0.209381103515625,0.28497314453125
5326,6144_6400_7168_7424,MSAVI,65536,38340,9538.0,47878.0,17658.0,worst,0.58502197265625,0.145538330078125,0.269439697265625
5327,6144_6400_7424_7680,MSAVI,65536,34541,13807.0,48348.0,17188.0,worst,0.5270538330078125,0.2106781005859375,0.26226806640625
5328,6144_6400_7680_7936,MSAVI,65536,34383,11762.0,46145.0,19391.0,worst,0.5246429443359375,0.179473876953125,0.2958831787109375
5329,6144_6400_7936_8192,MSAVI,65536,36955,12454.0,49409.0,16127.0,worst,0.5638885498046875,0.190032958984375,0.2460784912109375
5330,6144_6400_8192_8448,MSAVI,65536,34647,17059.0,51706.0,13830.0,worst,0.5286712646484375,0.2602996826171875,0.211029052734375
5331,6144_6400_8448_8704,MSAVI,65536,41810,18919.0,60729.0,4807.0,worst,0.637969970703125,0.2886810302734375,0.0733489990234375
5332,6400_6656_256_512,MSAVI,65536,33145,19580.0,52725.0,12811.0,worst,0.5057525634765625,0.29876708984375,0.1954803466796875
5333,6400_6656_512_768,MSAVI,65536,40103,19647.0,59750.0,5786.0,worst,0.6119232177734375,0.2997894287109375,0.088287353515625
5334,6400_6656_768_1024,MSAVI,65536,32061,24232.0,56293.0,9243.0,worst,0.4892120361328125,0.3697509765625,0.1410369873046875
5335,6400_6656_1024_1280,MSAVI,65536,31208,15463.0,46671.0,18865.0,worst,0.4761962890625,0.2359466552734375,0.2878570556640625
5336,6400_6656_1280_1536,MSAVI,65536,33709,10678.0,44387.0,21149.0,worst,0.5143585205078125,0.162933349609375,0.3227081298828125
5337,6400_6656_1536_1792,MSAVI,65536,36601,13558.0,50159.0,15377.0,worst,0.5584869384765625,0.206878662109375,0.2346343994140625
5338,6400_6656_1792_2048,MSAVI,65536,35556,24411.0,59967.0,5569.0,worst,0.54254150390625,0.3724822998046875,0.0849761962890625
5339,6400_6656_2048_2304,MSAVI,65536,46829,5905.0,52734.0,12802.0,worst,0.7145538330078125,0.0901031494140625,0.195343017578125
5340,6400_6656_2304_2560,MSAVI,65536,51111,2881.0,53992.0,11544.0,worst,0.7798919677734375,0.0439605712890625,0.1761474609375
5341,6400_6656_2560_2816,MSAVI,65536,43802,2738.0,46540.0,18996.0,worst,0.668365478515625,0.041778564453125,0.28985595703125
5342,6400_6656_2816_3072,MSAVI,65536,46342,3141.0,49483.0,16053.0,worst,0.707122802734375,0.0479278564453125,0.2449493408203125
5343,6400_6656_3072_3328,MSAVI,65536,38703,5339.0,44042.0,21494.0,worst,0.5905609130859375,0.0814666748046875,0.327972412109375
5344,6400_6656_3328_3584,MSAVI,65536,39836,1700.0,41536.0,24000.0,worst,0.60784912109375,0.02593994140625,0.3662109375
5345,6400_6656_3584_3840,MSAVI,65536,38103,9206.0,47309.0,18227.0,worst,0.5814056396484375,0.140472412109375,0.2781219482421875
5346,6400_6656_3840_4096,MSAVI,65536,48933,3226.0,52159.0,13377.0,worst,0.7466583251953125,0.049224853515625,0.2041168212890625
5347,6400_6656_4096_4352,MSAVI,65536,40686,2115.0,42801.0,22735.0,worst,0.620819091796875,0.0322723388671875,0.3469085693359375
5348,6400_6656_4352_4608,MSAVI,65536,40254,11656.0,51910.0,13626.0,worst,0.614227294921875,0.1778564453125,0.207916259765625
5349,6400_6656_4608_4864,MSAVI,65536,41350,17513.0,58863.0,6673.0,worst,0.630950927734375,0.2672271728515625,0.1018218994140625
5350,6400_6656_4864_5120,MSAVI,65536,38316,15459.0,53775.0,11761.0,worst,0.58465576171875,0.2358856201171875,0.1794586181640625
5351,6400_6656_5120_5376,MSAVI,65536,35023,13957.0,48980.0,16556.0,worst,0.5344085693359375,0.2129669189453125,0.25262451171875
5352,6400_6656_5376_5632,MSAVI,65536,33050,14476.0,47526.0,18010.0,worst,0.504302978515625,0.22088623046875,0.274810791015625
5353,6400_6656_5632_5888,MSAVI,65536,35460,13784.0,49244.0,16292.0,worst,0.54107666015625,0.2103271484375,0.24859619140625
5354,6400_6656_5888_6144,MSAVI,65536,33775,19913.0,53688.0,11848.0,worst,0.5153656005859375,0.3038482666015625,0.1807861328125
5355,6400_6656_6144_6400,MSAVI,65536,36271,14014.0,50285.0,15251.0,worst,0.5534515380859375,0.213836669921875,0.2327117919921875
5356,6400_6656_6400_6656,MSAVI,65536,31823,24939.0,56762.0,8774.0,worst,0.4855804443359375,0.3805389404296875,0.133880615234375
5357,6400_6656_6656_6912,MSAVI,65536,39435,16432.0,55867.0,9669.0,worst,0.6017303466796875,0.250732421875,0.1475372314453125
5358,6400_6656_6912_7168,MSAVI,65536,41287,12209.0,53496.0,12040.0,worst,0.6299896240234375,0.1862945556640625,0.1837158203125
5359,6400_6656_7168_7424,MSAVI,65536,31392,12789.0,44181.0,21355.0,worst,0.47900390625,0.1951446533203125,0.3258514404296875
5360,6400_6656_7424_7680,MSAVI,65536,36948,14315.0,51263.0,14273.0,worst,0.56378173828125,0.2184295654296875,0.2177886962890625
5361,6400_6656_7680_7936,MSAVI,65536,39389,12066.0,51455.0,14081.0,worst,0.6010284423828125,0.184112548828125,0.2148590087890625
5362,6400_6656_7936_8192,MSAVI,65536,44218,13848.0,58066.0,7470.0,worst,0.674713134765625,0.2113037109375,0.113983154296875
5363,6400_6656_8192_8448,MSAVI,65536,41892,16145.0,58037.0,7499.0,worst,0.63922119140625,0.2463531494140625,0.1144256591796875
5364,6400_6656_8448_8704,MSAVI,65536,39193,13652.0,52845.0,12691.0,worst,0.5980377197265625,0.20831298828125,0.1936492919921875
5365,6656_6912_256_512,MSAVI,65536,38764,19971.0,58735.0,6801.0,worst,0.59149169921875,0.3047332763671875,0.1037750244140625
5366,6656_6912_512_768,MSAVI,65536,30599,21423.0,52022.0,13514.0,worst,0.4669036865234375,0.3268890380859375,0.206207275390625
5367,6656_6912_768_1024,MSAVI,65536,28782,20762.0,49544.0,15992.0,worst,0.439178466796875,0.316802978515625,0.2440185546875
5368,6656_6912_1024_1280,MSAVI,65536,31475,14240.0,45715.0,19821.0,worst,0.4802703857421875,0.21728515625,0.3024444580078125
5369,6656_6912_1280_1536,MSAVI,65536,33724,14864.0,48588.0,16948.0,worst,0.51458740234375,0.226806640625,0.25860595703125
5370,6656_6912_1536_1792,MSAVI,65536,26845,16884.0,43729.0,21807.0,worst,0.4096221923828125,0.25762939453125,0.3327484130859375
5371,6656_6912_1792_2048,MSAVI,65536,43240,11498.0,54738.0,10798.0,worst,0.6597900390625,0.175445556640625,0.164764404296875
5372,6656_6912_2048_2304,MSAVI,65536,51823,5683.0,57506.0,8030.0,worst,0.7907562255859375,0.0867156982421875,0.122528076171875
5373,6656_6912_2304_2560,MSAVI,65536,46862,2197.0,49059.0,16477.0,worst,0.715057373046875,0.0335235595703125,0.2514190673828125
5374,6656_6912_2560_2816,MSAVI,65536,40622,7843.0,48465.0,17071.0,worst,0.619842529296875,0.1196746826171875,0.2604827880859375
5375,6656_6912_2816_3072,MSAVI,65536,45632,4974.0,50606.0,14930.0,worst,0.6962890625,0.075897216796875,0.227813720703125
5376,6656_6912_3072_3328,MSAVI,65536,36873,9995.0,46868.0,18668.0,worst,0.5626373291015625,0.1525115966796875,0.28485107421875
5377,6656_6912_3328_3584,MSAVI,65536,35298,8597.0,43895.0,21641.0,worst,0.538604736328125,0.1311798095703125,0.3302154541015625
5378,6656_6912_3584_3840,MSAVI,65536,48120,2522.0,50642.0,14894.0,worst,0.7342529296875,0.038482666015625,0.227264404296875
5379,6656_6912_3840_4096,MSAVI,65536,47296,599.0,47895.0,17641.0,worst,0.7216796875,0.0091400146484375,0.2691802978515625
5380,6656_6912_4096_4352,MSAVI,65536,48594,340.0,48934.0,16602.0,worst,0.741485595703125,0.00518798828125,0.253326416015625
5381,6656_6912_4352_4608,MSAVI,65536,39455,12183.0,51638.0,13898.0,worst,0.6020355224609375,0.1858978271484375,0.212066650390625
5382,6656_6912_4608_4864,MSAVI,65536,35995,26921.0,62916.0,2620.0,worst,0.5492401123046875,0.4107818603515625,0.03997802734375
5383,6656_6912_4864_5120,MSAVI,65536,42489,22725.0,65214.0,322.0,worst,0.6483306884765625,0.3467559814453125,0.004913330078125
5384,6656_6912_5120_5376,MSAVI,65536,38333,5442.0,43775.0,21761.0,worst,0.5849151611328125,0.083038330078125,0.3320465087890625
5385,6656_6912_5376_5632,MSAVI,65536,40234,11439.0,51673.0,13863.0,worst,0.613922119140625,0.1745452880859375,0.2115325927734375
5386,6656_6912_5632_5888,MSAVI,65536,39897,16319.0,56216.0,9320.0,worst,0.6087799072265625,0.2490081787109375,0.1422119140625
5387,6656_6912_5888_6144,MSAVI,65536,36971,20078.0,57049.0,8487.0,worst,0.5641326904296875,0.306365966796875,0.1295013427734375
5388,6656_6912_6144_6400,MSAVI,65536,31133,10549.0,41682.0,23854.0,worst,0.4750518798828125,0.1609649658203125,0.363983154296875
5389,6656_6912_6400_6656,MSAVI,65536,32967,16183.0,49150.0,16386.0,worst,0.5030364990234375,0.2469329833984375,0.250030517578125
5390,6656_6912_6656_6912,MSAVI,65536,38072,16651.0,54723.0,10813.0,worst,0.5809326171875,0.2540740966796875,0.1649932861328125
5391,6656_6912_6912_7168,MSAVI,65536,37139,8071.0,45210.0,20326.0,worst,0.5666961669921875,0.1231536865234375,0.310150146484375
5392,6656_6912_7168_7424,MSAVI,65536,30126,17168.0,47294.0,18242.0,worst,0.459686279296875,0.261962890625,0.278350830078125
5393,6656_6912_7424_7680,MSAVI,65536,38390,5986.0,44376.0,21160.0,worst,0.585784912109375,0.091339111328125,0.3228759765625
5394,6656_6912_7680_7936,MSAVI,65536,44506,5828.0,50334.0,15202.0,worst,0.679107666015625,0.08892822265625,0.231964111328125
5395,6656_6912_7936_8192,MSAVI,65536,45672,9261.0,54933.0,10603.0,worst,0.6968994140625,0.1413116455078125,0.1617889404296875
5396,6656_6912_8192_8448,MSAVI,65536,34841,12231.0,47072.0,18464.0,worst,0.5316314697265625,0.1866302490234375,0.28173828125
5397,6656_6912_8448_8704,MSAVI,65536,40059,14552.0,54611.0,10925.0,worst,0.6112518310546875,0.2220458984375,0.1667022705078125
5398,6912_7168_256_512,MSAVI,65536,29543,17309.0,46852.0,18684.0,worst,0.4507904052734375,0.2641143798828125,0.28509521484375
5399,6912_7168_512_768,MSAVI,65536,32499,22068.0,54567.0,10969.0,worst,0.4958953857421875,0.33673095703125,0.1673736572265625
5400,6912_7168_768_1024,MSAVI,65536,37727,19285.0,57012.0,8524.0,worst,0.5756683349609375,0.2942657470703125,0.13006591796875
5401,6912_7168_1024_1280,MSAVI,65536,31415,13927.0,45342.0,20194.0,worst,0.4793548583984375,0.2125091552734375,0.308135986328125
5402,6912_7168_1280_1536,MSAVI,65536,35360,10962.0,46322.0,19214.0,worst,0.53955078125,0.167266845703125,0.293182373046875
5403,6912_7168_1536_1792,MSAVI,65536,30836,23509.0,54345.0,11191.0,worst,0.47052001953125,0.3587188720703125,0.1707611083984375
5404,6912_7168_1792_2048,MSAVI,65536,37854,11123.0,48977.0,16559.0,worst,0.577606201171875,0.1697235107421875,0.2526702880859375
5405,6912_7168_2048_2304,MSAVI,65536,41068,5815.0,46883.0,18653.0,worst,0.62664794921875,0.0887298583984375,0.2846221923828125
5406,6912_7168_2304_2560,MSAVI,65536,45037,5555.0,50592.0,14944.0,worst,0.6872100830078125,0.0847625732421875,0.22802734375
5407,6912_7168_2560_2816,MSAVI,65536,43145,8551.0,51696.0,13840.0,worst,0.6583404541015625,0.1304779052734375,0.211181640625
5408,6912_7168_2816_3072,MSAVI,65536,37078,11150.0,48228.0,17308.0,worst,0.565765380859375,0.170135498046875,0.26409912109375
5409,6912_7168_3072_3328,MSAVI,65536,42488,3051.0,45539.0,19997.0,worst,0.6483154296875,0.0465545654296875,0.3051300048828125
5410,6912_7168_3328_3584,MSAVI,65536,33206,11770.0,44976.0,20560.0,worst,0.506683349609375,0.179595947265625,0.313720703125
5411,6912_7168_3584_3840,MSAVI,65536,36273,8200.0,44473.0,21063.0,worst,0.5534820556640625,0.1251220703125,0.3213958740234375
5412,6912_7168_3840_4096,MSAVI,65536,39952,5307.0,45259.0,20277.0,worst,0.609619140625,0.0809783935546875,0.3094024658203125
5413,6912_7168_4096_4352,MSAVI,65536,44979,1023.0,46002.0,19534.0,worst,0.6863250732421875,0.0156097412109375,0.298065185546875
5414,6912_7168_4352_4608,MSAVI,65536,35350,14773.0,50123.0,15413.0,worst,0.539398193359375,0.2254180908203125,0.2351837158203125
5415,6912_7168_4608_4864,MSAVI,65536,37253,18212.0,55465.0,10071.0,worst,0.5684356689453125,0.27789306640625,0.1536712646484375
5416,6912_7168_4864_5120,MSAVI,65536,35666,17337.0,53003.0,12533.0,worst,0.544219970703125,0.2645416259765625,0.1912384033203125
5417,6912_7168_5120_5376,MSAVI,65536,35212,9857.0,45069.0,20467.0,worst,0.53729248046875,0.1504058837890625,0.3123016357421875
5418,6912_7168_5376_5632,MSAVI,65536,42542,10928.0,53470.0,12066.0,worst,0.649139404296875,0.166748046875,0.184112548828125
5419,6912_7168_5632_5888,MSAVI,65536,39610,15147.0,54757.0,10779.0,worst,0.604400634765625,0.2311248779296875,0.1644744873046875
5420,6912_7168_5888_6144,MSAVI,65536,35616,22223.0,57839.0,7697.0,worst,0.54345703125,0.3390960693359375,0.1174468994140625
5421,6912_7168_6144_6400,MSAVI,65536,34923,15355.0,50278.0,15258.0,worst,0.5328826904296875,0.2342987060546875,0.232818603515625
5422,6912_7168_6400_6656,MSAVI,65536,37275,15716.0,52991.0,12545.0,worst,0.5687713623046875,0.23980712890625,0.1914215087890625
5423,6912_7168_6656_6912,MSAVI,65536,37423,16950.0,54373.0,11163.0,worst,0.5710296630859375,0.258636474609375,0.1703338623046875
5424,6912_7168_6912_7168,MSAVI,65536,33482,13898.0,47380.0,18156.0,worst,0.510894775390625,0.212066650390625,0.27703857421875
5425,6912_7168_7168_7424,MSAVI,65536,32719,13441.0,46160.0,19376.0,worst,0.4992523193359375,0.2050933837890625,0.295654296875
5426,6912_7168_7424_7680,MSAVI,65536,33591,12058.0,45649.0,19887.0,worst,0.5125579833984375,0.183990478515625,0.3034515380859375
5427,6912_7168_7680_7936,MSAVI,65536,42401,12003.0,54404.0,11132.0,worst,0.6469879150390625,0.1831512451171875,0.16986083984375
5428,6912_7168_7936_8192,MSAVI,65536,35990,17019.0,53009.0,12527.0,worst,0.549163818359375,0.2596893310546875,0.1911468505859375
5429,6912_7168_8192_8448,MSAVI,65536,33386,7846.0,41232.0,24304.0,worst,0.509429931640625,0.119720458984375,0.370849609375
5430,6912_7168_8448_8704,MSAVI,65536,34482,10600.0,45082.0,20454.0,worst,0.526153564453125,0.1617431640625,0.312103271484375
5431,7168_7424_256_512,MSAVI,65536,32447,19601.0,52048.0,13488.0,worst,0.4951019287109375,0.2990875244140625,0.205810546875
5432,7168_7424_512_768,MSAVI,65536,34568,19987.0,54555.0,10981.0,worst,0.5274658203125,0.3049774169921875,0.1675567626953125
5433,7168_7424_768_1024,MSAVI,65536,32639,17356.0,49995.0,15541.0,worst,0.4980316162109375,0.26483154296875,0.2371368408203125
5434,7168_7424_1024_1280,MSAVI,65536,32226,19115.0,51341.0,14195.0,worst,0.491729736328125,0.2916717529296875,0.2165985107421875
5435,7168_7424_1280_1536,MSAVI,65536,31702,13174.0,44876.0,20660.0,worst,0.483734130859375,0.201019287109375,0.31524658203125
5436,7168_7424_1536_1792,MSAVI,65536,31047,19838.0,50885.0,14651.0,worst,0.4737396240234375,0.302703857421875,0.2235565185546875
5437,7168_7424_1792_2048,MSAVI,65536,32669,12878.0,45547.0,19989.0,worst,0.4984893798828125,0.196502685546875,0.3050079345703125
5438,7168_7424_2048_2304,MSAVI,65536,36218,7549.0,43767.0,21769.0,worst,0.552642822265625,0.1151885986328125,0.3321685791015625
5439,7168_7424_2304_2560,MSAVI,65536,39111,10688.0,49799.0,15737.0,worst,0.5967864990234375,0.1630859375,0.2401275634765625
5440,7168_7424_2560_2816,MSAVI,65536,35495,19728.0,55223.0,10313.0,worst,0.5416107177734375,0.301025390625,0.1573638916015625
5441,7168_7424_2816_3072,MSAVI,65536,42625,12956.0,55581.0,9955.0,worst,0.6504058837890625,0.19769287109375,0.1519012451171875
5442,7168_7424_3072_3328,MSAVI,65536,40887,3120.0,44007.0,21529.0,worst,0.6238861083984375,0.047607421875,0.3285064697265625
5443,7168_7424_3328_3584,MSAVI,65536,31777,14636.0,46413.0,19123.0,worst,0.4848785400390625,0.22332763671875,0.2917938232421875
5444,7168_7424_3584_3840,MSAVI,65536,36735,8173.0,44908.0,20628.0,worst,0.5605316162109375,0.1247100830078125,0.31475830078125
5445,7168_7424_3840_4096,MSAVI,65536,40787,3686.0,44473.0,21063.0,worst,0.6223602294921875,0.056243896484375,0.3213958740234375
5446,7168_7424_4096_4352,MSAVI,65536,39798,2235.0,42033.0,23503.0,worst,0.607269287109375,0.0341033935546875,0.3586273193359375
5447,7168_7424_4352_4608,MSAVI,65536,40364,6905.0,47269.0,18267.0,worst,0.61590576171875,0.1053619384765625,0.2787322998046875
5448,7168_7424_4608_4864,MSAVI,65536,37913,16649.0,54562.0,10974.0,worst,0.5785064697265625,0.2540435791015625,0.167449951171875
5449,7168_7424_4864_5120,MSAVI,65536,37177,17904.0,55081.0,10455.0,worst,0.5672760009765625,0.273193359375,0.1595306396484375
5450,7168_7424_5120_5376,MSAVI,65536,37314,11672.0,48986.0,16550.0,worst,0.569366455078125,0.1781005859375,0.252532958984375
5451,7168_7424_5376_5632,MSAVI,65536,47345,12694.0,60039.0,5497.0,worst,0.7224273681640625,0.193695068359375,0.0838775634765625
5452,7168_7424_5632_5888,MSAVI,65536,38423,9642.0,48065.0,17471.0,worst,0.5862884521484375,0.147125244140625,0.2665863037109375
5453,7168_7424_5888_6144,MSAVI,65536,34716,19199.0,53915.0,11621.0,worst,0.52972412109375,0.2929534912109375,0.1773223876953125
5454,7168_7424_6144_6400,MSAVI,65536,36699,11761.0,48460.0,17076.0,worst,0.5599822998046875,0.1794586181640625,0.26055908203125
5455,7168_7424_6400_6656,MSAVI,65536,34426,21070.0,55496.0,10040.0,worst,0.525299072265625,0.321502685546875,0.1531982421875
5456,7168_7424_6656_6912,MSAVI,65536,40230,18382.0,58612.0,6924.0,worst,0.613861083984375,0.280487060546875,0.10565185546875
5457,7168_7424_6912_7168,MSAVI,65536,38612,17575.0,56187.0,9349.0,worst,0.58917236328125,0.2681732177734375,0.1426544189453125
5458,7168_7424_7168_7424,MSAVI,65536,33793,9964.0,43757.0,21779.0,worst,0.5156402587890625,0.15203857421875,0.3323211669921875
5459,7168_7424_7424_7680,MSAVI,65536,38470,13121.0,51591.0,13945.0,worst,0.587005615234375,0.2002105712890625,0.2127838134765625
5460,7168_7424_7680_7936,MSAVI,65536,48306,11173.0,59479.0,6057.0,worst,0.737091064453125,0.1704864501953125,0.0924224853515625
5461,7168_7424_7936_8192,MSAVI,65536,38921,12725.0,51646.0,13890.0,worst,0.5938873291015625,0.1941680908203125,0.211944580078125
5462,7168_7424_8192_8448,MSAVI,65536,33050,13231.0,46281.0,19255.0,worst,0.504302978515625,0.2018890380859375,0.2938079833984375
5463,7168_7424_8448_8704,MSAVI,65536,40281,15542.0,55823.0,9713.0,worst,0.6146392822265625,0.237152099609375,0.1482086181640625
5464,7424_7680_256_512,MSAVI,65536,36001,27153.0,63154.0,2382.0,worst,0.5493316650390625,0.4143218994140625,0.036346435546875
5465,7424_7680_512_768,MSAVI,65536,34854,14127.0,48981.0,16555.0,worst,0.531829833984375,0.2155609130859375,0.2526092529296875
5466,7424_7680_768_1024,MSAVI,65536,32887,17137.0,50024.0,15512.0,worst,0.5018157958984375,0.2614898681640625,0.2366943359375
5467,7424_7680_1024_1280,MSAVI,65536,29804,15492.0,45296.0,20240.0,worst,0.45477294921875,0.23638916015625,0.308837890625
5468,7424_7680_1280_1536,MSAVI,65536,34476,11449.0,45925.0,19611.0,worst,0.52606201171875,0.1746978759765625,0.2992401123046875
5469,7424_7680_1536_1792,MSAVI,65536,33454,24992.0,58446.0,7090.0,worst,0.510467529296875,0.38134765625,0.108184814453125
5470,7424_7680_1792_2048,MSAVI,65536,35256,18650.0,53906.0,11630.0,worst,0.5379638671875,0.284576416015625,0.177459716796875
5471,7424_7680_2048_2304,MSAVI,65536,32850,11359.0,44209.0,21327.0,worst,0.501251220703125,0.1733245849609375,0.3254241943359375
5472,7424_7680_2304_2560,MSAVI,65536,35181,8305.0,43486.0,22050.0,worst,0.5368194580078125,0.1267242431640625,0.336456298828125
5473,7424_7680_2560_2816,MSAVI,65536,43316,7965.0,51281.0,14255.0,worst,0.66094970703125,0.1215362548828125,0.2175140380859375
5474,7424_7680_2816_3072,MSAVI,65536,45401,11309.0,56710.0,8826.0,worst,0.6927642822265625,0.1725616455078125,0.134674072265625
5475,7424_7680_3072_3328,MSAVI,65536,47152,5614.0,52766.0,12770.0,worst,0.719482421875,0.085662841796875,0.194854736328125
5476,7424_7680_3328_3584,MSAVI,65536,38216,17398.0,55614.0,9922.0,worst,0.5831298828125,0.265472412109375,0.151397705078125
5477,7424_7680_3584_3840,MSAVI,65536,38757,13866.0,52623.0,12913.0,worst,0.5913848876953125,0.211578369140625,0.1970367431640625
5478,7424_7680_3840_4096,MSAVI,65536,39779,10392.0,50171.0,15365.0,worst,0.6069793701171875,0.1585693359375,0.2344512939453125
5479,7424_7680_4096_4352,MSAVI,65536,43433,9018.0,52451.0,13085.0,worst,0.6627349853515625,0.137603759765625,0.1996612548828125
5480,7424_7680_4352_4608,MSAVI,65536,43264,6429.0,49693.0,15843.0,worst,0.66015625,0.0980987548828125,0.2417449951171875
5481,7424_7680_4608_4864,MSAVI,65536,46344,10109.0,56453.0,9083.0,worst,0.7071533203125,0.1542510986328125,0.1385955810546875
5482,7424_7680_4864_5120,MSAVI,65536,37636,15512.0,53148.0,12388.0,worst,0.57427978515625,0.2366943359375,0.18902587890625
5483,7424_7680_5120_5376,MSAVI,65536,32432,7120.0,39552.0,25984.0,worst,0.494873046875,0.108642578125,0.396484375
5484,7424_7680_5376_5632,MSAVI,65536,33401,9733.0,43134.0,22402.0,worst,0.5096588134765625,0.1485137939453125,0.341827392578125
5485,7424_7680_5632_5888,MSAVI,65536,37173,11677.0,48850.0,16686.0,worst,0.5672149658203125,0.1781768798828125,0.254608154296875
5486,7424_7680_5888_6144,MSAVI,65536,31945,10378.0,42323.0,23213.0,worst,0.4874420166015625,0.158355712890625,0.3542022705078125
5487,7424_7680_6144_6400,MSAVI,65536,34567,15910.0,50477.0,15059.0,worst,0.5274505615234375,0.242767333984375,0.2297821044921875
5488,7424_7680_6400_6656,MSAVI,65536,30535,10778.0,41313.0,24223.0,worst,0.4659271240234375,0.164459228515625,0.3696136474609375
5489,7424_7680_6656_6912,MSAVI,65536,41052,20612.0,61664.0,3872.0,worst,0.62640380859375,0.31451416015625,0.05908203125
5490,7424_7680_6912_7168,MSAVI,65536,35912,17739.0,53651.0,11885.0,worst,0.5479736328125,0.2706756591796875,0.1813507080078125
5491,7424_7680_7168_7424,MSAVI,65536,35499,8247.0,43746.0,21790.0,worst,0.5416717529296875,0.1258392333984375,0.332489013671875
5492,7424_7680_7424_7680,MSAVI,65536,37290,15449.0,52739.0,12797.0,worst,0.569000244140625,0.2357330322265625,0.1952667236328125
5493,7424_7680_7680_7936,MSAVI,65536,37169,19442.0,56611.0,8925.0,worst,0.5671539306640625,0.296661376953125,0.1361846923828125
5494,7424_7680_7936_8192,MSAVI,65536,41075,14621.0,55696.0,9840.0,worst,0.6267547607421875,0.2230987548828125,0.150146484375
5495,7424_7680_8192_8448,MSAVI,65536,37669,12723.0,50392.0,15144.0,worst,0.5747833251953125,0.1941375732421875,0.2310791015625
5496,7424_7680_8448_8704,MSAVI,65536,43421,10860.0,54281.0,11255.0,worst,0.6625518798828125,0.16571044921875,0.1717376708984375
5497,7680_7936_256_512,MSAVI,65536,31455,31261.0,62716.0,2820.0,worst,0.4799652099609375,0.4770050048828125,0.04302978515625
5498,7680_7936_512_768,MSAVI,65536,36983,25605.0,62588.0,2948.0,worst,0.5643157958984375,0.3907012939453125,0.04498291015625
5499,7680_7936_768_1024,MSAVI,65536,41230,17147.0,58377.0,7159.0,worst,0.629119873046875,0.2616424560546875,0.1092376708984375
5500,7680_7936_1024_1280,MSAVI,65536,32942,14103.0,47045.0,18491.0,worst,0.502655029296875,0.2151947021484375,0.2821502685546875
5501,7680_7936_1280_1536,MSAVI,65536,32136,13533.0,45669.0,19867.0,worst,0.4903564453125,0.2064971923828125,0.3031463623046875
5502,7680_7936_1536_1792,MSAVI,65536,40769,20790.0,61559.0,3977.0,worst,0.6220855712890625,0.317230224609375,0.0606842041015625
5503,7680_7936_1792_2048,MSAVI,65536,33877,19041.0,52918.0,12618.0,worst,0.5169219970703125,0.2905426025390625,0.192535400390625
5504,7680_7936_2048_2304,MSAVI,65536,33611,10843.0,44454.0,21082.0,worst,0.5128631591796875,0.1654510498046875,0.321685791015625
5505,7680_7936_2304_2560,MSAVI,65536,38406,12257.0,50663.0,14873.0,worst,0.586029052734375,0.1870269775390625,0.2269439697265625
5506,7680_7936_2560_2816,MSAVI,65536,40612,14740.0,55352.0,10184.0,worst,0.61968994140625,0.22491455078125,0.1553955078125
5507,7680_7936_2816_3072,MSAVI,65536,44909,10782.0,55691.0,9845.0,worst,0.6852569580078125,0.164520263671875,0.1502227783203125
5508,7680_7936_3072_3328,MSAVI,65536,38516,11524.0,50040.0,15496.0,worst,0.58770751953125,0.17584228515625,0.2364501953125
5509,7680_7936_3328_3584,MSAVI,65536,42211,9973.0,52184.0,13352.0,worst,0.6440887451171875,0.1521759033203125,0.2037353515625
5510,7680_7936_3584_3840,MSAVI,65536,32912,24729.0,57641.0,7895.0,worst,0.502197265625,0.3773345947265625,0.1204681396484375
5511,7680_7936_3840_4096,MSAVI,65536,43719,13667.0,57386.0,8150.0,worst,0.6670989990234375,0.2085418701171875,0.124359130859375
5512,7680_7936_4096_4352,MSAVI,65536,41011,3416.0,44427.0,21109.0,worst,0.6257781982421875,0.0521240234375,0.3220977783203125
5513,7680_7936_4352_4608,MSAVI,65536,43093,1757.0,44850.0,20686.0,worst,0.6575469970703125,0.0268096923828125,0.315643310546875
5514,7680_7936_4608_4864,MSAVI,65536,39403,12135.0,51538.0,13998.0,worst,0.6012420654296875,0.1851654052734375,0.213592529296875
5515,7680_7936_4864_5120,MSAVI,65536,35935,15687.0,51622.0,13914.0,worst,0.5483245849609375,0.2393646240234375,0.212310791015625
5516,7680_7936_5120_5376,MSAVI,65536,33263,14426.0,47689.0,17847.0,worst,0.5075531005859375,0.220123291015625,0.2723236083984375
5517,7680_7936_5376_5632,MSAVI,65536,33681,12130.0,45811.0,19725.0,worst,0.5139312744140625,0.185089111328125,0.3009796142578125
5518,7680_7936_5632_5888,MSAVI,65536,40202,12901.0,53103.0,12433.0,worst,0.613433837890625,0.1968536376953125,0.1897125244140625
5519,7680_7936_5888_6144,MSAVI,65536,37329,15320.0,52649.0,12887.0,worst,0.5695953369140625,0.2337646484375,0.1966400146484375
5520,7680_7936_6144_6400,MSAVI,65536,33713,10529.0,44242.0,21294.0,worst,0.5144195556640625,0.1606597900390625,0.324920654296875
5521,7680_7936_6400_6656,MSAVI,65536,32035,8884.0,40919.0,24617.0,worst,0.4888153076171875,0.13555908203125,0.3756256103515625
5522,7680_7936_6656_6912,MSAVI,65536,36173,18734.0,54907.0,10629.0,worst,0.5519561767578125,0.285858154296875,0.1621856689453125
5523,7680_7936_6912_7168,MSAVI,65536,37287,16434.0,53721.0,11815.0,worst,0.5689544677734375,0.250762939453125,0.1802825927734375
5524,7680_7936_7168_7424,MSAVI,65536,33461,11754.0,45215.0,20321.0,worst,0.5105743408203125,0.179351806640625,0.3100738525390625
5525,7680_7936_7424_7680,MSAVI,65536,41282,17495.0,58777.0,6759.0,worst,0.629913330078125,0.2669525146484375,0.1031341552734375
5526,7680_7936_7680_7936,MSAVI,65536,35554,18355.0,53909.0,11627.0,worst,0.542510986328125,0.2800750732421875,0.1774139404296875
5527,7680_7936_7936_8192,MSAVI,65536,34488,23468.0,57956.0,7580.0,worst,0.5262451171875,0.35809326171875,0.11566162109375
5528,7680_7936_8192_8448,MSAVI,65536,34164,13403.0,47567.0,17969.0,worst,0.52130126953125,0.2045135498046875,0.2741851806640625
5529,7680_7936_8448_8704,MSAVI,65536,38410,11904.0,50314.0,15222.0,worst,0.586090087890625,0.181640625,0.232269287109375
5530,7936_8192_256_512,MSAVI,65536,43241,5138.0,48379.0,17157.0,worst,0.6598052978515625,0.078399658203125,0.2617950439453125
5531,7936_8192_512_768,MSAVI,65536,32865,29381.0,62246.0,3290.0,worst,0.5014801025390625,0.4483184814453125,0.050201416015625
5532,7936_8192_768_1024,MSAVI,65536,40015,22114.0,62129.0,3407.0,worst,0.6105804443359375,0.337432861328125,0.0519866943359375
5533,7936_8192_1024_1280,MSAVI,65536,32225,11793.0,44018.0,21518.0,worst,0.4917144775390625,0.1799468994140625,0.328338623046875
5534,7936_8192_1280_1536,MSAVI,65536,32034,15368.0,47402.0,18134.0,worst,0.488800048828125,0.2344970703125,0.276702880859375
5535,7936_8192_1536_1792,MSAVI,65536,32916,27368.0,60284.0,5252.0,worst,0.50225830078125,0.4176025390625,0.08013916015625
5536,7936_8192_1792_2048,MSAVI,65536,39455,16700.0,56155.0,9381.0,worst,0.6020355224609375,0.25482177734375,0.1431427001953125
5537,7936_8192_2048_2304,MSAVI,65536,34640,9558.0,44198.0,21338.0,worst,0.528564453125,0.145843505859375,0.325592041015625
5538,7936_8192_2304_2560,MSAVI,65536,41375,7910.0,49285.0,16251.0,worst,0.6313323974609375,0.120697021484375,0.2479705810546875
5539,7936_8192_2560_2816,MSAVI,65536,36031,24077.0,60108.0,5428.0,worst,0.5497894287109375,0.3673858642578125,0.08282470703125
5540,7936_8192_2816_3072,MSAVI,65536,45993,9384.0,55377.0,10159.0,worst,0.7017974853515625,0.1431884765625,0.1550140380859375
5541,7936_8192_3072_3328,MSAVI,65536,40559,9348.0,49907.0,15629.0,worst,0.6188812255859375,0.14263916015625,0.2384796142578125
5542,7936_8192_3328_3584,MSAVI,65536,35034,11773.0,46807.0,18729.0,worst,0.534576416015625,0.1796417236328125,0.2857818603515625
5543,7936_8192_3584_3840,MSAVI,65536,40531,14210.0,54741.0,10795.0,worst,0.6184539794921875,0.216827392578125,0.1647186279296875
5544,7936_8192_3840_4096,MSAVI,65536,37336,18678.0,56014.0,9522.0,worst,0.5697021484375,0.285003662109375,0.145294189453125
5545,7936_8192_4096_4352,MSAVI,65536,42676,6255.0,48931.0,16605.0,worst,0.65118408203125,0.0954437255859375,0.2533721923828125
5546,7936_8192_4352_4608,MSAVI,65536,49549,1694.0,51243.0,14293.0,worst,0.7560577392578125,0.025848388671875,0.2180938720703125
5547,7936_8192_4608_4864,MSAVI,65536,52650,4559.0,57209.0,8327.0,worst,0.803375244140625,0.0695648193359375,0.1270599365234375
5548,7936_8192_4864_5120,MSAVI,65536,46096,12242.0,58338.0,7198.0,worst,0.703369140625,0.186798095703125,0.109832763671875
5549,7936_8192_5120_5376,MSAVI,65536,33198,13046.0,46244.0,19292.0,worst,0.506561279296875,0.199066162109375,0.29437255859375
5550,7936_8192_5376_5632,MSAVI,65536,35659,22520.0,58179.0,7357.0,worst,0.5441131591796875,0.3436279296875,0.1122589111328125
5551,7936_8192_5632_5888,MSAVI,65536,40540,15175.0,55715.0,9821.0,worst,0.61859130859375,0.2315521240234375,0.1498565673828125
5552,7936_8192_5888_6144,MSAVI,65536,37592,10113.0,47705.0,17831.0,worst,0.5736083984375,0.1543121337890625,0.2720794677734375
5553,7936_8192_6144_6400,MSAVI,65536,34803,7840.0,42643.0,22893.0,worst,0.5310516357421875,0.11962890625,0.3493194580078125
5554,7936_8192_6400_6656,MSAVI,65536,37295,7542.0,44837.0,20699.0,worst,0.5690765380859375,0.115081787109375,0.3158416748046875
5555,7936_8192_6656_6912,MSAVI,65536,34820,18265.0,53085.0,12451.0,worst,0.53131103515625,0.2787017822265625,0.1899871826171875
5556,7936_8192_6912_7168,MSAVI,65536,33724,14618.0,48342.0,17194.0,worst,0.51458740234375,0.223052978515625,0.262359619140625
5557,7936_8192_7168_7424,MSAVI,65536,34515,13018.0,47533.0,18003.0,worst,0.5266571044921875,0.198638916015625,0.2747039794921875
5558,7936_8192_7424_7680,MSAVI,65536,40671,13643.0,54314.0,11222.0,worst,0.6205902099609375,0.2081756591796875,0.171234130859375
5559,7936_8192_7680_7936,MSAVI,65536,30071,27129.0,57200.0,8336.0,worst,0.4588470458984375,0.4139556884765625,0.127197265625
5560,7936_8192_7936_8192,MSAVI,65536,49056,10581.0,59637.0,5899.0,worst,0.74853515625,0.1614532470703125,0.0900115966796875
5561,7936_8192_8192_8448,MSAVI,65536,55910,3518.0,59428.0,6108.0,worst,0.853118896484375,0.053680419921875,0.09320068359375
5562,7936_8192_8448_8704,MSAVI,65536,48707,8770.0,57477.0,8059.0,worst,0.7432098388671875,0.133819580078125,0.1229705810546875
5563,8192_8448_256_512,MSAVI,65536,44378,3436.0,47814.0,17722.0,worst,0.677154541015625,0.05242919921875,0.270416259765625
5564,8192_8448_512_768,MSAVI,65536,34009,32690.0,66699.0,-1163.0,worst,0.5189361572265625,0.498809814453125,-0.0177459716796875
5565,8192_8448_768_1024,MSAVI,65536,41088,13310.0,54398.0,11138.0,worst,0.626953125,0.203094482421875,0.169952392578125
5566,8192_8448_1024_1280,MSAVI,65536,35095,16988.0,52083.0,13453.0,worst,0.5355072021484375,0.25921630859375,0.2052764892578125
5567,8192_8448_1280_1536,MSAVI,65536,34427,19113.0,53540.0,11996.0,worst,0.5253143310546875,0.2916412353515625,0.18304443359375
5568,8192_8448_1536_1792,MSAVI,65536,39533,19910.0,59443.0,6093.0,worst,0.6032257080078125,0.303802490234375,0.0929718017578125
5569,8192_8448_1792_2048,MSAVI,65536,45037,11969.0,57006.0,8530.0,worst,0.6872100830078125,0.1826324462890625,0.130157470703125
5570,8192_8448_2048_2304,MSAVI,65536,41700,5845.0,47545.0,17991.0,worst,0.63629150390625,0.0891876220703125,0.2745208740234375
5571,8192_8448_2304_2560,MSAVI,65536,37509,9259.0,46768.0,18768.0,worst,0.5723419189453125,0.1412811279296875,0.286376953125
5572,8192_8448_2560_2816,MSAVI,65536,36283,16086.0,52369.0,13167.0,worst,0.5536346435546875,0.245452880859375,0.2009124755859375
5573,8192_8448_2816_3072,MSAVI,65536,36385,23916.0,60301.0,5235.0,worst,0.5551910400390625,0.36492919921875,0.0798797607421875
5574,8192_8448_3072_3328,MSAVI,65536,34717,25930.0,60647.0,4889.0,worst,0.5297393798828125,0.395660400390625,0.0746002197265625
5575,8192_8448_3328_3584,MSAVI,65536,47158,5321.0,52479.0,13057.0,worst,0.719573974609375,0.0811920166015625,0.1992340087890625
5576,8192_8448_3584_3840,MSAVI,65536,42252,15492.0,57744.0,7792.0,worst,0.64471435546875,0.23638916015625,0.118896484375
5577,8192_8448_3840_4096,MSAVI,65536,38008,23100.0,61108.0,4428.0,worst,0.5799560546875,0.35247802734375,0.06756591796875
5578,8192_8448_4096_4352,MSAVI,65536,41098,21580.0,62678.0,2858.0,worst,0.627105712890625,0.32928466796875,0.043609619140625
5579,8192_8448_4352_4608,MSAVI,65536,48671,7012.0,55683.0,9853.0,worst,0.7426605224609375,0.10699462890625,0.1503448486328125
5580,8192_8448_4608_4864,MSAVI,65536,59311,3167.0,62478.0,3058.0,worst,0.9050140380859375,0.0483245849609375,0.046661376953125
5581,8192_8448_4864_5120,MSAVI,65536,44177,1408.0,45585.0,19951.0,worst,0.6740875244140625,0.021484375,0.3044281005859375
5582,8192_8448_5120_5376,MSAVI,65536,45232,10345.0,55577.0,9959.0,worst,0.690185546875,0.1578521728515625,0.1519622802734375
5583,8192_8448_5376_5632,MSAVI,65536,34812,25361.0,60173.0,5363.0,worst,0.53118896484375,0.3869781494140625,0.0818328857421875
5584,8192_8448_5632_5888,MSAVI,65536,39500,16686.0,56186.0,9350.0,worst,0.60272216796875,0.254608154296875,0.142669677734375
5585,8192_8448_5888_6144,MSAVI,65536,37860,13400.0,51260.0,14276.0,worst,0.57769775390625,0.2044677734375,0.21783447265625
5586,8192_8448_6144_6400,MSAVI,65536,33871,13293.0,47164.0,18372.0,worst,0.5168304443359375,0.2028350830078125,0.28033447265625
5587,8192_8448_6400_6656,MSAVI,65536,31216,17960.0,49176.0,16360.0,worst,0.476318359375,0.2740478515625,0.2496337890625
5588,8192_8448_6656_6912,MSAVI,65536,35376,16157.0,51533.0,14003.0,worst,0.539794921875,0.2465362548828125,0.2136688232421875
5589,8192_8448_6912_7168,MSAVI,65536,35661,9970.0,45631.0,19905.0,worst,0.5441436767578125,0.152130126953125,0.3037261962890625
5590,8192_8448_7168_7424,MSAVI,65536,39907,9396.0,49303.0,16233.0,worst,0.6089324951171875,0.14337158203125,0.2476959228515625
5591,8192_8448_7424_7680,MSAVI,65536,47305,4044.0,51349.0,14187.0,worst,0.7218170166015625,0.06170654296875,0.2164764404296875
5592,8192_8448_7680_7936,MSAVI,65536,46880,15429.0,62309.0,3227.0,worst,0.71533203125,0.2354278564453125,0.0492401123046875
5593,8192_8448_7936_8192,MSAVI,65536,49390,2919.0,52309.0,13227.0,worst,0.753631591796875,0.0445404052734375,0.2018280029296875
5594,8192_8448_8192_8448,MSAVI,65536,54213,4090.0,58303.0,7233.0,worst,0.8272247314453125,0.062408447265625,0.1103668212890625
5595,8192_8448_8448_8704,MSAVI,65536,33790,8907.0,42697.0,22839.0,worst,0.515594482421875,0.1359100341796875,0.3484954833984375
5596,8448_8704_256_512,MSAVI,65536,44539,10789.0,55328.0,10208.0,worst,0.6796112060546875,0.1646270751953125,0.15576171875
5597,8448_8704_512_768,MSAVI,65536,35851,18569.0,54420.0,11116.0,worst,0.5470428466796875,0.2833404541015625,0.16961669921875
5598,8448_8704_768_1024,MSAVI,65536,43598,16737.0,60335.0,5201.0,worst,0.665252685546875,0.2553863525390625,0.0793609619140625
5599,8448_8704_1024_1280,MSAVI,65536,33678,22313.0,55991.0,9545.0,worst,0.513885498046875,0.3404693603515625,0.1456451416015625
5600,8448_8704_1280_1536,MSAVI,65536,34935,16636.0,51571.0,13965.0,worst,0.5330657958984375,0.25384521484375,0.2130889892578125
5601,8448_8704_1536_1792,MSAVI,65536,34569,19954.0,54523.0,11013.0,worst,0.5274810791015625,0.304473876953125,0.1680450439453125
5602,8448_8704_1792_2048,MSAVI,65536,43345,17268.0,60613.0,4923.0,worst,0.6613922119140625,0.26348876953125,0.0751190185546875
5603,8448_8704_2048_2304,MSAVI,65536,46321,11914.0,58235.0,7301.0,worst,0.7068023681640625,0.181793212890625,0.1114044189453125
5604,8448_8704_2304_2560,MSAVI,65536,39635,13313.0,52948.0,12588.0,worst,0.6047821044921875,0.2031402587890625,0.19207763671875
5605,8448_8704_2560_2816,MSAVI,65536,36470,19553.0,56023.0,9513.0,worst,0.556488037109375,0.2983551025390625,0.1451568603515625
5606,8448_8704_2816_3072,MSAVI,65536,38639,25125.0,63764.0,1772.0,worst,0.5895843505859375,0.3833770751953125,0.02703857421875
5607,8448_8704_3072_3328,MSAVI,65536,47032,15756.0,62788.0,2748.0,worst,0.7176513671875,0.24041748046875,0.04193115234375
5608,8448_8704_3328_3584,MSAVI,65536,50543,6349.0,56892.0,8644.0,worst,0.7712249755859375,0.0968780517578125,0.13189697265625
5609,8448_8704_3584_3840,MSAVI,65536,50879,6110.0,56989.0,8547.0,worst,0.7763519287109375,0.093231201171875,0.1304168701171875
5610,8448_8704_3840_4096,MSAVI,65536,51638,2735.0,54373.0,11163.0,worst,0.787933349609375,0.0417327880859375,0.1703338623046875
5611,8448_8704_4096_4352,MSAVI,65536,40795,19509.0,60304.0,5232.0,worst,0.6224822998046875,0.2976837158203125,0.079833984375
5612,8448_8704_4352_4608,MSAVI,65536,38608,21056.0,59664.0,5872.0,worst,0.589111328125,0.3212890625,0.089599609375
5613,8448_8704_4608_4864,MSAVI,65536,47447,14034.0,61481.0,4055.0,worst,0.7239837646484375,0.214141845703125,0.0618743896484375
5614,8448_8704_4864_5120,MSAVI,65536,48183,5845.0,54028.0,11508.0,worst,0.7352142333984375,0.0891876220703125,0.17559814453125
5615,8448_8704_5120_5376,MSAVI,65536,45222,4205.0,49427.0,16109.0,worst,0.690032958984375,0.0641632080078125,0.2458038330078125
5616,8448_8704_5376_5632,MSAVI,65536,42189,12396.0,54585.0,10951.0,worst,0.6437530517578125,0.18914794921875,0.1670989990234375
5617,8448_8704_5632_5888,MSAVI,65536,38752,20337.0,59089.0,6447.0,worst,0.59130859375,0.3103179931640625,0.0983734130859375
5618,8448_8704_5888_6144,MSAVI,65536,39575,12803.0,52378.0,13158.0,worst,0.6038665771484375,0.1953582763671875,0.200775146484375
5619,8448_8704_6144_6400,MSAVI,65536,39962,12831.0,52793.0,12743.0,worst,0.609771728515625,0.1957855224609375,0.1944427490234375
5620,8448_8704_6400_6656,MSAVI,65536,43149,15675.0,58824.0,6712.0,worst,0.6584014892578125,0.2391815185546875,0.1024169921875
5621,8448_8704_6656_6912,MSAVI,65536,38288,15203.0,53491.0,12045.0,worst,0.584228515625,0.2319793701171875,0.1837921142578125
5622,8448_8704_6912_7168,MSAVI,65536,34015,14923.0,48938.0,16598.0,worst,0.5190277099609375,0.2277069091796875,0.253265380859375
5623,8448_8704_7168_7424,MSAVI,65536,45109,8296.0,53405.0,12131.0,worst,0.6883087158203125,0.1265869140625,0.1851043701171875
5624,8448_8704_7424_7680,MSAVI,65536,43092,7472.0,50564.0,14972.0,worst,0.65753173828125,0.114013671875,0.22845458984375
5625,8448_8704_7680_7936,MSAVI,65536,48146,9360.0,57506.0,8030.0,worst,0.734649658203125,0.142822265625,0.122528076171875
5626,8448_8704_7936_8192,MSAVI,65536,38143,6553.0,44696.0,20840.0,worst,0.5820159912109375,0.0999908447265625,0.3179931640625
5627,8448_8704_8192_8448,MSAVI,65536,49000,7302.0,56302.0,9234.0,worst,0.7476806640625,0.111419677734375,0.140899658203125
5628,8448_8704_8448_8704,MSAVI,65536,45305,13039.0,58344.0,7192.0,worst,0.6912994384765625,0.1989593505859375,0.1097412109375
5629,8704_8960_256_512,MSAVI,65536,32892,21154.0,54046.0,11490.0,worst,0.50189208984375,0.322784423828125,0.175323486328125
5630,8704_8960_512_768,MSAVI,65536,38243,19109.0,57352.0,8184.0,worst,0.5835418701171875,0.2915802001953125,0.1248779296875
5631,8704_8960_768_1024,MSAVI,65536,37471,16105.0,53576.0,11960.0,worst,0.5717620849609375,0.2457427978515625,0.1824951171875
5632,8704_8960_1024_1280,MSAVI,65536,35409,16599.0,52008.0,13528.0,worst,0.5402984619140625,0.2532806396484375,0.2064208984375
5633,8704_8960_1280_1536,MSAVI,65536,36862,14716.0,51578.0,13958.0,worst,0.562469482421875,0.22454833984375,0.212982177734375
5634,8704_8960_1536_1792,MSAVI,65536,37115,8499.0,45614.0,19922.0,worst,0.5663299560546875,0.1296844482421875,0.303985595703125
5635,8704_8960_1792_2048,MSAVI,65536,45409,8892.0,54301.0,11235.0,worst,0.6928863525390625,0.13568115234375,0.1714324951171875
5636,8704_8960_2048_2304,MSAVI,65536,53908,2183.0,56091.0,9445.0,worst,0.82257080078125,0.0333099365234375,0.1441192626953125
5637,8704_8960_2304_2560,MSAVI,65536,52235,1731.0,53966.0,11570.0,worst,0.7970428466796875,0.0264129638671875,0.176544189453125
5638,8704_8960_2560_2816,MSAVI,65536,50251,8261.0,58512.0,7024.0,worst,0.7667694091796875,0.1260528564453125,0.107177734375
5639,8704_8960_2816_3072,MSAVI,65536,46625,9176.0,55801.0,9735.0,worst,0.7114410400390625,0.1400146484375,0.1485443115234375
5640,8704_8960_3072_3328,MSAVI,65536,50992,5358.0,56350.0,9186.0,worst,0.778076171875,0.081756591796875,0.140167236328125
5641,8704_8960_3328_3584,MSAVI,65536,56291,2689.0,58980.0,6556.0,worst,0.8589324951171875,0.0410308837890625,0.10003662109375
5642,8704_8960_3584_3840,MSAVI,65536,52094,2849.0,54943.0,10593.0,worst,0.794891357421875,0.0434722900390625,0.1616363525390625
5643,8704_8960_3840_4096,MSAVI,65536,48386,1166.0,49552.0,15984.0,worst,0.738311767578125,0.017791748046875,0.243896484375
5644,8704_8960_4096_4352,MSAVI,65536,44671,1686.0,46357.0,19179.0,worst,0.6816253662109375,0.025726318359375,0.2926483154296875
5645,8704_8960_4352_4608,MSAVI,65536,43527,3179.0,46706.0,18830.0,worst,0.6641693115234375,0.0485076904296875,0.287322998046875
5646,8704_8960_4608_4864,MSAVI,65536,40632,16798.0,57430.0,8106.0,worst,0.6199951171875,0.256317138671875,0.123687744140625
5647,8704_8960_4864_5120,MSAVI,65536,38654,18915.0,57569.0,7967.0,worst,0.589813232421875,0.2886199951171875,0.1215667724609375
5648,8704_8960_5120_5376,MSAVI,65536,43679,6120.0,49799.0,15737.0,worst,0.6664886474609375,0.0933837890625,0.2401275634765625
5649,8704_8960_5376_5632,MSAVI,65536,37577,16839.0,54416.0,11120.0,worst,0.5733795166015625,0.2569427490234375,0.169677734375
5650,8704_8960_5632_5888,MSAVI,65536,35781,17991.0,53772.0,11764.0,worst,0.5459747314453125,0.2745208740234375,0.17950439453125
5651,8704_8960_5888_6144,MSAVI,65536,31380,22932.0,54312.0,11224.0,worst,0.47882080078125,0.34991455078125,0.1712646484375
5652,8704_8960_6144_6400,MSAVI,65536,46153,11834.0,57987.0,7549.0,worst,0.7042388916015625,0.180572509765625,0.1151885986328125
5653,8704_8960_6400_6656,MSAVI,65536,48396,4904.0,53300.0,12236.0,worst,0.73846435546875,0.0748291015625,0.18670654296875
5654,8704_8960_6656_6912,MSAVI,65536,42214,8936.0,51150.0,14386.0,worst,0.644134521484375,0.1363525390625,0.219512939453125
5655,8704_8960_6912_7168,MSAVI,65536,38824,8953.0,47777.0,17759.0,worst,0.5924072265625,0.1366119384765625,0.2709808349609375
5656,8704_8960_7168_7424,MSAVI,65536,38459,12095.0,50554.0,14982.0,worst,0.5868377685546875,0.1845550537109375,0.228607177734375
5657,8704_8960_7424_7680,MSAVI,65536,45508,8097.0,53605.0,11931.0,worst,0.69439697265625,0.1235504150390625,0.1820526123046875
5658,8704_8960_7680_7936,MSAVI,65536,37167,21030.0,58197.0,7339.0,worst,0.5671234130859375,0.320892333984375,0.1119842529296875
5659,8704_8960_7936_8192,MSAVI,65536,40431,16351.0,56782.0,8754.0,worst,0.6169281005859375,0.2494964599609375,0.133575439453125
5660,8704_8960_8192_8448,MSAVI,65536,35647,19482.0,55129.0,10407.0,worst,0.5439300537109375,0.297271728515625,0.1587982177734375
5661,8960_9216_768_1024,MSAVI,65536,31587,23508.0,55095.0,10441.0,worst,0.4819793701171875,0.35870361328125,0.1593170166015625
5662,8960_9216_1024_1280,MSAVI,65536,33466,17166.0,50632.0,14904.0,worst,0.510650634765625,0.261932373046875,0.2274169921875
5663,8960_9216_1280_1536,MSAVI,65536,36631,12465.0,49096.0,16440.0,worst,0.5589447021484375,0.1902008056640625,0.2508544921875
5664,8960_9216_1536_1792,MSAVI,65536,50255,6093.0,56348.0,9188.0,worst,0.7668304443359375,0.0929718017578125,0.14019775390625
5665,8960_9216_1792_2048,MSAVI,65536,47104,10058.0,57162.0,8374.0,worst,0.71875,0.153472900390625,0.127777099609375
5666,8960_9216_2048_2304,MSAVI,65536,52528,1396.0,53924.0,11612.0,worst,0.801513671875,0.02130126953125,0.17718505859375
5667,8960_9216_2304_2560,MSAVI,65536,50321,3448.0,53769.0,11767.0,worst,0.7678375244140625,0.0526123046875,0.1795501708984375
5668,8960_9216_2560_2816,MSAVI,65536,44008,8385.0,52393.0,13143.0,worst,0.6715087890625,0.1279449462890625,0.2005462646484375
5669,8960_9216_2816_3072,MSAVI,65536,47782,9997.0,57779.0,7757.0,worst,0.729095458984375,0.1525421142578125,0.1183624267578125
5670,8960_9216_3072_3328,MSAVI,65536,43925,4087.0,48012.0,17524.0,worst,0.6702423095703125,0.0623626708984375,0.26739501953125
5671,8960_9216_3328_3584,MSAVI,65536,56471,1910.0,58381.0,7155.0,worst,0.8616790771484375,0.029144287109375,0.1091766357421875
5672,8960_9216_3584_3840,MSAVI,65536,60446,667.0,61113.0,4423.0,worst,0.922332763671875,0.0101776123046875,0.0674896240234375
5673,8960_9216_3840_4096,MSAVI,65536,51429,2358.0,53787.0,11749.0,worst,0.7847442626953125,0.035980224609375,0.1792755126953125
5674,8960_9216_4096_4352,MSAVI,65536,43017,2763.0,45780.0,19756.0,worst,0.6563873291015625,0.0421600341796875,0.30145263671875
5675,8960_9216_4352_4608,MSAVI,65536,38706,1694.0,40400.0,25136.0,worst,0.590606689453125,0.025848388671875,0.383544921875
5676,8960_9216_4608_4864,MSAVI,65536,39737,1382.0,41119.0,24417.0,worst,0.6063385009765625,0.021087646484375,0.3725738525390625
5677,8960_9216_4864_5120,MSAVI,65536,43720,6274.0,49994.0,15542.0,worst,0.6671142578125,0.095733642578125,0.237152099609375
5678,8960_9216_5120_5376,MSAVI,65536,45717,9842.0,55559.0,9977.0,worst,0.6975860595703125,0.150177001953125,0.1522369384765625
5679,8960_9216_5376_5632,MSAVI,65536,43087,17789.0,60876.0,4660.0,worst,0.6574554443359375,0.2714385986328125,0.07110595703125
5680,8960_9216_5632_5888,MSAVI,65536,35945,21829.0,57774.0,7762.0,worst,0.5484771728515625,0.3330841064453125,0.118438720703125
5681,8960_9216_5888_6144,MSAVI,65536,33088,18264.0,51352.0,14184.0,worst,0.5048828125,0.2786865234375,0.2164306640625
5682,8960_9216_6144_6400,MSAVI,65536,30505,21711.0,52216.0,13320.0,worst,0.4654693603515625,0.3312835693359375,0.2032470703125
5683,8960_9216_6400_6656,MSAVI,65536,44868,11787.0,56655.0,8881.0,worst,0.68463134765625,0.1798553466796875,0.1355133056640625
5684,8960_9216_6656_6912,MSAVI,65536,37276,11447.0,48723.0,16813.0,worst,0.56878662109375,0.1746673583984375,0.2565460205078125
5685,8960_9216_6912_7168,MSAVI,65536,36598,11259.0,47857.0,17679.0,worst,0.558441162109375,0.1717987060546875,0.2697601318359375
5686,8960_9216_7168_7424,MSAVI,65536,33434,13974.0,47408.0,18128.0,worst,0.510162353515625,0.213226318359375,0.276611328125
5687,8960_9216_7424_7680,MSAVI,65536,31373,13719.0,45092.0,20444.0,worst,0.4787139892578125,0.2093353271484375,0.31195068359375
5688,8960_9216_7680_7936,MSAVI,65536,43668,10042.0,53710.0,11826.0,worst,0.66632080078125,0.153228759765625,0.180450439453125
5689,8960_9216_7936_8192,MSAVI,65536,36292,9770.0,46062.0,19474.0,worst,0.55377197265625,0.149078369140625,0.297149658203125
5690,8960_9216_8192_8448,MSAVI,65536,26716,11005.0,37721.0,27815.0,worst,0.40765380859375,0.1679229736328125,0.4244232177734375
