,patch_number,VegetationIndex,Patch_Area,VI_Area,Pure_GaborArea,AreaSum,Unknown_Area,class,Normalized_VI_Area,Normalized_Pure_GaborArea,Normalized_Unknown_Area
0,256_512_2560_2816,MSAVI,65536,34823,9095.0,43918.0,21618.0,best,0.5313568115234375,0.1387786865234375,0.329864501953125
1,256_512_2816_3072,MSAVI,65536,34535,8199.0,42734.0,22802.0,best,0.5269622802734375,0.1251068115234375,0.347930908203125
2,256_512_3072_3328,MSAVI,65536,36855,11303.0,48158.0,17378.0,best,0.5623626708984375,0.1724700927734375,0.265167236328125
3,256_512_3328_3584,MSAVI,65536,34640,6570.0,41210.0,24326.0,best,0.528564453125,0.100250244140625,0.371185302734375
4,512_768_2304_2560,MSAVI,65536,35290,7738.0,43028.0,22508.0,best,0.538482666015625,0.118072509765625,0.34344482421875
5,512_768_2560_2816,MSAVI,65536,36975,10038.0,47013.0,18523.0,best,0.5641937255859375,0.153167724609375,0.2826385498046875
6,512_768_2816_3072,MSAVI,65536,37999,2626.0,40625.0,24911.0,best,0.5798187255859375,0.040069580078125,0.3801116943359375
7,512_768_3072_3328,MSAVI,65536,35586,9894.0,45480.0,20056.0,best,0.542999267578125,0.150970458984375,0.3060302734375
8,512_768_3328_3584,MSAVI,65536,36473,13239.0,49712.0,15824.0,best,0.5565338134765625,0.2020111083984375,0.241455078125
9,512_768_3584_3840,MSAVI,65536,38977,8155.0,47132.0,18404.0,best,0.5947418212890625,0.1244354248046875,0.28082275390625
10,512_768_3840_4096,MSAVI,65536,35631,6696.0,42327.0,23209.0,best,0.5436859130859375,0.1021728515625,0.3541412353515625
11,512_768_4096_4352,MSAVI,65536,37191,3116.0,40307.0,25229.0,best,0.5674896240234375,0.04754638671875,0.3849639892578125
12,512_768_4352_4608,MSAVI,65503,36002,15195.0,51197.0,14306.0,best,0.5496236813581057,0.2319741080561195,0.2184022105857747
13,768_1024_2048_2304,MSAVI,65536,37661,9332.0,46993.0,18543.0,best,0.5746612548828125,0.14239501953125,0.2829437255859375
14,768_1024_2304_2560,MSAVI,65536,35086,12908.0,47994.0,17542.0,best,0.535369873046875,0.19696044921875,0.267669677734375
15,768_1024_2560_2816,MSAVI,65536,37840,12820.0,50660.0,14876.0,best,0.577392578125,0.19561767578125,0.22698974609375
16,768_1024_2816_3072,MSAVI,65536,35115,15075.0,50190.0,15346.0,best,0.5358123779296875,0.2300262451171875,0.234161376953125
17,768_1024_3072_3328,MSAVI,65536,37602,12421.0,50023.0,15513.0,best,0.573760986328125,0.1895294189453125,0.2367095947265625
18,768_1024_3328_3584,MSAVI,65536,38508,10674.0,49182.0,16354.0,best,0.58758544921875,0.162872314453125,0.249542236328125
19,768_1024_3584_3840,MSAVI,65536,37620,8593.0,46213.0,19323.0,best,0.57403564453125,0.1311187744140625,0.2948455810546875
20,768_1024_3840_4096,MSAVI,65536,38114,6256.0,44370.0,21166.0,best,0.581573486328125,0.095458984375,0.322967529296875
21,768_1024_4096_4352,MSAVI,65536,37485,8208.0,45693.0,19843.0,best,0.5719757080078125,0.125244140625,0.3027801513671875
22,768_1024_4352_4608,MSAVI,65536,37325,16129.0,53454.0,12082.0,best,0.5695343017578125,0.2461090087890625,0.184356689453125
23,768_1024_4608_4864,MSAVI,65536,37197,7688.0,44885.0,20651.0,best,0.5675811767578125,0.1173095703125,0.3151092529296875
24,768_1024_4864_5120,MSAVI,65536,34053,6184.0,40237.0,25299.0,best,0.5196075439453125,0.0943603515625,0.3860321044921875
25,768_1024_5120_5376,MSAVI,65536,33853,5679.0,39532.0,26004.0,best,0.5165557861328125,0.0866546630859375,0.39678955078125
26,1024_1280_2048_2304,MSAVI,65536,39135,15659.0,54794.0,10742.0,best,0.5971527099609375,0.2389373779296875,0.163909912109375
27,1024_1280_2304_2560,MSAVI,65536,35853,11710.0,47563.0,17973.0,best,0.5470733642578125,0.178680419921875,0.2742462158203125
28,1024_1280_2560_2816,MSAVI,65536,36645,12989.0,49634.0,15902.0,best,0.5591583251953125,0.1981964111328125,0.242645263671875
29,1024_1280_2816_3072,MSAVI,65536,36119,9240.0,45359.0,20177.0,best,0.5511322021484375,0.1409912109375,0.3078765869140625
30,1024_1280_3072_3328,MSAVI,65536,38527,7388.0,45915.0,19621.0,best,0.5878753662109375,0.11273193359375,0.2993927001953125
31,1024_1280_3328_3584,MSAVI,65536,37819,17246.0,55065.0,10471.0,best,0.5770721435546875,0.263153076171875,0.1597747802734375
32,1024_1280_3584_3840,MSAVI,65536,37219,5596.0,42815.0,22721.0,best,0.5679168701171875,0.08538818359375,0.3466949462890625
33,1024_1280_3840_4096,MSAVI,65536,35375,9683.0,45058.0,20478.0,best,0.5397796630859375,0.1477508544921875,0.312469482421875
34,1024_1280_4096_4352,MSAVI,65536,37465,7808.0,45273.0,20263.0,best,0.5716705322265625,0.119140625,0.3091888427734375
35,1024_1280_4352_4608,MSAVI,65536,39243,11260.0,50503.0,15033.0,best,0.5988006591796875,0.17181396484375,0.2293853759765625
36,1024_1280_4608_4864,MSAVI,65536,36552,8828.0,45380.0,20156.0,best,0.5577392578125,0.13470458984375,0.30755615234375
37,1024_1280_4864_5120,MSAVI,65536,38035,8594.0,46629.0,18907.0,best,0.5803680419921875,0.131134033203125,0.2884979248046875
38,1024_1280_5120_5376,MSAVI,65536,37081,8627.0,45708.0,19828.0,best,0.5658111572265625,0.1316375732421875,0.30255126953125
39,1024_1280_5376_5632,MSAVI,65536,37430,8865.0,46295.0,19241.0,best,0.571136474609375,0.1352691650390625,0.2935943603515625
40,1024_1280_5632_5888,MSAVI,65536,37288,6851.0,44139.0,21397.0,best,0.5689697265625,0.1045379638671875,0.3264923095703125
41,1024_1280_5888_6144,MSAVI,65536,36143,7477.0,43620.0,21916.0,best,0.5514984130859375,0.1140899658203125,0.33441162109375
42,1280_1536_2048_2304,MSAVI,65536,37388,5263.0,42651.0,22885.0,best,0.57049560546875,0.0803070068359375,0.3491973876953125
43,1280_1536_2304_2560,MSAVI,65536,41470,10908.0,52378.0,13158.0,best,0.632781982421875,0.16644287109375,0.200775146484375
44,1280_1536_2560_2816,MSAVI,65536,34629,5487.0,40116.0,25420.0,best,0.5283966064453125,0.0837249755859375,0.38787841796875
45,1280_1536_2816_3072,MSAVI,65536,36578,4893.0,41471.0,24065.0,best,0.558135986328125,0.0746612548828125,0.3672027587890625
46,1280_1536_3072_3328,MSAVI,65536,39359,4776.0,44135.0,21401.0,best,0.6005706787109375,0.0728759765625,0.3265533447265625
47,1280_1536_3328_3584,MSAVI,65536,35774,7605.0,43379.0,22157.0,best,0.545867919921875,0.1160430908203125,0.3380889892578125
48,1280_1536_3584_3840,MSAVI,65536,35260,7491.0,42751.0,22785.0,best,0.53802490234375,0.1143035888671875,0.3476715087890625
49,1280_1536_3840_4096,MSAVI,65536,38414,4039.0,42453.0,23083.0,best,0.586151123046875,0.0616302490234375,0.3522186279296875
50,1280_1536_4096_4352,MSAVI,65536,37022,4999.0,42021.0,23515.0,best,0.564910888671875,0.0762786865234375,0.3588104248046875
51,1280_1536_4352_4608,MSAVI,65536,37538,7166.0,44704.0,20832.0,best,0.572784423828125,0.109344482421875,0.31787109375
52,1280_1536_4608_4864,MSAVI,65536,36201,7893.0,44094.0,21442.0,best,0.5523834228515625,0.1204376220703125,0.327178955078125
53,1280_1536_4864_5120,MSAVI,65536,34435,6210.0,40645.0,24891.0,best,0.5254364013671875,0.094757080078125,0.3798065185546875
54,1280_1536_5120_5376,MSAVI,65536,36773,7677.0,44450.0,21086.0,best,0.5611114501953125,0.1171417236328125,0.321746826171875
55,1280_1536_5376_5632,MSAVI,65536,36297,8570.0,44867.0,20669.0,best,0.5538482666015625,0.130767822265625,0.3153839111328125
56,1280_1536_5632_5888,MSAVI,65536,39241,7458.0,46699.0,18837.0,best,0.5987701416015625,0.113800048828125,0.2874298095703125
57,1280_1536_5888_6144,MSAVI,65536,36085,6710.0,42795.0,22741.0,best,0.5506134033203125,0.102386474609375,0.3470001220703125
58,1280_1536_6144_6400,MSAVI,65536,35762,8076.0,43838.0,21698.0,best,0.545684814453125,0.12322998046875,0.331085205078125
59,1280_1536_6400_6656,MSAVI,65536,36111,5773.0,41884.0,23652.0,best,0.5510101318359375,0.0880889892578125,0.36090087890625
60,1280_1536_6656_6912,MSAVI,65536,38330,5866.0,44196.0,21340.0,best,0.584869384765625,0.089508056640625,0.32562255859375
61,1280_1536_6912_7168,MSAVI,65534,39770,7102.0,46872.0,18662.0,best,0.6068605609302041,0.108371227149266,0.2847682119205298
62,1536_1792_1792_2048,MSAVI,65518,36451,6712.0,43163.0,22355.0,best,0.5563509264629567,0.1024451295827101,0.3412039439543332
63,1536_1792_2048_2304,MSAVI,65536,33956,8248.0,42204.0,23332.0,best,0.51812744140625,0.1258544921875,0.35601806640625
64,1536_1792_2304_2560,MSAVI,65536,35451,9332.0,44783.0,20753.0,best,0.5409393310546875,0.14239501953125,0.3166656494140625
65,1536_1792_2560_2816,MSAVI,65536,37180,5998.0,43178.0,22358.0,best,0.56732177734375,0.091522216796875,0.341156005859375
66,1536_1792_2816_3072,MSAVI,65536,36904,7247.0,44151.0,21385.0,best,0.5631103515625,0.1105804443359375,0.3263092041015625
67,1536_1792_3072_3328,MSAVI,65536,36108,4433.0,40541.0,24995.0,best,0.55096435546875,0.0676422119140625,0.3813934326171875
68,1536_1792_3328_3584,MSAVI,65536,35670,6531.0,42201.0,23335.0,best,0.544281005859375,0.0996551513671875,0.3560638427734375
69,1536_1792_3584_3840,MSAVI,65536,37677,2736.0,40413.0,25123.0,best,0.5749053955078125,0.041748046875,0.3833465576171875
70,1536_1792_3840_4096,MSAVI,65536,35451,6142.0,41593.0,23943.0,best,0.5409393310546875,0.093719482421875,0.3653411865234375
71,1536_1792_4096_4352,MSAVI,65536,35160,13420.0,48580.0,16956.0,best,0.5364990234375,0.20477294921875,0.25872802734375
72,1536_1792_4352_4608,MSAVI,65536,35138,9621.0,44759.0,20777.0,best,0.536163330078125,0.1468048095703125,0.3170318603515625
73,1536_1792_4608_4864,MSAVI,65536,35780,6909.0,42689.0,22847.0,best,0.54595947265625,0.1054229736328125,0.3486175537109375
74,1536_1792_4864_5120,MSAVI,65536,36330,5281.0,41611.0,23925.0,best,0.554351806640625,0.0805816650390625,0.3650665283203125
75,1536_1792_5120_5376,MSAVI,65536,35318,8436.0,43754.0,21782.0,best,0.538909912109375,0.12872314453125,0.332366943359375
76,1536_1792_5376_5632,MSAVI,65536,34140,12974.0,47114.0,18422.0,best,0.52093505859375,0.197967529296875,0.281097412109375
77,1536_1792_5632_5888,MSAVI,65536,40984,4661.0,45645.0,19891.0,best,0.6253662109375,0.0711212158203125,0.3035125732421875
78,1536_1792_5888_6144,MSAVI,65536,39732,5403.0,45135.0,20401.0,best,0.60626220703125,0.0824432373046875,0.3112945556640625
79,1536_1792_6144_6400,MSAVI,65536,38862,6460.0,45322.0,20214.0,best,0.592987060546875,0.09857177734375,0.308441162109375
80,1536_1792_6400_6656,MSAVI,65536,38727,3725.0,42452.0,23084.0,best,0.5909271240234375,0.0568389892578125,0.35223388671875
81,1536_1792_6656_6912,MSAVI,65536,36388,6972.0,43360.0,22176.0,best,0.55523681640625,0.10638427734375,0.33837890625
82,1536_1792_6912_7168,MSAVI,65536,37721,6781.0,44502.0,21034.0,best,0.5755767822265625,0.1034698486328125,0.320953369140625
83,1536_1792_7168_7424,MSAVI,65536,38087,4775.0,42862.0,22674.0,best,0.5811614990234375,0.0728607177734375,0.345977783203125
84,1536_1792_7424_7680,MSAVI,65536,43697,2195.0,45892.0,19644.0,best,0.6667633056640625,0.0334930419921875,0.29974365234375
85,1536_1792_7680_7936,MSAVI,65536,40590,4125.0,44715.0,20821.0,best,0.619354248046875,0.0629425048828125,0.3177032470703125
86,1792_2048_1792_2048,MSAVI,65536,35700,10480.0,46180.0,19356.0,best,0.54473876953125,0.159912109375,0.29534912109375
87,1792_2048_2048_2304,MSAVI,65536,36814,11314.0,48128.0,17408.0,best,0.561737060546875,0.172637939453125,0.265625
88,1792_2048_2304_2560,MSAVI,65536,35548,7860.0,43408.0,22128.0,best,0.54241943359375,0.11993408203125,0.337646484375
89,1792_2048_2560_2816,MSAVI,65536,37137,6987.0,44124.0,21412.0,best,0.5666656494140625,0.1066131591796875,0.32672119140625
90,1792_2048_2816_3072,MSAVI,65536,34691,5378.0,40069.0,25467.0,best,0.5293426513671875,0.082061767578125,0.3885955810546875
91,1792_2048_3072_3328,MSAVI,65536,37209,6837.0,44046.0,21490.0,best,0.5677642822265625,0.1043243408203125,0.327911376953125
92,1792_2048_3328_3584,MSAVI,65536,32905,9919.0,42824.0,22712.0,best,0.5020904541015625,0.1513519287109375,0.3465576171875
93,1792_2048_3584_3840,MSAVI,65536,36327,8034.0,44361.0,21175.0,best,0.5543060302734375,0.122589111328125,0.3231048583984375
94,1792_2048_3840_4096,MSAVI,65536,37302,5579.0,42881.0,22655.0,best,0.569183349609375,0.0851287841796875,0.3456878662109375
95,1792_2048_4096_4352,MSAVI,65536,40711,8356.0,49067.0,16469.0,best,0.6212005615234375,0.12750244140625,0.2512969970703125
96,1792_2048_4352_4608,MSAVI,65536,38778,10258.0,49036.0,16500.0,best,0.591705322265625,0.156524658203125,0.25177001953125
97,1792_2048_4608_4864,MSAVI,65536,36615,9443.0,46058.0,19478.0,best,0.5587005615234375,0.1440887451171875,0.297210693359375
98,1792_2048_4864_5120,MSAVI,65536,36878,8681.0,45559.0,19977.0,best,0.562713623046875,0.1324615478515625,0.3048248291015625
99,1792_2048_5120_5376,MSAVI,65536,34761,7311.0,42072.0,23464.0,best,0.5304107666015625,0.1115570068359375,0.3580322265625
100,1792_2048_5376_5632,MSAVI,65536,35675,5232.0,40907.0,24629.0,best,0.5443572998046875,0.079833984375,0.3758087158203125
101,1792_2048_5632_5888,MSAVI,65536,37327,3800.0,41127.0,24409.0,best,0.5695648193359375,0.0579833984375,0.3724517822265625
102,1792_2048_5888_6144,MSAVI,65536,37416,3990.0,41406.0,24130.0,best,0.5709228515625,0.060882568359375,0.368194580078125
103,1792_2048_6144_6400,MSAVI,65536,39966,3344.0,43310.0,22226.0,best,0.609832763671875,0.051025390625,0.339141845703125
104,1792_2048_6400_6656,MSAVI,65536,39068,3738.0,42806.0,22730.0,best,0.59613037109375,0.057037353515625,0.346832275390625
105,1792_2048_6656_6912,MSAVI,65536,39243,8017.0,47260.0,18276.0,best,0.5988006591796875,0.1223297119140625,0.27886962890625
106,1792_2048_6912_7168,MSAVI,65536,36827,9157.0,45984.0,19552.0,best,0.5619354248046875,0.1397247314453125,0.29833984375
107,1792_2048_7168_7424,MSAVI,65536,35989,9071.0,45060.0,20476.0,best,0.5491485595703125,0.1384124755859375,0.31243896484375
108,1792_2048_7424_7680,MSAVI,65536,40531,5419.0,45950.0,19586.0,best,0.6184539794921875,0.0826873779296875,0.298858642578125
109,1792_2048_7680_7936,MSAVI,65536,38700,7884.0,46584.0,18952.0,best,0.59051513671875,0.12030029296875,0.2891845703125
110,1792_2048_7936_8192,MSAVI,65536,37517,6792.0,44309.0,21227.0,best,0.5724639892578125,0.1036376953125,0.3238983154296875
111,1792_2048_8192_8448,MSAVI,65536,36220,8501.0,44721.0,20815.0,best,0.55267333984375,0.1297149658203125,0.3176116943359375
112,1792_2048_8448_8704,MSAVI,65536,37590,8620.0,46210.0,19326.0,best,0.573577880859375,0.13153076171875,0.294891357421875
113,2048_2304_1792_2048,MSAVI,65536,40480,5266.0,45746.0,19790.0,best,0.61767578125,0.080352783203125,0.301971435546875
114,2048_2304_2048_2304,MSAVI,65536,37684,8409.0,46093.0,19443.0,best,0.57501220703125,0.1283111572265625,0.2966766357421875
115,2048_2304_2304_2560,MSAVI,65536,36923,7628.0,44551.0,20985.0,best,0.5634002685546875,0.11639404296875,0.3202056884765625
116,2048_2304_2560_2816,MSAVI,65536,36090,5866.0,41956.0,23580.0,best,0.550689697265625,0.089508056640625,0.35980224609375
117,2048_2304_2816_3072,MSAVI,65536,37661,9658.0,47319.0,18217.0,best,0.5746612548828125,0.147369384765625,0.2779693603515625
118,2048_2304_3072_3328,MSAVI,65536,37393,14536.0,51929.0,13607.0,best,0.5705718994140625,0.2218017578125,0.2076263427734375
119,2048_2304_3328_3584,MSAVI,65536,40027,11691.0,51718.0,13818.0,best,0.6107635498046875,0.1783905029296875,0.210845947265625
120,2048_2304_3584_3840,MSAVI,65536,35992,7766.0,43758.0,21778.0,best,0.5491943359375,0.118499755859375,0.332305908203125
121,2048_2304_3840_4096,MSAVI,65536,35334,4545.0,39879.0,25657.0,best,0.539154052734375,0.0693511962890625,0.3914947509765625
122,2048_2304_4096_4352,MSAVI,65536,38487,6205.0,44692.0,20844.0,best,0.5872650146484375,0.0946807861328125,0.31805419921875
123,2048_2304_4352_4608,MSAVI,65536,38522,8122.0,46644.0,18892.0,best,0.587799072265625,0.123931884765625,0.28826904296875
124,2048_2304_4608_4864,MSAVI,65536,34103,14488.0,48591.0,16945.0,best,0.5203704833984375,0.2210693359375,0.2585601806640625
125,2048_2304_4864_5120,MSAVI,65536,37870,11533.0,49403.0,16133.0,best,0.577850341796875,0.1759796142578125,0.2461700439453125
126,2048_2304_5120_5376,MSAVI,65536,40439,7652.0,48091.0,17445.0,best,0.6170501708984375,0.11676025390625,0.2661895751953125
127,2048_2304_5376_5632,MSAVI,65536,36823,5025.0,41848.0,23688.0,best,0.5618743896484375,0.0766754150390625,0.3614501953125
128,2048_2304_5632_5888,MSAVI,65536,36123,5288.0,41411.0,24125.0,best,0.5511932373046875,0.0806884765625,0.3681182861328125
129,2048_2304_5888_6144,MSAVI,65536,37007,6264.0,43271.0,22265.0,best,0.5646820068359375,0.0955810546875,0.3397369384765625
130,2048_2304_6144_6400,MSAVI,65536,35384,9281.0,44665.0,20871.0,best,0.5399169921875,0.1416168212890625,0.3184661865234375
131,2048_2304_6400_6656,MSAVI,65536,36897,6663.0,43560.0,21976.0,best,0.5630035400390625,0.1016693115234375,0.3353271484375
132,2048_2304_6656_6912,MSAVI,65536,38518,7427.0,45945.0,19591.0,best,0.587738037109375,0.1133270263671875,0.2989349365234375
133,2048_2304_6912_7168,MSAVI,65536,37451,11301.0,48752.0,16784.0,best,0.5714569091796875,0.1724395751953125,0.256103515625
134,2048_2304_7168_7424,MSAVI,65536,37266,6799.0,44065.0,21471.0,best,0.568634033203125,0.1037445068359375,0.3276214599609375
135,2048_2304_7424_7680,MSAVI,65536,43188,4771.0,47959.0,17577.0,best,0.65899658203125,0.0727996826171875,0.2682037353515625
136,2048_2304_7680_7936,MSAVI,65536,40794,6315.0,47109.0,18427.0,best,0.622467041015625,0.0963592529296875,0.2811737060546875
137,2048_2304_7936_8192,MSAVI,65536,38689,5989.0,44678.0,20858.0,best,0.5903472900390625,0.0913848876953125,0.318267822265625
138,2048_2304_8192_8448,MSAVI,65536,37188,5825.0,43013.0,22523.0,best,0.56744384765625,0.0888824462890625,0.3436737060546875
139,2048_2304_8448_8704,MSAVI,65536,35303,9750.0,45053.0,20483.0,best,0.5386810302734375,0.148773193359375,0.3125457763671875
140,2048_2304_8704_8960,MSAVI,65536,35988,6303.0,42291.0,23245.0,best,0.54913330078125,0.0961761474609375,0.3546905517578125
141,2048_2304_8960_9216,MSAVI,65536,38595,7487.0,46082.0,19454.0,best,0.5889129638671875,0.1142425537109375,0.296844482421875
142,2304_2560_1536_1792,MSAVI,65497,37840,2608.0,40448.0,25049.0,best,0.5777363848725896,0.0398186176466097,0.3824449974808006
143,2304_2560_1792_2048,MSAVI,65536,37819,3160.0,40979.0,24557.0,best,0.5770721435546875,0.0482177734375,0.3747100830078125
144,2304_2560_2048_2304,MSAVI,65536,34639,8004.0,42643.0,22893.0,best,0.5285491943359375,0.12213134765625,0.3493194580078125
145,2304_2560_2304_2560,MSAVI,65536,34144,7025.0,41169.0,24367.0,best,0.52099609375,0.1071929931640625,0.3718109130859375
146,2304_2560_2560_2816,MSAVI,65536,35100,11505.0,46605.0,18931.0,best,0.53558349609375,0.1755523681640625,0.2888641357421875
147,2304_2560_2816_3072,MSAVI,65536,35664,5684.0,41348.0,24188.0,best,0.544189453125,0.08673095703125,0.36907958984375
148,2304_2560_3072_3328,MSAVI,65536,41969,11595.0,53564.0,11972.0,best,0.6403961181640625,0.1769256591796875,0.18267822265625
149,2304_2560_3328_3584,MSAVI,65536,37454,5194.0,42648.0,22888.0,best,0.571502685546875,0.079254150390625,0.3492431640625
150,2304_2560_3584_3840,MSAVI,65536,39773,12139.0,51912.0,13624.0,best,0.6068878173828125,0.1852264404296875,0.2078857421875
151,2304_2560_3840_4096,MSAVI,65536,38716,14892.0,53608.0,11928.0,best,0.59075927734375,0.22723388671875,0.1820068359375
152,2304_2560_4096_4352,MSAVI,65536,36237,19751.0,55988.0,9548.0,best,0.5529327392578125,0.3013763427734375,0.14569091796875
153,2304_2560_4352_4608,MSAVI,65536,34691,9682.0,44373.0,21163.0,best,0.5293426513671875,0.147735595703125,0.3229217529296875
154,2304_2560_4608_4864,MSAVI,65536,35272,13592.0,48864.0,16672.0,best,0.5382080078125,0.2073974609375,0.25439453125
155,2304_2560_4864_5120,MSAVI,65536,35705,15727.0,51432.0,14104.0,best,0.5448150634765625,0.2399749755859375,0.2152099609375
156,2304_2560_5120_5376,MSAVI,65536,38023,13350.0,51373.0,14163.0,best,0.5801849365234375,0.203704833984375,0.2161102294921875
157,2304_2560_5376_5632,MSAVI,65536,40003,5272.0,45275.0,20261.0,best,0.6103973388671875,0.0804443359375,0.3091583251953125
158,2304_2560_5632_5888,MSAVI,65536,37180,8520.0,45700.0,19836.0,best,0.56732177734375,0.1300048828125,0.30267333984375
159,2304_2560_5888_6144,MSAVI,65536,35823,11938.0,47761.0,17775.0,best,0.5466156005859375,0.182159423828125,0.2712249755859375
160,2304_2560_6144_6400,MSAVI,65536,34483,13609.0,48092.0,17444.0,best,0.5261688232421875,0.2076568603515625,0.26617431640625
161,2304_2560_6400_6656,MSAVI,65536,35122,5959.0,41081.0,24455.0,best,0.535919189453125,0.0909271240234375,0.3731536865234375
162,2304_2560_6656_6912,MSAVI,65536,35984,12359.0,48343.0,17193.0,best,0.549072265625,0.1885833740234375,0.2623443603515625
163,2304_2560_6912_7168,MSAVI,65536,38879,5354.0,44233.0,21303.0,best,0.5932464599609375,0.081695556640625,0.3250579833984375
164,2304_2560_7168_7424,MSAVI,65536,37308,4852.0,42160.0,23376.0,best,0.56927490234375,0.07403564453125,0.356689453125
165,2304_2560_7424_7680,MSAVI,65536,39762,9772.0,49534.0,16002.0,best,0.606719970703125,0.14910888671875,0.244171142578125
166,2304_2560_7680_7936,MSAVI,65536,37852,10752.0,48604.0,16932.0,best,0.57757568359375,0.1640625,0.25836181640625
167,2304_2560_7936_8192,MSAVI,65536,39437,10083.0,49520.0,16016.0,best,0.6017608642578125,0.1538543701171875,0.244384765625
168,2304_2560_8192_8448,MSAVI,65536,37213,6065.0,43278.0,22258.0,best,0.5678253173828125,0.0925445556640625,0.339630126953125
169,2304_2560_8448_8704,MSAVI,65536,35288,10288.0,45576.0,19960.0,best,0.5384521484375,0.156982421875,0.3045654296875
170,2304_2560_8704_8960,MSAVI,65536,34293,13716.0,48009.0,17527.0,best,0.5232696533203125,0.20928955078125,0.2674407958984375
171,2304_2560_8960_9216,MSAVI,65536,36126,12514.0,48640.0,16896.0,best,0.551239013671875,0.190948486328125,0.2578125
172,2304_2560_9216_9472,MSAVI,65536,28474,1030.0,29504.0,36032.0,best,0.434478759765625,0.015716552734375,0.5498046875
173,2560_2816_1536_1792,MSAVI,65536,36945,4426.0,41371.0,24165.0,best,0.5637359619140625,0.067535400390625,0.3687286376953125
174,2560_2816_1792_2048,MSAVI,65536,37162,3208.0,40370.0,25166.0,best,0.567047119140625,0.0489501953125,0.384002685546875
175,2560_2816_2048_2304,MSAVI,65536,35774,8829.0,44603.0,20933.0,best,0.545867919921875,0.1347198486328125,0.3194122314453125
176,2560_2816_2304_2560,MSAVI,65536,35092,7219.0,42311.0,23225.0,best,0.53546142578125,0.1101531982421875,0.3543853759765625
177,2560_2816_2560_2816,MSAVI,65536,36936,4632.0,41568.0,23968.0,best,0.5635986328125,0.0706787109375,0.36572265625
178,2560_2816_2816_3072,MSAVI,65536,37417,8111.0,45528.0,20008.0,best,0.5709381103515625,0.1237640380859375,0.3052978515625
179,2560_2816_3072_3328,MSAVI,65536,33383,12061.0,45444.0,20092.0,best,0.5093841552734375,0.1840362548828125,0.30657958984375
180,2560_2816_3328_3584,MSAVI,65536,36317,6010.0,42327.0,23209.0,best,0.5541534423828125,0.091705322265625,0.3541412353515625
181,2560_2816_3584_3840,MSAVI,65536,36302,6602.0,42904.0,22632.0,best,0.553924560546875,0.100738525390625,0.3453369140625
182,2560_2816_3840_4096,MSAVI,65536,36409,8055.0,44464.0,21072.0,best,0.5555572509765625,0.1229095458984375,0.321533203125
183,2560_2816_4096_4352,MSAVI,65536,35275,12581.0,47856.0,17680.0,best,0.5382537841796875,0.1919708251953125,0.269775390625
184,2560_2816_4352_4608,MSAVI,65536,31906,11043.0,42949.0,22587.0,best,0.486846923828125,0.1685028076171875,0.3446502685546875
185,2560_2816_4608_4864,MSAVI,65536,34052,8660.0,42712.0,22824.0,best,0.51959228515625,0.13214111328125,0.3482666015625
186,2560_2816_4864_5120,MSAVI,65536,36416,13402.0,49818.0,15718.0,best,0.5556640625,0.204498291015625,0.239837646484375
187,2560_2816_5120_5376,MSAVI,65536,36624,11244.0,47868.0,17668.0,best,0.558837890625,0.17156982421875,0.26959228515625
188,2560_2816_5376_5632,MSAVI,65536,40174,12039.0,52213.0,13323.0,best,0.613006591796875,0.1837005615234375,0.2032928466796875
189,2560_2816_5632_5888,MSAVI,65536,39102,17797.0,56899.0,8637.0,best,0.596649169921875,0.2715606689453125,0.1317901611328125
190,2560_2816_5888_6144,MSAVI,65536,37332,15735.0,53067.0,12469.0,best,0.56964111328125,0.2400970458984375,0.1902618408203125
191,2560_2816_6144_6400,MSAVI,65536,36443,10142.0,46585.0,18951.0,best,0.5560760498046875,0.154754638671875,0.2891693115234375
192,2560_2816_6400_6656,MSAVI,65536,34540,7511.0,42051.0,23485.0,best,0.52703857421875,0.1146087646484375,0.3583526611328125
193,2560_2816_6656_6912,MSAVI,65536,33244,12513.0,45757.0,19779.0,best,0.50726318359375,0.1909332275390625,0.3018035888671875
194,2560_2816_6912_7168,MSAVI,65536,35224,6086.0,41310.0,24226.0,best,0.5374755859375,0.092864990234375,0.369659423828125
195,2560_2816_7168_7424,MSAVI,65536,40499,3452.0,43951.0,21585.0,best,0.6179656982421875,0.05267333984375,0.3293609619140625
196,2560_2816_7424_7680,MSAVI,65536,39620,6548.0,46168.0,19368.0,best,0.60455322265625,0.09991455078125,0.2955322265625
197,2560_2816_7680_7936,MSAVI,65536,35923,7162.0,43085.0,22451.0,best,0.5481414794921875,0.109283447265625,0.3425750732421875
198,2560_2816_7936_8192,MSAVI,65536,39034,7550.0,46584.0,18952.0,best,0.595611572265625,0.115203857421875,0.2891845703125
199,2560_2816_8192_8448,MSAVI,65536,34652,9543.0,44195.0,21341.0,best,0.52874755859375,0.1456146240234375,0.3256378173828125
200,2560_2816_8448_8704,MSAVI,65536,35655,9660.0,45315.0,20221.0,best,0.5440521240234375,0.14739990234375,0.3085479736328125
201,2560_2816_8704_8960,MSAVI,65536,41932,11051.0,52983.0,12553.0,best,0.63983154296875,0.1686248779296875,0.1915435791015625
202,2560_2816_8960_9216,MSAVI,65536,37223,15037.0,52260.0,13276.0,best,0.5679779052734375,0.2294464111328125,0.20257568359375
203,2560_2816_9216_9472,MSAVI,65536,37552,11553.0,49105.0,16431.0,best,0.572998046875,0.1762847900390625,0.2507171630859375
204,2560_2816_9472_9728,MSAVI,65536,34543,8609.0,43152.0,22384.0,best,0.5270843505859375,0.1313629150390625,0.341552734375
205,2816_3072_1536_1792,MSAVI,65536,37760,2960.0,40720.0,24816.0,best,0.576171875,0.045166015625,0.378662109375
206,2816_3072_1792_2048,MSAVI,65536,36650,7110.0,43760.0,21776.0,best,0.559234619140625,0.108489990234375,0.332275390625
207,2816_3072_2048_2304,MSAVI,65536,36186,5401.0,41587.0,23949.0,best,0.552154541015625,0.0824127197265625,0.3654327392578125
208,2816_3072_2304_2560,MSAVI,65536,33302,8036.0,41338.0,24198.0,best,0.508148193359375,0.12261962890625,0.369232177734375
209,2816_3072_2560_2816,MSAVI,65536,35871,4496.0,40367.0,25169.0,best,0.5473480224609375,0.068603515625,0.3840484619140625
210,2816_3072_2816_3072,MSAVI,65536,34247,7473.0,41720.0,23816.0,best,0.5225677490234375,0.1140289306640625,0.3634033203125
211,2816_3072_3072_3328,MSAVI,65536,36025,11488.0,47513.0,18023.0,best,0.5496978759765625,0.17529296875,0.2750091552734375
212,2816_3072_3328_3584,MSAVI,65536,37300,6856.0,44156.0,21380.0,best,0.56915283203125,0.1046142578125,0.32623291015625
213,2816_3072_3584_3840,MSAVI,65536,35767,10288.0,46055.0,19481.0,best,0.5457611083984375,0.156982421875,0.2972564697265625
214,2816_3072_3840_4096,MSAVI,65536,35911,10528.0,46439.0,19097.0,best,0.5479583740234375,0.16064453125,0.2913970947265625
215,2816_3072_4096_4352,MSAVI,65536,35410,8307.0,43717.0,21819.0,best,0.540313720703125,0.1267547607421875,0.3329315185546875
216,2816_3072_4352_4608,MSAVI,65536,35240,8902.0,44142.0,21394.0,best,0.5377197265625,0.135833740234375,0.326446533203125
217,2816_3072_4608_4864,MSAVI,65536,37234,12736.0,49970.0,15566.0,best,0.568145751953125,0.1943359375,0.237518310546875
218,2816_3072_4864_5120,MSAVI,65536,40659,6889.0,47548.0,17988.0,best,0.6204071044921875,0.1051177978515625,0.27447509765625
219,2816_3072_5120_5376,MSAVI,65536,39277,14052.0,53329.0,12207.0,best,0.5993194580078125,0.21441650390625,0.1862640380859375
220,2816_3072_5376_5632,MSAVI,65536,40052,7006.0,47058.0,18478.0,best,0.61114501953125,0.106903076171875,0.281951904296875
221,2816_3072_5632_5888,MSAVI,65536,41639,6211.0,47850.0,17686.0,best,0.6353607177734375,0.0947723388671875,0.269866943359375
222,2816_3072_5888_6144,MSAVI,65536,38328,11049.0,49377.0,16159.0,best,0.5848388671875,0.1685943603515625,0.2465667724609375
223,2816_3072_6144_6400,MSAVI,65536,38413,10137.0,48550.0,16986.0,best,0.5861358642578125,0.1546783447265625,0.259185791015625
224,2816_3072_6400_6656,MSAVI,65536,38242,8060.0,46302.0,19234.0,best,0.583526611328125,0.12298583984375,0.293487548828125
225,2816_3072_6656_6912,MSAVI,65536,41670,8484.0,50154.0,15382.0,best,0.635833740234375,0.12945556640625,0.234710693359375
226,2816_3072_6912_7168,MSAVI,65536,33692,7406.0,41098.0,24438.0,best,0.51409912109375,0.113006591796875,0.372894287109375
227,2816_3072_7168_7424,MSAVI,65536,38759,4654.0,43413.0,22123.0,best,0.5914154052734375,0.071014404296875,0.3375701904296875
228,2816_3072_7424_7680,MSAVI,65536,40338,5756.0,46094.0,19442.0,best,0.615509033203125,0.08782958984375,0.296661376953125
229,2816_3072_7680_7936,MSAVI,65536,36821,6644.0,43465.0,22071.0,best,0.5618438720703125,0.10137939453125,0.3367767333984375
230,2816_3072_7936_8192,MSAVI,65536,36553,12917.0,49470.0,16066.0,best,0.5577545166015625,0.1970977783203125,0.245147705078125
231,2816_3072_8192_8448,MSAVI,65536,38273,5057.0,43330.0,22206.0,best,0.5839996337890625,0.0771636962890625,0.338836669921875
232,2816_3072_8448_8704,MSAVI,65536,34820,13524.0,48344.0,17192.0,best,0.53131103515625,0.20635986328125,0.2623291015625
233,2816_3072_8704_8960,MSAVI,65536,37586,9250.0,46836.0,18700.0,best,0.573516845703125,0.141143798828125,0.28533935546875
234,2816_3072_8960_9216,MSAVI,65536,35289,8099.0,43388.0,22148.0,best,0.5384674072265625,0.1235809326171875,0.33795166015625
235,2816_3072_9216_9472,MSAVI,65536,37849,8431.0,46280.0,19256.0,best,0.5775299072265625,0.1286468505859375,0.2938232421875
236,2816_3072_9472_9728,MSAVI,65536,37534,9687.0,47221.0,18315.0,best,0.572723388671875,0.1478118896484375,0.2794647216796875
237,3072_3328_1536_1792,MSAVI,65536,34993,4732.0,39725.0,25811.0,best,0.5339508056640625,0.07220458984375,0.3938446044921875
238,3072_3328_1792_2048,MSAVI,65536,36971,4750.0,41721.0,23815.0,best,0.5641326904296875,0.072479248046875,0.3633880615234375
239,3072_3328_2048_2304,MSAVI,65536,37759,3651.0,41410.0,24126.0,best,0.5761566162109375,0.0557098388671875,0.368133544921875
240,3072_3328_2304_2560,MSAVI,65536,36717,5754.0,42471.0,23065.0,best,0.5602569580078125,0.087799072265625,0.3519439697265625
241,3072_3328_2560_2816,MSAVI,65536,37067,6030.0,43097.0,22439.0,best,0.5655975341796875,0.092010498046875,0.3423919677734375
242,3072_3328_2816_3072,MSAVI,65536,33050,8787.0,41837.0,23699.0,best,0.504302978515625,0.1340789794921875,0.3616180419921875
243,3072_3328_3072_3328,MSAVI,65536,35298,5125.0,40423.0,25113.0,best,0.538604736328125,0.0782012939453125,0.3831939697265625
244,3072_3328_3328_3584,MSAVI,65536,39191,11414.0,50605.0,14931.0,best,0.5980072021484375,0.174163818359375,0.2278289794921875
245,3072_3328_3584_3840,MSAVI,65536,35490,8192.0,43682.0,21854.0,best,0.541534423828125,0.125,0.333465576171875
246,3072_3328_3840_4096,MSAVI,65536,40804,6381.0,47185.0,18351.0,best,0.62261962890625,0.0973663330078125,0.2800140380859375
247,3072_3328_4096_4352,MSAVI,65536,37652,6218.0,43870.0,21666.0,best,0.57452392578125,0.094879150390625,0.330596923828125
248,3072_3328_4352_4608,MSAVI,65536,35034,5448.0,40482.0,25054.0,best,0.534576416015625,0.0831298828125,0.382293701171875
249,3072_3328_4608_4864,MSAVI,65536,33048,9871.0,42919.0,22617.0,best,0.5042724609375,0.1506195068359375,0.3451080322265625
250,3072_3328_4864_5120,MSAVI,65536,37670,10184.0,47854.0,17682.0,best,0.574798583984375,0.1553955078125,0.269805908203125
251,3072_3328_5120_5376,MSAVI,65536,35884,11439.0,47323.0,18213.0,best,0.54754638671875,0.1745452880859375,0.2779083251953125
252,3072_3328_5376_5632,MSAVI,65536,35817,8695.0,44512.0,21024.0,best,0.5465240478515625,0.1326751708984375,0.32080078125
253,3072_3328_5632_5888,MSAVI,65536,38047,14539.0,52586.0,12950.0,best,0.5805511474609375,0.2218475341796875,0.197601318359375
254,3072_3328_5888_6144,MSAVI,65536,34673,20007.0,54680.0,10856.0,best,0.5290679931640625,0.3052825927734375,0.1656494140625
255,3072_3328_6144_6400,MSAVI,65536,32483,9963.0,42446.0,23090.0,best,0.4956512451171875,0.1520233154296875,0.352325439453125
256,3072_3328_6400_6656,MSAVI,65536,35368,6648.0,42016.0,23520.0,best,0.5396728515625,0.1014404296875,0.35888671875
257,3072_3328_6656_6912,MSAVI,65536,37799,11298.0,49097.0,16439.0,best,0.5767669677734375,0.172393798828125,0.2508392333984375
258,3072_3328_6912_7168,MSAVI,65536,39092,19450.0,58542.0,6994.0,best,0.59649658203125,0.296783447265625,0.106719970703125
259,3072_3328_7168_7424,MSAVI,65536,39174,18017.0,57191.0,8345.0,best,0.597747802734375,0.2749176025390625,0.1273345947265625
260,3072_3328_7424_7680,MSAVI,65536,40333,12278.0,52611.0,12925.0,best,0.6154327392578125,0.187347412109375,0.1972198486328125
261,3072_3328_7680_7936,MSAVI,65536,37738,8135.0,45873.0,19663.0,best,0.575836181640625,0.1241302490234375,0.3000335693359375
262,3072_3328_7936_8192,MSAVI,65536,35381,9121.0,44502.0,21034.0,best,0.5398712158203125,0.1391754150390625,0.320953369140625
263,3072_3328_8192_8448,MSAVI,65536,36493,5435.0,41928.0,23608.0,best,0.5568389892578125,0.0829315185546875,0.3602294921875
264,3072_3328_8448_8704,MSAVI,65536,37593,10903.0,48496.0,17040.0,best,0.5736236572265625,0.1663665771484375,0.260009765625
265,3072_3328_8704_8960,MSAVI,65536,40059,6400.0,46459.0,19077.0,best,0.6112518310546875,0.09765625,0.2910919189453125
266,3072_3328_8960_9216,MSAVI,65536,37258,6842.0,44100.0,21436.0,best,0.568511962890625,0.104400634765625,0.32708740234375
267,3072_3328_9216_9472,MSAVI,65536,38295,7943.0,46238.0,19298.0,best,0.5843353271484375,0.1212005615234375,0.294464111328125
268,3072_3328_9472_9728,MSAVI,65536,37454,6366.0,43820.0,21716.0,best,0.571502685546875,0.097137451171875,0.33135986328125
269,3328_3584_1280_1536,MSAVI,65536,45791,4943.0,50734.0,14802.0,best,0.6987152099609375,0.0754241943359375,0.225860595703125
270,3328_3584_1536_1792,MSAVI,65536,38972,4846.0,43818.0,21718.0,best,0.59466552734375,0.073944091796875,0.331390380859375
271,3328_3584_1792_2048,MSAVI,65536,39411,5179.0,44590.0,20946.0,best,0.6013641357421875,0.0790252685546875,0.319610595703125
272,3328_3584_2048_2304,MSAVI,65536,38395,2644.0,41039.0,24497.0,best,0.5858612060546875,0.04034423828125,0.3737945556640625
273,3328_3584_2304_2560,MSAVI,65536,36943,4829.0,41772.0,23764.0,best,0.5637054443359375,0.0736846923828125,0.36260986328125
274,3328_3584_2560_2816,MSAVI,65536,37626,6121.0,43747.0,21789.0,best,0.574127197265625,0.0933990478515625,0.3324737548828125
275,3328_3584_2816_3072,MSAVI,65536,37158,6352.0,43510.0,22026.0,best,0.566986083984375,0.096923828125,0.336090087890625
276,3328_3584_3072_3328,MSAVI,65536,35839,8344.0,44183.0,21353.0,best,0.5468597412109375,0.1273193359375,0.3258209228515625
277,3328_3584_3328_3584,MSAVI,65536,35076,8586.0,43662.0,21874.0,best,0.53521728515625,0.131011962890625,0.333770751953125
278,3328_3584_3584_3840,MSAVI,65536,32033,12186.0,44219.0,21317.0,best,0.4887847900390625,0.185943603515625,0.3252716064453125
279,3328_3584_3840_4096,MSAVI,65536,34887,9441.0,44328.0,21208.0,best,0.5323333740234375,0.1440582275390625,0.3236083984375
280,3328_3584_4096_4352,MSAVI,65536,36013,9921.0,45934.0,19602.0,best,0.5495147705078125,0.1513824462890625,0.299102783203125
281,3328_3584_4352_4608,MSAVI,65536,37041,7256.0,44297.0,21239.0,best,0.5652008056640625,0.1107177734375,0.3240814208984375
282,3328_3584_4608_4864,MSAVI,65536,34904,10108.0,45012.0,20524.0,best,0.5325927734375,0.15423583984375,0.31317138671875
283,3328_3584_4864_5120,MSAVI,65536,34313,6434.0,40747.0,24789.0,best,0.5235748291015625,0.098175048828125,0.3782501220703125
284,3328_3584_5120_5376,MSAVI,65536,35887,4230.0,40117.0,25419.0,best,0.5475921630859375,0.064544677734375,0.3878631591796875
285,3328_3584_5376_5632,MSAVI,65536,34923,5594.0,40517.0,25019.0,best,0.5328826904296875,0.085357666015625,0.3817596435546875
286,3328_3584_5632_5888,MSAVI,65536,37619,8401.0,46020.0,19516.0,best,0.5740203857421875,0.1281890869140625,0.29779052734375
287,3328_3584_5888_6144,MSAVI,65536,37272,9950.0,47222.0,18314.0,best,0.5687255859375,0.151824951171875,0.279449462890625
288,3328_3584_6144_6400,MSAVI,65536,35799,10038.0,45837.0,19699.0,best,0.5462493896484375,0.153167724609375,0.3005828857421875
289,3328_3584_6400_6656,MSAVI,65536,36930,9068.0,45998.0,19538.0,best,0.563507080078125,0.13836669921875,0.298126220703125
290,3328_3584_6656_6912,MSAVI,65536,32758,13365.0,46123.0,19413.0,best,0.499847412109375,0.2039337158203125,0.2962188720703125
291,3328_3584_6912_7168,MSAVI,65536,37523,8686.0,46209.0,19327.0,best,0.5725555419921875,0.132537841796875,0.2949066162109375
292,3328_3584_7168_7424,MSAVI,65536,36999,8655.0,45654.0,19882.0,best,0.5645599365234375,0.1320648193359375,0.303375244140625
293,3328_3584_7424_7680,MSAVI,65536,38802,10741.0,49543.0,15993.0,best,0.592071533203125,0.1638946533203125,0.2440338134765625
294,3328_3584_7680_7936,MSAVI,65536,39067,14245.0,53312.0,12224.0,best,0.5961151123046875,0.2173614501953125,0.1865234375
295,3328_3584_7936_8192,MSAVI,65536,38408,5526.0,43934.0,21602.0,best,0.5860595703125,0.084320068359375,0.329620361328125
296,3328_3584_8192_8448,MSAVI,65536,36365,18787.0,55152.0,10384.0,best,0.5548858642578125,0.2866668701171875,0.158447265625
297,3328_3584_8448_8704,MSAVI,65536,35304,7627.0,42931.0,22605.0,best,0.5386962890625,0.1163787841796875,0.3449249267578125
298,3328_3584_8704_8960,MSAVI,65536,36687,7384.0,44071.0,21465.0,best,0.5597991943359375,0.1126708984375,0.3275299072265625
299,3328_3584_8960_9216,MSAVI,65536,36848,7537.0,44385.0,21151.0,best,0.562255859375,0.1150054931640625,0.3227386474609375
300,3328_3584_9216_9472,MSAVI,65536,36855,3658.0,40513.0,25023.0,best,0.5623626708984375,0.055816650390625,0.3818206787109375
301,3584_3840_1280_1536,MSAVI,65536,35274,5240.0,40514.0,25022.0,best,0.538238525390625,0.0799560546875,0.381805419921875
302,3584_3840_1536_1792,MSAVI,65536,37465,4355.0,41820.0,23716.0,best,0.5716705322265625,0.0664520263671875,0.36187744140625
303,3584_3840_1792_2048,MSAVI,65536,38444,6129.0,44573.0,20963.0,best,0.58660888671875,0.0935211181640625,0.3198699951171875
304,3584_3840_2048_2304,MSAVI,65536,36493,3864.0,40357.0,25179.0,best,0.5568389892578125,0.0589599609375,0.3842010498046875
305,3584_3840_2304_2560,MSAVI,65536,35635,3378.0,39013.0,26523.0,best,0.5437469482421875,0.051544189453125,0.4047088623046875
306,3584_3840_2560_2816,MSAVI,65536,37522,3304.0,40826.0,24710.0,best,0.572540283203125,0.0504150390625,0.377044677734375
307,3584_3840_2816_3072,MSAVI,65536,36278,4127.0,40405.0,25131.0,best,0.553558349609375,0.0629730224609375,0.3834686279296875
308,3584_3840_3072_3328,MSAVI,65536,35524,5131.0,40655.0,24881.0,best,0.54205322265625,0.0782928466796875,0.3796539306640625
309,3584_3840_3328_3584,MSAVI,65536,37769,7006.0,44775.0,20761.0,best,0.5763092041015625,0.106903076171875,0.3167877197265625
310,3584_3840_3584_3840,MSAVI,65536,34142,4592.0,38734.0,26802.0,best,0.520965576171875,0.070068359375,0.408966064453125
311,3584_3840_3840_4096,MSAVI,65536,33586,8793.0,42379.0,23157.0,best,0.512481689453125,0.1341705322265625,0.3533477783203125
312,3584_3840_4096_4352,MSAVI,65536,34339,9552.0,43891.0,21645.0,best,0.5239715576171875,0.145751953125,0.3302764892578125
313,3584_3840_4352_4608,MSAVI,65536,36679,6837.0,43516.0,22020.0,best,0.5596771240234375,0.1043243408203125,0.33599853515625
314,3584_3840_4608_4864,MSAVI,65536,35170,6191.0,41361.0,24175.0,best,0.536651611328125,0.0944671630859375,0.3688812255859375
315,3584_3840_4864_5120,MSAVI,65536,36116,4825.0,40941.0,24595.0,best,0.55108642578125,0.0736236572265625,0.3752899169921875
316,3584_3840_5120_5376,MSAVI,65536,36419,4654.0,41073.0,24463.0,best,0.5557098388671875,0.071014404296875,0.3732757568359375
317,3584_3840_5376_5632,MSAVI,65536,36384,6611.0,42995.0,22541.0,best,0.55517578125,0.1008758544921875,0.3439483642578125
318,3584_3840_5632_5888,MSAVI,65536,35756,8510.0,44266.0,21270.0,best,0.54559326171875,0.129852294921875,0.324554443359375
319,3584_3840_5888_6144,MSAVI,65536,39440,5882.0,45322.0,20214.0,best,0.601806640625,0.089752197265625,0.308441162109375
320,3584_3840_6144_6400,MSAVI,65536,37382,7836.0,45218.0,20318.0,best,0.570404052734375,0.11956787109375,0.310028076171875
321,3584_3840_6400_6656,MSAVI,65536,36227,9947.0,46174.0,19362.0,best,0.5527801513671875,0.1517791748046875,0.295440673828125
322,3584_3840_6656_6912,MSAVI,65536,36644,8910.0,45554.0,19982.0,best,0.55914306640625,0.135955810546875,0.304901123046875
323,3584_3840_6912_7168,MSAVI,65536,36991,7286.0,44277.0,21259.0,best,0.5644378662109375,0.111175537109375,0.3243865966796875
324,3584_3840_7168_7424,MSAVI,65536,36219,8106.0,44325.0,21211.0,best,0.5526580810546875,0.123687744140625,0.3236541748046875
325,3584_3840_7424_7680,MSAVI,65536,36612,15277.0,51889.0,13647.0,best,0.55865478515625,0.2331085205078125,0.2082366943359375
326,3584_3840_7680_7936,MSAVI,65536,35235,11050.0,46285.0,19251.0,best,0.5376434326171875,0.168609619140625,0.2937469482421875
327,3584_3840_7936_8192,MSAVI,65536,38241,5413.0,43654.0,21882.0,best,0.5835113525390625,0.0825958251953125,0.333892822265625
328,3584_3840_8192_8448,MSAVI,65536,40473,13474.0,53947.0,11589.0,best,0.6175689697265625,0.205596923828125,0.1768341064453125
329,3584_3840_8448_8704,MSAVI,65536,38928,20118.0,59046.0,6490.0,best,0.593994140625,0.306976318359375,0.099029541015625
330,3584_3840_8704_8960,MSAVI,65536,37272,12825.0,50097.0,15439.0,best,0.5687255859375,0.1956939697265625,0.2355804443359375
331,3584_3840_8960_9216,MSAVI,65536,42593,7625.0,50218.0,15318.0,best,0.6499176025390625,0.1163482666015625,0.233734130859375
332,3584_3840_9216_9472,MSAVI,65536,41193,2732.0,43925.0,21611.0,best,0.6285552978515625,0.04168701171875,0.3297576904296875
333,3840_4096_1280_1536,MSAVI,65536,35846,6703.0,42549.0,22987.0,best,0.546966552734375,0.1022796630859375,0.3507537841796875
334,3840_4096_1536_1792,MSAVI,65536,37013,4034.0,41047.0,24489.0,best,0.5647735595703125,0.061553955078125,0.3736724853515625
335,3840_4096_1792_2048,MSAVI,65536,38809,3441.0,42250.0,23286.0,best,0.5921783447265625,0.0525054931640625,0.355316162109375
336,3840_4096_2048_2304,MSAVI,65536,38886,2726.0,41612.0,23924.0,best,0.593353271484375,0.041595458984375,0.36505126953125
337,3840_4096_2304_2560,MSAVI,65536,40184,3270.0,43454.0,22082.0,best,0.6131591796875,0.049896240234375,0.336944580078125
338,3840_4096_2560_2816,MSAVI,65536,38304,3274.0,41578.0,23958.0,best,0.58447265625,0.049957275390625,0.365570068359375
339,3840_4096_2816_3072,MSAVI,65536,35225,5200.0,40425.0,25111.0,best,0.5374908447265625,0.079345703125,0.3831634521484375
340,3840_4096_3072_3328,MSAVI,65536,35540,3978.0,39518.0,26018.0,best,0.54229736328125,0.060699462890625,0.397003173828125
341,3840_4096_3328_3584,MSAVI,65536,36292,12289.0,48581.0,16955.0,best,0.55377197265625,0.1875152587890625,0.2587127685546875
342,3840_4096_3584_3840,MSAVI,65536,34500,7306.0,41806.0,23730.0,best,0.52642822265625,0.111480712890625,0.362091064453125
343,3840_4096_3840_4096,MSAVI,65536,37201,5184.0,42385.0,23151.0,best,0.5676422119140625,0.0791015625,0.3532562255859375
344,3840_4096_4096_4352,MSAVI,65536,36358,12947.0,49305.0,16231.0,best,0.554779052734375,0.1975555419921875,0.2476654052734375
345,3840_4096_4352_4608,MSAVI,65536,33932,12807.0,46739.0,18797.0,best,0.51776123046875,0.1954193115234375,0.2868194580078125
346,3840_4096_4608_4864,MSAVI,65536,34639,7497.0,42136.0,23400.0,best,0.5285491943359375,0.1143951416015625,0.3570556640625
347,3840_4096_4864_5120,MSAVI,65536,36615,4197.0,40812.0,24724.0,best,0.5587005615234375,0.0640411376953125,0.37725830078125
348,3840_4096_5120_5376,MSAVI,65536,34350,7148.0,41498.0,24038.0,best,0.524139404296875,0.10906982421875,0.366790771484375
349,3840_4096_5376_5632,MSAVI,65536,35419,5660.0,41079.0,24457.0,best,0.5404510498046875,0.08636474609375,0.3731842041015625
350,3840_4096_5632_5888,MSAVI,65536,36172,5781.0,41953.0,23583.0,best,0.55194091796875,0.0882110595703125,0.3598480224609375
351,3840_4096_5888_6144,MSAVI,65536,37562,7963.0,45525.0,20011.0,best,0.573150634765625,0.1215057373046875,0.3053436279296875
352,3840_4096_6144_6400,MSAVI,65536,35665,11304.0,46969.0,18567.0,best,0.5442047119140625,0.1724853515625,0.2833099365234375
353,3840_4096_6400_6656,MSAVI,65536,36697,5616.0,42313.0,23223.0,best,0.5599517822265625,0.085693359375,0.3543548583984375
354,3840_4096_6656_6912,MSAVI,65536,35354,7931.0,43285.0,22251.0,best,0.539459228515625,0.1210174560546875,0.3395233154296875
355,3840_4096_6912_7168,MSAVI,65536,36301,6135.0,42436.0,23100.0,best,0.5539093017578125,0.0936126708984375,0.35247802734375
356,3840_4096_7168_7424,MSAVI,65536,36042,10884.0,46926.0,18610.0,best,0.549957275390625,0.16607666015625,0.283966064453125
357,3840_4096_7424_7680,MSAVI,65536,39362,14078.0,53440.0,12096.0,best,0.600616455078125,0.214813232421875,0.1845703125
358,3840_4096_7680_7936,MSAVI,65536,37578,8356.0,45934.0,19602.0,best,0.573394775390625,0.12750244140625,0.299102783203125
359,3840_4096_7936_8192,MSAVI,65536,34675,6010.0,40685.0,24851.0,best,0.5290985107421875,0.091705322265625,0.3791961669921875
360,3840_4096_8192_8448,MSAVI,65536,35445,7144.0,42589.0,22947.0,best,0.5408477783203125,0.1090087890625,0.3501434326171875
361,3840_4096_8448_8704,MSAVI,65536,38067,5400.0,43467.0,22069.0,best,0.5808563232421875,0.0823974609375,0.3367462158203125
362,3840_4096_8704_8960,MSAVI,65536,37604,7150.0,44754.0,20782.0,best,0.57379150390625,0.109100341796875,0.317108154296875
363,3840_4096_8960_9216,MSAVI,65536,37568,12071.0,49639.0,15897.0,best,0.5732421875,0.1841888427734375,0.2425689697265625
364,3840_4096_9216_9472,MSAVI,65536,37862,9035.0,46897.0,18639.0,best,0.577728271484375,0.1378631591796875,0.2844085693359375
365,4096_4352_1024_1280,MSAVI,65536,32744,6688.0,39432.0,26104.0,best,0.4996337890625,0.10205078125,0.3983154296875
366,4096_4352_1280_1536,MSAVI,65536,35544,4365.0,39909.0,25627.0,best,0.5423583984375,0.0666046142578125,0.3910369873046875
367,4096_4352_1536_1792,MSAVI,65536,36487,5737.0,42224.0,23312.0,best,0.5567474365234375,0.0875396728515625,0.355712890625
368,4096_4352_1792_2048,MSAVI,65536,35974,4659.0,40633.0,24903.0,best,0.548919677734375,0.0710906982421875,0.3799896240234375
369,4096_4352_2048_2304,MSAVI,65536,39002,5716.0,44718.0,20818.0,best,0.595123291015625,0.08721923828125,0.317657470703125
370,4096_4352_2304_2560,MSAVI,65536,37557,3381.0,40938.0,24598.0,best,0.5730743408203125,0.0515899658203125,0.375335693359375
371,4096_4352_2560_2816,MSAVI,65536,36003,7036.0,43039.0,22497.0,best,0.5493621826171875,0.10736083984375,0.3432769775390625
372,4096_4352_2816_3072,MSAVI,65536,34835,4254.0,39089.0,26447.0,best,0.5315399169921875,0.064910888671875,0.4035491943359375
373,4096_4352_3072_3328,MSAVI,65536,35469,5607.0,41076.0,24460.0,best,0.5412139892578125,0.0855560302734375,0.37322998046875
374,4096_4352_3328_3584,MSAVI,65536,36101,11187.0,47288.0,18248.0,best,0.5508575439453125,0.1707000732421875,0.2784423828125
375,4096_4352_3584_3840,MSAVI,65536,35441,6637.0,42078.0,23458.0,best,0.5407867431640625,0.1012725830078125,0.357940673828125
376,4096_4352_3840_4096,MSAVI,65536,35513,3544.0,39057.0,26479.0,best,0.5418853759765625,0.0540771484375,0.4040374755859375
377,4096_4352_4096_4352,MSAVI,65536,34995,7016.0,42011.0,23525.0,best,0.5339813232421875,0.1070556640625,0.3589630126953125
378,4096_4352_4352_4608,MSAVI,65536,34781,9696.0,44477.0,21059.0,best,0.5307159423828125,0.14794921875,0.3213348388671875
379,4096_4352_4608_4864,MSAVI,65536,35463,11558.0,47021.0,18515.0,best,0.5411224365234375,0.176361083984375,0.2825164794921875
380,4096_4352_4864_5120,MSAVI,65536,38126,8072.0,46198.0,19338.0,best,0.581756591796875,0.1231689453125,0.295074462890625
381,4096_4352_5120_5376,MSAVI,65536,37211,5501.0,42712.0,22824.0,best,0.5677947998046875,0.0839385986328125,0.3482666015625
382,4096_4352_5376_5632,MSAVI,65536,35497,12252.0,47749.0,17787.0,best,0.5416412353515625,0.18695068359375,0.2714080810546875
383,4096_4352_5632_5888,MSAVI,65536,37483,5507.0,42990.0,22546.0,best,0.5719451904296875,0.0840301513671875,0.344024658203125
384,4096_4352_5888_6144,MSAVI,65536,36250,5325.0,41575.0,23961.0,best,0.553131103515625,0.0812530517578125,0.3656158447265625
385,4096_4352_6144_6400,MSAVI,65536,35554,9489.0,45043.0,20493.0,best,0.542510986328125,0.1447906494140625,0.3126983642578125
386,4096_4352_6400_6656,MSAVI,65536,39286,5884.0,45170.0,20366.0,best,0.599456787109375,0.08978271484375,0.310760498046875
387,4096_4352_6656_6912,MSAVI,65536,36810,5545.0,42355.0,23181.0,best,0.561676025390625,0.0846099853515625,0.3537139892578125
388,4096_4352_6912_7168,MSAVI,65536,36739,7605.0,44344.0,21192.0,best,0.5605926513671875,0.1160430908203125,0.3233642578125
389,4096_4352_7168_7424,MSAVI,65536,34899,7625.0,42524.0,23012.0,best,0.5325164794921875,0.1163482666015625,0.35113525390625
390,4096_4352_7424_7680,MSAVI,65536,37162,11504.0,48666.0,16870.0,best,0.567047119140625,0.175537109375,0.257415771484375
391,4096_4352_7680_7936,MSAVI,65536,38014,5034.0,43048.0,22488.0,best,0.580047607421875,0.076812744140625,0.3431396484375
392,4096_4352_7936_8192,MSAVI,65536,35743,6795.0,42538.0,22998.0,best,0.5453948974609375,0.1036834716796875,0.350921630859375
393,4096_4352_8192_8448,MSAVI,65536,35681,6390.0,42071.0,23465.0,best,0.5444488525390625,0.097503662109375,0.3580474853515625
394,4096_4352_8448_8704,MSAVI,65536,36533,5323.0,41856.0,23680.0,best,0.5574493408203125,0.0812225341796875,0.361328125
395,4096_4352_8704_8960,MSAVI,65536,37380,9184.0,46564.0,18972.0,best,0.57037353515625,0.14013671875,0.28948974609375
396,4096_4352_8960_9216,MSAVI,65536,36604,11728.0,48332.0,17204.0,best,0.55853271484375,0.178955078125,0.26251220703125
397,4096_4352_9216_9472,MSAVI,65536,37437,4584.0,42021.0,23515.0,best,0.5712432861328125,0.0699462890625,0.3588104248046875
398,4352_4608_1024_1280,MSAVI,65536,35151,7454.0,42605.0,22931.0,best,0.5363616943359375,0.113739013671875,0.3498992919921875
399,4352_4608_1280_1536,MSAVI,65536,36186,2935.0,39121.0,26415.0,best,0.552154541015625,0.0447845458984375,0.4030609130859375
400,4352_4608_1536_1792,MSAVI,65536,35948,3325.0,39273.0,26263.0,best,0.54852294921875,0.0507354736328125,0.4007415771484375
401,4352_4608_1792_2048,MSAVI,65536,35843,5441.0,41284.0,24252.0,best,0.5469207763671875,0.0830230712890625,0.37005615234375
402,4352_4608_2048_2304,MSAVI,65536,40470,5481.0,45951.0,19585.0,best,0.617523193359375,0.0836334228515625,0.2988433837890625
403,4352_4608_2304_2560,MSAVI,65536,36339,4391.0,40730.0,24806.0,best,0.5544891357421875,0.0670013427734375,0.378509521484375
404,4352_4608_2560_2816,MSAVI,65536,35779,6184.0,41963.0,23573.0,best,0.5459442138671875,0.0943603515625,0.3596954345703125
405,4352_4608_2816_3072,MSAVI,65536,37150,4390.0,41540.0,23996.0,best,0.566864013671875,0.066986083984375,0.36614990234375
406,4352_4608_3072_3328,MSAVI,65536,36734,5020.0,41754.0,23782.0,best,0.560516357421875,0.07659912109375,0.362884521484375
407,4352_4608_3328_3584,MSAVI,65536,37244,5773.0,43017.0,22519.0,best,0.56829833984375,0.0880889892578125,0.3436126708984375
408,4352_4608_3584_3840,MSAVI,65536,40726,5379.0,46105.0,19431.0,best,0.621429443359375,0.0820770263671875,0.2964935302734375
409,4352_4608_3840_4096,MSAVI,65536,37458,3866.0,41324.0,24212.0,best,0.571563720703125,0.058990478515625,0.36944580078125
410,4352_4608_4096_4352,MSAVI,65536,36085,7268.0,43353.0,22183.0,best,0.5506134033203125,0.11090087890625,0.3384857177734375
411,4352_4608_4352_4608,MSAVI,65536,36226,7268.0,43494.0,22042.0,best,0.552764892578125,0.11090087890625,0.336334228515625
412,4352_4608_4608_4864,MSAVI,65536,37845,6168.0,44013.0,21523.0,best,0.5774688720703125,0.0941162109375,0.3284149169921875
413,4352_4608_4864_5120,MSAVI,65536,37571,4786.0,42357.0,23179.0,best,0.5732879638671875,0.073028564453125,0.3536834716796875
414,4352_4608_5120_5376,MSAVI,65536,34849,4904.0,39753.0,25783.0,best,0.5317535400390625,0.0748291015625,0.3934173583984375
415,4352_4608_5376_5632,MSAVI,65536,35465,5961.0,41426.0,24110.0,best,0.5411529541015625,0.0909576416015625,0.367889404296875
416,4352_4608_5632_5888,MSAVI,65536,38149,7625.0,45774.0,19762.0,best,0.5821075439453125,0.1163482666015625,0.301544189453125
417,4352_4608_5888_6144,MSAVI,65536,39399,6733.0,46132.0,19404.0,best,0.6011810302734375,0.1027374267578125,0.29608154296875
418,4352_4608_6144_6400,MSAVI,65536,37285,9767.0,47052.0,18484.0,best,0.5689239501953125,0.1490325927734375,0.28204345703125
419,4352_4608_6400_6656,MSAVI,65536,35856,5738.0,41594.0,23942.0,best,0.547119140625,0.087554931640625,0.365325927734375
420,4352_4608_6656_6912,MSAVI,65536,37209,3630.0,40839.0,24697.0,best,0.5677642822265625,0.055389404296875,0.3768463134765625
421,4352_4608_6912_7168,MSAVI,65536,36968,4778.0,41746.0,23790.0,best,0.5640869140625,0.072906494140625,0.363006591796875
422,4352_4608_7168_7424,MSAVI,65536,35453,4552.0,40005.0,25531.0,best,0.5409698486328125,0.0694580078125,0.3895721435546875
423,4352_4608_7424_7680,MSAVI,65536,37381,9049.0,46430.0,19106.0,best,0.5703887939453125,0.1380767822265625,0.291534423828125
424,4352_4608_7680_7936,MSAVI,65536,38477,4561.0,43038.0,22498.0,best,0.5871124267578125,0.0695953369140625,0.343292236328125
425,4352_4608_7936_8192,MSAVI,65536,35607,10075.0,45682.0,19854.0,best,0.5433197021484375,0.1537322998046875,0.302947998046875
426,4352_4608_8192_8448,MSAVI,65536,35788,6313.0,42101.0,23435.0,best,0.54608154296875,0.0963287353515625,0.3575897216796875
427,4352_4608_8448_8704,MSAVI,65536,33491,8673.0,42164.0,23372.0,best,0.5110321044921875,0.1323394775390625,0.35662841796875
428,4352_4608_8704_8960,MSAVI,65536,35404,5126.0,40530.0,25006.0,best,0.54022216796875,0.078216552734375,0.381561279296875
429,4352_4608_8960_9216,MSAVI,65536,35807,5436.0,41243.0,24293.0,best,0.5463714599609375,0.08294677734375,0.3706817626953125
430,4608_4864_1024_1280,MSAVI,65536,29911,5895.0,35806.0,29730.0,best,0.4564056396484375,0.0899505615234375,0.453643798828125
431,4608_4864_1280_1536,MSAVI,65536,34019,5731.0,39750.0,25786.0,best,0.5190887451171875,0.0874481201171875,0.393463134765625
432,4608_4864_1536_1792,MSAVI,65536,37572,5530.0,43102.0,22434.0,best,0.57330322265625,0.084381103515625,0.342315673828125
433,4608_4864_1792_2048,MSAVI,65536,37163,1429.0,38592.0,26944.0,best,0.5670623779296875,0.0218048095703125,0.4111328125
434,4608_4864_2048_2304,MSAVI,65536,37721,1642.0,39363.0,26173.0,best,0.5755767822265625,0.025054931640625,0.3993682861328125
435,4608_4864_2304_2560,MSAVI,65536,35902,3229.0,39131.0,26405.0,best,0.547821044921875,0.0492706298828125,0.4029083251953125
436,4608_4864_2560_2816,MSAVI,65536,34758,5359.0,40117.0,25419.0,best,0.530364990234375,0.0817718505859375,0.3878631591796875
437,4608_4864_2816_3072,MSAVI,65536,35121,5135.0,40256.0,25280.0,best,0.5359039306640625,0.0783538818359375,0.3857421875
438,4608_4864_3072_3328,MSAVI,65536,35355,11951.0,47306.0,18230.0,best,0.5394744873046875,0.1823577880859375,0.278167724609375
439,4608_4864_3328_3584,MSAVI,65536,37225,12946.0,50171.0,15365.0,best,0.5680084228515625,0.197540283203125,0.2344512939453125
440,4608_4864_3584_3840,MSAVI,65536,36492,8371.0,44863.0,20673.0,best,0.55682373046875,0.1277313232421875,0.3154449462890625
441,4608_4864_3840_4096,MSAVI,65536,37923,2992.0,40915.0,24621.0,best,0.5786590576171875,0.045654296875,0.3756866455078125
442,4608_4864_4096_4352,MSAVI,65536,38225,5828.0,44053.0,21483.0,best,0.5832672119140625,0.08892822265625,0.3278045654296875
443,4608_4864_4352_4608,MSAVI,65536,38440,8795.0,47235.0,18301.0,best,0.5865478515625,0.1342010498046875,0.2792510986328125
444,4608_4864_4608_4864,MSAVI,65536,37550,8673.0,46223.0,19313.0,best,0.572967529296875,0.1323394775390625,0.2946929931640625
445,4608_4864_4864_5120,MSAVI,65536,38076,7488.0,45564.0,19972.0,best,0.58099365234375,0.1142578125,0.30474853515625
446,4608_4864_5120_5376,MSAVI,65536,36230,5759.0,41989.0,23547.0,best,0.552825927734375,0.0878753662109375,0.3592987060546875
447,4608_4864_5376_5632,MSAVI,65536,35351,6026.0,41377.0,24159.0,best,0.5394134521484375,0.091949462890625,0.3686370849609375
448,4608_4864_5632_5888,MSAVI,65536,36027,10762.0,46789.0,18747.0,best,0.5497283935546875,0.164215087890625,0.2860565185546875
449,4608_4864_5888_6144,MSAVI,65536,42174,3898.0,46072.0,19464.0,best,0.643524169921875,0.059478759765625,0.2969970703125
450,4608_4864_6144_6400,MSAVI,65536,36969,6887.0,43856.0,21680.0,best,0.5641021728515625,0.1050872802734375,0.330810546875
451,4608_4864_6400_6656,MSAVI,65536,36051,4299.0,40350.0,25186.0,best,0.5500946044921875,0.0655975341796875,0.384307861328125
452,4608_4864_6656_6912,MSAVI,65536,36454,9766.0,46220.0,19316.0,best,0.556243896484375,0.149017333984375,0.29473876953125
453,4608_4864_6912_7168,MSAVI,65536,34773,8183.0,42956.0,22580.0,best,0.5305938720703125,0.1248626708984375,0.34454345703125
454,4608_4864_7168_7424,MSAVI,65536,36551,15912.0,52463.0,13073.0,best,0.5577239990234375,0.2427978515625,0.1994781494140625
455,4608_4864_7424_7680,MSAVI,65536,35961,5540.0,41501.0,24035.0,best,0.5487213134765625,0.08453369140625,0.3667449951171875
456,4608_4864_7680_7936,MSAVI,65536,36034,7170.0,43204.0,22332.0,best,0.549835205078125,0.109405517578125,0.34075927734375
457,4608_4864_7936_8192,MSAVI,65536,36838,9674.0,46512.0,19024.0,best,0.562103271484375,0.147613525390625,0.290283203125
458,4608_4864_8192_8448,MSAVI,65536,34775,8576.0,43351.0,22185.0,best,0.5306243896484375,0.130859375,0.3385162353515625
459,4608_4864_8448_8704,MSAVI,65536,34716,7172.0,41888.0,23648.0,best,0.52972412109375,0.10943603515625,0.36083984375
460,4608_4864_8704_8960,MSAVI,65536,37129,8329.0,45458.0,20078.0,best,0.5665435791015625,0.1270904541015625,0.306365966796875
461,4608_4864_8960_9216,MSAVI,65536,36420,6368.0,42788.0,22748.0,best,0.55572509765625,0.09716796875,0.34710693359375
462,4864_5120_1024_1280,MSAVI,65536,36556,4504.0,41060.0,24476.0,best,0.55780029296875,0.0687255859375,0.37347412109375
463,4864_5120_1280_1536,MSAVI,65536,35487,14745.0,50232.0,15304.0,best,0.5414886474609375,0.2249908447265625,0.2335205078125
464,4864_5120_1536_1792,MSAVI,65536,37888,3944.0,41832.0,23704.0,best,0.578125,0.0601806640625,0.3616943359375
465,4864_5120_1792_2048,MSAVI,65536,37388,4842.0,42230.0,23306.0,best,0.57049560546875,0.073883056640625,0.355621337890625
466,4864_5120_2048_2304,MSAVI,65536,38547,4611.0,43158.0,22378.0,best,0.5881805419921875,0.0703582763671875,0.341461181640625
467,4864_5120_2304_2560,MSAVI,65536,37175,3085.0,40260.0,25276.0,best,0.5672454833984375,0.0470733642578125,0.38568115234375
468,4864_5120_2560_2816,MSAVI,65536,35846,4784.0,40630.0,24906.0,best,0.546966552734375,0.072998046875,0.380035400390625
469,4864_5120_2816_3072,MSAVI,65536,38053,2013.0,40066.0,25470.0,best,0.5806427001953125,0.0307159423828125,0.388641357421875
470,4864_5120_3072_3328,MSAVI,65536,36902,2869.0,39771.0,25765.0,best,0.563079833984375,0.0437774658203125,0.3931427001953125
471,4864_5120_3328_3584,MSAVI,65536,35279,8222.0,43501.0,22035.0,best,0.5383148193359375,0.125457763671875,0.3362274169921875
472,4864_5120_3584_3840,MSAVI,65536,37892,3642.0,41534.0,24002.0,best,0.57818603515625,0.055572509765625,0.366241455078125
473,4864_5120_3840_4096,MSAVI,65536,35490,4442.0,39932.0,25604.0,best,0.541534423828125,0.067779541015625,0.39068603515625
474,4864_5120_4096_4352,MSAVI,65536,35459,4336.0,39795.0,25741.0,best,0.5410614013671875,0.066162109375,0.3927764892578125
475,4864_5120_4352_4608,MSAVI,65536,37201,9494.0,46695.0,18841.0,best,0.5676422119140625,0.144866943359375,0.2874908447265625
476,4864_5120_4608_4864,MSAVI,65536,37273,6708.0,43981.0,21555.0,best,0.5687408447265625,0.10235595703125,0.3289031982421875
477,4864_5120_4864_5120,MSAVI,65536,35521,6718.0,42239.0,23297.0,best,0.5420074462890625,0.102508544921875,0.3554840087890625
478,4864_5120_5120_5376,MSAVI,65536,33395,10469.0,43864.0,21672.0,best,0.5095672607421875,0.1597442626953125,0.3306884765625
479,4864_5120_5376_5632,MSAVI,65536,36653,5606.0,42259.0,23277.0,best,0.5592803955078125,0.085540771484375,0.3551788330078125
480,4864_5120_5632_5888,MSAVI,65536,36941,3899.0,40840.0,24696.0,best,0.5636749267578125,0.0594940185546875,0.3768310546875
481,4864_5120_5888_6144,MSAVI,65536,36696,9295.0,45991.0,19545.0,best,0.5599365234375,0.1418304443359375,0.2982330322265625
482,4864_5120_6144_6400,MSAVI,65536,35932,7512.0,43444.0,22092.0,best,0.54827880859375,0.1146240234375,0.33709716796875
483,4864_5120_6400_6656,MSAVI,65536,37068,4791.0,41859.0,23677.0,best,0.56561279296875,0.0731048583984375,0.3612823486328125
484,4864_5120_6656_6912,MSAVI,65536,40570,4308.0,44878.0,20658.0,best,0.619049072265625,0.06573486328125,0.315216064453125
485,4864_5120_6912_7168,MSAVI,65536,36020,13562.0,49582.0,15954.0,best,0.54962158203125,0.206939697265625,0.243438720703125
486,4864_5120_7168_7424,MSAVI,65536,37377,8446.0,45823.0,19713.0,best,0.5703277587890625,0.128875732421875,0.3007965087890625
487,4864_5120_7424_7680,MSAVI,65536,35189,5881.0,41070.0,24466.0,best,0.5369415283203125,0.0897369384765625,0.373321533203125
488,4864_5120_7680_7936,MSAVI,65536,36855,3380.0,40235.0,25301.0,best,0.5623626708984375,0.05157470703125,0.3860626220703125
489,4864_5120_7936_8192,MSAVI,65536,36610,5452.0,42062.0,23474.0,best,0.558624267578125,0.08319091796875,0.358184814453125
490,4864_5120_8192_8448,MSAVI,65536,36197,5004.0,41201.0,24335.0,best,0.5523223876953125,0.07635498046875,0.3713226318359375
491,4864_5120_8448_8704,MSAVI,65536,34902,5658.0,40560.0,24976.0,best,0.532562255859375,0.086334228515625,0.381103515625
492,4864_5120_8704_8960,MSAVI,65536,35448,7596.0,43044.0,22492.0,best,0.5408935546875,0.11590576171875,0.34320068359375
493,4864_5120_8960_9216,MSAVI,65536,35667,6882.0,42549.0,22987.0,best,0.5442352294921875,0.105010986328125,0.3507537841796875
494,5120_5376_768_1024,MSAVI,65536,35888,11964.0,47852.0,17684.0,best,0.547607421875,0.18255615234375,0.26983642578125
495,5120_5376_1024_1280,MSAVI,65536,37867,2573.0,40440.0,25096.0,best,0.5778045654296875,0.0392608642578125,0.3829345703125
496,5120_5376_1280_1536,MSAVI,65536,37304,14930.0,52234.0,13302.0,best,0.5692138671875,0.227813720703125,0.202972412109375
497,5120_5376_1536_1792,MSAVI,65536,37554,6841.0,44395.0,21141.0,best,0.573028564453125,0.1043853759765625,0.3225860595703125
498,5120_5376_1792_2048,MSAVI,65536,36495,3521.0,40016.0,25520.0,best,0.5568695068359375,0.0537261962890625,0.389404296875
499,5120_5376_2048_2304,MSAVI,65536,35778,12218.0,47996.0,17540.0,best,0.545928955078125,0.186431884765625,0.26763916015625
500,5120_5376_2304_2560,MSAVI,65536,37183,4687.0,41870.0,23666.0,best,0.5673675537109375,0.0715179443359375,0.361114501953125
501,5120_5376_2560_2816,MSAVI,65536,37056,4414.0,41470.0,24066.0,best,0.5654296875,0.067352294921875,0.367218017578125
502,5120_5376_2816_3072,MSAVI,65536,38973,2808.0,41781.0,23755.0,best,0.5946807861328125,0.0428466796875,0.3624725341796875
503,5120_5376_3072_3328,MSAVI,65536,36408,6278.0,42686.0,22850.0,best,0.5555419921875,0.095794677734375,0.348663330078125
504,5120_5376_3328_3584,MSAVI,65536,36050,6153.0,42203.0,23333.0,best,0.550079345703125,0.0938873291015625,0.3560333251953125
505,5120_5376_3584_3840,MSAVI,65536,38434,2620.0,41054.0,24482.0,best,0.586456298828125,0.03997802734375,0.373565673828125
506,5120_5376_3840_4096,MSAVI,65536,37309,2907.0,40216.0,25320.0,best,0.5692901611328125,0.0443572998046875,0.3863525390625
507,5120_5376_4096_4352,MSAVI,65536,41340,4662.0,46002.0,19534.0,best,0.63079833984375,0.071136474609375,0.298065185546875
508,5120_5376_4352_4608,MSAVI,65536,35995,8280.0,44275.0,21261.0,best,0.5492401123046875,0.1263427734375,0.3244171142578125
509,5120_5376_4608_4864,MSAVI,65536,33441,9971.0,43412.0,22124.0,best,0.5102691650390625,0.1521453857421875,0.33758544921875
510,5120_5376_4864_5120,MSAVI,65536,32219,12504.0,44723.0,20813.0,best,0.4916229248046875,0.1907958984375,0.3175811767578125
511,5120_5376_5120_5376,MSAVI,65536,37157,6794.0,43951.0,21585.0,best,0.5669708251953125,0.103668212890625,0.3293609619140625
512,5120_5376_5376_5632,MSAVI,65536,37908,4949.0,42857.0,22679.0,best,0.57843017578125,0.0755157470703125,0.3460540771484375
513,5120_5376_5632_5888,MSAVI,65536,36837,4576.0,41413.0,24123.0,best,0.5620880126953125,0.06982421875,0.3680877685546875
514,5120_5376_5888_6144,MSAVI,65536,34788,6768.0,41556.0,23980.0,best,0.53082275390625,0.103271484375,0.36590576171875
515,5120_5376_6144_6400,MSAVI,65536,36923,7922.0,44845.0,20691.0,best,0.5634002685546875,0.120880126953125,0.3157196044921875
516,5120_5376_6400_6656,MSAVI,65536,36194,7893.0,44087.0,21449.0,best,0.552276611328125,0.1204376220703125,0.3272857666015625
517,5120_5376_6656_6912,MSAVI,65536,40162,3106.0,43268.0,22268.0,best,0.612823486328125,0.047393798828125,0.33978271484375
518,5120_5376_6912_7168,MSAVI,65536,38023,7209.0,45232.0,20304.0,best,0.5801849365234375,0.1100006103515625,0.309814453125
519,5120_5376_7168_7424,MSAVI,65536,41170,4863.0,46033.0,19503.0,best,0.628204345703125,0.0742034912109375,0.2975921630859375
520,5120_5376_7424_7680,MSAVI,65536,41386,4371.0,45757.0,19779.0,best,0.631500244140625,0.0666961669921875,0.3018035888671875
521,5120_5376_7680_7936,MSAVI,65536,37449,3624.0,41073.0,24463.0,best,0.5714263916015625,0.0552978515625,0.3732757568359375
522,5120_5376_7936_8192,MSAVI,65536,36564,7703.0,44267.0,21269.0,best,0.55792236328125,0.1175384521484375,0.3245391845703125
523,5120_5376_8192_8448,MSAVI,65536,36705,7630.0,44335.0,21201.0,best,0.5600738525390625,0.116424560546875,0.3235015869140625
524,5120_5376_8448_8704,MSAVI,65536,38607,2747.0,41354.0,24182.0,best,0.5890960693359375,0.0419158935546875,0.368988037109375
525,5120_5376_8704_8960,MSAVI,65536,38291,2119.0,40410.0,25126.0,best,0.5842742919921875,0.0323333740234375,0.383392333984375
526,5376_5632_768_1024,MSAVI,65536,36173,7154.0,43327.0,22209.0,best,0.5519561767578125,0.109161376953125,0.3388824462890625
527,5376_5632_1024_1280,MSAVI,65536,36351,6653.0,43004.0,22532.0,best,0.5546722412109375,0.1015167236328125,0.34381103515625
528,5376_5632_1280_1536,MSAVI,65536,35536,5788.0,41324.0,24212.0,best,0.542236328125,0.08831787109375,0.36944580078125
529,5376_5632_1536_1792,MSAVI,65536,34363,7169.0,41532.0,24004.0,best,0.5243377685546875,0.1093902587890625,0.36627197265625
530,5376_5632_1792_2048,MSAVI,65536,36441,3914.0,40355.0,25181.0,best,0.5560455322265625,0.059722900390625,0.3842315673828125
531,5376_5632_2048_2304,MSAVI,65536,35159,13548.0,48707.0,16829.0,best,0.5364837646484375,0.20672607421875,0.2567901611328125
532,5376_5632_2304_2560,MSAVI,65536,37235,4677.0,41912.0,23624.0,best,0.5681610107421875,0.0713653564453125,0.3604736328125
533,5376_5632_2560_2816,MSAVI,65536,39628,3551.0,43179.0,22357.0,best,0.60467529296875,0.0541839599609375,0.3411407470703125
534,5376_5632_2816_3072,MSAVI,65536,38884,5317.0,44201.0,21335.0,best,0.59332275390625,0.0811309814453125,0.3255462646484375
535,5376_5632_3072_3328,MSAVI,65536,37745,4601.0,42346.0,23190.0,best,0.5759429931640625,0.0702056884765625,0.353851318359375
536,5376_5632_3328_3584,MSAVI,65536,36680,2022.0,38702.0,26834.0,best,0.5596923828125,0.030853271484375,0.409454345703125
537,5376_5632_3584_3840,MSAVI,65536,36505,5961.0,42466.0,23070.0,best,0.5570220947265625,0.0909576416015625,0.352020263671875
538,5376_5632_3840_4096,MSAVI,65536,36786,9861.0,46647.0,18889.0,best,0.561309814453125,0.1504669189453125,0.2882232666015625
539,5376_5632_4096_4352,MSAVI,65536,38853,8847.0,47700.0,17836.0,best,0.5928497314453125,0.1349945068359375,0.27215576171875
540,5376_5632_4352_4608,MSAVI,65536,37612,5977.0,43589.0,21947.0,best,0.57391357421875,0.0912017822265625,0.3348846435546875
541,5376_5632_4608_4864,MSAVI,65536,35744,13164.0,48908.0,16628.0,best,0.54541015625,0.20086669921875,0.25372314453125
542,5376_5632_4864_5120,MSAVI,65536,35282,7856.0,43138.0,22398.0,best,0.538360595703125,0.119873046875,0.341766357421875
543,5376_5632_5120_5376,MSAVI,65536,43890,6723.0,50613.0,14923.0,best,0.669708251953125,0.1025848388671875,0.2277069091796875
544,5376_5632_5376_5632,MSAVI,65536,35499,6952.0,42451.0,23085.0,best,0.5416717529296875,0.1060791015625,0.3522491455078125
545,5376_5632_5632_5888,MSAVI,65536,37247,4049.0,41296.0,24240.0,best,0.5683441162109375,0.0617828369140625,0.369873046875
546,5376_5632_5888_6144,MSAVI,65536,36047,10980.0,47027.0,18509.0,best,0.5500335693359375,0.16754150390625,0.2824249267578125
547,5376_5632_6144_6400,MSAVI,65536,37457,8603.0,46060.0,19476.0,best,0.5715484619140625,0.1312713623046875,0.29718017578125
548,5376_5632_6400_6656,MSAVI,65536,37222,4782.0,42004.0,23532.0,best,0.567962646484375,0.072967529296875,0.35906982421875
549,5376_5632_6656_6912,MSAVI,65536,37185,5326.0,42511.0,23025.0,best,0.5673980712890625,0.081268310546875,0.3513336181640625
550,5376_5632_6912_7168,MSAVI,65536,37095,6420.0,43515.0,22021.0,best,0.5660247802734375,0.09796142578125,0.3360137939453125
551,5376_5632_7168_7424,MSAVI,65536,37786,5571.0,43357.0,22179.0,best,0.576568603515625,0.0850067138671875,0.3384246826171875
552,5376_5632_7424_7680,MSAVI,65536,35965,5596.0,41561.0,23975.0,best,0.5487823486328125,0.08538818359375,0.3658294677734375
553,5376_5632_7680_7936,MSAVI,65536,37575,8268.0,45843.0,19693.0,best,0.5733489990234375,0.12615966796875,0.3004913330078125
554,5376_5632_7936_8192,MSAVI,65536,37011,4824.0,41835.0,23701.0,best,0.5647430419921875,0.0736083984375,0.3616485595703125
555,5376_5632_8192_8448,MSAVI,65536,40405,6687.0,47092.0,18444.0,best,0.6165313720703125,0.1020355224609375,0.28143310546875
556,5376_5632_8448_8704,MSAVI,65536,37351,6188.0,43539.0,21997.0,best,0.5699310302734375,0.09442138671875,0.3356475830078125
557,5376_5632_8704_8960,MSAVI,65536,37382,5131.0,42513.0,23023.0,best,0.570404052734375,0.0782928466796875,0.3513031005859375
558,5632_5888_768_1024,MSAVI,65536,37063,12224.0,49287.0,16249.0,best,0.5655364990234375,0.1865234375,0.2479400634765625
559,5632_5888_1024_1280,MSAVI,65536,40092,8287.0,48379.0,17157.0,best,0.61175537109375,0.1264495849609375,0.2617950439453125
560,5632_5888_1280_1536,MSAVI,65536,36413,3233.0,39646.0,25890.0,best,0.5556182861328125,0.0493316650390625,0.395050048828125
561,5632_5888_1536_1792,MSAVI,65536,37150,7532.0,44682.0,20854.0,best,0.566864013671875,0.11492919921875,0.318206787109375
562,5632_5888_1792_2048,MSAVI,65536,36556,7816.0,44372.0,21164.0,best,0.55780029296875,0.1192626953125,0.32293701171875
563,5632_5888_2048_2304,MSAVI,65536,34368,8526.0,42894.0,22642.0,best,0.5244140625,0.130096435546875,0.345489501953125
564,5632_5888_2304_2560,MSAVI,65536,36603,8868.0,45471.0,20065.0,best,0.5585174560546875,0.13531494140625,0.3061676025390625
565,5632_5888_2560_2816,MSAVI,65536,37701,2957.0,40658.0,24878.0,best,0.5752716064453125,0.0451202392578125,0.379608154296875
566,5632_5888_2816_3072,MSAVI,65536,36490,5912.0,42402.0,23134.0,best,0.556793212890625,0.0902099609375,0.352996826171875
567,5632_5888_3072_3328,MSAVI,65536,36445,7092.0,43537.0,21999.0,best,0.5561065673828125,0.10821533203125,0.3356781005859375
568,5632_5888_3328_3584,MSAVI,65536,37643,3609.0,41252.0,24284.0,best,0.5743865966796875,0.0550689697265625,0.37054443359375
569,5632_5888_3584_3840,MSAVI,65536,36054,4501.0,40555.0,24981.0,best,0.550140380859375,0.0686798095703125,0.3811798095703125
570,5632_5888_3840_4096,MSAVI,65536,35853,5103.0,40956.0,24580.0,best,0.5470733642578125,0.0778656005859375,0.37506103515625
571,5632_5888_4096_4352,MSAVI,65536,34168,8205.0,42373.0,23163.0,best,0.5213623046875,0.1251983642578125,0.3534393310546875
572,5632_5888_4352_4608,MSAVI,65536,36486,10281.0,46767.0,18769.0,best,0.556732177734375,0.1568756103515625,0.2863922119140625
573,5632_5888_4608_4864,MSAVI,65536,35794,5367.0,41161.0,24375.0,best,0.546173095703125,0.0818939208984375,0.3719329833984375
574,5632_5888_4864_5120,MSAVI,65536,37377,4205.0,41582.0,23954.0,best,0.5703277587890625,0.0641632080078125,0.365509033203125
575,5632_5888_5120_5376,MSAVI,65536,36564,7889.0,44453.0,21083.0,best,0.55792236328125,0.1203765869140625,0.3217010498046875
576,5632_5888_5376_5632,MSAVI,65536,37841,7345.0,45186.0,20350.0,best,0.5774078369140625,0.1120758056640625,0.310516357421875
577,5632_5888_5632_5888,MSAVI,65536,36493,8231.0,44724.0,20812.0,best,0.5568389892578125,0.1255950927734375,0.31756591796875
578,5632_5888_5888_6144,MSAVI,65536,35271,5561.0,40832.0,24704.0,best,0.5381927490234375,0.0848541259765625,0.376953125
579,5632_5888_6144_6400,MSAVI,65536,37950,8937.0,46887.0,18649.0,best,0.579071044921875,0.1363677978515625,0.2845611572265625
580,5632_5888_6400_6656,MSAVI,65536,35436,9338.0,44774.0,20762.0,best,0.54071044921875,0.142486572265625,0.316802978515625
581,5632_5888_6656_6912,MSAVI,65536,36980,5796.0,42776.0,22760.0,best,0.56427001953125,0.08843994140625,0.3472900390625
582,5632_5888_6912_7168,MSAVI,65536,38530,12207.0,50737.0,14799.0,best,0.587921142578125,0.1862640380859375,0.2258148193359375
583,5632_5888_7168_7424,MSAVI,65536,36618,6960.0,43578.0,21958.0,best,0.558746337890625,0.106201171875,0.335052490234375
584,5632_5888_7424_7680,MSAVI,65536,39071,6601.0,45672.0,19864.0,best,0.5961761474609375,0.1007232666015625,0.3031005859375
585,5632_5888_7680_7936,MSAVI,65536,35359,7041.0,42400.0,23136.0,best,0.5395355224609375,0.1074371337890625,0.35302734375
586,5632_5888_7936_8192,MSAVI,65536,36742,5806.0,42548.0,22988.0,best,0.560638427734375,0.088592529296875,0.35076904296875
587,5632_5888_8192_8448,MSAVI,65536,39072,11571.0,50643.0,14893.0,best,0.59619140625,0.1765594482421875,0.2272491455078125
588,5632_5888_8448_8704,MSAVI,65536,36036,6299.0,42335.0,23201.0,best,0.54986572265625,0.0961151123046875,0.3540191650390625
589,5632_5888_8704_8960,MSAVI,65536,38188,2988.0,41176.0,24360.0,best,0.58270263671875,0.04559326171875,0.3717041015625
590,5888_6144_512_768,MSAVI,65536,38332,5640.0,43972.0,21564.0,best,0.58489990234375,0.0860595703125,0.32904052734375
591,5888_6144_768_1024,MSAVI,65536,38737,3802.0,42539.0,22997.0,best,0.5910797119140625,0.058013916015625,0.3509063720703125
592,5888_6144_1024_1280,MSAVI,65536,37421,5432.0,42853.0,22683.0,best,0.5709991455078125,0.0828857421875,0.3461151123046875
593,5888_6144_1280_1536,MSAVI,65536,37962,3516.0,41478.0,24058.0,best,0.579254150390625,0.05364990234375,0.367095947265625
594,5888_6144_1536_1792,MSAVI,65536,36337,7523.0,43860.0,21676.0,best,0.5544586181640625,0.1147918701171875,0.33074951171875
595,5888_6144_1792_2048,MSAVI,65536,36154,6876.0,43030.0,22506.0,best,0.551666259765625,0.10491943359375,0.343414306640625
596,5888_6144_2048_2304,MSAVI,65536,39183,5461.0,44644.0,20892.0,best,0.5978851318359375,0.0833282470703125,0.31878662109375
597,5888_6144_2304_2560,MSAVI,65536,37915,3274.0,41189.0,24347.0,best,0.5785369873046875,0.049957275390625,0.3715057373046875
598,5888_6144_2560_2816,MSAVI,65536,38559,3706.0,42265.0,23271.0,best,0.5883636474609375,0.056549072265625,0.3550872802734375
599,5888_6144_2816_3072,MSAVI,65536,35202,5654.0,40856.0,24680.0,best,0.537139892578125,0.086273193359375,0.3765869140625
600,5888_6144_3072_3328,MSAVI,65536,36354,11138.0,47492.0,18044.0,best,0.554718017578125,0.169952392578125,0.27532958984375
601,5888_6144_3328_3584,MSAVI,65536,38125,4881.0,43006.0,22530.0,best,0.5817413330078125,0.0744781494140625,0.343780517578125
602,5888_6144_3584_3840,MSAVI,65536,38049,5439.0,43488.0,22048.0,best,0.5805816650390625,0.0829925537109375,0.33642578125
603,5888_6144_3840_4096,MSAVI,65536,38909,11729.0,50638.0,14898.0,best,0.5937042236328125,0.1789703369140625,0.227325439453125
604,5888_6144_4096_4352,MSAVI,65536,34269,7485.0,41754.0,23782.0,best,0.5229034423828125,0.1142120361328125,0.362884521484375
605,5888_6144_4352_4608,MSAVI,65536,37266,3553.0,40819.0,24717.0,best,0.568634033203125,0.0542144775390625,0.3771514892578125
606,5888_6144_4608_4864,MSAVI,65536,35550,4373.0,39923.0,25613.0,best,0.542449951171875,0.0667266845703125,0.3908233642578125
607,5888_6144_4864_5120,MSAVI,65536,39955,4516.0,44471.0,21065.0,best,0.6096649169921875,0.06890869140625,0.3214263916015625
608,5888_6144_5120_5376,MSAVI,65536,38798,3129.0,41927.0,23609.0,best,0.592010498046875,0.0477447509765625,0.3602447509765625
609,5888_6144_5376_5632,MSAVI,65536,39305,6071.0,45376.0,20160.0,best,0.5997467041015625,0.0926361083984375,0.3076171875
610,5888_6144_5632_5888,MSAVI,65536,37699,12777.0,50476.0,15060.0,best,0.5752410888671875,0.1949615478515625,0.22979736328125
611,5888_6144_5888_6144,MSAVI,65536,36730,8765.0,45495.0,20041.0,best,0.560455322265625,0.1337432861328125,0.3058013916015625
612,5888_6144_6144_6400,MSAVI,65536,35375,6849.0,42224.0,23312.0,best,0.5397796630859375,0.1045074462890625,0.355712890625
613,5888_6144_6400_6656,MSAVI,65536,36464,8345.0,44809.0,20727.0,best,0.556396484375,0.1273345947265625,0.3162689208984375
614,5888_6144_6656_6912,MSAVI,65536,36689,6077.0,42766.0,22770.0,best,0.5598297119140625,0.0927276611328125,0.347442626953125
615,5888_6144_6912_7168,MSAVI,65536,35299,8832.0,44131.0,21405.0,best,0.5386199951171875,0.134765625,0.3266143798828125
616,5888_6144_7168_7424,MSAVI,65536,37816,7322.0,45138.0,20398.0,best,0.5770263671875,0.111724853515625,0.311248779296875
617,5888_6144_7424_7680,MSAVI,65536,37569,7346.0,44915.0,20621.0,best,0.5732574462890625,0.112091064453125,0.3146514892578125
618,5888_6144_7680_7936,MSAVI,65536,36630,5969.0,42599.0,22937.0,best,0.558929443359375,0.0910797119140625,0.3499908447265625
619,5888_6144_7936_8192,MSAVI,65536,37858,6654.0,44512.0,21024.0,best,0.577667236328125,0.101531982421875,0.32080078125
620,5888_6144_8192_8448,MSAVI,65536,39231,4118.0,43349.0,22187.0,best,0.5986175537109375,0.062835693359375,0.3385467529296875
621,5888_6144_8448_8704,MSAVI,65536,35453,5077.0,40530.0,25006.0,best,0.5409698486328125,0.0774688720703125,0.381561279296875
622,5888_6144_8704_8960,MSAVI,65398,38960,4443.0,43403.0,21995.0,best,0.5957368726872382,0.0679378574268326,0.3363252698859292
623,6144_6400_512_768,MSAVI,65536,38403,2576.0,40979.0,24557.0,best,0.5859832763671875,0.039306640625,0.3747100830078125
624,6144_6400_768_1024,MSAVI,65536,39128,5017.0,44145.0,21391.0,best,0.5970458984375,0.0765533447265625,0.3264007568359375
625,6144_6400_1024_1280,MSAVI,65536,37992,4981.0,42973.0,22563.0,best,0.5797119140625,0.0760040283203125,0.3442840576171875
626,6144_6400_1280_1536,MSAVI,65536,38970,3714.0,42684.0,22852.0,best,0.594635009765625,0.056671142578125,0.34869384765625
627,6144_6400_1536_1792,MSAVI,65536,36980,5020.0,42000.0,23536.0,best,0.56427001953125,0.07659912109375,0.359130859375
628,6144_6400_1792_2048,MSAVI,65536,35784,5946.0,41730.0,23806.0,best,0.5460205078125,0.090728759765625,0.363250732421875
629,6144_6400_2048_2304,MSAVI,65536,34662,8586.0,43248.0,22288.0,best,0.528900146484375,0.131011962890625,0.340087890625
630,6144_6400_2304_2560,MSAVI,65536,39370,1942.0,41312.0,24224.0,best,0.600738525390625,0.029632568359375,0.36962890625
631,6144_6400_2560_2816,MSAVI,65536,38604,5337.0,43941.0,21595.0,best,0.58905029296875,0.0814361572265625,0.3295135498046875
632,6144_6400_2816_3072,MSAVI,65536,39304,4859.0,44163.0,21373.0,best,0.5997314453125,0.0741424560546875,0.3261260986328125
633,6144_6400_3072_3328,MSAVI,65536,35779,2793.0,38572.0,26964.0,best,0.5459442138671875,0.0426177978515625,0.41143798828125
634,6144_6400_3328_3584,MSAVI,65536,37456,6369.0,43825.0,21711.0,best,0.571533203125,0.0971832275390625,0.3312835693359375
635,6144_6400_3584_3840,MSAVI,65536,35542,5505.0,41047.0,24489.0,best,0.542327880859375,0.0839996337890625,0.3736724853515625
636,6144_6400_3840_4096,MSAVI,65536,40134,6169.0,46303.0,19233.0,best,0.612396240234375,0.0941314697265625,0.2934722900390625
637,6144_6400_4096_4352,MSAVI,65536,40625,6441.0,47066.0,18470.0,best,0.6198883056640625,0.0982818603515625,0.281829833984375
638,6144_6400_4352_4608,MSAVI,65536,36588,2737.0,39325.0,26211.0,best,0.55828857421875,0.0417633056640625,0.3999481201171875
639,6144_6400_4608_4864,MSAVI,65536,36537,4559.0,41096.0,24440.0,best,0.5575103759765625,0.0695648193359375,0.3729248046875
640,6144_6400_4864_5120,MSAVI,65536,38088,6093.0,44181.0,21355.0,best,0.5811767578125,0.0929718017578125,0.3258514404296875
641,6144_6400_5120_5376,MSAVI,65536,36747,5417.0,42164.0,23372.0,best,0.5607147216796875,0.0826568603515625,0.35662841796875
642,6144_6400_5376_5632,MSAVI,65536,35443,9452.0,44895.0,20641.0,best,0.5408172607421875,0.14422607421875,0.3149566650390625
643,6144_6400_5632_5888,MSAVI,65536,35530,7665.0,43195.0,22341.0,best,0.542144775390625,0.1169586181640625,0.3408966064453125
644,6144_6400_5888_6144,MSAVI,65536,33920,6259.0,40179.0,25357.0,best,0.517578125,0.0955047607421875,0.3869171142578125
645,6144_6400_6144_6400,MSAVI,65536,36873,3025.0,39898.0,25638.0,best,0.5626373291015625,0.0461578369140625,0.391204833984375
646,6144_6400_6400_6656,MSAVI,65536,36357,10933.0,47290.0,18246.0,best,0.5547637939453125,0.1668243408203125,0.278411865234375
647,6144_6400_6656_6912,MSAVI,65536,36209,5810.0,42019.0,23517.0,best,0.5525054931640625,0.088653564453125,0.3588409423828125
648,6144_6400_6912_7168,MSAVI,65536,34019,7478.0,41497.0,24039.0,best,0.5190887451171875,0.114105224609375,0.3668060302734375
649,6144_6400_7168_7424,MSAVI,65536,36970,6636.0,43606.0,21930.0,best,0.564117431640625,0.10125732421875,0.334625244140625
650,6144_6400_7424_7680,MSAVI,65536,36022,10104.0,46126.0,19410.0,best,0.549652099609375,0.1541748046875,0.296173095703125
651,6144_6400_7680_7936,MSAVI,65536,35270,2900.0,38170.0,27366.0,best,0.538177490234375,0.04425048828125,0.417572021484375
652,6144_6400_7936_8192,MSAVI,65536,37405,4110.0,41515.0,24021.0,best,0.5707550048828125,0.062713623046875,0.3665313720703125
653,6144_6400_8192_8448,MSAVI,65536,37791,3828.0,41619.0,23917.0,best,0.5766448974609375,0.05841064453125,0.3649444580078125
654,6144_6400_8448_8704,MSAVI,65536,37920,3859.0,41779.0,23757.0,best,0.57861328125,0.0588836669921875,0.3625030517578125
655,6400_6656_512_768,MSAVI,65536,38221,3672.0,41893.0,23643.0,best,0.5832061767578125,0.0560302734375,0.3607635498046875
656,6400_6656_768_1024,MSAVI,65536,38581,5649.0,44230.0,21306.0,best,0.5886993408203125,0.0861968994140625,0.325103759765625
657,6400_6656_1024_1280,MSAVI,65536,37962,6840.0,44802.0,20734.0,best,0.579254150390625,0.1043701171875,0.316375732421875
658,6400_6656_1280_1536,MSAVI,65536,39755,1514.0,41269.0,24267.0,best,0.6066131591796875,0.023101806640625,0.3702850341796875
659,6400_6656_1536_1792,MSAVI,65536,37772,2345.0,40117.0,25419.0,best,0.57635498046875,0.0357818603515625,0.3878631591796875
660,6400_6656_1792_2048,MSAVI,65536,36228,6527.0,42755.0,22781.0,best,0.55279541015625,0.0995941162109375,0.3476104736328125
661,6400_6656_2048_2304,MSAVI,65536,36408,4718.0,41126.0,24410.0,best,0.5555419921875,0.071990966796875,0.372467041015625
662,6400_6656_2304_2560,MSAVI,65536,39447,1224.0,40671.0,24865.0,best,0.6019134521484375,0.0186767578125,0.3794097900390625
663,6400_6656_2560_2816,MSAVI,65536,39197,2474.0,41671.0,23865.0,best,0.5980987548828125,0.037750244140625,0.3641510009765625
664,6400_6656_2816_3072,MSAVI,65536,39827,2529.0,42356.0,23180.0,best,0.6077117919921875,0.0385894775390625,0.35369873046875
665,6400_6656_3072_3328,MSAVI,65536,37724,3695.0,41419.0,24117.0,best,0.57562255859375,0.0563812255859375,0.3679962158203125
666,6400_6656_3328_3584,MSAVI,65536,39656,4855.0,44511.0,21025.0,best,0.6051025390625,0.0740814208984375,0.3208160400390625
667,6400_6656_3584_3840,MSAVI,65536,37507,8791.0,46298.0,19238.0,best,0.5723114013671875,0.1341400146484375,0.293548583984375
668,6400_6656_3840_4096,MSAVI,65536,36880,5382.0,42262.0,23274.0,best,0.562744140625,0.082122802734375,0.355133056640625
669,6400_6656_4096_4352,MSAVI,65536,39049,4459.0,43508.0,22028.0,best,0.5958404541015625,0.0680389404296875,0.33612060546875
670,6400_6656_4352_4608,MSAVI,65536,37615,5039.0,42654.0,22882.0,best,0.5739593505859375,0.0768890380859375,0.349151611328125
671,6400_6656_4608_4864,MSAVI,65536,35342,8175.0,43517.0,22019.0,best,0.539276123046875,0.1247406005859375,0.3359832763671875
672,6400_6656_4864_5120,MSAVI,65536,37387,4748.0,42135.0,23401.0,best,0.5704803466796875,0.07244873046875,0.3570709228515625
673,6400_6656_5120_5376,MSAVI,65536,38064,4876.0,42940.0,22596.0,best,0.580810546875,0.07440185546875,0.34478759765625
674,6400_6656_5376_5632,MSAVI,65536,37007,9419.0,46426.0,19110.0,best,0.5646820068359375,0.1437225341796875,0.291595458984375
675,6400_6656_5632_5888,MSAVI,65536,36313,10737.0,47050.0,18486.0,best,0.5540924072265625,0.1638336181640625,0.282073974609375
676,6400_6656_5888_6144,MSAVI,65536,36615,5333.0,41948.0,23588.0,best,0.5587005615234375,0.0813751220703125,0.35992431640625
677,6400_6656_6144_6400,MSAVI,65536,37111,5466.0,42577.0,22959.0,best,0.5662689208984375,0.083404541015625,0.3503265380859375
678,6400_6656_6400_6656,MSAVI,65536,34890,4726.0,39616.0,25920.0,best,0.532379150390625,0.072113037109375,0.3955078125
679,6400_6656_6656_6912,MSAVI,65536,35056,5478.0,40534.0,25002.0,best,0.534912109375,0.083587646484375,0.381500244140625
680,6400_6656_6912_7168,MSAVI,65536,36220,5588.0,41808.0,23728.0,best,0.55267333984375,0.08526611328125,0.362060546875
681,6400_6656_7168_7424,MSAVI,65536,38009,4417.0,42426.0,23110.0,best,0.5799713134765625,0.0673980712890625,0.352630615234375
682,6400_6656_7424_7680,MSAVI,65536,36518,3354.0,39872.0,25664.0,best,0.557220458984375,0.051177978515625,0.3916015625
683,6400_6656_7680_7936,MSAVI,65536,38276,3581.0,41857.0,23679.0,best,0.58404541015625,0.0546417236328125,0.3613128662109375
684,6400_6656_7936_8192,MSAVI,65536,38796,4002.0,42798.0,22738.0,best,0.59197998046875,0.061065673828125,0.346954345703125
685,6400_6656_8192_8448,MSAVI,65536,36112,7927.0,44039.0,21497.0,best,0.551025390625,0.1209564208984375,0.3280181884765625
686,6400_6656_8448_8704,MSAVI,65536,38211,5027.0,43238.0,22298.0,best,0.5830535888671875,0.0767059326171875,0.340240478515625
687,6656_6912_256_512,MSAVI,65536,37953,1634.0,39587.0,25949.0,best,0.5791168212890625,0.024932861328125,0.3959503173828125
688,6656_6912_512_768,MSAVI,65536,39814,4724.0,44538.0,20998.0,best,0.607513427734375,0.07208251953125,0.320404052734375
689,6656_6912_768_1024,MSAVI,65536,38191,4185.0,42376.0,23160.0,best,0.5827484130859375,0.0638580322265625,0.3533935546875
690,6656_6912_1024_1280,MSAVI,65536,39655,4178.0,43833.0,21703.0,best,0.6050872802734375,0.063751220703125,0.3311614990234375
691,6656_6912_1280_1536,MSAVI,65536,39074,2908.0,41982.0,23554.0,best,0.596221923828125,0.04437255859375,0.359405517578125
692,6656_6912_1536_1792,MSAVI,65536,37527,3577.0,41104.0,24432.0,best,0.5726165771484375,0.0545806884765625,0.372802734375
693,6656_6912_1792_2048,MSAVI,65536,36556,2368.0,38924.0,26612.0,best,0.55780029296875,0.0361328125,0.40606689453125
694,6656_6912_2048_2304,MSAVI,65536,37371,3975.0,41346.0,24190.0,best,0.5702362060546875,0.0606536865234375,0.369110107421875
695,6656_6912_2304_2560,MSAVI,65536,37618,2075.0,39693.0,25843.0,best,0.574005126953125,0.0316619873046875,0.3943328857421875
696,6656_6912_2560_2816,MSAVI,65536,35396,6112.0,41508.0,24028.0,best,0.54010009765625,0.09326171875,0.36663818359375
697,6656_6912_2816_3072,MSAVI,65536,34595,7083.0,41678.0,23858.0,best,0.5278778076171875,0.1080780029296875,0.364044189453125
698,6656_6912_3072_3328,MSAVI,65536,40473,2799.0,43272.0,22264.0,best,0.6175689697265625,0.0427093505859375,0.3397216796875
699,6656_6912_3328_3584,MSAVI,65536,36105,8031.0,44136.0,21400.0,best,0.5509185791015625,0.1225433349609375,0.3265380859375
700,6656_6912_3584_3840,MSAVI,65536,35352,13947.0,49299.0,16237.0,best,0.5394287109375,0.2128143310546875,0.2477569580078125
701,6656_6912_3840_4096,MSAVI,65536,37462,6637.0,44099.0,21437.0,best,0.571624755859375,0.1012725830078125,0.3271026611328125
702,6656_6912_4096_4352,MSAVI,65536,37381,7904.0,45285.0,20251.0,best,0.5703887939453125,0.12060546875,0.3090057373046875
703,6656_6912_4352_4608,MSAVI,65536,39030,6027.0,45057.0,20479.0,best,0.595550537109375,0.0919647216796875,0.3124847412109375
704,6656_6912_4608_4864,MSAVI,65536,36670,10493.0,47163.0,18373.0,best,0.559539794921875,0.1601104736328125,0.2803497314453125
705,6656_6912_4864_5120,MSAVI,65536,38942,3276.0,42218.0,23318.0,best,0.594207763671875,0.04998779296875,0.355804443359375
706,6656_6912_5120_5376,MSAVI,65536,37842,4042.0,41884.0,23652.0,best,0.577423095703125,0.061676025390625,0.36090087890625
707,6656_6912_5376_5632,MSAVI,65536,35877,5353.0,41230.0,24306.0,best,0.5474395751953125,0.0816802978515625,0.370880126953125
708,6656_6912_5632_5888,MSAVI,65536,35786,5462.0,41248.0,24288.0,best,0.546051025390625,0.083343505859375,0.37060546875
709,6656_6912_5888_6144,MSAVI,65536,36601,5530.0,42131.0,23405.0,best,0.5584869384765625,0.084381103515625,0.3571319580078125
710,6656_6912_6144_6400,MSAVI,65536,36667,8336.0,45003.0,20533.0,best,0.5594940185546875,0.127197265625,0.3133087158203125
711,6656_6912_6400_6656,MSAVI,65536,37228,10539.0,47767.0,17769.0,best,0.56805419921875,0.1608123779296875,0.2711334228515625
712,6656_6912_6656_6912,MSAVI,65536,35808,6174.0,41982.0,23554.0,best,0.54638671875,0.094207763671875,0.359405517578125
713,6656_6912_6912_7168,MSAVI,65536,36118,4686.0,40804.0,24732.0,best,0.551116943359375,0.071502685546875,0.37738037109375
714,6656_6912_7168_7424,MSAVI,65536,35649,6818.0,42467.0,23069.0,best,0.5439605712890625,0.104034423828125,0.3520050048828125
715,6656_6912_7424_7680,MSAVI,65536,35512,8142.0,43654.0,21882.0,best,0.5418701171875,0.124237060546875,0.333892822265625
716,6656_6912_7680_7936,MSAVI,65536,37119,3993.0,41112.0,24424.0,best,0.5663909912109375,0.0609283447265625,0.3726806640625
717,6656_6912_7936_8192,MSAVI,65536,36531,3014.0,39545.0,25991.0,best,0.5574188232421875,0.045989990234375,0.3965911865234375
718,6656_6912_8192_8448,MSAVI,65536,37106,7735.0,44841.0,20695.0,best,0.566192626953125,0.1180267333984375,0.3157806396484375
719,6656_6912_8448_8704,MSAVI,65536,35870,4501.0,40371.0,25165.0,best,0.547332763671875,0.0686798095703125,0.3839874267578125
720,6912_7168_256_512,MSAVI,65536,37486,4051.0,41537.0,23999.0,best,0.571990966796875,0.0618133544921875,0.3661956787109375
721,6912_7168_512_768,MSAVI,65536,36675,3790.0,40465.0,25071.0,best,0.5596160888671875,0.057830810546875,0.3825531005859375
722,6912_7168_768_1024,MSAVI,65536,36651,6101.0,42752.0,22784.0,best,0.5592498779296875,0.0930938720703125,0.34765625
723,6912_7168_1024_1280,MSAVI,65536,36346,5786.0,42132.0,23404.0,best,0.554595947265625,0.088287353515625,0.35711669921875
724,6912_7168_1280_1536,MSAVI,65536,37264,6240.0,43504.0,22032.0,best,0.568603515625,0.09521484375,0.336181640625
725,6912_7168_1536_1792,MSAVI,65536,35854,6926.0,42780.0,22756.0,best,0.547088623046875,0.105682373046875,0.34722900390625
726,6912_7168_1792_2048,MSAVI,65536,36043,8844.0,44887.0,20649.0,best,0.5499725341796875,0.13494873046875,0.3150787353515625
727,6912_7168_2048_2304,MSAVI,65536,35799,7008.0,42807.0,22729.0,best,0.5462493896484375,0.10693359375,0.3468170166015625
728,6912_7168_2304_2560,MSAVI,65536,37537,2976.0,40513.0,25023.0,best,0.5727691650390625,0.04541015625,0.3818206787109375
729,6912_7168_2560_2816,MSAVI,65536,37821,5935.0,43756.0,21780.0,best,0.5771026611328125,0.0905609130859375,0.33233642578125
730,6912_7168_2816_3072,MSAVI,65536,36829,2511.0,39340.0,26196.0,best,0.5619659423828125,0.0383148193359375,0.39971923828125
731,6912_7168_3072_3328,MSAVI,65536,39015,4575.0,43590.0,21946.0,best,0.5953216552734375,0.0698089599609375,0.334869384765625
732,6912_7168_3328_3584,MSAVI,65536,38487,3815.0,42302.0,23234.0,best,0.5872650146484375,0.0582122802734375,0.354522705078125
733,6912_7168_3584_3840,MSAVI,65536,35284,6380.0,41664.0,23872.0,best,0.53839111328125,0.09735107421875,0.3642578125
734,6912_7168_3840_4096,MSAVI,65536,38349,7912.0,46261.0,19275.0,best,0.5851593017578125,0.1207275390625,0.2941131591796875
735,6912_7168_4096_4352,MSAVI,65536,38387,6645.0,45032.0,20504.0,best,0.5857391357421875,0.1013946533203125,0.3128662109375
736,6912_7168_4352_4608,MSAVI,65536,36726,4985.0,41711.0,23825.0,best,0.560394287109375,0.0760650634765625,0.3635406494140625
737,6912_7168_4608_4864,MSAVI,65536,35682,8778.0,44460.0,21076.0,best,0.544464111328125,0.133941650390625,0.32159423828125
738,6912_7168_4864_5120,MSAVI,65536,37746,6688.0,44434.0,21102.0,best,0.575958251953125,0.10205078125,0.321990966796875
739,6912_7168_5120_5376,MSAVI,65536,36087,4721.0,40808.0,24728.0,best,0.5506439208984375,0.0720367431640625,0.3773193359375
740,6912_7168_5376_5632,MSAVI,65536,37852,6338.0,44190.0,21346.0,best,0.57757568359375,0.096710205078125,0.325714111328125
741,6912_7168_5632_5888,MSAVI,65536,37756,5774.0,43530.0,22006.0,best,0.57611083984375,0.088104248046875,0.335784912109375
742,6912_7168_5888_6144,MSAVI,65536,37651,1631.0,39282.0,26254.0,best,0.5745086669921875,0.0248870849609375,0.400604248046875
743,6912_7168_6144_6400,MSAVI,65536,37873,3618.0,41491.0,24045.0,best,0.5778961181640625,0.055206298828125,0.3668975830078125
744,6912_7168_6400_6656,MSAVI,65536,34778,5059.0,39837.0,25699.0,best,0.530670166015625,0.0771942138671875,0.3921356201171875
745,6912_7168_6656_6912,MSAVI,65536,37987,5725.0,43712.0,21824.0,best,0.5796356201171875,0.0873565673828125,0.3330078125
746,6912_7168_6912_7168,MSAVI,65536,35405,6338.0,41743.0,23793.0,best,0.5402374267578125,0.096710205078125,0.3630523681640625
747,6912_7168_7168_7424,MSAVI,65536,36540,5452.0,41992.0,23544.0,best,0.55755615234375,0.08319091796875,0.3592529296875
748,6912_7168_7424_7680,MSAVI,65536,36178,6500.0,42678.0,22858.0,best,0.552032470703125,0.09918212890625,0.348785400390625
749,6912_7168_7680_7936,MSAVI,65536,37372,4852.0,42224.0,23312.0,best,0.57025146484375,0.07403564453125,0.355712890625
750,6912_7168_7936_8192,MSAVI,65536,38921,3706.0,42627.0,22909.0,best,0.5938873291015625,0.056549072265625,0.3495635986328125
751,6912_7168_8192_8448,MSAVI,65536,38040,7184.0,45224.0,20312.0,best,0.5804443359375,0.109619140625,0.3099365234375
752,7168_7424_256_512,MSAVI,65536,37666,8166.0,45832.0,19704.0,best,0.574737548828125,0.124603271484375,0.3006591796875
753,7168_7424_512_768,MSAVI,65536,37060,8553.0,45613.0,19923.0,best,0.56549072265625,0.1305084228515625,0.3040008544921875
754,7168_7424_768_1024,MSAVI,65536,36259,4611.0,40870.0,24666.0,best,0.5532684326171875,0.0703582763671875,0.376373291015625
755,7168_7424_1024_1280,MSAVI,65536,37337,8021.0,45358.0,20178.0,best,0.5697174072265625,0.1223907470703125,0.307891845703125
756,7168_7424_1280_1536,MSAVI,65536,36181,6175.0,42356.0,23180.0,best,0.5520782470703125,0.0942230224609375,0.35369873046875
757,7168_7424_1536_1792,MSAVI,65536,35900,4294.0,40194.0,25342.0,best,0.54779052734375,0.065521240234375,0.386688232421875
758,7168_7424_1792_2048,MSAVI,65536,37287,6522.0,43809.0,21727.0,best,0.5689544677734375,0.099517822265625,0.3315277099609375
759,7168_7424_2048_2304,MSAVI,65536,38725,3132.0,41857.0,23679.0,best,0.5908966064453125,0.04779052734375,0.3613128662109375
760,7168_7424_2304_2560,MSAVI,65536,37529,5945.0,43474.0,22062.0,best,0.5726470947265625,0.0907135009765625,0.336639404296875
761,7168_7424_2560_2816,MSAVI,65536,35205,7791.0,42996.0,22540.0,best,0.5371856689453125,0.1188812255859375,0.34393310546875
762,7168_7424_2816_3072,MSAVI,65536,38532,2923.0,41455.0,24081.0,best,0.58795166015625,0.0446014404296875,0.3674468994140625
763,7168_7424_3072_3328,MSAVI,65536,40213,4298.0,44511.0,21025.0,best,0.6136016845703125,0.065582275390625,0.3208160400390625
764,7168_7424_3328_3584,MSAVI,65536,41347,6707.0,48054.0,17482.0,best,0.6309051513671875,0.1023406982421875,0.266754150390625
765,7168_7424_3584_3840,MSAVI,65536,36048,8180.0,44228.0,21308.0,best,0.550048828125,0.12481689453125,0.32513427734375
766,7168_7424_3840_4096,MSAVI,65536,37999,6950.0,44949.0,20587.0,best,0.5798187255859375,0.106048583984375,0.3141326904296875
767,7168_7424_4096_4352,MSAVI,65536,36303,3038.0,39341.0,26195.0,best,0.5539398193359375,0.046356201171875,0.3997039794921875
768,7168_7424_4352_4608,MSAVI,65536,38131,7102.0,45233.0,20303.0,best,0.5818328857421875,0.108367919921875,0.3097991943359375
769,7168_7424_4608_4864,MSAVI,65536,38932,7855.0,46787.0,18749.0,best,0.59405517578125,0.1198577880859375,0.2860870361328125
770,7168_7424_4864_5120,MSAVI,65536,39089,3822.0,42911.0,22625.0,best,0.5964508056640625,0.058319091796875,0.3452301025390625
771,7168_7424_5120_5376,MSAVI,65536,35803,5524.0,41327.0,24209.0,best,0.5463104248046875,0.08428955078125,0.3694000244140625
772,7168_7424_5376_5632,MSAVI,65536,37689,8726.0,46415.0,19121.0,best,0.5750885009765625,0.133148193359375,0.2917633056640625
773,7168_7424_5632_5888,MSAVI,65536,37345,4924.0,42269.0,23267.0,best,0.5698394775390625,0.07513427734375,0.3550262451171875
774,7168_7424_5888_6144,MSAVI,65536,36386,5574.0,41960.0,23576.0,best,0.555206298828125,0.085052490234375,0.3597412109375
775,7168_7424_6144_6400,MSAVI,65536,36908,3490.0,40398.0,25138.0,best,0.56317138671875,0.053253173828125,0.383575439453125
776,7168_7424_6400_6656,MSAVI,65536,35347,6705.0,42052.0,23484.0,best,0.5393524169921875,0.1023101806640625,0.35833740234375
777,7168_7424_6656_6912,MSAVI,65536,37648,5406.0,43054.0,22482.0,best,0.574462890625,0.082489013671875,0.343048095703125
778,7168_7424_6912_7168,MSAVI,65536,34829,3521.0,38350.0,27186.0,best,0.5314483642578125,0.0537261962890625,0.414825439453125
779,7168_7424_7168_7424,MSAVI,65536,35949,6684.0,42633.0,22903.0,best,0.5485382080078125,0.10198974609375,0.3494720458984375
780,7168_7424_7424_7680,MSAVI,65536,37932,7649.0,45581.0,19955.0,best,0.57879638671875,0.1167144775390625,0.3044891357421875
781,7168_7424_7680_7936,MSAVI,65536,38291,4300.0,42591.0,22945.0,best,0.5842742919921875,0.06561279296875,0.3501129150390625
782,7168_7424_7936_8192,MSAVI,65536,39006,3539.0,42545.0,22991.0,best,0.595184326171875,0.0540008544921875,0.3508148193359375
783,7168_7424_8192_8448,MSAVI,65536,37808,7448.0,45256.0,20280.0,best,0.576904296875,0.1136474609375,0.3094482421875
784,7424_7680_256_512,MSAVI,65536,44605,6804.0,51409.0,14127.0,best,0.6806182861328125,0.10382080078125,0.2155609130859375
785,7424_7680_512_768,MSAVI,65536,38566,4218.0,42784.0,22752.0,best,0.588470458984375,0.064361572265625,0.34716796875
786,7424_7680_768_1024,MSAVI,65536,37563,2296.0,39859.0,25677.0,best,0.5731658935546875,0.0350341796875,0.3917999267578125
787,7424_7680_1024_1280,MSAVI,65536,36448,3624.0,40072.0,25464.0,best,0.55615234375,0.0552978515625,0.3885498046875
788,7424_7680_1280_1536,MSAVI,65536,37845,5027.0,42872.0,22664.0,best,0.5774688720703125,0.0767059326171875,0.3458251953125
789,7424_7680_1536_1792,MSAVI,65536,38422,8619.0,47041.0,18495.0,best,0.586273193359375,0.1315155029296875,0.2822113037109375
790,7424_7680_1792_2048,MSAVI,65536,38202,2721.0,40923.0,24613.0,best,0.582916259765625,0.0415191650390625,0.3755645751953125
791,7424_7680_2048_2304,MSAVI,65536,37078,3266.0,40344.0,25192.0,best,0.565765380859375,0.049835205078125,0.3843994140625
792,7424_7680_2304_2560,MSAVI,65536,35281,6493.0,41774.0,23762.0,best,0.5383453369140625,0.0990753173828125,0.362579345703125
793,7424_7680_2560_2816,MSAVI,65536,36093,11865.0,47958.0,17578.0,best,0.5507354736328125,0.1810455322265625,0.268218994140625
794,7424_7680_2816_3072,MSAVI,65536,37683,5710.0,43393.0,22143.0,best,0.5749969482421875,0.087127685546875,0.3378753662109375
795,7424_7680_3072_3328,MSAVI,65536,40486,4428.0,44914.0,20622.0,best,0.617767333984375,0.06756591796875,0.314666748046875
796,7424_7680_3328_3584,MSAVI,65536,39222,7710.0,46932.0,18604.0,best,0.598480224609375,0.117645263671875,0.28387451171875
797,7424_7680_3584_3840,MSAVI,65536,36891,15362.0,52253.0,13283.0,best,0.5629119873046875,0.234405517578125,0.2026824951171875
798,7424_7680_3840_4096,MSAVI,65536,36942,12968.0,49910.0,15626.0,best,0.563690185546875,0.1978759765625,0.238433837890625
799,7424_7680_4096_4352,MSAVI,65536,37531,7902.0,45433.0,20103.0,best,0.5726776123046875,0.120574951171875,0.3067474365234375
800,7424_7680_4352_4608,MSAVI,65536,35398,7682.0,43080.0,22456.0,best,0.540130615234375,0.117218017578125,0.3426513671875
801,7424_7680_4608_4864,MSAVI,65536,36900,11837.0,48737.0,16799.0,best,0.56304931640625,0.1806182861328125,0.2563323974609375
802,7424_7680_4864_5120,MSAVI,65536,38339,6516.0,44855.0,20681.0,best,0.5850067138671875,0.09942626953125,0.3155670166015625
803,7424_7680_5120_5376,MSAVI,65536,35672,7531.0,43203.0,22333.0,best,0.5443115234375,0.1149139404296875,0.3407745361328125
804,7424_7680_5376_5632,MSAVI,65536,39055,8384.0,47439.0,18097.0,best,0.5959320068359375,0.1279296875,0.2761383056640625
805,7424_7680_5632_5888,MSAVI,65536,38826,3893.0,42719.0,22817.0,best,0.592437744140625,0.0594024658203125,0.3481597900390625
806,7424_7680_5888_6144,MSAVI,65536,34389,11510.0,45899.0,19637.0,best,0.5247344970703125,0.175628662109375,0.2996368408203125
807,7424_7680_6144_6400,MSAVI,65536,38772,6231.0,45003.0,20533.0,best,0.59161376953125,0.0950775146484375,0.3133087158203125
808,7424_7680_6400_6656,MSAVI,65536,35791,5302.0,41093.0,24443.0,best,0.5461273193359375,0.080902099609375,0.3729705810546875
809,7424_7680_6656_6912,MSAVI,65536,39590,5505.0,45095.0,20441.0,best,0.604095458984375,0.0839996337890625,0.3119049072265625
810,7424_7680_6912_7168,MSAVI,65536,36187,4030.0,40217.0,25319.0,best,0.5521697998046875,0.061492919921875,0.3863372802734375
811,7424_7680_7168_7424,MSAVI,65536,37097,6505.0,43602.0,21934.0,best,0.5660552978515625,0.0992584228515625,0.334686279296875
812,7424_7680_7424_7680,MSAVI,65536,36526,8035.0,44561.0,20975.0,best,0.557342529296875,0.1226043701171875,0.3200531005859375
813,7424_7680_7680_7936,MSAVI,65536,36019,3933.0,39952.0,25584.0,best,0.5496063232421875,0.0600128173828125,0.390380859375
814,7424_7680_7936_8192,MSAVI,65536,41560,3783.0,45343.0,20193.0,best,0.6341552734375,0.0577239990234375,0.3081207275390625
815,7424_7680_8192_8448,MSAVI,65536,40112,5733.0,45845.0,19691.0,best,0.612060546875,0.0874786376953125,0.3004608154296875
816,7680_7936_256_512,MSAVI,65536,31306,14955.0,46261.0,19275.0,best,0.477691650390625,0.2281951904296875,0.2941131591796875
817,7680_7936_512_768,MSAVI,65536,33491,18832.0,52323.0,13213.0,best,0.5110321044921875,0.287353515625,0.2016143798828125
818,7680_7936_768_1024,MSAVI,65536,35767,7591.0,43358.0,22178.0,best,0.5457611083984375,0.1158294677734375,0.338409423828125
819,7680_7936_1024_1280,MSAVI,65536,47008,13270.0,60278.0,5258.0,best,0.71728515625,0.202484130859375,0.080230712890625
820,7680_7936_1280_1536,MSAVI,65536,34430,6288.0,40718.0,24818.0,best,0.525360107421875,0.095947265625,0.378692626953125
821,7680_7936_1536_1792,MSAVI,65536,35611,10120.0,45731.0,19805.0,best,0.5433807373046875,0.1544189453125,0.3022003173828125
822,7680_7936_1792_2048,MSAVI,65536,41603,4937.0,46540.0,18996.0,best,0.6348114013671875,0.0753326416015625,0.28985595703125
823,7680_7936_2048_2304,MSAVI,65536,36299,6156.0,42455.0,23081.0,best,0.5538787841796875,0.09393310546875,0.3521881103515625
824,7680_7936_2304_2560,MSAVI,65536,37395,9404.0,46799.0,18737.0,best,0.5706024169921875,0.14349365234375,0.2859039306640625
825,7680_7936_2560_2816,MSAVI,65536,36480,10489.0,46969.0,18567.0,best,0.556640625,0.1600494384765625,0.2833099365234375
826,7680_7936_2816_3072,MSAVI,65536,37339,4214.0,41553.0,23983.0,best,0.5697479248046875,0.064300537109375,0.3659515380859375
827,7680_7936_3072_3328,MSAVI,65536,40137,7045.0,47182.0,18354.0,best,0.6124420166015625,0.1074981689453125,0.280059814453125
828,7680_7936_3328_3584,MSAVI,65536,34886,6284.0,41170.0,24366.0,best,0.532318115234375,0.09588623046875,0.371795654296875
829,7680_7936_3584_3840,MSAVI,65536,37351,12204.0,49555.0,15981.0,best,0.5699310302734375,0.18621826171875,0.2438507080078125
830,7680_7936_3840_4096,MSAVI,65536,37731,6006.0,43737.0,21799.0,best,0.5757293701171875,0.091644287109375,0.3326263427734375
831,7680_7936_4096_4352,MSAVI,65536,35455,7408.0,42863.0,22673.0,best,0.5410003662109375,0.113037109375,0.3459625244140625
832,7680_7936_4352_4608,MSAVI,65536,34590,7559.0,42149.0,23387.0,best,0.527801513671875,0.1153411865234375,0.3568572998046875
833,7680_7936_4608_4864,MSAVI,65536,36975,6190.0,43165.0,22371.0,best,0.5641937255859375,0.094451904296875,0.3413543701171875
834,7680_7936_4864_5120,MSAVI,65536,42954,3699.0,46653.0,18883.0,best,0.655426025390625,0.0564422607421875,0.2881317138671875
835,7680_7936_5120_5376,MSAVI,65536,40437,7480.0,47917.0,17619.0,best,0.6170196533203125,0.1141357421875,0.2688446044921875
836,7680_7936_5376_5632,MSAVI,65536,38781,10103.0,48884.0,16652.0,best,0.5917510986328125,0.1541595458984375,0.25408935546875
837,7680_7936_5632_5888,MSAVI,65536,37375,4490.0,41865.0,23671.0,best,0.5702972412109375,0.068511962890625,0.3611907958984375
838,7680_7936_5888_6144,MSAVI,65536,40429,3264.0,43693.0,21843.0,best,0.6168975830078125,0.0498046875,0.3332977294921875
839,7680_7936_6144_6400,MSAVI,65536,36469,7760.0,44229.0,21307.0,best,0.5564727783203125,0.118408203125,0.3251190185546875
840,7680_7936_6400_6656,MSAVI,65536,35944,6120.0,42064.0,23472.0,best,0.5484619140625,0.0933837890625,0.358154296875
841,7680_7936_6656_6912,MSAVI,65536,38339,2395.0,40734.0,24802.0,best,0.5850067138671875,0.0365447998046875,0.378448486328125
842,7680_7936_6912_7168,MSAVI,65536,37821,4384.0,42205.0,23331.0,best,0.5771026611328125,0.06689453125,0.3560028076171875
843,7680_7936_7168_7424,MSAVI,65536,37123,5914.0,43037.0,22499.0,best,0.5664520263671875,0.090240478515625,0.3433074951171875
844,7680_7936_7424_7680,MSAVI,65536,36167,6545.0,42712.0,22824.0,best,0.5518646240234375,0.0998687744140625,0.3482666015625
845,7680_7936_7680_7936,MSAVI,65536,35260,4412.0,39672.0,25864.0,best,0.53802490234375,0.06732177734375,0.3946533203125
846,7680_7936_7936_8192,MSAVI,65536,36658,3064.0,39722.0,25814.0,best,0.559356689453125,0.0467529296875,0.393890380859375
847,7936_8192_256_512,MSAVI,65536,36392,21230.0,57622.0,7914.0,best,0.5552978515625,0.323944091796875,0.120758056640625
848,7936_8192_512_768,MSAVI,65536,36606,11244.0,47850.0,17686.0,best,0.558563232421875,0.17156982421875,0.269866943359375
849,7936_8192_768_1024,MSAVI,65536,39026,3475.0,42501.0,23035.0,best,0.595489501953125,0.0530242919921875,0.3514862060546875
850,7936_8192_1024_1280,MSAVI,65536,41983,2380.0,44363.0,21173.0,best,0.6406097412109375,0.03631591796875,0.3230743408203125
851,7936_8192_1280_1536,MSAVI,65536,39021,5677.0,44698.0,20838.0,best,0.5954132080078125,0.0866241455078125,0.317962646484375
852,7936_8192_1536_1792,MSAVI,65536,36926,7816.0,44742.0,20794.0,best,0.563446044921875,0.1192626953125,0.317291259765625
853,7936_8192_1792_2048,MSAVI,65536,39926,5305.0,45231.0,20305.0,best,0.609222412109375,0.0809478759765625,0.3098297119140625
854,7936_8192_2048_2304,MSAVI,65536,40270,11226.0,51496.0,14040.0,best,0.614471435546875,0.171295166015625,0.2142333984375
855,7936_8192_2304_2560,MSAVI,65536,38220,8641.0,46861.0,18675.0,best,0.58319091796875,0.1318511962890625,0.2849578857421875
856,7936_8192_2560_2816,MSAVI,65536,35714,7126.0,42840.0,22696.0,best,0.544952392578125,0.108734130859375,0.3463134765625
857,7936_8192_2816_3072,MSAVI,65536,35110,7937.0,43047.0,22489.0,best,0.535736083984375,0.1211090087890625,0.3431549072265625
858,7936_8192_3072_3328,MSAVI,65536,34394,9361.0,43755.0,21781.0,best,0.524810791015625,0.1428375244140625,0.3323516845703125
859,7936_8192_3328_3584,MSAVI,65536,38544,5052.0,43596.0,21940.0,best,0.588134765625,0.07708740234375,0.33477783203125
860,7936_8192_3584_3840,MSAVI,65536,37811,2295.0,40106.0,25430.0,best,0.5769500732421875,0.0350189208984375,0.388031005859375
861,7936_8192_3840_4096,MSAVI,65536,36946,3804.0,40750.0,24786.0,best,0.563751220703125,0.05804443359375,0.378204345703125
862,7936_8192_4096_4352,MSAVI,65536,36090,7056.0,43146.0,22390.0,best,0.550689697265625,0.107666015625,0.341644287109375
863,7936_8192_4352_4608,MSAVI,65536,38193,3432.0,41625.0,23911.0,best,0.5827789306640625,0.0523681640625,0.3648529052734375
864,7936_8192_4608_4864,MSAVI,65536,37230,3334.0,40564.0,24972.0,best,0.568084716796875,0.050872802734375,0.38104248046875
865,7936_8192_4864_5120,MSAVI,65536,38638,4154.0,42792.0,22744.0,best,0.589569091796875,0.063385009765625,0.3470458984375
866,7936_8192_5120_5376,MSAVI,65536,36712,6487.0,43199.0,22337.0,best,0.5601806640625,0.0989837646484375,0.3408355712890625
867,7936_8192_5376_5632,MSAVI,65536,41306,5219.0,46525.0,19011.0,best,0.630279541015625,0.0796356201171875,0.2900848388671875
868,7936_8192_5632_5888,MSAVI,65536,39265,3043.0,42308.0,23228.0,best,0.5991363525390625,0.0464324951171875,0.35443115234375
869,7936_8192_5888_6144,MSAVI,65536,39255,6322.0,45577.0,19959.0,best,0.5989837646484375,0.096466064453125,0.3045501708984375
870,7936_8192_6144_6400,MSAVI,65536,36061,8213.0,44274.0,21262.0,best,0.5502471923828125,0.1253204345703125,0.324432373046875
871,7936_8192_6400_6656,MSAVI,65536,37317,3068.0,40385.0,25151.0,best,0.5694122314453125,0.04681396484375,0.3837738037109375
872,7936_8192_6656_6912,MSAVI,65536,38516,4107.0,42623.0,22913.0,best,0.58770751953125,0.0626678466796875,0.3496246337890625
873,7936_8192_6912_7168,MSAVI,65536,36213,6133.0,42346.0,23190.0,best,0.5525665283203125,0.0935821533203125,0.353851318359375
874,7936_8192_7168_7424,MSAVI,65536,34713,6864.0,41577.0,23959.0,best,0.5296783447265625,0.104736328125,0.3655853271484375
875,7936_8192_7424_7680,MSAVI,65536,34228,9425.0,43653.0,21883.0,best,0.52227783203125,0.1438140869140625,0.3339080810546875
876,7936_8192_7680_7936,MSAVI,65536,36013,7971.0,43984.0,21552.0,best,0.5495147705078125,0.1216278076171875,0.328857421875
877,7936_8192_7936_8192,MSAVI,65536,37533,2300.0,39833.0,25703.0,best,0.5727081298828125,0.03509521484375,0.3921966552734375
878,8192_8448_1024_1280,MSAVI,65536,39390,5990.0,45380.0,20156.0,best,0.601043701171875,0.091400146484375,0.30755615234375
879,8192_8448_1280_1536,MSAVI,65536,39856,7176.0,47032.0,18504.0,best,0.608154296875,0.1094970703125,0.2823486328125
880,8192_8448_1536_1792,MSAVI,65536,36285,11277.0,47562.0,17974.0,best,0.5536651611328125,0.1720733642578125,0.274261474609375
881,8192_8448_1792_2048,MSAVI,65536,35488,13898.0,49386.0,16150.0,best,0.54150390625,0.212066650390625,0.246429443359375
882,8192_8448_2048_2304,MSAVI,65536,35087,21482.0,56569.0,8967.0,best,0.5353851318359375,0.327789306640625,0.1368255615234375
883,8192_8448_2304_2560,MSAVI,65536,33798,24086.0,57884.0,7652.0,best,0.515716552734375,0.367523193359375,0.11676025390625
884,8192_8448_2560_2816,MSAVI,65536,32574,14851.0,47425.0,18111.0,best,0.497039794921875,0.2266082763671875,0.2763519287109375
885,8192_8448_2816_3072,MSAVI,65536,36197,10355.0,46552.0,18984.0,best,0.5523223876953125,0.1580047607421875,0.2896728515625
886,8192_8448_3072_3328,MSAVI,65536,38695,1821.0,40516.0,25020.0,best,0.5904388427734375,0.0277862548828125,0.38177490234375
887,8192_8448_3328_3584,MSAVI,65536,36425,7333.0,43758.0,21778.0,best,0.5558013916015625,0.1118927001953125,0.332305908203125
888,8192_8448_3584_3840,MSAVI,65536,35808,4045.0,39853.0,25683.0,best,0.54638671875,0.0617218017578125,0.3918914794921875
889,8192_8448_3840_4096,MSAVI,65536,40917,4429.0,45346.0,20190.0,best,0.6243438720703125,0.0675811767578125,0.308074951171875
890,8192_8448_4096_4352,MSAVI,65536,38851,5311.0,44162.0,21374.0,best,0.5928192138671875,0.0810394287109375,0.326141357421875
891,8192_8448_4352_4608,MSAVI,65536,40405,3610.0,44015.0,21521.0,best,0.6165313720703125,0.055084228515625,0.3283843994140625
892,8192_8448_4608_4864,MSAVI,65536,37479,1496.0,38975.0,26561.0,best,0.5718841552734375,0.0228271484375,0.4052886962890625
893,8192_8448_4864_5120,MSAVI,65536,37101,3271.0,40372.0,25164.0,best,0.5661163330078125,0.0499114990234375,0.38397216796875
894,8192_8448_5120_5376,MSAVI,65536,39621,4034.0,43655.0,21881.0,best,0.6045684814453125,0.061553955078125,0.3338775634765625
895,8192_8448_5376_5632,MSAVI,65536,43698,3655.0,47353.0,18183.0,best,0.666778564453125,0.0557708740234375,0.2774505615234375
896,8192_8448_5632_5888,MSAVI,65536,38945,1692.0,40637.0,24899.0,best,0.5942535400390625,0.02581787109375,0.3799285888671875
897,8192_8448_5888_6144,MSAVI,65536,37396,6282.0,43678.0,21858.0,best,0.57061767578125,0.095855712890625,0.333526611328125
898,8192_8448_6144_6400,MSAVI,65536,34943,5451.0,40394.0,25142.0,best,0.5331878662109375,0.0831756591796875,0.383636474609375
899,8192_8448_6400_6656,MSAVI,65536,37120,5308.0,42428.0,23108.0,best,0.56640625,0.08099365234375,0.35260009765625
900,8192_8448_6656_6912,MSAVI,65536,39243,5884.0,45127.0,20409.0,best,0.5988006591796875,0.08978271484375,0.3114166259765625
901,8192_8448_6912_7168,MSAVI,65536,40024,10042.0,50066.0,15470.0,best,0.6107177734375,0.153228759765625,0.236053466796875
902,8192_8448_7168_7424,MSAVI,65536,37751,4737.0,42488.0,23048.0,best,0.5760345458984375,0.0722808837890625,0.3516845703125
903,8192_8448_7424_7680,MSAVI,65536,35761,3866.0,39627.0,25909.0,best,0.5456695556640625,0.058990478515625,0.3953399658203125
904,8192_8448_7680_7936,MSAVI,65536,39136,11209.0,50345.0,15191.0,best,0.59716796875,0.1710357666015625,0.2317962646484375
905,8448_8704_1792_2048,MSAVI,65487,38321,6839.0,45160.0,20327.0,best,0.5851695756409669,0.1044329408890314,0.3103974834700017
906,8448_8704_2048_2304,MSAVI,65536,35164,12474.0,47638.0,17898.0,best,0.53656005859375,0.190338134765625,0.273101806640625
907,8448_8704_2304_2560,MSAVI,65536,39189,14943.0,54132.0,11404.0,best,0.5979766845703125,0.2280120849609375,0.17401123046875
908,8448_8704_2560_2816,MSAVI,65536,34533,22962.0,57495.0,8041.0,best,0.5269317626953125,0.350372314453125,0.1226959228515625
909,8448_8704_2816_3072,MSAVI,65536,35822,9853.0,45675.0,19861.0,best,0.546600341796875,0.1503448486328125,0.3030548095703125
910,8448_8704_3072_3328,MSAVI,65536,40945,4944.0,45889.0,19647.0,best,0.6247711181640625,0.075439453125,0.2997894287109375
911,8448_8704_3328_3584,MSAVI,65536,38726,15462.0,54188.0,11348.0,best,0.590911865234375,0.235931396484375,0.17315673828125
912,8448_8704_3584_3840,MSAVI,65536,36813,6371.0,43184.0,22352.0,best,0.5617218017578125,0.0972137451171875,0.341064453125
913,8448_8704_3840_4096,MSAVI,65536,36755,3607.0,40362.0,25174.0,best,0.5608367919921875,0.0550384521484375,0.384124755859375
914,8448_8704_4096_4352,MSAVI,65536,39456,2595.0,42051.0,23485.0,best,0.60205078125,0.0395965576171875,0.3583526611328125
915,8448_8704_4352_4608,MSAVI,65536,37521,5402.0,42923.0,22613.0,best,0.5725250244140625,0.082427978515625,0.3450469970703125
916,8448_8704_4608_4864,MSAVI,65536,36020,2530.0,38550.0,26986.0,best,0.54962158203125,0.038604736328125,0.411773681640625
917,8448_8704_4864_5120,MSAVI,65536,36449,4724.0,41173.0,24363.0,best,0.5561676025390625,0.07208251953125,0.3717498779296875
918,8448_8704_5120_5376,MSAVI,65536,38614,6109.0,44723.0,20813.0,best,0.589202880859375,0.0932159423828125,0.3175811767578125
919,8448_8704_5376_5632,MSAVI,65536,39530,2569.0,42099.0,23437.0,best,0.603179931640625,0.0391998291015625,0.3576202392578125
920,8448_8704_5632_5888,MSAVI,65536,38807,4888.0,43695.0,21841.0,best,0.5921478271484375,0.0745849609375,0.3332672119140625
921,8448_8704_5888_6144,MSAVI,65536,37629,8893.0,46522.0,19014.0,best,0.5741729736328125,0.1356964111328125,0.290130615234375
922,8448_8704_6144_6400,MSAVI,65536,35788,7886.0,43674.0,21862.0,best,0.54608154296875,0.120330810546875,0.333587646484375
923,8448_8704_6400_6656,MSAVI,65536,36122,4574.0,40696.0,24840.0,best,0.551177978515625,0.069793701171875,0.3790283203125
924,8448_8704_6656_6912,MSAVI,65536,38193,5422.0,43615.0,21921.0,best,0.5827789306640625,0.082733154296875,0.3344879150390625
925,8448_8704_6912_7168,MSAVI,65536,36084,7946.0,44030.0,21506.0,best,0.55059814453125,0.121246337890625,0.328155517578125
926,8448_8704_7168_7424,MSAVI,65536,33795,7860.0,41655.0,23881.0,best,0.5156707763671875,0.11993408203125,0.3643951416015625
927,8448_8704_7424_7680,MSAVI,65536,36979,7039.0,44018.0,21518.0,best,0.5642547607421875,0.1074066162109375,0.328338623046875
928,8448_8704_7680_7936,MSAVI,65536,37733,2460.0,40193.0,25343.0,best,0.5757598876953125,0.03753662109375,0.3867034912109375
929,8704_8960_2816_3072,MSAVI,65536,36680,10787.0,47467.0,18069.0,best,0.5596923828125,0.1645965576171875,0.2757110595703125
930,8704_8960_3072_3328,MSAVI,65536,43572,5653.0,49225.0,16311.0,best,0.66485595703125,0.0862579345703125,0.2488861083984375
931,8704_8960_3328_3584,MSAVI,65536,44899,12024.0,56923.0,8613.0,best,0.6851043701171875,0.1834716796875,0.1314239501953125
932,8704_8960_3584_3840,MSAVI,65536,38995,3857.0,42852.0,22684.0,best,0.5950164794921875,0.0588531494140625,0.34613037109375
933,8704_8960_3840_4096,MSAVI,65536,38365,2990.0,41355.0,24181.0,best,0.5854034423828125,0.045623779296875,0.3689727783203125
934,8704_8960_4096_4352,MSAVI,65536,37088,2111.0,39199.0,26337.0,best,0.56591796875,0.0322113037109375,0.4018707275390625
935,8704_8960_4352_4608,MSAVI,65536,36535,3438.0,39973.0,25563.0,best,0.5574798583984375,0.052459716796875,0.3900604248046875
936,8704_8960_4608_4864,MSAVI,65536,36480,5865.0,42345.0,23191.0,best,0.556640625,0.0894927978515625,0.3538665771484375
937,8704_8960_4864_5120,MSAVI,65536,37274,6747.0,44021.0,21515.0,best,0.568756103515625,0.1029510498046875,0.3282928466796875
938,8704_8960_5120_5376,MSAVI,65536,37883,3035.0,40918.0,24618.0,best,0.5780487060546875,0.0463104248046875,0.375640869140625
939,8704_8960_5376_5632,MSAVI,65536,37829,2373.0,40202.0,25334.0,best,0.5772247314453125,0.0362091064453125,0.386566162109375
940,8704_8960_5632_5888,MSAVI,65536,37187,6521.0,43708.0,21828.0,best,0.5674285888671875,0.0995025634765625,0.33306884765625
941,8704_8960_5888_6144,MSAVI,65536,39334,8786.0,48120.0,17416.0,best,0.600189208984375,0.134063720703125,0.2657470703125
942,8704_8960_6144_6400,MSAVI,65536,42616,8806.0,51422.0,14114.0,best,0.6502685546875,0.134368896484375,0.215362548828125
943,8704_8960_6400_6656,MSAVI,65536,37394,3540.0,40934.0,24602.0,best,0.570587158203125,0.05401611328125,0.375396728515625
944,8704_8960_6656_6912,MSAVI,65536,36762,4771.0,41533.0,24003.0,best,0.560943603515625,0.0727996826171875,0.3662567138671875
945,8704_8960_6912_7168,MSAVI,65536,34596,5127.0,39723.0,25813.0,best,0.52789306640625,0.0782318115234375,0.3938751220703125
946,8704_8960_7168_7424,MSAVI,65536,37042,7597.0,44639.0,20897.0,best,0.565216064453125,0.1159210205078125,0.3188629150390625
947,8704_8960_7424_7680,MSAVI,65536,34555,6013.0,40568.0,24968.0,best,0.5272674560546875,0.0917510986328125,0.3809814453125
948,8704_8960_7680_7936,MSAVI,65536,35626,8141.0,43767.0,21769.0,best,0.543609619140625,0.1242218017578125,0.3321685791015625
949,8960_9216_3584_3840,MSAVI,65536,42060,2912.0,44972.0,20564.0,best,0.64178466796875,0.04443359375,0.31378173828125
950,8960_9216_3840_4096,MSAVI,65536,41380,1077.0,42457.0,23079.0,best,0.63140869140625,0.0164337158203125,0.3521575927734375
951,8960_9216_4096_4352,MSAVI,65536,39213,1377.0,40590.0,24946.0,best,0.5983428955078125,0.0210113525390625,0.380645751953125
952,8960_9216_4352_4608,MSAVI,65536,40241,3162.0,43403.0,22133.0,best,0.6140289306640625,0.048248291015625,0.3377227783203125
953,8960_9216_4608_4864,MSAVI,65536,38868,5834.0,44702.0,20834.0,best,0.59307861328125,0.089019775390625,0.317901611328125
954,8960_9216_4864_5120,MSAVI,65536,38399,6100.0,44499.0,21037.0,best,0.5859222412109375,0.09307861328125,0.3209991455078125
955,8960_9216_5120_5376,MSAVI,65536,35867,4200.0,40067.0,25469.0,best,0.5472869873046875,0.0640869140625,0.3886260986328125
956,8960_9216_5376_5632,MSAVI,65536,36064,3784.0,39848.0,25688.0,best,0.55029296875,0.0577392578125,0.3919677734375
957,8960_9216_5632_5888,MSAVI,65536,35968,5228.0,41196.0,24340.0,best,0.548828125,0.07977294921875,0.37139892578125
958,8960_9216_5888_6144,MSAVI,65536,36524,8394.0,44918.0,20618.0,best,0.55731201171875,0.128082275390625,0.314605712890625
959,8960_9216_6144_6400,MSAVI,65536,39497,2817.0,42314.0,23222.0,best,0.6026763916015625,0.0429840087890625,0.354339599609375
960,8960_9216_6400_6656,MSAVI,65536,35778,7367.0,43145.0,22391.0,best,0.545928955078125,0.1124114990234375,0.3416595458984375
961,8960_9216_6656_6912,MSAVI,65536,37047,5999.0,43046.0,22490.0,best,0.5652923583984375,0.0915374755859375,0.343170166015625
962,8960_9216_6912_7168,MSAVI,65536,34944,7911.0,42855.0,22681.0,best,0.533203125,0.1207122802734375,0.3460845947265625
963,8960_9216_7168_7424,MSAVI,65536,34897,11185.0,46082.0,19454.0,best,0.5324859619140625,0.1706695556640625,0.296844482421875
964,8960_9216_7424_7680,MSAVI,65536,36829,7593.0,44422.0,21114.0,best,0.5619659423828125,0.1158599853515625,0.322174072265625
965,9216_9472_4608_4864,MSAVI,65536,37525,6235.0,43760.0,21776.0,best,0.5725860595703125,0.0951385498046875,0.332275390625
966,9216_9472_4864_5120,MSAVI,65536,38550,7151.0,45701.0,19835.0,best,0.588226318359375,0.1091156005859375,0.3026580810546875
967,9216_9472_5120_5376,MSAVI,65536,38384,9000.0,47384.0,18152.0,best,0.585693359375,0.1373291015625,0.2769775390625
968,9216_9472_5376_5632,MSAVI,65536,36123,13621.0,49744.0,15792.0,best,0.5511932373046875,0.2078399658203125,0.240966796875
969,9216_9472_5632_5888,MSAVI,65536,39669,5472.0,45141.0,20395.0,best,0.6053009033203125,0.08349609375,0.3112030029296875
970,9216_9472_5888_6144,MSAVI,65536,38959,6128.0,45087.0,20449.0,best,0.5944671630859375,0.093505859375,0.3120269775390625
971,9216_9472_6144_6400,MSAVI,65536,37078,3171.0,40249.0,25287.0,best,0.565765380859375,0.0483856201171875,0.3858489990234375
972,9216_9472_6400_6656,MSAVI,65536,36537,4982.0,41519.0,24017.0,best,0.5575103759765625,0.076019287109375,0.3664703369140625
973,9216_9472_6656_6912,MSAVI,65536,39549,6755.0,46304.0,19232.0,best,0.6034698486328125,0.1030731201171875,0.29345703125
974,9216_9472_6912_7168,MSAVI,65536,34530,8309.0,42839.0,22697.0,best,0.526885986328125,0.1267852783203125,0.3463287353515625
975,9216_9472_7168_7424,MSAVI,65536,42610,6143.0,48753.0,16783.0,best,0.650177001953125,0.0937347412109375,0.2560882568359375
976,9216_9472_7424_7680,MSAVI,65536,37244,5462.0,42706.0,22830.0,best,0.56829833984375,0.083343505859375,0.348358154296875
977,9472_9728_5376_5632,MSAVI,65536,40151,11134.0,51285.0,14251.0,best,0.6126556396484375,0.169891357421875,0.2174530029296875
978,9472_9728_5632_5888,MSAVI,65536,38752,5820.0,44572.0,20964.0,best,0.59130859375,0.08880615234375,0.31988525390625
979,9472_9728_5888_6144,MSAVI,65536,37351,5082.0,42433.0,23103.0,best,0.5699310302734375,0.077545166015625,0.3525238037109375
980,9472_9728_6144_6400,MSAVI,65536,33264,6456.0,39720.0,25816.0,best,0.507568359375,0.0985107421875,0.3939208984375
981,9472_9728_6400_6656,MSAVI,65536,38120,5515.0,43635.0,21901.0,best,0.5816650390625,0.0841522216796875,0.3341827392578125
982,9472_9728_6656_6912,MSAVI,65536,37978,9607.0,47585.0,17951.0,best,0.579498291015625,0.1465911865234375,0.2739105224609375
983,9472_9728_6912_7168,MSAVI,65536,36036,6621.0,42657.0,22879.0,best,0.54986572265625,0.1010284423828125,0.3491058349609375
984,9472_9728_7168_7424,MSAVI,65536,38938,3196.0,42134.0,23402.0,best,0.594146728515625,0.04876708984375,0.357086181640625
985,9728_9984_6400_6656,MSAVI,65536,38545,5579.0,44124.0,21412.0,best,0.5881500244140625,0.0851287841796875,0.32672119140625
986,9728_9984_6656_6912,MSAVI,65536,39410,7990.0,47400.0,18136.0,best,0.601348876953125,0.121917724609375,0.2767333984375
987,9728_9984_6912_7168,MSAVI,65536,37269,3466.0,40735.0,24801.0,best,0.5686798095703125,0.052886962890625,0.3784332275390625
988,9728_9984_7168_7424,MSAVI,65536,35556,5106.0,40662.0,24874.0,best,0.54254150390625,0.077911376953125,0.379547119140625
989,256_512_8192_8448,MSAVI,65536,42336,1869.0,44205.0,21331.0,good,0.64599609375,0.0285186767578125,0.3254852294921875
990,256_512_8448_8704,MSAVI,65536,37967,6303.0,44270.0,21266.0,good,0.5793304443359375,0.0961761474609375,0.324493408203125
991,256_512_8704_8960,MSAVI,65536,38465,6076.0,44541.0,20995.0,good,0.5869293212890625,0.09271240234375,0.3203582763671875
992,256_512_8960_9216,MSAVI,65536,39421,3489.0,42910.0,22626.0,good,0.6015167236328125,0.0532379150390625,0.345245361328125
993,256_512_9216_9472,MSAVI,65536,40463,6728.0,47191.0,18345.0,good,0.6174163818359375,0.1026611328125,0.2799224853515625
994,256_512_9472_9728,MSAVI,65536,35740,9157.0,44897.0,20639.0,good,0.54534912109375,0.1397247314453125,0.3149261474609375
995,512_768_6656_6912,MSAVI,65536,36550,5656.0,42206.0,23330.0,good,0.557708740234375,0.0863037109375,0.355987548828125
996,512_768_6912_7168,MSAVI,65536,34139,8706.0,42845.0,22691.0,good,0.5209197998046875,0.132843017578125,0.3462371826171875
997,512_768_7168_7424,MSAVI,65536,31935,12094.0,44029.0,21507.0,good,0.4872894287109375,0.184539794921875,0.3281707763671875
998,512_768_7424_7680,MSAVI,65536,33687,4686.0,38373.0,27163.0,good,0.5140228271484375,0.071502685546875,0.4144744873046875
999,512_768_7680_7936,MSAVI,65536,34124,4560.0,38684.0,26852.0,good,0.52069091796875,0.069580078125,0.40972900390625
1000,512_768_7936_8192,MSAVI,65536,33881,2152.0,36033.0,29503.0,good,0.5169830322265625,0.0328369140625,0.4501800537109375
1001,512_768_8192_8448,MSAVI,65536,42478,3259.0,45737.0,19799.0,good,0.648162841796875,0.0497283935546875,0.3021087646484375
1002,512_768_8448_8704,MSAVI,65536,46381,2053.0,48434.0,17102.0,good,0.7077178955078125,0.0313262939453125,0.260955810546875
1003,512_768_8704_8960,MSAVI,65536,44188,3589.0,47777.0,17759.0,good,0.67425537109375,0.0547637939453125,0.2709808349609375
1004,512_768_8960_9216,MSAVI,65536,41928,4392.0,46320.0,19216.0,good,0.6397705078125,0.0670166015625,0.293212890625
1005,512_768_9216_9472,MSAVI,65536,43644,1948.0,45592.0,19944.0,good,0.66595458984375,0.02972412109375,0.3043212890625
1006,512_768_9472_9728,MSAVI,65536,40137,3205.0,43342.0,22194.0,good,0.6124420166015625,0.0489044189453125,0.338653564453125
1007,512_768_9728_9984,MSAVI,65536,35433,16583.0,52016.0,13520.0,good,0.5406646728515625,0.2530364990234375,0.206298828125
1008,768_1024_5376_5632,MSAVI,65536,37797,7839.0,45636.0,19900.0,good,0.5767364501953125,0.1196136474609375,0.30364990234375
1009,768_1024_5632_5888,MSAVI,65536,37429,5950.0,43379.0,22157.0,good,0.5711212158203125,0.090789794921875,0.3380889892578125
1010,768_1024_5888_6144,MSAVI,65536,39694,2638.0,42332.0,23204.0,good,0.605682373046875,0.040252685546875,0.35406494140625
1011,768_1024_6144_6400,MSAVI,65536,37188,3011.0,40199.0,25337.0,good,0.56744384765625,0.0459442138671875,0.3866119384765625
1012,768_1024_6400_6656,MSAVI,65536,34558,8244.0,42802.0,22734.0,good,0.527313232421875,0.12579345703125,0.346893310546875
1013,768_1024_6656_6912,MSAVI,65536,36570,4103.0,40673.0,24863.0,good,0.558013916015625,0.0626068115234375,0.3793792724609375
1014,768_1024_6912_7168,MSAVI,65536,33604,10543.0,44147.0,21389.0,good,0.51275634765625,0.1608734130859375,0.3263702392578125
1015,768_1024_7168_7424,MSAVI,65536,33560,7766.0,41326.0,24210.0,good,0.5120849609375,0.118499755859375,0.369415283203125
1016,768_1024_7424_7680,MSAVI,65536,37377,3836.0,41213.0,24323.0,good,0.5703277587890625,0.05853271484375,0.3711395263671875
1017,768_1024_7680_7936,MSAVI,65536,34259,3401.0,37660.0,27876.0,good,0.5227508544921875,0.0518951416015625,0.42535400390625
1018,768_1024_7936_8192,MSAVI,65536,37102,2001.0,39103.0,26433.0,good,0.566131591796875,0.0305328369140625,0.4033355712890625
1019,768_1024_8192_8448,MSAVI,65536,37291,747.0,38038.0,27498.0,good,0.5690155029296875,0.0113983154296875,0.419586181640625
1020,768_1024_8448_8704,MSAVI,65536,43232,781.0,44013.0,21523.0,good,0.65966796875,0.0119171142578125,0.3284149169921875
1021,768_1024_8704_8960,MSAVI,65536,42827,5887.0,48714.0,16822.0,good,0.6534881591796875,0.0898284912109375,0.256683349609375
1022,768_1024_8960_9216,MSAVI,65536,40218,3016.0,43234.0,22302.0,good,0.613677978515625,0.0460205078125,0.340301513671875
1023,768_1024_9216_9472,MSAVI,65536,40044,1004.0,41048.0,24488.0,good,0.61102294921875,0.01531982421875,0.3736572265625
1024,768_1024_9472_9728,MSAVI,65536,39377,4999.0,44376.0,21160.0,good,0.6008453369140625,0.0762786865234375,0.3228759765625
1025,768_1024_9728_9984,MSAVI,65536,38136,7576.0,45712.0,19824.0,good,0.5819091796875,0.1156005859375,0.302490234375
1026,1024_1280_3584_3840,MSAVI,65307,36535,9863.0,46398.0,18909.0,good,0.5594346700966206,0.151025158099438,0.2895401718039413
1027,1024_1280_3840_4096,MSAVI,65536,40840,9138.0,49978.0,15558.0,good,0.6231689453125,0.139434814453125,0.237396240234375
1028,1024_1280_4096_4352,MSAVI,65536,39359,5942.0,45301.0,20235.0,good,0.6005706787109375,0.090667724609375,0.3087615966796875
1029,1024_1280_4352_4608,MSAVI,65536,41784,9313.0,51097.0,14439.0,good,0.6375732421875,0.1421051025390625,0.2203216552734375
1030,1024_1280_4608_4864,MSAVI,65536,39211,7147.0,46358.0,19178.0,good,0.5983123779296875,0.1090545654296875,0.292633056640625
1031,1024_1280_4864_5120,MSAVI,65536,36861,4220.0,41081.0,24455.0,good,0.5624542236328125,0.06439208984375,0.3731536865234375
1032,1024_1280_5120_5376,MSAVI,65536,36394,4687.0,41081.0,24455.0,good,0.555328369140625,0.0715179443359375,0.3731536865234375
1033,1024_1280_5376_5632,MSAVI,65536,38194,5094.0,43288.0,22248.0,good,0.582794189453125,0.077728271484375,0.3394775390625
1034,1024_1280_5632_5888,MSAVI,65536,44317,4490.0,48807.0,16729.0,good,0.6762237548828125,0.068511962890625,0.2552642822265625
1035,1024_1280_5888_6144,MSAVI,65536,40930,5240.0,46170.0,19366.0,good,0.624542236328125,0.0799560546875,0.295501708984375
1036,1024_1280_6144_6400,MSAVI,65536,37319,1700.0,39019.0,26517.0,good,0.5694427490234375,0.02593994140625,0.4046173095703125
1037,1024_1280_6400_6656,MSAVI,65536,34320,10305.0,44625.0,20911.0,good,0.523681640625,0.1572418212890625,0.3190765380859375
1038,1024_1280_6656_6912,MSAVI,65536,34877,10571.0,45448.0,20088.0,good,0.5321807861328125,0.1613006591796875,0.3065185546875
1039,1024_1280_6912_7168,MSAVI,65536,34006,3048.0,37054.0,28482.0,good,0.518890380859375,0.0465087890625,0.434600830078125
1040,1024_1280_7168_7424,MSAVI,65536,34307,1811.0,36118.0,29418.0,good,0.5234832763671875,0.0276336669921875,0.448883056640625
1041,1024_1280_7424_7680,MSAVI,65536,33335,4540.0,37875.0,27661.0,good,0.5086517333984375,0.06927490234375,0.4220733642578125
1042,1024_1280_7680_7936,MSAVI,65536,35897,4285.0,40182.0,25354.0,good,0.5477447509765625,0.0653839111328125,0.386871337890625
1043,1024_1280_7936_8192,MSAVI,65536,35507,3305.0,38812.0,26724.0,good,0.5417938232421875,0.0504302978515625,0.40777587890625
1044,1024_1280_8192_8448,MSAVI,65536,39198,5109.0,44307.0,21229.0,good,0.598114013671875,0.0779571533203125,0.3239288330078125
1045,1024_1280_8448_8704,MSAVI,65536,39846,6678.0,46524.0,19012.0,good,0.608001708984375,0.101898193359375,0.29010009765625
1046,1024_1280_8704_8960,MSAVI,65536,41255,2888.0,44143.0,21393.0,good,0.6295013427734375,0.0440673828125,0.3264312744140625
1047,1024_1280_8960_9216,MSAVI,65536,40417,7463.0,47880.0,17656.0,good,0.6167144775390625,0.1138763427734375,0.2694091796875
1048,1024_1280_9216_9472,MSAVI,65536,41255,8170.0,49425.0,16111.0,good,0.6295013427734375,0.124664306640625,0.2458343505859375
1049,1024_1280_9472_9728,MSAVI,65536,42561,1880.0,44441.0,21095.0,good,0.6494293212890625,0.0286865234375,0.3218841552734375
1050,1024_1280_9728_9984,MSAVI,65536,36633,6718.0,43351.0,22185.0,good,0.5589752197265625,0.102508544921875,0.3385162353515625
1051,1024_1280_9984_10240,MSAVI,65536,42632,10707.0,53339.0,12197.0,good,0.6505126953125,0.1633758544921875,0.1861114501953125
1052,1280_1536_2304_2560,MSAVI,65536,39765,8475.0,48240.0,17296.0,good,0.6067657470703125,0.1293182373046875,0.263916015625
1053,1280_1536_2560_2816,MSAVI,65536,41776,8445.0,50221.0,15315.0,good,0.637451171875,0.1288604736328125,0.2336883544921875
1054,1280_1536_2816_3072,MSAVI,65536,43469,6511.0,49980.0,15556.0,good,0.6632843017578125,0.0993499755859375,0.23736572265625
1055,1280_1536_3072_3328,MSAVI,65536,39264,5284.0,44548.0,20988.0,good,0.59912109375,0.08062744140625,0.32025146484375
1056,1280_1536_3328_3584,MSAVI,65536,39779,8050.0,47829.0,17707.0,good,0.6069793701171875,0.122833251953125,0.2701873779296875
1057,1280_1536_3584_3840,MSAVI,65536,38738,13725.0,52463.0,13073.0,good,0.591094970703125,0.2094268798828125,0.1994781494140625
1058,1280_1536_3840_4096,MSAVI,65536,38369,8861.0,47230.0,18306.0,good,0.5854644775390625,0.1352081298828125,0.279327392578125
1059,1280_1536_4096_4352,MSAVI,65536,40122,3908.0,44030.0,21506.0,good,0.612213134765625,0.05963134765625,0.328155517578125
1060,1280_1536_4352_4608,MSAVI,65536,42384,12056.0,54440.0,11096.0,good,0.646728515625,0.1839599609375,0.1693115234375
1061,1280_1536_4608_4864,MSAVI,65536,38589,9820.0,48409.0,17127.0,good,0.5888214111328125,0.14984130859375,0.2613372802734375
1062,1280_1536_4864_5120,MSAVI,65536,37220,7845.0,45065.0,20471.0,good,0.56793212890625,0.1197052001953125,0.3123626708984375
1063,1280_1536_5120_5376,MSAVI,65536,38504,2422.0,40926.0,24610.0,good,0.5875244140625,0.036956787109375,0.375518798828125
1064,1280_1536_5376_5632,MSAVI,65536,38491,4118.0,42609.0,22927.0,good,0.5873260498046875,0.062835693359375,0.3498382568359375
1065,1280_1536_5632_5888,MSAVI,65536,40105,4273.0,44378.0,21158.0,good,0.6119537353515625,0.0652008056640625,0.322845458984375
1066,1280_1536_5888_6144,MSAVI,65536,39489,5251.0,44740.0,20796.0,good,0.6025543212890625,0.0801239013671875,0.31732177734375
1067,1280_1536_6144_6400,MSAVI,65536,40018,2312.0,42330.0,23206.0,good,0.610626220703125,0.0352783203125,0.354095458984375
1068,1280_1536_6400_6656,MSAVI,65536,34117,11231.0,45348.0,20188.0,good,0.5205841064453125,0.1713714599609375,0.30804443359375
1069,1280_1536_6656_6912,MSAVI,65536,33267,5176.0,38443.0,27093.0,good,0.5076141357421875,0.0789794921875,0.4134063720703125
1070,1280_1536_6912_7168,MSAVI,65536,35399,8076.0,43475.0,22061.0,good,0.5401458740234375,0.12322998046875,0.3366241455078125
1071,1280_1536_7168_7424,MSAVI,65536,32122,4329.0,36451.0,29085.0,good,0.490142822265625,0.0660552978515625,0.4438018798828125
1072,1280_1536_7424_7680,MSAVI,65536,39525,3692.0,43217.0,22319.0,good,0.6031036376953125,0.05633544921875,0.3405609130859375
1073,1280_1536_7680_7936,MSAVI,65536,42462,2857.0,45319.0,20217.0,good,0.647918701171875,0.0435943603515625,0.3084869384765625
1074,1280_1536_7936_8192,MSAVI,65536,40045,7196.0,47241.0,18295.0,good,0.6110382080078125,0.10980224609375,0.2791595458984375
1075,1280_1536_8192_8448,MSAVI,65536,40443,5731.0,46174.0,19362.0,good,0.6171112060546875,0.0874481201171875,0.295440673828125
1076,1280_1536_8448_8704,MSAVI,65536,42868,9553.0,52421.0,13115.0,good,0.65411376953125,0.1457672119140625,0.2001190185546875
1077,1280_1536_8704_8960,MSAVI,65536,37540,10659.0,48199.0,17337.0,good,0.57281494140625,0.1626434326171875,0.2645416259765625
1078,1280_1536_8960_9216,MSAVI,65536,34348,8079.0,42427.0,23109.0,good,0.52410888671875,0.1232757568359375,0.3526153564453125
1079,1280_1536_9216_9472,MSAVI,65536,43263,13272.0,56535.0,9001.0,good,0.6601409912109375,0.2025146484375,0.1373443603515625
1080,1280_1536_9472_9728,MSAVI,65536,40655,9910.0,50565.0,14971.0,good,0.6203460693359375,0.151214599609375,0.2284393310546875
1081,1280_1536_9728_9984,MSAVI,65536,37462,8970.0,46432.0,19104.0,good,0.571624755859375,0.136871337890625,0.29150390625
1082,1280_1536_9984_10240,MSAVI,65536,36137,11160.0,47297.0,18239.0,good,0.5514068603515625,0.1702880859375,0.2783050537109375
1083,1536_1792_1024_1280,MSAVI,65499,34763,4611.0,39374.0,26125.0,good,0.5307409273424022,0.0703980213438373,0.3988610513137605
1084,1536_1792_1280_1536,MSAVI,65536,36211,5821.0,42032.0,23504.0,good,0.5525360107421875,0.0888214111328125,0.358642578125
1085,1536_1792_1536_1792,MSAVI,65536,35134,2564.0,37698.0,27838.0,good,0.536102294921875,0.03912353515625,0.424774169921875
1086,1536_1792_1792_2048,MSAVI,65536,36334,2444.0,38778.0,26758.0,good,0.554412841796875,0.03729248046875,0.408294677734375
1087,1536_1792_2048_2304,MSAVI,65536,40271,2886.0,43157.0,22379.0,good,0.6144866943359375,0.044036865234375,0.3414764404296875
1088,1536_1792_2304_2560,MSAVI,65536,41768,2279.0,44047.0,21489.0,good,0.6373291015625,0.0347747802734375,0.3278961181640625
1089,1536_1792_2560_2816,MSAVI,65536,43580,3368.0,46948.0,18588.0,good,0.66497802734375,0.0513916015625,0.28363037109375
1090,1536_1792_2816_3072,MSAVI,65536,41473,1796.0,43269.0,22267.0,good,0.6328277587890625,0.02740478515625,0.3397674560546875
1091,1536_1792_3072_3328,MSAVI,65536,38126,2056.0,40182.0,25354.0,good,0.581756591796875,0.0313720703125,0.386871337890625
1092,1536_1792_3328_3584,MSAVI,65536,38587,6086.0,44673.0,20863.0,good,0.5887908935546875,0.092864990234375,0.3183441162109375
1093,1536_1792_3584_3840,MSAVI,65536,43267,11772.0,55039.0,10497.0,good,0.6602020263671875,0.17962646484375,0.1601715087890625
1094,1536_1792_3840_4096,MSAVI,65536,36251,9888.0,46139.0,19397.0,good,0.5531463623046875,0.15087890625,0.2959747314453125
1095,1536_1792_4096_4352,MSAVI,65536,38511,14071.0,52582.0,12954.0,good,0.5876312255859375,0.2147064208984375,0.197662353515625
1096,1536_1792_4352_4608,MSAVI,65536,47683,6867.0,54550.0,10986.0,good,0.7275848388671875,0.1047821044921875,0.167633056640625
1097,1536_1792_4608_4864,MSAVI,65536,40680,8416.0,49096.0,16440.0,good,0.6207275390625,0.12841796875,0.2508544921875
1098,1536_1792_4864_5120,MSAVI,65536,38487,6579.0,45066.0,20470.0,good,0.5872650146484375,0.1003875732421875,0.312347412109375
1099,1536_1792_5120_5376,MSAVI,65536,37794,5244.0,43038.0,22498.0,good,0.576690673828125,0.08001708984375,0.343292236328125
1100,1536_1792_5376_5632,MSAVI,65536,35928,7413.0,43341.0,22195.0,good,0.5482177734375,0.1131134033203125,0.3386688232421875
1101,1536_1792_5632_5888,MSAVI,65536,38355,7851.0,46206.0,19330.0,good,0.5852508544921875,0.1197967529296875,0.294952392578125
1102,1536_1792_5888_6144,MSAVI,65536,38189,9686.0,47875.0,17661.0,good,0.5827178955078125,0.147796630859375,0.2694854736328125
1103,1536_1792_6144_6400,MSAVI,65536,42448,5545.0,47993.0,17543.0,good,0.647705078125,0.0846099853515625,0.2676849365234375
1104,1536_1792_6400_6656,MSAVI,65536,37877,5871.0,43748.0,21788.0,good,0.5779571533203125,0.0895843505859375,0.33245849609375
1105,1536_1792_6656_6912,MSAVI,65536,36512,10150.0,46662.0,18874.0,good,0.55712890625,0.154876708984375,0.287994384765625
1106,1536_1792_6912_7168,MSAVI,65536,33277,20346.0,53623.0,11913.0,good,0.5077667236328125,0.310455322265625,0.1817779541015625
1107,1536_1792_7168_7424,MSAVI,65536,36123,11056.0,47179.0,18357.0,good,0.5511932373046875,0.168701171875,0.2801055908203125
1108,1536_1792_7424_7680,MSAVI,65536,35895,5679.0,41574.0,23962.0,good,0.5477142333984375,0.0866546630859375,0.365631103515625
1109,1536_1792_7680_7936,MSAVI,65536,35755,5618.0,41373.0,24163.0,good,0.5455780029296875,0.085723876953125,0.3686981201171875
1110,1536_1792_7936_8192,MSAVI,65536,36292,5632.0,41924.0,23612.0,good,0.55377197265625,0.0859375,0.36029052734375
1111,1536_1792_8192_8448,MSAVI,65536,35576,6082.0,41658.0,23878.0,good,0.5428466796875,0.092803955078125,0.364349365234375
1112,1536_1792_8448_8704,MSAVI,65536,38105,6717.0,44822.0,20714.0,good,0.5814361572265625,0.1024932861328125,0.316070556640625
1113,1536_1792_8704_8960,MSAVI,65536,35563,6183.0,41746.0,23790.0,good,0.5426483154296875,0.0943450927734375,0.363006591796875
1114,1536_1792_8960_9216,MSAVI,65536,34062,11048.0,45110.0,20426.0,good,0.519744873046875,0.1685791015625,0.311676025390625
1115,1536_1792_9216_9472,MSAVI,65536,40275,5828.0,46103.0,19433.0,good,0.6145477294921875,0.08892822265625,0.2965240478515625
1116,1536_1792_9472_9728,MSAVI,65536,41355,13605.0,54960.0,10576.0,good,0.6310272216796875,0.2075958251953125,0.161376953125
1117,1536_1792_9728_9984,MSAVI,65536,38246,12504.0,50750.0,14786.0,good,0.583587646484375,0.1907958984375,0.225616455078125
1118,1536_1792_9984_10240,MSAVI,65536,43176,3637.0,46813.0,18723.0,good,0.6588134765625,0.0554962158203125,0.2856903076171875
1119,1792_2048_768_1024,MSAVI,65536,34568,2088.0,36656.0,28880.0,good,0.5274658203125,0.0318603515625,0.440673828125
1120,1792_2048_1024_1280,MSAVI,65536,37312,3910.0,41222.0,24314.0,good,0.5693359375,0.059661865234375,0.371002197265625
1121,1792_2048_1280_1536,MSAVI,65536,37994,9474.0,47468.0,18068.0,good,0.579742431640625,0.144561767578125,0.27569580078125
1122,1792_2048_1536_1792,MSAVI,65536,38098,3542.0,41640.0,23896.0,good,0.581329345703125,0.054046630859375,0.3646240234375
1123,1792_2048_1792_2048,MSAVI,65536,35545,8018.0,43563.0,21973.0,good,0.5423736572265625,0.122344970703125,0.3352813720703125
1124,1792_2048_2048_2304,MSAVI,65536,36803,5993.0,42796.0,22740.0,good,0.5615692138671875,0.0914459228515625,0.34698486328125
1125,1792_2048_2304_2560,MSAVI,65536,38815,1608.0,40423.0,25113.0,good,0.5922698974609375,0.0245361328125,0.3831939697265625
1126,1792_2048_2560_2816,MSAVI,65536,39465,1480.0,40945.0,24591.0,good,0.6021881103515625,0.0225830078125,0.3752288818359375
1127,1792_2048_2816_3072,MSAVI,65536,38494,4466.0,42960.0,22576.0,good,0.587371826171875,0.068145751953125,0.344482421875
1128,1792_2048_3072_3328,MSAVI,65536,30821,11593.0,42414.0,23122.0,good,0.4702911376953125,0.1768951416015625,0.352813720703125
1129,1792_2048_3328_3584,MSAVI,65536,34510,8394.0,42904.0,22632.0,good,0.526580810546875,0.128082275390625,0.3453369140625
1130,1792_2048_3584_3840,MSAVI,65536,38017,5937.0,43954.0,21582.0,good,0.5800933837890625,0.0905914306640625,0.329315185546875
1131,1792_2048_3840_4096,MSAVI,65536,35615,6630.0,42245.0,23291.0,good,0.5434417724609375,0.101165771484375,0.3553924560546875
1132,1792_2048_4096_4352,MSAVI,65536,43694,7789.0,51483.0,14053.0,good,0.666717529296875,0.1188507080078125,0.2144317626953125
1133,1792_2048_4352_4608,MSAVI,65536,52009,2362.0,54371.0,11165.0,good,0.7935943603515625,0.036041259765625,0.1703643798828125
1134,1792_2048_4608_4864,MSAVI,65536,45637,6183.0,51820.0,13716.0,good,0.6963653564453125,0.0943450927734375,0.20928955078125
1135,1792_2048_4864_5120,MSAVI,65536,41687,9378.0,51065.0,14471.0,good,0.6360931396484375,0.143096923828125,0.2208099365234375
1136,1792_2048_5120_5376,MSAVI,65536,37479,9782.0,47261.0,18275.0,good,0.5718841552734375,0.149261474609375,0.2788543701171875
1137,1792_2048_5376_5632,MSAVI,65536,38168,12795.0,50963.0,14573.0,good,0.5823974609375,0.1952362060546875,0.2223663330078125
1138,1792_2048_5632_5888,MSAVI,65536,39029,13527.0,52556.0,12980.0,good,0.5955352783203125,0.2064056396484375,0.19805908203125
1139,1792_2048_5888_6144,MSAVI,65536,43065,8552.0,51617.0,13919.0,good,0.6571197509765625,0.1304931640625,0.2123870849609375
1140,1792_2048_6144_6400,MSAVI,65536,35547,9283.0,44830.0,20706.0,good,0.5424041748046875,0.1416473388671875,0.315948486328125
1141,1792_2048_6400_6656,MSAVI,65536,35330,13843.0,49173.0,16363.0,good,0.539093017578125,0.2112274169921875,0.2496795654296875
1142,1792_2048_6656_6912,MSAVI,65536,34313,15829.0,50142.0,15394.0,good,0.5235748291015625,0.2415313720703125,0.234893798828125
1143,1792_2048_6912_7168,MSAVI,65536,34105,9134.0,43239.0,22297.0,good,0.5204010009765625,0.139373779296875,0.3402252197265625
1144,1792_2048_7168_7424,MSAVI,65536,33588,10027.0,43615.0,21921.0,good,0.51251220703125,0.1529998779296875,0.3344879150390625
1145,1792_2048_7424_7680,MSAVI,65536,35883,12982.0,48865.0,16671.0,good,0.5475311279296875,0.198089599609375,0.2543792724609375
1146,1792_2048_7680_7936,MSAVI,65536,31337,21661.0,52998.0,12538.0,good,0.4781646728515625,0.3305206298828125,0.191314697265625
1147,1792_2048_7936_8192,MSAVI,65536,36809,4854.0,41663.0,23873.0,good,0.5616607666015625,0.074066162109375,0.3642730712890625
1148,1792_2048_8192_8448,MSAVI,65536,31788,8898.0,40686.0,24850.0,good,0.48504638671875,0.135772705078125,0.379180908203125
1149,1792_2048_8448_8704,MSAVI,65536,40587,5997.0,46584.0,18952.0,good,0.6193084716796875,0.0915069580078125,0.2891845703125
1150,1792_2048_8704_8960,MSAVI,65536,40674,1845.0,42519.0,23017.0,good,0.620635986328125,0.0281524658203125,0.3512115478515625
1151,1792_2048_8960_9216,MSAVI,65536,39445,2369.0,41814.0,23722.0,good,0.6018829345703125,0.0361480712890625,0.361968994140625
1152,1792_2048_9216_9472,MSAVI,65536,37993,7343.0,45336.0,20200.0,good,0.5797271728515625,0.1120452880859375,0.3082275390625
1153,1792_2048_9472_9728,MSAVI,65536,41324,3580.0,44904.0,20632.0,good,0.63055419921875,0.05462646484375,0.3148193359375
1154,1792_2048_9728_9984,MSAVI,65536,42084,9334.0,51418.0,14118.0,good,0.64215087890625,0.142425537109375,0.215423583984375
1155,1792_2048_9984_10240,MSAVI,65536,38735,16496.0,55231.0,10305.0,good,0.5910491943359375,0.251708984375,0.1572418212890625
1156,2048_2304_512_768,MSAVI,65536,37976,6103.0,44079.0,21457.0,good,0.5794677734375,0.0931243896484375,0.3274078369140625
1157,2048_2304_768_1024,MSAVI,65536,38181,4160.0,42341.0,23195.0,good,0.5825958251953125,0.0634765625,0.3539276123046875
1158,2048_2304_1024_1280,MSAVI,65536,34653,3204.0,37857.0,27679.0,good,0.5287628173828125,0.04888916015625,0.4223480224609375
1159,2048_2304_1280_1536,MSAVI,65536,37015,3186.0,40201.0,25335.0,good,0.5648040771484375,0.048614501953125,0.3865814208984375
1160,2048_2304_1536_1792,MSAVI,65536,36706,4114.0,40820.0,24716.0,good,0.560089111328125,0.062774658203125,0.37713623046875
1161,2048_2304_1792_2048,MSAVI,65536,39160,3703.0,42863.0,22673.0,good,0.5975341796875,0.0565032958984375,0.3459625244140625
1162,2048_2304_2048_2304,MSAVI,65536,34478,8823.0,43301.0,22235.0,good,0.526092529296875,0.1346282958984375,0.3392791748046875
1163,2048_2304_2304_2560,MSAVI,65536,37282,5191.0,42473.0,23063.0,good,0.568878173828125,0.0792083740234375,0.3519134521484375
1164,2048_2304_2560_2816,MSAVI,65536,38341,4413.0,42754.0,22782.0,good,0.5850372314453125,0.0673370361328125,0.347625732421875
1165,2048_2304_2816_3072,MSAVI,65536,39562,2713.0,42275.0,23261.0,good,0.603668212890625,0.0413970947265625,0.3549346923828125
1166,2048_2304_3072_3328,MSAVI,65536,42002,4178.0,46180.0,19356.0,good,0.640899658203125,0.063751220703125,0.29534912109375
1167,2048_2304_3328_3584,MSAVI,65536,37903,10046.0,47949.0,17587.0,good,0.5783538818359375,0.153289794921875,0.2683563232421875
1168,2048_2304_3584_3840,MSAVI,65536,40222,11409.0,51631.0,13905.0,good,0.613739013671875,0.1740875244140625,0.2121734619140625
1169,2048_2304_3840_4096,MSAVI,65536,44913,10626.0,55539.0,9997.0,good,0.6853179931640625,0.162139892578125,0.1525421142578125
1170,2048_2304_4096_4352,MSAVI,65536,36511,12395.0,48906.0,16630.0,good,0.5571136474609375,0.1891326904296875,0.253753662109375
1171,2048_2304_4352_4608,MSAVI,65536,34779,18487.0,53266.0,12270.0,good,0.5306854248046875,0.2820892333984375,0.187225341796875
1172,2048_2304_4608_4864,MSAVI,65536,40937,12019.0,52956.0,12580.0,good,0.6246490478515625,0.1833953857421875,0.19195556640625
1173,2048_2304_4864_5120,MSAVI,65536,34687,13419.0,48106.0,17430.0,good,0.5292816162109375,0.2047576904296875,0.265960693359375
1174,2048_2304_5120_5376,MSAVI,65536,37771,12197.0,49968.0,15568.0,good,0.5763397216796875,0.1861114501953125,0.237548828125
1175,2048_2304_5376_5632,MSAVI,65536,37846,14323.0,52169.0,13367.0,good,0.577484130859375,0.2185516357421875,0.2039642333984375
1176,2048_2304_5632_5888,MSAVI,65536,37911,17177.0,55088.0,10448.0,good,0.5784759521484375,0.2621002197265625,0.159423828125
1177,2048_2304_5888_6144,MSAVI,65536,42758,7900.0,50658.0,14878.0,good,0.652435302734375,0.12054443359375,0.227020263671875
1178,2048_2304_6144_6400,MSAVI,65536,35792,7874.0,43666.0,21870.0,good,0.546142578125,0.120147705078125,0.333709716796875
1179,2048_2304_6400_6656,MSAVI,65536,39402,14488.0,53890.0,11646.0,good,0.601226806640625,0.2210693359375,0.177703857421875
1180,2048_2304_6656_6912,MSAVI,65536,42374,15749.0,58123.0,7413.0,good,0.646575927734375,0.2403106689453125,0.1131134033203125
1181,2048_2304_6912_7168,MSAVI,65536,33891,13283.0,47174.0,18362.0,good,0.5171356201171875,0.2026824951171875,0.280181884765625
1182,2048_2304_7168_7424,MSAVI,65536,39507,3374.0,42881.0,22655.0,good,0.6028289794921875,0.051483154296875,0.3456878662109375
1183,2048_2304_7424_7680,MSAVI,65536,39916,1358.0,41274.0,24262.0,good,0.60906982421875,0.020721435546875,0.370208740234375
1184,2048_2304_7680_7936,MSAVI,65536,38597,1687.0,40284.0,25252.0,good,0.5889434814453125,0.0257415771484375,0.38531494140625
1185,2048_2304_7936_8192,MSAVI,65536,40087,4155.0,44242.0,21294.0,good,0.6116790771484375,0.0634002685546875,0.324920654296875
1186,2048_2304_8192_8448,MSAVI,65536,40182,4039.0,44221.0,21315.0,good,0.613128662109375,0.0616302490234375,0.3252410888671875
1187,2048_2304_8448_8704,MSAVI,65536,38896,4576.0,43472.0,22064.0,good,0.593505859375,0.06982421875,0.336669921875
1188,2048_2304_8704_8960,MSAVI,65536,39522,4425.0,43947.0,21589.0,good,0.603057861328125,0.0675201416015625,0.3294219970703125
1189,2048_2304_8960_9216,MSAVI,65536,38779,3295.0,42074.0,23462.0,good,0.5917205810546875,0.0502777099609375,0.358001708984375
1190,2048_2304_9216_9472,MSAVI,65536,39991,4017.0,44008.0,21528.0,good,0.6102142333984375,0.0612945556640625,0.3284912109375
1191,2048_2304_9472_9728,MSAVI,65536,39940,3493.0,43433.0,22103.0,good,0.60943603515625,0.0532989501953125,0.3372650146484375
1192,2048_2304_9728_9984,MSAVI,65536,39410,6667.0,46077.0,19459.0,good,0.601348876953125,0.1017303466796875,0.2969207763671875
1193,2048_2304_9984_10240,MSAVI,65536,47595,5192.0,52787.0,12749.0,good,0.7262420654296875,0.0792236328125,0.1945343017578125
1194,2304_2560_256_512,MSAVI,65536,38748,7171.0,45919.0,19617.0,good,0.59124755859375,0.1094207763671875,0.2993316650390625
1195,2304_2560_512_768,MSAVI,65536,39617,2050.0,41667.0,23869.0,good,0.6045074462890625,0.031280517578125,0.3642120361328125
1196,2304_2560_768_1024,MSAVI,65536,42160,1859.0,44019.0,21517.0,good,0.643310546875,0.0283660888671875,0.3283233642578125
1197,2304_2560_1024_1280,MSAVI,65536,41265,2192.0,43457.0,22079.0,good,0.6296539306640625,0.033447265625,0.3368988037109375
1198,2304_2560_1280_1536,MSAVI,65536,40743,1401.0,42144.0,23392.0,good,0.6216888427734375,0.0213775634765625,0.35693359375
1199,2304_2560_1536_1792,MSAVI,65536,39624,8803.0,48427.0,17109.0,good,0.6046142578125,0.1343231201171875,0.2610626220703125
1200,2304_2560_1792_2048,MSAVI,65536,37182,7550.0,44732.0,20804.0,good,0.567352294921875,0.115203857421875,0.31744384765625
1201,2304_2560_2048_2304,MSAVI,65536,36388,3115.0,39503.0,26033.0,good,0.55523681640625,0.0475311279296875,0.3972320556640625
1202,2304_2560_2304_2560,MSAVI,65536,44382,2584.0,46966.0,18570.0,good,0.677215576171875,0.0394287109375,0.283355712890625
1203,2304_2560_2560_2816,MSAVI,65536,41269,11958.0,53227.0,12309.0,good,0.6297149658203125,0.182464599609375,0.1878204345703125
1204,2304_2560_2816_3072,MSAVI,65536,40877,9893.0,50770.0,14766.0,good,0.6237335205078125,0.1509552001953125,0.225311279296875
1205,2304_2560_3072_3328,MSAVI,65536,39900,8263.0,48163.0,17373.0,good,0.60882568359375,0.1260833740234375,0.2650909423828125
1206,2304_2560_3328_3584,MSAVI,65536,35113,11857.0,46970.0,18566.0,good,0.5357818603515625,0.1809234619140625,0.283294677734375
1207,2304_2560_3584_3840,MSAVI,65536,35823,6230.0,42053.0,23483.0,good,0.5466156005859375,0.095062255859375,0.3583221435546875
1208,2304_2560_3840_4096,MSAVI,65536,35555,15267.0,50822.0,14714.0,good,0.5425262451171875,0.2329559326171875,0.224517822265625
1209,2304_2560_4096_4352,MSAVI,65536,38880,18311.0,57191.0,8345.0,good,0.59326171875,0.2794036865234375,0.1273345947265625
1210,2304_2560_4352_4608,MSAVI,65536,35442,22217.0,57659.0,7877.0,good,0.540802001953125,0.3390045166015625,0.1201934814453125
1211,2304_2560_4608_4864,MSAVI,65536,39335,18133.0,57468.0,8068.0,good,0.6002044677734375,0.2766876220703125,0.12310791015625
1212,2304_2560_4864_5120,MSAVI,65536,41495,7526.0,49021.0,16515.0,good,0.6331634521484375,0.114837646484375,0.2519989013671875
1213,2304_2560_5120_5376,MSAVI,65536,42361,4265.0,46626.0,18910.0,good,0.6463775634765625,0.0650787353515625,0.288543701171875
1214,2304_2560_5376_5632,MSAVI,65536,48515,13982.0,62497.0,3039.0,good,0.7402801513671875,0.213348388671875,0.0463714599609375
1215,2304_2560_5632_5888,MSAVI,65536,43639,8157.0,51796.0,13740.0,good,0.6658782958984375,0.1244659423828125,0.20965576171875
1216,2304_2560_5888_6144,MSAVI,65536,37626,5053.0,42679.0,22857.0,good,0.574127197265625,0.0771026611328125,0.3487701416015625
1217,2304_2560_6144_6400,MSAVI,65536,37412,5256.0,42668.0,22868.0,good,0.57086181640625,0.0802001953125,0.34893798828125
1218,2304_2560_6400_6656,MSAVI,65536,38947,3943.0,42890.0,22646.0,good,0.5942840576171875,0.0601654052734375,0.345550537109375
1219,2304_2560_6656_6912,MSAVI,65536,44076,17729.0,61805.0,3731.0,good,0.67254638671875,0.2705230712890625,0.0569305419921875
1220,2304_2560_6912_7168,MSAVI,65536,40446,6834.0,47280.0,18256.0,good,0.617156982421875,0.104278564453125,0.278564453125
1221,2304_2560_7168_7424,MSAVI,65536,32856,7195.0,40051.0,25485.0,good,0.5013427734375,0.1097869873046875,0.3888702392578125
1222,2304_2560_7424_7680,MSAVI,65536,35701,5390.0,41091.0,24445.0,good,0.5447540283203125,0.082244873046875,0.3730010986328125
1223,2304_2560_7680_7936,MSAVI,65536,38849,5054.0,43903.0,21633.0,good,0.5927886962890625,0.077117919921875,0.3300933837890625
1224,2304_2560_7936_8192,MSAVI,65536,38408,4527.0,42935.0,22601.0,good,0.5860595703125,0.0690765380859375,0.3448638916015625
1225,2304_2560_8192_8448,MSAVI,65536,40940,2982.0,43922.0,21614.0,good,0.62469482421875,0.045501708984375,0.329803466796875
1226,2304_2560_8448_8704,MSAVI,65536,42426,3579.0,46005.0,19531.0,good,0.647369384765625,0.0546112060546875,0.2980194091796875
1227,2304_2560_8704_8960,MSAVI,65536,41557,3697.0,45254.0,20282.0,good,0.6341094970703125,0.0564117431640625,0.309478759765625
1228,2304_2560_8960_9216,MSAVI,65536,39730,4774.0,44504.0,21032.0,good,0.606231689453125,0.072845458984375,0.3209228515625
1229,2304_2560_9216_9472,MSAVI,65536,39345,3911.0,43256.0,22280.0,good,0.6003570556640625,0.0596771240234375,0.3399658203125
1230,2304_2560_9472_9728,MSAVI,65536,38458,10031.0,48489.0,17047.0,good,0.586822509765625,0.1530609130859375,0.2601165771484375
1231,2304_2560_9728_9984,MSAVI,65536,36110,12265.0,48375.0,17161.0,good,0.550994873046875,0.1871490478515625,0.2618560791015625
1232,2304_2560_9984_10240,MSAVI,65536,40299,13435.0,53734.0,11802.0,good,0.6149139404296875,0.2050018310546875,0.180084228515625
1233,2304_2560_10240_10496,MSAVI,65536,39436,17616.0,57052.0,8484.0,good,0.60174560546875,0.268798828125,0.12945556640625
1234,2560_2816_256_512,MSAVI,65536,39403,2924.0,42327.0,23209.0,good,0.6012420654296875,0.04461669921875,0.3541412353515625
1235,2560_2816_512_768,MSAVI,65536,39440,5659.0,45099.0,20437.0,good,0.601806640625,0.0863494873046875,0.3118438720703125
1236,2560_2816_768_1024,MSAVI,65536,39810,3142.0,42952.0,22584.0,good,0.607452392578125,0.047943115234375,0.3446044921875
1237,2560_2816_1024_1280,MSAVI,65536,38723,5523.0,44246.0,21290.0,good,0.5908660888671875,0.0842742919921875,0.324859619140625
1238,2560_2816_1280_1536,MSAVI,65536,40901,6206.0,47107.0,18429.0,good,0.6240997314453125,0.094696044921875,0.2812042236328125
1239,2560_2816_1536_1792,MSAVI,65536,44671,3184.0,47855.0,17681.0,good,0.6816253662109375,0.048583984375,0.2697906494140625
1240,2560_2816_1792_2048,MSAVI,65536,34712,8698.0,43410.0,22126.0,good,0.5296630859375,0.132720947265625,0.337615966796875
1241,2560_2816_2048_2304,MSAVI,65536,33113,8502.0,41615.0,23921.0,good,0.5052642822265625,0.129730224609375,0.3650054931640625
1242,2560_2816_2304_2560,MSAVI,65536,34407,6274.0,40681.0,24855.0,good,0.5250091552734375,0.095733642578125,0.3792572021484375
1243,2560_2816_2560_2816,MSAVI,65536,38579,5480.0,44059.0,21477.0,good,0.5886688232421875,0.0836181640625,0.3277130126953125
1244,2560_2816_2816_3072,MSAVI,65536,39512,13394.0,52906.0,12630.0,good,0.6029052734375,0.204376220703125,0.192718505859375
1245,2560_2816_3072_3328,MSAVI,65536,39503,7225.0,46728.0,18808.0,good,0.6027679443359375,0.1102447509765625,0.2869873046875
1246,2560_2816_3328_3584,MSAVI,65536,36707,15392.0,52099.0,13437.0,good,0.5601043701171875,0.23486328125,0.2050323486328125
1247,2560_2816_3584_3840,MSAVI,65536,36494,11767.0,48261.0,17275.0,good,0.556854248046875,0.1795501708984375,0.2635955810546875
1248,2560_2816_3840_4096,MSAVI,65536,41500,5968.0,47468.0,18068.0,good,0.63323974609375,0.091064453125,0.27569580078125
1249,2560_2816_4096_4352,MSAVI,65536,41156,11862.0,53018.0,12518.0,good,0.62799072265625,0.180999755859375,0.191009521484375
1250,2560_2816_4352_4608,MSAVI,65536,35750,22082.0,57832.0,7704.0,good,0.545501708984375,0.336944580078125,0.1175537109375
1251,2560_2816_4608_4864,MSAVI,65536,40391,4445.0,44836.0,20700.0,good,0.6163177490234375,0.0678253173828125,0.31585693359375
1252,2560_2816_4864_5120,MSAVI,65536,41068,12117.0,53185.0,12351.0,good,0.62664794921875,0.1848907470703125,0.1884613037109375
1253,2560_2816_5120_5376,MSAVI,65536,41966,3973.0,45939.0,19597.0,good,0.640350341796875,0.0606231689453125,0.2990264892578125
1254,2560_2816_5376_5632,MSAVI,65536,40228,11333.0,51561.0,13975.0,good,0.61383056640625,0.1729278564453125,0.2132415771484375
1255,2560_2816_5632_5888,MSAVI,65536,38688,3624.0,42312.0,23224.0,good,0.59033203125,0.0552978515625,0.3543701171875
1256,2560_2816_5888_6144,MSAVI,65536,37481,5226.0,42707.0,22829.0,good,0.5719146728515625,0.079742431640625,0.3483428955078125
1257,2560_2816_6144_6400,MSAVI,65536,40352,3367.0,43719.0,21817.0,good,0.61572265625,0.0513763427734375,0.3329010009765625
1258,2560_2816_6400_6656,MSAVI,65536,38424,3217.0,41641.0,23895.0,good,0.5863037109375,0.0490875244140625,0.3646087646484375
1259,2560_2816_6656_6912,MSAVI,65536,43458,8545.0,52003.0,13533.0,good,0.663116455078125,0.1303863525390625,0.2064971923828125
1260,2560_2816_6912_7168,MSAVI,65536,38904,8883.0,47787.0,17749.0,good,0.5936279296875,0.1355438232421875,0.2708282470703125
1261,2560_2816_7168_7424,MSAVI,65536,33126,8771.0,41897.0,23639.0,good,0.505462646484375,0.1338348388671875,0.3607025146484375
1262,2560_2816_7424_7680,MSAVI,65536,32306,15000.0,47306.0,18230.0,good,0.492950439453125,0.2288818359375,0.278167724609375
1263,2560_2816_7680_7936,MSAVI,65536,46599,12388.0,58987.0,6549.0,good,0.7110443115234375,0.18902587890625,0.0999298095703125
1264,2560_2816_7936_8192,MSAVI,65536,37017,8964.0,45981.0,19555.0,good,0.5648345947265625,0.13677978515625,0.2983856201171875
1265,2560_2816_8192_8448,MSAVI,65536,37056,7565.0,44621.0,20915.0,good,0.5654296875,0.1154327392578125,0.3191375732421875
1266,2560_2816_8448_8704,MSAVI,65536,38013,6092.0,44105.0,21431.0,good,0.5800323486328125,0.09295654296875,0.3270111083984375
1267,2560_2816_8704_8960,MSAVI,65536,38564,10099.0,48663.0,16873.0,good,0.58843994140625,0.1540985107421875,0.2574615478515625
1268,2560_2816_8960_9216,MSAVI,65536,41335,7528.0,48863.0,16673.0,good,0.6307220458984375,0.1148681640625,0.2544097900390625
1269,2560_2816_9216_9472,MSAVI,65536,39726,7573.0,47299.0,18237.0,good,0.606170654296875,0.1155548095703125,0.2782745361328125
1270,2560_2816_9472_9728,MSAVI,65536,36691,10453.0,47144.0,18392.0,good,0.5598602294921875,0.1595001220703125,0.2806396484375
1271,2560_2816_9728_9984,MSAVI,65536,40607,14641.0,55248.0,10288.0,good,0.6196136474609375,0.2234039306640625,0.156982421875
1272,2560_2816_9984_10240,MSAVI,65536,38863,19323.0,58186.0,7350.0,good,0.5930023193359375,0.2948455810546875,0.112152099609375
1273,2560_2816_10240_10496,MSAVI,65536,41578,15941.0,57519.0,8017.0,good,0.634429931640625,0.2432403564453125,0.1223297119140625
1274,2816_3072_256_512,MSAVI,65536,35105,9746.0,44851.0,20685.0,good,0.5356597900390625,0.148712158203125,0.3156280517578125
1275,2816_3072_512_768,MSAVI,65536,36264,9683.0,45947.0,19589.0,good,0.5533447265625,0.1477508544921875,0.2989044189453125
1276,2816_3072_768_1024,MSAVI,65536,37779,7160.0,44939.0,20597.0,good,0.5764617919921875,0.1092529296875,0.3142852783203125
1277,2816_3072_1024_1280,MSAVI,65536,39733,3667.0,43400.0,22136.0,good,0.6062774658203125,0.0559539794921875,0.3377685546875
1278,2816_3072_1280_1536,MSAVI,65536,40921,8487.0,49408.0,16128.0,good,0.6244049072265625,0.1295013427734375,0.24609375
1279,2816_3072_1536_1792,MSAVI,65536,39817,7291.0,47108.0,18428.0,good,0.6075592041015625,0.1112518310546875,0.28118896484375
1280,2816_3072_1792_2048,MSAVI,65536,35888,17456.0,53344.0,12192.0,good,0.547607421875,0.266357421875,0.18603515625
1281,2816_3072_2048_2304,MSAVI,65536,39377,5290.0,44667.0,20869.0,good,0.6008453369140625,0.080718994140625,0.3184356689453125
1282,2816_3072_2304_2560,MSAVI,65536,38507,8556.0,47063.0,18473.0,good,0.5875701904296875,0.13055419921875,0.2818756103515625
1283,2816_3072_2560_2816,MSAVI,65536,30343,12408.0,42751.0,22785.0,good,0.4629974365234375,0.1893310546875,0.3476715087890625
1284,2816_3072_2816_3072,MSAVI,65536,39075,3886.0,42961.0,22575.0,good,0.5962371826171875,0.059295654296875,0.3444671630859375
1285,2816_3072_3072_3328,MSAVI,65536,39121,3015.0,42136.0,23400.0,good,0.5969390869140625,0.0460052490234375,0.3570556640625
1286,2816_3072_3328_3584,MSAVI,65536,39341,2065.0,41406.0,24130.0,good,0.6002960205078125,0.0315093994140625,0.368194580078125
1287,2816_3072_3584_3840,MSAVI,65536,38200,3634.0,41834.0,23702.0,good,0.5828857421875,0.055450439453125,0.361663818359375
1288,2816_3072_3840_4096,MSAVI,65536,39380,8687.0,48067.0,17469.0,good,0.60089111328125,0.1325531005859375,0.2665557861328125
1289,2816_3072_4096_4352,MSAVI,65536,42505,8506.0,51011.0,14525.0,good,0.6485748291015625,0.129791259765625,0.2216339111328125
1290,2816_3072_4352_4608,MSAVI,65536,41021,7796.0,48817.0,16719.0,good,0.6259307861328125,0.11895751953125,0.2551116943359375
1291,2816_3072_4608_4864,MSAVI,65536,41975,6012.0,47987.0,17549.0,good,0.6404876708984375,0.09173583984375,0.2677764892578125
1292,2816_3072_4864_5120,MSAVI,65536,46166,2668.0,48834.0,16702.0,good,0.704437255859375,0.04071044921875,0.254852294921875
1293,2816_3072_5120_5376,MSAVI,65536,44349,3135.0,47484.0,18052.0,good,0.6767120361328125,0.0478363037109375,0.27545166015625
1294,2816_3072_5376_5632,MSAVI,65536,41632,7643.0,49275.0,16261.0,good,0.63525390625,0.1166229248046875,0.2481231689453125
1295,2816_3072_5632_5888,MSAVI,65536,38426,7788.0,46214.0,19322.0,good,0.586334228515625,0.11883544921875,0.294830322265625
1296,2816_3072_5888_6144,MSAVI,65536,42126,4229.0,46355.0,19181.0,good,0.642791748046875,0.0645294189453125,0.2926788330078125
1297,2816_3072_6144_6400,MSAVI,65536,42459,12858.0,55317.0,10219.0,good,0.6478729248046875,0.196197509765625,0.1559295654296875
1298,2816_3072_6400_6656,MSAVI,65536,36310,18445.0,54755.0,10781.0,good,0.554046630859375,0.2814483642578125,0.1645050048828125
1299,2816_3072_6656_6912,MSAVI,65536,37154,10781.0,47935.0,17601.0,good,0.566925048828125,0.1645050048828125,0.2685699462890625
1300,2816_3072_6912_7168,MSAVI,65536,41406,11035.0,52441.0,13095.0,good,0.631805419921875,0.1683807373046875,0.1998138427734375
1301,2816_3072_7168_7424,MSAVI,65536,34119,12706.0,46825.0,18711.0,good,0.5206146240234375,0.193878173828125,0.2855072021484375
1302,2816_3072_7424_7680,MSAVI,65536,31856,15865.0,47721.0,17815.0,good,0.486083984375,0.2420806884765625,0.2718353271484375
1303,2816_3072_7680_7936,MSAVI,65536,32081,13439.0,45520.0,20016.0,good,0.4895172119140625,0.2050628662109375,0.305419921875
1304,2816_3072_7936_8192,MSAVI,65536,38702,5930.0,44632.0,20904.0,good,0.590545654296875,0.090484619140625,0.3189697265625
1305,2816_3072_8192_8448,MSAVI,65536,41028,6937.0,47965.0,17571.0,good,0.62603759765625,0.1058502197265625,0.2681121826171875
1306,2816_3072_8448_8704,MSAVI,65536,38170,9670.0,47840.0,17696.0,good,0.582427978515625,0.147552490234375,0.27001953125
1307,2816_3072_8704_8960,MSAVI,65536,31617,20609.0,52226.0,13310.0,good,0.4824371337890625,0.3144683837890625,0.203094482421875
1308,2816_3072_8960_9216,MSAVI,65536,47602,3647.0,51249.0,14287.0,good,0.726348876953125,0.0556488037109375,0.2180023193359375
1309,2816_3072_9216_9472,MSAVI,65536,35482,13917.0,49399.0,16137.0,good,0.541412353515625,0.2123565673828125,0.2462310791015625
1310,2816_3072_9472_9728,MSAVI,65536,38167,4720.0,42887.0,22649.0,good,0.5823822021484375,0.072021484375,0.3455963134765625
1311,2816_3072_9728_9984,MSAVI,65536,41228,8189.0,49417.0,16119.0,good,0.62908935546875,0.1249542236328125,0.2459564208984375
1312,2816_3072_9984_10240,MSAVI,65536,50537,7788.0,58325.0,7211.0,good,0.7711334228515625,0.11883544921875,0.1100311279296875
1313,2816_3072_10240_10496,MSAVI,65536,47145,12494.0,59639.0,5897.0,good,0.7193756103515625,0.190643310546875,0.0899810791015625
1314,3072_3328_256_512,MSAVI,65536,43503,6085.0,49588.0,15948.0,good,0.6638031005859375,0.0928497314453125,0.24334716796875
1315,3072_3328_512_768,MSAVI,65536,38236,10219.0,48455.0,17081.0,good,0.58343505859375,0.1559295654296875,0.2606353759765625
1316,3072_3328_768_1024,MSAVI,65536,38420,10807.0,49227.0,16309.0,good,0.58624267578125,0.1649017333984375,0.2488555908203125
1317,3072_3328_1024_1280,MSAVI,65536,39997,1595.0,41592.0,23944.0,good,0.6103057861328125,0.0243377685546875,0.3653564453125
1318,3072_3328_1280_1536,MSAVI,65536,41181,3139.0,44320.0,21216.0,good,0.6283721923828125,0.0478973388671875,0.32373046875
1319,3072_3328_1536_1792,MSAVI,65536,43086,2090.0,45176.0,20360.0,good,0.657440185546875,0.031890869140625,0.3106689453125
1320,3072_3328_1792_2048,MSAVI,65536,42616,4520.0,47136.0,18400.0,good,0.6502685546875,0.0689697265625,0.28076171875
1321,3072_3328_2048_2304,MSAVI,65536,43203,3058.0,46261.0,19275.0,good,0.6592254638671875,0.046661376953125,0.2941131591796875
1322,3072_3328_2304_2560,MSAVI,65536,43023,4897.0,47920.0,17616.0,good,0.6564788818359375,0.0747222900390625,0.268798828125
1323,3072_3328_2560_2816,MSAVI,65536,46527,2689.0,49216.0,16320.0,good,0.7099456787109375,0.0410308837890625,0.2490234375
1324,3072_3328_2816_3072,MSAVI,65536,40877,4751.0,45628.0,19908.0,good,0.6237335205078125,0.0724945068359375,0.30377197265625
1325,3072_3328_3072_3328,MSAVI,65536,41291,5294.0,46585.0,18951.0,good,0.6300506591796875,0.080780029296875,0.2891693115234375
1326,3072_3328_3328_3584,MSAVI,65536,42885,4164.0,47049.0,18487.0,good,0.6543731689453125,0.06353759765625,0.2820892333984375
1327,3072_3328_3584_3840,MSAVI,65536,39688,4827.0,44515.0,21021.0,good,0.6055908203125,0.0736541748046875,0.3207550048828125
1328,3072_3328_3840_4096,MSAVI,65536,43804,7984.0,51788.0,13748.0,good,0.66839599609375,0.121826171875,0.20977783203125
1329,3072_3328_4096_4352,MSAVI,65536,43933,6398.0,50331.0,15205.0,good,0.6703643798828125,0.097625732421875,0.2320098876953125
1330,3072_3328_4352_4608,MSAVI,65536,46090,5281.0,51371.0,14165.0,good,0.703277587890625,0.0805816650390625,0.2161407470703125
1331,3072_3328_4608_4864,MSAVI,65536,42279,6522.0,48801.0,16735.0,good,0.6451263427734375,0.099517822265625,0.2553558349609375
1332,3072_3328_4864_5120,MSAVI,65536,42686,10116.0,52802.0,12734.0,good,0.651336669921875,0.15435791015625,0.194305419921875
1333,3072_3328_5120_5376,MSAVI,65536,44387,5210.0,49597.0,15939.0,good,0.6772918701171875,0.079498291015625,0.2432098388671875
1334,3072_3328_5376_5632,MSAVI,65536,40824,6303.0,47127.0,18409.0,good,0.6229248046875,0.0961761474609375,0.2808990478515625
1335,3072_3328_5632_5888,MSAVI,65536,38494,13359.0,51853.0,13683.0,good,0.587371826171875,0.2038421630859375,0.2087860107421875
1336,3072_3328_5888_6144,MSAVI,65536,40226,11982.0,52208.0,13328.0,good,0.613800048828125,0.182830810546875,0.203369140625
1337,3072_3328_6144_6400,MSAVI,65536,33149,12262.0,45411.0,20125.0,good,0.5058135986328125,0.187103271484375,0.3070831298828125
1338,3072_3328_6400_6656,MSAVI,65536,40357,10403.0,50760.0,14776.0,good,0.6157989501953125,0.1587371826171875,0.2254638671875
1339,3072_3328_6656_6912,MSAVI,65536,40766,6612.0,47378.0,18158.0,good,0.622039794921875,0.10089111328125,0.277069091796875
1340,3072_3328_6912_7168,MSAVI,65536,42249,11069.0,53318.0,12218.0,good,0.6446685791015625,0.1688995361328125,0.186431884765625
1341,3072_3328_7168_7424,MSAVI,65536,34615,7946.0,42561.0,22975.0,good,0.5281829833984375,0.121246337890625,0.3505706787109375
1342,3072_3328_7424_7680,MSAVI,65536,39970,11746.0,51716.0,13820.0,good,0.609893798828125,0.179229736328125,0.21087646484375
1343,3072_3328_7680_7936,MSAVI,65536,44199,8070.0,52269.0,13267.0,good,0.6744232177734375,0.123138427734375,0.2024383544921875
1344,3072_3328_7936_8192,MSAVI,65536,41490,3748.0,45238.0,20298.0,good,0.633087158203125,0.05718994140625,0.309722900390625
1345,3072_3328_8192_8448,MSAVI,65536,35529,8683.0,44212.0,21324.0,good,0.5421295166015625,0.1324920654296875,0.32537841796875
1346,3072_3328_8448_8704,MSAVI,65536,39244,3708.0,42952.0,22584.0,good,0.59881591796875,0.05657958984375,0.3446044921875
1347,3072_3328_8704_8960,MSAVI,65536,41564,1505.0,43069.0,22467.0,good,0.63421630859375,0.0229644775390625,0.3428192138671875
1348,3072_3328_8960_9216,MSAVI,65536,42722,3824.0,46546.0,18990.0,good,0.651885986328125,0.058349609375,0.289764404296875
1349,3072_3328_9216_9472,MSAVI,65536,41955,3148.0,45103.0,20433.0,good,0.6401824951171875,0.04803466796875,0.3117828369140625
1350,3072_3328_9472_9728,MSAVI,65536,40038,4718.0,44756.0,20780.0,good,0.610931396484375,0.071990966796875,0.31707763671875
1351,3072_3328_9728_9984,MSAVI,65536,35094,4261.0,39355.0,26181.0,good,0.535491943359375,0.0650177001953125,0.3994903564453125
1352,3072_3328_9984_10240,MSAVI,65536,35318,14657.0,49975.0,15561.0,good,0.538909912109375,0.2236480712890625,0.2374420166015625
1353,3072_3328_10240_10496,MSAVI,65536,42016,20479.0,62495.0,3041.0,good,0.64111328125,0.3124847412109375,0.0464019775390625
1354,3328_3584_256_512,MSAVI,65536,38317,3733.0,42050.0,23486.0,good,0.5846710205078125,0.0569610595703125,0.358367919921875
1355,3328_3584_512_768,MSAVI,65536,40367,8246.0,48613.0,16923.0,good,0.6159515380859375,0.125823974609375,0.2582244873046875
1356,3328_3584_768_1024,MSAVI,65536,29607,8643.0,38250.0,27286.0,good,0.4517669677734375,0.1318817138671875,0.416351318359375
1357,3328_3584_1024_1280,MSAVI,65536,41686,1951.0,43637.0,21899.0,good,0.636077880859375,0.0297698974609375,0.3341522216796875
1358,3328_3584_1280_1536,MSAVI,65536,42581,4283.0,46864.0,18672.0,good,0.6497344970703125,0.0653533935546875,0.284912109375
1359,3328_3584_1536_1792,MSAVI,65536,43334,10175.0,53509.0,12027.0,good,0.661224365234375,0.1552581787109375,0.1835174560546875
1360,3328_3584_1792_2048,MSAVI,65536,47072,1478.0,48550.0,16986.0,good,0.71826171875,0.022552490234375,0.259185791015625
1361,3328_3584_2048_2304,MSAVI,65536,44074,1387.0,45461.0,20075.0,good,0.672515869140625,0.0211639404296875,0.3063201904296875
1362,3328_3584_2304_2560,MSAVI,65536,44462,1509.0,45971.0,19565.0,good,0.678436279296875,0.0230255126953125,0.2985382080078125
1363,3328_3584_2560_2816,MSAVI,65536,46000,4426.0,50426.0,15110.0,good,0.701904296875,0.067535400390625,0.230560302734375
1364,3328_3584_2816_3072,MSAVI,65536,45106,2227.0,47333.0,18203.0,good,0.688262939453125,0.0339813232421875,0.2777557373046875
1365,3328_3584_3072_3328,MSAVI,65536,38775,4856.0,43631.0,21905.0,good,0.5916595458984375,0.0740966796875,0.3342437744140625
1366,3328_3584_3328_3584,MSAVI,65536,43179,4894.0,48073.0,17463.0,good,0.6588592529296875,0.074676513671875,0.2664642333984375
1367,3328_3584_3584_3840,MSAVI,65536,38649,4242.0,42891.0,22645.0,good,0.5897369384765625,0.064727783203125,0.3455352783203125
1368,3328_3584_3840_4096,MSAVI,65536,39115,6102.0,45217.0,20319.0,good,0.5968475341796875,0.093109130859375,0.3100433349609375
1369,3328_3584_4096_4352,MSAVI,65536,38622,10345.0,48967.0,16569.0,good,0.589324951171875,0.1578521728515625,0.2528228759765625
1370,3328_3584_4352_4608,MSAVI,65536,39817,14287.0,54104.0,11432.0,good,0.6075592041015625,0.2180023193359375,0.1744384765625
1371,3328_3584_4608_4864,MSAVI,65536,41453,9112.0,50565.0,14971.0,good,0.6325225830078125,0.1390380859375,0.2284393310546875
1372,3328_3584_4864_5120,MSAVI,65536,42474,8216.0,50690.0,14846.0,good,0.648101806640625,0.1253662109375,0.226531982421875
1373,3328_3584_5120_5376,MSAVI,65536,44380,9270.0,53650.0,11886.0,good,0.67718505859375,0.141448974609375,0.181365966796875
1374,3328_3584_5376_5632,MSAVI,65536,40390,7727.0,48117.0,17419.0,good,0.616302490234375,0.1179046630859375,0.2657928466796875
1375,3328_3584_5632_5888,MSAVI,65536,37025,6050.0,43075.0,22461.0,good,0.5649566650390625,0.092315673828125,0.3427276611328125
1376,3328_3584_5888_6144,MSAVI,65536,43727,9243.0,52970.0,12566.0,good,0.6672210693359375,0.1410369873046875,0.191741943359375
1377,3328_3584_6144_6400,MSAVI,65536,42645,9929.0,52574.0,12962.0,good,0.6507110595703125,0.1515045166015625,0.197784423828125
1378,3328_3584_6400_6656,MSAVI,65536,43200,3689.0,46889.0,18647.0,good,0.6591796875,0.0562896728515625,0.2845306396484375
1379,3328_3584_6656_6912,MSAVI,65536,44245,10923.0,55168.0,10368.0,good,0.6751251220703125,0.1666717529296875,0.158203125
1380,3328_3584_6912_7168,MSAVI,65536,37740,11016.0,48756.0,16780.0,good,0.57586669921875,0.1680908203125,0.25604248046875
1381,3328_3584_7168_7424,MSAVI,65536,34759,11251.0,46010.0,19526.0,good,0.5303802490234375,0.1716766357421875,0.297943115234375
1382,3328_3584_7424_7680,MSAVI,65536,36958,8835.0,45793.0,19743.0,good,0.563934326171875,0.1348114013671875,0.3012542724609375
1383,3328_3584_7680_7936,MSAVI,65536,35625,9872.0,45497.0,20039.0,good,0.5435943603515625,0.150634765625,0.3057708740234375
1384,3328_3584_7936_8192,MSAVI,65536,40998,2003.0,43001.0,22535.0,good,0.625579833984375,0.0305633544921875,0.3438568115234375
1385,3328_3584_8192_8448,MSAVI,65536,39047,4683.0,43730.0,21806.0,good,0.5958099365234375,0.0714569091796875,0.332733154296875
1386,3328_3584_8448_8704,MSAVI,65536,36906,6015.0,42921.0,22615.0,good,0.563140869140625,0.0917816162109375,0.3450775146484375
1387,3328_3584_8704_8960,MSAVI,65536,40721,3418.0,44139.0,21397.0,good,0.6213531494140625,0.052154541015625,0.3264923095703125
1388,3328_3584_8960_9216,MSAVI,65536,46389,1732.0,48121.0,17415.0,good,0.7078399658203125,0.02642822265625,0.2657318115234375
1389,3328_3584_9216_9472,MSAVI,65536,41398,3958.0,45356.0,20180.0,good,0.631683349609375,0.060394287109375,0.30792236328125
1390,3328_3584_9472_9728,MSAVI,65536,39529,5238.0,44767.0,20769.0,good,0.6031646728515625,0.079925537109375,0.3169097900390625
1391,3328_3584_9728_9984,MSAVI,65536,43355,13192.0,56547.0,8989.0,good,0.6615447998046875,0.2012939453125,0.1371612548828125
1392,3328_3584_9984_10240,MSAVI,65536,36533,15438.0,51971.0,13565.0,good,0.5574493408203125,0.235565185546875,0.2069854736328125
1393,3328_3584_10240_10496,MSAVI,65536,39158,17982.0,57140.0,8396.0,good,0.597503662109375,0.274383544921875,0.12811279296875
1394,3584_3840_256_512,MSAVI,65536,38717,1955.0,40672.0,24864.0,good,0.5907745361328125,0.0298309326171875,0.37939453125
1395,3584_3840_512_768,MSAVI,65536,40182,1024.0,41206.0,24330.0,good,0.613128662109375,0.015625,0.371246337890625
1396,3584_3840_768_1024,MSAVI,65536,42371,765.0,43136.0,22400.0,good,0.6465301513671875,0.0116729736328125,0.341796875
1397,3584_3840_1024_1280,MSAVI,65536,44523,1543.0,46066.0,19470.0,good,0.6793670654296875,0.0235443115234375,0.297088623046875
1398,3584_3840_1280_1536,MSAVI,65536,44131,3462.0,47593.0,17943.0,good,0.6733856201171875,0.052825927734375,0.2737884521484375
1399,3584_3840_1536_1792,MSAVI,65536,47383,8293.0,55676.0,9860.0,good,0.7230072021484375,0.1265411376953125,0.15045166015625
1400,3584_3840_1792_2048,MSAVI,65536,41954,2786.0,44740.0,20796.0,good,0.640167236328125,0.042510986328125,0.31732177734375
1401,3584_3840_2048_2304,MSAVI,65536,41159,7488.0,48647.0,16889.0,good,0.6280364990234375,0.1142578125,0.2577056884765625
1402,3584_3840_2304_2560,MSAVI,65536,35776,6837.0,42613.0,22923.0,good,0.5458984375,0.1043243408203125,0.3497772216796875
1403,3584_3840_2560_2816,MSAVI,65536,37587,5517.0,43104.0,22432.0,good,0.5735321044921875,0.0841827392578125,0.34228515625
1404,3584_3840_2816_3072,MSAVI,65536,37169,9077.0,46246.0,19290.0,good,0.5671539306640625,0.1385040283203125,0.294342041015625
1405,3584_3840_3072_3328,MSAVI,65536,35739,8008.0,43747.0,21789.0,good,0.5453338623046875,0.1221923828125,0.3324737548828125
1406,3584_3840_3328_3584,MSAVI,65536,37007,10602.0,47609.0,17927.0,good,0.5646820068359375,0.161773681640625,0.2735443115234375
1407,3584_3840_3584_3840,MSAVI,65536,37671,8472.0,46143.0,19393.0,good,0.5748138427734375,0.1292724609375,0.2959136962890625
1408,3584_3840_3840_4096,MSAVI,65536,39289,4549.0,43838.0,21698.0,good,0.5995025634765625,0.0694122314453125,0.331085205078125
1409,3584_3840_4096_4352,MSAVI,65536,37825,12309.0,50134.0,15402.0,good,0.5771636962890625,0.1878204345703125,0.235015869140625
1410,3584_3840_4352_4608,MSAVI,65536,34778,16432.0,51210.0,14326.0,good,0.530670166015625,0.250732421875,0.218597412109375
1411,3584_3840_4608_4864,MSAVI,65536,35732,9920.0,45652.0,19884.0,good,0.54522705078125,0.1513671875,0.30340576171875
1412,3584_3840_4864_5120,MSAVI,65536,44223,4132.0,48355.0,17181.0,good,0.6747894287109375,0.06304931640625,0.2621612548828125
1413,3584_3840_5120_5376,MSAVI,65536,41464,13528.0,54992.0,10544.0,good,0.6326904296875,0.2064208984375,0.160888671875
1414,3584_3840_5376_5632,MSAVI,65536,36311,13130.0,49441.0,16095.0,good,0.5540618896484375,0.200347900390625,0.2455902099609375
1415,3584_3840_5632_5888,MSAVI,65536,40571,11209.0,51780.0,13756.0,good,0.6190643310546875,0.1710357666015625,0.20989990234375
1416,3584_3840_5888_6144,MSAVI,65536,45864,8645.0,54509.0,11027.0,good,0.6998291015625,0.1319122314453125,0.1682586669921875
1417,3584_3840_6144_6400,MSAVI,65536,49632,10620.0,60252.0,5284.0,good,0.75732421875,0.16204833984375,0.08062744140625
1418,3584_3840_6400_6656,MSAVI,65536,41356,4110.0,45466.0,20070.0,good,0.63104248046875,0.062713623046875,0.306243896484375
1419,3584_3840_6656_6912,MSAVI,65536,40492,9507.0,49999.0,15537.0,good,0.61785888671875,0.1450653076171875,0.2370758056640625
1420,3584_3840_6912_7168,MSAVI,65536,38855,9287.0,48142.0,17394.0,good,0.5928802490234375,0.1417083740234375,0.265411376953125
1421,3584_3840_7168_7424,MSAVI,65536,35883,4940.0,40823.0,24713.0,good,0.5475311279296875,0.07537841796875,0.3770904541015625
1422,3584_3840_7424_7680,MSAVI,65536,38280,4204.0,42484.0,23052.0,good,0.5841064453125,0.06414794921875,0.35174560546875
1423,3584_3840_7680_7936,MSAVI,65536,41072,6482.0,47554.0,17982.0,good,0.626708984375,0.098907470703125,0.274383544921875
1424,3584_3840_7936_8192,MSAVI,65536,39331,4862.0,44193.0,21343.0,good,0.6001434326171875,0.074188232421875,0.3256683349609375
1425,3584_3840_8192_8448,MSAVI,65536,36587,5999.0,42586.0,22950.0,good,0.5582733154296875,0.0915374755859375,0.350189208984375
1426,3584_3840_8448_8704,MSAVI,65536,37642,4679.0,42321.0,23215.0,good,0.574371337890625,0.0713958740234375,0.3542327880859375
1427,3584_3840_8704_8960,MSAVI,65536,36327,7758.0,44085.0,21451.0,good,0.5543060302734375,0.118377685546875,0.3273162841796875
1428,3584_3840_8960_9216,MSAVI,65536,35331,15051.0,50382.0,15154.0,good,0.5391082763671875,0.2296600341796875,0.231231689453125
1429,3584_3840_9216_9472,MSAVI,65536,33685,14335.0,48020.0,17516.0,good,0.5139923095703125,0.2187347412109375,0.26727294921875
1430,3584_3840_9472_9728,MSAVI,65536,41419,9871.0,51290.0,14246.0,good,0.6320037841796875,0.1506195068359375,0.217376708984375
1431,3584_3840_9728_9984,MSAVI,65536,36799,19563.0,56362.0,9174.0,good,0.5615081787109375,0.2985076904296875,0.139984130859375
1432,3584_3840_9984_10240,MSAVI,65536,41173,7873.0,49046.0,16490.0,good,0.6282501220703125,0.1201324462890625,0.251617431640625
1433,3584_3840_10240_10496,MSAVI,65536,42683,10234.0,52917.0,12619.0,good,0.6512908935546875,0.156158447265625,0.1925506591796875
1434,3840_4096_256_512,MSAVI,65536,44873,2015.0,46888.0,18648.0,good,0.6847076416015625,0.0307464599609375,0.2845458984375
1435,3840_4096_512_768,MSAVI,65536,37935,5889.0,43824.0,21712.0,good,0.5788421630859375,0.0898590087890625,0.331298828125
1436,3840_4096_768_1024,MSAVI,65536,35365,9494.0,44859.0,20677.0,good,0.5396270751953125,0.144866943359375,0.3155059814453125
1437,3840_4096_1024_1280,MSAVI,65536,37518,5827.0,43345.0,22191.0,good,0.572479248046875,0.0889129638671875,0.3386077880859375
1438,3840_4096_1280_1536,MSAVI,65536,38238,12649.0,50887.0,14649.0,good,0.583465576171875,0.1930084228515625,0.2235260009765625
1439,3840_4096_1536_1792,MSAVI,65536,38825,6857.0,45682.0,19854.0,good,0.5924224853515625,0.1046295166015625,0.302947998046875
1440,3840_4096_1792_2048,MSAVI,65536,38393,12506.0,50899.0,14637.0,good,0.5858306884765625,0.190826416015625,0.2233428955078125
1441,3840_4096_2048_2304,MSAVI,65536,39837,7306.0,47143.0,18393.0,good,0.6078643798828125,0.111480712890625,0.2806549072265625
1442,3840_4096_2304_2560,MSAVI,65536,36444,6309.0,42753.0,22783.0,good,0.55609130859375,0.0962677001953125,0.3476409912109375
1443,3840_4096_2560_2816,MSAVI,65536,37472,10155.0,47627.0,17909.0,good,0.57177734375,0.1549530029296875,0.2732696533203125
1444,3840_4096_2816_3072,MSAVI,65536,32884,14579.0,47463.0,18073.0,good,0.50177001953125,0.2224578857421875,0.2757720947265625
1445,3840_4096_3072_3328,MSAVI,65536,27697,4935.0,32632.0,32904.0,good,0.4226226806640625,0.0753021240234375,0.5020751953125
1446,3840_4096_3328_3584,MSAVI,65536,38140,14127.0,52267.0,13269.0,good,0.58197021484375,0.2155609130859375,0.2024688720703125
1447,3840_4096_3584_3840,MSAVI,65536,45131,11735.0,56866.0,8670.0,good,0.6886444091796875,0.1790618896484375,0.132293701171875
1448,3840_4096_3840_4096,MSAVI,65536,41145,5916.0,47061.0,18475.0,good,0.6278228759765625,0.09027099609375,0.2819061279296875
1449,3840_4096_4096_4352,MSAVI,65536,41660,5227.0,46887.0,18649.0,good,0.63568115234375,0.0797576904296875,0.2845611572265625
1450,3840_4096_4352_4608,MSAVI,65536,44083,2018.0,46101.0,19435.0,good,0.6726531982421875,0.030792236328125,0.2965545654296875
1451,3840_4096_4608_4864,MSAVI,65536,39451,6558.0,46009.0,19527.0,good,0.6019744873046875,0.100067138671875,0.2979583740234375
1452,3840_4096_4864_5120,MSAVI,65536,41450,3741.0,45191.0,20345.0,good,0.632476806640625,0.0570831298828125,0.3104400634765625
1453,3840_4096_5120_5376,MSAVI,65536,39529,7672.0,47201.0,18335.0,good,0.6031646728515625,0.1170654296875,0.2797698974609375
1454,3840_4096_5376_5632,MSAVI,65536,38367,8534.0,46901.0,18635.0,good,0.5854339599609375,0.130218505859375,0.2843475341796875
1455,3840_4096_5632_5888,MSAVI,65536,35663,12202.0,47865.0,17671.0,good,0.5441741943359375,0.186187744140625,0.2696380615234375
1456,3840_4096_5888_6144,MSAVI,65536,45822,6705.0,52527.0,13009.0,good,0.699188232421875,0.1023101806640625,0.1985015869140625
1457,3840_4096_6144_6400,MSAVI,65536,40872,4605.0,45477.0,20059.0,good,0.6236572265625,0.0702667236328125,0.3060760498046875
1458,3840_4096_6400_6656,MSAVI,65536,35342,5025.0,40367.0,25169.0,good,0.539276123046875,0.0766754150390625,0.3840484619140625
1459,3840_4096_6656_6912,MSAVI,65536,36941,3794.0,40735.0,24801.0,good,0.5636749267578125,0.057891845703125,0.3784332275390625
1460,3840_4096_6912_7168,MSAVI,65536,35306,4721.0,40027.0,25509.0,good,0.538726806640625,0.0720367431640625,0.3892364501953125
1461,3840_4096_7168_7424,MSAVI,65536,35272,22233.0,57505.0,8031.0,good,0.5382080078125,0.3392486572265625,0.1225433349609375
1462,3840_4096_7424_7680,MSAVI,65536,31464,19260.0,50724.0,14812.0,good,0.4801025390625,0.29388427734375,0.22601318359375
1463,3840_4096_7680_7936,MSAVI,65536,43363,9033.0,52396.0,13140.0,good,0.6616668701171875,0.1378326416015625,0.20050048828125
1464,3840_4096_7936_8192,MSAVI,65536,41456,11937.0,53393.0,12143.0,good,0.632568359375,0.1821441650390625,0.1852874755859375
1465,3840_4096_8192_8448,MSAVI,65536,39056,6734.0,45790.0,19746.0,good,0.595947265625,0.102752685546875,0.301300048828125
1466,3840_4096_8448_8704,MSAVI,65536,40268,10181.0,50449.0,15087.0,good,0.61444091796875,0.1553497314453125,0.2302093505859375
1467,3840_4096_8704_8960,MSAVI,65536,40031,11642.0,51673.0,13863.0,good,0.6108245849609375,0.177642822265625,0.2115325927734375
1468,3840_4096_8960_9216,MSAVI,65536,39370,7250.0,46620.0,18916.0,good,0.600738525390625,0.110626220703125,0.28863525390625
1469,3840_4096_9216_9472,MSAVI,65536,33766,13904.0,47670.0,17866.0,good,0.515228271484375,0.212158203125,0.272613525390625
1470,3840_4096_9472_9728,MSAVI,65536,32144,16077.0,48221.0,17315.0,good,0.490478515625,0.2453155517578125,0.2642059326171875
1471,3840_4096_9728_9984,MSAVI,65536,39057,19638.0,58695.0,6841.0,good,0.5959625244140625,0.299652099609375,0.1043853759765625
1472,3840_4096_9984_10240,MSAVI,65536,39851,14481.0,54332.0,11204.0,good,0.6080780029296875,0.2209625244140625,0.17095947265625
1473,3840_4096_10240_10496,MSAVI,65536,38598,9719.0,48317.0,17219.0,good,0.588958740234375,0.1483001708984375,0.2627410888671875
1474,4096_4352_256_512,MSAVI,65536,41914,4331.0,46245.0,19291.0,good,0.639556884765625,0.0660858154296875,0.2943572998046875
1475,4096_4352_512_768,MSAVI,65536,36483,7558.0,44041.0,21495.0,good,0.5566864013671875,0.115325927734375,0.3279876708984375
1476,4096_4352_768_1024,MSAVI,65536,38974,10037.0,49011.0,16525.0,good,0.594696044921875,0.1531524658203125,0.2521514892578125
1477,4096_4352_1024_1280,MSAVI,65536,34194,15121.0,49315.0,16221.0,good,0.521759033203125,0.2307281494140625,0.2475128173828125
1478,4096_4352_1280_1536,MSAVI,65536,36640,5091.0,41731.0,23805.0,good,0.55908203125,0.0776824951171875,0.3632354736328125
1479,4096_4352_1536_1792,MSAVI,65536,40782,3466.0,44248.0,21288.0,good,0.622283935546875,0.052886962890625,0.3248291015625
1480,4096_4352_1792_2048,MSAVI,65536,42083,8705.0,50788.0,14748.0,good,0.6421356201171875,0.1328277587890625,0.22503662109375
1481,4096_4352_2048_2304,MSAVI,65536,45868,1543.0,47411.0,18125.0,good,0.69989013671875,0.0235443115234375,0.2765655517578125
1482,4096_4352_2304_2560,MSAVI,65536,41979,1857.0,43836.0,21700.0,good,0.6405487060546875,0.0283355712890625,0.33111572265625
1483,4096_4352_2560_2816,MSAVI,65536,39827,6755.0,46582.0,18954.0,good,0.6077117919921875,0.1030731201171875,0.289215087890625
1484,4096_4352_2816_3072,MSAVI,65536,42490,4336.0,46826.0,18710.0,good,0.648345947265625,0.066162109375,0.285491943359375
1485,4096_4352_3072_3328,MSAVI,65536,41728,4413.0,46141.0,19395.0,good,0.63671875,0.0673370361328125,0.2959442138671875
1486,4096_4352_3328_3584,MSAVI,65536,41019,6104.0,47123.0,18413.0,good,0.6259002685546875,0.0931396484375,0.2809600830078125
1487,4096_4352_3584_3840,MSAVI,65536,42894,2827.0,45721.0,19815.0,good,0.654510498046875,0.0431365966796875,0.3023529052734375
1488,4096_4352_3840_4096,MSAVI,65536,46450,908.0,47358.0,18178.0,good,0.708770751953125,0.01385498046875,0.277374267578125
1489,4096_4352_4096_4352,MSAVI,65536,42290,2908.0,45198.0,20338.0,good,0.645294189453125,0.04437255859375,0.310333251953125
1490,4096_4352_4352_4608,MSAVI,65536,39255,4726.0,43981.0,21555.0,good,0.5989837646484375,0.072113037109375,0.3289031982421875
1491,4096_4352_4608_4864,MSAVI,65536,39218,6403.0,45621.0,19915.0,good,0.598419189453125,0.0977020263671875,0.3038787841796875
1492,4096_4352_4864_5120,MSAVI,65536,42481,5380.0,47861.0,17675.0,good,0.6482086181640625,0.08209228515625,0.2696990966796875
1493,4096_4352_5120_5376,MSAVI,65536,40313,7262.0,47575.0,17961.0,good,0.6151275634765625,0.110809326171875,0.2740631103515625
1494,4096_4352_5376_5632,MSAVI,65536,37837,6682.0,44519.0,21017.0,good,0.5773468017578125,0.101959228515625,0.3206939697265625
1495,4096_4352_5632_5888,MSAVI,65536,40616,12778.0,53394.0,12142.0,good,0.6197509765625,0.194976806640625,0.185272216796875
1496,4096_4352_5888_6144,MSAVI,65536,36848,21450.0,58298.0,7238.0,good,0.562255859375,0.327301025390625,0.110443115234375
1497,4096_4352_6144_6400,MSAVI,65536,34473,9293.0,43766.0,21770.0,good,0.5260162353515625,0.1417999267578125,0.332183837890625
1498,4096_4352_6400_6656,MSAVI,65536,23856,469.0,24325.0,41211.0,good,0.364013671875,0.0071563720703125,0.6288299560546875
1499,4096_4352_6656_6912,MSAVI,65536,30545,17900.0,48445.0,17091.0,good,0.4660797119140625,0.27313232421875,0.2607879638671875
1500,4096_4352_6912_7168,MSAVI,65536,33781,10162.0,43943.0,21593.0,good,0.5154571533203125,0.155059814453125,0.3294830322265625
1501,4096_4352_7168_7424,MSAVI,65536,41987,2236.0,44223.0,21313.0,good,0.6406707763671875,0.03411865234375,0.3252105712890625
1502,4096_4352_7424_7680,MSAVI,65536,40450,7733.0,48183.0,17353.0,good,0.617218017578125,0.1179962158203125,0.2647857666015625
1503,4096_4352_7680_7936,MSAVI,65536,41812,4841.0,46653.0,18883.0,good,0.63800048828125,0.0738677978515625,0.2881317138671875
1504,4096_4352_7936_8192,MSAVI,65536,34410,7497.0,41907.0,23629.0,good,0.525054931640625,0.1143951416015625,0.3605499267578125
1505,4096_4352_8192_8448,MSAVI,65536,38219,12221.0,50440.0,15096.0,good,0.5831756591796875,0.1864776611328125,0.2303466796875
1506,4096_4352_8448_8704,MSAVI,65536,40094,7307.0,47401.0,18135.0,good,0.611785888671875,0.1114959716796875,0.2767181396484375
1507,4096_4352_8704_8960,MSAVI,65536,38860,5030.0,43890.0,21646.0,good,0.59295654296875,0.076751708984375,0.330291748046875
1508,4096_4352_8960_9216,MSAVI,65536,41772,2814.0,44586.0,20950.0,good,0.63739013671875,0.042938232421875,0.319671630859375
1509,4096_4352_9216_9472,MSAVI,65536,37738,4606.0,42344.0,23192.0,good,0.575836181640625,0.070281982421875,0.3538818359375
1510,4096_4352_9472_9728,MSAVI,65536,36878,10209.0,47087.0,18449.0,good,0.562713623046875,0.1557769775390625,0.2815093994140625
1511,4096_4352_9728_9984,MSAVI,65536,45200,12514.0,57714.0,7822.0,good,0.689697265625,0.190948486328125,0.119354248046875
1512,4096_4352_9984_10240,MSAVI,65536,41039,5012.0,46051.0,19485.0,good,0.6262054443359375,0.07647705078125,0.2973175048828125
1513,4096_4352_10240_10496,MSAVI,65536,37838,3226.0,41064.0,24472.0,good,0.577362060546875,0.049224853515625,0.3734130859375
1514,4096_4352_10496_10752,MSAVI,65338,39090,6262.0,45352.0,19986.0,good,0.5982735927025621,0.0958400930545777,0.3058863142428602
1515,4352_4608_256_512,MSAVI,65536,41650,1204.0,42854.0,22682.0,good,0.635528564453125,0.01837158203125,0.346099853515625
1516,4352_4608_512_768,MSAVI,65536,43774,3948.0,47722.0,17814.0,good,0.667938232421875,0.06024169921875,0.271820068359375
1517,4352_4608_768_1024,MSAVI,65536,39606,5457.0,45063.0,20473.0,good,0.604339599609375,0.0832672119140625,0.3123931884765625
1518,4352_4608_1024_1280,MSAVI,65536,39029,3296.0,42325.0,23211.0,good,0.5955352783203125,0.05029296875,0.3541717529296875
1519,4352_4608_1280_1536,MSAVI,65536,41350,4525.0,45875.0,19661.0,good,0.630950927734375,0.0690460205078125,0.3000030517578125
1520,4352_4608_1536_1792,MSAVI,65536,41058,3051.0,44109.0,21427.0,good,0.626495361328125,0.0465545654296875,0.3269500732421875
1521,4352_4608_1792_2048,MSAVI,65536,42619,1050.0,43669.0,21867.0,good,0.6503143310546875,0.016021728515625,0.3336639404296875
1522,4352_4608_2048_2304,MSAVI,65536,43313,1746.0,45059.0,20477.0,good,0.6609039306640625,0.026641845703125,0.3124542236328125
1523,4352_4608_2304_2560,MSAVI,65536,42201,1275.0,43476.0,22060.0,good,0.6439361572265625,0.0194549560546875,0.33660888671875
1524,4352_4608_2560_2816,MSAVI,65536,40569,2149.0,42718.0,22818.0,good,0.6190338134765625,0.0327911376953125,0.348175048828125
1525,4352_4608_2816_3072,MSAVI,65536,39857,3769.0,43626.0,21910.0,good,0.6081695556640625,0.0575103759765625,0.334320068359375
1526,4352_4608_3072_3328,MSAVI,65536,47199,2451.0,49650.0,15886.0,good,0.7201995849609375,0.0373992919921875,0.242401123046875
1527,4352_4608_3328_3584,MSAVI,65536,45115,2887.0,48002.0,17534.0,good,0.6884002685546875,0.0440521240234375,0.267547607421875
1528,4352_4608_3584_3840,MSAVI,65536,43099,5322.0,48421.0,17115.0,good,0.6576385498046875,0.081207275390625,0.2611541748046875
1529,4352_4608_3840_4096,MSAVI,65536,43310,2538.0,45848.0,19688.0,good,0.660858154296875,0.038726806640625,0.3004150390625
1530,4352_4608_4096_4352,MSAVI,65536,41151,2492.0,43643.0,21893.0,good,0.6279144287109375,0.03802490234375,0.3340606689453125
1531,4352_4608_4352_4608,MSAVI,65536,39801,7398.0,47199.0,18337.0,good,0.6073150634765625,0.112884521484375,0.2798004150390625
1532,4352_4608_4608_4864,MSAVI,65536,37309,16251.0,53560.0,11976.0,good,0.5692901611328125,0.2479705810546875,0.1827392578125
1533,4352_4608_4864_5120,MSAVI,65536,40983,6739.0,47722.0,17814.0,good,0.6253509521484375,0.1028289794921875,0.271820068359375
1534,4352_4608_5120_5376,MSAVI,65536,39727,6192.0,45919.0,19617.0,good,0.6061859130859375,0.094482421875,0.2993316650390625
1535,4352_4608_5376_5632,MSAVI,65536,41377,12908.0,54285.0,11251.0,good,0.6313629150390625,0.19696044921875,0.1716766357421875
1536,4352_4608_5632_5888,MSAVI,65536,38359,13735.0,52094.0,13442.0,good,0.5853118896484375,0.2095794677734375,0.205108642578125
1537,4352_4608_5888_6144,MSAVI,65536,28989,31601.0,60590.0,4946.0,good,0.4423370361328125,0.4821929931640625,0.075469970703125
1538,4352_4608_6144_6400,MSAVI,65536,22927,163.0,23090.0,42446.0,good,0.3498382568359375,0.0024871826171875,0.647674560546875
1539,4352_4608_6400_6656,MSAVI,65536,40127,15797.0,55924.0,9612.0,good,0.6122894287109375,0.2410430908203125,0.14666748046875
1540,4352_4608_6656_6912,MSAVI,65536,27371,288.0,27659.0,37877.0,good,0.4176483154296875,0.00439453125,0.5779571533203125
1541,4352_4608_6912_7168,MSAVI,65536,37377,6051.0,43428.0,22108.0,good,0.5703277587890625,0.0923309326171875,0.33734130859375
1542,4352_4608_7168_7424,MSAVI,65536,40715,5096.0,45811.0,19725.0,good,0.6212615966796875,0.0777587890625,0.3009796142578125
1543,4352_4608_7424_7680,MSAVI,65536,41335,8375.0,49710.0,15826.0,good,0.6307220458984375,0.1277923583984375,0.241485595703125
1544,4352_4608_7680_7936,MSAVI,65536,42308,2003.0,44311.0,21225.0,good,0.64556884765625,0.0305633544921875,0.3238677978515625
1545,4352_4608_7936_8192,MSAVI,65536,36458,14790.0,51248.0,14288.0,good,0.556304931640625,0.225677490234375,0.218017578125
1546,4352_4608_8192_8448,MSAVI,65536,35998,16385.0,52383.0,13153.0,good,0.549285888671875,0.2500152587890625,0.2006988525390625
1547,4352_4608_8448_8704,MSAVI,65536,37119,6148.0,43267.0,22269.0,good,0.5663909912109375,0.09381103515625,0.3397979736328125
1548,4352_4608_8704_8960,MSAVI,65536,38419,6924.0,45343.0,20193.0,good,0.5862274169921875,0.10565185546875,0.3081207275390625
1549,4352_4608_8960_9216,MSAVI,65536,39859,4470.0,44329.0,21207.0,good,0.6082000732421875,0.068206787109375,0.3235931396484375
1550,4352_4608_9216_9472,MSAVI,65536,40250,1422.0,41672.0,23864.0,good,0.614166259765625,0.021697998046875,0.3641357421875
1551,4352_4608_9472_9728,MSAVI,65536,41134,1855.0,42989.0,22547.0,good,0.627655029296875,0.0283050537109375,0.3440399169921875
1552,4352_4608_9728_9984,MSAVI,65536,39944,5329.0,45273.0,20263.0,good,0.6094970703125,0.0813140869140625,0.3091888427734375
1553,4352_4608_9984_10240,MSAVI,65536,43148,4602.0,47750.0,17786.0,good,0.65838623046875,0.070220947265625,0.271392822265625
1554,4352_4608_10240_10496,MSAVI,65536,40384,6038.0,46422.0,19114.0,good,0.6162109375,0.092132568359375,0.291656494140625
1555,4352_4608_10496_10752,MSAVI,65536,33702,11849.0,45551.0,19985.0,good,0.514251708984375,0.1808013916015625,0.3049468994140625
1556,4608_4864_512_768,MSAVI,65536,42033,4390.0,46423.0,19113.0,good,0.6413726806640625,0.066986083984375,0.2916412353515625
1557,4608_4864_768_1024,MSAVI,65536,43245,1983.0,45228.0,20308.0,good,0.6598663330078125,0.0302581787109375,0.30987548828125
1558,4608_4864_1024_1280,MSAVI,65536,46179,851.0,47030.0,18506.0,good,0.7046356201171875,0.0129852294921875,0.282379150390625
1559,4608_4864_1280_1536,MSAVI,65536,44924,2491.0,47415.0,18121.0,good,0.68548583984375,0.0380096435546875,0.2765045166015625
1560,4608_4864_1536_1792,MSAVI,65536,43612,4328.0,47940.0,17596.0,good,0.66546630859375,0.0660400390625,0.26849365234375
1561,4608_4864_1792_2048,MSAVI,65536,40576,2854.0,43430.0,22106.0,good,0.619140625,0.043548583984375,0.337310791015625
1562,4608_4864_2048_2304,MSAVI,65536,43843,5523.0,49366.0,16170.0,good,0.6689910888671875,0.0842742919921875,0.246734619140625
1563,4608_4864_2304_2560,MSAVI,65536,41313,3475.0,44788.0,20748.0,good,0.6303863525390625,0.0530242919921875,0.31658935546875
1564,4608_4864_2560_2816,MSAVI,65536,41415,3551.0,44966.0,20570.0,good,0.6319427490234375,0.0541839599609375,0.313873291015625
1565,4608_4864_2816_3072,MSAVI,65536,35017,12123.0,47140.0,18396.0,good,0.5343170166015625,0.1849822998046875,0.28070068359375
1566,4608_4864_3072_3328,MSAVI,65536,36033,7680.0,43713.0,21823.0,good,0.5498199462890625,0.1171875,0.3329925537109375
1567,4608_4864_3328_3584,MSAVI,65536,38568,3115.0,41683.0,23853.0,good,0.5885009765625,0.0475311279296875,0.3639678955078125
1568,4608_4864_3584_3840,MSAVI,65536,37983,13239.0,51222.0,14314.0,good,0.5795745849609375,0.2020111083984375,0.218414306640625
1569,4608_4864_3840_4096,MSAVI,65536,36995,15520.0,52515.0,13021.0,good,0.5644989013671875,0.23681640625,0.1986846923828125
1570,4608_4864_4096_4352,MSAVI,65536,39141,10558.0,49699.0,15837.0,good,0.5972442626953125,0.161102294921875,0.2416534423828125
1571,4608_4864_4352_4608,MSAVI,65536,36706,10235.0,46941.0,18595.0,good,0.560089111328125,0.1561737060546875,0.2837371826171875
1572,4608_4864_4608_4864,MSAVI,65536,28899,2105.0,31004.0,34532.0,good,0.4409637451171875,0.0321197509765625,0.52691650390625
1573,4608_4864_4864_5120,MSAVI,65536,35608,8444.0,44052.0,21484.0,good,0.5433349609375,0.12884521484375,0.32781982421875
1574,4608_4864_5120_5376,MSAVI,65536,39357,5849.0,45206.0,20330.0,good,0.6005401611328125,0.0892486572265625,0.310211181640625
1575,4608_4864_5376_5632,MSAVI,65536,37635,5195.0,42830.0,22706.0,good,0.5742645263671875,0.0792694091796875,0.346466064453125
1576,4608_4864_5632_5888,MSAVI,65536,32016,10620.0,42636.0,22900.0,good,0.488525390625,0.16204833984375,0.34942626953125
1577,4608_4864_5888_6144,MSAVI,65536,35847,20354.0,56201.0,9335.0,good,0.5469818115234375,0.310577392578125,0.1424407958984375
1578,4608_4864_6144_6400,MSAVI,65536,43419,6846.0,50265.0,15271.0,good,0.6625213623046875,0.104461669921875,0.2330169677734375
1579,4608_4864_6400_6656,MSAVI,65536,38124,11988.0,50112.0,15424.0,good,0.58172607421875,0.18292236328125,0.2353515625
1580,4608_4864_6656_6912,MSAVI,65536,31235,33325.0,64560.0,976.0,good,0.4766082763671875,0.5084991455078125,0.014892578125
1581,4608_4864_6912_7168,MSAVI,65536,36160,8269.0,44429.0,21107.0,good,0.5517578125,0.1261749267578125,0.3220672607421875
1582,4608_4864_7168_7424,MSAVI,65536,40989,5569.0,46558.0,18978.0,good,0.6254425048828125,0.0849761962890625,0.289581298828125
1583,4608_4864_7424_7680,MSAVI,65536,39209,5198.0,44407.0,21129.0,good,0.5982818603515625,0.079315185546875,0.3224029541015625
1584,4608_4864_7680_7936,MSAVI,65536,39741,5626.0,45367.0,20169.0,good,0.6063995361328125,0.085845947265625,0.3077545166015625
1585,4608_4864_7936_8192,MSAVI,65536,39468,3341.0,42809.0,22727.0,good,0.60223388671875,0.0509796142578125,0.3467864990234375
1586,4608_4864_8192_8448,MSAVI,65536,34660,3329.0,37989.0,27547.0,good,0.52886962890625,0.0507965087890625,0.4203338623046875
1587,4608_4864_8448_8704,MSAVI,65536,39148,8517.0,47665.0,17871.0,good,0.59735107421875,0.1299591064453125,0.2726898193359375
1588,4608_4864_8704_8960,MSAVI,65536,35866,5918.0,41784.0,23752.0,good,0.547271728515625,0.090301513671875,0.3624267578125
1589,4608_4864_8960_9216,MSAVI,65536,38513,6532.0,45045.0,20491.0,good,0.5876617431640625,0.09967041015625,0.3126678466796875
1590,4608_4864_9216_9472,MSAVI,65536,44276,2674.0,46950.0,18586.0,good,0.67559814453125,0.040802001953125,0.283599853515625
1591,4608_4864_9472_9728,MSAVI,65536,41461,10323.0,51784.0,13752.0,good,0.6326446533203125,0.1575164794921875,0.2098388671875
1592,4608_4864_9728_9984,MSAVI,65536,38778,12296.0,51074.0,14462.0,good,0.591705322265625,0.1876220703125,0.220672607421875
1593,4608_4864_9984_10240,MSAVI,65536,37584,4132.0,41716.0,23820.0,good,0.573486328125,0.06304931640625,0.36346435546875
1594,4608_4864_10240_10496,MSAVI,65536,37886,6479.0,44365.0,21171.0,good,0.578094482421875,0.0988616943359375,0.3230438232421875
1595,4608_4864_10496_10752,MSAVI,65536,34140,9488.0,43628.0,21908.0,good,0.52093505859375,0.144775390625,0.33428955078125
1596,4864_5120_512_768,MSAVI,65536,48142,1166.0,49308.0,16228.0,good,0.734588623046875,0.017791748046875,0.24761962890625
1597,4864_5120_768_1024,MSAVI,65536,46118,4488.0,50606.0,14930.0,good,0.703704833984375,0.0684814453125,0.227813720703125
1598,4864_5120_1024_1280,MSAVI,65536,44818,1614.0,46432.0,19104.0,good,0.683868408203125,0.024627685546875,0.29150390625
1599,4864_5120_1280_1536,MSAVI,65536,42950,3483.0,46433.0,19103.0,good,0.655364990234375,0.0531463623046875,0.2914886474609375
1600,4864_5120_1536_1792,MSAVI,65536,40634,3291.0,43925.0,21611.0,good,0.620025634765625,0.0502166748046875,0.3297576904296875
1601,4864_5120_1792_2048,MSAVI,65536,41139,8610.0,49749.0,15787.0,good,0.6277313232421875,0.131378173828125,0.2408905029296875
1602,4864_5120_2048_2304,MSAVI,65536,39015,11387.0,50402.0,15134.0,good,0.5953216552734375,0.1737518310546875,0.230926513671875
1603,4864_5120_2304_2560,MSAVI,65536,35833,6952.0,42785.0,22751.0,good,0.5467681884765625,0.1060791015625,0.3471527099609375
1604,4864_5120_2560_2816,MSAVI,65536,36062,7044.0,43106.0,22430.0,good,0.550262451171875,0.10748291015625,0.342254638671875
1605,4864_5120_2816_3072,MSAVI,65536,35322,8577.0,43899.0,21637.0,good,0.538970947265625,0.1308746337890625,0.3301544189453125
1606,4864_5120_3072_3328,MSAVI,65536,37068,5853.0,42921.0,22615.0,good,0.56561279296875,0.0893096923828125,0.3450775146484375
1607,4864_5120_3328_3584,MSAVI,65536,36431,7334.0,43765.0,21771.0,good,0.5558929443359375,0.111907958984375,0.3321990966796875
1608,4864_5120_3584_3840,MSAVI,65536,38261,3779.0,42040.0,23496.0,good,0.5838165283203125,0.0576629638671875,0.3585205078125
1609,4864_5120_3840_4096,MSAVI,65536,37681,4815.0,42496.0,23040.0,good,0.5749664306640625,0.0734710693359375,0.3515625
1610,4864_5120_4096_4352,MSAVI,65536,40701,3557.0,44258.0,21278.0,good,0.6210479736328125,0.0542755126953125,0.324676513671875
1611,4864_5120_4352_4608,MSAVI,65536,37859,4296.0,42155.0,23381.0,good,0.5776824951171875,0.0655517578125,0.3567657470703125
1612,4864_5120_4608_4864,MSAVI,65536,39151,5466.0,44617.0,20919.0,good,0.5973968505859375,0.083404541015625,0.3191986083984375
1613,4864_5120_4864_5120,MSAVI,65536,36768,5250.0,42018.0,23518.0,good,0.56103515625,0.080108642578125,0.358856201171875
1614,4864_5120_5120_5376,MSAVI,65536,34467,5506.0,39973.0,25563.0,good,0.5259246826171875,0.084014892578125,0.3900604248046875
1615,4864_5120_5376_5632,MSAVI,65536,39115,3841.0,42956.0,22580.0,good,0.5968475341796875,0.0586090087890625,0.34454345703125
1616,4864_5120_5632_5888,MSAVI,65536,38922,9958.0,48880.0,16656.0,good,0.593902587890625,0.151947021484375,0.254150390625
1617,4864_5120_5888_6144,MSAVI,65536,37838,10283.0,48121.0,17415.0,good,0.577362060546875,0.1569061279296875,0.2657318115234375
1618,4864_5120_6144_6400,MSAVI,65536,33993,6703.0,40696.0,24840.0,good,0.5186920166015625,0.1022796630859375,0.3790283203125
1619,4864_5120_6400_6656,MSAVI,65536,34858,18145.0,53003.0,12533.0,good,0.531890869140625,0.2768707275390625,0.1912384033203125
1620,4864_5120_6656_6912,MSAVI,65536,32459,9392.0,41851.0,23685.0,good,0.4952850341796875,0.143310546875,0.3614044189453125
1621,4864_5120_6912_7168,MSAVI,65536,39602,12353.0,51955.0,13581.0,good,0.604278564453125,0.1884918212890625,0.2072296142578125
1622,4864_5120_7168_7424,MSAVI,65536,43447,2367.0,45814.0,19722.0,good,0.6629486083984375,0.0361175537109375,0.300933837890625
1623,4864_5120_7424_7680,MSAVI,65536,41522,9681.0,51203.0,14333.0,good,0.633575439453125,0.1477203369140625,0.2187042236328125
1624,4864_5120_7680_7936,MSAVI,65536,42173,10669.0,52842.0,12694.0,good,0.6435089111328125,0.1627960205078125,0.193695068359375
1625,4864_5120_7936_8192,MSAVI,65536,32129,7116.0,39245.0,26291.0,good,0.4902496337890625,0.10858154296875,0.4011688232421875
1626,4864_5120_8192_8448,MSAVI,65536,36048,8206.0,44254.0,21282.0,good,0.550048828125,0.125213623046875,0.324737548828125
1627,4864_5120_8448_8704,MSAVI,65536,35155,8684.0,43839.0,21697.0,good,0.5364227294921875,0.13250732421875,0.3310699462890625
1628,4864_5120_8704_8960,MSAVI,65536,40943,11862.0,52805.0,12731.0,good,0.6247406005859375,0.180999755859375,0.1942596435546875
1629,4864_5120_8960_9216,MSAVI,65536,36059,12086.0,48145.0,17391.0,good,0.5502166748046875,0.184417724609375,0.2653656005859375
1630,4864_5120_9216_9472,MSAVI,65536,38387,6700.0,45087.0,20449.0,good,0.5857391357421875,0.10223388671875,0.3120269775390625
1631,4864_5120_9472_9728,MSAVI,65536,36783,11492.0,48275.0,17261.0,good,0.5612640380859375,0.17535400390625,0.2633819580078125
1632,4864_5120_9728_9984,MSAVI,65536,38603,4521.0,43124.0,22412.0,good,0.5890350341796875,0.0689849853515625,0.34197998046875
1633,4864_5120_9984_10240,MSAVI,65536,39422,4221.0,43643.0,21893.0,good,0.601531982421875,0.0644073486328125,0.3340606689453125
1634,4864_5120_10240_10496,MSAVI,65536,36143,7453.0,43596.0,21940.0,good,0.5514984130859375,0.1137237548828125,0.33477783203125
1635,4864_5120_10496_10752,MSAVI,65536,35902,7460.0,43362.0,22174.0,good,0.547821044921875,0.11383056640625,0.338348388671875
1636,5120_5376_512_768,MSAVI,65536,42780,3888.0,46668.0,18868.0,good,0.65277099609375,0.059326171875,0.28790283203125
1637,5120_5376_768_1024,MSAVI,65536,41025,6845.0,47870.0,17666.0,good,0.6259918212890625,0.1044464111328125,0.269561767578125
1638,5120_5376_1024_1280,MSAVI,65536,41955,4096.0,46051.0,19485.0,good,0.6401824951171875,0.0625,0.2973175048828125
1639,5120_5376_1280_1536,MSAVI,65536,48783,3123.0,51906.0,13630.0,good,0.7443695068359375,0.0476531982421875,0.207977294921875
1640,5120_5376_1536_1792,MSAVI,65536,33728,26397.0,60125.0,5411.0,good,0.5146484375,0.4027862548828125,0.0825653076171875
1641,5120_5376_1792_2048,MSAVI,65536,41564,6233.0,47797.0,17739.0,good,0.63421630859375,0.0951080322265625,0.2706756591796875
1642,5120_5376_2048_2304,MSAVI,65536,35108,10451.0,45559.0,19977.0,good,0.53570556640625,0.1594696044921875,0.3048248291015625
1643,5120_5376_2304_2560,MSAVI,65536,38368,6263.0,44631.0,20905.0,good,0.58544921875,0.0955657958984375,0.3189849853515625
1644,5120_5376_2560_2816,MSAVI,65536,40078,2546.0,42624.0,22912.0,good,0.611541748046875,0.038848876953125,0.349609375
1645,5120_5376_2816_3072,MSAVI,65536,40346,5141.0,45487.0,20049.0,good,0.615631103515625,0.0784454345703125,0.3059234619140625
1646,5120_5376_3072_3328,MSAVI,65536,40016,1170.0,41186.0,24350.0,good,0.610595703125,0.017852783203125,0.371551513671875
1647,5120_5376_3328_3584,MSAVI,65536,43304,749.0,44053.0,21483.0,good,0.6607666015625,0.0114288330078125,0.3278045654296875
1648,5120_5376_3584_3840,MSAVI,65536,41135,4277.0,45412.0,20124.0,good,0.6276702880859375,0.0652618408203125,0.30706787109375
1649,5120_5376_3840_4096,MSAVI,65536,40819,3844.0,44663.0,20873.0,good,0.6228485107421875,0.05865478515625,0.3184967041015625
1650,5120_5376_4096_4352,MSAVI,65536,36616,8042.0,44658.0,20878.0,good,0.5587158203125,0.122711181640625,0.318572998046875
1651,5120_5376_4352_4608,MSAVI,65536,43036,5241.0,48277.0,17259.0,good,0.65667724609375,0.0799713134765625,0.2633514404296875
1652,5120_5376_4608_4864,MSAVI,65536,38398,9149.0,47547.0,17989.0,good,0.585906982421875,0.1396026611328125,0.2744903564453125
1653,5120_5376_4864_5120,MSAVI,65536,38707,2621.0,41328.0,24208.0,good,0.5906219482421875,0.0399932861328125,0.369384765625
1654,5120_5376_5120_5376,MSAVI,65536,38721,3363.0,42084.0,23452.0,good,0.5908355712890625,0.0513153076171875,0.35784912109375
1655,5120_5376_5376_5632,MSAVI,65536,36889,9439.0,46328.0,19208.0,good,0.5628814697265625,0.1440277099609375,0.2930908203125
1656,5120_5376_5632_5888,MSAVI,65536,38105,7128.0,45233.0,20303.0,good,0.5814361572265625,0.1087646484375,0.3097991943359375
1657,5120_5376_5888_6144,MSAVI,65536,37645,7570.0,45215.0,20321.0,good,0.5744171142578125,0.115509033203125,0.3100738525390625
1658,5120_5376_6144_6400,MSAVI,65536,35455,13592.0,49047.0,16489.0,good,0.5410003662109375,0.2073974609375,0.2516021728515625
1659,5120_5376_6400_6656,MSAVI,65536,36421,16786.0,53207.0,12329.0,good,0.5557403564453125,0.256134033203125,0.1881256103515625
1660,5120_5376_6656_6912,MSAVI,65536,32764,11457.0,44221.0,21315.0,good,0.49993896484375,0.1748199462890625,0.3252410888671875
1661,5120_5376_6912_7168,MSAVI,65536,42934,10900.0,53834.0,11702.0,good,0.655120849609375,0.16632080078125,0.178558349609375
1662,5120_5376_7168_7424,MSAVI,65536,41968,5095.0,47063.0,18473.0,good,0.640380859375,0.0777435302734375,0.2818756103515625
1663,5120_5376_7424_7680,MSAVI,65536,37872,6634.0,44506.0,21030.0,good,0.577880859375,0.101226806640625,0.320892333984375
1664,5120_5376_7680_7936,MSAVI,65536,35314,9712.0,45026.0,20510.0,good,0.538848876953125,0.148193359375,0.312957763671875
1665,5120_5376_7936_8192,MSAVI,65536,33452,8899.0,42351.0,23185.0,good,0.51043701171875,0.1357879638671875,0.3537750244140625
1666,5120_5376_8192_8448,MSAVI,65536,43104,14585.0,57689.0,7847.0,good,0.65771484375,0.2225494384765625,0.1197357177734375
1667,5120_5376_8448_8704,MSAVI,65536,36098,7151.0,43249.0,22287.0,good,0.550811767578125,0.1091156005859375,0.3400726318359375
1668,5120_5376_8704_8960,MSAVI,65536,33604,11626.0,45230.0,20306.0,good,0.51275634765625,0.177398681640625,0.309844970703125
1669,5120_5376_8960_9216,MSAVI,65536,37418,3467.0,40885.0,24651.0,good,0.570953369140625,0.0529022216796875,0.3761444091796875
1670,5120_5376_9216_9472,MSAVI,65536,37913,5243.0,43156.0,22380.0,good,0.5785064697265625,0.0800018310546875,0.34149169921875
1671,5120_5376_9472_9728,MSAVI,65536,36739,5383.0,42122.0,23414.0,good,0.5605926513671875,0.0821380615234375,0.357269287109375
1672,5120_5376_9728_9984,MSAVI,65536,39342,2731.0,42073.0,23463.0,good,0.600311279296875,0.0416717529296875,0.3580169677734375
1673,5120_5376_9984_10240,MSAVI,65536,42657,5279.0,47936.0,17600.0,good,0.6508941650390625,0.0805511474609375,0.2685546875
1674,5120_5376_10240_10496,MSAVI,65536,39638,14460.0,54098.0,11438.0,good,0.604827880859375,0.22064208984375,0.174530029296875
1675,5120_5376_10496_10752,MSAVI,65536,37756,3308.0,41064.0,24472.0,good,0.57611083984375,0.05047607421875,0.3734130859375
1676,5376_5632_512_768,MSAVI,65536,40683,8706.0,49389.0,16147.0,good,0.6207733154296875,0.132843017578125,0.2463836669921875
1677,5376_5632_768_1024,MSAVI,65536,43562,3863.0,47425.0,18111.0,good,0.664703369140625,0.0589447021484375,0.2763519287109375
1678,5376_5632_1024_1280,MSAVI,65536,45838,2082.0,47920.0,17616.0,good,0.699432373046875,0.031768798828125,0.268798828125
1679,5376_5632_1280_1536,MSAVI,65536,47445,4293.0,51738.0,13798.0,good,0.7239532470703125,0.0655059814453125,0.210540771484375
1680,5376_5632_1536_1792,MSAVI,65536,43204,2950.0,46154.0,19382.0,good,0.65924072265625,0.045013427734375,0.295745849609375
1681,5376_5632_1792_2048,MSAVI,65536,42150,864.0,43014.0,22522.0,good,0.643157958984375,0.01318359375,0.343658447265625
1682,5376_5632_2048_2304,MSAVI,65536,42252,1455.0,43707.0,21829.0,good,0.64471435546875,0.0222015380859375,0.3330841064453125
1683,5376_5632_2304_2560,MSAVI,65536,41949,1493.0,43442.0,22094.0,good,0.6400909423828125,0.0227813720703125,0.337127685546875
1684,5376_5632_2560_2816,MSAVI,65536,43506,2340.0,45846.0,19690.0,good,0.663848876953125,0.03570556640625,0.300445556640625
1685,5376_5632_2816_3072,MSAVI,65536,44388,1627.0,46015.0,19521.0,good,0.67730712890625,0.0248260498046875,0.2978668212890625
1686,5376_5632_3072_3328,MSAVI,65536,42314,2504.0,44818.0,20718.0,good,0.645660400390625,0.0382080078125,0.316131591796875
1687,5376_5632_3328_3584,MSAVI,65536,41297,853.0,42150.0,23386.0,good,0.6301422119140625,0.0130157470703125,0.356842041015625
1688,5376_5632_3584_3840,MSAVI,65536,36477,9377.0,45854.0,19682.0,good,0.5565948486328125,0.1430816650390625,0.300323486328125
1689,5376_5632_3840_4096,MSAVI,65536,36081,17176.0,53257.0,12279.0,good,0.5505523681640625,0.2620849609375,0.1873626708984375
1690,5376_5632_4096_4352,MSAVI,65536,37285,11575.0,48860.0,16676.0,good,0.5689239501953125,0.1766204833984375,0.25445556640625
1691,5376_5632_4352_4608,MSAVI,65536,36323,9455.0,45778.0,19758.0,good,0.5542449951171875,0.1442718505859375,0.301483154296875
1692,5376_5632_4608_4864,MSAVI,65536,35758,9663.0,45421.0,20115.0,good,0.545623779296875,0.1474456787109375,0.3069305419921875
1693,5376_5632_4864_5120,MSAVI,65536,29223,417.0,29640.0,35896.0,good,0.4459075927734375,0.0063629150390625,0.5477294921875
1694,5376_5632_5120_5376,MSAVI,65536,27120,2769.0,29889.0,35647.0,good,0.413818359375,0.0422515869140625,0.5439300537109375
1695,5376_5632_5376_5632,MSAVI,65536,38076,10048.0,48124.0,17412.0,good,0.58099365234375,0.1533203125,0.26568603515625
1696,5376_5632_5632_5888,MSAVI,65536,44416,13535.0,57951.0,7585.0,good,0.677734375,0.2065277099609375,0.1157379150390625
1697,5376_5632_5888_6144,MSAVI,65536,41568,10586.0,52154.0,13382.0,good,0.63427734375,0.161529541015625,0.204193115234375
1698,5376_5632_6144_6400,MSAVI,65536,35843,10069.0,45912.0,19624.0,good,0.5469207763671875,0.1536407470703125,0.2994384765625
1699,5376_5632_6400_6656,MSAVI,65536,35796,18356.0,54152.0,11384.0,good,0.54620361328125,0.28009033203125,0.1737060546875
1700,5376_5632_6656_6912,MSAVI,65536,35635,9524.0,45159.0,20377.0,good,0.5437469482421875,0.14532470703125,0.3109283447265625
1701,5376_5632_6912_7168,MSAVI,65536,39816,11251.0,51067.0,14469.0,good,0.6075439453125,0.1716766357421875,0.2207794189453125
1702,5376_5632_7168_7424,MSAVI,65536,34254,15411.0,49665.0,15871.0,good,0.522674560546875,0.2351531982421875,0.2421722412109375
1703,5376_5632_7424_7680,MSAVI,65536,39723,10936.0,50659.0,14877.0,good,0.6061248779296875,0.1668701171875,0.2270050048828125
1704,5376_5632_7680_7936,MSAVI,65536,35844,3006.0,38850.0,26686.0,good,0.54693603515625,0.045867919921875,0.407196044921875
1705,5376_5632_7936_8192,MSAVI,65536,34463,4957.0,39420.0,26116.0,good,0.5258636474609375,0.0756378173828125,0.39849853515625
1706,5376_5632_8192_8448,MSAVI,65536,33574,5020.0,38594.0,26942.0,good,0.512298583984375,0.07659912109375,0.411102294921875
1707,5376_5632_8448_8704,MSAVI,65536,36600,769.0,37369.0,28167.0,good,0.5584716796875,0.0117340087890625,0.4297943115234375
1708,5376_5632_8704_8960,MSAVI,65536,37017,2627.0,39644.0,25892.0,good,0.5648345947265625,0.0400848388671875,0.39508056640625
1709,5376_5632_8960_9216,MSAVI,65536,35259,5645.0,40904.0,24632.0,good,0.5380096435546875,0.0861358642578125,0.3758544921875
1710,5376_5632_9216_9472,MSAVI,65536,37042,18945.0,55987.0,9549.0,good,0.565216064453125,0.2890777587890625,0.1457061767578125
1711,5376_5632_9472_9728,MSAVI,65536,35450,4531.0,39981.0,25555.0,good,0.540924072265625,0.0691375732421875,0.3899383544921875
1712,5376_5632_9728_9984,MSAVI,65536,33791,5488.0,39279.0,26257.0,good,0.5156097412109375,0.083740234375,0.4006500244140625
1713,5376_5632_9984_10240,MSAVI,65536,39202,4200.0,43402.0,22134.0,good,0.598175048828125,0.0640869140625,0.337738037109375
1714,5376_5632_10240_10496,MSAVI,65536,40631,4948.0,45579.0,19957.0,good,0.6199798583984375,0.07550048828125,0.3045196533203125
1715,5376_5632_10496_10752,MSAVI,65536,37576,2715.0,40291.0,25245.0,good,0.5733642578125,0.0414276123046875,0.3852081298828125
1716,5632_5888_512_768,MSAVI,65536,48075,2804.0,50879.0,14657.0,good,0.7335662841796875,0.04278564453125,0.2236480712890625
1717,5632_5888_768_1024,MSAVI,65536,45246,2375.0,47621.0,17915.0,good,0.690399169921875,0.0362396240234375,0.2733612060546875
1718,5632_5888_1024_1280,MSAVI,65536,45623,1962.0,47585.0,17951.0,good,0.6961517333984375,0.029937744140625,0.2739105224609375
1719,5632_5888_1280_1536,MSAVI,65536,44412,2536.0,46948.0,18588.0,good,0.67767333984375,0.0386962890625,0.28363037109375
1720,5632_5888_1536_1792,MSAVI,65536,41663,3121.0,44784.0,20752.0,good,0.6357269287109375,0.0476226806640625,0.316650390625
1721,5632_5888_1792_2048,MSAVI,65536,44573,727.0,45300.0,20236.0,good,0.6801300048828125,0.0110931396484375,0.30877685546875
1722,5632_5888_2048_2304,MSAVI,65536,41754,3656.0,45410.0,20126.0,good,0.637115478515625,0.0557861328125,0.307098388671875
1723,5632_5888_2304_2560,MSAVI,65536,45112,967.0,46079.0,19457.0,good,0.6883544921875,0.0147552490234375,0.2968902587890625
1724,5632_5888_2560_2816,MSAVI,65536,46197,1252.0,47449.0,18087.0,good,0.7049102783203125,0.01910400390625,0.2759857177734375
1725,5632_5888_2816_3072,MSAVI,65536,41854,5152.0,47006.0,18530.0,good,0.638641357421875,0.07861328125,0.282745361328125
1726,5632_5888_3072_3328,MSAVI,65536,43480,2742.0,46222.0,19314.0,good,0.6634521484375,0.041839599609375,0.294708251953125
1727,5632_5888_3328_3584,MSAVI,65536,43737,4743.0,48480.0,17056.0,good,0.6673736572265625,0.0723724365234375,0.26025390625
1728,5632_5888_3584_3840,MSAVI,65536,38430,4553.0,42983.0,22553.0,good,0.586395263671875,0.0694732666015625,0.3441314697265625
1729,5632_5888_3840_4096,MSAVI,65536,28675,1519.0,30194.0,35342.0,good,0.4375457763671875,0.0231781005859375,0.539276123046875
1730,5632_5888_4096_4352,MSAVI,65536,36298,9097.0,45395.0,20141.0,good,0.553863525390625,0.1388092041015625,0.3073272705078125
1731,5632_5888_4352_4608,MSAVI,65536,38091,6197.0,44288.0,21248.0,good,0.5812225341796875,0.0945587158203125,0.32421875
1732,5632_5888_4608_4864,MSAVI,65536,32451,9571.0,42022.0,23514.0,good,0.4951629638671875,0.1460418701171875,0.358795166015625
1733,5632_5888_4864_5120,MSAVI,65536,29850,30201.0,60051.0,5485.0,good,0.455474853515625,0.4608306884765625,0.0836944580078125
1734,5632_5888_5120_5376,MSAVI,65536,30765,4798.0,35563.0,29973.0,good,0.4694366455078125,0.073211669921875,0.4573516845703125
1735,5632_5888_5376_5632,MSAVI,65536,35502,11201.0,46703.0,18833.0,good,0.541717529296875,0.1709136962890625,0.2873687744140625
1736,5632_5888_5632_5888,MSAVI,65536,34703,10083.0,44786.0,20750.0,good,0.5295257568359375,0.1538543701171875,0.316619873046875
1737,5632_5888_5888_6144,MSAVI,65536,35499,9226.0,44725.0,20811.0,good,0.5416717529296875,0.140777587890625,0.3175506591796875
1738,5632_5888_6144_6400,MSAVI,65536,37416,7959.0,45375.0,20161.0,good,0.5709228515625,0.1214447021484375,0.3076324462890625
1739,5632_5888_6400_6656,MSAVI,65536,35739,11014.0,46753.0,18783.0,good,0.5453338623046875,0.168060302734375,0.2866058349609375
1740,5632_5888_6656_6912,MSAVI,65536,39880,6561.0,46441.0,19095.0,good,0.6085205078125,0.1001129150390625,0.2913665771484375
1741,5632_5888_6912_7168,MSAVI,65536,34075,4348.0,38423.0,27113.0,good,0.5199432373046875,0.06634521484375,0.4137115478515625
1742,5632_5888_7168_7424,MSAVI,65536,41341,10126.0,51467.0,14069.0,good,0.6308135986328125,0.154510498046875,0.2146759033203125
1743,5632_5888_7424_7680,MSAVI,65536,40409,3200.0,43609.0,21927.0,good,0.6165924072265625,0.048828125,0.3345794677734375
1744,5632_5888_7680_7936,MSAVI,65536,39288,6994.0,46282.0,19254.0,good,0.5994873046875,0.106719970703125,0.293792724609375
1745,5632_5888_7936_8192,MSAVI,65536,38848,2154.0,41002.0,24534.0,good,0.5927734375,0.032867431640625,0.374359130859375
1746,5632_5888_8192_8448,MSAVI,65536,34980,5070.0,40050.0,25486.0,good,0.53375244140625,0.077362060546875,0.388885498046875
1747,5632_5888_8448_8704,MSAVI,65536,38736,2546.0,41282.0,24254.0,good,0.591064453125,0.038848876953125,0.370086669921875
1748,5632_5888_8704_8960,MSAVI,65536,40394,6614.0,47008.0,18528.0,good,0.616363525390625,0.100921630859375,0.28271484375
1749,5632_5888_8960_9216,MSAVI,65536,36441,3957.0,40398.0,25138.0,good,0.5560455322265625,0.0603790283203125,0.383575439453125
1750,5632_5888_9216_9472,MSAVI,65536,39033,15088.0,54121.0,11415.0,good,0.5955963134765625,0.230224609375,0.1741790771484375
1751,5632_5888_9472_9728,MSAVI,65536,37314,5374.0,42688.0,22848.0,good,0.569366455078125,0.082000732421875,0.3486328125
1752,5632_5888_9728_9984,MSAVI,65536,39446,8758.0,48204.0,17332.0,good,0.601898193359375,0.133636474609375,0.26446533203125
1753,5632_5888_9984_10240,MSAVI,65536,35495,13864.0,49359.0,16177.0,good,0.5416107177734375,0.2115478515625,0.2468414306640625
1754,5632_5888_10240_10496,MSAVI,65536,35331,11350.0,46681.0,18855.0,good,0.5391082763671875,0.173187255859375,0.2877044677734375
1755,5632_5888_10496_10752,MSAVI,65536,44038,10234.0,54272.0,11264.0,good,0.671966552734375,0.156158447265625,0.171875
1756,5888_6144_512_768,MSAVI,65536,46716,1282.0,47998.0,17538.0,good,0.71282958984375,0.019561767578125,0.267608642578125
1757,5888_6144_768_1024,MSAVI,65536,41659,8330.0,49989.0,15547.0,good,0.6356658935546875,0.127105712890625,0.2372283935546875
1758,5888_6144_1024_1280,MSAVI,65536,43710,10724.0,54434.0,11102.0,good,0.666961669921875,0.16363525390625,0.169403076171875
1759,5888_6144_1280_1536,MSAVI,65536,45352,2079.0,47431.0,18105.0,good,0.6920166015625,0.0317230224609375,0.2762603759765625
1760,5888_6144_1536_1792,MSAVI,65536,44235,350.0,44585.0,20951.0,good,0.6749725341796875,0.005340576171875,0.3196868896484375
1761,5888_6144_1792_2048,MSAVI,65536,43583,2404.0,45987.0,19549.0,good,0.6650238037109375,0.03668212890625,0.2982940673828125
1762,5888_6144_2048_2304,MSAVI,65536,42606,6368.0,48974.0,16562.0,good,0.650115966796875,0.09716796875,0.252716064453125
1763,5888_6144_2304_2560,MSAVI,65536,41024,2918.0,43942.0,21594.0,good,0.6259765625,0.044525146484375,0.329498291015625
1764,5888_6144_2560_2816,MSAVI,65536,44261,7212.0,51473.0,14063.0,good,0.6753692626953125,0.11004638671875,0.2145843505859375
1765,5888_6144_2816_3072,MSAVI,65536,36844,19977.0,56821.0,8715.0,good,0.56219482421875,0.3048248291015625,0.1329803466796875
1766,5888_6144_3072_3328,MSAVI,65536,36323,16785.0,53108.0,12428.0,good,0.5542449951171875,0.2561187744140625,0.18963623046875
1767,5888_6144_3328_3584,MSAVI,65536,33009,17958.0,50967.0,14569.0,good,0.5036773681640625,0.274017333984375,0.2223052978515625
1768,5888_6144_3584_3840,MSAVI,65536,38508,11247.0,49755.0,15781.0,good,0.58758544921875,0.1716156005859375,0.2407989501953125
1769,5888_6144_3840_4096,MSAVI,65536,39366,7433.0,46799.0,18737.0,good,0.600677490234375,0.1134185791015625,0.2859039306640625
1770,5888_6144_4096_4352,MSAVI,65536,43835,5932.0,49767.0,15769.0,good,0.6688690185546875,0.09051513671875,0.2406158447265625
1771,5888_6144_4352_4608,MSAVI,65536,47664,3267.0,50931.0,14605.0,good,0.727294921875,0.0498504638671875,0.2228546142578125
1772,5888_6144_4608_4864,MSAVI,65536,36763,6087.0,42850.0,22686.0,good,0.5609588623046875,0.0928802490234375,0.346160888671875
1773,5888_6144_4864_5120,MSAVI,65536,37059,10406.0,47465.0,18071.0,good,0.5654754638671875,0.158782958984375,0.2757415771484375
1774,5888_6144_5120_5376,MSAVI,65536,40299,9059.0,49358.0,16178.0,good,0.6149139404296875,0.1382293701171875,0.246856689453125
1775,5888_6144_5376_5632,MSAVI,65536,42257,2136.0,44393.0,21143.0,good,0.6447906494140625,0.0325927734375,0.3226165771484375
1776,5888_6144_5632_5888,MSAVI,65536,38560,4714.0,43274.0,22262.0,good,0.58837890625,0.071929931640625,0.339691162109375
1777,5888_6144_5888_6144,MSAVI,65536,34691,8265.0,42956.0,22580.0,good,0.5293426513671875,0.1261138916015625,0.34454345703125
1778,5888_6144_6144_6400,MSAVI,65536,34993,8001.0,42994.0,22542.0,good,0.5339508056640625,0.1220855712890625,0.343963623046875
1779,5888_6144_6400_6656,MSAVI,65536,41671,4065.0,45736.0,19800.0,good,0.6358489990234375,0.0620269775390625,0.3021240234375
1780,5888_6144_6656_6912,MSAVI,65536,37515,13469.0,50984.0,14552.0,good,0.5724334716796875,0.2055206298828125,0.2220458984375
1781,5888_6144_6912_7168,MSAVI,65536,38253,9623.0,47876.0,17660.0,good,0.5836944580078125,0.1468353271484375,0.26947021484375
1782,5888_6144_7168_7424,MSAVI,65536,36948,6850.0,43798.0,21738.0,good,0.56378173828125,0.104522705078125,0.331695556640625
1783,5888_6144_7424_7680,MSAVI,65536,42564,7089.0,49653.0,15883.0,good,0.64947509765625,0.1081695556640625,0.2423553466796875
1784,5888_6144_7680_7936,MSAVI,65536,42231,6384.0,48615.0,16921.0,good,0.6443939208984375,0.097412109375,0.2581939697265625
1785,5888_6144_7936_8192,MSAVI,65536,39290,3557.0,42847.0,22689.0,good,0.599517822265625,0.0542755126953125,0.3462066650390625
1786,5888_6144_8192_8448,MSAVI,65536,40636,4227.0,44863.0,20673.0,good,0.62005615234375,0.0644989013671875,0.3154449462890625
1787,5888_6144_8448_8704,MSAVI,65536,39014,2786.0,41800.0,23736.0,good,0.595306396484375,0.042510986328125,0.3621826171875
1788,5888_6144_8704_8960,MSAVI,65536,37258,11583.0,48841.0,16695.0,good,0.568511962890625,0.1767425537109375,0.2547454833984375
1789,5888_6144_8960_9216,MSAVI,65536,35029,7718.0,42747.0,22789.0,good,0.5345001220703125,0.117767333984375,0.3477325439453125
1790,5888_6144_9216_9472,MSAVI,65536,36523,6316.0,42839.0,22697.0,good,0.5572967529296875,0.09637451171875,0.3463287353515625
1791,5888_6144_9472_9728,MSAVI,65536,35706,12991.0,48697.0,16839.0,good,0.544830322265625,0.1982269287109375,0.2569427490234375
1792,5888_6144_9728_9984,MSAVI,65536,43403,15468.0,58871.0,6665.0,good,0.6622772216796875,0.23602294921875,0.1016998291015625
1793,5888_6144_9984_10240,MSAVI,65536,40080,15103.0,55183.0,10353.0,good,0.611572265625,0.2304534912109375,0.1579742431640625
1794,5888_6144_10240_10496,MSAVI,65536,34404,12812.0,47216.0,18320.0,good,0.52496337890625,0.19549560546875,0.279541015625
1795,5888_6144_10496_10752,MSAVI,65536,37812,14503.0,52315.0,13221.0,good,0.57696533203125,0.2212982177734375,0.2017364501953125
1796,6144_6400_512_768,MSAVI,65536,43512,6143.0,49655.0,15881.0,good,0.6639404296875,0.0937347412109375,0.2423248291015625
1797,6144_6400_768_1024,MSAVI,65536,32557,20415.0,52972.0,12564.0,good,0.4967803955078125,0.3115081787109375,0.19171142578125
1798,6144_6400_1024_1280,MSAVI,65536,32829,28236.0,61065.0,4471.0,good,0.5009307861328125,0.43084716796875,0.0682220458984375
1799,6144_6400_1280_1536,MSAVI,65536,42733,6449.0,49182.0,16354.0,good,0.6520538330078125,0.0984039306640625,0.249542236328125
1800,6144_6400_1536_1792,MSAVI,65536,39277,10617.0,49894.0,15642.0,good,0.5993194580078125,0.1620025634765625,0.238677978515625
1801,6144_6400_1792_2048,MSAVI,65536,45145,7799.0,52944.0,12592.0,good,0.6888580322265625,0.1190032958984375,0.192138671875
1802,6144_6400_2048_2304,MSAVI,65536,42990,5718.0,48708.0,16828.0,good,0.655975341796875,0.087249755859375,0.25677490234375
1803,6144_6400_2304_2560,MSAVI,65536,44609,4212.0,48821.0,16715.0,good,0.6806793212890625,0.06427001953125,0.2550506591796875
1804,6144_6400_2560_2816,MSAVI,65536,42874,4192.0,47066.0,18470.0,good,0.654205322265625,0.06396484375,0.281829833984375
1805,6144_6400_2816_3072,MSAVI,65536,42661,8608.0,51269.0,14267.0,good,0.6509552001953125,0.13134765625,0.2176971435546875
1806,6144_6400_3072_3328,MSAVI,65536,40776,11937.0,52713.0,12823.0,good,0.6221923828125,0.1821441650390625,0.1956634521484375
1807,6144_6400_3328_3584,MSAVI,65536,37159,9817.0,46976.0,18560.0,good,0.5670013427734375,0.1497955322265625,0.283203125
1808,6144_6400_3584_3840,MSAVI,65536,40548,2913.0,43461.0,22075.0,good,0.61871337890625,0.0444488525390625,0.3368377685546875
1809,6144_6400_3840_4096,MSAVI,65536,43884,1760.0,45644.0,19892.0,good,0.66961669921875,0.02685546875,0.30352783203125
1810,6144_6400_4096_4352,MSAVI,65536,46977,1431.0,48408.0,17128.0,good,0.7168121337890625,0.0218353271484375,0.2613525390625
1811,6144_6400_4352_4608,MSAVI,65536,44770,1825.0,46595.0,18941.0,good,0.683135986328125,0.0278472900390625,0.2890167236328125
1812,6144_6400_4608_4864,MSAVI,65536,37896,14285.0,52181.0,13355.0,good,0.5782470703125,0.2179718017578125,0.2037811279296875
1813,6144_6400_4864_5120,MSAVI,65536,40969,2832.0,43801.0,21735.0,good,0.6251373291015625,0.043212890625,0.3316497802734375
1814,6144_6400_5120_5376,MSAVI,65536,37429,9795.0,47224.0,18312.0,good,0.5711212158203125,0.1494598388671875,0.2794189453125
1815,6144_6400_5376_5632,MSAVI,65536,37586,5493.0,43079.0,22457.0,good,0.573516845703125,0.0838165283203125,0.3426666259765625
1816,6144_6400_5632_5888,MSAVI,65536,40840,3050.0,43890.0,21646.0,good,0.6231689453125,0.046539306640625,0.330291748046875
1817,6144_6400_5888_6144,MSAVI,65536,40760,4455.0,45215.0,20321.0,good,0.6219482421875,0.0679779052734375,0.3100738525390625
1818,6144_6400_6144_6400,MSAVI,65536,39151,6488.0,45639.0,19897.0,good,0.5973968505859375,0.0989990234375,0.3036041259765625
1819,6144_6400_6400_6656,MSAVI,65536,38512,4590.0,43102.0,22434.0,good,0.587646484375,0.070037841796875,0.342315673828125
1820,6144_6400_6656_6912,MSAVI,65536,44441,5268.0,49709.0,15827.0,good,0.6781158447265625,0.08038330078125,0.2415008544921875
1821,6144_6400_6912_7168,MSAVI,65536,41317,9612.0,50929.0,14607.0,good,0.6304473876953125,0.14666748046875,0.2228851318359375
1822,6144_6400_7168_7424,MSAVI,65536,37247,14408.0,51655.0,13881.0,good,0.5683441162109375,0.2198486328125,0.2118072509765625
1823,6144_6400_7424_7680,MSAVI,65536,34233,11079.0,45312.0,20224.0,good,0.5223541259765625,0.1690521240234375,0.30859375
1824,6144_6400_7680_7936,MSAVI,65536,36424,11543.0,47967.0,17569.0,good,0.5557861328125,0.1761322021484375,0.2680816650390625
1825,6144_6400_7936_8192,MSAVI,65536,37964,11115.0,49079.0,16457.0,good,0.57928466796875,0.1696014404296875,0.2511138916015625
1826,6144_6400_8192_8448,MSAVI,65536,42126,11627.0,53753.0,11783.0,good,0.642791748046875,0.1774139404296875,0.1797943115234375
1827,6144_6400_8448_8704,MSAVI,65536,37429,6004.0,43433.0,22103.0,good,0.5711212158203125,0.09161376953125,0.3372650146484375
1828,6144_6400_8704_8960,MSAVI,65536,37948,4812.0,42760.0,22776.0,good,0.57904052734375,0.07342529296875,0.3475341796875
1829,6144_6400_8960_9216,MSAVI,65536,36823,8586.0,45409.0,20127.0,good,0.5618743896484375,0.131011962890625,0.3071136474609375
1830,6144_6400_9216_9472,MSAVI,65536,35048,5842.0,40890.0,24646.0,good,0.5347900390625,0.089141845703125,0.376068115234375
1831,6144_6400_9472_9728,MSAVI,65536,40448,4098.0,44546.0,20990.0,good,0.6171875,0.062530517578125,0.320281982421875
1832,6144_6400_9728_9984,MSAVI,65536,47997,8077.0,56074.0,9462.0,good,0.7323760986328125,0.1232452392578125,0.144378662109375
1833,6144_6400_9984_10240,MSAVI,65536,38628,11048.0,49676.0,15860.0,good,0.58941650390625,0.1685791015625,0.24200439453125
1834,6144_6400_10240_10496,MSAVI,65536,36097,6320.0,42417.0,23119.0,good,0.5507965087890625,0.096435546875,0.3527679443359375
1835,6144_6400_10496_10752,MSAVI,65536,31676,10028.0,41704.0,23832.0,good,0.48333740234375,0.15301513671875,0.3636474609375
1836,6400_6656_768_1024,MSAVI,65536,42135,4162.0,46297.0,19239.0,good,0.6429290771484375,0.063507080078125,0.2935638427734375
1837,6400_6656_1024_1280,MSAVI,65536,39998,8389.0,48387.0,17149.0,good,0.610321044921875,0.1280059814453125,0.2616729736328125
1838,6400_6656_1280_1536,MSAVI,65536,39888,8731.0,48619.0,16917.0,good,0.608642578125,0.1332244873046875,0.2581329345703125
1839,6400_6656_1536_1792,MSAVI,65536,36842,19304.0,56146.0,9390.0,good,0.562164306640625,0.2945556640625,0.143280029296875
1840,6400_6656_1792_2048,MSAVI,65536,29969,22924.0,52893.0,12643.0,good,0.4572906494140625,0.34979248046875,0.1929168701171875
1841,6400_6656_2048_2304,MSAVI,65536,29272,22366.0,51638.0,13898.0,good,0.4466552734375,0.341278076171875,0.212066650390625
1842,6400_6656_2304_2560,MSAVI,65536,42972,2564.0,45536.0,20000.0,good,0.65570068359375,0.03912353515625,0.30517578125
1843,6400_6656_2560_2816,MSAVI,65536,45404,3370.0,48774.0,16762.0,good,0.69281005859375,0.051422119140625,0.255767822265625
1844,6400_6656_2816_3072,MSAVI,65536,42154,5248.0,47402.0,18134.0,good,0.643218994140625,0.080078125,0.276702880859375
1845,6400_6656_3072_3328,MSAVI,65536,46273,2009.0,48282.0,17254.0,good,0.7060699462890625,0.0306549072265625,0.263275146484375
1846,6400_6656_3328_3584,MSAVI,65536,45736,2767.0,48503.0,17033.0,good,0.6978759765625,0.0422210693359375,0.2599029541015625
1847,6400_6656_3584_3840,MSAVI,65536,42913,3317.0,46230.0,19306.0,good,0.6548004150390625,0.0506134033203125,0.294586181640625
1848,6400_6656_3840_4096,MSAVI,65536,44832,2503.0,47335.0,18201.0,good,0.68408203125,0.0381927490234375,0.2777252197265625
1849,6400_6656_4096_4352,MSAVI,65536,45926,3121.0,49047.0,16489.0,good,0.700775146484375,0.0476226806640625,0.2516021728515625
1850,6400_6656_4352_4608,MSAVI,65536,47652,2199.0,49851.0,15685.0,good,0.72711181640625,0.0335540771484375,0.2393341064453125
1851,6400_6656_4608_4864,MSAVI,65536,45670,5774.0,51444.0,14092.0,good,0.696868896484375,0.088104248046875,0.21502685546875
1852,6400_6656_4864_5120,MSAVI,65536,43914,7730.0,51644.0,13892.0,good,0.670074462890625,0.117950439453125,0.21197509765625
1853,6400_6656_5120_5376,MSAVI,65536,38155,7064.0,45219.0,20317.0,good,0.5821990966796875,0.1077880859375,0.3100128173828125
1854,6400_6656_5376_5632,MSAVI,65536,43689,6001.0,49690.0,15846.0,good,0.6666412353515625,0.0915679931640625,0.241790771484375
1855,6400_6656_5632_5888,MSAVI,65536,40161,9493.0,49654.0,15882.0,good,0.6128082275390625,0.1448516845703125,0.242340087890625
1856,6400_6656_5888_6144,MSAVI,65536,39042,9805.0,48847.0,16689.0,good,0.595733642578125,0.1496124267578125,0.2546539306640625
1857,6400_6656_6144_6400,MSAVI,65536,41754,14055.0,55809.0,9727.0,good,0.637115478515625,0.2144622802734375,0.1484222412109375
1858,6400_6656_6400_6656,MSAVI,65536,44412,3558.0,47970.0,17566.0,good,0.67767333984375,0.054290771484375,0.268035888671875
1859,6400_6656_6656_6912,MSAVI,65536,42239,4557.0,46796.0,18740.0,good,0.6445159912109375,0.0695343017578125,0.28594970703125
1860,6400_6656_6912_7168,MSAVI,65536,37831,13279.0,51110.0,14426.0,good,0.5772552490234375,0.2026214599609375,0.220123291015625
1861,6400_6656_7168_7424,MSAVI,65536,37454,11823.0,49277.0,16259.0,good,0.571502685546875,0.1804046630859375,0.2480926513671875
1862,6400_6656_7424_7680,MSAVI,65536,39627,10058.0,49685.0,15851.0,good,0.6046600341796875,0.153472900390625,0.2418670654296875
1863,6400_6656_7680_7936,MSAVI,65536,43073,8117.0,51190.0,14346.0,good,0.6572418212890625,0.1238555908203125,0.218902587890625
1864,6400_6656_7936_8192,MSAVI,65536,36583,10428.0,47011.0,18525.0,good,0.5582122802734375,0.15911865234375,0.2826690673828125
1865,6400_6656_8192_8448,MSAVI,65536,38926,7072.0,45998.0,19538.0,good,0.593963623046875,0.10791015625,0.298126220703125
1866,6400_6656_8448_8704,MSAVI,65536,37752,5084.0,42836.0,22700.0,good,0.5760498046875,0.07757568359375,0.34637451171875
1867,6400_6656_8704_8960,MSAVI,65536,38573,4976.0,43549.0,21987.0,good,0.5885772705078125,0.075927734375,0.3354949951171875
1868,6400_6656_8960_9216,MSAVI,65536,40695,6839.0,47534.0,18002.0,good,0.6209564208984375,0.1043548583984375,0.274688720703125
1869,6400_6656_9216_9472,MSAVI,65536,40426,1198.0,41624.0,23912.0,good,0.616851806640625,0.018280029296875,0.3648681640625
1870,6400_6656_9472_9728,MSAVI,65536,37466,3439.0,40905.0,24631.0,good,0.571685791015625,0.0524749755859375,0.3758392333984375
1871,6400_6656_9728_9984,MSAVI,65536,36114,7957.0,44071.0,21465.0,good,0.551055908203125,0.1214141845703125,0.3275299072265625
1872,6400_6656_9984_10240,MSAVI,65536,39682,5272.0,44954.0,20582.0,good,0.605499267578125,0.0804443359375,0.314056396484375
1873,6400_6656_10240_10496,MSAVI,65536,39801,2946.0,42747.0,22789.0,good,0.6073150634765625,0.044952392578125,0.3477325439453125
1874,6400_6656_10496_10752,MSAVI,65536,35796,4056.0,39852.0,25684.0,good,0.54620361328125,0.0618896484375,0.39190673828125
1875,6656_6912_768_1024,MSAVI,65536,46285,3378.0,49663.0,15873.0,good,0.7062530517578125,0.051544189453125,0.2422027587890625
1876,6656_6912_1024_1280,MSAVI,65536,48775,1001.0,49776.0,15760.0,good,0.7442474365234375,0.0152740478515625,0.240478515625
1877,6656_6912_1280_1536,MSAVI,65536,40520,11460.0,51980.0,13556.0,good,0.6182861328125,0.17486572265625,0.20684814453125
1878,6656_6912_1536_1792,MSAVI,65536,41091,6089.0,47180.0,18356.0,good,0.6269989013671875,0.0929107666015625,0.28009033203125
1879,6656_6912_1792_2048,MSAVI,65536,39470,7072.0,46542.0,18994.0,good,0.602264404296875,0.10791015625,0.289825439453125
1880,6656_6912_2048_2304,MSAVI,65536,41266,16282.0,57548.0,7988.0,good,0.629669189453125,0.248443603515625,0.12188720703125
1881,6656_6912_2304_2560,MSAVI,65536,37772,5532.0,43304.0,22232.0,good,0.57635498046875,0.08441162109375,0.3392333984375
1882,6656_6912_2560_2816,MSAVI,65536,46367,759.0,47126.0,18410.0,good,0.7075042724609375,0.0115814208984375,0.280914306640625
1883,6656_6912_2816_3072,MSAVI,65536,42750,6349.0,49099.0,16437.0,good,0.652313232421875,0.0968780517578125,0.2508087158203125
1884,6656_6912_3072_3328,MSAVI,65536,44996,2027.0,47023.0,18513.0,good,0.68658447265625,0.0309295654296875,0.2824859619140625
1885,6656_6912_3328_3584,MSAVI,65536,42507,3050.0,45557.0,19979.0,good,0.6486053466796875,0.046539306640625,0.3048553466796875
1886,6656_6912_3584_3840,MSAVI,65536,43296,4556.0,47852.0,17684.0,good,0.66064453125,0.06951904296875,0.26983642578125
1887,6656_6912_3840_4096,MSAVI,65536,22300,0.0,22300.0,43236.0,good,0.34027099609375,0.0,0.65972900390625
1888,6656_6912_4096_4352,MSAVI,65536,39634,7178.0,46812.0,18724.0,good,0.604766845703125,0.109527587890625,0.28570556640625
1889,6656_6912_4352_4608,MSAVI,65536,41201,6420.0,47621.0,17915.0,good,0.6286773681640625,0.09796142578125,0.2733612060546875
1890,6656_6912_4608_4864,MSAVI,65536,38900,6202.0,45102.0,20434.0,good,0.59356689453125,0.094635009765625,0.311798095703125
1891,6656_6912_4864_5120,MSAVI,65536,41602,9396.0,50998.0,14538.0,good,0.634796142578125,0.14337158203125,0.221832275390625
1892,6656_6912_5120_5376,MSAVI,65536,37904,9469.0,47373.0,18163.0,good,0.578369140625,0.1444854736328125,0.2771453857421875
1893,6656_6912_5376_5632,MSAVI,65536,38425,7620.0,46045.0,19491.0,good,0.5863189697265625,0.11627197265625,0.2974090576171875
1894,6656_6912_5632_5888,MSAVI,65536,39652,11932.0,51584.0,13952.0,good,0.60504150390625,0.18206787109375,0.212890625
1895,6656_6912_5888_6144,MSAVI,65536,38967,7837.0,46804.0,18732.0,good,0.5945892333984375,0.1195831298828125,0.28582763671875
1896,6656_6912_6144_6400,MSAVI,65536,38140,4267.0,42407.0,23129.0,good,0.58197021484375,0.0651092529296875,0.3529205322265625
1897,6656_6912_6400_6656,MSAVI,65536,41993,2148.0,44141.0,21395.0,good,0.6407623291015625,0.03277587890625,0.3264617919921875
1898,6656_6912_6656_6912,MSAVI,65536,40213,3637.0,43850.0,21686.0,good,0.6136016845703125,0.0554962158203125,0.330902099609375
1899,6656_6912_6912_7168,MSAVI,65536,43222,5527.0,48749.0,16787.0,good,0.659515380859375,0.0843353271484375,0.2561492919921875
1900,6656_6912_7168_7424,MSAVI,65536,48929,7728.0,56657.0,8879.0,good,0.7465972900390625,0.117919921875,0.1354827880859375
1901,6656_6912_7424_7680,MSAVI,65536,34798,7978.0,42776.0,22760.0,good,0.530975341796875,0.121734619140625,0.3472900390625
1902,6656_6912_7680_7936,MSAVI,65536,34942,3932.0,38874.0,26662.0,good,0.533172607421875,0.05999755859375,0.406829833984375
1903,6656_6912_7936_8192,MSAVI,65536,42249,4424.0,46673.0,18863.0,good,0.6446685791015625,0.0675048828125,0.2878265380859375
1904,6656_6912_8192_8448,MSAVI,65536,35537,6290.0,41827.0,23709.0,good,0.5422515869140625,0.095977783203125,0.3617706298828125
1905,6656_6912_8448_8704,MSAVI,65536,38523,3261.0,41784.0,23752.0,good,0.5878143310546875,0.0497589111328125,0.3624267578125
1906,6656_6912_8704_8960,MSAVI,65536,40040,2834.0,42874.0,22662.0,good,0.6109619140625,0.043243408203125,0.345794677734375
1907,6656_6912_8960_9216,MSAVI,65536,38513,11793.0,50306.0,15230.0,good,0.5876617431640625,0.1799468994140625,0.232391357421875
1908,6656_6912_9216_9472,MSAVI,65536,37364,1830.0,39194.0,26342.0,good,0.57012939453125,0.027923583984375,0.401947021484375
1909,6656_6912_9472_9728,MSAVI,65536,35450,4504.0,39954.0,25582.0,good,0.540924072265625,0.0687255859375,0.390350341796875
1910,6656_6912_9728_9984,MSAVI,65536,34851,4804.0,39655.0,25881.0,good,0.5317840576171875,0.07330322265625,0.3949127197265625
1911,6656_6912_9984_10240,MSAVI,65536,36897,4662.0,41559.0,23977.0,good,0.5630035400390625,0.071136474609375,0.3658599853515625
1912,6656_6912_10240_10496,MSAVI,65536,39231,1268.0,40499.0,25037.0,good,0.5986175537109375,0.01934814453125,0.3820343017578125
1913,6656_6912_10496_10752,MSAVI,65536,40873,2802.0,43675.0,21861.0,good,0.6236724853515625,0.042755126953125,0.3335723876953125
1914,6912_7168_768_1024,MSAVI,65536,46320,7819.0,54139.0,11397.0,good,0.706787109375,0.1193084716796875,0.1739044189453125
1915,6912_7168_1024_1280,MSAVI,65536,48576,1221.0,49797.0,15739.0,good,0.7412109375,0.0186309814453125,0.2401580810546875
1916,6912_7168_1280_1536,MSAVI,65536,46969,2020.0,48989.0,16547.0,good,0.7166900634765625,0.03082275390625,0.2524871826171875
1917,6912_7168_1536_1792,MSAVI,65536,43714,2284.0,45998.0,19538.0,good,0.667022705078125,0.03485107421875,0.298126220703125
1918,6912_7168_1792_2048,MSAVI,65536,38525,1625.0,40150.0,25386.0,good,0.5878448486328125,0.0247955322265625,0.387359619140625
1919,6912_7168_2048_2304,MSAVI,65536,41007,7722.0,48729.0,16807.0,good,0.6257171630859375,0.117828369140625,0.2564544677734375
1920,6912_7168_2304_2560,MSAVI,65536,25341,2097.0,27438.0,38098.0,good,0.3866729736328125,0.0319976806640625,0.581329345703125
1921,6912_7168_2560_2816,MSAVI,65536,37209,5763.0,42972.0,22564.0,good,0.5677642822265625,0.0879364013671875,0.34429931640625
1922,6912_7168_2816_3072,MSAVI,65536,45416,5010.0,50426.0,15110.0,good,0.6929931640625,0.076446533203125,0.230560302734375
1923,6912_7168_3072_3328,MSAVI,65536,42651,4767.0,47418.0,18118.0,good,0.6508026123046875,0.0727386474609375,0.276458740234375
1924,6912_7168_3328_3584,MSAVI,65536,44190,6676.0,50866.0,14670.0,good,0.674285888671875,0.10186767578125,0.223846435546875
1925,6912_7168_3584_3840,MSAVI,65536,40655,9492.0,50147.0,15389.0,good,0.6203460693359375,0.14483642578125,0.2348175048828125
1926,6912_7168_3840_4096,MSAVI,65536,37389,12415.0,49804.0,15732.0,good,0.5705108642578125,0.1894378662109375,0.24005126953125
1927,6912_7168_4096_4352,MSAVI,65536,38145,7373.0,45518.0,20018.0,good,0.5820465087890625,0.1125030517578125,0.305450439453125
1928,6912_7168_4352_4608,MSAVI,65536,40897,5852.0,46749.0,18787.0,good,0.6240386962890625,0.08929443359375,0.2866668701171875
1929,6912_7168_4608_4864,MSAVI,65536,39651,13562.0,53213.0,12323.0,good,0.6050262451171875,0.206939697265625,0.1880340576171875
1930,6912_7168_4864_5120,MSAVI,65536,38911,8479.0,47390.0,18146.0,good,0.5937347412109375,0.1293792724609375,0.276885986328125
1931,6912_7168_5120_5376,MSAVI,65536,36128,9917.0,46045.0,19491.0,good,0.55126953125,0.1513214111328125,0.2974090576171875
1932,6912_7168_5376_5632,MSAVI,65536,42321,8219.0,50540.0,14996.0,good,0.6457672119140625,0.1254119873046875,0.22882080078125
1933,6912_7168_5632_5888,MSAVI,65536,44933,11134.0,56067.0,9469.0,good,0.6856231689453125,0.169891357421875,0.1444854736328125
1934,6912_7168_5888_6144,MSAVI,65536,40578,2717.0,43295.0,22241.0,good,0.619171142578125,0.0414581298828125,0.3393707275390625
1935,6912_7168_6144_6400,MSAVI,65536,37387,7524.0,44911.0,20625.0,good,0.5704803466796875,0.11480712890625,0.3147125244140625
1936,6912_7168_6400_6656,MSAVI,65536,41194,3502.0,44696.0,20840.0,good,0.628570556640625,0.053436279296875,0.3179931640625
1937,6912_7168_6656_6912,MSAVI,65536,41189,2156.0,43345.0,22191.0,good,0.6284942626953125,0.03289794921875,0.3386077880859375
1938,6912_7168_6912_7168,MSAVI,65536,41119,3769.0,44888.0,20648.0,good,0.6274261474609375,0.0575103759765625,0.3150634765625
1939,6912_7168_7168_7424,MSAVI,65536,43518,4290.0,47808.0,17728.0,good,0.664031982421875,0.065460205078125,0.2705078125
1940,6912_7168_7424_7680,MSAVI,65536,40266,4793.0,45059.0,20477.0,good,0.614410400390625,0.0731353759765625,0.3124542236328125
1941,6912_7168_7680_7936,MSAVI,65536,38220,5620.0,43840.0,21696.0,good,0.58319091796875,0.08575439453125,0.3310546875
1942,6912_7168_7936_8192,MSAVI,65536,44513,4080.0,48593.0,16943.0,good,0.6792144775390625,0.062255859375,0.2585296630859375
1943,6912_7168_8192_8448,MSAVI,65536,38427,7431.0,45858.0,19678.0,good,0.5863494873046875,0.1133880615234375,0.300262451171875
1944,6912_7168_8448_8704,MSAVI,65536,38100,4391.0,42491.0,23045.0,good,0.58135986328125,0.0670013427734375,0.3516387939453125
1945,6912_7168_8704_8960,MSAVI,65536,38946,3774.0,42720.0,22816.0,good,0.594268798828125,0.057586669921875,0.34814453125
1946,6912_7168_8960_9216,MSAVI,65536,39107,3255.0,42362.0,23174.0,good,0.5967254638671875,0.0496673583984375,0.353607177734375
1947,6912_7168_9216_9472,MSAVI,65536,42119,7171.0,49290.0,16246.0,good,0.6426849365234375,0.1094207763671875,0.247894287109375
1948,6912_7168_9472_9728,MSAVI,65536,41812,13345.0,55157.0,10379.0,good,0.63800048828125,0.2036285400390625,0.1583709716796875
1949,6912_7168_9728_9984,MSAVI,65536,35690,5914.0,41604.0,23932.0,good,0.544586181640625,0.090240478515625,0.36517333984375
1950,6912_7168_9984_10240,MSAVI,65536,37889,5247.0,43136.0,22400.0,good,0.5781402587890625,0.0800628662109375,0.341796875
1951,6912_7168_10240_10496,MSAVI,65536,39947,6994.0,46941.0,18595.0,good,0.6095428466796875,0.106719970703125,0.2837371826171875
1952,6912_7168_10496_10752,MSAVI,65536,39297,3150.0,42447.0,23089.0,good,0.5996246337890625,0.048065185546875,0.3523101806640625
1953,7168_7424_768_1024,MSAVI,65536,46187,8426.0,54613.0,10923.0,good,0.7047576904296875,0.128570556640625,0.1666717529296875
1954,7168_7424_1024_1280,MSAVI,65536,44500,2684.0,47184.0,18352.0,good,0.67901611328125,0.04095458984375,0.280029296875
1955,7168_7424_1280_1536,MSAVI,65536,39477,8855.0,48332.0,17204.0,good,0.6023712158203125,0.1351165771484375,0.26251220703125
1956,7168_7424_1536_1792,MSAVI,65536,40684,10750.0,51434.0,14102.0,good,0.62078857421875,0.164031982421875,0.215179443359375
1957,7168_7424_1792_2048,MSAVI,65536,39046,7298.0,46344.0,19192.0,good,0.595794677734375,0.111358642578125,0.2928466796875
1958,7168_7424_2048_2304,MSAVI,65536,43059,5787.0,48846.0,16690.0,good,0.6570281982421875,0.0883026123046875,0.254669189453125
1959,7168_7424_2304_2560,MSAVI,65536,43478,3544.0,47022.0,18514.0,good,0.663421630859375,0.0540771484375,0.282501220703125
1960,7168_7424_2560_2816,MSAVI,65536,41186,6092.0,47278.0,18258.0,good,0.628448486328125,0.09295654296875,0.278594970703125
1961,7168_7424_2816_3072,MSAVI,65536,40167,10048.0,50215.0,15321.0,good,0.6128997802734375,0.1533203125,0.2337799072265625
1962,7168_7424_3072_3328,MSAVI,65536,46313,6055.0,52368.0,13168.0,good,0.7066802978515625,0.0923919677734375,0.200927734375
1963,7168_7424_3328_3584,MSAVI,65536,44343,4257.0,48600.0,16936.0,good,0.6766204833984375,0.0649566650390625,0.2584228515625
1964,7168_7424_3584_3840,MSAVI,65536,39840,8139.0,47979.0,17557.0,good,0.60791015625,0.1241912841796875,0.2678985595703125
1965,7168_7424_3840_4096,MSAVI,65536,41495,6679.0,48174.0,17362.0,good,0.6331634521484375,0.1019134521484375,0.264923095703125
1966,7168_7424_4096_4352,MSAVI,65536,46353,1911.0,48264.0,17272.0,good,0.7072906494140625,0.0291595458984375,0.2635498046875
1967,7168_7424_4352_4608,MSAVI,65536,43561,4470.0,48031.0,17505.0,good,0.6646881103515625,0.068206787109375,0.2671051025390625
1968,7168_7424_4608_4864,MSAVI,65536,41088,2990.0,44078.0,21458.0,good,0.626953125,0.045623779296875,0.327423095703125
1969,7168_7424_4864_5120,MSAVI,65536,44331,5849.0,50180.0,15356.0,good,0.6764373779296875,0.0892486572265625,0.23431396484375
1970,7168_7424_5120_5376,MSAVI,65536,43658,1100.0,44758.0,20778.0,good,0.666168212890625,0.01678466796875,0.317047119140625
1971,7168_7424_5376_5632,MSAVI,65536,44155,1519.0,45674.0,19862.0,good,0.6737518310546875,0.0231781005859375,0.303070068359375
1972,7168_7424_5632_5888,MSAVI,65536,43794,618.0,44412.0,21124.0,good,0.668243408203125,0.009429931640625,0.32232666015625
1973,7168_7424_5888_6144,MSAVI,65536,43637,1725.0,45362.0,20174.0,good,0.6658477783203125,0.0263214111328125,0.307830810546875
1974,7168_7424_6144_6400,MSAVI,65536,41019,4038.0,45057.0,20479.0,good,0.6259002685546875,0.061614990234375,0.3124847412109375
1975,7168_7424_6400_6656,MSAVI,65536,42628,1117.0,43745.0,21791.0,good,0.65045166015625,0.0170440673828125,0.3325042724609375
1976,7168_7424_6656_6912,MSAVI,65536,42313,2037.0,44350.0,21186.0,good,0.6456451416015625,0.0310821533203125,0.323272705078125
1977,7168_7424_6912_7168,MSAVI,65536,40998,3121.0,44119.0,21417.0,good,0.625579833984375,0.0476226806640625,0.3267974853515625
1978,7168_7424_7168_7424,MSAVI,65536,41619,4856.0,46475.0,19061.0,good,0.6350555419921875,0.0740966796875,0.2908477783203125
1979,7168_7424_7424_7680,MSAVI,65536,40041,13442.0,53483.0,12053.0,good,0.6109771728515625,0.205108642578125,0.1839141845703125
1980,7168_7424_7680_7936,MSAVI,65536,46522,6637.0,53159.0,12377.0,good,0.709869384765625,0.1012725830078125,0.1888580322265625
1981,7168_7424_7936_8192,MSAVI,65536,41695,5330.0,47025.0,18511.0,good,0.6362152099609375,0.081329345703125,0.2824554443359375
1982,7168_7424_8192_8448,MSAVI,65536,37686,10340.0,48026.0,17510.0,good,0.575042724609375,0.15777587890625,0.267181396484375
1983,7168_7424_8448_8704,MSAVI,65536,37359,10992.0,48351.0,17185.0,good,0.5700531005859375,0.167724609375,0.2622222900390625
1984,7168_7424_8704_8960,MSAVI,65536,39149,5403.0,44552.0,20984.0,good,0.5973663330078125,0.0824432373046875,0.3201904296875
1985,7168_7424_8960_9216,MSAVI,65536,35550,8312.0,43862.0,21674.0,good,0.542449951171875,0.1268310546875,0.330718994140625
1986,7168_7424_9216_9472,MSAVI,65536,36130,8296.0,44426.0,21110.0,good,0.551300048828125,0.1265869140625,0.322113037109375
1987,7168_7424_9472_9728,MSAVI,65536,36621,11843.0,48464.0,17072.0,good,0.5587921142578125,0.1807098388671875,0.260498046875
1988,7168_7424_9728_9984,MSAVI,65536,37572,5429.0,43001.0,22535.0,good,0.57330322265625,0.0828399658203125,0.3438568115234375
1989,7168_7424_9984_10240,MSAVI,65536,38995,5392.0,44387.0,21149.0,good,0.5950164794921875,0.082275390625,0.3227081298828125
1990,7168_7424_10240_10496,MSAVI,65536,41225,6682.0,47907.0,17629.0,good,0.6290435791015625,0.101959228515625,0.2689971923828125
1991,7168_7424_10496_10752,MSAVI,65349,36513,3056.0,39569.0,25780.0,good,0.5587384657760639,0.0467642963166995,0.3944972379072365
1992,7424_7680_768_1024,MSAVI,65536,36211,8647.0,44858.0,20678.0,good,0.5525360107421875,0.1319427490234375,0.315521240234375
1993,7424_7680_1024_1280,MSAVI,65536,38356,7020.0,45376.0,20160.0,good,0.58526611328125,0.10711669921875,0.3076171875
1994,7424_7680_1280_1536,MSAVI,65536,35724,11106.0,46830.0,18706.0,good,0.54510498046875,0.169464111328125,0.285430908203125
1995,7424_7680_1536_1792,MSAVI,65536,40102,8683.0,48785.0,16751.0,good,0.611907958984375,0.1324920654296875,0.2555999755859375
1996,7424_7680_1792_2048,MSAVI,65536,42155,4543.0,46698.0,18838.0,good,0.6432342529296875,0.0693206787109375,0.287445068359375
1997,7424_7680_2048_2304,MSAVI,65536,43902,2935.0,46837.0,18699.0,good,0.669891357421875,0.0447845458984375,0.2853240966796875
1998,7424_7680_2304_2560,MSAVI,65536,48538,3155.0,51693.0,13843.0,good,0.740631103515625,0.0481414794921875,0.2112274169921875
1999,7424_7680_2560_2816,MSAVI,65536,46716,3919.0,50635.0,14901.0,good,0.71282958984375,0.0597991943359375,0.2273712158203125
2000,7424_7680_2816_3072,MSAVI,65536,46945,2879.0,49824.0,15712.0,good,0.7163238525390625,0.0439300537109375,0.23974609375
2001,7424_7680_3072_3328,MSAVI,65536,46535,2673.0,49208.0,16328.0,good,0.7100677490234375,0.0407867431640625,0.2491455078125
2002,7424_7680_3328_3584,MSAVI,65536,47409,2960.0,50369.0,15167.0,good,0.7234039306640625,0.045166015625,0.2314300537109375
2003,7424_7680_3584_3840,MSAVI,65536,45243,4968.0,50211.0,15325.0,good,0.6903533935546875,0.0758056640625,0.2338409423828125
2004,7424_7680_3840_4096,MSAVI,65536,50812,1982.0,52794.0,12742.0,good,0.77532958984375,0.030242919921875,0.194427490234375
2005,7424_7680_4096_4352,MSAVI,65536,46887,1727.0,48614.0,16922.0,good,0.7154388427734375,0.0263519287109375,0.258209228515625
2006,7424_7680_4352_4608,MSAVI,65536,45293,1136.0,46429.0,19107.0,good,0.6911163330078125,0.017333984375,0.2915496826171875
2007,7424_7680_4608_4864,MSAVI,65536,44169,1793.0,45962.0,19574.0,good,0.6739654541015625,0.0273590087890625,0.298675537109375
2008,7424_7680_4864_5120,MSAVI,65536,43735,1267.0,45002.0,20534.0,good,0.6673431396484375,0.0193328857421875,0.313323974609375
2009,7424_7680_5120_5376,MSAVI,65536,43097,1290.0,44387.0,21149.0,good,0.6576080322265625,0.019683837890625,0.3227081298828125
2010,7424_7680_5376_5632,MSAVI,65536,44081,994.0,45075.0,20461.0,good,0.6726226806640625,0.015167236328125,0.3122100830078125
2011,7424_7680_5632_5888,MSAVI,65536,42521,3859.0,46380.0,19156.0,good,0.6488189697265625,0.0588836669921875,0.29229736328125
2012,7424_7680_5888_6144,MSAVI,65536,42045,5578.0,47623.0,17913.0,good,0.6415557861328125,0.085113525390625,0.2733306884765625
2013,7424_7680_6144_6400,MSAVI,65536,46941,5716.0,52657.0,12879.0,good,0.7162628173828125,0.08721923828125,0.1965179443359375
2014,7424_7680_6400_6656,MSAVI,65536,39059,2072.0,41131.0,24405.0,good,0.5959930419921875,0.0316162109375,0.3723907470703125
2015,7424_7680_6656_6912,MSAVI,65536,37486,4378.0,41864.0,23672.0,good,0.571990966796875,0.066802978515625,0.3612060546875
2016,7424_7680_6912_7168,MSAVI,65536,35844,8457.0,44301.0,21235.0,good,0.54693603515625,0.1290435791015625,0.3240203857421875
2017,7424_7680_7168_7424,MSAVI,65536,40542,10484.0,51026.0,14510.0,good,0.618621826171875,0.15997314453125,0.221405029296875
2018,7424_7680_7424_7680,MSAVI,65536,43963,20063.0,64026.0,1510.0,good,0.6708221435546875,0.3061370849609375,0.023040771484375
2019,7424_7680_7680_7936,MSAVI,65536,37859,12497.0,50356.0,15180.0,good,0.5776824951171875,0.1906890869140625,0.23162841796875
2020,7424_7680_7936_8192,MSAVI,65536,36350,9404.0,45754.0,19782.0,good,0.554656982421875,0.14349365234375,0.301849365234375
2021,7424_7680_8192_8448,MSAVI,65536,38225,9099.0,47324.0,18212.0,good,0.5832672119140625,0.1388397216796875,0.27789306640625
2022,7424_7680_8448_8704,MSAVI,65536,38795,15286.0,54081.0,11455.0,good,0.5919647216796875,0.233245849609375,0.1747894287109375
2023,7424_7680_8704_8960,MSAVI,65536,38678,8800.0,47478.0,18058.0,good,0.590179443359375,0.13427734375,0.275543212890625
2024,7424_7680_8960_9216,MSAVI,65536,35302,7454.0,42756.0,22780.0,good,0.538665771484375,0.113739013671875,0.34759521484375
2025,7424_7680_9216_9472,MSAVI,65536,37953,7907.0,45860.0,19676.0,good,0.5791168212890625,0.1206512451171875,0.30023193359375
2026,7424_7680_9472_9728,MSAVI,65536,34514,7248.0,41762.0,23774.0,good,0.526641845703125,0.110595703125,0.362762451171875
2027,7424_7680_9728_9984,MSAVI,65536,37852,7886.0,45738.0,19798.0,good,0.57757568359375,0.120330810546875,0.302093505859375
2028,7424_7680_9984_10240,MSAVI,65536,37985,8177.0,46162.0,19374.0,good,0.5796051025390625,0.1247711181640625,0.295623779296875
2029,7680_7936_768_1024,MSAVI,65536,36022,9550.0,45572.0,19964.0,good,0.549652099609375,0.145721435546875,0.30462646484375
2030,7680_7936_1024_1280,MSAVI,65536,42791,4076.0,46867.0,18669.0,good,0.6529388427734375,0.06219482421875,0.2848663330078125
2031,7680_7936_1280_1536,MSAVI,65536,34435,18206.0,52641.0,12895.0,good,0.5254364013671875,0.277801513671875,0.1967620849609375
2032,7680_7936_1536_1792,MSAVI,65536,40424,8506.0,48930.0,16606.0,good,0.6168212890625,0.129791259765625,0.253387451171875
2033,7680_7936_1792_2048,MSAVI,65536,44466,2329.0,46795.0,18741.0,good,0.678497314453125,0.0355377197265625,0.2859649658203125
2034,7680_7936_2048_2304,MSAVI,65536,47580,1216.0,48796.0,16740.0,good,0.72601318359375,0.0185546875,0.25543212890625
2035,7680_7936_2304_2560,MSAVI,65536,47399,1599.0,48998.0,16538.0,good,0.7232513427734375,0.0243988037109375,0.252349853515625
2036,7680_7936_2560_2816,MSAVI,65536,45005,2249.0,47254.0,18282.0,good,0.6867218017578125,0.0343170166015625,0.278961181640625
2037,7680_7936_2816_3072,MSAVI,65536,42689,3018.0,45707.0,19829.0,good,0.6513824462890625,0.046051025390625,0.3025665283203125
2038,7680_7936_3072_3328,MSAVI,65536,43133,3244.0,46377.0,19159.0,good,0.6581573486328125,0.04949951171875,0.2923431396484375
2039,7680_7936_3328_3584,MSAVI,65536,44886,3247.0,48133.0,17403.0,good,0.684906005859375,0.0495452880859375,0.2655487060546875
2040,7680_7936_3584_3840,MSAVI,65536,44972,4962.0,49934.0,15602.0,good,0.68621826171875,0.075714111328125,0.238067626953125
2041,7680_7936_3840_4096,MSAVI,65536,47136,2040.0,49176.0,16360.0,good,0.71923828125,0.0311279296875,0.2496337890625
2042,7680_7936_4096_4352,MSAVI,65536,45101,3428.0,48529.0,17007.0,good,0.6881866455078125,0.05230712890625,0.2595062255859375
2043,7680_7936_4352_4608,MSAVI,65536,36156,21037.0,57193.0,8343.0,good,0.55169677734375,0.3209991455078125,0.1273040771484375
2044,7680_7936_4608_4864,MSAVI,65536,45292,3245.0,48537.0,16999.0,good,0.69110107421875,0.0495147705078125,0.2593841552734375
2045,7680_7936_4864_5120,MSAVI,65536,44350,5073.0,49423.0,16113.0,good,0.676727294921875,0.0774078369140625,0.2458648681640625
2046,7680_7936_5120_5376,MSAVI,65536,39511,7550.0,47061.0,18475.0,good,0.6028900146484375,0.115203857421875,0.2819061279296875
2047,7680_7936_5376_5632,MSAVI,65536,39228,6117.0,45345.0,20191.0,good,0.59857177734375,0.0933380126953125,0.3080902099609375
2048,7680_7936_5632_5888,MSAVI,65536,38383,7133.0,45516.0,20020.0,good,0.5856781005859375,0.1088409423828125,0.30548095703125
2049,7680_7936_5888_6144,MSAVI,65536,42101,6668.0,48769.0,16767.0,good,0.6424102783203125,0.10174560546875,0.2558441162109375
2050,7680_7936_6144_6400,MSAVI,65536,38071,5530.0,43601.0,21935.0,good,0.5809173583984375,0.084381103515625,0.3347015380859375
2051,7680_7936_6400_6656,MSAVI,65536,40639,12668.0,53307.0,12229.0,good,0.6201019287109375,0.19329833984375,0.1865997314453125
2052,7680_7936_6656_6912,MSAVI,65536,36156,12026.0,48182.0,17354.0,good,0.55169677734375,0.183502197265625,0.264801025390625
2053,7680_7936_6912_7168,MSAVI,65536,35298,6645.0,41943.0,23593.0,good,0.538604736328125,0.1013946533203125,0.3600006103515625
2054,7680_7936_7168_7424,MSAVI,65536,36578,8271.0,44849.0,20687.0,good,0.558135986328125,0.1262054443359375,0.3156585693359375
2055,7680_7936_7424_7680,MSAVI,65536,37231,9808.0,47039.0,18497.0,good,0.5680999755859375,0.149658203125,0.2822418212890625
2056,7680_7936_7680_7936,MSAVI,65536,37212,9003.0,46215.0,19321.0,good,0.56781005859375,0.1373748779296875,0.2948150634765625
2057,7680_7936_7936_8192,MSAVI,65536,39477,11240.0,50717.0,14819.0,good,0.6023712158203125,0.1715087890625,0.2261199951171875
2058,7680_7936_8192_8448,MSAVI,65536,40558,9811.0,50369.0,15167.0,good,0.618865966796875,0.1497039794921875,0.2314300537109375
2059,7680_7936_8448_8704,MSAVI,65536,35175,7000.0,42175.0,23361.0,good,0.5367279052734375,0.1068115234375,0.3564605712890625
2060,7680_7936_8704_8960,MSAVI,65536,39332,6190.0,45522.0,20014.0,good,0.60015869140625,0.094451904296875,0.305389404296875
2061,7680_7936_8960_9216,MSAVI,65536,34635,6192.0,40827.0,24709.0,good,0.5284881591796875,0.094482421875,0.3770294189453125
2062,7680_7936_9216_9472,MSAVI,65536,35775,6675.0,42450.0,23086.0,good,0.5458831787109375,0.1018524169921875,0.352264404296875
2063,7680_7936_9472_9728,MSAVI,65536,36678,10680.0,47358.0,18178.0,good,0.559661865234375,0.1629638671875,0.277374267578125
2064,7936_8192_768_1024,MSAVI,65536,39122,7588.0,46710.0,18826.0,good,0.596954345703125,0.11578369140625,0.287261962890625
2065,7936_8192_1024_1280,MSAVI,65536,41901,4958.0,46859.0,18677.0,good,0.6393585205078125,0.075653076171875,0.2849884033203125
2066,7936_8192_1280_1536,MSAVI,65536,45499,3903.0,49402.0,16134.0,good,0.6942596435546875,0.0595550537109375,0.246185302734375
2067,7936_8192_1536_1792,MSAVI,65536,38812,18510.0,57322.0,8214.0,good,0.59222412109375,0.282440185546875,0.125335693359375
2068,7936_8192_1792_2048,MSAVI,65536,43058,3479.0,46537.0,18999.0,good,0.657012939453125,0.0530853271484375,0.2899017333984375
2069,7936_8192_2048_2304,MSAVI,65536,43328,6333.0,49661.0,15875.0,good,0.6611328125,0.0966339111328125,0.2422332763671875
2070,7936_8192_2304_2560,MSAVI,65536,46457,1804.0,48261.0,17275.0,good,0.7088775634765625,0.02752685546875,0.2635955810546875
2071,7936_8192_2560_2816,MSAVI,65536,46511,2234.0,48745.0,16791.0,good,0.7097015380859375,0.034088134765625,0.2562103271484375
2072,7936_8192_2816_3072,MSAVI,65536,43278,17156.0,60434.0,5102.0,good,0.660369873046875,0.26177978515625,0.077850341796875
2073,7936_8192_3072_3328,MSAVI,65536,41561,7036.0,48597.0,16939.0,good,0.6341705322265625,0.10736083984375,0.2584686279296875
2074,7936_8192_3328_3584,MSAVI,65536,44783,7103.0,51886.0,13650.0,good,0.6833343505859375,0.1083831787109375,0.208282470703125
2075,7936_8192_3584_3840,MSAVI,65536,50720,3571.0,54291.0,11245.0,good,0.77392578125,0.0544891357421875,0.1715850830078125
2076,7936_8192_3840_4096,MSAVI,65536,44740,6135.0,50875.0,14661.0,good,0.68267822265625,0.0936126708984375,0.2237091064453125
2077,7936_8192_4096_4352,MSAVI,65536,45224,5446.0,50670.0,14866.0,good,0.6900634765625,0.083099365234375,0.226837158203125
2078,7936_8192_4352_4608,MSAVI,65536,47637,6089.0,53726.0,11810.0,good,0.7268829345703125,0.0929107666015625,0.180206298828125
2079,7936_8192_4608_4864,MSAVI,65536,46003,6989.0,52992.0,12544.0,good,0.7019500732421875,0.1066436767578125,0.19140625
2080,7936_8192_4864_5120,MSAVI,65536,41586,7951.0,49537.0,15999.0,good,0.634552001953125,0.1213226318359375,0.2441253662109375
2081,7936_8192_5120_5376,MSAVI,65536,43445,8842.0,52287.0,13249.0,good,0.6629180908203125,0.134918212890625,0.2021636962890625
2082,7936_8192_5376_5632,MSAVI,65536,40785,7329.0,48114.0,17422.0,good,0.6223297119140625,0.1118316650390625,0.265838623046875
2083,7936_8192_5632_5888,MSAVI,65536,40047,11168.0,51215.0,14321.0,good,0.6110687255859375,0.17041015625,0.2185211181640625
2084,7936_8192_5888_6144,MSAVI,65536,44473,9798.0,54271.0,11265.0,good,0.6786041259765625,0.149505615234375,0.1718902587890625
2085,7936_8192_6144_6400,MSAVI,65536,41250,11281.0,52531.0,13005.0,good,0.629425048828125,0.1721343994140625,0.1984405517578125
2086,7936_8192_6400_6656,MSAVI,65536,36699,6863.0,43562.0,21974.0,good,0.5599822998046875,0.1047210693359375,0.335296630859375
2087,7936_8192_6656_6912,MSAVI,65536,41183,6847.0,48030.0,17506.0,good,0.6284027099609375,0.1044769287109375,0.267120361328125
2088,7936_8192_6912_7168,MSAVI,65536,34268,13029.0,47297.0,18239.0,good,0.52288818359375,0.1988067626953125,0.2783050537109375
2089,7936_8192_7168_7424,MSAVI,65536,33600,9975.0,43575.0,21961.0,good,0.5126953125,0.1522064208984375,0.3350982666015625
2090,7936_8192_7424_7680,MSAVI,65536,37531,7000.0,44531.0,21005.0,good,0.5726776123046875,0.1068115234375,0.3205108642578125
2091,7936_8192_7680_7936,MSAVI,65536,40237,4905.0,45142.0,20394.0,good,0.6139678955078125,0.0748443603515625,0.311187744140625
2092,7936_8192_7936_8192,MSAVI,65536,41342,5038.0,46380.0,19156.0,good,0.630828857421875,0.076873779296875,0.29229736328125
2093,7936_8192_8192_8448,MSAVI,65536,37843,6462.0,44305.0,21231.0,good,0.5774383544921875,0.098602294921875,0.3239593505859375
2094,7936_8192_8448_8704,MSAVI,65536,37665,8517.0,46182.0,19354.0,good,0.5747222900390625,0.1299591064453125,0.295318603515625
2095,7936_8192_8704_8960,MSAVI,65536,35852,4275.0,40127.0,25409.0,good,0.54705810546875,0.0652313232421875,0.3877105712890625
2096,7936_8192_8960_9216,MSAVI,65536,34705,8331.0,43036.0,22500.0,good,0.5295562744140625,0.1271209716796875,0.34332275390625
2097,8192_8448_1024_1280,MSAVI,65536,42785,9457.0,52242.0,13294.0,good,0.6528472900390625,0.1443023681640625,0.202850341796875
2098,8192_8448_1280_1536,MSAVI,65536,46761,5593.0,52354.0,13182.0,good,0.7135162353515625,0.0853424072265625,0.201141357421875
2099,8192_8448_1536_1792,MSAVI,65536,47821,3351.0,51172.0,14364.0,good,0.7296905517578125,0.0511322021484375,0.21917724609375
2100,8192_8448_1792_2048,MSAVI,65536,41021,4563.0,45584.0,19952.0,good,0.6259307861328125,0.0696258544921875,0.304443359375
2101,8192_8448_2048_2304,MSAVI,65536,40813,6982.0,47795.0,17741.0,good,0.6227569580078125,0.106536865234375,0.2707061767578125
2102,8192_8448_2304_2560,MSAVI,65536,41380,7405.0,48785.0,16751.0,good,0.63140869140625,0.1129913330078125,0.2555999755859375
2103,8192_8448_2560_2816,MSAVI,65536,43575,5475.0,49050.0,16486.0,good,0.6649017333984375,0.0835418701171875,0.251556396484375
2104,8192_8448_2816_3072,MSAVI,65536,23952,0.0,23952.0,41584.0,good,0.365478515625,0.0,0.634521484375
2105,8192_8448_3072_3328,MSAVI,65536,37120,20280.0,57400.0,8136.0,good,0.56640625,0.3094482421875,0.1241455078125
2106,8192_8448_3328_3584,MSAVI,65536,32698,19855.0,52553.0,12983.0,good,0.498931884765625,0.3029632568359375,0.1981048583984375
2107,8192_8448_3584_3840,MSAVI,65536,42372,13493.0,55865.0,9671.0,good,0.64654541015625,0.2058868408203125,0.1475677490234375
2108,8192_8448_3840_4096,MSAVI,65536,43201,6347.0,49548.0,15988.0,good,0.6591949462890625,0.0968475341796875,0.24395751953125
2109,8192_8448_4096_4352,MSAVI,65536,50232,8034.0,58266.0,7270.0,good,0.7664794921875,0.122589111328125,0.110931396484375
2110,8192_8448_4352_4608,MSAVI,65536,53055,10104.0,63159.0,2377.0,good,0.8095550537109375,0.1541748046875,0.0362701416015625
2111,8192_8448_4608_4864,MSAVI,65536,50916,10024.0,60940.0,4596.0,good,0.77691650390625,0.1529541015625,0.07012939453125
2112,8192_8448_4864_5120,MSAVI,65536,47203,11430.0,58633.0,6903.0,good,0.7202606201171875,0.174407958984375,0.1053314208984375
2113,8192_8448_5120_5376,MSAVI,65536,51959,7813.0,59772.0,5764.0,good,0.7928314208984375,0.1192169189453125,0.08795166015625
2114,8192_8448_5376_5632,MSAVI,65536,44777,8088.0,52865.0,12671.0,good,0.6832427978515625,0.1234130859375,0.1933441162109375
2115,8192_8448_5632_5888,MSAVI,65536,46197,6025.0,52222.0,13314.0,good,0.7049102783203125,0.0919342041015625,0.203155517578125
2116,8192_8448_5888_6144,MSAVI,65536,45885,11319.0,57204.0,8332.0,good,0.7001495361328125,0.1727142333984375,0.12713623046875
2117,8192_8448_6144_6400,MSAVI,65536,40824,12486.0,53310.0,12226.0,good,0.6229248046875,0.190521240234375,0.186553955078125
2118,8192_8448_6400_6656,MSAVI,65536,34509,3920.0,38429.0,27107.0,good,0.5265655517578125,0.059814453125,0.4136199951171875
2119,8192_8448_6656_6912,MSAVI,65536,36695,5595.0,42290.0,23246.0,good,0.5599212646484375,0.0853729248046875,0.354705810546875
2120,8192_8448_6912_7168,MSAVI,65536,35429,6348.0,41777.0,23759.0,good,0.5406036376953125,0.09686279296875,0.3625335693359375
2121,8192_8448_7168_7424,MSAVI,65536,33012,8060.0,41072.0,24464.0,good,0.50372314453125,0.12298583984375,0.373291015625
2122,8192_8448_7424_7680,MSAVI,65536,34690,5241.0,39931.0,25605.0,good,0.529327392578125,0.0799713134765625,0.3907012939453125
2123,8192_8448_7680_7936,MSAVI,65536,36058,7969.0,44027.0,21509.0,good,0.550201416015625,0.1215972900390625,0.3282012939453125
2124,8448_8704_1024_1280,MSAVI,65536,42254,10388.0,52642.0,12894.0,good,0.644744873046875,0.15850830078125,0.196746826171875
2125,8448_8704_1280_1536,MSAVI,65536,46445,9220.0,55665.0,9871.0,good,0.7086944580078125,0.14068603515625,0.1506195068359375
2126,8448_8704_1536_1792,MSAVI,65536,40617,7960.0,48577.0,16959.0,good,0.6197662353515625,0.1214599609375,0.2587738037109375
2127,8448_8704_1792_2048,MSAVI,65536,38136,7101.0,45237.0,20299.0,good,0.5819091796875,0.1083526611328125,0.3097381591796875
2128,8448_8704_2048_2304,MSAVI,65536,43526,9856.0,53382.0,12154.0,good,0.664154052734375,0.150390625,0.185455322265625
2129,8448_8704_2304_2560,MSAVI,65536,40646,9932.0,50578.0,14958.0,good,0.620208740234375,0.15155029296875,0.228240966796875
2130,8448_8704_2560_2816,MSAVI,65536,45763,6902.0,52665.0,12871.0,good,0.6982879638671875,0.105316162109375,0.1963958740234375
2131,8448_8704_2816_3072,MSAVI,65536,38336,14399.0,52735.0,12801.0,good,0.5849609375,0.2197113037109375,0.1953277587890625
2132,8448_8704_3072_3328,MSAVI,65536,42002,11196.0,53198.0,12338.0,good,0.640899658203125,0.17083740234375,0.188262939453125
2133,8448_8704_3328_3584,MSAVI,65536,41281,5377.0,46658.0,18878.0,good,0.6298980712890625,0.0820465087890625,0.288055419921875
2134,8448_8704_3584_3840,MSAVI,65536,46261,8499.0,54760.0,10776.0,good,0.7058868408203125,0.1296844482421875,0.1644287109375
2135,8448_8704_3840_4096,MSAVI,65536,56431,4328.0,60759.0,4777.0,good,0.8610687255859375,0.0660400390625,0.0728912353515625
2136,8448_8704_4096_4352,MSAVI,65536,56231,8847.0,65078.0,458.0,good,0.8580169677734375,0.1349945068359375,0.006988525390625
2137,8448_8704_4352_4608,MSAVI,65536,57428,5724.0,63152.0,2384.0,good,0.87628173828125,0.08734130859375,0.036376953125
2138,8448_8704_4608_4864,MSAVI,65536,53935,5636.0,59571.0,5965.0,good,0.8229827880859375,0.08599853515625,0.0910186767578125
2139,8448_8704_4864_5120,MSAVI,65536,49785,888.0,50673.0,14863.0,good,0.7596588134765625,0.0135498046875,0.2267913818359375
2140,8448_8704_5120_5376,MSAVI,65536,41171,10547.0,51718.0,13818.0,good,0.6282196044921875,0.1609344482421875,0.210845947265625
2141,8448_8704_5376_5632,MSAVI,65536,43301,8641.0,51942.0,13594.0,good,0.6607208251953125,0.1318511962890625,0.207427978515625
2142,8448_8704_5632_5888,MSAVI,65536,41019,8961.0,49980.0,15556.0,good,0.6259002685546875,0.1367340087890625,0.23736572265625
2143,8448_8704_5888_6144,MSAVI,65536,34641,14689.0,49330.0,16206.0,good,0.5285797119140625,0.2241363525390625,0.247283935546875
2144,8448_8704_6144_6400,MSAVI,65536,33287,13422.0,46709.0,18827.0,good,0.5079193115234375,0.204803466796875,0.2872772216796875
2145,8704_8960_1024_1280,MSAVI,65536,37050,15291.0,52341.0,13195.0,good,0.565338134765625,0.2333221435546875,0.2013397216796875
2146,8704_8960_1280_1536,MSAVI,65536,40410,10173.0,50583.0,14953.0,good,0.616607666015625,0.1552276611328125,0.2281646728515625
2147,8704_8960_1536_1792,MSAVI,65536,40114,6253.0,46367.0,19169.0,good,0.612091064453125,0.0954132080078125,0.2924957275390625
2148,8704_8960_1792_2048,MSAVI,65536,39171,12806.0,51977.0,13559.0,good,0.5977020263671875,0.195404052734375,0.2068939208984375
2149,8704_8960_2048_2304,MSAVI,65536,39593,5754.0,45347.0,20189.0,good,0.6041412353515625,0.087799072265625,0.3080596923828125
2150,8704_8960_2304_2560,MSAVI,65536,40757,5733.0,46490.0,19046.0,good,0.6219024658203125,0.0874786376953125,0.290618896484375
2151,8704_8960_2560_2816,MSAVI,65536,44905,2335.0,47240.0,18296.0,good,0.6851959228515625,0.0356292724609375,0.2791748046875
2152,8704_8960_2816_3072,MSAVI,65536,45623,2367.0,47990.0,17546.0,good,0.6961517333984375,0.0361175537109375,0.267730712890625
2153,8704_8960_3072_3328,MSAVI,65536,47820,1698.0,49518.0,16018.0,good,0.72967529296875,0.025909423828125,0.244415283203125
2154,8704_8960_3328_3584,MSAVI,65536,44506,7167.0,51673.0,13863.0,good,0.679107666015625,0.1093597412109375,0.2115325927734375
2155,8704_8960_3584_3840,MSAVI,65536,13669,0.0,13669.0,51867.0,good,0.2085723876953125,0.0,0.7914276123046875
2156,8704_8960_3840_4096,MSAVI,65536,19259,0.0,19259.0,46277.0,good,0.2938690185546875,0.0,0.7061309814453125
2157,8704_8960_4096_4352,MSAVI,65536,14180,0.0,14180.0,51356.0,good,0.21636962890625,0.0,0.78363037109375
2158,8704_8960_4352_4608,MSAVI,65536,15610,0.0,15610.0,49926.0,good,0.238189697265625,0.0,0.761810302734375
2159,8704_8960_4608_4864,MSAVI,65536,60483,3824.0,64307.0,1229.0,good,0.9228973388671876,0.058349609375,0.0187530517578125
2160,8704_8960_4864_5120,MSAVI,65536,52075,1238.0,53313.0,12223.0,good,0.7946014404296875,0.018890380859375,0.1865081787109375
2161,8704_8960_5120_5376,MSAVI,65536,46986,1774.0,48760.0,16776.0,good,0.716949462890625,0.027069091796875,0.2559814453125
2162,8960_9216_1024_1280,MSAVI,65536,45293,9890.0,55183.0,10353.0,good,0.6911163330078125,0.150909423828125,0.1579742431640625
2163,8960_9216_1280_1536,MSAVI,65536,51029,4636.0,55665.0,9871.0,good,0.7786407470703125,0.07073974609375,0.1506195068359375
2164,8960_9216_1536_1792,MSAVI,65536,43870,7482.0,51352.0,14184.0,good,0.669403076171875,0.114166259765625,0.2164306640625
2165,8960_9216_1792_2048,MSAVI,65536,43623,2719.0,46342.0,19194.0,good,0.6656341552734375,0.0414886474609375,0.292877197265625
2166,8960_9216_2048_2304,MSAVI,65536,42131,19363.0,61494.0,4042.0,good,0.6428680419921875,0.2954559326171875,0.061676025390625
2167,8960_9216_2304_2560,MSAVI,65536,50892,8166.0,59058.0,6478.0,good,0.77655029296875,0.124603271484375,0.098846435546875
2168,8960_9216_2560_2816,MSAVI,65536,43444,3905.0,47349.0,18187.0,good,0.66290283203125,0.0595855712890625,0.2775115966796875
2169,8960_9216_2816_3072,MSAVI,65536,45819,3664.0,49483.0,16053.0,good,0.6991424560546875,0.055908203125,0.2449493408203125
2170,8960_9216_3072_3328,MSAVI,65536,51567,3738.0,55305.0,10231.0,good,0.7868499755859375,0.057037353515625,0.1561126708984375
2171,8960_9216_3328_3584,MSAVI,65536,53725,9724.0,63449.0,2087.0,good,0.8197784423828125,0.14837646484375,0.0318450927734375
2172,8960_9216_3584_3840,MSAVI,65536,15150,0.0,15150.0,50386.0,good,0.231170654296875,0.0,0.768829345703125
2173,8960_9216_3840_4096,MSAVI,65536,16313,0.0,16313.0,49223.0,good,0.2489166259765625,0.0,0.7510833740234375
2174,8960_9216_4096_4352,MSAVI,65536,14162,0.0,14162.0,51374.0,good,0.216094970703125,0.0,0.783905029296875
2175,8960_9216_4352_4608,MSAVI,65536,12281,0.0,12281.0,53255.0,good,0.1873931884765625,0.0,0.8126068115234375
2176,8960_9216_4608_4864,MSAVI,65536,21252,92.0,21344.0,44192.0,good,0.32427978515625,0.00140380859375,0.67431640625
2177,8960_9216_4864_5120,MSAVI,65536,48497,3473.0,51970.0,13566.0,good,0.7400054931640625,0.0529937744140625,0.207000732421875
2178,8960_9216_5120_5376,MSAVI,65536,45258,5027.0,50285.0,15251.0,good,0.690582275390625,0.0767059326171875,0.2327117919921875
2179,9216_9472_1280_1536,MSAVI,65536,48944,1175.0,50119.0,15417.0,good,0.746826171875,0.0179290771484375,0.2352447509765625
2180,9216_9472_1536_1792,MSAVI,65536,47285,2160.0,49445.0,16091.0,good,0.7215118408203125,0.032958984375,0.2455291748046875
2181,9216_9472_1792_2048,MSAVI,65536,46726,696.0,47422.0,18114.0,good,0.712982177734375,0.0106201171875,0.276397705078125
2182,9216_9472_2048_2304,MSAVI,65536,47038,4753.0,51791.0,13745.0,good,0.717742919921875,0.0725250244140625,0.2097320556640625
2183,9216_9472_2304_2560,MSAVI,65536,45082,3968.0,49050.0,16486.0,good,0.687896728515625,0.060546875,0.251556396484375
2184,9216_9472_2560_2816,MSAVI,65536,47728,2370.0,50098.0,15438.0,good,0.728271484375,0.036163330078125,0.235565185546875
2185,9216_9472_2816_3072,MSAVI,65536,45895,2419.0,48314.0,17222.0,good,0.7003021240234375,0.0369110107421875,0.262786865234375
2186,9216_9472_3072_3328,MSAVI,65536,51364,3654.0,55018.0,10518.0,good,0.78375244140625,0.055755615234375,0.160491943359375
2187,9216_9472_3328_3584,MSAVI,65536,52108,2880.0,54988.0,10548.0,good,0.79510498046875,0.0439453125,0.16094970703125
2188,9216_9472_3584_3840,MSAVI,65536,54247,5116.0,59363.0,6173.0,good,0.8277435302734375,0.07806396484375,0.0941925048828125
2189,9216_9472_3840_4096,MSAVI,65536,60109,3307.0,63416.0,2120.0,good,0.9171905517578124,0.0504608154296875,0.0323486328125
2190,9472_9728_1536_1792,MSAVI,65536,41645,2342.0,43987.0,21549.0,good,0.6354522705078125,0.035736083984375,0.3288116455078125
2191,9472_9728_1792_2048,MSAVI,65536,44312,1943.0,46255.0,19281.0,good,0.6761474609375,0.0296478271484375,0.2942047119140625
2192,9472_9728_2048_2304,MSAVI,65536,40999,4008.0,45007.0,20529.0,good,0.6255950927734375,0.0611572265625,0.3132476806640625
2193,256_512_768_1024,MSAVI,65536,41974,11297.0,53271.0,12265.0,bad,0.640472412109375,0.1723785400390625,0.1871490478515625
2194,256_512_1024_1280,MSAVI,65536,40189,10120.0,50309.0,15227.0,bad,0.6132354736328125,0.1544189453125,0.2323455810546875
2195,256_512_1280_1536,MSAVI,65536,36366,11122.0,47488.0,18048.0,bad,0.554901123046875,0.169708251953125,0.275390625
2196,256_512_1536_1792,MSAVI,65536,36698,11103.0,47801.0,17735.0,bad,0.559967041015625,0.1694183349609375,0.2706146240234375
2197,256_512_1792_2048,MSAVI,65536,44726,11148.0,55874.0,9662.0,bad,0.682464599609375,0.17010498046875,0.147430419921875
2198,256_512_2048_2304,MSAVI,65536,37527,13333.0,50860.0,14676.0,bad,0.5726165771484375,0.2034454345703125,0.22393798828125
2199,256_512_2304_2560,MSAVI,65536,34129,10361.0,44490.0,21046.0,bad,0.5207672119140625,0.1580963134765625,0.321136474609375
2200,256_512_2560_2816,MSAVI,65536,37067,11695.0,48762.0,16774.0,bad,0.5655975341796875,0.1784515380859375,0.255950927734375
2201,256_512_2816_3072,MSAVI,65536,43669,8332.0,52001.0,13535.0,bad,0.6663360595703125,0.12713623046875,0.2065277099609375
2202,256_512_3072_3328,MSAVI,65536,39457,8996.0,48453.0,17083.0,bad,0.6020660400390625,0.13726806640625,0.2606658935546875
2203,256_512_3328_3584,MSAVI,65536,33680,10458.0,44138.0,21398.0,bad,0.513916015625,0.159576416015625,0.326507568359375
2204,256_512_3584_3840,MSAVI,65536,38147,9967.0,48114.0,17422.0,bad,0.5820770263671875,0.1520843505859375,0.265838623046875
2205,256_512_3840_4096,MSAVI,65536,35057,16203.0,51260.0,14276.0,bad,0.5349273681640625,0.2472381591796875,0.21783447265625
2206,256_512_4096_4352,MSAVI,65536,36752,8125.0,44877.0,20659.0,bad,0.560791015625,0.1239776611328125,0.3152313232421875
2207,256_512_4352_4608,MSAVI,65536,36146,11283.0,47429.0,18107.0,bad,0.551544189453125,0.1721649169921875,0.2762908935546875
2208,256_512_4608_4864,MSAVI,65536,32129,11348.0,43477.0,22059.0,bad,0.4902496337890625,0.17315673828125,0.3365936279296875
2209,256_512_4864_5120,MSAVI,65536,35378,6979.0,42357.0,23179.0,bad,0.539825439453125,0.1064910888671875,0.3536834716796875
2210,256_512_5120_5376,MSAVI,65536,42861,6016.0,48877.0,16659.0,bad,0.6540069580078125,0.091796875,0.2541961669921875
2211,256_512_5376_5632,MSAVI,65536,43110,9291.0,52401.0,13135.0,bad,0.657806396484375,0.1417694091796875,0.2004241943359375
2212,256_512_5632_5888,MSAVI,65536,32812,13112.0,45924.0,19612.0,bad,0.50067138671875,0.2000732421875,0.29925537109375
2213,256_512_5888_6144,MSAVI,65536,26841,756.0,27597.0,37939.0,bad,0.4095611572265625,0.01153564453125,0.5789031982421875
2214,256_512_6144_6400,MSAVI,65536,38573,13760.0,52333.0,13203.0,bad,0.5885772705078125,0.2099609375,0.2014617919921875
2215,256_512_6400_6656,MSAVI,65536,35344,14340.0,49684.0,15852.0,bad,0.539306640625,0.21881103515625,0.24188232421875
2216,256_512_6656_6912,MSAVI,65536,32801,14413.0,47214.0,18322.0,bad,0.5005035400390625,0.2199249267578125,0.279571533203125
2217,256_512_6912_7168,MSAVI,65536,36611,7118.0,43729.0,21807.0,bad,0.5586395263671875,0.108612060546875,0.3327484130859375
2218,256_512_7168_7424,MSAVI,65536,45676,4071.0,49747.0,15789.0,bad,0.69696044921875,0.0621185302734375,0.2409210205078125
2219,256_512_7424_7680,MSAVI,65536,42497,5510.0,48007.0,17529.0,bad,0.6484527587890625,0.084075927734375,0.2674713134765625
2220,256_512_7680_7936,MSAVI,65536,41842,8814.0,50656.0,14880.0,bad,0.638458251953125,0.134490966796875,0.22705078125
2221,256_512_7936_8192,MSAVI,65536,40339,11678.0,52017.0,13519.0,bad,0.6155242919921875,0.178192138671875,0.2062835693359375
2222,256_512_8192_8448,MSAVI,65536,32457,12968.0,45425.0,20111.0,bad,0.4952545166015625,0.1978759765625,0.3068695068359375
2223,256_512_8448_8704,MSAVI,65536,31993,10014.0,42007.0,23529.0,bad,0.4881744384765625,0.152801513671875,0.3590240478515625
2224,256_512_8704_8960,MSAVI,65536,35214,9720.0,44934.0,20602.0,bad,0.537322998046875,0.1483154296875,0.314361572265625
2225,512_768_256_512,MSAVI,65536,36092,8988.0,45080.0,20456.0,bad,0.55072021484375,0.13714599609375,0.3121337890625
2226,512_768_512_768,MSAVI,65536,35927,10262.0,46189.0,19347.0,bad,0.5482025146484375,0.156585693359375,0.2952117919921875
2227,512_768_768_1024,MSAVI,65536,37059,12420.0,49479.0,16057.0,bad,0.5654754638671875,0.18951416015625,0.2450103759765625
2228,512_768_1024_1280,MSAVI,65536,45217,6947.0,52164.0,13372.0,bad,0.6899566650390625,0.1060028076171875,0.20404052734375
2229,512_768_1280_1536,MSAVI,65536,36967,10375.0,47342.0,18194.0,bad,0.5640716552734375,0.1583099365234375,0.277618408203125
2230,512_768_1536_1792,MSAVI,65536,33889,12238.0,46127.0,19409.0,bad,0.5171051025390625,0.186737060546875,0.2961578369140625
2231,512_768_1792_2048,MSAVI,65536,35846,12498.0,48344.0,17192.0,bad,0.546966552734375,0.190704345703125,0.2623291015625
2232,512_768_2048_2304,MSAVI,65536,36485,15575.0,52060.0,13476.0,bad,0.5567169189453125,0.2376556396484375,0.20562744140625
2233,512_768_2304_2560,MSAVI,65536,35790,12435.0,48225.0,17311.0,bad,0.546112060546875,0.1897430419921875,0.2641448974609375
2234,512_768_2560_2816,MSAVI,65536,40081,12671.0,52752.0,12784.0,bad,0.6115875244140625,0.1933441162109375,0.195068359375
2235,512_768_2816_3072,MSAVI,65536,50062,7921.0,57983.0,7553.0,bad,0.763885498046875,0.1208648681640625,0.1152496337890625
2236,512_768_3072_3328,MSAVI,65536,42341,10911.0,53252.0,12284.0,bad,0.6460723876953125,0.1664886474609375,0.18743896484375
2237,512_768_3328_3584,MSAVI,65536,37046,10046.0,47092.0,18444.0,bad,0.565277099609375,0.153289794921875,0.28143310546875
2238,512_768_3584_3840,MSAVI,65536,31738,13024.0,44762.0,20774.0,bad,0.484283447265625,0.19873046875,0.316986083984375
2239,512_768_3840_4096,MSAVI,65536,31337,10779.0,42116.0,23420.0,bad,0.4781646728515625,0.1644744873046875,0.35736083984375
2240,512_768_4096_4352,MSAVI,65536,34270,11548.0,45818.0,19718.0,bad,0.522918701171875,0.17620849609375,0.300872802734375
2241,512_768_4352_4608,MSAVI,65536,34011,14846.0,48857.0,16679.0,bad,0.5189666748046875,0.226531982421875,0.2545013427734375
2242,512_768_4608_4864,MSAVI,65536,33881,12187.0,46068.0,19468.0,bad,0.5169830322265625,0.1859588623046875,0.29705810546875
2243,512_768_4864_5120,MSAVI,65536,33322,10891.0,44213.0,21323.0,bad,0.508453369140625,0.1661834716796875,0.3253631591796875
2244,512_768_5120_5376,MSAVI,65536,33364,11984.0,45348.0,20188.0,bad,0.50909423828125,0.182861328125,0.30804443359375
2245,512_768_5376_5632,MSAVI,65536,34164,11706.0,45870.0,19666.0,bad,0.52130126953125,0.178619384765625,0.300079345703125
2246,512_768_5632_5888,MSAVI,65536,31420,8736.0,40156.0,25380.0,bad,0.47943115234375,0.13330078125,0.38726806640625
2247,512_768_5888_6144,MSAVI,65536,35568,15806.0,51374.0,14162.0,bad,0.542724609375,0.241180419921875,0.216094970703125
2248,512_768_6144_6400,MSAVI,65536,38211,11244.0,49455.0,16081.0,bad,0.5830535888671875,0.17156982421875,0.2453765869140625
2249,512_768_6400_6656,MSAVI,65536,37366,11075.0,48441.0,17095.0,bad,0.570159912109375,0.1689910888671875,0.2608489990234375
2250,512_768_6656_6912,MSAVI,65536,39850,13264.0,53114.0,12422.0,bad,0.608062744140625,0.202392578125,0.189544677734375
2251,512_768_6912_7168,MSAVI,65536,37396,9824.0,47220.0,18316.0,bad,0.57061767578125,0.14990234375,0.27947998046875
2252,512_768_7168_7424,MSAVI,65536,45373,3041.0,48414.0,17122.0,bad,0.6923370361328125,0.0464019775390625,0.261260986328125
2253,512_768_7424_7680,MSAVI,65536,40580,8596.0,49176.0,16360.0,bad,0.61920166015625,0.13116455078125,0.2496337890625
2254,512_768_7680_7936,MSAVI,65536,41850,18548.0,60398.0,5138.0,bad,0.638580322265625,0.28302001953125,0.078399658203125
2255,512_768_7936_8192,MSAVI,65536,36512,12591.0,49103.0,16433.0,bad,0.55712890625,0.1921234130859375,0.2507476806640625
2256,512_768_8192_8448,MSAVI,65536,33233,12145.0,45378.0,20158.0,bad,0.5070953369140625,0.1853179931640625,0.307586669921875
2257,512_768_8448_8704,MSAVI,65536,36249,5522.0,41771.0,23765.0,bad,0.5531158447265625,0.084259033203125,0.3626251220703125
2258,512_768_8704_8960,MSAVI,65536,33323,8683.0,42006.0,23530.0,bad,0.5084686279296875,0.1324920654296875,0.359039306640625
2259,512_768_8960_9216,MSAVI,65536,35315,8921.0,44236.0,21300.0,bad,0.5388641357421875,0.1361236572265625,0.32501220703125
2260,512_768_9216_9472,MSAVI,65317,34609,7820.0,42429.0,22888.0,bad,0.5298620573510725,0.1197238085031461,0.3504141341457813
2261,768_1024_256_512,MSAVI,65536,37656,12372.0,50028.0,15508.0,bad,0.5745849609375,0.18878173828125,0.23663330078125
2262,768_1024_512_768,MSAVI,65536,33196,12788.0,45984.0,19552.0,bad,0.50653076171875,0.19512939453125,0.29833984375
2263,768_1024_768_1024,MSAVI,65536,37530,11917.0,49447.0,16089.0,bad,0.572662353515625,0.1818389892578125,0.2454986572265625
2264,768_1024_1024_1280,MSAVI,65536,38618,15796.0,54414.0,11122.0,bad,0.589263916015625,0.24102783203125,0.169708251953125
2265,768_1024_1280_1536,MSAVI,65536,34235,14165.0,48400.0,17136.0,bad,0.5223846435546875,0.2161407470703125,0.261474609375
2266,768_1024_1536_1792,MSAVI,65536,34276,10982.0,45258.0,20278.0,bad,0.52301025390625,0.167572021484375,0.309417724609375
2267,768_1024_1792_2048,MSAVI,65536,31564,13508.0,45072.0,20464.0,bad,0.48162841796875,0.20611572265625,0.312255859375
2268,768_1024_2048_2304,MSAVI,65536,38317,14785.0,53102.0,12434.0,bad,0.5846710205078125,0.2256011962890625,0.189727783203125
2269,768_1024_2304_2560,MSAVI,65536,36117,12284.0,48401.0,17135.0,bad,0.5511016845703125,0.18743896484375,0.2614593505859375
2270,768_1024_2560_2816,MSAVI,65536,37429,11630.0,49059.0,16477.0,bad,0.5711212158203125,0.177459716796875,0.2514190673828125
2271,768_1024_2816_3072,MSAVI,65536,35705,10319.0,46024.0,19512.0,bad,0.5448150634765625,0.1574554443359375,0.2977294921875
2272,768_1024_3072_3328,MSAVI,65536,37893,8355.0,46248.0,19288.0,bad,0.5782012939453125,0.1274871826171875,0.2943115234375
2273,768_1024_3328_3584,MSAVI,65536,37868,10251.0,48119.0,17417.0,bad,0.57781982421875,0.1564178466796875,0.2657623291015625
2274,768_1024_3584_3840,MSAVI,65536,35528,12309.0,47837.0,17699.0,bad,0.5421142578125,0.1878204345703125,0.2700653076171875
2275,768_1024_3840_4096,MSAVI,65536,33287,14715.0,48002.0,17534.0,bad,0.5079193115234375,0.2245330810546875,0.267547607421875
2276,768_1024_4096_4352,MSAVI,65536,36068,11725.0,47793.0,17743.0,bad,0.55035400390625,0.1789093017578125,0.2707366943359375
2277,768_1024_4352_4608,MSAVI,65536,29059,13333.0,42392.0,23144.0,bad,0.4434051513671875,0.2034454345703125,0.3531494140625
2278,768_1024_4608_4864,MSAVI,65536,31712,11721.0,43433.0,22103.0,bad,0.48388671875,0.1788482666015625,0.3372650146484375
2279,768_1024_4864_5120,MSAVI,65536,32514,14602.0,47116.0,18420.0,bad,0.496124267578125,0.222808837890625,0.28106689453125
2280,768_1024_5120_5376,MSAVI,65536,38143,9281.0,47424.0,18112.0,bad,0.5820159912109375,0.1416168212890625,0.2763671875
2281,768_1024_5376_5632,MSAVI,65536,33751,12159.0,45910.0,19626.0,bad,0.5149993896484375,0.1855316162109375,0.299468994140625
2282,768_1024_5632_5888,MSAVI,65536,33084,11368.0,44452.0,21084.0,bad,0.50482177734375,0.1734619140625,0.32171630859375
2283,768_1024_5888_6144,MSAVI,65536,32562,10409.0,42971.0,22565.0,bad,0.496856689453125,0.1588287353515625,0.3443145751953125
2284,768_1024_6144_6400,MSAVI,65536,36322,12993.0,49315.0,16221.0,bad,0.554229736328125,0.1982574462890625,0.2475128173828125
2285,768_1024_6400_6656,MSAVI,65536,34058,17905.0,51963.0,13573.0,bad,0.519683837890625,0.2732086181640625,0.2071075439453125
2286,768_1024_6656_6912,MSAVI,65536,34528,12500.0,47028.0,18508.0,bad,0.52685546875,0.19073486328125,0.28240966796875
2287,768_1024_6912_7168,MSAVI,65536,37736,7254.0,44990.0,20546.0,bad,0.5758056640625,0.110687255859375,0.313507080078125
2288,768_1024_7168_7424,MSAVI,65536,40446,5714.0,46160.0,19376.0,bad,0.617156982421875,0.087188720703125,0.295654296875
2289,768_1024_7424_7680,MSAVI,65536,46938,8089.0,55027.0,10509.0,bad,0.716217041015625,0.1234283447265625,0.1603546142578125
2290,768_1024_7680_7936,MSAVI,65536,40471,20366.0,60837.0,4699.0,bad,0.6175384521484375,0.310760498046875,0.0717010498046875
2291,768_1024_7936_8192,MSAVI,65536,34475,11185.0,45660.0,19876.0,bad,0.5260467529296875,0.1706695556640625,0.30328369140625
2292,768_1024_8192_8448,MSAVI,65536,32423,7502.0,39925.0,25611.0,bad,0.4947357177734375,0.114471435546875,0.3907928466796875
2293,768_1024_8448_8704,MSAVI,65536,36283,7957.0,44240.0,21296.0,bad,0.5536346435546875,0.1214141845703125,0.324951171875
2294,768_1024_8704_8960,MSAVI,65536,38512,6386.0,44898.0,20638.0,bad,0.587646484375,0.097442626953125,0.314910888671875
2295,768_1024_8960_9216,MSAVI,65536,34955,7865.0,42820.0,22716.0,bad,0.5333709716796875,0.1200103759765625,0.34661865234375
2296,768_1024_9216_9472,MSAVI,65536,34568,13917.0,48485.0,17051.0,bad,0.5274658203125,0.2123565673828125,0.2601776123046875
2297,1024_1280_256_512,MSAVI,65536,33513,10207.0,43720.0,21816.0,bad,0.5113677978515625,0.1557464599609375,0.3328857421875
2298,1024_1280_512_768,MSAVI,65536,33720,10367.0,44087.0,21449.0,bad,0.5145263671875,0.1581878662109375,0.3272857666015625
2299,1024_1280_768_1024,MSAVI,65536,32390,13227.0,45617.0,19919.0,bad,0.494232177734375,0.2018280029296875,0.3039398193359375
2300,1024_1280_1024_1280,MSAVI,65536,32721,8275.0,40996.0,24540.0,bad,0.4992828369140625,0.1262664794921875,0.37445068359375
2301,1024_1280_1280_1536,MSAVI,65536,32619,9506.0,42125.0,23411.0,bad,0.4977264404296875,0.145050048828125,0.3572235107421875
2302,1024_1280_1536_1792,MSAVI,65536,37872,10865.0,48737.0,16799.0,bad,0.577880859375,0.1657867431640625,0.2563323974609375
2303,1024_1280_1792_2048,MSAVI,65536,32548,13367.0,45915.0,19621.0,bad,0.49664306640625,0.2039642333984375,0.2993927001953125
2304,1024_1280_2048_2304,MSAVI,65536,34065,8322.0,42387.0,23149.0,bad,0.5197906494140625,0.126983642578125,0.3532257080078125
2305,1024_1280_2304_2560,MSAVI,65536,35767,12632.0,48399.0,17137.0,bad,0.5457611083984375,0.1927490234375,0.2614898681640625
2306,1024_1280_2560_2816,MSAVI,65536,40631,11145.0,51776.0,13760.0,bad,0.6199798583984375,0.1700592041015625,0.2099609375
2307,1024_1280_2816_3072,MSAVI,65536,35019,8285.0,43304.0,22232.0,bad,0.5343475341796875,0.1264190673828125,0.3392333984375
2308,1024_1280_3072_3328,MSAVI,65536,31521,9738.0,41259.0,24277.0,bad,0.4809722900390625,0.148590087890625,0.3704376220703125
2309,1024_1280_3328_3584,MSAVI,65536,32409,9006.0,41415.0,24121.0,bad,0.4945220947265625,0.137420654296875,0.3680572509765625
2310,1024_1280_3584_3840,MSAVI,65536,32154,12111.0,44265.0,21271.0,bad,0.490631103515625,0.1847991943359375,0.3245697021484375
2311,1024_1280_3840_4096,MSAVI,65536,31595,15741.0,47336.0,18200.0,bad,0.4821014404296875,0.2401885986328125,0.2777099609375
2312,1024_1280_4096_4352,MSAVI,65536,31328,9893.0,41221.0,24315.0,bad,0.47802734375,0.1509552001953125,0.3710174560546875
2313,1024_1280_4352_4608,MSAVI,65536,36348,13004.0,49352.0,16184.0,bad,0.55462646484375,0.19842529296875,0.2469482421875
2314,1024_1280_4608_4864,MSAVI,65536,30250,12971.0,43221.0,22315.0,bad,0.461578369140625,0.1979217529296875,0.3404998779296875
2315,1024_1280_4864_5120,MSAVI,65536,33546,9527.0,43073.0,22463.0,bad,0.511871337890625,0.1453704833984375,0.3427581787109375
2316,1024_1280_5120_5376,MSAVI,65536,35238,7643.0,42881.0,22655.0,bad,0.537689208984375,0.1166229248046875,0.3456878662109375
2317,1024_1280_5376_5632,MSAVI,65536,33684,7205.0,40889.0,24647.0,bad,0.51397705078125,0.1099395751953125,0.3760833740234375
2318,1024_1280_5632_5888,MSAVI,65536,29902,9987.0,39889.0,25647.0,bad,0.456268310546875,0.1523895263671875,0.3913421630859375
2319,1024_1280_5888_6144,MSAVI,65536,33251,9641.0,42892.0,22644.0,bad,0.5073699951171875,0.1471099853515625,0.34552001953125
2320,1024_1280_6144_6400,MSAVI,65536,37080,7249.0,44329.0,21207.0,bad,0.5657958984375,0.1106109619140625,0.3235931396484375
2321,1024_1280_6400_6656,MSAVI,65536,33375,11406.0,44781.0,20755.0,bad,0.5092620849609375,0.174041748046875,0.3166961669921875
2322,1024_1280_6656_6912,MSAVI,65536,34551,14247.0,48798.0,16738.0,bad,0.5272064208984375,0.2173919677734375,0.255401611328125
2323,1024_1280_6912_7168,MSAVI,65536,39437,8264.0,47701.0,17835.0,bad,0.6017608642578125,0.1260986328125,0.2721405029296875
2324,1024_1280_7168_7424,MSAVI,65536,42043,5550.0,47593.0,17943.0,bad,0.6415252685546875,0.084686279296875,0.2737884521484375
2325,1024_1280_7424_7680,MSAVI,65536,39674,7384.0,47058.0,18478.0,bad,0.605377197265625,0.1126708984375,0.281951904296875
2326,1024_1280_7680_7936,MSAVI,65536,30169,320.0,30489.0,35047.0,bad,0.4603424072265625,0.0048828125,0.5347747802734375
2327,1024_1280_7936_8192,MSAVI,65536,35147,9568.0,44715.0,20821.0,bad,0.5363006591796875,0.14599609375,0.3177032470703125
2328,1024_1280_8192_8448,MSAVI,65536,32364,8188.0,40552.0,24984.0,bad,0.49383544921875,0.12493896484375,0.3812255859375
2329,1024_1280_8448_8704,MSAVI,65536,34538,8870.0,43408.0,22128.0,bad,0.527008056640625,0.135345458984375,0.337646484375
2330,1024_1280_8704_8960,MSAVI,65536,37361,10773.0,48134.0,17402.0,bad,0.5700836181640625,0.1643829345703125,0.265533447265625
2331,1024_1280_8960_9216,MSAVI,65536,32926,12100.0,45026.0,20510.0,bad,0.502410888671875,0.18463134765625,0.312957763671875
2332,1024_1280_9216_9472,MSAVI,65536,33985,7599.0,41584.0,23952.0,bad,0.5185699462890625,0.1159515380859375,0.365478515625
2333,1024_1280_9472_9728,MSAVI,65536,38298,8837.0,47135.0,18401.0,bad,0.584381103515625,0.1348419189453125,0.2807769775390625
2334,1280_1536_0_256,MSAVI,65536,35204,8049.0,43253.0,22283.0,bad,0.53717041015625,0.1228179931640625,0.3400115966796875
2335,1280_1536_256_512,MSAVI,65536,31759,16149.0,47908.0,17628.0,bad,0.4846038818359375,0.2464141845703125,0.26898193359375
2336,1280_1536_512_768,MSAVI,65536,35464,13493.0,48957.0,16579.0,bad,0.5411376953125,0.2058868408203125,0.2529754638671875
2337,1280_1536_768_1024,MSAVI,65536,37694,7486.0,45180.0,20356.0,bad,0.575164794921875,0.114227294921875,0.31060791015625
2338,1280_1536_1024_1280,MSAVI,65536,32176,9151.0,41327.0,24209.0,bad,0.490966796875,0.1396331787109375,0.3694000244140625
2339,1280_1536_1280_1536,MSAVI,65536,30081,17013.0,47094.0,18442.0,bad,0.4589996337890625,0.2595977783203125,0.281402587890625
2340,1280_1536_1536_1792,MSAVI,65536,32482,11548.0,44030.0,21506.0,bad,0.495635986328125,0.17620849609375,0.328155517578125
2341,1280_1536_1792_2048,MSAVI,65536,32582,11715.0,44297.0,21239.0,bad,0.497161865234375,0.1787567138671875,0.3240814208984375
2342,1280_1536_2048_2304,MSAVI,65536,30628,12515.0,43143.0,22393.0,bad,0.46734619140625,0.1909637451171875,0.3416900634765625
2343,1280_1536_2304_2560,MSAVI,65536,31137,15024.0,46161.0,19375.0,bad,0.4751129150390625,0.229248046875,0.2956390380859375
2344,1280_1536_2560_2816,MSAVI,65536,32932,14723.0,47655.0,17881.0,bad,0.50250244140625,0.2246551513671875,0.2728424072265625
2345,1280_1536_2816_3072,MSAVI,65536,34340,14287.0,48627.0,16909.0,bad,0.52398681640625,0.2180023193359375,0.2580108642578125
2346,1280_1536_3072_3328,MSAVI,65536,31203,6625.0,37828.0,27708.0,bad,0.4761199951171875,0.1010894775390625,0.42279052734375
2347,1280_1536_3328_3584,MSAVI,65536,31238,8251.0,39489.0,26047.0,bad,0.476654052734375,0.1259002685546875,0.3974456787109375
2348,1280_1536_3584_3840,MSAVI,65536,31009,12080.0,43089.0,22447.0,bad,0.4731597900390625,0.184326171875,0.3425140380859375
2349,1280_1536_3840_4096,MSAVI,65536,31842,12377.0,44219.0,21317.0,bad,0.485870361328125,0.1888580322265625,0.3252716064453125
2350,1280_1536_4096_4352,MSAVI,65536,31569,13285.0,44854.0,20682.0,bad,0.4817047119140625,0.2027130126953125,0.315582275390625
2351,1280_1536_4352_4608,MSAVI,65536,31962,14266.0,46228.0,19308.0,bad,0.487701416015625,0.217681884765625,0.29461669921875
2352,1280_1536_4608_4864,MSAVI,65536,33107,19451.0,52558.0,12978.0,bad,0.5051727294921875,0.2967987060546875,0.198028564453125
2353,1280_1536_4864_5120,MSAVI,65536,30954,13050.0,44004.0,21532.0,bad,0.472320556640625,0.199127197265625,0.32855224609375
2354,1280_1536_5120_5376,MSAVI,65536,32222,8047.0,40269.0,25267.0,bad,0.491668701171875,0.1227874755859375,0.3855438232421875
2355,1280_1536_5376_5632,MSAVI,65536,33547,12914.0,46461.0,19075.0,bad,0.5118865966796875,0.197052001953125,0.2910614013671875
2356,1280_1536_5632_5888,MSAVI,65536,35344,12351.0,47695.0,17841.0,bad,0.539306640625,0.1884613037109375,0.2722320556640625
2357,1280_1536_5888_6144,MSAVI,65536,38796,8380.0,47176.0,18360.0,bad,0.59197998046875,0.12786865234375,0.2801513671875
2358,1280_1536_6144_6400,MSAVI,65536,34146,8299.0,42445.0,23091.0,bad,0.521026611328125,0.1266326904296875,0.3523406982421875
2359,1280_1536_6400_6656,MSAVI,65536,35668,9807.0,45475.0,20061.0,bad,0.54425048828125,0.1496429443359375,0.3061065673828125
2360,1280_1536_6656_6912,MSAVI,65536,35833,11170.0,47003.0,18533.0,bad,0.5467681884765625,0.170440673828125,0.2827911376953125
2361,1280_1536_6912_7168,MSAVI,65536,38402,7077.0,45479.0,20057.0,bad,0.585968017578125,0.1079864501953125,0.3060455322265625
2362,1280_1536_7168_7424,MSAVI,65536,40896,4850.0,45746.0,19790.0,bad,0.6240234375,0.074005126953125,0.301971435546875
2363,1280_1536_7424_7680,MSAVI,65536,33020,20186.0,53206.0,12330.0,bad,0.50384521484375,0.308013916015625,0.188140869140625
2364,1280_1536_7680_7936,MSAVI,65536,34854,20392.0,55246.0,10290.0,bad,0.531829833984375,0.3111572265625,0.157012939453125
2365,1280_1536_7936_8192,MSAVI,65536,33312,8336.0,41648.0,23888.0,bad,0.50830078125,0.127197265625,0.364501953125
2366,1280_1536_8192_8448,MSAVI,65536,32059,4215.0,36274.0,29262.0,bad,0.4891815185546875,0.0643157958984375,0.446502685546875
2367,1280_1536_8448_8704,MSAVI,65536,33859,5424.0,39283.0,26253.0,bad,0.5166473388671875,0.082763671875,0.4005889892578125
2368,1280_1536_8704_8960,MSAVI,65536,38097,7789.0,45886.0,19650.0,bad,0.5813140869140625,0.1188507080078125,0.299835205078125
2369,1280_1536_8960_9216,MSAVI,65536,35683,7051.0,42734.0,22802.0,bad,0.5444793701171875,0.1075897216796875,0.347930908203125
2370,1280_1536_9216_9472,MSAVI,65536,31853,10105.0,41958.0,23578.0,bad,0.4860382080078125,0.1541900634765625,0.359771728515625
2371,1280_1536_9472_9728,MSAVI,65536,38598,7815.0,46413.0,19123.0,bad,0.588958740234375,0.1192474365234375,0.2917938232421875
2372,1536_1792_0_256,MSAVI,65536,35642,15754.0,51396.0,14140.0,bad,0.543853759765625,0.240386962890625,0.21575927734375
2373,1536_1792_256_512,MSAVI,65536,36309,11604.0,47913.0,17623.0,bad,0.5540313720703125,0.17706298828125,0.2689056396484375
2374,1536_1792_512_768,MSAVI,65536,36777,12778.0,49555.0,15981.0,bad,0.5611724853515625,0.194976806640625,0.2438507080078125
2375,1536_1792_768_1024,MSAVI,65536,32598,16228.0,48826.0,16710.0,bad,0.497406005859375,0.24761962890625,0.254974365234375
2376,1536_1792_1024_1280,MSAVI,65536,33313,10771.0,44084.0,21452.0,bad,0.5083160400390625,0.1643524169921875,0.32733154296875
2377,1536_1792_1280_1536,MSAVI,65536,31494,14343.0,45837.0,19699.0,bad,0.480560302734375,0.2188568115234375,0.3005828857421875
2378,1536_1792_1536_1792,MSAVI,65536,35419,12363.0,47782.0,17754.0,bad,0.5404510498046875,0.1886444091796875,0.270904541015625
2379,1536_1792_1792_2048,MSAVI,65536,32549,9892.0,42441.0,23095.0,bad,0.4966583251953125,0.15093994140625,0.3524017333984375
2380,1536_1792_2048_2304,MSAVI,65536,32890,8195.0,41085.0,24451.0,bad,0.501861572265625,0.1250457763671875,0.3730926513671875
2381,1536_1792_2304_2560,MSAVI,65536,36480,10248.0,46728.0,18808.0,bad,0.556640625,0.1563720703125,0.2869873046875
2382,1536_1792_2560_2816,MSAVI,65536,29793,14944.0,44737.0,20799.0,bad,0.4546051025390625,0.22802734375,0.3173675537109375
2383,1536_1792_2816_3072,MSAVI,65536,30730,10263.0,40993.0,24543.0,bad,0.468902587890625,0.1566009521484375,0.3744964599609375
2384,1536_1792_3072_3328,MSAVI,65536,33155,9915.0,43070.0,22466.0,bad,0.5059051513671875,0.1512908935546875,0.342803955078125
2385,1536_1792_3328_3584,MSAVI,65536,33391,8616.0,42007.0,23529.0,bad,0.5095062255859375,0.1314697265625,0.3590240478515625
2386,1536_1792_3584_3840,MSAVI,65536,33758,12875.0,46633.0,18903.0,bad,0.515106201171875,0.1964569091796875,0.2884368896484375
2387,1536_1792_3840_4096,MSAVI,65536,31338,13313.0,44651.0,20885.0,bad,0.478179931640625,0.2031402587890625,0.3186798095703125
2388,1536_1792_4096_4352,MSAVI,65536,31712,11069.0,42781.0,22755.0,bad,0.48388671875,0.1688995361328125,0.3472137451171875
2389,1536_1792_4352_4608,MSAVI,65536,31118,7075.0,38193.0,27343.0,bad,0.474822998046875,0.1079559326171875,0.4172210693359375
2390,1536_1792_4608_4864,MSAVI,65536,32640,15913.0,48553.0,16983.0,bad,0.498046875,0.2428131103515625,0.2591400146484375
2391,1536_1792_4864_5120,MSAVI,65536,30231,10256.0,40487.0,25049.0,bad,0.4612884521484375,0.156494140625,0.3822174072265625
2392,1536_1792_5120_5376,MSAVI,65536,33332,6005.0,39337.0,26199.0,bad,0.50860595703125,0.0916290283203125,0.3997650146484375
2393,1536_1792_5376_5632,MSAVI,65536,33760,9084.0,42844.0,22692.0,bad,0.51513671875,0.13861083984375,0.34625244140625
2394,1536_1792_5632_5888,MSAVI,65536,35961,13605.0,49566.0,15970.0,bad,0.5487213134765625,0.2075958251953125,0.243682861328125
2395,1536_1792_5888_6144,MSAVI,65536,38240,7481.0,45721.0,19815.0,bad,0.58349609375,0.1141510009765625,0.3023529052734375
2396,1536_1792_6144_6400,MSAVI,65536,34254,10243.0,44497.0,21039.0,bad,0.522674560546875,0.1562957763671875,0.3210296630859375
2397,1536_1792_6400_6656,MSAVI,65536,32988,10345.0,43333.0,22203.0,bad,0.50335693359375,0.1578521728515625,0.3387908935546875
2398,1536_1792_6656_6912,MSAVI,65536,36152,11903.0,48055.0,17481.0,bad,0.5516357421875,0.1816253662109375,0.2667388916015625
2399,1536_1792_6912_7168,MSAVI,65536,39966,5432.0,45398.0,20138.0,bad,0.609832763671875,0.0828857421875,0.307281494140625
2400,1536_1792_7168_7424,MSAVI,65536,44752,7783.0,52535.0,13001.0,bad,0.682861328125,0.1187591552734375,0.1983795166015625
2401,1536_1792_7424_7680,MSAVI,65536,33849,22826.0,56675.0,8861.0,bad,0.5164947509765625,0.348297119140625,0.1352081298828125
2402,1536_1792_7680_7936,MSAVI,65536,44043,8985.0,53028.0,12508.0,bad,0.6720428466796875,0.1371002197265625,0.19085693359375
2403,1536_1792_7936_8192,MSAVI,65536,37711,6905.0,44616.0,20920.0,bad,0.5754241943359375,0.1053619384765625,0.3192138671875
2404,1536_1792_8192_8448,MSAVI,65536,29802,3882.0,33684.0,31852.0,bad,0.454742431640625,0.059234619140625,0.48602294921875
2405,1536_1792_8448_8704,MSAVI,65536,42599,5599.0,48198.0,17338.0,bad,0.6500091552734375,0.0854339599609375,0.264556884765625
2406,1536_1792_8704_8960,MSAVI,65536,35738,12643.0,48381.0,17155.0,bad,0.545318603515625,0.1929168701171875,0.2617645263671875
2407,1536_1792_8960_9216,MSAVI,65536,34800,7583.0,42383.0,23153.0,bad,0.531005859375,0.1157073974609375,0.3532867431640625
2408,1536_1792_9216_9472,MSAVI,65536,34434,11327.0,45761.0,19775.0,bad,0.525421142578125,0.1728363037109375,0.3017425537109375
2409,1536_1792_9472_9728,MSAVI,65536,34924,10855.0,45779.0,19757.0,bad,0.53289794921875,0.1656341552734375,0.3014678955078125
2410,1792_2048_0_256,MSAVI,65536,34807,14238.0,49045.0,16491.0,bad,0.5311126708984375,0.217254638671875,0.2516326904296875
2411,1792_2048_256_512,MSAVI,65536,36439,13832.0,50271.0,15265.0,bad,0.5560150146484375,0.2110595703125,0.2329254150390625
2412,1792_2048_512_768,MSAVI,65536,32982,15885.0,48867.0,16669.0,bad,0.503265380859375,0.2423858642578125,0.2543487548828125
2413,1792_2048_768_1024,MSAVI,65536,37237,13554.0,50791.0,14745.0,bad,0.5681915283203125,0.206817626953125,0.2249908447265625
2414,1792_2048_1024_1280,MSAVI,65536,33630,14054.0,47684.0,17852.0,bad,0.513153076171875,0.214447021484375,0.27239990234375
2415,1792_2048_1280_1536,MSAVI,65536,37389,14673.0,52062.0,13474.0,bad,0.5705108642578125,0.2238922119140625,0.205596923828125
2416,1792_2048_1536_1792,MSAVI,65536,46373,10325.0,56698.0,8838.0,bad,0.7075958251953125,0.1575469970703125,0.134857177734375
2417,1792_2048_1792_2048,MSAVI,65536,36011,9282.0,45293.0,20243.0,bad,0.5494842529296875,0.141632080078125,0.3088836669921875
2418,1792_2048_2048_2304,MSAVI,65536,33851,8175.0,42026.0,23510.0,bad,0.5165252685546875,0.1247406005859375,0.358734130859375
2419,1792_2048_2304_2560,MSAVI,65536,31172,13643.0,44815.0,20721.0,bad,0.47564697265625,0.2081756591796875,0.3161773681640625
2420,1792_2048_2560_2816,MSAVI,65536,33756,13456.0,47212.0,18324.0,bad,0.51507568359375,0.205322265625,0.27960205078125
2421,1792_2048_2816_3072,MSAVI,65536,36412,9269.0,45681.0,19855.0,bad,0.55560302734375,0.1414337158203125,0.3029632568359375
2422,1792_2048_3072_3328,MSAVI,65536,31101,7963.0,39064.0,26472.0,bad,0.4745635986328125,0.1215057373046875,0.4039306640625
2423,1792_2048_3328_3584,MSAVI,65536,32027,8869.0,40896.0,24640.0,bad,0.4886932373046875,0.1353302001953125,0.3759765625
2424,1792_2048_3584_3840,MSAVI,65536,30726,20257.0,50983.0,14553.0,bad,0.468841552734375,0.3090972900390625,0.2220611572265625
2425,1792_2048_3840_4096,MSAVI,65536,31722,9708.0,41430.0,24106.0,bad,0.484039306640625,0.14813232421875,0.367828369140625
2426,1792_2048_4096_4352,MSAVI,65536,30925,8863.0,39788.0,25748.0,bad,0.4718780517578125,0.1352386474609375,0.39288330078125
2427,1792_2048_4352_4608,MSAVI,65536,33261,9692.0,42953.0,22583.0,bad,0.5075225830078125,0.14788818359375,0.3445892333984375
2428,1792_2048_4608_4864,MSAVI,65536,32937,15978.0,48915.0,16621.0,bad,0.5025787353515625,0.243804931640625,0.2536163330078125
2429,1792_2048_4864_5120,MSAVI,65536,33123,11521.0,44644.0,20892.0,bad,0.5054168701171875,0.1757965087890625,0.31878662109375
2430,1792_2048_5120_5376,MSAVI,65536,33866,6279.0,40145.0,25391.0,bad,0.516754150390625,0.0958099365234375,0.3874359130859375
2431,1792_2048_5376_5632,MSAVI,65536,33257,4112.0,37369.0,28167.0,bad,0.5074615478515625,0.062744140625,0.4297943115234375
2432,1792_2048_5632_5888,MSAVI,65536,32668,11400.0,44068.0,21468.0,bad,0.49847412109375,0.1739501953125,0.32757568359375
2433,1792_2048_5888_6144,MSAVI,65536,36282,12591.0,48873.0,16663.0,bad,0.553619384765625,0.1921234130859375,0.2542572021484375
2434,1792_2048_6144_6400,MSAVI,65536,33659,12505.0,46164.0,19372.0,bad,0.5135955810546875,0.1908111572265625,0.29559326171875
2435,1792_2048_6400_6656,MSAVI,65536,33730,10867.0,44597.0,20939.0,bad,0.514678955078125,0.1658172607421875,0.3195037841796875
2436,1792_2048_6656_6912,MSAVI,65536,35361,10425.0,45786.0,19750.0,bad,0.5395660400390625,0.1590728759765625,0.301361083984375
2437,1792_2048_6912_7168,MSAVI,65536,39526,9515.0,49041.0,16495.0,bad,0.603118896484375,0.1451873779296875,0.2516937255859375
2438,1792_2048_7168_7424,MSAVI,65536,43055,6983.0,50038.0,15498.0,bad,0.6569671630859375,0.1065521240234375,0.236480712890625
2439,1792_2048_7424_7680,MSAVI,65536,31086,27505.0,58591.0,6945.0,bad,0.474334716796875,0.4196929931640625,0.1059722900390625
2440,1792_2048_7680_7936,MSAVI,65536,39449,11810.0,51259.0,14277.0,bad,0.6019439697265625,0.180206298828125,0.2178497314453125
2441,1792_2048_7936_8192,MSAVI,65536,37916,6522.0,44438.0,21098.0,bad,0.57855224609375,0.099517822265625,0.321929931640625
2442,1792_2048_8192_8448,MSAVI,65536,31425,3080.0,34505.0,31031.0,bad,0.4795074462890625,0.0469970703125,0.4734954833984375
2443,1792_2048_8448_8704,MSAVI,65536,40571,4429.0,45000.0,20536.0,bad,0.6190643310546875,0.0675811767578125,0.3133544921875
2444,1792_2048_8704_8960,MSAVI,65536,37902,8097.0,45999.0,19537.0,bad,0.578338623046875,0.1235504150390625,0.2981109619140625
2445,1792_2048_8960_9216,MSAVI,65536,35083,10246.0,45329.0,20207.0,bad,0.5353240966796875,0.156341552734375,0.3083343505859375
2446,1792_2048_9216_9472,MSAVI,65536,34600,12384.0,46984.0,18552.0,bad,0.5279541015625,0.18896484375,0.2830810546875
2447,1792_2048_9472_9728,MSAVI,65536,36245,12672.0,48917.0,16619.0,bad,0.5530548095703125,0.193359375,0.2535858154296875
2448,2048_2304_0_256,MSAVI,65536,31731,12833.0,44564.0,20972.0,bad,0.4841766357421875,0.1958160400390625,0.32000732421875
2449,2048_2304_256_512,MSAVI,65536,31120,14885.0,46005.0,19531.0,bad,0.474853515625,0.2271270751953125,0.2980194091796875
2450,2048_2304_512_768,MSAVI,65536,35942,12342.0,48284.0,17252.0,bad,0.548431396484375,0.188323974609375,0.26324462890625
2451,2048_2304_768_1024,MSAVI,65536,38288,9194.0,47482.0,18054.0,bad,0.584228515625,0.140289306640625,0.275482177734375
2452,2048_2304_1024_1280,MSAVI,65536,34422,13229.0,47651.0,17885.0,bad,0.525238037109375,0.2018585205078125,0.2729034423828125
2453,2048_2304_1280_1536,MSAVI,65536,32000,12267.0,44267.0,21269.0,bad,0.48828125,0.1871795654296875,0.3245391845703125
2454,2048_2304_1536_1792,MSAVI,65536,32594,14393.0,46987.0,18549.0,bad,0.497344970703125,0.2196197509765625,0.2830352783203125
2455,2048_2304_1792_2048,MSAVI,65536,31913,9220.0,41133.0,24403.0,bad,0.4869537353515625,0.14068603515625,0.3723602294921875
2456,2048_2304_2048_2304,MSAVI,65536,32746,7186.0,39932.0,25604.0,bad,0.499664306640625,0.109649658203125,0.39068603515625
2457,2048_2304_2304_2560,MSAVI,65536,30015,7225.0,37240.0,28296.0,bad,0.4579925537109375,0.1102447509765625,0.4317626953125
2458,2048_2304_2560_2816,MSAVI,65536,34910,15068.0,49978.0,15558.0,bad,0.532684326171875,0.22991943359375,0.237396240234375
2459,2048_2304_2816_3072,MSAVI,65536,30649,6866.0,37515.0,28021.0,bad,0.4676666259765625,0.104766845703125,0.4275665283203125
2460,2048_2304_3072_3328,MSAVI,65536,31451,14497.0,45948.0,19588.0,bad,0.4799041748046875,0.2212066650390625,0.29888916015625
2461,2048_2304_3328_3584,MSAVI,65536,30588,12718.0,43306.0,22230.0,bad,0.46673583984375,0.194061279296875,0.339202880859375
2462,2048_2304_3584_3840,MSAVI,65536,35273,8969.0,44242.0,21294.0,bad,0.5382232666015625,0.1368560791015625,0.324920654296875
2463,2048_2304_3840_4096,MSAVI,65536,31470,11617.0,43087.0,22449.0,bad,0.480194091796875,0.1772613525390625,0.3425445556640625
2464,2048_2304_4096_4352,MSAVI,65536,38429,12719.0,51148.0,14388.0,bad,0.5863800048828125,0.1940765380859375,0.21954345703125
2465,2048_2304_4352_4608,MSAVI,65536,34438,11950.0,46388.0,19148.0,bad,0.525482177734375,0.182342529296875,0.29217529296875
2466,2048_2304_4608_4864,MSAVI,65536,34128,14498.0,48626.0,16910.0,bad,0.520751953125,0.221221923828125,0.258026123046875
2467,2048_2304_4864_5120,MSAVI,65536,34171,12184.0,46355.0,19181.0,bad,0.5214080810546875,0.1859130859375,0.2926788330078125
2468,2048_2304_5120_5376,MSAVI,65536,31540,8318.0,39858.0,25678.0,bad,0.48126220703125,0.126922607421875,0.391815185546875
2469,2048_2304_5376_5632,MSAVI,65536,32737,13487.0,46224.0,19312.0,bad,0.4995269775390625,0.2057952880859375,0.294677734375
2470,2048_2304_5632_5888,MSAVI,65536,32835,14564.0,47399.0,18137.0,bad,0.5010223388671875,0.22222900390625,0.2767486572265625
2471,2048_2304_5888_6144,MSAVI,65536,34590,14935.0,49525.0,16011.0,bad,0.527801513671875,0.2278900146484375,0.2443084716796875
2472,2048_2304_6144_6400,MSAVI,65536,38809,7957.0,46766.0,18770.0,bad,0.5921783447265625,0.1214141845703125,0.286407470703125
2473,2048_2304_6400_6656,MSAVI,65536,35743,9586.0,45329.0,20207.0,bad,0.5453948974609375,0.146270751953125,0.3083343505859375
2474,2048_2304_6656_6912,MSAVI,65536,32109,6192.0,38301.0,27235.0,bad,0.4899444580078125,0.094482421875,0.4155731201171875
2475,2048_2304_6912_7168,MSAVI,65536,40992,9993.0,50985.0,14551.0,bad,0.62548828125,0.1524810791015625,0.2220306396484375
2476,2048_2304_7168_7424,MSAVI,65536,36563,19803.0,56366.0,9170.0,bad,0.5579071044921875,0.3021697998046875,0.139923095703125
2477,2048_2304_7424_7680,MSAVI,65536,36039,19785.0,55824.0,9712.0,bad,0.5499114990234375,0.3018951416015625,0.148193359375
2478,2048_2304_7680_7936,MSAVI,65536,33630,7936.0,41566.0,23970.0,bad,0.513153076171875,0.12109375,0.365753173828125
2479,2048_2304_7936_8192,MSAVI,65536,37172,6881.0,44053.0,21483.0,bad,0.56719970703125,0.1049957275390625,0.3278045654296875
2480,2048_2304_8192_8448,MSAVI,65536,34501,4200.0,38701.0,26835.0,bad,0.5264434814453125,0.0640869140625,0.4094696044921875
2481,2048_2304_8448_8704,MSAVI,65536,36223,5881.0,42104.0,23432.0,bad,0.5527191162109375,0.0897369384765625,0.3575439453125
2482,2048_2304_8704_8960,MSAVI,65536,39843,8664.0,48507.0,17029.0,bad,0.6079559326171875,0.1322021484375,0.2598419189453125
2483,2048_2304_8960_9216,MSAVI,65536,36647,7766.0,44413.0,21123.0,bad,0.5591888427734375,0.118499755859375,0.3223114013671875
2484,2048_2304_9216_9472,MSAVI,65536,33331,14589.0,47920.0,17616.0,bad,0.5085906982421875,0.2226104736328125,0.268798828125
2485,2048_2304_9472_9728,MSAVI,65536,38094,10701.0,48795.0,16741.0,bad,0.581268310546875,0.1632843017578125,0.2554473876953125
2486,2304_2560_0_256,MSAVI,65536,39557,12177.0,51734.0,13802.0,bad,0.6035919189453125,0.1858062744140625,0.210601806640625
2487,2304_2560_256_512,MSAVI,65536,33775,14540.0,48315.0,17221.0,bad,0.5153656005859375,0.22186279296875,0.2627716064453125
2488,2304_2560_512_768,MSAVI,65536,32709,15245.0,47954.0,17582.0,bad,0.4990997314453125,0.2326202392578125,0.268280029296875
2489,2304_2560_768_1024,MSAVI,65536,34886,11516.0,46402.0,19134.0,bad,0.532318115234375,0.17572021484375,0.291961669921875
2490,2304_2560_1024_1280,MSAVI,65536,33401,13160.0,46561.0,18975.0,bad,0.5096588134765625,0.2008056640625,0.2895355224609375
2491,2304_2560_1280_1536,MSAVI,65536,34294,19778.0,54072.0,11464.0,bad,0.523284912109375,0.301788330078125,0.1749267578125
2492,2304_2560_1536_1792,MSAVI,65536,30888,8796.0,39684.0,25852.0,bad,0.4713134765625,0.13421630859375,0.39447021484375
2493,2304_2560_1792_2048,MSAVI,65536,31408,11840.0,43248.0,22288.0,bad,0.479248046875,0.1806640625,0.340087890625
2494,2304_2560_2048_2304,MSAVI,65536,30547,10166.0,40713.0,24823.0,bad,0.4661102294921875,0.155120849609375,0.3787689208984375
2495,2304_2560_2304_2560,MSAVI,65536,35181,11621.0,46802.0,18734.0,bad,0.5368194580078125,0.1773223876953125,0.285858154296875
2496,2304_2560_2560_2816,MSAVI,65536,33710,16033.0,49743.0,15793.0,bad,0.514373779296875,0.2446441650390625,0.2409820556640625
2497,2304_2560_2816_3072,MSAVI,65536,37401,13922.0,51323.0,14213.0,bad,0.5706939697265625,0.212432861328125,0.2168731689453125
2498,2304_2560_3072_3328,MSAVI,65536,32629,10709.0,43338.0,22198.0,bad,0.4978790283203125,0.1634063720703125,0.338714599609375
2499,2304_2560_3328_3584,MSAVI,65536,37292,9247.0,46539.0,18997.0,bad,0.56903076171875,0.1410980224609375,0.2898712158203125
2500,2304_2560_3584_3840,MSAVI,65536,37510,9128.0,46638.0,18898.0,bad,0.572357177734375,0.1392822265625,0.288360595703125
2501,2304_2560_3840_4096,MSAVI,65536,33751,10939.0,44690.0,20846.0,bad,0.5149993896484375,0.1669158935546875,0.318084716796875
2502,2304_2560_4096_4352,MSAVI,65536,32940,7426.0,40366.0,25170.0,bad,0.50262451171875,0.113311767578125,0.384063720703125
2503,2304_2560_4352_4608,MSAVI,65536,34469,11066.0,45535.0,20001.0,bad,0.5259552001953125,0.168853759765625,0.3051910400390625
2504,2304_2560_4608_4864,MSAVI,65536,34716,14373.0,49089.0,16447.0,bad,0.52972412109375,0.2193145751953125,0.2509613037109375
2505,2304_2560_4864_5120,MSAVI,65536,34572,19246.0,53818.0,11718.0,bad,0.52752685546875,0.293670654296875,0.178802490234375
2506,2304_2560_5120_5376,MSAVI,65536,33957,7372.0,41329.0,24207.0,bad,0.5181427001953125,0.11248779296875,0.3693695068359375
2507,2304_2560_5376_5632,MSAVI,65536,50134,4521.0,54655.0,10881.0,bad,0.764984130859375,0.0689849853515625,0.1660308837890625
2508,2304_2560_5632_5888,MSAVI,65536,30094,10098.0,40192.0,25344.0,bad,0.459197998046875,0.154083251953125,0.38671875
2509,2304_2560_5888_6144,MSAVI,65536,33002,14384.0,47386.0,18150.0,bad,0.503570556640625,0.219482421875,0.276947021484375
2510,2304_2560_6144_6400,MSAVI,65536,33748,12746.0,46494.0,19042.0,bad,0.51495361328125,0.194488525390625,0.290557861328125
2511,2304_2560_6400_6656,MSAVI,65536,33049,10519.0,43568.0,21968.0,bad,0.5042877197265625,0.1605072021484375,0.335205078125
2512,2304_2560_6656_6912,MSAVI,65536,32333,15157.0,47490.0,18046.0,bad,0.4933624267578125,0.2312774658203125,0.275360107421875
2513,2304_2560_6912_7168,MSAVI,65536,43457,12326.0,55783.0,9753.0,bad,0.6631011962890625,0.188079833984375,0.1488189697265625
2514,2304_2560_7168_7424,MSAVI,65536,24964,36402.0,61366.0,4170.0,bad,0.38092041015625,0.555450439453125,0.063629150390625
2515,2304_2560_7424_7680,MSAVI,65536,38247,15998.0,54245.0,11291.0,bad,0.5836029052734375,0.244110107421875,0.1722869873046875
2516,2304_2560_7680_7936,MSAVI,65536,39954,9654.0,49608.0,15928.0,bad,0.609649658203125,0.147308349609375,0.2430419921875
2517,2304_2560_7936_8192,MSAVI,65536,34168,11540.0,45708.0,19828.0,bad,0.5213623046875,0.17608642578125,0.30255126953125
2518,2304_2560_8192_8448,MSAVI,65536,33786,4786.0,38572.0,26964.0,bad,0.515533447265625,0.073028564453125,0.41143798828125
2519,2304_2560_8448_8704,MSAVI,65536,35929,7038.0,42967.0,22569.0,bad,0.5482330322265625,0.107391357421875,0.3443756103515625
2520,2304_2560_8704_8960,MSAVI,65536,33720,13187.0,46907.0,18629.0,bad,0.5145263671875,0.2012176513671875,0.2842559814453125
2521,2304_2560_8960_9216,MSAVI,65536,31749,8209.0,39958.0,25578.0,bad,0.4844512939453125,0.1252593994140625,0.390289306640625
2522,2304_2560_9216_9472,MSAVI,65536,28868,3489.0,32357.0,33179.0,bad,0.44049072265625,0.0532379150390625,0.5062713623046875
2523,2304_2560_9472_9728,MSAVI,65536,37973,8360.0,46333.0,19203.0,bad,0.5794219970703125,0.1275634765625,0.2930145263671875
2524,2560_2816_0_256,MSAVI,65536,39196,10181.0,49377.0,16159.0,bad,0.59808349609375,0.1553497314453125,0.2465667724609375
2525,2560_2816_256_512,MSAVI,65536,35779,6792.0,42571.0,22965.0,bad,0.5459442138671875,0.1036376953125,0.3504180908203125
2526,2560_2816_512_768,MSAVI,65536,32501,14258.0,46759.0,18777.0,bad,0.4959259033203125,0.217559814453125,0.2865142822265625
2527,2560_2816_768_1024,MSAVI,65536,35850,11159.0,47009.0,18527.0,bad,0.547027587890625,0.1702728271484375,0.2826995849609375
2528,2560_2816_1024_1280,MSAVI,65536,31769,12675.0,44444.0,21092.0,bad,0.4847564697265625,0.1934051513671875,0.32183837890625
2529,2560_2816_1280_1536,MSAVI,65536,31795,12994.0,44789.0,20747.0,bad,0.4851531982421875,0.198272705078125,0.3165740966796875
2530,2560_2816_1536_1792,MSAVI,65536,31622,17213.0,48835.0,16701.0,bad,0.482513427734375,0.2626495361328125,0.2548370361328125
2531,2560_2816_1792_2048,MSAVI,65536,30380,17256.0,47636.0,17900.0,bad,0.46356201171875,0.2633056640625,0.27313232421875
2532,2560_2816_2048_2304,MSAVI,65536,33110,11775.0,44885.0,20651.0,bad,0.505218505859375,0.1796722412109375,0.3151092529296875
2533,2560_2816_2304_2560,MSAVI,65536,36538,11635.0,48173.0,17363.0,bad,0.557525634765625,0.1775360107421875,0.2649383544921875
2534,2560_2816_2560_2816,MSAVI,65536,35261,15828.0,51089.0,14447.0,bad,0.5380401611328125,0.24151611328125,0.2204437255859375
2535,2560_2816_2816_3072,MSAVI,65536,32381,15880.0,48261.0,17275.0,bad,0.4940948486328125,0.2423095703125,0.2635955810546875
2536,2560_2816_3072_3328,MSAVI,65536,31806,12127.0,43933.0,21603.0,bad,0.485321044921875,0.1850433349609375,0.3296356201171875
2537,2560_2816_3328_3584,MSAVI,65536,36194,12774.0,48968.0,16568.0,bad,0.552276611328125,0.194915771484375,0.2528076171875
2538,2560_2816_3584_3840,MSAVI,65536,36039,15660.0,51699.0,13837.0,bad,0.5499114990234375,0.23895263671875,0.2111358642578125
2539,2560_2816_3840_4096,MSAVI,65536,33343,11776.0,45119.0,20417.0,bad,0.5087738037109375,0.1796875,0.3115386962890625
2540,2560_2816_4096_4352,MSAVI,65536,35177,7673.0,42850.0,22686.0,bad,0.5367584228515625,0.1170806884765625,0.346160888671875
2541,2560_2816_4352_4608,MSAVI,65536,37193,10459.0,47652.0,17884.0,bad,0.5675201416015625,0.1595916748046875,0.27288818359375
2542,2560_2816_4608_4864,MSAVI,65536,33309,12589.0,45898.0,19638.0,bad,0.5082550048828125,0.1920928955078125,0.299652099609375
2543,2560_2816_4864_5120,MSAVI,65536,34503,12639.0,47142.0,18394.0,bad,0.5264739990234375,0.1928558349609375,0.280670166015625
2544,2560_2816_5120_5376,MSAVI,65536,32807,6948.0,39755.0,25781.0,bad,0.5005950927734375,0.10601806640625,0.3933868408203125
2545,2560_2816_5376_5632,MSAVI,65536,32688,9408.0,42096.0,23440.0,bad,0.498779296875,0.1435546875,0.357666015625
2546,2560_2816_5632_5888,MSAVI,65536,32890,10804.0,43694.0,21842.0,bad,0.501861572265625,0.16485595703125,0.333282470703125
2547,2560_2816_5888_6144,MSAVI,65536,31897,10496.0,42393.0,23143.0,bad,0.4867095947265625,0.16015625,0.3531341552734375
2548,2560_2816_6144_6400,MSAVI,65536,30397,11800.0,42197.0,23339.0,bad,0.4638214111328125,0.1800537109375,0.3561248779296875
2549,2560_2816_6400_6656,MSAVI,65536,33003,11825.0,44828.0,20708.0,bad,0.5035858154296875,0.1804351806640625,0.31597900390625
2550,2560_2816_6656_6912,MSAVI,65536,35260,16075.0,51335.0,14201.0,bad,0.53802490234375,0.2452850341796875,0.2166900634765625
2551,2560_2816_6912_7168,MSAVI,65536,45294,9263.0,54557.0,10979.0,bad,0.691131591796875,0.1413421630859375,0.1675262451171875
2552,2560_2816_7168_7424,MSAVI,65536,18716,0.0,18716.0,46820.0,bad,0.28558349609375,0.0,0.71441650390625
2553,2560_2816_7424_7680,MSAVI,65536,46877,9266.0,56143.0,9393.0,bad,0.7152862548828125,0.141387939453125,0.1433258056640625
2554,2560_2816_7680_7936,MSAVI,65536,40412,10952.0,51364.0,14172.0,bad,0.61663818359375,0.1671142578125,0.21624755859375
2555,2560_2816_7936_8192,MSAVI,65536,40650,7201.0,47851.0,17685.0,bad,0.620269775390625,0.1098785400390625,0.2698516845703125
2556,2560_2816_8192_8448,MSAVI,65536,36758,7894.0,44652.0,20884.0,bad,0.560882568359375,0.120452880859375,0.31866455078125
2557,2560_2816_8448_8704,MSAVI,65536,36279,9301.0,45580.0,19956.0,bad,0.5535736083984375,0.1419219970703125,0.30450439453125
2558,2560_2816_8704_8960,MSAVI,65536,40500,7847.0,48347.0,17189.0,bad,0.61798095703125,0.1197357177734375,0.2622833251953125
2559,2560_2816_8960_9216,MSAVI,65536,40464,11861.0,52325.0,13211.0,bad,0.617431640625,0.1809844970703125,0.2015838623046875
2560,2560_2816_9216_9472,MSAVI,65536,38209,9999.0,48208.0,17328.0,bad,0.5830230712890625,0.1525726318359375,0.264404296875
2561,2560_2816_9472_9728,MSAVI,65536,37711,8446.0,46157.0,19379.0,bad,0.5754241943359375,0.128875732421875,0.2957000732421875
2562,2816_3072_0_256,MSAVI,65536,33039,15408.0,48447.0,17089.0,bad,0.5041351318359375,0.235107421875,0.2607574462890625
2563,2816_3072_256_512,MSAVI,65536,36181,11131.0,47312.0,18224.0,bad,0.5520782470703125,0.1698455810546875,0.278076171875
2564,2816_3072_512_768,MSAVI,65536,35632,12476.0,48108.0,17428.0,bad,0.543701171875,0.19036865234375,0.26593017578125
2565,2816_3072_768_1024,MSAVI,65536,32651,11138.0,43789.0,21747.0,bad,0.4982147216796875,0.169952392578125,0.3318328857421875
2566,2816_3072_1024_1280,MSAVI,65536,34702,12498.0,47200.0,18336.0,bad,0.529510498046875,0.190704345703125,0.27978515625
2567,2816_3072_1280_1536,MSAVI,65536,39399,12837.0,52236.0,13300.0,bad,0.6011810302734375,0.1958770751953125,0.20294189453125
2568,2816_3072_1536_1792,MSAVI,65536,34414,14593.0,49007.0,16529.0,bad,0.525115966796875,0.2226715087890625,0.2522125244140625
2569,2816_3072_1792_2048,MSAVI,65536,31755,14111.0,45866.0,19670.0,bad,0.4845428466796875,0.2153167724609375,0.300140380859375
2570,2816_3072_2048_2304,MSAVI,65536,31530,11512.0,43042.0,22494.0,bad,0.481109619140625,0.1756591796875,0.343231201171875
2571,2816_3072_2304_2560,MSAVI,65536,37431,12491.0,49922.0,15614.0,bad,0.5711517333984375,0.1905975341796875,0.238250732421875
2572,2816_3072_2560_2816,MSAVI,65536,34525,20219.0,54744.0,10792.0,bad,0.5268096923828125,0.3085174560546875,0.1646728515625
2573,2816_3072_2816_3072,MSAVI,65536,35899,11868.0,47767.0,17769.0,bad,0.5477752685546875,0.18109130859375,0.2711334228515625
2574,2816_3072_3072_3328,MSAVI,65536,33455,11048.0,44503.0,21033.0,bad,0.5104827880859375,0.1685791015625,0.3209381103515625
2575,2816_3072_3328_3584,MSAVI,65536,31221,7955.0,39176.0,26360.0,bad,0.4763946533203125,0.1213836669921875,0.4022216796875
2576,2816_3072_3584_3840,MSAVI,65536,31920,12353.0,44273.0,21263.0,bad,0.487060546875,0.1884918212890625,0.3244476318359375
2577,2816_3072_3840_4096,MSAVI,65536,32832,13600.0,46432.0,19104.0,bad,0.5009765625,0.20751953125,0.29150390625
2578,2816_3072_4096_4352,MSAVI,65536,32270,13973.0,46243.0,19293.0,bad,0.492401123046875,0.2132110595703125,0.2943878173828125
2579,2816_3072_4352_4608,MSAVI,65536,33569,11212.0,44781.0,20755.0,bad,0.5122222900390625,0.17108154296875,0.3166961669921875
2580,2816_3072_4608_4864,MSAVI,65536,34815,10074.0,44889.0,20647.0,bad,0.5312347412109375,0.153717041015625,0.3150482177734375
2581,2816_3072_4864_5120,MSAVI,65536,32413,7932.0,40345.0,25191.0,bad,0.4945831298828125,0.12103271484375,0.3843841552734375
2582,2816_3072_5120_5376,MSAVI,65536,30251,7385.0,37636.0,27900.0,bad,0.4615936279296875,0.1126861572265625,0.42572021484375
2583,2816_3072_5376_5632,MSAVI,65536,31666,7895.0,39561.0,25975.0,bad,0.483184814453125,0.1204681396484375,0.3963470458984375
2584,2816_3072_5632_5888,MSAVI,65536,33144,13426.0,46570.0,18966.0,bad,0.5057373046875,0.204864501953125,0.289398193359375
2585,2816_3072_5888_6144,MSAVI,65536,33818,13388.0,47206.0,18330.0,bad,0.516021728515625,0.20428466796875,0.279693603515625
2586,2816_3072_6144_6400,MSAVI,65536,31265,11540.0,42805.0,22731.0,bad,0.4770660400390625,0.17608642578125,0.3468475341796875
2587,2816_3072_6400_6656,MSAVI,65536,28462,4643.0,33105.0,32431.0,bad,0.434295654296875,0.0708465576171875,0.4948577880859375
2588,2816_3072_6656_6912,MSAVI,65536,33284,19462.0,52746.0,12790.0,bad,0.50787353515625,0.296966552734375,0.195159912109375
2589,2816_3072_6912_7168,MSAVI,65536,39751,18126.0,57877.0,7659.0,bad,0.6065521240234375,0.276580810546875,0.1168670654296875
2590,2816_3072_7168_7424,MSAVI,65536,27826,127.0,27953.0,37583.0,bad,0.424591064453125,0.0019378662109375,0.5734710693359375
2591,2816_3072_7424_7680,MSAVI,65536,31768,3889.0,35657.0,29879.0,bad,0.4847412109375,0.0593414306640625,0.4559173583984375
2592,2816_3072_7680_7936,MSAVI,65536,32817,12532.0,45349.0,20187.0,bad,0.5007476806640625,0.19122314453125,0.3080291748046875
2593,2816_3072_7936_8192,MSAVI,65536,38783,7147.0,45930.0,19606.0,bad,0.5917816162109375,0.1090545654296875,0.299163818359375
2594,2816_3072_8192_8448,MSAVI,65536,34511,8593.0,43104.0,22432.0,bad,0.5265960693359375,0.1311187744140625,0.34228515625
2595,2816_3072_8448_8704,MSAVI,65536,41145,8372.0,49517.0,16019.0,bad,0.6278228759765625,0.12774658203125,0.2444305419921875
2596,2816_3072_8704_8960,MSAVI,65536,40473,7055.0,47528.0,18008.0,bad,0.6175689697265625,0.1076507568359375,0.2747802734375
2597,2816_3072_8960_9216,MSAVI,65536,42153,7263.0,49416.0,16120.0,bad,0.6432037353515625,0.1108245849609375,0.2459716796875
2598,2816_3072_9216_9472,MSAVI,65536,54864,2649.0,57513.0,8023.0,bad,0.837158203125,0.0404205322265625,0.1224212646484375
2599,2816_3072_9472_9728,MSAVI,65536,45359,9382.0,54741.0,10795.0,bad,0.6921234130859375,0.143157958984375,0.1647186279296875
2600,3072_3328_0_256,MSAVI,65536,33276,11654.0,44930.0,20606.0,bad,0.50775146484375,0.177825927734375,0.314422607421875
2601,3072_3328_256_512,MSAVI,65536,36792,9529.0,46321.0,19215.0,bad,0.5614013671875,0.1454010009765625,0.2931976318359375
2602,3072_3328_512_768,MSAVI,65536,35729,9619.0,45348.0,20188.0,bad,0.5451812744140625,0.1467742919921875,0.30804443359375
2603,3072_3328_768_1024,MSAVI,65536,34916,18379.0,53295.0,12241.0,bad,0.53277587890625,0.2804412841796875,0.1867828369140625
2604,3072_3328_1024_1280,MSAVI,65536,34564,9040.0,43604.0,21932.0,bad,0.52740478515625,0.137939453125,0.33465576171875
2605,3072_3328_1280_1536,MSAVI,65536,32002,16161.0,48163.0,17373.0,bad,0.488311767578125,0.2465972900390625,0.2650909423828125
2606,3072_3328_1536_1792,MSAVI,65536,32790,16974.0,49764.0,15772.0,bad,0.500335693359375,0.259002685546875,0.24066162109375
2607,3072_3328_1792_2048,MSAVI,65536,32542,7597.0,40139.0,25397.0,bad,0.496551513671875,0.1159210205078125,0.3875274658203125
2608,3072_3328_2048_2304,MSAVI,65536,32297,11741.0,44038.0,21498.0,bad,0.4928131103515625,0.1791534423828125,0.328033447265625
2609,3072_3328_2304_2560,MSAVI,65536,33963,13956.0,47919.0,17617.0,bad,0.5182342529296875,0.21295166015625,0.2688140869140625
2610,3072_3328_2560_2816,MSAVI,65536,34634,18288.0,52922.0,12614.0,bad,0.528472900390625,0.279052734375,0.192474365234375
2611,3072_3328_2816_3072,MSAVI,65536,32249,10028.0,42277.0,23259.0,bad,0.4920806884765625,0.15301513671875,0.3549041748046875
2612,3072_3328_3072_3328,MSAVI,65536,31770,10432.0,42202.0,23334.0,bad,0.484771728515625,0.1591796875,0.356048583984375
2613,3072_3328_3328_3584,MSAVI,65536,35420,8716.0,44136.0,21400.0,bad,0.54046630859375,0.13299560546875,0.3265380859375
2614,3072_3328_3584_3840,MSAVI,65536,31942,13020.0,44962.0,20574.0,bad,0.487396240234375,0.19866943359375,0.313934326171875
2615,3072_3328_3840_4096,MSAVI,65536,32399,11359.0,43758.0,21778.0,bad,0.4943695068359375,0.1733245849609375,0.332305908203125
2616,3072_3328_4096_4352,MSAVI,65536,34286,9142.0,43428.0,22108.0,bad,0.523162841796875,0.139495849609375,0.33734130859375
2617,3072_3328_4352_4608,MSAVI,65536,38621,11046.0,49667.0,15869.0,bad,0.5893096923828125,0.168548583984375,0.2421417236328125
2618,3072_3328_4608_4864,MSAVI,65536,34907,12730.0,47637.0,17899.0,bad,0.5326385498046875,0.194244384765625,0.2731170654296875
2619,3072_3328_4864_5120,MSAVI,65536,36285,9772.0,46057.0,19479.0,bad,0.5536651611328125,0.14910888671875,0.2972259521484375
2620,3072_3328_5120_5376,MSAVI,65536,33140,7302.0,40442.0,25094.0,bad,0.50567626953125,0.111419677734375,0.382904052734375
2621,3072_3328_5376_5632,MSAVI,65536,61099,3109.0,64208.0,1328.0,bad,0.9322967529296876,0.0474395751953125,0.020263671875
2622,3072_3328_5632_5888,MSAVI,65536,37370,12403.0,49773.0,15763.0,bad,0.570220947265625,0.1892547607421875,0.2405242919921875
2623,3072_3328_5888_6144,MSAVI,65536,34818,10118.0,44936.0,20600.0,bad,0.531280517578125,0.154388427734375,0.3143310546875
2624,3072_3328_6144_6400,MSAVI,65536,35146,13183.0,48329.0,17207.0,bad,0.536285400390625,0.2011566162109375,0.2625579833984375
2625,3072_3328_6400_6656,MSAVI,65536,32333,13652.0,45985.0,19551.0,bad,0.4933624267578125,0.20831298828125,0.2983245849609375
2626,3072_3328_6656_6912,MSAVI,65536,41133,15902.0,57035.0,8501.0,bad,0.6276397705078125,0.242645263671875,0.1297149658203125
2627,3072_3328_6912_7168,MSAVI,65536,38745,18874.0,57619.0,7917.0,bad,0.5912017822265625,0.287994384765625,0.1208038330078125
2628,3072_3328_7168_7424,MSAVI,65536,33200,4688.0,37888.0,27648.0,bad,0.506591796875,0.071533203125,0.421875
2629,3072_3328_7424_7680,MSAVI,65536,33287,14145.0,47432.0,18104.0,bad,0.5079193115234375,0.2158355712890625,0.2762451171875
2630,3072_3328_7680_7936,MSAVI,65536,33770,13075.0,46845.0,18691.0,bad,0.515289306640625,0.1995086669921875,0.2852020263671875
2631,3072_3328_7936_8192,MSAVI,65536,32676,12797.0,45473.0,20063.0,bad,0.49859619140625,0.1952667236328125,0.3061370849609375
2632,3072_3328_8192_8448,MSAVI,65536,33973,9715.0,43688.0,21848.0,bad,0.5183868408203125,0.1482391357421875,0.3333740234375
2633,3072_3328_8448_8704,MSAVI,65536,36040,10102.0,46142.0,19394.0,bad,0.5499267578125,0.154144287109375,0.295928955078125
2634,3072_3328_8704_8960,MSAVI,65536,36875,9356.0,46231.0,19305.0,bad,0.5626678466796875,0.14276123046875,0.2945709228515625
2635,3072_3328_8960_9216,MSAVI,65536,37308,16277.0,53585.0,11951.0,bad,0.56927490234375,0.2483673095703125,0.1823577880859375
2636,3072_3328_9216_9472,MSAVI,65536,56905,1570.0,58475.0,7061.0,bad,0.8683013916015625,0.023956298828125,0.1077423095703125
2637,3072_3328_9472_9728,MSAVI,65536,53046,4057.0,57103.0,8433.0,bad,0.809417724609375,0.0619049072265625,0.1286773681640625
2638,3328_3584_0_256,MSAVI,65536,33395,13487.0,46882.0,18654.0,bad,0.5095672607421875,0.2057952880859375,0.284637451171875
2639,3328_3584_256_512,MSAVI,65536,31365,9026.0,40391.0,25145.0,bad,0.4785919189453125,0.137725830078125,0.3836822509765625
2640,3328_3584_512_768,MSAVI,65536,32331,10471.0,42802.0,22734.0,bad,0.4933319091796875,0.1597747802734375,0.346893310546875
2641,3328_3584_768_1024,MSAVI,65536,37023,7808.0,44831.0,20705.0,bad,0.5649261474609375,0.119140625,0.3159332275390625
2642,3328_3584_1024_1280,MSAVI,65536,37647,12031.0,49678.0,15858.0,bad,0.5744476318359375,0.1835784912109375,0.241973876953125
2643,3328_3584_1280_1536,MSAVI,65536,35467,13581.0,49048.0,16488.0,bad,0.5411834716796875,0.2072296142578125,0.2515869140625
2644,3328_3584_1536_1792,MSAVI,65536,31696,13597.0,45293.0,20243.0,bad,0.483642578125,0.2074737548828125,0.3088836669921875
2645,3328_3584_1792_2048,MSAVI,65536,31150,14233.0,45383.0,20153.0,bad,0.475311279296875,0.2171783447265625,0.3075103759765625
2646,3328_3584_2048_2304,MSAVI,65536,31676,11766.0,43442.0,22094.0,bad,0.48333740234375,0.179534912109375,0.337127685546875
2647,3328_3584_2304_2560,MSAVI,65536,33414,15190.0,48604.0,16932.0,bad,0.509857177734375,0.231781005859375,0.25836181640625
2648,3328_3584_2560_2816,MSAVI,65536,34656,14261.0,48917.0,16619.0,bad,0.52880859375,0.2176055908203125,0.2535858154296875
2649,3328_3584_2816_3072,MSAVI,65536,32248,11383.0,43631.0,21905.0,bad,0.4920654296875,0.1736907958984375,0.3342437744140625
2650,3328_3584_3072_3328,MSAVI,65536,31593,9957.0,41550.0,23986.0,bad,0.4820709228515625,0.1519317626953125,0.365997314453125
2651,3328_3584_3328_3584,MSAVI,65536,32851,9985.0,42836.0,22700.0,bad,0.5012664794921875,0.1523590087890625,0.34637451171875
2652,3328_3584_3584_3840,MSAVI,65536,34104,9301.0,43405.0,22131.0,bad,0.5203857421875,0.1419219970703125,0.3376922607421875
2653,3328_3584_3840_4096,MSAVI,65536,31712,21104.0,52816.0,12720.0,bad,0.48388671875,0.322021484375,0.194091796875
2654,3328_3584_4096_4352,MSAVI,65536,31914,13576.0,45490.0,20046.0,bad,0.486968994140625,0.2071533203125,0.305877685546875
2655,3328_3584_4352_4608,MSAVI,65536,34663,10249.0,44912.0,20624.0,bad,0.5289154052734375,0.1563873291015625,0.314697265625
2656,3328_3584_4608_4864,MSAVI,65536,38179,14733.0,52912.0,12624.0,bad,0.5825653076171875,0.2248077392578125,0.192626953125
2657,3328_3584_4864_5120,MSAVI,65536,36927,11275.0,48202.0,17334.0,bad,0.5634613037109375,0.1720428466796875,0.264495849609375
2658,3328_3584_5120_5376,MSAVI,65536,37683,9341.0,47024.0,18512.0,bad,0.5749969482421875,0.1425323486328125,0.282470703125
2659,3328_3584_5376_5632,MSAVI,65536,36655,8858.0,45513.0,20023.0,bad,0.5593109130859375,0.135162353515625,0.3055267333984375
2660,3328_3584_5632_5888,MSAVI,65536,35589,7871.0,43460.0,22076.0,bad,0.5430450439453125,0.1201019287109375,0.33685302734375
2661,3328_3584_5888_6144,MSAVI,65536,32433,9530.0,41963.0,23573.0,bad,0.4948883056640625,0.145416259765625,0.3596954345703125
2662,3328_3584_6144_6400,MSAVI,65536,34629,10922.0,45551.0,19985.0,bad,0.5283966064453125,0.166656494140625,0.3049468994140625
2663,3328_3584_6400_6656,MSAVI,65536,30399,11990.0,42389.0,23147.0,bad,0.4638519287109375,0.182952880859375,0.3531951904296875
2664,3328_3584_6656_6912,MSAVI,65536,38402,12036.0,50438.0,15098.0,bad,0.585968017578125,0.18365478515625,0.230377197265625
2665,3328_3584_6912_7168,MSAVI,65536,29774,244.0,30018.0,35518.0,bad,0.454315185546875,0.00372314453125,0.541961669921875
2666,3328_3584_7168_7424,MSAVI,65536,34910,3505.0,38415.0,27121.0,bad,0.532684326171875,0.0534820556640625,0.4138336181640625
2667,3328_3584_7424_7680,MSAVI,65536,34143,9650.0,43793.0,21743.0,bad,0.5209808349609375,0.147247314453125,0.3317718505859375
2668,3328_3584_7680_7936,MSAVI,65536,30170,10333.0,40503.0,25033.0,bad,0.460357666015625,0.1576690673828125,0.3819732666015625
2669,3328_3584_7936_8192,MSAVI,65536,33129,10790.0,43919.0,21617.0,bad,0.5055084228515625,0.164642333984375,0.3298492431640625
2670,3328_3584_8192_8448,MSAVI,65536,36459,4802.0,41261.0,24275.0,bad,0.5563201904296875,0.073272705078125,0.3704071044921875
2671,3328_3584_8448_8704,MSAVI,65536,38417,10730.0,49147.0,16389.0,bad,0.5861968994140625,0.163726806640625,0.2500762939453125
2672,3328_3584_8704_8960,MSAVI,65536,37908,9234.0,47142.0,18394.0,bad,0.57843017578125,0.140899658203125,0.280670166015625
2673,3328_3584_8960_9216,MSAVI,65536,36049,8745.0,44794.0,20742.0,bad,0.5500640869140625,0.1334381103515625,0.316497802734375
2674,3328_3584_9216_9472,MSAVI,65536,40874,4884.0,45758.0,19778.0,bad,0.623687744140625,0.07452392578125,0.301788330078125
2675,3328_3584_9472_9728,MSAVI,65536,46738,4805.0,51543.0,13993.0,bad,0.713165283203125,0.0733184814453125,0.2135162353515625
2676,3584_3840_0_256,MSAVI,65536,37791,9001.0,46792.0,18744.0,bad,0.5766448974609375,0.1373443603515625,0.2860107421875
2677,3584_3840_256_512,MSAVI,65536,39620,14384.0,54004.0,11532.0,bad,0.60455322265625,0.219482421875,0.17596435546875
2678,3584_3840_512_768,MSAVI,65536,37370,10814.0,48184.0,17352.0,bad,0.570220947265625,0.165008544921875,0.2647705078125
2679,3584_3840_768_1024,MSAVI,65536,36090,7488.0,43578.0,21958.0,bad,0.550689697265625,0.1142578125,0.335052490234375
2680,3584_3840_1024_1280,MSAVI,65536,34608,8529.0,43137.0,22399.0,bad,0.528076171875,0.1301422119140625,0.3417816162109375
2681,3584_3840_1280_1536,MSAVI,65536,36361,8158.0,44519.0,21017.0,bad,0.5548248291015625,0.124481201171875,0.3206939697265625
2682,3584_3840_1536_1792,MSAVI,65536,31716,15956.0,47672.0,17864.0,bad,0.48394775390625,0.24346923828125,0.2725830078125
2683,3584_3840_1792_2048,MSAVI,65536,31071,14682.0,45753.0,19783.0,bad,0.4741058349609375,0.224029541015625,0.3018646240234375
2684,3584_3840_2048_2304,MSAVI,65536,33024,11297.0,44321.0,21215.0,bad,0.50390625,0.1723785400390625,0.3237152099609375
2685,3584_3840_2304_2560,MSAVI,65536,37205,14753.0,51958.0,13578.0,bad,0.5677032470703125,0.2251129150390625,0.207183837890625
2686,3584_3840_2560_2816,MSAVI,65536,39767,18844.0,58611.0,6925.0,bad,0.6067962646484375,0.28753662109375,0.1056671142578125
2687,3584_3840_2816_3072,MSAVI,65536,34874,9017.0,43891.0,21645.0,bad,0.532135009765625,0.1375885009765625,0.3302764892578125
2688,3584_3840_3072_3328,MSAVI,65536,31353,10977.0,42330.0,23206.0,bad,0.4784088134765625,0.1674957275390625,0.354095458984375
2689,3584_3840_3328_3584,MSAVI,65536,39058,11353.0,50411.0,15125.0,bad,0.595977783203125,0.1732330322265625,0.2307891845703125
2690,3584_3840_3584_3840,MSAVI,65536,34894,13862.0,48756.0,16780.0,bad,0.532440185546875,0.211517333984375,0.25604248046875
2691,3584_3840_3840_4096,MSAVI,65536,29676,12976.0,42652.0,22884.0,bad,0.45281982421875,0.197998046875,0.34918212890625
2692,3584_3840_4096_4352,MSAVI,65536,32605,14409.0,47014.0,18522.0,bad,0.4975128173828125,0.2198638916015625,0.282623291015625
2693,3584_3840_4352_4608,MSAVI,65536,37831,14258.0,52089.0,13447.0,bad,0.5772552490234375,0.217559814453125,0.2051849365234375
2694,3584_3840_4608_4864,MSAVI,65536,46136,6449.0,52585.0,12951.0,bad,0.7039794921875,0.0984039306640625,0.1976165771484375
2695,3584_3840_4864_5120,MSAVI,65536,47738,6373.0,54111.0,11425.0,bad,0.728424072265625,0.0972442626953125,0.1743316650390625
2696,3584_3840_5120_5376,MSAVI,65536,38748,10002.0,48750.0,16786.0,bad,0.59124755859375,0.152618408203125,0.256134033203125
2697,3584_3840_5376_5632,MSAVI,65536,32292,6942.0,39234.0,26302.0,bad,0.49273681640625,0.105926513671875,0.401336669921875
2698,3584_3840_5632_5888,MSAVI,65536,32053,10894.0,42947.0,22589.0,bad,0.4890899658203125,0.166229248046875,0.3446807861328125
2699,3584_3840_5888_6144,MSAVI,65536,28870,4104.0,32974.0,32562.0,bad,0.440521240234375,0.0626220703125,0.496856689453125
2700,3584_3840_6144_6400,MSAVI,65536,32039,7770.0,39809.0,25727.0,bad,0.4888763427734375,0.118560791015625,0.3925628662109375
2701,3584_3840_6400_6656,MSAVI,65536,33907,14498.0,48405.0,17131.0,bad,0.5173797607421875,0.221221923828125,0.2613983154296875
2702,3584_3840_6656_6912,MSAVI,65536,34637,18862.0,53499.0,12037.0,bad,0.5285186767578125,0.287811279296875,0.1836700439453125
2703,3584_3840_6912_7168,MSAVI,65536,33979,17804.0,51783.0,13753.0,bad,0.5184783935546875,0.27166748046875,0.2098541259765625
2704,3584_3840_7168_7424,MSAVI,65536,38702,4864.0,43566.0,21970.0,bad,0.590545654296875,0.07421875,0.335235595703125
2705,3584_3840_7424_7680,MSAVI,65536,34510,12436.0,46946.0,18590.0,bad,0.526580810546875,0.18975830078125,0.283660888671875
2706,3584_3840_7680_7936,MSAVI,65536,31156,11306.0,42462.0,23074.0,bad,0.47540283203125,0.172515869140625,0.352081298828125
2707,3584_3840_7936_8192,MSAVI,65536,32877,9198.0,42075.0,23461.0,bad,0.5016632080078125,0.140350341796875,0.3579864501953125
2708,3584_3840_8192_8448,MSAVI,65536,35361,10048.0,45409.0,20127.0,bad,0.5395660400390625,0.1533203125,0.3071136474609375
2709,3584_3840_8448_8704,MSAVI,65536,40573,6291.0,46864.0,18672.0,bad,0.6190948486328125,0.0959930419921875,0.284912109375
2710,3584_3840_8704_8960,MSAVI,65536,44169,8999.0,53168.0,12368.0,bad,0.6739654541015625,0.1373138427734375,0.188720703125
2711,3584_3840_8960_9216,MSAVI,65536,43547,6126.0,49673.0,15863.0,bad,0.6644744873046875,0.093475341796875,0.2420501708984375
2712,3584_3840_9216_9472,MSAVI,65536,40314,10618.0,50932.0,14604.0,bad,0.615142822265625,0.162017822265625,0.22283935546875
2713,3584_3840_9472_9728,MSAVI,65536,43481,11967.0,55448.0,10088.0,bad,0.6634674072265625,0.1826019287109375,0.1539306640625
2714,3840_4096_0_256,MSAVI,65536,39142,10633.0,49775.0,15761.0,bad,0.597259521484375,0.1622467041015625,0.2404937744140625
2715,3840_4096_256_512,MSAVI,65536,39695,8388.0,48083.0,17453.0,bad,0.6056976318359375,0.12799072265625,0.2663116455078125
2716,3840_4096_512_768,MSAVI,65536,40961,8738.0,49699.0,15837.0,bad,0.6250152587890625,0.133331298828125,0.2416534423828125
2717,3840_4096_768_1024,MSAVI,65536,40772,6814.0,47586.0,17950.0,bad,0.62213134765625,0.103973388671875,0.273895263671875
2718,3840_4096_1024_1280,MSAVI,65536,32447,14250.0,46697.0,18839.0,bad,0.4951019287109375,0.217437744140625,0.2874603271484375
2719,3840_4096_1280_1536,MSAVI,65536,34538,9039.0,43577.0,21959.0,bad,0.527008056640625,0.1379241943359375,0.3350677490234375
2720,3840_4096_1536_1792,MSAVI,65536,36807,13252.0,50059.0,15477.0,bad,0.5616302490234375,0.20220947265625,0.2361602783203125
2721,3840_4096_1792_2048,MSAVI,65536,34101,15797.0,49898.0,15638.0,bad,0.5203399658203125,0.2410430908203125,0.238616943359375
2722,3840_4096_2048_2304,MSAVI,65536,31159,9173.0,40332.0,25204.0,bad,0.4754486083984375,0.1399688720703125,0.38458251953125
2723,3840_4096_2304_2560,MSAVI,65536,33654,13270.0,46924.0,18612.0,bad,0.513519287109375,0.202484130859375,0.28399658203125
2724,3840_4096_2560_2816,MSAVI,65536,33806,20109.0,53915.0,11621.0,bad,0.515838623046875,0.3068389892578125,0.1773223876953125
2725,3840_4096_2816_3072,MSAVI,65536,34065,14147.0,48212.0,17324.0,bad,0.5197906494140625,0.2158660888671875,0.26434326171875
2726,3840_4096_3072_3328,MSAVI,65536,37295,10679.0,47974.0,17562.0,bad,0.5690765380859375,0.1629486083984375,0.267974853515625
2727,3840_4096_3328_3584,MSAVI,65536,36128,14304.0,50432.0,15104.0,bad,0.55126953125,0.21826171875,0.23046875
2728,3840_4096_3584_3840,MSAVI,65536,35802,16390.0,52192.0,13344.0,bad,0.546295166015625,0.250091552734375,0.20361328125
2729,3840_4096_3840_4096,MSAVI,65536,33867,17162.0,51029.0,14507.0,bad,0.5167694091796875,0.261871337890625,0.2213592529296875
2730,3840_4096_4096_4352,MSAVI,65536,33412,18113.0,51525.0,14011.0,bad,0.50982666015625,0.2763824462890625,0.2137908935546875
2731,3840_4096_4352_4608,MSAVI,65536,37643,13262.0,50905.0,14631.0,bad,0.5743865966796875,0.202362060546875,0.2232513427734375
2732,3840_4096_4608_4864,MSAVI,65536,45062,9104.0,54166.0,11370.0,bad,0.687591552734375,0.138916015625,0.173492431640625
2733,3840_4096_4864_5120,MSAVI,65536,43542,6740.0,50282.0,15254.0,bad,0.664398193359375,0.10284423828125,0.232757568359375
2734,3840_4096_5120_5376,MSAVI,65536,41778,7780.0,49558.0,15978.0,bad,0.637481689453125,0.11871337890625,0.243804931640625
2735,3840_4096_5376_5632,MSAVI,65536,36026,12624.0,48650.0,16886.0,bad,0.549713134765625,0.192626953125,0.257659912109375
2736,3840_4096_5632_5888,MSAVI,65536,30298,5711.0,36009.0,29527.0,bad,0.462310791015625,0.0871429443359375,0.4505462646484375
2737,3840_4096_5888_6144,MSAVI,65536,31964,7023.0,38987.0,26549.0,bad,0.48773193359375,0.1071624755859375,0.4051055908203125
2738,3840_4096_6144_6400,MSAVI,65536,34305,15843.0,50148.0,15388.0,bad,0.5234527587890625,0.2417449951171875,0.23480224609375
2739,3840_4096_6400_6656,MSAVI,65536,40748,12526.0,53274.0,12262.0,bad,0.62176513671875,0.191131591796875,0.187103271484375
2740,3840_4096_6656_6912,MSAVI,65536,33761,24624.0,58385.0,7151.0,bad,0.5151519775390625,0.375732421875,0.1091156005859375
2741,3840_4096_6912_7168,MSAVI,65536,30411,4704.0,35115.0,30421.0,bad,0.4640350341796875,0.07177734375,0.4641876220703125
2742,3840_4096_7168_7424,MSAVI,65536,32879,16338.0,49217.0,16319.0,bad,0.5016937255859375,0.249298095703125,0.2490081787109375
2743,3840_4096_7424_7680,MSAVI,65536,32622,6232.0,38854.0,26682.0,bad,0.497772216796875,0.0950927734375,0.407135009765625
2744,3840_4096_7680_7936,MSAVI,65536,31418,12597.0,44015.0,21521.0,bad,0.479400634765625,0.1922149658203125,0.3283843994140625
2745,3840_4096_7936_8192,MSAVI,65536,33321,11793.0,45114.0,20422.0,bad,0.5084381103515625,0.1799468994140625,0.311614990234375
2746,3840_4096_8192_8448,MSAVI,65536,33164,8839.0,42003.0,23533.0,bad,0.50604248046875,0.1348724365234375,0.3590850830078125
2747,3840_4096_8448_8704,MSAVI,65536,36530,15036.0,51566.0,13970.0,bad,0.557403564453125,0.22943115234375,0.213165283203125
2748,3840_4096_8704_8960,MSAVI,65536,34733,10013.0,44746.0,20790.0,bad,0.5299835205078125,0.1527862548828125,0.317230224609375
2749,3840_4096_8960_9216,MSAVI,65536,41728,6205.0,47933.0,17603.0,bad,0.63671875,0.0946807861328125,0.2686004638671875
2750,3840_4096_9216_9472,MSAVI,65536,44004,7843.0,51847.0,13689.0,bad,0.67144775390625,0.1196746826171875,0.2088775634765625
2751,3840_4096_9472_9728,MSAVI,65536,45784,11593.0,57377.0,8159.0,bad,0.6986083984375,0.1768951416015625,0.1244964599609375
2752,4096_4352_0_256,MSAVI,65536,36096,10689.0,46785.0,18751.0,bad,0.55078125,0.1631011962890625,0.2861175537109375
2753,4096_4352_256_512,MSAVI,65536,36440,6887.0,43327.0,22209.0,bad,0.5560302734375,0.1050872802734375,0.3388824462890625
2754,4096_4352_512_768,MSAVI,65536,36920,9732.0,46652.0,18884.0,bad,0.5633544921875,0.14849853515625,0.28814697265625
2755,4096_4352_768_1024,MSAVI,65536,37677,11914.0,49591.0,15945.0,bad,0.5749053955078125,0.181793212890625,0.2433013916015625
2756,4096_4352_1024_1280,MSAVI,65536,34534,13822.0,48356.0,17180.0,bad,0.526947021484375,0.210906982421875,0.26214599609375
2757,4096_4352_1280_1536,MSAVI,65536,35127,8343.0,43470.0,22066.0,bad,0.5359954833984375,0.1273040771484375,0.336700439453125
2758,4096_4352_1536_1792,MSAVI,65536,32558,12568.0,45126.0,20410.0,bad,0.496795654296875,0.1917724609375,0.311431884765625
2759,4096_4352_1792_2048,MSAVI,65536,32390,11082.0,43472.0,22064.0,bad,0.494232177734375,0.169097900390625,0.336669921875
2760,4096_4352_2048_2304,MSAVI,65536,31679,7561.0,39240.0,26296.0,bad,0.4833831787109375,0.1153717041015625,0.4012451171875
2761,4096_4352_2304_2560,MSAVI,65536,31099,8980.0,40079.0,25457.0,bad,0.4745330810546875,0.13702392578125,0.3884429931640625
2762,4096_4352_2560_2816,MSAVI,65536,31479,14978.0,46457.0,19079.0,bad,0.4803314208984375,0.228546142578125,0.2911224365234375
2763,4096_4352_2816_3072,MSAVI,65536,33426,11467.0,44893.0,20643.0,bad,0.510040283203125,0.1749725341796875,0.3149871826171875
2764,4096_4352_3072_3328,MSAVI,65536,34274,8946.0,43220.0,22316.0,bad,0.522979736328125,0.136505126953125,0.34051513671875
2765,4096_4352_3328_3584,MSAVI,65536,31105,14274.0,45379.0,20157.0,bad,0.4746246337890625,0.217803955078125,0.3075714111328125
2766,4096_4352_3584_3840,MSAVI,65536,40391,10226.0,50617.0,14919.0,bad,0.6163177490234375,0.156036376953125,0.2276458740234375
2767,4096_4352_3840_4096,MSAVI,65536,39756,10040.0,49796.0,15740.0,bad,0.60662841796875,0.1531982421875,0.24017333984375
2768,4096_4352_4096_4352,MSAVI,65536,30276,9031.0,39307.0,26229.0,bad,0.46197509765625,0.1378021240234375,0.4002227783203125
2769,4096_4352_4352_4608,MSAVI,65536,35670,19968.0,55638.0,9898.0,bad,0.544281005859375,0.3046875,0.151031494140625
2770,4096_4352_4608_4864,MSAVI,65536,34888,10700.0,45588.0,19948.0,bad,0.5323486328125,0.16326904296875,0.30438232421875
2771,4096_4352_4864_5120,MSAVI,65536,33859,11182.0,45041.0,20495.0,bad,0.5166473388671875,0.170623779296875,0.3127288818359375
2772,4096_4352_5120_5376,MSAVI,65536,31532,13899.0,45431.0,20105.0,bad,0.48114013671875,0.2120819091796875,0.3067779541015625
2773,4096_4352_5376_5632,MSAVI,65536,30343,8189.0,38532.0,27004.0,bad,0.4629974365234375,0.1249542236328125,0.41204833984375
2774,4096_4352_5632_5888,MSAVI,65536,29572,14200.0,43772.0,21764.0,bad,0.45123291015625,0.2166748046875,0.33209228515625
2775,4096_4352_5888_6144,MSAVI,65536,33031,13739.0,46770.0,18766.0,bad,0.5040130615234375,0.2096405029296875,0.286346435546875
2776,4096_4352_6144_6400,MSAVI,65536,45377,9697.0,55074.0,10462.0,bad,0.6923980712890625,0.1479644775390625,0.159637451171875
2777,4096_4352_6400_6656,MSAVI,65536,46527,10141.0,56668.0,8868.0,bad,0.7099456787109375,0.1547393798828125,0.13531494140625
2778,4096_4352_6656_6912,MSAVI,65536,31033,25290.0,56323.0,9213.0,bad,0.4735260009765625,0.385894775390625,0.1405792236328125
2779,4096_4352_6912_7168,MSAVI,65536,31819,7207.0,39026.0,26510.0,bad,0.4855194091796875,0.1099700927734375,0.404510498046875
2780,4096_4352_7168_7424,MSAVI,65536,29653,8475.0,38128.0,27408.0,bad,0.4524688720703125,0.1293182373046875,0.418212890625
2781,4096_4352_7424_7680,MSAVI,65536,31975,13312.0,45287.0,20249.0,bad,0.4878997802734375,0.203125,0.3089752197265625
2782,4096_4352_7680_7936,MSAVI,65536,28544,5933.0,34477.0,31059.0,bad,0.435546875,0.0905303955078125,0.4739227294921875
2783,4096_4352_7936_8192,MSAVI,65536,34901,21114.0,56015.0,9521.0,bad,0.5325469970703125,0.322174072265625,0.1452789306640625
2784,4096_4352_8192_8448,MSAVI,65536,35801,10626.0,46427.0,19109.0,bad,0.5462799072265625,0.162139892578125,0.2915802001953125
2785,4096_4352_8448_8704,MSAVI,65536,37694,12794.0,50488.0,15048.0,bad,0.575164794921875,0.195220947265625,0.2296142578125
2786,4096_4352_8704_8960,MSAVI,65536,34690,16017.0,50707.0,14829.0,bad,0.529327392578125,0.2444000244140625,0.2262725830078125
2787,4096_4352_8960_9216,MSAVI,65536,38228,13080.0,51308.0,14228.0,bad,0.58331298828125,0.1995849609375,0.21710205078125
2788,4096_4352_9216_9472,MSAVI,65536,40536,14234.0,54770.0,10766.0,bad,0.6185302734375,0.217193603515625,0.164276123046875
2789,4096_4352_9472_9728,MSAVI,65536,51222,4401.0,55623.0,9913.0,bad,0.781585693359375,0.0671539306640625,0.1512603759765625
2790,4352_4608_0_256,MSAVI,65536,35100,9627.0,44727.0,20809.0,bad,0.53558349609375,0.1468963623046875,0.3175201416015625
2791,4352_4608_256_512,MSAVI,65536,35382,12282.0,47664.0,17872.0,bad,0.539886474609375,0.187408447265625,0.272705078125
2792,4352_4608_512_768,MSAVI,65536,36580,12284.0,48864.0,16672.0,bad,0.55816650390625,0.18743896484375,0.25439453125
2793,4352_4608_768_1024,MSAVI,65536,32058,11132.0,43190.0,22346.0,bad,0.489166259765625,0.16986083984375,0.340972900390625
2794,4352_4608_1024_1280,MSAVI,65536,30959,10137.0,41096.0,24440.0,bad,0.4723968505859375,0.1546783447265625,0.3729248046875
2795,4352_4608_1280_1536,MSAVI,65536,34958,9158.0,44116.0,21420.0,bad,0.533416748046875,0.139739990234375,0.32684326171875
2796,4352_4608_1536_1792,MSAVI,65536,34388,14706.0,49094.0,16442.0,bad,0.52471923828125,0.224395751953125,0.250885009765625
2797,4352_4608_1792_2048,MSAVI,65536,33646,11448.0,45094.0,20442.0,bad,0.513397216796875,0.1746826171875,0.311920166015625
2798,4352_4608_2048_2304,MSAVI,65536,35500,10080.0,45580.0,19956.0,bad,0.54168701171875,0.15380859375,0.30450439453125
2799,4352_4608_2304_2560,MSAVI,65536,34219,10970.0,45189.0,20347.0,bad,0.5221405029296875,0.167388916015625,0.3104705810546875
2800,4352_4608_2560_2816,MSAVI,65536,37015,9980.0,46995.0,18541.0,bad,0.5648040771484375,0.15228271484375,0.2829132080078125
2801,4352_4608_2816_3072,MSAVI,65536,40664,10761.0,51425.0,14111.0,bad,0.6204833984375,0.1641998291015625,0.2153167724609375
2802,4352_4608_3072_3328,MSAVI,65536,38488,7152.0,45640.0,19896.0,bad,0.5872802734375,0.109130859375,0.3035888671875
2803,4352_4608_3328_3584,MSAVI,65536,41133,7531.0,48664.0,16872.0,bad,0.6276397705078125,0.1149139404296875,0.2574462890625
2804,4352_4608_3584_3840,MSAVI,65536,35225,14858.0,50083.0,15453.0,bad,0.5374908447265625,0.226715087890625,0.2357940673828125
2805,4352_4608_3840_4096,MSAVI,65536,33836,16208.0,50044.0,15492.0,bad,0.51629638671875,0.247314453125,0.23638916015625
2806,4352_4608_4096_4352,MSAVI,65536,36654,9219.0,45873.0,19663.0,bad,0.559295654296875,0.1406707763671875,0.3000335693359375
2807,4352_4608_4352_4608,MSAVI,65536,33432,13586.0,47018.0,18518.0,bad,0.5101318359375,0.207305908203125,0.282562255859375
2808,4352_4608_4608_4864,MSAVI,65536,39450,12389.0,51839.0,13697.0,bad,0.601959228515625,0.1890411376953125,0.2089996337890625
2809,4352_4608_4864_5120,MSAVI,65536,33150,11315.0,44465.0,21071.0,bad,0.505828857421875,0.1726531982421875,0.3215179443359375
2810,4352_4608_5120_5376,MSAVI,65536,34833,11054.0,45887.0,19649.0,bad,0.5315093994140625,0.168670654296875,0.2998199462890625
2811,4352_4608_5376_5632,MSAVI,65536,33396,12997.0,46393.0,19143.0,bad,0.50958251953125,0.1983184814453125,0.2920989990234375
2812,4352_4608_5632_5888,MSAVI,65536,33148,16155.0,49303.0,16233.0,bad,0.50579833984375,0.2465057373046875,0.2476959228515625
2813,4352_4608_5888_6144,MSAVI,65536,31020,12966.0,43986.0,21550.0,bad,0.47332763671875,0.197845458984375,0.328826904296875
2814,4352_4608_6144_6400,MSAVI,65536,35057,12703.0,47760.0,17776.0,bad,0.5349273681640625,0.1938323974609375,0.271240234375
2815,4352_4608_6400_6656,MSAVI,65536,38703,20418.0,59121.0,6415.0,bad,0.5905609130859375,0.311553955078125,0.0978851318359375
2816,4352_4608_6656_6912,MSAVI,65536,31638,23591.0,55229.0,10307.0,bad,0.482757568359375,0.3599700927734375,0.1572723388671875
2817,4352_4608_6912_7168,MSAVI,65536,34706,12858.0,47564.0,17972.0,bad,0.529571533203125,0.196197509765625,0.27423095703125
2818,4352_4608_7168_7424,MSAVI,65536,32461,8062.0,40523.0,25013.0,bad,0.4953155517578125,0.123016357421875,0.3816680908203125
2819,4352_4608_7424_7680,MSAVI,65536,31967,8370.0,40337.0,25199.0,bad,0.4877777099609375,0.127716064453125,0.3845062255859375
2820,4352_4608_7680_7936,MSAVI,65536,32203,14009.0,46212.0,19324.0,bad,0.4913787841796875,0.2137603759765625,0.29486083984375
2821,4352_4608_7936_8192,MSAVI,65536,31853,21714.0,53567.0,11969.0,bad,0.4860382080078125,0.331329345703125,0.1826324462890625
2822,4352_4608_8192_8448,MSAVI,65536,33334,15271.0,48605.0,16931.0,bad,0.508636474609375,0.2330169677734375,0.2583465576171875
2823,4352_4608_8448_8704,MSAVI,65536,37653,10277.0,47930.0,17606.0,bad,0.5745391845703125,0.1568145751953125,0.268646240234375
2824,4352_4608_8704_8960,MSAVI,65536,34979,16109.0,51088.0,14448.0,bad,0.5337371826171875,0.2458038330078125,0.220458984375
2825,4352_4608_8960_9216,MSAVI,65536,34903,15028.0,49931.0,15605.0,bad,0.5325775146484375,0.22930908203125,0.2381134033203125
2826,4352_4608_9216_9472,MSAVI,65536,47947,10506.0,58453.0,7083.0,bad,0.7316131591796875,0.160308837890625,0.1080780029296875
2827,4352_4608_9472_9728,MSAVI,65536,46579,9765.0,56344.0,9192.0,bad,0.7107391357421875,0.1490020751953125,0.1402587890625
2828,4608_4864_0_256,MSAVI,65536,39741,7580.0,47321.0,18215.0,bad,0.6063995361328125,0.11566162109375,0.2779388427734375
2829,4608_4864_256_512,MSAVI,65536,33902,11640.0,45542.0,19994.0,bad,0.517303466796875,0.1776123046875,0.305084228515625
2830,4608_4864_512_768,MSAVI,65536,36764,9344.0,46108.0,19428.0,bad,0.56097412109375,0.142578125,0.29644775390625
2831,4608_4864_768_1024,MSAVI,65536,36140,9415.0,45555.0,19981.0,bad,0.55145263671875,0.1436614990234375,0.3048858642578125
2832,4608_4864_1024_1280,MSAVI,65536,35217,9448.0,44665.0,20871.0,bad,0.5373687744140625,0.1441650390625,0.3184661865234375
2833,4608_4864_1280_1536,MSAVI,65536,37961,8227.0,46188.0,19348.0,bad,0.5792388916015625,0.1255340576171875,0.29522705078125
2834,4608_4864_1536_1792,MSAVI,65536,35518,11538.0,47056.0,18480.0,bad,0.541961669921875,0.176055908203125,0.281982421875
2835,4608_4864_1792_2048,MSAVI,65536,36979,9404.0,46383.0,19153.0,bad,0.5642547607421875,0.14349365234375,0.2922515869140625
2836,4608_4864_2048_2304,MSAVI,65536,34733,9322.0,44055.0,21481.0,bad,0.5299835205078125,0.142242431640625,0.3277740478515625
2837,4608_4864_2304_2560,MSAVI,65536,34674,15675.0,50349.0,15187.0,bad,0.529083251953125,0.2391815185546875,0.2317352294921875
2838,4608_4864_2560_2816,MSAVI,65536,34965,14695.0,49660.0,15876.0,bad,0.5335235595703125,0.2242279052734375,0.24224853515625
2839,4608_4864_2816_3072,MSAVI,65536,36904,8859.0,45763.0,19773.0,bad,0.5631103515625,0.1351776123046875,0.3017120361328125
2840,4608_4864_3072_3328,MSAVI,65536,36435,10913.0,47348.0,18188.0,bad,0.5559539794921875,0.1665191650390625,0.27752685546875
2841,4608_4864_3328_3584,MSAVI,65536,44359,6267.0,50626.0,14910.0,bad,0.6768646240234375,0.0956268310546875,0.227508544921875
2842,4608_4864_3584_3840,MSAVI,65536,36479,14047.0,50526.0,15010.0,bad,0.5566253662109375,0.2143402099609375,0.229034423828125
2843,4608_4864_3840_4096,MSAVI,65536,35445,13947.0,49392.0,16144.0,bad,0.5408477783203125,0.2128143310546875,0.246337890625
2844,4608_4864_4096_4352,MSAVI,65536,39539,10583.0,50122.0,15414.0,bad,0.6033172607421875,0.1614837646484375,0.235198974609375
2845,4608_4864_4352_4608,MSAVI,65536,40871,9904.0,50775.0,14761.0,bad,0.6236419677734375,0.151123046875,0.2252349853515625
2846,4608_4864_4608_4864,MSAVI,65536,35731,20462.0,56193.0,9343.0,bad,0.5452117919921875,0.312225341796875,0.1425628662109375
2847,4608_4864_4864_5120,MSAVI,65536,31068,14918.0,45986.0,19550.0,bad,0.47406005859375,0.227630615234375,0.298309326171875
2848,4608_4864_5120_5376,MSAVI,65536,38559,9357.0,47916.0,17620.0,bad,0.5883636474609375,0.1427764892578125,0.26885986328125
2849,4608_4864_5376_5632,MSAVI,65536,33419,5727.0,39146.0,26390.0,bad,0.5099334716796875,0.0873870849609375,0.402679443359375
2850,4608_4864_5632_5888,MSAVI,65536,33904,18201.0,52105.0,13431.0,bad,0.517333984375,0.2777252197265625,0.2049407958984375
2851,4608_4864_5888_6144,MSAVI,65536,30288,6940.0,37228.0,28308.0,bad,0.462158203125,0.10589599609375,0.43194580078125
2852,4608_4864_6144_6400,MSAVI,65536,41023,17514.0,58537.0,6999.0,bad,0.6259613037109375,0.267242431640625,0.1067962646484375
2853,4608_4864_6400_6656,MSAVI,65536,32228,28274.0,60502.0,5034.0,bad,0.49176025390625,0.431427001953125,0.076812744140625
2854,4608_4864_6656_6912,MSAVI,65536,32171,12084.0,44255.0,21281.0,bad,0.4908905029296875,0.18438720703125,0.3247222900390625
2855,4608_4864_6912_7168,MSAVI,65536,28117,5706.0,33823.0,31713.0,bad,0.4290313720703125,0.087066650390625,0.4839019775390625
2856,4608_4864_7168_7424,MSAVI,65536,31668,10752.0,42420.0,23116.0,bad,0.48321533203125,0.1640625,0.35272216796875
2857,4608_4864_7424_7680,MSAVI,65536,31072,10475.0,41547.0,23989.0,bad,0.47412109375,0.1598358154296875,0.3660430908203125
2858,4608_4864_7680_7936,MSAVI,65536,34908,14418.0,49326.0,16210.0,bad,0.53265380859375,0.220001220703125,0.247344970703125
2859,4608_4864_7936_8192,MSAVI,65536,36309,18831.0,55140.0,10396.0,bad,0.5540313720703125,0.2873382568359375,0.15863037109375
2860,4608_4864_8192_8448,MSAVI,65536,33765,14365.0,48130.0,17406.0,bad,0.5152130126953125,0.2191925048828125,0.265594482421875
2861,4608_4864_8448_8704,MSAVI,65536,34124,13737.0,47861.0,17675.0,bad,0.52069091796875,0.2096099853515625,0.2696990966796875
2862,4608_4864_8704_8960,MSAVI,65536,36448,12841.0,49289.0,16247.0,bad,0.55615234375,0.1959381103515625,0.2479095458984375
2863,4608_4864_8960_9216,MSAVI,65536,33679,15875.0,49554.0,15982.0,bad,0.5139007568359375,0.2422332763671875,0.243865966796875
2864,4608_4864_9216_9472,MSAVI,65536,44204,9328.0,53532.0,12004.0,bad,0.67449951171875,0.142333984375,0.18316650390625
2865,4608_4864_9472_9728,MSAVI,65536,41988,13685.0,55673.0,9863.0,bad,0.64068603515625,0.2088165283203125,0.1504974365234375
2866,4864_5120_0_256,MSAVI,65536,41803,8691.0,50494.0,15042.0,bad,0.6378631591796875,0.1326141357421875,0.229522705078125
2867,4864_5120_256_512,MSAVI,65536,40633,9024.0,49657.0,15879.0,bad,0.6200103759765625,0.1376953125,0.2422943115234375
2868,4864_5120_512_768,MSAVI,65536,39211,7337.0,46548.0,18988.0,bad,0.5983123779296875,0.1119537353515625,0.28973388671875
2869,4864_5120_768_1024,MSAVI,65536,41421,8620.0,50041.0,15495.0,bad,0.6320343017578125,0.13153076171875,0.2364349365234375
2870,4864_5120_1024_1280,MSAVI,65536,34473,9524.0,43997.0,21539.0,bad,0.5260162353515625,0.14532470703125,0.3286590576171875
2871,4864_5120_1280_1536,MSAVI,65536,36000,7912.0,43912.0,21624.0,bad,0.54931640625,0.1207275390625,0.3299560546875
2872,4864_5120_1536_1792,MSAVI,65536,37000,10365.0,47365.0,18171.0,bad,0.5645751953125,0.1581573486328125,0.2772674560546875
2873,4864_5120_1792_2048,MSAVI,65536,38565,10887.0,49452.0,16084.0,bad,0.5884552001953125,0.1661224365234375,0.24542236328125
2874,4864_5120_2048_2304,MSAVI,65536,37523,6965.0,44488.0,21048.0,bad,0.5725555419921875,0.1062774658203125,0.3211669921875
2875,4864_5120_2304_2560,MSAVI,65536,29940,6077.0,36017.0,29519.0,bad,0.45684814453125,0.0927276611328125,0.4504241943359375
2876,4864_5120_2560_2816,MSAVI,65536,31334,11853.0,43187.0,22349.0,bad,0.478118896484375,0.1808624267578125,0.3410186767578125
2877,4864_5120_2816_3072,MSAVI,65536,35530,13033.0,48563.0,16973.0,bad,0.542144775390625,0.1988677978515625,0.2589874267578125
2878,4864_5120_3072_3328,MSAVI,65536,34536,12706.0,47242.0,18294.0,bad,0.5269775390625,0.193878173828125,0.279144287109375
2879,4864_5120_3328_3584,MSAVI,65536,38698,11462.0,50160.0,15376.0,bad,0.590484619140625,0.174896240234375,0.234619140625
2880,4864_5120_3584_3840,MSAVI,65536,36944,11445.0,48389.0,17147.0,bad,0.563720703125,0.1746368408203125,0.2616424560546875
2881,4864_5120_3840_4096,MSAVI,65536,34911,12871.0,47782.0,17754.0,bad,0.5326995849609375,0.1963958740234375,0.270904541015625
2882,4864_5120_4096_4352,MSAVI,65536,35425,10137.0,45562.0,19974.0,bad,0.5405426025390625,0.1546783447265625,0.304779052734375
2883,4864_5120_4352_4608,MSAVI,65536,34474,12453.0,46927.0,18609.0,bad,0.526031494140625,0.1900177001953125,0.2839508056640625
2884,4864_5120_4608_4864,MSAVI,65536,38245,13756.0,52001.0,13535.0,bad,0.5835723876953125,0.20989990234375,0.2065277099609375
2885,4864_5120_4864_5120,MSAVI,65536,32347,22892.0,55239.0,10297.0,bad,0.4935760498046875,0.34930419921875,0.1571197509765625
2886,4864_5120_5120_5376,MSAVI,65536,29273,8323.0,37596.0,27940.0,bad,0.4466705322265625,0.1269989013671875,0.42633056640625
2887,4864_5120_5376_5632,MSAVI,65536,30107,5024.0,35131.0,30405.0,bad,0.4593963623046875,0.07666015625,0.4639434814453125
2888,4864_5120_5632_5888,MSAVI,65536,31732,8445.0,40177.0,25359.0,bad,0.48419189453125,0.1288604736328125,0.3869476318359375
2889,4864_5120_5888_6144,MSAVI,65536,36428,14350.0,50778.0,14758.0,bad,0.55584716796875,0.218963623046875,0.225189208984375
2890,4864_5120_6144_6400,MSAVI,65536,44859,10996.0,55855.0,9681.0,bad,0.6844940185546875,0.16778564453125,0.1477203369140625
2891,4864_5120_6400_6656,MSAVI,65536,28176,32352.0,60528.0,5008.0,bad,0.429931640625,0.49365234375,0.076416015625
2892,4864_5120_6656_6912,MSAVI,65536,36665,9217.0,45882.0,19654.0,bad,0.5594635009765625,0.1406402587890625,0.299896240234375
2893,4864_5120_6912_7168,MSAVI,65536,43730,9836.0,53566.0,11970.0,bad,0.667266845703125,0.15008544921875,0.182647705078125
2894,4864_5120_7168_7424,MSAVI,65536,30827,9643.0,40470.0,25066.0,bad,0.4703826904296875,0.1471405029296875,0.382476806640625
2895,4864_5120_7424_7680,MSAVI,65536,30854,10628.0,41482.0,24054.0,bad,0.470794677734375,0.16217041015625,0.367034912109375
2896,4864_5120_7680_7936,MSAVI,65536,32385,18630.0,51015.0,14521.0,bad,0.4941558837890625,0.284271240234375,0.2215728759765625
2897,4864_5120_7936_8192,MSAVI,65536,33559,14705.0,48264.0,17272.0,bad,0.5120697021484375,0.2243804931640625,0.2635498046875
2898,4864_5120_8192_8448,MSAVI,65536,32003,11191.0,43194.0,22342.0,bad,0.4883270263671875,0.1707611083984375,0.340911865234375
2899,4864_5120_8448_8704,MSAVI,65536,32800,21925.0,54725.0,10811.0,bad,0.50048828125,0.3345489501953125,0.1649627685546875
2900,4864_5120_8704_8960,MSAVI,65536,34952,13696.0,48648.0,16888.0,bad,0.5333251953125,0.208984375,0.2576904296875
2901,4864_5120_8960_9216,MSAVI,65536,36340,9687.0,46027.0,19509.0,bad,0.55450439453125,0.1478118896484375,0.2976837158203125
2902,4864_5120_9216_9472,MSAVI,65536,31278,18286.0,49564.0,15972.0,bad,0.477264404296875,0.279022216796875,0.24371337890625
2903,4864_5120_9472_9728,MSAVI,65536,43637,12331.0,55968.0,9568.0,bad,0.6658477783203125,0.1881561279296875,0.14599609375
2904,5120_5376_0_256,MSAVI,65536,41024,12207.0,53231.0,12305.0,bad,0.6259765625,0.1862640380859375,0.1877593994140625
2905,5120_5376_256_512,MSAVI,65536,47923,5889.0,53812.0,11724.0,bad,0.7312469482421875,0.0898590087890625,0.17889404296875
2906,5120_5376_512_768,MSAVI,65536,44253,8595.0,52848.0,12688.0,bad,0.6752471923828125,0.1311492919921875,0.193603515625
2907,5120_5376_768_1024,MSAVI,65536,44010,10307.0,54317.0,11219.0,bad,0.671539306640625,0.1572723388671875,0.1711883544921875
2908,5120_5376_1024_1280,MSAVI,65536,33472,8886.0,42358.0,23178.0,bad,0.5107421875,0.135589599609375,0.353668212890625
2909,5120_5376_1280_1536,MSAVI,65536,35025,14523.0,49548.0,15988.0,bad,0.5344390869140625,0.2216033935546875,0.24395751953125
2910,5120_5376_1536_1792,MSAVI,65536,36176,12927.0,49103.0,16433.0,bad,0.552001953125,0.1972503662109375,0.2507476806640625
2911,5120_5376_1792_2048,MSAVI,65536,31376,8516.0,39892.0,25644.0,bad,0.478759765625,0.12994384765625,0.39129638671875
2912,5120_5376_2048_2304,MSAVI,65536,32386,7114.0,39500.0,26036.0,bad,0.494171142578125,0.108551025390625,0.39727783203125
2913,5120_5376_2304_2560,MSAVI,65536,33514,10209.0,43723.0,21813.0,bad,0.511383056640625,0.1557769775390625,0.3328399658203125
2914,5120_5376_2560_2816,MSAVI,65536,34015,13872.0,47887.0,17649.0,bad,0.5190277099609375,0.211669921875,0.2693023681640625
2915,5120_5376_2816_3072,MSAVI,65536,34942,11057.0,45999.0,19537.0,bad,0.533172607421875,0.1687164306640625,0.2981109619140625
2916,5120_5376_3072_3328,MSAVI,65536,38290,8696.0,46986.0,18550.0,bad,0.584259033203125,0.1326904296875,0.283050537109375
2917,5120_5376_3328_3584,MSAVI,65536,42932,6328.0,49260.0,16276.0,bad,0.65509033203125,0.0965576171875,0.24835205078125
2918,5120_5376_3584_3840,MSAVI,65536,40769,7440.0,48209.0,17327.0,bad,0.6220855712890625,0.113525390625,0.2643890380859375
2919,5120_5376_3840_4096,MSAVI,65536,39863,8575.0,48438.0,17098.0,bad,0.6082611083984375,0.1308441162109375,0.260894775390625
2920,5120_5376_4096_4352,MSAVI,65536,33992,5869.0,39861.0,25675.0,bad,0.5186767578125,0.0895538330078125,0.3917694091796875
2921,5120_5376_4352_4608,MSAVI,65536,34947,8071.0,43018.0,22518.0,bad,0.5332489013671875,0.1231536865234375,0.343597412109375
2922,5120_5376_4608_4864,MSAVI,65536,36023,13019.0,49042.0,16494.0,bad,0.5496673583984375,0.1986541748046875,0.251678466796875
2923,5120_5376_4864_5120,MSAVI,65536,33837,23432.0,57269.0,8267.0,bad,0.5163116455078125,0.3575439453125,0.1261444091796875
2924,5120_5376_5120_5376,MSAVI,65536,29048,11130.0,40178.0,25358.0,bad,0.4432373046875,0.169830322265625,0.386932373046875
2925,5120_5376_5376_5632,MSAVI,65536,37387,8976.0,46363.0,19173.0,bad,0.5704803466796875,0.136962890625,0.2925567626953125
2926,5120_5376_5632_5888,MSAVI,65536,30389,12202.0,42591.0,22945.0,bad,0.4636993408203125,0.186187744140625,0.3501129150390625
2927,5120_5376_5888_6144,MSAVI,65536,37057,15826.0,52883.0,12653.0,bad,0.5654449462890625,0.241485595703125,0.1930694580078125
2928,5120_5376_6144_6400,MSAVI,65536,37045,20523.0,57568.0,7968.0,bad,0.5652618408203125,0.3131561279296875,0.12158203125
2929,5120_5376_6400_6656,MSAVI,65536,34201,21282.0,55483.0,10053.0,bad,0.5218658447265625,0.324737548828125,0.1533966064453125
2930,5120_5376_6656_6912,MSAVI,65536,38312,13686.0,51998.0,13538.0,bad,0.5845947265625,0.208831787109375,0.206573486328125
2931,5120_5376_6912_7168,MSAVI,65536,36809,10850.0,47659.0,17877.0,bad,0.5616607666015625,0.165557861328125,0.2727813720703125
2932,5120_5376_7168_7424,MSAVI,65536,33274,11089.0,44363.0,21173.0,bad,0.507720947265625,0.1692047119140625,0.3230743408203125
2933,5120_5376_7424_7680,MSAVI,65536,34199,11595.0,45794.0,19742.0,bad,0.5218353271484375,0.1769256591796875,0.301239013671875
2934,5120_5376_7680_7936,MSAVI,65536,38505,16930.0,55435.0,10101.0,bad,0.5875396728515625,0.258331298828125,0.1541290283203125
2935,5120_5376_7936_8192,MSAVI,65536,32066,14734.0,46800.0,18736.0,bad,0.489288330078125,0.224822998046875,0.285888671875
2936,5120_5376_8192_8448,MSAVI,65536,33602,11565.0,45167.0,20369.0,bad,0.512725830078125,0.1764678955078125,0.3108062744140625
2937,5120_5376_8448_8704,MSAVI,65536,31876,15884.0,47760.0,17776.0,bad,0.48638916015625,0.24237060546875,0.271240234375
2938,5120_5376_8704_8960,MSAVI,65536,33730,10559.0,44289.0,21247.0,bad,0.514678955078125,0.1611175537109375,0.3242034912109375
2939,5120_5376_8960_9216,MSAVI,65536,40024,11931.0,51955.0,13581.0,bad,0.6107177734375,0.1820526123046875,0.2072296142578125
2940,5120_5376_9216_9472,MSAVI,65536,40207,10048.0,50255.0,15281.0,bad,0.6135101318359375,0.1533203125,0.2331695556640625
2941,5120_5376_9472_9728,MSAVI,65536,42394,9374.0,51768.0,13768.0,bad,0.646881103515625,0.143035888671875,0.2100830078125
2942,5376_5632_0_256,MSAVI,65536,43603,9000.0,52603.0,12933.0,bad,0.6653289794921875,0.1373291015625,0.1973419189453125
2943,5376_5632_256_512,MSAVI,65536,54035,3392.0,57427.0,8109.0,bad,0.8245086669921875,0.0517578125,0.1237335205078125
2944,5376_5632_512_768,MSAVI,65536,39050,10733.0,49783.0,15753.0,bad,0.595855712890625,0.1637725830078125,0.2403717041015625
2945,5376_5632_768_1024,MSAVI,65536,30965,14003.0,44968.0,20568.0,bad,0.4724884033203125,0.2136688232421875,0.3138427734375
2946,5376_5632_1024_1280,MSAVI,65536,30738,6409.0,37147.0,28389.0,bad,0.469024658203125,0.0977935791015625,0.4331817626953125
2947,5376_5632_1280_1536,MSAVI,65536,36933,12234.0,49167.0,16369.0,bad,0.5635528564453125,0.186676025390625,0.2497711181640625
2948,5376_5632_1536_1792,MSAVI,65536,37771,11693.0,49464.0,16072.0,bad,0.5763397216796875,0.1784210205078125,0.2452392578125
2949,5376_5632_1792_2048,MSAVI,65536,32231,8445.0,40676.0,24860.0,bad,0.4918060302734375,0.1288604736328125,0.37933349609375
2950,5376_5632_2048_2304,MSAVI,65536,30294,7263.0,37557.0,27979.0,bad,0.462249755859375,0.1108245849609375,0.4269256591796875
2951,5376_5632_2304_2560,MSAVI,65536,33683,6264.0,39947.0,25589.0,bad,0.5139617919921875,0.0955810546875,0.3904571533203125
2952,5376_5632_2560_2816,MSAVI,65536,34306,13948.0,48254.0,17282.0,bad,0.523468017578125,0.21282958984375,0.263702392578125
2953,5376_5632_2816_3072,MSAVI,65536,35917,9476.0,45393.0,20143.0,bad,0.5480499267578125,0.14459228515625,0.3073577880859375
2954,5376_5632_3072_3328,MSAVI,65536,40642,6679.0,47321.0,18215.0,bad,0.620147705078125,0.1019134521484375,0.2779388427734375
2955,5376_5632_3328_3584,MSAVI,65536,42094,6468.0,48562.0,16974.0,bad,0.642303466796875,0.09869384765625,0.259002685546875
2956,5376_5632_3584_3840,MSAVI,65536,59326,2010.0,61336.0,4200.0,bad,0.905242919921875,0.030670166015625,0.0640869140625
2957,5376_5632_3840_4096,MSAVI,65536,38269,10863.0,49132.0,16404.0,bad,0.5839385986328125,0.1657562255859375,0.25030517578125
2958,5376_5632_4096_4352,MSAVI,65536,34966,6139.0,41105.0,24431.0,bad,0.533538818359375,0.0936737060546875,0.3727874755859375
2959,5376_5632_4352_4608,MSAVI,65536,32950,7521.0,40471.0,25065.0,bad,0.502777099609375,0.1147613525390625,0.3824615478515625
2960,5376_5632_4608_4864,MSAVI,65536,36994,10872.0,47866.0,17670.0,bad,0.564483642578125,0.1658935546875,0.269622802734375
2961,5376_5632_4864_5120,MSAVI,65536,32074,11822.0,43896.0,21640.0,bad,0.489410400390625,0.180389404296875,0.3302001953125
2962,5376_5632_5120_5376,MSAVI,65536,31467,10127.0,41594.0,23942.0,bad,0.4801483154296875,0.1545257568359375,0.365325927734375
2963,5376_5632_5376_5632,MSAVI,65536,32070,11546.0,43616.0,21920.0,bad,0.489349365234375,0.176177978515625,0.33447265625
2964,5376_5632_5632_5888,MSAVI,65536,42146,11001.0,53147.0,12389.0,bad,0.643096923828125,0.1678619384765625,0.1890411376953125
2965,5376_5632_5888_6144,MSAVI,65536,40758,11925.0,52683.0,12853.0,bad,0.621917724609375,0.1819610595703125,0.1961212158203125
2966,5376_5632_6144_6400,MSAVI,65536,29892,29823.0,59715.0,5821.0,bad,0.45611572265625,0.4550628662109375,0.0888214111328125
2967,5376_5632_6400_6656,MSAVI,65536,44667,7199.0,51866.0,13670.0,bad,0.6815643310546875,0.1098480224609375,0.208587646484375
2968,5376_5632_6656_6912,MSAVI,65536,37898,11295.0,49193.0,16343.0,bad,0.578277587890625,0.1723480224609375,0.2493743896484375
2969,5376_5632_6912_7168,MSAVI,65536,32401,11670.0,44071.0,21465.0,bad,0.4944000244140625,0.178070068359375,0.3275299072265625
2970,5376_5632_7168_7424,MSAVI,65536,37076,6514.0,43590.0,21946.0,bad,0.56573486328125,0.099395751953125,0.334869384765625
2971,5376_5632_7424_7680,MSAVI,65536,35543,9956.0,45499.0,20037.0,bad,0.5423431396484375,0.15191650390625,0.3057403564453125
2972,5376_5632_7680_7936,MSAVI,65536,34868,17791.0,52659.0,12877.0,bad,0.53204345703125,0.2714691162109375,0.1964874267578125
2973,5376_5632_7936_8192,MSAVI,65536,31534,10304.0,41838.0,23698.0,bad,0.481170654296875,0.1572265625,0.361602783203125
2974,5376_5632_8192_8448,MSAVI,65536,32039,11296.0,43335.0,22201.0,bad,0.4888763427734375,0.17236328125,0.3387603759765625
2975,5376_5632_8448_8704,MSAVI,65536,34228,14286.0,48514.0,17022.0,bad,0.52227783203125,0.217987060546875,0.259735107421875
2976,5376_5632_8704_8960,MSAVI,65536,36771,18376.0,55147.0,10389.0,bad,0.5610809326171875,0.2803955078125,0.1585235595703125
2977,5376_5632_8960_9216,MSAVI,65536,37097,15416.0,52513.0,13023.0,bad,0.5660552978515625,0.2352294921875,0.1987152099609375
2978,5376_5632_9216_9472,MSAVI,65536,36932,10925.0,47857.0,17679.0,bad,0.56353759765625,0.1667022705078125,0.2697601318359375
2979,5376_5632_9472_9728,MSAVI,65536,43457,11314.0,54771.0,10765.0,bad,0.6631011962890625,0.172637939453125,0.1642608642578125
2980,5632_5888_0_256,MSAVI,65536,52142,6561.0,58703.0,6833.0,bad,0.795623779296875,0.1001129150390625,0.1042633056640625
2981,5632_5888_256_512,MSAVI,65536,43515,12071.0,55586.0,9950.0,bad,0.6639862060546875,0.1841888427734375,0.151824951171875
2982,5632_5888_512_768,MSAVI,65536,39300,8934.0,48234.0,17302.0,bad,0.59967041015625,0.136322021484375,0.264007568359375
2983,5632_5888_768_1024,MSAVI,65536,36551,11038.0,47589.0,17947.0,bad,0.5577239990234375,0.168426513671875,0.2738494873046875
2984,5632_5888_1024_1280,MSAVI,65536,32609,6240.0,38849.0,26687.0,bad,0.4975738525390625,0.09521484375,0.4072113037109375
2985,5632_5888_1280_1536,MSAVI,65536,27956,5831.0,33787.0,31749.0,bad,0.42657470703125,0.0889739990234375,0.4844512939453125
2986,5632_5888_1536_1792,MSAVI,65536,39011,7477.0,46488.0,19048.0,bad,0.5952606201171875,0.1140899658203125,0.2906494140625
2987,5632_5888_1792_2048,MSAVI,65536,33488,8584.0,42072.0,23464.0,bad,0.510986328125,0.1309814453125,0.3580322265625
2988,5632_5888_2048_2304,MSAVI,65536,32402,7881.0,40283.0,25253.0,bad,0.494415283203125,0.1202545166015625,0.3853302001953125
2989,5632_5888_2304_2560,MSAVI,65536,34708,11220.0,45928.0,19608.0,bad,0.52960205078125,0.17120361328125,0.2991943359375
2990,5632_5888_2560_2816,MSAVI,65536,36298,17123.0,53421.0,12115.0,bad,0.553863525390625,0.2612762451171875,0.1848602294921875
2991,5632_5888_2816_3072,MSAVI,65536,38650,11015.0,49665.0,15871.0,bad,0.589752197265625,0.1680755615234375,0.2421722412109375
2992,5632_5888_3072_3328,MSAVI,65536,36870,8610.0,45480.0,20056.0,bad,0.562591552734375,0.131378173828125,0.3060302734375
2993,5632_5888_3328_3584,MSAVI,65536,41850,7366.0,49216.0,16320.0,bad,0.638580322265625,0.112396240234375,0.2490234375
2994,5632_5888_3584_3840,MSAVI,65536,37703,13064.0,50767.0,14769.0,bad,0.5753021240234375,0.1993408203125,0.2253570556640625
2995,5632_5888_3840_4096,MSAVI,65536,33042,12410.0,45452.0,20084.0,bad,0.504180908203125,0.189361572265625,0.30645751953125
2996,5632_5888_4096_4352,MSAVI,65536,29739,7588.0,37327.0,28209.0,bad,0.4537811279296875,0.11578369140625,0.4304351806640625
2997,5632_5888_4352_4608,MSAVI,65536,31470,8018.0,39488.0,26048.0,bad,0.480194091796875,0.122344970703125,0.3974609375
2998,5632_5888_4608_4864,MSAVI,65536,33833,12288.0,46121.0,19415.0,bad,0.5162506103515625,0.1875,0.2962493896484375
2999,5632_5888_4864_5120,MSAVI,65536,32274,8117.0,40391.0,25145.0,bad,0.492462158203125,0.1238555908203125,0.3836822509765625
3000,5632_5888_5120_5376,MSAVI,65536,29054,8341.0,37395.0,28141.0,bad,0.443328857421875,0.1272735595703125,0.4293975830078125
3001,5632_5888_5376_5632,MSAVI,65536,32157,13361.0,45518.0,20018.0,bad,0.4906768798828125,0.2038726806640625,0.305450439453125
3002,5632_5888_5632_5888,MSAVI,65536,34316,19519.0,53835.0,11701.0,bad,0.52362060546875,0.2978363037109375,0.1785430908203125
3003,5632_5888_5888_6144,MSAVI,65536,42499,13189.0,55688.0,9848.0,bad,0.6484832763671875,0.2012481689453125,0.1502685546875
3004,5632_5888_6144_6400,MSAVI,65536,28231,67.0,28298.0,37238.0,bad,0.4307708740234375,0.0010223388671875,0.568206787109375
3005,5632_5888_6400_6656,MSAVI,65536,32179,9373.0,41552.0,23984.0,bad,0.4910125732421875,0.1430206298828125,0.365966796875
3006,5632_5888_6656_6912,MSAVI,65536,35515,20667.0,56182.0,9354.0,bad,0.5419158935546875,0.3153533935546875,0.142730712890625
3007,5632_5888_6912_7168,MSAVI,65536,39230,11823.0,51053.0,14483.0,bad,0.598602294921875,0.1804046630859375,0.2209930419921875
3008,5632_5888_7168_7424,MSAVI,65536,36711,7233.0,43944.0,21592.0,bad,0.5601654052734375,0.1103668212890625,0.3294677734375
3009,5632_5888_7424_7680,MSAVI,65536,42188,11488.0,53676.0,11860.0,bad,0.64373779296875,0.17529296875,0.18096923828125
3010,5632_5888_7680_7936,MSAVI,65536,36180,14339.0,50519.0,15017.0,bad,0.55206298828125,0.2187957763671875,0.2291412353515625
3011,5632_5888_7936_8192,MSAVI,65536,30406,6605.0,37011.0,28525.0,bad,0.463958740234375,0.1007843017578125,0.4352569580078125
3012,5632_5888_8192_8448,MSAVI,65536,30076,6696.0,36772.0,28764.0,bad,0.45892333984375,0.1021728515625,0.43890380859375
3013,5632_5888_8448_8704,MSAVI,65536,32155,14649.0,46804.0,18732.0,bad,0.4906463623046875,0.2235260009765625,0.28582763671875
3014,5632_5888_8704_8960,MSAVI,65536,35587,19388.0,54975.0,10561.0,bad,0.5430145263671875,0.29583740234375,0.1611480712890625
3015,5632_5888_8960_9216,MSAVI,65536,33881,11845.0,45726.0,19810.0,bad,0.5169830322265625,0.1807403564453125,0.302276611328125
3016,5632_5888_9216_9472,MSAVI,65536,37453,7657.0,45110.0,20426.0,bad,0.5714874267578125,0.1168365478515625,0.311676025390625
3017,5632_5888_9472_9728,MSAVI,65536,41366,9710.0,51076.0,14460.0,bad,0.631195068359375,0.148162841796875,0.22064208984375
3018,5888_6144_0_256,MSAVI,65536,43207,7139.0,50346.0,15190.0,bad,0.6592864990234375,0.1089324951171875,0.231781005859375
3019,5888_6144_256_512,MSAVI,65536,32353,8156.0,40509.0,25027.0,bad,0.4936676025390625,0.12445068359375,0.3818817138671875
3020,5888_6144_512_768,MSAVI,65536,37863,13112.0,50975.0,14561.0,bad,0.5777435302734375,0.2000732421875,0.2221832275390625
3021,5888_6144_768_1024,MSAVI,65536,36603,7309.0,43912.0,21624.0,bad,0.5585174560546875,0.1115264892578125,0.3299560546875
3022,5888_6144_1024_1280,MSAVI,65536,33513,5674.0,39187.0,26349.0,bad,0.5113677978515625,0.086578369140625,0.4020538330078125
3023,5888_6144_1280_1536,MSAVI,65536,33794,10768.0,44562.0,20974.0,bad,0.515655517578125,0.164306640625,0.320037841796875
3024,5888_6144_1536_1792,MSAVI,65536,32399,10026.0,42425.0,23111.0,bad,0.4943695068359375,0.152984619140625,0.3526458740234375
3025,5888_6144_1792_2048,MSAVI,65536,29914,6220.0,36134.0,29402.0,bad,0.456451416015625,0.09490966796875,0.448638916015625
3026,5888_6144_2048_2304,MSAVI,65536,30821,9404.0,40225.0,25311.0,bad,0.4702911376953125,0.14349365234375,0.3862152099609375
3027,5888_6144_2304_2560,MSAVI,65536,38569,10141.0,48710.0,16826.0,bad,0.5885162353515625,0.1547393798828125,0.256744384765625
3028,5888_6144_2560_2816,MSAVI,65536,41641,10138.0,51779.0,13757.0,bad,0.6353912353515625,0.154693603515625,0.2099151611328125
3029,5888_6144_2816_3072,MSAVI,65536,37426,12412.0,49838.0,15698.0,bad,0.571075439453125,0.18939208984375,0.239532470703125
3030,5888_6144_3072_3328,MSAVI,65536,38235,9683.0,47918.0,17618.0,bad,0.5834197998046875,0.1477508544921875,0.268829345703125
3031,5888_6144_3328_3584,MSAVI,65536,40268,9394.0,49662.0,15874.0,bad,0.61444091796875,0.143341064453125,0.242218017578125
3032,5888_6144_3584_3840,MSAVI,65536,35719,14813.0,50532.0,15004.0,bad,0.5450286865234375,0.2260284423828125,0.22894287109375
3033,5888_6144_3840_4096,MSAVI,65536,32922,10737.0,43659.0,21877.0,bad,0.502349853515625,0.1638336181640625,0.3338165283203125
3034,5888_6144_4096_4352,MSAVI,65536,31823,7383.0,39206.0,26330.0,bad,0.4855804443359375,0.1126556396484375,0.401763916015625
3035,5888_6144_4352_4608,MSAVI,65536,30445,7808.0,38253.0,27283.0,bad,0.4645538330078125,0.119140625,0.4163055419921875
3036,5888_6144_4608_4864,MSAVI,65536,32397,11516.0,43913.0,21623.0,bad,0.4943389892578125,0.17572021484375,0.3299407958984375
3037,5888_6144_4864_5120,MSAVI,65536,29848,10289.0,40137.0,25399.0,bad,0.4554443359375,0.1569976806640625,0.3875579833984375
3038,5888_6144_5120_5376,MSAVI,65536,28676,7076.0,35752.0,29784.0,bad,0.43756103515625,0.10797119140625,0.4544677734375
3039,5888_6144_5376_5632,MSAVI,65536,31158,2247.0,33405.0,32131.0,bad,0.475433349609375,0.0342864990234375,0.4902801513671875
3040,5888_6144_5632_5888,MSAVI,65536,42606,13451.0,56057.0,9479.0,bad,0.650115966796875,0.2052459716796875,0.1446380615234375
3041,5888_6144_5888_6144,MSAVI,65536,39421,17169.0,56590.0,8946.0,bad,0.6015167236328125,0.2619781494140625,0.136505126953125
3042,5888_6144_6144_6400,MSAVI,65536,28423,1506.0,29929.0,35607.0,bad,0.4337005615234375,0.022979736328125,0.5433197021484375
3043,5888_6144_6400_6656,MSAVI,65536,32012,7999.0,40011.0,25525.0,bad,0.48846435546875,0.1220550537109375,0.3894805908203125
3044,5888_6144_6656_6912,MSAVI,65536,29151,29853.0,59004.0,6532.0,bad,0.4448089599609375,0.4555206298828125,0.09967041015625
3045,5888_6144_6912_7168,MSAVI,65536,34924,17487.0,52411.0,13125.0,bad,0.53289794921875,0.2668304443359375,0.2002716064453125
3046,5888_6144_7168_7424,MSAVI,65536,35461,12139.0,47600.0,17936.0,bad,0.5410919189453125,0.1852264404296875,0.273681640625
3047,5888_6144_7424_7680,MSAVI,65536,31832,10893.0,42725.0,22811.0,bad,0.4857177734375,0.1662139892578125,0.3480682373046875
3048,5888_6144_7680_7936,MSAVI,65536,34028,14126.0,48154.0,17382.0,bad,0.51922607421875,0.215545654296875,0.265228271484375
3049,5888_6144_7936_8192,MSAVI,65536,31626,11542.0,43168.0,22368.0,bad,0.482574462890625,0.176116943359375,0.34130859375
3050,5888_6144_8192_8448,MSAVI,65536,30918,8959.0,39877.0,25659.0,bad,0.471771240234375,0.1367034912109375,0.3915252685546875
3051,5888_6144_8448_8704,MSAVI,65536,31874,16586.0,48460.0,17076.0,bad,0.486358642578125,0.253082275390625,0.26055908203125
3052,5888_6144_8704_8960,MSAVI,65536,34095,21269.0,55364.0,10172.0,bad,0.5202484130859375,0.3245391845703125,0.15521240234375
3053,5888_6144_8960_9216,MSAVI,65536,33966,15363.0,49329.0,16207.0,bad,0.518280029296875,0.2344207763671875,0.2472991943359375
3054,5888_6144_9216_9472,MSAVI,65536,42060,5874.0,47934.0,17602.0,bad,0.64178466796875,0.089630126953125,0.268585205078125
3055,5888_6144_9472_9728,MSAVI,65536,45945,6179.0,52124.0,13412.0,bad,0.7010650634765625,0.0942840576171875,0.20465087890625
3056,6144_6400_0_256,MSAVI,65536,44285,5659.0,49944.0,15592.0,bad,0.6757354736328125,0.0863494873046875,0.2379150390625
3057,6144_6400_256_512,MSAVI,65536,31162,9727.0,40889.0,24647.0,bad,0.475494384765625,0.1484222412109375,0.3760833740234375
3058,6144_6400_512_768,MSAVI,65536,33261,9922.0,43183.0,22353.0,bad,0.5075225830078125,0.151397705078125,0.3410797119140625
3059,6144_6400_768_1024,MSAVI,65536,33914,7174.0,41088.0,24448.0,bad,0.517486572265625,0.109466552734375,0.373046875
3060,6144_6400_1024_1280,MSAVI,65536,33039,8298.0,41337.0,24199.0,bad,0.5041351318359375,0.126617431640625,0.3692474365234375
3061,6144_6400_1280_1536,MSAVI,65536,34833,10312.0,45145.0,20391.0,bad,0.5315093994140625,0.1573486328125,0.3111419677734375
3062,6144_6400_1536_1792,MSAVI,65536,35939,11353.0,47292.0,18244.0,bad,0.5483856201171875,0.1732330322265625,0.27838134765625
3063,6144_6400_1792_2048,MSAVI,65536,35064,11446.0,46510.0,19026.0,bad,0.5350341796875,0.174652099609375,0.290313720703125
3064,6144_6400_2048_2304,MSAVI,65536,34317,10873.0,45190.0,20346.0,bad,0.5236358642578125,0.1659088134765625,0.310455322265625
3065,6144_6400_2304_2560,MSAVI,65536,34232,11605.0,45837.0,19699.0,bad,0.5223388671875,0.1770782470703125,0.3005828857421875
3066,6144_6400_2560_2816,MSAVI,65536,38186,9036.0,47222.0,18314.0,bad,0.582672119140625,0.13787841796875,0.279449462890625
3067,6144_6400_2816_3072,MSAVI,65536,34539,9992.0,44531.0,21005.0,bad,0.5270233154296875,0.1524658203125,0.3205108642578125
3068,6144_6400_3072_3328,MSAVI,65536,35333,8261.0,43594.0,21942.0,bad,0.5391387939453125,0.1260528564453125,0.334808349609375
3069,6144_6400_3328_3584,MSAVI,65536,37373,8510.0,45883.0,19653.0,bad,0.5702667236328125,0.129852294921875,0.2998809814453125
3070,6144_6400_3584_3840,MSAVI,65536,39195,12633.0,51828.0,13708.0,bad,0.5980682373046875,0.1927642822265625,0.20916748046875
3071,6144_6400_3840_4096,MSAVI,65536,36331,11228.0,47559.0,17977.0,bad,0.5543670654296875,0.17132568359375,0.2743072509765625
3072,6144_6400_4096_4352,MSAVI,65536,33425,8981.0,42406.0,23130.0,bad,0.5100250244140625,0.1370391845703125,0.352935791015625
3073,6144_6400_4352_4608,MSAVI,65536,34788,9888.0,44676.0,20860.0,bad,0.53082275390625,0.15087890625,0.31829833984375
3074,6144_6400_4608_4864,MSAVI,65536,33809,10250.0,44059.0,21477.0,bad,0.5158843994140625,0.156402587890625,0.3277130126953125
3075,6144_6400_4864_5120,MSAVI,65536,32437,11940.0,44377.0,21159.0,bad,0.4949493408203125,0.18218994140625,0.3228607177734375
3076,6144_6400_5120_5376,MSAVI,65536,32104,5315.0,37419.0,28117.0,bad,0.4898681640625,0.0811004638671875,0.4290313720703125
3077,6144_6400_5376_5632,MSAVI,65536,34377,11593.0,45970.0,19566.0,bad,0.5245513916015625,0.1768951416015625,0.298553466796875
3078,6144_6400_5632_5888,MSAVI,65536,42124,13136.0,55260.0,10276.0,bad,0.64276123046875,0.200439453125,0.15679931640625
3079,6144_6400_5888_6144,MSAVI,65536,26871,0.0,26871.0,38665.0,bad,0.4100189208984375,0.0,0.5899810791015625
3080,6144_6400_6144_6400,MSAVI,65536,26539,4032.0,30571.0,34965.0,bad,0.4049530029296875,0.0615234375,0.5335235595703125
3081,6144_6400_6400_6656,MSAVI,65536,28656,2738.0,31394.0,34142.0,bad,0.437255859375,0.041778564453125,0.520965576171875
3082,6144_6400_6656_6912,MSAVI,65536,27783,3966.0,31749.0,33787.0,bad,0.4239349365234375,0.060516357421875,0.5155487060546875
3083,6144_6400_6912_7168,MSAVI,65536,32277,8778.0,41055.0,24481.0,bad,0.4925079345703125,0.133941650390625,0.3735504150390625
3084,6144_6400_7168_7424,MSAVI,65536,31170,8784.0,39954.0,25582.0,bad,0.475616455078125,0.134033203125,0.390350341796875
3085,6144_6400_7424_7680,MSAVI,65536,32191,11706.0,43897.0,21639.0,bad,0.4911956787109375,0.178619384765625,0.3301849365234375
3086,6144_6400_7680_7936,MSAVI,65536,34296,16765.0,51061.0,14475.0,bad,0.5233154296875,0.2558135986328125,0.2208709716796875
3087,6144_6400_7936_8192,MSAVI,65536,32641,20808.0,53449.0,12087.0,bad,0.4980621337890625,0.3175048828125,0.1844329833984375
3088,6144_6400_8192_8448,MSAVI,65536,37226,18839.0,56065.0,9471.0,bad,0.568023681640625,0.2874603271484375,0.1445159912109375
3089,6144_6400_8448_8704,MSAVI,65536,36665,8236.0,44901.0,20635.0,bad,0.5594635009765625,0.12567138671875,0.3148651123046875
3090,6144_6400_8704_8960,MSAVI,65536,38526,10356.0,48882.0,16654.0,bad,0.587860107421875,0.15802001953125,0.254119873046875
3091,6144_6400_8960_9216,MSAVI,65536,40196,9655.0,49851.0,15685.0,bad,0.61334228515625,0.1473236083984375,0.2393341064453125
3092,6144_6400_9216_9472,MSAVI,65536,41279,10447.0,51726.0,13810.0,bad,0.6298675537109375,0.1594085693359375,0.210723876953125
3093,6144_6400_9472_9728,MSAVI,65536,39224,8540.0,47764.0,17772.0,bad,0.5985107421875,0.13031005859375,0.27117919921875
3094,6400_6656_0_256,MSAVI,65536,32410,12493.0,44903.0,20633.0,bad,0.494537353515625,0.1906280517578125,0.3148345947265625
3095,6400_6656_256_512,MSAVI,65536,30671,12653.0,43324.0,22212.0,bad,0.4680023193359375,0.1930694580078125,0.33892822265625
3096,6400_6656_512_768,MSAVI,65536,35486,10248.0,45734.0,19802.0,bad,0.541473388671875,0.1563720703125,0.302154541015625
3097,6400_6656_768_1024,MSAVI,65536,43897,7671.0,51568.0,13968.0,bad,0.6698150634765625,0.1170501708984375,0.213134765625
3098,6400_6656_1024_1280,MSAVI,65536,40489,12378.0,52867.0,12669.0,bad,0.6178131103515625,0.188873291015625,0.1933135986328125
3099,6400_6656_1280_1536,MSAVI,65536,35295,10757.0,46052.0,19484.0,bad,0.5385589599609375,0.1641387939453125,0.29730224609375
3100,6400_6656_1536_1792,MSAVI,65536,34115,11755.0,45870.0,19666.0,bad,0.5205535888671875,0.1793670654296875,0.300079345703125
3101,6400_6656_1792_2048,MSAVI,65536,34875,12206.0,47081.0,18455.0,bad,0.5321502685546875,0.186248779296875,0.2816009521484375
3102,6400_6656_2048_2304,MSAVI,65536,33058,5898.0,38956.0,26580.0,bad,0.504425048828125,0.089996337890625,0.40557861328125
3103,6400_6656_2304_2560,MSAVI,65536,34355,10522.0,44877.0,20659.0,bad,0.5242156982421875,0.160552978515625,0.3152313232421875
3104,6400_6656_2560_2816,MSAVI,65536,36151,13241.0,49392.0,16144.0,bad,0.5516204833984375,0.2020416259765625,0.246337890625
3105,6400_6656_2816_3072,MSAVI,65536,33404,14456.0,47860.0,17676.0,bad,0.50970458984375,0.2205810546875,0.26971435546875
3106,6400_6656_3072_3328,MSAVI,65536,34315,9243.0,43558.0,21978.0,bad,0.5236053466796875,0.1410369873046875,0.335357666015625
3107,6400_6656_3328_3584,MSAVI,65536,31794,11209.0,43003.0,22533.0,bad,0.485137939453125,0.1710357666015625,0.3438262939453125
3108,6400_6656_3584_3840,MSAVI,65536,33896,11584.0,45480.0,20056.0,bad,0.5172119140625,0.1767578125,0.3060302734375
3109,6400_6656_3840_4096,MSAVI,65536,35901,14439.0,50340.0,15196.0,bad,0.5478057861328125,0.2203216552734375,0.23187255859375
3110,6400_6656_4096_4352,MSAVI,65536,35956,8449.0,44405.0,21131.0,bad,0.54864501953125,0.1289215087890625,0.3224334716796875
3111,6400_6656_4352_4608,MSAVI,65536,41949,7296.0,49245.0,16291.0,bad,0.6400909423828125,0.111328125,0.2485809326171875
3112,6400_6656_4608_4864,MSAVI,65536,36494,10999.0,47493.0,18043.0,bad,0.556854248046875,0.1678314208984375,0.2753143310546875
3113,6400_6656_4864_5120,MSAVI,65536,39892,11397.0,51289.0,14247.0,bad,0.60870361328125,0.1739044189453125,0.2173919677734375
3114,6400_6656_5120_5376,MSAVI,65536,34080,6979.0,41059.0,24477.0,bad,0.52001953125,0.1064910888671875,0.3734893798828125
3115,6400_6656_5376_5632,MSAVI,65536,37803,10892.0,48695.0,16841.0,bad,0.5768280029296875,0.16619873046875,0.2569732666015625
3116,6400_6656_5632_5888,MSAVI,65536,34230,26432.0,60662.0,4874.0,bad,0.522308349609375,0.4033203125,0.074371337890625
3117,6400_6656_5888_6144,MSAVI,65536,31065,25495.0,56560.0,8976.0,bad,0.4740142822265625,0.3890228271484375,0.136962890625
3118,6400_6656_6144_6400,MSAVI,65536,31562,5696.0,37258.0,28278.0,bad,0.481597900390625,0.0869140625,0.431488037109375
3119,6400_6656_6400_6656,MSAVI,65536,28538,6660.0,35198.0,30338.0,bad,0.435455322265625,0.10162353515625,0.462921142578125
3120,6400_6656_6656_6912,MSAVI,65536,31560,7602.0,39162.0,26374.0,bad,0.4815673828125,0.115997314453125,0.402435302734375
3121,6400_6656_6912_7168,MSAVI,65536,34096,14205.0,48301.0,17235.0,bad,0.520263671875,0.2167510986328125,0.2629852294921875
3122,6400_6656_7168_7424,MSAVI,65536,31080,11521.0,42601.0,22935.0,bad,0.4742431640625,0.1757965087890625,0.3499603271484375
3123,6400_6656_7424_7680,MSAVI,65536,28334,10520.0,38854.0,26682.0,bad,0.432342529296875,0.1605224609375,0.407135009765625
3124,6400_6656_7680_7936,MSAVI,65536,33067,17344.0,50411.0,15125.0,bad,0.5045623779296875,0.2646484375,0.2307891845703125
3125,6400_6656_7936_8192,MSAVI,65536,36500,20440.0,56940.0,8596.0,bad,0.55694580078125,0.3118896484375,0.13116455078125
3126,6400_6656_8192_8448,MSAVI,65536,33600,15425.0,49025.0,16511.0,bad,0.5126953125,0.2353668212890625,0.2519378662109375
3127,6400_6656_8448_8704,MSAVI,65536,35450,9899.0,45349.0,20187.0,bad,0.540924072265625,0.1510467529296875,0.3080291748046875
3128,6400_6656_8704_8960,MSAVI,65536,37131,16826.0,53957.0,11579.0,bad,0.5665740966796875,0.256744384765625,0.1766815185546875
3129,6400_6656_8960_9216,MSAVI,65536,34708,15508.0,50216.0,15320.0,bad,0.52960205078125,0.23663330078125,0.2337646484375
3130,6400_6656_9216_9472,MSAVI,65536,33395,11014.0,44409.0,21127.0,bad,0.5095672607421875,0.168060302734375,0.3223724365234375
3131,6400_6656_9472_9728,MSAVI,65536,37724,11831.0,49555.0,15981.0,bad,0.57562255859375,0.1805267333984375,0.2438507080078125
3132,6656_6912_0_256,MSAVI,65536,33937,8730.0,42667.0,22869.0,bad,0.5178375244140625,0.133209228515625,0.3489532470703125
3133,6656_6912_256_512,MSAVI,65536,34714,7945.0,42659.0,22877.0,bad,0.529693603515625,0.1212310791015625,0.3490753173828125
3134,6656_6912_512_768,MSAVI,65536,34111,13984.0,48095.0,17441.0,bad,0.5204925537109375,0.21337890625,0.2661285400390625
3135,6656_6912_768_1024,MSAVI,65536,40135,10484.0,50619.0,14917.0,bad,0.6124114990234375,0.15997314453125,0.2276153564453125
3136,6656_6912_1024_1280,MSAVI,65536,36153,8699.0,44852.0,20684.0,bad,0.5516510009765625,0.1327362060546875,0.31561279296875
3137,6656_6912_1280_1536,MSAVI,65536,42154,10436.0,52590.0,12946.0,bad,0.643218994140625,0.15924072265625,0.197540283203125
3138,6656_6912_1536_1792,MSAVI,65536,45302,7499.0,52801.0,12735.0,bad,0.691253662109375,0.1144256591796875,0.1943206787109375
3139,6656_6912_1792_2048,MSAVI,65536,36959,10282.0,47241.0,18295.0,bad,0.5639495849609375,0.156890869140625,0.2791595458984375
3140,6656_6912_2048_2304,MSAVI,65536,37190,5488.0,42678.0,22858.0,bad,0.567474365234375,0.083740234375,0.348785400390625
3141,6656_6912_2304_2560,MSAVI,65536,37782,6126.0,43908.0,21628.0,bad,0.576507568359375,0.093475341796875,0.33001708984375
3142,6656_6912_2560_2816,MSAVI,65536,57427,3939.0,61366.0,4170.0,bad,0.8762664794921875,0.0601043701171875,0.063629150390625
3143,6656_6912_2816_3072,MSAVI,65536,52922,7316.0,60238.0,5298.0,bad,0.807525634765625,0.11163330078125,0.080841064453125
3144,6656_6912_3072_3328,MSAVI,65536,42322,7943.0,50265.0,15271.0,bad,0.645782470703125,0.1212005615234375,0.2330169677734375
3145,6656_6912_3328_3584,MSAVI,65536,31039,7581.0,38620.0,26916.0,bad,0.4736175537109375,0.1156768798828125,0.41070556640625
3146,6656_6912_3584_3840,MSAVI,65536,35519,12293.0,47812.0,17724.0,bad,0.5419769287109375,0.1875762939453125,0.27044677734375
3147,6656_6912_3840_4096,MSAVI,65536,35711,10778.0,46489.0,19047.0,bad,0.5449066162109375,0.164459228515625,0.2906341552734375
3148,6656_6912_4096_4352,MSAVI,65536,33661,7853.0,41514.0,24022.0,bad,0.5136260986328125,0.1198272705078125,0.366546630859375
3149,6656_6912_4352_4608,MSAVI,65536,34923,8091.0,43014.0,22522.0,bad,0.5328826904296875,0.1234588623046875,0.343658447265625
3150,6656_6912_4608_4864,MSAVI,65536,35296,9687.0,44983.0,20553.0,bad,0.53857421875,0.1478118896484375,0.3136138916015625
3151,6656_6912_4864_5120,MSAVI,65536,30265,4887.0,35152.0,30384.0,bad,0.4618072509765625,0.0745697021484375,0.463623046875
3152,6656_6912_5120_5376,MSAVI,65536,35684,6802.0,42486.0,23050.0,bad,0.54449462890625,0.103790283203125,0.351715087890625
3153,6656_6912_5376_5632,MSAVI,65536,45422,10642.0,56064.0,9472.0,bad,0.693084716796875,0.162384033203125,0.14453125
3154,6656_6912_5632_5888,MSAVI,65536,37417,21779.0,59196.0,6340.0,bad,0.5709381103515625,0.3323211669921875,0.09674072265625
3155,6656_6912_5888_6144,MSAVI,65536,29846,30178.0,60024.0,5512.0,bad,0.455413818359375,0.460479736328125,0.0841064453125
3156,6656_6912_6144_6400,MSAVI,65536,33395,8463.0,41858.0,23678.0,bad,0.5095672607421875,0.1291351318359375,0.361297607421875
3157,6656_6912_6400_6656,MSAVI,65536,32785,11951.0,44736.0,20800.0,bad,0.5002593994140625,0.1823577880859375,0.3173828125
3158,6656_6912_6656_6912,MSAVI,65536,30098,9838.0,39936.0,25600.0,bad,0.459259033203125,0.150115966796875,0.390625
3159,6656_6912_6912_7168,MSAVI,65536,33071,12381.0,45452.0,20084.0,bad,0.5046234130859375,0.1889190673828125,0.30645751953125
3160,6656_6912_7168_7424,MSAVI,65536,31661,9070.0,40731.0,24805.0,bad,0.4831085205078125,0.138397216796875,0.3784942626953125
3161,6656_6912_7424_7680,MSAVI,65536,34976,12454.0,47430.0,18106.0,bad,0.53369140625,0.190032958984375,0.276275634765625
3162,6656_6912_7680_7936,MSAVI,65536,34407,16829.0,51236.0,14300.0,bad,0.5250091552734375,0.2567901611328125,0.21820068359375
3163,6656_6912_7936_8192,MSAVI,65536,31882,14750.0,46632.0,18904.0,bad,0.486480712890625,0.225067138671875,0.2884521484375
3164,6656_6912_8192_8448,MSAVI,65536,32746,15249.0,47995.0,17541.0,bad,0.499664306640625,0.2326812744140625,0.2676544189453125
3165,6656_6912_8448_8704,MSAVI,65536,31947,10376.0,42323.0,23213.0,bad,0.4874725341796875,0.1583251953125,0.3542022705078125
3166,6656_6912_8704_8960,MSAVI,65536,32764,17493.0,50257.0,15279.0,bad,0.49993896484375,0.2669219970703125,0.2331390380859375
3167,6656_6912_8960_9216,MSAVI,65536,33654,10551.0,44205.0,21331.0,bad,0.513519287109375,0.1609954833984375,0.3254852294921875
3168,6656_6912_9216_9472,MSAVI,65536,33923,13915.0,47838.0,17698.0,bad,0.5176239013671875,0.2123260498046875,0.270050048828125
3169,6656_6912_9472_9728,MSAVI,65536,37575,15125.0,52700.0,12836.0,bad,0.5733489990234375,0.2307891845703125,0.19586181640625
3170,6912_7168_0_256,MSAVI,65536,44403,7431.0,51834.0,13702.0,bad,0.6775360107421875,0.1133880615234375,0.209075927734375
3171,6912_7168_256_512,MSAVI,65536,33299,9330.0,42629.0,22907.0,bad,0.5081024169921875,0.142364501953125,0.3495330810546875
3172,6912_7168_512_768,MSAVI,65536,36827,13513.0,50340.0,15196.0,bad,0.5619354248046875,0.2061920166015625,0.23187255859375
3173,6912_7168_768_1024,MSAVI,65536,36745,12067.0,48812.0,16724.0,bad,0.5606842041015625,0.1841278076171875,0.25518798828125
3174,6912_7168_1024_1280,MSAVI,65536,34711,6023.0,40734.0,24802.0,bad,0.5296478271484375,0.0919036865234375,0.378448486328125
3175,6912_7168_1280_1536,MSAVI,65536,37842,9577.0,47419.0,18117.0,bad,0.577423095703125,0.1461334228515625,0.2764434814453125
3176,6912_7168_1536_1792,MSAVI,65536,37843,9188.0,47031.0,18505.0,bad,0.5774383544921875,0.14019775390625,0.2823638916015625
3177,6912_7168_1792_2048,MSAVI,65536,39562,7274.0,46836.0,18700.0,bad,0.603668212890625,0.110992431640625,0.28533935546875
3178,6912_7168_2048_2304,MSAVI,65536,35463,5808.0,41271.0,24265.0,bad,0.5411224365234375,0.088623046875,0.3702545166015625
3179,6912_7168_2304_2560,MSAVI,65536,42208,4218.0,46426.0,19110.0,bad,0.64404296875,0.064361572265625,0.291595458984375
3180,6912_7168_2560_2816,MSAVI,65536,47744,5399.0,53143.0,12393.0,bad,0.728515625,0.0823822021484375,0.1891021728515625
3181,6912_7168_2816_3072,MSAVI,65536,45937,5516.0,51453.0,14083.0,bad,0.7009429931640625,0.08416748046875,0.2148895263671875
3182,6912_7168_3072_3328,MSAVI,65536,47741,6038.0,53779.0,11757.0,bad,0.7284698486328125,0.092132568359375,0.1793975830078125
3183,6912_7168_3328_3584,MSAVI,65536,39261,11077.0,50338.0,15198.0,bad,0.5990753173828125,0.1690216064453125,0.231903076171875
3184,6912_7168_3584_3840,MSAVI,65536,35909,11959.0,47868.0,17668.0,bad,0.5479278564453125,0.1824798583984375,0.26959228515625
3185,6912_7168_3840_4096,MSAVI,65536,34799,17466.0,52265.0,13271.0,bad,0.5309906005859375,0.266510009765625,0.2024993896484375
3186,6912_7168_4096_4352,MSAVI,65536,33597,11176.0,44773.0,20763.0,bad,0.5126495361328125,0.1705322265625,0.3168182373046875
3187,6912_7168_4352_4608,MSAVI,65536,39853,13523.0,53376.0,12160.0,bad,0.6081085205078125,0.2063446044921875,0.185546875
3188,6912_7168_4608_4864,MSAVI,65536,37798,13873.0,51671.0,13865.0,bad,0.576751708984375,0.2116851806640625,0.2115631103515625
3189,6912_7168_4864_5120,MSAVI,65536,34173,10760.0,44933.0,20603.0,bad,0.5214385986328125,0.1641845703125,0.3143768310546875
3190,6912_7168_5120_5376,MSAVI,65536,33456,11673.0,45129.0,20407.0,bad,0.510498046875,0.1781158447265625,0.3113861083984375
3191,6912_7168_5376_5632,MSAVI,65536,42970,14824.0,57794.0,7742.0,bad,0.655670166015625,0.2261962890625,0.118133544921875
3192,6912_7168_5632_5888,MSAVI,65536,35906,22347.0,58253.0,7283.0,bad,0.547882080078125,0.3409881591796875,0.1111297607421875
3193,6912_7168_5888_6144,MSAVI,65536,35719,18653.0,54372.0,11164.0,bad,0.5450286865234375,0.2846221923828125,0.17034912109375
3194,6912_7168_6144_6400,MSAVI,65536,36077,15903.0,51980.0,13556.0,bad,0.5504913330078125,0.2426605224609375,0.20684814453125
3195,6912_7168_6400_6656,MSAVI,65536,34189,13178.0,47367.0,18169.0,bad,0.5216827392578125,0.201080322265625,0.2772369384765625
3196,6912_7168_6656_6912,MSAVI,65536,34906,11433.0,46339.0,19197.0,bad,0.532623291015625,0.1744537353515625,0.2929229736328125
3197,6912_7168_6912_7168,MSAVI,65536,37688,11731.0,49419.0,16117.0,bad,0.5750732421875,0.1790008544921875,0.2459259033203125
3198,6912_7168_7168_7424,MSAVI,65536,34620,10105.0,44725.0,20811.0,bad,0.52825927734375,0.1541900634765625,0.3175506591796875
3199,6912_7168_7424_7680,MSAVI,65536,31048,11602.0,42650.0,22886.0,bad,0.4737548828125,0.177032470703125,0.349212646484375
3200,6912_7168_7680_7936,MSAVI,65536,31538,13825.0,45363.0,20173.0,bad,0.481231689453125,0.2109527587890625,0.3078155517578125
3201,6912_7168_7936_8192,MSAVI,65536,34984,11075.0,46059.0,19477.0,bad,0.5338134765625,0.1689910888671875,0.2971954345703125
3202,6912_7168_8192_8448,MSAVI,65536,33372,7439.0,40811.0,24725.0,bad,0.50921630859375,0.1135101318359375,0.3772735595703125
3203,6912_7168_8448_8704,MSAVI,65536,33172,7199.0,40371.0,25165.0,bad,0.50616455078125,0.1098480224609375,0.3839874267578125
3204,6912_7168_8704_8960,MSAVI,65536,31892,14694.0,46586.0,18950.0,bad,0.48663330078125,0.224212646484375,0.289154052734375
3205,6912_7168_8960_9216,MSAVI,65536,36957,10353.0,47310.0,18226.0,bad,0.5639190673828125,0.1579742431640625,0.278106689453125
3206,6912_7168_9216_9472,MSAVI,65536,32220,11817.0,44037.0,21499.0,bad,0.49163818359375,0.1803131103515625,0.3280487060546875
3207,6912_7168_9472_9728,MSAVI,65536,29926,15874.0,45800.0,19736.0,bad,0.456634521484375,0.242218017578125,0.3011474609375
3208,7168_7424_0_256,MSAVI,65536,32021,6612.0,38633.0,26903.0,bad,0.4886016845703125,0.10089111328125,0.4105072021484375
3209,7168_7424_256_512,MSAVI,65536,35494,12899.0,48393.0,17143.0,bad,0.541595458984375,0.1968231201171875,0.2615814208984375
3210,7168_7424_512_768,MSAVI,65536,32310,10910.0,43220.0,22316.0,bad,0.493011474609375,0.166473388671875,0.34051513671875
3211,7168_7424_768_1024,MSAVI,65536,35233,10165.0,45398.0,20138.0,bad,0.5376129150390625,0.1551055908203125,0.307281494140625
3212,7168_7424_1024_1280,MSAVI,65536,35093,5946.0,41039.0,24497.0,bad,0.5354766845703125,0.090728759765625,0.3737945556640625
3213,7168_7424_1280_1536,MSAVI,65536,38262,7028.0,45290.0,20246.0,bad,0.583831787109375,0.10723876953125,0.308929443359375
3214,7168_7424_1536_1792,MSAVI,65536,35811,11649.0,47460.0,18076.0,bad,0.5464324951171875,0.1777496337890625,0.27581787109375
3215,7168_7424_1792_2048,MSAVI,65536,34124,6153.0,40277.0,25259.0,bad,0.52069091796875,0.0938873291015625,0.3854217529296875
3216,7168_7424_2048_2304,MSAVI,65536,33085,5683.0,38768.0,26768.0,bad,0.5048370361328125,0.0867156982421875,0.408447265625
3217,7168_7424_2304_2560,MSAVI,65536,37903,9276.0,47179.0,18357.0,bad,0.5783538818359375,0.14154052734375,0.2801055908203125
3218,7168_7424_2560_2816,MSAVI,65536,47373,5633.0,53006.0,12530.0,bad,0.7228546142578125,0.0859527587890625,0.191192626953125
3219,7168_7424_2816_3072,MSAVI,65536,44735,3601.0,48336.0,17200.0,bad,0.6826019287109375,0.0549468994140625,0.262451171875
3220,7168_7424_3072_3328,MSAVI,65536,36586,4611.0,41197.0,24339.0,bad,0.558258056640625,0.0703582763671875,0.3713836669921875
3221,7168_7424_3328_3584,MSAVI,65536,36856,14436.0,51292.0,14244.0,bad,0.5623779296875,0.22027587890625,0.21734619140625
3222,7168_7424_3584_3840,MSAVI,65536,36799,12407.0,49206.0,16330.0,bad,0.5615081787109375,0.1893157958984375,0.249176025390625
3223,7168_7424_3840_4096,MSAVI,65536,35659,11476.0,47135.0,18401.0,bad,0.5441131591796875,0.17510986328125,0.2807769775390625
3224,7168_7424_4096_4352,MSAVI,65536,36188,10047.0,46235.0,19301.0,bad,0.55218505859375,0.1533050537109375,0.2945098876953125
3225,7168_7424_4352_4608,MSAVI,65536,35804,8488.0,44292.0,21244.0,bad,0.54632568359375,0.1295166015625,0.32415771484375
3226,7168_7424_4608_4864,MSAVI,65536,34034,12669.0,46703.0,18833.0,bad,0.519317626953125,0.1933135986328125,0.2873687744140625
3227,7168_7424_4864_5120,MSAVI,65536,35409,11329.0,46738.0,18798.0,bad,0.5402984619140625,0.1728668212890625,0.286834716796875
3228,7168_7424_5120_5376,MSAVI,65536,36079,11580.0,47659.0,17877.0,bad,0.5505218505859375,0.17669677734375,0.2727813720703125
3229,7168_7424_5376_5632,MSAVI,65536,40371,9774.0,50145.0,15391.0,bad,0.6160125732421875,0.149139404296875,0.2348480224609375
3230,7168_7424_5632_5888,MSAVI,65536,30903,30174.0,61077.0,4459.0,bad,0.4715423583984375,0.460418701171875,0.0680389404296875
3231,7168_7424_5888_6144,MSAVI,65536,40245,13346.0,53591.0,11945.0,bad,0.6140899658203125,0.203643798828125,0.1822662353515625
3232,7168_7424_6144_6400,MSAVI,65536,38997,11020.0,50017.0,15519.0,bad,0.5950469970703125,0.16815185546875,0.2368011474609375
3233,7168_7424_6400_6656,MSAVI,65536,32893,7776.0,40669.0,24867.0,bad,0.5019073486328125,0.11865234375,0.3794403076171875
3234,7168_7424_6656_6912,MSAVI,65536,36068,15439.0,51507.0,14029.0,bad,0.55035400390625,0.2355804443359375,0.2140655517578125
3235,7168_7424_6912_7168,MSAVI,65536,39952,7618.0,47570.0,17966.0,bad,0.609619140625,0.116241455078125,0.274139404296875
3236,7168_7424_7168_7424,MSAVI,65536,35023,9721.0,44744.0,20792.0,bad,0.5344085693359375,0.1483306884765625,0.3172607421875
3237,7168_7424_7424_7680,MSAVI,65536,35055,9133.0,44188.0,21348.0,bad,0.5348968505859375,0.1393585205078125,0.32574462890625
3238,7168_7424_7680_7936,MSAVI,65536,31957,12774.0,44731.0,20805.0,bad,0.4876251220703125,0.194915771484375,0.3174591064453125
3239,7168_7424_7936_8192,MSAVI,65536,34275,11798.0,46073.0,19463.0,bad,0.5229949951171875,0.180023193359375,0.2969818115234375
3240,7168_7424_8192_8448,MSAVI,65536,37249,11437.0,48686.0,16850.0,bad,0.5683746337890625,0.1745147705078125,0.257110595703125
3241,7168_7424_8448_8704,MSAVI,65536,32228,11428.0,43656.0,21880.0,bad,0.49176025390625,0.17437744140625,0.3338623046875
3242,7168_7424_8704_8960,MSAVI,65536,32476,16029.0,48505.0,17031.0,bad,0.49554443359375,0.2445831298828125,0.2598724365234375
3243,7168_7424_8960_9216,MSAVI,65536,32697,22264.0,54961.0,10575.0,bad,0.4989166259765625,0.3397216796875,0.1613616943359375
3244,7168_7424_9216_9472,MSAVI,65536,33459,20523.0,53982.0,11554.0,bad,0.5105438232421875,0.3131561279296875,0.176300048828125
3245,7168_7424_9472_9728,MSAVI,65536,34618,16898.0,51516.0,14020.0,bad,0.528228759765625,0.257843017578125,0.21392822265625
3246,7424_7680_0_256,MSAVI,65536,35533,9613.0,45146.0,20390.0,bad,0.5421905517578125,0.1466827392578125,0.311126708984375
3247,7424_7680_256_512,MSAVI,65536,35762,10056.0,45818.0,19718.0,bad,0.545684814453125,0.1534423828125,0.300872802734375
3248,7424_7680_512_768,MSAVI,65536,39605,14147.0,53752.0,11784.0,bad,0.6043243408203125,0.2158660888671875,0.1798095703125
3249,7424_7680_768_1024,MSAVI,65536,38267,10786.0,49053.0,16483.0,bad,0.5839080810546875,0.164581298828125,0.2515106201171875
3250,7424_7680_1024_1280,MSAVI,65536,31388,6869.0,38257.0,27279.0,bad,0.47894287109375,0.1048126220703125,0.4162445068359375
3251,7424_7680_1280_1536,MSAVI,65536,31536,8515.0,40051.0,25485.0,bad,0.481201171875,0.1299285888671875,0.3888702392578125
3252,7424_7680_1536_1792,MSAVI,65536,38515,15696.0,54211.0,11325.0,bad,0.5876922607421875,0.239501953125,0.1728057861328125
3253,7424_7680_1792_2048,MSAVI,65536,34061,5743.0,39804.0,25732.0,bad,0.5197296142578125,0.0876312255859375,0.39263916015625
3254,7424_7680_2048_2304,MSAVI,65536,33655,4967.0,38622.0,26914.0,bad,0.5135345458984375,0.0757904052734375,0.410675048828125
3255,7424_7680_2304_2560,MSAVI,65536,40131,8002.0,48133.0,17403.0,bad,0.6123504638671875,0.122100830078125,0.2655487060546875
3256,7424_7680_2560_2816,MSAVI,65536,41772,10003.0,51775.0,13761.0,bad,0.63739013671875,0.1526336669921875,0.2099761962890625
3257,7424_7680_2816_3072,MSAVI,65536,41553,9755.0,51308.0,14228.0,bad,0.6340484619140625,0.1488494873046875,0.21710205078125
3258,7424_7680_3072_3328,MSAVI,65536,40258,4578.0,44836.0,20700.0,bad,0.614288330078125,0.069854736328125,0.31585693359375
3259,7424_7680_3328_3584,MSAVI,65536,38800,7859.0,46659.0,18877.0,bad,0.592041015625,0.1199188232421875,0.2880401611328125
3260,7424_7680_3584_3840,MSAVI,65536,41089,9319.0,50408.0,15128.0,bad,0.6269683837890625,0.1421966552734375,0.2308349609375
3261,7424_7680_3840_4096,MSAVI,65536,37000,10472.0,47472.0,18064.0,bad,0.5645751953125,0.1597900390625,0.275634765625
3262,7424_7680_4096_4352,MSAVI,65536,34625,9386.0,44011.0,21525.0,bad,0.5283355712890625,0.143218994140625,0.3284454345703125
3263,7424_7680_4352_4608,MSAVI,65536,40170,7029.0,47199.0,18337.0,bad,0.612945556640625,0.1072540283203125,0.2798004150390625
3264,7424_7680_4608_4864,MSAVI,65536,38997,18491.0,57488.0,8048.0,bad,0.5950469970703125,0.2821502685546875,0.122802734375
3265,7424_7680_4864_5120,MSAVI,65536,34047,12294.0,46341.0,19195.0,bad,0.5195159912109375,0.187591552734375,0.2928924560546875
3266,7424_7680_5120_5376,MSAVI,65536,38546,14461.0,53007.0,12529.0,bad,0.588165283203125,0.2206573486328125,0.1911773681640625
3267,7424_7680_5376_5632,MSAVI,65536,30306,27199.0,57505.0,8031.0,bad,0.462432861328125,0.4150238037109375,0.1225433349609375
3268,7424_7680_5632_5888,MSAVI,65536,39087,17643.0,56730.0,8806.0,bad,0.5964202880859375,0.2692108154296875,0.134368896484375
3269,7424_7680_5888_6144,MSAVI,65536,36458,12562.0,49020.0,16516.0,bad,0.556304931640625,0.191680908203125,0.25201416015625
3270,7424_7680_6144_6400,MSAVI,65536,31870,14188.0,46058.0,19478.0,bad,0.486297607421875,0.21649169921875,0.297210693359375
3271,7424_7680_6400_6656,MSAVI,65536,40094,13505.0,53599.0,11937.0,bad,0.611785888671875,0.2060699462890625,0.1821441650390625
3272,7424_7680_6656_6912,MSAVI,65536,33950,18786.0,52736.0,12800.0,bad,0.518035888671875,0.286651611328125,0.1953125
3273,7424_7680_6912_7168,MSAVI,65536,37886,11953.0,49839.0,15697.0,bad,0.578094482421875,0.1823883056640625,0.2395172119140625
3274,7424_7680_7168_7424,MSAVI,65536,36311,10549.0,46860.0,18676.0,bad,0.5540618896484375,0.1609649658203125,0.28497314453125
3275,7424_7680_7424_7680,MSAVI,65536,34401,6837.0,41238.0,24298.0,bad,0.5249176025390625,0.1043243408203125,0.370758056640625
3276,7424_7680_7680_7936,MSAVI,65536,35810,12499.0,48309.0,17227.0,bad,0.546417236328125,0.1907196044921875,0.2628631591796875
3277,7424_7680_7936_8192,MSAVI,65536,35340,14528.0,49868.0,15668.0,bad,0.53924560546875,0.2216796875,0.23907470703125
3278,7424_7680_8192_8448,MSAVI,65536,36636,11761.0,48397.0,17139.0,bad,0.55902099609375,0.1794586181640625,0.2615203857421875
3279,7424_7680_8448_8704,MSAVI,65536,34568,12744.0,47312.0,18224.0,bad,0.5274658203125,0.1944580078125,0.278076171875
3280,7424_7680_8704_8960,MSAVI,65536,33390,13664.0,47054.0,18482.0,bad,0.509490966796875,0.20849609375,0.282012939453125
3281,7424_7680_8960_9216,MSAVI,65536,31650,9215.0,40865.0,24671.0,bad,0.482940673828125,0.1406097412109375,0.3764495849609375
3282,7424_7680_9216_9472,MSAVI,65536,32533,18552.0,51085.0,14451.0,bad,0.4964141845703125,0.2830810546875,0.2205047607421875
3283,7424_7680_9472_9728,MSAVI,65536,34312,17467.0,51779.0,13757.0,bad,0.5235595703125,0.2665252685546875,0.2099151611328125
3284,7680_7936_0_256,MSAVI,65536,31678,9226.0,40904.0,24632.0,bad,0.483367919921875,0.140777587890625,0.3758544921875
3285,7680_7936_256_512,MSAVI,65536,38478,7980.0,46458.0,19078.0,bad,0.587127685546875,0.12176513671875,0.291107177734375
3286,7680_7936_512_768,MSAVI,65536,32574,14293.0,46867.0,18669.0,bad,0.497039794921875,0.2180938720703125,0.2848663330078125
3287,7680_7936_768_1024,MSAVI,65536,31635,10160.0,41795.0,23741.0,bad,0.4827117919921875,0.155029296875,0.3622589111328125
3288,7680_7936_1024_1280,MSAVI,65536,30864,5803.0,36667.0,28869.0,bad,0.470947265625,0.0885467529296875,0.4405059814453125
3289,7680_7936_1280_1536,MSAVI,65536,32573,8861.0,41434.0,24102.0,bad,0.4970245361328125,0.1352081298828125,0.367767333984375
3290,7680_7936_1536_1792,MSAVI,65536,31901,17504.0,49405.0,16131.0,bad,0.4867706298828125,0.26708984375,0.2461395263671875
3291,7680_7936_1792_2048,MSAVI,65536,36589,6565.0,43154.0,22382.0,bad,0.5583038330078125,0.1001739501953125,0.341522216796875
3292,7680_7936_2048_2304,MSAVI,65536,35100,5619.0,40719.0,24817.0,bad,0.53558349609375,0.0857391357421875,0.3786773681640625
3293,7680_7936_2304_2560,MSAVI,65536,41177,5956.0,47133.0,18403.0,bad,0.6283111572265625,0.09088134765625,0.2808074951171875
3294,7680_7936_2560_2816,MSAVI,65536,45320,7904.0,53224.0,12312.0,bad,0.6915283203125,0.12060546875,0.1878662109375
3295,7680_7936_2816_3072,MSAVI,65536,42856,7428.0,50284.0,15252.0,bad,0.6539306640625,0.11334228515625,0.23272705078125
3296,7680_7936_3072_3328,MSAVI,65536,38789,7577.0,46366.0,19170.0,bad,0.5918731689453125,0.1156158447265625,0.292510986328125
3297,7680_7936_3328_3584,MSAVI,65536,39737,4561.0,44298.0,21238.0,bad,0.6063385009765625,0.0695953369140625,0.324066162109375
3298,7680_7936_3584_3840,MSAVI,65536,42031,9577.0,51608.0,13928.0,bad,0.6413421630859375,0.1461334228515625,0.2125244140625
3299,7680_7936_3840_4096,MSAVI,65536,36097,10935.0,47032.0,18504.0,bad,0.5507965087890625,0.1668548583984375,0.2823486328125
3300,7680_7936_4096_4352,MSAVI,65536,33280,6110.0,39390.0,26146.0,bad,0.5078125,0.093231201171875,0.398956298828125
3301,7680_7936_4352_4608,MSAVI,65536,33129,10880.0,44009.0,21527.0,bad,0.5055084228515625,0.166015625,0.3284759521484375
3302,7680_7936_4608_4864,MSAVI,65536,34305,13722.0,48027.0,17509.0,bad,0.5234527587890625,0.209381103515625,0.2671661376953125
3303,7680_7936_4864_5120,MSAVI,65536,33664,12644.0,46308.0,19228.0,bad,0.513671875,0.19293212890625,0.29339599609375
3304,7680_7936_5120_5376,MSAVI,65536,39353,10968.0,50321.0,15215.0,bad,0.6004791259765625,0.1673583984375,0.2321624755859375
3305,7680_7936_5376_5632,MSAVI,65536,19531,0.0,19531.0,46005.0,bad,0.2980194091796875,0.0,0.7019805908203125
3306,7680_7936_5632_5888,MSAVI,65536,39803,12264.0,52067.0,13469.0,bad,0.6073455810546875,0.1871337890625,0.2055206298828125
3307,7680_7936_5888_6144,MSAVI,65536,35085,11421.0,46506.0,19030.0,bad,0.5353546142578125,0.1742706298828125,0.290374755859375
3308,7680_7936_6144_6400,MSAVI,65536,31729,7678.0,39407.0,26129.0,bad,0.4841461181640625,0.117156982421875,0.3986968994140625
3309,7680_7936_6400_6656,MSAVI,65536,35182,16720.0,51902.0,13634.0,bad,0.536834716796875,0.255126953125,0.208038330078125
3310,7680_7936_6656_6912,MSAVI,65536,34401,14683.0,49084.0,16452.0,bad,0.5249176025390625,0.2240447998046875,0.25103759765625
3311,7680_7936_6912_7168,MSAVI,65536,33982,13028.0,47010.0,18526.0,bad,0.518524169921875,0.19879150390625,0.282684326171875
3312,7680_7936_7168_7424,MSAVI,65536,32471,8453.0,40924.0,24612.0,bad,0.4954681396484375,0.1289825439453125,0.37554931640625
3313,7680_7936_7424_7680,MSAVI,65536,32949,6209.0,39158.0,26378.0,bad,0.5027618408203125,0.0947418212890625,0.402496337890625
3314,7680_7936_7680_7936,MSAVI,65536,34863,12093.0,46956.0,18580.0,bad,0.5319671630859375,0.1845245361328125,0.28350830078125
3315,7680_7936_7936_8192,MSAVI,65536,32104,9343.0,41447.0,24089.0,bad,0.4898681640625,0.1425628662109375,0.3675689697265625
3316,7680_7936_8192_8448,MSAVI,65536,33300,10864.0,44164.0,21372.0,bad,0.50811767578125,0.165771484375,0.32611083984375
3317,7680_7936_8448_8704,MSAVI,65536,33178,11775.0,44953.0,20583.0,bad,0.506256103515625,0.1796722412109375,0.3140716552734375
3318,7680_7936_8704_8960,MSAVI,65536,37091,13773.0,50864.0,14672.0,bad,0.5659637451171875,0.2101593017578125,0.223876953125
3319,7680_7936_8960_9216,MSAVI,65536,34072,15748.0,49820.0,15716.0,bad,0.5198974609375,0.24029541015625,0.23980712890625
3320,7680_7936_9216_9472,MSAVI,65536,31551,17395.0,48946.0,16590.0,bad,0.4814300537109375,0.2654266357421875,0.253143310546875
3321,7680_7936_9472_9728,MSAVI,65536,36521,21270.0,57791.0,7745.0,bad,0.5572662353515625,0.324554443359375,0.1181793212890625
3322,7936_8192_0_256,MSAVI,65536,52606,8111.0,60717.0,4819.0,bad,0.802703857421875,0.1237640380859375,0.0735321044921875
3323,7936_8192_256_512,MSAVI,65536,41628,9007.0,50635.0,14901.0,bad,0.63519287109375,0.1374359130859375,0.2273712158203125
3324,7936_8192_512_768,MSAVI,65536,36260,9889.0,46149.0,19387.0,bad,0.55328369140625,0.1508941650390625,0.2958221435546875
3325,7936_8192_768_1024,MSAVI,65536,31633,6718.0,38351.0,27185.0,bad,0.4826812744140625,0.102508544921875,0.4148101806640625
3326,7936_8192_1024_1280,MSAVI,65536,35022,6528.0,41550.0,23986.0,bad,0.534393310546875,0.099609375,0.365997314453125
3327,7936_8192_1280_1536,MSAVI,65536,33070,8473.0,41543.0,23993.0,bad,0.504608154296875,0.1292877197265625,0.3661041259765625
3328,7936_8192_1536_1792,MSAVI,65536,35322,7825.0,43147.0,22389.0,bad,0.538970947265625,0.1194000244140625,0.3416290283203125
3329,7936_8192_1792_2048,MSAVI,65536,33448,6778.0,40226.0,25310.0,bad,0.5103759765625,0.103424072265625,0.386199951171875
3330,7936_8192_2048_2304,MSAVI,65536,29847,7519.0,37366.0,28170.0,bad,0.4554290771484375,0.1147308349609375,0.429840087890625
3331,7936_8192_2304_2560,MSAVI,65536,38577,3876.0,42453.0,23083.0,bad,0.5886383056640625,0.05914306640625,0.3522186279296875
3332,7936_8192_2560_2816,MSAVI,65536,41400,8234.0,49634.0,15902.0,bad,0.6317138671875,0.125640869140625,0.242645263671875
3333,7936_8192_2816_3072,MSAVI,65536,47957,5161.0,53118.0,12418.0,bad,0.7317657470703125,0.0787506103515625,0.189483642578125
3334,7936_8192_3072_3328,MSAVI,65536,47148,4574.0,51722.0,13814.0,bad,0.71942138671875,0.069793701171875,0.210784912109375
3335,7936_8192_3328_3584,MSAVI,65536,39120,6064.0,45184.0,20352.0,bad,0.596923828125,0.092529296875,0.310546875
3336,7936_8192_3584_3840,MSAVI,65536,41412,6684.0,48096.0,17440.0,bad,0.63189697265625,0.10198974609375,0.26611328125
3337,7936_8192_3840_4096,MSAVI,65536,37304,9152.0,46456.0,19080.0,bad,0.5692138671875,0.1396484375,0.2911376953125
3338,7936_8192_4096_4352,MSAVI,65536,33577,10207.0,43784.0,21752.0,bad,0.5123443603515625,0.1557464599609375,0.3319091796875
3339,7936_8192_4352_4608,MSAVI,65536,34164,7880.0,42044.0,23492.0,bad,0.52130126953125,0.1202392578125,0.35845947265625
3340,7936_8192_4608_4864,MSAVI,65536,36959,15622.0,52581.0,12955.0,bad,0.5639495849609375,0.238372802734375,0.1976776123046875
3341,7936_8192_4864_5120,MSAVI,65536,39676,14702.0,54378.0,11158.0,bad,0.60540771484375,0.224334716796875,0.170257568359375
3342,7936_8192_5120_5376,MSAVI,65536,35352,19711.0,55063.0,10473.0,bad,0.5394287109375,0.3007659912109375,0.1598052978515625
3343,7936_8192_5376_5632,MSAVI,65536,31110,20864.0,51974.0,13562.0,bad,0.474700927734375,0.318359375,0.206939697265625
3344,7936_8192_5632_5888,MSAVI,65536,35792,16091.0,51883.0,13653.0,bad,0.546142578125,0.2455291748046875,0.2083282470703125
3345,7936_8192_5888_6144,MSAVI,65536,35854,7879.0,43733.0,21803.0,bad,0.547088623046875,0.1202239990234375,0.3326873779296875
3346,7936_8192_6144_6400,MSAVI,65536,33883,4896.0,38779.0,26757.0,bad,0.5170135498046875,0.07470703125,0.4082794189453125
3347,7936_8192_6400_6656,MSAVI,65536,32025,8538.0,40563.0,24973.0,bad,0.4886627197265625,0.130279541015625,0.3810577392578125
3348,7936_8192_6656_6912,MSAVI,65536,38681,16695.0,55376.0,10160.0,bad,0.5902252197265625,0.2547454833984375,0.155029296875
3349,7936_8192_6912_7168,MSAVI,65536,35538,17609.0,53147.0,12389.0,bad,0.542266845703125,0.2686920166015625,0.1890411376953125
3350,7936_8192_7168_7424,MSAVI,65536,33681,8266.0,41947.0,23589.0,bad,0.5139312744140625,0.126129150390625,0.3599395751953125
3351,7936_8192_7424_7680,MSAVI,65536,33138,10343.0,43481.0,22055.0,bad,0.505645751953125,0.1578216552734375,0.3365325927734375
3352,7936_8192_7680_7936,MSAVI,65536,35134,12822.0,47956.0,17580.0,bad,0.536102294921875,0.195648193359375,0.26824951171875
3353,7936_8192_7936_8192,MSAVI,65536,34705,9426.0,44131.0,21405.0,bad,0.5295562744140625,0.143829345703125,0.3266143798828125
3354,7936_8192_8192_8448,MSAVI,65536,32302,11199.0,43501.0,22035.0,bad,0.492889404296875,0.1708831787109375,0.3362274169921875
3355,7936_8192_8448_8704,MSAVI,65536,34843,7577.0,42420.0,23116.0,bad,0.5316619873046875,0.1156158447265625,0.35272216796875
3356,7936_8192_8704_8960,MSAVI,65536,31450,11149.0,42599.0,22937.0,bad,0.479888916015625,0.1701202392578125,0.3499908447265625
3357,7936_8192_8960_9216,MSAVI,65536,33421,16845.0,50266.0,15270.0,bad,0.5099639892578125,0.2570343017578125,0.233001708984375
3358,7936_8192_9216_9472,MSAVI,65536,34560,15551.0,50111.0,15425.0,bad,0.52734375,0.2372894287109375,0.2353668212890625
3359,7936_8192_9472_9728,MSAVI,65536,34643,13539.0,48182.0,17354.0,bad,0.5286102294921875,0.2065887451171875,0.264801025390625
3360,8192_8448_0_256,MSAVI,65536,38721,10927.0,49648.0,15888.0,bad,0.5908355712890625,0.1667327880859375,0.242431640625
3361,8192_8448_256_512,MSAVI,65536,30270,10460.0,40730.0,24806.0,bad,0.461883544921875,0.15960693359375,0.378509521484375
3362,8192_8448_512_768,MSAVI,65536,31643,10770.0,42413.0,23123.0,bad,0.4828338623046875,0.164337158203125,0.3528289794921875
3363,8192_8448_768_1024,MSAVI,65536,31806,11038.0,42844.0,22692.0,bad,0.485321044921875,0.168426513671875,0.34625244140625
3364,8192_8448_1024_1280,MSAVI,65536,32215,4032.0,36247.0,29289.0,bad,0.4915618896484375,0.0615234375,0.4469146728515625
3365,8192_8448_1280_1536,MSAVI,65536,31228,7552.0,38780.0,26756.0,bad,0.47650146484375,0.115234375,0.40826416015625
3366,8192_8448_1536_1792,MSAVI,65536,34882,6888.0,41770.0,23766.0,bad,0.532257080078125,0.1051025390625,0.362640380859375
3367,8192_8448_1792_2048,MSAVI,65536,34409,6253.0,40662.0,24874.0,bad,0.5250396728515625,0.0954132080078125,0.379547119140625
3368,8192_8448_2048_2304,MSAVI,65536,32210,5129.0,37339.0,28197.0,bad,0.491485595703125,0.0782623291015625,0.4302520751953125
3369,8192_8448_2304_2560,MSAVI,65536,33186,7743.0,40929.0,24607.0,bad,0.506378173828125,0.1181488037109375,0.3754730224609375
3370,8192_8448_2560_2816,MSAVI,65536,40992,11565.0,52557.0,12979.0,bad,0.62548828125,0.1764678955078125,0.1980438232421875
3371,8192_8448_2816_3072,MSAVI,65536,33069,9904.0,42973.0,22563.0,bad,0.5045928955078125,0.151123046875,0.3442840576171875
3372,8192_8448_3072_3328,MSAVI,65536,35293,6994.0,42287.0,23249.0,bad,0.5385284423828125,0.106719970703125,0.3547515869140625
3373,8192_8448_3328_3584,MSAVI,65536,35977,7838.0,43815.0,21721.0,bad,0.5489654541015625,0.119598388671875,0.3314361572265625
3374,8192_8448_3584_3840,MSAVI,65536,40351,9506.0,49857.0,15679.0,bad,0.6157073974609375,0.145050048828125,0.2392425537109375
3375,8192_8448_3840_4096,MSAVI,65536,37869,9481.0,47350.0,18186.0,bad,0.5778350830078125,0.1446685791015625,0.277496337890625
3376,8192_8448_4096_4352,MSAVI,65536,31970,5289.0,37259.0,28277.0,bad,0.487823486328125,0.0807037353515625,0.4314727783203125
3377,8192_8448_4352_4608,MSAVI,65536,32613,8148.0,40761.0,24775.0,bad,0.4976348876953125,0.12432861328125,0.3780364990234375
3378,8192_8448_4608_4864,MSAVI,65536,37105,18289.0,55394.0,10142.0,bad,0.5661773681640625,0.2790679931640625,0.154754638671875
3379,8192_8448_4864_5120,MSAVI,65536,43297,12100.0,55397.0,10139.0,bad,0.6606597900390625,0.18463134765625,0.1547088623046875
3380,8192_8448_5120_5376,MSAVI,65536,23132,84.0,23216.0,42320.0,bad,0.35296630859375,0.00128173828125,0.645751953125
3381,8192_8448_5376_5632,MSAVI,65536,32723,8499.0,41222.0,24314.0,bad,0.4993133544921875,0.1296844482421875,0.371002197265625
3382,8192_8448_5632_5888,MSAVI,65536,37278,12961.0,50239.0,15297.0,bad,0.568817138671875,0.1977691650390625,0.2334136962890625
3383,8192_8448_5888_6144,MSAVI,65536,34000,12156.0,46156.0,19380.0,bad,0.518798828125,0.18548583984375,0.29571533203125
3384,8192_8448_6144_6400,MSAVI,65536,33983,7453.0,41436.0,24100.0,bad,0.5185394287109375,0.1137237548828125,0.36773681640625
3385,8192_8448_6400_6656,MSAVI,65536,32495,8765.0,41260.0,24276.0,bad,0.4958343505859375,0.1337432861328125,0.37042236328125
3386,8192_8448_6656_6912,MSAVI,65536,34881,17956.0,52837.0,12699.0,bad,0.5322418212890625,0.27398681640625,0.1937713623046875
3387,8192_8448_6912_7168,MSAVI,65536,30185,6842.0,37027.0,28509.0,bad,0.4605865478515625,0.104400634765625,0.4350128173828125
3388,8192_8448_7168_7424,MSAVI,65536,34199,7879.0,42078.0,23458.0,bad,0.5218353271484375,0.1202239990234375,0.357940673828125
3389,8192_8448_7424_7680,MSAVI,65536,33383,9600.0,42983.0,22553.0,bad,0.5093841552734375,0.146484375,0.3441314697265625
3390,8192_8448_7680_7936,MSAVI,65536,37214,14589.0,51803.0,13733.0,bad,0.567840576171875,0.2226104736328125,0.2095489501953125
3391,8192_8448_7936_8192,MSAVI,65536,36176,8599.0,44775.0,20761.0,bad,0.552001953125,0.1312103271484375,0.3167877197265625
3392,8192_8448_8192_8448,MSAVI,65536,34210,6241.0,40451.0,25085.0,bad,0.522003173828125,0.0952301025390625,0.3827667236328125
3393,8192_8448_8448_8704,MSAVI,65536,34323,4176.0,38499.0,27037.0,bad,0.5237274169921875,0.063720703125,0.4125518798828125
3394,8192_8448_8704_8960,MSAVI,65536,34595,10931.0,45526.0,20010.0,bad,0.5278778076171875,0.1667938232421875,0.305328369140625
3395,8192_8448_8960_9216,MSAVI,65536,33802,15855.0,49657.0,15879.0,bad,0.515777587890625,0.2419281005859375,0.2422943115234375
3396,8192_8448_9216_9472,MSAVI,65536,37482,13856.0,51338.0,14198.0,bad,0.571929931640625,0.21142578125,0.216644287109375
3397,8192_8448_9472_9728,MSAVI,65536,36152,15724.0,51876.0,13660.0,bad,0.5516357421875,0.23992919921875,0.20843505859375
3398,8448_8704_0_256,MSAVI,65536,33630,5455.0,39085.0,26451.0,bad,0.513153076171875,0.0832366943359375,0.4036102294921875
3399,8448_8704_256_512,MSAVI,65536,41935,12072.0,54007.0,11529.0,bad,0.6398773193359375,0.1842041015625,0.1759185791015625
3400,8448_8704_512_768,MSAVI,65536,33595,9562.0,43157.0,22379.0,bad,0.5126190185546875,0.145904541015625,0.3414764404296875
3401,8448_8704_768_1024,MSAVI,65536,34453,18113.0,52566.0,12970.0,bad,0.5257110595703125,0.2763824462890625,0.197906494140625
3402,8448_8704_1024_1280,MSAVI,65536,32415,5440.0,37855.0,27681.0,bad,0.4946136474609375,0.0830078125,0.4223785400390625
3403,8448_8704_1280_1536,MSAVI,65536,31483,8553.0,40036.0,25500.0,bad,0.4803924560546875,0.1305084228515625,0.38909912109375
3404,8448_8704_1536_1792,MSAVI,65536,36171,8931.0,45102.0,20434.0,bad,0.5519256591796875,0.1362762451171875,0.311798095703125
3405,8448_8704_1792_2048,MSAVI,65536,34599,8523.0,43122.0,22414.0,bad,0.5279388427734375,0.1300506591796875,0.342010498046875
3406,8448_8704_2048_2304,MSAVI,65536,33028,3952.0,36980.0,28556.0,bad,0.50396728515625,0.060302734375,0.43572998046875
3407,8448_8704_2304_2560,MSAVI,65536,31190,8034.0,39224.0,26312.0,bad,0.475921630859375,0.122589111328125,0.4014892578125
3408,8448_8704_2560_2816,MSAVI,65536,44071,13500.0,57571.0,7965.0,bad,0.6724700927734375,0.20599365234375,0.1215362548828125
3409,8448_8704_2816_3072,MSAVI,65536,30438,9712.0,40150.0,25386.0,bad,0.464447021484375,0.148193359375,0.387359619140625
3410,8448_8704_3072_3328,MSAVI,65536,30391,5523.0,35914.0,29622.0,bad,0.4637298583984375,0.0842742919921875,0.451995849609375
3411,8448_8704_3328_3584,MSAVI,65536,28357,3750.0,32107.0,33429.0,bad,0.4326934814453125,0.057220458984375,0.5100860595703125
3412,8448_8704_3584_3840,MSAVI,65536,34756,11457.0,46213.0,19323.0,bad,0.53033447265625,0.1748199462890625,0.2948455810546875
3413,8448_8704_3840_4096,MSAVI,65536,34663,11866.0,46529.0,19007.0,bad,0.5289154052734375,0.181060791015625,0.2900238037109375
3414,8448_8704_4096_4352,MSAVI,65536,33923,7087.0,41010.0,24526.0,bad,0.5176239013671875,0.1081390380859375,0.374237060546875
3415,8448_8704_4352_4608,MSAVI,65536,33690,8428.0,42118.0,23418.0,bad,0.514068603515625,0.12860107421875,0.357330322265625
3416,8448_8704_4608_4864,MSAVI,65536,40976,13565.0,54541.0,10995.0,bad,0.625244140625,0.2069854736328125,0.1677703857421875
3417,8448_8704_4864_5120,MSAVI,65536,32600,20468.0,53068.0,12468.0,bad,0.4974365234375,0.31231689453125,0.19024658203125
3418,8448_8704_5120_5376,MSAVI,65536,29647,236.0,29883.0,35653.0,bad,0.4523773193359375,0.00360107421875,0.5440216064453125
3419,8448_8704_5376_5632,MSAVI,65536,31794,9394.0,41188.0,24348.0,bad,0.485137939453125,0.143341064453125,0.37152099609375
3420,8448_8704_5632_5888,MSAVI,65536,34497,11764.0,46261.0,19275.0,bad,0.5263824462890625,0.17950439453125,0.2941131591796875
3421,8448_8704_5888_6144,MSAVI,65536,34654,11755.0,46409.0,19127.0,bad,0.528778076171875,0.1793670654296875,0.2918548583984375
3422,8448_8704_6144_6400,MSAVI,65536,33185,7783.0,40968.0,24568.0,bad,0.5063629150390625,0.1187591552734375,0.3748779296875
3423,8448_8704_6400_6656,MSAVI,65536,31744,10413.0,42157.0,23379.0,bad,0.484375,0.1588897705078125,0.3567352294921875
3424,8448_8704_6656_6912,MSAVI,65536,31014,14640.0,45654.0,19882.0,bad,0.473236083984375,0.223388671875,0.303375244140625
3425,8448_8704_6912_7168,MSAVI,65536,39310,17740.0,57050.0,8486.0,bad,0.599822998046875,0.27069091796875,0.129486083984375
3426,8448_8704_7168_7424,MSAVI,65536,33614,12813.0,46427.0,19109.0,bad,0.512908935546875,0.1955108642578125,0.2915802001953125
3427,8448_8704_7424_7680,MSAVI,65536,32489,9548.0,42037.0,23499.0,bad,0.4957427978515625,0.14569091796875,0.3585662841796875
3428,8448_8704_7680_7936,MSAVI,65536,40655,10173.0,50828.0,14708.0,bad,0.6203460693359375,0.1552276611328125,0.22442626953125
3429,8448_8704_7936_8192,MSAVI,65536,36913,12125.0,49038.0,16498.0,bad,0.5632476806640625,0.1850128173828125,0.251739501953125
3430,8448_8704_8192_8448,MSAVI,65536,36164,8157.0,44321.0,21215.0,bad,0.55181884765625,0.1244659423828125,0.3237152099609375
3431,8448_8704_8448_8704,MSAVI,65536,35982,12076.0,48058.0,17478.0,bad,0.549041748046875,0.18426513671875,0.266693115234375
3432,8448_8704_8704_8960,MSAVI,65536,33570,12023.0,45593.0,19943.0,bad,0.512237548828125,0.1834564208984375,0.3043060302734375
3433,8448_8704_8960_9216,MSAVI,65536,33842,10954.0,44796.0,20740.0,bad,0.516387939453125,0.167144775390625,0.31646728515625
3434,8448_8704_9216_9472,MSAVI,65536,36518,13622.0,50140.0,15396.0,bad,0.557220458984375,0.207855224609375,0.23492431640625
3435,8448_8704_9472_9728,MSAVI,65536,31199,18376.0,49575.0,15961.0,bad,0.4760589599609375,0.2803955078125,0.2435455322265625
3436,8704_8960_0_256,MSAVI,65536,36197,8009.0,44206.0,21330.0,bad,0.5523223876953125,0.1222076416015625,0.325469970703125
3437,8704_8960_256_512,MSAVI,65536,40454,13014.0,53468.0,12068.0,bad,0.617279052734375,0.198577880859375,0.18414306640625
3438,8704_8960_512_768,MSAVI,65536,41184,12722.0,53906.0,11630.0,bad,0.62841796875,0.194122314453125,0.177459716796875
3439,8704_8960_768_1024,MSAVI,65536,33538,7341.0,40879.0,24657.0,bad,0.511749267578125,0.1120147705078125,0.3762359619140625
3440,8704_8960_1024_1280,MSAVI,65536,31721,4085.0,35806.0,29730.0,bad,0.4840240478515625,0.0623321533203125,0.453643798828125
3441,8704_8960_1280_1536,MSAVI,65536,34588,4433.0,39021.0,26515.0,bad,0.52777099609375,0.0676422119140625,0.4045867919921875
3442,8704_8960_1536_1792,MSAVI,65536,32068,7332.0,39400.0,26136.0,bad,0.48931884765625,0.11187744140625,0.3988037109375
3443,8704_8960_1792_2048,MSAVI,65536,31662,8825.0,40487.0,25049.0,bad,0.483123779296875,0.1346588134765625,0.3822174072265625
3444,8704_8960_2048_2304,MSAVI,65536,33018,3955.0,36973.0,28563.0,bad,0.503814697265625,0.0603485107421875,0.4358367919921875
3445,8704_8960_2304_2560,MSAVI,65536,30871,6888.0,37759.0,27777.0,bad,0.4710540771484375,0.1051025390625,0.4238433837890625
3446,8704_8960_2560_2816,MSAVI,65536,33931,7857.0,41788.0,23748.0,bad,0.5177459716796875,0.1198883056640625,0.36236572265625
3447,8704_8960_2816_3072,MSAVI,65536,33046,10278.0,43324.0,22212.0,bad,0.504241943359375,0.156829833984375,0.33892822265625
3448,8704_8960_3072_3328,MSAVI,65536,32485,6763.0,39248.0,26288.0,bad,0.4956817626953125,0.1031951904296875,0.401123046875
3449,8704_8960_3328_3584,MSAVI,65536,26350,4631.0,30981.0,34555.0,bad,0.402069091796875,0.0706634521484375,0.5272674560546875
3450,8704_8960_3584_3840,MSAVI,65536,40105,9108.0,49213.0,16323.0,bad,0.6119537353515625,0.13897705078125,0.2490692138671875
3451,8704_8960_3840_4096,MSAVI,65536,33855,13686.0,47541.0,17995.0,bad,0.5165863037109375,0.208831787109375,0.2745819091796875
3452,8704_8960_4096_4352,MSAVI,65536,31389,9264.0,40653.0,24883.0,bad,0.4789581298828125,0.141357421875,0.3796844482421875
3453,8704_8960_4352_4608,MSAVI,65536,36148,7989.0,44137.0,21399.0,bad,0.55157470703125,0.1219024658203125,0.3265228271484375
3454,8704_8960_4608_4864,MSAVI,65536,43276,10970.0,54246.0,11290.0,bad,0.66033935546875,0.167388916015625,0.172271728515625
3455,8704_8960_4864_5120,MSAVI,65536,21657,0.0,21657.0,43879.0,bad,0.3304595947265625,0.0,0.6695404052734375
3456,8704_8960_5120_5376,MSAVI,65536,31365,5642.0,37007.0,28529.0,bad,0.4785919189453125,0.086090087890625,0.4353179931640625
3457,8704_8960_5376_5632,MSAVI,65536,32281,9579.0,41860.0,23676.0,bad,0.4925689697265625,0.1461639404296875,0.36126708984375
3458,8704_8960_5632_5888,MSAVI,65536,32533,14913.0,47446.0,18090.0,bad,0.4964141845703125,0.2275543212890625,0.276031494140625
3459,8704_8960_5888_6144,MSAVI,65536,30963,17462.0,48425.0,17111.0,bad,0.4724578857421875,0.266448974609375,0.2610931396484375
3460,8704_8960_6144_6400,MSAVI,65536,43214,9855.0,53069.0,12467.0,bad,0.659393310546875,0.1503753662109375,0.1902313232421875
3461,8704_8960_6400_6656,MSAVI,65536,35791,7389.0,43180.0,22356.0,bad,0.5461273193359375,0.1127471923828125,0.34112548828125
3462,8704_8960_6656_6912,MSAVI,65536,34146,16567.0,50713.0,14823.0,bad,0.521026611328125,0.2527923583984375,0.2261810302734375
3463,8704_8960_6912_7168,MSAVI,65536,34210,23010.0,57220.0,8316.0,bad,0.522003173828125,0.351104736328125,0.12689208984375
3464,8704_8960_7168_7424,MSAVI,65536,33476,10516.0,43992.0,21544.0,bad,0.51080322265625,0.16046142578125,0.3287353515625
3465,8704_8960_7424_7680,MSAVI,65536,34269,13480.0,47749.0,17787.0,bad,0.5229034423828125,0.2056884765625,0.2714080810546875
3466,8704_8960_7680_7936,MSAVI,65536,38287,12919.0,51206.0,14330.0,bad,0.5842132568359375,0.1971282958984375,0.218658447265625
3467,8704_8960_7936_8192,MSAVI,65536,34933,15861.0,50794.0,14742.0,bad,0.5330352783203125,0.2420196533203125,0.224945068359375
3468,8704_8960_8192_8448,MSAVI,65536,36526,12888.0,49414.0,16122.0,bad,0.557342529296875,0.1966552734375,0.246002197265625
3469,8704_8960_8448_8704,MSAVI,65536,33283,11845.0,45128.0,20408.0,bad,0.5078582763671875,0.1807403564453125,0.3114013671875
3470,8704_8960_8704_8960,MSAVI,65536,29654,13857.0,43511.0,22025.0,bad,0.452484130859375,0.2114410400390625,0.3360748291015625
3471,8704_8960_8960_9216,MSAVI,65536,34473,15376.0,49849.0,15687.0,bad,0.5260162353515625,0.234619140625,0.2393646240234375
3472,8704_8960_9216_9472,MSAVI,65536,32440,13594.0,46034.0,19502.0,bad,0.4949951171875,0.207427978515625,0.297576904296875
3473,8704_8960_9472_9728,MSAVI,65536,34790,14401.0,49191.0,16345.0,bad,0.530853271484375,0.2197418212890625,0.2494049072265625
3474,8960_9216_0_256,MSAVI,65536,32544,8555.0,41099.0,24437.0,bad,0.49658203125,0.1305389404296875,0.3728790283203125
3475,8960_9216_256_512,MSAVI,65536,36292,9424.0,45716.0,19820.0,bad,0.55377197265625,0.143798828125,0.30242919921875
3476,8960_9216_512_768,MSAVI,65536,47931,13160.0,61091.0,4445.0,bad,0.7313690185546875,0.2008056640625,0.0678253173828125
3477,8960_9216_768_1024,MSAVI,65536,39912,17846.0,57758.0,7778.0,bad,0.6090087890625,0.272308349609375,0.118682861328125
3478,8960_9216_1024_1280,MSAVI,65536,34151,5063.0,39214.0,26322.0,bad,0.5211029052734375,0.0772552490234375,0.401641845703125
3479,8960_9216_1280_1536,MSAVI,65536,35145,4948.0,40093.0,25443.0,bad,0.5362701416015625,0.07550048828125,0.3882293701171875
3480,8960_9216_1536_1792,MSAVI,65536,35905,8631.0,44536.0,21000.0,bad,0.5478668212890625,0.1316986083984375,0.3204345703125
3481,8960_9216_1792_2048,MSAVI,65536,34734,8096.0,42830.0,22706.0,bad,0.529998779296875,0.12353515625,0.346466064453125
3482,8960_9216_2048_2304,MSAVI,65536,37302,6825.0,44127.0,21409.0,bad,0.569183349609375,0.1041412353515625,0.3266754150390625
3483,8960_9216_2304_2560,MSAVI,65536,35174,6670.0,41844.0,23692.0,bad,0.536712646484375,0.101776123046875,0.36151123046875
3484,8960_9216_2560_2816,MSAVI,65536,32816,12452.0,45268.0,20268.0,bad,0.500732421875,0.19000244140625,0.30926513671875
3485,8960_9216_2816_3072,MSAVI,65536,33127,12291.0,45418.0,20118.0,bad,0.5054779052734375,0.1875457763671875,0.306976318359375
3486,8960_9216_3072_3328,MSAVI,65536,32394,3933.0,36327.0,29209.0,bad,0.494293212890625,0.0600128173828125,0.4456939697265625
3487,8960_9216_3328_3584,MSAVI,65536,31346,3210.0,34556.0,30980.0,bad,0.478302001953125,0.048980712890625,0.47271728515625
3488,8960_9216_3584_3840,MSAVI,65536,31142,8394.0,39536.0,26000.0,bad,0.475189208984375,0.128082275390625,0.396728515625
3489,8960_9216_3840_4096,MSAVI,65536,32231,11080.0,43311.0,22225.0,bad,0.4918060302734375,0.1690673828125,0.3391265869140625
3490,8960_9216_4096_4352,MSAVI,65536,32910,9395.0,42305.0,23231.0,bad,0.502166748046875,0.1433563232421875,0.3544769287109375
3491,8960_9216_4352_4608,MSAVI,65536,38362,8698.0,47060.0,18476.0,bad,0.585357666015625,0.132720947265625,0.28192138671875
3492,8960_9216_4608_4864,MSAVI,65536,36746,18066.0,54812.0,10724.0,bad,0.560699462890625,0.275665283203125,0.16363525390625
3493,8960_9216_4864_5120,MSAVI,65536,16253,0.0,16253.0,49283.0,bad,0.2480010986328125,0.0,0.7519989013671875
3494,8960_9216_5120_5376,MSAVI,65536,31147,5638.0,36785.0,28751.0,bad,0.4752655029296875,0.086029052734375,0.4387054443359375
3495,8960_9216_5376_5632,MSAVI,65536,34436,8579.0,43015.0,22521.0,bad,0.52545166015625,0.1309051513671875,0.3436431884765625
3496,8960_9216_5632_5888,MSAVI,65536,35796,14000.0,49796.0,15740.0,bad,0.54620361328125,0.213623046875,0.24017333984375
3497,8960_9216_5888_6144,MSAVI,65536,30464,19134.0,49598.0,15938.0,bad,0.46484375,0.291961669921875,0.243194580078125
3498,8960_9216_6144_6400,MSAVI,65536,33127,8388.0,41515.0,24021.0,bad,0.5054779052734375,0.12799072265625,0.3665313720703125
3499,8960_9216_6400_6656,MSAVI,65536,35077,8581.0,43658.0,21878.0,bad,0.5352325439453125,0.1309356689453125,0.333831787109375
3500,8960_9216_6656_6912,MSAVI,65536,36201,14028.0,50229.0,15307.0,bad,0.5523834228515625,0.21405029296875,0.2335662841796875
3501,8960_9216_6912_7168,MSAVI,65536,34480,19716.0,54196.0,11340.0,bad,0.526123046875,0.30084228515625,0.17303466796875
3502,8960_9216_7168_7424,MSAVI,65536,36831,15525.0,52356.0,13180.0,bad,0.5619964599609375,0.2368927001953125,0.20111083984375
3503,8960_9216_7424_7680,MSAVI,65536,36157,7430.0,43587.0,21949.0,bad,0.5517120361328125,0.113372802734375,0.3349151611328125
3504,8960_9216_7680_7936,MSAVI,65536,42221,11440.0,53661.0,11875.0,bad,0.6442413330078125,0.174560546875,0.1811981201171875
3505,8960_9216_7936_8192,MSAVI,65536,37283,7738.0,45021.0,20515.0,bad,0.5688934326171875,0.118072509765625,0.3130340576171875
3506,8960_9216_8192_8448,MSAVI,65536,37563,11065.0,48628.0,16908.0,bad,0.5731658935546875,0.1688385009765625,0.25799560546875
3507,8960_9216_8448_8704,MSAVI,65536,38532,7633.0,46165.0,19371.0,bad,0.58795166015625,0.1164703369140625,0.2955780029296875
3508,8960_9216_8704_8960,MSAVI,65536,32736,11744.0,44480.0,21056.0,bad,0.49951171875,0.17919921875,0.3212890625
3509,8960_9216_8960_9216,MSAVI,65536,34850,13270.0,48120.0,17416.0,bad,0.531768798828125,0.202484130859375,0.2657470703125
3510,8960_9216_9216_9472,MSAVI,65536,34102,11525.0,45627.0,19909.0,bad,0.520355224609375,0.1758575439453125,0.3037872314453125
3511,8960_9216_9472_9728,MSAVI,65536,39476,13584.0,53060.0,12476.0,bad,0.60235595703125,0.207275390625,0.19036865234375
3512,9216_9472_0_256,MSAVI,65536,36201,5651.0,41852.0,23684.0,bad,0.5523834228515625,0.0862274169921875,0.36138916015625
3513,9216_9472_256_512,MSAVI,65536,39145,10713.0,49858.0,15678.0,bad,0.5973052978515625,0.1634674072265625,0.239227294921875
3514,9216_9472_512_768,MSAVI,65536,44966,9203.0,54169.0,11367.0,bad,0.686126708984375,0.1404266357421875,0.1734466552734375
3515,9216_9472_768_1024,MSAVI,65536,33306,25317.0,58623.0,6913.0,bad,0.508209228515625,0.3863067626953125,0.1054840087890625
3516,9216_9472_1024_1280,MSAVI,65536,37089,12038.0,49127.0,16409.0,bad,0.5659332275390625,0.183685302734375,0.2503814697265625
3517,9216_9472_1280_1536,MSAVI,65536,35999,6654.0,42653.0,22883.0,bad,0.5493011474609375,0.101531982421875,0.3491668701171875
3518,9216_9472_1536_1792,MSAVI,65536,37551,10546.0,48097.0,17439.0,bad,0.5729827880859375,0.160919189453125,0.2660980224609375
3519,9216_9472_1792_2048,MSAVI,65536,33332,8331.0,41663.0,23873.0,bad,0.50860595703125,0.1271209716796875,0.3642730712890625
3520,9216_9472_2048_2304,MSAVI,65536,33767,6675.0,40442.0,25094.0,bad,0.5152435302734375,0.1018524169921875,0.382904052734375
3521,9216_9472_2304_2560,MSAVI,65536,32853,6172.0,39025.0,26511.0,bad,0.5012969970703125,0.09417724609375,0.4045257568359375
3522,9216_9472_2560_2816,MSAVI,65536,34918,11207.0,46125.0,19411.0,bad,0.532806396484375,0.1710052490234375,0.2961883544921875
3523,9216_9472_2816_3072,MSAVI,65536,32871,8651.0,41522.0,24014.0,bad,0.5015716552734375,0.1320037841796875,0.366424560546875
3524,9216_9472_3072_3328,MSAVI,65536,32448,5592.0,38040.0,27496.0,bad,0.4951171875,0.0853271484375,0.4195556640625
3525,9216_9472_3328_3584,MSAVI,65536,37094,8642.0,45736.0,19800.0,bad,0.566009521484375,0.131866455078125,0.3021240234375
3526,9216_9472_3584_3840,MSAVI,65536,31431,6610.0,38041.0,27495.0,bad,0.4795989990234375,0.100860595703125,0.4195404052734375
3527,9216_9472_3840_4096,MSAVI,65536,33277,9253.0,42530.0,23006.0,bad,0.5077667236328125,0.1411895751953125,0.351043701171875
3528,9216_9472_4096_4352,MSAVI,65536,33944,5084.0,39028.0,26508.0,bad,0.5179443359375,0.07757568359375,0.40447998046875
3529,9216_9472_4352_4608,MSAVI,65536,41341,9473.0,50814.0,14722.0,bad,0.6308135986328125,0.1445465087890625,0.224639892578125
3530,9216_9472_4608_4864,MSAVI,65536,38246,22056.0,60302.0,5234.0,bad,0.583587646484375,0.3365478515625,0.079864501953125
3531,9216_9472_4864_5120,MSAVI,65536,33427,19969.0,53396.0,12140.0,bad,0.5100555419921875,0.3047027587890625,0.18524169921875
3532,9216_9472_5120_5376,MSAVI,65536,32423,7942.0,40365.0,25171.0,bad,0.4947357177734375,0.121185302734375,0.3840789794921875
3533,9216_9472_5376_5632,MSAVI,65536,35739,6768.0,42507.0,23029.0,bad,0.5453338623046875,0.103271484375,0.3513946533203125
3534,9216_9472_5632_5888,MSAVI,65536,40958,8029.0,48987.0,16549.0,bad,0.624969482421875,0.1225128173828125,0.2525177001953125
3535,9216_9472_5888_6144,MSAVI,65536,32724,14421.0,47145.0,18391.0,bad,0.49932861328125,0.2200469970703125,0.2806243896484375
3536,9216_9472_6144_6400,MSAVI,65536,31140,5958.0,37098.0,28438.0,bad,0.47515869140625,0.090911865234375,0.433929443359375
3537,9216_9472_6400_6656,MSAVI,65536,33752,7126.0,40878.0,24658.0,bad,0.5150146484375,0.108734130859375,0.376251220703125
3538,9216_9472_6656_6912,MSAVI,65536,35703,12268.0,47971.0,17565.0,bad,0.5447845458984375,0.18719482421875,0.2680206298828125
3539,9216_9472_6912_7168,MSAVI,65536,38963,11108.0,50071.0,15465.0,bad,0.5945281982421875,0.16949462890625,0.2359771728515625
3540,9216_9472_7168_7424,MSAVI,65536,34488,16648.0,51136.0,14400.0,bad,0.5262451171875,0.2540283203125,0.2197265625
3541,9216_9472_7424_7680,MSAVI,65536,35537,6351.0,41888.0,23648.0,bad,0.5422515869140625,0.0969085693359375,0.36083984375
3542,9216_9472_7680_7936,MSAVI,65536,40024,10744.0,50768.0,14768.0,bad,0.6107177734375,0.1639404296875,0.225341796875
3543,9216_9472_7936_8192,MSAVI,65536,41532,8787.0,50319.0,15217.0,bad,0.63372802734375,0.1340789794921875,0.2321929931640625
3544,9216_9472_8192_8448,MSAVI,65536,33997,16052.0,50049.0,15487.0,bad,0.5187530517578125,0.24493408203125,0.2363128662109375
3545,9216_9472_8448_8704,MSAVI,65536,35197,9667.0,44864.0,20672.0,bad,0.5370635986328125,0.1475067138671875,0.3154296875
3546,9216_9472_8704_8960,MSAVI,65536,35652,9859.0,45511.0,20025.0,bad,0.54400634765625,0.1504364013671875,0.3055572509765625
3547,9216_9472_8960_9216,MSAVI,65536,32090,10406.0,42496.0,23040.0,bad,0.489654541015625,0.158782958984375,0.3515625
3548,9216_9472_9216_9472,MSAVI,65536,33213,15960.0,49173.0,16363.0,bad,0.5067901611328125,0.2435302734375,0.2496795654296875
3549,9216_9472_9472_9728,MSAVI,65536,35829,17661.0,53490.0,12046.0,bad,0.5467071533203125,0.2694854736328125,0.183807373046875
3550,9472_9728_256_512,MSAVI,65536,47576,10134.0,57710.0,7826.0,bad,0.7259521484375,0.154632568359375,0.119415283203125
3551,9472_9728_512_768,MSAVI,65536,34266,10108.0,44374.0,21162.0,bad,0.522857666015625,0.15423583984375,0.322906494140625
3552,9472_9728_768_1024,MSAVI,65536,37180,15939.0,53119.0,12417.0,bad,0.56732177734375,0.2432098388671875,0.1894683837890625
3553,9472_9728_1024_1280,MSAVI,65536,32394,7552.0,39946.0,25590.0,bad,0.494293212890625,0.115234375,0.390472412109375
3554,9472_9728_1280_1536,MSAVI,65536,33254,6360.0,39614.0,25922.0,bad,0.507415771484375,0.0970458984375,0.395538330078125
3555,9472_9728_1536_1792,MSAVI,65536,35776,10188.0,45964.0,19572.0,bad,0.5458984375,0.15545654296875,0.29864501953125
3556,9472_9728_1792_2048,MSAVI,65536,34888,6035.0,40923.0,24613.0,bad,0.5323486328125,0.0920867919921875,0.3755645751953125
3557,9472_9728_2048_2304,MSAVI,65536,32731,6150.0,38881.0,26655.0,bad,0.4994354248046875,0.093841552734375,0.4067230224609375
3558,9472_9728_2304_2560,MSAVI,65536,29819,5618.0,35437.0,30099.0,bad,0.4550018310546875,0.085723876953125,0.4592742919921875
3559,9472_9728_2560_2816,MSAVI,65536,34181,12962.0,47143.0,18393.0,bad,0.5215606689453125,0.197784423828125,0.2806549072265625
3560,9472_9728_2816_3072,MSAVI,65536,32223,10327.0,42550.0,22986.0,bad,0.4916839599609375,0.1575775146484375,0.350738525390625
3561,9472_9728_3072_3328,MSAVI,65536,39292,8466.0,47758.0,17778.0,bad,0.59954833984375,0.129180908203125,0.271270751953125
3562,9472_9728_3328_3584,MSAVI,65536,38785,8539.0,47324.0,18212.0,bad,0.5918121337890625,0.1302947998046875,0.27789306640625
3563,9472_9728_3584_3840,MSAVI,65536,34450,10702.0,45152.0,20384.0,bad,0.525665283203125,0.163299560546875,0.31103515625
3564,9472_9728_3840_4096,MSAVI,65536,56465,4407.0,60872.0,4664.0,bad,0.8615875244140625,0.0672454833984375,0.0711669921875
3565,9472_9728_4096_4352,MSAVI,65536,43877,5752.0,49629.0,15907.0,bad,0.6695098876953125,0.0877685546875,0.2427215576171875
3566,9472_9728_4352_4608,MSAVI,65536,47292,4945.0,52237.0,13299.0,bad,0.72161865234375,0.0754547119140625,0.2029266357421875
3567,9472_9728_4608_4864,MSAVI,65536,21481,0.0,21481.0,44055.0,bad,0.3277740478515625,0.0,0.6722259521484375
3568,9472_9728_4864_5120,MSAVI,65536,34264,18030.0,52294.0,13242.0,bad,0.5228271484375,0.275115966796875,0.202056884765625
3569,9472_9728_5120_5376,MSAVI,65536,31670,8469.0,40139.0,25397.0,bad,0.483245849609375,0.1292266845703125,0.3875274658203125
3570,9472_9728_5376_5632,MSAVI,65536,32596,6431.0,39027.0,26509.0,bad,0.49737548828125,0.0981292724609375,0.4044952392578125
3571,9472_9728_5632_5888,MSAVI,65536,45381,3210.0,48591.0,16945.0,bad,0.6924591064453125,0.048980712890625,0.2585601806640625
3572,9472_9728_5888_6144,MSAVI,65536,32565,14434.0,46999.0,18537.0,bad,0.4969024658203125,0.220245361328125,0.2828521728515625
3573,9472_9728_6144_6400,MSAVI,65536,33727,7091.0,40818.0,24718.0,bad,0.5146331787109375,0.1082000732421875,0.377166748046875
3574,9472_9728_6400_6656,MSAVI,65536,35091,4386.0,39477.0,26059.0,bad,0.5354461669921875,0.066925048828125,0.3976287841796875
3575,9472_9728_6656_6912,MSAVI,65536,36562,11893.0,48455.0,17081.0,bad,0.557891845703125,0.1814727783203125,0.2606353759765625
3576,9472_9728_6912_7168,MSAVI,65536,33279,11697.0,44976.0,20560.0,bad,0.5077972412109375,0.1784820556640625,0.313720703125
3577,9472_9728_7168_7424,MSAVI,65536,33244,8900.0,42144.0,23392.0,bad,0.50726318359375,0.13580322265625,0.35693359375
3578,9472_9728_7424_7680,MSAVI,65536,36884,16144.0,53028.0,12508.0,bad,0.56280517578125,0.246337890625,0.19085693359375
3579,9472_9728_7680_7936,MSAVI,65536,33999,15849.0,49848.0,15688.0,bad,0.5187835693359375,0.2418365478515625,0.2393798828125
3580,9472_9728_7936_8192,MSAVI,65536,34299,9759.0,44058.0,21478.0,bad,0.5233612060546875,0.1489105224609375,0.327728271484375
3581,9472_9728_8192_8448,MSAVI,65536,33073,8643.0,41716.0,23820.0,bad,0.5046539306640625,0.1318817138671875,0.36346435546875
3582,9472_9728_8448_8704,MSAVI,65536,34278,7012.0,41290.0,24246.0,bad,0.523040771484375,0.10699462890625,0.369964599609375
3583,9472_9728_8704_8960,MSAVI,65536,36875,14191.0,51066.0,14470.0,bad,0.5626678466796875,0.2165374755859375,0.220794677734375
3584,9472_9728_8960_9216,MSAVI,65536,33059,16288.0,49347.0,16189.0,bad,0.5044403076171875,0.24853515625,0.2470245361328125
3585,9472_9728_9216_9472,MSAVI,65536,33138,12682.0,45820.0,19716.0,bad,0.505645751953125,0.193511962890625,0.30084228515625
3586,9472_9728_9472_9728,MSAVI,65536,34427,10920.0,45347.0,20189.0,bad,0.5253143310546875,0.1666259765625,0.3080596923828125
3587,9728_9984_256_512,MSAVI,65536,57670,5465.0,63135.0,2401.0,bad,0.879974365234375,0.0833892822265625,0.0366363525390625
3588,9728_9984_512_768,MSAVI,65536,38351,8373.0,46724.0,18812.0,bad,0.5851898193359375,0.1277618408203125,0.28704833984375
3589,9728_9984_768_1024,MSAVI,65536,32204,11275.0,43479.0,22057.0,bad,0.49139404296875,0.1720428466796875,0.3365631103515625
3590,9728_9984_1024_1280,MSAVI,65536,33211,10925.0,44136.0,21400.0,bad,0.5067596435546875,0.1667022705078125,0.3265380859375
3591,9728_9984_1280_1536,MSAVI,65536,38691,12008.0,50699.0,14837.0,bad,0.5903778076171875,0.1832275390625,0.2263946533203125
3592,9728_9984_1536_1792,MSAVI,65536,41990,12739.0,54729.0,10807.0,bad,0.640716552734375,0.1943817138671875,0.1649017333984375
3593,9728_9984_1792_2048,MSAVI,65536,31081,9121.0,40202.0,25334.0,bad,0.4742584228515625,0.1391754150390625,0.386566162109375
3594,9728_9984_2048_2304,MSAVI,65536,31841,6313.0,38154.0,27382.0,bad,0.4858551025390625,0.0963287353515625,0.417816162109375
3595,9728_9984_2304_2560,MSAVI,65536,31476,6383.0,37859.0,27677.0,bad,0.48028564453125,0.0973968505859375,0.4223175048828125
3596,9728_9984_2560_2816,MSAVI,65536,29579,9578.0,39157.0,26379.0,bad,0.4513397216796875,0.146148681640625,0.4025115966796875
3597,9728_9984_2816_3072,MSAVI,65536,29847,10214.0,40061.0,25475.0,bad,0.4554290771484375,0.155853271484375,0.3887176513671875
3598,9728_9984_3072_3328,MSAVI,65536,34820,8692.0,43512.0,22024.0,bad,0.53131103515625,0.13262939453125,0.3360595703125
3599,9728_9984_3328_3584,MSAVI,65536,32518,5842.0,38360.0,27176.0,bad,0.496185302734375,0.089141845703125,0.4146728515625
3600,9728_9984_3584_3840,MSAVI,65536,35947,10299.0,46246.0,19290.0,bad,0.5485076904296875,0.1571502685546875,0.294342041015625
3601,9728_9984_3840_4096,MSAVI,65536,32457,13334.0,45791.0,19745.0,bad,0.4952545166015625,0.203460693359375,0.3012847900390625
3602,9728_9984_4096_4352,MSAVI,65536,45126,6627.0,51753.0,13783.0,bad,0.688568115234375,0.1011199951171875,0.2103118896484375
3603,9728_9984_4352_4608,MSAVI,65536,41240,14058.0,55298.0,10238.0,bad,0.6292724609375,0.214508056640625,0.156219482421875
3604,9728_9984_4608_4864,MSAVI,65536,39346,19678.0,59024.0,6512.0,bad,0.600372314453125,0.300262451171875,0.099365234375
3605,9728_9984_4864_5120,MSAVI,65536,33142,20748.0,53890.0,11646.0,bad,0.505706787109375,0.31658935546875,0.177703857421875
3606,9728_9984_5120_5376,MSAVI,65536,32111,9760.0,41871.0,23665.0,bad,0.4899749755859375,0.14892578125,0.3610992431640625
3607,9728_9984_5376_5632,MSAVI,65536,34029,5911.0,39940.0,25596.0,bad,0.5192413330078125,0.0901947021484375,0.39056396484375
3608,9728_9984_5632_5888,MSAVI,65536,40056,11700.0,51756.0,13780.0,bad,0.6112060546875,0.17852783203125,0.21026611328125
3609,9728_9984_5888_6144,MSAVI,65536,35181,10300.0,45481.0,20055.0,bad,0.5368194580078125,0.15716552734375,0.3060150146484375
3610,9728_9984_6144_6400,MSAVI,65536,33691,8017.0,41708.0,23828.0,bad,0.5140838623046875,0.1223297119140625,0.36358642578125
3611,9728_9984_6400_6656,MSAVI,65536,34271,9022.0,43293.0,22243.0,bad,0.5229339599609375,0.137664794921875,0.3394012451171875
3612,9728_9984_6656_6912,MSAVI,65536,35439,13553.0,48992.0,16544.0,bad,0.5407562255859375,0.2068023681640625,0.25244140625
3613,9728_9984_6912_7168,MSAVI,65536,35408,12414.0,47822.0,17714.0,bad,0.540283203125,0.189422607421875,0.270294189453125
3614,9728_9984_7168_7424,MSAVI,65536,32455,7894.0,40349.0,25187.0,bad,0.4952239990234375,0.120452880859375,0.3843231201171875
3615,9728_9984_7424_7680,MSAVI,65536,37131,11390.0,48521.0,17015.0,bad,0.5665740966796875,0.173797607421875,0.2596282958984375
3616,9728_9984_7680_7936,MSAVI,65536,33190,20491.0,53681.0,11855.0,bad,0.506439208984375,0.3126678466796875,0.1808929443359375
3617,9728_9984_7936_8192,MSAVI,65536,29391,9569.0,38960.0,26576.0,bad,0.4484710693359375,0.1460113525390625,0.405517578125
3618,9728_9984_8192_8448,MSAVI,65536,31147,8845.0,39992.0,25544.0,bad,0.4752655029296875,0.1349639892578125,0.3897705078125
3619,9728_9984_8448_8704,MSAVI,65536,31859,8497.0,40356.0,25180.0,bad,0.4861297607421875,0.1296539306640625,0.38421630859375
3620,9728_9984_8704_8960,MSAVI,65536,36061,10733.0,46794.0,18742.0,bad,0.5502471923828125,0.1637725830078125,0.285980224609375
3621,9728_9984_8960_9216,MSAVI,65536,36116,10501.0,46617.0,18919.0,bad,0.55108642578125,0.1602325439453125,0.2886810302734375
3622,9728_9984_9216_9472,MSAVI,65536,34180,15124.0,49304.0,16232.0,bad,0.52154541015625,0.23077392578125,0.2476806640625
3623,9728_9984_9472_9728,MSAVI,65536,37288,13942.0,51230.0,14306.0,bad,0.5689697265625,0.212738037109375,0.218292236328125
3624,9984_10240_256_512,MSAVI,65536,39344,13767.0,53111.0,12425.0,bad,0.600341796875,0.2100677490234375,0.1895904541015625
3625,9984_10240_512_768,MSAVI,65536,35994,13028.0,49022.0,16514.0,bad,0.549224853515625,0.19879150390625,0.251983642578125
3626,9984_10240_768_1024,MSAVI,65536,36146,7461.0,43607.0,21929.0,bad,0.551544189453125,0.1138458251953125,0.3346099853515625
3627,9984_10240_1024_1280,MSAVI,65536,34048,6292.0,40340.0,25196.0,bad,0.51953125,0.09600830078125,0.38446044921875
3628,9984_10240_1280_1536,MSAVI,65536,37945,9550.0,47495.0,18041.0,bad,0.5789947509765625,0.145721435546875,0.2752838134765625
3629,9984_10240_1536_1792,MSAVI,65536,31711,13874.0,45585.0,19951.0,bad,0.4838714599609375,0.211700439453125,0.3044281005859375
3630,9984_10240_1792_2048,MSAVI,65536,31508,6921.0,38429.0,27107.0,bad,0.48077392578125,0.1056060791015625,0.4136199951171875
3631,9984_10240_2048_2304,MSAVI,65536,34452,4143.0,38595.0,26941.0,bad,0.52569580078125,0.0632171630859375,0.4110870361328125
3632,9984_10240_2304_2560,MSAVI,65536,29771,8033.0,37804.0,27732.0,bad,0.4542694091796875,0.1225738525390625,0.42315673828125
3633,9984_10240_2560_2816,MSAVI,65536,32071,9160.0,41231.0,24305.0,bad,0.4893646240234375,0.1397705078125,0.3708648681640625
3634,9984_10240_2816_3072,MSAVI,65536,31293,10379.0,41672.0,23864.0,bad,0.4774932861328125,0.1583709716796875,0.3641357421875
3635,9984_10240_3072_3328,MSAVI,65536,32530,4684.0,37214.0,28322.0,bad,0.496368408203125,0.07147216796875,0.432159423828125
3636,9984_10240_3328_3584,MSAVI,65536,32223,6592.0,38815.0,26721.0,bad,0.4916839599609375,0.1005859375,0.4077301025390625
3637,9984_10240_3584_3840,MSAVI,65536,42663,11149.0,53812.0,11724.0,bad,0.6509857177734375,0.1701202392578125,0.17889404296875
3638,9984_10240_3840_4096,MSAVI,65536,38971,13515.0,52486.0,13050.0,bad,0.5946502685546875,0.2062225341796875,0.199127197265625
3639,9984_10240_4096_4352,MSAVI,65536,41581,10408.0,51989.0,13547.0,bad,0.6344757080078125,0.1588134765625,0.2067108154296875
3640,9984_10240_4352_4608,MSAVI,65536,30589,30032.0,60621.0,4915.0,bad,0.4667510986328125,0.458251953125,0.0749969482421875
3641,9984_10240_4608_4864,MSAVI,65536,36706,13178.0,49884.0,15652.0,bad,0.560089111328125,0.201080322265625,0.23883056640625
3642,9984_10240_4864_5120,MSAVI,65536,31945,16242.0,48187.0,17349.0,bad,0.4874420166015625,0.247833251953125,0.2647247314453125
3643,9984_10240_5120_5376,MSAVI,65536,35896,9380.0,45276.0,20260.0,bad,0.5477294921875,0.14312744140625,0.30914306640625
3644,9984_10240_5376_5632,MSAVI,65536,33682,5961.0,39643.0,25893.0,bad,0.513946533203125,0.0909576416015625,0.3950958251953125
3645,9984_10240_5632_5888,MSAVI,65536,41930,7063.0,48993.0,16543.0,bad,0.639801025390625,0.1077728271484375,0.2524261474609375
3646,9984_10240_5888_6144,MSAVI,65536,36239,17436.0,53675.0,11861.0,bad,0.5529632568359375,0.26605224609375,0.1809844970703125
3647,9984_10240_6144_6400,MSAVI,65536,35851,7913.0,43764.0,21772.0,bad,0.5470428466796875,0.1207427978515625,0.33221435546875
3648,9984_10240_6400_6656,MSAVI,65536,34922,9895.0,44817.0,20719.0,bad,0.532867431640625,0.1509857177734375,0.3161468505859375
3649,9984_10240_6656_6912,MSAVI,65536,40341,9823.0,50164.0,15372.0,bad,0.6155548095703125,0.1498870849609375,0.23455810546875
3650,9984_10240_6912_7168,MSAVI,65536,56533,6454.0,62987.0,2549.0,bad,0.8626251220703125,0.098480224609375,0.0388946533203125
3651,9984_10240_7168_7424,MSAVI,65536,37014,8777.0,45791.0,19745.0,bad,0.564788818359375,0.1339263916015625,0.3012847900390625
3652,9984_10240_7424_7680,MSAVI,65536,29696,8316.0,38012.0,27524.0,bad,0.453125,0.12689208984375,0.41998291015625
3653,9984_10240_7680_7936,MSAVI,65536,39756,19939.0,59695.0,5841.0,bad,0.60662841796875,0.3042449951171875,0.0891265869140625
3654,9984_10240_7936_8192,MSAVI,65536,36200,13043.0,49243.0,16293.0,bad,0.5523681640625,0.1990203857421875,0.2486114501953125
3655,9984_10240_8192_8448,MSAVI,65536,37643,8249.0,45892.0,19644.0,bad,0.5743865966796875,0.1258697509765625,0.29974365234375
3656,9984_10240_8448_8704,MSAVI,65536,35807,7373.0,43180.0,22356.0,bad,0.5463714599609375,0.1125030517578125,0.34112548828125
3657,9984_10240_8704_8960,MSAVI,65536,35109,12163.0,47272.0,18264.0,bad,0.5357208251953125,0.1855926513671875,0.2786865234375
3658,9984_10240_8960_9216,MSAVI,65536,36485,9265.0,45750.0,19786.0,bad,0.5567169189453125,0.1413726806640625,0.301910400390625
3659,9984_10240_9216_9472,MSAVI,65536,42212,9986.0,52198.0,13338.0,bad,0.64410400390625,0.152374267578125,0.203521728515625
3660,9984_10240_9472_9728,MSAVI,65536,40353,10860.0,51213.0,14323.0,bad,0.6157379150390625,0.16571044921875,0.2185516357421875
3661,10240_10496_256_512,MSAVI,65536,36620,10072.0,46692.0,18844.0,bad,0.55877685546875,0.1536865234375,0.28753662109375
3662,10240_10496_512_768,MSAVI,65536,42287,10079.0,52366.0,13170.0,bad,0.6452484130859375,0.1537933349609375,0.200958251953125
3663,10240_10496_768_1024,MSAVI,65536,36803,6491.0,43294.0,22242.0,bad,0.5615692138671875,0.0990447998046875,0.339385986328125
3664,10240_10496_1024_1280,MSAVI,65536,33168,4711.0,37879.0,27657.0,bad,0.506103515625,0.0718841552734375,0.4220123291015625
3665,10240_10496_1280_1536,MSAVI,65536,34144,10265.0,44409.0,21127.0,bad,0.52099609375,0.1566314697265625,0.3223724365234375
3666,10240_10496_1536_1792,MSAVI,65536,40653,16235.0,56888.0,8648.0,bad,0.6203155517578125,0.2477264404296875,0.1319580078125
3667,10240_10496_1792_2048,MSAVI,65536,33081,7911.0,40992.0,24544.0,bad,0.5047760009765625,0.1207122802734375,0.37451171875
3668,10240_10496_2048_2304,MSAVI,65536,32393,6813.0,39206.0,26330.0,bad,0.4942779541015625,0.1039581298828125,0.401763916015625
3669,10240_10496_2304_2560,MSAVI,65536,27647,4343.0,31990.0,33546.0,bad,0.4218597412109375,0.0662689208984375,0.511871337890625
3670,10240_10496_2560_2816,MSAVI,65536,32249,10281.0,42530.0,23006.0,bad,0.4920806884765625,0.1568756103515625,0.351043701171875
3671,10240_10496_2816_3072,MSAVI,65536,33428,15736.0,49164.0,16372.0,bad,0.51007080078125,0.2401123046875,0.24981689453125
3672,10240_10496_3072_3328,MSAVI,65536,31955,4529.0,36484.0,29052.0,bad,0.4875946044921875,0.0691070556640625,0.44329833984375
3673,10240_10496_3328_3584,MSAVI,65536,31770,5119.0,36889.0,28647.0,bad,0.484771728515625,0.0781097412109375,0.4371185302734375
3674,10240_10496_3584_3840,MSAVI,65536,34625,8967.0,43592.0,21944.0,bad,0.5283355712890625,0.1368255615234375,0.3348388671875
3675,10240_10496_3840_4096,MSAVI,65536,34326,13858.0,48184.0,17352.0,bad,0.523773193359375,0.211456298828125,0.2647705078125
3676,10240_10496_4096_4352,MSAVI,65536,45548,5432.0,50980.0,14556.0,bad,0.69500732421875,0.0828857421875,0.22210693359375
3677,10240_10496_4352_4608,MSAVI,65536,41423,15414.0,56837.0,8699.0,bad,0.6320648193359375,0.235198974609375,0.1327362060546875
3678,10240_10496_4608_4864,MSAVI,65536,32010,5205.0,37215.0,28321.0,bad,0.488433837890625,0.0794219970703125,0.4321441650390625
3679,10240_10496_4864_5120,MSAVI,65536,32722,18583.0,51305.0,14231.0,bad,0.499298095703125,0.2835540771484375,0.2171478271484375
3680,10240_10496_5120_5376,MSAVI,65536,35517,6769.0,42286.0,23250.0,bad,0.5419464111328125,0.1032867431640625,0.354766845703125
3681,10240_10496_5376_5632,MSAVI,65536,36180,5670.0,41850.0,23686.0,bad,0.55206298828125,0.086517333984375,0.361419677734375
3682,10240_10496_5632_5888,MSAVI,65536,37777,5495.0,43272.0,22264.0,bad,0.5764312744140625,0.0838470458984375,0.3397216796875
3683,10240_10496_5888_6144,MSAVI,65536,53216,3776.0,56992.0,8544.0,bad,0.81201171875,0.0576171875,0.13037109375
3684,10240_10496_6144_6400,MSAVI,65536,33496,8330.0,41826.0,23710.0,bad,0.5111083984375,0.127105712890625,0.361785888671875
3685,10240_10496_6400_6656,MSAVI,65536,34797,5549.0,40346.0,25190.0,bad,0.5309600830078125,0.0846710205078125,0.384368896484375
3686,10240_10496_6656_6912,MSAVI,65536,36626,14180.0,50806.0,14730.0,bad,0.558868408203125,0.21636962890625,0.224761962890625
3687,10240_10496_6912_7168,MSAVI,65536,45427,9659.0,55086.0,10450.0,bad,0.6931610107421875,0.1473846435546875,0.159454345703125
3688,10240_10496_7168_7424,MSAVI,65536,49014,3778.0,52792.0,12744.0,bad,0.747894287109375,0.057647705078125,0.1944580078125
3689,10240_10496_7424_7680,MSAVI,65536,34250,10586.0,44836.0,20700.0,bad,0.522613525390625,0.161529541015625,0.31585693359375
3690,10240_10496_7680_7936,MSAVI,65536,35033,16536.0,51569.0,13967.0,bad,0.5345611572265625,0.2523193359375,0.2131195068359375
3691,10240_10496_7936_8192,MSAVI,65536,45118,11574.0,56692.0,8844.0,bad,0.688446044921875,0.176605224609375,0.13494873046875
3692,10240_10496_8192_8448,MSAVI,65536,35606,9558.0,45164.0,20372.0,bad,0.543304443359375,0.145843505859375,0.31085205078125
3693,10240_10496_8448_8704,MSAVI,65536,33131,5084.0,38215.0,27321.0,bad,0.5055389404296875,0.07757568359375,0.4168853759765625
3694,10240_10496_8704_8960,MSAVI,65536,36132,9366.0,45498.0,20038.0,bad,0.55133056640625,0.142913818359375,0.305755615234375
3695,10240_10496_8960_9216,MSAVI,65536,37050,11546.0,48596.0,16940.0,bad,0.565338134765625,0.176177978515625,0.25848388671875
3696,10240_10496_9216_9472,MSAVI,65536,44245,9957.0,54202.0,11334.0,bad,0.6751251220703125,0.1519317626953125,0.172943115234375
3697,10240_10496_9472_9728,MSAVI,65536,38847,8371.0,47218.0,18318.0,bad,0.5927581787109375,0.1277313232421875,0.279510498046875
3698,10496_10752_512_768,MSAVI,65536,45323,9041.0,54364.0,11172.0,bad,0.6915740966796875,0.1379547119140625,0.17047119140625
3699,10496_10752_768_1024,MSAVI,65536,41601,11756.0,53357.0,12179.0,bad,0.6347808837890625,0.17938232421875,0.1858367919921875
3700,10496_10752_1024_1280,MSAVI,65536,33402,5447.0,38849.0,26687.0,bad,0.509674072265625,0.0831146240234375,0.4072113037109375
3701,10496_10752_1280_1536,MSAVI,65536,32482,4191.0,36673.0,28863.0,bad,0.495635986328125,0.0639495849609375,0.4404144287109375
3702,10496_10752_1536_1792,MSAVI,65536,38582,12633.0,51215.0,14321.0,bad,0.588714599609375,0.1927642822265625,0.2185211181640625
3703,10496_10752_1792_2048,MSAVI,65536,34069,7104.0,41173.0,24363.0,bad,0.5198516845703125,0.1083984375,0.3717498779296875
3704,10496_10752_2048_2304,MSAVI,65536,42767,7193.0,49960.0,15576.0,bad,0.6525726318359375,0.1097564697265625,0.2376708984375
3705,10496_10752_2304_2560,MSAVI,65536,31965,4158.0,36123.0,29413.0,bad,0.4877471923828125,0.063446044921875,0.4488067626953125
3706,10496_10752_2560_2816,MSAVI,65536,37955,11731.0,49686.0,15850.0,bad,0.5791473388671875,0.1790008544921875,0.241851806640625
3707,10496_10752_2816_3072,MSAVI,65536,43357,11825.0,55182.0,10354.0,bad,0.6615753173828125,0.1804351806640625,0.157989501953125
3708,10496_10752_3072_3328,MSAVI,65536,32096,10096.0,42192.0,23344.0,bad,0.48974609375,0.154052734375,0.356201171875
3709,10496_10752_3328_3584,MSAVI,65536,32265,6395.0,38660.0,26876.0,bad,0.4923248291015625,0.0975799560546875,0.41009521484375
3710,10496_10752_3584_3840,MSAVI,65536,37683,10245.0,47928.0,17608.0,bad,0.5749969482421875,0.1563262939453125,0.2686767578125
3711,10496_10752_3840_4096,MSAVI,65536,47914,6622.0,54536.0,11000.0,bad,0.731109619140625,0.101043701171875,0.1678466796875
3712,10496_10752_4096_4352,MSAVI,65536,46553,9672.0,56225.0,9311.0,bad,0.7103424072265625,0.1475830078125,0.1420745849609375
3713,10496_10752_4352_4608,MSAVI,65536,35459,14128.0,49587.0,15949.0,bad,0.5410614013671875,0.215576171875,0.2433624267578125
3714,10496_10752_4608_4864,MSAVI,65536,32228,9590.0,41818.0,23718.0,bad,0.49176025390625,0.146331787109375,0.361907958984375
3715,10496_10752_4864_5120,MSAVI,65536,32864,19241.0,52105.0,13431.0,bad,0.50146484375,0.2935943603515625,0.2049407958984375
3716,10496_10752_5120_5376,MSAVI,65536,34102,5025.0,39127.0,26409.0,bad,0.520355224609375,0.0766754150390625,0.4029693603515625
3717,10496_10752_5376_5632,MSAVI,65536,32350,4569.0,36919.0,28617.0,bad,0.493621826171875,0.0697174072265625,0.4366607666015625
3718,10496_10752_5632_5888,MSAVI,65536,35997,15769.0,51766.0,13770.0,bad,0.5492706298828125,0.2406158447265625,0.210113525390625
3719,10496_10752_5888_6144,MSAVI,65536,47225,15068.0,62293.0,3243.0,bad,0.7205963134765625,0.22991943359375,0.0494842529296875
3720,10496_10752_6144_6400,MSAVI,65536,51569,5050.0,56619.0,8917.0,bad,0.7868804931640625,0.077056884765625,0.1360626220703125
3721,10496_10752_6400_6656,MSAVI,65536,32369,7643.0,40012.0,25524.0,bad,0.4939117431640625,0.1166229248046875,0.38946533203125
3722,10496_10752_6656_6912,MSAVI,65536,35854,12047.0,47901.0,17635.0,bad,0.547088623046875,0.1838226318359375,0.2690887451171875
3723,10496_10752_6912_7168,MSAVI,65536,36138,14544.0,50682.0,14854.0,bad,0.551422119140625,0.221923828125,0.226654052734375
3724,10496_10752_7168_7424,MSAVI,65536,29166,7586.0,36752.0,28784.0,bad,0.445037841796875,0.115753173828125,0.439208984375
3725,10496_10752_7424_7680,MSAVI,65536,32254,5926.0,38180.0,27356.0,bad,0.492156982421875,0.090423583984375,0.41741943359375
3726,10496_10752_7680_7936,MSAVI,65536,34123,9803.0,43926.0,21610.0,bad,0.5206756591796875,0.1495819091796875,0.329742431640625
3727,10496_10752_7936_8192,MSAVI,65536,43615,12951.0,56566.0,8970.0,bad,0.6655120849609375,0.1976165771484375,0.136871337890625
3728,10496_10752_8192_8448,MSAVI,65536,33944,8972.0,42916.0,22620.0,bad,0.5179443359375,0.13690185546875,0.34515380859375
3729,10496_10752_8448_8704,MSAVI,65536,35925,6426.0,42351.0,23185.0,bad,0.5481719970703125,0.098052978515625,0.3537750244140625
3730,10496_10752_8704_8960,MSAVI,65536,35989,11239.0,47228.0,18308.0,bad,0.5491485595703125,0.1714935302734375,0.27935791015625
3731,10496_10752_8960_9216,MSAVI,65536,38500,11091.0,49591.0,15945.0,bad,0.58746337890625,0.1692352294921875,0.2433013916015625
3732,10496_10752_9216_9472,MSAVI,65536,37573,10977.0,48550.0,16986.0,bad,0.5733184814453125,0.1674957275390625,0.259185791015625
3733,10496_10752_9472_9728,MSAVI,65536,38266,14130.0,52396.0,13140.0,bad,0.583892822265625,0.215606689453125,0.20050048828125
3734,10752_11008_512_768,MSAVI,65536,48332,2276.0,50608.0,14928.0,bad,0.73748779296875,0.03472900390625,0.227783203125
3735,10752_11008_768_1024,MSAVI,65536,41761,5830.0,47591.0,17945.0,bad,0.6372222900390625,0.088958740234375,0.2738189697265625
3736,10752_11008_1024_1280,MSAVI,65536,36762,4859.0,41621.0,23915.0,bad,0.560943603515625,0.0741424560546875,0.3649139404296875
3737,10752_11008_1280_1536,MSAVI,65536,54901,7756.0,62657.0,2879.0,bad,0.8377227783203125,0.11834716796875,0.0439300537109375
3738,10752_11008_1536_1792,MSAVI,65536,45655,14644.0,60299.0,5237.0,bad,0.6966400146484375,0.22344970703125,0.0799102783203125
3739,10752_11008_1792_2048,MSAVI,65536,42212,14451.0,56663.0,8873.0,bad,0.64410400390625,0.2205047607421875,0.1353912353515625
3740,10752_11008_2048_2304,MSAVI,65536,32356,12493.0,44849.0,20687.0,bad,0.49371337890625,0.1906280517578125,0.3156585693359375
3741,10752_11008_2304_2560,MSAVI,65536,32986,6464.0,39450.0,26086.0,bad,0.503326416015625,0.0986328125,0.398040771484375
3742,10752_11008_2560_2816,MSAVI,65536,37857,6579.0,44436.0,21100.0,bad,0.5776519775390625,0.1003875732421875,0.32196044921875
3743,10752_11008_2816_3072,MSAVI,65536,37675,12753.0,50428.0,15108.0,bad,0.5748748779296875,0.1945953369140625,0.23052978515625
3744,10752_11008_3072_3328,MSAVI,65536,30690,7605.0,38295.0,27241.0,bad,0.468292236328125,0.1160430908203125,0.4156646728515625
3745,10752_11008_3328_3584,MSAVI,65536,37095,7454.0,44549.0,20987.0,bad,0.5660247802734375,0.113739013671875,0.3202362060546875
3746,10752_11008_3584_3840,MSAVI,65536,36899,8950.0,45849.0,19687.0,bad,0.5630340576171875,0.136566162109375,0.3003997802734375
3747,10752_11008_3840_4096,MSAVI,65536,43081,11667.0,54748.0,10788.0,bad,0.6573638916015625,0.1780242919921875,0.16461181640625
3748,10752_11008_4096_4352,MSAVI,65536,50213,10719.0,60932.0,4604.0,bad,0.7661895751953125,0.1635589599609375,0.07025146484375
3749,10752_11008_4352_4608,MSAVI,65536,33686,8337.0,42023.0,23513.0,bad,0.514007568359375,0.1272125244140625,0.3587799072265625
3750,10752_11008_4608_4864,MSAVI,65536,32830,11771.0,44601.0,20935.0,bad,0.500946044921875,0.1796112060546875,0.3194427490234375
3751,10752_11008_4864_5120,MSAVI,65536,32806,7418.0,40224.0,25312.0,bad,0.500579833984375,0.113189697265625,0.38623046875
3752,10752_11008_5120_5376,MSAVI,65536,34015,7533.0,41548.0,23988.0,bad,0.5190277099609375,0.1149444580078125,0.36602783203125
3753,10752_11008_5376_5632,MSAVI,65536,35918,5492.0,41410.0,24126.0,bad,0.548065185546875,0.08380126953125,0.368133544921875
3754,10752_11008_5632_5888,MSAVI,65536,38297,9644.0,47941.0,17595.0,bad,0.5843658447265625,0.14715576171875,0.2684783935546875
3755,10752_11008_5888_6144,MSAVI,65536,48951,3842.0,52793.0,12743.0,bad,0.7469329833984375,0.058624267578125,0.1944427490234375
3756,10752_11008_6144_6400,MSAVI,65536,34112,3853.0,37965.0,27571.0,bad,0.5205078125,0.0587921142578125,0.4207000732421875
3757,10752_11008_6400_6656,MSAVI,65536,34951,9239.0,44190.0,21346.0,bad,0.5333099365234375,0.1409759521484375,0.325714111328125
3758,10752_11008_6656_6912,MSAVI,65536,38834,8366.0,47200.0,18336.0,bad,0.592559814453125,0.127655029296875,0.27978515625
3759,10752_11008_6912_7168,MSAVI,65536,37687,8549.0,46236.0,19300.0,bad,0.5750579833984375,0.1304473876953125,0.29449462890625
3760,10752_11008_7168_7424,MSAVI,65536,33566,9254.0,42820.0,22716.0,bad,0.512176513671875,0.141204833984375,0.34661865234375
3761,10752_11008_7424_7680,MSAVI,65536,31785,6742.0,38527.0,27009.0,bad,0.4850006103515625,0.102874755859375,0.4121246337890625
3762,10752_11008_7680_7936,MSAVI,65536,35180,11749.0,46929.0,18607.0,bad,0.53680419921875,0.1792755126953125,0.2839202880859375
3763,10752_11008_7936_8192,MSAVI,65536,37613,11284.0,48897.0,16639.0,bad,0.5739288330078125,0.17218017578125,0.2538909912109375
3764,10752_11008_8192_8448,MSAVI,65536,35871,22475.0,58346.0,7190.0,bad,0.5473480224609375,0.3429412841796875,0.109710693359375
3765,10752_11008_8448_8704,MSAVI,65536,40142,5259.0,45401.0,20135.0,bad,0.612518310546875,0.0802459716796875,0.3072357177734375
3766,10752_11008_8704_8960,MSAVI,65536,37652,8475.0,46127.0,19409.0,bad,0.57452392578125,0.1293182373046875,0.2961578369140625
3767,10752_11008_8960_9216,MSAVI,65536,40714,10174.0,50888.0,14648.0,bad,0.621246337890625,0.155242919921875,0.2235107421875
3768,10752_11008_9216_9472,MSAVI,65536,39950,10326.0,50276.0,15260.0,bad,0.609588623046875,0.157562255859375,0.23284912109375
3769,10752_11008_9472_9728,MSAVI,65536,31535,8435.0,39970.0,25566.0,bad,0.4811859130859375,0.1287078857421875,0.390106201171875
3770,11008_11264_512_768,MSAVI,65509,51494,3861.0,55355.0,10154.0,bad,0.7860599306965456,0.0589384664702559,0.1550016028331985
3771,11008_11264_768_1024,MSAVI,65536,50066,9402.0,59468.0,6068.0,bad,0.763946533203125,0.143463134765625,0.09259033203125
3772,11008_11264_1024_1280,MSAVI,65536,45000,16899.0,61899.0,3637.0,bad,0.6866455078125,0.2578582763671875,0.0554962158203125
3773,11008_11264_1280_1536,MSAVI,65536,58135,3703.0,61838.0,3698.0,bad,0.8870697021484375,0.0565032958984375,0.056427001953125
3774,11008_11264_1536_1792,MSAVI,65536,42577,18419.0,60996.0,4540.0,bad,0.6496734619140625,0.2810516357421875,0.06927490234375
3775,11008_11264_1792_2048,MSAVI,65536,40891,18660.0,59551.0,5985.0,bad,0.6239471435546875,0.28472900390625,0.0913238525390625
3776,11008_11264_2048_2304,MSAVI,65536,34779,13953.0,48732.0,16804.0,bad,0.5306854248046875,0.2129058837890625,0.25640869140625
3777,11008_11264_2304_2560,MSAVI,65536,46734,4617.0,51351.0,14185.0,bad,0.713104248046875,0.0704498291015625,0.2164459228515625
3778,11008_11264_2560_2816,MSAVI,65536,45138,10738.0,55876.0,9660.0,bad,0.688751220703125,0.163848876953125,0.14739990234375
3779,11008_11264_2816_3072,MSAVI,65536,36747,6417.0,43164.0,22372.0,bad,0.5607147216796875,0.0979156494140625,0.34136962890625
3780,11008_11264_3072_3328,MSAVI,65536,37721,12515.0,50236.0,15300.0,bad,0.5755767822265625,0.1909637451171875,0.23345947265625
3781,11008_11264_3328_3584,MSAVI,65536,34613,4374.0,38987.0,26549.0,bad,0.5281524658203125,0.066741943359375,0.4051055908203125
3782,11008_11264_3584_3840,MSAVI,65536,34355,10775.0,45130.0,20406.0,bad,0.5242156982421875,0.1644134521484375,0.311370849609375
3783,11008_11264_3840_4096,MSAVI,65536,40911,17056.0,57967.0,7569.0,bad,0.6242523193359375,0.26025390625,0.1154937744140625
3784,11008_11264_4096_4352,MSAVI,65536,50578,9784.0,60362.0,5174.0,bad,0.771759033203125,0.1492919921875,0.078948974609375
3785,11008_11264_4352_4608,MSAVI,65536,31600,16465.0,48065.0,17471.0,bad,0.482177734375,0.2512359619140625,0.2665863037109375
3786,11008_11264_4608_4864,MSAVI,65536,33951,19417.0,53368.0,12168.0,bad,0.5180511474609375,0.2962799072265625,0.1856689453125
3787,11008_11264_4864_5120,MSAVI,65536,31637,6614.0,38251.0,27285.0,bad,0.4827423095703125,0.100921630859375,0.4163360595703125
3788,11008_11264_5120_5376,MSAVI,65536,30452,7658.0,38110.0,27426.0,bad,0.46466064453125,0.116851806640625,0.418487548828125
3789,11008_11264_5376_5632,MSAVI,65536,38527,7754.0,46281.0,19255.0,bad,0.5878753662109375,0.118316650390625,0.2938079833984375
3790,11008_11264_5632_5888,MSAVI,65536,43073,8150.0,51223.0,14313.0,bad,0.6572418212890625,0.124359130859375,0.2183990478515625
3791,11008_11264_5888_6144,MSAVI,65536,47724,4489.0,52213.0,13323.0,bad,0.72821044921875,0.0684967041015625,0.2032928466796875
3792,11008_11264_6144_6400,MSAVI,65536,39483,8394.0,47877.0,17659.0,bad,0.6024627685546875,0.128082275390625,0.2694549560546875
3793,11008_11264_6400_6656,MSAVI,65536,34715,6376.0,41091.0,24445.0,bad,0.5297088623046875,0.0972900390625,0.3730010986328125
3794,11008_11264_6656_6912,MSAVI,65536,34455,10574.0,45029.0,20507.0,bad,0.5257415771484375,0.161346435546875,0.3129119873046875
3795,11008_11264_6912_7168,MSAVI,65536,34968,9201.0,44169.0,21367.0,bad,0.5335693359375,0.1403961181640625,0.3260345458984375
3796,11008_11264_7168_7424,MSAVI,65536,35294,7898.0,43192.0,22344.0,bad,0.538543701171875,0.120513916015625,0.3409423828125
3797,11008_11264_7424_7680,MSAVI,65536,31237,7532.0,38769.0,26767.0,bad,0.4766387939453125,0.11492919921875,0.4084320068359375
3798,11008_11264_7680_7936,MSAVI,65536,34300,10884.0,45184.0,20352.0,bad,0.52337646484375,0.16607666015625,0.310546875
3799,11008_11264_7936_8192,MSAVI,65536,37316,11808.0,49124.0,16412.0,bad,0.56939697265625,0.18017578125,0.25042724609375
3800,11008_11264_8192_8448,MSAVI,65536,34037,12946.0,46983.0,18553.0,bad,0.5193634033203125,0.197540283203125,0.2830963134765625
3801,11008_11264_8448_8704,MSAVI,65536,37414,8374.0,45788.0,19748.0,bad,0.570892333984375,0.127777099609375,0.30133056640625
3802,11008_11264_8704_8960,MSAVI,65536,41590,11995.0,53585.0,11951.0,bad,0.634613037109375,0.1830291748046875,0.1823577880859375
3803,11008_11264_8960_9216,MSAVI,65536,49539,10396.0,59935.0,5601.0,bad,0.7559051513671875,0.15863037109375,0.0854644775390625
3804,11008_11264_9216_9472,MSAVI,65536,55676,5130.0,60806.0,4730.0,bad,0.84954833984375,0.078277587890625,0.072174072265625
3805,11008_11264_9472_9728,MSAVI,65536,36065,14460.0,50525.0,15011.0,bad,0.5503082275390625,0.22064208984375,0.2290496826171875
3806,11264_11520_768_1024,MSAVI,65536,59571,4330.0,63901.0,1635.0,bad,0.9089813232421876,0.066070556640625,0.0249481201171875
3807,11264_11520_1024_1280,MSAVI,65536,42138,20216.0,62354.0,3182.0,bad,0.642974853515625,0.3084716796875,0.048553466796875
3808,11264_11520_1280_1536,MSAVI,65536,45993,10936.0,56929.0,8607.0,bad,0.7017974853515625,0.1668701171875,0.1313323974609375
3809,11264_11520_1536_1792,MSAVI,65536,52438,8005.0,60443.0,5093.0,bad,0.800140380859375,0.1221466064453125,0.0777130126953125
3810,11264_11520_1792_2048,MSAVI,65536,42253,18485.0,60738.0,4798.0,bad,0.6447296142578125,0.2820587158203125,0.073211669921875
3811,11264_11520_2048_2304,MSAVI,65536,42034,9368.0,51402.0,14134.0,bad,0.641387939453125,0.1429443359375,0.215667724609375
3812,11264_11520_2304_2560,MSAVI,65536,33827,25592.0,59419.0,6117.0,bad,0.5161590576171875,0.3905029296875,0.0933380126953125
3813,11264_11520_2560_2816,MSAVI,65536,48508,12847.0,61355.0,4181.0,bad,0.74017333984375,0.1960296630859375,0.0637969970703125
3814,11264_11520_2816_3072,MSAVI,65536,48656,13231.0,61887.0,3649.0,bad,0.742431640625,0.2018890380859375,0.0556793212890625
3815,11264_11520_3072_3328,MSAVI,65536,41321,10916.0,52237.0,13299.0,bad,0.6305084228515625,0.16656494140625,0.2029266357421875
3816,11264_11520_3328_3584,MSAVI,65536,37619,16050.0,53669.0,11867.0,bad,0.5740203857421875,0.244903564453125,0.1810760498046875
3817,11264_11520_3584_3840,MSAVI,65536,41545,16663.0,58208.0,7328.0,bad,0.6339263916015625,0.2542572021484375,0.11181640625
3818,11264_11520_3840_4096,MSAVI,65536,41139,15365.0,56504.0,9032.0,bad,0.6277313232421875,0.2344512939453125,0.1378173828125
3819,11264_11520_4096_4352,MSAVI,65536,36737,21056.0,57793.0,7743.0,bad,0.5605621337890625,0.3212890625,0.1181488037109375
3820,11264_11520_4352_4608,MSAVI,65536,52084,7061.0,59145.0,6391.0,bad,0.79473876953125,0.1077423095703125,0.0975189208984375
3821,11264_11520_4608_4864,MSAVI,65536,35202,12235.0,47437.0,18099.0,bad,0.537139892578125,0.1866912841796875,0.2761688232421875
3822,11264_11520_4864_5120,MSAVI,65536,35276,11863.0,47139.0,18397.0,bad,0.53826904296875,0.1810150146484375,0.2807159423828125
3823,11264_11520_5120_5376,MSAVI,65536,34798,5506.0,40304.0,25232.0,bad,0.530975341796875,0.084014892578125,0.385009765625
3824,11264_11520_5376_5632,MSAVI,65536,37143,6359.0,43502.0,22034.0,bad,0.5667572021484375,0.0970306396484375,0.336212158203125
3825,11264_11520_5632_5888,MSAVI,65536,49131,5515.0,54646.0,10890.0,bad,0.7496795654296875,0.0841522216796875,0.166168212890625
3826,11264_11520_5888_6144,MSAVI,65536,44581,7960.0,52541.0,12995.0,bad,0.6802520751953125,0.1214599609375,0.1982879638671875
3827,11264_11520_6144_6400,MSAVI,65536,37231,7425.0,44656.0,20880.0,bad,0.5680999755859375,0.1132965087890625,0.318603515625
3828,11264_11520_6400_6656,MSAVI,65536,42736,6897.0,49633.0,15903.0,bad,0.652099609375,0.1052398681640625,0.2426605224609375
3829,11264_11520_6656_6912,MSAVI,65536,38064,10142.0,48206.0,17330.0,bad,0.580810546875,0.154754638671875,0.264434814453125
3830,11264_11520_6912_7168,MSAVI,65536,30753,9367.0,40120.0,25416.0,bad,0.4692535400390625,0.1429290771484375,0.3878173828125
3831,11264_11520_7168_7424,MSAVI,65536,35171,11265.0,46436.0,19100.0,bad,0.5366668701171875,0.1718902587890625,0.29144287109375
3832,11264_11520_7424_7680,MSAVI,65536,37038,7974.0,45012.0,20524.0,bad,0.565155029296875,0.121673583984375,0.31317138671875
3833,11264_11520_7680_7936,MSAVI,65536,37931,10870.0,48801.0,16735.0,bad,0.5787811279296875,0.165863037109375,0.2553558349609375
3834,11264_11520_7936_8192,MSAVI,65536,35423,13354.0,48777.0,16759.0,bad,0.5405120849609375,0.203765869140625,0.2557220458984375
3835,11264_11520_8192_8448,MSAVI,65536,32809,8963.0,41772.0,23764.0,bad,0.5006256103515625,0.1367645263671875,0.36260986328125
3836,11264_11520_8448_8704,MSAVI,65536,53414,4311.0,57725.0,7811.0,bad,0.815032958984375,0.0657806396484375,0.1191864013671875
3837,11264_11520_8704_8960,MSAVI,65536,42945,10944.0,53889.0,11647.0,bad,0.6552886962890625,0.1669921875,0.1777191162109375
3838,11264_11520_8960_9216,MSAVI,65536,47265,9035.0,56300.0,9236.0,bad,0.7212066650390625,0.1378631591796875,0.14093017578125
3839,11264_11520_9216_9472,MSAVI,65536,42869,12052.0,54921.0,10615.0,bad,0.6541290283203125,0.18389892578125,0.1619720458984375
3840,11520_11776_1024_1280,MSAVI,65536,43119,5243.0,48362.0,17174.0,bad,0.6579437255859375,0.0800018310546875,0.262054443359375
3841,11520_11776_1280_1536,MSAVI,65536,48619,6740.0,55359.0,10177.0,bad,0.7418670654296875,0.10284423828125,0.1552886962890625
3842,11520_11776_1536_1792,MSAVI,65536,50493,8551.0,59044.0,6492.0,bad,0.7704620361328125,0.1304779052734375,0.09906005859375
3843,11520_11776_1792_2048,MSAVI,65536,54269,5774.0,60043.0,5493.0,bad,0.8280792236328125,0.088104248046875,0.0838165283203125
3844,11520_11776_2048_2304,MSAVI,65536,49771,7769.0,57540.0,7996.0,bad,0.7594451904296875,0.1185455322265625,0.12200927734375
3845,11520_11776_2304_2560,MSAVI,65536,48145,8716.0,56861.0,8675.0,bad,0.7346343994140625,0.13299560546875,0.1323699951171875
3846,11520_11776_2560_2816,MSAVI,65536,38248,22088.0,60336.0,5200.0,bad,0.5836181640625,0.3370361328125,0.079345703125
3847,11520_11776_2816_3072,MSAVI,65536,29299,0.0,29299.0,36237.0,bad,0.4470672607421875,0.0,0.5529327392578125
3848,11520_11776_3072_3328,MSAVI,65536,47648,13940.0,61588.0,3948.0,bad,0.72705078125,0.21270751953125,0.06024169921875
3849,11520_11776_3328_3584,MSAVI,65536,53490,7292.0,60782.0,4754.0,bad,0.816192626953125,0.11126708984375,0.072540283203125
3850,11520_11776_3584_3840,MSAVI,65536,53303,6634.0,59937.0,5599.0,bad,0.8133392333984375,0.101226806640625,0.0854339599609375
3851,11520_11776_3840_4096,MSAVI,65536,43854,14424.0,58278.0,7258.0,bad,0.669158935546875,0.2200927734375,0.110748291015625
3852,11520_11776_4096_4352,MSAVI,65536,47438,11512.0,58950.0,6586.0,bad,0.723846435546875,0.1756591796875,0.100494384765625
3853,11520_11776_4352_4608,MSAVI,65536,48016,10295.0,58311.0,7225.0,bad,0.732666015625,0.1570892333984375,0.1102447509765625
3854,11520_11776_4608_4864,MSAVI,65536,35735,12280.0,48015.0,17521.0,bad,0.5452728271484375,0.1873779296875,0.2673492431640625
3855,11520_11776_4864_5120,MSAVI,65536,35354,15277.0,50631.0,14905.0,bad,0.539459228515625,0.2331085205078125,0.2274322509765625
3856,11520_11776_5120_5376,MSAVI,65536,40900,9516.0,50416.0,15120.0,bad,0.62408447265625,0.14520263671875,0.230712890625
3857,11520_11776_5376_5632,MSAVI,65536,36319,15760.0,52079.0,13457.0,bad,0.5541839599609375,0.240478515625,0.2053375244140625
3858,11520_11776_5632_5888,MSAVI,65536,52215,10209.0,62424.0,3112.0,bad,0.7967376708984375,0.1557769775390625,0.0474853515625
3859,11520_11776_5888_6144,MSAVI,65536,40641,10627.0,51268.0,14268.0,bad,0.6201324462890625,0.1621551513671875,0.21771240234375
3860,11520_11776_6144_6400,MSAVI,65536,37966,9131.0,47097.0,18439.0,bad,0.579315185546875,0.1393280029296875,0.2813568115234375
3861,11520_11776_6400_6656,MSAVI,65536,44455,5700.0,50155.0,15381.0,bad,0.6783294677734375,0.08697509765625,0.2346954345703125
3862,11520_11776_6656_6912,MSAVI,65536,44394,4283.0,48677.0,16859.0,bad,0.677398681640625,0.0653533935546875,0.2572479248046875
3863,11520_11776_6912_7168,MSAVI,65536,40406,11553.0,51959.0,13577.0,bad,0.616546630859375,0.1762847900390625,0.2071685791015625
3864,11520_11776_7168_7424,MSAVI,65536,34770,13517.0,48287.0,17249.0,bad,0.530548095703125,0.2062530517578125,0.2631988525390625
3865,11520_11776_7424_7680,MSAVI,65536,38492,9482.0,47974.0,17562.0,bad,0.58734130859375,0.144683837890625,0.267974853515625
3866,11520_11776_7680_7936,MSAVI,65536,37838,13087.0,50925.0,14611.0,bad,0.577362060546875,0.1996917724609375,0.2229461669921875
3867,11520_11776_7936_8192,MSAVI,65536,35518,15536.0,51054.0,14482.0,bad,0.541961669921875,0.237060546875,0.220977783203125
3868,11520_11776_8192_8448,MSAVI,65536,39213,12776.0,51989.0,13547.0,bad,0.5983428955078125,0.1949462890625,0.2067108154296875
3869,11520_11776_8448_8704,MSAVI,65536,36704,14388.0,51092.0,14444.0,bad,0.56005859375,0.21954345703125,0.22039794921875
3870,11520_11776_8704_8960,MSAVI,65536,38232,11020.0,49252.0,16284.0,bad,0.5833740234375,0.16815185546875,0.24847412109375
3871,11520_11776_8960_9216,MSAVI,65536,37622,13444.0,51066.0,14470.0,bad,0.574066162109375,0.20513916015625,0.220794677734375
3872,11520_11776_9216_9472,MSAVI,65536,38988,12546.0,51534.0,14002.0,bad,0.59490966796875,0.191436767578125,0.213653564453125
3873,11776_12032_1024_1280,MSAVI,65536,39710,6350.0,46060.0,19476.0,bad,0.605926513671875,0.096893310546875,0.29718017578125
3874,11776_12032_1280_1536,MSAVI,65536,40832,3480.0,44312.0,21224.0,bad,0.623046875,0.0531005859375,0.3238525390625
3875,11776_12032_1536_1792,MSAVI,65536,36115,18442.0,54557.0,10979.0,bad,0.5510711669921875,0.281402587890625,0.1675262451171875
3876,11776_12032_1792_2048,MSAVI,65536,46200,9347.0,55547.0,9989.0,bad,0.7049560546875,0.1426239013671875,0.1524200439453125
3877,11776_12032_2048_2304,MSAVI,65536,51451,6916.0,58367.0,7169.0,bad,0.7850799560546875,0.10552978515625,0.1093902587890625
3878,11776_12032_2304_2560,MSAVI,65536,43219,16163.0,59382.0,6154.0,bad,0.6594696044921875,0.2466278076171875,0.093902587890625
3879,11776_12032_2560_2816,MSAVI,65536,48943,12813.0,61756.0,3780.0,bad,0.7468109130859375,0.1955108642578125,0.05767822265625
3880,11776_12032_2816_3072,MSAVI,65536,35572,26582.0,62154.0,3382.0,bad,0.54278564453125,0.405609130859375,0.051605224609375
3881,11776_12032_3072_3328,MSAVI,65536,35981,23382.0,59363.0,6173.0,bad,0.5490264892578125,0.356781005859375,0.0941925048828125
3882,11776_12032_3328_3584,MSAVI,65536,45377,15456.0,60833.0,4703.0,bad,0.6923980712890625,0.23583984375,0.0717620849609375
3883,11776_12032_3584_3840,MSAVI,65536,43100,11439.0,54539.0,10997.0,bad,0.65765380859375,0.1745452880859375,0.1678009033203125
3884,11776_12032_3840_4096,MSAVI,65536,38623,23664.0,62287.0,3249.0,bad,0.5893402099609375,0.361083984375,0.0495758056640625
3885,11776_12032_4096_4352,MSAVI,65536,40012,17784.0,57796.0,7740.0,bad,0.61053466796875,0.2713623046875,0.11810302734375
3886,11776_12032_4352_4608,MSAVI,65536,39099,8788.0,47887.0,17649.0,bad,0.5966033935546875,0.13409423828125,0.2693023681640625
3887,11776_12032_4608_4864,MSAVI,65536,33323,11748.0,45071.0,20465.0,bad,0.5084686279296875,0.17926025390625,0.3122711181640625
3888,11776_12032_4864_5120,MSAVI,65536,38557,14650.0,53207.0,12329.0,bad,0.5883331298828125,0.223541259765625,0.1881256103515625
3889,11776_12032_5120_5376,MSAVI,65536,39498,8617.0,48115.0,17421.0,bad,0.602691650390625,0.1314849853515625,0.2658233642578125
3890,11776_12032_5376_5632,MSAVI,65536,42755,8700.0,51455.0,14081.0,bad,0.6523895263671875,0.13275146484375,0.2148590087890625
3891,11776_12032_5632_5888,MSAVI,65536,54585,2966.0,57551.0,7985.0,bad,0.8329010009765625,0.045257568359375,0.1218414306640625
3892,11776_12032_5888_6144,MSAVI,65536,40747,7590.0,48337.0,17199.0,bad,0.6217498779296875,0.115814208984375,0.2624359130859375
3893,11776_12032_6144_6400,MSAVI,65536,34408,13301.0,47709.0,17827.0,bad,0.5250244140625,0.2029571533203125,0.2720184326171875
3894,11776_12032_6400_6656,MSAVI,65536,40393,9128.0,49521.0,16015.0,bad,0.6163482666015625,0.1392822265625,0.2443695068359375
3895,11776_12032_6656_6912,MSAVI,65536,33464,7539.0,41003.0,24533.0,bad,0.5106201171875,0.1150360107421875,0.3743438720703125
3896,11776_12032_6912_7168,MSAVI,65536,31967,9002.0,40969.0,24567.0,bad,0.4877777099609375,0.137359619140625,0.3748626708984375
3897,11776_12032_7168_7424,MSAVI,65536,37204,12648.0,49852.0,15684.0,bad,0.56768798828125,0.1929931640625,0.23931884765625
3898,11776_12032_7424_7680,MSAVI,65536,33944,10726.0,44670.0,20866.0,bad,0.5179443359375,0.163665771484375,0.318389892578125
3899,11776_12032_7680_7936,MSAVI,65536,45195,7290.0,52485.0,13051.0,bad,0.6896209716796875,0.111236572265625,0.1991424560546875
3900,11776_12032_7936_8192,MSAVI,65536,34722,10306.0,45028.0,20508.0,bad,0.529815673828125,0.157257080078125,0.31292724609375
3901,11776_12032_8192_8448,MSAVI,65536,33962,8966.0,42928.0,22608.0,bad,0.518218994140625,0.136810302734375,0.344970703125
3902,11776_12032_8448_8704,MSAVI,65536,34821,12423.0,47244.0,18292.0,bad,0.5313262939453125,0.1895599365234375,0.27911376953125
3903,11776_12032_8704_8960,MSAVI,65536,32301,13702.0,46003.0,19533.0,bad,0.4928741455078125,0.209075927734375,0.2980499267578125
3904,0_256_7680_7936,MSAVI,65416,33617,11973.0,45590.0,19826.0,worst,0.5138956830133301,0.18302861685214628,0.3030757001345237
3905,0_256_7936_8192,MSAVI,65536,35235,12528.0,47763.0,17773.0,worst,0.5376434326171875,0.191162109375,0.2711944580078125
3906,256_512_768_1024,MSAVI,65536,45510,16515.0,62025.0,3511.0,worst,0.694427490234375,0.2519989013671875,0.0535736083984375
3907,256_512_1024_1280,MSAVI,65536,37378,19788.0,57166.0,8370.0,worst,0.570343017578125,0.30194091796875,0.127716064453125
3908,256_512_1280_1536,MSAVI,65536,43869,11988.0,55857.0,9679.0,worst,0.6693878173828125,0.18292236328125,0.1476898193359375
3909,256_512_1536_1792,MSAVI,65536,40156,15434.0,55590.0,9946.0,worst,0.61273193359375,0.235504150390625,0.151763916015625
3910,256_512_1792_2048,MSAVI,65536,43371,15113.0,58484.0,7052.0,worst,0.6617889404296875,0.2306060791015625,0.10760498046875
3911,256_512_2048_2304,MSAVI,65536,38691,7805.0,46496.0,19040.0,worst,0.5903778076171875,0.1190948486328125,0.29052734375
3912,256_512_2304_2560,MSAVI,65536,42484,14055.0,56539.0,8997.0,worst,0.64825439453125,0.2144622802734375,0.1372833251953125
3913,256_512_2560_2816,MSAVI,65536,40775,18799.0,59574.0,5962.0,worst,0.6221771240234375,0.2868499755859375,0.090972900390625
3914,256_512_2816_3072,MSAVI,65536,46279,10507.0,56786.0,8750.0,worst,0.7061614990234375,0.1603240966796875,0.133514404296875
3915,256_512_3072_3328,MSAVI,65536,34661,9972.0,44633.0,20903.0,worst,0.5288848876953125,0.15216064453125,0.3189544677734375
3916,256_512_3328_3584,MSAVI,65536,39312,9917.0,49229.0,16307.0,worst,0.599853515625,0.1513214111328125,0.2488250732421875
3917,256_512_3584_3840,MSAVI,65536,38885,16454.0,55339.0,10197.0,worst,0.5933380126953125,0.251068115234375,0.1555938720703125
3918,256_512_3840_4096,MSAVI,65536,42693,16177.0,58870.0,6666.0,worst,0.6514434814453125,0.2468414306640625,0.101715087890625
3919,256_512_4096_4352,MSAVI,65536,57305,4759.0,62064.0,3472.0,worst,0.8744049072265625,0.0726165771484375,0.052978515625
3920,256_512_4352_4608,MSAVI,65536,56284,5570.0,61854.0,3682.0,worst,0.85882568359375,0.084991455078125,0.056182861328125
3921,256_512_4608_4864,MSAVI,65536,43206,14915.0,58121.0,7415.0,worst,0.659271240234375,0.2275848388671875,0.1131439208984375
3922,256_512_4864_5120,MSAVI,65536,42013,19184.0,61197.0,4339.0,worst,0.6410675048828125,0.292724609375,0.0662078857421875
3923,256_512_5120_5376,MSAVI,65536,52382,10048.0,62430.0,3106.0,worst,0.799285888671875,0.1533203125,0.047393798828125
3924,256_512_5376_5632,MSAVI,65536,38323,11767.0,50090.0,15446.0,worst,0.5847625732421875,0.1795501708984375,0.235687255859375
3925,256_512_5632_5888,MSAVI,65536,43903,11529.0,55432.0,10104.0,worst,0.6699066162109375,0.1759185791015625,0.1541748046875
3926,256_512_5888_6144,MSAVI,65536,38909,9862.0,48771.0,16765.0,worst,0.5937042236328125,0.150482177734375,0.2558135986328125
3927,256_512_6144_6400,MSAVI,65536,34414,9202.0,43616.0,21920.0,worst,0.525115966796875,0.140411376953125,0.33447265625
3928,256_512_6400_6656,MSAVI,65536,29416,8328.0,37744.0,27792.0,worst,0.4488525390625,0.1270751953125,0.424072265625
3929,256_512_6656_6912,MSAVI,65536,34459,15031.0,49490.0,16046.0,worst,0.5258026123046875,0.2293548583984375,0.244842529296875
3930,256_512_6912_7168,MSAVI,65536,34189,11477.0,45666.0,19870.0,worst,0.5216827392578125,0.1751251220703125,0.303192138671875
3931,256_512_7168_7424,MSAVI,65536,38197,15788.0,53985.0,11551.0,worst,0.5828399658203125,0.24090576171875,0.1762542724609375
3932,256_512_7424_7680,MSAVI,65536,39278,12934.0,52212.0,13324.0,worst,0.599334716796875,0.197357177734375,0.20330810546875
3933,256_512_7680_7936,MSAVI,65536,35994,19147.0,55141.0,10395.0,worst,0.549224853515625,0.2921600341796875,0.1586151123046875
3934,256_512_7936_8192,MSAVI,65536,33825,20000.0,53825.0,11711.0,worst,0.5161285400390625,0.30517578125,0.1786956787109375
3935,256_512_8192_8448,MSAVI,65536,34799,19782.0,54581.0,10955.0,worst,0.5309906005859375,0.301849365234375,0.1671600341796875
3936,256_512_8448_8704,MSAVI,65536,32466,22087.0,54553.0,10983.0,worst,0.495391845703125,0.3370208740234375,0.1675872802734375
3937,256_512_8704_8960,MSAVI,65536,38731,16764.0,55495.0,10041.0,worst,0.5909881591796875,0.25579833984375,0.1532135009765625
3938,256_512_8960_9216,MSAVI,65536,32768,11725.0,44493.0,21043.0,worst,0.5,0.1789093017578125,0.3210906982421875
3939,512_768_256_512,MSAVI,65536,45140,19564.0,64704.0,832.0,worst,0.68878173828125,0.29852294921875,0.0126953125
3940,512_768_512_768,MSAVI,65536,42253,23352.0,65605.0,-69.0,worst,0.6447296142578125,0.3563232421875,-0.0010528564453125
3941,512_768_768_1024,MSAVI,65536,47200,13970.0,61170.0,4366.0,worst,0.72021484375,0.213165283203125,0.066619873046875
3942,512_768_1024_1280,MSAVI,65536,40830,16742.0,57572.0,7964.0,worst,0.623016357421875,0.255462646484375,0.12152099609375
3943,512_768_1280_1536,MSAVI,65536,42560,19279.0,61839.0,3697.0,worst,0.6494140625,0.2941741943359375,0.0564117431640625
3944,512_768_1536_1792,MSAVI,65536,43069,17862.0,60931.0,4605.0,worst,0.6571807861328125,0.272552490234375,0.0702667236328125
3945,512_768_1792_2048,MSAVI,65536,40293,14039.0,54332.0,11204.0,worst,0.6148223876953125,0.2142181396484375,0.17095947265625
3946,512_768_2048_2304,MSAVI,65536,41137,8865.0,50002.0,15534.0,worst,0.6277008056640625,0.1352691650390625,0.237030029296875
3947,512_768_2304_2560,MSAVI,65536,45676,9638.0,55314.0,10222.0,worst,0.69696044921875,0.147064208984375,0.155975341796875
3948,512_768_2560_2816,MSAVI,65536,46587,13002.0,59589.0,5947.0,worst,0.7108612060546875,0.198394775390625,0.0907440185546875
3949,512_768_2816_3072,MSAVI,65536,37177,13282.0,50459.0,15077.0,worst,0.5672760009765625,0.202667236328125,0.2300567626953125
3950,512_768_3072_3328,MSAVI,65536,33589,14602.0,48191.0,17345.0,worst,0.5125274658203125,0.222808837890625,0.2646636962890625
3951,512_768_3328_3584,MSAVI,65536,40011,14170.0,54181.0,11355.0,worst,0.6105194091796875,0.216217041015625,0.1732635498046875
3952,512_768_3584_3840,MSAVI,65536,49292,10329.0,59621.0,5915.0,worst,0.75213623046875,0.1576080322265625,0.0902557373046875
3953,512_768_3840_4096,MSAVI,65536,38528,17121.0,55649.0,9887.0,worst,0.587890625,0.2612457275390625,0.1508636474609375
3954,512_768_4096_4352,MSAVI,65536,39665,14912.0,54577.0,10959.0,worst,0.6052398681640625,0.2275390625,0.1672210693359375
3955,512_768_4352_4608,MSAVI,65536,48095,12378.0,60473.0,5063.0,worst,0.7338714599609375,0.188873291015625,0.0772552490234375
3956,512_768_4608_4864,MSAVI,65536,47154,9342.0,56496.0,9040.0,worst,0.719512939453125,0.142547607421875,0.137939453125
3957,512_768_4864_5120,MSAVI,65536,40197,9967.0,50164.0,15372.0,worst,0.6133575439453125,0.1520843505859375,0.23455810546875
3958,512_768_5120_5376,MSAVI,65536,41603,13883.0,55486.0,10050.0,worst,0.6348114013671875,0.2118377685546875,0.153350830078125
3959,512_768_5376_5632,MSAVI,65536,39973,18832.0,58805.0,6731.0,worst,0.6099395751953125,0.287353515625,0.1027069091796875
3960,512_768_5632_5888,MSAVI,65536,42933,10718.0,53651.0,11885.0,worst,0.6551055908203125,0.163543701171875,0.1813507080078125
3961,512_768_5888_6144,MSAVI,65536,38076,11781.0,49857.0,15679.0,worst,0.58099365234375,0.1797637939453125,0.2392425537109375
3962,512_768_6144_6400,MSAVI,65536,38115,14751.0,52866.0,12670.0,worst,0.5815887451171875,0.2250823974609375,0.193328857421875
3963,512_768_6400_6656,MSAVI,65536,30231,9698.0,39929.0,25607.0,worst,0.4612884521484375,0.147979736328125,0.3907318115234375
3964,512_768_6656_6912,MSAVI,65536,28104,1524.0,29628.0,35908.0,worst,0.4288330078125,0.02325439453125,0.54791259765625
3965,512_768_6912_7168,MSAVI,65536,36109,12785.0,48894.0,16642.0,worst,0.5509796142578125,0.1950836181640625,0.253936767578125
3966,512_768_7168_7424,MSAVI,65536,33697,12853.0,46550.0,18986.0,worst,0.5141754150390625,0.1961212158203125,0.289703369140625
3967,512_768_7424_7680,MSAVI,65536,39908,15352.0,55260.0,10276.0,worst,0.60894775390625,0.2342529296875,0.15679931640625
3968,512_768_7680_7936,MSAVI,65536,38203,15127.0,53330.0,12206.0,worst,0.5829315185546875,0.2308197021484375,0.186248779296875
3969,512_768_7936_8192,MSAVI,65536,41071,14278.0,55349.0,10187.0,worst,0.6266937255859375,0.217864990234375,0.1554412841796875
3970,512_768_8192_8448,MSAVI,65536,35392,13674.0,49066.0,16470.0,worst,0.5400390625,0.208648681640625,0.251312255859375
3971,512_768_8448_8704,MSAVI,65536,29736,16458.0,46194.0,19342.0,worst,0.4537353515625,0.251129150390625,0.295135498046875
3972,512_768_8704_8960,MSAVI,65536,36580,16526.0,53106.0,12430.0,worst,0.55816650390625,0.252166748046875,0.189666748046875
3973,512_768_8960_9216,MSAVI,65536,31751,9635.0,41386.0,24150.0,worst,0.4844818115234375,0.1470184326171875,0.368499755859375
3974,768_1024_0_256,MSAVI,65536,59662,1605.0,61267.0,4269.0,worst,0.910369873046875,0.0244903564453125,0.0651397705078125
3975,768_1024_256_512,MSAVI,65536,49224,14534.0,63758.0,1778.0,worst,0.7510986328125,0.221771240234375,0.027130126953125
3976,768_1024_512_768,MSAVI,65536,56057,8117.0,64174.0,1362.0,worst,0.8553619384765625,0.1238555908203125,0.020782470703125
3977,768_1024_768_1024,MSAVI,65536,49130,13230.0,62360.0,3176.0,worst,0.749664306640625,0.201873779296875,0.0484619140625
3978,768_1024_1024_1280,MSAVI,65536,55371,5557.0,60928.0,4608.0,worst,0.8448944091796875,0.0847930908203125,0.0703125
3979,768_1024_1280_1536,MSAVI,65536,54070,5451.0,59521.0,6015.0,worst,0.825042724609375,0.0831756591796875,0.0917816162109375
3980,768_1024_1536_1792,MSAVI,65536,44909,17437.0,62346.0,3190.0,worst,0.6852569580078125,0.2660675048828125,0.048675537109375
3981,768_1024_1792_2048,MSAVI,65536,40984,18028.0,59012.0,6524.0,worst,0.6253662109375,0.27508544921875,0.09954833984375
3982,768_1024_2048_2304,MSAVI,65536,42463,6972.0,49435.0,16101.0,worst,0.6479339599609375,0.10638427734375,0.2456817626953125
3983,768_1024_2304_2560,MSAVI,65536,45890,15401.0,61291.0,4245.0,worst,0.700225830078125,0.2350006103515625,0.0647735595703125
3984,768_1024_2560_2816,MSAVI,65536,43803,15634.0,59437.0,6099.0,worst,0.6683807373046875,0.238555908203125,0.0930633544921875
3985,768_1024_2816_3072,MSAVI,65536,40169,12999.0,53168.0,12368.0,worst,0.6129302978515625,0.1983489990234375,0.188720703125
3986,768_1024_3072_3328,MSAVI,65536,37258,11125.0,48383.0,17153.0,worst,0.568511962890625,0.1697540283203125,0.2617340087890625
3987,768_1024_3328_3584,MSAVI,65536,40801,9820.0,50621.0,14915.0,worst,0.6225738525390625,0.14984130859375,0.2275848388671875
3988,768_1024_3584_3840,MSAVI,65536,44209,7328.0,51537.0,13999.0,worst,0.6745758056640625,0.11181640625,0.2136077880859375
3989,768_1024_3840_4096,MSAVI,65536,44143,6382.0,50525.0,15011.0,worst,0.6735687255859375,0.097381591796875,0.2290496826171875
3990,768_1024_4096_4352,MSAVI,65536,38601,11392.0,49993.0,15543.0,worst,0.5890045166015625,0.173828125,0.2371673583984375
3991,768_1024_4352_4608,MSAVI,65536,35710,11634.0,47344.0,18192.0,worst,0.544891357421875,0.177520751953125,0.277587890625
3992,768_1024_4608_4864,MSAVI,65536,43850,10579.0,54429.0,11107.0,worst,0.669097900390625,0.1614227294921875,0.1694793701171875
3993,768_1024_4864_5120,MSAVI,65536,44686,8178.0,52864.0,12672.0,worst,0.681854248046875,0.124786376953125,0.193359375
3994,768_1024_5120_5376,MSAVI,65536,48385,12665.0,61050.0,4486.0,worst,0.7382965087890625,0.1932525634765625,0.068450927734375
3995,768_1024_5376_5632,MSAVI,65536,42200,11612.0,53812.0,11724.0,worst,0.6439208984375,0.17718505859375,0.17889404296875
3996,768_1024_5632_5888,MSAVI,65536,39706,12294.0,52000.0,13536.0,worst,0.605865478515625,0.187591552734375,0.20654296875
3997,768_1024_5888_6144,MSAVI,65536,38737,13132.0,51869.0,13667.0,worst,0.5910797119140625,0.20037841796875,0.2085418701171875
3998,768_1024_6144_6400,MSAVI,65536,35874,13623.0,49497.0,16039.0,worst,0.547393798828125,0.2078704833984375,0.2447357177734375
3999,768_1024_6400_6656,MSAVI,65536,28847,4872.0,33719.0,31817.0,worst,0.4401702880859375,0.0743408203125,0.4854888916015625
4000,768_1024_6656_6912,MSAVI,65536,35710,21001.0,56711.0,8825.0,worst,0.544891357421875,0.3204498291015625,0.1346588134765625
4001,768_1024_6912_7168,MSAVI,65536,32227,14446.0,46673.0,18863.0,worst,0.4917449951171875,0.220428466796875,0.2878265380859375
4002,768_1024_7168_7424,MSAVI,65536,32305,19948.0,52253.0,13283.0,worst,0.4929351806640625,0.30438232421875,0.2026824951171875
4003,768_1024_7424_7680,MSAVI,65536,32885,14183.0,47068.0,18468.0,worst,0.5017852783203125,0.2164154052734375,0.28179931640625
4004,768_1024_7680_7936,MSAVI,65536,32171,25380.0,57551.0,7985.0,worst,0.4908905029296875,0.38726806640625,0.1218414306640625
4005,768_1024_7936_8192,MSAVI,65536,36056,17651.0,53707.0,11829.0,worst,0.5501708984375,0.2693328857421875,0.1804962158203125
4006,768_1024_8192_8448,MSAVI,65536,32603,16112.0,48715.0,16821.0,worst,0.4974822998046875,0.245849609375,0.2566680908203125
4007,768_1024_8448_8704,MSAVI,65536,25723,646.0,26369.0,39167.0,worst,0.3925018310546875,0.009857177734375,0.5976409912109375
4008,768_1024_8704_8960,MSAVI,65536,34927,15115.0,50042.0,15494.0,worst,0.5329437255859375,0.2306365966796875,0.236419677734375
4009,768_1024_8960_9216,MSAVI,65536,31393,25033.0,56426.0,9110.0,worst,0.4790191650390625,0.3819732666015625,0.139007568359375
4010,1024_1280_0_256,MSAVI,65536,58469,382.0,58851.0,6685.0,worst,0.8921661376953125,0.005828857421875,0.1020050048828125
4011,1024_1280_256_512,MSAVI,65536,58178,6247.0,64425.0,1111.0,worst,0.887725830078125,0.0953216552734375,0.0169525146484375
4012,1024_1280_512_768,MSAVI,65536,42857,18452.0,61309.0,4227.0,worst,0.6539459228515625,0.28155517578125,0.0644989013671875
4013,1024_1280_768_1024,MSAVI,65536,50017,9174.0,59191.0,6345.0,worst,0.7631988525390625,0.139984130859375,0.0968170166015625
4014,1024_1280_1024_1280,MSAVI,65536,50139,8830.0,58969.0,6567.0,worst,0.7650604248046875,0.134735107421875,0.1002044677734375
4015,1024_1280_1280_1536,MSAVI,65536,39551,4491.0,44042.0,21494.0,worst,0.6035003662109375,0.0685272216796875,0.327972412109375
4016,1024_1280_1536_1792,MSAVI,65536,57172,1372.0,58544.0,6992.0,worst,0.87237548828125,0.02093505859375,0.106689453125
4017,1024_1280_1792_2048,MSAVI,65536,50853,7806.0,58659.0,6877.0,worst,0.7759552001953125,0.119110107421875,0.1049346923828125
4018,1024_1280_2048_2304,MSAVI,65536,41519,7761.0,49280.0,16256.0,worst,0.6335296630859375,0.1184234619140625,0.248046875
4019,1024_1280_2304_2560,MSAVI,65536,43680,10534.0,54214.0,11322.0,worst,0.66650390625,0.160736083984375,0.172760009765625
4020,1024_1280_2560_2816,MSAVI,65536,46368,10489.0,56857.0,8679.0,worst,0.70751953125,0.1600494384765625,0.1324310302734375
4021,1024_1280_2816_3072,MSAVI,65536,42681,13084.0,55765.0,9771.0,worst,0.6512603759765625,0.19964599609375,0.1490936279296875
4022,1024_1280_3072_3328,MSAVI,65536,39383,12253.0,51636.0,13900.0,worst,0.6009368896484375,0.1869659423828125,0.21209716796875
4023,1024_1280_3328_3584,MSAVI,65536,49886,11559.0,61445.0,4091.0,worst,0.761199951171875,0.1763763427734375,0.0624237060546875
4024,1024_1280_3584_3840,MSAVI,65536,41767,7767.0,49534.0,16002.0,worst,0.6373138427734375,0.1185150146484375,0.244171142578125
4025,1024_1280_3840_4096,MSAVI,65536,38874,7630.0,46504.0,19032.0,worst,0.593170166015625,0.116424560546875,0.2904052734375
4026,1024_1280_4096_4352,MSAVI,65536,39834,13556.0,53390.0,12146.0,worst,0.607818603515625,0.20684814453125,0.185333251953125
4027,1024_1280_4352_4608,MSAVI,65536,39211,13121.0,52332.0,13204.0,worst,0.5983123779296875,0.2002105712890625,0.20147705078125
4028,1024_1280_4608_4864,MSAVI,65536,39603,14825.0,54428.0,11108.0,worst,0.6042938232421875,0.2262115478515625,0.16949462890625
4029,1024_1280_4864_5120,MSAVI,65536,40818,14187.0,55005.0,10531.0,worst,0.622833251953125,0.2164764404296875,0.1606903076171875
4030,1024_1280_5120_5376,MSAVI,65536,44299,12144.0,56443.0,9093.0,worst,0.6759490966796875,0.185302734375,0.1387481689453125
4031,1024_1280_5376_5632,MSAVI,65536,41747,14000.0,55747.0,9789.0,worst,0.6370086669921875,0.213623046875,0.1493682861328125
4032,1024_1280_5632_5888,MSAVI,65536,39344,13365.0,52709.0,12827.0,worst,0.600341796875,0.2039337158203125,0.1957244873046875
4033,1024_1280_5888_6144,MSAVI,65536,50983,9426.0,60409.0,5127.0,worst,0.7779388427734375,0.143829345703125,0.0782318115234375
4034,1024_1280_6144_6400,MSAVI,65536,32963,10507.0,43470.0,22066.0,worst,0.5029754638671875,0.1603240966796875,0.336700439453125
4035,1024_1280_6400_6656,MSAVI,65536,23164,953.0,24117.0,41419.0,worst,0.35345458984375,0.0145416259765625,0.6320037841796875
4036,1024_1280_6656_6912,MSAVI,65536,38758,12778.0,51536.0,14000.0,worst,0.591400146484375,0.194976806640625,0.213623046875
4037,1024_1280_6912_7168,MSAVI,65536,35814,16995.0,52809.0,12727.0,worst,0.546478271484375,0.2593231201171875,0.1941986083984375
4038,1024_1280_7168_7424,MSAVI,65536,34253,10686.0,44939.0,20597.0,worst,0.5226593017578125,0.163055419921875,0.3142852783203125
4039,1024_1280_7424_7680,MSAVI,65536,19614,0.0,19614.0,45922.0,worst,0.299285888671875,0.0,0.700714111328125
4040,1024_1280_7680_7936,MSAVI,65536,33979,23452.0,57431.0,8105.0,worst,0.5184783935546875,0.35784912109375,0.1236724853515625
4041,1024_1280_7936_8192,MSAVI,65536,34142,16382.0,50524.0,15012.0,worst,0.520965576171875,0.249969482421875,0.22906494140625
4042,1024_1280_8192_8448,MSAVI,65536,36341,16638.0,52979.0,12557.0,worst,0.5545196533203125,0.253875732421875,0.1916046142578125
4043,1024_1280_8448_8704,MSAVI,65536,31211,22298.0,53509.0,12027.0,worst,0.4762420654296875,0.340240478515625,0.1835174560546875
4044,1024_1280_8704_8960,MSAVI,65536,35277,18247.0,53524.0,12012.0,worst,0.5382843017578125,0.2784271240234375,0.18328857421875
4045,1024_1280_8960_9216,MSAVI,65536,31481,12288.0,43769.0,21767.0,worst,0.4803619384765625,0.1875,0.3321380615234375
4046,1280_1536_0_256,MSAVI,65536,59780,3282.0,63062.0,2474.0,worst,0.91217041015625,0.050079345703125,0.037750244140625
4047,1280_1536_256_512,MSAVI,65536,40772,21807.0,62579.0,2957.0,worst,0.62213134765625,0.3327484130859375,0.0451202392578125
4048,1280_1536_512_768,MSAVI,65536,52107,9361.0,61468.0,4068.0,worst,0.7950897216796875,0.1428375244140625,0.06207275390625
4049,1280_1536_768_1024,MSAVI,65536,57993,770.0,58763.0,6773.0,worst,0.8849029541015625,0.011749267578125,0.1033477783203125
4050,1280_1536_1024_1280,MSAVI,65536,47795,2501.0,50296.0,15240.0,worst,0.7292938232421875,0.0381622314453125,0.2325439453125
4051,1280_1536_1280_1536,MSAVI,65536,50565,1366.0,51931.0,13605.0,worst,0.7715606689453125,0.020843505859375,0.2075958251953125
4052,1280_1536_1536_1792,MSAVI,65536,47172,4288.0,51460.0,14076.0,worst,0.71978759765625,0.0654296875,0.21478271484375
4053,1280_1536_1792_2048,MSAVI,65536,53187,9542.0,62729.0,2807.0,worst,0.8115692138671875,0.145599365234375,0.0428314208984375
4054,1280_1536_2048_2304,MSAVI,65536,40502,18275.0,58777.0,6759.0,worst,0.618011474609375,0.2788543701171875,0.1031341552734375
4055,1280_1536_2304_2560,MSAVI,65536,45095,14087.0,59182.0,6354.0,worst,0.6880950927734375,0.2149505615234375,0.096954345703125
4056,1280_1536_2560_2816,MSAVI,65536,52274,9185.0,61459.0,4077.0,worst,0.797637939453125,0.1401519775390625,0.0622100830078125
4057,1280_1536_2816_3072,MSAVI,65536,39163,14029.0,53192.0,12344.0,worst,0.5975799560546875,0.2140655517578125,0.1883544921875
4058,1280_1536_3072_3328,MSAVI,65536,41945,9601.0,51546.0,13990.0,worst,0.6400299072265625,0.1464996337890625,0.213470458984375
4059,1280_1536_3328_3584,MSAVI,65536,41440,10231.0,51671.0,13865.0,worst,0.63232421875,0.1561126708984375,0.2115631103515625
4060,1280_1536_3584_3840,MSAVI,65536,34089,16519.0,50608.0,14928.0,worst,0.5201568603515625,0.2520599365234375,0.227783203125
4061,1280_1536_3840_4096,MSAVI,65536,34817,9884.0,44701.0,20835.0,worst,0.5312652587890625,0.15081787109375,0.3179168701171875
4062,1280_1536_4096_4352,MSAVI,65536,42456,11198.0,53654.0,11882.0,worst,0.6478271484375,0.170867919921875,0.181304931640625
4063,1280_1536_4352_4608,MSAVI,65536,36041,12140.0,48181.0,17355.0,worst,0.5499420166015625,0.18524169921875,0.2648162841796875
4064,1280_1536_4608_4864,MSAVI,65536,38669,6083.0,44752.0,20784.0,worst,0.5900421142578125,0.0928192138671875,0.317138671875
4065,1280_1536_4864_5120,MSAVI,65536,37217,9509.0,46726.0,18810.0,worst,0.5678863525390625,0.1450958251953125,0.287017822265625
4066,1280_1536_5120_5376,MSAVI,65536,37500,8462.0,45962.0,19574.0,worst,0.57220458984375,0.129119873046875,0.298675537109375
4067,1280_1536_5376_5632,MSAVI,65536,41761,11045.0,52806.0,12730.0,worst,0.6372222900390625,0.1685333251953125,0.194244384765625
4068,1280_1536_5632_5888,MSAVI,65536,35347,12836.0,48183.0,17353.0,worst,0.5393524169921875,0.19586181640625,0.2647857666015625
4069,1280_1536_5888_6144,MSAVI,65536,41058,10758.0,51816.0,13720.0,worst,0.626495361328125,0.164154052734375,0.2093505859375
4070,1280_1536_6144_6400,MSAVI,65536,35682,15443.0,51125.0,14411.0,worst,0.544464111328125,0.2356414794921875,0.2198944091796875
4071,1280_1536_6400_6656,MSAVI,65536,32462,14985.0,47447.0,18089.0,worst,0.495330810546875,0.2286529541015625,0.2760162353515625
4072,1280_1536_6656_6912,MSAVI,65536,35002,14815.0,49817.0,15719.0,worst,0.534088134765625,0.2260589599609375,0.2398529052734375
4073,1280_1536_6912_7168,MSAVI,65536,38684,15850.0,54534.0,11002.0,worst,0.59027099609375,0.241851806640625,0.167877197265625
4074,1280_1536_7168_7424,MSAVI,65536,33498,22373.0,55871.0,9665.0,worst,0.511138916015625,0.3413848876953125,0.1474761962890625
4075,1280_1536_7424_7680,MSAVI,65536,35589,15305.0,50894.0,14642.0,worst,0.5430450439453125,0.2335357666015625,0.223419189453125
4076,1280_1536_7680_7936,MSAVI,65536,37531,16438.0,53969.0,11567.0,worst,0.5726776123046875,0.250823974609375,0.1764984130859375
4077,1280_1536_7936_8192,MSAVI,65536,36297,15154.0,51451.0,14085.0,worst,0.5538482666015625,0.231231689453125,0.2149200439453125
4078,1280_1536_8192_8448,MSAVI,65536,35432,23503.0,58935.0,6601.0,worst,0.5406494140625,0.3586273193359375,0.1007232666015625
4079,1280_1536_8448_8704,MSAVI,65536,35041,20286.0,55327.0,10209.0,worst,0.5346832275390625,0.309539794921875,0.1557769775390625
4080,1280_1536_8704_8960,MSAVI,65536,36808,16719.0,53527.0,12009.0,worst,0.5616455078125,0.2551116943359375,0.1832427978515625
4081,1280_1536_8960_9216,MSAVI,65536,30869,24753.0,55622.0,9914.0,worst,0.4710235595703125,0.3777008056640625,0.151275634765625
4082,1536_1792_0_256,MSAVI,65536,42161,20674.0,62835.0,2701.0,worst,0.6433258056640625,0.315460205078125,0.0412139892578125
4083,1536_1792_256_512,MSAVI,65536,44138,20224.0,64362.0,1174.0,worst,0.673492431640625,0.30859375,0.017913818359375
4084,1536_1792_512_768,MSAVI,65536,42192,20226.0,62418.0,3118.0,worst,0.643798828125,0.308624267578125,0.047576904296875
4085,1536_1792_768_1024,MSAVI,65536,51170,10946.0,62116.0,3420.0,worst,0.780792236328125,0.167022705078125,0.05218505859375
4086,1536_1792_1024_1280,MSAVI,65536,50335,1618.0,51953.0,13583.0,worst,0.7680511474609375,0.024688720703125,0.2072601318359375
4087,1536_1792_1280_1536,MSAVI,65536,47455,2776.0,50231.0,15305.0,worst,0.7241058349609375,0.0423583984375,0.2335357666015625
4088,1536_1792_1536_1792,MSAVI,65536,49685,4514.0,54199.0,11337.0,worst,0.7581329345703125,0.068878173828125,0.1729888916015625
4089,1536_1792_1792_2048,MSAVI,65536,52975,4867.0,57842.0,7694.0,worst,0.8083343505859375,0.0742645263671875,0.117401123046875
4090,1536_1792_2048_2304,MSAVI,65536,47489,12186.0,59675.0,5861.0,worst,0.7246246337890625,0.185943603515625,0.0894317626953125
4091,1536_1792_2304_2560,MSAVI,65536,43922,8594.0,52516.0,13020.0,worst,0.670196533203125,0.131134033203125,0.19866943359375
4092,1536_1792_2560_2816,MSAVI,65536,44398,13546.0,57944.0,7592.0,worst,0.677459716796875,0.206695556640625,0.1158447265625
4093,1536_1792_2816_3072,MSAVI,65536,41514,14377.0,55891.0,9645.0,worst,0.633453369140625,0.2193756103515625,0.1471710205078125
4094,1536_1792_3072_3328,MSAVI,65536,37954,13722.0,51676.0,13860.0,worst,0.579132080078125,0.209381103515625,0.21148681640625
4095,1536_1792_3328_3584,MSAVI,65536,32479,14209.0,46688.0,18848.0,worst,0.4955902099609375,0.2168121337890625,0.28759765625
4096,1536_1792_3584_3840,MSAVI,65536,35323,17668.0,52991.0,12545.0,worst,0.5389862060546875,0.26959228515625,0.1914215087890625
4097,1536_1792_3840_4096,MSAVI,65536,34898,13787.0,48685.0,16851.0,worst,0.532501220703125,0.2103729248046875,0.2571258544921875
4098,1536_1792_4096_4352,MSAVI,65536,33295,10405.0,43700.0,21836.0,worst,0.5080413818359375,0.1587677001953125,0.33319091796875
4099,1536_1792_4352_4608,MSAVI,65536,36764,9172.0,45936.0,19600.0,worst,0.56097412109375,0.13995361328125,0.299072265625
4100,1536_1792_4608_4864,MSAVI,65536,37139,7905.0,45044.0,20492.0,worst,0.5666961669921875,0.1206207275390625,0.31268310546875
4101,1536_1792_4864_5120,MSAVI,65536,36853,8609.0,45462.0,20074.0,worst,0.5623321533203125,0.1313629150390625,0.306304931640625
4102,1536_1792_5120_5376,MSAVI,65536,36557,6110.0,42667.0,22869.0,worst,0.5578155517578125,0.093231201171875,0.3489532470703125
4103,1536_1792_5376_5632,MSAVI,65536,39387,10279.0,49666.0,15870.0,worst,0.6009979248046875,0.1568450927734375,0.242156982421875
4104,1536_1792_5632_5888,MSAVI,65536,34369,13067.0,47436.0,18100.0,worst,0.5244293212890625,0.1993865966796875,0.27618408203125
4105,1536_1792_5888_6144,MSAVI,65536,34681,12563.0,47244.0,18292.0,worst,0.5291900634765625,0.1916961669921875,0.27911376953125
4106,1536_1792_6144_6400,MSAVI,65536,34823,12928.0,47751.0,17785.0,worst,0.5313568115234375,0.197265625,0.2713775634765625
4107,1536_1792_6400_6656,MSAVI,65536,32486,16772.0,49258.0,16278.0,worst,0.495697021484375,0.25592041015625,0.248382568359375
4108,1536_1792_6656_6912,MSAVI,65536,34861,11219.0,46080.0,19456.0,worst,0.5319366455078125,0.1711883544921875,0.296875
4109,1536_1792_6912_7168,MSAVI,65536,32224,12601.0,44825.0,20711.0,worst,0.49169921875,0.1922760009765625,0.3160247802734375
4110,1536_1792_7168_7424,MSAVI,65536,30639,21131.0,51770.0,13766.0,worst,0.4675140380859375,0.3224334716796875,0.210052490234375
4111,1536_1792_7424_7680,MSAVI,65536,32731,17561.0,50292.0,15244.0,worst,0.4994354248046875,0.2679595947265625,0.23260498046875
4112,1536_1792_7680_7936,MSAVI,65536,34072,16443.0,50515.0,15021.0,worst,0.5198974609375,0.2509002685546875,0.2292022705078125
4113,1536_1792_7936_8192,MSAVI,65536,33883,13062.0,46945.0,18591.0,worst,0.5170135498046875,0.199310302734375,0.2836761474609375
4114,1536_1792_8192_8448,MSAVI,65536,34495,14274.0,48769.0,16767.0,worst,0.5263519287109375,0.217803955078125,0.2558441162109375
4115,1536_1792_8448_8704,MSAVI,65536,42491,11531.0,54022.0,11514.0,worst,0.6483612060546875,0.1759490966796875,0.175689697265625
4116,1536_1792_8704_8960,MSAVI,65536,33285,20745.0,54030.0,11506.0,worst,0.5078887939453125,0.3165435791015625,0.175567626953125
4117,1536_1792_8960_9216,MSAVI,65536,40347,15569.0,55916.0,9620.0,worst,0.6156463623046875,0.2375640869140625,0.14678955078125
4118,1792_2048_0_256,MSAVI,65536,60791,3000.0,63791.0,1745.0,worst,0.9275970458984375,0.0457763671875,0.0266265869140625
4119,1792_2048_256_512,MSAVI,65536,53150,10901.0,64051.0,1485.0,worst,0.811004638671875,0.1663360595703125,0.0226593017578125
4120,1792_2048_512_768,MSAVI,65536,53456,9897.0,63353.0,2183.0,worst,0.815673828125,0.1510162353515625,0.0333099365234375
4121,1792_2048_768_1024,MSAVI,65536,57897,3796.0,61693.0,3843.0,worst,0.8834381103515625,0.05792236328125,0.0586395263671875
4122,1792_2048_1024_1280,MSAVI,65536,48778,10178.0,58956.0,6580.0,worst,0.744293212890625,0.155303955078125,0.10040283203125
4123,1792_2048_1280_1536,MSAVI,65536,51881,671.0,52552.0,12984.0,worst,0.7916412353515625,0.0102386474609375,0.1981201171875
4124,1792_2048_1536_1792,MSAVI,65536,57314,2813.0,60127.0,5409.0,worst,0.874542236328125,0.0429229736328125,0.0825347900390625
4125,1792_2048_1792_2048,MSAVI,65536,42625,19251.0,61876.0,3660.0,worst,0.6504058837890625,0.2937469482421875,0.05584716796875
4126,1792_2048_2048_2304,MSAVI,65536,48650,6155.0,54805.0,10731.0,worst,0.742340087890625,0.0939178466796875,0.1637420654296875
4127,1792_2048_2304_2560,MSAVI,65536,47032,12109.0,59141.0,6395.0,worst,0.7176513671875,0.1847686767578125,0.0975799560546875
4128,1792_2048_2560_2816,MSAVI,65536,43587,16687.0,60274.0,5262.0,worst,0.6650848388671875,0.2546234130859375,0.080291748046875
4129,1792_2048_2816_3072,MSAVI,65536,42336,9874.0,52210.0,13326.0,worst,0.64599609375,0.150665283203125,0.203338623046875
4130,1792_2048_3072_3328,MSAVI,65536,48561,13108.0,61669.0,3867.0,worst,0.7409820556640625,0.20001220703125,0.0590057373046875
4131,1792_2048_3328_3584,MSAVI,65536,35555,11690.0,47245.0,18291.0,worst,0.5425262451171875,0.178375244140625,0.2790985107421875
4132,1792_2048_3584_3840,MSAVI,65536,32461,16771.0,49232.0,16304.0,worst,0.4953155517578125,0.2559051513671875,0.248779296875
4133,1792_2048_3840_4096,MSAVI,65536,33328,9487.0,42815.0,22721.0,worst,0.508544921875,0.1447601318359375,0.3466949462890625
4134,1792_2048_4096_4352,MSAVI,65536,33447,15463.0,48910.0,16626.0,worst,0.5103607177734375,0.2359466552734375,0.253692626953125
4135,1792_2048_4352_4608,MSAVI,65536,36670,9704.0,46374.0,19162.0,worst,0.559539794921875,0.1480712890625,0.292388916015625
4136,1792_2048_4608_4864,MSAVI,65536,38018,9684.0,47702.0,17834.0,worst,0.580108642578125,0.14776611328125,0.272125244140625
4137,1792_2048_4864_5120,MSAVI,65536,35222,7990.0,43212.0,22324.0,worst,0.537445068359375,0.121917724609375,0.34063720703125
4138,1792_2048_5120_5376,MSAVI,65536,34777,9358.0,44135.0,21401.0,worst,0.5306549072265625,0.142791748046875,0.3265533447265625
4139,1792_2048_5376_5632,MSAVI,65536,35230,10506.0,45736.0,19800.0,worst,0.537567138671875,0.160308837890625,0.3021240234375
4140,1792_2048_5632_5888,MSAVI,65536,35434,16475.0,51909.0,13627.0,worst,0.540679931640625,0.2513885498046875,0.2079315185546875
4141,1792_2048_5888_6144,MSAVI,65536,35061,18176.0,53237.0,12299.0,worst,0.5349884033203125,0.27734375,0.1876678466796875
4142,1792_2048_6144_6400,MSAVI,65536,39078,16289.0,55367.0,10169.0,worst,0.596282958984375,0.2485504150390625,0.1551666259765625
4143,1792_2048_6400_6656,MSAVI,65536,36070,10014.0,46084.0,19452.0,worst,0.550384521484375,0.152801513671875,0.29681396484375
4144,1792_2048_6656_6912,MSAVI,65536,35380,14951.0,50331.0,15205.0,worst,0.53985595703125,0.2281341552734375,0.2320098876953125
4145,1792_2048_6912_7168,MSAVI,65536,35301,10957.0,46258.0,19278.0,worst,0.5386505126953125,0.1671905517578125,0.294158935546875
4146,1792_2048_7168_7424,MSAVI,65536,33134,16043.0,49177.0,16359.0,worst,0.505584716796875,0.2447967529296875,0.2496185302734375
4147,1792_2048_7424_7680,MSAVI,65536,28837,12562.0,41399.0,24137.0,worst,0.4400177001953125,0.191680908203125,0.3683013916015625
4148,1792_2048_7680_7936,MSAVI,65536,32268,16552.0,48820.0,16716.0,worst,0.49237060546875,0.2525634765625,0.25506591796875
4149,1792_2048_7936_8192,MSAVI,65536,33155,18934.0,52089.0,13447.0,worst,0.5059051513671875,0.288909912109375,0.2051849365234375
4150,1792_2048_8192_8448,MSAVI,65536,33869,10109.0,43978.0,21558.0,worst,0.5167999267578125,0.1542510986328125,0.328948974609375
4151,1792_2048_8448_8704,MSAVI,65536,30441,19086.0,49527.0,16009.0,worst,0.4644927978515625,0.291229248046875,0.2442779541015625
4152,1792_2048_8704_8960,MSAVI,65536,38107,14159.0,52266.0,13270.0,worst,0.5814666748046875,0.2160491943359375,0.202484130859375
4153,1792_2048_8960_9216,MSAVI,65536,34059,21533.0,55592.0,9944.0,worst,0.5196990966796875,0.3285675048828125,0.1517333984375
4154,2048_2304_0_256,MSAVI,65536,61831,1366.0,63197.0,2339.0,worst,0.9434661865234375,0.020843505859375,0.0356903076171875
4155,2048_2304_256_512,MSAVI,65536,53669,7895.0,61564.0,3972.0,worst,0.8189239501953125,0.1204681396484375,0.06060791015625
4156,2048_2304_512_768,MSAVI,65536,47512,13791.0,61303.0,4233.0,worst,0.7249755859375,0.2104339599609375,0.0645904541015625
4157,2048_2304_768_1024,MSAVI,65536,59902,1253.0,61155.0,4381.0,worst,0.914031982421875,0.0191192626953125,0.0668487548828125
4158,2048_2304_1024_1280,MSAVI,65536,49196,12649.0,61845.0,3691.0,worst,0.75067138671875,0.1930084228515625,0.0563201904296875
4159,2048_2304_1280_1536,MSAVI,65536,48386,4445.0,52831.0,12705.0,worst,0.738311767578125,0.0678253173828125,0.1938629150390625
4160,2048_2304_1536_1792,MSAVI,65536,62971,0.0,62971.0,2565.0,worst,0.9608612060546875,0.0,0.0391387939453125
4161,2048_2304_1792_2048,MSAVI,65536,50961,13954.0,64915.0,621.0,worst,0.7776031494140625,0.212921142578125,0.0094757080078125
4162,2048_2304_2048_2304,MSAVI,65536,49256,10086.0,59342.0,6194.0,worst,0.7515869140625,0.153900146484375,0.094512939453125
4163,2048_2304_2304_2560,MSAVI,65536,34476,11965.0,46441.0,19095.0,worst,0.52606201171875,0.1825714111328125,0.2913665771484375
4164,2048_2304_2560_2816,MSAVI,65536,35009,10501.0,45510.0,20026.0,worst,0.5341949462890625,0.1602325439453125,0.305572509765625
4165,2048_2304_2816_3072,MSAVI,65536,37206,19284.0,56490.0,9046.0,worst,0.567718505859375,0.29425048828125,0.138031005859375
4166,2048_2304_3072_3328,MSAVI,65536,38896,15097.0,53993.0,11543.0,worst,0.593505859375,0.2303619384765625,0.1761322021484375
4167,2048_2304_3328_3584,MSAVI,65536,35320,11193.0,46513.0,19023.0,worst,0.5389404296875,0.1707916259765625,0.2902679443359375
4168,2048_2304_3584_3840,MSAVI,65536,36404,8470.0,44874.0,20662.0,worst,0.55548095703125,0.129241943359375,0.315277099609375
4169,2048_2304_3840_4096,MSAVI,65536,35708,15275.0,50983.0,14553.0,worst,0.54486083984375,0.2330780029296875,0.2220611572265625
4170,2048_2304_4096_4352,MSAVI,65536,34720,14843.0,49563.0,15973.0,worst,0.52978515625,0.2264862060546875,0.2437286376953125
4171,2048_2304_4352_4608,MSAVI,65536,41816,15153.0,56969.0,8567.0,worst,0.6380615234375,0.2312164306640625,0.1307220458984375
4172,2048_2304_4608_4864,MSAVI,65536,37163,13817.0,50980.0,14556.0,worst,0.5670623779296875,0.2108306884765625,0.22210693359375
4173,2048_2304_4864_5120,MSAVI,65536,34763,9427.0,44190.0,21346.0,worst,0.5304412841796875,0.1438446044921875,0.325714111328125
4174,2048_2304_5120_5376,MSAVI,65536,32910,12760.0,45670.0,19866.0,worst,0.502166748046875,0.1947021484375,0.303131103515625
4175,2048_2304_5376_5632,MSAVI,65536,37079,8340.0,45419.0,20117.0,worst,0.5657806396484375,0.12725830078125,0.3069610595703125
4176,2048_2304_5632_5888,MSAVI,65536,37828,14714.0,52542.0,12994.0,worst,0.57720947265625,0.224517822265625,0.198272705078125
4177,2048_2304_5888_6144,MSAVI,65536,31893,14729.0,46622.0,18914.0,worst,0.4866485595703125,0.2247467041015625,0.288604736328125
4178,2048_2304_6144_6400,MSAVI,65536,44120,11986.0,56106.0,9430.0,worst,0.6732177734375,0.182891845703125,0.143890380859375
4179,2048_2304_6400_6656,MSAVI,65536,33273,16197.0,49470.0,16066.0,worst,0.5077056884765625,0.2471466064453125,0.245147705078125
4180,2048_2304_6656_6912,MSAVI,65536,37898,17435.0,55333.0,10203.0,worst,0.578277587890625,0.2660369873046875,0.1556854248046875
4181,2048_2304_6912_7168,MSAVI,65536,34309,13020.0,47329.0,18207.0,worst,0.5235137939453125,0.19866943359375,0.2778167724609375
4182,2048_2304_7168_7424,MSAVI,65536,31469,21202.0,52671.0,12865.0,worst,0.4801788330078125,0.323516845703125,0.1963043212890625
4183,2048_2304_7424_7680,MSAVI,65536,33620,17750.0,51370.0,14166.0,worst,0.51300048828125,0.270843505859375,0.216156005859375
4184,2048_2304_7680_7936,MSAVI,65536,36171,16309.0,52480.0,13056.0,worst,0.5519256591796875,0.2488555908203125,0.19921875
4185,2048_2304_7936_8192,MSAVI,65536,34164,14866.0,49030.0,16506.0,worst,0.52130126953125,0.226837158203125,0.251861572265625
4186,2048_2304_8192_8448,MSAVI,65536,32318,9174.0,41492.0,24044.0,worst,0.493133544921875,0.139984130859375,0.36688232421875
4187,2048_2304_8448_8704,MSAVI,65536,34094,26918.0,61012.0,4524.0,worst,0.520233154296875,0.410736083984375,0.06903076171875
4188,2048_2304_8704_8960,MSAVI,65536,35705,20173.0,55878.0,9658.0,worst,0.5448150634765625,0.3078155517578125,0.147369384765625
4189,2048_2304_8960_9216,MSAVI,65536,34389,22162.0,56551.0,8985.0,worst,0.5247344970703125,0.338165283203125,0.1371002197265625
4190,2304_2560_0_256,MSAVI,65536,55244,6842.0,62086.0,3450.0,worst,0.84295654296875,0.104400634765625,0.052642822265625
4191,2304_2560_256_512,MSAVI,65536,55700,5732.0,61432.0,4104.0,worst,0.84991455078125,0.08746337890625,0.0626220703125
4192,2304_2560_512_768,MSAVI,65536,60154,2136.0,62290.0,3246.0,worst,0.917877197265625,0.0325927734375,0.049530029296875
4193,2304_2560_768_1024,MSAVI,65536,59978,1120.0,61098.0,4438.0,worst,0.915191650390625,0.01708984375,0.067718505859375
4194,2304_2560_1024_1280,MSAVI,65536,62454,0.0,62454.0,3082.0,worst,0.952972412109375,0.0,0.047027587890625
4195,2304_2560_1280_1536,MSAVI,65536,61582,0.0,61582.0,3954.0,worst,0.939666748046875,0.0,0.060333251953125
4196,2304_2560_1536_1792,MSAVI,65536,60415,81.0,60496.0,5040.0,worst,0.9218597412109375,0.0012359619140625,0.076904296875
4197,2304_2560_1792_2048,MSAVI,65536,53432,4867.0,58299.0,7237.0,worst,0.8153076171875,0.0742645263671875,0.1104278564453125
4198,2304_2560_2048_2304,MSAVI,65536,45199,6967.0,52166.0,13370.0,worst,0.6896820068359375,0.1063079833984375,0.204010009765625
4199,2304_2560_2304_2560,MSAVI,65536,43026,12383.0,55409.0,10127.0,worst,0.656524658203125,0.1889495849609375,0.1545257568359375
4200,2304_2560_2560_2816,MSAVI,65536,34509,9690.0,44199.0,21337.0,worst,0.5265655517578125,0.147857666015625,0.3255767822265625
4201,2304_2560_2816_3072,MSAVI,65536,40221,13895.0,54116.0,11420.0,worst,0.6137237548828125,0.2120208740234375,0.17425537109375
4202,2304_2560_3072_3328,MSAVI,65536,39818,8662.0,48480.0,17056.0,worst,0.607574462890625,0.132171630859375,0.26025390625
4203,2304_2560_3328_3584,MSAVI,65536,33643,15100.0,48743.0,16793.0,worst,0.5133514404296875,0.23040771484375,0.2562408447265625
4204,2304_2560_3584_3840,MSAVI,65536,33270,9787.0,43057.0,22479.0,worst,0.507659912109375,0.1493377685546875,0.3430023193359375
4205,2304_2560_3840_4096,MSAVI,65536,36262,12471.0,48733.0,16803.0,worst,0.553314208984375,0.1902923583984375,0.2563934326171875
4206,2304_2560_4096_4352,MSAVI,65536,34137,15296.0,49433.0,16103.0,worst,0.5208892822265625,0.2333984375,0.2457122802734375
4207,2304_2560_4352_4608,MSAVI,65536,48171,9879.0,58050.0,7486.0,worst,0.7350311279296875,0.1507415771484375,0.114227294921875
4208,2304_2560_4608_4864,MSAVI,65536,35673,15058.0,50731.0,14805.0,worst,0.5443267822265625,0.229766845703125,0.2259063720703125
4209,2304_2560_4864_5120,MSAVI,65536,38329,7818.0,46147.0,19389.0,worst,0.5848541259765625,0.119293212890625,0.2958526611328125
4210,2304_2560_5120_5376,MSAVI,65536,34410,16687.0,51097.0,14439.0,worst,0.525054931640625,0.2546234130859375,0.2203216552734375
4211,2304_2560_5376_5632,MSAVI,65536,37279,7810.0,45089.0,20447.0,worst,0.5688323974609375,0.119171142578125,0.3119964599609375
4212,2304_2560_5632_5888,MSAVI,65536,33217,10005.0,43222.0,22314.0,worst,0.5068511962890625,0.1526641845703125,0.340484619140625
4213,2304_2560_5888_6144,MSAVI,65536,34167,13971.0,48138.0,17398.0,worst,0.5213470458984375,0.2131805419921875,0.265472412109375
4214,2304_2560_6144_6400,MSAVI,65536,30133,16106.0,46239.0,19297.0,worst,0.4597930908203125,0.245758056640625,0.2944488525390625
4215,2304_2560_6400_6656,MSAVI,65536,34660,17234.0,51894.0,13642.0,worst,0.52886962890625,0.262969970703125,0.208160400390625
4216,2304_2560_6656_6912,MSAVI,65536,31519,11469.0,42988.0,22548.0,worst,0.4809417724609375,0.1750030517578125,0.34405517578125
4217,2304_2560_6912_7168,MSAVI,65536,33555,14724.0,48279.0,17257.0,worst,0.5120086669921875,0.22467041015625,0.2633209228515625
4218,2304_2560_7168_7424,MSAVI,65536,34357,8584.0,42941.0,22595.0,worst,0.5242462158203125,0.1309814453125,0.3447723388671875
4219,2304_2560_7424_7680,MSAVI,65536,38352,13271.0,51623.0,13913.0,worst,0.585205078125,0.2024993896484375,0.2122955322265625
4220,2304_2560_7680_7936,MSAVI,65536,35013,13272.0,48285.0,17251.0,worst,0.5342559814453125,0.2025146484375,0.2632293701171875
4221,2304_2560_7936_8192,MSAVI,65536,35968,13638.0,49606.0,15930.0,worst,0.548828125,0.208099365234375,0.243072509765625
4222,2304_2560_8192_8448,MSAVI,65536,32884,17667.0,50551.0,14985.0,worst,0.50177001953125,0.2695770263671875,0.2286529541015625
4223,2304_2560_8448_8704,MSAVI,65536,36150,20379.0,56529.0,9007.0,worst,0.551605224609375,0.3109588623046875,0.1374359130859375
4224,2304_2560_8704_8960,MSAVI,65536,36841,21628.0,58469.0,7067.0,worst,0.5621490478515625,0.33001708984375,0.1078338623046875
4225,2304_2560_8960_9216,MSAVI,65536,38157,18068.0,56225.0,9311.0,worst,0.5822296142578125,0.27569580078125,0.1420745849609375
4226,2560_2816_0_256,MSAVI,65536,57807,957.0,58764.0,6772.0,worst,0.8820648193359375,0.0146026611328125,0.10333251953125
4227,2560_2816_256_512,MSAVI,65536,50597,12415.0,63012.0,2524.0,worst,0.7720489501953125,0.1894378662109375,0.03851318359375
4228,2560_2816_512_768,MSAVI,65536,57753,2645.0,60398.0,5138.0,worst,0.8812408447265625,0.0403594970703125,0.078399658203125
4229,2560_2816_768_1024,MSAVI,65536,63027,0.0,63027.0,2509.0,worst,0.9617156982421875,0.0,0.0382843017578125
4230,2560_2816_1024_1280,MSAVI,65536,60430,659.0,61089.0,4447.0,worst,0.922088623046875,0.0100555419921875,0.0678558349609375
4231,2560_2816_1280_1536,MSAVI,65536,54464,3848.0,58312.0,7224.0,worst,0.8310546875,0.0587158203125,0.1102294921875
4232,2560_2816_1536_1792,MSAVI,65536,61383,0.0,61383.0,4153.0,worst,0.9366302490234375,0.0,0.0633697509765625
4233,2560_2816_1792_2048,MSAVI,65536,43033,6570.0,49603.0,15933.0,worst,0.6566314697265625,0.100250244140625,0.2431182861328125
4234,2560_2816_2048_2304,MSAVI,65536,49929,5383.0,55312.0,10224.0,worst,0.7618560791015625,0.0821380615234375,0.156005859375
4235,2560_2816_2304_2560,MSAVI,65536,44921,8531.0,53452.0,12084.0,worst,0.6854400634765625,0.1301727294921875,0.18438720703125
4236,2560_2816_2560_2816,MSAVI,65536,36227,13528.0,49755.0,15781.0,worst,0.5527801513671875,0.2064208984375,0.2407989501953125
4237,2560_2816_2816_3072,MSAVI,65536,46044,8921.0,54965.0,10571.0,worst,0.70257568359375,0.1361236572265625,0.1613006591796875
4238,2560_2816_3072_3328,MSAVI,65536,38896,14186.0,53082.0,12454.0,worst,0.593505859375,0.216461181640625,0.190032958984375
4239,2560_2816_3328_3584,MSAVI,65536,33794,11004.0,44798.0,20738.0,worst,0.515655517578125,0.16790771484375,0.316436767578125
4240,2560_2816_3584_3840,MSAVI,65536,34621,13819.0,48440.0,17096.0,worst,0.5282745361328125,0.2108612060546875,0.2608642578125
4241,2560_2816_3840_4096,MSAVI,65536,38167,16676.0,54843.0,10693.0,worst,0.5823822021484375,0.25445556640625,0.1631622314453125
4242,2560_2816_4096_4352,MSAVI,65536,36538,15337.0,51875.0,13661.0,worst,0.557525634765625,0.2340240478515625,0.2084503173828125
4243,2560_2816_4352_4608,MSAVI,65536,32243,15105.0,47348.0,18188.0,worst,0.4919891357421875,0.2304840087890625,0.27752685546875
4244,2560_2816_4608_4864,MSAVI,65536,38459,13554.0,52013.0,13523.0,worst,0.5868377685546875,0.206817626953125,0.2063446044921875
4245,2560_2816_4864_5120,MSAVI,65536,31240,12709.0,43949.0,21587.0,worst,0.4766845703125,0.1939239501953125,0.3293914794921875
4246,2560_2816_5120_5376,MSAVI,65536,42557,12400.0,54957.0,10579.0,worst,0.6493682861328125,0.189208984375,0.1614227294921875
4247,2560_2816_5376_5632,MSAVI,65536,40919,13152.0,54071.0,11465.0,worst,0.6243743896484375,0.20068359375,0.1749420166015625
4248,2560_2816_5632_5888,MSAVI,65536,35189,14114.0,49303.0,16233.0,worst,0.5369415283203125,0.215362548828125,0.2476959228515625
4249,2560_2816_5888_6144,MSAVI,65536,34025,11042.0,45067.0,20469.0,worst,0.5191802978515625,0.168487548828125,0.3123321533203125
4250,2560_2816_6144_6400,MSAVI,65536,33781,9619.0,43400.0,22136.0,worst,0.5154571533203125,0.1467742919921875,0.3377685546875
4251,2560_2816_6400_6656,MSAVI,65536,35231,21200.0,56431.0,9105.0,worst,0.5375823974609375,0.323486328125,0.1389312744140625
4252,2560_2816_6656_6912,MSAVI,65536,35106,15169.0,50275.0,15261.0,worst,0.535675048828125,0.2314605712890625,0.2328643798828125
4253,2560_2816_6912_7168,MSAVI,65536,37042,7397.0,44439.0,21097.0,worst,0.565216064453125,0.1128692626953125,0.3219146728515625
4254,2560_2816_7168_7424,MSAVI,65536,34364,11234.0,45598.0,19938.0,worst,0.52435302734375,0.171417236328125,0.304229736328125
4255,2560_2816_7424_7680,MSAVI,65536,30564,10271.0,40835.0,24701.0,worst,0.46636962890625,0.1567230224609375,0.3769073486328125
4256,2560_2816_7680_7936,MSAVI,65536,38731,15103.0,53834.0,11702.0,worst,0.5909881591796875,0.2304534912109375,0.178558349609375
4257,2560_2816_7936_8192,MSAVI,65536,35335,11721.0,47056.0,18480.0,worst,0.5391693115234375,0.1788482666015625,0.281982421875
4258,2560_2816_8192_8448,MSAVI,65536,33558,21578.0,55136.0,10400.0,worst,0.512054443359375,0.329254150390625,0.15869140625
4259,2560_2816_8448_8704,MSAVI,65536,37438,13341.0,50779.0,14757.0,worst,0.571258544921875,0.2035675048828125,0.2251739501953125
4260,2560_2816_8704_8960,MSAVI,65536,34584,17339.0,51923.0,13613.0,worst,0.5277099609375,0.2645721435546875,0.2077178955078125
4261,2560_2816_8960_9216,MSAVI,65536,35180,19360.0,54540.0,10996.0,worst,0.53680419921875,0.29541015625,0.16778564453125
4262,2816_3072_0_256,MSAVI,65536,41698,1418.0,43116.0,22420.0,worst,0.636260986328125,0.021636962890625,0.34210205078125
4263,2816_3072_256_512,MSAVI,65536,45776,2968.0,48744.0,16792.0,worst,0.698486328125,0.0452880859375,0.2562255859375
4264,2816_3072_512_768,MSAVI,65536,57143,4073.0,61216.0,4320.0,worst,0.8719329833984375,0.0621490478515625,0.06591796875
4265,2816_3072_768_1024,MSAVI,65536,48326,14011.0,62337.0,3199.0,worst,0.737396240234375,0.2137908935546875,0.0488128662109375
4266,2816_3072_1024_1280,MSAVI,65536,59279,2620.0,61899.0,3637.0,worst,0.9045257568359375,0.03997802734375,0.0554962158203125
4267,2816_3072_1280_1536,MSAVI,65536,57863,1381.0,59244.0,6292.0,worst,0.8829193115234375,0.0210723876953125,0.09600830078125
4268,2816_3072_1536_1792,MSAVI,65536,41352,22269.0,63621.0,1915.0,worst,0.6309814453125,0.3397979736328125,0.0292205810546875
4269,2816_3072_1792_2048,MSAVI,65536,38277,18059.0,56336.0,9200.0,worst,0.5840606689453125,0.2755584716796875,0.140380859375
4270,2816_3072_2048_2304,MSAVI,65536,39291,15621.0,54912.0,10624.0,worst,0.5995330810546875,0.2383575439453125,0.162109375
4271,2816_3072_2304_2560,MSAVI,65536,42193,10911.0,53104.0,12432.0,worst,0.6438140869140625,0.1664886474609375,0.189697265625
4272,2816_3072_2560_2816,MSAVI,65536,41962,8666.0,50628.0,14908.0,worst,0.640289306640625,0.132232666015625,0.22747802734375
4273,2816_3072_2816_3072,MSAVI,65536,38951,11988.0,50939.0,14597.0,worst,0.5943450927734375,0.18292236328125,0.2227325439453125
4274,2816_3072_3072_3328,MSAVI,65536,40385,16106.0,56491.0,9045.0,worst,0.6162261962890625,0.245758056640625,0.1380157470703125
4275,2816_3072_3328_3584,MSAVI,65536,33738,14005.0,47743.0,17793.0,worst,0.514801025390625,0.2136993408203125,0.2714996337890625
4276,2816_3072_3584_3840,MSAVI,65536,31060,11410.0,42470.0,23066.0,worst,0.47393798828125,0.174102783203125,0.351959228515625
4277,2816_3072_3840_4096,MSAVI,65536,34183,13072.0,47255.0,18281.0,worst,0.5215911865234375,0.199462890625,0.2789459228515625
4278,2816_3072_4096_4352,MSAVI,65536,32988,16144.0,49132.0,16404.0,worst,0.50335693359375,0.246337890625,0.25030517578125
4279,2816_3072_4352_4608,MSAVI,65536,39335,12176.0,51511.0,14025.0,worst,0.6002044677734375,0.185791015625,0.2140045166015625
4280,2816_3072_4608_4864,MSAVI,65536,38629,12390.0,51019.0,14517.0,worst,0.5894317626953125,0.189056396484375,0.2215118408203125
4281,2816_3072_4864_5120,MSAVI,65536,34746,16140.0,50886.0,14650.0,worst,0.530181884765625,0.24627685546875,0.223541259765625
4282,2816_3072_5120_5376,MSAVI,65536,36047,17859.0,53906.0,11630.0,worst,0.5500335693359375,0.2725067138671875,0.177459716796875
4283,2816_3072_5376_5632,MSAVI,65536,40420,18069.0,58489.0,7047.0,worst,0.61676025390625,0.2757110595703125,0.1075286865234375
4284,2816_3072_5632_5888,MSAVI,65536,36050,7671.0,43721.0,21815.0,worst,0.550079345703125,0.1170501708984375,0.3328704833984375
4285,2816_3072_5888_6144,MSAVI,65536,36027,16381.0,52408.0,13128.0,worst,0.5497283935546875,0.2499542236328125,0.2003173828125
4286,2816_3072_6144_6400,MSAVI,65536,35461,8598.0,44059.0,21477.0,worst,0.5410919189453125,0.131195068359375,0.3277130126953125
4287,2816_3072_6400_6656,MSAVI,65536,33654,11252.0,44906.0,20630.0,worst,0.513519287109375,0.17169189453125,0.314788818359375
4288,2816_3072_6656_6912,MSAVI,65536,33971,12635.0,46606.0,18930.0,worst,0.5183563232421875,0.1927947998046875,0.288848876953125
4289,2816_3072_6912_7168,MSAVI,65536,36327,8117.0,44444.0,21092.0,worst,0.5543060302734375,0.1238555908203125,0.32183837890625
4290,2816_3072_7168_7424,MSAVI,65536,35608,10915.0,46523.0,19013.0,worst,0.5433349609375,0.1665496826171875,0.2901153564453125
4291,2816_3072_7424_7680,MSAVI,65536,34340,10459.0,44799.0,20737.0,worst,0.52398681640625,0.1595916748046875,0.3164215087890625
4292,2816_3072_7680_7936,MSAVI,65536,33140,14496.0,47636.0,17900.0,worst,0.50567626953125,0.22119140625,0.27313232421875
4293,2816_3072_7936_8192,MSAVI,65536,33772,20168.0,53940.0,11596.0,worst,0.51531982421875,0.3077392578125,0.17694091796875
4294,2816_3072_8192_8448,MSAVI,65536,32881,12464.0,45345.0,20191.0,worst,0.5017242431640625,0.190185546875,0.3080902099609375
4295,2816_3072_8448_8704,MSAVI,65536,32405,20523.0,52928.0,12608.0,worst,0.4944610595703125,0.3131561279296875,0.1923828125
4296,2816_3072_8704_8960,MSAVI,65536,35782,17976.0,53758.0,11778.0,worst,0.545989990234375,0.2742919921875,0.179718017578125
4297,2816_3072_8960_9216,MSAVI,65536,38063,15193.0,53256.0,12280.0,worst,0.5807952880859375,0.2318267822265625,0.1873779296875
4298,3072_3328_0_256,MSAVI,65536,43113,2268.0,45381.0,20155.0,worst,0.6578521728515625,0.03460693359375,0.3075408935546875
4299,3072_3328_256_512,MSAVI,65536,47765,992.0,48757.0,16779.0,worst,0.7288360595703125,0.01513671875,0.2560272216796875
4300,3072_3328_512_768,MSAVI,65536,59732,4105.0,63837.0,1699.0,worst,0.91143798828125,0.0626373291015625,0.0259246826171875
4301,3072_3328_768_1024,MSAVI,65536,44656,14504.0,59160.0,6376.0,worst,0.681396484375,0.2213134765625,0.0972900390625
4302,3072_3328_1024_1280,MSAVI,65536,48844,14262.0,63106.0,2430.0,worst,0.74530029296875,0.217620849609375,0.037078857421875
4303,3072_3328_1280_1536,MSAVI,65536,52775,8143.0,60918.0,4618.0,worst,0.8052825927734375,0.1242523193359375,0.070465087890625
4304,3072_3328_1536_1792,MSAVI,65536,42872,20903.0,63775.0,1761.0,worst,0.6541748046875,0.3189544677734375,0.0268707275390625
4305,3072_3328_1792_2048,MSAVI,65536,61050,952.0,62002.0,3534.0,worst,0.931549072265625,0.0145263671875,0.053924560546875
4306,3072_3328_2048_2304,MSAVI,65536,59984,1222.0,61206.0,4330.0,worst,0.915283203125,0.018646240234375,0.066070556640625
4307,3072_3328_2304_2560,MSAVI,65536,38841,21503.0,60344.0,5192.0,worst,0.5926666259765625,0.3281097412109375,0.0792236328125
4308,3072_3328_2560_2816,MSAVI,65536,41974,12581.0,54555.0,10981.0,worst,0.640472412109375,0.1919708251953125,0.1675567626953125
4309,3072_3328_2816_3072,MSAVI,65536,41390,10294.0,51684.0,13852.0,worst,0.631561279296875,0.157073974609375,0.21136474609375
4310,3072_3328_3072_3328,MSAVI,65536,38825,5463.0,44288.0,21248.0,worst,0.5924224853515625,0.0833587646484375,0.32421875
4311,3072_3328_3328_3584,MSAVI,65536,32774,12887.0,45661.0,19875.0,worst,0.500091552734375,0.1966400146484375,0.3032684326171875
4312,3072_3328_3584_3840,MSAVI,65536,33121,11113.0,44234.0,21302.0,worst,0.5053863525390625,0.1695709228515625,0.325042724609375
4313,3072_3328_3840_4096,MSAVI,65536,33879,14041.0,47920.0,17616.0,worst,0.5169525146484375,0.2142486572265625,0.268798828125
4314,3072_3328_4096_4352,MSAVI,65536,32923,13153.0,46076.0,19460.0,worst,0.5023651123046875,0.2006988525390625,0.29693603515625
4315,3072_3328_4352_4608,MSAVI,65536,30326,13629.0,43955.0,21581.0,worst,0.462738037109375,0.2079620361328125,0.3292999267578125
4316,3072_3328_4608_4864,MSAVI,65536,38714,8746.0,47460.0,18076.0,worst,0.590728759765625,0.133453369140625,0.27581787109375
4317,3072_3328_4864_5120,MSAVI,65536,38240,10541.0,48781.0,16755.0,worst,0.58349609375,0.1608428955078125,0.2556610107421875
4318,3072_3328_5120_5376,MSAVI,65536,37022,13358.0,50380.0,15156.0,worst,0.564910888671875,0.203826904296875,0.23126220703125
4319,3072_3328_5376_5632,MSAVI,65536,32897,11642.0,44539.0,20997.0,worst,0.5019683837890625,0.177642822265625,0.3203887939453125
4320,3072_3328_5632_5888,MSAVI,65536,36957,12020.0,48977.0,16559.0,worst,0.5639190673828125,0.18341064453125,0.2526702880859375
4321,3072_3328_5888_6144,MSAVI,65536,37256,11793.0,49049.0,16487.0,worst,0.5684814453125,0.1799468994140625,0.2515716552734375
4322,3072_3328_6144_6400,MSAVI,65536,33630,8946.0,42576.0,22960.0,worst,0.513153076171875,0.136505126953125,0.350341796875
4323,3072_3328_6400_6656,MSAVI,65536,32974,11561.0,44535.0,21001.0,worst,0.503143310546875,0.1764068603515625,0.3204498291015625
4324,3072_3328_6656_6912,MSAVI,65536,32909,8498.0,41407.0,24129.0,worst,0.5021514892578125,0.129669189453125,0.3681793212890625
4325,3072_3328_6912_7168,MSAVI,65536,36143,8870.0,45013.0,20523.0,worst,0.5514984130859375,0.135345458984375,0.3131561279296875
4326,3072_3328_7168_7424,MSAVI,65536,29448,11627.0,41075.0,24461.0,worst,0.4493408203125,0.1774139404296875,0.3732452392578125
4327,3072_3328_7424_7680,MSAVI,65536,35260,13286.0,48546.0,16990.0,worst,0.53802490234375,0.202728271484375,0.259246826171875
4328,3072_3328_7680_7936,MSAVI,65536,30017,10628.0,40645.0,24891.0,worst,0.4580230712890625,0.16217041015625,0.3798065185546875
4329,3072_3328_7936_8192,MSAVI,65536,33137,9762.0,42899.0,22637.0,worst,0.5056304931640625,0.148956298828125,0.3454132080078125
4330,3072_3328_8192_8448,MSAVI,65536,30183,13762.0,43945.0,21591.0,worst,0.4605560302734375,0.209991455078125,0.3294525146484375
4331,3072_3328_8448_8704,MSAVI,65536,31262,17771.0,49033.0,16503.0,worst,0.477020263671875,0.2711639404296875,0.2518157958984375
4332,3072_3328_8704_8960,MSAVI,65536,33636,20655.0,54291.0,11245.0,worst,0.51324462890625,0.3151702880859375,0.1715850830078125
4333,3072_3328_8960_9216,MSAVI,65536,37565,17532.0,55097.0,10439.0,worst,0.5731964111328125,0.26751708984375,0.1592864990234375
4334,3328_3584_0_256,MSAVI,65536,47413,2041.0,49454.0,16082.0,worst,0.7234649658203125,0.0311431884765625,0.245391845703125
4335,3328_3584_256_512,MSAVI,65536,50738,717.0,51455.0,14081.0,worst,0.774200439453125,0.0109405517578125,0.2148590087890625
4336,3328_3584_512_768,MSAVI,65536,48821,4292.0,53113.0,12423.0,worst,0.7449493408203125,0.06549072265625,0.1895599365234375
4337,3328_3584_768_1024,MSAVI,65536,43036,15296.0,58332.0,7204.0,worst,0.65667724609375,0.2333984375,0.10992431640625
4338,3328_3584_1024_1280,MSAVI,65536,39816,11013.0,50829.0,14707.0,worst,0.6075439453125,0.1680450439453125,0.2244110107421875
4339,3328_3584_1280_1536,MSAVI,65536,39240,26704.0,65944.0,-408.0,worst,0.5987548828125,0.407470703125,-0.0062255859375
4340,3328_3584_1536_1792,MSAVI,65536,63009,0.0,63009.0,2527.0,worst,0.9614410400390625,0.0,0.0385589599609375
4341,3328_3584_1792_2048,MSAVI,65536,63098,0.0,63098.0,2438.0,worst,0.962799072265625,0.0,0.037200927734375
4342,3328_3584_2048_2304,MSAVI,65536,53176,7734.0,60910.0,4626.0,worst,0.8114013671875,0.118011474609375,0.070587158203125
4343,3328_3584_2304_2560,MSAVI,65536,61937,162.0,62099.0,3437.0,worst,0.9450836181640625,0.002471923828125,0.0524444580078125
4344,3328_3584_2560_2816,MSAVI,65536,56535,2768.0,59303.0,6233.0,worst,0.8626556396484375,0.042236328125,0.0951080322265625
4345,3328_3584_2816_3072,MSAVI,65536,47500,8228.0,55728.0,9808.0,worst,0.72479248046875,0.12554931640625,0.149658203125
4346,3328_3584_3072_3328,MSAVI,65536,48915,5936.0,54851.0,10685.0,worst,0.7463836669921875,0.090576171875,0.1630401611328125
4347,3328_3584_3328_3584,MSAVI,65536,42011,3291.0,45302.0,20234.0,worst,0.6410369873046875,0.0502166748046875,0.308746337890625
4348,3328_3584_3584_3840,MSAVI,65536,33629,13379.0,47008.0,18528.0,worst,0.5131378173828125,0.2041473388671875,0.28271484375
4349,3328_3584_3840_4096,MSAVI,65536,45971,15746.0,61717.0,3819.0,worst,0.7014617919921875,0.240264892578125,0.0582733154296875
4350,3328_3584_4096_4352,MSAVI,65536,46310,10599.0,56909.0,8627.0,worst,0.706634521484375,0.1617279052734375,0.1316375732421875
4351,3328_3584_4352_4608,MSAVI,65536,40222,9186.0,49408.0,16128.0,worst,0.613739013671875,0.140167236328125,0.24609375
4352,3328_3584_4608_4864,MSAVI,65536,37628,11367.0,48995.0,16541.0,worst,0.57415771484375,0.1734466552734375,0.2523956298828125
4353,3328_3584_4864_5120,MSAVI,65536,42448,11424.0,53872.0,11664.0,worst,0.647705078125,0.17431640625,0.177978515625
4354,3328_3584_5120_5376,MSAVI,65536,38787,14758.0,53545.0,11991.0,worst,0.5918426513671875,0.225189208984375,0.1829681396484375
4355,3328_3584_5376_5632,MSAVI,65536,36398,15808.0,52206.0,13330.0,worst,0.555389404296875,0.2412109375,0.203399658203125
4356,3328_3584_5632_5888,MSAVI,65536,37804,10854.0,48658.0,16878.0,worst,0.57684326171875,0.165618896484375,0.257537841796875
4357,3328_3584_5888_6144,MSAVI,65536,35913,11109.0,47022.0,18514.0,worst,0.5479888916015625,0.1695098876953125,0.282501220703125
4358,3328_3584_6144_6400,MSAVI,65536,38138,12727.0,50865.0,14671.0,worst,0.581939697265625,0.1941986083984375,0.2238616943359375
4359,3328_3584_6400_6656,MSAVI,65536,34892,9395.0,44287.0,21249.0,worst,0.53240966796875,0.1433563232421875,0.3242340087890625
4360,3328_3584_6656_6912,MSAVI,65536,27575,18442.0,46017.0,19519.0,worst,0.4207611083984375,0.281402587890625,0.2978363037109375
4361,3328_3584_6912_7168,MSAVI,65536,36965,11833.0,48798.0,16738.0,worst,0.5640411376953125,0.1805572509765625,0.255401611328125
4362,3328_3584_7168_7424,MSAVI,65536,34124,13484.0,47608.0,17928.0,worst,0.52069091796875,0.20574951171875,0.2735595703125
4363,3328_3584_7424_7680,MSAVI,65536,32860,11682.0,44542.0,20994.0,worst,0.50140380859375,0.178253173828125,0.320343017578125
4364,3328_3584_7680_7936,MSAVI,65536,31193,13059.0,44252.0,21284.0,worst,0.4759674072265625,0.1992645263671875,0.32476806640625
4365,3328_3584_7936_8192,MSAVI,65536,30858,14191.0,45049.0,20487.0,worst,0.470855712890625,0.2165374755859375,0.3126068115234375
4366,3328_3584_8192_8448,MSAVI,65536,30156,15768.0,45924.0,19612.0,worst,0.46014404296875,0.2406005859375,0.29925537109375
4367,3328_3584_8448_8704,MSAVI,65536,32165,18540.0,50705.0,14831.0,worst,0.4907989501953125,0.28289794921875,0.2263031005859375
4368,3328_3584_8704_8960,MSAVI,65536,39102,17886.0,56988.0,8548.0,worst,0.596649169921875,0.272918701171875,0.13043212890625
4369,3328_3584_8960_9216,MSAVI,65536,43852,13888.0,57740.0,7796.0,worst,0.66912841796875,0.2119140625,0.11895751953125
4370,3584_3840_0_256,MSAVI,65536,47792,9404.0,57196.0,8340.0,worst,0.729248046875,0.14349365234375,0.12725830078125
4371,3584_3840_256_512,MSAVI,65536,52734,6217.0,58951.0,6585.0,worst,0.804656982421875,0.0948638916015625,0.1004791259765625
4372,3584_3840_512_768,MSAVI,65536,49117,8662.0,57779.0,7757.0,worst,0.7494659423828125,0.132171630859375,0.1183624267578125
4373,3584_3840_768_1024,MSAVI,65536,43111,15290.0,58401.0,7135.0,worst,0.6578216552734375,0.233306884765625,0.1088714599609375
4374,3584_3840_1024_1280,MSAVI,65536,34268,8178.0,42446.0,23090.0,worst,0.52288818359375,0.124786376953125,0.352325439453125
4375,3584_3840_1280_1536,MSAVI,65536,40304,23885.0,64189.0,1347.0,worst,0.614990234375,0.3644561767578125,0.0205535888671875
4376,3584_3840_1536_1792,MSAVI,65536,62475,108.0,62583.0,2953.0,worst,0.9532928466796875,0.00164794921875,0.0450592041015625
4377,3584_3840_1792_2048,MSAVI,65536,58985,2513.0,61498.0,4038.0,worst,0.9000396728515625,0.0383453369140625,0.061614990234375
4378,3584_3840_2048_2304,MSAVI,65536,55661,2139.0,57800.0,7736.0,worst,0.8493194580078125,0.0326385498046875,0.1180419921875
4379,3584_3840_2304_2560,MSAVI,65536,62751,0.0,62751.0,2785.0,worst,0.9575042724609375,0.0,0.0424957275390625
4380,3584_3840_2560_2816,MSAVI,65536,48497,4797.0,53294.0,12242.0,worst,0.7400054931640625,0.0731964111328125,0.186798095703125
4381,3584_3840_2816_3072,MSAVI,65536,47317,7323.0,54640.0,10896.0,worst,0.7220001220703125,0.1117401123046875,0.166259765625
4382,3584_3840_3072_3328,MSAVI,65536,43190,11619.0,54809.0,10727.0,worst,0.659027099609375,0.1772918701171875,0.1636810302734375
4383,3584_3840_3328_3584,MSAVI,65536,32177,10072.0,42249.0,23287.0,worst,0.4909820556640625,0.1536865234375,0.3553314208984375
4384,3584_3840_3584_3840,MSAVI,65536,35310,9708.0,45018.0,20518.0,worst,0.538787841796875,0.14813232421875,0.313079833984375
4385,3584_3840_3840_4096,MSAVI,65536,35759,14937.0,50696.0,14840.0,worst,0.5456390380859375,0.2279205322265625,0.2264404296875
4386,3584_3840_4096_4352,MSAVI,65536,31463,7251.0,38714.0,26822.0,worst,0.4800872802734375,0.1106414794921875,0.409271240234375
4387,3584_3840_4352_4608,MSAVI,65536,37279,8502.0,45781.0,19755.0,worst,0.5688323974609375,0.129730224609375,0.3014373779296875
4388,3584_3840_4608_4864,MSAVI,65536,36158,9708.0,45866.0,19670.0,worst,0.551727294921875,0.14813232421875,0.300140380859375
4389,3584_3840_4864_5120,MSAVI,65536,36237,13635.0,49872.0,15664.0,worst,0.5529327392578125,0.2080535888671875,0.239013671875
4390,3584_3840_5120_5376,MSAVI,65536,34365,17486.0,51851.0,13685.0,worst,0.5243682861328125,0.266815185546875,0.2088165283203125
4391,3584_3840_5376_5632,MSAVI,65536,37023,12087.0,49110.0,16426.0,worst,0.5649261474609375,0.1844329833984375,0.250640869140625
4392,3584_3840_5632_5888,MSAVI,65536,36310,10843.0,47153.0,18383.0,worst,0.554046630859375,0.1654510498046875,0.2805023193359375
4393,3584_3840_5888_6144,MSAVI,65536,37829,11596.0,49425.0,16111.0,worst,0.5772247314453125,0.17694091796875,0.2458343505859375
4394,3584_3840_6144_6400,MSAVI,65536,36249,7970.0,44219.0,21317.0,worst,0.5531158447265625,0.121612548828125,0.3252716064453125
4395,3584_3840_6400_6656,MSAVI,65536,33480,7973.0,41453.0,24083.0,worst,0.5108642578125,0.1216583251953125,0.3674774169921875
4396,3584_3840_6656_6912,MSAVI,65536,37560,9728.0,47288.0,18248.0,worst,0.5731201171875,0.1484375,0.2784423828125
4397,3584_3840_6912_7168,MSAVI,65536,41075,8888.0,49963.0,15573.0,worst,0.6267547607421875,0.1356201171875,0.2376251220703125
4398,3584_3840_7168_7424,MSAVI,65536,42804,10675.0,53479.0,12057.0,worst,0.65313720703125,0.1628875732421875,0.1839752197265625
4399,3584_3840_7424_7680,MSAVI,65536,41885,15919.0,57804.0,7732.0,worst,0.6391143798828125,0.2429046630859375,0.11798095703125
4400,3584_3840_7680_7936,MSAVI,65536,30644,12786.0,43430.0,22106.0,worst,0.46759033203125,0.195098876953125,0.337310791015625
4401,3584_3840_7936_8192,MSAVI,65536,34828,9722.0,44550.0,20986.0,worst,0.53143310546875,0.148345947265625,0.320220947265625
4402,3584_3840_8192_8448,MSAVI,65536,34466,19742.0,54208.0,11328.0,worst,0.525909423828125,0.301239013671875,0.1728515625
4403,3584_3840_8448_8704,MSAVI,65536,29027,6529.0,35556.0,29980.0,worst,0.4429168701171875,0.0996246337890625,0.45745849609375
4404,3584_3840_8704_8960,MSAVI,65536,33438,16874.0,50312.0,15224.0,worst,0.510223388671875,0.257476806640625,0.2322998046875
4405,3584_3840_8960_9216,MSAVI,65536,34293,19840.0,54133.0,11403.0,worst,0.5232696533203125,0.302734375,0.1739959716796875
4406,3840_4096_0_256,MSAVI,65536,46188,3041.0,49229.0,16307.0,worst,0.70477294921875,0.0464019775390625,0.2488250732421875
4407,3840_4096_256_512,MSAVI,65536,54327,3668.0,57995.0,7541.0,worst,0.8289642333984375,0.05596923828125,0.1150665283203125
4408,3840_4096_512_768,MSAVI,65536,47844,4198.0,52042.0,13494.0,worst,0.73004150390625,0.064056396484375,0.205902099609375
4409,3840_4096_768_1024,MSAVI,65536,42277,16546.0,58823.0,6713.0,worst,0.6450958251953125,0.252471923828125,0.1024322509765625
4410,3840_4096_1024_1280,MSAVI,65536,49021,9888.0,58909.0,6627.0,worst,0.7480010986328125,0.15087890625,0.1011199951171875
4411,3840_4096_1280_1536,MSAVI,65536,47674,14241.0,61915.0,3621.0,worst,0.727447509765625,0.2173004150390625,0.0552520751953125
4412,3840_4096_1536_1792,MSAVI,65536,62754,0.0,62754.0,2782.0,worst,0.957550048828125,0.0,0.042449951171875
4413,3840_4096_1792_2048,MSAVI,65536,62255,81.0,62336.0,3200.0,worst,0.9499359130859375,0.0012359619140625,0.048828125
4414,3840_4096_2048_2304,MSAVI,65536,52851,7269.0,60120.0,5416.0,worst,0.8064422607421875,0.1109161376953125,0.0826416015625
4415,3840_4096_2304_2560,MSAVI,65536,62529,0.0,62529.0,3007.0,worst,0.9541168212890625,0.0,0.0458831787109375
4416,3840_4096_2560_2816,MSAVI,65536,57263,2408.0,59671.0,5865.0,worst,0.8737640380859375,0.0367431640625,0.0894927978515625
4417,3840_4096_2816_3072,MSAVI,65536,56998,3397.0,60395.0,5141.0,worst,0.869720458984375,0.0518341064453125,0.0784454345703125
4418,3840_4096_3072_3328,MSAVI,65536,52186,7679.0,59865.0,5671.0,worst,0.796295166015625,0.1171722412109375,0.0865325927734375
4419,3840_4096_3328_3584,MSAVI,65536,42382,7368.0,49750.0,15786.0,worst,0.646697998046875,0.1124267578125,0.240875244140625
4420,3840_4096_3584_3840,MSAVI,65536,38037,8626.0,46663.0,18873.0,worst,0.5803985595703125,0.131622314453125,0.2879791259765625
4421,3840_4096_3840_4096,MSAVI,65536,34626,8198.0,42824.0,22712.0,worst,0.528350830078125,0.125091552734375,0.3465576171875
4422,3840_4096_4096_4352,MSAVI,65536,32101,13593.0,45694.0,19842.0,worst,0.4898223876953125,0.2074127197265625,0.302764892578125
4423,3840_4096_4352_4608,MSAVI,65536,38791,15963.0,54754.0,10782.0,worst,0.5919036865234375,0.2435760498046875,0.164520263671875
4424,3840_4096_4608_4864,MSAVI,65536,47099,11908.0,59007.0,6529.0,worst,0.7186737060546875,0.18170166015625,0.0996246337890625
4425,3840_4096_4864_5120,MSAVI,65536,47360,7173.0,54533.0,11003.0,worst,0.72265625,0.1094512939453125,0.1678924560546875
4426,3840_4096_5120_5376,MSAVI,65536,36631,8149.0,44780.0,20756.0,worst,0.5589447021484375,0.1243438720703125,0.31671142578125
4427,3840_4096_5376_5632,MSAVI,65536,34646,12434.0,47080.0,18456.0,worst,0.528656005859375,0.189727783203125,0.2816162109375
4428,3840_4096_5632_5888,MSAVI,65536,36317,10154.0,46471.0,19065.0,worst,0.5541534423828125,0.154937744140625,0.2909088134765625
4429,3840_4096_5888_6144,MSAVI,65536,38950,14458.0,53408.0,12128.0,worst,0.594329833984375,0.220611572265625,0.18505859375
4430,3840_4096_6144_6400,MSAVI,65536,36763,11284.0,48047.0,17489.0,worst,0.5609588623046875,0.17218017578125,0.2668609619140625
4431,3840_4096_6400_6656,MSAVI,65536,35596,11396.0,46992.0,18544.0,worst,0.54315185546875,0.17388916015625,0.282958984375
4432,3840_4096_6656_6912,MSAVI,65536,36337,7397.0,43734.0,21802.0,worst,0.5544586181640625,0.1128692626953125,0.332672119140625
4433,3840_4096_6912_7168,MSAVI,65536,35910,9924.0,45834.0,19702.0,worst,0.547943115234375,0.15142822265625,0.300628662109375
4434,3840_4096_7168_7424,MSAVI,65536,50364,7069.0,57433.0,8103.0,worst,0.76849365234375,0.1078643798828125,0.1236419677734375
4435,3840_4096_7424_7680,MSAVI,65536,37040,10543.0,47583.0,17953.0,worst,0.565185546875,0.1608734130859375,0.2739410400390625
4436,3840_4096_7680_7936,MSAVI,65536,49484,9996.0,59480.0,6056.0,worst,0.75506591796875,0.15252685546875,0.0924072265625
4437,3840_4096_7936_8192,MSAVI,65536,43604,13477.0,57081.0,8455.0,worst,0.66534423828125,0.2056427001953125,0.1290130615234375
4438,3840_4096_8192_8448,MSAVI,65536,36717,15096.0,51813.0,13723.0,worst,0.5602569580078125,0.2303466796875,0.2093963623046875
4439,3840_4096_8448_8704,MSAVI,65536,32644,19337.0,51981.0,13555.0,worst,0.49810791015625,0.2950592041015625,0.2068328857421875
4440,3840_4096_8704_8960,MSAVI,65536,35501,18763.0,54264.0,11272.0,worst,0.5417022705078125,0.2863006591796875,0.1719970703125
4441,3840_4096_8960_9216,MSAVI,65536,36846,14398.0,51244.0,14292.0,worst,0.562225341796875,0.219696044921875,0.21807861328125
4442,4096_4352_0_256,MSAVI,65536,47028,1136.0,48164.0,17372.0,worst,0.71759033203125,0.017333984375,0.26507568359375
4443,4096_4352_256_512,MSAVI,65536,48933,313.0,49246.0,16290.0,worst,0.7466583251953125,0.0047760009765625,0.248565673828125
4444,4096_4352_512_768,MSAVI,65536,47045,823.0,47868.0,17668.0,worst,0.7178497314453125,0.0125579833984375,0.26959228515625
4445,4096_4352_768_1024,MSAVI,65536,53600,894.0,54494.0,11042.0,worst,0.81787109375,0.013641357421875,0.168487548828125
4446,4096_4352_1024_1280,MSAVI,65536,62513,104.0,62617.0,2919.0,worst,0.9538726806640625,0.0015869140625,0.0445404052734375
4447,4096_4352_1280_1536,MSAVI,65536,58105,2274.0,60379.0,5157.0,worst,0.8866119384765625,0.034698486328125,0.0786895751953125
4448,4096_4352_1536_1792,MSAVI,65536,62206,0.0,62206.0,3330.0,worst,0.949188232421875,0.0,0.050811767578125
4449,4096_4352_1792_2048,MSAVI,65536,62743,0.0,62743.0,2793.0,worst,0.9573822021484375,0.0,0.0426177978515625
4450,4096_4352_2048_2304,MSAVI,65536,51150,5798.0,56948.0,8588.0,worst,0.780487060546875,0.088470458984375,0.13104248046875
4451,4096_4352_2304_2560,MSAVI,65536,61726,0.0,61726.0,3810.0,worst,0.941864013671875,0.0,0.058135986328125
4452,4096_4352_2560_2816,MSAVI,65536,61534,66.0,61600.0,3936.0,worst,0.938934326171875,0.001007080078125,0.06005859375
4453,4096_4352_2816_3072,MSAVI,65536,61803,207.0,62010.0,3526.0,worst,0.9430389404296875,0.0031585693359375,0.053802490234375
4454,4096_4352_3072_3328,MSAVI,65536,48248,14353.0,62601.0,2935.0,worst,0.7362060546875,0.2190093994140625,0.0447845458984375
4455,4096_4352_3328_3584,MSAVI,65536,47736,9358.0,57094.0,8442.0,worst,0.7283935546875,0.142791748046875,0.128814697265625
4456,4096_4352_3584_3840,MSAVI,65536,38674,6283.0,44957.0,20579.0,worst,0.590118408203125,0.0958709716796875,0.3140106201171875
4457,4096_4352_3840_4096,MSAVI,65536,36000,7319.0,43319.0,22217.0,worst,0.54931640625,0.1116790771484375,0.3390045166015625
4458,4096_4352_4096_4352,MSAVI,65536,38640,11809.0,50449.0,15087.0,worst,0.589599609375,0.1801910400390625,0.2302093505859375
4459,4096_4352_4352_4608,MSAVI,65536,40062,11633.0,51695.0,13841.0,worst,0.611297607421875,0.1775054931640625,0.2111968994140625
4460,4096_4352_4608_4864,MSAVI,65536,36263,12664.0,48927.0,16609.0,worst,0.5533294677734375,0.1932373046875,0.2534332275390625
4461,4096_4352_4864_5120,MSAVI,65536,38191,5066.0,43257.0,22279.0,worst,0.5827484130859375,0.077301025390625,0.3399505615234375
4462,4096_4352_5120_5376,MSAVI,65536,35821,12059.0,47880.0,17656.0,worst,0.5465850830078125,0.1840057373046875,0.2694091796875
4463,4096_4352_5376_5632,MSAVI,65536,37009,21255.0,58264.0,7272.0,worst,0.5647125244140625,0.3243255615234375,0.1109619140625
4464,4096_4352_5632_5888,MSAVI,65536,36214,7856.0,44070.0,21466.0,worst,0.552581787109375,0.119873046875,0.327545166015625
4465,4096_4352_5888_6144,MSAVI,65536,40140,6375.0,46515.0,19021.0,worst,0.61248779296875,0.0972747802734375,0.2902374267578125
4466,4096_4352_6144_6400,MSAVI,65536,36813,8337.0,45150.0,20386.0,worst,0.5617218017578125,0.1272125244140625,0.311065673828125
4467,4096_4352_6400_6656,MSAVI,65536,35246,11529.0,46775.0,18761.0,worst,0.537811279296875,0.1759185791015625,0.2862701416015625
4468,4096_4352_6656_6912,MSAVI,65536,34105,9752.0,43857.0,21679.0,worst,0.5204010009765625,0.1488037109375,0.3307952880859375
4469,4096_4352_6912_7168,MSAVI,65536,40650,7949.0,48599.0,16937.0,worst,0.620269775390625,0.1212921142578125,0.2584381103515625
4470,4096_4352_7168_7424,MSAVI,65536,41576,9227.0,50803.0,14733.0,worst,0.6343994140625,0.1407928466796875,0.2248077392578125
4471,4096_4352_7424_7680,MSAVI,65536,32830,17984.0,50814.0,14722.0,worst,0.500946044921875,0.2744140625,0.224639892578125
4472,4096_4352_7680_7936,MSAVI,65536,39654,13341.0,52995.0,12541.0,worst,0.605072021484375,0.2035675048828125,0.1913604736328125
4473,4096_4352_7936_8192,MSAVI,65536,35848,8714.0,44562.0,20974.0,worst,0.5469970703125,0.132965087890625,0.320037841796875
4474,4096_4352_8192_8448,MSAVI,65536,35554,7977.0,43531.0,22005.0,worst,0.542510986328125,0.1217193603515625,0.3357696533203125
4475,4096_4352_8448_8704,MSAVI,65536,28783,8989.0,37772.0,27764.0,worst,0.4391937255859375,0.1371612548828125,0.42364501953125
4476,4096_4352_8704_8960,MSAVI,65536,32789,17583.0,50372.0,15164.0,worst,0.5003204345703125,0.2682952880859375,0.23138427734375
4477,4096_4352_8960_9216,MSAVI,65536,35650,15857.0,51507.0,14029.0,worst,0.543975830078125,0.2419586181640625,0.2140655517578125
4478,4352_4608_0_256,MSAVI,65536,48824,947.0,49771.0,15765.0,worst,0.7449951171875,0.0144500732421875,0.2405548095703125
4479,4352_4608_256_512,MSAVI,65536,47876,837.0,48713.0,16823.0,worst,0.73052978515625,0.0127716064453125,0.2566986083984375
4480,4352_4608_512_768,MSAVI,65536,48960,334.0,49294.0,16242.0,worst,0.7470703125,0.005096435546875,0.247833251953125
4481,4352_4608_768_1024,MSAVI,65536,43601,953.0,44554.0,20982.0,worst,0.6652984619140625,0.0145416259765625,0.320159912109375
4482,4352_4608_1024_1280,MSAVI,65536,52817,512.0,53329.0,12207.0,worst,0.8059234619140625,0.0078125,0.1862640380859375
4483,4352_4608_1280_1536,MSAVI,65536,58519,324.0,58843.0,6693.0,worst,0.8929290771484375,0.00494384765625,0.1021270751953125
4484,4352_4608_1536_1792,MSAVI,65536,61579,0.0,61579.0,3957.0,worst,0.9396209716796875,0.0,0.0603790283203125
4485,4352_4608_1792_2048,MSAVI,65536,61153,0.0,61153.0,4383.0,worst,0.9331207275390625,0.0,0.0668792724609375
4486,4352_4608_2048_2304,MSAVI,65536,51649,4119.0,55768.0,9768.0,worst,0.7881011962890625,0.0628509521484375,0.1490478515625
4487,4352_4608_2304_2560,MSAVI,65536,61459,0.0,61459.0,4077.0,worst,0.9377899169921875,0.0,0.0622100830078125
4488,4352_4608_2560_2816,MSAVI,65536,57197,2815.0,60012.0,5524.0,worst,0.8727569580078125,0.0429534912109375,0.08428955078125
4489,4352_4608_2816_3072,MSAVI,65536,46704,13868.0,60572.0,4964.0,worst,0.712646484375,0.21160888671875,0.07574462890625
4490,4352_4608_3072_3328,MSAVI,65536,46932,8324.0,55256.0,10280.0,worst,0.71612548828125,0.12701416015625,0.1568603515625
4491,4352_4608_3328_3584,MSAVI,65536,41816,3484.0,45300.0,20236.0,worst,0.6380615234375,0.05316162109375,0.30877685546875
4492,4352_4608_3584_3840,MSAVI,65536,36649,5863.0,42512.0,23024.0,worst,0.5592193603515625,0.0894622802734375,0.351318359375
4493,4352_4608_3840_4096,MSAVI,65536,41893,4435.0,46328.0,19208.0,worst,0.6392364501953125,0.0676727294921875,0.2930908203125
4494,4352_4608_4096_4352,MSAVI,65536,42433,5146.0,47579.0,17957.0,worst,0.6474761962890625,0.078521728515625,0.2740020751953125
4495,4352_4608_4352_4608,MSAVI,65536,37232,6116.0,43348.0,22188.0,worst,0.568115234375,0.09332275390625,0.33856201171875
4496,4352_4608_4608_4864,MSAVI,65536,37003,10623.0,47626.0,17910.0,worst,0.5646209716796875,0.1620941162109375,0.273284912109375
4497,4352_4608_4864_5120,MSAVI,65536,37945,8861.0,46806.0,18730.0,worst,0.5789947509765625,0.1352081298828125,0.285797119140625
4498,4352_4608_5120_5376,MSAVI,65536,35808,15342.0,51150.0,14386.0,worst,0.54638671875,0.234100341796875,0.219512939453125
4499,4352_4608_5376_5632,MSAVI,65536,39624,20225.0,59849.0,5687.0,worst,0.6046142578125,0.3086090087890625,0.0867767333984375
4500,4352_4608_5632_5888,MSAVI,65536,38741,10149.0,48890.0,16646.0,worst,0.5911407470703125,0.1548614501953125,0.253997802734375
4501,4352_4608_5888_6144,MSAVI,65536,37020,12625.0,49645.0,15891.0,worst,0.56488037109375,0.1926422119140625,0.2424774169921875
4502,4352_4608_6144_6400,MSAVI,65536,38504,10251.0,48755.0,16781.0,worst,0.5875244140625,0.1564178466796875,0.2560577392578125
4503,4352_4608_6400_6656,MSAVI,65536,37190,12031.0,49221.0,16315.0,worst,0.567474365234375,0.1835784912109375,0.2489471435546875
4504,4352_4608_6656_6912,MSAVI,65536,34688,11892.0,46580.0,18956.0,worst,0.529296875,0.18145751953125,0.28924560546875
4505,4352_4608_6912_7168,MSAVI,65536,34479,9314.0,43793.0,21743.0,worst,0.5261077880859375,0.142120361328125,0.3317718505859375
4506,4352_4608_7168_7424,MSAVI,65536,42455,9980.0,52435.0,13101.0,worst,0.6478118896484375,0.15228271484375,0.1999053955078125
4507,4352_4608_7424_7680,MSAVI,65536,38182,11306.0,49488.0,16048.0,worst,0.582611083984375,0.172515869140625,0.244873046875
4508,4352_4608_7680_7936,MSAVI,65536,34355,12565.0,46920.0,18616.0,worst,0.5242156982421875,0.1917266845703125,0.2840576171875
4509,4352_4608_7936_8192,MSAVI,65536,35773,10684.0,46457.0,19079.0,worst,0.5458526611328125,0.16302490234375,0.2911224365234375
4510,4352_4608_8192_8448,MSAVI,65536,34516,12499.0,47015.0,18521.0,worst,0.52667236328125,0.1907196044921875,0.2826080322265625
4511,4352_4608_8448_8704,MSAVI,65536,30014,8554.0,38568.0,26968.0,worst,0.457977294921875,0.130523681640625,0.4114990234375
4512,4352_4608_8704_8960,MSAVI,65536,30384,2054.0,32438.0,33098.0,worst,0.463623046875,0.031341552734375,0.505035400390625
4513,4352_4608_8960_9216,MSAVI,65536,31142,13521.0,44663.0,20873.0,worst,0.475189208984375,0.2063140869140625,0.3184967041015625
4514,4608_4864_0_256,MSAVI,65536,49279,189.0,49468.0,16068.0,worst,0.7519378662109375,0.0028839111328125,0.24517822265625
4515,4608_4864_256_512,MSAVI,65536,51493,401.0,51894.0,13642.0,worst,0.7857208251953125,0.0061187744140625,0.208160400390625
4516,4608_4864_512_768,MSAVI,65536,55766,0.0,55766.0,9770.0,worst,0.850921630859375,0.0,0.149078369140625
4517,4608_4864_768_1024,MSAVI,65536,49437,998.0,50435.0,15101.0,worst,0.7543487548828125,0.015228271484375,0.2304229736328125
4518,4608_4864_1024_1280,MSAVI,65536,44424,2153.0,46577.0,18959.0,worst,0.6778564453125,0.0328521728515625,0.2892913818359375
4519,4608_4864_1280_1536,MSAVI,65536,56336,0.0,56336.0,9200.0,worst,0.859619140625,0.0,0.140380859375
4520,4608_4864_1536_1792,MSAVI,65536,58925,674.0,59599.0,5937.0,worst,0.8991241455078125,0.010284423828125,0.0905914306640625
4521,4608_4864_1792_2048,MSAVI,65536,55529,859.0,56388.0,9148.0,worst,0.8473052978515625,0.0131072998046875,0.13958740234375
4522,4608_4864_2048_2304,MSAVI,65536,54487,1694.0,56181.0,9355.0,worst,0.8314056396484375,0.025848388671875,0.1427459716796875
4523,4608_4864_2304_2560,MSAVI,65536,57256,429.0,57685.0,7851.0,worst,0.8736572265625,0.0065460205078125,0.1197967529296875
4524,4608_4864_2560_2816,MSAVI,65536,53936,5469.0,59405.0,6131.0,worst,0.822998046875,0.0834503173828125,0.0935516357421875
4525,4608_4864_2816_3072,MSAVI,65536,38193,18719.0,56912.0,8624.0,worst,0.5827789306640625,0.2856292724609375,0.131591796875
4526,4608_4864_3072_3328,MSAVI,65536,47532,13555.0,61087.0,4449.0,worst,0.72528076171875,0.2068328857421875,0.0678863525390625
4527,4608_4864_3328_3584,MSAVI,65536,42217,10057.0,52274.0,13262.0,worst,0.6441802978515625,0.1534576416015625,0.202362060546875
4528,4608_4864_3584_3840,MSAVI,65536,45622,4517.0,50139.0,15397.0,worst,0.696136474609375,0.0689239501953125,0.2349395751953125
4529,4608_4864_3840_4096,MSAVI,65536,45791,7242.0,53033.0,12503.0,worst,0.6987152099609375,0.110504150390625,0.1907806396484375
4530,4608_4864_4096_4352,MSAVI,65536,39267,11244.0,50511.0,15025.0,worst,0.5991668701171875,0.17156982421875,0.2292633056640625
4531,4608_4864_4352_4608,MSAVI,65536,36796,9988.0,46784.0,18752.0,worst,0.56146240234375,0.15240478515625,0.2861328125
4532,4608_4864_4608_4864,MSAVI,65536,36183,10736.0,46919.0,18617.0,worst,0.5521087646484375,0.163818359375,0.2840728759765625
4533,4608_4864_4864_5120,MSAVI,65536,32559,13776.0,46335.0,19201.0,worst,0.4968109130859375,0.210205078125,0.2929840087890625
4534,4608_4864_5120_5376,MSAVI,65536,36931,15437.0,52368.0,13168.0,worst,0.5635223388671875,0.2355499267578125,0.200927734375
4535,4608_4864_5376_5632,MSAVI,65536,40501,7892.0,48393.0,17143.0,worst,0.6179962158203125,0.12042236328125,0.2615814208984375
4536,4608_4864_5632_5888,MSAVI,65536,38255,12671.0,50926.0,14610.0,worst,0.5837249755859375,0.1933441162109375,0.222930908203125
4537,4608_4864_5888_6144,MSAVI,65536,37277,11154.0,48431.0,17105.0,worst,0.5688018798828125,0.170196533203125,0.2610015869140625
4538,4608_4864_6144_6400,MSAVI,65536,36077,13810.0,49887.0,15649.0,worst,0.5504913330078125,0.210723876953125,0.2387847900390625
4539,4608_4864_6400_6656,MSAVI,65536,34348,14305.0,48653.0,16883.0,worst,0.52410888671875,0.2182769775390625,0.2576141357421875
4540,4608_4864_6656_6912,MSAVI,65536,37357,10383.0,47740.0,17796.0,worst,0.5700225830078125,0.1584320068359375,0.27154541015625
4541,4608_4864_6912_7168,MSAVI,65536,36409,8067.0,44476.0,21060.0,worst,0.5555572509765625,0.1230926513671875,0.32135009765625
4542,4608_4864_7168_7424,MSAVI,65536,36431,6874.0,43305.0,22231.0,worst,0.5558929443359375,0.104888916015625,0.3392181396484375
4543,4608_4864_7424_7680,MSAVI,65536,45320,8479.0,53799.0,11737.0,worst,0.6915283203125,0.1293792724609375,0.1790924072265625
4544,4608_4864_7680_7936,MSAVI,65536,31251,22152.0,53403.0,12133.0,worst,0.4768524169921875,0.3380126953125,0.1851348876953125
4545,4608_4864_7936_8192,MSAVI,65536,37023,6885.0,43908.0,21628.0,worst,0.5649261474609375,0.1050567626953125,0.33001708984375
4546,4608_4864_8192_8448,MSAVI,65536,35164,12805.0,47969.0,17567.0,worst,0.53656005859375,0.1953887939453125,0.2680511474609375
4547,4608_4864_8448_8704,MSAVI,65536,34210,10087.0,44297.0,21239.0,worst,0.522003173828125,0.1539154052734375,0.3240814208984375
4548,4608_4864_8704_8960,MSAVI,65536,30989,15462.0,46451.0,19085.0,worst,0.4728546142578125,0.235931396484375,0.2912139892578125
4549,4608_4864_8960_9216,MSAVI,65536,33112,16184.0,49296.0,16240.0,worst,0.5052490234375,0.2469482421875,0.247802734375
4550,4864_5120_0_256,MSAVI,65536,50934,443.0,51377.0,14159.0,worst,0.777191162109375,0.0067596435546875,0.2160491943359375
4551,4864_5120_256_512,MSAVI,65536,51848,540.0,52388.0,13148.0,worst,0.7911376953125,0.00823974609375,0.20062255859375
4552,4864_5120_512_768,MSAVI,65536,55001,446.0,55447.0,10089.0,worst,0.8392486572265625,0.006805419921875,0.1539459228515625
4553,4864_5120_768_1024,MSAVI,65536,55150,612.0,55762.0,9774.0,worst,0.841522216796875,0.00933837890625,0.149139404296875
4554,4864_5120_1024_1280,MSAVI,65536,49115,634.0,49749.0,15787.0,worst,0.7494354248046875,0.009674072265625,0.2408905029296875
4555,4864_5120_1280_1536,MSAVI,65536,52738,241.0,52979.0,12557.0,worst,0.804718017578125,0.0036773681640625,0.1916046142578125
4556,4864_5120_1536_1792,MSAVI,65536,61723,276.0,61999.0,3537.0,worst,0.9418182373046875,0.00421142578125,0.0539703369140625
4557,4864_5120_1792_2048,MSAVI,65536,61204,75.0,61279.0,4257.0,worst,0.93389892578125,0.0011444091796875,0.0649566650390625
4558,4864_5120_2048_2304,MSAVI,65536,53117,516.0,53633.0,11903.0,worst,0.8105010986328125,0.00787353515625,0.1816253662109375
4559,4864_5120_2304_2560,MSAVI,65536,52278,1418.0,53696.0,11840.0,worst,0.797698974609375,0.021636962890625,0.1806640625
4560,4864_5120_2560_2816,MSAVI,65536,61629,81.0,61710.0,3826.0,worst,0.9403839111328125,0.0012359619140625,0.058380126953125
4561,4864_5120_2816_3072,MSAVI,65536,55351,1915.0,57266.0,8270.0,worst,0.8445892333984375,0.0292205810546875,0.126190185546875
4562,4864_5120_3072_3328,MSAVI,65536,54333,4719.0,59052.0,6484.0,worst,0.8290557861328125,0.0720062255859375,0.09893798828125
4563,4864_5120_3328_3584,MSAVI,65536,42228,6218.0,48446.0,17090.0,worst,0.64434814453125,0.094879150390625,0.260772705078125
4564,4864_5120_3584_3840,MSAVI,65536,47580,7332.0,54912.0,10624.0,worst,0.72601318359375,0.11187744140625,0.162109375
4565,4864_5120_3840_4096,MSAVI,65536,48975,5898.0,54873.0,10663.0,worst,0.7472991943359375,0.089996337890625,0.1627044677734375
4566,4864_5120_4096_4352,MSAVI,65536,43035,13106.0,56141.0,9395.0,worst,0.6566619873046875,0.199981689453125,0.1433563232421875
4567,4864_5120_4352_4608,MSAVI,65536,35949,13572.0,49521.0,16015.0,worst,0.5485382080078125,0.20709228515625,0.2443695068359375
4568,4864_5120_4608_4864,MSAVI,65536,34020,9730.0,43750.0,21786.0,worst,0.51910400390625,0.148468017578125,0.332427978515625
4569,4864_5120_4864_5120,MSAVI,65536,35118,7493.0,42611.0,22925.0,worst,0.535858154296875,0.1143341064453125,0.3498077392578125
4570,4864_5120_5120_5376,MSAVI,65536,35339,13774.0,49113.0,16423.0,worst,0.5392303466796875,0.210174560546875,0.2505950927734375
4571,4864_5120_5376_5632,MSAVI,65536,38278,16666.0,54944.0,10592.0,worst,0.584075927734375,0.254302978515625,0.16162109375
4572,4864_5120_5632_5888,MSAVI,65536,34470,15406.0,49876.0,15660.0,worst,0.525970458984375,0.235076904296875,0.23895263671875
4573,4864_5120_5888_6144,MSAVI,65536,35450,12601.0,48051.0,17485.0,worst,0.540924072265625,0.1922760009765625,0.2667999267578125
4574,4864_5120_6144_6400,MSAVI,65536,34383,11597.0,45980.0,19556.0,worst,0.5246429443359375,0.1769561767578125,0.29840087890625
4575,4864_5120_6400_6656,MSAVI,65536,41549,13928.0,55477.0,10059.0,worst,0.6339874267578125,0.2125244140625,0.1534881591796875
4576,4864_5120_6656_6912,MSAVI,65536,32369,15947.0,48316.0,17220.0,worst,0.4939117431640625,0.2433319091796875,0.26275634765625
4577,4864_5120_6912_7168,MSAVI,65536,34248,14900.0,49148.0,16388.0,worst,0.5225830078125,0.22735595703125,0.25006103515625
4578,4864_5120_7168_7424,MSAVI,65536,31646,11968.0,43614.0,21922.0,worst,0.482879638671875,0.1826171875,0.334503173828125
4579,4864_5120_7424_7680,MSAVI,65536,40836,7872.0,48708.0,16828.0,worst,0.62310791015625,0.1201171875,0.25677490234375
4580,4864_5120_7680_7936,MSAVI,65536,37909,9313.0,47222.0,18314.0,worst,0.5784454345703125,0.1421051025390625,0.279449462890625
4581,4864_5120_7936_8192,MSAVI,65536,47574,4428.0,52002.0,13534.0,worst,0.725921630859375,0.06756591796875,0.206512451171875
4582,4864_5120_8192_8448,MSAVI,65536,38354,11747.0,50101.0,15435.0,worst,0.585235595703125,0.1792449951171875,0.2355194091796875
4583,4864_5120_8448_8704,MSAVI,65536,34409,17032.0,51441.0,14095.0,worst,0.5250396728515625,0.2598876953125,0.2150726318359375
4584,4864_5120_8704_8960,MSAVI,65536,34520,13744.0,48264.0,17272.0,worst,0.5267333984375,0.209716796875,0.2635498046875
4585,4864_5120_8960_9216,MSAVI,65536,36556,13907.0,50463.0,15073.0,worst,0.55780029296875,0.2122039794921875,0.2299957275390625
4586,5120_5376_0_256,MSAVI,65536,49359,622.0,49981.0,15555.0,worst,0.7531585693359375,0.009490966796875,0.2373504638671875
4587,5120_5376_256_512,MSAVI,65536,49160,116.0,49276.0,16260.0,worst,0.7501220703125,0.00177001953125,0.24810791015625
4588,5120_5376_512_768,MSAVI,65536,53092,178.0,53270.0,12266.0,worst,0.81011962890625,0.002716064453125,0.187164306640625
4589,5120_5376_768_1024,MSAVI,65536,58839,620.0,59459.0,6077.0,worst,0.8978118896484375,0.00946044921875,0.0927276611328125
4590,5120_5376_1024_1280,MSAVI,65536,55856,225.0,56081.0,9455.0,worst,0.852294921875,0.0034332275390625,0.1442718505859375
4591,5120_5376_1280_1536,MSAVI,65536,54446,0.0,54446.0,11090.0,worst,0.830780029296875,0.0,0.169219970703125
4592,5120_5376_1536_1792,MSAVI,65536,57493,0.0,57493.0,8043.0,worst,0.8772735595703125,0.0,0.1227264404296875
4593,5120_5376_1792_2048,MSAVI,65536,53824,2063.0,55887.0,9649.0,worst,0.8212890625,0.0314788818359375,0.1472320556640625
4594,5120_5376_2048_2304,MSAVI,65536,58695,638.0,59333.0,6203.0,worst,0.8956146240234375,0.009735107421875,0.0946502685546875
4595,5120_5376_2304_2560,MSAVI,65536,55504,735.0,56239.0,9297.0,worst,0.846923828125,0.0112152099609375,0.1418609619140625
4596,5120_5376_2560_2816,MSAVI,65536,58219,569.0,58788.0,6748.0,worst,0.8883514404296875,0.0086822509765625,0.10296630859375
4597,5120_5376_2816_3072,MSAVI,65536,56851,1461.0,58312.0,7224.0,worst,0.8674774169921875,0.0222930908203125,0.1102294921875
4598,5120_5376_3072_3328,MSAVI,65536,56467,302.0,56769.0,8767.0,worst,0.8616180419921875,0.004608154296875,0.1337738037109375
4599,5120_5376_3328_3584,MSAVI,65536,45650,3250.0,48900.0,16636.0,worst,0.696563720703125,0.049591064453125,0.25384521484375
4600,5120_5376_3584_3840,MSAVI,65536,53094,2318.0,55412.0,10124.0,worst,0.810150146484375,0.035369873046875,0.15447998046875
4601,5120_5376_3840_4096,MSAVI,65536,45837,10635.0,56472.0,9064.0,worst,0.6994171142578125,0.1622772216796875,0.1383056640625
4602,5120_5376_4096_4352,MSAVI,65536,41538,15170.0,56708.0,8828.0,worst,0.633819580078125,0.231475830078125,0.13470458984375
4603,5120_5376_4352_4608,MSAVI,65536,35825,12425.0,48250.0,17286.0,worst,0.5466461181640625,0.1895904541015625,0.263763427734375
4604,5120_5376_4608_4864,MSAVI,65536,41087,4068.0,45155.0,20381.0,worst,0.6269378662109375,0.06207275390625,0.3109893798828125
4605,5120_5376_4864_5120,MSAVI,65536,37057,8485.0,45542.0,19994.0,worst,0.5654449462890625,0.1294708251953125,0.305084228515625
4606,5120_5376_5120_5376,MSAVI,65536,37842,10218.0,48060.0,17476.0,worst,0.577423095703125,0.155914306640625,0.26666259765625
4607,5120_5376_5376_5632,MSAVI,65536,37453,22778.0,60231.0,5305.0,worst,0.5714874267578125,0.347564697265625,0.0809478759765625
4608,5120_5376_5632_5888,MSAVI,65536,40725,11734.0,52459.0,13077.0,worst,0.6214141845703125,0.179046630859375,0.1995391845703125
4609,5120_5376_5888_6144,MSAVI,65536,38430,18900.0,57330.0,8206.0,worst,0.586395263671875,0.28839111328125,0.125213623046875
4610,5120_5376_6144_6400,MSAVI,65536,34906,13969.0,48875.0,16661.0,worst,0.532623291015625,0.2131500244140625,0.2542266845703125
4611,5120_5376_6400_6656,MSAVI,65536,31942,17593.0,49535.0,16001.0,worst,0.487396240234375,0.2684478759765625,0.2441558837890625
4612,5120_5376_6656_6912,MSAVI,65536,36438,13187.0,49625.0,15911.0,worst,0.555999755859375,0.2012176513671875,0.2427825927734375
4613,5120_5376_6912_7168,MSAVI,65536,33645,18132.0,51777.0,13759.0,worst,0.5133819580078125,0.27667236328125,0.2099456787109375
4614,5120_5376_7168_7424,MSAVI,65536,31756,11870.0,43626.0,21910.0,worst,0.48455810546875,0.181121826171875,0.334320068359375
4615,5120_5376_7424_7680,MSAVI,65536,35545,10436.0,45981.0,19555.0,worst,0.5423736572265625,0.15924072265625,0.2983856201171875
4616,5120_5376_7680_7936,MSAVI,65536,37037,7507.0,44544.0,20992.0,worst,0.5651397705078125,0.1145477294921875,0.3203125
4617,5120_5376_7936_8192,MSAVI,65536,46934,7143.0,54077.0,11459.0,worst,0.716156005859375,0.1089935302734375,0.1748504638671875
4618,5120_5376_8192_8448,MSAVI,65536,36115,12807.0,48922.0,16614.0,worst,0.5510711669921875,0.1954193115234375,0.253509521484375
4619,5120_5376_8448_8704,MSAVI,65536,34723,10730.0,45453.0,20083.0,worst,0.5298309326171875,0.163726806640625,0.3064422607421875
4620,5120_5376_8704_8960,MSAVI,65536,35743,14982.0,50725.0,14811.0,worst,0.5453948974609375,0.228607177734375,0.2259979248046875
4621,5120_5376_8960_9216,MSAVI,65536,35862,20834.0,56696.0,8840.0,worst,0.547210693359375,0.317901611328125,0.1348876953125
4622,5376_5632_0_256,MSAVI,65536,43875,6815.0,50690.0,14846.0,worst,0.6694793701171875,0.1039886474609375,0.226531982421875
4623,5376_5632_256_512,MSAVI,65536,44653,8211.0,52864.0,12672.0,worst,0.6813507080078125,0.1252899169921875,0.193359375
4624,5376_5632_512_768,MSAVI,65536,53822,631.0,54453.0,11083.0,worst,0.821258544921875,0.0096282958984375,0.1691131591796875
4625,5376_5632_768_1024,MSAVI,65536,53739,55.0,53794.0,11742.0,worst,0.8199920654296875,0.0008392333984375,0.179168701171875
4626,5376_5632_1024_1280,MSAVI,65536,45513,13844.0,59357.0,6179.0,worst,0.6944732666015625,0.21124267578125,0.0942840576171875
4627,5376_5632_1280_1536,MSAVI,65536,48407,9604.0,58011.0,7525.0,worst,0.7386322021484375,0.14654541015625,0.1148223876953125
4628,5376_5632_1536_1792,MSAVI,65536,40790,14144.0,54934.0,10602.0,worst,0.622406005859375,0.2158203125,0.161773681640625
4629,5376_5632_1792_2048,MSAVI,65536,50261,8032.0,58293.0,7243.0,worst,0.7669219970703125,0.12255859375,0.1105194091796875
4630,5376_5632_2048_2304,MSAVI,65536,56178,824.0,57002.0,8534.0,worst,0.857208251953125,0.0125732421875,0.130218505859375
4631,5376_5632_2304_2560,MSAVI,65536,56122,171.0,56293.0,9243.0,worst,0.856353759765625,0.0026092529296875,0.1410369873046875
4632,5376_5632_2560_2816,MSAVI,65536,58136,0.0,58136.0,7400.0,worst,0.8870849609375,0.0,0.1129150390625
4633,5376_5632_2816_3072,MSAVI,65536,60913,0.0,60913.0,4623.0,worst,0.9294586181640625,0.0,0.0705413818359375
4634,5376_5632_3072_3328,MSAVI,65536,56916,350.0,57266.0,8270.0,worst,0.86846923828125,0.005340576171875,0.126190185546875
4635,5376_5632_3328_3584,MSAVI,65536,51167,87.0,51254.0,14282.0,worst,0.7807464599609375,0.0013275146484375,0.217926025390625
4636,5376_5632_3584_3840,MSAVI,65536,51583,55.0,51638.0,13898.0,worst,0.7870941162109375,0.0008392333984375,0.212066650390625
4637,5376_5632_3840_4096,MSAVI,65536,45641,1490.0,47131.0,18405.0,worst,0.6964263916015625,0.022735595703125,0.2808380126953125
4638,5376_5632_4096_4352,MSAVI,65536,38539,10127.0,48666.0,16870.0,worst,0.5880584716796875,0.1545257568359375,0.257415771484375
4639,5376_5632_4352_4608,MSAVI,65536,40343,6704.0,47047.0,18489.0,worst,0.6155853271484375,0.102294921875,0.2821197509765625
4640,5376_5632_4608_4864,MSAVI,65536,40712,4155.0,44867.0,20669.0,worst,0.6212158203125,0.0634002685546875,0.3153839111328125
4641,5376_5632_4864_5120,MSAVI,65536,30369,14240.0,44609.0,20927.0,worst,0.4633941650390625,0.21728515625,0.3193206787109375
4642,5376_5632_5120_5376,MSAVI,65536,34112,13379.0,47491.0,18045.0,worst,0.5205078125,0.2041473388671875,0.2753448486328125
4643,5376_5632_5376_5632,MSAVI,65536,38604,18788.0,57392.0,8144.0,worst,0.58905029296875,0.28668212890625,0.124267578125
4644,5376_5632_5632_5888,MSAVI,65536,35511,17970.0,53481.0,12055.0,worst,0.5418548583984375,0.274200439453125,0.1839447021484375
4645,5376_5632_5888_6144,MSAVI,65536,38983,12417.0,51400.0,14136.0,worst,0.5948333740234375,0.1894683837890625,0.2156982421875
4646,5376_5632_6144_6400,MSAVI,65536,32684,18293.0,50977.0,14559.0,worst,0.49871826171875,0.2791290283203125,0.2221527099609375
4647,5376_5632_6400_6656,MSAVI,65536,31471,11060.0,42531.0,23005.0,worst,0.4802093505859375,0.16876220703125,0.3510284423828125
4648,5376_5632_6656_6912,MSAVI,65536,32008,12156.0,44164.0,21372.0,worst,0.4884033203125,0.18548583984375,0.32611083984375
4649,5376_5632_6912_7168,MSAVI,65536,34719,10826.0,45545.0,19991.0,worst,0.5297698974609375,0.165191650390625,0.3050384521484375
4650,5376_5632_7168_7424,MSAVI,65536,35985,14336.0,50321.0,15215.0,worst,0.5490875244140625,0.21875,0.2321624755859375
4651,5376_5632_7424_7680,MSAVI,65536,31018,11817.0,42835.0,22701.0,worst,0.473297119140625,0.1803131103515625,0.3463897705078125
4652,5376_5632_7680_7936,MSAVI,65536,34795,13971.0,48766.0,16770.0,worst,0.5309295654296875,0.2131805419921875,0.255889892578125
4653,5376_5632_7936_8192,MSAVI,65536,47385,8391.0,55776.0,9760.0,worst,0.7230377197265625,0.1280364990234375,0.14892578125
4654,5376_5632_8192_8448,MSAVI,65536,37129,11950.0,49079.0,16457.0,worst,0.5665435791015625,0.182342529296875,0.2511138916015625
4655,5376_5632_8448_8704,MSAVI,65536,38660,13059.0,51719.0,13817.0,worst,0.58990478515625,0.1992645263671875,0.2108306884765625
4656,5376_5632_8704_8960,MSAVI,65536,35032,7070.0,42102.0,23434.0,worst,0.5345458984375,0.107879638671875,0.357574462890625
4657,5376_5632_8960_9216,MSAVI,65536,32995,10882.0,43877.0,21659.0,worst,0.5034637451171875,0.166046142578125,0.3304901123046875
4658,5632_5888_0_256,MSAVI,65536,29496,2128.0,31624.0,33912.0,worst,0.4500732421875,0.032470703125,0.5174560546875
4659,5632_5888_256_512,MSAVI,65536,30055,26905.0,56960.0,8576.0,worst,0.4586029052734375,0.4105377197265625,0.130859375
4660,5632_5888_512_768,MSAVI,65536,40292,17910.0,58202.0,7334.0,worst,0.61480712890625,0.273284912109375,0.111907958984375
4661,5632_5888_768_1024,MSAVI,65536,49660,6073.0,55733.0,9803.0,worst,0.75775146484375,0.0926666259765625,0.1495819091796875
4662,5632_5888_1024_1280,MSAVI,65536,50059,376.0,50435.0,15101.0,worst,0.7638397216796875,0.0057373046875,0.2304229736328125
4663,5632_5888_1280_1536,MSAVI,65536,37767,13370.0,51137.0,14399.0,worst,0.5762786865234375,0.204010009765625,0.2197113037109375
4664,5632_5888_1536_1792,MSAVI,65536,41181,14101.0,55282.0,10254.0,worst,0.6283721923828125,0.2151641845703125,0.156463623046875
4665,5632_5888_1792_2048,MSAVI,65536,45110,13755.0,58865.0,6671.0,worst,0.688323974609375,0.2098846435546875,0.1017913818359375
4666,5632_5888_2048_2304,MSAVI,65536,50554,8684.0,59238.0,6298.0,worst,0.771392822265625,0.13250732421875,0.096099853515625
4667,5632_5888_2304_2560,MSAVI,65536,57461,347.0,57808.0,7728.0,worst,0.8767852783203125,0.0052947998046875,0.117919921875
4668,5632_5888_2560_2816,MSAVI,65536,54673,184.0,54857.0,10679.0,worst,0.8342437744140625,0.0028076171875,0.1629486083984375
4669,5632_5888_2816_3072,MSAVI,65536,52355,890.0,53245.0,12291.0,worst,0.7988739013671875,0.013580322265625,0.1875457763671875
4670,5632_5888_3072_3328,MSAVI,65536,54292,685.0,54977.0,10559.0,worst,0.82843017578125,0.0104522705078125,0.1611175537109375
4671,5632_5888_3328_3584,MSAVI,65536,45643,3601.0,49244.0,16292.0,worst,0.6964569091796875,0.0549468994140625,0.24859619140625
4672,5632_5888_3584_3840,MSAVI,65536,39744,10116.0,49860.0,15676.0,worst,0.6064453125,0.15435791015625,0.23919677734375
4673,5632_5888_3840_4096,MSAVI,65536,32335,9266.0,41601.0,23935.0,worst,0.4933929443359375,0.141387939453125,0.3652191162109375
4674,5632_5888_4096_4352,MSAVI,65536,39561,13204.0,52765.0,12771.0,worst,0.6036529541015625,0.20147705078125,0.1948699951171875
4675,5632_5888_4352_4608,MSAVI,65536,39098,7213.0,46311.0,19225.0,worst,0.596588134765625,0.1100616455078125,0.2933502197265625
4676,5632_5888_4608_4864,MSAVI,65536,36084,5386.0,41470.0,24066.0,worst,0.55059814453125,0.082183837890625,0.367218017578125
4677,5632_5888_4864_5120,MSAVI,65536,34935,10017.0,44952.0,20584.0,worst,0.5330657958984375,0.1528472900390625,0.3140869140625
4678,5632_5888_5120_5376,MSAVI,65536,32152,10516.0,42668.0,22868.0,worst,0.4906005859375,0.16046142578125,0.34893798828125
4679,5632_5888_5376_5632,MSAVI,65536,42646,8751.0,51397.0,14139.0,worst,0.650726318359375,0.1335296630859375,0.2157440185546875
4680,5632_5888_5632_5888,MSAVI,65536,41039,11669.0,52708.0,12828.0,worst,0.6262054443359375,0.1780548095703125,0.19573974609375
4681,5632_5888_5888_6144,MSAVI,65536,31807,15429.0,47236.0,18300.0,worst,0.4853363037109375,0.2354278564453125,0.27923583984375
4682,5632_5888_6144_6400,MSAVI,65536,38367,11311.0,49678.0,15858.0,worst,0.5854339599609375,0.1725921630859375,0.241973876953125
4683,5632_5888_6400_6656,MSAVI,65536,38843,15350.0,54193.0,11343.0,worst,0.5926971435546875,0.234222412109375,0.1730804443359375
4684,5632_5888_6656_6912,MSAVI,65536,34729,13985.0,48714.0,16822.0,worst,0.5299224853515625,0.2133941650390625,0.256683349609375
4685,5632_5888_6912_7168,MSAVI,65536,35307,12484.0,47791.0,17745.0,worst,0.5387420654296875,0.19049072265625,0.2707672119140625
4686,5632_5888_7168_7424,MSAVI,65536,35938,14313.0,50251.0,15285.0,worst,0.548370361328125,0.2183990478515625,0.2332305908203125
4687,5632_5888_7424_7680,MSAVI,65536,35530,14154.0,49684.0,15852.0,worst,0.542144775390625,0.215972900390625,0.24188232421875
4688,5632_5888_7680_7936,MSAVI,65536,35784,12313.0,48097.0,17439.0,worst,0.5460205078125,0.1878814697265625,0.2660980224609375
4689,5632_5888_7936_8192,MSAVI,65536,42672,10683.0,53355.0,12181.0,worst,0.651123046875,0.1630096435546875,0.1858673095703125
4690,5632_5888_8192_8448,MSAVI,65536,36598,9348.0,45946.0,19590.0,worst,0.558441162109375,0.14263916015625,0.298919677734375
4691,5632_5888_8448_8704,MSAVI,65536,37598,9532.0,47130.0,18406.0,worst,0.573699951171875,0.14544677734375,0.280853271484375
4692,5632_5888_8704_8960,MSAVI,65536,40892,12839.0,53731.0,11805.0,worst,0.62396240234375,0.1959075927734375,0.1801300048828125
4693,5632_5888_8960_9216,MSAVI,65536,42250,11013.0,53263.0,12273.0,worst,0.644683837890625,0.1680450439453125,0.1872711181640625
4694,5888_6144_0_256,MSAVI,65536,38171,14703.0,52874.0,12662.0,worst,0.5824432373046875,0.2243499755859375,0.193206787109375
4695,5888_6144_256_512,MSAVI,65536,29101,2530.0,31631.0,33905.0,worst,0.4440460205078125,0.038604736328125,0.5173492431640625
4696,5888_6144_512_768,MSAVI,65536,31178,26545.0,57723.0,7813.0,worst,0.475738525390625,0.4050445556640625,0.1192169189453125
4697,5888_6144_768_1024,MSAVI,65536,43325,12535.0,55860.0,9676.0,worst,0.6610870361328125,0.1912689208984375,0.14764404296875
4698,5888_6144_1024_1280,MSAVI,65536,40001,14864.0,54865.0,10671.0,worst,0.6103668212890625,0.226806640625,0.1628265380859375
4699,5888_6144_1280_1536,MSAVI,65536,37010,17591.0,54601.0,10935.0,worst,0.564727783203125,0.2684173583984375,0.1668548583984375
4700,5888_6144_1536_1792,MSAVI,65536,40168,8731.0,48899.0,16637.0,worst,0.6129150390625,0.1332244873046875,0.2538604736328125
4701,5888_6144_1792_2048,MSAVI,65536,47315,6782.0,54097.0,11439.0,worst,0.7219696044921875,0.103485107421875,0.1745452880859375
4702,5888_6144_2048_2304,MSAVI,65536,42227,14131.0,56358.0,9178.0,worst,0.6443328857421875,0.2156219482421875,0.140045166015625
4703,5888_6144_2304_2560,MSAVI,65536,47228,8963.0,56191.0,9345.0,worst,0.72064208984375,0.1367645263671875,0.1425933837890625
4704,5888_6144_2560_2816,MSAVI,65536,53179,2275.0,55454.0,10082.0,worst,0.8114471435546875,0.0347137451171875,0.153839111328125
4705,5888_6144_2816_3072,MSAVI,65536,53676,52.0,53728.0,11808.0,worst,0.81903076171875,0.00079345703125,0.18017578125
4706,5888_6144_3072_3328,MSAVI,65536,55150,148.0,55298.0,10238.0,worst,0.841522216796875,0.00225830078125,0.156219482421875
4707,5888_6144_3328_3584,MSAVI,65536,39897,9213.0,49110.0,16426.0,worst,0.6087799072265625,0.1405792236328125,0.250640869140625
4708,5888_6144_3584_3840,MSAVI,65536,37664,10789.0,48453.0,17083.0,worst,0.57470703125,0.1646270751953125,0.2606658935546875
4709,5888_6144_3840_4096,MSAVI,65536,42093,11175.0,53268.0,12268.0,worst,0.6422882080078125,0.1705169677734375,0.18719482421875
4710,5888_6144_4096_4352,MSAVI,65536,36935,15621.0,52556.0,12980.0,worst,0.5635833740234375,0.2383575439453125,0.19805908203125
4711,5888_6144_4352_4608,MSAVI,65536,35015,8251.0,43266.0,22270.0,worst,0.5342864990234375,0.1259002685546875,0.339813232421875
4712,5888_6144_4608_4864,MSAVI,65536,35814,6923.0,42737.0,22799.0,worst,0.546478271484375,0.1056365966796875,0.3478851318359375
4713,5888_6144_4864_5120,MSAVI,65536,37591,8189.0,45780.0,19756.0,worst,0.5735931396484375,0.1249542236328125,0.30145263671875
4714,5888_6144_5120_5376,MSAVI,65536,39853,4854.0,44707.0,20829.0,worst,0.6081085205078125,0.074066162109375,0.3178253173828125
4715,5888_6144_5376_5632,MSAVI,65536,40146,4684.0,44830.0,20706.0,worst,0.612579345703125,0.07147216796875,0.315948486328125
4716,5888_6144_5632_5888,MSAVI,65536,38529,7773.0,46302.0,19234.0,worst,0.5879058837890625,0.1186065673828125,0.293487548828125
4717,5888_6144_5888_6144,MSAVI,65536,41386,9411.0,50797.0,14739.0,worst,0.631500244140625,0.1436004638671875,0.2248992919921875
4718,5888_6144_6144_6400,MSAVI,65536,36850,10113.0,46963.0,18573.0,worst,0.562286376953125,0.1543121337890625,0.2834014892578125
4719,5888_6144_6400_6656,MSAVI,65536,39974,10605.0,50579.0,14957.0,worst,0.609954833984375,0.1618194580078125,0.2282257080078125
4720,5888_6144_6656_6912,MSAVI,65536,35915,8191.0,44106.0,21430.0,worst,0.5480194091796875,0.1249847412109375,0.326995849609375
4721,5888_6144_6912_7168,MSAVI,65536,36048,14437.0,50485.0,15051.0,worst,0.550048828125,0.2202911376953125,0.2296600341796875
4722,5888_6144_7168_7424,MSAVI,65536,36052,12978.0,49030.0,16506.0,worst,0.55010986328125,0.198028564453125,0.251861572265625
4723,5888_6144_7424_7680,MSAVI,65536,34464,13996.0,48460.0,17076.0,worst,0.52587890625,0.21356201171875,0.26055908203125
4724,5888_6144_7680_7936,MSAVI,65536,36022,11078.0,47100.0,18436.0,worst,0.549652099609375,0.169036865234375,0.28131103515625
4725,5888_6144_7936_8192,MSAVI,65536,38174,9732.0,47906.0,17630.0,worst,0.582489013671875,0.14849853515625,0.269012451171875
4726,5888_6144_8192_8448,MSAVI,65536,33400,18596.0,51996.0,13540.0,worst,0.5096435546875,0.28375244140625,0.20660400390625
4727,5888_6144_8448_8704,MSAVI,65536,36482,12757.0,49239.0,16297.0,worst,0.556671142578125,0.1946563720703125,0.2486724853515625
4728,5888_6144_8704_8960,MSAVI,65536,34212,10854.0,45066.0,20470.0,worst,0.52203369140625,0.165618896484375,0.312347412109375
4729,5888_6144_8960_9216,MSAVI,65536,38658,14441.0,53099.0,12437.0,worst,0.589874267578125,0.2203521728515625,0.1897735595703125
4730,6144_6400_0_256,MSAVI,65536,44009,5566.0,49575.0,15961.0,worst,0.6715240478515625,0.084930419921875,0.2435455322265625
4731,6144_6400_256_512,MSAVI,65536,36209,13867.0,50076.0,15460.0,worst,0.5525054931640625,0.2115936279296875,0.23590087890625
4732,6144_6400_512_768,MSAVI,65536,37347,12613.0,49960.0,15576.0,worst,0.5698699951171875,0.1924591064453125,0.2376708984375
4733,6144_6400_768_1024,MSAVI,65536,36852,16254.0,53106.0,12430.0,worst,0.56231689453125,0.248016357421875,0.189666748046875
4734,6144_6400_1024_1280,MSAVI,65536,40753,5127.0,45880.0,19656.0,worst,0.6218414306640625,0.0782318115234375,0.2999267578125
4735,6144_6400_1280_1536,MSAVI,65536,40862,4180.0,45042.0,20494.0,worst,0.623504638671875,0.06378173828125,0.312713623046875
4736,6144_6400_1536_1792,MSAVI,65536,42199,5150.0,47349.0,18187.0,worst,0.6439056396484375,0.078582763671875,0.2775115966796875
4737,6144_6400_1792_2048,MSAVI,65536,43910,4838.0,48748.0,16788.0,worst,0.670013427734375,0.073822021484375,0.25616455078125
4738,6144_6400_2048_2304,MSAVI,65536,35214,26024.0,61238.0,4298.0,worst,0.537322998046875,0.3970947265625,0.065582275390625
4739,6144_6400_2304_2560,MSAVI,65536,49035,6813.0,55848.0,9688.0,worst,0.7482147216796875,0.1039581298828125,0.1478271484375
4740,6144_6400_2560_2816,MSAVI,65536,51551,5529.0,57080.0,8456.0,worst,0.7866058349609375,0.0843658447265625,0.1290283203125
4741,6144_6400_2816_3072,MSAVI,65536,54001,171.0,54172.0,11364.0,worst,0.8239898681640625,0.0026092529296875,0.17340087890625
4742,6144_6400_3072_3328,MSAVI,65536,50123,128.0,50251.0,15285.0,worst,0.7648162841796875,0.001953125,0.2332305908203125
4743,6144_6400_3328_3584,MSAVI,65536,42884,3866.0,46750.0,18786.0,worst,0.65435791015625,0.058990478515625,0.286651611328125
4744,6144_6400_3584_3840,MSAVI,65536,34604,17151.0,51755.0,13781.0,worst,0.52801513671875,0.2617034912109375,0.2102813720703125
4745,6144_6400_3840_4096,MSAVI,65536,40269,13922.0,54191.0,11345.0,worst,0.6144561767578125,0.212432861328125,0.1731109619140625
4746,6144_6400_4096_4352,MSAVI,65536,38015,11318.0,49333.0,16203.0,worst,0.5800628662109375,0.172698974609375,0.2472381591796875
4747,6144_6400_4352_4608,MSAVI,65536,35423,12843.0,48266.0,17270.0,worst,0.5405120849609375,0.1959686279296875,0.263519287109375
4748,6144_6400_4608_4864,MSAVI,65536,36801,11480.0,48281.0,17255.0,worst,0.5615386962890625,0.1751708984375,0.2632904052734375
4749,6144_6400_4864_5120,MSAVI,65536,35077,8259.0,43336.0,22200.0,worst,0.5352325439453125,0.1260223388671875,0.3387451171875
4750,6144_6400_5120_5376,MSAVI,65536,35971,9669.0,45640.0,19896.0,worst,0.5488739013671875,0.1475372314453125,0.3035888671875
4751,6144_6400_5376_5632,MSAVI,65536,40003,5955.0,45958.0,19578.0,worst,0.6103973388671875,0.0908660888671875,0.298736572265625
4752,6144_6400_5632_5888,MSAVI,65536,39355,7656.0,47011.0,18525.0,worst,0.6005096435546875,0.1168212890625,0.2826690673828125
4753,6144_6400_5888_6144,MSAVI,65536,44927,2518.0,47445.0,18091.0,worst,0.6855316162109375,0.038421630859375,0.2760467529296875
4754,6144_6400_6144_6400,MSAVI,65536,38841,3712.0,42553.0,22983.0,worst,0.5926666259765625,0.056640625,0.3506927490234375
4755,6144_6400_6400_6656,MSAVI,65536,35674,9105.0,44779.0,20757.0,worst,0.544342041015625,0.1389312744140625,0.3167266845703125
4756,6144_6400_6656_6912,MSAVI,65536,34477,7677.0,42154.0,23382.0,worst,0.5260772705078125,0.1171417236328125,0.356781005859375
4757,6144_6400_6912_7168,MSAVI,65536,34402,10594.0,44996.0,20540.0,worst,0.524932861328125,0.161651611328125,0.31341552734375
4758,6144_6400_7168_7424,MSAVI,65536,34427,9092.0,43519.0,22017.0,worst,0.5253143310546875,0.13873291015625,0.3359527587890625
4759,6144_6400_7424_7680,MSAVI,65536,36803,10151.0,46954.0,18582.0,worst,0.5615692138671875,0.1548919677734375,0.283538818359375
4760,6144_6400_7680_7936,MSAVI,65536,30947,16543.0,47490.0,18046.0,worst,0.4722137451171875,0.2524261474609375,0.275360107421875
4761,6144_6400_7936_8192,MSAVI,65536,36136,11321.0,47457.0,18079.0,worst,0.5513916015625,0.1727447509765625,0.2758636474609375
4762,6144_6400_8192_8448,MSAVI,65536,36813,8295.0,45108.0,20428.0,worst,0.5617218017578125,0.1265716552734375,0.31170654296875
4763,6144_6400_8448_8704,MSAVI,65536,38218,12154.0,50372.0,15164.0,worst,0.583160400390625,0.185455322265625,0.23138427734375
4764,6144_6400_8704_8960,MSAVI,65536,34146,8177.0,42323.0,23213.0,worst,0.521026611328125,0.1247711181640625,0.3542022705078125
4765,6144_6400_8960_9216,MSAVI,65536,39923,11437.0,51360.0,14176.0,worst,0.6091766357421875,0.1745147705078125,0.21630859375
4766,6400_6656_0_256,MSAVI,65536,33988,13783.0,47771.0,17765.0,worst,0.51861572265625,0.2103118896484375,0.2710723876953125
4767,6400_6656_256_512,MSAVI,65536,31989,13758.0,45747.0,19789.0,worst,0.4881134033203125,0.209930419921875,0.3019561767578125
4768,6400_6656_512_768,MSAVI,65536,35047,14905.0,49952.0,15584.0,worst,0.5347747802734375,0.2274322509765625,0.23779296875
4769,6400_6656_768_1024,MSAVI,65536,59273,0.0,59273.0,6263.0,worst,0.9044342041015625,0.0,0.0955657958984375
4770,6400_6656_1024_1280,MSAVI,65536,50563,316.0,50879.0,14657.0,worst,0.7715301513671875,0.00482177734375,0.2236480712890625
4771,6400_6656_1280_1536,MSAVI,65536,38355,5863.0,44218.0,21318.0,worst,0.5852508544921875,0.0894622802734375,0.325286865234375
4772,6400_6656_1536_1792,MSAVI,65536,41802,2355.0,44157.0,21379.0,worst,0.637847900390625,0.0359344482421875,0.3262176513671875
4773,6400_6656_1792_2048,MSAVI,65536,41413,5626.0,47039.0,18497.0,worst,0.6319122314453125,0.085845947265625,0.2822418212890625
4774,6400_6656_2048_2304,MSAVI,65536,38038,21340.0,59378.0,6158.0,worst,0.580413818359375,0.32562255859375,0.093963623046875
4775,6400_6656_2304_2560,MSAVI,65536,41394,14186.0,55580.0,9956.0,worst,0.631622314453125,0.216461181640625,0.15191650390625
4776,6400_6656_2560_2816,MSAVI,65536,52231,270.0,52501.0,13035.0,worst,0.7969818115234375,0.004119873046875,0.1988983154296875
4777,6400_6656_2816_3072,MSAVI,65536,51367,0.0,51367.0,14169.0,worst,0.7837982177734375,0.0,0.2162017822265625
4778,6400_6656_3072_3328,MSAVI,65536,48922,133.0,49055.0,16481.0,worst,0.746490478515625,0.0020294189453125,0.2514801025390625
4779,6400_6656_3328_3584,MSAVI,65536,49951,83.0,50034.0,15502.0,worst,0.7621917724609375,0.0012664794921875,0.236541748046875
4780,6400_6656_3584_3840,MSAVI,65536,47135,2740.0,49875.0,15661.0,worst,0.7192230224609375,0.04180908203125,0.2389678955078125
4781,6400_6656_3840_4096,MSAVI,65536,33382,7624.0,41006.0,24530.0,worst,0.509368896484375,0.1163330078125,0.374298095703125
4782,6400_6656_4096_4352,MSAVI,65536,34138,9722.0,43860.0,21676.0,worst,0.520904541015625,0.148345947265625,0.33074951171875
4783,6400_6656_4352_4608,MSAVI,65536,41435,10159.0,51594.0,13942.0,worst,0.6322479248046875,0.1550140380859375,0.212738037109375
4784,6400_6656_4608_4864,MSAVI,65536,35120,15243.0,50363.0,15173.0,worst,0.535888671875,0.2325897216796875,0.2315216064453125
4785,6400_6656_4864_5120,MSAVI,65536,35063,13328.0,48391.0,17145.0,worst,0.5350189208984375,0.203369140625,0.2616119384765625
4786,6400_6656_5120_5376,MSAVI,65536,34638,10447.0,45085.0,20451.0,worst,0.528533935546875,0.1594085693359375,0.3120574951171875
4787,6400_6656_5376_5632,MSAVI,65536,42457,16492.0,58949.0,6587.0,worst,0.6478424072265625,0.25164794921875,0.1005096435546875
4788,6400_6656_5632_5888,MSAVI,65536,41472,9579.0,51051.0,14485.0,worst,0.6328125,0.1461639404296875,0.2210235595703125
4789,6400_6656_5888_6144,MSAVI,65536,39332,5502.0,44834.0,20702.0,worst,0.60015869140625,0.083953857421875,0.315887451171875
4790,6400_6656_6144_6400,MSAVI,65536,46842,844.0,47686.0,17850.0,worst,0.714752197265625,0.01287841796875,0.272369384765625
4791,6400_6656_6400_6656,MSAVI,65536,46954,963.0,47917.0,17619.0,worst,0.716461181640625,0.0146942138671875,0.2688446044921875
4792,6400_6656_6656_6912,MSAVI,65536,41445,13965.0,55410.0,10126.0,worst,0.6324005126953125,0.2130889892578125,0.154510498046875
4793,6400_6656_6912_7168,MSAVI,65536,35896,12143.0,48039.0,17497.0,worst,0.5477294921875,0.1852874755859375,0.2669830322265625
4794,6400_6656_7168_7424,MSAVI,65536,36268,15070.0,51338.0,14198.0,worst,0.55340576171875,0.229949951171875,0.216644287109375
4795,6400_6656_7424_7680,MSAVI,65536,32212,10585.0,42797.0,22739.0,worst,0.49151611328125,0.1615142822265625,0.3469696044921875
4796,6400_6656_7680_7936,MSAVI,65536,38601,9801.0,48402.0,17134.0,worst,0.5890045166015625,0.1495513916015625,0.261444091796875
4797,6400_6656_7936_8192,MSAVI,65536,36174,9129.0,45303.0,20233.0,worst,0.551971435546875,0.1392974853515625,0.3087310791015625
4798,6400_6656_8192_8448,MSAVI,65536,35968,7883.0,43851.0,21685.0,worst,0.548828125,0.1202850341796875,0.3308868408203125
4799,6400_6656_8448_8704,MSAVI,65536,38724,15131.0,53855.0,11681.0,worst,0.59088134765625,0.2308807373046875,0.1782379150390625
4800,6400_6656_8704_8960,MSAVI,65536,35087,14959.0,50046.0,15490.0,worst,0.5353851318359375,0.2282562255859375,0.236358642578125
4801,6400_6656_8960_9216,MSAVI,65536,31391,11366.0,42757.0,22779.0,worst,0.4789886474609375,0.173431396484375,0.3475799560546875
4802,6656_6912_0_256,MSAVI,65536,36993,11014.0,48007.0,17529.0,worst,0.5644683837890625,0.168060302734375,0.2674713134765625
4803,6656_6912_256_512,MSAVI,65536,38193,9280.0,47473.0,18063.0,worst,0.5827789306640625,0.1416015625,0.2756195068359375
4804,6656_6912_512_768,MSAVI,65536,37788,15690.0,53478.0,12058.0,worst,0.57659912109375,0.239410400390625,0.183990478515625
4805,6656_6912_768_1024,MSAVI,65536,34106,10399.0,44505.0,21031.0,worst,0.520416259765625,0.1586761474609375,0.3209075927734375
4806,6656_6912_1024_1280,MSAVI,65536,41673,6125.0,47798.0,17738.0,worst,0.6358795166015625,0.0934600830078125,0.270660400390625
4807,6656_6912_1280_1536,MSAVI,65536,34280,9261.0,43541.0,21995.0,worst,0.5230712890625,0.1413116455078125,0.3356170654296875
4808,6656_6912_1536_1792,MSAVI,65536,40840,3805.0,44645.0,20891.0,worst,0.6231689453125,0.0580596923828125,0.3187713623046875
4809,6656_6912_1792_2048,MSAVI,65536,44373,1918.0,46291.0,19245.0,worst,0.6770782470703125,0.029266357421875,0.2936553955078125
4810,6656_6912_2048_2304,MSAVI,65536,39271,12330.0,51601.0,13935.0,worst,0.5992279052734375,0.188140869140625,0.2126312255859375
4811,6656_6912_2304_2560,MSAVI,65536,40626,9735.0,50361.0,15175.0,worst,0.619903564453125,0.1485443115234375,0.2315521240234375
4812,6656_6912_2560_2816,MSAVI,65536,51650,2694.0,54344.0,11192.0,worst,0.788116455078125,0.041107177734375,0.1707763671875
4813,6656_6912_2816_3072,MSAVI,65536,49214,1454.0,50668.0,14868.0,worst,0.750946044921875,0.022186279296875,0.22686767578125
4814,6656_6912_3072_3328,MSAVI,65536,46899,471.0,47370.0,18166.0,worst,0.7156219482421875,0.0071868896484375,0.277191162109375
4815,6656_6912_3328_3584,MSAVI,65536,46796,416.0,47212.0,18324.0,worst,0.71405029296875,0.00634765625,0.27960205078125
4816,6656_6912_3584_3840,MSAVI,65536,49714,195.0,49909.0,15627.0,worst,0.758575439453125,0.0029754638671875,0.2384490966796875
4817,6656_6912_3840_4096,MSAVI,65536,46543,2475.0,49018.0,16518.0,worst,0.7101898193359375,0.0377655029296875,0.252044677734375
4818,6656_6912_4096_4352,MSAVI,65536,38669,8857.0,47526.0,18010.0,worst,0.5900421142578125,0.1351470947265625,0.274810791015625
4819,6656_6912_4352_4608,MSAVI,65536,43270,17879.0,61149.0,4387.0,worst,0.660247802734375,0.2728118896484375,0.0669403076171875
4820,6656_6912_4608_4864,MSAVI,65536,37560,15275.0,52835.0,12701.0,worst,0.5731201171875,0.2330780029296875,0.1938018798828125
4821,6656_6912_4864_5120,MSAVI,65536,35816,22606.0,58422.0,7114.0,worst,0.5465087890625,0.344940185546875,0.108551025390625
4822,6656_6912_5120_5376,MSAVI,65536,32707,21260.0,53967.0,11569.0,worst,0.4990692138671875,0.32440185546875,0.1765289306640625
4823,6656_6912_5376_5632,MSAVI,65536,35013,10822.0,45835.0,19701.0,worst,0.5342559814453125,0.165130615234375,0.3006134033203125
4824,6656_6912_5632_5888,MSAVI,65536,36522,11394.0,47916.0,17620.0,worst,0.557281494140625,0.173858642578125,0.26885986328125
4825,6656_6912_5888_6144,MSAVI,65536,32371,8718.0,41089.0,24447.0,worst,0.4939422607421875,0.133026123046875,0.3730316162109375
4826,6656_6912_6144_6400,MSAVI,65536,37314,5675.0,42989.0,22547.0,worst,0.569366455078125,0.0865936279296875,0.3440399169921875
4827,6656_6912_6400_6656,MSAVI,65536,24855,696.0,25551.0,39985.0,worst,0.3792572021484375,0.0106201171875,0.6101226806640625
4828,6656_6912_6656_6912,MSAVI,65536,34417,8006.0,42423.0,23113.0,worst,0.5251617431640625,0.122161865234375,0.3526763916015625
4829,6656_6912_6912_7168,MSAVI,65536,36099,12556.0,48655.0,16881.0,worst,0.5508270263671875,0.19158935546875,0.2575836181640625
4830,6656_6912_7168_7424,MSAVI,65536,37352,11497.0,48849.0,16687.0,worst,0.5699462890625,0.1754302978515625,0.2546234130859375
4831,6656_6912_7424_7680,MSAVI,65536,36174,10622.0,46796.0,18740.0,worst,0.551971435546875,0.162078857421875,0.28594970703125
4832,6656_6912_7680_7936,MSAVI,65536,38153,9642.0,47795.0,17741.0,worst,0.5821685791015625,0.147125244140625,0.2707061767578125
4833,6656_6912_7936_8192,MSAVI,65536,36208,8959.0,45167.0,20369.0,worst,0.552490234375,0.1367034912109375,0.3108062744140625
4834,6656_6912_8192_8448,MSAVI,65536,34742,7915.0,42657.0,22879.0,worst,0.530120849609375,0.1207733154296875,0.3491058349609375
4835,6656_6912_8448_8704,MSAVI,65536,34648,15195.0,49843.0,15693.0,worst,0.5286865234375,0.2318572998046875,0.2394561767578125
4836,6656_6912_8704_8960,MSAVI,65536,35385,14659.0,50044.0,15492.0,worst,0.5399322509765625,0.2236785888671875,0.23638916015625
4837,6656_6912_8960_9216,MSAVI,65536,36050,15785.0,51835.0,13701.0,worst,0.550079345703125,0.2408599853515625,0.2090606689453125
4838,6912_7168_0_256,MSAVI,65536,33773,13176.0,46949.0,18587.0,worst,0.5153350830078125,0.2010498046875,0.2836151123046875
4839,6912_7168_256_512,MSAVI,65536,33251,19110.0,52361.0,13175.0,worst,0.5073699951171875,0.291595458984375,0.2010345458984375
4840,6912_7168_512_768,MSAVI,65536,33377,14272.0,47649.0,17887.0,worst,0.5092926025390625,0.2177734375,0.2729339599609375
4841,6912_7168_768_1024,MSAVI,65536,33879,14137.0,48016.0,17520.0,worst,0.5169525146484375,0.2157135009765625,0.267333984375
4842,6912_7168_1024_1280,MSAVI,65536,34990,4863.0,39853.0,25683.0,worst,0.533905029296875,0.0742034912109375,0.3918914794921875
4843,6912_7168_1280_1536,MSAVI,65536,33838,7606.0,41444.0,24092.0,worst,0.516326904296875,0.116058349609375,0.36761474609375
4844,6912_7168_1536_1792,MSAVI,65536,36705,13747.0,50452.0,15084.0,worst,0.5600738525390625,0.2097625732421875,0.23016357421875
4845,6912_7168_1792_2048,MSAVI,65536,36220,13701.0,49921.0,15615.0,worst,0.55267333984375,0.2090606689453125,0.2382659912109375
4846,6912_7168_2048_2304,MSAVI,65536,39452,7874.0,47326.0,18210.0,worst,0.60198974609375,0.120147705078125,0.277862548828125
4847,6912_7168_2304_2560,MSAVI,65536,55879,1088.0,56967.0,8569.0,worst,0.8526458740234375,0.0166015625,0.1307525634765625
4848,6912_7168_2560_2816,MSAVI,65536,58508,52.0,58560.0,6976.0,worst,0.89276123046875,0.00079345703125,0.1064453125
4849,6912_7168_2816_3072,MSAVI,65536,47562,260.0,47822.0,17714.0,worst,0.725738525390625,0.00396728515625,0.270294189453125
4850,6912_7168_3072_3328,MSAVI,65536,46966,455.0,47421.0,18115.0,worst,0.716644287109375,0.0069427490234375,0.2764129638671875
4851,6912_7168_3328_3584,MSAVI,65536,42543,925.0,43468.0,22068.0,worst,0.6491546630859375,0.0141143798828125,0.33673095703125
4852,6912_7168_3584_3840,MSAVI,65536,49097,128.0,49225.0,16311.0,worst,0.7491607666015625,0.001953125,0.2488861083984375
4853,6912_7168_3840_4096,MSAVI,65536,47475,471.0,47946.0,17590.0,worst,0.7244110107421875,0.0071868896484375,0.268402099609375
4854,6912_7168_4096_4352,MSAVI,65536,42239,3651.0,45890.0,19646.0,worst,0.6445159912109375,0.0557098388671875,0.299774169921875
4855,6912_7168_4352_4608,MSAVI,65536,38684,12397.0,51081.0,14455.0,worst,0.59027099609375,0.1891632080078125,0.2205657958984375
4856,6912_7168_4608_4864,MSAVI,65536,35462,10737.0,46199.0,19337.0,worst,0.541107177734375,0.1638336181640625,0.2950592041015625
4857,6912_7168_4864_5120,MSAVI,65536,35160,10476.0,45636.0,19900.0,worst,0.5364990234375,0.15985107421875,0.30364990234375
4858,6912_7168_5120_5376,MSAVI,65536,34983,21366.0,56349.0,9187.0,worst,0.5337982177734375,0.326019287109375,0.1401824951171875
4859,6912_7168_5376_5632,MSAVI,65536,32185,11813.0,43998.0,21538.0,worst,0.4911041259765625,0.1802520751953125,0.328643798828125
4860,6912_7168_5632_5888,MSAVI,65536,32763,11161.0,43924.0,21612.0,worst,0.4999237060546875,0.1703033447265625,0.32977294921875
4861,6912_7168_5888_6144,MSAVI,65536,31707,9624.0,41331.0,24205.0,worst,0.4838104248046875,0.1468505859375,0.3693389892578125
4862,6912_7168_6144_6400,MSAVI,65536,30905,11511.0,42416.0,23120.0,worst,0.4715728759765625,0.1756439208984375,0.352783203125
4863,6912_7168_6400_6656,MSAVI,65536,31612,9384.0,40996.0,24540.0,worst,0.48236083984375,0.1431884765625,0.37445068359375
4864,6912_7168_6656_6912,MSAVI,65536,32394,10665.0,43059.0,22477.0,worst,0.494293212890625,0.1627349853515625,0.3429718017578125
4865,6912_7168_6912_7168,MSAVI,65536,36370,10553.0,46923.0,18613.0,worst,0.554962158203125,0.1610260009765625,0.2840118408203125
4866,6912_7168_7168_7424,MSAVI,65536,35611,13723.0,49334.0,16202.0,worst,0.5433807373046875,0.2093963623046875,0.247222900390625
4867,6912_7168_7424_7680,MSAVI,65536,41753,13144.0,54897.0,10639.0,worst,0.6371002197265625,0.2005615234375,0.1623382568359375
4868,6912_7168_7680_7936,MSAVI,65536,38415,10374.0,48789.0,16747.0,worst,0.5861663818359375,0.158294677734375,0.2555389404296875
4869,6912_7168_7936_8192,MSAVI,65536,38306,9383.0,47689.0,17847.0,worst,0.584503173828125,0.1431732177734375,0.2723236083984375
4870,6912_7168_8192_8448,MSAVI,65536,38534,6213.0,44747.0,20789.0,worst,0.587982177734375,0.0948028564453125,0.3172149658203125
4871,6912_7168_8448_8704,MSAVI,65536,36368,12133.0,48501.0,17035.0,worst,0.554931640625,0.1851348876953125,0.2599334716796875
4872,6912_7168_8704_8960,MSAVI,65536,46582,13049.0,59631.0,5905.0,worst,0.710784912109375,0.1991119384765625,0.0901031494140625
4873,6912_7168_8960_9216,MSAVI,65536,39873,10209.0,50082.0,15454.0,worst,0.6084136962890625,0.1557769775390625,0.235809326171875
4874,7168_7424_0_256,MSAVI,65536,32465,17240.0,49705.0,15831.0,worst,0.4953765869140625,0.2630615234375,0.2415618896484375
4875,7168_7424_256_512,MSAVI,65536,30747,16050.0,46797.0,18739.0,worst,0.4691619873046875,0.244903564453125,0.2859344482421875
4876,7168_7424_512_768,MSAVI,65536,33342,13400.0,46742.0,18794.0,worst,0.508758544921875,0.2044677734375,0.286773681640625
4877,7168_7424_768_1024,MSAVI,65536,33913,12645.0,46558.0,18978.0,worst,0.5174713134765625,0.1929473876953125,0.289581298828125
4878,7168_7424_1024_1280,MSAVI,65536,35297,11472.0,46769.0,18767.0,worst,0.5385894775390625,0.175048828125,0.2863616943359375
4879,7168_7424_1280_1536,MSAVI,65536,35442,13974.0,49416.0,16120.0,worst,0.540802001953125,0.213226318359375,0.2459716796875
4880,7168_7424_1536_1792,MSAVI,65536,33131,9138.0,42269.0,23267.0,worst,0.5055389404296875,0.139434814453125,0.3550262451171875
4881,7168_7424_1792_2048,MSAVI,65536,37419,9089.0,46508.0,19028.0,worst,0.5709686279296875,0.1386871337890625,0.29034423828125
4882,7168_7424_2048_2304,MSAVI,65536,43412,5691.0,49103.0,16433.0,worst,0.66241455078125,0.0868377685546875,0.2507476806640625
4883,7168_7424_2304_2560,MSAVI,65536,52345,767.0,53112.0,12424.0,worst,0.7987213134765625,0.0117034912109375,0.1895751953125
4884,7168_7424_2560_2816,MSAVI,65536,52648,0.0,52648.0,12888.0,worst,0.8033447265625,0.0,0.1966552734375
4885,7168_7424_2816_3072,MSAVI,65536,51777,255.0,52032.0,13504.0,worst,0.7900543212890625,0.0038909912109375,0.2060546875
4886,7168_7424_3072_3328,MSAVI,65536,44892,2063.0,46955.0,18581.0,worst,0.68499755859375,0.0314788818359375,0.2835235595703125
4887,7168_7424_3328_3584,MSAVI,65536,45010,670.0,45680.0,19856.0,worst,0.686798095703125,0.010223388671875,0.302978515625
4888,7168_7424_3584_3840,MSAVI,65536,47007,436.0,47443.0,18093.0,worst,0.7172698974609375,0.00665283203125,0.2760772705078125
4889,7168_7424_3840_4096,MSAVI,65536,48232,481.0,48713.0,16823.0,worst,0.7359619140625,0.0073394775390625,0.2566986083984375
4890,7168_7424_4096_4352,MSAVI,65536,48837,971.0,49808.0,15728.0,worst,0.7451934814453125,0.0148162841796875,0.239990234375
4891,7168_7424_4352_4608,MSAVI,65536,44339,3272.0,47611.0,17925.0,worst,0.6765594482421875,0.0499267578125,0.2735137939453125
4892,7168_7424_4608_4864,MSAVI,65536,35031,22287.0,57318.0,8218.0,worst,0.5345306396484375,0.3400726318359375,0.125396728515625
4893,7168_7424_4864_5120,MSAVI,65536,41981,12731.0,54712.0,10824.0,worst,0.6405792236328125,0.1942596435546875,0.1651611328125
4894,7168_7424_5120_5376,MSAVI,65536,31774,14742.0,46516.0,19020.0,worst,0.484832763671875,0.224945068359375,0.29022216796875
4895,7168_7424_5376_5632,MSAVI,65536,33566,12244.0,45810.0,19726.0,worst,0.512176513671875,0.18682861328125,0.300994873046875
4896,7168_7424_5632_5888,MSAVI,65536,34262,9251.0,43513.0,22023.0,worst,0.522796630859375,0.1411590576171875,0.3360443115234375
4897,7168_7424_5888_6144,MSAVI,65536,35252,6043.0,41295.0,24241.0,worst,0.53790283203125,0.0922088623046875,0.3698883056640625
4898,7168_7424_6144_6400,MSAVI,65536,35364,9614.0,44978.0,20558.0,worst,0.53961181640625,0.146697998046875,0.313690185546875
4899,7168_7424_6400_6656,MSAVI,65536,32182,19369.0,51551.0,13985.0,worst,0.491058349609375,0.2955474853515625,0.2133941650390625
4900,7168_7424_6656_6912,MSAVI,65536,28949,8985.0,37934.0,27602.0,worst,0.4417266845703125,0.1371002197265625,0.421173095703125
4901,7168_7424_6912_7168,MSAVI,65536,34239,11321.0,45560.0,19976.0,worst,0.5224456787109375,0.1727447509765625,0.3048095703125
4902,7168_7424_7168_7424,MSAVI,65536,36270,11387.0,47657.0,17879.0,worst,0.553436279296875,0.1737518310546875,0.2728118896484375
4903,7168_7424_7424_7680,MSAVI,65536,208,32458.0,32666.0,32870.0,worst,0.003173828125,0.495269775390625,0.501556396484375
4904,7168_7424_7680_7936,MSAVI,65536,35642,10671.0,46313.0,19223.0,worst,0.543853759765625,0.1628265380859375,0.2933197021484375
4905,7168_7424_7936_8192,MSAVI,65536,36686,7768.0,44454.0,21082.0,worst,0.559783935546875,0.1185302734375,0.321685791015625
4906,7168_7424_8192_8448,MSAVI,65536,42912,7240.0,50152.0,15384.0,worst,0.65478515625,0.1104736328125,0.2347412109375
4907,7168_7424_8448_8704,MSAVI,65536,40989,12188.0,53177.0,12359.0,worst,0.6254425048828125,0.18597412109375,0.1885833740234375
4908,7168_7424_8704_8960,MSAVI,65536,36417,12836.0,49253.0,16283.0,worst,0.5556793212890625,0.19586181640625,0.2484588623046875
4909,7168_7424_8960_9216,MSAVI,65536,33363,10708.0,44071.0,21465.0,worst,0.5090789794921875,0.16339111328125,0.3275299072265625
4910,7424_7680_0_256,MSAVI,65536,35892,8582.0,44474.0,21062.0,worst,0.54766845703125,0.130950927734375,0.321380615234375
4911,7424_7680_256_512,MSAVI,65536,34636,11268.0,45904.0,19632.0,worst,0.52850341796875,0.17193603515625,0.299560546875
4912,7424_7680_512_768,MSAVI,65536,34067,14453.0,48520.0,17016.0,worst,0.5198211669921875,0.2205352783203125,0.2596435546875
4913,7424_7680_768_1024,MSAVI,65536,33212,13012.0,46224.0,19312.0,worst,0.50677490234375,0.19854736328125,0.294677734375
4914,7424_7680_1024_1280,MSAVI,65536,36163,12001.0,48164.0,17372.0,worst,0.5518035888671875,0.1831207275390625,0.26507568359375
4915,7424_7680_1280_1536,MSAVI,65536,42626,11404.0,54030.0,11506.0,worst,0.650421142578125,0.17401123046875,0.175567626953125
4916,7424_7680_1536_1792,MSAVI,65536,35242,11153.0,46395.0,19141.0,worst,0.537750244140625,0.1701812744140625,0.2920684814453125
4917,7424_7680_1792_2048,MSAVI,65536,29989,1310.0,31299.0,34237.0,worst,0.4575958251953125,0.019989013671875,0.5224151611328125
4918,7424_7680_2048_2304,MSAVI,65536,44758,2861.0,47619.0,17917.0,worst,0.682952880859375,0.0436553955078125,0.2733917236328125
4919,7424_7680_2304_2560,MSAVI,65536,47974,1464.0,49438.0,16098.0,worst,0.732025146484375,0.0223388671875,0.245635986328125
4920,7424_7680_2560_2816,MSAVI,65536,46231,911.0,47142.0,18394.0,worst,0.7054290771484375,0.0139007568359375,0.280670166015625
4921,7424_7680_2816_3072,MSAVI,65536,50144,708.0,50852.0,14684.0,worst,0.76513671875,0.01080322265625,0.22406005859375
4922,7424_7680_3072_3328,MSAVI,65536,47732,139.0,47871.0,17665.0,worst,0.72833251953125,0.0021209716796875,0.2695465087890625
4923,7424_7680_3328_3584,MSAVI,65536,47202,2880.0,50082.0,15454.0,worst,0.720245361328125,0.0439453125,0.235809326171875
4924,7424_7680_3584_3840,MSAVI,65536,49553,1448.0,51001.0,14535.0,worst,0.7561187744140625,0.0220947265625,0.2217864990234375
4925,7424_7680_3840_4096,MSAVI,65536,51874,138.0,52012.0,13524.0,worst,0.791534423828125,0.002105712890625,0.20635986328125
4926,7424_7680_4096_4352,MSAVI,65536,52245,0.0,52245.0,13291.0,worst,0.7971954345703125,0.0,0.2028045654296875
4927,7424_7680_4352_4608,MSAVI,65536,50696,275.0,50971.0,14565.0,worst,0.7735595703125,0.0041961669921875,0.2222442626953125
4928,7424_7680_4608_4864,MSAVI,65536,35441,7858.0,43299.0,22237.0,worst,0.5407867431640625,0.119903564453125,0.3393096923828125
4929,7424_7680_4864_5120,MSAVI,65536,28206,10392.0,38598.0,26938.0,worst,0.430389404296875,0.1585693359375,0.411041259765625
4930,7424_7680_5120_5376,MSAVI,65536,32107,14404.0,46511.0,19025.0,worst,0.4899139404296875,0.21978759765625,0.2902984619140625
4931,7424_7680_5376_5632,MSAVI,65536,41212,7964.0,49176.0,16360.0,worst,0.62884521484375,0.12152099609375,0.2496337890625
4932,7424_7680_5632_5888,MSAVI,65536,42664,6971.0,49635.0,15901.0,worst,0.6510009765625,0.1063690185546875,0.2426300048828125
4933,7424_7680_5888_6144,MSAVI,65536,37225,7036.0,44261.0,21275.0,worst,0.5680084228515625,0.10736083984375,0.3246307373046875
4934,7424_7680_6144_6400,MSAVI,65536,41578,9330.0,50908.0,14628.0,worst,0.634429931640625,0.142364501953125,0.22320556640625
4935,7424_7680_6400_6656,MSAVI,65536,40306,9373.0,49679.0,15857.0,worst,0.615020751953125,0.1430206298828125,0.2419586181640625
4936,7424_7680_6656_6912,MSAVI,65536,34758,9021.0,43779.0,21757.0,worst,0.530364990234375,0.1376495361328125,0.3319854736328125
4937,7424_7680_6912_7168,MSAVI,65536,34441,7175.0,41616.0,23920.0,worst,0.5255279541015625,0.1094818115234375,0.364990234375
4938,7424_7680_7168_7424,MSAVI,65536,39405,9945.0,49350.0,16186.0,worst,0.6012725830078125,0.1517486572265625,0.246978759765625
4939,7424_7680_7424_7680,MSAVI,65536,38561,11597.0,50158.0,15378.0,worst,0.5883941650390625,0.1769561767578125,0.234649658203125
4940,7424_7680_7680_7936,MSAVI,65536,162,36722.0,36884.0,28652.0,worst,0.002471923828125,0.560333251953125,0.43719482421875
4941,7424_7680_7936_8192,MSAVI,65536,35485,5395.0,40880.0,24656.0,worst,0.5414581298828125,0.0823211669921875,0.376220703125
4942,7424_7680_8192_8448,MSAVI,65536,35223,6290.0,41513.0,24023.0,worst,0.5374603271484375,0.095977783203125,0.3665618896484375
4943,7424_7680_8448_8704,MSAVI,65536,37924,9046.0,46970.0,18566.0,worst,0.57867431640625,0.138031005859375,0.283294677734375
4944,7424_7680_8704_8960,MSAVI,65536,33629,16593.0,50222.0,15314.0,worst,0.5131378173828125,0.2531890869140625,0.233673095703125
4945,7424_7680_8960_9216,MSAVI,65536,33699,15875.0,49574.0,15962.0,worst,0.5142059326171875,0.2422332763671875,0.243560791015625
4946,7680_7936_0_256,MSAVI,65536,35442,6867.0,42309.0,23227.0,worst,0.540802001953125,0.1047821044921875,0.3544158935546875
4947,7680_7936_256_512,MSAVI,65536,35137,5288.0,40425.0,25111.0,worst,0.5361480712890625,0.0806884765625,0.3831634521484375
4948,7680_7936_512_768,MSAVI,65536,33419,18076.0,51495.0,14041.0,worst,0.5099334716796875,0.27581787109375,0.2142486572265625
4949,7680_7936_768_1024,MSAVI,65536,39150,13021.0,52171.0,13365.0,worst,0.597381591796875,0.1986846923828125,0.2039337158203125
4950,7680_7936_1024_1280,MSAVI,65536,35051,15035.0,50086.0,15450.0,worst,0.5348358154296875,0.2294158935546875,0.235748291015625
4951,7680_7936_1280_1536,MSAVI,65536,34083,15492.0,49575.0,15961.0,worst,0.5200653076171875,0.23638916015625,0.2435455322265625
4952,7680_7936_1536_1792,MSAVI,65536,29996,15715.0,45711.0,19825.0,worst,0.45770263671875,0.2397918701171875,0.3025054931640625
4953,7680_7936_1792_2048,MSAVI,65536,34527,11951.0,46478.0,19058.0,worst,0.5268402099609375,0.1823577880859375,0.290802001953125
4954,7680_7936_2048_2304,MSAVI,65536,45442,8573.0,54015.0,11521.0,worst,0.693389892578125,0.1308135986328125,0.1757965087890625
4955,7680_7936_2304_2560,MSAVI,65536,43535,5635.0,49170.0,16366.0,worst,0.6642913818359375,0.0859832763671875,0.249725341796875
4956,7680_7936_2560_2816,MSAVI,65536,43426,1744.0,45170.0,20366.0,worst,0.662628173828125,0.026611328125,0.310760498046875
4957,7680_7936_2816_3072,MSAVI,65536,51550,227.0,51777.0,13759.0,worst,0.786590576171875,0.0034637451171875,0.2099456787109375
4958,7680_7936_3072_3328,MSAVI,65536,49754,103.0,49857.0,15679.0,worst,0.759185791015625,0.0015716552734375,0.2392425537109375
4959,7680_7936_3328_3584,MSAVI,65536,47270,541.0,47811.0,17725.0,worst,0.721282958984375,0.0082550048828125,0.2704620361328125
4960,7680_7936_3584_3840,MSAVI,65536,45954,181.0,46135.0,19401.0,worst,0.701202392578125,0.0027618408203125,0.2960357666015625
4961,7680_7936_3840_4096,MSAVI,65536,51208,0.0,51208.0,14328.0,worst,0.7813720703125,0.0,0.2186279296875
4962,7680_7936_4096_4352,MSAVI,65536,51036,68.0,51104.0,14432.0,worst,0.77874755859375,0.00103759765625,0.22021484375
4963,7680_7936_4352_4608,MSAVI,65536,49511,2768.0,52279.0,13257.0,worst,0.7554779052734375,0.042236328125,0.2022857666015625
4964,7680_7936_4608_4864,MSAVI,65536,36789,9565.0,46354.0,19182.0,worst,0.5613555908203125,0.1459503173828125,0.292694091796875
4965,7680_7936_4864_5120,MSAVI,65536,29716,11579.0,41295.0,24241.0,worst,0.45343017578125,0.1766815185546875,0.3698883056640625
4966,7680_7936_5120_5376,MSAVI,65536,33280,11059.0,44339.0,21197.0,worst,0.5078125,0.1687469482421875,0.3234405517578125
4967,7680_7936_5376_5632,MSAVI,65536,33824,10816.0,44640.0,20896.0,worst,0.51611328125,0.1650390625,0.31884765625
4968,7680_7936_5632_5888,MSAVI,65536,40790,8249.0,49039.0,16497.0,worst,0.622406005859375,0.1258697509765625,0.2517242431640625
4969,7680_7936_5888_6144,MSAVI,65536,40842,1353.0,42195.0,23341.0,worst,0.623199462890625,0.0206451416015625,0.3561553955078125
4970,7680_7936_6144_6400,MSAVI,65536,42263,2844.0,45107.0,20429.0,worst,0.6448822021484375,0.04339599609375,0.3117218017578125
4971,7680_7936_6400_6656,MSAVI,65536,39060,6775.0,45835.0,19701.0,worst,0.59600830078125,0.1033782958984375,0.3006134033203125
4972,7680_7936_6656_6912,MSAVI,65536,33791,4996.0,38787.0,26749.0,worst,0.5156097412109375,0.07623291015625,0.4081573486328125
4973,7680_7936_6912_7168,MSAVI,65536,30850,14594.0,45444.0,20092.0,worst,0.470733642578125,0.222686767578125,0.30657958984375
4974,7680_7936_7168_7424,MSAVI,65536,38095,10258.0,48353.0,17183.0,worst,0.5812835693359375,0.156524658203125,0.2621917724609375
4975,7680_7936_7424_7680,MSAVI,65536,36313,9158.0,45471.0,20065.0,worst,0.5540924072265625,0.139739990234375,0.3061676025390625
4976,7680_7936_7680_7936,MSAVI,65536,36443,8781.0,45224.0,20312.0,worst,0.5560760498046875,0.1339874267578125,0.3099365234375
4977,7680_7936_7936_8192,MSAVI,65536,35257,6774.0,42031.0,23505.0,worst,0.5379791259765625,0.103363037109375,0.3586578369140625
4978,7680_7936_8192_8448,MSAVI,65536,36917,4223.0,41140.0,24396.0,worst,0.5633087158203125,0.0644378662109375,0.37225341796875
4979,7680_7936_8448_8704,MSAVI,65536,38858,11159.0,50017.0,15519.0,worst,0.592926025390625,0.1702728271484375,0.2368011474609375
4980,7680_7936_8704_8960,MSAVI,65536,36817,13885.0,50702.0,14834.0,worst,0.5617828369140625,0.2118682861328125,0.226348876953125
4981,7680_7936_8960_9216,MSAVI,65536,35782,15918.0,51700.0,13836.0,worst,0.545989990234375,0.242889404296875,0.21112060546875
4982,7936_8192_0_256,MSAVI,65536,35059,9718.0,44777.0,20759.0,worst,0.5349578857421875,0.148284912109375,0.3167572021484375
4983,7936_8192_256_512,MSAVI,65536,36975,10372.0,47347.0,18189.0,worst,0.5641937255859375,0.15826416015625,0.2775421142578125
4984,7936_8192_512_768,MSAVI,65536,32901,14112.0,47013.0,18523.0,worst,0.5020294189453125,0.21533203125,0.2826385498046875
4985,7936_8192_768_1024,MSAVI,65536,39046,10936.0,49982.0,15554.0,worst,0.595794677734375,0.1668701171875,0.237335205078125
4986,7936_8192_1024_1280,MSAVI,65536,35423,13860.0,49283.0,16253.0,worst,0.5405120849609375,0.21148681640625,0.2480010986328125
4987,7936_8192_1280_1536,MSAVI,65536,34202,11294.0,45496.0,20040.0,worst,0.521881103515625,0.172332763671875,0.3057861328125
4988,7936_8192_1536_1792,MSAVI,65536,34910,19634.0,54544.0,10992.0,worst,0.532684326171875,0.299591064453125,0.167724609375
4989,7936_8192_1792_2048,MSAVI,65536,34499,11923.0,46422.0,19114.0,worst,0.5264129638671875,0.1819305419921875,0.291656494140625
4990,7936_8192_2048_2304,MSAVI,65536,39212,7001.0,46213.0,19323.0,worst,0.59832763671875,0.1068267822265625,0.2948455810546875
4991,7936_8192_2304_2560,MSAVI,65536,35094,12154.0,47248.0,18288.0,worst,0.535491943359375,0.185455322265625,0.279052734375
4992,7936_8192_2560_2816,MSAVI,65536,36023,12597.0,48620.0,16916.0,worst,0.5496673583984375,0.1922149658203125,0.25811767578125
4993,7936_8192_2816_3072,MSAVI,65536,45734,2068.0,47802.0,17734.0,worst,0.697845458984375,0.03155517578125,0.270599365234375
4994,7936_8192_3072_3328,MSAVI,65536,49073,911.0,49984.0,15552.0,worst,0.7487945556640625,0.0139007568359375,0.2373046875
4995,7936_8192_3328_3584,MSAVI,65536,47040,745.0,47785.0,17751.0,worst,0.7177734375,0.0113677978515625,0.2708587646484375
4996,7936_8192_3584_3840,MSAVI,65536,45632,189.0,45821.0,19715.0,worst,0.6962890625,0.0028839111328125,0.3008270263671875
4997,7936_8192_3840_4096,MSAVI,65536,48271,663.0,48934.0,16602.0,worst,0.7365570068359375,0.0101165771484375,0.253326416015625
4998,7936_8192_4096_4352,MSAVI,65536,48115,1221.0,49336.0,16200.0,worst,0.7341766357421875,0.0186309814453125,0.2471923828125
4999,7936_8192_4352_4608,MSAVI,65536,51167,581.0,51748.0,13788.0,worst,0.7807464599609375,0.0088653564453125,0.21038818359375
5000,7936_8192_4608_4864,MSAVI,65536,37879,3977.0,41856.0,23680.0,worst,0.5779876708984375,0.0606842041015625,0.361328125
5001,7936_8192_4864_5120,MSAVI,65536,38325,13175.0,51500.0,14036.0,worst,0.5847930908203125,0.2010345458984375,0.21417236328125
5002,7936_8192_5120_5376,MSAVI,65536,35218,20431.0,55649.0,9887.0,worst,0.537384033203125,0.3117523193359375,0.1508636474609375
5003,7936_8192_5376_5632,MSAVI,65536,32377,16218.0,48595.0,16941.0,worst,0.4940338134765625,0.247467041015625,0.2584991455078125
5004,7936_8192_5632_5888,MSAVI,65536,33580,10083.0,43663.0,21873.0,worst,0.51239013671875,0.1538543701171875,0.3337554931640625
5005,7936_8192_5888_6144,MSAVI,65536,36625,4998.0,41623.0,23913.0,worst,0.5588531494140625,0.076263427734375,0.3648834228515625
5006,7936_8192_6144_6400,MSAVI,65536,37672,6391.0,44063.0,21473.0,worst,0.5748291015625,0.0975189208984375,0.3276519775390625
5007,7936_8192_6400_6656,MSAVI,65536,37104,12380.0,49484.0,16052.0,worst,0.566162109375,0.18890380859375,0.24493408203125
5008,7936_8192_6656_6912,MSAVI,65536,35938,13200.0,49138.0,16398.0,worst,0.548370361328125,0.201416015625,0.250213623046875
5009,7936_8192_6912_7168,MSAVI,65536,31993,13071.0,45064.0,20472.0,worst,0.4881744384765625,0.1994476318359375,0.3123779296875
5010,7936_8192_7168_7424,MSAVI,65536,34297,11841.0,46138.0,19398.0,worst,0.5233306884765625,0.1806793212890625,0.295989990234375
5011,7936_8192_7424_7680,MSAVI,65536,34947,12732.0,47679.0,17857.0,worst,0.5332489013671875,0.19427490234375,0.2724761962890625
5012,7936_8192_7680_7936,MSAVI,65536,34104,9155.0,43259.0,22277.0,worst,0.5203857421875,0.1396942138671875,0.3399200439453125
5013,7936_8192_7936_8192,MSAVI,65536,38577,6824.0,45401.0,20135.0,worst,0.5886383056640625,0.1041259765625,0.3072357177734375
5014,7936_8192_8192_8448,MSAVI,65536,35320,9592.0,44912.0,20624.0,worst,0.5389404296875,0.1463623046875,0.314697265625
5015,7936_8192_8448_8704,MSAVI,65536,40250,10726.0,50976.0,14560.0,worst,0.614166259765625,0.163665771484375,0.22216796875
5016,7936_8192_8704_8960,MSAVI,65536,33196,12975.0,46171.0,19365.0,worst,0.50653076171875,0.1979827880859375,0.2954864501953125
5017,7936_8192_8960_9216,MSAVI,65536,33543,15879.0,49422.0,16114.0,worst,0.5118255615234375,0.2422943115234375,0.245880126953125
5018,8192_8448_0_256,MSAVI,65359,38566,10327.0,48893.0,16466.0,worst,0.5900641074679845,0.15800425343105004,0.25193163910096544
5019,8192_8448_256_512,MSAVI,65536,36107,14814.0,50921.0,14615.0,worst,0.5509490966796875,0.226043701171875,0.2230072021484375
5020,8192_8448_512_768,MSAVI,65536,33094,17792.0,50886.0,14650.0,worst,0.504974365234375,0.271484375,0.223541259765625
5021,8192_8448_768_1024,MSAVI,65536,33879,20875.0,54754.0,10782.0,worst,0.5169525146484375,0.3185272216796875,0.164520263671875
5022,8192_8448_1024_1280,MSAVI,65536,37035,13290.0,50325.0,15211.0,worst,0.5651092529296875,0.202789306640625,0.2321014404296875
5023,8192_8448_1280_1536,MSAVI,65536,33055,26377.0,59432.0,6104.0,worst,0.5043792724609375,0.4024810791015625,0.0931396484375
5024,8192_8448_1536_1792,MSAVI,65536,34454,12625.0,47079.0,18457.0,worst,0.525726318359375,0.1926422119140625,0.2816314697265625
5025,8192_8448_1792_2048,MSAVI,65536,39494,9395.0,48889.0,16647.0,worst,0.602630615234375,0.1433563232421875,0.2540130615234375
5026,8192_8448_2048_2304,MSAVI,65536,39781,6031.0,45812.0,19724.0,worst,0.6070098876953125,0.0920257568359375,0.30096435546875
5027,8192_8448_2304_2560,MSAVI,65536,38128,5357.0,43485.0,22051.0,worst,0.581787109375,0.0817413330078125,0.3364715576171875
5028,8192_8448_2560_2816,MSAVI,65536,35411,19130.0,54541.0,10995.0,worst,0.5403289794921875,0.291900634765625,0.1677703857421875
5029,8192_8448_2816_3072,MSAVI,65536,37094,14622.0,51716.0,13820.0,worst,0.566009521484375,0.223114013671875,0.21087646484375
5030,8192_8448_3072_3328,MSAVI,65536,42959,4424.0,47383.0,18153.0,worst,0.6555023193359375,0.0675048828125,0.2769927978515625
5031,8192_8448_3328_3584,MSAVI,65536,48933,1099.0,50032.0,15504.0,worst,0.7466583251953125,0.0167694091796875,0.236572265625
5032,8192_8448_3584_3840,MSAVI,65536,46600,197.0,46797.0,18739.0,worst,0.7110595703125,0.0030059814453125,0.2859344482421875
5033,8192_8448_3840_4096,MSAVI,65536,46457,137.0,46594.0,18942.0,worst,0.7088775634765625,0.0020904541015625,0.289031982421875
5034,8192_8448_4096_4352,MSAVI,65536,52276,2443.0,54719.0,10817.0,worst,0.79766845703125,0.0372772216796875,0.1650543212890625
5035,8192_8448_4352_4608,MSAVI,65536,53748,538.0,54286.0,11250.0,worst,0.82012939453125,0.008209228515625,0.171661376953125
5036,8192_8448_4608_4864,MSAVI,65536,45130,1179.0,46309.0,19227.0,worst,0.688629150390625,0.0179901123046875,0.2933807373046875
5037,8192_8448_4864_5120,MSAVI,65536,35855,8322.0,44177.0,21359.0,worst,0.5471038818359375,0.126983642578125,0.3259124755859375
5038,8192_8448_5120_5376,MSAVI,65536,37196,13436.0,50632.0,14904.0,worst,0.56756591796875,0.20501708984375,0.2274169921875
5039,8192_8448_5376_5632,MSAVI,65536,35277,13205.0,48482.0,17054.0,worst,0.5382843017578125,0.2014923095703125,0.260223388671875
5040,8192_8448_5632_5888,MSAVI,65536,35580,10195.0,45775.0,19761.0,worst,0.54290771484375,0.1555633544921875,0.3015289306640625
5041,8192_8448_5888_6144,MSAVI,65536,36168,8066.0,44234.0,21302.0,worst,0.5518798828125,0.123077392578125,0.325042724609375
5042,8192_8448_6144_6400,MSAVI,65536,37275,6406.0,43681.0,21855.0,worst,0.5687713623046875,0.097747802734375,0.3334808349609375
5043,8192_8448_6400_6656,MSAVI,65536,37027,12508.0,49535.0,16001.0,worst,0.5649871826171875,0.19085693359375,0.2441558837890625
5044,8192_8448_6656_6912,MSAVI,65536,37241,10745.0,47986.0,17550.0,worst,0.5682525634765625,0.1639556884765625,0.267791748046875
5045,8192_8448_6912_7168,MSAVI,65536,39249,12770.0,52019.0,13517.0,worst,0.5988922119140625,0.194854736328125,0.2062530517578125
5046,8192_8448_7168_7424,MSAVI,65536,32484,10775.0,43259.0,22277.0,worst,0.49566650390625,0.1644134521484375,0.3399200439453125
5047,8192_8448_7424_7680,MSAVI,65536,33088,8956.0,42044.0,23492.0,worst,0.5048828125,0.13665771484375,0.35845947265625
5048,8192_8448_7680_7936,MSAVI,65536,32942,11487.0,44429.0,21107.0,worst,0.502655029296875,0.1752777099609375,0.3220672607421875
5049,8192_8448_7936_8192,MSAVI,65536,36434,13503.0,49937.0,15599.0,worst,0.555938720703125,0.2060394287109375,0.2380218505859375
5050,8192_8448_8192_8448,MSAVI,65536,33749,10144.0,43893.0,21643.0,worst,0.5149688720703125,0.15478515625,0.3302459716796875
5051,8192_8448_8448_8704,MSAVI,65536,33781,18327.0,52108.0,13428.0,worst,0.5154571533203125,0.2796478271484375,0.20489501953125
5052,8192_8448_8704_8960,MSAVI,65536,35410,12125.0,47535.0,18001.0,worst,0.540313720703125,0.1850128173828125,0.2746734619140625
5053,8192_8448_8960_9216,MSAVI,65536,29906,8319.0,38225.0,27311.0,worst,0.456329345703125,0.1269378662109375,0.4167327880859375
5054,8448_8704_256_512,MSAVI,65536,32807,16727.0,49534.0,16002.0,worst,0.5005950927734375,0.2552337646484375,0.244171142578125
5055,8448_8704_512_768,MSAVI,65536,38632,11409.0,50041.0,15495.0,worst,0.5894775390625,0.1740875244140625,0.2364349365234375
5056,8448_8704_768_1024,MSAVI,65536,39130,11391.0,50521.0,15015.0,worst,0.597076416015625,0.1738128662109375,0.2291107177734375
5057,8448_8704_1024_1280,MSAVI,65536,36071,17997.0,54068.0,11468.0,worst,0.5503997802734375,0.2746124267578125,0.17498779296875
5058,8448_8704_1280_1536,MSAVI,65536,37621,17244.0,54865.0,10671.0,worst,0.5740509033203125,0.26312255859375,0.1628265380859375
5059,8448_8704_1536_1792,MSAVI,65536,38556,14660.0,53216.0,12320.0,worst,0.58831787109375,0.22369384765625,0.18798828125
5060,8448_8704_1792_2048,MSAVI,65536,39826,7968.0,47794.0,17742.0,worst,0.607696533203125,0.12158203125,0.270721435546875
5061,8448_8704_2048_2304,MSAVI,65536,38924,5748.0,44672.0,20864.0,worst,0.59393310546875,0.08770751953125,0.318359375
5062,8448_8704_2304_2560,MSAVI,65536,41308,3306.0,44614.0,20922.0,worst,0.63031005859375,0.050445556640625,0.319244384765625
5063,8448_8704_2560_2816,MSAVI,65536,41436,4270.0,45706.0,19830.0,worst,0.63226318359375,0.065155029296875,0.302581787109375
5064,8448_8704_2816_3072,MSAVI,65536,33887,17096.0,50983.0,14553.0,worst,0.5170745849609375,0.2608642578125,0.2220611572265625
5065,8448_8704_3072_3328,MSAVI,65536,26594,1786.0,28380.0,37156.0,worst,0.405792236328125,0.027252197265625,0.56695556640625
5066,8448_8704_3328_3584,MSAVI,65536,35608,20669.0,56277.0,9259.0,worst,0.5433349609375,0.3153839111328125,0.1412811279296875
5067,8448_8704_3584_3840,MSAVI,65536,49004,0.0,49004.0,16532.0,worst,0.74774169921875,0.0,0.25225830078125
5068,8448_8704_3840_4096,MSAVI,65536,44168,908.0,45076.0,20460.0,worst,0.6739501953125,0.01385498046875,0.31219482421875
5069,8448_8704_4096_4352,MSAVI,65536,48424,3011.0,51435.0,14101.0,worst,0.7388916015625,0.0459442138671875,0.2151641845703125
5070,8448_8704_4352_4608,MSAVI,65536,47232,828.0,48060.0,17476.0,worst,0.720703125,0.01263427734375,0.26666259765625
5071,8448_8704_4608_4864,MSAVI,65536,49873,0.0,49873.0,15663.0,worst,0.7610015869140625,0.0,0.2389984130859375
5072,8448_8704_4864_5120,MSAVI,65536,48695,3546.0,52241.0,13295.0,worst,0.7430267333984375,0.054107666015625,0.2028656005859375
5073,8448_8704_5120_5376,MSAVI,65536,37409,14361.0,51770.0,13766.0,worst,0.5708160400390625,0.2191314697265625,0.210052490234375
5074,8448_8704_5376_5632,MSAVI,65536,33967,14225.0,48192.0,17344.0,worst,0.5182952880859375,0.2170562744140625,0.2646484375
5075,8448_8704_5632_5888,MSAVI,65536,35688,9306.0,44994.0,20542.0,worst,0.5445556640625,0.141998291015625,0.313446044921875
5076,8448_8704_5888_6144,MSAVI,65536,37594,8699.0,46293.0,19243.0,worst,0.573638916015625,0.1327362060546875,0.2936248779296875
5077,8448_8704_6144_6400,MSAVI,65536,37790,8920.0,46710.0,18826.0,worst,0.576629638671875,0.1361083984375,0.287261962890625
5078,8448_8704_6400_6656,MSAVI,65536,35381,11147.0,46528.0,19008.0,worst,0.5398712158203125,0.1700897216796875,0.2900390625
5079,8448_8704_6656_6912,MSAVI,65536,33677,7568.0,41245.0,24291.0,worst,0.5138702392578125,0.115478515625,0.3706512451171875
5080,8448_8704_6912_7168,MSAVI,65536,38571,17071.0,55642.0,9894.0,worst,0.5885467529296875,0.2604827880859375,0.150970458984375
5081,8448_8704_7168_7424,MSAVI,65536,34231,12173.0,46404.0,19132.0,worst,0.5223236083984375,0.1857452392578125,0.29193115234375
5082,8448_8704_7424_7680,MSAVI,65536,33608,8610.0,42218.0,23318.0,worst,0.5128173828125,0.131378173828125,0.355804443359375
5083,8448_8704_7680_7936,MSAVI,65536,32432,8611.0,41043.0,24493.0,worst,0.494873046875,0.1313934326171875,0.3737335205078125
5084,8448_8704_7936_8192,MSAVI,65536,31711,12329.0,44040.0,21496.0,worst,0.4838714599609375,0.1881256103515625,0.3280029296875
5085,8448_8704_8192_8448,MSAVI,65536,34210,12180.0,46390.0,19146.0,worst,0.522003173828125,0.18585205078125,0.292144775390625
5086,8448_8704_8448_8704,MSAVI,65536,33842,20644.0,54486.0,11050.0,worst,0.516387939453125,0.31500244140625,0.168609619140625
5087,8448_8704_8704_8960,MSAVI,65536,35223,11563.0,46786.0,18750.0,worst,0.5374603271484375,0.1764373779296875,0.286102294921875
5088,8448_8704_8960_9216,MSAVI,65536,33571,14499.0,48070.0,17466.0,worst,0.5122528076171875,0.2212371826171875,0.266510009765625
5089,8704_8960_256_512,MSAVI,65536,34882,14811.0,49693.0,15843.0,worst,0.532257080078125,0.2259979248046875,0.2417449951171875
5090,8704_8960_512_768,MSAVI,65536,35540,10213.0,45753.0,19783.0,worst,0.54229736328125,0.1558380126953125,0.3018646240234375
5091,8704_8960_768_1024,MSAVI,65536,38343,12963.0,51306.0,14230.0,worst,0.5850677490234375,0.1977996826171875,0.217132568359375
5092,8704_8960_1024_1280,MSAVI,65536,37189,12886.0,50075.0,15461.0,worst,0.5674591064453125,0.196624755859375,0.2359161376953125
5093,8704_8960_1280_1536,MSAVI,65536,34407,18835.0,53242.0,12294.0,worst,0.5250091552734375,0.2873992919921875,0.187591552734375
5094,8704_8960_1536_1792,MSAVI,65536,35660,14442.0,50102.0,15434.0,worst,0.54412841796875,0.220367431640625,0.235504150390625
5095,8704_8960_1792_2048,MSAVI,65536,35349,15345.0,50694.0,14842.0,worst,0.5393829345703125,0.2341461181640625,0.226470947265625
5096,8704_8960_2048_2304,MSAVI,65536,40827,8124.0,48951.0,16585.0,worst,0.6229705810546875,0.12396240234375,0.2530670166015625
5097,8704_8960_2304_2560,MSAVI,65536,41513,4525.0,46038.0,19498.0,worst,0.6334381103515625,0.0690460205078125,0.297515869140625
5098,8704_8960_2560_2816,MSAVI,65536,47491,892.0,48383.0,17153.0,worst,0.7246551513671875,0.01361083984375,0.2617340087890625
5099,8704_8960_2816_3072,MSAVI,65536,42785,2489.0,45274.0,20262.0,worst,0.6528472900390625,0.0379791259765625,0.309173583984375
5100,8704_8960_3072_3328,MSAVI,65536,42513,10507.0,53020.0,12516.0,worst,0.6486968994140625,0.1603240966796875,0.19097900390625
5101,8704_8960_3328_3584,MSAVI,65536,43290,11362.0,54652.0,10884.0,worst,0.660552978515625,0.173370361328125,0.16607666015625
5102,8704_8960_3584_3840,MSAVI,65536,47939,5371.0,53310.0,12226.0,worst,0.7314910888671875,0.0819549560546875,0.186553955078125
5103,8704_8960_3840_4096,MSAVI,65536,46748,802.0,47550.0,17986.0,worst,0.71331787109375,0.012237548828125,0.274444580078125
5104,8704_8960_4096_4352,MSAVI,65536,45649,539.0,46188.0,19348.0,worst,0.6965484619140625,0.0082244873046875,0.29522705078125
5105,8704_8960_4352_4608,MSAVI,65536,48039,196.0,48235.0,17301.0,worst,0.7330169677734375,0.00299072265625,0.2639923095703125
5106,8704_8960_4608_4864,MSAVI,65536,50368,1883.0,52251.0,13285.0,worst,0.7685546875,0.0287322998046875,0.2027130126953125
5107,8704_8960_4864_5120,MSAVI,65536,52997,414.0,53411.0,12125.0,worst,0.8086700439453125,0.006317138671875,0.1850128173828125
5108,8704_8960_5120_5376,MSAVI,65536,40835,11621.0,52456.0,13080.0,worst,0.6230926513671875,0.1773223876953125,0.1995849609375
5109,8704_8960_5376_5632,MSAVI,65536,40100,11947.0,52047.0,13489.0,worst,0.61187744140625,0.1822967529296875,0.2058258056640625
5110,8704_8960_5632_5888,MSAVI,65536,40749,9510.0,50259.0,15277.0,worst,0.6217803955078125,0.145111083984375,0.2331085205078125
5111,8704_8960_5888_6144,MSAVI,65536,39563,4711.0,44274.0,21262.0,worst,0.6036834716796875,0.0718841552734375,0.324432373046875
5112,8704_8960_6144_6400,MSAVI,65536,38824,14615.0,53439.0,12097.0,worst,0.5924072265625,0.2230072021484375,0.1845855712890625
5113,8704_8960_6400_6656,MSAVI,65536,37753,13002.0,50755.0,14781.0,worst,0.5760650634765625,0.198394775390625,0.2255401611328125
5114,8704_8960_6656_6912,MSAVI,65536,35413,9689.0,45102.0,20434.0,worst,0.5403594970703125,0.1478424072265625,0.311798095703125
5115,8704_8960_6912_7168,MSAVI,65536,37546,10533.0,48079.0,17457.0,worst,0.572906494140625,0.1607208251953125,0.2663726806640625
5116,8704_8960_7168_7424,MSAVI,65536,36939,12932.0,49871.0,15665.0,worst,0.5636444091796875,0.19732666015625,0.2390289306640625
5117,8704_8960_7424_7680,MSAVI,65536,35479,11989.0,47468.0,18068.0,worst,0.5413665771484375,0.1829376220703125,0.27569580078125
5118,8704_8960_7680_7936,MSAVI,65536,37877,12851.0,50728.0,14808.0,worst,0.5779571533203125,0.1960906982421875,0.2259521484375
5119,8704_8960_7936_8192,MSAVI,65536,31363,11507.0,42870.0,22666.0,worst,0.4785614013671875,0.1755828857421875,0.345855712890625
5120,8704_8960_8192_8448,MSAVI,65536,33487,9566.0,43053.0,22483.0,worst,0.5109710693359375,0.145965576171875,0.3430633544921875
5121,8704_8960_8448_8704,MSAVI,65536,28069,5213.0,33282.0,32254.0,worst,0.4282989501953125,0.0795440673828125,0.492156982421875
5122,8704_8960_8704_8960,MSAVI,65536,34707,14424.0,49131.0,16405.0,worst,0.5295867919921875,0.2200927734375,0.2503204345703125
5123,8704_8960_8960_9216,MSAVI,65536,34974,9782.0,44756.0,20780.0,worst,0.533660888671875,0.149261474609375,0.31707763671875
5124,8960_9216_256_512,MSAVI,65536,36721,9406.0,46127.0,19409.0,worst,0.5603179931640625,0.143524169921875,0.2961578369140625
5125,8960_9216_512_768,MSAVI,65536,40063,13806.0,53869.0,11667.0,worst,0.6113128662109375,0.210662841796875,0.1780242919921875
5126,8960_9216_768_1024,MSAVI,65536,38809,10712.0,49521.0,16015.0,worst,0.5921783447265625,0.1634521484375,0.2443695068359375
5127,8960_9216_1024_1280,MSAVI,65536,34581,9843.0,44424.0,21112.0,worst,0.5276641845703125,0.1501922607421875,0.3221435546875
5128,8960_9216_1280_1536,MSAVI,65536,33132,13179.0,46311.0,19225.0,worst,0.50555419921875,0.2010955810546875,0.2933502197265625
5129,8960_9216_1536_1792,MSAVI,65536,34666,13985.0,48651.0,16885.0,worst,0.528961181640625,0.2133941650390625,0.2576446533203125
5130,8960_9216_1792_2048,MSAVI,65536,38211,19868.0,58079.0,7457.0,worst,0.5830535888671875,0.30316162109375,0.1137847900390625
5131,8960_9216_2048_2304,MSAVI,65536,37794,11501.0,49295.0,16241.0,worst,0.576690673828125,0.1754913330078125,0.2478179931640625
5132,8960_9216_2304_2560,MSAVI,65536,35570,15909.0,51479.0,14057.0,worst,0.542755126953125,0.2427520751953125,0.2144927978515625
5133,8960_9216_2560_2816,MSAVI,65536,47283,1224.0,48507.0,17029.0,worst,0.7214813232421875,0.0186767578125,0.2598419189453125
5134,8960_9216_2816_3072,MSAVI,65536,45844,6648.0,52492.0,13044.0,worst,0.69952392578125,0.1014404296875,0.19903564453125
5135,8960_9216_3072_3328,MSAVI,65536,50330,204.0,50534.0,15002.0,worst,0.767974853515625,0.00311279296875,0.228912353515625
5136,8960_9216_3328_3584,MSAVI,65536,40901,15081.0,55982.0,9554.0,worst,0.6240997314453125,0.2301177978515625,0.145782470703125
5137,8960_9216_3584_3840,MSAVI,65536,34334,13864.0,48198.0,17338.0,worst,0.523895263671875,0.2115478515625,0.264556884765625
5138,8960_9216_3840_4096,MSAVI,65536,54398,1587.0,55985.0,9551.0,worst,0.830047607421875,0.0242156982421875,0.1457366943359375
5139,8960_9216_4096_4352,MSAVI,65536,52264,355.0,52619.0,12917.0,worst,0.7974853515625,0.0054168701171875,0.1970977783203125
5140,8960_9216_4352_4608,MSAVI,65536,53348,164.0,53512.0,12024.0,worst,0.81402587890625,0.00250244140625,0.1834716796875
5141,8960_9216_4608_4864,MSAVI,65536,52350,428.0,52778.0,12758.0,worst,0.798797607421875,0.00653076171875,0.194671630859375
5142,8960_9216_4864_5120,MSAVI,65536,46931,557.0,47488.0,18048.0,worst,0.7161102294921875,0.0084991455078125,0.275390625
5143,8960_9216_5120_5376,MSAVI,65536,51341,524.0,51865.0,13671.0,worst,0.7834014892578125,0.00799560546875,0.2086029052734375
5144,8960_9216_5376_5632,MSAVI,65536,31911,26040.0,57951.0,7585.0,worst,0.4869232177734375,0.3973388671875,0.1157379150390625
5145,8960_9216_5632_5888,MSAVI,65536,49375,10574.0,59949.0,5587.0,worst,0.7534027099609375,0.161346435546875,0.0852508544921875
5146,8960_9216_5888_6144,MSAVI,65536,38719,7146.0,45865.0,19671.0,worst,0.5908050537109375,0.109039306640625,0.3001556396484375
5147,8960_9216_6144_6400,MSAVI,65536,40426,8782.0,49208.0,16328.0,worst,0.616851806640625,0.134002685546875,0.2491455078125
5148,8960_9216_6400_6656,MSAVI,65536,35858,14594.0,50452.0,15084.0,worst,0.547149658203125,0.222686767578125,0.23016357421875
5149,8960_9216_6656_6912,MSAVI,65536,37531,11086.0,48617.0,16919.0,worst,0.5726776123046875,0.169158935546875,0.2581634521484375
5150,8960_9216_6912_7168,MSAVI,65536,37206,11461.0,48667.0,16869.0,worst,0.567718505859375,0.1748809814453125,0.2574005126953125
5151,8960_9216_7168_7424,MSAVI,65536,38662,7305.0,45967.0,19569.0,worst,0.589935302734375,0.1114654541015625,0.2985992431640625
5152,8960_9216_7424_7680,MSAVI,65536,34400,16134.0,50534.0,15002.0,worst,0.52490234375,0.246185302734375,0.228912353515625
5153,8960_9216_7680_7936,MSAVI,65536,32682,13129.0,45811.0,19725.0,worst,0.498687744140625,0.2003326416015625,0.3009796142578125
5154,8960_9216_7936_8192,MSAVI,65536,33866,11675.0,45541.0,19995.0,worst,0.516754150390625,0.1781463623046875,0.3050994873046875
5155,8960_9216_8192_8448,MSAVI,65536,32116,16687.0,48803.0,16733.0,worst,0.49005126953125,0.2546234130859375,0.2553253173828125
5156,8960_9216_8448_8704,MSAVI,65536,36645,9083.0,45728.0,19808.0,worst,0.5591583251953125,0.1385955810546875,0.30224609375
5157,8960_9216_8704_8960,MSAVI,65536,34489,8490.0,42979.0,22557.0,worst,0.5262603759765625,0.129547119140625,0.3441925048828125
5158,8960_9216_8960_9216,MSAVI,65536,34592,6410.0,41002.0,24534.0,worst,0.52783203125,0.097808837890625,0.374359130859375
5159,9216_9472_256_512,MSAVI,65536,35693,20145.0,55838.0,9698.0,worst,0.5446319580078125,0.3073883056640625,0.147979736328125
5160,9216_9472_512_768,MSAVI,65536,36305,6097.0,42402.0,23134.0,worst,0.5539703369140625,0.0930328369140625,0.352996826171875
5161,9216_9472_768_1024,MSAVI,65536,37678,14246.0,51924.0,13612.0,worst,0.574920654296875,0.217376708984375,0.20770263671875
5162,9216_9472_1024_1280,MSAVI,65536,35311,7774.0,43085.0,22451.0,worst,0.5388031005859375,0.118621826171875,0.3425750732421875
5163,9216_9472_1280_1536,MSAVI,65536,36707,7068.0,43775.0,21761.0,worst,0.5601043701171875,0.10784912109375,0.3320465087890625
5164,9216_9472_1536_1792,MSAVI,65536,35335,14049.0,49384.0,16152.0,worst,0.5391693115234375,0.2143707275390625,0.2464599609375
5165,9216_9472_1792_2048,MSAVI,65536,34940,16412.0,51352.0,14184.0,worst,0.53314208984375,0.25042724609375,0.2164306640625
5166,9216_9472_2048_2304,MSAVI,65536,37246,13091.0,50337.0,15199.0,worst,0.568328857421875,0.1997528076171875,0.2319183349609375
5167,9216_9472_2304_2560,MSAVI,65536,36041,12905.0,48946.0,16590.0,worst,0.5499420166015625,0.1969146728515625,0.253143310546875
5168,9216_9472_2560_2816,MSAVI,65536,40554,19969.0,60523.0,5013.0,worst,0.618804931640625,0.3047027587890625,0.0764923095703125
5169,9216_9472_2816_3072,MSAVI,65536,36125,19120.0,55245.0,10291.0,worst,0.5512237548828125,0.291748046875,0.1570281982421875
5170,9216_9472_3072_3328,MSAVI,65536,53599,5196.0,58795.0,6741.0,worst,0.8178558349609375,0.07928466796875,0.1028594970703125
5171,9216_9472_3328_3584,MSAVI,65536,55794,176.0,55970.0,9566.0,worst,0.851348876953125,0.002685546875,0.145965576171875
5172,9216_9472_3584_3840,MSAVI,65536,50556,599.0,51155.0,14381.0,worst,0.77142333984375,0.0091400146484375,0.2194366455078125
5173,9216_9472_3840_4096,MSAVI,65536,55479,0.0,55479.0,10057.0,worst,0.8465423583984375,0.0,0.1534576416015625
5174,9216_9472_4096_4352,MSAVI,65536,44424,7819.0,52243.0,13293.0,worst,0.6778564453125,0.1193084716796875,0.2028350830078125
5175,9216_9472_4352_4608,MSAVI,65536,53728,279.0,54007.0,11529.0,worst,0.81982421875,0.0042572021484375,0.1759185791015625
5176,9216_9472_4608_4864,MSAVI,65536,49668,236.0,49904.0,15632.0,worst,0.75787353515625,0.00360107421875,0.238525390625
5177,9216_9472_4864_5120,MSAVI,65536,48299,240.0,48539.0,16997.0,worst,0.7369842529296875,0.003662109375,0.2593536376953125
5178,9216_9472_5120_5376,MSAVI,65536,47696,1886.0,49582.0,15954.0,worst,0.727783203125,0.028778076171875,0.243438720703125
5179,9216_9472_5376_5632,MSAVI,65536,58582,0.0,58582.0,6954.0,worst,0.893890380859375,0.0,0.106109619140625
5180,9216_9472_5632_5888,MSAVI,65536,36872,13394.0,50266.0,15270.0,worst,0.5626220703125,0.204376220703125,0.233001708984375
5181,9216_9472_5888_6144,MSAVI,65536,38452,11694.0,50146.0,15390.0,worst,0.58673095703125,0.178436279296875,0.234832763671875
5182,9216_9472_6144_6400,MSAVI,65536,37579,13620.0,51199.0,14337.0,worst,0.5734100341796875,0.20782470703125,0.2187652587890625
5183,9216_9472_6400_6656,MSAVI,65536,37778,14937.0,52715.0,12821.0,worst,0.576446533203125,0.2279205322265625,0.1956329345703125
5184,9216_9472_6656_6912,MSAVI,65536,37924,16263.0,54187.0,11349.0,worst,0.57867431640625,0.2481536865234375,0.1731719970703125
5185,9216_9472_6912_7168,MSAVI,65536,38851,8035.0,46886.0,18650.0,worst,0.5928192138671875,0.1226043701171875,0.284576416015625
5186,9216_9472_7168_7424,MSAVI,65536,38434,8600.0,47034.0,18502.0,worst,0.586456298828125,0.1312255859375,0.282318115234375
5187,9216_9472_7424_7680,MSAVI,65536,35744,5104.0,40848.0,24688.0,worst,0.54541015625,0.077880859375,0.376708984375
5188,9216_9472_7680_7936,MSAVI,65536,35625,9679.0,45304.0,20232.0,worst,0.5435943603515625,0.1476898193359375,0.3087158203125
5189,9216_9472_7936_8192,MSAVI,65536,38032,10104.0,48136.0,17400.0,worst,0.580322265625,0.1541748046875,0.2655029296875
5190,9216_9472_8192_8448,MSAVI,65536,35212,7939.0,43151.0,22385.0,worst,0.53729248046875,0.1211395263671875,0.3415679931640625
5191,9216_9472_8448_8704,MSAVI,65536,35187,7638.0,42825.0,22711.0,worst,0.5369110107421875,0.116546630859375,0.3465423583984375
5192,9216_9472_8704_8960,MSAVI,65536,31368,13259.0,44627.0,20909.0,worst,0.4786376953125,0.2023162841796875,0.3190460205078125
5193,9216_9472_8960_9216,MSAVI,65536,35051,11914.0,46965.0,18571.0,worst,0.5348358154296875,0.181793212890625,0.2833709716796875
5194,9472_9728_256_512,MSAVI,65536,36818,9928.0,46746.0,18790.0,worst,0.561798095703125,0.1514892578125,0.286712646484375
5195,9472_9728_512_768,MSAVI,65536,36400,9072.0,45472.0,20064.0,worst,0.555419921875,0.138427734375,0.30615234375
5196,9472_9728_768_1024,MSAVI,65536,34222,22343.0,56565.0,8971.0,worst,0.522186279296875,0.3409271240234375,0.1368865966796875
5197,9472_9728_1024_1280,MSAVI,65536,41482,7423.0,48905.0,16631.0,worst,0.632965087890625,0.1132659912109375,0.2537689208984375
5198,9472_9728_1280_1536,MSAVI,65536,37063,7880.0,44943.0,20593.0,worst,0.5655364990234375,0.1202392578125,0.3142242431640625
5199,9472_9728_1536_1792,MSAVI,65536,25057,10293.0,35350.0,30186.0,worst,0.3823394775390625,0.1570587158203125,0.460601806640625
5200,9472_9728_1792_2048,MSAVI,65536,37859,21724.0,59583.0,5953.0,worst,0.5776824951171875,0.33148193359375,0.0908355712890625
5201,9472_9728_2048_2304,MSAVI,65536,35502,22893.0,58395.0,7141.0,worst,0.541717529296875,0.3493194580078125,0.1089630126953125
5202,9472_9728_2304_2560,MSAVI,65536,40409,17398.0,57807.0,7729.0,worst,0.6165924072265625,0.265472412109375,0.1179351806640625
5203,9472_9728_2560_2816,MSAVI,65536,51835,8101.0,59936.0,5600.0,worst,0.7909393310546875,0.1236114501953125,0.08544921875
5204,9472_9728_2816_3072,MSAVI,65536,53931,6903.0,60834.0,4702.0,worst,0.8229217529296875,0.1053314208984375,0.071746826171875
5205,9472_9728_3072_3328,MSAVI,65536,61973,177.0,62150.0,3386.0,worst,0.9456329345703125,0.0027008056640625,0.051666259765625
5206,9472_9728_3328_3584,MSAVI,65536,62242,0.0,62242.0,3294.0,worst,0.949737548828125,0.0,0.050262451171875
5207,9472_9728_3584_3840,MSAVI,65536,49217,430.0,49647.0,15889.0,worst,0.7509918212890625,0.006561279296875,0.2424468994140625
5208,9472_9728_3840_4096,MSAVI,65536,49747,181.0,49928.0,15608.0,worst,0.7590789794921875,0.0027618408203125,0.2381591796875
5209,9472_9728_4096_4352,MSAVI,65536,53886,200.0,54086.0,11450.0,worst,0.822235107421875,0.0030517578125,0.174713134765625
5210,9472_9728_4352_4608,MSAVI,65536,56197,373.0,56570.0,8966.0,worst,0.8574981689453125,0.0056915283203125,0.136810302734375
5211,9472_9728_4608_4864,MSAVI,65536,51293,2055.0,53348.0,12188.0,worst,0.7826690673828125,0.0313568115234375,0.18597412109375
5212,9472_9728_4864_5120,MSAVI,65536,52397,127.0,52524.0,13012.0,worst,0.7995147705078125,0.0019378662109375,0.19854736328125
5213,9472_9728_5120_5376,MSAVI,65536,44434,3910.0,48344.0,17192.0,worst,0.678009033203125,0.059661865234375,0.2623291015625
5214,9472_9728_5376_5632,MSAVI,65536,52583,272.0,52855.0,12681.0,worst,0.8023529052734375,0.004150390625,0.1934967041015625
5215,9472_9728_5632_5888,MSAVI,65536,46666,2703.0,49369.0,16167.0,worst,0.712066650390625,0.0412445068359375,0.2466888427734375
5216,9472_9728_5888_6144,MSAVI,65536,38031,16031.0,54062.0,11474.0,worst,0.5803070068359375,0.2446136474609375,0.175079345703125
5217,9472_9728_6144_6400,MSAVI,65536,41160,12154.0,53314.0,12222.0,worst,0.6280517578125,0.185455322265625,0.186492919921875
5218,9472_9728_6400_6656,MSAVI,65536,35448,19161.0,54609.0,10927.0,worst,0.5408935546875,0.2923736572265625,0.1667327880859375
5219,9472_9728_6656_6912,MSAVI,65536,34838,16023.0,50861.0,14675.0,worst,0.531585693359375,0.2444915771484375,0.2239227294921875
5220,9472_9728_6912_7168,MSAVI,65536,44177,10733.0,54910.0,10626.0,worst,0.6740875244140625,0.1637725830078125,0.162139892578125
5221,9472_9728_7168_7424,MSAVI,65536,38531,13993.0,52524.0,13012.0,worst,0.5879364013671875,0.2135162353515625,0.19854736328125
5222,9472_9728_7424_7680,MSAVI,65536,39248,12124.0,51372.0,14164.0,worst,0.598876953125,0.18499755859375,0.21612548828125
5223,9472_9728_7680_7936,MSAVI,65536,40933,5114.0,46047.0,19489.0,worst,0.6245880126953125,0.078033447265625,0.2973785400390625
5224,9472_9728_7936_8192,MSAVI,65536,37809,5765.0,43574.0,21962.0,worst,0.5769195556640625,0.0879669189453125,0.335113525390625
5225,9472_9728_8192_8448,MSAVI,65536,37705,4694.0,42399.0,23137.0,worst,0.5753326416015625,0.071624755859375,0.3530426025390625
5226,9472_9728_8448_8704,MSAVI,65536,34560,8262.0,42822.0,22714.0,worst,0.52734375,0.126068115234375,0.346588134765625
5227,9472_9728_8704_8960,MSAVI,65536,34512,11866.0,46378.0,19158.0,worst,0.526611328125,0.181060791015625,0.292327880859375
5228,9472_9728_8960_9216,MSAVI,65536,34213,18720.0,52933.0,12603.0,worst,0.5220489501953125,0.28564453125,0.1923065185546875
5229,9728_9984_512_768,MSAVI,65536,35606,10677.0,46283.0,19253.0,worst,0.543304443359375,0.1629180908203125,0.2937774658203125
5230,9728_9984_768_1024,MSAVI,65536,33689,22594.0,56283.0,9253.0,worst,0.5140533447265625,0.344757080078125,0.1411895751953125
5231,9728_9984_1024_1280,MSAVI,65536,34381,13785.0,48166.0,17370.0,worst,0.5246124267578125,0.2103424072265625,0.265045166015625
5232,9728_9984_1280_1536,MSAVI,65536,37167,7602.0,44769.0,20767.0,worst,0.5671234130859375,0.115997314453125,0.3168792724609375
5233,9728_9984_1536_1792,MSAVI,65536,37718,15098.0,52816.0,12720.0,worst,0.575531005859375,0.230377197265625,0.194091796875
5234,9728_9984_1792_2048,MSAVI,65536,41266,13815.0,55081.0,10455.0,worst,0.629669189453125,0.2108001708984375,0.1595306396484375
5235,9728_9984_2048_2304,MSAVI,65536,39090,7789.0,46879.0,18657.0,worst,0.596466064453125,0.1188507080078125,0.2846832275390625
5236,9728_9984_2304_2560,MSAVI,65536,45398,9059.0,54457.0,11079.0,worst,0.692718505859375,0.1382293701171875,0.1690521240234375
5237,9728_9984_2560_2816,MSAVI,65536,55871,247.0,56118.0,9418.0,worst,0.8525238037109375,0.0037689208984375,0.143707275390625
5238,9728_9984_2816_3072,MSAVI,65536,58052,394.0,58446.0,7090.0,worst,0.88580322265625,0.006011962890625,0.108184814453125
5239,9728_9984_3072_3328,MSAVI,65536,59298,242.0,59540.0,5996.0,worst,0.904815673828125,0.003692626953125,0.09149169921875
5240,9728_9984_3328_3584,MSAVI,65536,62387,392.0,62779.0,2757.0,worst,0.9519500732421875,0.0059814453125,0.0420684814453125
5241,9728_9984_3584_3840,MSAVI,65536,53360,627.0,53987.0,11549.0,worst,0.814208984375,0.0095672607421875,0.1762237548828125
5242,9728_9984_3840_4096,MSAVI,65536,47794,518.0,48312.0,17224.0,worst,0.729278564453125,0.007904052734375,0.2628173828125
5243,9728_9984_4096_4352,MSAVI,65536,48186,0.0,48186.0,17350.0,worst,0.735260009765625,0.0,0.264739990234375
5244,9728_9984_4352_4608,MSAVI,65536,47745,0.0,47745.0,17791.0,worst,0.7285308837890625,0.0,0.2714691162109375
5245,9728_9984_4608_4864,MSAVI,65536,49727,843.0,50570.0,14966.0,worst,0.7587738037109375,0.0128631591796875,0.228363037109375
5246,9728_9984_4864_5120,MSAVI,65536,36045,9180.0,45225.0,20311.0,worst,0.5500030517578125,0.14007568359375,0.3099212646484375
5247,9728_9984_5120_5376,MSAVI,65536,42211,4761.0,46972.0,18564.0,worst,0.6440887451171875,0.0726470947265625,0.28326416015625
5248,9728_9984_5376_5632,MSAVI,65536,47210,3160.0,50370.0,15166.0,worst,0.720367431640625,0.0482177734375,0.231414794921875
5249,9728_9984_5632_5888,MSAVI,65536,37635,16146.0,53781.0,11755.0,worst,0.5742645263671875,0.246368408203125,0.1793670654296875
5250,9728_9984_5888_6144,MSAVI,65536,33214,16602.0,49816.0,15720.0,worst,0.506805419921875,0.253326416015625,0.2398681640625
5251,9728_9984_6144_6400,MSAVI,65536,36964,15646.0,52610.0,12926.0,worst,0.56402587890625,0.238739013671875,0.197235107421875
5252,9728_9984_6400_6656,MSAVI,65536,32045,11196.0,43241.0,22295.0,worst,0.4889678955078125,0.17083740234375,0.3401947021484375
5253,9728_9984_6656_6912,MSAVI,65536,36148,13131.0,49279.0,16257.0,worst,0.55157470703125,0.2003631591796875,0.2480621337890625
5254,9728_9984_6912_7168,MSAVI,65536,40327,9489.0,49816.0,15720.0,worst,0.6153411865234375,0.1447906494140625,0.2398681640625
5255,9728_9984_7168_7424,MSAVI,65536,38606,7204.0,45810.0,19726.0,worst,0.589080810546875,0.10992431640625,0.300994873046875
5256,9728_9984_7424_7680,MSAVI,65536,38346,8670.0,47016.0,18520.0,worst,0.585113525390625,0.132293701171875,0.2825927734375
5257,9728_9984_7680_7936,MSAVI,65536,41525,3474.0,44999.0,20537.0,worst,0.6336212158203125,0.053009033203125,0.3133697509765625
5258,9728_9984_7936_8192,MSAVI,65536,42041,3217.0,45258.0,20278.0,worst,0.6414947509765625,0.0490875244140625,0.309417724609375
5259,9728_9984_8192_8448,MSAVI,65536,39506,8669.0,48175.0,17361.0,worst,0.602813720703125,0.1322784423828125,0.2649078369140625
5260,9728_9984_8448_8704,MSAVI,65536,37925,9780.0,47705.0,17831.0,worst,0.5786895751953125,0.14923095703125,0.2720794677734375
5261,9728_9984_8704_8960,MSAVI,65536,39929,11784.0,51713.0,13823.0,worst,0.6092681884765625,0.1798095703125,0.2109222412109375
5262,9728_9984_8960_9216,MSAVI,65536,35672,16567.0,52239.0,13297.0,worst,0.5443115234375,0.2527923583984375,0.2028961181640625
5263,9984_10240_1024_1280,MSAVI,65536,36387,15535.0,51922.0,13614.0,worst,0.5552215576171875,0.2370452880859375,0.207733154296875
5264,9984_10240_1280_1536,MSAVI,65536,35311,9908.0,45219.0,20317.0,worst,0.5388031005859375,0.15118408203125,0.3100128173828125
5265,9984_10240_1536_1792,MSAVI,65536,31235,27123.0,58358.0,7178.0,worst,0.4766082763671875,0.4138641357421875,0.109527587890625
5266,9984_10240_1792_2048,MSAVI,65536,44540,7601.0,52141.0,13395.0,worst,0.67962646484375,0.1159820556640625,0.2043914794921875
5267,9984_10240_2048_2304,MSAVI,65536,38928,7144.0,46072.0,19464.0,worst,0.593994140625,0.1090087890625,0.2969970703125
5268,9984_10240_2304_2560,MSAVI,65536,38092,7138.0,45230.0,20306.0,worst,0.58123779296875,0.108917236328125,0.309844970703125
5269,9984_10240_2560_2816,MSAVI,65536,52648,213.0,52861.0,12675.0,worst,0.8033447265625,0.0032501220703125,0.1934051513671875
5270,9984_10240_2816_3072,MSAVI,65536,53537,3592.0,57129.0,8407.0,worst,0.8169097900390625,0.0548095703125,0.1282806396484375
5271,9984_10240_3072_3328,MSAVI,65536,52746,1762.0,54508.0,11028.0,worst,0.804840087890625,0.026885986328125,0.16827392578125
5272,9984_10240_3328_3584,MSAVI,65536,60691,424.0,61115.0,4421.0,worst,0.9260711669921875,0.0064697265625,0.0674591064453125
5273,9984_10240_3584_3840,MSAVI,65536,58345,312.0,58657.0,6879.0,worst,0.8902740478515625,0.0047607421875,0.1049652099609375
5274,9984_10240_3840_4096,MSAVI,65536,47238,831.0,48069.0,17467.0,worst,0.720794677734375,0.0126800537109375,0.2665252685546875
5275,9984_10240_4096_4352,MSAVI,65536,45796,696.0,46492.0,19044.0,worst,0.69879150390625,0.0106201171875,0.29058837890625
5276,9984_10240_4352_4608,MSAVI,65536,46459,225.0,46684.0,18852.0,worst,0.7089080810546875,0.0034332275390625,0.28765869140625
5277,9984_10240_4608_4864,MSAVI,65536,43660,234.0,43894.0,21642.0,worst,0.66619873046875,0.003570556640625,0.330230712890625
5278,9984_10240_4864_5120,MSAVI,65536,47296,148.0,47444.0,18092.0,worst,0.7216796875,0.00225830078125,0.27606201171875
5279,9984_10240_5120_5376,MSAVI,65536,56013,305.0,56318.0,9218.0,worst,0.8546905517578125,0.0046539306640625,0.140655517578125
5280,9984_10240_5376_5632,MSAVI,65536,30914,16597.0,47511.0,18025.0,worst,0.471710205078125,0.2532501220703125,0.2750396728515625
5281,9984_10240_5632_5888,MSAVI,65536,35918,16105.0,52023.0,13513.0,worst,0.548065185546875,0.2457427978515625,0.2061920166015625
5282,9984_10240_5888_6144,MSAVI,65536,33763,8912.0,42675.0,22861.0,worst,0.5151824951171875,0.135986328125,0.3488311767578125
5283,9984_10240_6144_6400,MSAVI,65536,34620,19745.0,54365.0,11171.0,worst,0.52825927734375,0.3012847900390625,0.1704559326171875
5284,9984_10240_6400_6656,MSAVI,65536,37727,12815.0,50542.0,14994.0,worst,0.5756683349609375,0.1955413818359375,0.228790283203125
5285,9984_10240_6656_6912,MSAVI,65536,27659,9172.0,36831.0,28705.0,worst,0.4220428466796875,0.13995361328125,0.4380035400390625
5286,9984_10240_6912_7168,MSAVI,65536,34989,7056.0,42045.0,23491.0,worst,0.5338897705078125,0.107666015625,0.3584442138671875
5287,9984_10240_7168_7424,MSAVI,65536,37605,7181.0,44786.0,20750.0,worst,0.5738067626953125,0.1095733642578125,0.316619873046875
5288,9984_10240_7424_7680,MSAVI,65536,37560,16904.0,54464.0,11072.0,worst,0.5731201171875,0.2579345703125,0.1689453125
5289,9984_10240_7680_7936,MSAVI,65536,37024,14008.0,51032.0,14504.0,worst,0.56494140625,0.2137451171875,0.2213134765625
5290,9984_10240_7936_8192,MSAVI,65536,35272,14646.0,49918.0,15618.0,worst,0.5382080078125,0.223480224609375,0.238311767578125
5291,9984_10240_8192_8448,MSAVI,65536,35857,11290.0,47147.0,18389.0,worst,0.5471343994140625,0.172271728515625,0.2805938720703125
5292,9984_10240_8448_8704,MSAVI,65536,40506,8164.0,48670.0,16866.0,worst,0.618072509765625,0.12457275390625,0.257354736328125
5293,9984_10240_8704_8960,MSAVI,65536,36286,16152.0,52438.0,13098.0,worst,0.553680419921875,0.2464599609375,0.199859619140625
5294,256_512_6656_6912,MSAVI,65401,44472,1573.0,46045.0,19356.0,medium,0.6799896026054647,0.02405162000581031,0.29595877738872495
5295,256_512_6912_7168,MSAVI,65536,43677,1538.0,45215.0,20321.0,medium,0.6664581298828125,0.023468017578125,0.3100738525390625
5296,256_512_7168_7424,MSAVI,65536,46743,2621.0,49364.0,16172.0,medium,0.7132415771484375,0.0399932861328125,0.24676513671875
5297,256_512_7424_7680,MSAVI,65536,47646,2196.0,49842.0,15694.0,medium,0.727020263671875,0.03350830078125,0.239471435546875
5298,512_768_6400_6656,MSAVI,65536,46557,888.0,47445.0,18091.0,medium,0.7104034423828125,0.0135498046875,0.2760467529296875
5299,512_768_6656_6912,MSAVI,65536,45243,1199.0,46442.0,19094.0,medium,0.6903533935546875,0.0182952880859375,0.291351318359375
5300,512_768_6912_7168,MSAVI,65536,41825,2444.0,44269.0,21267.0,medium,0.6381988525390625,0.03729248046875,0.3245086669921875
5301,512_768_7168_7424,MSAVI,65536,46363,1549.0,47912.0,17624.0,medium,0.7074432373046875,0.0236358642578125,0.2689208984375
5302,512_768_7424_7680,MSAVI,65536,41919,5123.0,47042.0,18494.0,medium,0.6396331787109375,0.0781707763671875,0.282196044921875
5303,512_768_7680_7936,MSAVI,65536,44022,2428.0,46450.0,19086.0,medium,0.671722412109375,0.03704833984375,0.291229248046875
5304,768_1024_5888_6144,MSAVI,65536,41046,4706.0,45752.0,19784.0,medium,0.626312255859375,0.071807861328125,0.3018798828125
5305,768_1024_6144_6400,MSAVI,65536,46864,495.0,47359.0,18177.0,medium,0.715087890625,0.0075531005859375,0.2773590087890625
5306,768_1024_6400_6656,MSAVI,65536,45417,178.0,45595.0,19941.0,medium,0.6930084228515625,0.002716064453125,0.3042755126953125
5307,768_1024_6656_6912,MSAVI,65536,43385,1431.0,44816.0,20720.0,medium,0.6620025634765625,0.0218353271484375,0.316162109375
5308,768_1024_6912_7168,MSAVI,65536,42050,6463.0,48513.0,17023.0,medium,0.641632080078125,0.0986175537109375,0.2597503662109375
5309,768_1024_7168_7424,MSAVI,65536,44658,2578.0,47236.0,18300.0,medium,0.681427001953125,0.039337158203125,0.27923583984375
5310,768_1024_7424_7680,MSAVI,65536,45470,2622.0,48092.0,17444.0,medium,0.693817138671875,0.040008544921875,0.26617431640625
5311,768_1024_7680_7936,MSAVI,65536,43189,2090.0,45279.0,20257.0,medium,0.6590118408203125,0.031890869140625,0.3090972900390625
5312,1024_1280_5632_5888,MSAVI,65536,45991,253.0,46244.0,19292.0,medium,0.7017669677734375,0.0038604736328125,0.29437255859375
5313,1024_1280_5888_6144,MSAVI,65536,42430,2058.0,44488.0,21048.0,medium,0.647430419921875,0.031402587890625,0.3211669921875
5314,1024_1280_6144_6400,MSAVI,65536,44310,228.0,44538.0,20998.0,medium,0.676116943359375,0.00347900390625,0.320404052734375
5315,1024_1280_6400_6656,MSAVI,65536,46335,52.0,46387.0,19149.0,medium,0.7070159912109375,0.00079345703125,0.2921905517578125
5316,1024_1280_6656_6912,MSAVI,65536,44026,2976.0,47002.0,18534.0,medium,0.671783447265625,0.04541015625,0.282806396484375
5317,1024_1280_6912_7168,MSAVI,65536,44646,2133.0,46779.0,18757.0,medium,0.681243896484375,0.0325469970703125,0.2862091064453125
5318,1024_1280_7168_7424,MSAVI,65536,40811,2260.0,43071.0,22465.0,medium,0.6227264404296875,0.03448486328125,0.3427886962890625
5319,1024_1280_7424_7680,MSAVI,65536,42795,3194.0,45989.0,19547.0,medium,0.6529998779296875,0.048736572265625,0.2982635498046875
5320,1024_1280_7680_7936,MSAVI,65536,44455,515.0,44970.0,20566.0,medium,0.6783294677734375,0.0078582763671875,0.313812255859375
5321,1024_1280_7936_8192,MSAVI,65536,48379,374.0,48753.0,16783.0,medium,0.7382049560546875,0.005706787109375,0.2560882568359375
5322,1280_1536_5120_5376,MSAVI,65536,49604,1174.0,50778.0,14758.0,medium,0.75689697265625,0.017913818359375,0.225189208984375
5323,1280_1536_5376_5632,MSAVI,65536,50160,186.0,50346.0,15190.0,medium,0.765380859375,0.002838134765625,0.231781005859375
5324,1280_1536_5632_5888,MSAVI,65536,45808,3474.0,49282.0,16254.0,medium,0.698974609375,0.053009033203125,0.248016357421875
5325,1280_1536_5888_6144,MSAVI,65536,44070,1584.0,45654.0,19882.0,medium,0.672454833984375,0.024169921875,0.303375244140625
5326,1280_1536_6144_6400,MSAVI,65536,43927,3057.0,46984.0,18552.0,medium,0.6702728271484375,0.0466461181640625,0.2830810546875
5327,1280_1536_6400_6656,MSAVI,65536,41646,5998.0,47644.0,17892.0,medium,0.635467529296875,0.091522216796875,0.27301025390625
5328,1280_1536_6656_6912,MSAVI,65536,43781,4718.0,48499.0,17037.0,medium,0.6680450439453125,0.071990966796875,0.2599639892578125
5329,1280_1536_6912_7168,MSAVI,65536,46475,2147.0,48622.0,16914.0,medium,0.7091522216796875,0.0327606201171875,0.258087158203125
5330,1280_1536_7168_7424,MSAVI,65536,42049,1581.0,43630.0,21906.0,medium,0.6416168212890625,0.0241241455078125,0.334259033203125
5331,1280_1536_7424_7680,MSAVI,65536,43703,3955.0,47658.0,17878.0,medium,0.6668548583984375,0.0603485107421875,0.272796630859375
5332,1280_1536_7680_7936,MSAVI,65536,46233,1119.0,47352.0,18184.0,medium,0.7054595947265625,0.0170745849609375,0.2774658203125
5333,1280_1536_7936_8192,MSAVI,65536,43634,766.0,44400.0,21136.0,medium,0.665802001953125,0.011688232421875,0.322509765625
5334,1536_1792_4608_4864,MSAVI,65536,47921,5182.0,53103.0,12433.0,medium,0.7312164306640625,0.079071044921875,0.1897125244140625
5335,1536_1792_4864_5120,MSAVI,65536,46026,6218.0,52244.0,13292.0,medium,0.702301025390625,0.094879150390625,0.20281982421875
5336,1536_1792_5120_5376,MSAVI,65536,46539,184.0,46723.0,18813.0,medium,0.7101287841796875,0.0028076171875,0.2870635986328125
5337,1536_1792_5376_5632,MSAVI,65536,50051,331.0,50382.0,15154.0,medium,0.7637176513671875,0.0050506591796875,0.231231689453125
5338,1536_1792_5632_5888,MSAVI,65536,44137,7169.0,51306.0,14230.0,medium,0.6734771728515625,0.1093902587890625,0.217132568359375
5339,1536_1792_5888_6144,MSAVI,65536,45160,2253.0,47413.0,18123.0,medium,0.6890869140625,0.0343780517578125,0.2765350341796875
5340,1536_1792_6144_6400,MSAVI,65536,46369,532.0,46901.0,18635.0,medium,0.7075347900390625,0.00811767578125,0.2843475341796875
5341,1536_1792_6400_6656,MSAVI,65536,44256,961.0,45217.0,20319.0,medium,0.67529296875,0.0146636962890625,0.3100433349609375
5342,1536_1792_6656_6912,MSAVI,65536,42758,566.0,43324.0,22212.0,medium,0.652435302734375,0.008636474609375,0.33892822265625
5343,1536_1792_6912_7168,MSAVI,65536,42857,362.0,43219.0,22317.0,medium,0.6539459228515625,0.005523681640625,0.3405303955078125
5344,1536_1792_7168_7424,MSAVI,65536,43992,452.0,44444.0,21092.0,medium,0.6712646484375,0.00689697265625,0.32183837890625
5345,1536_1792_7424_7680,MSAVI,65536,44485,3667.0,48152.0,17384.0,medium,0.6787872314453125,0.0559539794921875,0.2652587890625
5346,1536_1792_7680_7936,MSAVI,65536,42055,7961.0,50016.0,15520.0,medium,0.6417083740234375,0.1214752197265625,0.23681640625
5347,1536_1792_7936_8192,MSAVI,65536,42113,3452.0,45565.0,19971.0,medium,0.6425933837890625,0.05267333984375,0.3047332763671875
5348,1536_1792_8192_8448,MSAVI,65536,45302,6732.0,52034.0,13502.0,medium,0.691253662109375,0.10272216796875,0.206024169921875
5349,1792_2048_4352_4608,MSAVI,65536,46763,5605.0,52368.0,13168.0,medium,0.7135467529296875,0.0855255126953125,0.200927734375
5350,1792_2048_4608_4864,MSAVI,65536,45639,5469.0,51108.0,14428.0,medium,0.6963958740234375,0.0834503173828125,0.22015380859375
5351,1792_2048_4864_5120,MSAVI,65536,46781,3688.0,50469.0,15067.0,medium,0.7138214111328125,0.0562744140625,0.2299041748046875
5352,1792_2048_5120_5376,MSAVI,65536,43848,1466.0,45314.0,20222.0,medium,0.6690673828125,0.022369384765625,0.308563232421875
5353,1792_2048_5376_5632,MSAVI,65536,42992,654.0,43646.0,21890.0,medium,0.656005859375,0.009979248046875,0.334014892578125
5354,1792_2048_5632_5888,MSAVI,65536,41948,374.0,42322.0,23214.0,medium,0.64007568359375,0.005706787109375,0.354217529296875
5355,1792_2048_5888_6144,MSAVI,65536,43496,1813.0,45309.0,20227.0,medium,0.6636962890625,0.0276641845703125,0.3086395263671875
5356,1792_2048_6144_6400,MSAVI,65536,44306,684.0,44990.0,20546.0,medium,0.676055908203125,0.01043701171875,0.313507080078125
5357,1792_2048_6400_6656,MSAVI,65536,43298,141.0,43439.0,22097.0,medium,0.660675048828125,0.0021514892578125,0.3371734619140625
5358,1792_2048_6656_6912,MSAVI,65536,42179,58.0,42237.0,23299.0,medium,0.6436004638671875,0.000885009765625,0.3555145263671875
5359,1792_2048_6912_7168,MSAVI,65536,44417,472.0,44889.0,20647.0,medium,0.6777496337890625,0.0072021484375,0.3150482177734375
5360,1792_2048_7168_7424,MSAVI,65536,46313,926.0,47239.0,18297.0,medium,0.7066802978515625,0.014129638671875,0.2791900634765625
5361,1792_2048_7424_7680,MSAVI,65536,42292,1456.0,43748.0,21788.0,medium,0.64532470703125,0.022216796875,0.33245849609375
5362,1792_2048_7680_7936,MSAVI,65536,39897,4573.0,44470.0,21066.0,medium,0.6087799072265625,0.0697784423828125,0.321441650390625
5363,1792_2048_7936_8192,MSAVI,65536,41221,3433.0,44654.0,20882.0,medium,0.6289825439453125,0.0523834228515625,0.318634033203125
5364,1792_2048_8192_8448,MSAVI,65536,44360,1430.0,45790.0,19746.0,medium,0.6768798828125,0.021820068359375,0.301300048828125
5365,2048_2304_3840_4096,MSAVI,65536,51950,3087.0,55037.0,10499.0,medium,0.792694091796875,0.0471038818359375,0.1602020263671875
5366,2048_2304_4096_4352,MSAVI,65536,50359,4894.0,55253.0,10283.0,medium,0.7684173583984375,0.074676513671875,0.1569061279296875
5367,2048_2304_4352_4608,MSAVI,65536,50433,1132.0,51565.0,13971.0,medium,0.7695465087890625,0.01727294921875,0.2131805419921875
5368,2048_2304_4608_4864,MSAVI,65536,44058,1998.0,46056.0,19480.0,medium,0.672271728515625,0.030487060546875,0.2972412109375
5369,2048_2304_4864_5120,MSAVI,65536,43865,2571.0,46436.0,19100.0,medium,0.6693267822265625,0.0392303466796875,0.29144287109375
5370,2048_2304_5120_5376,MSAVI,65536,44169,1184.0,45353.0,20183.0,medium,0.6739654541015625,0.01806640625,0.3079681396484375
5371,2048_2304_5376_5632,MSAVI,65536,45281,926.0,46207.0,19329.0,medium,0.6909332275390625,0.014129638671875,0.2949371337890625
5372,2048_2304_5632_5888,MSAVI,65536,42951,0.0,42951.0,22585.0,medium,0.6553802490234375,0.0,0.3446197509765625
5373,2048_2304_5888_6144,MSAVI,65536,41420,1741.0,43161.0,22375.0,medium,0.63201904296875,0.0265655517578125,0.3414154052734375
5374,2048_2304_6144_6400,MSAVI,65536,42850,3951.0,46801.0,18735.0,medium,0.653839111328125,0.0602874755859375,0.2858734130859375
5375,2048_2304_6400_6656,MSAVI,65536,45818,1533.0,47351.0,18185.0,medium,0.699127197265625,0.0233917236328125,0.2774810791015625
5376,2048_2304_6656_6912,MSAVI,65536,44344,131.0,44475.0,21061.0,medium,0.6766357421875,0.0019989013671875,0.3213653564453125
5377,2048_2304_6912_7168,MSAVI,65536,42903,0.0,42903.0,22633.0,medium,0.6546478271484375,0.0,0.3453521728515625
5378,2048_2304_7168_7424,MSAVI,65536,41858,3180.0,45038.0,20498.0,medium,0.638702392578125,0.04852294921875,0.312774658203125
5379,2048_2304_7424_7680,MSAVI,65536,37030,12894.0,49924.0,15612.0,medium,0.565032958984375,0.196746826171875,0.23822021484375
5380,2048_2304_7680_7936,MSAVI,65536,46537,16014.0,62551.0,2985.0,medium,0.7100982666015625,0.244354248046875,0.0455474853515625
5381,2048_2304_7936_8192,MSAVI,65536,39969,3229.0,43198.0,22338.0,medium,0.6098785400390625,0.0492706298828125,0.340850830078125
5382,2048_2304_8192_8448,MSAVI,65536,39700,2029.0,41729.0,23807.0,medium,0.60577392578125,0.0309600830078125,0.3632659912109375
5383,2048_2304_8448_8704,MSAVI,65536,45671,645.0,46316.0,19220.0,medium,0.6968841552734375,0.0098419189453125,0.29327392578125
5384,2304_2560_3328_3584,MSAVI,65536,46920,1951.0,48871.0,16665.0,medium,0.7159423828125,0.0297698974609375,0.2542877197265625
5385,2304_2560_3584_3840,MSAVI,65536,47146,1655.0,48801.0,16735.0,medium,0.719390869140625,0.0252532958984375,0.2553558349609375
5386,2304_2560_3840_4096,MSAVI,65536,50993,4073.0,55066.0,10470.0,medium,0.7780914306640625,0.0621490478515625,0.159759521484375
5387,2304_2560_4096_4352,MSAVI,65536,47165,6337.0,53502.0,12034.0,medium,0.7196807861328125,0.0966949462890625,0.183624267578125
5388,2304_2560_4352_4608,MSAVI,65536,46704,5994.0,52698.0,12838.0,medium,0.712646484375,0.091461181640625,0.195892333984375
5389,2304_2560_4608_4864,MSAVI,65536,40366,2308.0,42674.0,22862.0,medium,0.615936279296875,0.03521728515625,0.348846435546875
5390,2304_2560_4864_5120,MSAVI,65536,43724,591.0,44315.0,21221.0,medium,0.66717529296875,0.0090179443359375,0.3238067626953125
5391,2304_2560_5120_5376,MSAVI,65536,45959,7683.0,53642.0,11894.0,medium,0.7012786865234375,0.1172332763671875,0.181488037109375
5392,2304_2560_5376_5632,MSAVI,65536,49866,2132.0,51998.0,13538.0,medium,0.760894775390625,0.03253173828125,0.206573486328125
5393,2304_2560_5632_5888,MSAVI,65536,44495,2018.0,46513.0,19023.0,medium,0.6789398193359375,0.030792236328125,0.2902679443359375
5394,2304_2560_5888_6144,MSAVI,65536,41806,528.0,42334.0,23202.0,medium,0.637908935546875,0.008056640625,0.354034423828125
5395,2304_2560_6144_6400,MSAVI,65536,43485,2956.0,46441.0,19095.0,medium,0.6635284423828125,0.04510498046875,0.2913665771484375
5396,2304_2560_6400_6656,MSAVI,65536,44445,1838.0,46283.0,19253.0,medium,0.6781768798828125,0.028045654296875,0.2937774658203125
5397,2304_2560_6656_6912,MSAVI,65536,42308,1417.0,43725.0,21811.0,medium,0.64556884765625,0.0216217041015625,0.3328094482421875
5398,2304_2560_6912_7168,MSAVI,65536,33481,10084.0,43565.0,21971.0,medium,0.5108795166015625,0.15386962890625,0.3352508544921875
5399,2304_2560_7168_7424,MSAVI,65536,38874,1246.0,40120.0,25416.0,medium,0.593170166015625,0.019012451171875,0.3878173828125
5400,2304_2560_7424_7680,MSAVI,65536,35551,4990.0,40541.0,24995.0,medium,0.5424652099609375,0.076141357421875,0.3813934326171875
5401,2304_2560_7680_7936,MSAVI,65536,48261,13382.0,61643.0,3893.0,medium,0.7364044189453125,0.204193115234375,0.0594024658203125
5402,2304_2560_7936_8192,MSAVI,65536,36388,6542.0,42930.0,22606.0,medium,0.55523681640625,0.099822998046875,0.344940185546875
5403,2304_2560_8192_8448,MSAVI,65536,41333,687.0,42020.0,23516.0,medium,0.6306915283203125,0.0104827880859375,0.35882568359375
5404,2304_2560_8448_8704,MSAVI,65536,47419,538.0,47957.0,17579.0,medium,0.7235565185546875,0.008209228515625,0.2682342529296875
5405,2304_2560_8704_8960,MSAVI,65536,47311,627.0,47938.0,17598.0,medium,0.7219085693359375,0.0095672607421875,0.268524169921875
5406,2560_2816_3072_3328,MSAVI,65536,44070,5365.0,49435.0,16101.0,medium,0.672454833984375,0.0818634033203125,0.2456817626953125
5407,2560_2816_3328_3584,MSAVI,65536,44638,1736.0,46374.0,19162.0,medium,0.681121826171875,0.0264892578125,0.292388916015625
5408,2560_2816_3584_3840,MSAVI,65536,45869,3069.0,48938.0,16598.0,medium,0.6999053955078125,0.0468292236328125,0.253265380859375
5409,2560_2816_3840_4096,MSAVI,65536,44506,4180.0,48686.0,16850.0,medium,0.679107666015625,0.06378173828125,0.257110595703125
5410,2560_2816_4096_4352,MSAVI,65536,40173,9961.0,50134.0,15402.0,medium,0.6129913330078125,0.1519927978515625,0.235015869140625
5411,2560_2816_4352_4608,MSAVI,65536,42822,6522.0,49344.0,16192.0,medium,0.653411865234375,0.099517822265625,0.2470703125
5412,2560_2816_4608_4864,MSAVI,65536,46674,1194.0,47868.0,17668.0,medium,0.712188720703125,0.018218994140625,0.26959228515625
5413,2560_2816_4864_5120,MSAVI,65536,45303,1148.0,46451.0,19085.0,medium,0.6912689208984375,0.01751708984375,0.2912139892578125
5414,2560_2816_5120_5376,MSAVI,65536,44196,653.0,44849.0,20687.0,medium,0.67437744140625,0.0099639892578125,0.3156585693359375
5415,2560_2816_5376_5632,MSAVI,65536,46955,305.0,47260.0,18276.0,medium,0.7164764404296875,0.0046539306640625,0.27886962890625
5416,2560_2816_5632_5888,MSAVI,65536,43834,1685.0,45519.0,20017.0,medium,0.668853759765625,0.0257110595703125,0.3054351806640625
5417,2560_2816_5888_6144,MSAVI,65536,44558,711.0,45269.0,20267.0,medium,0.679901123046875,0.0108489990234375,0.3092498779296875
5418,2560_2816_6144_6400,MSAVI,65536,44328,333.0,44661.0,20875.0,medium,0.6763916015625,0.0050811767578125,0.3185272216796875
5419,2560_2816_6400_6656,MSAVI,65536,44162,2665.0,46827.0,18709.0,medium,0.673858642578125,0.0406646728515625,0.2854766845703125
5420,2560_2816_6656_6912,MSAVI,65536,40232,7191.0,47423.0,18113.0,medium,0.6138916015625,0.1097259521484375,0.2763824462890625
5421,2560_2816_6912_7168,MSAVI,65536,35569,4638.0,40207.0,25329.0,medium,0.5427398681640625,0.070770263671875,0.3864898681640625
5422,2560_2816_7168_7424,MSAVI,65536,39108,251.0,39359.0,26177.0,medium,0.59674072265625,0.0038299560546875,0.3994293212890625
5423,2560_2816_7424_7680,MSAVI,65536,38523,2099.0,40622.0,24914.0,medium,0.5878143310546875,0.0320281982421875,0.380157470703125
5424,2560_2816_7680_7936,MSAVI,65536,37473,8989.0,46462.0,19074.0,medium,0.5717926025390625,0.1371612548828125,0.291046142578125
5425,2560_2816_7936_8192,MSAVI,65536,34315,7341.0,41656.0,23880.0,medium,0.5236053466796875,0.1120147705078125,0.3643798828125
5426,2560_2816_8192_8448,MSAVI,65536,41837,4962.0,46799.0,18737.0,medium,0.6383819580078125,0.075714111328125,0.2859039306640625
5427,2560_2816_8448_8704,MSAVI,65536,43489,144.0,43633.0,21903.0,medium,0.6635894775390625,0.002197265625,0.3342132568359375
5428,2560_2816_8704_8960,MSAVI,65536,45430,1288.0,46718.0,18818.0,medium,0.693206787109375,0.0196533203125,0.287139892578125
5429,2816_3072_2560_2816,MSAVI,65536,44369,3091.0,47460.0,18076.0,medium,0.6770172119140625,0.0471649169921875,0.27581787109375
5430,2816_3072_2816_3072,MSAVI,65536,41188,4011.0,45199.0,20337.0,medium,0.62847900390625,0.0612030029296875,0.3103179931640625
5431,2816_3072_3072_3328,MSAVI,65536,40327,6512.0,46839.0,18697.0,medium,0.6153411865234375,0.099365234375,0.2852935791015625
5432,2816_3072_3328_3584,MSAVI,65536,43464,2647.0,46111.0,19425.0,medium,0.6632080078125,0.0403900146484375,0.2964019775390625
5433,2816_3072_3584_3840,MSAVI,65536,43408,1595.0,45003.0,20533.0,medium,0.662353515625,0.0243377685546875,0.3133087158203125
5434,2816_3072_3840_4096,MSAVI,65536,43338,1218.0,44556.0,20980.0,medium,0.661285400390625,0.018585205078125,0.32012939453125
5435,2816_3072_4096_4352,MSAVI,65536,43325,3148.0,46473.0,19063.0,medium,0.6610870361328125,0.04803466796875,0.2908782958984375
5436,2816_3072_4352_4608,MSAVI,65536,47355,2395.0,49750.0,15786.0,medium,0.7225799560546875,0.0365447998046875,0.240875244140625
5437,2816_3072_4608_4864,MSAVI,65536,47741,487.0,48228.0,17308.0,medium,0.7284698486328125,0.0074310302734375,0.26409912109375
5438,2816_3072_4864_5120,MSAVI,65536,44858,7612.0,52470.0,13066.0,medium,0.684478759765625,0.11614990234375,0.199371337890625
5439,2816_3072_5120_5376,MSAVI,65536,45202,588.0,45790.0,19746.0,medium,0.689727783203125,0.00897216796875,0.301300048828125
5440,2816_3072_5376_5632,MSAVI,65536,42438,5796.0,48234.0,17302.0,medium,0.647552490234375,0.08843994140625,0.264007568359375
5441,2816_3072_5632_5888,MSAVI,65536,42673,3205.0,45878.0,19658.0,medium,0.6511383056640625,0.0489044189453125,0.299957275390625
5442,2816_3072_5888_6144,MSAVI,65536,43087,9725.0,52812.0,12724.0,medium,0.6574554443359375,0.1483917236328125,0.19415283203125
5443,2816_3072_6144_6400,MSAVI,65536,45140,939.0,46079.0,19457.0,medium,0.68878173828125,0.0143280029296875,0.2968902587890625
5444,2816_3072_6400_6656,MSAVI,65536,48279,660.0,48939.0,16597.0,medium,0.7366790771484375,0.01007080078125,0.2532501220703125
5445,2816_3072_6656_6912,MSAVI,65536,42698,6458.0,49156.0,16380.0,medium,0.651519775390625,0.098541259765625,0.24993896484375
5446,2816_3072_6912_7168,MSAVI,65536,43267,5517.0,48784.0,16752.0,medium,0.6602020263671875,0.0841827392578125,0.255615234375
5447,2816_3072_7168_7424,MSAVI,65536,38701,3935.0,42636.0,22900.0,medium,0.5905303955078125,0.0600433349609375,0.34942626953125
5448,2816_3072_7424_7680,MSAVI,65536,39774,9144.0,48918.0,16618.0,medium,0.606903076171875,0.1395263671875,0.253570556640625
5449,2816_3072_7680_7936,MSAVI,65536,40517,2556.0,43073.0,22463.0,medium,0.6182403564453125,0.03900146484375,0.3427581787109375
5450,2816_3072_7936_8192,MSAVI,65536,41557,1766.0,43323.0,22213.0,medium,0.6341094970703125,0.026947021484375,0.3389434814453125
5451,2816_3072_8192_8448,MSAVI,65536,41768,2047.0,43815.0,21721.0,medium,0.6373291015625,0.0312347412109375,0.3314361572265625
5452,2816_3072_8448_8704,MSAVI,65536,43070,366.0,43436.0,22100.0,medium,0.657196044921875,0.005584716796875,0.33721923828125
5453,2816_3072_8704_8960,MSAVI,65536,39516,3697.0,43213.0,22323.0,medium,0.60296630859375,0.0564117431640625,0.3406219482421875
5454,2816_3072_8960_9216,MSAVI,65536,48013,607.0,48620.0,16916.0,medium,0.7326202392578125,0.0092620849609375,0.25811767578125
5455,3072_3328_2304_2560,MSAVI,65536,42164,5406.0,47570.0,17966.0,medium,0.64337158203125,0.082489013671875,0.274139404296875
5456,3072_3328_2560_2816,MSAVI,65536,49392,3926.0,53318.0,12218.0,medium,0.753662109375,0.059906005859375,0.186431884765625
5457,3072_3328_2816_3072,MSAVI,65536,40188,5913.0,46101.0,19435.0,medium,0.61322021484375,0.0902252197265625,0.2965545654296875
5458,3072_3328_3072_3328,MSAVI,65536,37224,9982.0,47206.0,18330.0,medium,0.5679931640625,0.152313232421875,0.279693603515625
5459,3072_3328_3328_3584,MSAVI,65536,33710,11833.0,45543.0,19993.0,medium,0.514373779296875,0.1805572509765625,0.3050689697265625
5460,3072_3328_3584_3840,MSAVI,65536,44130,522.0,44652.0,20884.0,medium,0.673370361328125,0.007965087890625,0.31866455078125
5461,3072_3328_3840_4096,MSAVI,65536,45710,1221.0,46931.0,18605.0,medium,0.697479248046875,0.0186309814453125,0.2838897705078125
5462,3072_3328_4096_4352,MSAVI,65536,45765,4366.0,50131.0,15405.0,medium,0.6983184814453125,0.066619873046875,0.2350616455078125
5463,3072_3328_4352_4608,MSAVI,65536,42228,4830.0,47058.0,18478.0,medium,0.64434814453125,0.073699951171875,0.281951904296875
5464,3072_3328_4608_4864,MSAVI,65536,41969,4383.0,46352.0,19184.0,medium,0.6403961181640625,0.0668792724609375,0.292724609375
5465,3072_3328_4864_5120,MSAVI,65536,42960,2393.0,45353.0,20183.0,medium,0.655517578125,0.0365142822265625,0.3079681396484375
5466,3072_3328_5120_5376,MSAVI,65536,44071,227.0,44298.0,21238.0,medium,0.6724700927734375,0.0034637451171875,0.324066162109375
5467,3072_3328_5376_5632,MSAVI,65536,42280,6018.0,48298.0,17238.0,medium,0.6451416015625,0.091827392578125,0.263031005859375
5468,3072_3328_5632_5888,MSAVI,65536,41643,6793.0,48436.0,17100.0,medium,0.6354217529296875,0.1036529541015625,0.26092529296875
5469,3072_3328_5888_6144,MSAVI,65536,54101,2993.0,57094.0,8442.0,medium,0.8255157470703125,0.0456695556640625,0.128814697265625
5470,3072_3328_6144_6400,MSAVI,65536,52047,3071.0,55118.0,10418.0,medium,0.7941741943359375,0.0468597412109375,0.158966064453125
5471,3072_3328_6400_6656,MSAVI,65536,45787,3586.0,49373.0,16163.0,medium,0.6986541748046875,0.054718017578125,0.2466278076171875
5472,3072_3328_6656_6912,MSAVI,65536,46841,1515.0,48356.0,17180.0,medium,0.7147369384765625,0.0231170654296875,0.26214599609375
5473,3072_3328_6912_7168,MSAVI,65536,43565,1771.0,45336.0,20200.0,medium,0.6647491455078125,0.0270233154296875,0.3082275390625
5474,3072_3328_7168_7424,MSAVI,65536,40250,5888.0,46138.0,19398.0,medium,0.614166259765625,0.08984375,0.295989990234375
5475,3072_3328_7424_7680,MSAVI,65536,42472,4253.0,46725.0,18811.0,medium,0.6480712890625,0.0648956298828125,0.2870330810546875
5476,3072_3328_7680_7936,MSAVI,65536,42272,768.0,43040.0,22496.0,medium,0.64501953125,0.01171875,0.34326171875
5477,3072_3328_7936_8192,MSAVI,65536,43475,4602.0,48077.0,17459.0,medium,0.6633758544921875,0.070220947265625,0.2664031982421875
5478,3072_3328_8192_8448,MSAVI,65536,42576,1318.0,43894.0,21642.0,medium,0.649658203125,0.020111083984375,0.330230712890625
5479,3072_3328_8448_8704,MSAVI,65536,44162,229.0,44391.0,21145.0,medium,0.673858642578125,0.0034942626953125,0.3226470947265625
5480,3072_3328_8704_8960,MSAVI,65536,38612,6038.0,44650.0,20886.0,medium,0.58917236328125,0.092132568359375,0.318695068359375
5481,3072_3328_8960_9216,MSAVI,65536,46646,133.0,46779.0,18757.0,medium,0.711761474609375,0.0020294189453125,0.2862091064453125
5482,3328_3584_1792_2048,MSAVI,65536,47865,476.0,48341.0,17195.0,medium,0.7303619384765625,0.00726318359375,0.2623748779296875
5483,3328_3584_2048_2304,MSAVI,65536,45687,2981.0,48668.0,16868.0,medium,0.6971282958984375,0.0454864501953125,0.25738525390625
5484,3328_3584_2304_2560,MSAVI,65536,44098,2632.0,46730.0,18806.0,medium,0.672882080078125,0.0401611328125,0.286956787109375
5485,3328_3584_2560_2816,MSAVI,65536,53591,2501.0,56092.0,9444.0,medium,0.8177337646484375,0.0381622314453125,0.14410400390625
5486,3328_3584_2816_3072,MSAVI,65536,47546,1788.0,49334.0,16202.0,medium,0.725494384765625,0.02728271484375,0.247222900390625
5487,3328_3584_3072_3328,MSAVI,65536,39580,3272.0,42852.0,22684.0,medium,0.60394287109375,0.0499267578125,0.34613037109375
5488,3328_3584_3328_3584,MSAVI,65536,34617,6126.0,40743.0,24793.0,medium,0.5282135009765625,0.093475341796875,0.3783111572265625
5489,3328_3584_3584_3840,MSAVI,65536,47017,5510.0,52527.0,13009.0,medium,0.7174224853515625,0.084075927734375,0.1985015869140625
5490,3328_3584_3840_4096,MSAVI,65536,47241,1193.0,48434.0,17102.0,medium,0.7208404541015625,0.0182037353515625,0.260955810546875
5491,3328_3584_4096_4352,MSAVI,65536,42900,2513.0,45413.0,20123.0,medium,0.65460205078125,0.0383453369140625,0.3070526123046875
5492,3328_3584_4352_4608,MSAVI,65536,46532,3590.0,50122.0,15414.0,medium,0.71002197265625,0.054779052734375,0.235198974609375
5493,3328_3584_4608_4864,MSAVI,65536,44627,1750.0,46377.0,19159.0,medium,0.6809539794921875,0.026702880859375,0.2923431396484375
5494,3328_3584_4864_5120,MSAVI,65536,44041,1654.0,45695.0,19841.0,medium,0.6720123291015625,0.025238037109375,0.3027496337890625
5495,3328_3584_5120_5376,MSAVI,65536,40938,10936.0,51874.0,13662.0,medium,0.624664306640625,0.1668701171875,0.208465576171875
5496,3328_3584_5376_5632,MSAVI,65536,39349,4379.0,43728.0,21808.0,medium,0.6004180908203125,0.0668182373046875,0.332763671875
5497,3328_3584_5632_5888,MSAVI,65536,42494,7328.0,49822.0,15714.0,medium,0.648406982421875,0.11181640625,0.239776611328125
5498,3328_3584_5888_6144,MSAVI,65536,49776,3984.0,53760.0,11776.0,medium,0.759521484375,0.060791015625,0.1796875
5499,3328_3584_6144_6400,MSAVI,65536,52867,1390.0,54257.0,11279.0,medium,0.8066864013671875,0.021209716796875,0.1721038818359375
5500,3328_3584_6400_6656,MSAVI,65536,50614,626.0,51240.0,14296.0,medium,0.772308349609375,0.009552001953125,0.2181396484375
5501,3328_3584_6656_6912,MSAVI,65536,47935,3334.0,51269.0,14267.0,medium,0.7314300537109375,0.050872802734375,0.2176971435546875
5502,3328_3584_6912_7168,MSAVI,65536,49541,1881.0,51422.0,14114.0,medium,0.7559356689453125,0.0287017822265625,0.215362548828125
5503,3328_3584_7168_7424,MSAVI,65536,43125,5331.0,48456.0,17080.0,medium,0.6580352783203125,0.0813446044921875,0.2606201171875
5504,3328_3584_7424_7680,MSAVI,65536,43390,0.0,43390.0,22146.0,medium,0.662078857421875,0.0,0.337921142578125
5505,3328_3584_7680_7936,MSAVI,65536,43912,344.0,44256.0,21280.0,medium,0.6700439453125,0.0052490234375,0.32470703125
5506,3328_3584_7936_8192,MSAVI,65536,42347,4239.0,46586.0,18950.0,medium,0.6461639404296875,0.0646820068359375,0.289154052734375
5507,3328_3584_8192_8448,MSAVI,65536,42577,1073.0,43650.0,21886.0,medium,0.6496734619140625,0.0163726806640625,0.333953857421875
5508,3328_3584_8448_8704,MSAVI,65536,40460,2897.0,43357.0,22179.0,medium,0.61737060546875,0.0442047119140625,0.3384246826171875
5509,3328_3584_8704_8960,MSAVI,65536,37311,7681.0,44992.0,20544.0,medium,0.5693206787109375,0.1172027587890625,0.3134765625
5510,3328_3584_8960_9216,MSAVI,65536,47505,0.0,47505.0,18031.0,medium,0.7248687744140625,0.0,0.2751312255859375
5511,3328_3584_9216_9472,MSAVI,65536,48844,80.0,48924.0,16612.0,medium,0.74530029296875,0.001220703125,0.25347900390625
5512,3584_3840_1536_1792,MSAVI,65536,50736,1004.0,51740.0,13796.0,medium,0.774169921875,0.01531982421875,0.21051025390625
5513,3584_3840_1792_2048,MSAVI,65536,49161,782.0,49943.0,15593.0,medium,0.7501373291015625,0.011932373046875,0.2379302978515625
5514,3584_3840_2048_2304,MSAVI,65536,44947,2807.0,47754.0,17782.0,medium,0.6858367919921875,0.0428314208984375,0.271331787109375
5515,3584_3840_2304_2560,MSAVI,65536,52848,2767.0,55615.0,9921.0,medium,0.806396484375,0.0422210693359375,0.1513824462890625
5516,3584_3840_2560_2816,MSAVI,65536,51637,1719.0,53356.0,12180.0,medium,0.7879180908203125,0.0262298583984375,0.18585205078125
5517,3584_3840_2816_3072,MSAVI,65536,46757,5271.0,52028.0,13508.0,medium,0.7134552001953125,0.0804290771484375,0.20611572265625
5518,3584_3840_3072_3328,MSAVI,65536,46117,2970.0,49087.0,16449.0,medium,0.7036895751953125,0.045318603515625,0.2509918212890625
5519,3584_3840_3328_3584,MSAVI,65536,39746,4762.0,44508.0,21028.0,medium,0.606475830078125,0.072662353515625,0.32086181640625
5520,3584_3840_3584_3840,MSAVI,65536,36764,5757.0,42521.0,23015.0,medium,0.56097412109375,0.0878448486328125,0.3511810302734375
5521,3584_3840_3840_4096,MSAVI,65536,49715,3495.0,53210.0,12326.0,medium,0.7585906982421875,0.0533294677734375,0.188079833984375
5522,3584_3840_4096_4352,MSAVI,65536,44645,2810.0,47455.0,18081.0,medium,0.6812286376953125,0.042877197265625,0.2758941650390625
5523,3584_3840_4352_4608,MSAVI,65536,47891,3615.0,51506.0,14030.0,medium,0.7307586669921875,0.0551605224609375,0.214080810546875
5524,3584_3840_4608_4864,MSAVI,65536,44725,2202.0,46927.0,18609.0,medium,0.6824493408203125,0.033599853515625,0.2839508056640625
5525,3584_3840_4864_5120,MSAVI,65536,42029,4181.0,46210.0,19326.0,medium,0.6413116455078125,0.0637969970703125,0.294891357421875
5526,3584_3840_5120_5376,MSAVI,65536,41332,9095.0,50427.0,15109.0,medium,0.63067626953125,0.1387786865234375,0.2305450439453125
5527,3584_3840_5376_5632,MSAVI,65536,40986,5991.0,46977.0,18559.0,medium,0.625396728515625,0.0914154052734375,0.2831878662109375
5528,3584_3840_5632_5888,MSAVI,65536,44952,2547.0,47499.0,18037.0,medium,0.6859130859375,0.0388641357421875,0.2752227783203125
5529,3584_3840_5888_6144,MSAVI,65536,43043,5255.0,48298.0,17238.0,medium,0.6567840576171875,0.0801849365234375,0.263031005859375
5530,3584_3840_6144_6400,MSAVI,65536,41795,8552.0,50347.0,15189.0,medium,0.6377410888671875,0.1304931640625,0.2317657470703125
5531,3584_3840_6400_6656,MSAVI,65536,47201,6066.0,53267.0,12269.0,medium,0.7202301025390625,0.092559814453125,0.1872100830078125
5532,3584_3840_6656_6912,MSAVI,65536,39684,11458.0,51142.0,14394.0,medium,0.60552978515625,0.174835205078125,0.219635009765625
5533,3584_3840_6912_7168,MSAVI,65536,47624,6184.0,53808.0,11728.0,medium,0.7266845703125,0.0943603515625,0.178955078125
5534,3584_3840_7168_7424,MSAVI,65536,49246,11742.0,60988.0,4548.0,medium,0.751434326171875,0.179168701171875,0.06939697265625
5535,3584_3840_7424_7680,MSAVI,65536,47636,2694.0,50330.0,15206.0,medium,0.72686767578125,0.041107177734375,0.232025146484375
5536,3584_3840_7680_7936,MSAVI,65536,38610,9504.0,48114.0,17422.0,medium,0.589141845703125,0.14501953125,0.265838623046875
5537,3584_3840_7936_8192,MSAVI,65536,44642,547.0,45189.0,20347.0,medium,0.681182861328125,0.0083465576171875,0.3104705810546875
5538,3584_3840_8192_8448,MSAVI,65536,44935,545.0,45480.0,20056.0,medium,0.6856536865234375,0.0083160400390625,0.3060302734375
5539,3584_3840_8448_8704,MSAVI,65536,39166,6134.0,45300.0,20236.0,medium,0.597625732421875,0.093597412109375,0.30877685546875
5540,3584_3840_8704_8960,MSAVI,65536,43118,2697.0,45815.0,19721.0,medium,0.657928466796875,0.0411529541015625,0.3009185791015625
5541,3584_3840_8960_9216,MSAVI,65536,47165,161.0,47326.0,18210.0,medium,0.7196807861328125,0.0024566650390625,0.277862548828125
5542,3584_3840_9216_9472,MSAVI,65536,53670,0.0,53670.0,11866.0,medium,0.818939208984375,0.0,0.181060791015625
5543,3840_4096_1024_1280,MSAVI,65536,53058,3010.0,56068.0,9468.0,medium,0.809600830078125,0.045928955078125,0.14447021484375
5544,3840_4096_1280_1536,MSAVI,65536,46650,840.0,47490.0,18046.0,medium,0.711822509765625,0.0128173828125,0.275360107421875
5545,3840_4096_1536_1792,MSAVI,65536,52461,4200.0,56661.0,8875.0,medium,0.8004913330078125,0.0640869140625,0.1354217529296875
5546,3840_4096_1792_2048,MSAVI,65536,51397,2433.0,53830.0,11706.0,medium,0.7842559814453125,0.0371246337890625,0.178619384765625
5547,3840_4096_2048_2304,MSAVI,65536,47270,716.0,47986.0,17550.0,medium,0.721282958984375,0.01092529296875,0.267791748046875
5548,3840_4096_2304_2560,MSAVI,65536,45165,2736.0,47901.0,17635.0,medium,0.6891632080078125,0.041748046875,0.2690887451171875
5549,3840_4096_2560_2816,MSAVI,65536,45303,660.0,45963.0,19573.0,medium,0.6912689208984375,0.01007080078125,0.2986602783203125
5550,3840_4096_2816_3072,MSAVI,65536,42183,3340.0,45523.0,20013.0,medium,0.6436614990234375,0.05096435546875,0.3053741455078125
5551,3840_4096_3072_3328,MSAVI,65536,50433,287.0,50720.0,14816.0,medium,0.7695465087890625,0.0043792724609375,0.22607421875
5552,3840_4096_3328_3584,MSAVI,65536,39354,9389.0,48743.0,16793.0,medium,0.600494384765625,0.1432647705078125,0.2562408447265625
5553,3840_4096_3584_3840,MSAVI,65536,34565,7162.0,41727.0,23809.0,medium,0.5274200439453125,0.109283447265625,0.3632965087890625
5554,3840_4096_3840_4096,MSAVI,65536,39429,5124.0,44553.0,20983.0,medium,0.6016387939453125,0.07818603515625,0.3201751708984375
5555,3840_4096_4096_4352,MSAVI,65536,45025,2176.0,47201.0,18335.0,medium,0.6870269775390625,0.033203125,0.2797698974609375
5556,3840_4096_4352_4608,MSAVI,65536,40993,2258.0,43251.0,22285.0,medium,0.6255035400390625,0.034454345703125,0.3400421142578125
5557,3840_4096_4608_4864,MSAVI,65536,46783,1749.0,48532.0,17004.0,medium,0.7138519287109375,0.0266876220703125,0.25946044921875
5558,3840_4096_4864_5120,MSAVI,65536,42423,7784.0,50207.0,15329.0,medium,0.6473236083984375,0.1187744140625,0.2339019775390625
5559,3840_4096_5120_5376,MSAVI,65536,42817,9907.0,52724.0,12812.0,medium,0.6533355712890625,0.1511688232421875,0.19549560546875
5560,3840_4096_5376_5632,MSAVI,65536,44928,5464.0,50392.0,15144.0,medium,0.685546875,0.0833740234375,0.2310791015625
5561,3840_4096_5632_5888,MSAVI,65536,41681,2393.0,44074.0,21462.0,medium,0.6360015869140625,0.0365142822265625,0.327484130859375
5562,3840_4096_5888_6144,MSAVI,65536,43100,7824.0,50924.0,14612.0,medium,0.65765380859375,0.119384765625,0.22296142578125
5563,3840_4096_6144_6400,MSAVI,65536,43544,5095.0,48639.0,16897.0,medium,0.6644287109375,0.0777435302734375,0.2578277587890625
5564,3840_4096_6400_6656,MSAVI,65536,44927,8138.0,53065.0,12471.0,medium,0.6855316162109375,0.124176025390625,0.1902923583984375
5565,3840_4096_6656_6912,MSAVI,65536,42170,7561.0,49731.0,15805.0,medium,0.643463134765625,0.1153717041015625,0.2411651611328125
5566,3840_4096_6912_7168,MSAVI,65536,49114,4811.0,53925.0,11611.0,medium,0.749420166015625,0.0734100341796875,0.1771697998046875
5567,3840_4096_7168_7424,MSAVI,65536,44328,10338.0,54666.0,10870.0,medium,0.6763916015625,0.157745361328125,0.165863037109375
5568,3840_4096_7424_7680,MSAVI,65536,43559,6442.0,50001.0,15535.0,medium,0.6646575927734375,0.098297119140625,0.2370452880859375
5569,3840_4096_7680_7936,MSAVI,65536,51972,1400.0,53372.0,12164.0,medium,0.79302978515625,0.0213623046875,0.18560791015625
5570,3840_4096_7936_8192,MSAVI,65536,49936,57.0,49993.0,15543.0,medium,0.761962890625,0.0008697509765625,0.2371673583984375
5571,3840_4096_8192_8448,MSAVI,65536,47418,1713.0,49131.0,16405.0,medium,0.723541259765625,0.0261383056640625,0.2503204345703125
5572,3840_4096_8448_8704,MSAVI,65536,39751,15712.0,55463.0,10073.0,medium,0.6065521240234375,0.23974609375,0.1537017822265625
5573,3840_4096_8704_8960,MSAVI,65536,41646,1606.0,43252.0,22284.0,medium,0.635467529296875,0.024505615234375,0.34002685546875
5574,3840_4096_8960_9216,MSAVI,65536,46379,420.0,46799.0,18737.0,medium,0.7076873779296875,0.00640869140625,0.2859039306640625
5575,3840_4096_9216_9472,MSAVI,65536,47763,361.0,48124.0,17412.0,medium,0.7288055419921875,0.0055084228515625,0.26568603515625
5576,3840_4096_9472_9728,MSAVI,65536,54343,0.0,54343.0,11193.0,medium,0.8292083740234375,0.0,0.1707916259765625
5577,4096_4352_768_1024,MSAVI,65536,46052,1122.0,47174.0,18362.0,medium,0.70269775390625,0.017120361328125,0.280181884765625
5578,4096_4352_1024_1280,MSAVI,65536,48755,185.0,48940.0,16596.0,medium,0.7439422607421875,0.0028228759765625,0.25323486328125
5579,4096_4352_1280_1536,MSAVI,65536,45849,1929.0,47778.0,17758.0,medium,0.6996002197265625,0.0294342041015625,0.270965576171875
5580,4096_4352_1536_1792,MSAVI,65536,47946,614.0,48560.0,16976.0,medium,0.731597900390625,0.009368896484375,0.259033203125
5581,4096_4352_1792_2048,MSAVI,65536,47486,0.0,47486.0,18050.0,medium,0.724578857421875,0.0,0.275421142578125
5582,4096_4352_2048_2304,MSAVI,65536,44357,7208.0,51565.0,13971.0,medium,0.6768341064453125,0.1099853515625,0.2131805419921875
5583,4096_4352_2304_2560,MSAVI,65536,48528,410.0,48938.0,16598.0,medium,0.740478515625,0.006256103515625,0.253265380859375
5584,4096_4352_2560_2816,MSAVI,65536,45060,907.0,45967.0,19569.0,medium,0.68756103515625,0.0138397216796875,0.2985992431640625
5585,4096_4352_2816_3072,MSAVI,65536,45302,402.0,45704.0,19832.0,medium,0.691253662109375,0.006134033203125,0.3026123046875
5586,4096_4352_3072_3328,MSAVI,65536,47287,7442.0,54729.0,10807.0,medium,0.7215423583984375,0.113555908203125,0.1649017333984375
5587,4096_4352_3328_3584,MSAVI,65536,48433,2641.0,51074.0,14462.0,medium,0.7390289306640625,0.0402984619140625,0.220672607421875
5588,4096_4352_3584_3840,MSAVI,65536,38217,5116.0,43333.0,22203.0,medium,0.5831451416015625,0.07806396484375,0.3387908935546875
5589,4096_4352_3840_4096,MSAVI,65536,37282,5331.0,42613.0,22923.0,medium,0.568878173828125,0.0813446044921875,0.3497772216796875
5590,4096_4352_4096_4352,MSAVI,65536,43512,1526.0,45038.0,20498.0,medium,0.6639404296875,0.023284912109375,0.312774658203125
5591,4096_4352_4352_4608,MSAVI,65536,41770,2021.0,43791.0,21745.0,medium,0.637359619140625,0.0308380126953125,0.3318023681640625
5592,4096_4352_4608_4864,MSAVI,65536,41886,3138.0,45024.0,20512.0,medium,0.639129638671875,0.047882080078125,0.31298828125
5593,4096_4352_4864_5120,MSAVI,65536,49066,4659.0,53725.0,11811.0,medium,0.748687744140625,0.0710906982421875,0.1802215576171875
5594,4096_4352_5120_5376,MSAVI,65536,47707,8122.0,55829.0,9707.0,medium,0.7279510498046875,0.123931884765625,0.1481170654296875
5595,4096_4352_5376_5632,MSAVI,65536,44240,4216.0,48456.0,17080.0,medium,0.675048828125,0.0643310546875,0.2606201171875
5596,4096_4352_5632_5888,MSAVI,65536,45141,2153.0,47294.0,18242.0,medium,0.6887969970703125,0.0328521728515625,0.278350830078125
5597,4096_4352_5888_6144,MSAVI,65536,43657,5376.0,49033.0,16503.0,medium,0.6661529541015625,0.08203125,0.2518157958984375
5598,4096_4352_6144_6400,MSAVI,65536,47402,1489.0,48891.0,16645.0,medium,0.723297119140625,0.0227203369140625,0.2539825439453125
5599,4096_4352_6400_6656,MSAVI,65536,49200,3594.0,52794.0,12742.0,medium,0.750732421875,0.054840087890625,0.194427490234375
5600,4096_4352_6656_6912,MSAVI,65536,54641,817.0,55458.0,10078.0,medium,0.8337554931640625,0.0124664306640625,0.153778076171875
5601,4096_4352_6912_7168,MSAVI,65536,50782,1572.0,52354.0,13182.0,medium,0.774871826171875,0.02398681640625,0.201141357421875
5602,4096_4352_7168_7424,MSAVI,65536,38062,16366.0,54428.0,11108.0,medium,0.580780029296875,0.249725341796875,0.16949462890625
5603,4096_4352_7424_7680,MSAVI,65536,45245,11335.0,56580.0,8956.0,medium,0.6903839111328125,0.1729583740234375,0.13665771484375
5604,4096_4352_7680_7936,MSAVI,65536,41818,12817.0,54635.0,10901.0,medium,0.638092041015625,0.1955718994140625,0.1663360595703125
5605,4096_4352_7936_8192,MSAVI,65536,44081,4619.0,48700.0,16836.0,medium,0.6726226806640625,0.0704803466796875,0.25689697265625
5606,4096_4352_8192_8448,MSAVI,65536,48249,3415.0,51664.0,13872.0,medium,0.7362213134765625,0.0521087646484375,0.211669921875
5607,4096_4352_8448_8704,MSAVI,65536,38539,8799.0,47338.0,18198.0,medium,0.5880584716796875,0.1342620849609375,0.277679443359375
5608,4096_4352_8704_8960,MSAVI,65536,44912,2325.0,47237.0,18299.0,medium,0.685302734375,0.0354766845703125,0.2792205810546875
5609,4096_4352_8960_9216,MSAVI,65536,49550,953.0,50503.0,15033.0,medium,0.756072998046875,0.0145416259765625,0.2293853759765625
5610,4096_4352_9216_9472,MSAVI,65536,42754,116.0,42870.0,22666.0,medium,0.652374267578125,0.00177001953125,0.345855712890625
5611,4096_4352_9472_9728,MSAVI,65536,47387,165.0,47552.0,17984.0,medium,0.7230682373046875,0.0025177001953125,0.2744140625
5612,4096_4352_9728_9984,MSAVI,65536,46745,307.0,47052.0,18484.0,medium,0.7132720947265625,0.0046844482421875,0.28204345703125
5613,4352_4608_256_512,MSAVI,65536,49425,81.0,49506.0,16030.0,medium,0.7541656494140625,0.0012359619140625,0.244598388671875
5614,4352_4608_512_768,MSAVI,65536,49803,0.0,49803.0,15733.0,medium,0.7599334716796875,0.0,0.2400665283203125
5615,4352_4608_768_1024,MSAVI,65536,46122,692.0,46814.0,18722.0,medium,0.703765869140625,0.01055908203125,0.285675048828125
5616,4352_4608_1024_1280,MSAVI,65536,50638,203.0,50841.0,14695.0,medium,0.772674560546875,0.0030975341796875,0.2242279052734375
5617,4352_4608_1280_1536,MSAVI,65536,50331,3382.0,53713.0,11823.0,medium,0.7679901123046875,0.051605224609375,0.1804046630859375
5618,4352_4608_1536_1792,MSAVI,65536,45085,1265.0,46350.0,19186.0,medium,0.6879425048828125,0.0193023681640625,0.292755126953125
5619,4352_4608_1792_2048,MSAVI,65536,48095,255.0,48350.0,17186.0,medium,0.7338714599609375,0.0038909912109375,0.262237548828125
5620,4352_4608_2048_2304,MSAVI,65536,49073,317.0,49390.0,16146.0,medium,0.7487945556640625,0.0048370361328125,0.246368408203125
5621,4352_4608_2304_2560,MSAVI,65536,50370,1089.0,51459.0,14077.0,medium,0.768585205078125,0.0166168212890625,0.2147979736328125
5622,4352_4608_2560_2816,MSAVI,65536,48175,1983.0,50158.0,15378.0,medium,0.7350921630859375,0.0302581787109375,0.234649658203125
5623,4352_4608_2816_3072,MSAVI,65536,48572,4704.0,53276.0,12260.0,medium,0.74114990234375,0.07177734375,0.18707275390625
5624,4352_4608_3072_3328,MSAVI,65536,41027,9704.0,50731.0,14805.0,medium,0.6260223388671875,0.1480712890625,0.2259063720703125
5625,4352_4608_3328_3584,MSAVI,65536,44077,7405.0,51482.0,14054.0,medium,0.6725616455078125,0.1129913330078125,0.214447021484375
5626,4352_4608_3584_3840,MSAVI,65536,43597,11124.0,54721.0,10815.0,medium,0.6652374267578125,0.16973876953125,0.1650238037109375
5627,4352_4608_3840_4096,MSAVI,65536,39900,2787.0,42687.0,22849.0,medium,0.60882568359375,0.0425262451171875,0.3486480712890625
5628,4352_4608_4096_4352,MSAVI,65536,39872,3505.0,43377.0,22159.0,medium,0.6083984375,0.0534820556640625,0.3381195068359375
5629,4352_4608_4352_4608,MSAVI,65536,42145,9042.0,51187.0,14349.0,medium,0.6430816650390625,0.137969970703125,0.2189483642578125
5630,4352_4608_4608_4864,MSAVI,65536,48545,0.0,48545.0,16991.0,medium,0.7407379150390625,0.0,0.2592620849609375
5631,4352_4608_4864_5120,MSAVI,65536,46277,1500.0,47777.0,17759.0,medium,0.7061309814453125,0.02288818359375,0.2709808349609375
5632,4352_4608_5120_5376,MSAVI,65536,41910,5066.0,46976.0,18560.0,medium,0.639495849609375,0.077301025390625,0.283203125
5633,4352_4608_5376_5632,MSAVI,65536,45648,7805.0,53453.0,12083.0,medium,0.696533203125,0.1190948486328125,0.1843719482421875
5634,4352_4608_5632_5888,MSAVI,65536,41442,5326.0,46768.0,18768.0,medium,0.632354736328125,0.081268310546875,0.286376953125
5635,4352_4608_5888_6144,MSAVI,65536,42066,2348.0,44414.0,21122.0,medium,0.641876220703125,0.03582763671875,0.322296142578125
5636,4352_4608_6144_6400,MSAVI,65536,41205,6646.0,47851.0,17685.0,medium,0.6287384033203125,0.101409912109375,0.2698516845703125
5637,4352_4608_6400_6656,MSAVI,65536,47121,801.0,47922.0,17614.0,medium,0.7190093994140625,0.0122222900390625,0.268768310546875
5638,4352_4608_6656_6912,MSAVI,65536,48650,1338.0,49988.0,15548.0,medium,0.742340087890625,0.020416259765625,0.23724365234375
5639,4352_4608_6912_7168,MSAVI,65536,47657,1454.0,49111.0,16425.0,medium,0.7271881103515625,0.022186279296875,0.2506256103515625
5640,4352_4608_7168_7424,MSAVI,65536,43127,5399.0,48526.0,17010.0,medium,0.6580657958984375,0.0823822021484375,0.259552001953125
5641,4352_4608_7424_7680,MSAVI,65536,52499,8783.0,61282.0,4254.0,medium,0.8010711669921875,0.1340179443359375,0.064910888671875
5642,4352_4608_7680_7936,MSAVI,65536,39862,9336.0,49198.0,16338.0,medium,0.608245849609375,0.1424560546875,0.249298095703125
5643,4352_4608_7936_8192,MSAVI,65536,41355,6617.0,47972.0,17564.0,medium,0.6310272216796875,0.1009674072265625,0.26800537109375
5644,4352_4608_8192_8448,MSAVI,65536,41633,12418.0,54051.0,11485.0,medium,0.6352691650390625,0.189483642578125,0.1752471923828125
5645,4352_4608_8448_8704,MSAVI,65536,40528,9299.0,49827.0,15709.0,medium,0.618408203125,0.1418914794921875,0.2397003173828125
5646,4352_4608_8704_8960,MSAVI,65536,43806,12804.0,56610.0,8926.0,medium,0.668426513671875,0.19537353515625,0.136199951171875
5647,4352_4608_8960_9216,MSAVI,65536,52328,4344.0,56672.0,8864.0,medium,0.7984619140625,0.0662841796875,0.13525390625
5648,4352_4608_9216_9472,MSAVI,65536,41146,1530.0,42676.0,22860.0,medium,0.627838134765625,0.023345947265625,0.34881591796875
5649,4352_4608_9472_9728,MSAVI,65536,41155,370.0,41525.0,24011.0,medium,0.6279754638671875,0.005645751953125,0.3663787841796875
5650,4352_4608_9728_9984,MSAVI,65536,44523,202.0,44725.0,20811.0,medium,0.6793670654296875,0.003082275390625,0.3175506591796875
5651,4608_4864_256_512,MSAVI,65536,46346,621.0,46967.0,18569.0,medium,0.707183837890625,0.0094757080078125,0.2833404541015625
5652,4608_4864_512_768,MSAVI,65536,49045,3188.0,52233.0,13303.0,medium,0.7483673095703125,0.04864501953125,0.2029876708984375
5653,4608_4864_768_1024,MSAVI,65536,45798,2185.0,47983.0,17553.0,medium,0.698822021484375,0.0333404541015625,0.2678375244140625
5654,4608_4864_1024_1280,MSAVI,65536,45481,699.0,46180.0,19356.0,medium,0.6939849853515625,0.0106658935546875,0.29534912109375
5655,4608_4864_1280_1536,MSAVI,65536,43688,1064.0,44752.0,20784.0,medium,0.6666259765625,0.0162353515625,0.317138671875
5656,4608_4864_1536_1792,MSAVI,65536,44181,1194.0,45375.0,20161.0,medium,0.6741485595703125,0.018218994140625,0.3076324462890625
5657,4608_4864_1792_2048,MSAVI,65536,46692,635.0,47327.0,18209.0,medium,0.71246337890625,0.0096893310546875,0.2778472900390625
5658,4608_4864_2048_2304,MSAVI,65536,49024,0.0,49024.0,16512.0,medium,0.748046875,0.0,0.251953125
5659,4608_4864_2304_2560,MSAVI,65536,49660,125.0,49785.0,15751.0,medium,0.75775146484375,0.0019073486328125,0.2403411865234375
5660,4608_4864_2560_2816,MSAVI,65536,50733,1784.0,52517.0,13019.0,medium,0.7741241455078125,0.0272216796875,0.1986541748046875
5661,4608_4864_2816_3072,MSAVI,65536,53040,3380.0,56420.0,9116.0,medium,0.809326171875,0.05157470703125,0.13909912109375
5662,4608_4864_3072_3328,MSAVI,65536,51888,5379.0,57267.0,8269.0,medium,0.791748046875,0.0820770263671875,0.1261749267578125
5663,4608_4864_3328_3584,MSAVI,65536,49218,1063.0,50281.0,15255.0,medium,0.751007080078125,0.0162200927734375,0.2327728271484375
5664,4608_4864_3584_3840,MSAVI,65536,46190,6049.0,52239.0,13297.0,medium,0.704803466796875,0.0923004150390625,0.2028961181640625
5665,4608_4864_3840_4096,MSAVI,65536,42213,4943.0,47156.0,18380.0,medium,0.6441192626953125,0.0754241943359375,0.28045654296875
5666,4608_4864_4096_4352,MSAVI,65536,41597,5056.0,46653.0,18883.0,medium,0.6347198486328125,0.0771484375,0.2881317138671875
5667,4608_4864_4352_4608,MSAVI,65536,44544,539.0,45083.0,20453.0,medium,0.6796875,0.0082244873046875,0.3120880126953125
5668,4608_4864_4608_4864,MSAVI,65536,45889,0.0,45889.0,19647.0,medium,0.7002105712890625,0.0,0.2997894287109375
5669,4608_4864_4864_5120,MSAVI,65536,50115,506.0,50621.0,14915.0,medium,0.7646942138671875,0.007720947265625,0.2275848388671875
5670,4608_4864_5120_5376,MSAVI,65536,49324,657.0,49981.0,15555.0,medium,0.75262451171875,0.0100250244140625,0.2373504638671875
5671,4608_4864_5376_5632,MSAVI,65536,41751,11098.0,52849.0,12687.0,medium,0.6370697021484375,0.169342041015625,0.1935882568359375
5672,4608_4864_5632_5888,MSAVI,65536,44188,3049.0,47237.0,18299.0,medium,0.67425537109375,0.0465240478515625,0.2792205810546875
5673,4608_4864_5888_6144,MSAVI,65536,42405,6005.0,48410.0,17126.0,medium,0.6470489501953125,0.0916290283203125,0.261322021484375
5674,4608_4864_6144_6400,MSAVI,65536,43483,6938.0,50421.0,15115.0,medium,0.6634979248046875,0.105865478515625,0.2306365966796875
5675,4608_4864_6400_6656,MSAVI,65536,45759,4928.0,50687.0,14849.0,medium,0.6982269287109375,0.0751953125,0.2265777587890625
5676,4608_4864_6656_6912,MSAVI,65536,51498,1450.0,52948.0,12588.0,medium,0.785797119140625,0.022125244140625,0.19207763671875
5677,4608_4864_6912_7168,MSAVI,65536,45289,2871.0,48160.0,17376.0,medium,0.6910552978515625,0.0438079833984375,0.26513671875
5678,4608_4864_7168_7424,MSAVI,65536,42082,4992.0,47074.0,18462.0,medium,0.642120361328125,0.076171875,0.281707763671875
5679,4608_4864_7424_7680,MSAVI,65536,51085,7781.0,58866.0,6670.0,medium,0.7794952392578125,0.1187286376953125,0.101776123046875
5680,4608_4864_7680_7936,MSAVI,65536,46393,6630.0,53023.0,12513.0,medium,0.7079010009765625,0.101165771484375,0.1909332275390625
5681,4608_4864_7936_8192,MSAVI,65536,40468,9532.0,50000.0,15536.0,medium,0.61749267578125,0.14544677734375,0.237060546875
5682,4608_4864_8192_8448,MSAVI,65536,39099,9992.0,49091.0,16445.0,medium,0.5966033935546875,0.1524658203125,0.2509307861328125
5683,4608_4864_8448_8704,MSAVI,65536,37166,6916.0,44082.0,21454.0,medium,0.567108154296875,0.10552978515625,0.327362060546875
5684,4608_4864_8704_8960,MSAVI,65536,45137,11998.0,57135.0,8401.0,medium,0.6887359619140625,0.183074951171875,0.1281890869140625
5685,4608_4864_8960_9216,MSAVI,65536,48497,5842.0,54339.0,11197.0,medium,0.7400054931640625,0.089141845703125,0.1708526611328125
5686,4608_4864_9216_9472,MSAVI,65536,40320,1025.0,41345.0,24191.0,medium,0.615234375,0.0156402587890625,0.3691253662109375
5687,4608_4864_9472_9728,MSAVI,65536,40778,222.0,41000.0,24536.0,medium,0.622222900390625,0.003387451171875,0.3743896484375
5688,4608_4864_9728_9984,MSAVI,65536,41861,168.0,42029.0,23507.0,medium,0.6387481689453125,0.0025634765625,0.3586883544921875
5689,4608_4864_9984_10240,MSAVI,65536,44401,583.0,44984.0,20552.0,medium,0.6775054931640625,0.0088958740234375,0.3135986328125
5690,4864_5120_256_512,MSAVI,65536,45155,3075.0,48230.0,17306.0,medium,0.6890106201171875,0.0469207763671875,0.264068603515625
5691,4864_5120_512_768,MSAVI,65536,43335,1144.0,44479.0,21057.0,medium,0.6612396240234375,0.0174560546875,0.3213043212890625
5692,4864_5120_768_1024,MSAVI,65536,43041,863.0,43904.0,21632.0,medium,0.6567535400390625,0.0131683349609375,0.330078125
5693,4864_5120_1024_1280,MSAVI,65536,43768,436.0,44204.0,21332.0,medium,0.6678466796875,0.00665283203125,0.32550048828125
5694,4864_5120_1280_1536,MSAVI,65536,47121,252.0,47373.0,18163.0,medium,0.7190093994140625,0.00384521484375,0.2771453857421875
5695,4864_5120_1536_1792,MSAVI,65536,45151,2602.0,47753.0,17783.0,medium,0.6889495849609375,0.039703369140625,0.2713470458984375
5696,4864_5120_1792_2048,MSAVI,65536,46923,8352.0,55275.0,10261.0,medium,0.7159881591796875,0.12744140625,0.1565704345703125
5697,4864_5120_2048_2304,MSAVI,65536,43194,6436.0,49630.0,15906.0,medium,0.659088134765625,0.09820556640625,0.242706298828125
5698,4864_5120_2304_2560,MSAVI,65536,48270,0.0,48270.0,17266.0,medium,0.736541748046875,0.0,0.263458251953125
5699,4864_5120_2560_2816,MSAVI,65536,47794,4034.0,51828.0,13708.0,medium,0.729278564453125,0.061553955078125,0.20916748046875
5700,4864_5120_2816_3072,MSAVI,65536,48285,1819.0,50104.0,15432.0,medium,0.7367706298828125,0.0277557373046875,0.2354736328125
5701,4864_5120_3072_3328,MSAVI,65536,47109,1468.0,48577.0,16959.0,medium,0.7188262939453125,0.02239990234375,0.2587738037109375
5702,4864_5120_3328_3584,MSAVI,65536,46747,698.0,47445.0,18091.0,medium,0.7133026123046875,0.010650634765625,0.2760467529296875
5703,4864_5120_3584_3840,MSAVI,65536,48448,2654.0,51102.0,14434.0,medium,0.7392578125,0.040496826171875,0.220245361328125
5704,4864_5120_3840_4096,MSAVI,65536,48226,1261.0,49487.0,16049.0,medium,0.735870361328125,0.0192413330078125,0.2448883056640625
5705,4864_5120_4096_4352,MSAVI,65536,43719,2808.0,46527.0,19009.0,medium,0.6670989990234375,0.0428466796875,0.2900543212890625
5706,4864_5120_4352_4608,MSAVI,65536,42200,2158.0,44358.0,21178.0,medium,0.6439208984375,0.032928466796875,0.323150634765625
5707,4864_5120_4608_4864,MSAVI,65536,43283,609.0,43892.0,21644.0,medium,0.6604461669921875,0.0092926025390625,0.33026123046875
5708,4864_5120_4864_5120,MSAVI,65536,49214,425.0,49639.0,15897.0,medium,0.750946044921875,0.0064849853515625,0.2425689697265625
5709,4864_5120_5120_5376,MSAVI,65536,50874,1125.0,51999.0,13537.0,medium,0.776275634765625,0.0171661376953125,0.2065582275390625
5710,4864_5120_5376_5632,MSAVI,65536,43626,8494.0,52120.0,13416.0,medium,0.665679931640625,0.129608154296875,0.2047119140625
5711,4864_5120_5632_5888,MSAVI,65536,42291,7420.0,49711.0,15825.0,medium,0.6453094482421875,0.11322021484375,0.2414703369140625
5712,4864_5120_5888_6144,MSAVI,65536,43250,4098.0,47348.0,18188.0,medium,0.659942626953125,0.062530517578125,0.27752685546875
5713,4864_5120_6144_6400,MSAVI,65536,42014,9341.0,51355.0,14181.0,medium,0.641082763671875,0.1425323486328125,0.2163848876953125
5714,4864_5120_6400_6656,MSAVI,65536,46285,5537.0,51822.0,13714.0,medium,0.7062530517578125,0.0844879150390625,0.209259033203125
5715,4864_5120_6656_6912,MSAVI,65536,47601,9617.0,57218.0,8318.0,medium,0.7263336181640625,0.1467437744140625,0.126922607421875
5716,4864_5120_6912_7168,MSAVI,65536,47406,2310.0,49716.0,15820.0,medium,0.723358154296875,0.035247802734375,0.24139404296875
5717,4864_5120_7168_7424,MSAVI,65536,46531,6064.0,52595.0,12941.0,medium,0.7100067138671875,0.092529296875,0.1974639892578125
5718,4864_5120_7424_7680,MSAVI,65536,46792,2497.0,49289.0,16247.0,medium,0.7139892578125,0.0381011962890625,0.2479095458984375
5719,4864_5120_7680_7936,MSAVI,65536,41577,9694.0,51271.0,14265.0,medium,0.6344146728515625,0.147918701171875,0.2176666259765625
5720,4864_5120_7936_8192,MSAVI,65536,42502,10210.0,52712.0,12824.0,medium,0.648529052734375,0.155792236328125,0.1956787109375
5721,4864_5120_8192_8448,MSAVI,65536,38570,11783.0,50353.0,15183.0,medium,0.588531494140625,0.1797943115234375,0.2316741943359375
5722,4864_5120_8448_8704,MSAVI,65536,39508,6963.0,46471.0,19065.0,medium,0.60284423828125,0.1062469482421875,0.2909088134765625
5723,4864_5120_8704_8960,MSAVI,65536,42503,2120.0,44623.0,20913.0,medium,0.6485443115234375,0.0323486328125,0.3191070556640625
5724,4864_5120_8960_9216,MSAVI,65536,42634,4985.0,47619.0,17917.0,medium,0.650543212890625,0.0760650634765625,0.2733917236328125
5725,4864_5120_9216_9472,MSAVI,65536,41854,106.0,41960.0,23576.0,medium,0.638641357421875,0.001617431640625,0.3597412109375
5726,4864_5120_9472_9728,MSAVI,65536,40084,502.0,40586.0,24950.0,medium,0.61163330078125,0.007659912109375,0.380706787109375
5727,4864_5120_9728_9984,MSAVI,65536,42088,81.0,42169.0,23367.0,medium,0.6422119140625,0.0012359619140625,0.3565521240234375
5728,4864_5120_9984_10240,MSAVI,65536,44347,1432.0,45779.0,19757.0,medium,0.6766815185546875,0.0218505859375,0.3014678955078125
5729,5120_5376_256_512,MSAVI,65536,41859,1334.0,43193.0,22343.0,medium,0.6387176513671875,0.020355224609375,0.3409271240234375
5730,5120_5376_512_768,MSAVI,65536,43237,1382.0,44619.0,20917.0,medium,0.6597442626953125,0.021087646484375,0.3191680908203125
5731,5120_5376_768_1024,MSAVI,65536,44733,171.0,44904.0,20632.0,medium,0.6825714111328125,0.0026092529296875,0.3148193359375
5732,5120_5376_1024_1280,MSAVI,65536,49004,2313.0,51317.0,14219.0,medium,0.74774169921875,0.0352935791015625,0.2169647216796875
5733,5120_5376_1280_1536,MSAVI,65536,45782,7908.0,53690.0,11846.0,medium,0.698577880859375,0.12066650390625,0.180755615234375
5734,5120_5376_1536_1792,MSAVI,65536,45897,1661.0,47558.0,17978.0,medium,0.7003326416015625,0.0253448486328125,0.274322509765625
5735,5120_5376_1792_2048,MSAVI,65536,47078,1935.0,49013.0,16523.0,medium,0.718353271484375,0.0295257568359375,0.2521209716796875
5736,5120_5376_2048_2304,MSAVI,65536,47703,2693.0,50396.0,15140.0,medium,0.7278900146484375,0.0410919189453125,0.23101806640625
5737,5120_5376_2304_2560,MSAVI,65536,49415,0.0,49415.0,16121.0,medium,0.7540130615234375,0.0,0.2459869384765625
5738,5120_5376_2560_2816,MSAVI,65536,47740,195.0,47935.0,17601.0,medium,0.72845458984375,0.0029754638671875,0.2685699462890625
5739,5120_5376_2816_3072,MSAVI,65536,46654,5945.0,52599.0,12937.0,medium,0.711883544921875,0.0907135009765625,0.1974029541015625
5740,5120_5376_3072_3328,MSAVI,65536,46404,534.0,46938.0,18598.0,medium,0.70806884765625,0.008148193359375,0.283782958984375
5741,5120_5376_3328_3584,MSAVI,65536,40468,16671.0,57139.0,8397.0,medium,0.61749267578125,0.2543792724609375,0.1281280517578125
5742,5120_5376_3584_3840,MSAVI,65536,47336,863.0,48199.0,17337.0,medium,0.7222900390625,0.0131683349609375,0.2645416259765625
5743,5120_5376_3840_4096,MSAVI,65536,46145,2018.0,48163.0,17373.0,medium,0.7041168212890625,0.030792236328125,0.2650909423828125
5744,5120_5376_4096_4352,MSAVI,65536,43419,3034.0,46453.0,19083.0,medium,0.6625213623046875,0.046295166015625,0.2911834716796875
5745,5120_5376_4352_4608,MSAVI,65536,43561,9468.0,53029.0,12507.0,medium,0.6646881103515625,0.14447021484375,0.1908416748046875
5746,5120_5376_4608_4864,MSAVI,65536,40017,4905.0,44922.0,20614.0,medium,0.6106109619140625,0.0748443603515625,0.314544677734375
5747,5120_5376_4864_5120,MSAVI,65536,45469,2363.0,47832.0,17704.0,medium,0.6938018798828125,0.0360565185546875,0.2701416015625
5748,5120_5376_5120_5376,MSAVI,65536,46427,2357.0,48784.0,16752.0,medium,0.7084197998046875,0.0359649658203125,0.255615234375
5749,5120_5376_5376_5632,MSAVI,65536,42980,5558.0,48538.0,16998.0,medium,0.65582275390625,0.084808349609375,0.259368896484375
5750,5120_5376_5632_5888,MSAVI,65536,37686,10146.0,47832.0,17704.0,medium,0.575042724609375,0.154815673828125,0.2701416015625
5751,5120_5376_5888_6144,MSAVI,65536,49173,3486.0,52659.0,12877.0,medium,0.7503204345703125,0.053192138671875,0.1964874267578125
5752,5120_5376_6144_6400,MSAVI,65536,47522,1896.0,49418.0,16118.0,medium,0.725128173828125,0.0289306640625,0.245941162109375
5753,5120_5376_6400_6656,MSAVI,65536,43587,1732.0,45319.0,20217.0,medium,0.6650848388671875,0.02642822265625,0.3084869384765625
5754,5120_5376_6656_6912,MSAVI,65536,48083,9555.0,57638.0,7898.0,medium,0.7336883544921875,0.1457977294921875,0.120513916015625
5755,5120_5376_6912_7168,MSAVI,65536,54172,3661.0,57833.0,7703.0,medium,0.82659912109375,0.0558624267578125,0.1175384521484375
5756,5120_5376_7168_7424,MSAVI,65536,45301,2833.0,48134.0,17402.0,medium,0.6912384033203125,0.0432281494140625,0.265533447265625
5757,5120_5376_7424_7680,MSAVI,65536,48198,2151.0,50349.0,15187.0,medium,0.735443115234375,0.0328216552734375,0.2317352294921875
5758,5120_5376_7680_7936,MSAVI,65536,43936,5429.0,49365.0,16171.0,medium,0.67041015625,0.0828399658203125,0.2467498779296875
5759,5120_5376_7936_8192,MSAVI,65536,49795,11176.0,60971.0,4565.0,medium,0.7598114013671875,0.1705322265625,0.0696563720703125
5760,5120_5376_8192_8448,MSAVI,65536,42368,15475.0,57843.0,7693.0,medium,0.646484375,0.2361297607421875,0.1173858642578125
5761,5120_5376_8448_8704,MSAVI,65536,40109,9531.0,49640.0,15896.0,medium,0.6120147705078125,0.1454315185546875,0.2425537109375
5762,5120_5376_8704_8960,MSAVI,65536,37518,1897.0,39415.0,26121.0,medium,0.572479248046875,0.0289459228515625,0.3985748291015625
5763,5120_5376_8960_9216,MSAVI,65536,41550,4831.0,46381.0,19155.0,medium,0.634002685546875,0.0737152099609375,0.2922821044921875
5764,5120_5376_9216_9472,MSAVI,65536,46311,7079.0,53390.0,12146.0,medium,0.7066497802734375,0.1080169677734375,0.185333251953125
5765,5120_5376_9472_9728,MSAVI,65536,47365,869.0,48234.0,17302.0,medium,0.7227325439453125,0.0132598876953125,0.264007568359375
5766,5120_5376_9728_9984,MSAVI,65536,43729,232.0,43961.0,21575.0,medium,0.6672515869140625,0.0035400390625,0.3292083740234375
5767,5120_5376_9984_10240,MSAVI,65536,44097,519.0,44616.0,20920.0,medium,0.6728668212890625,0.0079193115234375,0.3192138671875
5768,5120_5376_10240_10496,MSAVI,65536,41620,203.0,41823.0,23713.0,medium,0.63507080078125,0.0030975341796875,0.3618316650390625
5769,5376_5632_256_512,MSAVI,65536,42778,5663.0,48441.0,17095.0,medium,0.652740478515625,0.0864105224609375,0.2608489990234375
5770,5376_5632_512_768,MSAVI,65536,44118,3509.0,47627.0,17909.0,medium,0.673187255859375,0.0535430908203125,0.2732696533203125
5771,5376_5632_768_1024,MSAVI,65536,45542,261.0,45803.0,19733.0,medium,0.694915771484375,0.0039825439453125,0.3011016845703125
5772,5376_5632_1024_1280,MSAVI,65536,46749,341.0,47090.0,18446.0,medium,0.7133331298828125,0.0052032470703125,0.281463623046875
5773,5376_5632_1280_1536,MSAVI,65536,47356,217.0,47573.0,17963.0,medium,0.72259521484375,0.0033111572265625,0.2740936279296875
5774,5376_5632_1536_1792,MSAVI,65536,44460,389.0,44849.0,20687.0,medium,0.67840576171875,0.0059356689453125,0.3156585693359375
5775,5376_5632_1792_2048,MSAVI,65536,42278,1361.0,43639.0,21897.0,medium,0.645111083984375,0.0207672119140625,0.3341217041015625
5776,5376_5632_2048_2304,MSAVI,65536,47411,718.0,48129.0,17407.0,medium,0.7234344482421875,0.010955810546875,0.2656097412109375
5777,5376_5632_2304_2560,MSAVI,65536,48741,92.0,48833.0,16703.0,medium,0.7437286376953125,0.00140380859375,0.2548675537109375
5778,5376_5632_2560_2816,MSAVI,65536,44952,221.0,45173.0,20363.0,medium,0.6859130859375,0.0033721923828125,0.3107147216796875
5779,5376_5632_2816_3072,MSAVI,65536,50600,0.0,50600.0,14936.0,medium,0.7720947265625,0.0,0.2279052734375
5780,5376_5632_3072_3328,MSAVI,65536,50305,1344.0,51649.0,13887.0,medium,0.7675933837890625,0.0205078125,0.2118988037109375
5781,5376_5632_3328_3584,MSAVI,65536,44732,4333.0,49065.0,16471.0,medium,0.68255615234375,0.0661163330078125,0.2513275146484375
5782,5376_5632_3584_3840,MSAVI,65536,46610,1507.0,48117.0,17419.0,medium,0.711212158203125,0.0229949951171875,0.2657928466796875
5783,5376_5632_3840_4096,MSAVI,65536,44073,1844.0,45917.0,19619.0,medium,0.6725006103515625,0.02813720703125,0.2993621826171875
5784,5376_5632_4096_4352,MSAVI,65536,42639,4457.0,47096.0,18440.0,medium,0.6506195068359375,0.0680084228515625,0.2813720703125
5785,5376_5632_4352_4608,MSAVI,65536,43834,12361.0,56195.0,9341.0,medium,0.668853759765625,0.1886138916015625,0.1425323486328125
5786,5376_5632_4608_4864,MSAVI,65536,39960,3371.0,43331.0,22205.0,medium,0.6097412109375,0.0514373779296875,0.3388214111328125
5787,5376_5632_4864_5120,MSAVI,65536,39671,869.0,40540.0,24996.0,medium,0.6053314208984375,0.0132598876953125,0.38140869140625
5788,5376_5632_5120_5376,MSAVI,65536,44120,2641.0,46761.0,18775.0,medium,0.6732177734375,0.0402984619140625,0.2864837646484375
5789,5376_5632_5376_5632,MSAVI,65536,47411,4683.0,52094.0,13442.0,medium,0.7234344482421875,0.0714569091796875,0.205108642578125
5790,5376_5632_5632_5888,MSAVI,65536,45771,6488.0,52259.0,13277.0,medium,0.6984100341796875,0.0989990234375,0.2025909423828125
5791,5376_5632_5888_6144,MSAVI,65536,42098,8028.0,50126.0,15410.0,medium,0.642364501953125,0.12249755859375,0.235137939453125
5792,5376_5632_6144_6400,MSAVI,65536,48494,822.0,49316.0,16220.0,medium,0.739959716796875,0.012542724609375,0.24749755859375
5793,5376_5632_6400_6656,MSAVI,65536,43583,1955.0,45538.0,19998.0,medium,0.6650238037109375,0.0298309326171875,0.305145263671875
5794,5376_5632_6656_6912,MSAVI,65536,42835,5993.0,48828.0,16708.0,medium,0.6536102294921875,0.0914459228515625,0.25494384765625
5795,5376_5632_6912_7168,MSAVI,65536,47587,7340.0,54927.0,10609.0,medium,0.7261199951171875,0.11199951171875,0.1618804931640625
5796,5376_5632_7168_7424,MSAVI,65536,43634,11620.0,55254.0,10282.0,medium,0.665802001953125,0.17730712890625,0.156890869140625
5797,5376_5632_7424_7680,MSAVI,65536,46261,1729.0,47990.0,17546.0,medium,0.7058868408203125,0.0263824462890625,0.267730712890625
5798,5376_5632_7680_7936,MSAVI,65536,45446,4381.0,49827.0,15709.0,medium,0.693450927734375,0.0668487548828125,0.2397003173828125
5799,5376_5632_7936_8192,MSAVI,65536,54915,5719.0,60634.0,4902.0,medium,0.8379364013671875,0.0872650146484375,0.074798583984375
5800,5376_5632_8192_8448,MSAVI,65536,41447,16974.0,58421.0,7115.0,medium,0.6324310302734375,0.259002685546875,0.1085662841796875
5801,5376_5632_8448_8704,MSAVI,65536,41789,6500.0,48289.0,17247.0,medium,0.6376495361328125,0.09918212890625,0.2631683349609375
5802,5376_5632_8704_8960,MSAVI,65536,37253,6590.0,43843.0,21693.0,medium,0.5684356689453125,0.100555419921875,0.3310089111328125
5803,5376_5632_8960_9216,MSAVI,65536,40747,2362.0,43109.0,22427.0,medium,0.6217498779296875,0.036041259765625,0.3422088623046875
5804,5376_5632_9216_9472,MSAVI,65536,39883,2128.0,42011.0,23525.0,medium,0.6085662841796875,0.032470703125,0.3589630126953125
5805,5376_5632_9472_9728,MSAVI,65536,42829,1245.0,44074.0,21462.0,medium,0.6535186767578125,0.0189971923828125,0.327484130859375
5806,5376_5632_9728_9984,MSAVI,65536,41266,1266.0,42532.0,23004.0,medium,0.629669189453125,0.019317626953125,0.35101318359375
5807,5376_5632_9984_10240,MSAVI,65536,46167,80.0,46247.0,19289.0,medium,0.7044525146484375,0.001220703125,0.2943267822265625
5808,5376_5632_10240_10496,MSAVI,65536,42033,145.0,42178.0,23358.0,medium,0.6413726806640625,0.0022125244140625,0.356414794921875
5809,5632_5888_512_768,MSAVI,65536,45208,4465.0,49673.0,15863.0,medium,0.6898193359375,0.0681304931640625,0.2420501708984375
5810,5632_5888_768_1024,MSAVI,65536,45492,10527.0,56019.0,9517.0,medium,0.69415283203125,0.1606292724609375,0.1452178955078125
5811,5632_5888_1024_1280,MSAVI,65536,43776,1861.0,45637.0,19899.0,medium,0.66796875,0.0283966064453125,0.3036346435546875
5812,5632_5888_1280_1536,MSAVI,65536,47339,220.0,47559.0,17977.0,medium,0.7223358154296875,0.00335693359375,0.2743072509765625
5813,5632_5888_1536_1792,MSAVI,65536,47715,4437.0,52152.0,13384.0,medium,0.7280731201171875,0.0677032470703125,0.2042236328125
5814,5632_5888_1792_2048,MSAVI,65536,49999,1030.0,51029.0,14507.0,medium,0.7629241943359375,0.015716552734375,0.2213592529296875
5815,5632_5888_2048_2304,MSAVI,65536,44382,233.0,44615.0,20921.0,medium,0.677215576171875,0.0035552978515625,0.3192291259765625
5816,5632_5888_2304_2560,MSAVI,65536,42662,1093.0,43755.0,21781.0,medium,0.650970458984375,0.0166778564453125,0.3323516845703125
5817,5632_5888_2560_2816,MSAVI,65536,42677,402.0,43079.0,22457.0,medium,0.6511993408203125,0.006134033203125,0.3426666259765625
5818,5632_5888_2816_3072,MSAVI,65536,44357,228.0,44585.0,20951.0,medium,0.6768341064453125,0.00347900390625,0.3196868896484375
5819,5632_5888_3072_3328,MSAVI,65536,48899,2157.0,51056.0,14480.0,medium,0.7461395263671875,0.0329132080078125,0.220947265625
5820,5632_5888_3328_3584,MSAVI,65536,45298,2530.0,47828.0,17708.0,medium,0.691192626953125,0.038604736328125,0.27020263671875
5821,5632_5888_3584_3840,MSAVI,65536,46501,906.0,47407.0,18129.0,medium,0.7095489501953125,0.013824462890625,0.2766265869140625
5822,5632_5888_3840_4096,MSAVI,65536,49887,4069.0,53956.0,11580.0,medium,0.7612152099609375,0.0620880126953125,0.17669677734375
5823,5632_5888_4096_4352,MSAVI,65536,43308,1694.0,45002.0,20534.0,medium,0.66082763671875,0.025848388671875,0.313323974609375
5824,5632_5888_4352_4608,MSAVI,65536,41236,5364.0,46600.0,18936.0,medium,0.62921142578125,0.08184814453125,0.2889404296875
5825,5632_5888_4608_4864,MSAVI,65536,41791,4760.0,46551.0,18985.0,medium,0.6376800537109375,0.0726318359375,0.2896881103515625
5826,5632_5888_4864_5120,MSAVI,65536,38659,2351.0,41010.0,24526.0,medium,0.5898895263671875,0.0358734130859375,0.374237060546875
5827,5632_5888_5120_5376,MSAVI,65536,40678,2475.0,43153.0,22383.0,medium,0.620697021484375,0.0377655029296875,0.3415374755859375
5828,5632_5888_5376_5632,MSAVI,65536,42667,6470.0,49137.0,16399.0,medium,0.6510467529296875,0.098724365234375,0.2502288818359375
5829,5632_5888_5632_5888,MSAVI,65536,45937,6956.0,52893.0,12643.0,medium,0.7009429931640625,0.10614013671875,0.1929168701171875
5830,5632_5888_5888_6144,MSAVI,65536,46390,6889.0,53279.0,12257.0,medium,0.707855224609375,0.1051177978515625,0.1870269775390625
5831,5632_5888_6144_6400,MSAVI,65536,49267,6048.0,55315.0,10221.0,medium,0.7517547607421875,0.09228515625,0.1559600830078125
5832,5632_5888_6400_6656,MSAVI,65536,47432,4588.0,52020.0,13516.0,medium,0.7237548828125,0.07000732421875,0.20623779296875
5833,5632_5888_6656_6912,MSAVI,65536,44597,1003.0,45600.0,19936.0,medium,0.6804962158203125,0.0153045654296875,0.30419921875
5834,5632_5888_6912_7168,MSAVI,65536,47069,1717.0,48786.0,16750.0,medium,0.7182159423828125,0.0261993408203125,0.255584716796875
5835,5632_5888_7168_7424,MSAVI,65536,45824,3227.0,49051.0,16485.0,medium,0.69921875,0.0492401123046875,0.2515411376953125
5836,5632_5888_7424_7680,MSAVI,65536,47461,233.0,47694.0,17842.0,medium,0.7241973876953125,0.0035552978515625,0.272247314453125
5837,5632_5888_7680_7936,MSAVI,65536,44964,5248.0,50212.0,15324.0,medium,0.68609619140625,0.080078125,0.23382568359375
5838,5632_5888_7936_8192,MSAVI,65536,49823,13078.0,62901.0,2635.0,medium,0.7602386474609375,0.199554443359375,0.0402069091796875
5839,5632_5888_8192_8448,MSAVI,65536,38479,15784.0,54263.0,11273.0,medium,0.5871429443359375,0.2408447265625,0.1720123291015625
5840,5632_5888_8448_8704,MSAVI,65536,40928,12236.0,53164.0,12372.0,medium,0.62451171875,0.18670654296875,0.18878173828125
5841,5632_5888_8704_8960,MSAVI,65536,38431,4524.0,42955.0,22581.0,medium,0.5864105224609375,0.06903076171875,0.3445587158203125
5842,5632_5888_8960_9216,MSAVI,65536,39394,2355.0,41749.0,23787.0,medium,0.601104736328125,0.0359344482421875,0.3629608154296875
5843,5632_5888_9216_9472,MSAVI,65536,39248,2481.0,41729.0,23807.0,medium,0.598876953125,0.0378570556640625,0.3632659912109375
5844,5632_5888_9472_9728,MSAVI,65536,39740,2054.0,41794.0,23742.0,medium,0.60638427734375,0.031341552734375,0.362274169921875
5845,5632_5888_9728_9984,MSAVI,65536,40863,1407.0,42270.0,23266.0,medium,0.6235198974609375,0.0214691162109375,0.355010986328125
5846,5632_5888_9984_10240,MSAVI,65536,48071,40.0,48111.0,17425.0,medium,0.7335052490234375,0.0006103515625,0.2658843994140625
5847,5632_5888_10240_10496,MSAVI,65536,44979,52.0,45031.0,20505.0,medium,0.6863250732421875,0.00079345703125,0.3128814697265625
5848,5632_5888_10496_10752,MSAVI,65536,44261,123.0,44384.0,21152.0,medium,0.6753692626953125,0.0018768310546875,0.32275390625
5849,5888_6144_512_768,MSAVI,65536,41865,2499.0,44364.0,21172.0,medium,0.6388092041015625,0.0381317138671875,0.32305908203125
5850,5888_6144_768_1024,MSAVI,65536,46029,3199.0,49228.0,16308.0,medium,0.7023468017578125,0.0488128662109375,0.24884033203125
5851,5888_6144_1024_1280,MSAVI,65536,47250,627.0,47877.0,17659.0,medium,0.720977783203125,0.0095672607421875,0.2694549560546875
5852,5888_6144_1280_1536,MSAVI,65536,50289,1336.0,51625.0,13911.0,medium,0.7673492431640625,0.0203857421875,0.2122650146484375
5853,5888_6144_1536_1792,MSAVI,65536,49381,1499.0,50880.0,14656.0,medium,0.7534942626953125,0.0228729248046875,0.2236328125
5854,5888_6144_1792_2048,MSAVI,65536,50363,1472.0,51835.0,13701.0,medium,0.7684783935546875,0.0224609375,0.2090606689453125
5855,5888_6144_2048_2304,MSAVI,65536,43491,2523.0,46014.0,19522.0,medium,0.6636199951171875,0.0384979248046875,0.297882080078125
5856,5888_6144_2304_2560,MSAVI,65536,43620,1557.0,45177.0,20359.0,medium,0.66558837890625,0.0237579345703125,0.3106536865234375
5857,5888_6144_2560_2816,MSAVI,65536,48099,2366.0,50465.0,15071.0,medium,0.7339324951171875,0.036102294921875,0.2299652099609375
5858,5888_6144_2816_3072,MSAVI,65536,47110,3709.0,50819.0,14717.0,medium,0.718841552734375,0.0565948486328125,0.2245635986328125
5859,5888_6144_3072_3328,MSAVI,65536,47316,8586.0,55902.0,9634.0,medium,0.72198486328125,0.131011962890625,0.147003173828125
5860,5888_6144_3328_3584,MSAVI,65536,48587,1161.0,49748.0,15788.0,medium,0.7413787841796875,0.0177154541015625,0.24090576171875
5861,5888_6144_3584_3840,MSAVI,65536,46854,2977.0,49831.0,15705.0,medium,0.714935302734375,0.0454254150390625,0.2396392822265625
5862,5888_6144_3840_4096,MSAVI,65536,45964,5597.0,51561.0,13975.0,medium,0.70135498046875,0.0854034423828125,0.2132415771484375
5863,5888_6144_4096_4352,MSAVI,65536,41990,2384.0,44374.0,21162.0,medium,0.640716552734375,0.036376953125,0.322906494140625
5864,5888_6144_4352_4608,MSAVI,65536,44006,5816.0,49822.0,15714.0,medium,0.671478271484375,0.0887451171875,0.239776611328125
5865,5888_6144_4608_4864,MSAVI,65536,42581,1351.0,43932.0,21604.0,medium,0.6497344970703125,0.0206146240234375,0.32965087890625
5866,5888_6144_4864_5120,MSAVI,65536,37363,6873.0,44236.0,21300.0,medium,0.5701141357421875,0.1048736572265625,0.32501220703125
5867,5888_6144_5120_5376,MSAVI,65536,34338,7538.0,41876.0,23660.0,medium,0.523956298828125,0.115020751953125,0.36102294921875
5868,5888_6144_5376_5632,MSAVI,65536,40886,4713.0,45599.0,19937.0,medium,0.623870849609375,0.0719146728515625,0.3042144775390625
5869,5888_6144_5632_5888,MSAVI,65536,44543,3455.0,47998.0,17538.0,medium,0.6796722412109375,0.0527191162109375,0.267608642578125
5870,5888_6144_5888_6144,MSAVI,65536,48486,1574.0,50060.0,15476.0,medium,0.739837646484375,0.024017333984375,0.23614501953125
5871,5888_6144_6144_6400,MSAVI,65536,48017,4462.0,52479.0,13057.0,medium,0.7326812744140625,0.068084716796875,0.1992340087890625
5872,5888_6144_6400_6656,MSAVI,65536,46025,986.0,47011.0,18525.0,medium,0.7022857666015625,0.015045166015625,0.2826690673828125
5873,5888_6144_6656_6912,MSAVI,65536,41343,963.0,42306.0,23230.0,medium,0.6308441162109375,0.0146942138671875,0.354461669921875
5874,5888_6144_6912_7168,MSAVI,65536,44458,2743.0,47201.0,18335.0,medium,0.678375244140625,0.0418548583984375,0.2797698974609375
5875,5888_6144_7168_7424,MSAVI,65536,42264,2678.0,44942.0,20594.0,medium,0.6448974609375,0.040863037109375,0.314239501953125
5876,5888_6144_7424_7680,MSAVI,65536,46281,288.0,46569.0,18967.0,medium,0.7061920166015625,0.00439453125,0.2894134521484375
5877,5888_6144_7680_7936,MSAVI,65536,50013,5506.0,55519.0,10017.0,medium,0.7631378173828125,0.084014892578125,0.1528472900390625
5878,5888_6144_7936_8192,MSAVI,65536,43645,6829.0,50474.0,15062.0,medium,0.6659698486328125,0.1042022705078125,0.229827880859375
5879,5888_6144_8192_8448,MSAVI,65536,35976,17222.0,53198.0,12338.0,medium,0.5489501953125,0.262786865234375,0.188262939453125
5880,5888_6144_8448_8704,MSAVI,65536,42043,8918.0,50961.0,14575.0,medium,0.6415252685546875,0.136077880859375,0.2223968505859375
5881,5888_6144_8704_8960,MSAVI,65536,39892,4976.0,44868.0,20668.0,medium,0.60870361328125,0.075927734375,0.31536865234375
5882,5888_6144_8960_9216,MSAVI,65536,37129,4932.0,42061.0,23475.0,medium,0.5665435791015625,0.07525634765625,0.3582000732421875
5883,5888_6144_9216_9472,MSAVI,65536,35199,5422.0,40621.0,24915.0,medium,0.5370941162109375,0.082733154296875,0.3801727294921875
5884,5888_6144_9472_9728,MSAVI,65536,40851,1970.0,42821.0,22715.0,medium,0.6233367919921875,0.030059814453125,0.3466033935546875
5885,5888_6144_9728_9984,MSAVI,65536,39977,4553.0,44530.0,21006.0,medium,0.6100006103515625,0.0694732666015625,0.320526123046875
5886,5888_6144_9984_10240,MSAVI,65536,43736,74.0,43810.0,21726.0,medium,0.6673583984375,0.001129150390625,0.331512451171875
5887,5888_6144_10240_10496,MSAVI,65536,43854,2502.0,46356.0,19180.0,medium,0.669158935546875,0.038177490234375,0.29266357421875
5888,5888_6144_10496_10752,MSAVI,65536,45610,52.0,45662.0,19874.0,medium,0.695953369140625,0.00079345703125,0.303253173828125
5889,6144_6400_768_1024,MSAVI,65536,50246,923.0,51169.0,14367.0,medium,0.766693115234375,0.0140838623046875,0.2192230224609375
5890,6144_6400_1024_1280,MSAVI,65536,49107,309.0,49416.0,16120.0,medium,0.7493133544921875,0.0047149658203125,0.2459716796875
5891,6144_6400_1280_1536,MSAVI,65536,52110,910.0,53020.0,12516.0,medium,0.795135498046875,0.013885498046875,0.19097900390625
5892,6144_6400_1536_1792,MSAVI,65536,50305,329.0,50634.0,14902.0,medium,0.7675933837890625,0.0050201416015625,0.227386474609375
5893,6144_6400_1792_2048,MSAVI,65536,44575,476.0,45051.0,20485.0,medium,0.6801605224609375,0.00726318359375,0.3125762939453125
5894,6144_6400_2048_2304,MSAVI,65536,48412,604.0,49016.0,16520.0,medium,0.73870849609375,0.00921630859375,0.2520751953125
5895,6144_6400_2304_2560,MSAVI,65536,47834,641.0,48475.0,17061.0,medium,0.729888916015625,0.0097808837890625,0.2603302001953125
5896,6144_6400_2560_2816,MSAVI,65536,44655,1469.0,46124.0,19412.0,medium,0.6813812255859375,0.0224151611328125,0.29620361328125
5897,6144_6400_2816_3072,MSAVI,65536,47730,1129.0,48859.0,16677.0,medium,0.728302001953125,0.0172271728515625,0.2544708251953125
5898,6144_6400_3072_3328,MSAVI,65536,49007,5659.0,54666.0,10870.0,medium,0.7477874755859375,0.0863494873046875,0.165863037109375
5899,6144_6400_3328_3584,MSAVI,65536,47719,2015.0,49734.0,15802.0,medium,0.7281341552734375,0.0307464599609375,0.241119384765625
5900,6144_6400_3584_3840,MSAVI,65536,46993,2032.0,49025.0,16511.0,medium,0.7170562744140625,0.031005859375,0.2519378662109375
5901,6144_6400_3840_4096,MSAVI,65536,44787,1933.0,46720.0,18816.0,medium,0.6833953857421875,0.0294952392578125,0.287109375
5902,6144_6400_4096_4352,MSAVI,65536,46556,984.0,47540.0,17996.0,medium,0.71038818359375,0.0150146484375,0.27459716796875
5903,6144_6400_4352_4608,MSAVI,65536,47105,537.0,47642.0,17894.0,medium,0.7187652587890625,0.0081939697265625,0.273040771484375
5904,6144_6400_4608_4864,MSAVI,65536,43159,2120.0,45279.0,20257.0,medium,0.6585540771484375,0.0323486328125,0.3090972900390625
5905,6144_6400_4864_5120,MSAVI,65536,41898,5627.0,47525.0,18011.0,medium,0.639312744140625,0.0858612060546875,0.2748260498046875
5906,6144_6400_5120_5376,MSAVI,65536,37335,9219.0,46554.0,18982.0,medium,0.5696868896484375,0.1406707763671875,0.289642333984375
5907,6144_6400_5376_5632,MSAVI,65536,38468,2244.0,40712.0,24824.0,medium,0.58697509765625,0.03424072265625,0.3787841796875
5908,6144_6400_5632_5888,MSAVI,65536,45661,1190.0,46851.0,18685.0,medium,0.6967315673828125,0.018157958984375,0.2851104736328125
5909,6144_6400_5888_6144,MSAVI,65536,49552,1581.0,51133.0,14403.0,medium,0.756103515625,0.0241241455078125,0.2197723388671875
5910,6144_6400_6144_6400,MSAVI,65536,45236,3868.0,49104.0,16432.0,medium,0.69024658203125,0.05902099609375,0.250732421875
5911,6144_6400_6400_6656,MSAVI,65536,44702,1196.0,45898.0,19638.0,medium,0.682098388671875,0.01824951171875,0.299652099609375
5912,6144_6400_6656_6912,MSAVI,65536,41778,1558.0,43336.0,22200.0,medium,0.637481689453125,0.023773193359375,0.3387451171875
5913,6144_6400_6912_7168,MSAVI,65536,40473,6864.0,47337.0,18199.0,medium,0.6175689697265625,0.104736328125,0.2776947021484375
5914,6144_6400_7168_7424,MSAVI,65536,42643,1141.0,43784.0,21752.0,medium,0.6506805419921875,0.0174102783203125,0.3319091796875
5915,6144_6400_7424_7680,MSAVI,65536,47275,5494.0,52769.0,12767.0,medium,0.7213592529296875,0.083831787109375,0.1948089599609375
5916,6144_6400_7680_7936,MSAVI,65536,46253,5252.0,51505.0,14031.0,medium,0.7057647705078125,0.08013916015625,0.2140960693359375
5917,6144_6400_7936_8192,MSAVI,65536,43309,5116.0,48425.0,17111.0,medium,0.6608428955078125,0.07806396484375,0.2610931396484375
5918,6144_6400_8192_8448,MSAVI,65536,42515,7955.0,50470.0,15066.0,medium,0.6487274169921875,0.1213836669921875,0.229888916015625
5919,6144_6400_8448_8704,MSAVI,65536,46385,2955.0,49340.0,16196.0,medium,0.7077789306640625,0.0450897216796875,0.24713134765625
5920,6144_6400_8704_8960,MSAVI,65536,43721,7048.0,50769.0,14767.0,medium,0.6671295166015625,0.1075439453125,0.2253265380859375
5921,6144_6400_8960_9216,MSAVI,65536,41704,4611.0,46315.0,19221.0,medium,0.6363525390625,0.0703582763671875,0.2932891845703125
5922,6144_6400_9216_9472,MSAVI,65536,35977,4559.0,40536.0,25000.0,medium,0.5489654541015625,0.0695648193359375,0.3814697265625
5923,6144_6400_9472_9728,MSAVI,65536,41515,1450.0,42965.0,22571.0,medium,0.6334686279296875,0.022125244140625,0.3444061279296875
5924,6144_6400_9728_9984,MSAVI,65536,37850,4035.0,41885.0,23651.0,medium,0.577545166015625,0.0615692138671875,0.3608856201171875
5925,6144_6400_9984_10240,MSAVI,65536,41402,1127.0,42529.0,23007.0,medium,0.631744384765625,0.0171966552734375,0.3510589599609375
5926,6144_6400_10240_10496,MSAVI,65536,45460,5629.0,51089.0,14447.0,medium,0.69366455078125,0.0858917236328125,0.2204437255859375
5927,6144_6400_10496_10752,MSAVI,65536,46625,189.0,46814.0,18722.0,medium,0.7114410400390625,0.0028839111328125,0.285675048828125
5928,6144_6400_10752_11008,MSAVI,65536,45247,281.0,45528.0,20008.0,medium,0.6904144287109375,0.0042877197265625,0.3052978515625
5929,6400_6656_768_1024,MSAVI,65536,48250,2372.0,50622.0,14914.0,medium,0.736236572265625,0.03619384765625,0.227569580078125
5930,6400_6656_1024_1280,MSAVI,65536,47860,3895.0,51755.0,13781.0,medium,0.73028564453125,0.0594329833984375,0.2102813720703125
5931,6400_6656_1280_1536,MSAVI,65536,51629,1043.0,52672.0,12864.0,medium,0.7877960205078125,0.0159149169921875,0.1962890625
5932,6400_6656_1536_1792,MSAVI,65536,48488,3434.0,51922.0,13614.0,medium,0.7398681640625,0.052398681640625,0.207733154296875
5933,6400_6656_1792_2048,MSAVI,65536,46337,319.0,46656.0,18880.0,medium,0.7070465087890625,0.0048675537109375,0.2880859375
5934,6400_6656_2048_2304,MSAVI,65536,41880,12426.0,54306.0,11230.0,medium,0.6390380859375,0.189605712890625,0.171356201171875
5935,6400_6656_2304_2560,MSAVI,65536,50265,3510.0,53775.0,11761.0,medium,0.7669830322265625,0.053558349609375,0.1794586181640625
5936,6400_6656_2560_2816,MSAVI,65536,45343,2746.0,48089.0,17447.0,medium,0.6918792724609375,0.041900634765625,0.2662200927734375
5937,6400_6656_2816_3072,MSAVI,65536,44881,1997.0,46878.0,18658.0,medium,0.6848297119140625,0.0304718017578125,0.284698486328125
5938,6400_6656_3072_3328,MSAVI,65536,52648,329.0,52977.0,12559.0,medium,0.8033447265625,0.0050201416015625,0.1916351318359375
5939,6400_6656_3328_3584,MSAVI,65536,44989,1441.0,46430.0,19106.0,medium,0.6864776611328125,0.0219879150390625,0.291534423828125
5940,6400_6656_3584_3840,MSAVI,65536,45349,5017.0,50366.0,15170.0,medium,0.6919708251953125,0.0765533447265625,0.231475830078125
5941,6400_6656_3840_4096,MSAVI,65536,46051,908.0,46959.0,18577.0,medium,0.7026824951171875,0.01385498046875,0.2834625244140625
5942,6400_6656_4096_4352,MSAVI,65536,47400,891.0,48291.0,17245.0,medium,0.7232666015625,0.0135955810546875,0.2631378173828125
5943,6400_6656_4352_4608,MSAVI,65536,50202,208.0,50410.0,15126.0,medium,0.766021728515625,0.003173828125,0.230804443359375
5944,6400_6656_4608_4864,MSAVI,65536,48148,244.0,48392.0,17144.0,medium,0.73468017578125,0.00372314453125,0.2615966796875
5945,6400_6656_4864_5120,MSAVI,65536,42025,4616.0,46641.0,18895.0,medium,0.6412506103515625,0.0704345703125,0.2883148193359375
5946,6400_6656_5120_5376,MSAVI,65536,36150,10292.0,46442.0,19094.0,medium,0.551605224609375,0.15704345703125,0.291351318359375
5947,6400_6656_5376_5632,MSAVI,65536,36596,3615.0,40211.0,25325.0,medium,0.55841064453125,0.0551605224609375,0.3864288330078125
5948,6400_6656_5632_5888,MSAVI,65536,38519,6090.0,44609.0,20927.0,medium,0.5877532958984375,0.092926025390625,0.3193206787109375
5949,6400_6656_5888_6144,MSAVI,65536,45429,946.0,46375.0,19161.0,medium,0.6931915283203125,0.014434814453125,0.2923736572265625
5950,6400_6656_6144_6400,MSAVI,65536,50869,2827.0,53696.0,11840.0,medium,0.7761993408203125,0.0431365966796875,0.1806640625
5951,6400_6656_6400_6656,MSAVI,65536,42394,2376.0,44770.0,20766.0,medium,0.646881103515625,0.0362548828125,0.316864013671875
5952,6400_6656_6656_6912,MSAVI,65536,41962,979.0,42941.0,22595.0,medium,0.640289306640625,0.0149383544921875,0.3447723388671875
5953,6400_6656_6912_7168,MSAVI,65536,44152,1087.0,45239.0,20297.0,medium,0.6737060546875,0.0165863037109375,0.3097076416015625
5954,6400_6656_7168_7424,MSAVI,65536,49402,518.0,49920.0,15616.0,medium,0.753814697265625,0.007904052734375,0.23828125
5955,6400_6656_7424_7680,MSAVI,65536,45764,3520.0,49284.0,16252.0,medium,0.69830322265625,0.0537109375,0.24798583984375
5956,6400_6656_7680_7936,MSAVI,65536,50211,4650.0,54861.0,10675.0,medium,0.7661590576171875,0.070953369140625,0.1628875732421875
5957,6400_6656_7936_8192,MSAVI,65536,49290,2566.0,51856.0,13680.0,medium,0.752105712890625,0.039154052734375,0.208740234375
5958,6400_6656_8192_8448,MSAVI,65536,44282,2402.0,46684.0,18852.0,medium,0.675689697265625,0.036651611328125,0.28765869140625
5959,6400_6656_8448_8704,MSAVI,65536,51665,1651.0,53316.0,12220.0,medium,0.7883453369140625,0.0251922607421875,0.18646240234375
5960,6400_6656_8704_8960,MSAVI,65536,47931,595.0,48526.0,17010.0,medium,0.7313690185546875,0.0090789794921875,0.259552001953125
5961,6400_6656_8960_9216,MSAVI,65536,45233,3729.0,48962.0,16574.0,medium,0.6902008056640625,0.0569000244140625,0.252899169921875
5962,6400_6656_9216_9472,MSAVI,65536,37091,3358.0,40449.0,25087.0,medium,0.5659637451171875,0.051239013671875,0.3827972412109375
5963,6400_6656_9472_9728,MSAVI,65536,38552,996.0,39548.0,25988.0,medium,0.5882568359375,0.01519775390625,0.39654541015625
5964,6400_6656_9728_9984,MSAVI,65536,41170,1525.0,42695.0,22841.0,medium,0.628204345703125,0.0232696533203125,0.3485260009765625
5965,6400_6656_9984_10240,MSAVI,65536,39133,3486.0,42619.0,22917.0,medium,0.5971221923828125,0.053192138671875,0.3496856689453125
5966,6400_6656_10240_10496,MSAVI,65536,42025,7858.0,49883.0,15653.0,medium,0.6412506103515625,0.119903564453125,0.2388458251953125
5967,6400_6656_10496_10752,MSAVI,65536,44146,10026.0,54172.0,11364.0,medium,0.673614501953125,0.152984619140625,0.17340087890625
5968,6400_6656_10752_11008,MSAVI,65536,42023,4353.0,46376.0,19160.0,medium,0.6412200927734375,0.0664215087890625,0.2923583984375
5969,6656_6912_1024_1280,MSAVI,65536,51435,0.0,51435.0,14101.0,medium,0.7848358154296875,0.0,0.2151641845703125
5970,6656_6912_1280_1536,MSAVI,65536,51911,64.0,51975.0,13561.0,medium,0.7920989990234375,0.0009765625,0.2069244384765625
5971,6656_6912_1536_1792,MSAVI,65536,47152,1851.0,49003.0,16533.0,medium,0.719482421875,0.0282440185546875,0.2522735595703125
5972,6656_6912_1792_2048,MSAVI,65536,52071,180.0,52251.0,13285.0,medium,0.7945404052734375,0.00274658203125,0.2027130126953125
5973,6656_6912_2048_2304,MSAVI,65536,46086,3572.0,49658.0,15878.0,medium,0.703216552734375,0.05450439453125,0.242279052734375
5974,6656_6912_2304_2560,MSAVI,65536,49025,2851.0,51876.0,13660.0,medium,0.7480621337890625,0.0435028076171875,0.20843505859375
5975,6656_6912_2560_2816,MSAVI,65536,45040,708.0,45748.0,19788.0,medium,0.687255859375,0.01080322265625,0.30194091796875
5976,6656_6912_2816_3072,MSAVI,65536,49376,2147.0,51523.0,14013.0,medium,0.75341796875,0.0327606201171875,0.2138214111328125
5977,6656_6912_3072_3328,MSAVI,65536,50676,1745.0,52421.0,13115.0,medium,0.77325439453125,0.0266265869140625,0.2001190185546875
5978,6656_6912_3328_3584,MSAVI,65536,50572,207.0,50779.0,14757.0,medium,0.77166748046875,0.0031585693359375,0.2251739501953125
5979,6656_6912_3584_3840,MSAVI,65536,46230,1440.0,47670.0,17866.0,medium,0.705413818359375,0.02197265625,0.272613525390625
5980,6656_6912_3840_4096,MSAVI,65536,45441,486.0,45927.0,19609.0,medium,0.6933746337890625,0.007415771484375,0.2992095947265625
5981,6656_6912_4096_4352,MSAVI,65536,53167,7037.0,60204.0,5332.0,medium,0.8112640380859375,0.1073760986328125,0.08135986328125
5982,6656_6912_4352_4608,MSAVI,65536,44297,1731.0,46028.0,19508.0,medium,0.6759185791015625,0.0264129638671875,0.29766845703125
5983,6656_6912_4608_4864,MSAVI,65536,43426,382.0,43808.0,21728.0,medium,0.662628173828125,0.005828857421875,0.33154296875
5984,6656_6912_4864_5120,MSAVI,65536,47934,2688.0,50622.0,14914.0,medium,0.731414794921875,0.041015625,0.227569580078125
5985,6656_6912_5120_5376,MSAVI,65536,41218,2999.0,44217.0,21319.0,medium,0.628936767578125,0.0457611083984375,0.3253021240234375
5986,6656_6912_5376_5632,MSAVI,65536,35189,5640.0,40829.0,24707.0,medium,0.5369415283203125,0.0860595703125,0.3769989013671875
5987,6656_6912_5632_5888,MSAVI,65536,39862,2468.0,42330.0,23206.0,medium,0.608245849609375,0.03765869140625,0.354095458984375
5988,6656_6912_5888_6144,MSAVI,65536,40618,1818.0,42436.0,23100.0,medium,0.619781494140625,0.027740478515625,0.35247802734375
5989,6656_6912_6144_6400,MSAVI,65536,45271,9941.0,55212.0,10324.0,medium,0.6907806396484375,0.1516876220703125,0.15753173828125
5990,6656_6912_6400_6656,MSAVI,65536,46446,2461.0,48907.0,16629.0,medium,0.708709716796875,0.0375518798828125,0.2537384033203125
5991,6656_6912_6656_6912,MSAVI,65536,46257,894.0,47151.0,18385.0,medium,0.7058258056640625,0.013641357421875,0.2805328369140625
5992,6656_6912_6912_7168,MSAVI,65536,45132,789.0,45921.0,19615.0,medium,0.68865966796875,0.0120391845703125,0.2993011474609375
5993,6656_6912_7168_7424,MSAVI,65536,50457,242.0,50699.0,14837.0,medium,0.7699127197265625,0.003692626953125,0.2263946533203125
5994,6656_6912_7424_7680,MSAVI,65536,50160,4435.0,54595.0,10941.0,medium,0.765380859375,0.0676727294921875,0.1669464111328125
5995,6656_6912_7680_7936,MSAVI,65536,51707,2015.0,53722.0,11814.0,medium,0.7889862060546875,0.0307464599609375,0.180267333984375
5996,6656_6912_7936_8192,MSAVI,65536,49322,1559.0,50881.0,14655.0,medium,0.752593994140625,0.0237884521484375,0.2236175537109375
5997,6656_6912_8192_8448,MSAVI,65536,48432,364.0,48796.0,16740.0,medium,0.739013671875,0.00555419921875,0.25543212890625
5998,6656_6912_8448_8704,MSAVI,65536,49675,195.0,49870.0,15666.0,medium,0.7579803466796875,0.0029754638671875,0.239044189453125
5999,6656_6912_8704_8960,MSAVI,65536,48076,892.0,48968.0,16568.0,medium,0.73358154296875,0.01361083984375,0.2528076171875
6000,6656_6912_8960_9216,MSAVI,65536,46499,699.0,47198.0,18338.0,medium,0.7095184326171875,0.0106658935546875,0.279815673828125
6001,6656_6912_9216_9472,MSAVI,65536,41278,3393.0,44671.0,20865.0,medium,0.629852294921875,0.0517730712890625,0.3183746337890625
6002,6656_6912_9472_9728,MSAVI,65536,39841,1235.0,41076.0,24460.0,medium,0.6079254150390625,0.0188446044921875,0.37322998046875
6003,6656_6912_9728_9984,MSAVI,65536,40121,1678.0,41799.0,23737.0,medium,0.6121978759765625,0.025604248046875,0.3621978759765625
6004,6656_6912_9984_10240,MSAVI,65536,38663,8799.0,47462.0,18074.0,medium,0.5899505615234375,0.1342620849609375,0.275787353515625
6005,6656_6912_10240_10496,MSAVI,65536,35231,16500.0,51731.0,13805.0,medium,0.5375823974609375,0.25177001953125,0.2106475830078125
6006,6656_6912_10496_10752,MSAVI,65536,43529,1286.0,44815.0,20721.0,medium,0.6641998291015625,0.019622802734375,0.3161773681640625
6007,6656_6912_10752_11008,MSAVI,65536,41478,472.0,41950.0,23586.0,medium,0.632904052734375,0.0072021484375,0.359893798828125
6008,6656_6912_11008_11264,MSAVI,65536,43723,85.0,43808.0,21728.0,medium,0.6671600341796875,0.0012969970703125,0.33154296875
6009,6912_7168_1280_1536,MSAVI,65536,52990,3646.0,56636.0,8900.0,medium,0.808563232421875,0.055633544921875,0.13580322265625
6010,6912_7168_1536_1792,MSAVI,65536,54301,5419.0,59720.0,5816.0,medium,0.8285675048828125,0.0826873779296875,0.0887451171875
6011,6912_7168_1792_2048,MSAVI,65536,47532,1073.0,48605.0,16931.0,medium,0.72528076171875,0.0163726806640625,0.2583465576171875
6012,6912_7168_2048_2304,MSAVI,65536,47376,276.0,47652.0,17884.0,medium,0.722900390625,0.00421142578125,0.27288818359375
6013,6912_7168_2304_2560,MSAVI,65536,43873,230.0,44103.0,21433.0,medium,0.6694488525390625,0.003509521484375,0.3270416259765625
6014,6912_7168_2560_2816,MSAVI,65536,44078,1000.0,45078.0,20458.0,medium,0.672576904296875,0.0152587890625,0.312164306640625
6015,6912_7168_2816_3072,MSAVI,65536,47466,5604.0,53070.0,12466.0,medium,0.724273681640625,0.08551025390625,0.190216064453125
6016,6912_7168_3072_3328,MSAVI,65536,48998,1963.0,50961.0,14575.0,medium,0.747650146484375,0.0299530029296875,0.2223968505859375
6017,6912_7168_3328_3584,MSAVI,65536,48464,0.0,48464.0,17072.0,medium,0.739501953125,0.0,0.260498046875
6018,6912_7168_3584_3840,MSAVI,65536,45189,418.0,45607.0,19929.0,medium,0.6895294189453125,0.006378173828125,0.3040924072265625
6019,6912_7168_3840_4096,MSAVI,65536,46408,129.0,46537.0,18999.0,medium,0.7081298828125,0.0019683837890625,0.2899017333984375
6020,6912_7168_4096_4352,MSAVI,65536,52032,3942.0,55974.0,9562.0,medium,0.7939453125,0.060150146484375,0.145904541015625
6021,6912_7168_4352_4608,MSAVI,65536,47157,408.0,47565.0,17971.0,medium,0.7195587158203125,0.0062255859375,0.2742156982421875
6022,6912_7168_4608_4864,MSAVI,65536,47167,834.0,48001.0,17535.0,medium,0.7197113037109375,0.012725830078125,0.2675628662109375
6023,6912_7168_4864_5120,MSAVI,65536,42561,1856.0,44417.0,21119.0,medium,0.6494293212890625,0.0283203125,0.3222503662109375
6024,6912_7168_5120_5376,MSAVI,65536,48242,4733.0,52975.0,12561.0,medium,0.736114501953125,0.0722198486328125,0.1916656494140625
6025,6912_7168_5376_5632,MSAVI,65536,41592,5403.0,46995.0,18541.0,medium,0.6346435546875,0.0824432373046875,0.2829132080078125
6026,6912_7168_5632_5888,MSAVI,65536,42667,2179.0,44846.0,20690.0,medium,0.6510467529296875,0.0332489013671875,0.315704345703125
6027,6912_7168_5888_6144,MSAVI,65536,43828,1175.0,45003.0,20533.0,medium,0.66876220703125,0.0179290771484375,0.3133087158203125
6028,6912_7168_6144_6400,MSAVI,65536,44817,2292.0,47109.0,18427.0,medium,0.6838531494140625,0.03497314453125,0.2811737060546875
6029,6912_7168_6400_6656,MSAVI,65536,42913,3388.0,46301.0,19235.0,medium,0.6548004150390625,0.05169677734375,0.2935028076171875
6030,6912_7168_6656_6912,MSAVI,65536,45754,1843.0,47597.0,17939.0,medium,0.698150634765625,0.0281219482421875,0.2737274169921875
6031,6912_7168_6912_7168,MSAVI,65536,47345,1131.0,48476.0,17060.0,medium,0.7224273681640625,0.0172576904296875,0.26031494140625
6032,6912_7168_7168_7424,MSAVI,65536,46584,1116.0,47700.0,17836.0,medium,0.7108154296875,0.01702880859375,0.27215576171875
6033,6912_7168_7424_7680,MSAVI,65536,46495,487.0,46982.0,18554.0,medium,0.7094573974609375,0.0074310302734375,0.283111572265625
6034,6912_7168_7680_7936,MSAVI,65536,43627,2525.0,46152.0,19384.0,medium,0.6656951904296875,0.0385284423828125,0.2957763671875
6035,6912_7168_7936_8192,MSAVI,65536,47401,5039.0,52440.0,13096.0,medium,0.7232818603515625,0.0768890380859375,0.1998291015625
6036,6912_7168_8192_8448,MSAVI,65536,44955,1205.0,46160.0,19376.0,medium,0.6859588623046875,0.0183868408203125,0.295654296875
6037,6912_7168_8448_8704,MSAVI,65536,49666,2897.0,52563.0,12973.0,medium,0.757843017578125,0.0442047119140625,0.1979522705078125
6038,6912_7168_8704_8960,MSAVI,65536,47824,8155.0,55979.0,9557.0,medium,0.729736328125,0.1244354248046875,0.1458282470703125
6039,6912_7168_8960_9216,MSAVI,65536,49942,323.0,50265.0,15271.0,medium,0.762054443359375,0.0049285888671875,0.2330169677734375
6040,6912_7168_9216_9472,MSAVI,65536,44872,828.0,45700.0,19836.0,medium,0.6846923828125,0.01263427734375,0.30267333984375
6041,6912_7168_9472_9728,MSAVI,65536,41448,824.0,42272.0,23264.0,medium,0.6324462890625,0.0125732421875,0.35498046875
6042,6912_7168_9728_9984,MSAVI,65536,39518,3260.0,42778.0,22758.0,medium,0.602996826171875,0.04974365234375,0.347259521484375
6043,6912_7168_9984_10240,MSAVI,65536,43571,2243.0,45814.0,19722.0,medium,0.6648406982421875,0.0342254638671875,0.300933837890625
6044,6912_7168_10240_10496,MSAVI,65536,40228,3847.0,44075.0,21461.0,medium,0.61383056640625,0.0587005615234375,0.3274688720703125
6045,6912_7168_10496_10752,MSAVI,65536,42795,1481.0,44276.0,21260.0,medium,0.6529998779296875,0.0225982666015625,0.32440185546875
6046,6912_7168_10752_11008,MSAVI,65536,43706,514.0,44220.0,21316.0,medium,0.666900634765625,0.007843017578125,0.32525634765625
6047,6912_7168_11008_11264,MSAVI,65536,44405,0.0,44405.0,21131.0,medium,0.6775665283203125,0.0,0.3224334716796875
6048,7168_7424_1280_1536,MSAVI,65536,53412,1862.0,55274.0,10262.0,medium,0.81500244140625,0.028411865234375,0.156585693359375
6049,7168_7424_1536_1792,MSAVI,65536,55670,4785.0,60455.0,5081.0,medium,0.849456787109375,0.0730133056640625,0.0775299072265625
6050,7168_7424_1792_2048,MSAVI,65536,51188,950.0,52138.0,13398.0,medium,0.78106689453125,0.014495849609375,0.204437255859375
6051,7168_7424_2048_2304,MSAVI,65536,45852,2255.0,48107.0,17429.0,medium,0.69964599609375,0.0344085693359375,0.2659454345703125
6052,7168_7424_2304_2560,MSAVI,65536,46434,46.0,46480.0,19056.0,medium,0.708526611328125,0.000701904296875,0.290771484375
6053,7168_7424_2560_2816,MSAVI,65536,46167,46.0,46213.0,19323.0,medium,0.7044525146484375,0.000701904296875,0.2948455810546875
6054,7168_7424_2816_3072,MSAVI,65536,47500,4777.0,52277.0,13259.0,medium,0.72479248046875,0.0728912353515625,0.2023162841796875
6055,7168_7424_3072_3328,MSAVI,65536,41911,2828.0,44739.0,20797.0,medium,0.6395111083984375,0.04315185546875,0.3173370361328125
6056,7168_7424_3328_3584,MSAVI,65536,44643,253.0,44896.0,20640.0,medium,0.6811981201171875,0.0038604736328125,0.31494140625
6057,7168_7424_3584_3840,MSAVI,65536,43097,6528.0,49625.0,15911.0,medium,0.6576080322265625,0.099609375,0.2427825927734375
6058,7168_7424_3840_4096,MSAVI,65536,48095,818.0,48913.0,16623.0,medium,0.7338714599609375,0.012481689453125,0.2536468505859375
6059,7168_7424_4096_4352,MSAVI,65536,49027,163.0,49190.0,16346.0,medium,0.7480926513671875,0.0024871826171875,0.249420166015625
6060,7168_7424_4352_4608,MSAVI,65536,46769,7008.0,53777.0,11759.0,medium,0.7136383056640625,0.10693359375,0.1794281005859375
6061,7168_7424_4608_4864,MSAVI,65536,46783,1969.0,48752.0,16784.0,medium,0.7138519287109375,0.0300445556640625,0.256103515625
6062,7168_7424_4864_5120,MSAVI,65536,44816,2694.0,47510.0,18026.0,medium,0.683837890625,0.041107177734375,0.275054931640625
6063,7168_7424_5120_5376,MSAVI,65536,46627,3720.0,50347.0,15189.0,medium,0.7114715576171875,0.0567626953125,0.2317657470703125
6064,7168_7424_5376_5632,MSAVI,65536,46509,4107.0,50616.0,14920.0,medium,0.7096710205078125,0.0626678466796875,0.2276611328125
6065,7168_7424_5632_5888,MSAVI,65536,39796,6744.0,46540.0,18996.0,medium,0.60723876953125,0.1029052734375,0.28985595703125
6066,7168_7424_5888_6144,MSAVI,65536,40479,3744.0,44223.0,21313.0,medium,0.6176605224609375,0.05712890625,0.3252105712890625
6067,7168_7424_6144_6400,MSAVI,65536,40024,4203.0,44227.0,21309.0,medium,0.6107177734375,0.0641326904296875,0.3251495361328125
6068,7168_7424_6400_6656,MSAVI,65536,46581,4288.0,50869.0,14667.0,medium,0.7107696533203125,0.0654296875,0.2238006591796875
6069,7168_7424_6656_6912,MSAVI,65536,47476,1781.0,49257.0,16279.0,medium,0.72442626953125,0.0271759033203125,0.2483978271484375
6070,7168_7424_6912_7168,MSAVI,65536,49106,480.0,49586.0,15950.0,medium,0.749298095703125,0.00732421875,0.243377685546875
6071,7168_7424_7168_7424,MSAVI,65536,52822,122.0,52944.0,12592.0,medium,0.805999755859375,0.001861572265625,0.192138671875
6072,7168_7424_7424_7680,MSAVI,65536,50221,1771.0,51992.0,13544.0,medium,0.7663116455078125,0.0270233154296875,0.2066650390625
6073,7168_7424_7680_7936,MSAVI,65536,50970,997.0,51967.0,13569.0,medium,0.777740478515625,0.0152130126953125,0.2070465087890625
6074,7168_7424_7936_8192,MSAVI,65536,47524,8156.0,55680.0,9856.0,medium,0.72515869140625,0.12445068359375,0.150390625
6075,7168_7424_8192_8448,MSAVI,65536,47472,571.0,48043.0,17493.0,medium,0.724365234375,0.0087127685546875,0.2669219970703125
6076,7168_7424_8448_8704,MSAVI,65536,48990,606.0,49596.0,15940.0,medium,0.747528076171875,0.009246826171875,0.24322509765625
6077,7168_7424_8704_8960,MSAVI,65536,49141,59.0,49200.0,16336.0,medium,0.7498321533203125,0.0009002685546875,0.249267578125
6078,7168_7424_8960_9216,MSAVI,65536,51329,355.0,51684.0,13852.0,medium,0.7832183837890625,0.0054168701171875,0.21136474609375
6079,7168_7424_9216_9472,MSAVI,65536,44811,526.0,45337.0,20199.0,medium,0.6837615966796875,0.008026123046875,0.3082122802734375
6080,7168_7424_9472_9728,MSAVI,65536,45597,3153.0,48750.0,16786.0,medium,0.6957550048828125,0.0481109619140625,0.256134033203125
6081,7168_7424_9728_9984,MSAVI,65536,41712,10750.0,52462.0,13074.0,medium,0.636474609375,0.164031982421875,0.199493408203125
6082,7168_7424_9984_10240,MSAVI,65536,39174,6390.0,45564.0,19972.0,medium,0.597747802734375,0.097503662109375,0.30474853515625
6083,7168_7424_10240_10496,MSAVI,65536,39040,2621.0,41661.0,23875.0,medium,0.595703125,0.0399932861328125,0.3643035888671875
6084,7168_7424_10496_10752,MSAVI,65536,41050,1184.0,42234.0,23302.0,medium,0.626373291015625,0.01806640625,0.355560302734375
6085,7168_7424_10752_11008,MSAVI,65536,40946,912.0,41858.0,23678.0,medium,0.624786376953125,0.013916015625,0.361297607421875
6086,7168_7424_11008_11264,MSAVI,65536,42650,2841.0,45491.0,20045.0,medium,0.650787353515625,0.0433502197265625,0.3058624267578125
6087,7168_7424_11264_11520,MSAVI,65536,43796,7158.0,50954.0,14582.0,medium,0.66827392578125,0.109222412109375,0.222503662109375
6088,7424_7680_1536_1792,MSAVI,65536,46391,11240.0,57631.0,7905.0,medium,0.7078704833984375,0.1715087890625,0.1206207275390625
6089,7424_7680_1792_2048,MSAVI,65536,44743,1386.0,46129.0,19407.0,medium,0.6827239990234375,0.021148681640625,0.2961273193359375
6090,7424_7680_2048_2304,MSAVI,65536,43172,2504.0,45676.0,19860.0,medium,0.65875244140625,0.0382080078125,0.30303955078125
6091,7424_7680_2304_2560,MSAVI,65536,50211,2151.0,52362.0,13174.0,medium,0.7661590576171875,0.0328216552734375,0.201019287109375
6092,7424_7680_2560_2816,MSAVI,65536,44840,3696.0,48536.0,17000.0,medium,0.6842041015625,0.056396484375,0.2593994140625
6093,7424_7680_2816_3072,MSAVI,65536,44129,865.0,44994.0,20542.0,medium,0.6733551025390625,0.0131988525390625,0.313446044921875
6094,7424_7680_3072_3328,MSAVI,65536,47767,4927.0,52694.0,12842.0,medium,0.7288665771484375,0.0751800537109375,0.195953369140625
6095,7424_7680_3328_3584,MSAVI,65536,42317,7048.0,49365.0,16171.0,medium,0.6457061767578125,0.1075439453125,0.2467498779296875
6096,7424_7680_3584_3840,MSAVI,65536,42460,5041.0,47501.0,18035.0,medium,0.64788818359375,0.0769195556640625,0.2751922607421875
6097,7424_7680_3840_4096,MSAVI,65536,47752,2708.0,50460.0,15076.0,medium,0.7286376953125,0.04132080078125,0.23004150390625
6098,7424_7680_4096_4352,MSAVI,65536,52671,576.0,53247.0,12289.0,medium,0.8036956787109375,0.0087890625,0.1875152587890625
6099,7424_7680_4352_4608,MSAVI,65536,46832,2002.0,48834.0,16702.0,medium,0.714599609375,0.030548095703125,0.254852294921875
6100,7424_7680_4608_4864,MSAVI,65536,46273,1608.0,47881.0,17655.0,medium,0.7060699462890625,0.0245361328125,0.2693939208984375
6101,7424_7680_4864_5120,MSAVI,65536,48376,231.0,48607.0,16929.0,medium,0.7381591796875,0.0035247802734375,0.2583160400390625
6102,7424_7680_5120_5376,MSAVI,65536,43467,4190.0,47657.0,17879.0,medium,0.6632537841796875,0.063934326171875,0.2728118896484375
6103,7424_7680_5376_5632,MSAVI,65536,43835,7629.0,51464.0,14072.0,medium,0.6688690185546875,0.1164093017578125,0.2147216796875
6104,7424_7680_5632_5888,MSAVI,65536,39299,7099.0,46398.0,19138.0,medium,0.5996551513671875,0.1083221435546875,0.292022705078125
6105,7424_7680_5888_6144,MSAVI,65536,37439,5940.0,43379.0,22157.0,medium,0.5712738037109375,0.09063720703125,0.3380889892578125
6106,7424_7680_6144_6400,MSAVI,65536,42670,1241.0,43911.0,21625.0,medium,0.651092529296875,0.0189361572265625,0.3299713134765625
6107,7424_7680_6400_6656,MSAVI,65536,45130,2709.0,47839.0,17697.0,medium,0.688629150390625,0.0413360595703125,0.2700347900390625
6108,7424_7680_6656_6912,MSAVI,65536,46215,4767.0,50982.0,14554.0,medium,0.7051849365234375,0.0727386474609375,0.222076416015625
6109,7424_7680_6912_7168,MSAVI,65536,45841,0.0,45841.0,19695.0,medium,0.6994781494140625,0.0,0.3005218505859375
6110,7424_7680_7168_7424,MSAVI,65536,53427,359.0,53786.0,11750.0,medium,0.8152313232421875,0.0054779052734375,0.179290771484375
6111,7424_7680_7424_7680,MSAVI,65536,49640,1763.0,51403.0,14133.0,medium,0.7574462890625,0.0269012451171875,0.2156524658203125
6112,7424_7680_7680_7936,MSAVI,65536,48463,2911.0,51374.0,14162.0,medium,0.7394866943359375,0.0444183349609375,0.216094970703125
6113,7424_7680_7936_8192,MSAVI,65536,53162,3119.0,56281.0,9255.0,medium,0.811187744140625,0.0475921630859375,0.1412200927734375
6114,7424_7680_8192_8448,MSAVI,65536,41453,3367.0,44820.0,20716.0,medium,0.6325225830078125,0.0513763427734375,0.31610107421875
6115,7424_7680_8448_8704,MSAVI,65536,46208,1573.0,47781.0,17755.0,medium,0.705078125,0.0240020751953125,0.2709197998046875
6116,7424_7680_8704_8960,MSAVI,65536,47346,483.0,47829.0,17707.0,medium,0.722442626953125,0.0073699951171875,0.2701873779296875
6117,7424_7680_8960_9216,MSAVI,65536,49202,2907.0,52109.0,13427.0,medium,0.750762939453125,0.0443572998046875,0.2048797607421875
6118,7424_7680_9216_9472,MSAVI,65536,46095,1542.0,47637.0,17899.0,medium,0.7033538818359375,0.023529052734375,0.2731170654296875
6119,7424_7680_9472_9728,MSAVI,65536,43302,3535.0,46837.0,18699.0,medium,0.660736083984375,0.0539398193359375,0.2853240966796875
6120,7424_7680_9728_9984,MSAVI,65536,48319,7059.0,55378.0,10158.0,medium,0.7372894287109375,0.1077117919921875,0.154998779296875
6121,7424_7680_9984_10240,MSAVI,65536,44132,6234.0,50366.0,15170.0,medium,0.67340087890625,0.095123291015625,0.231475830078125
6122,7424_7680_10240_10496,MSAVI,65536,40654,2761.0,43415.0,22121.0,medium,0.620330810546875,0.0421295166015625,0.3375396728515625
6123,7424_7680_10496_10752,MSAVI,65536,39885,3369.0,43254.0,22282.0,medium,0.6085968017578125,0.0514068603515625,0.339996337890625
6124,7424_7680_10752_11008,MSAVI,65536,40975,3978.0,44953.0,20583.0,medium,0.6252288818359375,0.060699462890625,0.3140716552734375
6125,7424_7680_11008_11264,MSAVI,65536,42857,3613.0,46470.0,19066.0,medium,0.6539459228515625,0.0551300048828125,0.290924072265625
6126,7424_7680_11264_11520,MSAVI,65536,41303,6618.0,47921.0,17615.0,medium,0.6302337646484375,0.100982666015625,0.2687835693359375
6127,7680_7936_1536_1792,MSAVI,65536,43664,8640.0,52304.0,13232.0,medium,0.666259765625,0.1318359375,0.201904296875
6128,7680_7936_1792_2048,MSAVI,65536,44929,4516.0,49445.0,16091.0,medium,0.6855621337890625,0.06890869140625,0.2455291748046875
6129,7680_7936_2048_2304,MSAVI,65536,42392,3235.0,45627.0,19909.0,medium,0.6468505859375,0.0493621826171875,0.3037872314453125
6130,7680_7936_2304_2560,MSAVI,65536,46931,2608.0,49539.0,15997.0,medium,0.7161102294921875,0.039794921875,0.2440948486328125
6131,7680_7936_2560_2816,MSAVI,65536,46967,4280.0,51247.0,14289.0,medium,0.7166595458984375,0.0653076171875,0.2180328369140625
6132,7680_7936_2816_3072,MSAVI,65536,44426,2522.0,46948.0,18588.0,medium,0.677886962890625,0.038482666015625,0.28363037109375
6133,7680_7936_3072_3328,MSAVI,65536,41337,3205.0,44542.0,20994.0,medium,0.6307525634765625,0.0489044189453125,0.320343017578125
6134,7680_7936_3328_3584,MSAVI,65536,45708,4702.0,50410.0,15126.0,medium,0.69744873046875,0.071746826171875,0.230804443359375
6135,7680_7936_3584_3840,MSAVI,65536,44790,2140.0,46930.0,18606.0,medium,0.683441162109375,0.03265380859375,0.283905029296875
6136,7680_7936_3840_4096,MSAVI,65536,45861,3980.0,49841.0,15695.0,medium,0.6997833251953125,0.06072998046875,0.2394866943359375
6137,7680_7936_4096_4352,MSAVI,65536,52667,2487.0,55154.0,10382.0,medium,0.8036346435546875,0.0379486083984375,0.158416748046875
6138,7680_7936_4352_4608,MSAVI,65536,47809,3009.0,50818.0,14718.0,medium,0.7295074462890625,0.0459136962890625,0.224578857421875
6139,7680_7936_4608_4864,MSAVI,65536,46032,7069.0,53101.0,12435.0,medium,0.702392578125,0.1078643798828125,0.1897430419921875
6140,7680_7936_4864_5120,MSAVI,65536,44241,6215.0,50456.0,15080.0,medium,0.6750640869140625,0.0948333740234375,0.2301025390625
6141,7680_7936_5120_5376,MSAVI,65536,44485,3241.0,47726.0,17810.0,medium,0.6787872314453125,0.0494537353515625,0.271759033203125
6142,7680_7936_5376_5632,MSAVI,65536,41933,1417.0,43350.0,22186.0,medium,0.6398468017578125,0.0216217041015625,0.338531494140625
6143,7680_7936_5632_5888,MSAVI,65536,38052,16807.0,54859.0,10677.0,medium,0.58062744140625,0.2564544677734375,0.1629180908203125
6144,7680_7936_5888_6144,MSAVI,65536,42808,12560.0,55368.0,10168.0,medium,0.6531982421875,0.191650390625,0.1551513671875
6145,7680_7936_6144_6400,MSAVI,65536,42903,3005.0,45908.0,19628.0,medium,0.6546478271484375,0.0458526611328125,0.29949951171875
6146,7680_7936_6400_6656,MSAVI,65536,42959,180.0,43139.0,22397.0,medium,0.6555023193359375,0.00274658203125,0.3417510986328125
6147,7680_7936_6656_6912,MSAVI,65536,46997,5014.0,52011.0,13525.0,medium,0.7171173095703125,0.076507568359375,0.2063751220703125
6148,7680_7936_6912_7168,MSAVI,65536,51032,4496.0,55528.0,10008.0,medium,0.7786865234375,0.068603515625,0.1527099609375
6149,7680_7936_7168_7424,MSAVI,65536,49775,2282.0,52057.0,13479.0,medium,0.7595062255859375,0.034820556640625,0.2056732177734375
6150,7680_7936_7424_7680,MSAVI,65536,52552,1645.0,54197.0,11339.0,medium,0.8018798828125,0.0251007080078125,0.1730194091796875
6151,7680_7936_7680_7936,MSAVI,65536,45546,7068.0,52614.0,12922.0,medium,0.694976806640625,0.10784912109375,0.197174072265625
6152,7680_7936_7936_8192,MSAVI,65536,51197,2948.0,54145.0,11391.0,medium,0.7812042236328125,0.04498291015625,0.1738128662109375
6153,7680_7936_8192_8448,MSAVI,65536,42848,1321.0,44169.0,21367.0,medium,0.65380859375,0.0201568603515625,0.3260345458984375
6154,7680_7936_8448_8704,MSAVI,65536,45509,2511.0,48020.0,17516.0,medium,0.6944122314453125,0.0383148193359375,0.26727294921875
6155,7680_7936_8704_8960,MSAVI,65536,47375,424.0,47799.0,17737.0,medium,0.7228851318359375,0.0064697265625,0.2706451416015625
6156,7680_7936_8960_9216,MSAVI,65536,46986,114.0,47100.0,18436.0,medium,0.716949462890625,0.001739501953125,0.28131103515625
6157,7680_7936_9216_9472,MSAVI,65536,44093,4427.0,48520.0,17016.0,medium,0.6728057861328125,0.0675506591796875,0.2596435546875
6158,7680_7936_9472_9728,MSAVI,65536,47134,1845.0,48979.0,16557.0,medium,0.719207763671875,0.0281524658203125,0.2526397705078125
6159,7680_7936_9728_9984,MSAVI,65536,51134,2905.0,54039.0,11497.0,medium,0.780242919921875,0.0443267822265625,0.1754302978515625
6160,7680_7936_9984_10240,MSAVI,65536,49444,2155.0,51599.0,13937.0,medium,0.75445556640625,0.0328826904296875,0.2126617431640625
6161,7680_7936_10240_10496,MSAVI,65536,47189,1785.0,48974.0,16562.0,medium,0.7200469970703125,0.0272369384765625,0.252716064453125
6162,7680_7936_10496_10752,MSAVI,65536,39473,5960.0,45433.0,20103.0,medium,0.6023101806640625,0.0909423828125,0.3067474365234375
6163,7680_7936_10752_11008,MSAVI,65536,45766,8001.0,53767.0,11769.0,medium,0.698333740234375,0.1220855712890625,0.1795806884765625
6164,7680_7936_11008_11264,MSAVI,65536,38444,9670.0,48114.0,17422.0,medium,0.58660888671875,0.147552490234375,0.265838623046875
6165,7680_7936_11264_11520,MSAVI,65536,42481,491.0,42972.0,22564.0,medium,0.6482086181640625,0.0074920654296875,0.34429931640625
6166,7680_7936_11520_11776,MSAVI,65536,41108,722.0,41830.0,23706.0,medium,0.62725830078125,0.011016845703125,0.361724853515625
6167,7936_8192_1792_2048,MSAVI,65536,41099,16104.0,57203.0,8333.0,medium,0.6271209716796875,0.2457275390625,0.1271514892578125
6168,7936_8192_2048_2304,MSAVI,65536,44049,10137.0,54186.0,11350.0,medium,0.6721343994140625,0.1546783447265625,0.173187255859375
6169,7936_8192_2304_2560,MSAVI,65536,48909,992.0,49901.0,15635.0,medium,0.7462921142578125,0.01513671875,0.2385711669921875
6170,7936_8192_2560_2816,MSAVI,65536,48168,1475.0,49643.0,15893.0,medium,0.7349853515625,0.0225067138671875,0.2425079345703125
6171,7936_8192_2816_3072,MSAVI,65536,52211,2291.0,54502.0,11034.0,medium,0.7966766357421875,0.0349578857421875,0.168365478515625
6172,7936_8192_3072_3328,MSAVI,65536,42575,10903.0,53478.0,12058.0,medium,0.6496429443359375,0.1663665771484375,0.183990478515625
6173,7936_8192_3328_3584,MSAVI,65536,43410,3679.0,47089.0,18447.0,medium,0.662384033203125,0.0561370849609375,0.2814788818359375
6174,7936_8192_3584_3840,MSAVI,65536,42420,2631.0,45051.0,20485.0,medium,0.64727783203125,0.0401458740234375,0.3125762939453125
6175,7936_8192_3840_4096,MSAVI,65536,44923,2931.0,47854.0,17682.0,medium,0.6854705810546875,0.0447235107421875,0.269805908203125
6176,7936_8192_4096_4352,MSAVI,65536,44636,13904.0,58540.0,6996.0,medium,0.68109130859375,0.212158203125,0.10675048828125
6177,7936_8192_4352_4608,MSAVI,65536,45312,2904.0,48216.0,17320.0,medium,0.69140625,0.0443115234375,0.2642822265625
6178,7936_8192_4608_4864,MSAVI,65536,53252,8353.0,61605.0,3931.0,medium,0.81256103515625,0.1274566650390625,0.0599822998046875
6179,7936_8192_4864_5120,MSAVI,65536,46373,5903.0,52276.0,13260.0,medium,0.7075958251953125,0.0900726318359375,0.20233154296875
6180,7936_8192_5120_5376,MSAVI,65536,44068,1030.0,45098.0,20438.0,medium,0.67242431640625,0.015716552734375,0.311859130859375
6181,7936_8192_5376_5632,MSAVI,65536,43098,2841.0,45939.0,19597.0,medium,0.657623291015625,0.0433502197265625,0.2990264892578125
6182,7936_8192_5632_5888,MSAVI,65536,40867,1982.0,42849.0,22687.0,medium,0.6235809326171875,0.030242919921875,0.3461761474609375
6183,7936_8192_5888_6144,MSAVI,65536,40660,11527.0,52187.0,13349.0,medium,0.62042236328125,0.1758880615234375,0.2036895751953125
6184,7936_8192_6144_6400,MSAVI,65536,40373,2486.0,42859.0,22677.0,medium,0.6160430908203125,0.037933349609375,0.3460235595703125
6185,7936_8192_6400_6656,MSAVI,65536,44442,161.0,44603.0,20933.0,medium,0.678131103515625,0.0024566650390625,0.3194122314453125
6186,7936_8192_6656_6912,MSAVI,65536,45576,4710.0,50286.0,15250.0,medium,0.6954345703125,0.071868896484375,0.232696533203125
6187,7936_8192_6912_7168,MSAVI,65536,48755,5495.0,54250.0,11286.0,medium,0.7439422607421875,0.0838470458984375,0.172210693359375
6188,7936_8192_7168_7424,MSAVI,65536,49591,1339.0,50930.0,14606.0,medium,0.7566986083984375,0.0204315185546875,0.222869873046875
6189,7936_8192_7424_7680,MSAVI,65536,50324,5701.0,56025.0,9511.0,medium,0.76788330078125,0.0869903564453125,0.1451263427734375
6190,7936_8192_7680_7936,MSAVI,65536,46849,5924.0,52773.0,12763.0,medium,0.7148590087890625,0.09039306640625,0.1947479248046875
6191,7936_8192_7936_8192,MSAVI,65536,44194,4701.0,48895.0,16641.0,medium,0.674346923828125,0.0717315673828125,0.2539215087890625
6192,7936_8192_8192_8448,MSAVI,65536,42197,1841.0,44038.0,21498.0,medium,0.6438751220703125,0.0280914306640625,0.328033447265625
6193,7936_8192_8448_8704,MSAVI,65536,46279,5157.0,51436.0,14100.0,medium,0.7061614990234375,0.0786895751953125,0.21514892578125
6194,7936_8192_8704_8960,MSAVI,65536,46698,666.0,47364.0,18172.0,medium,0.712554931640625,0.010162353515625,0.27728271484375
6195,7936_8192_8960_9216,MSAVI,65536,48577,188.0,48765.0,16771.0,medium,0.7412261962890625,0.00286865234375,0.2559051513671875
6196,7936_8192_9216_9472,MSAVI,65536,50204,776.0,50980.0,14556.0,medium,0.76605224609375,0.0118408203125,0.22210693359375
6197,7936_8192_9472_9728,MSAVI,65536,49059,843.0,49902.0,15634.0,medium,0.7485809326171875,0.0128631591796875,0.238555908203125
6198,7936_8192_9728_9984,MSAVI,65536,47390,1397.0,48787.0,16749.0,medium,0.723114013671875,0.0213165283203125,0.2555694580078125
6199,7936_8192_9984_10240,MSAVI,65536,51705,60.0,51765.0,13771.0,medium,0.7889556884765625,0.00091552734375,0.2101287841796875
6200,7936_8192_10240_10496,MSAVI,65536,40559,6280.0,46839.0,18697.0,medium,0.6188812255859375,0.0958251953125,0.2852935791015625
6201,7936_8192_10496_10752,MSAVI,65536,41159,5390.0,46549.0,18987.0,medium,0.6280364990234375,0.082244873046875,0.2897186279296875
6202,7936_8192_10752_11008,MSAVI,65536,40143,7125.0,47268.0,18268.0,medium,0.6125335693359375,0.1087188720703125,0.27874755859375
6203,7936_8192_11008_11264,MSAVI,65536,38310,4266.0,42576.0,22960.0,medium,0.584564208984375,0.065093994140625,0.350341796875
6204,7936_8192_11264_11520,MSAVI,65536,39538,2069.0,41607.0,23929.0,medium,0.603302001953125,0.0315704345703125,0.3651275634765625
6205,7936_8192_11520_11776,MSAVI,65536,41230,1374.0,42604.0,22932.0,medium,0.629119873046875,0.020965576171875,0.34991455078125
6206,8192_8448_1792_2048,MSAVI,65536,41620,9154.0,50774.0,14762.0,medium,0.63507080078125,0.139678955078125,0.225250244140625
6207,8192_8448_2048_2304,MSAVI,65536,43775,7899.0,51674.0,13862.0,medium,0.6679534912109375,0.1205291748046875,0.211517333984375
6208,8192_8448_2304_2560,MSAVI,65536,45923,1622.0,47545.0,17991.0,medium,0.7007293701171875,0.024749755859375,0.2745208740234375
6209,8192_8448_2560_2816,MSAVI,65536,50000,1745.0,51745.0,13791.0,medium,0.762939453125,0.0266265869140625,0.2104339599609375
6210,8192_8448_2816_3072,MSAVI,65536,53520,2129.0,55649.0,9887.0,medium,0.816650390625,0.0324859619140625,0.1508636474609375
6211,8192_8448_3072_3328,MSAVI,65536,45616,1272.0,46888.0,18648.0,medium,0.696044921875,0.0194091796875,0.2845458984375
6212,8192_8448_3328_3584,MSAVI,65536,44808,3314.0,48122.0,17414.0,medium,0.6837158203125,0.050567626953125,0.265716552734375
6213,8192_8448_3584_3840,MSAVI,65536,45115,6263.0,51378.0,14158.0,medium,0.6884002685546875,0.0955657958984375,0.216033935546875
6214,8192_8448_3840_4096,MSAVI,65536,48475,5376.0,53851.0,11685.0,medium,0.7396697998046875,0.08203125,0.1782989501953125
6215,8192_8448_4096_4352,MSAVI,65536,51275,4910.0,56185.0,9351.0,medium,0.7823944091796875,0.074920654296875,0.1426849365234375
6216,8192_8448_4352_4608,MSAVI,65536,47779,1883.0,49662.0,15874.0,medium,0.7290496826171875,0.0287322998046875,0.242218017578125
6217,8192_8448_4608_4864,MSAVI,65536,44496,5710.0,50206.0,15330.0,medium,0.678955078125,0.087127685546875,0.233917236328125
6218,8192_8448_4864_5120,MSAVI,65536,48296,5146.0,53442.0,12094.0,medium,0.7369384765625,0.078521728515625,0.184539794921875
6219,8192_8448_5120_5376,MSAVI,65536,53062,316.0,53378.0,12158.0,medium,0.809661865234375,0.00482177734375,0.185516357421875
6220,8192_8448_5376_5632,MSAVI,65536,45701,1033.0,46734.0,18802.0,medium,0.6973419189453125,0.0157623291015625,0.286895751953125
6221,8192_8448_5632_5888,MSAVI,65536,39978,681.0,40659.0,24877.0,medium,0.610015869140625,0.0103912353515625,0.3795928955078125
6222,8192_8448_5888_6144,MSAVI,65536,42008,4102.0,46110.0,19426.0,medium,0.6409912109375,0.062591552734375,0.296417236328125
6223,8192_8448_6144_6400,MSAVI,65536,42124,13249.0,55373.0,10163.0,medium,0.64276123046875,0.2021636962890625,0.1550750732421875
6224,8192_8448_6400_6656,MSAVI,65536,41128,1728.0,42856.0,22680.0,medium,0.6275634765625,0.0263671875,0.3460693359375
6225,8192_8448_6656_6912,MSAVI,65536,43689,377.0,44066.0,21470.0,medium,0.6666412353515625,0.0057525634765625,0.327606201171875
6226,8192_8448_6912_7168,MSAVI,65536,45138,977.0,46115.0,19421.0,medium,0.688751220703125,0.0149078369140625,0.2963409423828125
6227,8192_8448_7168_7424,MSAVI,65536,50422,117.0,50539.0,14997.0,medium,0.769378662109375,0.0017852783203125,0.2288360595703125
6228,8192_8448_7424_7680,MSAVI,65536,50980,489.0,51469.0,14067.0,medium,0.77789306640625,0.0074615478515625,0.2146453857421875
6229,8192_8448_7680_7936,MSAVI,65536,47757,5599.0,53356.0,12180.0,medium,0.7287139892578125,0.0854339599609375,0.18585205078125
6230,8192_8448_7936_8192,MSAVI,65536,44899,1341.0,46240.0,19296.0,medium,0.6851043701171875,0.0204620361328125,0.29443359375
6231,8192_8448_8192_8448,MSAVI,65536,43692,1884.0,45576.0,19960.0,medium,0.66668701171875,0.02874755859375,0.3045654296875
6232,8192_8448_8448_8704,MSAVI,65536,45577,16303.0,61880.0,3656.0,medium,0.6954498291015625,0.2487640380859375,0.0557861328125
6233,8192_8448_8704_8960,MSAVI,65536,42031,952.0,42983.0,22553.0,medium,0.6413421630859375,0.0145263671875,0.3441314697265625
6234,8192_8448_8960_9216,MSAVI,65536,51045,0.0,51045.0,14491.0,medium,0.7788848876953125,0.0,0.2211151123046875
6235,8192_8448_9216_9472,MSAVI,65536,45153,4136.0,49289.0,16247.0,medium,0.6889801025390625,0.0631103515625,0.2479095458984375
6236,8192_8448_9472_9728,MSAVI,65536,46393,2501.0,48894.0,16642.0,medium,0.7079010009765625,0.0381622314453125,0.253936767578125
6237,8192_8448_9728_9984,MSAVI,65536,46447,1811.0,48258.0,17278.0,medium,0.7087249755859375,0.0276336669921875,0.263641357421875
6238,8192_8448_9984_10240,MSAVI,65536,43458,7324.0,50782.0,14754.0,medium,0.663116455078125,0.11175537109375,0.225128173828125
6239,8192_8448_10240_10496,MSAVI,65536,47440,2188.0,49628.0,15908.0,medium,0.723876953125,0.03338623046875,0.24273681640625
6240,8192_8448_10496_10752,MSAVI,65536,47368,540.0,47908.0,17628.0,medium,0.7227783203125,0.00823974609375,0.26898193359375
6241,8192_8448_10752_11008,MSAVI,65536,46493,2379.0,48872.0,16664.0,medium,0.7094268798828125,0.0363006591796875,0.2542724609375
6242,8192_8448_11008_11264,MSAVI,65536,39824,3359.0,43183.0,22353.0,medium,0.607666015625,0.0512542724609375,0.3410797119140625
6243,8192_8448_11264_11520,MSAVI,65536,39638,2772.0,42410.0,23126.0,medium,0.604827880859375,0.04229736328125,0.352874755859375
6244,8448_8704_2048_2304,MSAVI,65536,46648,3024.0,49672.0,15864.0,medium,0.7117919921875,0.046142578125,0.2420654296875
6245,8448_8704_2304_2560,MSAVI,65536,43399,5145.0,48544.0,16992.0,medium,0.6622161865234375,0.0785064697265625,0.25927734375
6246,8448_8704_2560_2816,MSAVI,65536,43561,4465.0,48026.0,17510.0,medium,0.6646881103515625,0.0681304931640625,0.267181396484375
6247,8448_8704_2816_3072,MSAVI,65536,51041,2974.0,54015.0,11521.0,medium,0.7788238525390625,0.045379638671875,0.1757965087890625
6248,8448_8704_3072_3328,MSAVI,65536,51661,365.0,52026.0,13510.0,medium,0.7882843017578125,0.0055694580078125,0.206146240234375
6249,8448_8704_3328_3584,MSAVI,65536,48738,769.0,49507.0,16029.0,medium,0.743682861328125,0.0117340087890625,0.2445831298828125
6250,8448_8704_3584_3840,MSAVI,65536,42481,4172.0,46653.0,18883.0,medium,0.6482086181640625,0.06365966796875,0.2881317138671875
6251,8448_8704_3840_4096,MSAVI,65536,44215,3815.0,48030.0,17506.0,medium,0.6746673583984375,0.0582122802734375,0.267120361328125
6252,8448_8704_4096_4352,MSAVI,65536,47034,4966.0,52000.0,13536.0,medium,0.717681884765625,0.075775146484375,0.20654296875
6253,8448_8704_4352_4608,MSAVI,65536,45136,4457.0,49593.0,15943.0,medium,0.688720703125,0.0680084228515625,0.2432708740234375
6254,8448_8704_4608_4864,MSAVI,65536,48018,4131.0,52149.0,13387.0,medium,0.732696533203125,0.0630340576171875,0.2042694091796875
6255,8448_8704_4864_5120,MSAVI,65536,49797,2468.0,52265.0,13271.0,medium,0.7598419189453125,0.03765869140625,0.2024993896484375
6256,8448_8704_5120_5376,MSAVI,65536,45239,4919.0,50158.0,15378.0,medium,0.6902923583984375,0.0750579833984375,0.234649658203125
6257,8448_8704_5376_5632,MSAVI,65536,50959,1767.0,52726.0,12810.0,medium,0.7775726318359375,0.0269622802734375,0.195465087890625
6258,8448_8704_5632_5888,MSAVI,65536,41985,699.0,42684.0,22852.0,medium,0.6406402587890625,0.0106658935546875,0.34869384765625
6259,8448_8704_5888_6144,MSAVI,65536,43377,4418.0,47795.0,17741.0,medium,0.6618804931640625,0.067413330078125,0.2707061767578125
6260,8448_8704_6144_6400,MSAVI,65536,40327,8608.0,48935.0,16601.0,medium,0.6153411865234375,0.13134765625,0.2533111572265625
6261,8448_8704_6400_6656,MSAVI,65536,44657,4670.0,49327.0,16209.0,medium,0.6814117431640625,0.071258544921875,0.2473297119140625
6262,8448_8704_6656_6912,MSAVI,65536,40911,617.0,41528.0,24008.0,medium,0.6242523193359375,0.0094146728515625,0.3663330078125
6263,8448_8704_6912_7168,MSAVI,65536,46046,2218.0,48264.0,17272.0,medium,0.702606201171875,0.033843994140625,0.2635498046875
6264,8448_8704_7168_7424,MSAVI,65536,50135,1008.0,51143.0,14393.0,medium,0.7649993896484375,0.015380859375,0.2196197509765625
6265,8448_8704_7424_7680,MSAVI,65536,48348,1749.0,50097.0,15439.0,medium,0.73773193359375,0.0266876220703125,0.2355804443359375
6266,8448_8704_7680_7936,MSAVI,65536,45756,5013.0,50769.0,14767.0,medium,0.69818115234375,0.0764923095703125,0.2253265380859375
6267,8448_8704_7936_8192,MSAVI,65536,47327,276.0,47603.0,17933.0,medium,0.7221527099609375,0.00421142578125,0.2736358642578125
6268,8448_8704_8192_8448,MSAVI,65536,47874,92.0,47966.0,17570.0,medium,0.730499267578125,0.00140380859375,0.268096923828125
6269,8448_8704_8448_8704,MSAVI,65536,44090,893.0,44983.0,20553.0,medium,0.672760009765625,0.0136260986328125,0.3136138916015625
6270,8448_8704_8704_8960,MSAVI,65536,43053,1579.0,44632.0,20904.0,medium,0.6569366455078125,0.0240936279296875,0.3189697265625
6271,8448_8704_8960_9216,MSAVI,65536,49011,1783.0,50794.0,14742.0,medium,0.7478485107421875,0.0272064208984375,0.224945068359375
6272,8448_8704_9216_9472,MSAVI,65536,50223,519.0,50742.0,14794.0,medium,0.7663421630859375,0.0079193115234375,0.225738525390625
6273,8448_8704_9472_9728,MSAVI,65536,50685,5485.0,56170.0,9366.0,medium,0.7733917236328125,0.0836944580078125,0.142913818359375
6274,8448_8704_9728_9984,MSAVI,65536,53996,3094.0,57090.0,8446.0,medium,0.82391357421875,0.047210693359375,0.128875732421875
6275,8448_8704_9984_10240,MSAVI,65536,49396,2992.0,52388.0,13148.0,medium,0.75372314453125,0.045654296875,0.20062255859375
6276,8448_8704_10240_10496,MSAVI,65536,52796,847.0,53643.0,11893.0,medium,0.80560302734375,0.0129241943359375,0.1814727783203125
6277,8448_8704_10496_10752,MSAVI,65536,48589,6347.0,54936.0,10600.0,medium,0.7414093017578125,0.0968475341796875,0.1617431640625
6278,8448_8704_10752_11008,MSAVI,65536,49214,5099.0,54313.0,11223.0,medium,0.750946044921875,0.0778045654296875,0.1712493896484375
6279,8448_8704_11008_11264,MSAVI,65536,37993,10082.0,48075.0,17461.0,medium,0.5797271728515625,0.153839111328125,0.2664337158203125
6280,8704_8960_2304_2560,MSAVI,65536,49016,3162.0,52178.0,13358.0,medium,0.7479248046875,0.048248291015625,0.203826904296875
6281,8704_8960_2560_2816,MSAVI,65536,45110,985.0,46095.0,19441.0,medium,0.688323974609375,0.0150299072265625,0.2966461181640625
6282,8704_8960_2816_3072,MSAVI,65536,51108,1922.0,53030.0,12506.0,medium,0.77984619140625,0.029327392578125,0.190826416015625
6283,8704_8960_3072_3328,MSAVI,65536,51194,81.0,51275.0,14261.0,medium,0.781158447265625,0.0012359619140625,0.2176055908203125
6284,8704_8960_3328_3584,MSAVI,65536,49050,559.0,49609.0,15927.0,medium,0.748443603515625,0.0085296630859375,0.2430267333984375
6285,8704_8960_3584_3840,MSAVI,65536,44790,1382.0,46172.0,19364.0,medium,0.683441162109375,0.021087646484375,0.29547119140625
6286,8704_8960_3840_4096,MSAVI,65536,39947,3384.0,43331.0,22205.0,medium,0.6095428466796875,0.0516357421875,0.3388214111328125
6287,8704_8960_4096_4352,MSAVI,65536,45015,3950.0,48965.0,16571.0,medium,0.6868743896484375,0.060272216796875,0.2528533935546875
6288,8704_8960_4352_4608,MSAVI,65536,41934,5725.0,47659.0,17877.0,medium,0.639862060546875,0.0873565673828125,0.2727813720703125
6289,8704_8960_4608_4864,MSAVI,65536,49289,1155.0,50444.0,15092.0,medium,0.7520904541015625,0.0176239013671875,0.23028564453125
6290,8704_8960_4864_5120,MSAVI,65536,44149,5013.0,49162.0,16374.0,medium,0.6736602783203125,0.0764923095703125,0.249847412109375
6291,8704_8960_5120_5376,MSAVI,65536,48750,2850.0,51600.0,13936.0,medium,0.743865966796875,0.043487548828125,0.212646484375
6292,8704_8960_5376_5632,MSAVI,65536,52260,1853.0,54113.0,11423.0,medium,0.79742431640625,0.0282745361328125,0.1743011474609375
6293,8704_8960_5632_5888,MSAVI,65536,45299,605.0,45904.0,19632.0,medium,0.6912078857421875,0.0092315673828125,0.299560546875
6294,8704_8960_5888_6144,MSAVI,65536,41298,1270.0,42568.0,22968.0,medium,0.630157470703125,0.019378662109375,0.3504638671875
6295,8704_8960_6144_6400,MSAVI,65536,44094,970.0,45064.0,20472.0,medium,0.672821044921875,0.014801025390625,0.3123779296875
6296,8704_8960_6400_6656,MSAVI,65536,43443,5224.0,48667.0,16869.0,medium,0.6628875732421875,0.0797119140625,0.2574005126953125
6297,8704_8960_6656_6912,MSAVI,65536,39863,2539.0,42402.0,23134.0,medium,0.6082611083984375,0.0387420654296875,0.352996826171875
6298,8704_8960_6912_7168,MSAVI,65536,40409,2218.0,42627.0,22909.0,medium,0.6165924072265625,0.033843994140625,0.3495635986328125
6299,8704_8960_7168_7424,MSAVI,65536,45873,5484.0,51357.0,14179.0,medium,0.6999664306640625,0.08367919921875,0.2163543701171875
6300,8704_8960_7424_7680,MSAVI,65536,47384,7116.0,54500.0,11036.0,medium,0.7230224609375,0.10858154296875,0.16839599609375
6301,8704_8960_7680_7936,MSAVI,65536,43344,8615.0,51959.0,13577.0,medium,0.661376953125,0.1314544677734375,0.2071685791015625
6302,8704_8960_7936_8192,MSAVI,65536,44981,583.0,45564.0,19972.0,medium,0.6863555908203125,0.0088958740234375,0.30474853515625
6303,8704_8960_8192_8448,MSAVI,65536,50073,603.0,50676.0,14860.0,medium,0.7640533447265625,0.0092010498046875,0.22674560546875
6304,8704_8960_8448_8704,MSAVI,65536,52710,204.0,52914.0,12622.0,medium,0.804290771484375,0.00311279296875,0.192596435546875
6305,8704_8960_8704_8960,MSAVI,65536,46707,885.0,47592.0,17944.0,medium,0.7126922607421875,0.0135040283203125,0.2738037109375
6306,8704_8960_8960_9216,MSAVI,65536,50341,4061.0,54402.0,11134.0,medium,0.7681427001953125,0.0619659423828125,0.169891357421875
6307,8704_8960_9216_9472,MSAVI,65536,49584,2487.0,52071.0,13465.0,medium,0.756591796875,0.0379486083984375,0.2054595947265625
6308,8704_8960_9472_9728,MSAVI,65536,53664,528.0,54192.0,11344.0,medium,0.81884765625,0.008056640625,0.173095703125
6309,8704_8960_9728_9984,MSAVI,65536,49887,302.0,50189.0,15347.0,medium,0.7612152099609375,0.004608154296875,0.2341766357421875
6310,8704_8960_9984_10240,MSAVI,65536,49104,3203.0,52307.0,13229.0,medium,0.749267578125,0.0488739013671875,0.2018585205078125
6311,8704_8960_10240_10496,MSAVI,65536,49675,2685.0,52360.0,13176.0,medium,0.7579803466796875,0.0409698486328125,0.2010498046875
6312,8704_8960_10496_10752,MSAVI,65536,52654,2666.0,55320.0,10216.0,medium,0.803436279296875,0.040679931640625,0.1558837890625
6313,8704_8960_10752_11008,MSAVI,65536,54143,359.0,54502.0,11034.0,medium,0.8261566162109375,0.0054779052734375,0.168365478515625
6314,8960_9216_2304_2560,MSAVI,65536,49779,781.0,50560.0,14976.0,medium,0.7595672607421875,0.0119171142578125,0.228515625
6315,8960_9216_2560_2816,MSAVI,65536,47790,698.0,48488.0,17048.0,medium,0.729217529296875,0.010650634765625,0.2601318359375
6316,8960_9216_2816_3072,MSAVI,65536,46261,737.0,46998.0,18538.0,medium,0.7058868408203125,0.0112457275390625,0.282867431640625
6317,8960_9216_3072_3328,MSAVI,65536,43149,2365.0,45514.0,20022.0,medium,0.6584014892578125,0.0360870361328125,0.305511474609375
6318,8960_9216_3328_3584,MSAVI,65536,54358,1443.0,55801.0,9735.0,medium,0.829437255859375,0.0220184326171875,0.1485443115234375
6319,8960_9216_3584_3840,MSAVI,65536,48060,6066.0,54126.0,11410.0,medium,0.73333740234375,0.092559814453125,0.174102783203125
6320,8960_9216_3840_4096,MSAVI,65536,46615,5895.0,52510.0,13026.0,medium,0.7112884521484375,0.0899505615234375,0.198760986328125
6321,8960_9216_4096_4352,MSAVI,65536,42687,7523.0,50210.0,15326.0,medium,0.6513519287109375,0.1147918701171875,0.233856201171875
6322,8960_9216_4352_4608,MSAVI,65536,48209,1856.0,50065.0,15471.0,medium,0.7356109619140625,0.0283203125,0.2360687255859375
6323,8960_9216_4608_4864,MSAVI,65536,45915,1240.0,47155.0,18381.0,medium,0.7006072998046875,0.0189208984375,0.2804718017578125
6324,8960_9216_4864_5120,MSAVI,65536,43384,5981.0,49365.0,16171.0,medium,0.6619873046875,0.0912628173828125,0.2467498779296875
6325,8960_9216_5120_5376,MSAVI,65536,51485,5498.0,56983.0,8553.0,medium,0.7855987548828125,0.083892822265625,0.1305084228515625
6326,8960_9216_5376_5632,MSAVI,65536,54667,1304.0,55971.0,9565.0,medium,0.8341522216796875,0.0198974609375,0.1459503173828125
6327,8960_9216_5632_5888,MSAVI,65536,45348,96.0,45444.0,20092.0,medium,0.69195556640625,0.00146484375,0.30657958984375
6328,8960_9216_5888_6144,MSAVI,65536,42360,1544.0,43904.0,21632.0,medium,0.6463623046875,0.0235595703125,0.330078125
6329,8960_9216_6144_6400,MSAVI,65536,41491,1916.0,43407.0,22129.0,medium,0.6331024169921875,0.02923583984375,0.3376617431640625
6330,8960_9216_6400_6656,MSAVI,65536,35981,10214.0,46195.0,19341.0,medium,0.5490264892578125,0.155853271484375,0.2951202392578125
6331,8960_9216_6656_6912,MSAVI,65536,39367,12185.0,51552.0,13984.0,medium,0.6006927490234375,0.1859283447265625,0.21337890625
6332,8960_9216_6912_7168,MSAVI,65536,39145,1270.0,40415.0,25121.0,medium,0.5973052978515625,0.019378662109375,0.3833160400390625
6333,8960_9216_7168_7424,MSAVI,65536,41942,467.0,42409.0,23127.0,medium,0.639984130859375,0.0071258544921875,0.3528900146484375
6334,8960_9216_7424_7680,MSAVI,65536,43556,7861.0,51417.0,14119.0,medium,0.66461181640625,0.1199493408203125,0.2154388427734375
6335,8960_9216_7680_7936,MSAVI,65536,47717,6942.0,54659.0,10877.0,medium,0.7281036376953125,0.105926513671875,0.1659698486328125
6336,8960_9216_7936_8192,MSAVI,65536,47002,1751.0,48753.0,16783.0,medium,0.717193603515625,0.0267181396484375,0.2560882568359375
6337,8960_9216_8192_8448,MSAVI,65536,48845,1372.0,50217.0,15319.0,medium,0.7453155517578125,0.02093505859375,0.2337493896484375
6338,8960_9216_8448_8704,MSAVI,65536,54434,0.0,54434.0,11102.0,medium,0.830596923828125,0.0,0.169403076171875
6339,8960_9216_8704_8960,MSAVI,65536,53242,36.0,53278.0,12258.0,medium,0.812408447265625,0.00054931640625,0.187042236328125
6340,8960_9216_8960_9216,MSAVI,65536,50371,2471.0,52842.0,12694.0,medium,0.7686004638671875,0.0377044677734375,0.193695068359375
6341,8960_9216_9216_9472,MSAVI,65536,52257,1196.0,53453.0,12083.0,medium,0.7973785400390625,0.01824951171875,0.1843719482421875
6342,8960_9216_9472_9728,MSAVI,65536,50568,3457.0,54025.0,11511.0,medium,0.7716064453125,0.0527496337890625,0.1756439208984375
6343,8960_9216_9728_9984,MSAVI,65536,46958,2628.0,49586.0,15950.0,medium,0.716522216796875,0.04010009765625,0.243377685546875
6344,8960_9216_9984_10240,MSAVI,65536,51664,892.0,52556.0,12980.0,medium,0.788330078125,0.01361083984375,0.19805908203125
6345,8960_9216_10240_10496,MSAVI,65536,49904,903.0,50807.0,14729.0,medium,0.761474609375,0.0137786865234375,0.2247467041015625
6346,8960_9216_10496_10752,MSAVI,65536,47828,1611.0,49439.0,16097.0,medium,0.72979736328125,0.0245819091796875,0.2456207275390625
6347,9216_9472_2560_2816,MSAVI,65536,41484,1990.0,43474.0,22062.0,medium,0.63299560546875,0.030364990234375,0.336639404296875
6348,9216_9472_2816_3072,MSAVI,65536,41222,2291.0,43513.0,22023.0,medium,0.628997802734375,0.0349578857421875,0.3360443115234375
6349,9216_9472_3072_3328,MSAVI,65536,42208,3152.0,45360.0,20176.0,medium,0.64404296875,0.048095703125,0.307861328125
6350,9216_9472_3328_3584,MSAVI,65536,52278,282.0,52560.0,12976.0,medium,0.797698974609375,0.004302978515625,0.197998046875
6351,9216_9472_3584_3840,MSAVI,65536,44580,8422.0,53002.0,12534.0,medium,0.68023681640625,0.128509521484375,0.191253662109375
6352,9216_9472_3840_4096,MSAVI,65536,47216,4986.0,52202.0,13334.0,medium,0.720458984375,0.076080322265625,0.203460693359375
6353,9216_9472_4096_4352,MSAVI,65536,44463,3098.0,47561.0,17975.0,medium,0.6784515380859375,0.047271728515625,0.2742767333984375
6354,9216_9472_4352_4608,MSAVI,65536,46370,3933.0,50303.0,15233.0,medium,0.707550048828125,0.0600128173828125,0.2324371337890625
6355,9216_9472_4608_4864,MSAVI,65536,46773,3103.0,49876.0,15660.0,medium,0.7136993408203125,0.0473480224609375,0.23895263671875
6356,9216_9472_4864_5120,MSAVI,65536,49299,1552.0,50851.0,14685.0,medium,0.7522430419921875,0.023681640625,0.2240753173828125
6357,9216_9472_5120_5376,MSAVI,65536,50598,847.0,51445.0,14091.0,medium,0.772064208984375,0.0129241943359375,0.2150115966796875
6358,9216_9472_5376_5632,MSAVI,65536,52345,0.0,52345.0,13191.0,medium,0.7987213134765625,0.0,0.2012786865234375
6359,9216_9472_5632_5888,MSAVI,65536,48876,71.0,48947.0,16589.0,medium,0.74578857421875,0.0010833740234375,0.2531280517578125
6360,9216_9472_5888_6144,MSAVI,65536,42898,6289.0,49187.0,16349.0,medium,0.654571533203125,0.0959625244140625,0.2494659423828125
6361,9216_9472_6144_6400,MSAVI,65536,42080,2042.0,44122.0,21414.0,medium,0.64208984375,0.031158447265625,0.326751708984375
6362,9216_9472_6400_6656,MSAVI,65536,39630,1353.0,40983.0,24553.0,medium,0.604705810546875,0.0206451416015625,0.3746490478515625
6363,9216_9472_6656_6912,MSAVI,65536,34148,8286.0,42434.0,23102.0,medium,0.52105712890625,0.126434326171875,0.352508544921875
6364,9216_9472_6912_7168,MSAVI,65536,36066,5245.0,41311.0,24225.0,medium,0.550323486328125,0.0800323486328125,0.3696441650390625
6365,9216_9472_7168_7424,MSAVI,65536,38406,1415.0,39821.0,25715.0,medium,0.586029052734375,0.0215911865234375,0.3923797607421875
6366,9216_9472_7424_7680,MSAVI,65536,43444,7216.0,50660.0,14876.0,medium,0.66290283203125,0.110107421875,0.22698974609375
6367,9216_9472_7680_7936,MSAVI,65536,43617,2866.0,46483.0,19053.0,medium,0.6655426025390625,0.043731689453125,0.2907257080078125
6368,9216_9472_7936_8192,MSAVI,65536,46851,3459.0,50310.0,15226.0,medium,0.7148895263671875,0.0527801513671875,0.232330322265625
6369,9216_9472_8192_8448,MSAVI,65536,53274,6084.0,59358.0,6178.0,medium,0.812896728515625,0.09283447265625,0.094268798828125
6370,9216_9472_8448_8704,MSAVI,65536,54306,1412.0,55718.0,9818.0,medium,0.828643798828125,0.02154541015625,0.149810791015625
6371,9216_9472_8704_8960,MSAVI,65536,54955,1750.0,56705.0,8831.0,medium,0.8385467529296875,0.026702880859375,0.1347503662109375
6372,9216_9472_8960_9216,MSAVI,65536,49494,2031.0,51525.0,14011.0,medium,0.755218505859375,0.0309906005859375,0.2137908935546875
6373,9216_9472_9216_9472,MSAVI,65536,51779,415.0,52194.0,13342.0,medium,0.7900848388671875,0.0063323974609375,0.203582763671875
6374,9216_9472_9472_9728,MSAVI,65536,49772,3156.0,52928.0,12608.0,medium,0.75946044921875,0.04815673828125,0.1923828125
6375,9216_9472_9728_9984,MSAVI,65536,49976,0.0,49976.0,15560.0,medium,0.7625732421875,0.0,0.2374267578125
6376,9216_9472_9984_10240,MSAVI,65536,52433,505.0,52938.0,12598.0,medium,0.8000640869140625,0.0077056884765625,0.192230224609375
6377,9216_9472_10240_10496,MSAVI,65536,50177,502.0,50679.0,14857.0,medium,0.7656402587890625,0.007659912109375,0.2266998291015625
6378,9472_9728_2560_2816,MSAVI,65536,38547,5398.0,43945.0,21591.0,medium,0.5881805419921875,0.082366943359375,0.3294525146484375
6379,9472_9728_2816_3072,MSAVI,65536,42908,6532.0,49440.0,16096.0,medium,0.65472412109375,0.09967041015625,0.24560546875
6380,9472_9728_3072_3328,MSAVI,65536,42630,2294.0,44924.0,20612.0,medium,0.650482177734375,0.035003662109375,0.31451416015625
6381,9472_9728_3328_3584,MSAVI,65536,46483,2907.0,49390.0,16146.0,medium,0.7092742919921875,0.0443572998046875,0.246368408203125
6382,9472_9728_3584_3840,MSAVI,65536,42769,3128.0,45897.0,19639.0,medium,0.6526031494140625,0.0477294921875,0.2996673583984375
6383,9472_9728_3840_4096,MSAVI,65536,41432,1505.0,42937.0,22599.0,medium,0.6322021484375,0.0229644775390625,0.3448333740234375
6384,9472_9728_4096_4352,MSAVI,65536,46233,2660.0,48893.0,16643.0,medium,0.7054595947265625,0.04058837890625,0.2539520263671875
6385,9472_9728_4352_4608,MSAVI,65536,43525,8888.0,52413.0,13123.0,medium,0.6641387939453125,0.1356201171875,0.2002410888671875
6386,9472_9728_4608_4864,MSAVI,65536,47263,6669.0,53932.0,11604.0,medium,0.7211761474609375,0.1017608642578125,0.17706298828125
6387,9472_9728_4864_5120,MSAVI,65536,45052,4153.0,49205.0,16331.0,medium,0.68743896484375,0.0633697509765625,0.2491912841796875
6388,9472_9728_5120_5376,MSAVI,65536,48259,3473.0,51732.0,13804.0,medium,0.7363739013671875,0.0529937744140625,0.21063232421875
6389,9472_9728_5376_5632,MSAVI,65536,50255,770.0,51025.0,14511.0,medium,0.7668304443359375,0.011749267578125,0.2214202880859375
6390,9472_9728_5632_5888,MSAVI,65536,48818,5664.0,54482.0,11054.0,medium,0.744903564453125,0.08642578125,0.168670654296875
6391,9472_9728_5888_6144,MSAVI,65536,46337,8156.0,54493.0,11043.0,medium,0.7070465087890625,0.12445068359375,0.1685028076171875
6392,9472_9728_6144_6400,MSAVI,65536,44664,2648.0,47312.0,18224.0,medium,0.6815185546875,0.0404052734375,0.278076171875
6393,9472_9728_6400_6656,MSAVI,65536,39213,758.0,39971.0,25565.0,medium,0.5983428955078125,0.011566162109375,0.3900909423828125
6394,9472_9728_6656_6912,MSAVI,65536,37461,4893.0,42354.0,23182.0,medium,0.5716094970703125,0.0746612548828125,0.353729248046875
6395,9472_9728_6912_7168,MSAVI,65536,42270,6969.0,49239.0,16297.0,medium,0.644989013671875,0.1063385009765625,0.2486724853515625
6396,9472_9728_7168_7424,MSAVI,65536,37822,7489.0,45311.0,20225.0,medium,0.577117919921875,0.1142730712890625,0.3086090087890625
6397,9472_9728_7424_7680,MSAVI,65536,43905,2757.0,46662.0,18874.0,medium,0.6699371337890625,0.0420684814453125,0.287994384765625
6398,9472_9728_7680_7936,MSAVI,65536,42512,1842.0,44354.0,21182.0,medium,0.648681640625,0.028106689453125,0.323211669921875
6399,9472_9728_7936_8192,MSAVI,65536,42624,2578.0,45202.0,20334.0,medium,0.650390625,0.039337158203125,0.310272216796875
6400,9472_9728_8192_8448,MSAVI,65536,43777,2854.0,46631.0,18905.0,medium,0.6679840087890625,0.043548583984375,0.2884674072265625
6401,9472_9728_8448_8704,MSAVI,65536,48377,1017.0,49394.0,16142.0,medium,0.7381744384765625,0.0155181884765625,0.246307373046875
6402,9472_9728_8704_8960,MSAVI,65536,51878,2779.0,54657.0,10879.0,medium,0.791595458984375,0.0424041748046875,0.1660003662109375
6403,9472_9728_8960_9216,MSAVI,65536,51539,1265.0,52804.0,12732.0,medium,0.7864227294921875,0.0193023681640625,0.19427490234375
6404,9472_9728_9216_9472,MSAVI,65536,49615,432.0,50047.0,15489.0,medium,0.7570648193359375,0.006591796875,0.2363433837890625
6405,9472_9728_9472_9728,MSAVI,65536,46944,858.0,47802.0,17734.0,medium,0.71630859375,0.013092041015625,0.270599365234375
6406,9472_9728_9728_9984,MSAVI,65536,49020,1038.0,50058.0,15478.0,medium,0.74798583984375,0.015838623046875,0.236175537109375
6407,9472_9728_9984_10240,MSAVI,65536,53055,112.0,53167.0,12369.0,medium,0.8095550537109375,0.001708984375,0.1887359619140625
6408,9728_9984_2816_3072,MSAVI,65536,44068,2175.0,46243.0,19293.0,medium,0.67242431640625,0.0331878662109375,0.2943878173828125
6409,9728_9984_3072_3328,MSAVI,65536,46786,4206.0,50992.0,14544.0,medium,0.713897705078125,0.064178466796875,0.221923828125
6410,9728_9984_3328_3584,MSAVI,65536,42735,8042.0,50777.0,14759.0,medium,0.6520843505859375,0.122711181640625,0.2252044677734375
6411,9728_9984_3584_3840,MSAVI,65536,45697,3701.0,49398.0,16138.0,medium,0.6972808837890625,0.0564727783203125,0.246246337890625
6412,9728_9984_3840_4096,MSAVI,65536,44408,192.0,44600.0,20936.0,medium,0.6776123046875,0.0029296875,0.3194580078125
6413,9728_9984_4096_4352,MSAVI,65536,46781,3676.0,50457.0,15079.0,medium,0.7138214111328125,0.05609130859375,0.2300872802734375
6414,9728_9984_4352_4608,MSAVI,65536,50196,2489.0,52685.0,12851.0,medium,0.76593017578125,0.0379791259765625,0.1960906982421875
6415,9728_9984_4608_4864,MSAVI,65536,46902,4101.0,51003.0,14533.0,medium,0.715667724609375,0.0625762939453125,0.2217559814453125
6416,9728_9984_4864_5120,MSAVI,65536,47218,1931.0,49149.0,16387.0,medium,0.720489501953125,0.0294647216796875,0.2500457763671875
6417,9728_9984_5120_5376,MSAVI,65536,50427,1694.0,52121.0,13415.0,medium,0.7694549560546875,0.025848388671875,0.2046966552734375
6418,9728_9984_5376_5632,MSAVI,65536,45624,5210.0,50834.0,14702.0,medium,0.6961669921875,0.079498291015625,0.224334716796875
6419,9728_9984_5632_5888,MSAVI,65536,43951,4623.0,48574.0,16962.0,medium,0.6706390380859375,0.0705413818359375,0.258819580078125
6420,9728_9984_5888_6144,MSAVI,65536,47405,5813.0,53218.0,12318.0,medium,0.7233428955078125,0.0886993408203125,0.187957763671875
6421,9728_9984_6144_6400,MSAVI,65536,43930,118.0,44048.0,21488.0,medium,0.670318603515625,0.001800537109375,0.327880859375
6422,9728_9984_6400_6656,MSAVI,65536,40078,1242.0,41320.0,24216.0,medium,0.611541748046875,0.018951416015625,0.3695068359375
6423,9728_9984_6656_6912,MSAVI,65536,36501,4878.0,41379.0,24157.0,medium,0.5569610595703125,0.074432373046875,0.3686065673828125
6424,9728_9984_6912_7168,MSAVI,65536,37676,7025.0,44701.0,20835.0,medium,0.57489013671875,0.1071929931640625,0.3179168701171875
6425,9728_9984_7168_7424,MSAVI,65536,49295,9883.0,59178.0,6358.0,medium,0.7521820068359375,0.1508026123046875,0.097015380859375
6426,9728_9984_7424_7680,MSAVI,65536,41272,5085.0,46357.0,19179.0,medium,0.6297607421875,0.0775909423828125,0.2926483154296875
6427,9728_9984_7680_7936,MSAVI,65536,43626,536.0,44162.0,21374.0,medium,0.665679931640625,0.0081787109375,0.326141357421875
6428,9728_9984_7936_8192,MSAVI,65536,41223,2353.0,43576.0,21960.0,medium,0.6290130615234375,0.0359039306640625,0.3350830078125
6429,9728_9984_8192_8448,MSAVI,65536,44889,6067.0,50956.0,14580.0,medium,0.6849517822265625,0.0925750732421875,0.22247314453125
6430,9728_9984_8448_8704,MSAVI,65536,42753,4745.0,47498.0,18038.0,medium,0.6523590087890625,0.0724029541015625,0.275238037109375
6431,9728_9984_8704_8960,MSAVI,65536,48777,114.0,48891.0,16645.0,medium,0.7442779541015625,0.001739501953125,0.2539825439453125
6432,9728_9984_8960_9216,MSAVI,65536,48314,1059.0,49373.0,16163.0,medium,0.737213134765625,0.0161590576171875,0.2466278076171875
6433,9728_9984_9216_9472,MSAVI,65536,48879,2571.0,51450.0,14086.0,medium,0.7458343505859375,0.0392303466796875,0.214935302734375
6434,9728_9984_9472_9728,MSAVI,65536,44046,556.0,44602.0,20934.0,medium,0.672088623046875,0.00848388671875,0.319427490234375
6435,9984_10240_2816_3072,MSAVI,65536,42459,2257.0,44716.0,20820.0,medium,0.6478729248046875,0.0344390869140625,0.31768798828125
6436,9984_10240_3072_3328,MSAVI,65536,42225,2831.0,45056.0,20480.0,medium,0.6443023681640625,0.0431976318359375,0.3125
6437,9984_10240_3328_3584,MSAVI,65536,41981,8732.0,50713.0,14823.0,medium,0.6405792236328125,0.13323974609375,0.2261810302734375
6438,9984_10240_3584_3840,MSAVI,65536,52689,6273.0,58962.0,6574.0,medium,0.8039703369140625,0.0957183837890625,0.100311279296875
6439,9984_10240_3840_4096,MSAVI,65536,48261,1582.0,49843.0,15693.0,medium,0.7364044189453125,0.024139404296875,0.2394561767578125
6440,9984_10240_4096_4352,MSAVI,65536,48027,460.0,48487.0,17049.0,medium,0.7328338623046875,0.00701904296875,0.2601470947265625
6441,9984_10240_4352_4608,MSAVI,65536,44577,11240.0,55817.0,9719.0,medium,0.6801910400390625,0.1715087890625,0.1483001708984375
6442,9984_10240_4608_4864,MSAVI,65536,42371,6125.0,48496.0,17040.0,medium,0.6465301513671875,0.0934600830078125,0.260009765625
6443,9984_10240_4864_5120,MSAVI,65536,44743,2788.0,47531.0,18005.0,medium,0.6827239990234375,0.04254150390625,0.2747344970703125
6444,9984_10240_5120_5376,MSAVI,65536,45121,9700.0,54821.0,10715.0,medium,0.6884918212890625,0.14801025390625,0.1634979248046875
6445,9984_10240_5376_5632,MSAVI,65536,46940,3605.0,50545.0,14991.0,medium,0.71624755859375,0.0550079345703125,0.2287445068359375
6446,9984_10240_5632_5888,MSAVI,65536,43489,5776.0,49265.0,16271.0,medium,0.6635894775390625,0.088134765625,0.2482757568359375
6447,9984_10240_5888_6144,MSAVI,65536,42457,3622.0,46079.0,19457.0,medium,0.6478424072265625,0.055267333984375,0.2968902587890625
6448,9984_10240_6144_6400,MSAVI,65536,44047,1033.0,45080.0,20456.0,medium,0.6721038818359375,0.0157623291015625,0.3121337890625
6449,9984_10240_6400_6656,MSAVI,65536,44088,1086.0,45174.0,20362.0,medium,0.6727294921875,0.016571044921875,0.310699462890625
6450,9984_10240_6656_6912,MSAVI,65536,38511,3198.0,41709.0,23827.0,medium,0.5876312255859375,0.048797607421875,0.3635711669921875
6451,9984_10240_6912_7168,MSAVI,65536,37467,7692.0,45159.0,20377.0,medium,0.5717010498046875,0.11737060546875,0.3109283447265625
6452,9984_10240_7168_7424,MSAVI,65536,40407,8135.0,48542.0,16994.0,medium,0.6165618896484375,0.1241302490234375,0.259307861328125
6453,9984_10240_7424_7680,MSAVI,65536,50155,6519.0,56674.0,8862.0,medium,0.7653045654296875,0.0994720458984375,0.135223388671875
6454,9984_10240_7680_7936,MSAVI,65536,43281,905.0,44186.0,21350.0,medium,0.6604156494140625,0.0138092041015625,0.325775146484375
6455,9984_10240_7936_8192,MSAVI,65536,41613,1226.0,42839.0,22697.0,medium,0.6349639892578125,0.018707275390625,0.3463287353515625
6456,9984_10240_8192_8448,MSAVI,65536,44145,4438.0,48583.0,16953.0,medium,0.6735992431640625,0.067718505859375,0.2586822509765625
6457,9984_10240_8448_8704,MSAVI,65536,41582,2593.0,44175.0,21361.0,medium,0.634490966796875,0.0395660400390625,0.3259429931640625
6458,9984_10240_8704_8960,MSAVI,65536,43292,1839.0,45131.0,20405.0,medium,0.66058349609375,0.0280609130859375,0.3113555908203125
6459,9984_10240_8960_9216,MSAVI,65536,51455,110.0,51565.0,13971.0,medium,0.7851409912109375,0.001678466796875,0.2131805419921875
6460,10240_10496_3072_3328,MSAVI,65536,44671,7581.0,52252.0,13284.0,medium,0.6816253662109375,0.1156768798828125,0.20269775390625
6461,10240_10496_3328_3584,MSAVI,65536,45005,5667.0,50672.0,14864.0,medium,0.6867218017578125,0.0864715576171875,0.226806640625
6462,10240_10496_3584_3840,MSAVI,65536,44604,4680.0,49284.0,16252.0,medium,0.68060302734375,0.0714111328125,0.24798583984375
6463,10240_10496_3840_4096,MSAVI,65536,45223,6003.0,51226.0,14310.0,medium,0.6900482177734375,0.0915985107421875,0.218353271484375
6464,10240_10496_4096_4352,MSAVI,65536,46254,637.0,46891.0,18645.0,medium,0.705780029296875,0.0097198486328125,0.2845001220703125
6465,10240_10496_4352_4608,MSAVI,65536,44908,2551.0,47459.0,18077.0,medium,0.68524169921875,0.0389251708984375,0.2758331298828125
6466,10240_10496_4608_4864,MSAVI,65536,43693,2148.0,45841.0,19695.0,medium,0.6667022705078125,0.03277587890625,0.3005218505859375
6467,10240_10496_4864_5120,MSAVI,65536,46062,5001.0,51063.0,14473.0,medium,0.702850341796875,0.0763092041015625,0.2208404541015625
6468,10240_10496_5120_5376,MSAVI,65536,46548,870.0,47418.0,18118.0,medium,0.71026611328125,0.013275146484375,0.276458740234375
6469,10240_10496_5376_5632,MSAVI,65536,47481,969.0,48450.0,17086.0,medium,0.7245025634765625,0.0147857666015625,0.260711669921875
6470,10240_10496_5632_5888,MSAVI,65536,46672,1347.0,48019.0,17517.0,medium,0.712158203125,0.0205535888671875,0.2672882080078125
6471,10240_10496_5888_6144,MSAVI,65536,43175,3076.0,46251.0,19285.0,medium,0.6587982177734375,0.04693603515625,0.2942657470703125
6472,10240_10496_6144_6400,MSAVI,65536,44829,2352.0,47181.0,18355.0,medium,0.6840362548828125,0.035888671875,0.2800750732421875
6473,10240_10496_6400_6656,MSAVI,65536,39235,13728.0,52963.0,12573.0,medium,0.5986785888671875,0.20947265625,0.1918487548828125
6474,10240_10496_6656_6912,MSAVI,65536,39473,6940.0,46413.0,19123.0,medium,0.6023101806640625,0.10589599609375,0.2917938232421875
6475,10240_10496_6912_7168,MSAVI,65536,41574,2520.0,44094.0,21442.0,medium,0.634368896484375,0.0384521484375,0.327178955078125
6476,10240_10496_7168_7424,MSAVI,65536,40587,3496.0,44083.0,21453.0,medium,0.6193084716796875,0.0533447265625,0.3273468017578125
6477,10240_10496_7424_7680,MSAVI,65536,42753,9064.0,51817.0,13719.0,medium,0.6523590087890625,0.1383056640625,0.2093353271484375
6478,10240_10496_7680_7936,MSAVI,65536,48632,363.0,48995.0,16541.0,medium,0.7420654296875,0.0055389404296875,0.2523956298828125
6479,10240_10496_7936_8192,MSAVI,65536,44114,453.0,44567.0,20969.0,medium,0.673126220703125,0.0069122314453125,0.3199615478515625
6480,10240_10496_8192_8448,MSAVI,65536,41277,3050.0,44327.0,21209.0,medium,0.6298370361328125,0.046539306640625,0.3236236572265625
6481,10240_10496_8448_8704,MSAVI,65536,45133,7126.0,52259.0,13277.0,medium,0.6886749267578125,0.108734130859375,0.2025909423828125
6482,10240_10496_8704_8960,MSAVI,65486,44760,1401.0,46161.0,19325.0,medium,0.6835048712701951,0.021393885716030906,0.29510124301377394
6483,10496_10752_3072_3328,MSAVI,65307,46435,7105.0,53540.0,11767.0,medium,0.7110263830829773,0.1087938505826328,0.18017976633438987
6484,10496_10752_3328_3584,MSAVI,65536,51228,2310.0,53538.0,11998.0,medium,0.78167724609375,0.035247802734375,0.183074951171875
6485,10496_10752_3584_3840,MSAVI,65536,53717,2327.0,56044.0,9492.0,medium,0.8196563720703125,0.0355072021484375,0.14483642578125
6486,10496_10752_3840_4096,MSAVI,65536,51188,5044.0,56232.0,9304.0,medium,0.78106689453125,0.07696533203125,0.1419677734375
6487,10496_10752_4096_4352,MSAVI,65536,43523,4152.0,47675.0,17861.0,medium,0.6641082763671875,0.0633544921875,0.2725372314453125
6488,10496_10752_4352_4608,MSAVI,65536,47356,757.0,48113.0,17423.0,medium,0.72259521484375,0.0115509033203125,0.2658538818359375
6489,10496_10752_4608_4864,MSAVI,65536,48200,3384.0,51584.0,13952.0,medium,0.7354736328125,0.0516357421875,0.212890625
6490,10496_10752_4864_5120,MSAVI,65536,45323,5350.0,50673.0,14863.0,medium,0.6915740966796875,0.081634521484375,0.2267913818359375
6491,10496_10752_5120_5376,MSAVI,65536,45047,4246.0,49293.0,16243.0,medium,0.6873626708984375,0.064788818359375,0.2478485107421875
6492,10496_10752_5376_5632,MSAVI,65536,49531,1942.0,51473.0,14063.0,medium,0.7557830810546875,0.029632568359375,0.2145843505859375
6493,10496_10752_5632_5888,MSAVI,65536,48567,847.0,49414.0,16122.0,medium,0.7410736083984375,0.0129241943359375,0.246002197265625
6494,10496_10752_5888_6144,MSAVI,65536,40515,4679.0,45194.0,20342.0,medium,0.6182098388671875,0.0713958740234375,0.310394287109375
6495,10496_10752_6144_6400,MSAVI,65536,44289,10271.0,54560.0,10976.0,medium,0.6757965087890625,0.1567230224609375,0.16748046875
6496,10496_10752_6400_6656,MSAVI,65536,44546,9033.0,53579.0,11957.0,medium,0.679718017578125,0.1378326416015625,0.1824493408203125
6497,10496_10752_6656_6912,MSAVI,65536,45163,1739.0,46902.0,18634.0,medium,0.6891326904296875,0.0265350341796875,0.284332275390625
6498,10496_10752_6912_7168,MSAVI,65536,47005,1742.0,48747.0,16789.0,medium,0.7172393798828125,0.026580810546875,0.2561798095703125
6499,10496_10752_7168_7424,MSAVI,65536,39030,7180.0,46210.0,19326.0,medium,0.595550537109375,0.10955810546875,0.294891357421875
6500,10496_10752_7424_7680,MSAVI,65536,40808,8024.0,48832.0,16704.0,medium,0.6226806640625,0.1224365234375,0.2548828125
6501,10496_10752_7680_7936,MSAVI,65536,45918,1693.0,47611.0,17925.0,medium,0.700653076171875,0.0258331298828125,0.2735137939453125
6502,10496_10752_7936_8192,MSAVI,65536,46686,3718.0,50404.0,15132.0,medium,0.712371826171875,0.056732177734375,0.23089599609375
6503,10496_10752_8192_8448,MSAVI,65536,44776,1620.0,46396.0,19140.0,medium,0.6832275390625,0.02471923828125,0.29205322265625
6504,10752_11008_3328_3584,MSAVI,65536,42926,2433.0,45359.0,20177.0,medium,0.654998779296875,0.0371246337890625,0.3078765869140625
6505,10752_11008_3584_3840,MSAVI,65536,46049,4015.0,50064.0,15472.0,medium,0.7026519775390625,0.0612640380859375,0.236083984375
6506,10752_11008_3840_4096,MSAVI,65536,53038,3593.0,56631.0,8905.0,medium,0.809295654296875,0.0548248291015625,0.1358795166015625
6507,10752_11008_4096_4352,MSAVI,65536,48840,6480.0,55320.0,10216.0,medium,0.7452392578125,0.098876953125,0.1558837890625
6508,10752_11008_4352_4608,MSAVI,65536,47897,219.0,48116.0,17420.0,medium,0.7308502197265625,0.0033416748046875,0.26580810546875
6509,10752_11008_4608_4864,MSAVI,65536,50917,142.0,51059.0,14477.0,medium,0.7769317626953125,0.002166748046875,0.2209014892578125
6510,10752_11008_4864_5120,MSAVI,65536,43605,6558.0,50163.0,15373.0,medium,0.6653594970703125,0.100067138671875,0.2345733642578125
6511,10752_11008_5120_5376,MSAVI,65536,40440,6574.0,47014.0,18522.0,medium,0.6170654296875,0.100311279296875,0.282623291015625
6512,10752_11008_5376_5632,MSAVI,65536,50959,1061.0,52020.0,13516.0,medium,0.7775726318359375,0.0161895751953125,0.20623779296875
6513,10752_11008_5632_5888,MSAVI,65536,47646,1220.0,48866.0,16670.0,medium,0.727020263671875,0.01861572265625,0.254364013671875
6514,10752_11008_5888_6144,MSAVI,65536,41601,5096.0,46697.0,18839.0,medium,0.6347808837890625,0.0777587890625,0.2874603271484375
6515,10752_11008_6144_6400,MSAVI,65536,40659,3412.0,44071.0,21465.0,medium,0.6204071044921875,0.05206298828125,0.3275299072265625
6516,10752_11008_6400_6656,MSAVI,65536,45150,4026.0,49176.0,16360.0,medium,0.688934326171875,0.061431884765625,0.2496337890625
6517,10752_11008_6656_6912,MSAVI,65536,45725,1016.0,46741.0,18795.0,medium,0.6977081298828125,0.0155029296875,0.2867889404296875
6518,10752_11008_6912_7168,MSAVI,65536,47195,1909.0,49104.0,16432.0,medium,0.7201385498046875,0.0291290283203125,0.250732421875
6519,10752_11008_7168_7424,MSAVI,65536,44325,4225.0,48550.0,16986.0,medium,0.6763458251953125,0.0644683837890625,0.259185791015625
6520,10752_11008_7424_7680,MSAVI,65536,39052,3826.0,42878.0,22658.0,medium,0.59588623046875,0.058380126953125,0.345733642578125
6521,10752_11008_7680_7936,MSAVI,65536,42608,1703.0,44311.0,21225.0,medium,0.650146484375,0.0259857177734375,0.3238677978515625
6522,11008_11264_3584_3840,MSAVI,65536,53751,5822.0,59573.0,5963.0,medium,0.8201751708984375,0.088836669921875,0.0909881591796875
6523,11008_11264_3840_4096,MSAVI,65536,53936,6503.0,60439.0,5097.0,medium,0.822998046875,0.0992279052734375,0.0777740478515625
6524,11008_11264_4096_4352,MSAVI,65536,42043,9428.0,51471.0,14065.0,medium,0.6415252685546875,0.14385986328125,0.2146148681640625
6525,11008_11264_4352_4608,MSAVI,65536,45585,3532.0,49117.0,16419.0,medium,0.6955718994140625,0.05389404296875,0.2505340576171875
6526,11008_11264_4608_4864,MSAVI,65536,44825,702.0,45527.0,20009.0,medium,0.6839752197265625,0.010711669921875,0.3053131103515625
6527,11008_11264_4864_5120,MSAVI,65536,53292,2137.0,55429.0,10107.0,medium,0.81317138671875,0.0326080322265625,0.1542205810546875
6528,11008_11264_5120_5376,MSAVI,65536,51556,7201.0,58757.0,6779.0,medium,0.78668212890625,0.1098785400390625,0.1034393310546875
6529,11008_11264_5376_5632,MSAVI,65536,41952,9171.0,51123.0,14413.0,medium,0.64013671875,0.1399383544921875,0.2199249267578125
6530,11008_11264_5632_5888,MSAVI,65536,47661,4311.0,51972.0,13564.0,medium,0.7272491455078125,0.0657806396484375,0.20697021484375
6531,11008_11264_5888_6144,MSAVI,65536,44818,1379.0,46197.0,19339.0,medium,0.683868408203125,0.0210418701171875,0.2950897216796875
6532,11008_11264_6144_6400,MSAVI,65536,47261,4235.0,51496.0,14040.0,medium,0.7211456298828125,0.0646209716796875,0.2142333984375
6533,11008_11264_6400_6656,MSAVI,65536,45072,2891.0,47963.0,17573.0,medium,0.687744140625,0.0441131591796875,0.2681427001953125
6534,11008_11264_6656_6912,MSAVI,65536,47705,1463.0,49168.0,16368.0,medium,0.7279205322265625,0.0223236083984375,0.249755859375
6535,11008_11264_6912_7168,MSAVI,65536,42259,5147.0,47406.0,18130.0,medium,0.6448211669921875,0.0785369873046875,0.276641845703125
6536,11008_11264_7168_7424,MSAVI,65536,43640,4641.0,48281.0,17255.0,medium,0.6658935546875,0.0708160400390625,0.2632904052734375
6537,11264_11520_3584_3840,MSAVI,65536,44140,6863.0,51003.0,14533.0,medium,0.67352294921875,0.1047210693359375,0.2217559814453125
6538,11264_11520_3840_4096,MSAVI,65536,38855,11415.0,50270.0,15266.0,medium,0.5928802490234375,0.1741790771484375,0.232940673828125
6539,11264_11520_4096_4352,MSAVI,65536,41816,8800.0,50616.0,14920.0,medium,0.6380615234375,0.13427734375,0.2276611328125
6540,11264_11520_4352_4608,MSAVI,65536,43794,11846.0,55640.0,9896.0,medium,0.668243408203125,0.180755615234375,0.1510009765625
6541,11264_11520_4608_4864,MSAVI,65536,43702,1020.0,44722.0,20814.0,medium,0.666839599609375,0.01556396484375,0.317596435546875
6542,11264_11520_4864_5120,MSAVI,65536,50622,2176.0,52798.0,12738.0,medium,0.772430419921875,0.033203125,0.194366455078125
6543,11264_11520_5120_5376,MSAVI,65536,48091,6580.0,54671.0,10865.0,medium,0.7338104248046875,0.10040283203125,0.1657867431640625
6544,11264_11520_5376_5632,MSAVI,65536,41368,8823.0,50191.0,15345.0,medium,0.6312255859375,0.1346282958984375,0.2341461181640625
6545,11264_11520_5632_5888,MSAVI,65536,45309,2691.0,48000.0,17536.0,medium,0.6913604736328125,0.0410614013671875,0.267578125
6546,11264_11520_5888_6144,MSAVI,65536,46018,2680.0,48698.0,16838.0,medium,0.702178955078125,0.0408935546875,0.256927490234375
6547,11264_11520_6144_6400,MSAVI,65536,46150,936.0,47086.0,18450.0,medium,0.704193115234375,0.0142822265625,0.281524658203125
6548,11264_11520_6400_6656,MSAVI,65536,43072,6700.0,49772.0,15764.0,medium,0.6572265625,0.10223388671875,0.24053955078125
6549,11264_11520_6656_6912,MSAVI,65536,46434,1800.0,48234.0,17302.0,medium,0.708526611328125,0.0274658203125,0.264007568359375
6550,11264_11520_6912_7168,MSAVI,65536,47846,1860.0,49706.0,15830.0,medium,0.730072021484375,0.02838134765625,0.241546630859375
6551,11520_11776_3840_4096,MSAVI,65536,44009,6164.0,50173.0,15363.0,medium,0.6715240478515625,0.09405517578125,0.2344207763671875
6552,11520_11776_4096_4352,MSAVI,65536,40392,9750.0,50142.0,15394.0,medium,0.6163330078125,0.148773193359375,0.234893798828125
6553,11520_11776_4352_4608,MSAVI,65536,40506,8881.0,49387.0,16149.0,medium,0.618072509765625,0.1355133056640625,0.2464141845703125
6554,11520_11776_4608_4864,MSAVI,65536,49594,7805.0,57399.0,8137.0,medium,0.756744384765625,0.1190948486328125,0.1241607666015625
6555,11520_11776_4864_5120,MSAVI,65536,47807,6334.0,54141.0,11395.0,medium,0.7294769287109375,0.096649169921875,0.1738739013671875
6556,11520_11776_5120_5376,MSAVI,65536,50865,701.0,51566.0,13970.0,medium,0.7761383056640625,0.0106964111328125,0.213165283203125
6557,11520_11776_5376_5632,MSAVI,65536,54919,5113.0,60032.0,5504.0,medium,0.8379974365234375,0.0780181884765625,0.083984375
6558,11520_11776_5632_5888,MSAVI,65536,49803,7768.0,57571.0,7965.0,medium,0.7599334716796875,0.1185302734375,0.1215362548828125
6559,11520_11776_5888_6144,MSAVI,65536,49459,146.0,49605.0,15931.0,medium,0.7546844482421875,0.002227783203125,0.2430877685546875
6560,11520_11776_6144_6400,MSAVI,65536,40439,5638.0,46077.0,19459.0,medium,0.6170501708984375,0.086029052734375,0.2969207763671875
6561,11520_11776_6400_6656,MSAVI,65536,43535,2701.0,46236.0,19300.0,medium,0.6642913818359375,0.0412139892578125,0.29449462890625
6562,11776_12032_3840_4096,MSAVI,65536,45954,7075.0,53029.0,12507.0,medium,0.701202392578125,0.1079559326171875,0.1908416748046875
6563,11776_12032_4096_4352,MSAVI,65536,43844,8246.0,52090.0,13446.0,medium,0.66900634765625,0.125823974609375,0.205169677734375
6564,11776_12032_4352_4608,MSAVI,65536,55658,2461.0,58119.0,7417.0,medium,0.849273681640625,0.0375518798828125,0.1131744384765625
6565,11776_12032_4608_4864,MSAVI,65536,48330,2656.0,50986.0,14550.0,medium,0.737457275390625,0.04052734375,0.222015380859375
6566,11776_12032_4864_5120,MSAVI,65536,49864,741.0,50605.0,14931.0,medium,0.7608642578125,0.0113067626953125,0.2278289794921875
6567,11776_12032_5120_5376,MSAVI,65536,53388,2283.0,55671.0,9865.0,medium,0.81463623046875,0.0348358154296875,0.1505279541015625
6568,11776_12032_5376_5632,MSAVI,65536,52528,5522.0,58050.0,7486.0,medium,0.801513671875,0.084259033203125,0.114227294921875
6569,11776_12032_5632_5888,MSAVI,65536,53257,4912.0,58169.0,7367.0,medium,0.8126373291015625,0.074951171875,0.1124114990234375
6570,11776_12032_5888_6144,MSAVI,65536,48241,7641.0,55882.0,9654.0,medium,0.7360992431640625,0.1165924072265625,0.147308349609375
6571,12032_12288_4096_4352,MSAVI,65536,47674,4176.0,51850.0,13686.0,medium,0.727447509765625,0.063720703125,0.208831787109375
6572,12032_12288_4352_4608,MSAVI,65536,47513,5036.0,52549.0,12987.0,medium,0.7249908447265625,0.07684326171875,0.1981658935546875
6573,12032_12288_4608_4864,MSAVI,65536,43902,6441.0,50343.0,15193.0,medium,0.669891357421875,0.0982818603515625,0.2318267822265625
6574,12032_12288_4864_5120,MSAVI,65536,39905,4050.0,43955.0,21581.0,medium,0.6089019775390625,0.061798095703125,0.3292999267578125
6575,12032_12288_5120_5376,MSAVI,65536,48696,3633.0,52329.0,13207.0,medium,0.7430419921875,0.0554351806640625,0.2015228271484375
6576,12032_12288_5376_5632,MSAVI,65536,46875,2047.0,48922.0,16614.0,medium,0.7152557373046875,0.0312347412109375,0.253509521484375
6577,12032_12288_5632_5888,MSAVI,65414,45858,1895.0,47753.0,17661.0,medium,0.7010425902711958,0.028969333781759258,0.269988075947045
6578,12288_12544_4352_4608,MSAVI,65536,46503,1744.0,48247.0,17289.0,medium,0.7095794677734375,0.026611328125,0.2638092041015625
6579,12288_12544_4608_4864,MSAVI,65536,48999,4178.0,53177.0,12359.0,medium,0.7476654052734375,0.063751220703125,0.1885833740234375
6580,12288_12544_4864_5120,MSAVI,65536,48807,4639.0,53446.0,12090.0,medium,0.7447357177734375,0.0707855224609375,0.184478759765625
6581,12288_12544_5120_5376,MSAVI,65536,45144,389.0,45533.0,20003.0,medium,0.6888427734375,0.0059356689453125,0.3052215576171875
6582,12544_12800_4608_4864,MSAVI,65536,38912,4161.0,43073.0,22463.0,medium,0.59375,0.0634918212890625,0.3427581787109375
